Game Number,Game ID,Season,Season Year,"Game Type (Pre-Season, Regular Season, Play-In, Playoffs, Conference Finals, Finals, Not applicable)",Round / Stage,Date,Day of Week,Start Time (Local),Team A,Team B,Home,Away,Home Score,Away Score,Total Points,Winning Margin,Winning Team,Losing Team,Result,Game Score,Period Format,Overtime,Home Q1 / Half 1,Away Q1 / Half 1,Home Q2 / Half 2,Away Q2 / Half 2,Home Q3,Away Q3,Home Q4,Away Q4,Home OT,Away OT,Venue,City / State,Attendance,Notable Players,A Succint one line game comment to summarise that game,Primary Data Source
1,NBL_2006_2007_36083,2006-2007,2006,Regular Season,Round 1,2006-09-20,Wednesday,19:40,Singapore Slingers,Adelaide 36ers,Singapore Slingers,Adelaide 36ers,98,91,189,7,Singapore Slingers,Adelaide 36ers,Home Win (98-91),98-91,Four 12-minute quarters (48 min),No,,,,,,,,,,,Singapore Indoor Stadium,Australia,,Singapore Slingers victory,Singapore Slingers defeated Adelaide 36ers 98-91 in Round 1 (2006-2007) at Singapore Indoor Stadium.,National Basketball League (NBL) Official Archive / nblR database
2,NBL_2006_2007_36085,2006-2007,2006,Regular Season,Round 1,2006-09-22,Friday,19:40,Perth Wildcats,Singapore Slingers,Perth Wildcats,Singapore Slingers,94,82,176,12,Perth Wildcats,Singapore Slingers,Home Win (94-82),94-82,Four 12-minute quarters (48 min),No,,,,,,,,,,,Challenge Stadium,Australia,,Perth Wildcats victory,Perth Wildcats defeated Singapore Slingers 94-82 in Round 1 (2006-2007) at Challenge Stadium.,National Basketball League (NBL) Official Archive / nblR database
3,NBL_2006_2007_36084,2006-2007,2006,Regular Season,Round 1,2006-09-22,Friday,20:00,Townsville Crocodiles,Sydney Kings,Townsville Crocodiles,Sydney Kings,117,103,220,14,Townsville Crocodiles,Sydney Kings,Home Win (117-103),117-103,Four 12-minute quarters (48 min),No,,,,,,,,,,,Townsville Entertainment Centre,Australia,,Townsville Crocodiles victory,Townsville Crocodiles defeated Sydney Kings 117-103 in Round 1 (2006-2007) at Townsville Entertainment Centre.,National Basketball League (NBL) Official Archive / nblR database
4,NBL_2006_2007_36086,2006-2007,2006,Regular Season,Round 1,2006-09-23,Saturday,19:40,Melbourne Tigers,Cairns Taipans,Melbourne Tigers,Cairns Taipans,94,86,180,8,Melbourne Tigers,Cairns Taipans,Home Win (94-86),94-86,Four 12-minute quarters (48 min),No,,,,,,,,,,,State Netball Hockey Centre,Australia,,Melbourne Tigers victory,Melbourne Tigers defeated Cairns Taipans 94-86 in Round 1 (2006-2007) at State Netball Hockey Centre.,National Basketball League (NBL) Official Archive / nblR database
5,NBL_2006_2007_36087,2006-2007,2006,Regular Season,Round 1,2006-09-24,Sunday,17:00,Sydney Kings,Brisbane Bullets,Sydney Kings,Brisbane Bullets,109,100,209,9,Sydney Kings,Brisbane Bullets,Home Win (109-100),109-100,Four 12-minute quarters (48 min),No,,,,,,,,,,,Sydney Entertainment Centre,Australia,,Sydney Kings victory,Sydney Kings defeated Brisbane Bullets 109-100 in Round 1 (2006-2007) at Sydney Entertainment Centre.,National Basketball League (NBL) Official Archive / nblR database
6,NBL_2006_2007_36088,2006-2007,2006,Regular Season,Round 1,2006-09-24,Sunday,17:00,Wollongong Hawks,Adelaide 36ers,Wollongong Hawks,Adelaide 36ers,85,89,174,4,Adelaide 36ers,Wollongong Hawks,Away Win (89-85),85-89,Four 12-minute quarters (48 min),No,,,,,,,,,,,WIN Entertainment Centre,Australia,,Adelaide 36ers victory,Adelaide 36ers defeated Wollongong Hawks 89-85 in Round 1 (2006-2007) at WIN Entertainment Centre.,National Basketball League (NBL) Official Archive / nblR database
7,NBL_2006_2007_36089,2006-2007,2006,Regular Season,Round 2,2006-09-26,Tuesday,19:40,New Zealand Breakers,South Dragons,New Zealand Breakers,South Dragons,112,106,218,6,New Zealand Breakers,South Dragons,Home Win (112-106),112-106,Four 12-minute quarters (48 min),No,,,,,,,,,,,North Shore Events Centre,Australia,,New Zealand Breakers victory,New Zealand Breakers defeated South Dragons 112-106 in Round 2 (2006-2007) at North Shore Events Centre.,National Basketball League (NBL) Official Archive / nblR database
8,NBL_2006_2007_36091,2006-2007,2006,Regular Season,Round 2,2006-09-27,Wednesday,19:10,Adelaide 36ers,Sydney Kings,Adelaide 36ers,Sydney Kings,115,122,237,7,Sydney Kings,Adelaide 36ers,Away Win (122-115),115-122,Four 12-minute quarters (48 min),No,,,,,,,,,,,Adelaide Arena,Australia,,Sydney Kings victory,Sydney Kings defeated Adelaide 36ers 122-115 in Round 2 (2006-2007) at Adelaide Arena.,National Basketball League (NBL) Official Archive / nblR database
9,NBL_2006_2007_36090,2006-2007,2006,Regular Season,Round 2,2006-09-27,Wednesday,19:40,Singapore Slingers,Perth Wildcats,Singapore Slingers,Perth Wildcats,100,109,209,9,Perth Wildcats,Singapore Slingers,Away Win (109-100),100-109,Four 12-minute quarters (48 min),No,,,,,,,,,,,Singapore Indoor Stadium,Australia,,Perth Wildcats victory,Perth Wildcats defeated Singapore Slingers 109-100 in Round 2 (2006-2007) at Singapore Indoor Stadium.,National Basketball League (NBL) Official Archive / nblR database
10,NBL_2006_2007_36092,2006-2007,2006,Regular Season,Round 2,2006-09-29,Friday,19:40,Cairns Taipans,Wollongong Hawks,Cairns Taipans,Wollongong Hawks,103,101,204,2,Cairns Taipans,Wollongong Hawks,Home Win (103-101),103-101,Four 12-minute quarters (48 min),No,,,,,,,,,,,Cairns Convention Centre,Australia,,Cairns Taipans victory,Cairns Taipans defeated Wollongong Hawks 103-101 in Round 2 (2006-2007) at Cairns Convention Centre.,National Basketball League (NBL) Official Archive / nblR database
11,NBL_2006_2007_36093,2006-2007,2006,Regular Season,Round 2,2006-09-29,Friday,19:40,Perth Wildcats,Adelaide 36ers,Perth Wildcats,Adelaide 36ers,119,84,203,35,Perth Wildcats,Adelaide 36ers,Home Win (119-84),119-84,Four 12-minute quarters (48 min),No,,,,,,,,,,,Challenge Stadium,Australia,,Perth Wildcats victory,Perth Wildcats defeated Adelaide 36ers 119-84 in Round 2 (2006-2007) at Challenge Stadium.,National Basketball League (NBL) Official Archive / nblR database
12,NBL_2006_2007_36094,2006-2007,2006,Regular Season,Round 2,2006-09-29,Friday,19:40,Sydney Kings,South Dragons,Sydney Kings,South Dragons,109,83,192,26,Sydney Kings,South Dragons,Home Win (109-83),109-83,Four 12-minute quarters (48 min),No,,,,,,,,,,,AIS Arena,Australia,,Sydney Kings victory,Sydney Kings defeated South Dragons 109-83 in Round 2 (2006-2007) at AIS Arena.,National Basketball League (NBL) Official Archive / nblR database
13,NBL_2006_2007_36095,2006-2007,2006,Regular Season,Round 3,2006-10-03,Tuesday,19:40,Brisbane Bullets,Melbourne Tigers,Brisbane Bullets,Melbourne Tigers,98,85,183,13,Brisbane Bullets,Melbourne Tigers,Home Win (98-85),98-85,Four 12-minute quarters (48 min),No,,,,,,,,,,,Brisbane Convention Centre,Australia,,Brisbane Bullets victory,Brisbane Bullets defeated Melbourne Tigers 98-85 in Round 3 (2006-2007) at Brisbane Convention Centre.,National Basketball League (NBL) Official Archive / nblR database
14,NBL_2006_2007_36096,2006-2007,2006,Regular Season,Round 3,2006-10-04,Wednesday,19:40,Perth Wildcats,Townsville Crocodiles,Perth Wildcats,Townsville Crocodiles,117,107,224,10,Perth Wildcats,Townsville Crocodiles,Home Win (117-107),117-107,Four 12-minute quarters (48 min),No,,,,,,,,,,,Challenge Stadium,Australia,,Perth Wildcats victory,Perth Wildcats defeated Townsville Crocodiles 117-107 in Round 3 (2006-2007) at Challenge Stadium.,National Basketball League (NBL) Official Archive / nblR database
15,NBL_2006_2007_36097,2006-2007,2006,Regular Season,Round 3,2006-10-04,Wednesday,19:40,West Sydney Razorbacks,Cairns Taipans,West Sydney Razorbacks,Cairns Taipans,84,101,185,17,Cairns Taipans,West Sydney Razorbacks,Away Win (101-84),84-101,Four 12-minute quarters (48 min),No,,,,,,,,,,,"State Sports Centre, Homebush",Australia,,Cairns Taipans victory,"Cairns Taipans defeated West Sydney Razorbacks 101-84 in Round 3 (2006-2007) at State Sports Centre, Homebush.",National Basketball League (NBL) Official Archive / nblR database
16,NBL_2006_2007_36098,2006-2007,2006,Regular Season,Round 3,2006-10-05,Thursday,19:40,New Zealand Breakers,Sydney Kings,New Zealand Breakers,Sydney Kings,94,99,193,5,Sydney Kings,New Zealand Breakers,Away Win (99-94),94-99,Four 12-minute quarters (48 min),No,,,,,,,,,,,North Shore Events Centre,Australia,,Sydney Kings victory,Sydney Kings defeated New Zealand Breakers 99-94 in Round 3 (2006-2007) at North Shore Events Centre.,National Basketball League (NBL) Official Archive / nblR database
17,NBL_2006_2007_36099,2006-2007,2006,Regular Season,Round 3,2006-10-06,Friday,19:40,Adelaide 36ers,Wollongong Hawks,Adelaide 36ers,Wollongong Hawks,103,113,216,10,Wollongong Hawks,Adelaide 36ers,Away Win (113-103),103-113,Four 12-minute quarters (48 min),No,,,,,,,,,,,Adelaide Arena,Australia,,Wollongong Hawks victory,Wollongong Hawks defeated Adelaide 36ers 113-103 in Round 3 (2006-2007) at Adelaide Arena.,National Basketball League (NBL) Official Archive / nblR database
18,NBL_2006_2007_36100,2006-2007,2006,Regular Season,Round 3,2006-10-07,Saturday,20:00,Townsville Crocodiles,Cairns Taipans,Townsville Crocodiles,Cairns Taipans,108,102,210,6,Townsville Crocodiles,Cairns Taipans,Home Win (108-102),108-102,Four 12-minute quarters (48 min),No,,,,,,,,,,,Townsville Entertainment Centre,Australia,,Townsville Crocodiles victory,Townsville Crocodiles defeated Cairns Taipans 108-102 in Round 3 (2006-2007) at Townsville Entertainment Centre.,National Basketball League (NBL) Official Archive / nblR database
19,NBL_2006_2007_36101,2006-2007,2006,Regular Season,Round 3,2006-10-08,Sunday,19:40,Wollongong Hawks,Melbourne Tigers,Wollongong Hawks,Melbourne Tigers,101,108,209,7,Melbourne Tigers,Wollongong Hawks,Away Win (108-101),101-108,Four 12-minute quarters (48 min),No,,,,,,,,,,,WIN Entertainment Centre,Australia,,Melbourne Tigers victory,Melbourne Tigers defeated Wollongong Hawks 108-101 in Round 3 (2006-2007) at WIN Entertainment Centre.,National Basketball League (NBL) Official Archive / nblR database
20,NBL_2006_2007_36102,2006-2007,2006,Regular Season,Round 4,2006-10-09,Monday,19:40,Singapore Slingers,West Sydney Razorbacks,Singapore Slingers,West Sydney Razorbacks,126,89,215,37,Singapore Slingers,West Sydney Razorbacks,Home Win (126-89),126-89,Four 12-minute quarters (48 min),No,,,,,,,,,,,Singapore Indoor Stadium,Australia,,Singapore Slingers victory,Singapore Slingers defeated West Sydney Razorbacks 126-89 in Round 4 (2006-2007) at Singapore Indoor Stadium.,National Basketball League (NBL) Official Archive / nblR database
21,NBL_2006_2007_36103,2006-2007,2006,Regular Season,Round 4,2006-10-11,Wednesday,18:40,Brisbane Bullets,Townsville Crocodiles,Brisbane Bullets,Townsville Crocodiles,123,104,227,19,Brisbane Bullets,Townsville Crocodiles,Home Win (123-104),123-104,Four 12-minute quarters (48 min),No,,,,,,,,,,,Brisbane Convention Centre,Australia,,Brisbane Bullets victory,Brisbane Bullets defeated Townsville Crocodiles 123-104 in Round 4 (2006-2007) at Brisbane Convention Centre.,National Basketball League (NBL) Official Archive / nblR database
22,NBL_2006_2007_36104,2006-2007,2006,Regular Season,Round 4,2006-10-12,Thursday,19:40,Singapore Slingers,Wollongong Hawks,Singapore Slingers,Wollongong Hawks,87,105,192,18,Wollongong Hawks,Singapore Slingers,Away Win (105-87),87-105,Four 12-minute quarters (48 min),No,,,,,,,,,,,Singapore Indoor Stadium,Australia,,Wollongong Hawks victory,Wollongong Hawks defeated Singapore Slingers 105-87 in Round 4 (2006-2007) at Singapore Indoor Stadium.,National Basketball League (NBL) Official Archive / nblR database
23,NBL_2006_2007_36105,2006-2007,2006,Regular Season,Round 4,2006-10-12,Thursday,19:40,New Zealand Breakers,Perth Wildcats,New Zealand Breakers,Perth Wildcats,88,105,193,17,Perth Wildcats,New Zealand Breakers,Away Win (105-88),88-105,Four 12-minute quarters (48 min),No,,,,,,,,,,,"Trusts Stadium, Waitakere",Australia,,Perth Wildcats victory,"Perth Wildcats defeated New Zealand Breakers 105-88 in Round 4 (2006-2007) at Trusts Stadium, Waitakere.",National Basketball League (NBL) Official Archive / nblR database
24,NBL_2006_2007_36106,2006-2007,2006,Regular Season,Round 4,2006-10-13,Friday,19:40,Adelaide 36ers,Brisbane Bullets,Adelaide 36ers,Brisbane Bullets,93,115,208,22,Brisbane Bullets,Adelaide 36ers,Away Win (115-93),93-115,Four 12-minute quarters (48 min),No,,,,,,,,,,,Adelaide Arena,Australia,,Brisbane Bullets victory,Brisbane Bullets defeated Adelaide 36ers 115-93 in Round 4 (2006-2007) at Adelaide Arena.,National Basketball League (NBL) Official Archive / nblR database
25,NBL_2006_2007_36107,2006-2007,2006,Regular Season,Round 4,2006-10-13,Friday,20:00,Townsville Crocodiles,Sydney Kings,Townsville Crocodiles,Sydney Kings,115,111,226,4,Townsville Crocodiles,Sydney Kings,Home Win (115-111),115-111,Four 12-minute quarters (48 min),No,,,,,,,,,,,Townsville Entertainment Centre,Australia,,Townsville Crocodiles victory,Townsville Crocodiles defeated Sydney Kings 115-111 in Round 4 (2006-2007) at Townsville Entertainment Centre.,National Basketball League (NBL) Official Archive / nblR database
26,NBL_2006_2007_36108,2006-2007,2006,Regular Season,Round 4,2006-10-14,Saturday,19:40,Cairns Taipans,Sydney Kings,Cairns Taipans,Sydney Kings,91,90,181,1,Cairns Taipans,Sydney Kings,Home Win (91-90),91-90,Four 12-minute quarters (48 min),No,,,,,,,,,,,Cairns Convention Centre,Australia,,Cairns Taipans victory,Cairns Taipans defeated Sydney Kings 91-90 in Round 4 (2006-2007) at Cairns Convention Centre.,National Basketball League (NBL) Official Archive / nblR database
27,NBL_2006_2007_36109,2006-2007,2006,Regular Season,Round 4,2006-10-14,Saturday,19:40,Melbourne Tigers,Singapore Slingers,Melbourne Tigers,Singapore Slingers,113,102,215,11,Melbourne Tigers,Singapore Slingers,Home Win (113-102),113-102,Four 12-minute quarters (48 min),No,,,,,,,,,,,State Netball Hockey Centre,Australia,,Melbourne Tigers victory,Melbourne Tigers defeated Singapore Slingers 113-102 in Round 4 (2006-2007) at State Netball Hockey Centre.,National Basketball League (NBL) Official Archive / nblR database
28,NBL_2006_2007_36110,2006-2007,2006,Regular Season,Round 4,2006-10-14,Saturday,19:40,West Sydney Razorbacks,New Zealand Breakers,West Sydney Razorbacks,New Zealand Breakers,104,97,201,7,West Sydney Razorbacks,New Zealand Breakers,Home Win (104-97),104-97,Four 12-minute quarters (48 min),No,,,,,,,,,,,"State Sports Centre, Homebush",Australia,,West Sydney Razorbacks victory,"West Sydney Razorbacks defeated New Zealand Breakers 104-97 in Round 4 (2006-2007) at State Sports Centre, Homebush.",National Basketball League (NBL) Official Archive / nblR database
29,NBL_2006_2007_36111,2006-2007,2006,Regular Season,Round 4,2006-10-14,Saturday,19:40,South Dragons,Wollongong Hawks,South Dragons,Wollongong Hawks,93,102,195,9,Wollongong Hawks,South Dragons,Away Win (102-93),93-102,Four 12-minute quarters (48 min),No,,,,,,,,,,,John Cain Arena,Australia,,Wollongong Hawks victory,Wollongong Hawks defeated South Dragons 102-93 in Round 4 (2006-2007) at John Cain Arena.,National Basketball League (NBL) Official Archive / nblR database
30,NBL_2006_2007_36112,2006-2007,2006,Regular Season,Round 4,2006-10-15,Sunday,18:40,Brisbane Bullets,Perth Wildcats,Brisbane Bullets,Perth Wildcats,87,90,177,3,Perth Wildcats,Brisbane Bullets,Away Win (90-87),87-90,Four 12-minute quarters (48 min),No,,,,,,,,,,,Brisbane Convention Centre,Australia,,Perth Wildcats victory,Perth Wildcats defeated Brisbane Bullets 90-87 in Round 4 (2006-2007) at Brisbane Convention Centre.,National Basketball League (NBL) Official Archive / nblR database
31,NBL_2006_2007_36113,2006-2007,2006,Regular Season,Round 5,2006-10-16,Monday,19:40,Wollongong Hawks,New Zealand Breakers,Wollongong Hawks,New Zealand Breakers,98,95,193,3,Wollongong Hawks,New Zealand Breakers,Home Win (98-95),98-95,Four 12-minute quarters (48 min),No,,,,,,,,,,,WIN Entertainment Centre,Australia,,Wollongong Hawks victory,Wollongong Hawks defeated New Zealand Breakers 98-95 in Round 5 (2006-2007) at WIN Entertainment Centre.,National Basketball League (NBL) Official Archive / nblR database
32,NBL_2006_2007_36114,2006-2007,2006,Regular Season,Round 5,2006-10-18,Wednesday,19:40,Singapore Slingers,South Dragons,Singapore Slingers,South Dragons,104,96,200,8,Singapore Slingers,South Dragons,Home Win (104-96),104-96,Four 12-minute quarters (48 min),No,,,,,,,,,,,Singapore Indoor Stadium,Australia,,Singapore Slingers victory,Singapore Slingers defeated South Dragons 104-96 in Round 5 (2006-2007) at Singapore Indoor Stadium.,National Basketball League (NBL) Official Archive / nblR database
33,NBL_2006_2007_36115,2006-2007,2006,Regular Season,Round 5,2006-10-18,Wednesday,19:40,Townsville Crocodiles,Perth Wildcats,Townsville Crocodiles,Perth Wildcats,96,86,182,10,Townsville Crocodiles,Perth Wildcats,Home Win (96-86),96-86,Four 12-minute quarters (48 min),No,,,,,,,,,,,Townsville Entertainment Centre,Australia,,Townsville Crocodiles victory,Townsville Crocodiles defeated Perth Wildcats 96-86 in Round 5 (2006-2007) at Townsville Entertainment Centre.,National Basketball League (NBL) Official Archive / nblR database
34,NBL_2006_2007_36116,2006-2007,2006,Regular Season,Round 5,2006-10-18,Wednesday,19:40,New Zealand Breakers,Brisbane Bullets,New Zealand Breakers,Brisbane Bullets,111,106,217,5,New Zealand Breakers,Brisbane Bullets,Home Win (111-106),111-106,Four 12-minute quarters (48 min),No,,,,,,,,,,,North Shore Events Centre,Australia,,New Zealand Breakers victory,New Zealand Breakers defeated Brisbane Bullets 111-106 in Round 5 (2006-2007) at North Shore Events Centre.,National Basketball League (NBL) Official Archive / nblR database
35,NBL_2006_2007_36117,2006-2007,2006,Regular Season,Round 5,2006-10-20,Friday,19:40,Adelaide 36ers,Townsville Crocodiles,Adelaide 36ers,Townsville Crocodiles,113,86,199,27,Adelaide 36ers,Townsville Crocodiles,Home Win (113-86),113-86,Four 12-minute quarters (48 min),No,,,,,,,,,,,Adelaide Arena,Australia,,Adelaide 36ers victory,Adelaide 36ers defeated Townsville Crocodiles 113-86 in Round 5 (2006-2007) at Adelaide Arena.,National Basketball League (NBL) Official Archive / nblR database
36,NBL_2006_2007_36118,2006-2007,2006,Regular Season,Round 5,2006-10-20,Friday,19:40,West Sydney Razorbacks,Singapore Slingers,West Sydney Razorbacks,Singapore Slingers,97,80,177,17,West Sydney Razorbacks,Singapore Slingers,Home Win (97-80),97-80,Four 12-minute quarters (48 min),No,,,,,,,,,,,"State Sports Centre, Homebush",Australia,,West Sydney Razorbacks victory,"West Sydney Razorbacks defeated Singapore Slingers 97-80 in Round 5 (2006-2007) at State Sports Centre, Homebush.",National Basketball League (NBL) Official Archive / nblR database
37,NBL_2006_2007_36119,2006-2007,2006,Regular Season,Round 5,2006-10-20,Friday,19:40,Wollongong Hawks,Brisbane Bullets,Wollongong Hawks,Brisbane Bullets,86,115,201,29,Brisbane Bullets,Wollongong Hawks,Away Win (115-86),86-115,Four 12-minute quarters (48 min),No,,,,,,,,,,,WIN Entertainment Centre,Australia,,Brisbane Bullets victory,Brisbane Bullets defeated Wollongong Hawks 115-86 in Round 5 (2006-2007) at WIN Entertainment Centre.,National Basketball League (NBL) Official Archive / nblR database
38,NBL_2006_2007_36122,2006-2007,2006,Regular Season,Round 5,2006-10-21,Saturday,19:30,Sydney Kings,West Sydney Razorbacks,Sydney Kings,West Sydney Razorbacks,142,99,241,43,Sydney Kings,West Sydney Razorbacks,Home Win (142-99),142-99,Four 12-minute quarters (48 min),No,,,,,,,,,,,Sydney Entertainment Centre,Australia,,Sydney Kings victory,Sydney Kings defeated West Sydney Razorbacks 142-99 in Round 5 (2006-2007) at Sydney Entertainment Centre.,National Basketball League (NBL) Official Archive / nblR database
39,NBL_2006_2007_36120,2006-2007,2006,Regular Season,Round 5,2006-10-21,Saturday,19:40,Cairns Taipans,Perth Wildcats,Cairns Taipans,Perth Wildcats,89,79,168,10,Cairns Taipans,Perth Wildcats,Home Win (89-79),89-79,Four 12-minute quarters (48 min),No,,,,,,,,,,,Cairns Convention Centre,Australia,,Cairns Taipans victory,Cairns Taipans defeated Perth Wildcats 89-79 in Round 5 (2006-2007) at Cairns Convention Centre.,National Basketball League (NBL) Official Archive / nblR database
40,NBL_2006_2007_36121,2006-2007,2006,Regular Season,Round 5,2006-10-21,Saturday,19:40,Melbourne Tigers,Adelaide 36ers,Melbourne Tigers,Adelaide 36ers,118,96,214,22,Melbourne Tigers,Adelaide 36ers,Home Win (118-96),118-96,Four 12-minute quarters (48 min),No,,,,,,,,,,,State Netball Hockey Centre,Australia,,Melbourne Tigers victory,Melbourne Tigers defeated Adelaide 36ers 118-96 in Round 5 (2006-2007) at State Netball Hockey Centre.,National Basketball League (NBL) Official Archive / nblR database
41,NBL_2006_2007_36123,2006-2007,2006,Regular Season,Round 5,2006-10-22,Sunday,18:00,South Dragons,Melbourne Tigers,South Dragons,Melbourne Tigers,108,128,236,20,Melbourne Tigers,South Dragons,Away Win (128-108),108-128,Four 12-minute quarters (48 min),No,,,,,,,,,,,John Cain Arena,Australia,,Melbourne Tigers victory,Melbourne Tigers defeated South Dragons 128-108 in Round 5 (2006-2007) at John Cain Arena.,National Basketball League (NBL) Official Archive / nblR database
42,NBL_2006_2007_36125,2006-2007,2006,Regular Season,Round 6,2006-10-25,Wednesday,19:10,Adelaide 36ers,South Dragons,Adelaide 36ers,South Dragons,103,88,191,15,Adelaide 36ers,South Dragons,Home Win (103-88),103-88,Four 12-minute quarters (48 min),No,,,,,,,,,,,Adelaide Arena,Australia,,Adelaide 36ers victory,Adelaide 36ers defeated South Dragons 103-88 in Round 6 (2006-2007) at Adelaide Arena.,National Basketball League (NBL) Official Archive / nblR database
43,NBL_2006_2007_36124,2006-2007,2006,Regular Season,Round 6,2006-10-25,Wednesday,19:40,Perth Wildcats,Melbourne Tigers,Perth Wildcats,Melbourne Tigers,99,97,196,2,Perth Wildcats,Melbourne Tigers,Home Win (99-97),99-97,Four 12-minute quarters (48 min),No,,,,,,,,,,,Challenge Stadium,Australia,,Perth Wildcats victory,Perth Wildcats defeated Melbourne Tigers 99-97 in Round 6 (2006-2007) at Challenge Stadium.,National Basketball League (NBL) Official Archive / nblR database
44,NBL_2006_2007_36126,2006-2007,2006,Regular Season,Round 6,2006-10-26,Thursday,19:40,Singapore Slingers,Cairns Taipans,Singapore Slingers,Cairns Taipans,98,102,200,4,Cairns Taipans,Singapore Slingers,Away Win (102-98),98-102,Four 12-minute quarters (48 min),No,,,,,,,,,,,Singapore Indoor Stadium,Australia,,Cairns Taipans victory,Cairns Taipans defeated Singapore Slingers 102-98 in Round 6 (2006-2007) at Singapore Indoor Stadium.,National Basketball League (NBL) Official Archive / nblR database
45,NBL_2006_2007_36127,2006-2007,2006,Regular Season,Round 6,2006-10-26,Thursday,19:40,New Zealand Breakers,Townsville Crocodiles,New Zealand Breakers,Townsville Crocodiles,126,127,253,1,Townsville Crocodiles,New Zealand Breakers,Away Win (127-126),126-127,Four 12-minute quarters (48 min),No,,,,,,,,,,,North Shore Events Centre,Australia,,Townsville Crocodiles victory,Townsville Crocodiles defeated New Zealand Breakers 127-126 in Round 6 (2006-2007) at North Shore Events Centre.,National Basketball League (NBL) Official Archive / nblR database
46,NBL_2006_2007_36128,2006-2007,2006,Regular Season,Round 6,2006-10-28,Saturday,19:40,Melbourne Tigers,Townsville Crocodiles,Melbourne Tigers,Townsville Crocodiles,98,83,181,15,Melbourne Tigers,Townsville Crocodiles,Home Win (98-83),98-83,Four 12-minute quarters (48 min),No,,,,,,,,,,,State Netball Hockey Centre,Australia,,Melbourne Tigers victory,Melbourne Tigers defeated Townsville Crocodiles 98-83 in Round 6 (2006-2007) at State Netball Hockey Centre.,National Basketball League (NBL) Official Archive / nblR database
47,NBL_2006_2007_36129,2006-2007,2006,Regular Season,Round 6,2006-10-28,Saturday,19:40,West Sydney Razorbacks,Brisbane Bullets,West Sydney Razorbacks,Brisbane Bullets,103,105,208,2,Brisbane Bullets,West Sydney Razorbacks,Away Win (105-103),103-105,Four 12-minute quarters (48 min),No,,,,,,,,,,,"State Sports Centre, Homebush",Australia,,Brisbane Bullets victory,"Brisbane Bullets defeated West Sydney Razorbacks 105-103 in Round 6 (2006-2007) at State Sports Centre, Homebush.",National Basketball League (NBL) Official Archive / nblR database
48,NBL_2006_2007_36130,2006-2007,2006,Regular Season,Round 6,2006-10-29,Sunday,18:00,South Dragons,Cairns Taipans,South Dragons,Cairns Taipans,96,86,182,10,South Dragons,Cairns Taipans,Home Win (96-86),96-86,Four 12-minute quarters (48 min),No,,,,,,,,,,,Ballarat Stadium,Australia,,South Dragons victory,South Dragons defeated Cairns Taipans 96-86 in Round 6 (2006-2007) at Ballarat Stadium.,National Basketball League (NBL) Official Archive / nblR database
49,NBL_2006_2007_36131,2006-2007,2006,Regular Season,Round 6,2006-10-29,Sunday,19:40,Singapore Slingers,Sydney Kings,Singapore Slingers,Sydney Kings,83,90,173,7,Sydney Kings,Singapore Slingers,Away Win (90-83),83-90,Four 12-minute quarters (48 min),No,,,,,,,,,,,Singapore Indoor Stadium,Australia,,Sydney Kings victory,Sydney Kings defeated Singapore Slingers 90-83 in Round 6 (2006-2007) at Singapore Indoor Stadium.,National Basketball League (NBL) Official Archive / nblR database
50,NBL_2006_2007_36133,2006-2007,2006,Regular Season,Round 7,2006-11-01,Wednesday,18:40,Townsville Crocodiles,South Dragons,Townsville Crocodiles,South Dragons,98,111,209,13,South Dragons,Townsville Crocodiles,Away Win (111-98),98-111,Four 12-minute quarters (48 min),No,,,,,,,,,,,Townsville Entertainment Centre,Australia,,South Dragons victory,South Dragons defeated Townsville Crocodiles 111-98 in Round 7 (2006-2007) at Townsville Entertainment Centre.,National Basketball League (NBL) Official Archive / nblR database
51,NBL_2006_2007_36132,2006-2007,2006,Regular Season,Round 7,2006-11-01,Wednesday,19:40,Perth Wildcats,Brisbane Bullets,Perth Wildcats,Brisbane Bullets,99,100,199,1,Brisbane Bullets,Perth Wildcats,Away Win (100-99),99-100,Four 12-minute quarters (48 min),No,,,,,,,,,,,Challenge Stadium,Australia,,Brisbane Bullets victory,Brisbane Bullets defeated Perth Wildcats 100-99 in Round 7 (2006-2007) at Challenge Stadium.,National Basketball League (NBL) Official Archive / nblR database
52,NBL_2006_2007_36134,2006-2007,2006,Regular Season,Round 7,2006-11-02,Thursday,19:00,New Zealand Breakers,Melbourne Tigers,New Zealand Breakers,Melbourne Tigers,118,97,215,21,New Zealand Breakers,Melbourne Tigers,Home Win (118-97),118-97,Four 12-minute quarters (48 min),No,,,,,,,,,,,North Shore Events Centre,Australia,,New Zealand Breakers victory,New Zealand Breakers defeated Melbourne Tigers 118-97 in Round 7 (2006-2007) at North Shore Events Centre.,National Basketball League (NBL) Official Archive / nblR database
53,NBL_2006_2007_36136,2006-2007,2006,Regular Season,Round 7,2006-11-03,Friday,19:30,Sydney Kings,Townsville Crocodiles,Sydney Kings,Townsville Crocodiles,116,97,213,19,Sydney Kings,Townsville Crocodiles,Home Win (116-97),116-97,Four 12-minute quarters (48 min),No,,,,,,,,,,,Sydney Entertainment Centre,Australia,,Sydney Kings victory,Sydney Kings defeated Townsville Crocodiles 116-97 in Round 7 (2006-2007) at Sydney Entertainment Centre.,National Basketball League (NBL) Official Archive / nblR database
54,NBL_2006_2007_36137,2006-2007,2006,Regular Season,Round 7,2006-11-03,Friday,19:40,South Dragons,Brisbane Bullets,South Dragons,Brisbane Bullets,95,111,206,16,Brisbane Bullets,South Dragons,Away Win (111-95),95-111,Four 12-minute quarters (48 min),No,,,,,,,,,,,John Cain Arena,Australia,,Brisbane Bullets victory,Brisbane Bullets defeated South Dragons 111-95 in Round 7 (2006-2007) at John Cain Arena.,National Basketball League (NBL) Official Archive / nblR database
55,NBL_2006_2007_36138,2006-2007,2006,Regular Season,Round 7,2006-11-03,Friday,19:40,Cairns Taipans,Singapore Slingers,Cairns Taipans,Singapore Slingers,98,90,188,8,Cairns Taipans,Singapore Slingers,Home Win (98-90),98-90,Four 12-minute quarters (48 min),No,,,,,,,,,,,Cairns Convention Centre,Australia,,Cairns Taipans victory,Cairns Taipans defeated Singapore Slingers 98-90 in Round 7 (2006-2007) at Cairns Convention Centre.,National Basketball League (NBL) Official Archive / nblR database
56,NBL_2006_2007_36135,2006-2007,2006,Regular Season,Round 7,2006-11-03,Friday,20:00,West Sydney Razorbacks,Adelaide 36ers,West Sydney Razorbacks,Adelaide 36ers,114,116,230,2,Adelaide 36ers,West Sydney Razorbacks,Away Win (116-114),114-116,Four 12-minute quarters (48 min),No,,,,,,,,,,,"State Sports Centre, Homebush",Australia,,Adelaide 36ers victory,"Adelaide 36ers defeated West Sydney Razorbacks 116-114 in Round 7 (2006-2007) at State Sports Centre, Homebush.",National Basketball League (NBL) Official Archive / nblR database
57,NBL_2006_2007_36139,2006-2007,2006,Regular Season,Round 7,2006-11-04,Saturday,19:40,Melbourne Tigers,Brisbane Bullets,Melbourne Tigers,Brisbane Bullets,117,120,237,3,Brisbane Bullets,Melbourne Tigers,Away Win (120-117),117-120,Four 12-minute quarters (48 min),No,,,,,,,,,,,State Netball Hockey Centre,Australia,,Brisbane Bullets victory,Brisbane Bullets defeated Melbourne Tigers 120-117 in Round 7 (2006-2007) at State Netball Hockey Centre.,National Basketball League (NBL) Official Archive / nblR database
58,NBL_2006_2007_36140,2006-2007,2006,Regular Season,Round 7,2006-11-04,Saturday,19:40,Adelaide 36ers,New Zealand Breakers,Adelaide 36ers,New Zealand Breakers,90,99,189,9,New Zealand Breakers,Adelaide 36ers,Away Win (99-90),90-99,Four 12-minute quarters (48 min),No,,,,,,,,,,,Adelaide Arena,Australia,,New Zealand Breakers victory,New Zealand Breakers defeated Adelaide 36ers 99-90 in Round 7 (2006-2007) at Adelaide Arena.,National Basketball League (NBL) Official Archive / nblR database
59,NBL_2006_2007_36141,2006-2007,2006,Regular Season,Round 7,2006-11-04,Saturday,19:40,Wollongong Hawks,Townsville Crocodiles,Wollongong Hawks,Townsville Crocodiles,113,107,220,6,Wollongong Hawks,Townsville Crocodiles,Home Win (113-107),113-107,Four 12-minute quarters (48 min),No,,,,,,,,,,,WIN Entertainment Centre,Australia,,Wollongong Hawks victory,Wollongong Hawks defeated Townsville Crocodiles 113-107 in Round 7 (2006-2007) at WIN Entertainment Centre.,National Basketball League (NBL) Official Archive / nblR database
60,NBL_2006_2007_36142,2006-2007,2006,Regular Season,Round 7,2006-11-05,Sunday,16:00,Perth Wildcats,West Sydney Razorbacks,Perth Wildcats,West Sydney Razorbacks,119,107,226,12,Perth Wildcats,West Sydney Razorbacks,Home Win (119-107),119-107,Four 12-minute quarters (48 min),No,,,,,,,,,,,Challenge Stadium,Australia,,Perth Wildcats victory,Perth Wildcats defeated West Sydney Razorbacks 119-107 in Round 7 (2006-2007) at Challenge Stadium.,National Basketball League (NBL) Official Archive / nblR database
61,NBL_2006_2007_36143,2006-2007,2006,Regular Season,Round 8,2006-11-06,Monday,19:40,South Dragons,Sydney Kings,South Dragons,Sydney Kings,113,92,205,21,South Dragons,Sydney Kings,Home Win (113-92),113-92,Four 12-minute quarters (48 min),No,,,,,,,,,,,John Cain Arena,Australia,,South Dragons victory,South Dragons defeated Sydney Kings 113-92 in Round 8 (2006-2007) at John Cain Arena.,National Basketball League (NBL) Official Archive / nblR database
62,NBL_2006_2007_36144,2006-2007,2006,Regular Season,Round 8,2006-11-08,Wednesday,19:40,Wollongong Hawks,Cairns Taipans,Wollongong Hawks,Cairns Taipans,104,85,189,19,Wollongong Hawks,Cairns Taipans,Home Win (104-85),104-85,Four 12-minute quarters (48 min),No,,,,,,,,,,,WIN Entertainment Centre,Australia,,Wollongong Hawks victory,Wollongong Hawks defeated Cairns Taipans 104-85 in Round 8 (2006-2007) at WIN Entertainment Centre.,National Basketball League (NBL) Official Archive / nblR database
63,NBL_2006_2007_36145,2006-2007,2006,Regular Season,Round 8,2006-11-10,Friday,19:40,Adelaide 36ers,Townsville Crocodiles,Adelaide 36ers,Townsville Crocodiles,95,116,211,21,Townsville Crocodiles,Adelaide 36ers,Away Win (116-95),95-116,Four 12-minute quarters (48 min),No,,,,,,,,,,,Adelaide Arena,Australia,,Townsville Crocodiles victory,Townsville Crocodiles defeated Adelaide 36ers 116-95 in Round 8 (2006-2007) at Adelaide Arena.,National Basketball League (NBL) Official Archive / nblR database
64,NBL_2006_2007_36146,2006-2007,2006,Regular Season,Round 8,2006-11-11,Saturday,19:40,Melbourne Tigers,Brisbane Bullets,Melbourne Tigers,Brisbane Bullets,111,102,213,9,Melbourne Tigers,Brisbane Bullets,Home Win (111-102),111-102,Four 12-minute quarters (48 min),No,,,,,,,,,,,State Netball Hockey Centre,Australia,,Melbourne Tigers victory,Melbourne Tigers defeated Brisbane Bullets 111-102 in Round 8 (2006-2007) at State Netball Hockey Centre.,National Basketball League (NBL) Official Archive / nblR database
65,NBL_2006_2007_36147,2006-2007,2006,Regular Season,Round 8,2006-11-11,Saturday,19:40,Perth Wildcats,Sydney Kings,Perth Wildcats,Sydney Kings,90,81,171,9,Perth Wildcats,Sydney Kings,Home Win (90-81),90-81,Four 12-minute quarters (48 min),No,,,,,,,,,,,Challenge Stadium,Australia,,Perth Wildcats victory,Perth Wildcats defeated Sydney Kings 90-81 in Round 8 (2006-2007) at Challenge Stadium.,National Basketball League (NBL) Official Archive / nblR database
66,NBL_2006_2007_36148,2006-2007,2006,Regular Season,Round 8,2006-11-11,Saturday,19:40,Cairns Taipans,New Zealand Breakers,Cairns Taipans,New Zealand Breakers,113,99,212,14,Cairns Taipans,New Zealand Breakers,Home Win (113-99),113-99,Four 12-minute quarters (48 min),No,,,,,,,,,,,Cairns Convention Centre,Australia,,Cairns Taipans victory,Cairns Taipans defeated New Zealand Breakers 113-99 in Round 8 (2006-2007) at Cairns Convention Centre.,National Basketball League (NBL) Official Archive / nblR database
67,NBL_2006_2007_36149,2006-2007,2006,Regular Season,Round 8,2006-11-11,Saturday,19:40,West Sydney Razorbacks,Wollongong Hawks,West Sydney Razorbacks,Wollongong Hawks,121,126,247,5,Wollongong Hawks,West Sydney Razorbacks,Away Win (126-121),121-126,Four 12-minute quarters (48 min),No,,,,,,,,,,,"Bridgecoast Stadium, Terrigal",Australia,,Wollongong Hawks victory,"Wollongong Hawks defeated West Sydney Razorbacks 126-121 in Round 8 (2006-2007) at Bridgecoast Stadium, Terrigal.",National Basketball League (NBL) Official Archive / nblR database
68,NBL_2006_2007_36150,2006-2007,2006,Regular Season,Round 8,2006-11-11,Saturday,19:40,South Dragons,Townsville Crocodiles,South Dragons,Townsville Crocodiles,121,110,231,11,South Dragons,Townsville Crocodiles,Home Win (121-110),121-110,Four 12-minute quarters (48 min),No,,,,,,,,,,,John Cain Arena,Australia,,South Dragons victory,South Dragons defeated Townsville Crocodiles 121-110 in Round 8 (2006-2007) at John Cain Arena.,National Basketball League (NBL) Official Archive / nblR database
69,NBL_2006_2007_36151,2006-2007,2006,Regular Season,Round 8,2006-11-12,Sunday,18:30,Brisbane Bullets,Adelaide 36ers,Brisbane Bullets,Adelaide 36ers,116,95,211,21,Brisbane Bullets,Adelaide 36ers,Home Win (116-95),116-95,Four 12-minute quarters (48 min),No,,,,,,,,,,,Brisbane Convention Centre,Australia,,Brisbane Bullets victory,Brisbane Bullets defeated Adelaide 36ers 116-95 in Round 8 (2006-2007) at Brisbane Convention Centre.,National Basketball League (NBL) Official Archive / nblR database
70,NBL_2006_2007_36152,2006-2007,2006,Regular Season,Round 9,2006-11-15,Wednesday,19:10,Adelaide 36ers,West Sydney Razorbacks,Adelaide 36ers,West Sydney Razorbacks,110,102,212,8,Adelaide 36ers,West Sydney Razorbacks,Home Win (110-102),110-102,Four 12-minute quarters (48 min),No,,,,,,,,,,,Adelaide Arena,Australia,,Adelaide 36ers victory,Adelaide 36ers defeated West Sydney Razorbacks 110-102 in Round 9 (2006-2007) at Adelaide Arena.,National Basketball League (NBL) Official Archive / nblR database
71,NBL_2006_2007_36153,2006-2007,2006,Regular Season,Round 9,2006-11-16,Thursday,19:00,New Zealand Breakers,Sydney Kings,New Zealand Breakers,Sydney Kings,88,109,197,21,Sydney Kings,New Zealand Breakers,Away Win (109-88),88-109,Four 12-minute quarters (48 min),No,,,,,,,,,,,North Shore Events Centre,Australia,,Sydney Kings victory,Sydney Kings defeated New Zealand Breakers 109-88 in Round 9 (2006-2007) at North Shore Events Centre.,National Basketball League (NBL) Official Archive / nblR database
72,NBL_2006_2007_36154,2006-2007,2006,Regular Season,Round 9,2006-11-17,Friday,19:40,West Sydney Razorbacks,Perth Wildcats,West Sydney Razorbacks,Perth Wildcats,80,115,195,35,Perth Wildcats,West Sydney Razorbacks,Away Win (115-80),80-115,Four 12-minute quarters (48 min),No,,,,,,,,,,,"State Sports Centre, Homebush",Australia,,Perth Wildcats victory,"Perth Wildcats defeated West Sydney Razorbacks 115-80 in Round 9 (2006-2007) at State Sports Centre, Homebush.",National Basketball League (NBL) Official Archive / nblR database
73,NBL_2006_2007_36155,2006-2007,2006,Regular Season,Round 9,2006-11-18,Saturday,19:40,Cairns Taipans,Melbourne Tigers,Cairns Taipans,Melbourne Tigers,88,94,182,6,Melbourne Tigers,Cairns Taipans,Away Win (94-88),88-94,Four 12-minute quarters (48 min),No,,,,,,,,,,,Cairns Convention Centre,Australia,,Melbourne Tigers victory,Melbourne Tigers defeated Cairns Taipans 94-88 in Round 9 (2006-2007) at Cairns Convention Centre.,National Basketball League (NBL) Official Archive / nblR database
74,NBL_2006_2007_36156,2006-2007,2006,Regular Season,Round 9,2006-11-18,Saturday,19:40,Sydney Kings,South Dragons,Sydney Kings,South Dragons,92,88,180,4,Sydney Kings,South Dragons,Home Win (92-88),92-88,Four 12-minute quarters (48 min),No,,,,,,,,,,,Sydney Entertainment Centre,Australia,,Sydney Kings victory,Sydney Kings defeated South Dragons 92-88 in Round 9 (2006-2007) at Sydney Entertainment Centre.,National Basketball League (NBL) Official Archive / nblR database
75,NBL_2006_2007_36158,2006-2007,2006,Regular Season,Round 9,2006-11-18,Saturday,19:40,Brisbane Bullets,Perth Wildcats,Brisbane Bullets,Perth Wildcats,105,86,191,19,Brisbane Bullets,Perth Wildcats,Home Win (105-86),105-86,Four 12-minute quarters (48 min),No,,,,,,,,,,,Brisbane Convention Centre,Australia,,Brisbane Bullets victory,Brisbane Bullets defeated Perth Wildcats 105-86 in Round 9 (2006-2007) at Brisbane Convention Centre.,National Basketball League (NBL) Official Archive / nblR database
76,NBL_2006_2007_36157,2006-2007,2006,Regular Season,Round 9,2006-11-18,Saturday,20:00,Townsville Crocodiles,Wollongong Hawks,Townsville Crocodiles,Wollongong Hawks,117,96,213,21,Townsville Crocodiles,Wollongong Hawks,Home Win (117-96),117-96,Four 12-minute quarters (48 min),No,,,,,,,,,,,Townsville Entertainment Centre,Australia,,Townsville Crocodiles victory,Townsville Crocodiles defeated Wollongong Hawks 117-96 in Round 9 (2006-2007) at Townsville Entertainment Centre.,National Basketball League (NBL) Official Archive / nblR database
77,NBL_2006_2007_36159,2006-2007,2006,Regular Season,Round 10,2006-11-22,Wednesday,18:40,Cairns Taipans,Brisbane Bullets,Cairns Taipans,Brisbane Bullets,122,119,241,3,Cairns Taipans,Brisbane Bullets,Home Win (122-119),122-119,Four 12-minute quarters (48 min),No,,,,,,,,,,,Cairns Convention Centre,Australia,,Cairns Taipans victory,Cairns Taipans defeated Brisbane Bullets 122-119 in Round 10 (2006-2007) at Cairns Convention Centre.,National Basketball League (NBL) Official Archive / nblR database
78,NBL_2006_2007_36160,2006-2007,2006,Regular Season,Round 10,2006-11-22,Wednesday,19:40,Melbourne Tigers,Wollongong Hawks,Melbourne Tigers,Wollongong Hawks,101,92,193,9,Melbourne Tigers,Wollongong Hawks,Home Win (101-92),101-92,Four 12-minute quarters (48 min),No,,,,,,,,,,,State Netball Hockey Centre,Australia,,Melbourne Tigers victory,Melbourne Tigers defeated Wollongong Hawks 101-92 in Round 10 (2006-2007) at State Netball Hockey Centre.,National Basketball League (NBL) Official Archive / nblR database
79,NBL_2006_2007_36161,2006-2007,2006,Regular Season,Round 10,2006-11-22,Wednesday,19:40,South Dragons,West Sydney Razorbacks,South Dragons,West Sydney Razorbacks,115,104,219,11,South Dragons,West Sydney Razorbacks,Home Win (115-104),115-104,Four 12-minute quarters (48 min),No,,,,,,,,,,,John Cain Arena,Australia,,South Dragons victory,South Dragons defeated West Sydney Razorbacks 115-104 in Round 10 (2006-2007) at John Cain Arena.,National Basketball League (NBL) Official Archive / nblR database
80,NBL_2006_2007_36163,2006-2007,2006,Regular Season,Round 10,2006-11-23,Thursday,19:30,Sydney Kings,Perth Wildcats,Sydney Kings,Perth Wildcats,80,67,147,13,Sydney Kings,Perth Wildcats,Home Win (80-67),80-67,Four 12-minute quarters (48 min),No,,,,,,,,,,,AIS Arena,Australia,,Sydney Kings victory,Sydney Kings defeated Perth Wildcats 80-67 in Round 10 (2006-2007) at AIS Arena.,National Basketball League (NBL) Official Archive / nblR database
81,NBL_2006_2007_36162,2006-2007,2006,Regular Season,Round 10,2006-11-23,Thursday,19:40,New Zealand Breakers,Adelaide 36ers,New Zealand Breakers,Adelaide 36ers,110,101,211,9,New Zealand Breakers,Adelaide 36ers,Home Win (110-101),110-101,Four 12-minute quarters (48 min),No,,,,,,,,,,,North Shore Events Centre,Australia,,New Zealand Breakers victory,New Zealand Breakers defeated Adelaide 36ers 110-101 in Round 10 (2006-2007) at North Shore Events Centre.,National Basketball League (NBL) Official Archive / nblR database
82,NBL_2006_2007_36164,2006-2007,2006,Regular Season,Round 10,2006-11-24,Friday,19:40,Brisbane Bullets,Cairns Taipans,Brisbane Bullets,Cairns Taipans,100,85,185,15,Brisbane Bullets,Cairns Taipans,Home Win (100-85),100-85,Four 12-minute quarters (48 min),No,,,,,,,,,,,Brisbane Convention Centre,Australia,,Brisbane Bullets victory,Brisbane Bullets defeated Cairns Taipans 100-85 in Round 10 (2006-2007) at Brisbane Convention Centre.,National Basketball League (NBL) Official Archive / nblR database
83,NBL_2006_2007_36165,2006-2007,2006,Regular Season,Round 10,2006-11-24,Friday,20:00,West Sydney Razorbacks,South Dragons,West Sydney Razorbacks,South Dragons,104,105,209,1,South Dragons,West Sydney Razorbacks,Away Win (105-104),104-105,Four 12-minute quarters (48 min),No,,,,,,,,,,,"State Sports Centre, Homebush",Australia,,South Dragons victory,"South Dragons defeated West Sydney Razorbacks 105-104 in Round 10 (2006-2007) at State Sports Centre, Homebush.",National Basketball League (NBL) Official Archive / nblR database
84,NBL_2006_2007_36167,2006-2007,2006,Regular Season,Round 11,2006-11-27,Monday,19:40,Brisbane Bullets,Singapore Slingers,Brisbane Bullets,Singapore Slingers,131,93,224,38,Brisbane Bullets,Singapore Slingers,Home Win (131-93),131-93,Four 12-minute quarters (48 min),No,,,,,,,,,,,Brisbane Convention Centre,Australia,,Brisbane Bullets victory,Brisbane Bullets defeated Singapore Slingers 131-93 in Round 11 (2006-2007) at Brisbane Convention Centre.,National Basketball League (NBL) Official Archive / nblR database
85,NBL_2006_2007_36168,2006-2007,2006,Regular Season,Round 11,2006-11-29,Wednesday,18:40,Townsville Crocodiles,Singapore Slingers,Townsville Crocodiles,Singapore Slingers,120,101,221,19,Townsville Crocodiles,Singapore Slingers,Home Win (120-101),120-101,Four 12-minute quarters (48 min),No,,,,,,,,,,,Townsville Entertainment Centre,Australia,,Townsville Crocodiles victory,Townsville Crocodiles defeated Singapore Slingers 120-101 in Round 11 (2006-2007) at Townsville Entertainment Centre.,National Basketball League (NBL) Official Archive / nblR database
86,NBL_2006_2007_36169,2006-2007,2006,Regular Season,Round 11,2006-11-29,Wednesday,19:40,New Zealand Breakers,West Sydney Razorbacks,New Zealand Breakers,West Sydney Razorbacks,116,104,220,12,New Zealand Breakers,West Sydney Razorbacks,Home Win (116-104),116-104,Four 12-minute quarters (48 min),No,,,,,,,,,,,North Shore Events Centre,Australia,,New Zealand Breakers victory,New Zealand Breakers defeated West Sydney Razorbacks 116-104 in Round 11 (2006-2007) at North Shore Events Centre.,National Basketball League (NBL) Official Archive / nblR database
87,NBL_2006_2007_36170,2006-2007,2006,Regular Season,Round 11,2006-11-30,Thursday,19:40,South Dragons,Perth Wildcats,South Dragons,Perth Wildcats,99,103,202,4,Perth Wildcats,South Dragons,Away Win (103-99),99-103,Four 12-minute quarters (48 min),No,,,,,,,,,,,John Cain Arena,Australia,,Perth Wildcats victory,Perth Wildcats defeated South Dragons 103-99 in Round 11 (2006-2007) at John Cain Arena.,National Basketball League (NBL) Official Archive / nblR database
88,NBL_2006_2007_36171,2006-2007,2006,Regular Season,Round 11,2006-12-01,Friday,19:40,Cairns Taipans,Adelaide 36ers,Cairns Taipans,Adelaide 36ers,109,96,205,13,Cairns Taipans,Adelaide 36ers,Home Win (109-96),109-96,Four 12-minute quarters (48 min),No,,,,,,,,,,,Cairns Convention Centre,Australia,,Cairns Taipans victory,Cairns Taipans defeated Adelaide 36ers 109-96 in Round 11 (2006-2007) at Cairns Convention Centre.,National Basketball League (NBL) Official Archive / nblR database
89,NBL_2006_2007_36172,2006-2007,2006,Regular Season,Round 11,2006-12-02,Saturday,19:40,Wollongong Hawks,South Dragons,Wollongong Hawks,South Dragons,106,114,220,8,South Dragons,Wollongong Hawks,Away Win (114-106),106-114,Four 12-minute quarters (48 min),No,,,,,,,,,,,WIN Entertainment Centre,Australia,,South Dragons victory,South Dragons defeated Wollongong Hawks 114-106 in Round 11 (2006-2007) at WIN Entertainment Centre.,National Basketball League (NBL) Official Archive / nblR database
90,NBL_2006_2007_36174,2006-2007,2006,Regular Season,Round 11,2006-12-02,Saturday,19:40,West Sydney Razorbacks,Melbourne Tigers,West Sydney Razorbacks,Melbourne Tigers,104,107,211,3,Melbourne Tigers,West Sydney Razorbacks,Away Win (107-104),104-107,Four 12-minute quarters (48 min),No,,,,,,,,,,,"State Sports Centre, Homebush",Australia,,Melbourne Tigers victory,"Melbourne Tigers defeated West Sydney Razorbacks 107-104 in Round 11 (2006-2007) at State Sports Centre, Homebush.",National Basketball League (NBL) Official Archive / nblR database
91,NBL_2006_2007_36175,2006-2007,2006,Regular Season,Round 11,2006-12-02,Saturday,19:40,Brisbane Bullets,New Zealand Breakers,Brisbane Bullets,New Zealand Breakers,106,90,196,16,Brisbane Bullets,New Zealand Breakers,Home Win (106-90),106-90,Four 12-minute quarters (48 min),No,,,,,,,,,,,Brisbane Convention Centre,Australia,,Brisbane Bullets victory,Brisbane Bullets defeated New Zealand Breakers 106-90 in Round 11 (2006-2007) at Brisbane Convention Centre.,National Basketball League (NBL) Official Archive / nblR database
92,NBL_2006_2007_36173,2006-2007,2006,Regular Season,Round 11,2006-12-02,Saturday,20:00,Townsville Crocodiles,Adelaide 36ers,Townsville Crocodiles,Adelaide 36ers,105,93,198,12,Townsville Crocodiles,Adelaide 36ers,Home Win (105-93),105-93,Four 12-minute quarters (48 min),No,,,,,,,,,,,Townsville Entertainment Centre,Australia,,Townsville Crocodiles victory,Townsville Crocodiles defeated Adelaide 36ers 105-93 in Round 11 (2006-2007) at Townsville Entertainment Centre.,National Basketball League (NBL) Official Archive / nblR database
93,NBL_2006_2007_36176,2006-2007,2006,Regular Season,Round 11,2006-12-03,Sunday,17:00,Sydney Kings,Cairns Taipans,Sydney Kings,Cairns Taipans,107,104,211,3,Sydney Kings,Cairns Taipans,Home Win (107-104),107-104,Four 12-minute quarters (48 min),No,,,,,,,,,,,Sydney Entertainment Centre,Australia,,Sydney Kings victory,Sydney Kings defeated Cairns Taipans 107-104 in Round 11 (2006-2007) at Sydney Entertainment Centre.,National Basketball League (NBL) Official Archive / nblR database
94,NBL_2006_2007_36177,2006-2007,2006,Regular Season,Round 12,2006-12-06,Wednesday,19:40,Melbourne Tigers,Perth Wildcats,Melbourne Tigers,Perth Wildcats,106,92,198,14,Melbourne Tigers,Perth Wildcats,Home Win (106-92),106-92,Four 12-minute quarters (48 min),No,,,,,,,,,,,State Netball Hockey Centre,Australia,,Melbourne Tigers victory,Melbourne Tigers defeated Perth Wildcats 106-92 in Round 12 (2006-2007) at State Netball Hockey Centre.,National Basketball League (NBL) Official Archive / nblR database
95,NBL_2006_2007_36178,2006-2007,2006,Regular Season,Round 12,2006-12-07,Thursday,19:00,New Zealand Breakers,Cairns Taipans,New Zealand Breakers,Cairns Taipans,113,106,219,7,New Zealand Breakers,Cairns Taipans,Home Win (113-106),113-106,Four 12-minute quarters (48 min),No,,,,,,,,,,,North Shore Events Centre,Australia,,New Zealand Breakers victory,New Zealand Breakers defeated Cairns Taipans 113-106 in Round 12 (2006-2007) at North Shore Events Centre.,National Basketball League (NBL) Official Archive / nblR database
96,NBL_2006_2007_36180,2006-2007,2006,Regular Season,Round 12,2006-12-08,Friday,19:30,Sydney Kings,Adelaide 36ers,Sydney Kings,Adelaide 36ers,97,99,196,2,Adelaide 36ers,Sydney Kings,Away Win (99-97),97-99,Four 12-minute quarters (48 min),No,,,,,,,,,,,Sydney Entertainment Centre,Australia,,Adelaide 36ers victory,Adelaide 36ers defeated Sydney Kings 99-97 in Round 12 (2006-2007) at Sydney Entertainment Centre.,National Basketball League (NBL) Official Archive / nblR database
97,NBL_2006_2007_36179,2006-2007,2006,Regular Season,Round 12,2006-12-08,Friday,20:00,Townsville Crocodiles,South Dragons,Townsville Crocodiles,South Dragons,115,102,217,13,Townsville Crocodiles,South Dragons,Home Win (115-102),115-102,Four 12-minute quarters (48 min),No,,,,,,,,,,,Townsville Entertainment Centre,Australia,,Townsville Crocodiles victory,Townsville Crocodiles defeated South Dragons 115-102 in Round 12 (2006-2007) at Townsville Entertainment Centre.,National Basketball League (NBL) Official Archive / nblR database
98,NBL_2006_2007_36181,2006-2007,2006,Regular Season,Round 12,2006-12-09,Saturday,19:40,West Sydney Razorbacks,Sydney Kings,West Sydney Razorbacks,Sydney Kings,90,93,183,3,Sydney Kings,West Sydney Razorbacks,Away Win (93-90),90-93,Four 12-minute quarters (48 min),No,,,,,,,,,,,Sydney Superdome,Australia,,Sydney Kings victory,Sydney Kings defeated West Sydney Razorbacks 93-90 in Round 12 (2006-2007) at Sydney Superdome.,National Basketball League (NBL) Official Archive / nblR database
99,NBL_2006_2007_36182,2006-2007,2006,Regular Season,Round 12,2006-12-09,Saturday,19:40,Cairns Taipans,South Dragons,Cairns Taipans,South Dragons,126,100,226,26,Cairns Taipans,South Dragons,Home Win (126-100),126-100,Four 12-minute quarters (48 min),No,,,,,,,,,,,Cairns Convention Centre,Australia,,Cairns Taipans victory,Cairns Taipans defeated South Dragons 126-100 in Round 12 (2006-2007) at Cairns Convention Centre.,National Basketball League (NBL) Official Archive / nblR database
100,NBL_2006_2007_36183,2006-2007,2006,Regular Season,Round 12,2006-12-10,Sunday,16:00,Perth Wildcats,New Zealand Breakers,Perth Wildcats,New Zealand Breakers,102,80,182,22,Perth Wildcats,New Zealand Breakers,Home Win (102-80),102-80,Four 12-minute quarters (48 min),No,,,,,,,,,,,Challenge Stadium,Australia,,Perth Wildcats victory,Perth Wildcats defeated New Zealand Breakers 102-80 in Round 12 (2006-2007) at Challenge Stadium.,National Basketball League (NBL) Official Archive / nblR database
101,NBL_2006_2007_36184,2006-2007,2006,Regular Season,Round 12,2006-12-10,Sunday,19:40,Wollongong Hawks,Singapore Slingers,Wollongong Hawks,Singapore Slingers,84,110,194,26,Singapore Slingers,Wollongong Hawks,Away Win (110-84),84-110,Four 12-minute quarters (48 min),No,,,,,,,,,,,WIN Entertainment Centre,Australia,,Singapore Slingers victory,Singapore Slingers defeated Wollongong Hawks 110-84 in Round 12 (2006-2007) at WIN Entertainment Centre.,National Basketball League (NBL) Official Archive / nblR database
102,NBL_2006_2007_36185,2006-2007,2006,Regular Season,Round 13,2006-12-13,Wednesday,19:10,Adelaide 36ers,West Sydney Razorbacks,Adelaide 36ers,West Sydney Razorbacks,107,90,197,17,Adelaide 36ers,West Sydney Razorbacks,Home Win (107-90),107-90,Four 12-minute quarters (48 min),No,,,,,,,,,,,Adelaide Arena,Australia,,Adelaide 36ers victory,Adelaide 36ers defeated West Sydney Razorbacks 107-90 in Round 13 (2006-2007) at Adelaide Arena.,National Basketball League (NBL) Official Archive / nblR database
103,NBL_2006_2007_36186,2006-2007,2006,Regular Season,Round 13,2006-12-13,Wednesday,19:40,Singapore Slingers,New Zealand Breakers,Singapore Slingers,New Zealand Breakers,111,94,205,17,Singapore Slingers,New Zealand Breakers,Home Win (111-94),111-94,Four 12-minute quarters (48 min),No,,,,,,,,,,,Singapore Indoor Stadium,Australia,,Singapore Slingers victory,Singapore Slingers defeated New Zealand Breakers 111-94 in Round 13 (2006-2007) at Singapore Indoor Stadium.,National Basketball League (NBL) Official Archive / nblR database
104,NBL_2006_2007_36187,2006-2007,2006,Regular Season,Round 13,2006-12-15,Friday,19:30,Sydney Kings,Melbourne Tigers,Sydney Kings,Melbourne Tigers,68,93,161,25,Melbourne Tigers,Sydney Kings,Away Win (93-68),68-93,Four 12-minute quarters (48 min),No,,,,,,,,,,,AIS Arena,Australia,,Melbourne Tigers victory,Melbourne Tigers defeated Sydney Kings 93-68 in Round 13 (2006-2007) at AIS Arena.,National Basketball League (NBL) Official Archive / nblR database
105,NBL_2006_2007_36188,2006-2007,2006,Regular Season,Round 13,2006-12-16,Saturday,19:40,Adelaide 36ers,Singapore Slingers,Adelaide 36ers,Singapore Slingers,102,100,202,2,Adelaide 36ers,Singapore Slingers,Home Win (102-100),102-100,Four 12-minute quarters (48 min),No,,,,,,,,,,,Adelaide Arena,Australia,,Adelaide 36ers victory,Adelaide 36ers defeated Singapore Slingers 102-100 in Round 13 (2006-2007) at Adelaide Arena.,National Basketball League (NBL) Official Archive / nblR database
106,NBL_2006_2007_36190,2006-2007,2006,Regular Season,Round 13,2006-12-16,Saturday,19:40,South Dragons,New Zealand Breakers,South Dragons,New Zealand Breakers,117,109,226,8,South Dragons,New Zealand Breakers,Home Win (117-109),117-109,Four 12-minute quarters (48 min),No,,,,,,,,,,,John Cain Arena,Australia,,South Dragons victory,South Dragons defeated New Zealand Breakers 117-109 in Round 13 (2006-2007) at John Cain Arena.,National Basketball League (NBL) Official Archive / nblR database
107,NBL_2006_2007_36189,2006-2007,2006,Regular Season,Round 13,2006-12-16,Saturday,20:00,Townsville Crocodiles,Cairns Taipans,Townsville Crocodiles,Cairns Taipans,118,92,210,26,Townsville Crocodiles,Cairns Taipans,Home Win (118-92),118-92,Four 12-minute quarters (48 min),No,,,,,,,,,,,Townsville Entertainment Centre,Australia,,Townsville Crocodiles victory,Townsville Crocodiles defeated Cairns Taipans 118-92 in Round 13 (2006-2007) at Townsville Entertainment Centre.,National Basketball League (NBL) Official Archive / nblR database
108,NBL_2006_2007_36191,2006-2007,2006,Regular Season,Round 13,2006-12-17,Sunday,16:00,Perth Wildcats,Wollongong Hawks,Perth Wildcats,Wollongong Hawks,113,85,198,28,Perth Wildcats,Wollongong Hawks,Home Win (113-85),113-85,Four 12-minute quarters (48 min),No,,,,,,,,,,,Challenge Stadium,Australia,,Perth Wildcats victory,Perth Wildcats defeated Wollongong Hawks 113-85 in Round 13 (2006-2007) at Challenge Stadium.,National Basketball League (NBL) Official Archive / nblR database
109,NBL_2006_2007_36193,2006-2007,2006,Regular Season,Round 13,2006-12-17,Sunday,18:30,Brisbane Bullets,West Sydney Razorbacks,Brisbane Bullets,West Sydney Razorbacks,110,101,211,9,Brisbane Bullets,West Sydney Razorbacks,Home Win (110-101),110-101,Four 12-minute quarters (48 min),No,,,,,,,,,,,Brisbane Convention Centre,Australia,,Brisbane Bullets victory,Brisbane Bullets defeated West Sydney Razorbacks 110-101 in Round 13 (2006-2007) at Brisbane Convention Centre.,National Basketball League (NBL) Official Archive / nblR database
110,NBL_2006_2007_36192,2006-2007,2006,Regular Season,Round 13,2006-12-17,Sunday,19:40,Melbourne Tigers,New Zealand Breakers,Melbourne Tigers,New Zealand Breakers,119,117,236,2,Melbourne Tigers,New Zealand Breakers,Home Win (119-117),119-117,Four 12-minute quarters (48 min),No,,,,,,,,,,,State Netball Hockey Centre,Australia,,Melbourne Tigers victory,Melbourne Tigers defeated New Zealand Breakers 119-117 in Round 13 (2006-2007) at State Netball Hockey Centre.,National Basketball League (NBL) Official Archive / nblR database
111,NBL_2006_2007_36194,2006-2007,2006,Regular Season,Round 14,2006-12-20,Wednesday,19:40,Wollongong Hawks,Adelaide 36ers,Wollongong Hawks,Adelaide 36ers,108,101,209,7,Wollongong Hawks,Adelaide 36ers,Home Win (108-101),108-101,Four 12-minute quarters (48 min),No,,,,,,,,,,,WIN Entertainment Centre,Australia,,Wollongong Hawks victory,Wollongong Hawks defeated Adelaide 36ers 108-101 in Round 14 (2006-2007) at WIN Entertainment Centre.,National Basketball League (NBL) Official Archive / nblR database
112,NBL_2006_2007_36195,2006-2007,2006,Regular Season,Round 14,2006-12-20,Wednesday,19:40,Singapore Slingers,West Sydney Razorbacks,Singapore Slingers,West Sydney Razorbacks,115,93,208,22,Singapore Slingers,West Sydney Razorbacks,Home Win (115-93),115-93,Four 12-minute quarters (48 min),No,,,,,,,,,,,Singapore Indoor Stadium,Australia,,Singapore Slingers victory,Singapore Slingers defeated West Sydney Razorbacks 115-93 in Round 14 (2006-2007) at Singapore Indoor Stadium.,National Basketball League (NBL) Official Archive / nblR database
113,NBL_2006_2007_36196,2006-2007,2006,Regular Season,Round 14,2006-12-20,Wednesday,19:40,South Dragons,Brisbane Bullets,South Dragons,Brisbane Bullets,94,126,220,32,Brisbane Bullets,South Dragons,Away Win (126-94),94-126,Four 12-minute quarters (48 min),No,,,,,,,,,,,John Cain Arena,Australia,,Brisbane Bullets victory,Brisbane Bullets defeated South Dragons 126-94 in Round 14 (2006-2007) at John Cain Arena.,National Basketball League (NBL) Official Archive / nblR database
114,NBL_2006_2007_36197,2006-2007,2006,Regular Season,Round 14,2006-12-21,Thursday,19:00,New Zealand Breakers,Townsville Crocodiles,New Zealand Breakers,Townsville Crocodiles,95,111,206,16,Townsville Crocodiles,New Zealand Breakers,Away Win (111-95),95-111,Four 12-minute quarters (48 min),No,,,,,,,,,,,North Shore Events Centre,Australia,,Townsville Crocodiles victory,Townsville Crocodiles defeated New Zealand Breakers 111-95 in Round 14 (2006-2007) at North Shore Events Centre.,National Basketball League (NBL) Official Archive / nblR database
115,NBL_2006_2007_36198,2006-2007,2006,Regular Season,Round 14,2006-12-22,Friday,19:40,Cairns Taipans,Wollongong Hawks,Cairns Taipans,Wollongong Hawks,91,72,163,19,Cairns Taipans,Wollongong Hawks,Home Win (91-72),91-72,Four 12-minute quarters (48 min),No,,,,,,,,,,,Cairns Convention Centre,Australia,,Cairns Taipans victory,Cairns Taipans defeated Wollongong Hawks 91-72 in Round 14 (2006-2007) at Cairns Convention Centre.,National Basketball League (NBL) Official Archive / nblR database
116,NBL_2006_2007_36199,2006-2007,2006,Regular Season,Round 14,2006-12-23,Saturday,19:40,Adelaide 36ers,South Dragons,Adelaide 36ers,South Dragons,102,107,209,5,South Dragons,Adelaide 36ers,Away Win (107-102),102-107,Four 12-minute quarters (48 min),No,,,,,,,,,,,Adelaide Arena,Australia,,South Dragons victory,South Dragons defeated Adelaide 36ers 107-102 in Round 14 (2006-2007) at Adelaide Arena.,National Basketball League (NBL) Official Archive / nblR database
117,NBL_2006_2007_36200,2006-2007,2006,Regular Season,Round 14,2006-12-23,Saturday,19:40,Melbourne Tigers,West Sydney Razorbacks,Melbourne Tigers,West Sydney Razorbacks,99,84,183,15,Melbourne Tigers,West Sydney Razorbacks,Home Win (99-84),99-84,Four 12-minute quarters (48 min),No,,,,,,,,,,,State Netball Hockey Centre,Australia,,Melbourne Tigers victory,Melbourne Tigers defeated West Sydney Razorbacks 99-84 in Round 14 (2006-2007) at State Netball Hockey Centre.,National Basketball League (NBL) Official Archive / nblR database
118,NBL_2006_2007_36201,2006-2007,2006,Regular Season,Round 14,2006-12-23,Saturday,19:40,Perth Wildcats,Sydney Kings,Perth Wildcats,Sydney Kings,113,94,207,19,Perth Wildcats,Sydney Kings,Home Win (113-94),113-94,Four 12-minute quarters (48 min),No,,,,,,,,,,,Challenge Stadium,Australia,,Perth Wildcats victory,Perth Wildcats defeated Sydney Kings 113-94 in Round 14 (2006-2007) at Challenge Stadium.,National Basketball League (NBL) Official Archive / nblR database
119,NBL_2006_2007_36202,2006-2007,2006,Regular Season,Round 14,2006-12-23,Saturday,19:40,Brisbane Bullets,Townsville Crocodiles,Brisbane Bullets,Townsville Crocodiles,137,97,234,40,Brisbane Bullets,Townsville Crocodiles,Home Win (137-97),137-97,Four 12-minute quarters (48 min),No,,,,,,,,,,,Brisbane Convention Centre,Australia,,Brisbane Bullets victory,Brisbane Bullets defeated Townsville Crocodiles 137-97 in Round 14 (2006-2007) at Brisbane Convention Centre.,National Basketball League (NBL) Official Archive / nblR database
120,NBL_2006_2007_36203,2006-2007,2006,Regular Season,Round 15,2006-12-26,Tuesday,19:40,South Dragons,Melbourne Tigers,South Dragons,Melbourne Tigers,107,94,201,13,South Dragons,Melbourne Tigers,Home Win (107-94),107-94,Four 12-minute quarters (48 min),No,,,,,,,,,,,John Cain Arena,Australia,,South Dragons victory,South Dragons defeated Melbourne Tigers 107-94 in Round 15 (2006-2007) at John Cain Arena.,National Basketball League (NBL) Official Archive / nblR database
121,NBL_2006_2007_36204,2006-2007,2006,Regular Season,Round 15,2006-12-27,Wednesday,19:30,Sydney Kings,Cairns Taipans,Sydney Kings,Cairns Taipans,96,83,179,13,Sydney Kings,Cairns Taipans,Home Win (96-83),96-83,Four 12-minute quarters (48 min),No,,,,,,,,,,,Sydney Entertainment Centre,Australia,,Sydney Kings victory,Sydney Kings defeated Cairns Taipans 96-83 in Round 15 (2006-2007) at Sydney Entertainment Centre.,National Basketball League (NBL) Official Archive / nblR database
122,NBL_2006_2007_36205,2006-2007,2006,Regular Season,Round 15,2006-12-27,Wednesday,19:40,Perth Wildcats,Singapore Slingers,Perth Wildcats,Singapore Slingers,105,88,193,17,Perth Wildcats,Singapore Slingers,Home Win (105-88),105-88,Four 12-minute quarters (48 min),No,,,,,,,,,,,Challenge Stadium,Australia,,Perth Wildcats victory,Perth Wildcats defeated Singapore Slingers 105-88 in Round 15 (2006-2007) at Challenge Stadium.,National Basketball League (NBL) Official Archive / nblR database
123,NBL_2006_2007_36206,2006-2007,2006,Regular Season,Round 15,2006-12-29,Friday,19:40,Melbourne Tigers,Cairns Taipans,Melbourne Tigers,Cairns Taipans,106,94,200,12,Melbourne Tigers,Cairns Taipans,Home Win (106-94),106-94,Four 12-minute quarters (48 min),No,,,,,,,,,,,State Netball Hockey Centre,Australia,,Melbourne Tigers victory,Melbourne Tigers defeated Cairns Taipans 106-94 in Round 15 (2006-2007) at State Netball Hockey Centre.,National Basketball League (NBL) Official Archive / nblR database
124,NBL_2006_2007_36207,2006-2007,2006,Regular Season,Round 15,2006-12-29,Friday,19:40,Singapore Slingers,New Zealand Breakers,Singapore Slingers,New Zealand Breakers,109,96,205,13,Singapore Slingers,New Zealand Breakers,Home Win (109-96),109-96,Four 12-minute quarters (48 min),No,,,,,,,,,,,Newcastle Entertainment Centre,Australia,,Singapore Slingers victory,Singapore Slingers defeated New Zealand Breakers 109-96 in Round 15 (2006-2007) at Newcastle Entertainment Centre.,National Basketball League (NBL) Official Archive / nblR database
125,NBL_2006_2007_36208,2006-2007,2006,Regular Season,Round 15,2006-12-29,Friday,20:00,West Sydney Razorbacks,Townsville Crocodiles,West Sydney Razorbacks,Townsville Crocodiles,106,111,217,5,Townsville Crocodiles,West Sydney Razorbacks,Away Win (111-106),106-111,Four 12-minute quarters (48 min),No,,,,,,,,,,,"Bridgecoast Stadium, Terrigal",Australia,,Townsville Crocodiles victory,"Townsville Crocodiles defeated West Sydney Razorbacks 111-106 in Round 15 (2006-2007) at Bridgecoast Stadium, Terrigal.",National Basketball League (NBL) Official Archive / nblR database
126,NBL_2006_2007_36209,2006-2007,2006,Regular Season,Round 15,2006-12-30,Saturday,19:40,Brisbane Bullets,Sydney Kings,Brisbane Bullets,Sydney Kings,112,108,220,4,Brisbane Bullets,Sydney Kings,Home Win (112-108),112-108,Four 12-minute quarters (48 min),No,,,,,,,,,,,Brisbane Convention Centre,Australia,,Brisbane Bullets victory,Brisbane Bullets defeated Sydney Kings 112-108 in Round 15 (2006-2007) at Brisbane Convention Centre.,National Basketball League (NBL) Official Archive / nblR database
127,NBL_2006_2007_36210,2006-2007,2006,Regular Season,Round 15,2006-12-30,Saturday,19:40,South Dragons,Perth Wildcats,South Dragons,Perth Wildcats,104,108,212,4,Perth Wildcats,South Dragons,Away Win (108-104),104-108,Four 12-minute quarters (48 min),No,,,,,,,,,,,John Cain Arena,Australia,,Perth Wildcats victory,Perth Wildcats defeated South Dragons 108-104 in Round 15 (2006-2007) at John Cain Arena.,National Basketball League (NBL) Official Archive / nblR database
128,NBL_2006_2007_36212,2006-2007,2006,Regular Season,Round 15,2006-12-31,Sunday,18:30,Wollongong Hawks,South Dragons,Wollongong Hawks,South Dragons,100,105,205,5,South Dragons,Wollongong Hawks,Away Win (105-100),100-105,Four 12-minute quarters (48 min),No,,,,,,,,,,,WIN Entertainment Centre,Australia,,South Dragons victory,South Dragons defeated Wollongong Hawks 105-100 in Round 15 (2006-2007) at WIN Entertainment Centre.,National Basketball League (NBL) Official Archive / nblR database
129,NBL_2006_2007_36211,2006-2007,2006,Regular Season,Round 15,2006-12-31,Sunday,19:40,Cairns Taipans,West Sydney Razorbacks,Cairns Taipans,West Sydney Razorbacks,105,90,195,15,Cairns Taipans,West Sydney Razorbacks,Home Win (105-90),105-90,Four 12-minute quarters (48 min),No,,,,,,,,,,,Cairns Convention Centre,Australia,,Cairns Taipans victory,Cairns Taipans defeated West Sydney Razorbacks 105-90 in Round 15 (2006-2007) at Cairns Convention Centre.,National Basketball League (NBL) Official Archive / nblR database
130,NBL_2006_2007_36213,2006-2007,2006,Regular Season,Round 15,2006-12-31,Sunday,19:40,Adelaide 36ers,Perth Wildcats,Adelaide 36ers,Perth Wildcats,94,88,182,6,Adelaide 36ers,Perth Wildcats,Home Win (94-88),94-88,Four 12-minute quarters (48 min),No,,,,,,,,,,,Adelaide Arena,Australia,,Adelaide 36ers victory,Adelaide 36ers defeated Perth Wildcats 94-88 in Round 15 (2006-2007) at Adelaide Arena.,National Basketball League (NBL) Official Archive / nblR database
131,NBL_2006_2007_36214,2006-2007,2006,Regular Season,Round 15,2006-12-31,Sunday,20:00,Townsville Crocodiles,Melbourne Tigers,Townsville Crocodiles,Melbourne Tigers,110,97,207,13,Townsville Crocodiles,Melbourne Tigers,Home Win (110-97),110-97,Four 12-minute quarters (48 min),No,,,,,,,,,,,Townsville Entertainment Centre,Australia,,Townsville Crocodiles victory,Townsville Crocodiles defeated Melbourne Tigers 110-97 in Round 15 (2006-2007) at Townsville Entertainment Centre.,National Basketball League (NBL) Official Archive / nblR database
132,NBL_2006_2007_36215,2006-2007,2006,Regular Season,Round 16,2007-01-01,Monday,17:00,Sydney Kings,New Zealand Breakers,Sydney Kings,New Zealand Breakers,100,89,189,11,Sydney Kings,New Zealand Breakers,Home Win (100-89),100-89,Four 12-minute quarters (48 min),No,,,,,,,,,,,Sydney Entertainment Centre,Australia,,Sydney Kings victory,Sydney Kings defeated New Zealand Breakers 100-89 in Round 16 (2006-2007) at Sydney Entertainment Centre.,National Basketball League (NBL) Official Archive / nblR database
133,NBL_2006_2007_36216,2006-2007,2006,Regular Season,Round 16,2007-01-03,Wednesday,18:40,Brisbane Bullets,Wollongong Hawks,Brisbane Bullets,Wollongong Hawks,121,113,234,8,Brisbane Bullets,Wollongong Hawks,Home Win (121-113),121-113,Four 12-minute quarters (48 min),No,,,,,,,,,,,Brisbane Convention Centre,Australia,,Brisbane Bullets victory,Brisbane Bullets defeated Wollongong Hawks 121-113 in Round 16 (2006-2007) at Brisbane Convention Centre.,National Basketball League (NBL) Official Archive / nblR database
134,NBL_2006_2007_36217,2006-2007,2006,Regular Season,Round 16,2007-01-03,Wednesday,19:40,Singapore Slingers,South Dragons,Singapore Slingers,South Dragons,85,110,195,25,South Dragons,Singapore Slingers,Away Win (110-85),85-110,Four 12-minute quarters (48 min),No,,,,,,,,,,,Singapore Indoor Stadium,Australia,,South Dragons victory,South Dragons defeated Singapore Slingers 110-85 in Round 16 (2006-2007) at Singapore Indoor Stadium.,National Basketball League (NBL) Official Archive / nblR database
135,NBL_2006_2007_36218,2006-2007,2006,Regular Season,Round 16,2007-01-04,Thursday,19:40,Singapore Slingers,Townsville Crocodiles,Singapore Slingers,Townsville Crocodiles,114,103,217,11,Singapore Slingers,Townsville Crocodiles,Home Win (114-103),114-103,Four 12-minute quarters (48 min),No,,,,,,,,,,,Singapore Indoor Stadium,Australia,,Singapore Slingers victory,Singapore Slingers defeated Townsville Crocodiles 114-103 in Round 16 (2006-2007) at Singapore Indoor Stadium.,National Basketball League (NBL) Official Archive / nblR database
136,NBL_2006_2007_36219,2006-2007,2006,Regular Season,Round 16,2007-01-05,Friday,19:40,Wollongong Hawks,Melbourne Tigers,Wollongong Hawks,Melbourne Tigers,111,117,228,6,Melbourne Tigers,Wollongong Hawks,Away Win (117-111),111-117,Four 12-minute quarters (48 min),No,,,,,,,,,,,WIN Entertainment Centre,Australia,,Melbourne Tigers victory,Melbourne Tigers defeated Wollongong Hawks 117-111 in Round 16 (2006-2007) at WIN Entertainment Centre.,National Basketball League (NBL) Official Archive / nblR database
137,NBL_2006_2007_36222,2006-2007,2006,Regular Season,Round 16,2007-01-06,Saturday,17:40,Sydney Kings,Wollongong Hawks,Sydney Kings,Wollongong Hawks,95,90,185,5,Sydney Kings,Wollongong Hawks,Home Win (95-90),95-90,Four 12-minute quarters (48 min),No,,,,,,,,,,,Sydney Entertainment Centre,Australia,,Sydney Kings victory,Sydney Kings defeated Wollongong Hawks 95-90 in Round 16 (2006-2007) at Sydney Entertainment Centre.,National Basketball League (NBL) Official Archive / nblR database
138,NBL_2006_2007_36220,2006-2007,2006,Regular Season,Round 16,2007-01-06,Saturday,19:40,Cairns Taipans,New Zealand Breakers,Cairns Taipans,New Zealand Breakers,112,106,218,6,Cairns Taipans,New Zealand Breakers,Home Win (112-106),112-106,Four 12-minute quarters (48 min),No,,,,,,,,,,,Cairns Convention Centre,Australia,,Cairns Taipans victory,Cairns Taipans defeated New Zealand Breakers 112-106 in Round 16 (2006-2007) at Cairns Convention Centre.,National Basketball League (NBL) Official Archive / nblR database
139,NBL_2006_2007_36221,2006-2007,2006,Regular Season,Round 16,2007-01-06,Saturday,19:40,Melbourne Tigers,Adelaide 36ers,Melbourne Tigers,Adelaide 36ers,96,114,210,18,Adelaide 36ers,Melbourne Tigers,Away Win (114-96),96-114,Four 12-minute quarters (48 min),No,,,,,,,,,,,State Netball Hockey Centre,Australia,,Adelaide 36ers victory,Adelaide 36ers defeated Melbourne Tigers 114-96 in Round 16 (2006-2007) at State Netball Hockey Centre.,National Basketball League (NBL) Official Archive / nblR database
140,NBL_2006_2007_36223,2006-2007,2006,Regular Season,Round 16,2007-01-06,Saturday,19:40,Perth Wildcats,West Sydney Razorbacks,Perth Wildcats,West Sydney Razorbacks,101,81,182,20,Perth Wildcats,West Sydney Razorbacks,Home Win (101-81),101-81,Four 12-minute quarters (48 min),No,,,,,,,,,,,Challenge Stadium,Australia,,Perth Wildcats victory,Perth Wildcats defeated West Sydney Razorbacks 101-81 in Round 16 (2006-2007) at Challenge Stadium.,National Basketball League (NBL) Official Archive / nblR database
141,NBL_2006_2007_36224,2006-2007,2006,Regular Season,Round 16,2007-01-06,Saturday,19:40,Brisbane Bullets,Singapore Slingers,Brisbane Bullets,Singapore Slingers,131,116,247,15,Brisbane Bullets,Singapore Slingers,Home Win (131-116),131-116,Four 12-minute quarters (48 min),No,,,,,,,,,,,Brisbane Convention Centre,Australia,,Brisbane Bullets victory,Brisbane Bullets defeated Singapore Slingers 131-116 in Round 16 (2006-2007) at Brisbane Convention Centre.,National Basketball League (NBL) Official Archive / nblR database
142,NBL_2006_2007_36225,2006-2007,2006,Regular Season,Round 16,2007-01-07,Sunday,18:00,Townsville Crocodiles,New Zealand Breakers,Townsville Crocodiles,New Zealand Breakers,113,94,207,19,Townsville Crocodiles,New Zealand Breakers,Home Win (113-94),113-94,Four 12-minute quarters (48 min),No,,,,,,,,,,,Townsville Entertainment Centre,Australia,,Townsville Crocodiles victory,Townsville Crocodiles defeated New Zealand Breakers 113-94 in Round 16 (2006-2007) at Townsville Entertainment Centre.,National Basketball League (NBL) Official Archive / nblR database
143,NBL_2006_2007_36229,2006-2007,2006,Regular Season,Round 17,2007-01-10,Wednesday,19:10,Adelaide 36ers,Cairns Taipans,Adelaide 36ers,Cairns Taipans,99,111,210,12,Cairns Taipans,Adelaide 36ers,Away Win (111-99),99-111,Four 12-minute quarters (48 min),No,,,,,,,,,,,Adelaide Arena,Australia,,Cairns Taipans victory,Cairns Taipans defeated Adelaide 36ers 111-99 in Round 17 (2006-2007) at Adelaide Arena.,National Basketball League (NBL) Official Archive / nblR database
144,NBL_2006_2007_36226,2006-2007,2006,Regular Season,Round 17,2007-01-10,Wednesday,19:40,Singapore Slingers,Sydney Kings,Singapore Slingers,Sydney Kings,96,88,184,8,Singapore Slingers,Sydney Kings,Home Win (96-88),96-88,Four 12-minute quarters (48 min),No,,,,,,,,,,,Singapore Indoor Stadium,Australia,,Singapore Slingers victory,Singapore Slingers defeated Sydney Kings 96-88 in Round 17 (2006-2007) at Singapore Indoor Stadium.,National Basketball League (NBL) Official Archive / nblR database
145,NBL_2006_2007_36227,2006-2007,2006,Regular Season,Round 17,2007-01-10,Wednesday,19:40,Melbourne Tigers,South Dragons,Melbourne Tigers,South Dragons,106,94,200,12,Melbourne Tigers,South Dragons,Home Win (106-94),106-94,Four 12-minute quarters (48 min),No,,,,,,,,,,,State Netball Hockey Centre,Australia,,Melbourne Tigers victory,Melbourne Tigers defeated South Dragons 106-94 in Round 17 (2006-2007) at State Netball Hockey Centre.,National Basketball League (NBL) Official Archive / nblR database
146,NBL_2006_2007_36228,2006-2007,2006,Regular Season,Round 17,2007-01-10,Wednesday,19:40,West Sydney Razorbacks,Townsville Crocodiles,West Sydney Razorbacks,Townsville Crocodiles,90,129,219,39,Townsville Crocodiles,West Sydney Razorbacks,Away Win (129-90),90-129,Four 12-minute quarters (48 min),No,,,,,,,,,,,Coffs Harbour,Australia,,Townsville Crocodiles victory,Townsville Crocodiles defeated West Sydney Razorbacks 129-90 in Round 17 (2006-2007) at Coffs Harbour.,National Basketball League (NBL) Official Archive / nblR database
147,NBL_2006_2007_36230,2006-2007,2006,Regular Season,Round 17,2007-01-11,Thursday,19:00,New Zealand Breakers,Wollongong Hawks,New Zealand Breakers,Wollongong Hawks,102,132,234,30,Wollongong Hawks,New Zealand Breakers,Away Win (132-102),102-132,Four 12-minute quarters (48 min),No,,,,,,,,,,,North Shore Events Centre,Australia,,Wollongong Hawks victory,Wollongong Hawks defeated New Zealand Breakers 132-102 in Round 17 (2006-2007) at North Shore Events Centre.,National Basketball League (NBL) Official Archive / nblR database
148,NBL_2006_2007_36231,2006-2007,2006,Regular Season,Round 17,2007-01-12,Friday,19:40,Cairns Taipans,Singapore Slingers,Cairns Taipans,Singapore Slingers,101,113,214,12,Singapore Slingers,Cairns Taipans,Away Win (113-101),101-113,Four 12-minute quarters (48 min),No,,,,,,,,,,,Cairns Convention Centre,Australia,,Singapore Slingers victory,Singapore Slingers defeated Cairns Taipans 113-101 in Round 17 (2006-2007) at Cairns Convention Centre.,National Basketball League (NBL) Official Archive / nblR database
149,NBL_2006_2007_36232,2006-2007,2006,Regular Season,Round 17,2007-01-12,Friday,19:40,Perth Wildcats,Adelaide 36ers,Perth Wildcats,Adelaide 36ers,107,96,203,11,Perth Wildcats,Adelaide 36ers,Home Win (107-96),107-96,Four 12-minute quarters (48 min),No,,,,,,,,,,,Challenge Stadium,Australia,,Perth Wildcats victory,Perth Wildcats defeated Adelaide 36ers 107-96 in Round 17 (2006-2007) at Challenge Stadium.,National Basketball League (NBL) Official Archive / nblR database
150,NBL_2006_2007_36233,2006-2007,2006,Regular Season,Round 17,2007-01-13,Saturday,19:40,Wollongong Hawks,West Sydney Razorbacks,Wollongong Hawks,West Sydney Razorbacks,102,106,208,4,West Sydney Razorbacks,Wollongong Hawks,Away Win (106-102),102-106,Four 12-minute quarters (48 min),No,,,,,,,,,,,WIN Entertainment Centre,Australia,,West Sydney Razorbacks victory,West Sydney Razorbacks defeated Wollongong Hawks 106-102 in Round 17 (2006-2007) at WIN Entertainment Centre.,National Basketball League (NBL) Official Archive / nblR database
151,NBL_2006_2007_36234,2006-2007,2006,Regular Season,Round 17,2007-01-13,Saturday,19:40,Townsville Crocodiles,Singapore Slingers,Townsville Crocodiles,Singapore Slingers,140,100,240,40,Townsville Crocodiles,Singapore Slingers,Home Win (140-100),140-100,Four 12-minute quarters (48 min),No,,,,,,,,,,,Townsville Entertainment Centre,Australia,,Townsville Crocodiles victory,Townsville Crocodiles defeated Singapore Slingers 140-100 in Round 17 (2006-2007) at Townsville Entertainment Centre.,National Basketball League (NBL) Official Archive / nblR database
152,NBL_2006_2007_36236,2006-2007,2006,Regular Season,Round 17,2007-01-14,Sunday,17:00,West Sydney Razorbacks,Melbourne Tigers,West Sydney Razorbacks,Melbourne Tigers,82,115,197,33,Melbourne Tigers,West Sydney Razorbacks,Away Win (115-82),82-115,Four 12-minute quarters (48 min),No,,,,,,,,,,,"State Sports Centre, Homebush",Australia,,Melbourne Tigers victory,"Melbourne Tigers defeated West Sydney Razorbacks 115-82 in Round 17 (2006-2007) at State Sports Centre, Homebush.",National Basketball League (NBL) Official Archive / nblR database
153,NBL_2006_2007_36237,2006-2007,2006,Regular Season,Round 17,2007-01-14,Sunday,18:00,South Dragons,Cairns Taipans,South Dragons,Cairns Taipans,103,115,218,12,Cairns Taipans,South Dragons,Away Win (115-103),103-115,Four 12-minute quarters (48 min),No,,,,,,,,,,,"The Arena, Geelong",Australia,,Cairns Taipans victory,"Cairns Taipans defeated South Dragons 115-103 in Round 17 (2006-2007) at The Arena, Geelong.",National Basketball League (NBL) Official Archive / nblR database
154,NBL_2006_2007_36235,2006-2007,2006,Regular Season,Round 17,2007-01-14,Sunday,18:30,Brisbane Bullets,Sydney Kings,Brisbane Bullets,Sydney Kings,108,95,203,13,Brisbane Bullets,Sydney Kings,Home Win (108-95),108-95,Four 12-minute quarters (48 min),No,,,,,,,,,,,Brisbane Convention Centre,Australia,,Brisbane Bullets victory,Brisbane Bullets defeated Sydney Kings 108-95 in Round 17 (2006-2007) at Brisbane Convention Centre.,National Basketball League (NBL) Official Archive / nblR database
155,NBL_2006_2007_36238,2006-2007,2006,Regular Season,Round 18,2007-01-17,Wednesday,19:40,Singapore Slingers,Melbourne Tigers,Singapore Slingers,Melbourne Tigers,89,96,185,7,Melbourne Tigers,Singapore Slingers,Away Win (96-89),89-96,Four 12-minute quarters (48 min),No,,,,,,,,,,,Singapore Indoor Stadium,Australia,,Melbourne Tigers victory,Melbourne Tigers defeated Singapore Slingers 96-89 in Round 18 (2006-2007) at Singapore Indoor Stadium.,National Basketball League (NBL) Official Archive / nblR database
156,NBL_2006_2007_36239,2006-2007,2006,Regular Season,Round 18,2007-01-17,Wednesday,19:40,Wollongong Hawks,Townsville Crocodiles,Wollongong Hawks,Townsville Crocodiles,115,97,212,18,Wollongong Hawks,Townsville Crocodiles,Home Win (115-97),115-97,Four 12-minute quarters (48 min),No,,,,,,,,,,,WIN Entertainment Centre,Australia,,Wollongong Hawks victory,Wollongong Hawks defeated Townsville Crocodiles 115-97 in Round 18 (2006-2007) at WIN Entertainment Centre.,National Basketball League (NBL) Official Archive / nblR database
157,NBL_2006_2007_36240,2006-2007,2006,Regular Season,Round 18,2007-01-18,Thursday,19:00,New Zealand Breakers,Adelaide 36ers,New Zealand Breakers,Adelaide 36ers,122,114,236,8,New Zealand Breakers,Adelaide 36ers,Home Win (122-114),122-114,Four 12-minute quarters (48 min),No,,,,,,,,,,,North Shore Events Centre,Australia,,New Zealand Breakers victory,New Zealand Breakers defeated Adelaide 36ers 122-114 in Round 18 (2006-2007) at North Shore Events Centre.,National Basketball League (NBL) Official Archive / nblR database
158,NBL_2006_2007_36241,2006-2007,2006,Regular Season,Round 18,2007-01-18,Thursday,19:40,West Sydney Razorbacks,Brisbane Bullets,West Sydney Razorbacks,Brisbane Bullets,112,132,244,20,Brisbane Bullets,West Sydney Razorbacks,Away Win (132-112),112-132,Four 12-minute quarters (48 min),No,,,,,,,,,,,Albury Basketball Stadium,Australia,,Brisbane Bullets victory,Brisbane Bullets defeated West Sydney Razorbacks 132-112 in Round 18 (2006-2007) at Albury Basketball Stadium.,National Basketball League (NBL) Official Archive / nblR database
159,NBL_2006_2007_36242,2006-2007,2006,Regular Season,Round 18,2007-01-19,Friday,19:40,Cairns Taipans,Perth Wildcats,Cairns Taipans,Perth Wildcats,103,119,222,16,Perth Wildcats,Cairns Taipans,Away Win (119-103),103-119,Four 12-minute quarters (48 min),No,,,,,,,,,,,Cairns Convention Centre,Australia,,Perth Wildcats victory,Perth Wildcats defeated Cairns Taipans 119-103 in Round 18 (2006-2007) at Cairns Convention Centre.,National Basketball League (NBL) Official Archive / nblR database
160,NBL_2006_2007_36244,2006-2007,2006,Regular Season,Round 18,2007-01-20,Saturday,19:30,Sydney Kings,Adelaide 36ers,Sydney Kings,Adelaide 36ers,115,75,190,40,Sydney Kings,Adelaide 36ers,Home Win (115-75),115-75,Four 12-minute quarters (48 min),No,,,,,,,,,,,Sydney Entertainment Centre,Australia,,Sydney Kings victory,Sydney Kings defeated Adelaide 36ers 115-75 in Round 18 (2006-2007) at Sydney Entertainment Centre.,National Basketball League (NBL) Official Archive / nblR database
161,NBL_2006_2007_36243,2006-2007,2006,Regular Season,Round 18,2007-01-20,Saturday,19:40,Melbourne Tigers,New Zealand Breakers,Melbourne Tigers,New Zealand Breakers,106,101,207,5,Melbourne Tigers,New Zealand Breakers,Home Win (106-101),106-101,Four 12-minute quarters (48 min),No,,,,,,,,,,,State Netball Hockey Centre,Australia,,Melbourne Tigers victory,Melbourne Tigers defeated New Zealand Breakers 106-101 in Round 18 (2006-2007) at State Netball Hockey Centre.,National Basketball League (NBL) Official Archive / nblR database
162,NBL_2006_2007_36245,2006-2007,2006,Regular Season,Round 18,2007-01-20,Saturday,19:40,Townsville Crocodiles,Perth Wildcats,Townsville Crocodiles,Perth Wildcats,122,124,246,2,Perth Wildcats,Townsville Crocodiles,Away Win (124-122),122-124,Four 12-minute quarters (48 min),No,,,,,,,,,,,Townsville Entertainment Centre,Australia,,Perth Wildcats victory,Perth Wildcats defeated Townsville Crocodiles 124-122 in Round 18 (2006-2007) at Townsville Entertainment Centre.,National Basketball League (NBL) Official Archive / nblR database
163,NBL_2006_2007_36246,2006-2007,2006,Regular Season,Round 18,2007-01-20,Saturday,19:40,Brisbane Bullets,Wollongong Hawks,Brisbane Bullets,Wollongong Hawks,121,86,207,35,Brisbane Bullets,Wollongong Hawks,Home Win (121-86),121-86,Four 12-minute quarters (48 min),No,,,,,,,,,,,Brisbane Convention Centre,Australia,,Brisbane Bullets victory,Brisbane Bullets defeated Wollongong Hawks 121-86 in Round 18 (2006-2007) at Brisbane Convention Centre.,National Basketball League (NBL) Official Archive / nblR database
164,NBL_2006_2007_36247,2006-2007,2006,Regular Season,Round 18,2007-01-20,Saturday,19:40,South Dragons,West Sydney Razorbacks,South Dragons,West Sydney Razorbacks,90,84,174,6,South Dragons,West Sydney Razorbacks,Home Win (90-84),90-84,Four 12-minute quarters (48 min),No,,,,,,,,,,,Dandenong Basketball Stadium,Australia,,South Dragons victory,South Dragons defeated West Sydney Razorbacks 90-84 in Round 18 (2006-2007) at Dandenong Basketball Stadium.,National Basketball League (NBL) Official Archive / nblR database
165,NBL_2006_2007_36248,2006-2007,2006,Regular Season,Round 19,2007-01-22,Monday,19:40,Wollongong Hawks,Sydney Kings,Wollongong Hawks,Sydney Kings,84,88,172,4,Sydney Kings,Wollongong Hawks,Away Win (88-84),84-88,Four 12-minute quarters (48 min),No,,,,,,,,,,,WIN Entertainment Centre,Australia,,Sydney Kings victory,Sydney Kings defeated Wollongong Hawks 88-84 in Round 19 (2006-2007) at WIN Entertainment Centre.,National Basketball League (NBL) Official Archive / nblR database
166,NBL_2006_2007_36249,2006-2007,2006,Regular Season,Round 19,2007-01-24,Wednesday,18:40,Brisbane Bullets,South Dragons,Brisbane Bullets,South Dragons,117,101,218,16,Brisbane Bullets,South Dragons,Home Win (117-101),117-101,Four 12-minute quarters (48 min),No,,,,,,,,,,,Brisbane Convention Centre,Australia,,Brisbane Bullets victory,Brisbane Bullets defeated South Dragons 117-101 in Round 19 (2006-2007) at Brisbane Convention Centre.,National Basketball League (NBL) Official Archive / nblR database
167,NBL_2006_2007_36250,2006-2007,2006,Regular Season,Round 19,2007-01-24,Wednesday,19:00,New Zealand Breakers,Singapore Slingers,New Zealand Breakers,Singapore Slingers,103,100,203,3,New Zealand Breakers,Singapore Slingers,Home Win (103-100),103-100,Four 12-minute quarters (48 min),No,,,,,,,,,,,North Shore Events Centre,Australia,,New Zealand Breakers victory,New Zealand Breakers defeated Singapore Slingers 103-100 in Round 19 (2006-2007) at North Shore Events Centre.,National Basketball League (NBL) Official Archive / nblR database
168,NBL_2006_2007_36251,2006-2007,2006,Regular Season,Round 19,2007-01-25,Thursday,19:40,Townsville Crocodiles,Melbourne Tigers,Townsville Crocodiles,Melbourne Tigers,103,110,213,7,Melbourne Tigers,Townsville Crocodiles,Away Win (110-103),103-110,Four 12-minute quarters (48 min),No,,,,,,,,,,,Townsville Entertainment Centre,Australia,,Melbourne Tigers victory,Melbourne Tigers defeated Townsville Crocodiles 110-103 in Round 19 (2006-2007) at Townsville Entertainment Centre.,National Basketball League (NBL) Official Archive / nblR database
169,NBL_2006_2007_36252,2006-2007,2006,Regular Season,Round 19,2007-01-25,Thursday,19:40,Perth Wildcats,Wollongong Hawks,Perth Wildcats,Wollongong Hawks,97,88,185,9,Perth Wildcats,Wollongong Hawks,Home Win (97-88),97-88,Four 12-minute quarters (48 min),No,,,,,,,,,,,Challenge Stadium,Australia,,Perth Wildcats victory,Perth Wildcats defeated Wollongong Hawks 97-88 in Round 19 (2006-2007) at Challenge Stadium.,National Basketball League (NBL) Official Archive / nblR database
170,NBL_2006_2007_36253,2006-2007,2006,Regular Season,Round 19,2007-01-25,Thursday,19:40,West Sydney Razorbacks,Sydney Kings,West Sydney Razorbacks,Sydney Kings,106,75,181,31,West Sydney Razorbacks,Sydney Kings,Home Win (106-75),106-75,Four 12-minute quarters (48 min),No,,,,,,,,,,,"State Sports Centre, Homebush",Australia,,West Sydney Razorbacks victory,"West Sydney Razorbacks defeated Sydney Kings 106-75 in Round 19 (2006-2007) at State Sports Centre, Homebush.",National Basketball League (NBL) Official Archive / nblR database
171,NBL_2006_2007_36254,2006-2007,2006,Regular Season,Round 19,2007-01-27,Saturday,19:40,Adelaide 36ers,Brisbane Bullets,Adelaide 36ers,Brisbane Bullets,99,131,230,32,Brisbane Bullets,Adelaide 36ers,Away Win (131-99),99-131,Four 12-minute quarters (48 min),No,,,,,,,,,,,Adelaide Arena,Australia,,Brisbane Bullets victory,Brisbane Bullets defeated Adelaide 36ers 131-99 in Round 19 (2006-2007) at Adelaide Arena.,National Basketball League (NBL) Official Archive / nblR database
172,NBL_2006_2007_36255,2006-2007,2006,Regular Season,Round 19,2007-01-27,Saturday,19:40,Wollongong Hawks,New Zealand Breakers,Wollongong Hawks,New Zealand Breakers,80,99,179,19,New Zealand Breakers,Wollongong Hawks,Away Win (99-80),80-99,Four 12-minute quarters (48 min),No,,,,,,,,,,,WIN Entertainment Centre,Australia,,New Zealand Breakers victory,New Zealand Breakers defeated Wollongong Hawks 99-80 in Round 19 (2006-2007) at WIN Entertainment Centre.,National Basketball League (NBL) Official Archive / nblR database
173,NBL_2006_2007_36256,2006-2007,2006,Regular Season,Round 19,2007-01-27,Saturday,19:40,Cairns Taipans,Townsville Crocodiles,Cairns Taipans,Townsville Crocodiles,92,93,185,1,Townsville Crocodiles,Cairns Taipans,Away Win (93-92),92-93,Four 12-minute quarters (48 min),No,,,,,,,,,,,Cairns Convention Centre,Australia,,Townsville Crocodiles victory,Townsville Crocodiles defeated Cairns Taipans 93-92 in Round 19 (2006-2007) at Cairns Convention Centre.,National Basketball League (NBL) Official Archive / nblR database
174,NBL_2006_2007_36257,2006-2007,2006,Regular Season,Round 19,2007-01-27,Saturday,19:40,Melbourne Tigers,Singapore Slingers,Melbourne Tigers,Singapore Slingers,125,114,239,11,Melbourne Tigers,Singapore Slingers,Home Win (125-114),125-114,Four 12-minute quarters (48 min),No,,,,,,,,,,,State Netball Hockey Centre,Australia,,Melbourne Tigers victory,Melbourne Tigers defeated Singapore Slingers 125-114 in Round 19 (2006-2007) at State Netball Hockey Centre.,National Basketball League (NBL) Official Archive / nblR database
175,NBL_2006_2007_36258,2006-2007,2006,Regular Season,Round 19,2007-01-28,Sunday,16:00,Perth Wildcats,South Dragons,Perth Wildcats,South Dragons,100,98,198,2,Perth Wildcats,South Dragons,Home Win (100-98),100-98,Four 12-minute quarters (48 min),No,,,,,,,,,,,Challenge Stadium,Australia,,Perth Wildcats victory,Perth Wildcats defeated South Dragons 100-98 in Round 19 (2006-2007) at Challenge Stadium.,National Basketball League (NBL) Official Archive / nblR database
176,NBL_2006_2007_36259,2006-2007,2006,Regular Season,Round 19,2007-01-28,Sunday,18:00,Sydney Kings,Melbourne Tigers,Sydney Kings,Melbourne Tigers,82,81,163,1,Sydney Kings,Melbourne Tigers,Home Win (82-81),82-81,Four 12-minute quarters (48 min),No,,,,,,,,,,,Sydney Entertainment Centre,Australia,,Sydney Kings victory,Sydney Kings defeated Melbourne Tigers 82-81 in Round 19 (2006-2007) at Sydney Entertainment Centre.,National Basketball League (NBL) Official Archive / nblR database
177,NBL_2006_2007_36260,2006-2007,2006,Regular Season,Round 20,2007-01-31,Wednesday,19:40,Singapore Slingers,Adelaide 36ers,Singapore Slingers,Adelaide 36ers,105,100,205,5,Singapore Slingers,Adelaide 36ers,Home Win (105-100),105-100,Four 12-minute quarters (48 min),No,,,,,,,,,,,Singapore Indoor Stadium,Australia,,Singapore Slingers victory,Singapore Slingers defeated Adelaide 36ers 105-100 in Round 20 (2006-2007) at Singapore Indoor Stadium.,National Basketball League (NBL) Official Archive / nblR database
178,NBL_2006_2007_36261,2006-2007,2006,Regular Season,Round 20,2007-01-31,Wednesday,19:40,Melbourne Tigers,Perth Wildcats,Melbourne Tigers,Perth Wildcats,95,90,185,5,Melbourne Tigers,Perth Wildcats,Home Win (95-90),95-90,Four 12-minute quarters (48 min),No,,,,,,,,,,,State Netball Hockey Centre,Australia,,Melbourne Tigers victory,Melbourne Tigers defeated Perth Wildcats 95-90 in Round 20 (2006-2007) at State Netball Hockey Centre.,National Basketball League (NBL) Official Archive / nblR database
179,NBL_2006_2007_36262,2006-2007,2006,Regular Season,Round 20,2007-02-01,Thursday,19:00,New Zealand Breakers,South Dragons,New Zealand Breakers,South Dragons,102,106,208,4,South Dragons,New Zealand Breakers,Away Win (106-102),102-106,Four 12-minute quarters (48 min),No,,,,,,,,,,,North Shore Events Centre,Australia,,South Dragons victory,South Dragons defeated New Zealand Breakers 106-102 in Round 20 (2006-2007) at North Shore Events Centre.,National Basketball League (NBL) Official Archive / nblR database
180,NBL_2006_2007_36263,2006-2007,2006,Regular Season,Round 20,2007-02-02,Friday,19:40,Cairns Taipans,West Sydney Razorbacks,Cairns Taipans,West Sydney Razorbacks,97,92,189,5,Cairns Taipans,West Sydney Razorbacks,Home Win (97-92),97-92,Four 12-minute quarters (48 min),No,,,,,,,,,,,Cairns Convention Centre,Australia,,Cairns Taipans victory,Cairns Taipans defeated West Sydney Razorbacks 97-92 in Round 20 (2006-2007) at Cairns Convention Centre.,National Basketball League (NBL) Official Archive / nblR database
181,NBL_2006_2007_36264,2006-2007,2006,Regular Season,Round 20,2007-02-02,Friday,19:40,Wollongong Hawks,Singapore Slingers,Wollongong Hawks,Singapore Slingers,93,96,189,3,Singapore Slingers,Wollongong Hawks,Away Win (96-93),93-96,Four 12-minute quarters (48 min),No,,,,,,,,,,,WIN Entertainment Centre,Australia,,Singapore Slingers victory,Singapore Slingers defeated Wollongong Hawks 96-93 in Round 20 (2006-2007) at WIN Entertainment Centre.,National Basketball League (NBL) Official Archive / nblR database
182,NBL_2006_2007_36265,2006-2007,2006,Regular Season,Round 20,2007-02-03,Saturday,19:40,Sydney Kings,Wollongong Hawks,Sydney Kings,Wollongong Hawks,105,81,186,24,Sydney Kings,Wollongong Hawks,Home Win (105-81),105-81,Four 12-minute quarters (48 min),No,,,,,,,,,,,AIS Arena,Australia,,Sydney Kings victory,Sydney Kings defeated Wollongong Hawks 105-81 in Round 20 (2006-2007) at AIS Arena.,National Basketball League (NBL) Official Archive / nblR database
183,NBL_2006_2007_36267,2006-2007,2006,Regular Season,Round 20,2007-02-03,Saturday,19:40,Adelaide 36ers,Melbourne Tigers,Adelaide 36ers,Melbourne Tigers,96,125,221,29,Melbourne Tigers,Adelaide 36ers,Away Win (125-96),96-125,Four 12-minute quarters (48 min),No,,,,,,,,,,,Adelaide Arena,Australia,,Melbourne Tigers victory,Melbourne Tigers defeated Adelaide 36ers 125-96 in Round 20 (2006-2007) at Adelaide Arena.,National Basketball League (NBL) Official Archive / nblR database
184,NBL_2006_2007_36268,2006-2007,2006,Regular Season,Round 20,2007-02-03,Saturday,19:40,South Dragons,Singapore Slingers,South Dragons,Singapore Slingers,100,114,214,14,Singapore Slingers,South Dragons,Away Win (114-100),100-114,Four 12-minute quarters (48 min),No,,,,,,,,,,,John Cain Arena,Australia,,Singapore Slingers victory,Singapore Slingers defeated South Dragons 114-100 in Round 20 (2006-2007) at John Cain Arena.,National Basketball League (NBL) Official Archive / nblR database
185,NBL_2006_2007_36269,2006-2007,2006,Regular Season,Round 20,2007-02-03,Saturday,19:40,Brisbane Bullets,New Zealand Breakers,Brisbane Bullets,New Zealand Breakers,132,98,230,34,Brisbane Bullets,New Zealand Breakers,Home Win (132-98),132-98,Four 12-minute quarters (48 min),No,,,,,,,,,,,Sleeman Sports Centre,Australia,,Brisbane Bullets victory,Brisbane Bullets defeated New Zealand Breakers 132-98 in Round 20 (2006-2007) at Sleeman Sports Centre.,National Basketball League (NBL) Official Archive / nblR database
186,NBL_2006_2007_36266,2006-2007,2006,Regular Season,Round 20,2007-02-03,Saturday,20:00,Townsville Crocodiles,West Sydney Razorbacks,Townsville Crocodiles,West Sydney Razorbacks,123,93,216,30,Townsville Crocodiles,West Sydney Razorbacks,Home Win (123-93),123-93,Four 12-minute quarters (48 min),No,,,,,,,,,,,Townsville Entertainment Centre,Australia,,Townsville Crocodiles victory,Townsville Crocodiles defeated West Sydney Razorbacks 123-93 in Round 20 (2006-2007) at Townsville Entertainment Centre.,National Basketball League (NBL) Official Archive / nblR database
187,NBL_2006_2007_36270,2006-2007,2006,Regular Season,Round 20,2007-02-04,Sunday,16:00,Perth Wildcats,Cairns Taipans,Perth Wildcats,Cairns Taipans,104,109,213,5,Cairns Taipans,Perth Wildcats,Away Win (109-104),104-109,Four 12-minute quarters (48 min),No,,,,,,,,,,,"Marrara Indoor Stadium, Darwin",Australia,,Cairns Taipans victory,"Cairns Taipans defeated Perth Wildcats 109-104 in Round 20 (2006-2007) at Marrara Indoor Stadium, Darwin.",National Basketball League (NBL) Official Archive / nblR database
188,NBL_2006_2007_36271,2006-2007,2006,Regular Season,Round 21,2007-02-07,Wednesday,19:40,South Dragons,Adelaide 36ers,South Dragons,Adelaide 36ers,149,147,296,2,South Dragons,Adelaide 36ers,Home Win (149-147),149-147,Four 12-minute quarters (48 min),No,,,,,,,,,,,"The Arena, Geelong",Australia,,South Dragons victory,"South Dragons defeated Adelaide 36ers 149-147 in Round 21 (2006-2007) at The Arena, Geelong.",National Basketball League (NBL) Official Archive / nblR database
189,NBL_2006_2007_36272,2006-2007,2006,Regular Season,Round 21,2007-02-07,Wednesday,19:40,Wollongong Hawks,Perth Wildcats,Wollongong Hawks,Perth Wildcats,94,92,186,2,Wollongong Hawks,Perth Wildcats,Home Win (94-92),94-92,Four 12-minute quarters (48 min),No,,,,,,,,,,,WIN Entertainment Centre,Australia,,Wollongong Hawks victory,Wollongong Hawks defeated Perth Wildcats 94-92 in Round 21 (2006-2007) at WIN Entertainment Centre.,National Basketball League (NBL) Official Archive / nblR database
190,NBL_2006_2007_36273,2006-2007,2006,Regular Season,Round 21,2007-02-07,Wednesday,19:40,Singapore Slingers,Brisbane Bullets,Singapore Slingers,Brisbane Bullets,102,134,236,32,Brisbane Bullets,Singapore Slingers,Away Win (134-102),102-134,Four 12-minute quarters (48 min),No,,,,,,,,,,,Singapore Indoor Stadium,Australia,,Brisbane Bullets victory,Brisbane Bullets defeated Singapore Slingers 134-102 in Round 21 (2006-2007) at Singapore Indoor Stadium.,National Basketball League (NBL) Official Archive / nblR database
191,NBL_2006_2007_36274,2006-2007,2006,Regular Season,Round 21,2007-02-08,Thursday,19:00,New Zealand Breakers,West Sydney Razorbacks,New Zealand Breakers,West Sydney Razorbacks,125,104,229,21,New Zealand Breakers,West Sydney Razorbacks,Home Win (125-104),125-104,Four 12-minute quarters (48 min),No,,,,,,,,,,,North Shore Events Centre,Australia,,New Zealand Breakers victory,New Zealand Breakers defeated West Sydney Razorbacks 125-104 in Round 21 (2006-2007) at North Shore Events Centre.,National Basketball League (NBL) Official Archive / nblR database
192,NBL_2006_2007_36275,2006-2007,2006,Regular Season,Round 21,2007-02-09,Friday,19:40,Adelaide 36ers,Cairns Taipans,Adelaide 36ers,Cairns Taipans,98,89,187,9,Adelaide 36ers,Cairns Taipans,Home Win (98-89),98-89,Four 12-minute quarters (48 min),No,,,,,,,,,,,Adelaide Arena,Australia,,Adelaide 36ers victory,Adelaide 36ers defeated Cairns Taipans 98-89 in Round 21 (2006-2007) at Adelaide Arena.,National Basketball League (NBL) Official Archive / nblR database
193,NBL_2006_2007_36277,2006-2007,2006,Regular Season,Round 21,2007-02-10,Saturday,19:40,Melbourne Tigers,Sydney Kings,Melbourne Tigers,Sydney Kings,99,83,182,16,Melbourne Tigers,Sydney Kings,Home Win (99-83),99-83,Four 12-minute quarters (48 min),No,,,,,,,,,,,State Netball Hockey Centre,Australia,,Melbourne Tigers victory,Melbourne Tigers defeated Sydney Kings 99-83 in Round 21 (2006-2007) at State Netball Hockey Centre.,National Basketball League (NBL) Official Archive / nblR database
194,NBL_2006_2007_36278,2006-2007,2006,Regular Season,Round 21,2007-02-10,Saturday,19:40,West Sydney Razorbacks,Wollongong Hawks,West Sydney Razorbacks,Wollongong Hawks,101,91,192,10,West Sydney Razorbacks,Wollongong Hawks,Home Win (101-91),101-91,Four 12-minute quarters (48 min),No,,,,,,,,,,,"State Sports Centre, Homebush",Australia,,West Sydney Razorbacks victory,"West Sydney Razorbacks defeated Wollongong Hawks 101-91 in Round 21 (2006-2007) at State Sports Centre, Homebush.",National Basketball League (NBL) Official Archive / nblR database
195,NBL_2006_2007_36276,2006-2007,2006,Regular Season,Round 21,2007-02-10,Saturday,20:00,Townsville Crocodiles,Brisbane Bullets,Townsville Crocodiles,Brisbane Bullets,128,130,258,2,Brisbane Bullets,Townsville Crocodiles,Away Win (130-128),128-130,Four 12-minute quarters (48 min),No,,,,,,,,,,,Townsville Entertainment Centre,Australia,,Brisbane Bullets victory,Brisbane Bullets defeated Townsville Crocodiles 130-128 in Round 21 (2006-2007) at Townsville Entertainment Centre.,National Basketball League (NBL) Official Archive / nblR database
196,NBL_2006_2007_36280,2006-2007,2006,Regular Season,Round 21,2007-02-11,Sunday,16:00,Perth Wildcats,New Zealand Breakers,Perth Wildcats,New Zealand Breakers,99,94,193,5,Perth Wildcats,New Zealand Breakers,Home Win (99-94),99-94,Four 12-minute quarters (48 min),No,,,,,,,,,,,Challenge Stadium,Australia,,Perth Wildcats victory,Perth Wildcats defeated New Zealand Breakers 99-94 in Round 21 (2006-2007) at Challenge Stadium.,National Basketball League (NBL) Official Archive / nblR database
197,NBL_2006_2007_36279,2006-2007,2006,Regular Season,Round 21,2007-02-11,Sunday,18:00,Cairns Taipans,Brisbane Bullets,Cairns Taipans,Brisbane Bullets,102,103,205,1,Brisbane Bullets,Cairns Taipans,Away Win (103-102),102-103,Four 12-minute quarters (48 min),No,,,,,,,,,,,Cairns Convention Centre,Australia,,Brisbane Bullets victory,Brisbane Bullets defeated Cairns Taipans 103-102 in Round 21 (2006-2007) at Cairns Convention Centre.,National Basketball League (NBL) Official Archive / nblR database
198,NBL_2006_2007_36281,2006-2007,2006,Regular Season,Round 21,2007-02-11,Sunday,18:00,Sydney Kings,Singapore Slingers,Sydney Kings,Singapore Slingers,102,76,178,26,Sydney Kings,Singapore Slingers,Home Win (102-76),102-76,Four 12-minute quarters (48 min),No,,,,,,,,,,,Sydney Entertainment Centre,Australia,,Sydney Kings victory,Sydney Kings defeated Singapore Slingers 102-76 in Round 21 (2006-2007) at Sydney Entertainment Centre.,National Basketball League (NBL) Official Archive / nblR database
199,NBL_2006_2007_36282,2006-2007,2006,Playoffs (Elimination / Quarter-Finals),Finals Round 22,2007-02-14,Wednesday,18:40,Townsville Crocodiles,Singapore Slingers,Townsville Crocodiles,Singapore Slingers,106,93,199,13,Townsville Crocodiles,Singapore Slingers,Home Win (106-93),106-93,Four 12-minute quarters (48 min),No,,,,,,,,,,,Townsville Entertainment Centre,Australia,,Townsville Crocodiles victory,Townsville Crocodiles defeated Singapore Slingers 106-93 in Finals Round 22 (2006-2007) at Townsville Entertainment Centre.,National Basketball League (NBL) Official Archive / nblR database
200,NBL_2006_2007_36283,2006-2007,2006,Playoffs (Elimination / Quarter-Finals),Finals Round 22,2007-02-15,Thursday,18:40,Cairns Taipans,South Dragons,Cairns Taipans,South Dragons,118,97,215,21,Cairns Taipans,South Dragons,Home Win (118-97),118-97,Four 12-minute quarters (48 min),No,,,,,,,,,,,Cairns Convention Centre,Australia,,Cairns Taipans victory,Cairns Taipans defeated South Dragons 118-97 in Finals Round 22 (2006-2007) at Cairns Convention Centre.,National Basketball League (NBL) Official Archive / nblR database
201,NBL_2006_2007_36284,2006-2007,2006,Playoffs (Elimination / Quarter-Finals),Finals Round 22,2007-02-16,Friday,19:40,Sydney Kings,Townsville Crocodiles,Sydney Kings,Townsville Crocodiles,122,89,211,33,Sydney Kings,Townsville Crocodiles,Home Win (122-89),122-89,Four 12-minute quarters (48 min),No,,,,,,,,,,,Sydney Entertainment Centre,Australia,,Sydney Kings victory,Sydney Kings defeated Townsville Crocodiles 122-89 in Finals Round 22 (2006-2007) at Sydney Entertainment Centre.,National Basketball League (NBL) Official Archive / nblR database
202,NBL_2006_2007_36285,2006-2007,2006,Playoffs (Elimination / Quarter-Finals),Finals Round 22,2007-02-17,Saturday,17:40,Perth Wildcats,Cairns Taipans,Perth Wildcats,Cairns Taipans,78,82,160,4,Cairns Taipans,Perth Wildcats,Away Win (82-78),78-82,Four 12-minute quarters (48 min),No,,,,,,,,,,,Challenge Stadium,Australia,,Cairns Taipans victory,Cairns Taipans defeated Perth Wildcats 82-78 in Finals Round 22 (2006-2007) at Challenge Stadium.,National Basketball League (NBL) Official Archive / nblR database
203,NBL_2006_2007_36286,2006-2007,2006,Playoffs (Semi-Finals),Semi-Finals,2007-02-20,Tuesday,18:40,Brisbane Bullets,Sydney Kings,Brisbane Bullets,Sydney Kings,91,84,175,7,Brisbane Bullets,Sydney Kings,Home Win (91-84),91-84,Four 12-minute quarters (48 min),No,,,,,,,,,,,"Boondall, Brisbane",Australia,,Brisbane Bullets victory,"Brisbane Bullets defeated Sydney Kings 91-84 in Semi-Finals (2006-2007) at Boondall, Brisbane.",National Basketball League (NBL) Official Archive / nblR database
204,NBL_2006_2007_36287,2006-2007,2006,Playoffs (Semi-Finals),Semi-Finals,2007-02-21,Wednesday,19:40,Melbourne Tigers,Cairns Taipans,Melbourne Tigers,Cairns Taipans,100,87,187,13,Melbourne Tigers,Cairns Taipans,Home Win (100-87),100-87,Four 12-minute quarters (48 min),No,,,,,,,,,,,State Netball Hockey Centre,Australia,,Melbourne Tigers victory,Melbourne Tigers defeated Cairns Taipans 100-87 in Semi-Finals (2006-2007) at State Netball Hockey Centre.,National Basketball League (NBL) Official Archive / nblR database
205,NBL_2006_2007_36288,2006-2007,2006,Playoffs (Semi-Finals),Semi-Finals,2007-02-22,Thursday,19:40,Sydney Kings,Brisbane Bullets,Sydney Kings,Brisbane Bullets,86,93,179,7,Brisbane Bullets,Sydney Kings,Away Win (93-86),86-93,Four 12-minute quarters (48 min),No,,,,,,,,,,,Sydney Entertainment Centre,Australia,,Brisbane Bullets victory,Brisbane Bullets defeated Sydney Kings 93-86 in Semi-Finals (2006-2007) at Sydney Entertainment Centre.,National Basketball League (NBL) Official Archive / nblR database
206,NBL_2006_2007_36289,2006-2007,2006,Playoffs (Semi-Finals),Semi-Finals,2007-02-23,Friday,18:40,Cairns Taipans,Melbourne Tigers,Cairns Taipans,Melbourne Tigers,87,95,182,8,Melbourne Tigers,Cairns Taipans,Away Win (95-87),87-95,Four 12-minute quarters (48 min),No,,,,,,,,,,,Cairns Convention Centre,Australia,,Melbourne Tigers victory,Melbourne Tigers defeated Cairns Taipans 95-87 in Semi-Finals (2006-2007) at Cairns Convention Centre.,National Basketball League (NBL) Official Archive / nblR database
207,NBL_2006_2007_36290,2006-2007,2006,Finals (Grand Final),Grand Final,2007-03-02,Friday,18:40,Brisbane Bullets,Melbourne Tigers,Brisbane Bullets,Melbourne Tigers,98,95,193,3,Brisbane Bullets,Melbourne Tigers,Home Win (98-95),98-95,Four 12-minute quarters (48 min),No,,,,,,,,,,,"Boondall, Brisbane",Australia,,Brisbane Bullets victory,"Brisbane Bullets defeated Melbourne Tigers 98-95 in Grand Final (2006-2007) at Boondall, Brisbane.",National Basketball League (NBL) Official Archive / nblR database
208,NBL_2006_2007_36291,2006-2007,2006,Finals (Grand Final),Grand Final,2007-03-04,Sunday,19:40,Melbourne Tigers,Brisbane Bullets,Melbourne Tigers,Brisbane Bullets,105,91,196,14,Melbourne Tigers,Brisbane Bullets,Home Win (105-91),105-91,Four 12-minute quarters (48 min),No,,,,,,,,,,,State Netball Hockey Centre,Australia,,Melbourne Tigers victory,Melbourne Tigers defeated Brisbane Bullets 105-91 in Grand Final (2006-2007) at State Netball Hockey Centre.,National Basketball League (NBL) Official Archive / nblR database
209,NBL_2006_2007_36292,2006-2007,2006,Finals (Grand Final),Grand Final,2007-03-07,Wednesday,18:40,Brisbane Bullets,Melbourne Tigers,Brisbane Bullets,Melbourne Tigers,113,93,206,20,Brisbane Bullets,Melbourne Tigers,Home Win (113-93),113-93,Four 12-minute quarters (48 min),No,,,,,,,,,,,"Boondall, Brisbane",Australia,,Brisbane Bullets victory,"Brisbane Bullets defeated Melbourne Tigers 113-93 in Grand Final (2006-2007) at Boondall, Brisbane.",National Basketball League (NBL) Official Archive / nblR database
210,NBL_2006_2007_36293,2006-2007,2006,Finals (Grand Final),Grand Final,2007-03-09,Friday,19:40,Melbourne Tigers,Brisbane Bullets,Melbourne Tigers,Brisbane Bullets,94,103,197,9,Brisbane Bullets,Melbourne Tigers,Away Win (103-94),94-103,Four 12-minute quarters (48 min),No,,,,,,,,,,,State Netball Hockey Centre,Australia,,Brisbane Bullets victory,Brisbane Bullets defeated Melbourne Tigers 103-94 in Grand Final (2006-2007) at State Netball Hockey Centre.,National Basketball League (NBL) Official Archive / nblR database
