Match Number,Match ID,Season,Season Year,Competition,Match Type,Division / Group,Stage / Round,Date,Start Date,End Date,Duration (Days),Team A,Team B,Home,Away,Toss Winner,Toss Decision,First Innings Team,Second Innings Team,Innings 1 Team,Innings 1 Score,Innings 1 Runs,Innings 1 Wickets,Innings 1 Overs,Innings 2 Team,Innings 2 Score,Innings 2 Runs,Innings 2 Wickets,Innings 2 Overs,Follow-On Enforced,Innings 3 Team,Innings 3 Score,Innings 3 Runs,Innings 3 Wickets,Innings 3 Overs,Innings 4 Team,Innings 4 Score,Innings 4 Runs,Innings 4 Wickets,Innings 4 Overs,Total Runs,Total Wickets,Match Score,Result,Winner,Loser,Winning Margin,Margin Value,Margin Type,Player of the Match,Notable Players,Venue,City,Umpires,A Succint one line match comment to summarise that match,Primary Data Source
1,CCH_804159,2015,2015,County Championship,Division One,Division One,Group Stage,2015-04-12,2015-04-12,2015-04-15,4,Sussex,Hampshire,Hampshire,Sussex,Sussex,bat,Sussex,Hampshire,Sussex,444/10 (142.4 ov),444,10,142.4 ov,Hampshire,231/10 (50.3 ov),231,10,50.3 ov,No,Sussex,164/10 (53.0 ov),164,10,53.0 ov,Hampshire,285/10 (66.0 ov),285,10,66.0 ov,1124,40,Sussex 444/10 & 164/10 - Hampshire 231/10 & 285/10,Win,Sussex,Hampshire,92 runs,92,runs,,"Sussex: BC Brown 144, LJ Wright 96, DR Briggs 4 wkts, GK Berg 3 wkts | Hampshire: SM Ervine 66, CP Wood 48, A Shahzad 3 wkts, TS Mills 2 wkts | Sussex: LJ Wright 61, A Shahzad 28, JA Tomlinson 4 wkts, DR Briggs 3 wkts | Hampshire: MA Carberry 79, SM Ervine 42, A Shahzad 3 wkts, LWP Wells 2 wkts","The Rose Bowl, Southampton",Southampton,AG Wharf; RJ Evans,"Sussex defeated Hampshire by 92 runs at The Rose Bowl, Southampton (Southampton).",Cricsheet JSON v1.2.0 Open Data / ECB Official Scorecards
2,CCH_804161,2015,2015,County Championship,Division One,Division One,Group Stage,2015-04-12,2015-04-12,2015-04-15,4,Nottinghamshire,Middlesex,Middlesex,Nottinghamshire,Nottinghamshire,bat,Nottinghamshire,Middlesex,Nottinghamshire,298/10 (93.5 ov),298,10,93.5 ov,Middlesex,181/9 (66.2 ov),181,9,66.2 ov,No,Nottinghamshire,401/8d (96.0 ov),401,8,96.0 ov,Middlesex,300/7 (119.5 ov),300,7,119.5 ov,1180,34,Nottinghamshire 298/10 & 401/8d - Middlesex 181/9 & 300/7,Draw,Draw,None,Draw,,draw,,"Nottinghamshire: BRM Taylor 106, CMW Read 62, JAR Harris 4 wkts, ST Finn 2 wkts | Middlesex: SD Robson 35, JA Simpson 35, SR Patel 3 wkts, HF Gurney 3 wkts | Nottinghamshire: CMW Read 101, JWA Taylor 61, TJ Murtagh 3 wkts, AC Voges 2 wkts | Middlesex: NRD Compton 85, AC Voges 72, HF Gurney 3 wkts, JT Ball 2 wkts","Lord's, London",London,MA Gough; NGB Cook,"Match drawn between Nottinghamshire and Middlesex at Lord's, London (London).",Cricsheet JSON v1.2.0 Open Data / ECB Official Scorecards
3,CCH_804163,2015,2015,County Championship,Division One,Division One,Group Stage,2015-04-12,2015-04-12,2015-04-14,3,Somerset,Durham,Somerset,Durham,Somerset,bat,Somerset,Durham,Somerset,299/10 (75.5 ov),299,10,75.5 ov,Durham,380/10 (93.0 ov),380,10,93.0 ov,No,Somerset,230/10 (59.5 ov),230,10,59.5 ov,Durham,150/3 (32.4 ov),150,3,32.4 ov,1059,33,Somerset 299/10 & 230/10 - Durham 380/10 & 150/3,Win,Durham,Somerset,7 wickets,7,wickets,,"Somerset: JG Myburgh 118, JC Hildreth 53, PD Collingwood 5 wkts, G Onions 4 wkts | Durham: PD Collingwood 109, SG Borthwick 94, L Gregory 5 wkts, PD Trego 2 wkts | Somerset: PD Trego 79, Abdur Rehman 55, C Rushworth 6 wkts, G Onions 2 wkts | Durham: SG Borthwick 51, MJ Richardson 28, J Overton 1 wkts, TD Groenewald 1 wkts","County Ground, Taunton",Taunton,MR Benson; NGC Cowley,"Durham defeated Somerset by 7 wickets at County Ground, Taunton (Taunton).",Cricsheet JSON v1.2.0 Open Data / ECB Official Scorecards
4,CCH_804303,2015,2015,County Championship,Division Two,Division Two,Group Stage,2015-04-12,2015-04-12,2015-04-15,4,Glamorgan,Leicestershire,Leicestershire,Glamorgan,Glamorgan,bat,Glamorgan,Leicestershire,Glamorgan,513/9d (123.5 ov),513,9,123.5 ov,Leicestershire,435/10 (121.4 ov),435,10,121.4 ov,No,Glamorgan,227/7d (65.0 ov),227,7,65.0 ov,Leicestershire,141/3 (38.4 ov),141,3,38.4 ov,1316,29,Glamorgan 513/9d & 227/7d - Leicestershire 435/10 & 141/3,Draw,Draw,None,Draw,,draw,,"Glamorgan: WD Bragg 120, JA Rudolph 111, OH Freckingham 3 wkts, A Sheikh 3 wkts | Leicestershire: EJH Eckersley 147, AJ Robson 83, A Carter 4 wkts, CAJ Meschede 3 wkts | Glamorgan: CB Cooke 81, CAJ Meschede 33, OH Freckingham 2 wkts, BA Raine 2 wkts | Leicestershire: MJ Cosgrove 59, ND Pinner 42, GG Wagg 1 wkts, DA Cosker 1 wkts","Grace Road, Leicester",Leicester,MJ Saggers; SA Garratt,"Match drawn between Glamorgan and Leicestershire at Grace Road, Leicester (Leicester).",Cricsheet JSON v1.2.0 Open Data / ECB Official Scorecards
5,CCH_804305,2015,2015,County Championship,Division Two,Division Two,Group Stage,2015-04-12,2015-04-12,2015-04-15,4,Northamptonshire,Gloucestershire,Northamptonshire,Gloucestershire,Gloucestershire,field,Northamptonshire,Gloucestershire,Northamptonshire,333/10 (84.2 ov),333,10,84.2 ov,Gloucestershire,296/10 (82.5 ov),296,10,82.5 ov,No,Northamptonshire,416/8d (97.5 ov),416,8,97.5 ov,Gloucestershire,267/2 (95.5 ov),267,2,95.5 ov,1312,30,Northamptonshire 333/10 & 416/8d - Gloucestershire 296/10 & 267/2,Draw,Draw,None,Draw,,draw,,"Northamptonshire: AM Rossington 95, DJ Willey 62, CN Miles 6 wkts, K Noema-Barnett 3 wkts | Gloucestershire: GO Jones 80, GH Roderick 56, DJ Willey 4 wkts, Azharullah 3 wkts | Northamptonshire: DJ Willey 104, RI Keogh 81, LC Norwell 2 wkts, CN Miles 2 wkts | Gloucestershire: CDJ Dent 104, WA Tavare 66, RI Keogh 1 wkts, Azharullah 1 wkts","County Ground, Northampton",Northampton,PJ Hartley; SJ O'Shaughnessy,"Match drawn between Northamptonshire and Gloucestershire at County Ground, Northampton (Northampton).",Cricsheet JSON v1.2.0 Open Data / ECB Official Scorecards
6,CCH_804167,2015,2015,County Championship,Division One,Division One,Group Stage,2015-04-19,2015-04-19,2015-04-22,4,Nottinghamshire,Yorkshire,Nottinghamshire,Yorkshire,Yorkshire,field,Nottinghamshire,Yorkshire,Nottinghamshire,428/10 (108.5 ov),428,10,108.5 ov,Yorkshire,441/10 (148.0 ov),441,10,148.0 ov,No,Nottinghamshire,354/7d (105.2 ov),354,7,105.2 ov,,,,,,1223,27,Nottinghamshire 428/10 & 354/7d - Yorkshire 441/10,Draw,Draw,None,Draw,,draw,,"Nottinghamshire: AD Hales 236, JWA Taylor 59, SA Patterson 3 wkts, JA Brooks 3 wkts | Yorkshire: JA Leaning 116, AZ Lees 100, SR Patel 4 wkts, HF Gurney 3 wkts | Nottinghamshire: CMW Read 83, SR Patel 76, WMH Rhodes 2 wkts, SA Patterson 1 wkts","Trent Bridge, Nottingham",Nottingham,RJ Bailey; RJ Evans,"Match drawn between Nottinghamshire and Yorkshire at Trent Bridge, Nottingham (Nottingham).",Cricsheet JSON v1.2.0 Open Data / ECB Official Scorecards
7,CCH_804169,2015,2015,County Championship,Division One,Division One,Group Stage,2015-04-19,2015-04-19,2015-04-22,4,Sussex,Worcestershire,Sussex,Worcestershire,Sussex,bat,Sussex,Worcestershire,Sussex,345/10 (79.0 ov),345,10,79.0 ov,Worcestershire,389/10 (105.5 ov),389,10,105.5 ov,No,Sussex,290/10 (87.0 ov),290,10,87.0 ov,Worcestershire,185/10 (60.4 ov),185,10,60.4 ov,1209,40,Sussex 345/10 & 290/10 - Worcestershire 389/10 & 185/10,Win,Sussex,Worcestershire,61 runs,61,runs,,"Sussex: MW Machan 135, LJ Wright 51, GM Andrew 3 wkts, SMSM Senanayake 2 wkts | Worcestershire: RK Oliver 101, AN Kervezee 93, SJ Magoffin 3 wkts, ME Hobden 3 wkts | Sussex: EC Joyce 82, MW Machan 55, SMSM Senanayake 4 wkts, AN Kervezee 3 wkts | Worcestershire: OB Cox 48, RK Oliver 27, A Shahzad 5 wkts, SJ Magoffin 2 wkts","County Ground, Hove",Brighton,NL Bainton; SJ O'Shaughnessy,"Sussex defeated Worcestershire by 61 runs at County Ground, Hove (Brighton).",Cricsheet JSON v1.2.0 Open Data / ECB Official Scorecards
8,CCH_804171,2015,2015,County Championship,Division One,Division One,Group Stage,2015-04-19,2015-04-19,2015-04-22,4,Hampshire,Warwickshire,Warwickshire,Hampshire,Warwickshire,field,Hampshire,Warwickshire,Hampshire,319/10 (90.2 ov),319,10,90.2 ov,Warwickshire,280/10 (85.4 ov),280,10,85.4 ov,No,Hampshire,339/10 (94.5 ov),339,10,94.5 ov,Warwickshire,244/5 (106.0 ov),244,5,106.0 ov,1182,35,Hampshire 319/10 & 339/10 - Warwickshire 280/10 & 244/5,Draw,Draw,None,Draw,,draw,,"Hampshire: AJA Wheater 74, JHK Adams 53, WB Rankin 6 wkts, CJC Wright 3 wkts | Warwickshire: TR Ambrose 113, KHD Barker 31, JA Tomlinson 3 wkts, SM Ervine 2 wkts | Hampshire: SM Ervine 102, MA Carberry 81, R Clarke 3 wkts, CJC Wright 2 wkts | Warwickshire: V Chopra 119, IJ Westwood 40, JA Tomlinson 2 wkts, WR Smith 1 wkts","Edgbaston, Birmingham",Birmingham,GD Lloyd; RT Robinson,"Match drawn between Hampshire and Warwickshire at Edgbaston, Birmingham (Birmingham).",Cricsheet JSON v1.2.0 Open Data / ECB Official Scorecards
9,CCH_804307,2015,2015,County Championship,Division Two,Division Two,Group Stage,2015-04-19,2015-04-19,2015-04-22,4,Lancashire,Derbyshire,Derbyshire,Lancashire,Derbyshire,field,Lancashire,Derbyshire,Lancashire,293/10 (98.2 ov),293,10,98.2 ov,Derbyshire,274/10 (79.2 ov),274,10,79.2 ov,No,Lancashire,345/10 (92.1 ov),345,10,92.1 ov,Derbyshire,114/10 (41.5 ov),114,10,41.5 ov,1026,40,Lancashire 293/10 & 345/10 - Derbyshire 274/10 & 114/10,Win,Lancashire,Derbyshire,250 runs,250,runs,,"Lancashire: AN Petersen 115, PM Siddle 46, AP Palladino 3 wkts, SJ Thakor 2 wkts | Derbyshire: WJ Durston 85, BA Godleman 76, SC Kerrigan 3 wkts, SJ Croft 2 wkts | Lancashire: AG Prince 97, AL Davies 89, TAI Taylor 6 wkts, WJ Durston 2 wkts | Derbyshire: MJ Guptill 32, WL Madsen 29, KM Jarvis 5 wkts, TE Bailey 3 wkts","County Ground, Derby",Derby,MR Benson; MJD Bodenham,"Lancashire defeated Derbyshire by 250 runs at County Ground, Derby (Derby).",Cricsheet JSON v1.2.0 Open Data / ECB Official Scorecards
10,CCH_804309,2015,2015,County Championship,Division Two,Division Two,Group Stage,2015-04-19,2015-04-19,2015-04-21,3,Kent,Essex,Essex,Kent,Essex,field,Kent,Essex,Kent,193/10 (69.1 ov),193,10,69.1 ov,Essex,164/10 (47.0 ov),164,10,47.0 ov,No,Kent,163/10 (51.1 ov),163,10,51.1 ov,Essex,193/5 (52.4 ov),193,5,52.4 ov,713,35,Kent 193/10 & 163/10 - Essex 164/10 & 193/5,Win,Essex,Kent,5 wickets,5,wickets,,"Kent: DI Stevens 50, DJ Bell-Drummond 30, JD Ryder 5 wkts, GM Smith 2 wkts | Essex: GR Napier 57, JC Mickleburgh 46, DI Stevens 4 wkts, MT Coles 4 wkts | Kent: SA Northeast 77, DI Stevens 36, DD Masters 4 wkts, GM Smith 3 wkts | Essex: JS Foster 80, NLJ Browne 25, ME Claydon 3 wkts, IAA Thomas 1 wkts","County Ground, Chelmsford",Chelmsford,NA Mallender; PK Baldwin,"Essex defeated Kent by 5 wickets at County Ground, Chelmsford (Chelmsford).",Cricsheet JSON v1.2.0 Open Data / ECB Official Scorecards
11,CCH_804311,2015,2015,County Championship,Division Two,Division Two,Group Stage,2015-04-19,2015-04-19,2015-04-22,4,Surrey,Glamorgan,Glamorgan,Surrey,Surrey,bat,Surrey,Glamorgan,Surrey,563/7d (148.0 ov),563,7,148.0 ov,Glamorgan,419/10 (139.0 ov),419,10,139.0 ov,No,Surrey,207/4d (37.1 ov),207,4,37.1 ov,Glamorgan,116/0 (37.0 ov),116,0,37.0 ov,1305,21,Surrey 563/7d & 207/4d - Glamorgan 419/10 & 116/0,Draw,Draw,None,Draw,,draw,,"Surrey: SM Davies 200, KC Sangakkara 149, A Carter 4 wkts, DL Lloyd 1 wkts | Glamorgan: CAJ Meschede 101, JA Rudolph 69, GJ Batty 3 wkts, TK Curran 2 wkts | Surrey: KP Pietersen 53, GC Wilson 47, GG Wagg 2 wkts, CAJ Meschede 1 wkts | Glamorgan: JA Rudolph 52, JM Kettleborough 50","Sophia Gardens, Cardiff",Cardiff,DJ Millns; PJ Hartley,"Match drawn between Surrey and Glamorgan at Sophia Gardens, Cardiff (Cardiff).",Cricsheet JSON v1.2.0 Open Data / ECB Official Scorecards
12,CCH_804173,2015,2015,County Championship,Division One,Division One,Group Stage,2015-04-26,2015-04-26,2015-04-29,4,Sussex,Durham,Durham,Sussex,Durham,field,Sussex,Durham,Sussex,335/10 (72.3 ov),335,10,72.3 ov,Durham,339/10 (83.5 ov),339,10,83.5 ov,No,Sussex,265/10 (70.1 ov),265,10,70.1 ov,Durham,263/4 (69.4 ov),263,4,69.4 ov,1202,34,Sussex 335/10 & 265/10 - Durham 339/10 & 263/4,Win,Durham,Sussex,6 wickets,6,wickets,,"Sussex: OE Robinson 110, ME Hobden 65, U Arshad 3 wkts, C Rushworth 3 wkts | Durham: JW Hastings 72, MD Stoneman 57, OE Robinson 4 wkts, A Shahzad 4 wkts | Sussex: MW Machan 80, LJ Wright 39, C Rushworth 5 wkts, U Arshad 2 wkts | Durham: SG Borthwick 97, MD Stoneman 41, A Shahzad 4 wkts","Riverside Ground, Chester-le-Street",Chester-le-Street,GD Lloyd; PJ Hartley,"Durham defeated Sussex by 6 wickets at Riverside Ground, Chester-le-Street (Chester-le-Street).",Cricsheet JSON v1.2.0 Open Data / ECB Official Scorecards
13,CCH_804175,2015,2015,County Championship,Division One,Division One,Group Stage,2015-04-26,2015-04-26,2015-04-29,4,Nottinghamshire,Hampshire,Hampshire,Nottinghamshire,Hampshire,field,Nottinghamshire,Hampshire,Nottinghamshire,371/10 (120.5 ov),371,10,120.5 ov,Hampshire,276/10 (96.0 ov),276,10,96.0 ov,No,Nottinghamshire,296/4d (59.0 ov),296,4,59.0 ov,Hampshire,29/0 (9.4 ov),29,0,9.4 ov,972,24,Nottinghamshire 371/10 & 296/4d - Hampshire 276/10 & 29/0,Draw,Draw,None,Draw,,draw,,"Nottinghamshire: AD Hales 141, SJ Mullaney 66, GK Berg 3 wkts, AR Adams 3 wkts | Hampshire: JHK Adams 61, WR Smith 35, L Wood 3 wkts, VD Philander 2 wkts | Nottinghamshire: BRM Taylor 103, AD Hales 94, LA Dawson 2 wkts, GK Berg 1 wkts | Hampshire: LA Dawson 19, JHK Adams 10","The Rose Bowl, Southampton",Southampton,NGC Cowley; SJ O'Shaughnessy,"Match drawn between Nottinghamshire and Hampshire at The Rose Bowl, Southampton (Southampton).",Cricsheet JSON v1.2.0 Open Data / ECB Official Scorecards
14,CCH_804177,2015,2015,County Championship,Division One,Division One,Group Stage,2015-04-26,2015-04-26,2015-04-29,4,Somerset,Middlesex,Somerset,Middlesex,Middlesex,field,Somerset,Middlesex,Somerset,408/10 (90.1 ov),408,10,90.1 ov,Middlesex,317/9 (87.0 ov),317,9,87.0 ov,No,Somerset,310/10 (80.5 ov),310,10,80.5 ov,Middlesex,405/5 (102.0 ov),405,5,102.0 ov,1440,34,Somerset 408/10 & 310/10 - Middlesex 317/9 & 405/5,Win,Middlesex,Somerset,5 wickets,5,wickets,,"Somerset: JC Hildreth 187, ME Trescothick 140, JAR Harris 5 wkts, TJ Murtagh 2 wkts | Middlesex: AC Voges 98, NRT Gubbins 92, L Gregory 6 wkts, J Overton 3 wkts | Somerset: JC Hildreth 86, ME Trescothick 76, JAR Harris 3 wkts, ST Finn 3 wkts | Middlesex: AC Voges 132, JEC Franklin 115, L Gregory 2 wkts, Abdur Rehman 2 wkts","County Ground, Taunton",Taunton,AG Wharf; RA Kettleborough,"Middlesex defeated Somerset by 5 wickets at County Ground, Taunton (Taunton).",Cricsheet JSON v1.2.0 Open Data / ECB Official Scorecards
15,CCH_804179,2015,2015,County Championship,Division One,Division One,Group Stage,2015-04-26,2015-04-26,2015-04-29,4,Warwickshire,Yorkshire,Yorkshire,Warwickshire,Warwickshire,bat,Warwickshire,Yorkshire,Warwickshire,435/10 (143.3 ov),435,10,143.3 ov,Yorkshire,303/10 (99.4 ov),303,10,99.4 ov,No,Warwickshire,219/7d (55.1 ov),219,7,55.1 ov,Yorkshire,221/4 (64.2 ov),221,4,64.2 ov,1178,31,Warwickshire 435/10 & 219/7d - Yorkshire 303/10 & 221/4,Draw,Draw,None,Draw,,draw,,"Warwickshire: IJ Westwood 196, SR Hain 50, TT Bresnan 5 wkts, James Middlebrook 3 wkts | Yorkshire: AW Gale 96, WMH Rhodes 46, WB Rankin 6 wkts, JS Patel 3 wkts | Warwickshire: IJ Westwood 84, R Clarke 36, James Middlebrook 5 wkts, TT Bresnan 2 wkts | Yorkshire: AJ Hodd 54, JA Leaning 35, JS Patel 3 wkts, R Clarke 1 wkts","Headingley, Leeds",Leeds,JW Lloyds; SA Garratt,"Match drawn between Warwickshire and Yorkshire at Headingley, Leeds (Leeds).",Cricsheet JSON v1.2.0 Open Data / ECB Official Scorecards
16,CCH_804313,2015,2015,County Championship,Division Two,Division Two,Group Stage,2015-04-26,2015-04-26,2015-04-29,4,Gloucestershire,Derbyshire,Gloucestershire,Derbyshire,Derbyshire,field,Gloucestershire,Derbyshire,Gloucestershire,275/10 (89.0 ov),275,10,89.0 ov,Derbyshire,545/9d (114.3 ov),545,9,114.3 ov,No,Gloucestershire,411/10 (125.5 ov),411,10,125.5 ov,Derbyshire,142/3 (34.2 ov),142,3,34.2 ov,1373,32,Gloucestershire 275/10 & 411/10 - Derbyshire 545/9d & 142/3,Win,Derbyshire,Gloucestershire,7 wickets,7,wickets,,"Gloucestershire: GH Roderick 76, WA Tavare 48, MHA Footitt 3 wkts, AL Hughes 2 wkts | Derbyshire: MJ Guptill 227, SJ Thakor 83, MD Taylor 5 wkts, LC Norwell 3 wkts | Gloucestershire: HJH Marshall 79, GH Roderick 75, MHA Footitt 6 wkts, AP Palladino 2 wkts | Derbyshire: BA Godleman 51, MJ Guptill 31, JK Fuller 2 wkts, MD Taylor 1 wkts","County Ground, Bristol",Bristol,MJ Saggers; RJ Bailey,"Derbyshire defeated Gloucestershire by 7 wickets at County Ground, Bristol (Bristol).",Cricsheet JSON v1.2.0 Open Data / ECB Official Scorecards
17,CCH_804315,2015,2015,County Championship,Division Two,Division Two,Group Stage,2015-04-26,2015-04-26,2015-04-29,4,Lancashire,Kent,Lancashire,Kent,Lancashire,bat,Lancashire,Kent,Lancashire,444/10 (127.4 ov),444,10,127.4 ov,Kent,252/10 (72.2 ov),252,10,72.2 ov,Yes,Kent,295/10 (124.3 ov),295,10,124.3 ov,Lancashire,107/1 (18.4 ov),107,1,18.4 ov,1098,31,Lancashire 444/10 & 107/1 - Kent 252/10 & 295/10,Win,Lancashire,Kent,9 wickets,9,wickets,,"Lancashire: AG Prince 106, AL Davies 99, ME Claydon 4 wkts, MT Coles 3 wkts | Kent: SA Northeast 55, DJ Bell-Drummond 28, KM Jarvis 4 wkts, SC Kerrigan 2 wkts | Kent: JL Denly 60, SA Northeast 43, KM Jarvis 4 wkts, PM Siddle 3 wkts | Lancashire: PJ Horton 67, AN Petersen 22, ME Claydon 1 wkts","Old Trafford, Manchester",Manchester,JH Evans; RT Robinson,"Lancashire defeated Kent by 9 wickets at Old Trafford, Manchester (Manchester).",Cricsheet JSON v1.2.0 Open Data / ECB Official Scorecards
18,CCH_804317,2015,2015,County Championship,Division Two,Division Two,Group Stage,2015-04-26,2015-04-26,2015-04-29,4,Northamptonshire,Leicestershire,Leicestershire,Northamptonshire,Leicestershire,field,Northamptonshire,Leicestershire,Northamptonshire,251/10 (72.1 ov),251,10,72.1 ov,Leicestershire,305/10 (81.0 ov),305,10,81.0 ov,No,Northamptonshire,429/10 (114.4 ov),429,10,114.4 ov,Leicestershire,283/10 (76.5 ov),283,10,76.5 ov,1268,40,Northamptonshire 251/10 & 429/10 - Leicestershire 305/10 & 283/10,Win,Northamptonshire,Leicestershire,92 runs,92,runs,,"Northamptonshire: RI Newton 71, SD Peters 40, BA Raine 4 wkts, CE Shreck 2 wkts | Leicestershire: AJ Robson 75, BA Raine 47, OP Stone 3 wkts, Azharullah 3 wkts | Northamptonshire: DJ Willey 88, RI Newton 58, CE Shreck 4 wkts, CJ McKay 3 wkts | Leicestershire: NJ O'Brien 58, EJH Eckersley 37, RK Kleinveldt 4 wkts, Azharullah 3 wkts","Grace Road, Leicester",Leicester,MA Gough; NL Bainton,"Northamptonshire defeated Leicestershire by 92 runs at Grace Road, Leicester (Leicester).",Cricsheet JSON v1.2.0 Open Data / ECB Official Scorecards
19,CCH_804319,2015,2015,County Championship,Division Two,Division Two,Group Stage,2015-04-26,2015-04-26,2015-04-29,4,Surrey,Essex,Surrey,Essex,Essex,field,Surrey,Essex,Surrey,340/10 (113.4 ov),340,10,113.4 ov,Essex,610/8d (141.2 ov),610,8,141.2 ov,No,Surrey,95/2 (32.0 ov),95,2,32.0 ov,,,,,,1045,20,Surrey 340/10 & 95/2 - Essex 610/8d,Draw,Draw,None,Draw,,draw,,"Surrey: SM Davies 81, RJ Burns 78, GR Napier 3 wkts, JD Ryder 3 wkts | Essex: DW Lawrence 161, NLJ Browne 143, ZS Ansari 4 wkts, GJ Batty 1 wkts | Surrey: KC Sangakkara 43, RJ Burns 41, GR Napier 1 wkts","Kennington Oval, London",London,MJD Bodenham; NGB Cook,"Match drawn between Surrey and Essex at Kennington Oval, London (London).",Cricsheet JSON v1.2.0 Open Data / ECB Official Scorecards
20,CCH_804181,2015,2015,County Championship,Division One,Division One,Group Stage,2015-05-02,2015-05-02,2015-05-05,4,Middlesex,Durham,Middlesex,Durham,Durham,field,Middlesex,Durham,Middlesex,463/10 (137.1 ov),463,10,137.1 ov,Durham,294/10 (93.0 ov),294,10,93.0 ov,No,Middlesex,89/10 (24.4 ov),89,10,24.4 ov,Durham,71/10 (24.1 ov),71,10,24.1 ov,917,40,Middlesex 463/10 & 89/10 - Durham 294/10 & 71/10,Win,Middlesex,Durham,187 runs,187,runs,,"Middlesex: SD Robson 178, JA Simpson 58, JW Hastings 4 wkts, SG Borthwick 2 wkts | Durham: KK Jennings 98, C Rushworth 40, JAR Harris 4 wkts, AC Voges 2 wkts | Middlesex: TJ Murtagh 22, SD Robson 17, JW Hastings 5 wkts, C Rushworth 5 wkts | Durham: SG Borthwick 14, P Coughlin 13, JAR Harris 9 wkts, ST Finn 1 wkts","Lord's, London",London,NL Bainton; PJ Hartley,"Middlesex defeated Durham by 187 runs at Lord's, London (London).",Cricsheet JSON v1.2.0 Open Data / ECB Official Scorecards
21,CCH_804183,2015,2015,County Championship,Division One,Division One,Group Stage,2015-05-03,2015-05-03,2015-05-05,3,Somerset,Worcestershire,Worcestershire,Somerset,Worcestershire,field,Somerset,Worcestershire,Somerset,250/10 (75.4 ov),250,10,75.4 ov,Worcestershire,402/10 (112.3 ov),402,10,112.3 ov,No,Somerset,90/10 (32.0 ov),90,10,32.0 ov,,,,,,742,30,Somerset 250/10 & 90/10 - Worcestershire 402/10,Win,Worcestershire,Somerset,innings and 62 runs,62,innings and runs,,"Somerset: JC Hildreth 41, C Overton 41, CAJ Morris 5 wkts, J Leach 3 wkts | Worcestershire: OB Cox 109, J Leach 95, AC Thomas 4 wkts, PD Trego 3 wkts | Somerset: JC Hildreth 35, PD Trego 14, JD Shantry 4 wkts, CAJ Morris 4 wkts","County Ground, New Road, Worcester",Worcester,MA Gough; RJ Evans,"Worcestershire defeated Somerset by innings and 62 runs at County Ground, New Road, Worcester (Worcester).",Cricsheet JSON v1.2.0 Open Data / ECB Official Scorecards
22,CCH_804321,2015,2015,County Championship,Division Two,Division Two,Group Stage,2015-05-03,2015-05-03,2015-05-05,3,Essex,Gloucestershire,Essex,Gloucestershire,Gloucestershire,field,Essex,Gloucestershire,Essex,159/10 (46.1 ov),159,10,46.1 ov,Gloucestershire,245/10 (72.5 ov),245,10,72.5 ov,No,Essex,199/10 (69.0 ov),199,10,69.0 ov,Gloucestershire,114/1 (21.3 ov),114,1,21.3 ov,717,31,Essex 159/10 & 199/10 - Gloucestershire 245/10 & 114/1,Win,Gloucestershire,Essex,9 wickets,9,wickets,,"Essex: JC Mickleburgh 42, DD Masters 26, LC Norwell 4 wkts, DA Payne 3 wkts | Gloucestershire: PSP Handscomb 66, CDJ Dent 57, JA Porter 4 wkts, JD Ryder 3 wkts | Essex: KS Velani 58, JC Mickleburgh 31, LC Norwell 6 wkts, DA Payne 2 wkts | Gloucestershire: WA Tavare 57, CDJ Dent 52, JA Porter 1 wkts","County Ground, Chelmsford",Chelmsford,NA Mallender; RJ Bailey,"Gloucestershire defeated Essex by 9 wickets at County Ground, Chelmsford (Chelmsford).",Cricsheet JSON v1.2.0 Open Data / ECB Official Scorecards
23,CCH_804323,2015,2015,County Championship,Division Two,Division Two,Group Stage,2015-05-03,2015-05-03,2015-05-06,4,Derbyshire,Glamorgan,Glamorgan,Derbyshire,Glamorgan,field,Derbyshire,Glamorgan,Derbyshire,205/10 (65.1 ov),205,10,65.1 ov,Glamorgan,103/4d (36.5 ov),103,4,36.5 ov,No,Derbyshire,209/2d (55.3 ov),209,2,55.3 ov,,,,,,517,16,Derbyshire 205/10 & 209/2d - Glamorgan 103/4d,Draw,Draw,None,Draw,,draw,,"Derbyshire: BT Slater 53, SL Elstone 48, A Carter 4 wkts, GG Wagg 3 wkts | Glamorgan: JA Rudolph 43, JM Kettleborough 17, SJ Thakor 2 wkts, AL Hughes 1 wkts | Derbyshire: SL Elstone 103, WL Madsen 72, MG Hogan 1 wkts, DA Cosker 1 wkts","Sophia Gardens, Cardiff",Cardiff,AG Wharf; NGC Cowley,"Match drawn between Derbyshire and Glamorgan at Sophia Gardens, Cardiff (Cardiff).",Cricsheet JSON v1.2.0 Open Data / ECB Official Scorecards
24,CCH_804325,2015,2015,County Championship,Division Two,Division Two,Group Stage,2015-05-03,2015-05-03,2015-05-06,4,Leicestershire,Kent,Kent,Leicestershire,Kent,field,Leicestershire,Kent,Leicestershire,386/10 (92.0 ov),386,10,92.0 ov,Kent,268/10 (91.1 ov),268,10,91.1 ov,No,Leicestershire,196/10 (62.4 ov),196,10,62.4 ov,Kent,273/7 (71.1 ov),273,7,71.1 ov,1123,37,Leicestershire 386/10 & 196/10 - Kent 268/10 & 273/7,Draw,Draw,None,Draw,,draw,,"Leicestershire: MJ Cosgrove 113, ND Pinner 68, DI Stevens 5 wkts, MT Coles 4 wkts | Kent: JL Denly 87, SA Northeast 84, CJ McKay 6 wkts, CE Shreck 2 wkts | Leicestershire: CJ McKay 43, RML Taylor 34, IAA Thomas 4 wkts, DI Stevens 3 wkts | Kent: DJ Bell-Drummond 103, BP Nash 49, CE Shreck 4 wkts, CJ McKay 2 wkts","St Lawrence Ground, Canterbury",Canterbury,DJ Millns; SJ O'Shaughnessy,"Match drawn between Leicestershire and Kent at St Lawrence Ground, Canterbury (Canterbury).",Cricsheet JSON v1.2.0 Open Data / ECB Official Scorecards
25,CCH_804327,2015,2015,County Championship,Division Two,Division Two,Group Stage,2015-05-03,2015-05-03,2015-05-06,4,Northamptonshire,Lancashire,Northamptonshire,Lancashire,Lancashire,field,Northamptonshire,Lancashire,Northamptonshire,385/10 (93.2 ov),385,10,93.2 ov,Lancashire,436/10 (108.5 ov),436,10,108.5 ov,No,Northamptonshire,391/5 (93.5 ov),391,5,93.5 ov,,,,,,1212,25,Northamptonshire 385/10 & 391/5 - Lancashire 436/10,Draw,Draw,None,Draw,,draw,,"Northamptonshire: SP Crook 91, AG Wakely 59, J Clark 4 wkts, KM Jarvis 3 wkts | Lancashire: AG Prince 153, PM Siddle 89, RK Kleinveldt 5 wkts, Azharullah 3 wkts | Northamptonshire: SP Crook 102, RI Keogh 100, J Clark 2 wkts, PM Siddle 1 wkts","County Ground, Northampton",Northampton,MJ Saggers; PK Baldwin,"Match drawn between Northamptonshire and Lancashire at County Ground, Northampton (Northampton).",Cricsheet JSON v1.2.0 Open Data / ECB Official Scorecards
26,CCH_804185,2015,2015,County Championship,Division One,Division One,Group Stage,2015-05-09,2015-05-09,2015-05-12,4,Warwickshire,Worcestershire,Warwickshire,Worcestershire,Worcestershire,field,Warwickshire,Worcestershire,Warwickshire,264/10 (101.4 ov),264,10,101.4 ov,Worcestershire,149/10 (43.3 ov),149,10,43.3 ov,No,Warwickshire,321/8d (109.0 ov),321,8,109.0 ov,Worcestershire,255/10 (84.0 ov),255,10,84.0 ov,989,38,Warwickshire 264/10 & 321/8d - Worcestershire 149/10 & 255/10,Win,Warwickshire,Worcestershire,181 runs,181,runs,,"Warwickshire: SR Hain 82, LJ Evans 50, J Leach 6 wkts, CAJ Morris 3 wkts | Worcestershire: OB Cox 45, TC Fell 36, KHD Barker 3 wkts, CJC Wright 3 wkts | Warwickshire: V Chopra 107, CJC Wright 61, SMSM Senanayake 2 wkts, J Leach 2 wkts | Worcestershire: OB Cox 44, DKH Mitchell 38, JS Patel 4 wkts, KHD Barker 3 wkts","Edgbaston, Birmingham",Birmingham,DJ Millns; MJ Saggers,"Warwickshire defeated Worcestershire by 181 runs at Edgbaston, Birmingham (Birmingham).",Cricsheet JSON v1.2.0 Open Data / ECB Official Scorecards
27,CCH_804187,2015,2015,County Championship,Division One,Division One,Group Stage,2015-05-10,2015-05-10,2015-05-12,3,Nottinghamshire,Durham,Durham,Nottinghamshire,Durham,field,Nottinghamshire,Durham,Nottinghamshire,245/10 (76.4 ov),245,10,76.4 ov,Durham,163/10 (49.3 ov),163,10,49.3 ov,No,Nottinghamshire,178/10 (54.4 ov),178,10,54.4 ov,Durham,261/4 (63.3 ov),261,4,63.3 ov,847,34,Nottinghamshire 245/10 & 178/10 - Durham 163/10 & 261/4,Win,Durham,Nottinghamshire,6 wickets,6,wickets,,"Nottinghamshire: MH Wessels 117, VD Philander 41, C Rushworth 3 wkts, JW Hastings 3 wkts | Durham: MD Stoneman 44, MJ Richardson 19, VD Philander 3 wkts, BA Hutton 3 wkts | Nottinghamshire: JWA Taylor 45, MH Wessels 42, MA Wood 4 wkts, PD Collingwood 3 wkts | Durham: MA Wood 66, KK Jennings 61, SR Patel 1 wkts, L Wood 1 wkts","Riverside Ground, Chester-le-Street",Chester-le-Street,NA Mallender; RJ Evans,"Durham defeated Nottinghamshire by 6 wickets at Riverside Ground, Chester-le-Street (Chester-le-Street).",Cricsheet JSON v1.2.0 Open Data / ECB Official Scorecards
28,CCH_804189,2015,2015,County Championship,Division One,Division One,Group Stage,2015-05-10,2015-05-10,2015-05-12,3,Middlesex,Sussex,Sussex,Middlesex,Sussex,field,Middlesex,Sussex,Middlesex,269/10 (80.1 ov),269,10,80.1 ov,Sussex,192/10 (50.1 ov),192,10,50.1 ov,No,Middlesex,209/10 (56.1 ov),209,10,56.1 ov,Sussex,207/10 (53.1 ov),207,10,53.1 ov,877,40,Middlesex 269/10 & 209/10 - Sussex 192/10 & 207/10,Win,Middlesex,Sussex,79 runs,79,runs,,"Middlesex: AC Voges 38, NJ Dexter 34, OE Robinson 4 wkts, SJ Magoffin 3 wkts | Sussex: BC Brown 46, LJ Wright 26, JAR Harris 3 wkts, OP Rayner 2 wkts | Middlesex: JA Simpson 34, NRD Compton 33, SJ Magoffin 4 wkts, OE Robinson 4 wkts | Sussex: MH Yardy 52, MW Machan 29, NJ Dexter 4 wkts, ST Finn 4 wkts","County Ground, Hove",Brighton,JW Lloyds; SA Garratt,"Middlesex defeated Sussex by 79 runs at County Ground, Hove (Brighton).",Cricsheet JSON v1.2.0 Open Data / ECB Official Scorecards
29,CCH_804191,2015,2015,County Championship,Division One,Division One,Group Stage,2015-05-10,2015-05-10,2015-05-13,4,Yorkshire,Hampshire,Yorkshire,Hampshire,Yorkshire,bat,Yorkshire,Hampshire,Yorkshire,370/10 (113.1 ov),370,10,113.1 ov,Hampshire,227/10 (80.1 ov),227,10,80.1 ov,No,Yorkshire,305/4d (70.1 ov),305,4,70.1 ov,Hampshire,143/10 (74.4 ov),143,10,74.4 ov,1045,34,Yorkshire 370/10 & 305/4d - Hampshire 227/10 & 143/10,Win,Yorkshire,Hampshire,305 runs,305,runs,,"Yorkshire: JM Bairstow 102, JA Leaning 82, JA Tomlinson 4 wkts, AR Adams 3 wkts | Hampshire: MA Carberry 97, SM Ervine 48, JA Brooks 4 wkts, AU Rashid 4 wkts | Yorkshire: CA Pujara 133, JM Bairstow 59, FH Edwards 2 wkts, GK Berg 1 wkts | Hampshire: WR Smith 64, LD McManus 28, AU Rashid 4 wkts, JA Brooks 3 wkts","Headingley, Leeds",Leeds,MJD Bodenham; RA Kettleborough,"Yorkshire defeated Hampshire by 305 runs at Headingley, Leeds (Leeds).",Cricsheet JSON v1.2.0 Open Data / ECB Official Scorecards
30,CCH_804329,2015,2015,County Championship,Division Two,Division Two,Group Stage,2015-05-10,2015-05-10,2015-05-13,4,Derbyshire,Northamptonshire,Derbyshire,Northamptonshire,Northamptonshire,field,Derbyshire,Northamptonshire,Derbyshire,343/10 (94.2 ov),343,10,94.2 ov,Northamptonshire,324/9 (62.2 ov),324,9,62.2 ov,No,Derbyshire,407/5d (122.4 ov),407,5,122.4 ov,Northamptonshire,390/9 (105.0 ov),390,9,105.0 ov,1464,33,Derbyshire 343/10 & 407/5d - Northamptonshire 324/9 & 390/9,Draw,Draw,None,Draw,,draw,,"Derbyshire: MJJ Critchley 137, TAI Taylor 49, Azharullah 5 wkts, SP Crook 2 wkts | Northamptonshire: DJ Willey 103, JJ Cobb 95, TAI Taylor 3 wkts, MHA Footitt 3 wkts | Derbyshire: CF Hughes 104, BT Slater 94, DJ Willey 3 wkts, SP Crook 1 wkts | Northamptonshire: RI Keogh 163, JJ Cobb 43, MHA Footitt 4 wkts, SL Elstone 3 wkts","County Ground, Derby",Derby,BV Taylor; RT Robinson,"Match drawn between Derbyshire and Northamptonshire at County Ground, Derby (Derby).",Cricsheet JSON v1.2.0 Open Data / ECB Official Scorecards
31,CCH_804331,2015,2015,County Championship,Division Two,Division Two,Group Stage,2015-05-10,2015-05-10,2015-05-13,4,Kent,Glamorgan,Kent,Glamorgan,Kent,bat,Kent,Glamorgan,Kent,357/10 (104.4 ov),357,10,104.4 ov,Glamorgan,281/10 (84.0 ov),281,10,84.0 ov,No,Kent,327/10 (84.3 ov),327,10,84.3 ov,Glamorgan,309/9 (107.1 ov),309,9,107.1 ov,1274,39,Kent 357/10 & 327/10 - Glamorgan 281/10 & 309/9,Draw,Draw,None,Draw,,draw,,"Kent: DJ Bell-Drummond 123, DI Stevens 50, MG Hogan 5 wkts, CAJ Meschede 3 wkts | Glamorgan: WD Bragg 104, DL Lloyd 45, IAA Thomas 3 wkts, DI Stevens 3 wkts | Kent: JL Denly 66, FK Cowdrey 54, MG Hogan 4 wkts, GG Wagg 2 wkts | Glamorgan: DA Cosker 69, CA Ingram 51, CJ Haggett 4 wkts, MT Coles 3 wkts","St Lawrence Ground, Canterbury",Canterbury,NGB Cook; RJ Bailey,"Match drawn between Kent and Glamorgan at St Lawrence Ground, Canterbury (Canterbury).",Cricsheet JSON v1.2.0 Open Data / ECB Official Scorecards
32,CCH_804333,2015,2015,County Championship,Division Two,Division Two,Group Stage,2015-05-10,2015-05-10,2015-05-13,4,Gloucestershire,Lancashire,Lancashire,Gloucestershire,Gloucestershire,bat,Gloucestershire,Lancashire,Gloucestershire,388/10 (109.5 ov),388,10,109.5 ov,Lancashire,364/10 (117.3 ov),364,10,117.3 ov,No,Gloucestershire,275/9d (87.3 ov),275,9,87.3 ov,Lancashire,208/10 (57.0 ov),208,10,57.0 ov,1235,39,Gloucestershire 388/10 & 275/9d - Lancashire 364/10 & 208/10,Win,Gloucestershire,Lancashire,91 runs,91,runs,,"Gloucestershire: CDJ Dent 116, HJH Marshall 58, KM Jarvis 4 wkts, PM Siddle 3 wkts | Lancashire: PJ Horton 168, AG Prince 57, LC Norwell 4 wkts, CN Miles 3 wkts | Gloucestershire: HJH Marshall 92, PSP Handscomb 76, PM Siddle 4 wkts, SC Kerrigan 2 wkts | Lancashire: AN Petersen 63, AL Davies 58, CN Miles 4 wkts, DA Payne 3 wkts","Old Trafford, Manchester",Manchester,GD Lloyd; MA Gough,"Gloucestershire defeated Lancashire by 91 runs at Old Trafford, Manchester (Manchester).",Cricsheet JSON v1.2.0 Open Data / ECB Official Scorecards
33,CCH_804193,2015,2015,County Championship,Division One,Division One,Group Stage,2015-05-17,2015-05-17,2015-05-20,4,Hampshire,Middlesex,Hampshire,Middlesex,Middlesex,field,Hampshire,Middlesex,Hampshire,413/10 (132.2 ov),413,10,132.2 ov,Middlesex,362/10 (118.2 ov),362,10,118.2 ov,No,Hampshire,185/5d (79.5 ov),185,5,79.5 ov,,,,,,960,25,Hampshire 413/10 & 185/5d - Middlesex 362/10,Draw,Draw,None,Draw,,draw,,"Hampshire: WR Smith 93, MA Carberry 67, NJ Dexter 5 wkts, JAR Harris 2 wkts | Middlesex: NRD Compton 117, TS Roland-Jones 61, FH Edwards 4 wkts, SM Ervine 3 wkts | Hampshire: MA Carberry 57, JHK Adams 37, SD Robson 1 wkts, OP Rayner 1 wkts","The Rose Bowl, Southampton",Southampton,IJ Gould; RJ Bailey,"Match drawn between Hampshire and Middlesex at The Rose Bowl, Southampton (Southampton).",Cricsheet JSON v1.2.0 Open Data / ECB Official Scorecards
34,CCH_804195,2015,2015,County Championship,Division One,Division One,Group Stage,2015-05-17,2015-05-17,2015-05-19,3,Somerset,Nottinghamshire,Nottinghamshire,Somerset,Nottinghamshire,field,Somerset,Nottinghamshire,Somerset,312/10 (69.5 ov),312,10,69.5 ov,Nottinghamshire,226/10 (77.4 ov),226,10,77.4 ov,No,Somerset,161/10 (44.1 ov),161,10,44.1 ov,Nottinghamshire,114/10 (35.4 ov),114,10,35.4 ov,813,40,Somerset 312/10 & 161/10 - Nottinghamshire 226/10 & 114/10,Win,Somerset,Nottinghamshire,133 runs,133,runs,,"Somerset: J Allenby 64, C Overton 55, VD Philander 4 wkts, SJ Mullaney 3 wkts | Nottinghamshire: SR Patel 56, JWA Taylor 45, C Overton 4 wkts, J Allenby 2 wkts | Somerset: L Gregory 26, AWR Barrow 25, VD Philander 3 wkts, JT Ball 2 wkts | Nottinghamshire: VD Philander 35, MH Wessels 30, TD Groenewald 4 wkts, J Allenby 2 wkts","Trent Bridge, Nottingham",Nottingham,NGB Cook; RT Robinson,"Somerset defeated Nottinghamshire by 133 runs at Trent Bridge, Nottingham (Nottingham).",Cricsheet JSON v1.2.0 Open Data / ECB Official Scorecards
35,CCH_804197,2015,2015,County Championship,Division One,Division One,Group Stage,2015-05-17,2015-05-17,2015-05-20,4,Warwickshire,Durham,Warwickshire,Durham,Warwickshire,bat,Warwickshire,Durham,Warwickshire,450/10 (109.4 ov),450,10,109.4 ov,Durham,185/10 (41.1 ov),185,10,41.1 ov,Yes,Durham,327/10 (92.3 ov),327,10,92.3 ov,Warwickshire,63/2 (18.2 ov),63,2,18.2 ov,1025,32,Warwickshire 450/10 & 63/2 - Durham 185/10 & 327/10,Win,Warwickshire,Durham,8 wickets,8,wickets,,"Warwickshire: KHD Barker 102, IJ Westwood 88, G Onions 5 wkts, C Rushworth 2 wkts | Durham: PD Collingwood 68, MJ Richardson 33, RA Jones 4 wkts, KHD Barker 4 wkts | Durham: MD Stoneman 111, P Coughlin 49, KHD Barker 5 wkts, R Clarke 3 wkts | Warwickshire: IJ Westwood 32, LJ Evans 13, C Rushworth 1 wkts","Edgbaston, Birmingham",Birmingham,JH Evans; NGC Cowley,"Warwickshire defeated Durham by 8 wickets at Edgbaston, Birmingham (Birmingham).",Cricsheet JSON v1.2.0 Open Data / ECB Official Scorecards
36,CCH_804337,2015,2015,County Championship,Division Two,Division Two,Group Stage,2015-05-17,2015-05-17,2015-05-20,4,Lancashire,Leicestershire,Leicestershire,Lancashire,Leicestershire,field,Lancashire,Leicestershire,Lancashire,368/10 (99.2 ov),368,10,99.2 ov,Leicestershire,249/10 (58.3 ov),249,10,58.3 ov,No,Lancashire,203/5d (45.1 ov),203,5,45.1 ov,Leicestershire,78/10 (30.4 ov),78,10,30.4 ov,898,35,Lancashire 368/10 & 203/5d - Leicestershire 249/10 & 78/10,Win,Lancashire,Leicestershire,244 runs,244,runs,,"Lancashire: SJ Croft 102, PJ Horton 70, TJ Wells 3 wkts, CE Shreck 3 wkts | Leicestershire: MJ Cosgrove 79, CJ McKay 26, KM Jarvis 5 wkts, NL Buck 3 wkts | Lancashire: AG Prince 76, AL Davies 54, CJ McKay 2 wkts, BA Raine 1 wkts | Leicestershire: CJ McKay 24, RML Taylor 17, TE Bailey 5 wkts, KM Jarvis 2 wkts","Grace Road, Leicester",Leicester,MJD Bodenham; SJ O'Shaughnessy,"Lancashire defeated Leicestershire by 244 runs at Grace Road, Leicester (Leicester).",Cricsheet JSON v1.2.0 Open Data / ECB Official Scorecards
37,CCH_804339,2015,2015,County Championship,Division Two,Division Two,Group Stage,2015-05-18,2015-05-18,2015-05-21,4,Glamorgan,Essex,Glamorgan,Essex,Essex,field,Glamorgan,Essex,Glamorgan,314/10 (94.1 ov),314,10,94.1 ov,Essex,221/10 (63.0 ov),221,10,63.0 ov,No,Glamorgan,270/10 (55.5 ov),270,10,55.5 ov,Essex,274/10 (88.1 ov),274,10,88.1 ov,1079,40,Glamorgan 314/10 & 270/10 - Essex 221/10 & 274/10,Win,Glamorgan,Essex,89 runs,89,runs,,"Glamorgan: JA Rudolph 82, CAJ Meschede 68, DD Masters 3 wkts, GR Napier 3 wkts | Essex: RN ten Doeschate 49, JS Foster 38, GG Wagg 5 wkts, CAJ Meschede 3 wkts | Glamorgan: MA Wallace 79, GG Wagg 43, Adeel Malik 3 wkts, JA Porter 3 wkts | Essex: RN ten Doeschate 74, DW Lawrence 43, AG Salter 3 wkts, MG Hogan 3 wkts","Sophia Gardens, Cardiff",Cardiff,GD Lloyd; JW Lloyds,"Glamorgan defeated Essex by 89 runs at Sophia Gardens, Cardiff (Cardiff).",Cricsheet JSON v1.2.0 Open Data / ECB Official Scorecards
38,CCH_804341,2015,2015,County Championship,Division Two,Division Two,Group Stage,2015-05-18,2015-05-18,2015-05-21,4,Gloucestershire,Kent,Gloucestershire,Kent,Kent,field,Gloucestershire,Kent,Gloucestershire,193/10 (64.4 ov),193,10,64.4 ov,Kent,235/10 (84.2 ov),235,10,84.2 ov,No,Gloucestershire,282/10 (86.2 ov),282,10,86.2 ov,Kent,243/2 (65.0 ov),243,2,65.0 ov,953,32,Gloucestershire 193/10 & 282/10 - Kent 235/10 & 243/2,Win,Kent,Gloucestershire,8 wickets,8,wickets,,"Gloucestershire: PSP Handscomb 69, GH Roderick 28, DI Stevens 3 wkts, MT Coles 3 wkts | Kent: MT Coles 66, CJ Haggett 54, LC Norwell 4 wkts, DA Payne 3 wkts | Gloucestershire: HJH Marshall 83, GO Jones 55, IAA Thomas 4 wkts, DI Stevens 3 wkts | Kent: JL Denly 117, SA Northeast 88, CN Miles 1 wkts, LC Norwell 1 wkts","County Ground, Bristol",Bristol,RA Kettleborough; RJ Evans,"Kent defeated Gloucestershire by 8 wickets at County Ground, Bristol (Bristol).",Cricsheet JSON v1.2.0 Open Data / ECB Official Scorecards
39,CCH_804343,2015,2015,County Championship,Division Two,Division Two,Group Stage,2015-05-18,2015-05-18,2015-05-21,4,Northamptonshire,Surrey,Northamptonshire,Surrey,Surrey,field,Northamptonshire,Surrey,Northamptonshire,309/10 (84.5 ov),309,10,84.5 ov,Surrey,499/6d (118.3 ov),499,6,118.3 ov,No,,,,,,,,,,,808,16,Northamptonshire 309/10 - Surrey 499/6d,Draw,Draw,None,Draw,,draw,,"Northamptonshire: RI Newton 95, SD Peters 82, TK Curran 4 wkts, ZS Ansari 3 wkts | Surrey: JJ Roy 140, KC Sangakkara 111, Azharullah 2 wkts, SP Crook 2 wkts","County Ground, Northampton",Northampton,MA Gough; NL Bainton,"Match drawn between Northamptonshire and Surrey at County Ground, Northampton (Northampton).",Cricsheet JSON v1.2.0 Open Data / ECB Official Scorecards
40,CCH_804201,2015,2015,County Championship,Division One,Division One,Group Stage,2015-05-24,2015-05-24,2015-05-26,3,Warwickshire,Sussex,Sussex,Warwickshire,Warwickshire,bat,Warwickshire,Sussex,Warwickshire,180/10 (50.1 ov),180,10,50.1 ov,Sussex,191/10 (60.5 ov),191,10,60.5 ov,No,Warwickshire,200/10 (54.2 ov),200,10,54.2 ov,Sussex,190/9 (46.4 ov),190,9,46.4 ov,761,39,Warwickshire 180/10 & 200/10 - Sussex 191/10 & 190/9,Win,Sussex,Warwickshire,1 wickets,1,wickets,,"Warwickshire: IJL Trott 35, KHD Barker 24, OE Robinson 6 wkts, SJ Magoffin 3 wkts | Sussex: LWP Wells 92, BC Brown 18, JS Patel 4 wkts, R Clarke 3 wkts | Warwickshire: R Clarke 34, TR Ambrose 32, ME Hobden 4 wkts, SJ Magoffin 3 wkts | Sussex: CJ Jordan 56, BC Brown 53, WB Rankin 3 wkts, CJC Wright 3 wkts","County Ground, Hove",Brighton,MA Gough; RJ Evans,"Sussex defeated Warwickshire by 1 wickets at County Ground, Hove (Brighton).",Cricsheet JSON v1.2.0 Open Data / ECB Official Scorecards
41,CCH_804205,2015,2015,County Championship,Division One,Division One,Group Stage,2015-05-31,2015-05-31,2015-06-03,2,Hampshire,Worcestershire,Hampshire,Worcestershire,Worcestershire,field,Hampshire,Worcestershire,Hampshire,222/10 (79.4 ov),222,10,79.4 ov,Worcestershire,403/5d (97.2 ov),403,5,97.2 ov,No,Hampshire,245/6 (90.0 ov),245,6,90.0 ov,,,,,,870,21,Hampshire 222/10 & 245/6 - Worcestershire 403/5d,Draw,Draw,None,Draw,,draw,,"Hampshire: JHK Adams 48, WR Smith 40, J Leach 5 wkts, EG Barnard 2 wkts | Worcestershire: DKH Mitchell 142, OB Cox 69, DR Briggs 2 wkts, GK Berg 2 wkts | Hampshire: WR Smith 64, AJA Wheater 52, J Leach 4 wkts, JD Shantry 1 wkts","The Rose Bowl, Southampton",Southampton,MR Benson; MA Gough,"Match drawn between Hampshire and Worcestershire at The Rose Bowl, Southampton (Southampton).",Cricsheet JSON v1.2.0 Open Data / ECB Official Scorecards
42,CCH_804207,2015,2015,County Championship,Division One,Division One,Group Stage,2015-05-31,2015-05-31,2015-06-03,4,Warwickshire,Middlesex,Middlesex,Warwickshire,Middlesex,field,Warwickshire,Middlesex,Warwickshire,342/10 (106.0 ov),342,10,106.0 ov,Middlesex,260/10 (73.4 ov),260,10,73.4 ov,No,Warwickshire,187/10 (64.3 ov),187,10,64.3 ov,Middlesex,152/5 (51.0 ov),152,5,51.0 ov,941,35,Warwickshire 342/10 & 187/10 - Middlesex 260/10 & 152/5,Draw,Draw,None,Draw,,draw,,"Warwickshire: LJ Evans 98, IJL Trott 45, ST Finn 4 wkts, OP Rayner 2 wkts | Middlesex: NRD Compton 74, NJ Dexter 47, R Clarke 3 wkts, WB Rankin 3 wkts | Warwickshire: V Chopra 73, IJL Trott 29, TS Roland-Jones 4 wkts, JAR Harris 3 wkts | Middlesex: JA Burns 72, SD Robson 29, R Clarke 2 wkts, WB Rankin 2 wkts","Lord's, London",London,MJD Bodenham; SJ O'Shaughnessy,"Match drawn between Warwickshire and Middlesex at Lord's, London (London).",Cricsheet JSON v1.2.0 Open Data / ECB Official Scorecards
43,CCH_804349,2015,2015,County Championship,Division Two,Division Two,Group Stage,2015-05-31,2015-05-31,2015-06-03,2,Gloucestershire,Derbyshire,Derbyshire,Gloucestershire,Derbyshire,field,Gloucestershire,Derbyshire,Gloucestershire,329/10 (88.2 ov),329,10,88.2 ov,Derbyshire,77/2d (32.0 ov),77,2,32.0 ov,No,Gloucestershire,49/0d (14.0 ov),49,0,14.0 ov,Derbyshire,189/8 (81.4 ov),189,8,81.4 ov,644,20,Gloucestershire 329/10 & 49/0d - Derbyshire 77/2d & 189/8,Draw,Draw,None,Draw,,draw,,"Gloucestershire: JMR Taylor 120, M Klinger 93, MHA Footitt 4 wkts, TAI Taylor 4 wkts | Derbyshire: BA Godleman 30, BT Slater 17, BAC Howell 1 wkts, LC Norwell 1 wkts | Gloucestershire: WA Tavare 26, CDJ Dent 22 | Derbyshire: BA Godleman 64, SJ Thakor 43, DA Payne 3 wkts, JMR Taylor 2 wkts","County Ground, Derby",Derby,SA Garratt; RT Robinson,"Match drawn between Gloucestershire and Derbyshire at County Ground, Derby (Derby).",Cricsheet JSON v1.2.0 Open Data / ECB Official Scorecards
44,CCH_804351,2015,2015,County Championship,Division Two,Division Two,Group Stage,2015-05-31,2015-05-31,2015-06-03,2,Essex,Leicestershire,Essex,Leicestershire,Leicestershire,field,Essex,Leicestershire,Essex,166/10 (61.5 ov),166,10,61.5 ov,Leicestershire,280/10 (85.5 ov),280,10,85.5 ov,No,Essex,276/10 (94.4 ov),276,10,94.4 ov,Leicestershire,163/4 (44.3 ov),163,4,44.3 ov,885,34,Essex 166/10 & 276/10 - Leicestershire 280/10 & 163/4,Win,Leicestershire,Essex,6 wickets,6,wickets,,"Essex: JD Ryder 38, GR Napier 29, BA Raine 5 wkts, JKH Naik 2 wkts | Leicestershire: AJ Robson 120, CJ McKay 45, GR Napier 3 wkts, JA Porter 3 wkts | Essex: T Westley 97, RN ten Doeschate 77, CE Shreck 5 wkts, BA Raine 3 wkts | Leicestershire: AJ Robson 71, AP Agathangelou 42, JA Porter 3 wkts, JD Ryder 1 wkts","County Ground, Chelmsford",Chelmsford,NJ Llong; SC Gale,"Leicestershire defeated Essex by 6 wickets at County Ground, Chelmsford (Chelmsford).",Cricsheet JSON v1.2.0 Open Data / ECB Official Scorecards
45,CCH_804353,2015,2015,County Championship,Division Two,Division Two,Group Stage,2015-05-31,2015-05-31,2015-06-03,4,Glamorgan,Northamptonshire,Glamorgan,Northamptonshire,Northamptonshire,field,Glamorgan,Northamptonshire,Glamorgan,371/10 (73.0 ov),371,10,73.0 ov,Northamptonshire,157/10 (48.2 ov),157,10,48.2 ov,Yes,Northamptonshire,269/10 (84.3 ov),269,10,84.3 ov,Glamorgan,57/0 (21.0 ov),57,0,21.0 ov,854,30,Glamorgan 371/10 & 57/0 - Northamptonshire 157/10 & 269/10,Win,Glamorgan,Northamptonshire,10 wickets,10,wickets,,"Glamorgan: CAJ Meschede 107, CB Cooke 73, RK Kleinveldt 3 wkts, Azharullah 2 wkts | Northamptonshire: JJ Cobb 54, AM Rossington 50, AG Salter 3 wkts, CAJ Meschede 3 wkts | Northamptonshire: RI Newton 107, AM Rossington 55, AG Salter 3 wkts, GG Wagg 2 wkts | Glamorgan: JA Rudolph 29, WD Bragg 26","Sophia Gardens, Cardiff",Cardiff,M Burns; RK Illingworth,"Glamorgan defeated Northamptonshire by 10 wickets at Sophia Gardens, Cardiff (Cardiff).",Cricsheet JSON v1.2.0 Open Data / ECB Official Scorecards
46,CCH_804355,2015,2015,County Championship,Division Two,Division Two,Group Stage,2015-05-31,2015-05-31,2015-06-03,2,Surrey,Lancashire,Surrey,Lancashire,Lancashire,field,Surrey,Lancashire,Surrey,448/10 (117.4 ov),448,10,117.4 ov,Lancashire,429/10 (113.4 ov),429,10,113.4 ov,No,Surrey,186/0d (61.0 ov),186,0,61.0 ov,,,,,,1063,20,Surrey 448/10 & 186/0d - Lancashire 429/10,Draw,Draw,None,Draw,,draw,,"Surrey: JJ Roy 143, SM Davies 86, KM Jarvis 4 wkts, J Clark 3 wkts | Lancashire: JP Faulkner 121, J Clark 63, MP Dunn 3 wkts, SC Meaker 3 wkts | Surrey: RJ Burns 110, ZS Ansari 66","Kennington Oval, London",London,AG Wharf; BV Taylor,"Match drawn between Surrey and Lancashire at Kennington Oval, London (London).",Cricsheet JSON v1.2.0 Open Data / ECB Official Scorecards
47,CCH_804209,2015,2015,County Championship,Division One,Division One,Group Stage,2015-06-01,2015-06-01,2015-06-03,3,Nottinghamshire,Sussex,Nottinghamshire,Sussex,Sussex,field,Nottinghamshire,Sussex,Nottinghamshire,255/10 (56.1 ov),255,10,56.1 ov,Sussex,189/10 (43.0 ov),189,10,43.0 ov,No,Nottinghamshire,243/10 (63.3 ov),243,10,63.3 ov,Sussex,150/10 (32.0 ov),150,10,32.0 ov,837,40,Nottinghamshire 255/10 & 243/10 - Sussex 189/10 & 150/10,Win,Nottinghamshire,Sussex,159 runs,159,runs,,"Nottinghamshire: L Wood 100, WRS Gidman 57, SJ Magoffin 6 wkts, CJ Jordan 2 wkts | Sussex: Craig Cachopa 54, CJ Jordan 39, JT Ball 6 wkts, L Wood 3 wkts | Nottinghamshire: SR Patel 100, L Wood 53, SJ Magoffin 6 wkts, OE Robinson 3 wkts | Sussex: LJ Wright 39, SJ Magoffin 35, HF Gurney 5 wkts, JT Ball 3 wkts","Trent Bridge, Nottingham",Nottingham,NL Bainton; RJ Bailey,"Nottinghamshire defeated Sussex by 159 runs at Trent Bridge, Nottingham (Nottingham).",Cricsheet JSON v1.2.0 Open Data / ECB Official Scorecards
48,CCH_804211,2015,2015,County Championship,Division One,Division One,Group Stage,2015-06-07,2015-06-07,2015-06-09,3,Durham,Somerset,Durham,Somerset,Durham,bat,Durham,Somerset,Durham,189/10 (50.2 ov),189,10,50.2 ov,Somerset,225/10 (65.5 ov),225,10,65.5 ov,No,Durham,314/10 (71.5 ov),314,10,71.5 ov,Somerset,158/10 (52.5 ov),158,10,52.5 ov,886,40,Durham 189/10 & 314/10 - Somerset 225/10 & 158/10,Win,Durham,Somerset,120 runs,120,runs,,"Durham: KK Jennings 49, MJ Richardson 32, C Overton 4 wkts, TD Groenewald 3 wkts | Somerset: JG Myburgh 61, JC Hildreth 35, C Rushworth 4 wkts, P Coughlin 2 wkts | Durham: JW Hastings 79, PD Collingwood 58, C Overton 3 wkts, TD Groenewald 3 wkts | Somerset: ME Trescothick 35, PD Trego 35, P Coughlin 4 wkts, G Onions 3 wkts","Riverside Ground, Chester-le-Street",Chester-le-Street,SC Gale; SJ O'Shaughnessy,"Durham defeated Somerset by 120 runs at Riverside Ground, Chester-le-Street (Chester-le-Street).",Cricsheet JSON v1.2.0 Open Data / ECB Official Scorecards
49,CCH_804213,2015,2015,County Championship,Division One,Division One,Group Stage,2015-06-07,2015-06-07,2015-06-09,3,Sussex,Hampshire,Sussex,Hampshire,Sussex,bat,Sussex,Hampshire,Sussex,251/10 (62.0 ov),251,10,62.0 ov,Hampshire,392/10 (85.5 ov),392,10,85.5 ov,No,Sussex,266/10 (81.1 ov),266,10,81.1 ov,Hampshire,126/4 (30.1 ov),126,4,30.1 ov,1035,34,Sussex 251/10 & 266/10 - Hampshire 392/10 & 126/4,Win,Hampshire,Sussex,6 wickets,6,wickets,,"Sussex: LJ Wright 59, CD Nash 48, GK Berg 4 wkts, JM Bird 3 wkts | Hampshire: AJA Wheater 111, GK Berg 99, OE Robinson 3 wkts, LWP Wells 2 wkts | Sussex: LJ Wright 84, BC Brown 52, FH Edwards 5 wkts, JM Bird 2 wkts | Hampshire: SP Terry 62, JHK Adams 30, ME Hobden 2 wkts, LWP Wells 2 wkts","County Ground, Hove",Brighton,NGC Cowley; SA Garratt,"Hampshire defeated Sussex by 6 wickets at County Ground, Hove (Brighton).",Cricsheet JSON v1.2.0 Open Data / ECB Official Scorecards
50,CCH_804215,2015,2015,County Championship,Division One,Division One,Group Stage,2015-06-07,2015-06-07,2015-06-09,3,Middlesex,Yorkshire,Yorkshire,Middlesex,Middlesex,bat,Middlesex,Yorkshire,Middlesex,212/10 (68.5 ov),212,10,68.5 ov,Yorkshire,229/10 (72.5 ov),229,10,72.5 ov,No,Middlesex,229/10 (80.2 ov),229,10,80.2 ov,Yorkshire,215/6 (65.5 ov),215,6,65.5 ov,885,36,Middlesex 212/10 & 229/10 - Yorkshire 229/10 & 215/6,Win,Yorkshire,Middlesex,4 wickets,4,wickets,,"Middlesex: NRD Compton 70, SD Robson 41, JA Brooks 5 wkts, GJ Maxwell 3 wkts | Yorkshire: JM Bairstow 125, JA Leaning 20, TS Roland-Jones 4 wkts, TJ Murtagh 3 wkts | Middlesex: JEC Franklin 55, DJ Malan 35, WMH Rhodes 3 wkts, SA Patterson 2 wkts | Yorkshire: A Lyth 67, AW Gale 37, OP Rayner 2 wkts, JEC Franklin 1 wkts","Headingley, Leeds",Leeds,JH Evans; MJ Saggers,"Yorkshire defeated Middlesex by 4 wickets at Headingley, Leeds (Leeds).",Cricsheet JSON v1.2.0 Open Data / ECB Official Scorecards
51,CCH_804357,2015,2015,County Championship,Division Two,Division Two,Group Stage,2015-06-07,2015-06-07,2015-06-10,4,Lancashire,Gloucestershire,Gloucestershire,Lancashire,Gloucestershire,field,Lancashire,Gloucestershire,Lancashire,275/10 (84.1 ov),275,10,84.1 ov,Gloucestershire,277/10 (92.0 ov),277,10,92.0 ov,No,Lancashire,253/10 (89.4 ov),253,10,89.4 ov,Gloucestershire,160/10 (69.2 ov),160,10,69.2 ov,965,40,Lancashire 275/10 & 253/10 - Gloucestershire 277/10 & 160/10,Win,Lancashire,Gloucestershire,91 runs,91,runs,,"Lancashire: SJ Croft 65, KR Brown 57, CN Miles 5 wkts, MD Taylor 3 wkts | Gloucestershire: M Klinger 102, GO Jones 88, TE Bailey 4 wkts, KM Jarvis 4 wkts | Lancashire: KR Brown 56, J Clark 48, CN Miles 5 wkts, BAC Howell 2 wkts | Gloucestershire: CDJ Dent 54, M Klinger 42, KM Jarvis 5 wkts, JP Faulkner 3 wkts","County Ground, Bristol",Bristol,BJ Debenham; PJ Hartley,"Lancashire defeated Gloucestershire by 91 runs at County Ground, Bristol (Bristol).",Cricsheet JSON v1.2.0 Open Data / ECB Official Scorecards
52,CCH_804359,2015,2015,County Championship,Division Two,Division Two,Group Stage,2015-06-07,2015-06-07,2015-06-09,3,Kent,Derbyshire,Kent,Derbyshire,Kent,bat,Kent,Derbyshire,Kent,205/10 (66.5 ov),205,10,66.5 ov,Derbyshire,86/10 (32.0 ov),86,10,32.0 ov,No,Kent,112/10 (36.4 ov),112,10,36.4 ov,Derbyshire,232/2 (64.2 ov),232,2,64.2 ov,635,32,Kent 205/10 & 112/10 - Derbyshire 86/10 & 232/2,Win,Derbyshire,Kent,8 wickets,8,wickets,,"Kent: SA Northeast 85, AEN Riley 34, MHA Footitt 5 wkts, AP Palladino 3 wkts | Derbyshire: WJ Durston 35, AP Palladino 27, MT Coles 5 wkts, IAA Thomas 3 wkts | Kent: DJ Bell-Drummond 45, SA Northeast 29, WA White 6 wkts, MHA Footitt 2 wkts | Derbyshire: CF Hughes 94, BA Godleman 82, MT Coles 2 wkts","St Lawrence Ground, Canterbury",Canterbury,DJ Millns; RJ Evans,"Derbyshire defeated Kent by 8 wickets at St Lawrence Ground, Canterbury (Canterbury).",Cricsheet JSON v1.2.0 Open Data / ECB Official Scorecards
53,CCH_804361,2015,2015,County Championship,Division Two,Division Two,Group Stage,2015-06-07,2015-06-07,2015-06-09,3,Surrey,Leicestershire,Leicestershire,Surrey,Leicestershire,field,Surrey,Leicestershire,Surrey,261/10 (85.2 ov),261,10,85.2 ov,Leicestershire,190/10 (48.5 ov),190,10,48.5 ov,No,Surrey,284/10 (72.3 ov),284,10,72.3 ov,Leicestershire,177/10 (48.4 ov),177,10,48.4 ov,912,40,Surrey 261/10 & 284/10 - Leicestershire 190/10 & 177/10,Win,Surrey,Leicestershire,178 runs,178,runs,,"Surrey: DP Sibley 74, TK Curran 60, BA Raine 3 wkts, CJ McKay 2 wkts | Leicestershire: AJ Robson 68, EJH Eckersley 34, JE Burke 4 wkts, TK Curran 4 wkts | Surrey: SM Davies 47, BT Foakes 46, CE Shreck 4 wkts, BA Raine 3 wkts | Leicestershire: NJ O'Brien 54, EJH Eckersley 32, TK Curran 5 wkts, JE Burke 2 wkts","Grace Road, Leicester",Leicester,GD Lloyd; NA Mallender,"Surrey defeated Leicestershire by 178 runs at Grace Road, Leicester (Leicester).",Cricsheet JSON v1.2.0 Open Data / ECB Official Scorecards
54,CCH_804363,2015,2015,County Championship,Division Two,Division Two,Group Stage,2015-06-07,2015-06-07,2015-06-10,4,Essex,Northamptonshire,Northamptonshire,Essex,Essex,bat,Essex,Northamptonshire,Essex,276/10 (82.4 ov),276,10,82.4 ov,Northamptonshire,444/10 (120.5 ov),444,10,120.5 ov,No,Essex,506/9d (137.1 ov),506,9,137.1 ov,Northamptonshire,115/3 (33.0 ov),115,3,33.0 ov,1341,32,Essex 276/10 & 506/9d - Northamptonshire 444/10 & 115/3,Draw,Draw,None,Draw,,draw,,"Essex: JD Ryder 87, NLJ Browne 58, RI Keogh 3 wkts, RK Kleinveldt 3 wkts | Northamptonshire: RE Levi 168, SD Peters 44, GR Napier 3 wkts, RJW Topley 3 wkts | Essex: T Westley 179, JD Ryder 124, RK Kleinveldt 5 wkts, SP Crook 2 wkts | Northamptonshire: RE Levi 53, RI Newton 33, RJW Topley 1 wkts, GR Napier 1 wkts","County Ground, Northampton",Northampton,MR Benson; RJ Bailey,"Match drawn between Essex and Northamptonshire at County Ground, Northampton (Northampton).",Cricsheet JSON v1.2.0 Open Data / ECB Official Scorecards
55,CCH_804217,2015,2015,County Championship,Division One,Division One,Group Stage,2015-06-14,2015-06-14,2015-06-17,4,Nottinghamshire,Somerset,Somerset,Nottinghamshire,Nottinghamshire,bat,Nottinghamshire,Somerset,Nottinghamshire,410/10 (104.5 ov),410,10,104.5 ov,Somerset,200/10 (53.2 ov),200,10,53.2 ov,No,Nottinghamshire,190/10 (52.5 ov),190,10,52.5 ov,Somerset,402/8 (108.1 ov),402,8,108.1 ov,1202,38,Nottinghamshire 410/10 & 190/10 - Somerset 200/10 & 402/8,Win,Somerset,Nottinghamshire,2 wickets,2,wickets,,"Nottinghamshire: BRM Taylor 152, MJ Lumb 73, AC Thomas 5 wkts, TD Groenewald 3 wkts | Somerset: TB Abell 76, JC Hildreth 41, M Carter 7 wkts, L Wood 2 wkts | Nottinghamshire: SR Patel 46, SJ Mullaney 34, TD Groenewald 3 wkts, J Allenby 2 wkts | Somerset: PD Trego 79, TB Abell 72, SR Patel 3 wkts, M Carter 3 wkts","County Ground, Taunton",Taunton,MR Benson; SA Garratt,"Somerset defeated Nottinghamshire by 2 wickets at County Ground, Taunton (Taunton).",Cricsheet JSON v1.2.0 Open Data / ECB Official Scorecards
56,CCH_804219,2015,2015,County Championship,Division One,Division One,Group Stage,2015-06-14,2015-06-14,2015-06-15,2,Worcestershire,Warwickshire,Worcestershire,Warwickshire,Worcestershire,bat,Worcestershire,Warwickshire,Worcestershire,243/10 (66.0 ov),243,10,66.0 ov,Warwickshire,340/10 (91.5 ov),340,10,91.5 ov,No,Worcestershire,80/10 (33.3 ov),80,10,33.3 ov,,,,,,663,30,Worcestershire 243/10 & 80/10 - Warwickshire 340/10,Win,Warwickshire,Worcestershire,innings and 17 runs,17,innings and runs,,"Worcestershire: JM Clarke 50, MM Ali 45, KHD Barker 4 wkts, CJC Wright 3 wkts | Warwickshire: IR Bell 111, R Clarke 67, JD Shantry 5 wkts, J Leach 4 wkts | Worcestershire: TC Fell 23, OB Cox 14, WB Rankin 3 wkts, KHD Barker 3 wkts","County Ground, New Road, Worcester",Worcester,BJ Debenham; NA Mallender,"Warwickshire defeated Worcestershire by innings and 17 runs at County Ground, New Road, Worcester (Worcester).",Cricsheet JSON v1.2.0 Open Data / ECB Official Scorecards
57,CCH_804365,2015,2015,County Championship,Division Two,Division Two,Group Stage,2015-06-14,2015-06-14,2015-06-16,3,Derbyshire,Essex,Essex,Derbyshire,Essex,field,Derbyshire,Essex,Derbyshire,148/10 (35.0 ov),148,10,35.0 ov,Essex,473/10 (139.5 ov),473,10,139.5 ov,No,Derbyshire,294/10 (84.0 ov),294,10,84.0 ov,,,,,,915,30,Derbyshire 148/10 & 294/10 - Essex 473/10,Win,Essex,Derbyshire,innings and 31 runs,31,innings and runs,,"Derbyshire: SJ Thakor 44, WA White 38, JA Porter 4 wkts, GR Napier 2 wkts | Essex: AN Cook 80, JS Foster 72, WA White 6 wkts, WJ Durston 2 wkts | Derbyshire: WL Madsen 112, CF Hughes 80, GR Napier 4 wkts, JD Ryder 3 wkts","County Ground, Chelmsford",Chelmsford,JH Evans; NGC Cowley,"Essex defeated Derbyshire by innings and 31 runs at County Ground, Chelmsford (Chelmsford).",Cricsheet JSON v1.2.0 Open Data / ECB Official Scorecards
58,CCH_804367,2015,2015,County Championship,Division Two,Division Two,Group Stage,2015-06-14,2015-06-14,2015-06-16,3,Leicestershire,Lancashire,Lancashire,Leicestershire,Leicestershire,bat,Leicestershire,Lancashire,Leicestershire,207/10 (50.2 ov),207,10,50.2 ov,Lancashire,483/10 (125.0 ov),483,10,125.0 ov,No,Leicestershire,119/10 (48.4 ov),119,10,48.4 ov,,,,,,809,30,Leicestershire 207/10 & 119/10 - Lancashire 483/10,Win,Lancashire,Leicestershire,innings and 157 runs,157,innings and runs,,"Leicestershire: AP Agathangelou 54, MJ Cosgrove 26, TE Bailey 4 wkts, JP Faulkner 3 wkts | Lancashire: AG Prince 104, KR Brown 96, JKH Naik 8 wkts, BA Raine 1 wkts | Leicestershire: AJ Robson 27, EJH Eckersley 27, KM Jarvis 5 wkts, AM Lilley 4 wkts","Old Trafford, Manchester",Manchester,MJ Saggers; SC Gale,"Lancashire defeated Leicestershire by innings and 157 runs at Old Trafford, Manchester (Manchester).",Cricsheet JSON v1.2.0 Open Data / ECB Official Scorecards
59,CCH_804221,2015,2015,County Championship,Division One,Division One,Group Stage,2015-06-15,2015-06-15,2015-06-18,4,Durham,Sussex,Sussex,Durham,Sussex,field,Durham,Sussex,Durham,301/10 (77.3 ov),301,10,77.3 ov,Sussex,201/10 (59.2 ov),201,10,59.2 ov,No,Durham,413/10 (102.2 ov),413,10,102.2 ov,Sussex,335/10 (116.4 ov),335,10,116.4 ov,1250,40,Durham 301/10 & 413/10 - Sussex 201/10 & 335/10,Win,Durham,Sussex,178 runs,178,runs,,"Durham: GJ Muchall 81, MD Stoneman 51, TE Linley 5 wkts, LWP Wells 3 wkts | Sussex: GH Dockrell 37, EC Joyce 23, C Rushworth 6 wkts, G Onions 2 wkts | Durham: GJ Muchall 115, JW Hastings 91, SJ Magoffin 5 wkts, TE Linley 3 wkts | Sussex: LWP Wells 108, BC Brown 60, SG Borthwick 4 wkts, JW Hastings 2 wkts",Arundel Castle Cricket Club Ground,Arundel,AG Wharf; JW Lloyds,Durham defeated Sussex by 178 runs at Arundel Castle Cricket Club Ground (Arundel).,Cricsheet JSON v1.2.0 Open Data / ECB Official Scorecards
60,CCH_804369,2015,2015,County Championship,Division Two,Division Two,Group Stage,2015-06-15,2015-06-15,2015-06-18,4,Surrey,Glamorgan,Surrey,Glamorgan,Surrey,bat,Surrey,Glamorgan,Surrey,406/10 (122.4 ov),406,10,122.4 ov,Glamorgan,437/10 (83.4 ov),437,10,83.4 ov,No,Surrey,277/10 (81.0 ov),277,10,81.0 ov,Glamorgan,247/3 (63.2 ov),247,3,63.2 ov,1367,33,Surrey 406/10 & 277/10 - Glamorgan 437/10 & 247/3,Win,Glamorgan,Surrey,7 wickets,7,wickets,,"Surrey: A Harinath 120, ZS Ansari 91, GG Wagg 4 wkts, DL Lloyd 3 wkts | Glamorgan: GG Wagg 200, MA Wallace 92, TK Curran 4 wkts, CT Tremlett 2 wkts | Surrey: A Harinath 104, GC Wilson 54, MG Hogan 5 wkts, GG Wagg 2 wkts | Glamorgan: WD Bragg 83, BJ Wright 68, A Kapil 1 wkts, GJ Batty 1 wkts","Woodbridge Road, Guildford",Guildford,PK Baldwin; SJ O'Shaughnessy,"Glamorgan defeated Surrey by 7 wickets at Woodbridge Road, Guildford (Guildford).",Cricsheet JSON v1.2.0 Open Data / ECB Official Scorecards
61,CCH_804371,2015,2015,County Championship,Division Two,Division Two,Group Stage,2015-06-20,2015-06-20,2015-06-22,3,Kent,Northamptonshire,Northamptonshire,Kent,Northamptonshire,field,Kent,Northamptonshire,Kent,140/10 (37.0 ov),140,10,37.0 ov,Northamptonshire,246/10 (71.1 ov),246,10,71.1 ov,No,Kent,151/10 (39.2 ov),151,10,39.2 ov,Northamptonshire,46/2 (9.0 ov),46,2,9.0 ov,583,32,Kent 140/10 & 151/10 - Northamptonshire 246/10 & 46/2,Win,Northamptonshire,Kent,8 wickets,8,wickets,,"Kent: SA Northeast 36, RWT Key 35, Azharullah 5 wkts, RK Kleinveldt 5 wkts | Northamptonshire: RI Keogh 68, AG Wakely 50, MT Coles 4 wkts, DI Stevens 3 wkts | Kent: JL Denly 39, DI Stevens 28, OP Stone 5 wkts, RK Kleinveldt 3 wkts | Northamptonshire: RI Newton 27, AG Wakely 13, IAA Thomas 1 wkts, DI Stevens 1 wkts","County Ground, Northampton",Northampton,NA Mallender; SA Garratt,"Northamptonshire defeated Kent by 8 wickets at County Ground, Northampton (Northampton).",Cricsheet JSON v1.2.0 Open Data / ECB Official Scorecards
62,CCH_804223,2015,2015,County Championship,Division One,Division One,Group Stage,2015-06-21,2015-06-21,2015-06-23,3,Somerset,Hampshire,Hampshire,Somerset,Somerset,bat,Somerset,Hampshire,Somerset,346/10 (105.4 ov),346,10,105.4 ov,Hampshire,147/10 (43.3 ov),147,10,43.3 ov,Yes,Hampshire,262/10 (79.4 ov),262,10,79.4 ov,Somerset,64/1 (17.1 ov),64,1,17.1 ov,819,31,Somerset 346/10 & 64/1 - Hampshire 147/10 & 262/10,Win,Somerset,Hampshire,9 wickets,9,wickets,,"Somerset: TB Abell 88, JC Hildreth 76, GK Berg 4 wkts, LA Dawson 2 wkts | Hampshire: GK Berg 38, LA Dawson 25, C Overton 4 wkts, AC Thomas 3 wkts | Hampshire: GK Berg 86, AJA Wheater 49, C Overton 4 wkts, PD Trego 3 wkts | Somerset: ME Trescothick 35, TB Abell 21, DR Briggs 1 wkts","The Rose Bowl, Southampton",Southampton,MJ Saggers; NL Bainton,"Somerset defeated Hampshire by 9 wickets at The Rose Bowl, Southampton (Southampton).",Cricsheet JSON v1.2.0 Open Data / ECB Official Scorecards
63,CCH_804225,2015,2015,County Championship,Division One,Division One,Group Stage,2015-06-21,2015-06-21,2015-06-24,4,Middlesex,Worcestershire,Middlesex,Worcestershire,Middlesex,bat,Middlesex,Worcestershire,Middlesex,309/10 (103.1 ov),309,10,103.1 ov,Worcestershire,385/10 (117.1 ov),385,10,117.1 ov,No,Middlesex,362/7d (118.3 ov),362,7,118.3 ov,Worcestershire,39/1 (11.0 ov),39,1,11.0 ov,1095,28,Middlesex 309/10 & 362/7d - Worcestershire 385/10 & 39/1,Draw,Draw,None,Draw,,draw,,"Middlesex: JEC Franklin 135, JA Burns 57, JD Shantry 4 wkts, J Leach 4 wkts | Worcestershire: TC Fell 143, MM Ali 54, TJ Murtagh 4 wkts, JAR Harris 3 wkts | Middlesex: JEC Franklin 91, JA Burns 87, JD Shantry 2 wkts, J Leach 2 wkts | Worcestershire: MM Ali 21, DKH Mitchell 11, OP Rayner 1 wkts",Uxbridge Cricket Club Ground,Uxbridge,AG Wharf; MJD Bodenham,Match drawn between Middlesex and Worcestershire at Uxbridge Cricket Club Ground (Uxbridge).,Cricsheet JSON v1.2.0 Open Data / ECB Official Scorecards
64,CCH_804373,2015,2015,County Championship,Division Two,Division Two,Group Stage,2015-06-21,2015-06-21,2015-06-23,3,Surrey,Derbyshire,Derbyshire,Surrey,Derbyshire,field,Surrey,Derbyshire,Surrey,239/10 (73.3 ov),239,10,73.3 ov,Derbyshire,207/10 (66.0 ov),207,10,66.0 ov,No,Surrey,315/10 (92.5 ov),315,10,92.5 ov,Derbyshire,125/10 (39.5 ov),125,10,39.5 ov,886,40,Surrey 239/10 & 315/10 - Derbyshire 207/10 & 125/10,Win,Surrey,Derbyshire,222 runs,222,runs,,"Surrey: GC Wilson 65, D Elgar 44, WA White 3 wkts, MHA Footitt 3 wkts | Derbyshire: HD Rutherford 59, AP Palladino 35, LJ Fletcher 4 wkts, TK Curran 3 wkts | Surrey: JE Burke 73, DP Sibley 46, MHA Footitt 4 wkts, TAI Taylor 2 wkts | Derbyshire: WA White 23, WJ Durston 22, GJ Batty 4 wkts, JE Burke 2 wkts","County Ground, Derby",Derby,NGB Cook; PJ Hartley,"Surrey defeated Derbyshire by 222 runs at County Ground, Derby (Derby).",Cricsheet JSON v1.2.0 Open Data / ECB Official Scorecards
65,CCH_804375,2015,2015,County Championship,Division Two,Division Two,Group Stage,2015-06-21,2015-06-21,2015-06-23,3,Essex,Gloucestershire,Gloucestershire,Essex,Essex,bat,Essex,Gloucestershire,Essex,319/10 (96.1 ov),319,10,96.1 ov,Gloucestershire,116/10 (40.1 ov),116,10,40.1 ov,Yes,Gloucestershire,316/10 (102.4 ov),316,10,102.4 ov,Essex,117/5 (29.2 ov),117,5,29.2 ov,868,35,Essex 319/10 & 117/5 - Gloucestershire 116/10 & 316/10,Win,Essex,Gloucestershire,5 wickets,5,wickets,,"Essex: RN ten Doeschate 73, JS Foster 63, BAC Howell 3 wkts, LC Norwell 3 wkts | Gloucestershire: BAC Howell 29, GH Roderick 28, GR Napier 4 wkts, JA Porter 3 wkts | Gloucestershire: M Klinger 103, BAC Howell 48, GR Napier 3 wkts, JA Porter 3 wkts | Essex: T Westley 65, JD Ryder 20, JK Fuller 3 wkts, CN Miles 1 wkts","County Ground, Bristol",Bristol,JW Lloyds; SC Gale,"Essex defeated Gloucestershire by 5 wickets at County Ground, Bristol (Bristol).",Cricsheet JSON v1.2.0 Open Data / ECB Official Scorecards
66,CCH_804227,2015,2015,County Championship,Division One,Division One,Group Stage,2015-06-22,2015-06-22,2015-06-24,3,Nottinghamshire,Yorkshire,Yorkshire,Nottinghamshire,Yorkshire,field,Nottinghamshire,Yorkshire,Nottinghamshire,224/10 (60.2 ov),224,10,60.2 ov,Yorkshire,430/10 (115.4 ov),430,10,115.4 ov,No,Nottinghamshire,198/10 (42.5 ov),198,10,42.5 ov,,,,,,852,30,Nottinghamshire 224/10 & 198/10 - Yorkshire 430/10,Win,Yorkshire,Nottinghamshire,innings and 8 runs,8,innings and runs,,"Nottinghamshire: L Wood 38, SCJ Broad 34, JA Brooks 4 wkts, RJ Sidebottom 2 wkts | Yorkshire: AW Gale 148, JA Leaning 110, SCJ Broad 7 wkts, BW Hilfenhaus 2 wkts | Nottinghamshire: SCJ Broad 50, MJ Lumb 47, RJ Sidebottom 4 wkts, James Middlebrook 2 wkts","Headingley, Leeds",Leeds,DJ Millns; GD Lloyd,"Yorkshire defeated Nottinghamshire by innings and 8 runs at Headingley, Leeds (Leeds).",Cricsheet JSON v1.2.0 Open Data / ECB Official Scorecards
67,CCH_804377,2015,2015,County Championship,Division Two,Division Two,Group Stage,2015-06-22,2015-06-22,2015-06-25,4,Glamorgan,Leicestershire,Glamorgan,Leicestershire,Glamorgan,bat,Glamorgan,Leicestershire,Glamorgan,278/10 (79.1 ov),278,10,79.1 ov,Leicestershire,253/10 (87.1 ov),253,10,87.1 ov,No,Glamorgan,298/10 (87.5 ov),298,10,87.5 ov,Leicestershire,186/10 (73.4 ov),186,10,73.4 ov,1015,40,Glamorgan 278/10 & 298/10 - Leicestershire 253/10 & 186/10,Win,Glamorgan,Leicestershire,137 runs,137,runs,,"Glamorgan: GG Wagg 94, CB Cooke 84, CJ McKay 3 wkts, BA Raine 2 wkts | Leicestershire: MAG Boyce 50, AP Agathangelou 42, MG Hogan 3 wkts, A Carter 2 wkts | Glamorgan: JA Rudolph 74, CA Ingram 60, BA Raine 5 wkts, CE Shreck 3 wkts | Leicestershire: MAG Boyce 60, NJ O'Brien 41, GG Wagg 2 wkts, A Carter 2 wkts","Sophia Gardens, Cardiff",Cardiff,MR Benson; RJ Evans,"Glamorgan defeated Leicestershire by 137 runs at Sophia Gardens, Cardiff (Cardiff).",Cricsheet JSON v1.2.0 Open Data / ECB Official Scorecards
68,CCH_804379,2015,2015,County Championship,Division Two,Division Two,Group Stage,2015-06-27,2015-06-27,2015-06-29,3,Surrey,Gloucestershire,Surrey,Gloucestershire,Surrey,bat,Surrey,Gloucestershire,Surrey,448/10 (145.4 ov),448,10,145.4 ov,Gloucestershire,113/10 (44.3 ov),113,10,44.3 ov,Yes,Gloucestershire,155/10 (72.2 ov),155,10,72.2 ov,,,,,,716,30,Surrey 448/10 - Gloucestershire 113/10 & 155/10,Win,Surrey,Gloucestershire,innings and 180 runs,180,innings and runs,,"Surrey: BT Foakes 118, D Elgar 98, LC Norwell 5 wkts, JMR Taylor 3 wkts | Gloucestershire: HJH Marshall 34, GO Jones 30, TK Curran 7 wkts, JE Burke 2 wkts | Gloucestershire: WA Tavare 58, GO Jones 24, ZS Ansari 6 wkts, TK Curran 2 wkts","Kennington Oval, London",London,M Burns; NL Bainton,"Surrey defeated Gloucestershire by innings and 180 runs at Kennington Oval, London (London).",Cricsheet JSON v1.2.0 Open Data / ECB Official Scorecards
69,CCH_804229,2015,2015,County Championship,Division One,Division One,Group Stage,2015-06-28,2015-06-28,2015-07-01,4,Yorkshire,Durham,Durham,Yorkshire,Durham,field,Yorkshire,Durham,Yorkshire,557/6d (148.5 ov),557,6,148.5 ov,Durham,208/10 (65.2 ov),208,10,65.2 ov,Yes,Durham,302/10 (90.5 ov),302,10,90.5 ov,,,,,,1067,26,Yorkshire 557/6d - Durham 208/10 & 302/10,Win,Yorkshire,Durham,innings and 47 runs,47,innings and runs,,"Yorkshire: JM Bairstow 219, TT Bresnan 169, J Harrison 2 wkts, JW Hastings 2 wkts | Durham: RD Pringle 69, SG Borthwick 54, TT Bresnan 3 wkts, SA Patterson 2 wkts | Durham: MD Stoneman 131, KK Jennings 41, JA Brooks 4 wkts, RJ Sidebottom 2 wkts","Riverside Ground, Chester-le-Street",Chester-le-Street,PK Baldwin; SJ O'Shaughnessy,"Yorkshire defeated Durham by innings and 47 runs at Riverside Ground, Chester-le-Street (Chester-le-Street).",Cricsheet JSON v1.2.0 Open Data / ECB Official Scorecards
70,CCH_804231,2015,2015,County Championship,Division One,Division One,Group Stage,2015-06-28,2015-06-28,2015-07-01,4,Hampshire,Middlesex,Middlesex,Hampshire,Middlesex,field,Hampshire,Middlesex,Hampshire,176/10 (62.3 ov),176,10,62.3 ov,Middlesex,330/10 (120.3 ov),330,10,120.3 ov,No,Hampshire,227/10 (97.1 ov),227,10,97.1 ov,Middlesex,77/1 (17.5 ov),77,1,17.5 ov,810,31,Hampshire 176/10 & 227/10 - Middlesex 330/10 & 77/1,Win,Middlesex,Hampshire,9 wickets,9,wickets,,"Hampshire: JS Gatting 64, SP Terry 23, JAR Harris 4 wkts, TS Roland-Jones 4 wkts | Middlesex: NRD Compton 87, JA Simpson 64, BTJ Wheal 4 wkts, JM Bird 3 wkts | Hampshire: SP Terry 52, AJA Wheater 50, JAR Harris 4 wkts, OP Rayner 3 wkts | Middlesex: SD Robson 36, PR Stirling 16, GK Berg 1 wkts","Lord's, London",London,NGB Cook; PJ Hartley,"Middlesex defeated Hampshire by 9 wickets at Lord's, London (London).",Cricsheet JSON v1.2.0 Open Data / ECB Official Scorecards
71,CCH_804233,2015,2015,County Championship,Division One,Division One,Group Stage,2015-06-28,2015-06-28,2015-07-01,4,Sussex,Warwickshire,Warwickshire,Sussex,Sussex,bat,Sussex,Warwickshire,Sussex,601/6d (164.1 ov),601,6,164.1 ov,Warwickshire,612/6d (193.0 ov),612,6,193.0 ov,No,,,,,,,,,,,1213,12,Sussex 601/6d - Warwickshire 612/6d,Draw,Draw,None,Draw,,draw,,"Sussex: CD Nash 121, BC Brown 119, JS Patel 2 wkts, LJ Evans 1 wkts | Warwickshire: LJ Evans 213, TR Ambrose 153, SJ Magoffin 2 wkts, Ashar Zaidi 1 wkts","Edgbaston, Birmingham",Birmingham,DJ Millns; RJ Bailey,"Match drawn between Sussex and Warwickshire at Edgbaston, Birmingham (Birmingham).",Cricsheet JSON v1.2.0 Open Data / ECB Official Scorecards
72,CCH_804235,2015,2015,County Championship,Division One,Division One,Group Stage,2015-06-29,2015-06-29,2015-07-02,4,Nottinghamshire,Worcestershire,Nottinghamshire,Worcestershire,Worcestershire,field,Nottinghamshire,Worcestershire,Nottinghamshire,240/10 (66.5 ov),240,10,66.5 ov,Worcestershire,283/10 (87.2 ov),283,10,87.2 ov,No,Nottinghamshire,366/10 (126.4 ov),366,10,126.4 ov,Worcestershire,210/9 (83.1 ov),210,9,83.1 ov,1099,39,Nottinghamshire 240/10 & 366/10 - Worcestershire 283/10 & 210/9,Win,Nottinghamshire,Worcestershire,113 runs,113,runs,,"Nottinghamshire: BRM Taylor 69, MH Wessels 65, CAJ Morris 3 wkts, JD Shantry 2 wkts | Worcestershire: RK Oliver 99, TC Fell 72, BW Hilfenhaus 4 wkts, BA Hutton 3 wkts | Nottinghamshire: CMW Read 73, JWA Taylor 56, JD Shantry 5 wkts, CAJ Morris 1 wkts | Worcestershire: DKH Mitchell 76, TC Fell 58, A Carter 4 wkts, SR Patel 2 wkts","Trent Bridge, Nottingham",Nottingham,JW Lloyds; MJ Saggers,"Nottinghamshire defeated Worcestershire by 113 runs at Trent Bridge, Nottingham (Nottingham).",Cricsheet JSON v1.2.0 Open Data / ECB Official Scorecards
73,CCH_804381,2015,2015,County Championship,Division Two,Division Two,Group Stage,2015-06-29,2015-06-29,2015-07-02,4,Northamptonshire,Lancashire,Lancashire,Northamptonshire,Northamptonshire,bat,Northamptonshire,Lancashire,Northamptonshire,438/10 (111.2 ov),438,10,111.2 ov,Lancashire,308/10 (97.4 ov),308,10,97.4 ov,No,Northamptonshire,283/9d (67.1 ov),283,9,67.1 ov,Lancashire,206/7 (66.2 ov),206,7,66.2 ov,1235,36,Northamptonshire 438/10 & 283/9d - Lancashire 308/10 & 206/7,Draw,Draw,None,Draw,,draw,,"Northamptonshire: BM Duckett 134, AM Rossington 89, JP Faulkner 4 wkts, KM Jarvis 3 wkts | Lancashire: KR Brown 97, AG Prince 83, SP Crook 3 wkts, OP Stone 2 wkts | Northamptonshire: BM Duckett 88, JJ Cobb 52, AM Lilley 3 wkts, SC Kerrigan 3 wkts | Lancashire: KR Brown 82, PJ Horton 65, OP Stone 3 wkts, RI Keogh 2 wkts","Old Trafford, Manchester",Manchester,BV Taylor; RJ Evans,"Match drawn between Northamptonshire and Lancashire at Old Trafford, Manchester (Manchester).",Cricsheet JSON v1.2.0 Open Data / ECB Official Scorecards
74,CCH_804237,2015,2015,County Championship,Division One,Division One,Group Stage,2015-07-05,2015-07-05,2015-07-08,4,Middlesex,Nottinghamshire,Nottinghamshire,Middlesex,Nottinghamshire,field,Middlesex,Nottinghamshire,Middlesex,374/10 (109.1 ov),374,10,109.1 ov,Nottinghamshire,419/9d (136.4 ov),419,9,136.4 ov,No,Middlesex,162/1 (47.0 ov),162,1,47.0 ov,,,,,,955,20,Middlesex 374/10 & 162/1 - Nottinghamshire 419/9d,Draw,Draw,None,Draw,,draw,,"Middlesex: DJ Malan 182, JAR Harris 73, HF Gurney 3 wkts, BA Hutton 3 wkts | Nottinghamshire: CMW Read 108, BRM Taylor 77, JEC Franklin 3 wkts, OP Rayner 2 wkts | Middlesex: SD Robson 77, JAR Harris 44, HF Gurney 1 wkts","Trent Bridge, Nottingham",Nottingham,BJ Debenham; RJ Evans,"Match drawn between Middlesex and Nottinghamshire at Trent Bridge, Nottingham (Nottingham).",Cricsheet JSON v1.2.0 Open Data / ECB Official Scorecards
75,CCH_804239,2015,2015,County Championship,Division One,Division One,Group Stage,2015-07-05,2015-07-05,2015-07-08,4,Sussex,Somerset,Somerset,Sussex,Somerset,field,Sussex,Somerset,Sussex,208/10 (84.3 ov),208,10,84.3 ov,Somerset,274/10 (74.0 ov),274,10,74.0 ov,No,Sussex,490/4d (99.3 ov),490,4,99.3 ov,Somerset,208/6 (67.3 ov),208,6,67.3 ov,1180,30,Sussex 208/10 & 490/4d - Somerset 274/10 & 208/6,Draw,Draw,None,Draw,,draw,,"Sussex: LWP Wells 54, LJ Wright 51, AC Thomas 4 wkts, L Gregory 3 wkts | Somerset: JC Hildreth 82, PD Trego 81, OE Robinson 4 wkts, SJ Magoffin 3 wkts | Sussex: MW Machan 192, CD Nash 142, Abdur Rehman 2 wkts, AC Thomas 1 wkts | Somerset: PD Trego 95, TB Abell 36, LWP Wells 3 wkts, Ashar Zaidi 2 wkts","County Ground, Taunton",Taunton,SA Garratt; SJ O'Shaughnessy,"Match drawn between Sussex and Somerset at County Ground, Taunton (Taunton).",Cricsheet JSON v1.2.0 Open Data / ECB Official Scorecards
76,CCH_804241,2015,2015,County Championship,Division One,Division One,Group Stage,2015-07-05,2015-07-05,2015-07-08,4,Yorkshire,Warwickshire,Warwickshire,Yorkshire,Yorkshire,bat,Yorkshire,Warwickshire,Yorkshire,213/10 (66.4 ov),213,10,66.4 ov,Warwickshire,69/10 (28.1 ov),69,10,28.1 ov,No,Yorkshire,289/7d (80.1 ov),289,7,80.1 ov,Warwickshire,259/10 (86.0 ov),259,10,86.0 ov,830,37,Yorkshire 213/10 & 289/7d - Warwickshire 69/10 & 259/10,Win,Yorkshire,Warwickshire,174 runs,174,runs,,"Yorkshire: JM Bairstow 108, AJ Finch 28, CJC Wright 5 wkts, R Clarke 2 wkts | Warwickshire: R Clarke 28, IJL Trott 18, RJ Sidebottom 6 wkts, JA Brooks 3 wkts | Yorkshire: WMH Rhodes 79, AJ Finch 73, OJ Hannon-Dalby 3 wkts, R Clarke 1 wkts | Warwickshire: SR Hain 106, IJ Westwood 40, RJ Sidebottom 5 wkts, JA Brooks 2 wkts","Edgbaston, Birmingham",Birmingham,AG Wharf; M Burns,"Yorkshire defeated Warwickshire by 174 runs at Edgbaston, Birmingham (Birmingham).",Cricsheet JSON v1.2.0 Open Data / ECB Official Scorecards
77,CCH_804383,2015,2015,County Championship,Division Two,Division Two,Group Stage,2015-07-05,2015-07-05,2015-07-07,3,Leicestershire,Kent,Leicestershire,Kent,Kent,field,Leicestershire,Kent,Leicestershire,159/10 (51.4 ov),159,10,51.4 ov,Kent,210/10 (55.0 ov),210,10,55.0 ov,No,Leicestershire,123/10 (48.4 ov),123,10,48.4 ov,Kent,74/2 (15.2 ov),74,2,15.2 ov,566,32,Leicestershire 159/10 & 123/10 - Kent 210/10 & 74/2,Win,Kent,Leicestershire,8 wickets,8,wickets,,"Leicestershire: EJH Eckersley 41, AJ Robson 29, MT Coles 6 wkts, CJ Haggett 2 wkts | Kent: DI Stevens 63, AJ Ball 32, OH Freckingham 3 wkts, CE Shreck 3 wkts | Leicestershire: BA Raine 41, AJ Robson 21, MT Coles 4 wkts, DI Stevens 3 wkts | Kent: JL Denly 37, SA Northeast 28, BA Raine 2 wkts","Grace Road, Leicester",Leicester,NA Mallender; SC Gale,"Kent defeated Leicestershire by 8 wickets at Grace Road, Leicester (Leicester).",Cricsheet JSON v1.2.0 Open Data / ECB Official Scorecards
78,CCH_804243,2015,2015,County Championship,Division One,Division One,Group Stage,2015-07-06,2015-07-06,2015-07-09,4,Worcestershire,Hampshire,Worcestershire,Hampshire,Worcestershire,bat,Worcestershire,Hampshire,Worcestershire,478/10 (143.1 ov),478,10,143.1 ov,Hampshire,183/10 (67.0 ov),183,10,67.0 ov,Yes,Hampshire,262/10 (88.3 ov),262,10,88.3 ov,,,,,,923,30,Worcestershire 478/10 - Hampshire 183/10 & 262/10,Win,Worcestershire,Hampshire,innings and 33 runs,33,innings and runs,,"Worcestershire: DKH Mitchell 206, JM Clarke 70, JM Bird 4 wkts, DR Briggs 3 wkts | Hampshire: JM Vince 56, WR Smith 51, Saeed Ajmal 5 wkts, J Leach 4 wkts | Hampshire: JS Gatting 59, DR Briggs 42, JD Shantry 5 wkts, Saeed Ajmal 3 wkts","County Ground, New Road, Worcester",Worcester,GD Lloyd; NL Bainton,"Worcestershire defeated Hampshire by innings and 33 runs at County Ground, New Road, Worcester (Worcester).",Cricsheet JSON v1.2.0 Open Data / ECB Official Scorecards
79,CCH_804385,2015,2015,County Championship,Division Two,Division Two,Group Stage,2015-07-06,2015-07-06,2015-07-09,4,Glamorgan,Derbyshire,Derbyshire,Glamorgan,Derbyshire,field,Glamorgan,Derbyshire,Glamorgan,410/9d (81.1 ov),410,9,81.1 ov,Derbyshire,252/10 (86.3 ov),252,10,86.3 ov,Yes,Derbyshire,281/3d (91.3 ov),281,3,91.3 ov,,,,,,943,22,Glamorgan 410/9d - Derbyshire 252/10 & 281/3d,Draw,Draw,None,Draw,,draw,,"Glamorgan: CA Ingram 89, CAJ Meschede 70, MHA Footitt 4 wkts, TAI Taylor 2 wkts | Derbyshire: BA Godleman 53, SJ Thakor 41, RAJ Smith 3 wkts, GG Wagg 2 wkts | Derbyshire: HD Rutherford 108, WL Madsen 79, AG Salter 2 wkts, DL Lloyd 1 wkts","Queen's Park, Chesterfield",Chesterfield,MJ Saggers; PK Baldwin,"Match drawn between Glamorgan and Derbyshire at Queen's Park, Chesterfield (Chesterfield).",Cricsheet JSON v1.2.0 Open Data / ECB Official Scorecards
80,CCH_804387,2015,2015,County Championship,Division Two,Division Two,Group Stage,2015-07-06,2015-07-06,2015-07-09,4,Lancashire,Essex,Lancashire,Essex,Lancashire,bat,Lancashire,Essex,Lancashire,402/8d (101.3 ov),402,8,101.3 ov,Essex,203/10 (72.4 ov),203,10,72.4 ov,Yes,Essex,168/3 (59.0 ov),168,3,59.0 ov,,,,,,773,21,Lancashire 402/8d - Essex 203/10 & 168/3,Draw,Draw,None,Draw,,draw,,"Lancashire: SJ Croft 122, JP Faulkner 68, RJW Topley 3 wkts, LA Dawson 2 wkts | Essex: NLJ Browne 105, GR Napier 23, JP Faulkner 5 wkts, TJ Lester 3 wkts | Essex: NLJ Browne 50, LA Dawson 40, AM Lilley 3 wkts","Old Trafford, Manchester",Manchester,DJ Millns; RA Kettleborough,"Match drawn between Lancashire and Essex at Old Trafford, Manchester (Manchester).",Cricsheet JSON v1.2.0 Open Data / ECB Official Scorecards
81,CCH_804389,2015,2015,County Championship,Division Two,Division Two,Group Stage,2015-07-08,2015-07-08,2015-07-09,2,Northamptonshire,Gloucestershire,Gloucestershire,Northamptonshire,Gloucestershire,field,Northamptonshire,Gloucestershire,Northamptonshire,246/10 (70.0 ov),246,10,70.0 ov,Gloucestershire,372/10 (78.1 ov),372,10,78.1 ov,No,Northamptonshire,160/10 (37.3 ov),160,10,37.3 ov,Gloucestershire,38/1 (6.2 ov),38,1,6.2 ov,816,31,Northamptonshire 246/10 & 160/10 - Gloucestershire 372/10 & 38/1,Win,Gloucestershire,Northamptonshire,9 wickets,9,wickets,,"Northamptonshire: AG Wakely 104, BM Duckett 53, LC Norwell 6 wkts, BAC Howell 1 wkts | Gloucestershire: JMR Taylor 156, CN Miles 41, OP Stone 4 wkts, RK Kleinveldt 4 wkts | Northamptonshire: RE Levi 64, RK Kleinveldt 37, CN Miles 5 wkts, JK Fuller 2 wkts | Gloucestershire: WA Tavare 13, M Klinger 12, OP Stone 1 wkts","College Ground, Cheltenham",Cheltenham,JH Evans; PR Pollard,"Gloucestershire defeated Northamptonshire by 9 wickets at College Ground, Cheltenham (Cheltenham).",Cricsheet JSON v1.2.0 Open Data / ECB Official Scorecards
82,CCH_804245,2015,2015,County Championship,Division One,Division One,Group Stage,2015-07-11,2015-07-11,2015-07-14,4,Middlesex,Somerset,Middlesex,Somerset,Middlesex,bat,Middlesex,Somerset,Middlesex,283/10 (93.3 ov),283,10,93.3 ov,Somerset,197/10 (75.0 ov),197,10,75.0 ov,No,Middlesex,132/6d (29.0 ov),132,6,29.0 ov,Somerset,147/7 (39.4 ov),147,7,39.4 ov,759,33,Middlesex 283/10 & 132/6d - Somerset 197/10 & 147/7,Draw,Draw,None,Draw,,draw,,"Middlesex: DJ Malan 69, SD Robson 67, L Gregory 5 wkts, TD Groenewald 4 wkts | Somerset: ME Trescothick 52, J Allenby 43, ST Finn 4 wkts, TJ Murtagh 3 wkts | Middlesex: JEC Franklin 32, NRD Compton 30, J Overton 2 wkts, PD Trego 2 wkts | Somerset: ME Trescothick 50, JC Hildreth 25, TJ Murtagh 3 wkts, TS Roland-Jones 2 wkts","Merchant Taylors' School Ground, Northwood",Northwood,NA Mallender; SC Gale,"Match drawn between Middlesex and Somerset at Merchant Taylors' School Ground, Northwood (Northwood).",Cricsheet JSON v1.2.0 Open Data / ECB Official Scorecards
83,CCH_804247,2015,2015,County Championship,Division One,Division One,Group Stage,2015-07-12,2015-07-12,2015-07-15,4,Durham,Warwickshire,Durham,Warwickshire,Durham,bat,Durham,Warwickshire,Durham,314/10 (89.4 ov),314,10,89.4 ov,Warwickshire,198/10 (59.5 ov),198,10,59.5 ov,No,Durham,148/10 (50.5 ov),148,10,50.5 ov,Warwickshire,265/8 (68.3 ov),265,8,68.3 ov,925,38,Durham 314/10 & 148/10 - Warwickshire 198/10 & 265/8,Win,Warwickshire,Durham,2 wickets,2,wickets,,"Durham: MD Stoneman 112, SG Borthwick 67, R Clarke 5 wkts, TP Milnes 3 wkts | Warwickshire: SR Hain 57, TR Ambrose 41, C Rushworth 5 wkts, JW Hastings 2 wkts | Durham: J Harrison 53, RD Pringle 22, R Clarke 3 wkts, CR Woakes 3 wkts | Warwickshire: LJ Evans 70, IJ Westwood 36, C Rushworth 3 wkts, G Onions 3 wkts","Riverside Ground, Chester-le-Street",Chester-le-Street,DJ Millns; GD Lloyd,"Warwickshire defeated Durham by 2 wickets at Riverside Ground, Chester-le-Street (Chester-le-Street).",Cricsheet JSON v1.2.0 Open Data / ECB Official Scorecards
84,CCH_804391,2015,2015,County Championship,Division Two,Division Two,Group Stage,2015-07-12,2015-07-12,2015-07-15,4,Essex,Glamorgan,Essex,Glamorgan,Essex,bat,Essex,Glamorgan,Essex,279/10 (78.4 ov),279,10,78.4 ov,Glamorgan,162/10 (41.0 ov),162,10,41.0 ov,No,Essex,344/4d (85.2 ov),344,4,85.2 ov,Glamorgan,213/10 (60.4 ov),213,10,60.4 ov,998,34,Essex 279/10 & 344/4d - Glamorgan 162/10 & 213/10,Win,Essex,Glamorgan,248 runs,248,runs,,"Essex: JC Mickleburgh 50, RN ten Doeschate 48, MG Hogan 4 wkts, CAJ Meschede 2 wkts | Glamorgan: CA Ingram 43, JA Rudolph 24, JD Ryder 6 wkts, DD Masters 3 wkts | Essex: NLJ Browne 129, LA Dawson 99, CA Ingram 3 wkts, AG Salter 1 wkts | Glamorgan: AHT Donald 67, JA Rudolph 47, JD Ryder 4 wkts, DD Masters 3 wkts","County Ground, Chelmsford",Chelmsford,CK Nandan; PJ Hartley,"Essex defeated Glamorgan by 248 runs at County Ground, Chelmsford (Chelmsford).",Cricsheet JSON v1.2.0 Open Data / ECB Official Scorecards
85,CCH_804393,2015,2015,County Championship,Division Two,Division Two,Group Stage,2015-07-13,2015-07-13,2015-07-16,4,Kent,Surrey,Surrey,Kent,Surrey,field,Kent,Surrey,Kent,336/10 (93.0 ov),336,10,93.0 ov,Surrey,311/10 (83.1 ov),311,10,83.1 ov,No,Kent,99/10 (41.1 ov),99,10,41.1 ov,Surrey,128/4 (38.1 ov),128,4,38.1 ov,874,34,Kent 336/10 & 99/10 - Surrey 311/10 & 128/4,Win,Surrey,Kent,6 wickets,6,wickets,,"Kent: SW Billings 99, CJ Haggett 80, SM Curran 5 wkts, TK Curran 3 wkts | Surrey: KC Sangakkara 110, A Harinath 76, DI Stevens 4 wkts, MD Hunn 3 wkts | Kent: SA Northeast 33, BW Harmison 24, GJ Batty 4 wkts, SM Curran 3 wkts | Surrey: BT Foakes 57, RJ Burns 46, JC Tredwell 3 wkts, JL Denly 1 wkts","Kennington Oval, London",London,BJ Debenham; SA Garratt,"Surrey defeated Kent by 6 wickets at Kennington Oval, London (London).",Cricsheet JSON v1.2.0 Open Data / ECB Official Scorecards
86,CCH_804395,2015,2015,County Championship,Division Two,Division Two,Group Stage,2015-07-15,2015-07-15,2015-07-18,4,Gloucestershire,Leicestershire,Gloucestershire,Leicestershire,Leicestershire,field,Gloucestershire,Leicestershire,Gloucestershire,218/10 (72.5 ov),218,10,72.5 ov,Leicestershire,215/10 (87.2 ov),215,10,87.2 ov,No,Gloucestershire,321/9 (112.5 ov),321,9,112.5 ov,Leicestershire,169/10 (65.2 ov),169,10,65.2 ov,923,39,Gloucestershire 218/10 & 321/9 - Leicestershire 215/10 & 169/10,Win,Gloucestershire,Leicestershire,155 runs,155,runs,,"Gloucestershire: GH Roderick 61, JK Fuller 41, CJ McKay 5 wkts, CE Shreck 3 wkts | Leicestershire: MJ Cosgrove 74, AM Ali 40, JK Fuller 4 wkts, BAC Howell 2 wkts | Gloucestershire: BAC Howell 102, K Noema-Barnett 61, CE Shreck 5 wkts, CJ McKay 3 wkts | Leicestershire: AM Ali 41, MJ Cosgrove 24, CN Miles 3 wkts, JMR Taylor 2 wkts","College Ground, Cheltenham",Cheltenham,JW Lloyds; MJ Saggers,"Gloucestershire defeated Leicestershire by 155 runs at College Ground, Cheltenham (Cheltenham).",Cricsheet JSON v1.2.0 Open Data / ECB Official Scorecards
87,CCH_804249,2015,2015,County Championship,Division One,Division One,Group Stage,2015-07-18,2015-07-18,2015-07-21,4,Somerset,Warwickshire,Warwickshire,Somerset,Somerset,bat,Somerset,Warwickshire,Somerset,265/10 (83.4 ov),265,10,83.4 ov,Warwickshire,365/10 (116.1 ov),365,10,116.1 ov,No,Somerset,170/10 (52.0 ov),170,10,52.0 ov,Warwickshire,74/3 (28.5 ov),74,3,28.5 ov,874,33,Somerset 265/10 & 170/10 - Warwickshire 365/10 & 74/3,Win,Warwickshire,Somerset,7 wickets,7,wickets,,"Somerset: C Overton 51, ME Trescothick 48, JS Patel 5 wkts, CR Woakes 3 wkts | Warwickshire: SR Hain 103, IJL Trott 87, C Overton 6 wkts, AC Thomas 3 wkts | Somerset: TB Abell 88, PD Trego 21, R Clarke 4 wkts, JS Patel 4 wkts | Warwickshire: LJ Evans 36, IJ Westwood 16, C Overton 1 wkts, AC Thomas 1 wkts","Edgbaston, Birmingham",Birmingham,BJ Debenham; PK Baldwin,"Warwickshire defeated Somerset by 7 wickets at Edgbaston, Birmingham (Birmingham).",Cricsheet JSON v1.2.0 Open Data / ECB Official Scorecards
88,CCH_804397,2015,2015,County Championship,Division Two,Division Two,Group Stage,2015-07-18,2015-07-18,2015-07-20,3,Derbyshire,Northamptonshire,Northamptonshire,Derbyshire,Derbyshire,bat,Derbyshire,Northamptonshire,Derbyshire,361/10 (92.5 ov),361,10,92.5 ov,Northamptonshire,116/10 (38.2 ov),116,10,38.2 ov,Yes,Northamptonshire,316/10 (81.2 ov),316,10,81.2 ov,Derbyshire,72/4 (15.1 ov),72,4,15.1 ov,865,34,Derbyshire 361/10 & 72/4 - Northamptonshire 116/10 & 316/10,Win,Derbyshire,Northamptonshire,7 wickets,7,wickets,,"Derbyshire: AL Hughes 111, HD Rutherford 60, RK Kleinveldt 4 wkts, MA Chambers 2 wkts | Northamptonshire: RE Levi 34, OP Stone 19, MHA Footitt 5 wkts, BD Cotton 3 wkts | Northamptonshire: BM Duckett 154, AM Rossington 39, WJ Durston 3 wkts, AP Palladino 3 wkts | Derbyshire: BA Godleman 14, WJ Durston 12, BW Sanderson 1 wkts, RK Kleinveldt 1 wkts","County Ground, Northampton",Northampton,GD Lloyd; PJ Hartley,"Derbyshire defeated Northamptonshire by 7 wickets at County Ground, Northampton (Northampton).",Cricsheet JSON v1.2.0 Open Data / ECB Official Scorecards
89,CCH_804251,2015,2015,County Championship,Division One,Division One,Group Stage,2015-07-19,2015-07-19,2015-07-22,4,Durham,Hampshire,Hampshire,Durham,Durham,bat,Durham,Hampshire,Durham,421/10 (131.5 ov),421,10,131.5 ov,Hampshire,307/10 (110.2 ov),307,10,110.2 ov,No,Durham,190/4d (44.0 ov),190,4,44.0 ov,Hampshire,179/9 (66.1 ov),179,9,66.1 ov,1097,33,Durham 421/10 & 190/4d - Hampshire 307/10 & 179/9,Draw,Draw,None,Draw,,draw,,"Durham: GJ Muchall 145, MJ Richardson 91, LA Dawson 3 wkts, JM Bird 3 wkts | Hampshire: WR Smith 85, MA Carberry 73, C Rushworth 6 wkts, RD Pringle 2 wkts | Durham: MD Stoneman 88, SG Borthwick 39, MS Crane 4 wkts | Hampshire: LD McManus 53, GK Berg 36, RD Pringle 5 wkts, C Rushworth 3 wkts","The Rose Bowl, Southampton",Southampton,CK Nandan; NGB Cook,"Match drawn between Durham and Hampshire at The Rose Bowl, Southampton (Southampton).",Cricsheet JSON v1.2.0 Open Data / ECB Official Scorecards
90,CCH_804253,2015,2015,County Championship,Division One,Division One,Group Stage,2015-07-19,2015-07-19,2015-07-21,3,Nottinghamshire,Sussex,Nottinghamshire,Sussex,Nottinghamshire,bat,Nottinghamshire,Sussex,Nottinghamshire,570/7d (137.1 ov),570,7,137.1 ov,Sussex,213/10 (69.3 ov),213,10,69.3 ov,Yes,Sussex,254/10 (61.2 ov),254,10,61.2 ov,,,,,,1037,27,Nottinghamshire 570/7d - Sussex 213/10 & 254/10,Win,Nottinghamshire,Sussex,innings and 103 runs,103,innings and runs,,"Nottinghamshire: JWA Taylor 291, CMW Read 121, OE Robinson 4 wkts, ME Hobden 2 wkts | Sussex: LJ Wright 50, EC Joyce 40, HF Gurney 5 wkts, G Keedy 3 wkts | Sussex: MW Machan 108, LJ Wright 67, L Wood 3 wkts, HF Gurney 3 wkts","Cricket Field Road Ground, Horsham",Horsham,BV Taylor; SC Gale,"Nottinghamshire defeated Sussex by innings and 103 runs at Cricket Field Road Ground, Horsham (Horsham).",Cricsheet JSON v1.2.0 Open Data / ECB Official Scorecards
91,CCH_804255,2015,2015,County Championship,Division One,Division One,Group Stage,2015-07-19,2015-07-19,2015-07-22,4,Yorkshire,Worcestershire,Yorkshire,Worcestershire,Yorkshire,bat,Yorkshire,Worcestershire,Yorkshire,430/10 (109.5 ov),430,10,109.5 ov,Worcestershire,280/10 (76.0 ov),280,10,76.0 ov,Yes,Worcestershire,306/10 (91.5 ov),306,10,91.5 ov,Yorkshire,157/3 (27.4 ov),157,3,27.4 ov,1173,33,Yorkshire 430/10 & 157/3 - Worcestershire 280/10 & 306/10,Win,Yorkshire,Worcestershire,7 wickets,7,wickets,,"Yorkshire: AW Gale 164, JM Bairstow 139, J Leach 4 wkts, CAJ Morris 3 wkts | Worcestershire: JM Clarke 88, Saeed Ajmal 37, SA Patterson 3 wkts, AU Rashid 2 wkts | Worcestershire: RA Whiteley 101, BL D'Oliveira 37, JA Brooks 3 wkts, LE Plunkett 2 wkts | Yorkshire: JM Bairstow 74, AZ Lees 58, CAJ Morris 1 wkts, Saeed Ajmal 1 wkts","North Marine Road Ground, Scarborough",Scarborough,DJ Millns; RJ Evans,"Yorkshire defeated Worcestershire by 7 wickets at North Marine Road Ground, Scarborough (Scarborough).",Cricsheet JSON v1.2.0 Open Data / ECB Official Scorecards
92,CCH_804401,2015,2015,County Championship,Division Two,Division Two,Group Stage,2015-07-19,2015-07-19,2015-07-21,3,Essex,Kent,Kent,Essex,Essex,bat,Essex,Kent,Essex,260/10 (82.2 ov),260,10,82.2 ov,Kent,633/8d (146.0 ov),633,8,146.0 ov,No,Essex,166/10 (44.1 ov),166,10,44.1 ov,,,,,,1059,28,Essex 260/10 & 166/10 - Kent 633/8d,Win,Kent,Essex,innings and 207 runs,207,innings and runs,,"Essex: T Westley 77, RN ten Doeschate 54, DI Stevens 4 wkts, CJ Haggett 3 wkts | Kent: BW Harmison 123, SW Billings 100, RS Bopara 3 wkts, JA Porter 2 wkts | Essex: GR Napier 35, JD Ryder 29, CJ Haggett 4 wkts, MD Hunn 4 wkts","Nevill Ground, Tunbridge Wells",Tunbridge Wells,JH Evans; M Burns,"Kent defeated Essex by innings and 207 runs at Nevill Ground, Tunbridge Wells (Tunbridge Wells).",Cricsheet JSON v1.2.0 Open Data / ECB Official Scorecards
93,CCH_804403,2015,2015,County Championship,Division Two,Division Two,Group Stage,2015-08-04,2015-08-04,2015-08-06,3,Kent,Northamptonshire,Kent,Northamptonshire,Kent,bat,Kent,Northamptonshire,Kent,167/10 (51.3 ov),167,10,51.3 ov,Northamptonshire,398/10 (108.1 ov),398,10,108.1 ov,No,Kent,208/10 (78.1 ov),208,10,78.1 ov,,,,,,773,30,Kent 167/10 & 208/10 - Northamptonshire 398/10,Win,Northamptonshire,Kent,innings and 23 runs,23,innings and runs,,"Kent: JL Denly 50, CJ Haggett 49, OP Stone 4 wkts, MA Chambers 2 wkts | Northamptonshire: BM Duckett 145, Azharullah 58, JC Tredwell 3 wkts, MT Coles 3 wkts | Kent: SW Billings 43, RWT Key 42, BW Sanderson 4 wkts, Azharullah 3 wkts","St Lawrence Ground, Canterbury",Canterbury,RJ Evans; SJ O'Shaughnessy,"Northamptonshire defeated Kent by innings and 23 runs at St Lawrence Ground, Canterbury (Canterbury).",Cricsheet JSON v1.2.0 Open Data / ECB Official Scorecards
94,CCH_804405,2015,2015,County Championship,Division Two,Division Two,Group Stage,2015-08-06,2015-08-06,2015-08-09,4,Glamorgan,Gloucestershire,Glamorgan,Gloucestershire,Glamorgan,bat,Glamorgan,Gloucestershire,Glamorgan,299/10 (103.2 ov),299,10,103.2 ov,Gloucestershire,416/10 (118.4 ov),416,10,118.4 ov,No,Glamorgan,224/10 (63.3 ov),224,10,63.3 ov,Gloucestershire,108/3 (37.1 ov),108,3,37.1 ov,1047,33,Glamorgan 299/10 & 224/10 - Gloucestershire 416/10 & 108/3,Win,Gloucestershire,Glamorgan,7 wickets,7,wickets,,"Glamorgan: AG Salter 73, JA Rudolph 68, DA Payne 4 wkts, LC Norwell 3 wkts | Gloucestershire: HJH Marshall 70, BAC Howell 67, CAJ Meschede 4 wkts, AG Salter 3 wkts | Glamorgan: CA Ingram 45, AG Salter 38, DA Payne 4 wkts, K Noema-Barnett 3 wkts | Gloucestershire: CDJ Dent 65, WA Tavare 12, GG Wagg 2 wkts, MG Hogan 1 wkts","St Helen's, Swansea",Swansea,DJ Millns; NL Bainton,"Gloucestershire defeated Glamorgan by 7 wickets at St Helen's, Swansea (Swansea).",Cricsheet JSON v1.2.0 Open Data / ECB Official Scorecards
95,CCH_804257,2015,2015,County Championship,Division One,Division One,Group Stage,2015-08-07,2015-08-07,2015-08-10,4,Hampshire,Warwickshire,Hampshire,Warwickshire,Hampshire,bat,Hampshire,Warwickshire,Hampshire,285/10 (108.0 ov),285,10,108.0 ov,Warwickshire,125/10 (54.0 ov),125,10,54.0 ov,No,Hampshire,283/3d (66.1 ov),283,3,66.1 ov,Warwickshire,227/10 (74.0 ov),227,10,74.0 ov,920,33,Hampshire 285/10 & 283/3d - Warwickshire 125/10 & 227/10,Win,Hampshire,Warwickshire,216 runs,216,runs,,"Hampshire: AJA Wheater 57, GK Berg 54, WB Rankin 3 wkts, R Clarke 3 wkts | Warwickshire: V Chopra 37, LJ Evans 35, FH Edwards 5 wkts, MS Crane 5 wkts | Hampshire: JM Vince 125, MA Carberry 91, WB Rankin 2 wkts, CR Woakes 1 wkts | Warwickshire: R Clarke 55, IJ Westwood 53, FH Edwards 4 wkts, LA Dawson 2 wkts","The Rose Bowl, Southampton",Southampton,IJ Gould; M Burns,"Hampshire defeated Warwickshire by 216 runs at The Rose Bowl, Southampton (Southampton).",Cricsheet JSON v1.2.0 Open Data / ECB Official Scorecards
96,CCH_804259,2015,2015,County Championship,Division One,Division One,Group Stage,2015-08-07,2015-08-07,2015-08-10,4,Middlesex,Sussex,Middlesex,Sussex,Middlesex,bat,Middlesex,Sussex,Middlesex,234/10 (77.5 ov),234,10,77.5 ov,Sussex,300/10 (94.4 ov),300,10,94.4 ov,No,Middlesex,331/10 (113.1 ov),331,10,113.1 ov,Sussex,245/10 (70.0 ov),245,10,70.0 ov,1110,40,Middlesex 234/10 & 331/10 - Sussex 300/10 & 245/10,Win,Middlesex,Sussex,20 runs,20,runs,,"Middlesex: DJ Malan 93, NRD Compton 39, SJ Magoffin 4 wkts, CJ Liddle 3 wkts | Sussex: MW Machan 81, MH Yardy 70, RH Patel 4 wkts, TS Roland-Jones 3 wkts | Middlesex: DJ Malan 120, SD Robson 77, SJ Magoffin 5 wkts, OE Robinson 3 wkts | Sussex: BC Brown 68, CD Nash 66, JAR Harris 4 wkts, TS Roland-Jones 3 wkts","Lord's, London",London,MJD Bodenham; MJ Saggers,"Middlesex defeated Sussex by 20 runs at Lord's, London (London).",Cricsheet JSON v1.2.0 Open Data / ECB Official Scorecards
97,CCH_804261,2015,2015,County Championship,Division One,Division One,Group Stage,2015-08-07,2015-08-07,2015-08-10,4,Worcestershire,Nottinghamshire,Worcestershire,Nottinghamshire,Worcestershire,bat,Worcestershire,Nottinghamshire,Worcestershire,269/10 (68.4 ov),269,10,68.4 ov,Nottinghamshire,330/10 (82.1 ov),330,10,82.1 ov,No,Worcestershire,292/10 (82.3 ov),292,10,82.3 ov,Nottinghamshire,234/5 (71.4 ov),234,5,71.4 ov,1125,35,Worcestershire 269/10 & 292/10 - Nottinghamshire 330/10 & 234/5,Win,Nottinghamshire,Worcestershire,5 wickets,5,wickets,,"Worcestershire: APR Gidman 71, OB Cox 56, HF Gurney 3 wkts, BA Hutton 3 wkts | Nottinghamshire: CMW Read 90, AD Hales 85, CAJ Morris 3 wkts, JD Shantry 2 wkts | Worcestershire: RA Whiteley 78, JM Clarke 61, JT Ball 4 wkts, BA Hutton 2 wkts | Nottinghamshire: MH Wessels 88, JWA Taylor 66, CAJ Morris 2 wkts, Saeed Ajmal 2 wkts","County Ground, New Road, Worcester",Worcester,RJ Bailey; SA Garratt,"Nottinghamshire defeated Worcestershire by 5 wickets at County Ground, New Road, Worcester (Worcester).",Cricsheet JSON v1.2.0 Open Data / ECB Official Scorecards
98,CCH_804263,2015,2015,County Championship,Division One,Division One,Group Stage,2015-08-07,2015-08-07,2015-08-09,3,Yorkshire,Durham,Yorkshire,Durham,Yorkshire,bat,Yorkshire,Durham,Yorkshire,162/10 (43.4 ov),162,10,43.4 ov,Durham,156/10 (43.5 ov),156,10,43.5 ov,No,Yorkshire,440/10 (104.0 ov),440,10,104.0 ov,Durham,263/10 (68.3 ov),263,10,68.3 ov,1021,40,Yorkshire 162/10 & 440/10 - Durham 156/10 & 263/10,Win,Yorkshire,Durham,183 runs,183,runs,,"Yorkshire: TT Bresnan 47, GJ Maxwell 36, C Rushworth 4 wkts, G Onions 3 wkts | Durham: RD Pringle 40, MJ Richardson 24, RJ Sidebottom 4 wkts, SA Patterson 3 wkts | Yorkshire: GJ Maxwell 140, AU Rashid 127, C Rushworth 3 wkts, G Onions 3 wkts | Durham: JTA Burnham 50, MJ Richardson 48, LE Plunkett 4 wkts, AU Rashid 3 wkts","North Marine Road Ground, Scarborough",Scarborough,JW Lloyds; NGB Cook,"Yorkshire defeated Durham by 183 runs at North Marine Road Ground, Scarborough (Scarborough).",Cricsheet JSON v1.2.0 Open Data / ECB Official Scorecards
99,CCH_804409,2015,2015,County Championship,Division Two,Division Two,Group Stage,2015-08-07,2015-08-07,2015-08-10,4,Derbyshire,Leicestershire,Leicestershire,Derbyshire,Leicestershire,field,Derbyshire,Leicestershire,Derbyshire,345/10 (103.3 ov),345,10,103.3 ov,Leicestershire,314/10 (90.4 ov),314,10,90.4 ov,No,Derbyshire,241/10 (66.4 ov),241,10,66.4 ov,Leicestershire,273/7 (89.1 ov),273,7,89.1 ov,1173,37,Derbyshire 345/10 & 241/10 - Leicestershire 314/10 & 273/7,Win,Leicestershire,Derbyshire,3 wickets,3,wickets,,"Derbyshire: WL Madsen 172, SJ Thakor 41, CE Shreck 4 wkts, CJ McKay 3 wkts | Leicestershire: MJ Cosgrove 102, NJ O'Brien 60, MHA Footitt 5 wkts, AP Palladino 2 wkts | Derbyshire: BA Godleman 101, AL Hughes 28, CJ McKay 4 wkts, BA Raine 3 wkts | Leicestershire: NJ O'Brien 87, AM Ali 42, AP Palladino 3 wkts, BD Cotton 2 wkts","Grace Road, Leicester",Leicester,GD Lloyd; PK Baldwin,"Leicestershire defeated Derbyshire by 3 wickets at Grace Road, Leicester (Leicester).",Cricsheet JSON v1.2.0 Open Data / ECB Official Scorecards
100,CCH_804265,2015,2015,County Championship,Division One,Division One,Group Stage,2015-08-21,2015-08-21,2015-08-24,4,Middlesex,Durham,Durham,Middlesex,Durham,field,Middlesex,Durham,Middlesex,196/10 (63.1 ov),196,10,63.1 ov,Durham,169/10 (47.5 ov),169,10,47.5 ov,No,Middlesex,280/10 (84.5 ov),280,10,84.5 ov,Durham,236/10 (64.3 ov),236,10,64.3 ov,881,40,Middlesex 196/10 & 280/10 - Durham 169/10 & 236/10,Win,Middlesex,Durham,71 runs,71,runs,,"Middlesex: NRD Compton 71, TS Roland-Jones 27, G Onions 7 wkts, JW Hastings 2 wkts | Durham: GJ Muchall 64, WJ Weighell 25, JAR Harris 3 wkts, TS Roland-Jones 3 wkts | Middlesex: NJ Dexter 112, DJ Malan 63, C Rushworth 5 wkts, SG Borthwick 2 wkts | Durham: SG Borthwick 95, RD Pringle 36, JAR Harris 5 wkts, TS Roland-Jones 2 wkts","Riverside Ground, Chester-le-Street",Chester-le-Street,NA Mallender; RT Robinson,"Middlesex defeated Durham by 71 runs at Riverside Ground, Chester-le-Street (Chester-le-Street).",Cricsheet JSON v1.2.0 Open Data / ECB Official Scorecards
101,CCH_804267,2015,2015,County Championship,Division One,Division One,Group Stage,2015-08-21,2015-08-21,2015-08-24,4,Nottinghamshire,Warwickshire,Nottinghamshire,Warwickshire,Warwickshire,field,Nottinghamshire,Warwickshire,Nottinghamshire,600/10 (141.2 ov),600,10,141.2 ov,Warwickshire,260/10 (80.5 ov),260,10,80.5 ov,Yes,Warwickshire,217/10 (95.4 ov),217,10,95.4 ov,,,,,,1077,30,Nottinghamshire 600/10 - Warwickshire 260/10 & 217/10,Win,Nottinghamshire,Warwickshire,innings and 123 runs,123,innings and runs,,"Nottinghamshire: AD Hales 189, SJ Mullaney 112, CJC Wright 3 wkts, WB Rankin 3 wkts | Warwickshire: KHD Barker 71, TR Ambrose 46, JT Ball 3 wkts, BA Hutton 3 wkts | Warwickshire: WTS Porterfield 61, R Clarke 30, SR Patel 4 wkts, BA Hutton 2 wkts","Trent Bridge, Nottingham",Nottingham,SC Gale; SJ O'Shaughnessy,"Nottinghamshire defeated Warwickshire by innings and 123 runs at Trent Bridge, Nottingham (Nottingham).",Cricsheet JSON v1.2.0 Open Data / ECB Official Scorecards
102,CCH_804269,2015,2015,County Championship,Division One,Division One,Group Stage,2015-08-21,2015-08-21,2015-08-24,4,Somerset,Worcestershire,Somerset,Worcestershire,Worcestershire,field,Somerset,Worcestershire,Somerset,565/5d (139.0 ov),565,5,139.0 ov,Worcestershire,172/4 (41.2 ov),172,4,41.2 ov,No,,,,,,,,,,,737,9,Somerset 565/5d - Worcestershire 172/4,Draw,Draw,None,Draw,,draw,,"Somerset: JC Hildreth 220, PD Trego 130, JD Shantry 2 wkts, J Leach 2 wkts | Worcestershire: RA Whiteley 78, OB Cox 52, L Gregory 2 wkts, MJ Leach 1 wkts","County Ground, Taunton",Taunton,JH Evans; MJD Bodenham,"Match drawn between Somerset and Worcestershire at County Ground, Taunton (Taunton).",Cricsheet JSON v1.2.0 Open Data / ECB Official Scorecards
103,CCH_804271,2015,2015,County Championship,Division One,Division One,Group Stage,2015-08-21,2015-08-21,2015-08-24,4,Yorkshire,Sussex,Sussex,Yorkshire,Yorkshire,bat,Yorkshire,Sussex,Yorkshire,494/10 (138.1 ov),494,10,138.1 ov,Sussex,493/7 (123.0 ov),493,7,123.0 ov,No,,,,,,,,,,,987,17,Yorkshire 494/10 - Sussex 493/7,Draw,Draw,None,Draw,,draw,,"Yorkshire: GS Ballance 165, TT Bresnan 78, OE Robinson 3 wkts, CJ Jordan 3 wkts | Sussex: MH Yardy 124, BC Brown 106, AU Rashid 3 wkts, LE Plunkett 2 wkts","County Ground, Hove",Brighton,NL Bainton; PJ Hartley,"Match drawn between Yorkshire and Sussex at County Ground, Hove (Brighton).",Cricsheet JSON v1.2.0 Open Data / ECB Official Scorecards
104,CCH_804411,2015,2015,County Championship,Division Two,Division Two,Group Stage,2015-08-21,2015-08-21,2015-08-24,4,Derbyshire,Kent,Derbyshire,Kent,Kent,field,Derbyshire,Kent,Derbyshire,253/10 (82.5 ov),253,10,82.5 ov,Kent,159/9 (58.4 ov),159,9,58.4 ov,No,Derbyshire,234/4d (67.2 ov),234,4,67.2 ov,Kent,231/5 (67.2 ov),231,5,67.2 ov,877,28,Derbyshire 253/10 & 234/4d - Kent 159/9 & 231/5,Draw,Draw,None,Draw,,draw,,"Derbyshire: BA Godleman 108, WL Madsen 46, MD Hunn 3 wkts, CJ Haggett 3 wkts | Kent: RWT Key 29, MD Hunn 23, MHA Footitt 4 wkts, AP Palladino 2 wkts | Derbyshire: BA Godleman 105, CF Hughes 50, IAA Thomas 2 wkts, JC Tredwell 1 wkts | Kent: SA Northeast 76, RWT Key 67, MHA Footitt 2 wkts, CF Hughes 1 wkts","County Ground, Derby",Derby,JW Lloyds; PK Baldwin,"Match drawn between Derbyshire and Kent at County Ground, Derby (Derby).",Cricsheet JSON v1.2.0 Open Data / ECB Official Scorecards
105,CCH_804413,2015,2015,County Championship,Division Two,Division Two,Group Stage,2015-08-21,2015-08-21,2015-08-24,4,Gloucestershire,Surrey,Gloucestershire,Surrey,Surrey,field,Gloucestershire,Surrey,Gloucestershire,233/10 (72.2 ov),233,10,72.2 ov,Surrey,349/6 (99.1 ov),349,6,99.1 ov,No,,,,,,,,,,,582,16,Gloucestershire 233/10 - Surrey 349/6,Draw,Draw,None,Draw,,draw,,"Gloucestershire: GH Roderick 71, JK Fuller 48, TK Curran 6 wkts, SM Curran 2 wkts | Surrey: BT Foakes 140, SM Curran 49, K Noema-Barnett 2 wkts, LC Norwell 2 wkts","County Ground, Bristol",Bristol,GD Lloyd; RJ Evans,"Match drawn between Gloucestershire and Surrey at County Ground, Bristol (Bristol).",Cricsheet JSON v1.2.0 Open Data / ECB Official Scorecards
106,CCH_804415,2015,2015,County Championship,Division Two,Division Two,Group Stage,2015-08-21,2015-08-21,2015-08-24,4,Lancashire,Glamorgan,Lancashire,Glamorgan,Lancashire,bat,Lancashire,Glamorgan,Lancashire,462/10 (141.4 ov),462,10,141.4 ov,Glamorgan,213/9 (79.5 ov),213,9,79.5 ov,Yes,Glamorgan,159/3 (82.2 ov),159,3,82.2 ov,,,,,,834,22,Lancashire 462/10 - Glamorgan 213/9 & 159/3,Draw,Draw,None,Draw,,draw,,"Lancashire: KR Brown 132, AL Davies 95, CAJ Meschede 4 wkts, CA Ingram 2 wkts | Glamorgan: AG Salter 45, CB Cooke 31, SC Kerrigan 4 wkts, JP Faulkner 2 wkts | Glamorgan: JA Rudolph 63, CB Cooke 41, SJ Croft 1 wkts, JP Faulkner 1 wkts","Old Trafford, Manchester",Manchester,RK Illingworth; RJ Bailey,"Match drawn between Lancashire and Glamorgan at Old Trafford, Manchester (Manchester).",Cricsheet JSON v1.2.0 Open Data / ECB Official Scorecards
107,CCH_804417,2015,2015,County Championship,Division Two,Division Two,Group Stage,2015-08-21,2015-08-21,2015-08-24,4,Northamptonshire,Leicestershire,Northamptonshire,Leicestershire,Leicestershire,field,Northamptonshire,Leicestershire,Northamptonshire,325/10 (78.5 ov),325,10,78.5 ov,Leicestershire,372/10 (111.2 ov),372,10,111.2 ov,No,Northamptonshire,162/9 (67.2 ov),162,9,67.2 ov,Leicestershire,30/1 (6.4 ov),30,1,6.4 ov,889,30,Northamptonshire 325/10 & 162/9 - Leicestershire 372/10 & 30/1,Draw,Draw,None,Draw,,draw,,"Northamptonshire: AG Wakely 123, RK Kleinveldt 43, CJ McKay 5 wkts, CE Shreck 3 wkts | Leicestershire: MJ Cosgrove 110, NJ O'Brien 95, RK Kleinveldt 5 wkts, RI Keogh 3 wkts | Northamptonshire: RE Levi 54, RI Keogh 36, WA White 5 wkts, CJ McKay 3 wkts | Leicestershire: LJ Hill 11, AJ Robson 10, RK Kleinveldt 1 wkts","County Ground, Northampton",Northampton,AG Wharf; M Burns,"Match drawn between Northamptonshire and Leicestershire at County Ground, Northampton (Northampton).",Cricsheet JSON v1.2.0 Open Data / ECB Official Scorecards
108,CCH_804273,2015,2015,County Championship,Division One,Division One,Group Stage,2015-09-01,2015-09-01,2015-09-03,3,Durham,Hampshire,Durham,Hampshire,Durham,bat,Durham,Hampshire,Durham,213/10 (64.1 ov),213,10,64.1 ov,Hampshire,251/10 (83.2 ov),251,10,83.2 ov,No,Durham,200/10 (53.5 ov),200,10,53.5 ov,Hampshire,166/3 (34.3 ov),166,3,34.3 ov,830,33,Durham 213/10 & 200/10 - Hampshire 251/10 & 166/3,Win,Hampshire,Durham,7 wickets,7,wickets,,"Durham: RD Pringle 99, GJ Muchall 23, R McLaren 4 wkts, GK Berg 3 wkts | Hampshire: SM Ervine 47, WR Smith 38, JW Hastings 4 wkts, G Onions 4 wkts | Durham: PD Collingwood 37, C Rushworth 33, FH Edwards 4 wkts, R McLaren 3 wkts | Hampshire: JM Vince 76, MA Carberry 39, G Onions 2 wkts, C Rushworth 1 wkts","Riverside Ground, Chester-le-Street",Chester-le-Street,JW Lloyds; RJ Evans,"Hampshire defeated Durham by 7 wickets at Riverside Ground, Chester-le-Street (Chester-le-Street).",Cricsheet JSON v1.2.0 Open Data / ECB Official Scorecards
109,CCH_804275,2015,2015,County Championship,Division One,Division One,Group Stage,2015-09-01,2015-09-01,2015-09-04,4,Middlesex,Warwickshire,Warwickshire,Middlesex,Middlesex,bat,Middlesex,Warwickshire,Middlesex,207/10 (79.1 ov),207,10,79.1 ov,Warwickshire,254/10 (96.5 ov),254,10,96.5 ov,No,Middlesex,173/6 (62.1 ov),173,6,62.1 ov,,,,,,634,26,Middlesex 207/10 & 173/6 - Warwickshire 254/10,Draw,Draw,None,Draw,,draw,,"Middlesex: NJ Dexter 53, PR Stirling 41, JS Patel 5 wkts, KHD Barker 2 wkts | Warwickshire: TR Ambrose 89, V Chopra 44, TJ Murtagh 4 wkts, OP Rayner 3 wkts | Middlesex: NJ Dexter 43, NRD Compton 28, JS Patel 3 wkts, KHD Barker 2 wkts","Edgbaston, Birmingham",Birmingham,AG Wharf; PK Baldwin,"Match drawn between Middlesex and Warwickshire at Edgbaston, Birmingham (Birmingham).",Cricsheet JSON v1.2.0 Open Data / ECB Official Scorecards
110,CCH_804277,2015,2015,County Championship,Division One,Division One,Group Stage,2015-09-01,2015-09-01,2015-09-04,4,Worcestershire,Sussex,Worcestershire,Sussex,Worcestershire,bat,Worcestershire,Sussex,Worcestershire,210/10 (80.0 ov),210,10,80.0 ov,Sussex,510/5d (116.4 ov),510,5,116.4 ov,No,Worcestershire,237/10 (83.3 ov),237,10,83.3 ov,,,,,,957,25,Worcestershire 210/10 & 237/10 - Sussex 510/5d,Win,Sussex,Worcestershire,innings and 63 runs,63,innings and runs,,"Worcestershire: APR Gidman 60, JM Clarke 40, CJ Jordan 5 wkts, Ashar Zaidi 1 wkts | Sussex: LJ Wright 226, BC Brown 103, CAJ Morris 2 wkts, J Leach 2 wkts | Worcestershire: JM Clarke 104, OB Cox 31, Ashar Zaidi 3 wkts, LWP Wells 2 wkts","County Ground, New Road, Worcester",Worcester,NA Mallender; SC Gale,"Sussex defeated Worcestershire by innings and 63 runs at County Ground, New Road, Worcester (Worcester).",Cricsheet JSON v1.2.0 Open Data / ECB Official Scorecards
111,CCH_804279,2015,2015,County Championship,Division One,Division One,Group Stage,2015-09-01,2015-09-01,2015-09-03,3,Somerset,Yorkshire,Yorkshire,Somerset,Yorkshire,field,Somerset,Yorkshire,Somerset,110/10 (35.0 ov),110,10,35.0 ov,Yorkshire,391/10 (128.2 ov),391,10,128.2 ov,No,Somerset,155/10 (47.3 ov),155,10,47.3 ov,,,,,,656,30,Somerset 110/10 & 155/10 - Yorkshire 391/10,Win,Yorkshire,Somerset,innings and 126 runs,126,innings and runs,,"Somerset: L Ronchi 25, L Gregory 24, JA Brooks 5 wkts, RJ Sidebottom 2 wkts | Yorkshire: GS Ballance 91, JM Bairstow 91, C Overton 4 wkts, L Gregory 3 wkts | Somerset: JC Hildreth 57, TLW Cooper 28, RJ Sidebottom 3 wkts, SA Patterson 3 wkts","Headingley, Leeds",Leeds,IJ Gould; SA Garratt,"Yorkshire defeated Somerset by innings and 126 runs at Headingley, Leeds (Leeds).",Cricsheet JSON v1.2.0 Open Data / ECB Official Scorecards
112,CCH_804419,2015,2015,County Championship,Division Two,Division Two,Group Stage,2015-09-01,2015-09-01,2015-09-04,4,Essex,Northamptonshire,Essex,Northamptonshire,Northamptonshire,field,Essex,Northamptonshire,Essex,360/10 (113.3 ov),360,10,113.3 ov,Northamptonshire,275/10 (69.4 ov),275,10,69.4 ov,No,Essex,216/5d (63.2 ov),216,5,63.2 ov,Northamptonshire,92/4 (27.2 ov),92,4,27.2 ov,943,29,Essex 360/10 & 216/5d - Northamptonshire 275/10 & 92/4,Draw,Draw,None,Draw,,draw,,"Essex: JS Foster 98, ML Pettini 68, Azharullah 4 wkts, RK Kleinveldt 3 wkts | Northamptonshire: RK Kleinveldt 52, RI Keogh 45, JD Ryder 3 wkts, JA Porter 3 wkts | Essex: RN ten Doeschate 43, ML Pettini 37, MA Chambers 2 wkts, OP Stone 2 wkts | Northamptonshire: BM Duckett 34, AG Wakely 19, JA Porter 2 wkts, ASS Nijjar 1 wkts","County Ground, Chelmsford",Chelmsford,MJD Bodenham; MJ Saggers,"Match drawn between Essex and Northamptonshire at County Ground, Chelmsford (Chelmsford).",Cricsheet JSON v1.2.0 Open Data / ECB Official Scorecards
113,CCH_804423,2015,2015,County Championship,Division Two,Division Two,Group Stage,2015-09-01,2015-09-01,2015-09-04,4,Leicestershire,Gloucestershire,Leicestershire,Gloucestershire,Gloucestershire,field,Leicestershire,Gloucestershire,Leicestershire,415/10 (120.0 ov),415,10,120.0 ov,Gloucestershire,269/8d (91.3 ov),269,8,91.3 ov,No,Leicestershire,155/9d (31.5 ov),155,9,31.5 ov,Gloucestershire,212/5 (47.5 ov),212,5,47.5 ov,1051,32,Leicestershire 415/10 & 155/9d - Gloucestershire 269/8d & 212/5,Draw,Draw,None,Draw,,draw,,"Leicestershire: AM Ali 80, AJ Robson 61, LC Norwell 4 wkts, HJH Marshall 3 wkts | Gloucestershire: CDJ Dent 73, PSP Handscomb 53, RML Taylor 3 wkts, BA Raine 2 wkts | Leicestershire: DJ Redfern 74, MJ Cosgrove 21, LC Norwell 3 wkts, DA Payne 2 wkts | Gloucestershire: CDJ Dent 52, WA Tavare 52, BA Raine 2 wkts, RML Taylor 2 wkts","Grace Road, Leicester",Leicester,NGB Cook; NGC Cowley,"Match drawn between Leicestershire and Gloucestershire at Grace Road, Leicester (Leicester).",Cricsheet JSON v1.2.0 Open Data / ECB Official Scorecards
114,CCH_804425,2015,2015,County Championship,Division Two,Division Two,Group Stage,2015-09-01,2015-09-01,2015-09-04,4,Derbyshire,Surrey,Surrey,Derbyshire,Derbyshire,bat,Derbyshire,Surrey,Derbyshire,313/10 (102.4 ov),313,10,102.4 ov,Surrey,560/10 (158.5 ov),560,10,158.5 ov,No,Derbyshire,149/10 (57.4 ov),149,10,57.4 ov,,,,,,1022,30,Derbyshire 313/10 & 149/10 - Surrey 560/10,Win,Surrey,Derbyshire,innings and 98 runs,98,innings and runs,,"Derbyshire: CF Hughes 96, BA Godleman 45, TK Curran 5 wkts, ZS Ansari 4 wkts | Surrey: ZS Ansari 106, RJ Burns 92, WJ Durston 6 wkts, AP Palladino 2 wkts | Derbyshire: WL Madsen 76, WJ Durston 57, GJ Batty 6 wkts, SM Curran 1 wkts","Kennington Oval, London",London,JH Evans; M Burns,"Surrey defeated Derbyshire by innings and 98 runs at Kennington Oval, London (London).",Cricsheet JSON v1.2.0 Open Data / ECB Official Scorecards
115,CCH_804281,2015,2015,County Championship,Division One,Division One,Group Stage,2015-09-09,2015-09-09,2015-09-12,4,Middlesex,Yorkshire,Middlesex,Yorkshire,Yorkshire,field,Middlesex,Yorkshire,Middlesex,106/10 (33.1 ov),106,10,33.1 ov,Yorkshire,299/10 (73.1 ov),299,10,73.1 ov,No,Middlesex,573/8d (175.4 ov),573,8,175.4 ov,Yorkshire,134/10 (58.2 ov),134,10,58.2 ov,1112,38,Middlesex 106/10 & 573/8d - Yorkshire 299/10 & 134/10,Win,Middlesex,Yorkshire,246 runs,246,runs,,"Middlesex: JA Simpson 28, SD Robson 26, RJ Sidebottom 5 wkts, TT Bresnan 4 wkts | Yorkshire: AW Gale 98, JA Brooks 50, NJ Dexter 3 wkts, TJ Murtagh 3 wkts | Middlesex: NRD Compton 149, TS Roland-Jones 103, James Middlebrook 3 wkts, A Lyth 1 wkts | Yorkshire: AZ Lees 62, AW Gale 17, TS Roland-Jones 5 wkts, JAR Harris 3 wkts","Lord's, London",London,SJ O'Shaughnessy; RT Robinson,"Middlesex defeated Yorkshire by 246 runs at Lord's, London (London).",Cricsheet JSON v1.2.0 Open Data / ECB Official Scorecards
116,CCH_804283,2015,2015,County Championship,Division One,Division One,Group Stage,2015-09-09,2015-09-09,2015-09-11,3,Nottinghamshire,Durham,Nottinghamshire,Durham,Durham,field,Nottinghamshire,Durham,Nottinghamshire,204/10 (54.2 ov),204,10,54.2 ov,Durham,372/10 (89.2 ov),372,10,89.2 ov,No,Nottinghamshire,382/10 (102.2 ov),382,10,102.2 ov,Durham,162/10 (41.0 ov),162,10,41.0 ov,1120,40,Nottinghamshire 204/10 & 382/10 - Durham 372/10 & 162/10,Win,Nottinghamshire,Durham,52 runs,52,runs,,"Nottinghamshire: L Wood 65, SJ Mullaney 63, G Onions 5 wkts, C Rushworth 2 wkts | Durham: MJ Richardson 96, SG Borthwick 63, BA Hutton 5 wkts, L Wood 2 wkts | Nottinghamshire: SR Patel 100, MH Wessels 85, G Onions 3 wkts, RD Pringle 3 wkts | Durham: BJ McCarthy 38, GJ Muchall 36, BA Hutton 5 wkts, JT Ball 3 wkts","Trent Bridge, Nottingham",Nottingham,DJ Millns; M Burns,"Nottinghamshire defeated Durham by 52 runs at Trent Bridge, Nottingham (Nottingham).",Cricsheet JSON v1.2.0 Open Data / ECB Official Scorecards
117,CCH_804285,2015,2015,County Championship,Division One,Division One,Group Stage,2015-09-09,2015-09-09,2015-09-12,4,Hampshire,Somerset,Somerset,Hampshire,Somerset,field,Hampshire,Somerset,Hampshire,240/10 (62.4 ov),240,10,62.4 ov,Somerset,630/9d (139.1 ov),630,9,139.1 ov,No,Hampshire,411/4 (159.1 ov),411,4,159.1 ov,,,,,,1281,23,Hampshire 240/10 & 411/4 - Somerset 630/9d,Draw,Draw,None,Draw,,draw,,"Hampshire: JM Vince 60, MA Carberry 59, J Overton 4 wkts, J Allenby 3 wkts | Somerset: ME Trescothick 153, TB Abell 131, LA Dawson 5 wkts, GK Berg 2 wkts | Hampshire: JHK Adams 136, JM Vince 77, PD Trego 1 wkts, TLW Cooper 1 wkts","County Ground, Taunton",Taunton,GD Lloyd; JH Evans,"Match drawn between Hampshire and Somerset at County Ground, Taunton (Taunton).",Cricsheet JSON v1.2.0 Open Data / ECB Official Scorecards
118,CCH_804427,2015,2015,County Championship,Division Two,Division Two,Group Stage,2015-09-09,2015-09-09,2015-09-11,3,Essex,Derbyshire,Derbyshire,Essex,Derbyshire,field,Essex,Derbyshire,Essex,464/7d (120.1 ov),464,7,120.1 ov,Derbyshire,94/9 (34.1 ov),94,9,34.1 ov,Yes,Derbyshire,182/8 (64.0 ov),182,8,64.0 ov,,,,,,740,24,Essex 464/7d - Derbyshire 94/9 & 182/8,Win,Essex,Derbyshire,innings and 188 runs,188,innings and runs,,"Essex: ML Pettini 117, RN ten Doeschate 88, MHA Footitt 3 wkts, WL Madsen 1 wkts | Derbyshire: BA Godleman 22, BD Cotton 15, JR Winslade 4 wkts, TC Moore 3 wkts | Derbyshire: CF Hughes 38, WL Madsen 38, RS Bopara 4 wkts, RN ten Doeschate 3 wkts","County Ground, Derby",Derby,JW Lloyds; NA Mallender,"Essex defeated Derbyshire by innings and 188 runs at County Ground, Derby (Derby).",Cricsheet JSON v1.2.0 Open Data / ECB Official Scorecards
119,CCH_804429,2015,2015,County Championship,Division Two,Division Two,Group Stage,2015-09-09,2015-09-09,2015-09-12,4,Kent,Glamorgan,Glamorgan,Kent,Kent,bat,Kent,Glamorgan,Kent,309/10 (79.3 ov),309,10,79.3 ov,Glamorgan,207/10 (43.5 ov),207,10,43.5 ov,No,Kent,451/2d (103.1 ov),451,2,103.1 ov,Glamorgan,237/10 (62.5 ov),237,10,62.5 ov,1204,32,Kent 309/10 & 451/2d - Glamorgan 207/10 & 237/10,Win,Kent,Glamorgan,316 runs,316,runs,,"Kent: RWT Key 94, DI Stevens 64, MG Hogan 4 wkts, DL Lloyd 3 wkts | Glamorgan: GG Wagg 58, CAJ Meschede 33, AEN Riley 4 wkts, DI Stevens 2 wkts | Kent: JL Denly 161, RWT Key 158, GG Wagg 1 wkts, AG Salter 1 wkts | Glamorgan: CA Ingram 105, JM Kettleborough 56, DI Stevens 5 wkts, MT Coles 4 wkts","Sophia Gardens, Cardiff",Cardiff,AG Wharf; MJD Bodenham,"Kent defeated Glamorgan by 316 runs at Sophia Gardens, Cardiff (Cardiff).",Cricsheet JSON v1.2.0 Open Data / ECB Official Scorecards
120,CCH_804287,2015,2015,County Championship,Division One,Division One,Group Stage,2015-09-14,2015-09-14,2015-09-17,4,Worcestershire,Durham,Durham,Worcestershire,Durham,field,Worcestershire,Durham,Worcestershire,350/7d (101.4 ov),350,7,101.4 ov,Durham,277/10 (64.3 ov),277,10,64.3 ov,No,Worcestershire,217/9d (34.2 ov),217,9,34.2 ov,Durham,291/7 (67.1 ov),291,7,67.1 ov,1135,33,Worcestershire 350/7d & 217/9d - Durham 277/10 & 291/7,Win,Durham,Worcestershire,3 wickets,3,wickets,,"Worcestershire: T Kohler-Cadmore 89, TC Fell 83, RD Pringle 3 wkts, SG Borthwick 1 wkts | Durham: SG Borthwick 73, MD Stoneman 52, BL D'Oliveira 5 wkts, EG Barnard 3 wkts | Worcestershire: BL D'Oliveira 49, RA Whiteley 47, RD Pringle 3 wkts, G Onions 3 wkts | Durham: SG Borthwick 99, MJ Richardson 65, ST Gabriel 2 wkts, BL D'Oliveira 2 wkts","Riverside Ground, Chester-le-Street",Chester-le-Street,NJ Llong; RA Kettleborough,"Durham defeated Worcestershire by 3 wickets at Riverside Ground, Chester-le-Street (Chester-le-Street).",Cricsheet JSON v1.2.0 Open Data / ECB Official Scorecards
121,CCH_804289,2015,2015,County Championship,Division One,Division One,Group Stage,2015-09-14,2015-09-14,2015-09-17,4,Hampshire,Yorkshire,Hampshire,Yorkshire,Yorkshire,field,Hampshire,Yorkshire,Hampshire,400/9d (109.4 ov),400,9,109.4 ov,Yorkshire,97/4d (42.1 ov),97,4,42.1 ov,No,Hampshire,0/0 (0.0 ov),0,0,0.0 ov,Yorkshire,305/5 (92.1 ov),305,5,92.1 ov,802,18,Hampshire 400/9d & 0/0 - Yorkshire 97/4d & 305/5,Win,Yorkshire,Hampshire,5 wickets,5,wickets,,"Hampshire: LA Dawson 140, JHK Adams 52, JA Brooks 3 wkts, MD Fisher 2 wkts | Yorkshire: AZ Lees 37, GS Ballance 30, R McLaren 2 wkts, RA Stevenson 1 wkts | Yorkshire: AW Gale 125, JA Leaning 76, FH Edwards 3 wkts, GK Berg 1 wkts","The Rose Bowl, Southampton",Southampton,PJ Hartley; RT Robinson,"Yorkshire defeated Hampshire by 5 wickets at The Rose Bowl, Southampton (Southampton).",Cricsheet JSON v1.2.0 Open Data / ECB Official Scorecards
122,CCH_804291,2015,2015,County Championship,Division One,Division One,Group Stage,2015-09-14,2015-09-14,2015-09-17,4,Sussex,Somerset,Sussex,Somerset,Sussex,bat,Sussex,Somerset,Sussex,409/10 (104.3 ov),409,10,104.3 ov,Somerset,438/4d (100.3 ov),438,4,100.3 ov,No,,,,,,,,,,,847,14,Sussex 409/10 - Somerset 438/4d,Draw,Draw,None,Draw,,draw,,"Sussex: MH Yardy 104, Ashar Zaidi 91, PD Trego 3 wkts, J Overton 3 wkts | Somerset: ME Trescothick 210, PD Trego 100, CJ Jordan 3 wkts, SJ Magoffin 1 wkts","County Ground, Hove",Brighton,AG Wharf; IJ Gould,"Match drawn between Sussex and Somerset at County Ground, Hove (Brighton).",Cricsheet JSON v1.2.0 Open Data / ECB Official Scorecards
123,CCH_804293,2015,2015,County Championship,Division One,Division One,Group Stage,2015-09-14,2015-09-14,2015-09-17,4,Nottinghamshire,Warwickshire,Warwickshire,Nottinghamshire,Warwickshire,field,Nottinghamshire,Warwickshire,Nottinghamshire,365/10 (108.3 ov),365,10,108.3 ov,Warwickshire,187/10 (47.1 ov),187,10,47.1 ov,No,,,,,,,,,,,552,20,Nottinghamshire 365/10 - Warwickshire 187/10,Draw,Draw,None,Draw,,draw,,"Nottinghamshire: JWA Taylor 164, CMW Read 63, KHD Barker 5 wkts, JS Patel 2 wkts | Warwickshire: LJ Evans 34, IJL Trott 31, JT Ball 4 wkts, LJ Fletcher 2 wkts","Edgbaston, Birmingham",Birmingham,MJ Saggers; NGB Cook,"Match drawn between Nottinghamshire and Warwickshire at Edgbaston, Birmingham (Birmingham).",Cricsheet JSON v1.2.0 Open Data / ECB Official Scorecards
124,CCH_804431,2015,2015,County Championship,Division Two,Division Two,Group Stage,2015-09-14,2015-09-14,2015-09-17,4,Kent,Gloucestershire,Kent,Gloucestershire,Gloucestershire,field,Kent,,Kent,67/1 (15.3 ov),67,1,15.3 ov,,,,,,No,,,,,,,,,,,67,1,Kent 67/1,Draw,Draw,None,Draw,,draw,,"Kent: SR Dickson 31, DJ Bell-Drummond 22, DA Payne 1 wkts","St Lawrence Ground, Canterbury",Canterbury,DJ Millns; PK Baldwin,"Match drawn between Kent and Gloucestershire at St Lawrence Ground, Canterbury (Canterbury).",Cricsheet JSON v1.2.0 Open Data / ECB Official Scorecards
125,CCH_804433,2015,2015,County Championship,Division Two,Division Two,Group Stage,2015-09-14,2015-09-14,2015-09-17,4,Surrey,Lancashire,Lancashire,Surrey,Surrey,bat,Surrey,Lancashire,Surrey,480/10 (138.3 ov),480,10,138.3 ov,Lancashire,272/10 (71.5 ov),272,10,71.5 ov,No,Surrey,283/7d (54.2 ov),283,7,54.2 ov,Lancashire,195/7 (84.3 ov),195,7,84.3 ov,1230,34,Surrey 480/10 & 283/7d - Lancashire 272/10 & 195/7,Draw,Draw,None,Draw,,draw,,"Surrey: ZS Ansari 99, JJ Roy 66, SC Kerrigan 4 wkts, JM Anderson 3 wkts | Lancashire: AG Prince 45, P Mustard 43, SM Curran 5 wkts, TK Curran 3 wkts | Surrey: KC Sangakkara 118, RJ Burns 44, SJ Croft 4 wkts, TE Bailey 1 wkts | Lancashire: H Hameed 91, SJ Croft 40, TK Curran 3 wkts, MP Dunn 3 wkts","Old Trafford, Manchester",Manchester,JH Evans; RJ Evans,"Match drawn between Surrey and Lancashire at Old Trafford, Manchester (Manchester).",Cricsheet JSON v1.2.0 Open Data / ECB Official Scorecards
126,CCH_804435,2015,2015,County Championship,Division Two,Division Two,Group Stage,2015-09-14,2015-09-14,2015-09-17,4,Leicestershire,Essex,Leicestershire,Essex,Essex,field,Leicestershire,Essex,Leicestershire,251/7d (70.5 ov),251,7,70.5 ov,Essex,18/0d (5.0 ov),18,0,5.0 ov,No,Leicestershire,73/1d (14.0 ov),73,1,14.0 ov,Essex,307/5 (60.3 ov),307,5,60.3 ov,649,13,Leicestershire 251/7d & 73/1d - Essex 18/0d & 307/5,Win,Essex,Leicestershire,5 wickets,5,wickets,,"Leicestershire: MJ Cosgrove 94, AM Ali 53, JD Ryder 5 wkts, RS Bopara 1 wkts | Essex: DW Lawrence 14, NLJ Browne 4 | Leicestershire: EJH Eckersley 30, AJ Robson 26, T Westley 1 wkts | Essex: NLJ Browne 151, RS Bopara 69, WA White 2 wkts, BA Raine 2 wkts","Grace Road, Leicester",Leicester,GD Lloyd; SA Garratt,"Essex defeated Leicestershire by 5 wickets at Grace Road, Leicester (Leicester).",Cricsheet JSON v1.2.0 Open Data / ECB Official Scorecards
127,CCH_804437,2015,2015,County Championship,Division Two,Division Two,Group Stage,2015-09-14,2015-09-14,2015-09-17,4,Glamorgan,Northamptonshire,Northamptonshire,Glamorgan,Northamptonshire,field,Glamorgan,Northamptonshire,Glamorgan,233/10 (53.1 ov),233,10,53.1 ov,Northamptonshire,278/10 (64.4 ov),278,10,64.4 ov,No,Glamorgan,99/3d (26.1 ov),99,3,26.1 ov,,,,,,610,23,Glamorgan 233/10 & 99/3d - Northamptonshire 278/10,Draw,Draw,None,Draw,,draw,,"Glamorgan: DL Lloyd 92, MA Wallace 27, RK Kleinveldt 5 wkts, OP Stone 4 wkts | Northamptonshire: AM Rossington 59, D Murphy 58, GG Wagg 4 wkts, D Penrhyn Jones 3 wkts | Glamorgan: AHT Donald 40, CB Cooke 22, RJ Gleeson 2 wkts, Azharullah 1 wkts","County Ground, Northampton",Northampton,NL Bainton; SC Gale,"Match drawn between Glamorgan and Northamptonshire at County Ground, Northampton (Northampton).",Cricsheet JSON v1.2.0 Open Data / ECB Official Scorecards
128,CCH_804295,2015,2015,County Championship,Division One,Division One,Group Stage,2015-09-22,2015-09-22,2015-09-25,4,Nottinghamshire,Hampshire,Nottinghamshire,Hampshire,Hampshire,field,Nottinghamshire,Hampshire,Nottinghamshire,340/10 (93.0 ov),340,10,93.0 ov,Hampshire,326/10 (90.2 ov),326,10,90.2 ov,No,Nottinghamshire,185/10 (62.0 ov),185,10,62.0 ov,Hampshire,200/2 (53.4 ov),200,2,53.4 ov,1051,32,Nottinghamshire 340/10 & 185/10 - Hampshire 326/10 & 200/2,Win,Hampshire,Nottinghamshire,8 wickets,8,wickets,,"Nottinghamshire: MH Wessels 104, SJ Mullaney 58, FH Edwards 6 wkts, GK Berg 2 wkts | Hampshire: GK Berg 72, LA Dawson 69, HF Gurney 4 wkts, BA Hutton 2 wkts | Nottinghamshire: BRM Taylor 90, SR Patel 25, FH Edwards 4 wkts, R McLaren 2 wkts | Hampshire: MA Carberry 84, JHK Adams 70, JT Ball 2 wkts","Trent Bridge, Nottingham",Nottingham,JW Lloyds; SJ O'Shaughnessy,"Hampshire defeated Nottinghamshire by 8 wickets at Trent Bridge, Nottingham (Nottingham).",Cricsheet JSON v1.2.0 Open Data / ECB Official Scorecards
129,CCH_804297,2015,2015,County Championship,Division One,Division One,Group Stage,2015-09-22,2015-09-22,2015-09-25,4,Somerset,Warwickshire,Somerset,Warwickshire,Somerset,bat,Somerset,Warwickshire,Somerset,438/10 (100.3 ov),438,10,100.3 ov,Warwickshire,324/10 (110.4 ov),324,10,110.4 ov,No,Somerset,110/10 (34.0 ov),110,10,34.0 ov,Warwickshire,207/10 (64.1 ov),207,10,64.1 ov,1079,40,Somerset 438/10 & 110/10 - Warwickshire 324/10 & 207/10,Win,Somerset,Warwickshire,17 runs,17,runs,,"Somerset: JC Hildreth 118, ME Trescothick 87, KHD Barker 4 wkts, R Clarke 3 wkts | Warwickshire: JS Patel 98, LJ Evans 73, MJ Leach 7 wkts, J Allenby 1 wkts | Somerset: TLW Cooper 26, MJ Leach 15, JS Patel 7 wkts, KHD Barker 3 wkts | Warwickshire: IR Bell 55, KHD Barker 46, TLW Cooper 5 wkts, MJ Leach 4 wkts","County Ground, Taunton",Taunton,AG Wharf; RJ Bailey,"Somerset defeated Warwickshire by 17 runs at County Ground, Taunton (Taunton).",Cricsheet JSON v1.2.0 Open Data / ECB Official Scorecards
130,CCH_804299,2015,2015,County Championship,Division One,Division One,Group Stage,2015-09-22,2015-09-22,2015-09-24,3,Middlesex,Worcestershire,Worcestershire,Middlesex,Worcestershire,field,Middlesex,Worcestershire,Middlesex,98/10 (35.0 ov),98,10,35.0 ov,Worcestershire,431/5d (115.1 ov),431,5,115.1 ov,No,Middlesex,205/10 (46.2 ov),205,10,46.2 ov,,,,,,734,25,Middlesex 98/10 & 205/10 - Worcestershire 431/5d,Win,Worcestershire,Middlesex,innings and 128 runs,128,innings and runs,,"Middlesex: JA Simpson 27, NRD Compton 19, ST Gabriel 5 wkts, JD Shantry 2 wkts | Worcestershire: TC Fell 171, T Kohler-Cadmore 130, NJ Dexter 3 wkts, TS Roland-Jones 1 wkts | Middlesex: JA Simpson 50, DJ Malan 25, JD Shantry 3 wkts, EG Barnard 2 wkts","County Ground, New Road, Worcester",Worcester,IJ Gould; RT Robinson,"Worcestershire defeated Middlesex by innings and 128 runs at County Ground, New Road, Worcester (Worcester).",Cricsheet JSON v1.2.0 Open Data / ECB Official Scorecards
131,CCH_804301,2015,2015,County Championship,Division One,Division One,Group Stage,2015-09-22,2015-09-22,2015-09-25,4,Yorkshire,Sussex,Yorkshire,Sussex,Sussex,field,Yorkshire,Sussex,Yorkshire,251/10 (84.1 ov),251,10,84.1 ov,Sussex,248/10 (56.1 ov),248,10,56.1 ov,No,Yorkshire,305/10 (104.5 ov),305,10,104.5 ov,Sussex,208/10 (57.3 ov),208,10,57.3 ov,1012,40,Yorkshire 251/10 & 305/10 - Sussex 248/10 & 208/10,Win,Yorkshire,Sussex,100 runs,100,runs,,"Yorkshire: GS Ballance 55, AU Rashid 53, SJ Magoffin 4 wkts, LJ Hatchett 2 wkts | Sussex: MH Yardy 70, BC Brown 39, JA Brooks 3 wkts, TT Bresnan 2 wkts | Yorkshire: AW Gale 67, TT Bresnan 55, SJ Magoffin 3 wkts, CJ Jordan 3 wkts | Sussex: Ashar Zaidi 47, BC Brown 42, TT Bresnan 3 wkts, JA Brooks 3 wkts","Headingley, Leeds",Leeds,DJ Millns; MA Gough,"Yorkshire defeated Sussex by 100 runs at Headingley, Leeds (Leeds).",Cricsheet JSON v1.2.0 Open Data / ECB Official Scorecards
132,CCH_804439,2015,2015,County Championship,Division Two,Division Two,Group Stage,2015-09-22,2015-09-22,2015-09-25,4,Leicestershire,Derbyshire,Derbyshire,Leicestershire,Derbyshire,field,Leicestershire,Derbyshire,Leicestershire,329/10 (81.0 ov),329,10,81.0 ov,Derbyshire,352/10 (107.0 ov),352,10,107.0 ov,No,Leicestershire,363/10 (87.5 ov),363,10,87.5 ov,Derbyshire,331/8 (81.1 ov),331,8,81.1 ov,1375,38,Leicestershire 329/10 & 363/10 - Derbyshire 352/10 & 331/8,Draw,Draw,None,Draw,,draw,,"Leicestershire: ZJ Chappell 96, EJH Eckersley 50, MHA Footitt 7 wkts, WJ Durston 1 wkts | Derbyshire: WL Madsen 95, BT Slater 70, OH Freckingham 4 wkts, BA Raine 2 wkts | Leicestershire: MJ Cosgrove 156, AM Ali 62, WJ Durston 6 wkts, MHA Footitt 3 wkts | Derbyshire: CF Hughes 101, WL Madsen 66, RML Taylor 2 wkts, BA Raine 2 wkts","County Ground, Derby",Derby,MJD Bodenham; NA Mallender,"Match drawn between Leicestershire and Derbyshire at County Ground, Derby (Derby).",Cricsheet JSON v1.2.0 Open Data / ECB Official Scorecards
133,CCH_804441,2015,2015,County Championship,Division Two,Division Two,Group Stage,2015-09-22,2015-09-22,2015-09-25,4,Essex,Lancashire,Essex,Lancashire,Lancashire,field,Essex,Lancashire,Essex,394/10 (111.0 ov),394,10,111.0 ov,Lancashire,310/10 (89.1 ov),310,10,89.1 ov,No,Essex,138/3 (30.1 ov),138,3,30.1 ov,,,,,,842,23,Essex 394/10 & 138/3 - Lancashire 310/10,Draw,Draw,None,Draw,,draw,,"Essex: JD Ryder 116, RS Bopara 99, JM Anderson 7 wkts, G Chapple 2 wkts | Lancashire: LM Reece 82, H Hameed 63, RS Bopara 3 wkts, ASS Nijjar 2 wkts | Essex: RS Bopara 52, JD Ryder 38, JM Anderson 1 wkts, G Chapple 1 wkts","County Ground, Chelmsford",Chelmsford,M Burns; NGB Cook,"Match drawn between Essex and Lancashire at County Ground, Chelmsford (Chelmsford).",Cricsheet JSON v1.2.0 Open Data / ECB Official Scorecards
134,CCH_804443,2015,2015,County Championship,Division Two,Division Two,Group Stage,2015-09-22,2015-09-22,2015-09-25,4,Glamorgan,Gloucestershire,Gloucestershire,Glamorgan,Glamorgan,bat,Glamorgan,Gloucestershire,Glamorgan,433/10 (100.0 ov),433,10,100.0 ov,Gloucestershire,558/10 (124.2 ov),558,10,124.2 ov,No,Glamorgan,365/3d (102.3 ov),365,3,102.3 ov,,,,,,1356,23,Glamorgan 433/10 & 365/3d - Gloucestershire 558/10,Draw,Draw,None,Draw,,draw,,"Glamorgan: AHT Donald 98, JM Kettleborough 81, JK Fuller 4 wkts, BAC Howell 3 wkts | Gloucestershire: CDJ Dent 268, JK Fuller 73, MG Hogan 3 wkts, CAJ Meschede 3 wkts | Glamorgan: CB Cooke 102, CA Ingram 101, DA Payne 1 wkts, TMJ Smith 1 wkts","County Ground, Bristol",Bristol,NGC Cowley; PK Baldwin,"Match drawn between Glamorgan and Gloucestershire at County Ground, Bristol (Bristol).",Cricsheet JSON v1.2.0 Open Data / ECB Official Scorecards
135,CCH_804445,2015,2015,County Championship,Division Two,Division Two,Group Stage,2015-09-22,2015-09-22,2015-09-25,4,Surrey,Northamptonshire,Surrey,Northamptonshire,Surrey,bat,Surrey,Northamptonshire,Surrey,410/10 (96.5 ov),410,10,96.5 ov,Northamptonshire,110/10 (30.0 ov),110,10,30.0 ov,Yes,Northamptonshire,514/10 (115.1 ov),514,10,115.1 ov,Surrey,125/5 (16.0 ov),125,5,16.0 ov,1159,35,Surrey 410/10 & 125/5 - Northamptonshire 110/10 & 514/10,Draw,Draw,None,Draw,,draw,,"Surrey: KC Sangakkara 101, SM Curran 61, MA Chambers 3 wkts, GG White 3 wkts | Northamptonshire: JJ Cobb 29, RI Newton 20, TK Curran 7 wkts, SM Curran 3 wkts | Northamptonshire: D Murphy 135, BM Duckett 120, MP Dunn 4 wkts, TK Curran 3 wkts | Surrey: JJ Roy 77, GC Wilson 13, GG White 2 wkts, MA Chambers 1 wkts","Kennington Oval, London",London,NJ Llong; SA Garratt,"Match drawn between Surrey and Northamptonshire at Kennington Oval, London (London).",Cricsheet JSON v1.2.0 Open Data / ECB Official Scorecards
