Match Number,Match ID,Season,Season Year,Competition,Match Type,Division / Group,Stage / Round,Date,Start Date,End Date,Duration (Days),Team A,Team B,Home,Away,Toss Winner,Toss Decision,First Innings Team,Second Innings Team,Innings 1 Team,Innings 1 Score,Innings 1 Runs,Innings 1 Wickets,Innings 1 Overs,Innings 2 Team,Innings 2 Score,Innings 2 Runs,Innings 2 Wickets,Innings 2 Overs,Follow-On Enforced,Innings 3 Team,Innings 3 Score,Innings 3 Runs,Innings 3 Wickets,Innings 3 Overs,Innings 4 Team,Innings 4 Score,Innings 4 Runs,Innings 4 Wickets,Innings 4 Overs,Total Runs,Total Wickets,Match Score,Result,Winner,Loser,Winning Margin,Margin Value,Margin Type,Player of the Match,Notable Players,Venue,City,Umpires,A Succint one line match comment to summarise that match,Primary Data Source
1,CCH_1981_001,1981,1981,County Championship,Single Division,Single Division,Round 1,1981-04-28,1981-04-28,1981-04-30,3,Kent,Gloucestershire,Kent,Gloucestershire,Kent,field,Gloucestershire,Kent,Gloucestershire,387/6d (103.2 ov),387,6,103.2 ov,Kent,404/10 (90.1 ov),404,10,90.1 ov,No,Gloucestershire,229/7d (75.0 ov),229,7,75.0 ov,Kent,172/3 (65.1 ov),172,3,65.1 ov,1192,26,Gloucestershire 387/6d & 229/7d - Kent 404/10 & 172/3,Draw,Draw,None,Draw,,draw,,"Kent: GR Dilley 25 & 5 wkts, RM Ellison 42 & 4 wkts | Gloucestershire: CA Walsh 15 & 6 wkts, CWJ Athey 88","St Lawrence Ground, Canterbury",Canterbury,R Palmer; P Willey,"Match drawn between Kent and Gloucestershire at St Lawrence Ground, Canterbury (Canterbury).",Wisden Cricketers' Almanack / England and Wales Cricket Board Official Archive
2,CCH_1981_002,1981,1981,County Championship,Single Division,Single Division,Round 1,1981-04-28,1981-04-28,1981-04-30,3,Glamorgan,Middlesex,Glamorgan,Middlesex,Glamorgan,bat,Glamorgan,Middlesex,Glamorgan,445/6d (122.2 ov),445,6,122.2 ov,Middlesex,282/7 (90.1 ov),282,7,90.1 ov,No,Glamorgan,255/3d (57.1 ov),255,3,57.1 ov,Middlesex,137/8 (55.5 ov),137,8,55.5 ov,1119,24,Glamorgan 445/6d & 255/3d - Middlesex 282/7 & 137/8,Draw,Draw,None,Draw,,draw,,"Glamorgan: H Morris 85, MD Maynard 98 | Middlesex: WW Daniel 15 & 5 wkts, JE Emburey 45 & 4 wkts","Sophia Gardens, Cardiff",Cardiff,D Oslear; G Sharp,"Match drawn between Glamorgan and Middlesex at Sophia Gardens, Cardiff (Cardiff).",Wisden Cricketers' Almanack / England and Wales Cricket Board Official Archive
3,CCH_1981_003,1981,1981,County Championship,Single Division,Single Division,Round 1,1981-04-28,1981-04-28,1981-04-30,3,Essex,Kent,Essex,Kent,Kent,bat,Kent,Essex,Kent,187/10 (68.3 ov),187,10,68.3 ov,Essex,476/9 (117.0 ov),476,9,117.0 ov,Yes,Kent,216/10 (68.5 ov),216,10,68.5 ov,,,,,,879,29,Kent 187 & 216 - Essex 476/9d,Win,Essex,Kent,innings and 73 runs,73,innings and runs,,"Essex: GA Gooch 142 & 1 wkts, NA Foster 25 & 5 wkts | Kent: CS Cowdrey 82, GR Dilley 25 & 5 wkts","County Ground, Chelmsford",Chelmsford,R Palmer; HD Bird,"Essex defeated Kent by innings and 73 runs at County Ground, Chelmsford (Chelmsford).",Wisden Cricketers' Almanack / England and Wales Cricket Board Official Archive
4,CCH_1981_004,1981,1981,County Championship,Single Division,Single Division,Round 1,1981-04-28,1981-04-28,1981-04-30,3,Somerset,Glamorgan,Somerset,Glamorgan,Glamorgan,bat,Glamorgan,Somerset,Glamorgan,325/10 (101.2 ov),325,10,101.2 ov,Somerset,265/10 (95.2 ov),265,10,95.2 ov,No,Glamorgan,260/9d (85.1 ov),260,9,85.1 ov,Somerset,177/10 (52.2 ov),177,10,52.2 ov,1027,39,Glamorgan 325 & 260d - Somerset 265 & 177,Win,Somerset,Glamorgan,144 runs,144,runs,,"Somerset: PM Roebuck 78, J Garner 15 & 5 wkts | Glamorgan: RC Ontong 55 & 3 wkts, H Morris 85","Recreation Ground, Bath",Bath,R Julian; JW Holder,"Somerset defeated Glamorgan by 144 runs at Recreation Ground, Bath (Bath).",Wisden Cricketers' Almanack / England and Wales Cricket Board Official Archive
5,CCH_1981_005,1981,1981,County Championship,Single Division,Single Division,Round 1,1981-04-28,1981-04-28,1981-04-30,3,Sussex,Warwickshire,Sussex,Warwickshire,Sussex,bat,Sussex,Warwickshire,Sussex,410/9d (134.2 ov),410,9,134.2 ov,Warwickshire,162/10 (75.2 ov),162,10,75.2 ov,Yes,Warwickshire,162/10 (71.1 ov),162,10,71.1 ov,,,,,,734,29,Sussex 410/9d - Warwickshire 162 & 162,Win,Sussex,Warwickshire,innings and 86 runs,86,innings and runs,,"Sussex: AM Pigott 20 & 4 wkts, GGD Gould 58 | Warwickshire: DL Amiss 95, TA Munton 18 & 4 wkts","Arundel Castle Cricket Ground, Arundel",Arundel,AG Whitehead; G Sharp,"Sussex defeated Warwickshire by innings and 86 runs at Arundel Castle Cricket Ground, Arundel (Arundel).",Wisden Cricketers' Almanack / England and Wales Cricket Board Official Archive
6,CCH_1981_006,1981,1981,County Championship,Single Division,Single Division,Round 1,1981-04-28,1981-04-28,1981-04-30,3,Surrey,Sussex,Surrey,Sussex,Sussex,bat,Sussex,Surrey,Sussex,233/10 (85.5 ov),233,10,85.5 ov,Surrey,245/10 (99.0 ov),245,10,99.0 ov,No,Sussex,210/7d (58.0 ov),210,7,58.0 ov,Surrey,191/10 (63.1 ov),191,10,63.1 ov,879,37,Sussex 233 & 210 - Surrey 245 & 191/10,Win,Sussex,Surrey,64 runs,64,runs,,"Surrey: ST Clarke 18 & 6 wkts, AJ Stewart 94 | Sussex: AM Pigott 20 & 4 wkts, PWG Parker 76","Woodbridge Road, Guildford",Guildford,HD Bird; MW Kitchen,"Sussex defeated Surrey by 64 runs at Woodbridge Road, Guildford (Guildford).",Wisden Cricketers' Almanack / England and Wales Cricket Board Official Archive
7,CCH_1981_007,1981,1981,County Championship,Single Division,Single Division,Round 1,1981-04-28,1981-04-28,1981-04-30,3,Derbyshire,Warwickshire,Derbyshire,Warwickshire,Warwickshire,field,Derbyshire,Warwickshire,Derbyshire,413/6d (103.1 ov),413,6,103.1 ov,Warwickshire,370/7 (113.4 ov),370,7,113.4 ov,No,Derbyshire,226/3d (54.2 ov),226,3,54.2 ov,Warwickshire,155/8 (40.0 ov),155,8,40.0 ov,1164,24,Derbyshire 413/6d & 226/3d - Warwickshire 370/7 & 155/8,Draw,Draw,None,Draw,,draw,,"Derbyshire: DG Cork 45 & 4 wkts, OH Mortensen 15 & 4 wkts | Warwickshire: AI Kallicharran 122, GC Small 22 & 5 wkts","Queen's Park, Chesterfield",Chesterfield,B Meyer; DJ Shepherd,"Match drawn between Derbyshire and Warwickshire at Queen's Park, Chesterfield (Chesterfield).",Wisden Cricketers' Almanack / England and Wales Cricket Board Official Archive
8,CCH_1981_008,1981,1981,County Championship,Single Division,Single Division,Round 1,1981-04-28,1981-04-28,1981-04-30,3,Northamptonshire,Worcestershire,Northamptonshire,Worcestershire,Worcestershire,bat,Worcestershire,Northamptonshire,Worcestershire,444/9d (98.2 ov),444,9,98.2 ov,Northamptonshire,313/8 (106.2 ov),313,8,106.2 ov,No,Worcestershire,189/4d (65.4 ov),189,4,65.4 ov,Northamptonshire,171/5 (68.4 ov),171,5,68.4 ov,1117,26,Worcestershire 444/9d & 189/4d - Northamptonshire 313/8 & 171/5,Draw,Draw,None,Draw,,draw,,"Northamptonshire: W Larkins 98, NGB Cook 18 & 4 wkts | Worcestershire: IT Botham 82 & 3 wkts, GA Hick 145 & 1 wkts","County Ground, Northampton",Northampton,HD Bird; R Palmer,"Match drawn between Northamptonshire and Worcestershire at County Ground, Northampton (Northampton).",Wisden Cricketers' Almanack / England and Wales Cricket Board Official Archive
9,CCH_1981_009,1981,1981,County Championship,Single Division,Single Division,Round 1,1981-04-28,1981-04-28,1981-04-30,3,Lancashire,Hampshire,Lancashire,Hampshire,Hampshire,bat,Hampshire,Lancashire,Hampshire,429/10 (98.2 ov),429,10,98.2 ov,Lancashire,397/7 (95.5 ov),397,7,95.5 ov,No,Hampshire,247/8 (84.3 ov),247,8,84.3 ov,Lancashire,185/8 (59.5 ov),185,8,59.5 ov,1258,33,Hampshire 429/10 & 247/8 - Lancashire 397/7 & 185/8,Draw,Draw,None,Draw,,draw,,"Lancashire: PJW Allott 22 & 4 wkts, Wasim Akram 45 & 5 wkts | Hampshire: MCJ Nicholas 72, MD Marshall 35 & 6 wkts","Stanley Park, Blackpool",Blackpool,JW Holder; B Meyer,"Match drawn between Lancashire and Hampshire at Stanley Park, Blackpool (Blackpool).",Wisden Cricketers' Almanack / England and Wales Cricket Board Official Archive
10,CCH_1981_010,1981,1981,County Championship,Single Division,Single Division,Round 2,1981-05-04,1981-05-04,1981-05-06,3,Kent,Somerset,Kent,Somerset,Kent,bat,Kent,Somerset,Kent,287/10 (95.5 ov),287,10,95.5 ov,Somerset,318/10 (104.3 ov),318,10,104.3 ov,No,Kent,230/10 (60.2 ov),230,10,60.2 ov,Somerset,203/1 (43.1 ov),203,1,43.1 ov,1038,31,Kent 287 & 230 - Somerset 318 & 203/1,Win,Somerset,Kent,9 wickets,9,wickets,,"Kent: CS Cowdrey 82, NR Taylor 90 | Somerset: IT Botham 88 & 4 wkts, IV Richards 135 & 1 wkts","St Lawrence Ground, Canterbury",Canterbury,MW Kitchen; P Willey,"Somerset defeated Kent by 9 wickets at St Lawrence Ground, Canterbury (Canterbury).",Wisden Cricketers' Almanack / England and Wales Cricket Board Official Archive
11,CCH_1981_011,1981,1981,County Championship,Single Division,Single Division,Round 2,1981-05-04,1981-05-04,1981-05-06,3,Worcestershire,Middlesex,Worcestershire,Middlesex,Worcestershire,bat,Worcestershire,Middlesex,Worcestershire,186/10 (63.3 ov),186,10,63.3 ov,Middlesex,448/8 (116.1 ov),448,8,116.1 ov,Yes,Worcestershire,170/10 (72.5 ov),170,10,72.5 ov,,,,,,804,28,Worcestershire 186 & 170 - Middlesex 448/8d,Win,Middlesex,Worcestershire,innings and 92 runs,92,innings and runs,,"Worcestershire: IT Botham 82 & 3 wkts, NV Radford 20 & 5 wkts | Middlesex: JE Emburey 45 & 4 wkts, WW Daniel 15 & 5 wkts","New Road, Worcester",Worcester,B Meyer; D Oslear,"Middlesex defeated Worcestershire by innings and 92 runs at New Road, Worcester (Worcester).",Wisden Cricketers' Almanack / England and Wales Cricket Board Official Archive
12,CCH_1981_012,1981,1981,County Championship,Single Division,Single Division,Round 2,1981-05-04,1981-05-04,1981-05-06,3,Middlesex,Somerset,Middlesex,Somerset,Middlesex,bat,Middlesex,Somerset,Middlesex,302/10 (82.1 ov),302,10,82.1 ov,Somerset,312/10 (104.3 ov),312,10,104.3 ov,No,Middlesex,259/5d (63.0 ov),259,5,63.0 ov,Somerset,150/10 (64.3 ov),150,10,64.3 ov,1023,35,Middlesex 302 & 259 - Somerset 312 & 150/10,Win,Middlesex,Somerset,55 runs,55,runs,,"Middlesex: JE Emburey 45 & 4 wkts, DL Haynes 112 | Somerset: IV Richards 135 & 1 wkts, IT Botham 88 & 4 wkts","Lord's Cricket Ground, London",London,B Meyer; R Julian,"Middlesex defeated Somerset by 55 runs at Lord's Cricket Ground, London (London).",Wisden Cricketers' Almanack / England and Wales Cricket Board Official Archive
13,CCH_1981_013,1981,1981,County Championship,Single Division,Single Division,Round 2,1981-05-04,1981-05-04,1981-05-06,3,Somerset,Leicestershire,Somerset,Leicestershire,Somerset,bat,Somerset,Leicestershire,Somerset,444/5d (114.3 ov),444,5,114.3 ov,Leicestershire,208/10 (74.1 ov),208,10,74.1 ov,Yes,Leicestershire,209/10 (62.1 ov),209,10,62.1 ov,,,,,,861,25,Somerset 444/5d - Leicestershire 208 & 209,Win,Somerset,Leicestershire,innings and 27 runs,27,innings and runs,,"Somerset: IT Botham 88 & 4 wkts, PM Roebuck 78 | Leicestershire: LES Taylor 12 & 5 wkts, DI Gower 125","Recreation Ground, Bath",Bath,AG Whitehead; D Oslear,"Somerset defeated Leicestershire by innings and 27 runs at Recreation Ground, Bath (Bath).",Wisden Cricketers' Almanack / England and Wales Cricket Board Official Archive
14,CCH_1981_014,1981,1981,County Championship,Single Division,Single Division,Round 2,1981-05-04,1981-05-04,1981-05-06,3,Glamorgan,Kent,Glamorgan,Kent,Glamorgan,field,Kent,Glamorgan,Kent,503/7d (130.0 ov),503,7,130.0 ov,Glamorgan,201/10 (65.2 ov),201,10,65.2 ov,Yes,Glamorgan,201/10 (77.2 ov),201,10,77.2 ov,,,,,,905,27,Kent 503/7d - Glamorgan 201 & 201,Win,Kent,Glamorgan,innings and 101 runs,101,innings and runs,,"Glamorgan: SP Watkin 18 & 4 wkts, RC Ontong 55 & 3 wkts | Kent: RM Ellison 42 & 4 wkts, CS Cowdrey 82","Sophia Gardens, Cardiff",Cardiff,R Palmer; HD Bird,"Kent defeated Glamorgan by innings and 101 runs at Sophia Gardens, Cardiff (Cardiff).",Wisden Cricketers' Almanack / England and Wales Cricket Board Official Archive
15,CCH_1981_015,1981,1981,County Championship,Single Division,Single Division,Round 2,1981-05-04,1981-05-04,1981-05-06,3,Worcestershire,Lancashire,Worcestershire,Lancashire,Worcestershire,bat,Worcestershire,Lancashire,Worcestershire,366/6d (96.0 ov),366,6,96.0 ov,Lancashire,380/9d (105.1 ov),380,9,105.1 ov,No,Worcestershire,266/4d (61.3 ov),266,4,61.3 ov,Lancashire,210/8 (49.1 ov),210,8,49.1 ov,1222,27,Worcestershire 366/6d & 266/4d - Lancashire 380/9d & 210/8,Draw,Draw,None,Draw,,draw,,"Worcestershire: NV Radford 20 & 5 wkts, IT Botham 82 & 3 wkts | Lancashire: NH Fairbrother 88, CH Lloyd 95","New Road, Worcester",Worcester,MW Kitchen; P Willey,"Match drawn between Worcestershire and Lancashire at New Road, Worcester (Worcester).",Wisden Cricketers' Almanack / England and Wales Cricket Board Official Archive
16,CCH_1981_016,1981,1981,County Championship,Single Division,Single Division,Round 2,1981-05-04,1981-05-04,1981-05-06,3,Somerset,Gloucestershire,Somerset,Gloucestershire,Gloucestershire,field,Somerset,Gloucestershire,Somerset,439/6d (120.3 ov),439,6,120.3 ov,Gloucestershire,356/10 (91.3 ov),356,10,91.3 ov,No,Somerset,180/4d (85.2 ov),180,4,85.2 ov,Gloucestershire,136/4 (64.0 ov),136,4,64.0 ov,1111,24,Somerset 439/6d & 180/4d - Gloucestershire 356/10 & 136/4,Draw,Draw,None,Draw,,draw,,"Somerset: IT Botham 88 & 4 wkts, PM Roebuck 78 | Gloucestershire: DA Graveney 45 & 3 wkts, CWJ Athey 88","Recreation Ground, Bath",Bath,JW Holder; G Sharp,"Match drawn between Somerset and Gloucestershire at Recreation Ground, Bath (Bath).",Wisden Cricketers' Almanack / England and Wales Cricket Board Official Archive
17,CCH_1981_017,1981,1981,County Championship,Single Division,Single Division,Round 2,1981-05-04,1981-05-04,1981-05-06,3,Derbyshire,Essex,Derbyshire,Essex,Derbyshire,field,Essex,Derbyshire,Essex,178/10 (73.0 ov),178,10,73.0 ov,Derbyshire,409/10 (118.0 ov),409,10,118.0 ov,Yes,Essex,156/10 (71.5 ov),156,10,71.5 ov,,,,,,743,30,Essex 178 & 156 - Derbyshire 409/10,Win,Derbyshire,Essex,innings and 75 runs,75,innings and runs,,"Derbyshire: OH Mortensen 15 & 4 wkts, KJ Barnett 94 & 1 wkts | Essex: NA Foster 25 & 5 wkts, PJ Prichard 78","Queen's Park, Chesterfield",Chesterfield,MW Kitchen; G Sharp,"Derbyshire defeated Essex by innings and 75 runs at Queen's Park, Chesterfield (Chesterfield).",Wisden Cricketers' Almanack / England and Wales Cricket Board Official Archive
18,CCH_1981_018,1981,1981,County Championship,Single Division,Single Division,Round 2,1981-05-04,1981-05-04,1981-05-06,3,Surrey,Middlesex,Surrey,Middlesex,Middlesex,bat,Middlesex,Surrey,Middlesex,330/10 (101.1 ov),330,10,101.1 ov,Surrey,291/10 (77.1 ov),291,10,77.1 ov,No,Middlesex,231/5d (71.0 ov),231,5,71.0 ov,Surrey,182/10 (61.5 ov),182,10,61.5 ov,1034,35,Middlesex 330 & 231 - Surrey 291 & 182/10,Win,Middlesex,Surrey,76 runs,76,runs,,"Surrey: AJ Stewart 94, GP Thorpe 82 | Middlesex: JE Emburey 45 & 4 wkts, WW Daniel 15 & 5 wkts","Woodbridge Road, Guildford",Guildford,R Palmer; DJ Shepherd,"Middlesex defeated Surrey by 76 runs at Woodbridge Road, Guildford (Guildford).",Wisden Cricketers' Almanack / England and Wales Cricket Board Official Archive
19,CCH_1981_019,1981,1981,County Championship,Single Division,Single Division,Round 3,1981-05-10,1981-05-10,1981-05-12,3,Yorkshire,Somerset,Yorkshire,Somerset,Somerset,bat,Somerset,Yorkshire,Somerset,363/6d (128.1 ov),363,6,128.1 ov,Yorkshire,404/9d (94.2 ov),404,9,94.2 ov,No,Somerset,256/8 (82.3 ov),256,8,82.3 ov,Yorkshire,134/7 (60.2 ov),134,7,60.2 ov,1157,30,Somerset 363/6d & 256/8 - Yorkshire 404/9d & 134/7,Draw,Draw,None,Draw,,draw,,"Yorkshire: MD Moxon 96, PE Carrick 35 & 3 wkts | Somerset: VJ Marks 52 & 3 wkts, J Garner 15 & 5 wkts","Headingley, Leeds",Leeds,AG Whitehead; JW Holder,"Match drawn between Yorkshire and Somerset at Headingley, Leeds (Leeds).",Wisden Cricketers' Almanack / England and Wales Cricket Board Official Archive
20,CCH_1981_020,1981,1981,County Championship,Single Division,Single Division,Round 3,1981-05-10,1981-05-10,1981-05-12,3,Sussex,Somerset,Sussex,Somerset,Somerset,bat,Somerset,Sussex,Somerset,343/7d (111.3 ov),343,7,111.3 ov,Sussex,305/8 (96.1 ov),305,8,96.1 ov,No,Somerset,271/7d (84.5 ov),271,7,84.5 ov,Sussex,139/8 (46.2 ov),139,8,46.2 ov,1058,30,Somerset 343/7d & 271/7d - Sussex 305/8 & 139/8,Draw,Draw,None,Draw,,draw,,"Sussex: PWG Parker 76, CM Wells 84 & 2 wkts | Somerset: IV Richards 135 & 1 wkts, J Garner 15 & 5 wkts","Arundel Castle Cricket Ground, Arundel",Arundel,R Julian; G Sharp,"Match drawn between Sussex and Somerset at Arundel Castle Cricket Ground, Arundel (Arundel).",Wisden Cricketers' Almanack / England and Wales Cricket Board Official Archive
21,CCH_1981_021,1981,1981,County Championship,Single Division,Single Division,Round 3,1981-05-10,1981-05-10,1981-05-12,3,Hampshire,Worcestershire,Hampshire,Worcestershire,Hampshire,bat,Hampshire,Worcestershire,Hampshire,255/10 (104.1 ov),255,10,104.1 ov,Worcestershire,290/10 (108.5 ov),290,10,108.5 ov,No,Hampshire,277/10 (79.3 ov),277,10,79.3 ov,Worcestershire,245/6 (51.5 ov),245,6,51.5 ov,1067,36,Hampshire 255 & 277 - Worcestershire 290 & 245/6,Win,Worcestershire,Hampshire,4 wickets,4,wickets,,"Hampshire: MCJ Nicholas 72, CA Connor 20 & 4 wkts | Worcestershire: GA Hick 145 & 1 wkts, IT Botham 82 & 3 wkts","The Rose Bowl, Southampton",Southampton,G Sharp; R Palmer,"Worcestershire defeated Hampshire by 4 wickets at The Rose Bowl, Southampton (Southampton).",Wisden Cricketers' Almanack / England and Wales Cricket Board Official Archive
22,CCH_1981_022,1981,1981,County Championship,Single Division,Single Division,Round 3,1981-05-10,1981-05-10,1981-05-12,3,Worcestershire,Gloucestershire,Worcestershire,Gloucestershire,Worcestershire,bat,Worcestershire,Gloucestershire,Worcestershire,444/10 (125.0 ov),444,10,125.0 ov,Gloucestershire,364/9 (94.3 ov),364,9,94.3 ov,No,Worcestershire,246/3d (74.5 ov),246,3,74.5 ov,Gloucestershire,139/8 (52.5 ov),139,8,52.5 ov,1193,30,Worcestershire 444/10 & 246/3d - Gloucestershire 364/9 & 139/8,Draw,Draw,None,Draw,,draw,,"Worcestershire: NV Radford 20 & 5 wkts, PA Neale 75 | Gloucestershire: P Bainbridge 62 & 2 wkts, CWJ Athey 88","New Road, Worcester",Worcester,JW Holder; G Sharp,"Match drawn between Worcestershire and Gloucestershire at New Road, Worcester (Worcester).",Wisden Cricketers' Almanack / England and Wales Cricket Board Official Archive
23,CCH_1981_023,1981,1981,County Championship,Single Division,Single Division,Round 3,1981-05-10,1981-05-10,1981-05-12,3,Warwickshire,Surrey,Warwickshire,Surrey,Surrey,bat,Surrey,Warwickshire,Surrey,333/10 (94.2 ov),333,10,94.2 ov,Warwickshire,365/10 (99.1 ov),365,10,99.1 ov,No,Surrey,249/5d (55.0 ov),249,5,55.0 ov,Warwickshire,194/10 (69.3 ov),194,10,69.3 ov,1141,35,Surrey 333 & 249 - Warwickshire 365 & 194/10,Win,Surrey,Warwickshire,44 runs,44,runs,,"Warwickshire: AI Kallicharran 122, TA Munton 18 & 4 wkts | Surrey: MP Bicknell 25 & 4 wkts, MA Lynch 85","Edgbaston, Birmingham",Birmingham,R Palmer; DJ Shepherd,"Surrey defeated Warwickshire by 44 runs at Edgbaston, Birmingham (Birmingham).",Wisden Cricketers' Almanack / England and Wales Cricket Board Official Archive
24,CCH_1981_024,1981,1981,County Championship,Single Division,Single Division,Round 3,1981-05-10,1981-05-10,1981-05-12,3,Worcestershire,Warwickshire,Worcestershire,Warwickshire,Warwickshire,bat,Warwickshire,Worcestershire,Warwickshire,412/7d (95.0 ov),412,7,95.0 ov,Worcestershire,387/9 (112.2 ov),387,9,112.2 ov,No,Warwickshire,273/6d (82.3 ov),273,6,82.3 ov,Worcestershire,165/5 (71.5 ov),165,5,71.5 ov,1237,27,Warwickshire 412/7d & 273/6d - Worcestershire 387/9 & 165/5,Draw,Draw,None,Draw,,draw,,"Worcestershire: PA Neale 75, NV Radford 20 & 5 wkts | Warwickshire: GC Small 22 & 5 wkts, AI Kallicharran 122","New Road, Worcester",Worcester,G Sharp; P Willey,"Match drawn between Worcestershire and Warwickshire at New Road, Worcester (Worcester).",Wisden Cricketers' Almanack / England and Wales Cricket Board Official Archive
25,CCH_1981_025,1981,1981,County Championship,Single Division,Single Division,Round 3,1981-05-10,1981-05-10,1981-05-12,3,Middlesex,Leicestershire,Middlesex,Leicestershire,Middlesex,bat,Middlesex,Leicestershire,Middlesex,420/8d (95.0 ov),420,8,95.0 ov,Leicestershire,293/10 (123.3 ov),293,10,123.3 ov,No,Middlesex,223/7d (76.4 ov),223,7,76.4 ov,Leicestershire,239/4 (58.5 ov),239,4,58.5 ov,1175,29,Middlesex 420/8d & 223/7d - Leicestershire 293/10 & 239/4,Draw,Draw,None,Draw,,draw,,"Middlesex: PH Edmonds 28 & 4 wkts, WW Daniel 15 & 5 wkts | Leicestershire: NE Briers 75, J Agnew 18 & 4 wkts","Lord's Cricket Ground, London",London,G Sharp; DJ Shepherd,"Match drawn between Middlesex and Leicestershire at Lord's Cricket Ground, London (London).",Wisden Cricketers' Almanack / England and Wales Cricket Board Official Archive
26,CCH_1981_026,1981,1981,County Championship,Single Division,Single Division,Round 3,1981-05-10,1981-05-10,1981-05-12,3,Sussex,Derbyshire,Sussex,Derbyshire,Derbyshire,bat,Derbyshire,Sussex,Derbyshire,178/10 (58.0 ov),178,10,58.0 ov,Sussex,430/10 (139.2 ov),430,10,139.2 ov,Yes,Derbyshire,205/10 (50.1 ov),205,10,50.1 ov,,,,,,813,30,Derbyshire 178 & 205 - Sussex 430/10,Win,Sussex,Derbyshire,innings and 47 runs,47,innings and runs,,"Sussex: AM Pigott 20 & 4 wkts, GGD Gould 58 | Derbyshire: JG Wright 108, KJ Barnett 94 & 1 wkts","County Ground, Hove",Hove,B Meyer; R Julian,"Sussex defeated Derbyshire by innings and 47 runs at County Ground, Hove (Hove).",Wisden Cricketers' Almanack / England and Wales Cricket Board Official Archive
27,CCH_1981_027,1981,1981,County Championship,Single Division,Single Division,Round 3,1981-05-10,1981-05-10,1981-05-12,3,Somerset,Hampshire,Somerset,Hampshire,Hampshire,field,Somerset,Hampshire,Somerset,320/6d (123.0 ov),320,6,123.0 ov,Hampshire,342/10 (102.0 ov),342,10,102.0 ov,No,Somerset,259/5d (67.1 ov),259,5,67.1 ov,Hampshire,157/7 (66.0 ov),157,7,66.0 ov,1078,28,Somerset 320/6d & 259/5d - Hampshire 342/10 & 157/7,Draw,Draw,None,Draw,,draw,,"Somerset: IV Richards 135 & 1 wkts, IT Botham 88 & 4 wkts | Hampshire: MD Marshall 35 & 6 wkts, DI Gower 105","County Ground, Taunton",Taunton,HD Bird; G Sharp,"Match drawn between Somerset and Hampshire at County Ground, Taunton (Taunton).",Wisden Cricketers' Almanack / England and Wales Cricket Board Official Archive
28,CCH_1981_028,1981,1981,County Championship,Single Division,Single Division,Round 4,1981-05-16,1981-05-16,1981-05-18,3,Worcestershire,Hampshire,Worcestershire,Hampshire,Worcestershire,bat,Worcestershire,Hampshire,Worcestershire,330/10 (95.0 ov),330,10,95.0 ov,Hampshire,367/10 (105.4 ov),367,10,105.4 ov,No,Worcestershire,222/10 (91.1 ov),222,10,91.1 ov,Hampshire,188/8 (61.1 ov),188,8,61.1 ov,1107,38,Worcestershire 330 & 222 - Hampshire 367 & 188/8,Win,Hampshire,Worcestershire,2 wickets,2,wickets,,"Worcestershire: PA Neale 75, NV Radford 20 & 5 wkts | Hampshire: CA Connor 20 & 4 wkts, DI Gower 105","New Road, Worcester",Worcester,DJ Shepherd; B Meyer,"Hampshire defeated Worcestershire by 2 wickets at New Road, Worcester (Worcester).",Wisden Cricketers' Almanack / England and Wales Cricket Board Official Archive
29,CCH_1981_029,1981,1981,County Championship,Single Division,Single Division,Round 4,1981-05-16,1981-05-16,1981-05-18,3,Kent,Lancashire,Kent,Lancashire,Kent,bat,Kent,Lancashire,Kent,320/9d (108.2 ov),320,9,108.2 ov,Lancashire,376/10 (109.4 ov),376,10,109.4 ov,No,Kent,181/7d (70.3 ov),181,7,70.3 ov,Lancashire,211/8 (54.4 ov),211,8,54.4 ov,1088,34,Kent 320/9d & 181/7d - Lancashire 376/10 & 211/8,Draw,Draw,None,Draw,,draw,,"Kent: NR Taylor 90, CS Cowdrey 82 | Lancashire: NH Fairbrother 88, PJW Allott 22 & 4 wkts","Nevill Ground, Royal Tunbridge Wells",Royal Tunbridge Wells,P Willey; HD Bird,"Match drawn between Kent and Lancashire at Nevill Ground, Royal Tunbridge Wells (Royal Tunbridge Wells).",Wisden Cricketers' Almanack / England and Wales Cricket Board Official Archive
30,CCH_1981_030,1981,1981,County Championship,Single Division,Single Division,Round 4,1981-05-16,1981-05-16,1981-05-18,3,Leicestershire,Glamorgan,Leicestershire,Glamorgan,Leicestershire,bat,Leicestershire,Glamorgan,Leicestershire,374/8d (104.5 ov),374,8,104.5 ov,Glamorgan,291/8 (95.2 ov),291,8,95.2 ov,No,Leicestershire,247/7d (58.2 ov),247,7,58.2 ov,Glamorgan,196/5 (41.3 ov),196,5,41.3 ov,1108,28,Leicestershire 374/8d & 247/7d - Glamorgan 291/8 & 196/5,Draw,Draw,None,Draw,,draw,,"Leicestershire: DI Gower 125, P Willey 82 & 3 wkts | Glamorgan: MD Maynard 98, SP Watkin 18 & 4 wkts","Grace Road, Leicester",Leicester,AG Whitehead; D Oslear,"Match drawn between Leicestershire and Glamorgan at Grace Road, Leicester (Leicester).",Wisden Cricketers' Almanack / England and Wales Cricket Board Official Archive
31,CCH_1981_031,1981,1981,County Championship,Single Division,Single Division,Round 4,1981-05-16,1981-05-16,1981-05-18,3,Derbyshire,Surrey,Derbyshire,Surrey,Surrey,bat,Surrey,Derbyshire,Surrey,446/9d (124.2 ov),446,9,124.2 ov,Derbyshire,373/7 (109.0 ov),373,7,109.0 ov,No,Surrey,245/6d (67.5 ov),245,6,67.5 ov,Derbyshire,196/8 (50.1 ov),196,8,50.1 ov,1260,30,Surrey 446/9d & 245/6d - Derbyshire 373/7 & 196/8,Draw,Draw,None,Draw,,draw,,"Derbyshire: KJ Barnett 94 & 1 wkts, MA Holding 22 & 5 wkts | Surrey: MP Bicknell 25 & 4 wkts, GP Thorpe 82","County Ground, Derby",Derby,R Julian; P Willey,"Match drawn between Derbyshire and Surrey at County Ground, Derby (Derby).",Wisden Cricketers' Almanack / England and Wales Cricket Board Official Archive
32,CCH_1981_032,1981,1981,County Championship,Single Division,Single Division,Round 4,1981-05-16,1981-05-16,1981-05-18,3,Warwickshire,Leicestershire,Warwickshire,Leicestershire,Leicestershire,bat,Leicestershire,Warwickshire,Leicestershire,276/10 (80.3 ov),276,10,80.3 ov,Warwickshire,239/10 (98.5 ov),239,10,98.5 ov,No,Leicestershire,250/7d (74.0 ov),250,7,74.0 ov,Warwickshire,188/10 (58.1 ov),188,10,58.1 ov,953,37,Leicestershire 276 & 250 - Warwickshire 239 & 188/10,Win,Leicestershire,Warwickshire,83 runs,83,runs,,"Warwickshire: TA Munton 18 & 4 wkts, DL Amiss 95 | Leicestershire: DI Gower 125, LES Taylor 12 & 5 wkts","Edgbaston, Birmingham",Birmingham,MW Kitchen; AG Whitehead,"Leicestershire defeated Warwickshire by 83 runs at Edgbaston, Birmingham (Birmingham).",Wisden Cricketers' Almanack / England and Wales Cricket Board Official Archive
33,CCH_1981_033,1981,1981,County Championship,Single Division,Single Division,Round 4,1981-05-16,1981-05-16,1981-05-18,3,Leicestershire,Gloucestershire,Leicestershire,Gloucestershire,Leicestershire,bat,Leicestershire,Gloucestershire,Leicestershire,408/9d (106.4 ov),408,9,106.4 ov,Gloucestershire,334/7 (113.0 ov),334,7,113.0 ov,No,Leicestershire,283/7d (55.3 ov),283,7,55.3 ov,Gloucestershire,199/7 (49.2 ov),199,7,49.2 ov,1224,30,Leicestershire 408/9d & 283/7d - Gloucestershire 334/7 & 199/7,Draw,Draw,None,Draw,,draw,,"Leicestershire: NE Briers 75, J Agnew 18 & 4 wkts | Gloucestershire: P Bainbridge 62 & 2 wkts, CA Walsh 15 & 6 wkts","Grace Road, Leicester",Leicester,R Palmer; G Sharp,"Match drawn between Leicestershire and Gloucestershire at Grace Road, Leicester (Leicester).",Wisden Cricketers' Almanack / England and Wales Cricket Board Official Archive
34,CCH_1981_034,1981,1981,County Championship,Single Division,Single Division,Round 4,1981-05-16,1981-05-16,1981-05-18,3,Glamorgan,Surrey,Glamorgan,Surrey,Surrey,field,Glamorgan,Surrey,Glamorgan,370/7d (124.5 ov),370,7,124.5 ov,Surrey,316/8 (120.0 ov),316,8,120.0 ov,No,Glamorgan,237/7d (82.4 ov),237,7,82.4 ov,Surrey,133/4 (50.1 ov),133,4,50.1 ov,1056,26,Glamorgan 370/7d & 237/7d - Surrey 316/8 & 133/4,Draw,Draw,None,Draw,,draw,,"Glamorgan: MD Maynard 98, GC Holmes 72 | Surrey: GP Thorpe 82, AJ Stewart 94","St Helen's, Swansea",Swansea,P Willey; JW Holder,"Match drawn between Glamorgan and Surrey at St Helen's, Swansea (Swansea).",Wisden Cricketers' Almanack / England and Wales Cricket Board Official Archive
35,CCH_1981_035,1981,1981,County Championship,Single Division,Single Division,Round 4,1981-05-16,1981-05-16,1981-05-18,3,Kent,Surrey,Kent,Surrey,Surrey,field,Kent,Surrey,Kent,264/10 (101.4 ov),264,10,101.4 ov,Surrey,271/10 (95.3 ov),271,10,95.3 ov,No,Kent,237/9d (65.5 ov),237,9,65.5 ov,Surrey,99/10 (66.0 ov),99,10,66.0 ov,871,39,Kent 264 & 237d - Surrey 271 & 99,Win,Surrey,Kent,132 runs,132,runs,,"Kent: RM Ellison 42 & 4 wkts, NR Taylor 90 | Surrey: AJ Stewart 94, MA Lynch 85","Crabble Athletic Ground, Dover",Dover,MW Kitchen; R Palmer,"Surrey defeated Kent by 132 runs at Crabble Athletic Ground, Dover (Dover).",Wisden Cricketers' Almanack / England and Wales Cricket Board Official Archive
36,CCH_1981_036,1981,1981,County Championship,Single Division,Single Division,Round 4,1981-05-16,1981-05-16,1981-05-18,3,Nottinghamshire,Gloucestershire,Nottinghamshire,Gloucestershire,Nottinghamshire,field,Gloucestershire,Nottinghamshire,Gloucestershire,365/10 (103.1 ov),365,10,103.1 ov,Nottinghamshire,318/10 (86.0 ov),318,10,86.0 ov,No,Gloucestershire,225/9d (57.2 ov),225,9,57.2 ov,Nottinghamshire,245/10 (81.4 ov),245,10,81.4 ov,1153,39,Gloucestershire 365 & 225d - Nottinghamshire 318 & 245,Win,Nottinghamshire,Gloucestershire,28 runs,28,runs,,"Nottinghamshire: DW Randall 85, BN French 45 | Gloucestershire: KM Curran 74 & 3 wkts, P Bainbridge 62 & 2 wkts","Trent Bridge, Nottingham",Nottingham,R Julian; JW Holder,"Nottinghamshire defeated Gloucestershire by 28 runs at Trent Bridge, Nottingham (Nottingham).",Wisden Cricketers' Almanack / England and Wales Cricket Board Official Archive
37,CCH_1981_037,1981,1981,County Championship,Single Division,Single Division,Round 5,1981-05-22,1981-05-22,1981-05-24,3,Somerset,Lancashire,Somerset,Lancashire,Somerset,bat,Somerset,Lancashire,Somerset,450/7d (127.2 ov),450,7,127.2 ov,Lancashire,420/10 (116.1 ov),420,10,116.1 ov,No,Somerset,247/3d (59.0 ov),247,3,59.0 ov,Lancashire,217/6 (65.0 ov),217,6,65.0 ov,1334,26,Somerset 450/7d & 247/3d - Lancashire 420/10 & 217/6,Draw,Draw,None,Draw,,draw,,"Somerset: VJ Marks 52 & 3 wkts, IV Richards 135 & 1 wkts | Lancashire: NH Fairbrother 88, CH Lloyd 95","County Ground, Taunton",Taunton,B Meyer; JW Holder,"Match drawn between Somerset and Lancashire at County Ground, Taunton (Taunton).",Wisden Cricketers' Almanack / England and Wales Cricket Board Official Archive
38,CCH_1981_038,1981,1981,County Championship,Single Division,Single Division,Round 5,1981-05-22,1981-05-22,1981-05-24,3,Glamorgan,Essex,Glamorgan,Essex,Glamorgan,bat,Glamorgan,Essex,Glamorgan,360/10 (103.4 ov),360,10,103.4 ov,Essex,332/10 (84.4 ov),332,10,84.4 ov,No,Glamorgan,242/10 (94.4 ov),242,10,94.4 ov,Essex,274/7 (46.4 ov),274,7,46.4 ov,1208,37,Glamorgan 360 & 242 - Essex 332 & 274/7,Win,Essex,Glamorgan,3 wickets,3,wickets,,"Glamorgan: MD Maynard 98, SP Watkin 18 & 4 wkts | Essex: NA Foster 25 & 5 wkts, GA Gooch 142 & 1 wkts","Sophia Gardens, Cardiff",Cardiff,HD Bird; MW Kitchen,"Essex defeated Glamorgan by 3 wickets at Sophia Gardens, Cardiff (Cardiff).",Wisden Cricketers' Almanack / England and Wales Cricket Board Official Archive
39,CCH_1981_039,1981,1981,County Championship,Single Division,Single Division,Round 5,1981-05-22,1981-05-22,1981-05-24,3,Essex,Somerset,Essex,Somerset,Essex,bat,Essex,Somerset,Essex,460/7d (109.3 ov),460,7,109.3 ov,Somerset,317/8 (114.4 ov),317,8,114.4 ov,No,Essex,257/4d (64.2 ov),257,4,64.2 ov,Somerset,220/7 (67.5 ov),220,7,67.5 ov,1254,26,Essex 460/7d & 257/4d - Somerset 317/8 & 220/7,Draw,Draw,None,Draw,,draw,,"Essex: GA Gooch 142 & 1 wkts, AR Border 115 & 1 wkts | Somerset: PM Roebuck 78, IV Richards 135 & 1 wkts","Castle Park Cricket Ground, Colchester",Colchester,JW Holder; MW Kitchen,"Match drawn between Essex and Somerset at Castle Park Cricket Ground, Colchester (Colchester).",Wisden Cricketers' Almanack / England and Wales Cricket Board Official Archive
40,CCH_1981_040,1981,1981,County Championship,Single Division,Single Division,Round 5,1981-05-22,1981-05-22,1981-05-24,3,Surrey,Essex,Surrey,Essex,Essex,bat,Essex,Surrey,Essex,427/10 (121.4 ov),427,10,121.4 ov,Surrey,337/8 (111.2 ov),337,8,111.2 ov,No,Essex,268/6d (50.3 ov),268,6,50.3 ov,Surrey,186/4 (46.1 ov),186,4,46.1 ov,1218,28,Essex 427/10 & 268/6d - Surrey 337/8 & 186/4,Draw,Draw,None,Draw,,draw,,"Surrey: AJ Stewart 94, MP Bicknell 25 & 4 wkts | Essex: GA Gooch 142 & 1 wkts, DR Pringle 65 & 3 wkts","The Oval, Kennington, London",London,DJ Shepherd; G Sharp,"Match drawn between Surrey and Essex at The Oval, Kennington, London (London).",Wisden Cricketers' Almanack / England and Wales Cricket Board Official Archive
41,CCH_1981_041,1981,1981,County Championship,Single Division,Single Division,Round 5,1981-05-22,1981-05-22,1981-05-24,3,Hampshire,Northamptonshire,Hampshire,Northamptonshire,Northamptonshire,bat,Northamptonshire,Hampshire,Northamptonshire,151/10 (66.3 ov),151,10,66.3 ov,Hampshire,401/8 (126.2 ov),401,8,126.2 ov,Yes,Northamptonshire,219/10 (72.2 ov),219,10,72.2 ov,,,,,,771,28,Northamptonshire 151 & 219 - Hampshire 401/8d,Win,Hampshire,Northamptonshire,innings and 31 runs,31,innings and runs,,"Hampshire: DI Gower 105, CG Greenidge 118 | Northamptonshire: AJ Lamb 115, NGB Cook 18 & 4 wkts","County Ground, Northlands Road, Southampton",Southampton,HD Bird; AG Whitehead,"Hampshire defeated Northamptonshire by innings and 31 runs at County Ground, Northlands Road, Southampton (Southampton).",Wisden Cricketers' Almanack / England and Wales Cricket Board Official Archive
42,CCH_1981_042,1981,1981,County Championship,Single Division,Single Division,Round 5,1981-05-22,1981-05-22,1981-05-24,3,Surrey,Lancashire,Surrey,Lancashire,Lancashire,bat,Lancashire,Surrey,Lancashire,433/6d (101.1 ov),433,6,101.1 ov,Surrey,338/9 (93.1 ov),338,9,93.1 ov,No,Lancashire,231/7d (78.0 ov),231,7,78.0 ov,Surrey,171/8 (65.4 ov),171,8,65.4 ov,1173,30,Lancashire 433/6d & 231/7d - Surrey 338/9 & 171/8,Draw,Draw,None,Draw,,draw,,"Surrey: GP Thorpe 82, MP Bicknell 25 & 4 wkts | Lancashire: ID Austin 35 & 3 wkts, PJW Allott 22 & 4 wkts","The Oval, Kennington, London",London,HD Bird; JW Holder,"Match drawn between Surrey and Lancashire at The Oval, Kennington, London (London).",Wisden Cricketers' Almanack / England and Wales Cricket Board Official Archive
43,CCH_1981_043,1981,1981,County Championship,Single Division,Single Division,Round 5,1981-05-22,1981-05-22,1981-05-24,3,Sussex,Hampshire,Sussex,Hampshire,Sussex,field,Hampshire,Sussex,Hampshire,178/10 (75.5 ov),178,10,75.5 ov,Sussex,448/9 (123.4 ov),448,9,123.4 ov,Yes,Hampshire,174/10 (59.2 ov),174,10,59.2 ov,,,,,,800,29,Hampshire 178 & 174 - Sussex 448/9d,Win,Sussex,Hampshire,innings and 96 runs,96,innings and runs,,"Sussex: CM Wells 84 & 2 wkts, Imran Khan 92 & 5 wkts | Hampshire: CG Greenidge 118, MCJ Nicholas 72","Arundel Castle Cricket Ground, Arundel",Arundel,MW Kitchen; JW Holder,"Sussex defeated Hampshire by innings and 96 runs at Arundel Castle Cricket Ground, Arundel (Arundel).",Wisden Cricketers' Almanack / England and Wales Cricket Board Official Archive
44,CCH_1981_044,1981,1981,County Championship,Single Division,Single Division,Round 5,1981-05-22,1981-05-22,1981-05-24,3,Essex,Nottinghamshire,Essex,Nottinghamshire,Nottinghamshire,field,Essex,Nottinghamshire,Essex,315/6d (122.1 ov),315,6,122.1 ov,Nottinghamshire,314/9 (120.1 ov),314,9,120.1 ov,No,Essex,277/6d (82.5 ov),277,6,82.5 ov,Nottinghamshire,156/3 (62.4 ov),156,3,62.4 ov,1062,24,Essex 315/6d & 277/6d - Nottinghamshire 314/9 & 156/3,Draw,Draw,None,Draw,,draw,,"Essex: AR Border 115 & 1 wkts, PJ Prichard 78 | Nottinghamshire: BC Broad 104, RJ Hadlee 55 & 6 wkts","Castle Park Cricket Ground, Colchester",Colchester,G Sharp; MW Kitchen,"Match drawn between Essex and Nottinghamshire at Castle Park Cricket Ground, Colchester (Colchester).",Wisden Cricketers' Almanack / England and Wales Cricket Board Official Archive
45,CCH_1981_045,1981,1981,County Championship,Single Division,Single Division,Round 5,1981-05-22,1981-05-22,1981-05-24,3,Essex,Middlesex,Essex,Middlesex,Essex,bat,Essex,Middlesex,Essex,453/7d (97.1 ov),453,7,97.1 ov,Middlesex,302/9 (125.2 ov),302,9,125.2 ov,No,Essex,270/8 (69.5 ov),270,8,69.5 ov,Middlesex,150/4 (54.1 ov),150,4,54.1 ov,1175,28,Essex 453/7d & 270/8 - Middlesex 302/9 & 150/4,Draw,Draw,None,Draw,,draw,,"Essex: DR Pringle 65 & 3 wkts, GA Gooch 142 & 1 wkts | Middlesex: WW Daniel 15 & 5 wkts, JE Emburey 45 & 4 wkts","Castle Park Cricket Ground, Colchester",Colchester,DJ Shepherd; R Palmer,"Match drawn between Essex and Middlesex at Castle Park Cricket Ground, Colchester (Colchester).",Wisden Cricketers' Almanack / England and Wales Cricket Board Official Archive
46,CCH_1981_046,1981,1981,County Championship,Single Division,Single Division,Round 6,1981-05-28,1981-05-28,1981-05-30,3,Warwickshire,Essex,Warwickshire,Essex,Essex,bat,Essex,Warwickshire,Essex,226/10 (105.3 ov),226,10,105.3 ov,Warwickshire,212/10 (94.2 ov),212,10,94.2 ov,No,Essex,229/7d (63.0 ov),229,7,63.0 ov,Warwickshire,164/10 (55.5 ov),164,10,55.5 ov,831,37,Essex 226 & 229 - Warwickshire 212 & 164/10,Win,Essex,Warwickshire,40 runs,40,runs,,"Warwickshire: GC Small 22 & 5 wkts, TA Munton 18 & 4 wkts | Essex: GA Gooch 142 & 1 wkts, NA Foster 25 & 5 wkts","Edgbaston, Birmingham",Birmingham,P Willey; JW Holder,"Essex defeated Warwickshire by 40 runs at Edgbaston, Birmingham (Birmingham).",Wisden Cricketers' Almanack / England and Wales Cricket Board Official Archive
47,CCH_1981_047,1981,1981,County Championship,Single Division,Single Division,Round 6,1981-05-28,1981-05-28,1981-05-30,3,Essex,Glamorgan,Essex,Glamorgan,Glamorgan,field,Essex,Glamorgan,Essex,339/9d (99.3 ov),339,9,99.3 ov,Glamorgan,280/9 (90.1 ov),280,9,90.1 ov,No,Essex,201/3d (82.5 ov),201,3,82.5 ov,Glamorgan,142/6 (75.0 ov),142,6,75.0 ov,962,27,Essex 339/9d & 201/3d - Glamorgan 280/9 & 142/6,Draw,Draw,None,Draw,,draw,,"Essex: AR Border 115 & 1 wkts, DR Pringle 65 & 3 wkts | Glamorgan: RC Ontong 55 & 3 wkts, SP Watkin 18 & 4 wkts","Garon Park, Southend-on-Sea",Southend-on-Sea,AG Whitehead; DJ Shepherd,"Match drawn between Essex and Glamorgan at Garon Park, Southend-on-Sea (Southend-on-Sea).",Wisden Cricketers' Almanack / England and Wales Cricket Board Official Archive
48,CCH_1981_048,1981,1981,County Championship,Single Division,Single Division,Round 6,1981-05-28,1981-05-28,1981-05-30,3,Hampshire,Nottinghamshire,Hampshire,Nottinghamshire,Nottinghamshire,bat,Nottinghamshire,Hampshire,Nottinghamshire,445/9d (123.5 ov),445,9,123.5 ov,Hampshire,177/10 (70.3 ov),177,10,70.3 ov,Yes,Hampshire,178/10 (64.0 ov),178,10,64.0 ov,,,,,,800,29,Nottinghamshire 445/9d - Hampshire 177 & 178,Win,Nottinghamshire,Hampshire,innings and 90 runs,90,innings and runs,,"Hampshire: CG Greenidge 118, MCJ Nicholas 72 | Nottinghamshire: DW Randall 85, RJ Hadlee 55 & 6 wkts","May's Bounty, Basingstoke",Basingstoke,D Oslear; JW Holder,"Nottinghamshire defeated Hampshire by innings and 90 runs at May's Bounty, Basingstoke (Basingstoke).",Wisden Cricketers' Almanack / England and Wales Cricket Board Official Archive
49,CCH_1981_049,1981,1981,County Championship,Single Division,Single Division,Round 6,1981-05-28,1981-05-28,1981-05-30,3,Yorkshire,Surrey,Yorkshire,Surrey,Yorkshire,field,Surrey,Yorkshire,Surrey,194/10 (70.2 ov),194,10,70.2 ov,Yorkshire,371/10 (132.1 ov),371,10,132.1 ov,Yes,Surrey,143/10 (53.4 ov),143,10,53.4 ov,,,,,,708,30,Surrey 194 & 143 - Yorkshire 371/10,Win,Yorkshire,Surrey,innings and 34 runs,34,innings and runs,,"Yorkshire: A Sidebottom 22 & 4 wkts, PE Carrick 35 & 3 wkts | Surrey: ST Clarke 18 & 6 wkts, GP Thorpe 82","Headingley, Leeds",Leeds,R Palmer; P Willey,"Yorkshire defeated Surrey by innings and 34 runs at Headingley, Leeds (Leeds).",Wisden Cricketers' Almanack / England and Wales Cricket Board Official Archive
50,CCH_1981_050,1981,1981,County Championship,Single Division,Single Division,Round 6,1981-05-28,1981-05-28,1981-05-30,3,Northamptonshire,Warwickshire,Northamptonshire,Warwickshire,Warwickshire,bat,Warwickshire,Northamptonshire,Warwickshire,329/6d (103.2 ov),329,6,103.2 ov,Northamptonshire,380/8d (107.1 ov),380,8,107.1 ov,No,Warwickshire,283/3d (58.1 ov),283,3,58.1 ov,Northamptonshire,147/8 (54.2 ov),147,8,54.2 ov,1139,25,Warwickshire 329/6d & 283/3d - Northamptonshire 380/8d & 147/8,Draw,Draw,None,Draw,,draw,,"Northamptonshire: DJ Capel 62 & 3 wkts, NGB Cook 18 & 4 wkts | Warwickshire: TA Munton 18 & 4 wkts, DL Amiss 95","County Ground, Northampton",Northampton,DJ Shepherd; B Meyer,"Match drawn between Northamptonshire and Warwickshire at County Ground, Northampton (Northampton).",Wisden Cricketers' Almanack / England and Wales Cricket Board Official Archive
51,CCH_1981_051,1981,1981,County Championship,Single Division,Single Division,Round 6,1981-05-28,1981-05-28,1981-05-30,3,Hampshire,Gloucestershire,Hampshire,Gloucestershire,Gloucestershire,bat,Gloucestershire,Hampshire,Gloucestershire,314/6d (125.3 ov),314,6,125.3 ov,Hampshire,298/9 (99.5 ov),298,9,99.5 ov,No,Gloucestershire,218/5d (75.0 ov),218,5,75.0 ov,Hampshire,165/5 (41.4 ov),165,5,41.4 ov,995,25,Gloucestershire 314/6d & 218/5d - Hampshire 298/9 & 165/5,Draw,Draw,None,Draw,,draw,,"Hampshire: DI Gower 105, MD Marshall 35 & 6 wkts | Gloucestershire: P Bainbridge 62 & 2 wkts, CWJ Athey 88","The Rose Bowl, Southampton",Southampton,B Meyer; P Willey,"Match drawn between Hampshire and Gloucestershire at The Rose Bowl, Southampton (Southampton).",Wisden Cricketers' Almanack / England and Wales Cricket Board Official Archive
52,CCH_1981_052,1981,1981,County Championship,Single Division,Single Division,Round 6,1981-05-28,1981-05-28,1981-05-30,3,Nottinghamshire,Middlesex,Nottinghamshire,Middlesex,Middlesex,field,Nottinghamshire,Middlesex,Nottinghamshire,255/10 (102.3 ov),255,10,102.3 ov,Middlesex,221/10 (82.4 ov),221,10,82.4 ov,No,Nottinghamshire,229/5d (70.0 ov),229,5,70.0 ov,Middlesex,188/10 (54.3 ov),188,10,54.3 ov,893,35,Nottinghamshire 255 & 229 - Middlesex 221 & 188/10,Win,Nottinghamshire,Middlesex,52 runs,52,runs,,"Nottinghamshire: DW Randall 85, BC Broad 104 | Middlesex: WW Daniel 15 & 5 wkts, JE Emburey 45 & 4 wkts","Trent Bridge, Nottingham",Nottingham,JW Holder; P Willey,"Nottinghamshire defeated Middlesex by 52 runs at Trent Bridge, Nottingham (Nottingham).",Wisden Cricketers' Almanack / England and Wales Cricket Board Official Archive
53,CCH_1981_053,1981,1981,County Championship,Single Division,Single Division,Round 6,1981-05-28,1981-05-28,1981-05-30,3,Nottinghamshire,Glamorgan,Nottinghamshire,Glamorgan,Glamorgan,bat,Glamorgan,Nottinghamshire,Glamorgan,202/10 (71.3 ov),202,10,71.3 ov,Nottinghamshire,428/9 (135.0 ov),428,9,135.0 ov,Yes,Glamorgan,188/10 (59.4 ov),188,10,59.4 ov,,,,,,818,29,Glamorgan 202 & 188 - Nottinghamshire 428/9d,Win,Nottinghamshire,Glamorgan,innings and 38 runs,38,innings and runs,,"Nottinghamshire: BN French 45, DW Randall 85 | Glamorgan: MD Maynard 98, H Morris 85","Trent Bridge, Nottingham",Nottingham,HD Bird; B Meyer,"Nottinghamshire defeated Glamorgan by innings and 38 runs at Trent Bridge, Nottingham (Nottingham).",Wisden Cricketers' Almanack / England and Wales Cricket Board Official Archive
54,CCH_1981_054,1981,1981,County Championship,Single Division,Single Division,Round 6,1981-05-28,1981-05-28,1981-05-30,3,Leicestershire,Yorkshire,Leicestershire,Yorkshire,Yorkshire,bat,Yorkshire,Leicestershire,Yorkshire,363/8d (113.5 ov),363,8,113.5 ov,Leicestershire,345/10 (120.1 ov),345,10,120.1 ov,No,Yorkshire,203/7d (84.1 ov),203,7,84.1 ov,Leicestershire,203/3 (59.3 ov),203,3,59.3 ov,1114,28,Yorkshire 363/8d & 203/7d - Leicestershire 345/10 & 203/3,Draw,Draw,None,Draw,,draw,,"Leicestershire: NE Briers 75, J Agnew 18 & 4 wkts | Yorkshire: AA Metcalfe 74, A Sidebottom 22 & 4 wkts","Grace Road, Leicester",Leicester,B Meyer; DJ Shepherd,"Match drawn between Leicestershire and Yorkshire at Grace Road, Leicester (Leicester).",Wisden Cricketers' Almanack / England and Wales Cricket Board Official Archive
55,CCH_1981_055,1981,1981,County Championship,Single Division,Single Division,Round 7,1981-06-03,1981-06-03,1981-06-05,3,Yorkshire,Hampshire,Yorkshire,Hampshire,Yorkshire,bat,Yorkshire,Hampshire,Yorkshire,258/10 (86.0 ov),258,10,86.0 ov,Hampshire,232/10 (91.5 ov),232,10,91.5 ov,No,Yorkshire,255/7d (71.0 ov),255,7,71.0 ov,Hampshire,173/10 (64.4 ov),173,10,64.4 ov,918,37,Yorkshire 258 & 255 - Hampshire 232 & 173/10,Win,Yorkshire,Hampshire,65 runs,65,runs,,"Yorkshire: G Boycott 115, AA Metcalfe 74 | Hampshire: MD Marshall 35 & 6 wkts, DI Gower 105","Headingley, Leeds",Leeds,DJ Shepherd; D Oslear,"Yorkshire defeated Hampshire by 65 runs at Headingley, Leeds (Leeds).",Wisden Cricketers' Almanack / England and Wales Cricket Board Official Archive
56,CCH_1981_056,1981,1981,County Championship,Single Division,Single Division,Round 7,1981-06-03,1981-06-03,1981-06-05,3,Leicestershire,Lancashire,Leicestershire,Lancashire,Lancashire,bat,Lancashire,Leicestershire,Lancashire,328/10 (78.4 ov),328,10,78.4 ov,Leicestershire,312/10 (78.5 ov),312,10,78.5 ov,No,Lancashire,247/6d (71.0 ov),247,6,71.0 ov,Leicestershire,143/10 (51.0 ov),143,10,51.0 ov,1030,36,Lancashire 328 & 247 - Leicestershire 312 & 143/10,Win,Lancashire,Leicestershire,93 runs,93,runs,,"Leicestershire: NE Briers 75, P Willey 82 & 3 wkts | Lancashire: ID Austin 35 & 3 wkts, CH Lloyd 95","Grace Road, Leicester",Leicester,B Meyer; DJ Shepherd,"Lancashire defeated Leicestershire by 93 runs at Grace Road, Leicester (Leicester).",Wisden Cricketers' Almanack / England and Wales Cricket Board Official Archive
57,CCH_1981_057,1981,1981,County Championship,Single Division,Single Division,Round 7,1981-06-03,1981-06-03,1981-06-05,3,Hampshire,Somerset,Hampshire,Somerset,Somerset,bat,Somerset,Hampshire,Somerset,490/8d (144.3 ov),490,8,144.3 ov,Hampshire,223/10 (60.5 ov),223,10,60.5 ov,Yes,Hampshire,223/10 (58.0 ov),223,10,58.0 ov,,,,,,936,28,Somerset 490/8d - Hampshire 223 & 223,Win,Somerset,Hampshire,innings and 44 runs,44,innings and runs,,"Hampshire: CA Connor 20 & 4 wkts, MCJ Nicholas 72 | Somerset: IV Richards 135 & 1 wkts, J Garner 15 & 5 wkts","County Ground, Northlands Road, Southampton",Southampton,R Julian; DJ Shepherd,"Somerset defeated Hampshire by innings and 44 runs at County Ground, Northlands Road, Southampton (Southampton).",Wisden Cricketers' Almanack / England and Wales Cricket Board Official Archive
58,CCH_1981_058,1981,1981,County Championship,Single Division,Single Division,Round 7,1981-06-03,1981-06-03,1981-06-05,3,Warwickshire,Gloucestershire,Warwickshire,Gloucestershire,Gloucestershire,bat,Gloucestershire,Warwickshire,Gloucestershire,252/10 (85.3 ov),252,10,85.3 ov,Warwickshire,218/10 (101.5 ov),218,10,101.5 ov,No,Gloucestershire,250/4d (59.0 ov),250,4,59.0 ov,Warwickshire,195/10 (63.4 ov),195,10,63.4 ov,915,34,Gloucestershire 252 & 250 - Warwickshire 218 & 195/10,Win,Gloucestershire,Warwickshire,50 runs,50,runs,,"Warwickshire: GC Small 22 & 5 wkts, DL Amiss 95 | Gloucestershire: DA Graveney 45 & 3 wkts, CA Walsh 15 & 6 wkts","Edgbaston, Birmingham",Birmingham,DJ Shepherd; G Sharp,"Gloucestershire defeated Warwickshire by 50 runs at Edgbaston, Birmingham (Birmingham).",Wisden Cricketers' Almanack / England and Wales Cricket Board Official Archive
59,CCH_1981_059,1981,1981,County Championship,Single Division,Single Division,Round 7,1981-06-03,1981-06-03,1981-06-05,3,Kent,Leicestershire,Kent,Leicestershire,Leicestershire,bat,Leicestershire,Kent,Leicestershire,357/7d (98.1 ov),357,7,98.1 ov,Kent,408/10 (111.5 ov),408,10,111.5 ov,No,Leicestershire,268/5d (51.5 ov),268,5,51.5 ov,Kent,171/4 (50.2 ov),171,4,50.2 ov,1204,26,Leicestershire 357/7d & 268/5d - Kent 408/10 & 171/4,Draw,Draw,None,Draw,,draw,,"Kent: NR Taylor 90, GR Dilley 25 & 5 wkts | Leicestershire: DI Gower 125, LES Taylor 12 & 5 wkts","Crabble Athletic Ground, Dover",Dover,DJ Shepherd; P Willey,"Match drawn between Kent and Leicestershire at Crabble Athletic Ground, Dover (Dover).",Wisden Cricketers' Almanack / England and Wales Cricket Board Official Archive
60,CCH_1981_060,1981,1981,County Championship,Single Division,Single Division,Round 7,1981-06-03,1981-06-03,1981-06-05,3,Gloucestershire,Glamorgan,Gloucestershire,Glamorgan,Glamorgan,bat,Glamorgan,Gloucestershire,Glamorgan,336/8d (99.2 ov),336,8,99.2 ov,Gloucestershire,361/8d (91.0 ov),361,8,91.0 ov,No,Glamorgan,290/6d (77.1 ov),290,6,77.1 ov,Gloucestershire,156/8 (73.1 ov),156,8,73.1 ov,1143,30,Glamorgan 336/8d & 290/6d - Gloucestershire 361/8d & 156/8,Draw,Draw,None,Draw,,draw,,"Gloucestershire: CWJ Athey 88, CA Walsh 15 & 6 wkts | Glamorgan: MD Maynard 98, RC Ontong 55 & 3 wkts","County Ground, Bristol",Bristol,D Oslear; P Willey,"Match drawn between Gloucestershire and Glamorgan at County Ground, Bristol (Bristol).",Wisden Cricketers' Almanack / England and Wales Cricket Board Official Archive
61,CCH_1981_061,1981,1981,County Championship,Single Division,Single Division,Round 7,1981-06-03,1981-06-03,1981-06-05,3,Warwickshire,Glamorgan,Warwickshire,Glamorgan,Warwickshire,field,Glamorgan,Warwickshire,Glamorgan,265/10 (76.2 ov),265,10,76.2 ov,Warwickshire,273/10 (83.5 ov),273,10,83.5 ov,No,Glamorgan,183/4d (74.0 ov),183,4,74.0 ov,Warwickshire,188/10 (51.0 ov),188,10,51.0 ov,909,34,Glamorgan 265 & 183 - Warwickshire 273 & 188/10,Win,Glamorgan,Warwickshire,39 runs,39,runs,,"Warwickshire: GC Small 22 & 5 wkts, DL Amiss 95 | Glamorgan: H Morris 85, MD Maynard 98","Edgbaston, Birmingham",Birmingham,AG Whitehead; R Julian,"Glamorgan defeated Warwickshire by 39 runs at Edgbaston, Birmingham (Birmingham).",Wisden Cricketers' Almanack / England and Wales Cricket Board Official Archive
62,CCH_1981_062,1981,1981,County Championship,Single Division,Single Division,Round 7,1981-06-03,1981-06-03,1981-06-05,3,Glamorgan,Northamptonshire,Glamorgan,Northamptonshire,Glamorgan,bat,Glamorgan,Northamptonshire,Glamorgan,206/10 (62.0 ov),206,10,62.0 ov,Northamptonshire,411/8 (117.5 ov),411,8,117.5 ov,Yes,Glamorgan,167/10 (69.2 ov),167,10,69.2 ov,,,,,,784,28,Glamorgan 206 & 167 - Northamptonshire 411/8d,Win,Northamptonshire,Glamorgan,innings and 38 runs,38,innings and runs,,"Glamorgan: RC Ontong 55 & 3 wkts, H Morris 85 | Northamptonshire: Kapil Dev 75 & 4 wkts, W Larkins 98","St Helen's, Swansea",Swansea,R Palmer; AG Whitehead,"Northamptonshire defeated Glamorgan by innings and 38 runs at St Helen's, Swansea (Swansea).",Wisden Cricketers' Almanack / England and Wales Cricket Board Official Archive
63,CCH_1981_063,1981,1981,County Championship,Single Division,Single Division,Round 7,1981-06-03,1981-06-03,1981-06-05,3,Worcestershire,Essex,Worcestershire,Essex,Worcestershire,bat,Worcestershire,Essex,Worcestershire,333/10 (88.0 ov),333,10,88.0 ov,Essex,315/10 (91.4 ov),315,10,91.4 ov,No,Worcestershire,225/10 (87.3 ov),225,10,87.3 ov,Essex,245/4 (57.1 ov),245,4,57.1 ov,1118,34,Worcestershire 333 & 225 - Essex 315 & 245/4,Win,Essex,Worcestershire,6 wickets,6,wickets,,"Worcestershire: IT Botham 82 & 3 wkts, NV Radford 20 & 5 wkts | Essex: NA Foster 25 & 5 wkts, PJ Prichard 78","New Road, Worcester",Worcester,JW Holder; G Sharp,"Essex defeated Worcestershire by 6 wickets at New Road, Worcester (Worcester).",Wisden Cricketers' Almanack / England and Wales Cricket Board Official Archive
64,CCH_1981_064,1981,1981,County Championship,Single Division,Single Division,Round 8,1981-06-09,1981-06-09,1981-06-11,3,Sussex,Middlesex,Sussex,Middlesex,Sussex,bat,Sussex,Middlesex,Sussex,265/10 (94.3 ov),265,10,94.3 ov,Middlesex,254/10 (97.3 ov),254,10,97.3 ov,No,Sussex,266/10 (65.2 ov),266,10,65.2 ov,Middlesex,279/3 (64.3 ov),279,3,64.3 ov,1064,33,Sussex 265 & 266 - Middlesex 254 & 279/3,Win,Middlesex,Sussex,7 wickets,7,wickets,,"Sussex: Imran Khan 92 & 5 wkts, CM Wells 84 & 2 wkts | Middlesex: PH Edmonds 28 & 4 wkts, WW Daniel 15 & 5 wkts","Arundel Castle Cricket Ground, Arundel",Arundel,G Sharp; JW Holder,"Middlesex defeated Sussex by 7 wickets at Arundel Castle Cricket Ground, Arundel (Arundel).",Wisden Cricketers' Almanack / England and Wales Cricket Board Official Archive
65,CCH_1981_065,1981,1981,County Championship,Single Division,Single Division,Round 8,1981-06-09,1981-06-09,1981-06-11,3,Glamorgan,Somerset,Glamorgan,Somerset,Glamorgan,bat,Glamorgan,Somerset,Glamorgan,205/10 (51.4 ov),205,10,51.4 ov,Somerset,494/10 (119.0 ov),494,10,119.0 ov,Yes,Glamorgan,193/10 (58.3 ov),193,10,58.3 ov,,,,,,892,30,Glamorgan 205 & 193 - Somerset 494/10,Win,Somerset,Glamorgan,innings and 96 runs,96,innings and runs,,"Glamorgan: SP Watkin 18 & 4 wkts, RC Ontong 55 & 3 wkts | Somerset: IT Botham 88 & 4 wkts, PM Roebuck 78","St Helen's, Swansea",Swansea,B Meyer; P Willey,"Somerset defeated Glamorgan by innings and 96 runs at St Helen's, Swansea (Swansea).",Wisden Cricketers' Almanack / England and Wales Cricket Board Official Archive
66,CCH_1981_066,1981,1981,County Championship,Single Division,Single Division,Round 8,1981-06-09,1981-06-09,1981-06-11,3,Derbyshire,Glamorgan,Derbyshire,Glamorgan,Glamorgan,field,Derbyshire,Glamorgan,Derbyshire,379/9d (122.5 ov),379,9,122.5 ov,Glamorgan,361/8 (111.1 ov),361,8,111.1 ov,No,Derbyshire,251/7d (76.1 ov),251,7,76.1 ov,Glamorgan,227/8 (75.2 ov),227,8,75.2 ov,1218,32,Derbyshire 379/9d & 251/7d - Glamorgan 361/8 & 227/8,Draw,Draw,None,Draw,,draw,,"Derbyshire: KJ Barnett 94 & 1 wkts, DG Cork 45 & 4 wkts | Glamorgan: SP Watkin 18 & 4 wkts, H Morris 85","County Ground, Derby",Derby,D Oslear; AG Whitehead,"Match drawn between Derbyshire and Glamorgan at County Ground, Derby (Derby).",Wisden Cricketers' Almanack / England and Wales Cricket Board Official Archive
67,CCH_1981_067,1981,1981,County Championship,Single Division,Single Division,Round 8,1981-06-09,1981-06-09,1981-06-11,3,Lancashire,Essex,Lancashire,Essex,Essex,bat,Essex,Lancashire,Essex,337/10 (102.5 ov),337,10,102.5 ov,Lancashire,386/10 (101.1 ov),386,10,101.1 ov,No,Essex,260/5d (65.0 ov),260,5,65.0 ov,Lancashire,157/10 (56.5 ov),157,10,56.5 ov,1140,35,Essex 337 & 260 - Lancashire 386 & 157/10,Win,Essex,Lancashire,61 runs,61,runs,,"Lancashire: ID Austin 35 & 3 wkts, PJW Allott 22 & 4 wkts | Essex: AR Border 115 & 1 wkts, GA Gooch 142 & 1 wkts","Stanley Park, Blackpool",Blackpool,R Julian; G Sharp,"Essex defeated Lancashire by 61 runs at Stanley Park, Blackpool (Blackpool).",Wisden Cricketers' Almanack / England and Wales Cricket Board Official Archive
68,CCH_1981_068,1981,1981,County Championship,Single Division,Single Division,Round 8,1981-06-09,1981-06-09,1981-06-11,3,Essex,Yorkshire,Essex,Yorkshire,Yorkshire,field,Essex,Yorkshire,Essex,295/10 (93.3 ov),295,10,93.3 ov,Yorkshire,330/10 (90.4 ov),330,10,90.4 ov,No,Essex,257/4d (68.0 ov),257,4,68.0 ov,Yorkshire,146/10 (61.1 ov),146,10,61.1 ov,1028,34,Essex 295 & 257 - Yorkshire 330 & 146/10,Win,Essex,Yorkshire,89 runs,89,runs,,"Essex: PJ Prichard 78, AR Border 115 & 1 wkts | Yorkshire: A Sidebottom 22 & 4 wkts, G Boycott 115","County Ground, Chelmsford",Chelmsford,DJ Shepherd; R Palmer,"Essex defeated Yorkshire by 89 runs at County Ground, Chelmsford (Chelmsford).",Wisden Cricketers' Almanack / England and Wales Cricket Board Official Archive
69,CCH_1981_069,1981,1981,County Championship,Single Division,Single Division,Round 8,1981-06-09,1981-06-09,1981-06-11,3,Northamptonshire,Yorkshire,Northamptonshire,Yorkshire,Northamptonshire,bat,Northamptonshire,Yorkshire,Northamptonshire,437/7d (125.1 ov),437,7,125.1 ov,Yorkshire,377/7 (120.5 ov),377,7,120.5 ov,No,Northamptonshire,201/3d (56.2 ov),201,3,56.2 ov,Yorkshire,198/7 (67.3 ov),198,7,67.3 ov,1213,24,Northamptonshire 437/7d & 201/3d - Yorkshire 377/7 & 198/7,Draw,Draw,None,Draw,,draw,,"Northamptonshire: DJ Capel 62 & 3 wkts, W Larkins 98 | Yorkshire: PE Carrick 35 & 3 wkts, MD Moxon 96","County Ground, Northampton",Northampton,R Julian; D Oslear,"Match drawn between Northamptonshire and Yorkshire at County Ground, Northampton (Northampton).",Wisden Cricketers' Almanack / England and Wales Cricket Board Official Archive
70,CCH_1981_070,1981,1981,County Championship,Single Division,Single Division,Round 8,1981-06-09,1981-06-09,1981-06-11,3,Gloucestershire,Middlesex,Gloucestershire,Middlesex,Gloucestershire,bat,Gloucestershire,Middlesex,Gloucestershire,190/10 (75.1 ov),190,10,75.1 ov,Middlesex,456/9 (135.3 ov),456,9,135.3 ov,Yes,Gloucestershire,215/10 (62.1 ov),215,10,62.1 ov,,,,,,861,29,Gloucestershire 190 & 215 - Middlesex 456/9d,Win,Middlesex,Gloucestershire,innings and 51 runs,51,innings and runs,,"Gloucestershire: DA Graveney 45 & 3 wkts, KM Curran 74 & 3 wkts | Middlesex: PH Edmonds 28 & 4 wkts, JE Emburey 45 & 4 wkts","College Ground, Cheltenham",Cheltenham,P Willey; AG Whitehead,"Middlesex defeated Gloucestershire by innings and 51 runs at College Ground, Cheltenham (Cheltenham).",Wisden Cricketers' Almanack / England and Wales Cricket Board Official Archive
71,CCH_1981_071,1981,1981,County Championship,Single Division,Single Division,Round 8,1981-06-09,1981-06-09,1981-06-11,3,Yorkshire,Gloucestershire,Yorkshire,Gloucestershire,Gloucestershire,field,Yorkshire,Gloucestershire,Yorkshire,216/10 (53.3 ov),216,10,53.3 ov,Gloucestershire,412/9 (110.1 ov),412,9,110.1 ov,Yes,Yorkshire,157/10 (62.4 ov),157,10,62.4 ov,,,,,,785,29,Yorkshire 216 & 157 - Gloucestershire 412/9d,Win,Gloucestershire,Yorkshire,innings and 39 runs,39,innings and runs,,"Yorkshire: G Boycott 115, MD Moxon 96 | Gloucestershire: P Bainbridge 62 & 2 wkts, KM Curran 74 & 3 wkts","North Marine Road Ground, Scarborough",Scarborough,R Julian; DJ Shepherd,"Gloucestershire defeated Yorkshire by innings and 39 runs at North Marine Road Ground, Scarborough (Scarborough).",Wisden Cricketers' Almanack / England and Wales Cricket Board Official Archive
72,CCH_1981_072,1981,1981,County Championship,Single Division,Single Division,Round 8,1981-06-09,1981-06-09,1981-06-11,3,Derbyshire,Middlesex,Derbyshire,Middlesex,Middlesex,bat,Middlesex,Derbyshire,Middlesex,332/10 (121.3 ov),332,10,121.3 ov,Derbyshire,286/10 (125.1 ov),286,10,125.1 ov,No,Middlesex,207/5d (64.4 ov),207,5,64.4 ov,Derbyshire,144/3 (46.3 ov),144,3,46.3 ov,969,28,Middlesex 332/10 & 207/5d - Derbyshire 286/10 & 144/3,Draw,Draw,None,Draw,,draw,,"Derbyshire: OH Mortensen 15 & 4 wkts, JG Wright 108 | Middlesex: MW Gatting 120 & 1 wkts, PH Edmonds 28 & 4 wkts","County Ground, Derby",Derby,D Oslear; G Sharp,"Match drawn between Derbyshire and Middlesex at County Ground, Derby (Derby).",Wisden Cricketers' Almanack / England and Wales Cricket Board Official Archive
73,CCH_1981_073,1981,1981,County Championship,Single Division,Single Division,Round 9,1981-06-15,1981-06-15,1981-06-17,3,Lancashire,Somerset,Lancashire,Somerset,Lancashire,bat,Lancashire,Somerset,Lancashire,240/10 (81.1 ov),240,10,81.1 ov,Somerset,229/10 (92.2 ov),229,10,92.2 ov,No,Lancashire,207/7d (68.0 ov),207,7,68.0 ov,Somerset,193/10 (65.5 ov),193,10,65.5 ov,869,37,Lancashire 240 & 207 - Somerset 229 & 193/10,Win,Lancashire,Somerset,51 runs,51,runs,,"Lancashire: CH Lloyd 95, Wasim Akram 45 & 5 wkts | Somerset: IV Richards 135 & 1 wkts, PM Roebuck 78","Trafalgar Road, Southport",Southport,AG Whitehead; R Julian,"Lancashire defeated Somerset by 51 runs at Trafalgar Road, Southport (Southport).",Wisden Cricketers' Almanack / England and Wales Cricket Board Official Archive
74,CCH_1981_074,1981,1981,County Championship,Single Division,Single Division,Round 9,1981-06-15,1981-06-15,1981-06-17,3,Middlesex,Nottinghamshire,Middlesex,Nottinghamshire,Middlesex,field,Nottinghamshire,Middlesex,Nottinghamshire,376/10 (99.1 ov),376,10,99.1 ov,Middlesex,209/10 (72.2 ov),209,10,72.2 ov,No,Nottinghamshire,249/5d (58.3 ov),249,5,58.3 ov,Middlesex,288/10 (50.2 ov),288,10,50.2 ov,1122,35,Nottinghamshire 376 & 249d - Middlesex 209 & 288,Win,Middlesex,Nottinghamshire,129 runs,129,runs,,"Middlesex: JE Emburey 45 & 4 wkts, DL Haynes 112 | Nottinghamshire: CEB Rice 92 & 4 wkts, RJ Hadlee 55 & 6 wkts","Lord's Cricket Ground, London",London,HD Bird; P Willey,"Middlesex defeated Nottinghamshire by 129 runs at Lord's Cricket Ground, London (London).",Wisden Cricketers' Almanack / England and Wales Cricket Board Official Archive
75,CCH_1981_075,1981,1981,County Championship,Single Division,Single Division,Round 9,1981-06-15,1981-06-15,1981-06-17,3,Hampshire,Middlesex,Hampshire,Middlesex,Middlesex,field,Hampshire,Middlesex,Hampshire,258/10 (103.0 ov),258,10,103.0 ov,Middlesex,210/10 (77.2 ov),210,10,77.2 ov,No,Hampshire,198/5d (85.1 ov),198,5,85.1 ov,Middlesex,126/10 (66.4 ov),126,10,66.4 ov,792,35,Hampshire 258 & 198d - Middlesex 210 & 126,Win,Hampshire,Middlesex,121 runs,121,runs,,"Hampshire: CA Connor 20 & 4 wkts, DI Gower 105 | Middlesex: DL Haynes 112, MW Gatting 120 & 1 wkts","May's Bounty, Basingstoke",Basingstoke,G Sharp; AG Whitehead,"Hampshire defeated Middlesex by 121 runs at May's Bounty, Basingstoke (Basingstoke).",Wisden Cricketers' Almanack / England and Wales Cricket Board Official Archive
76,CCH_1981_076,1981,1981,County Championship,Single Division,Single Division,Round 9,1981-06-15,1981-06-15,1981-06-17,3,Middlesex,Glamorgan,Middlesex,Glamorgan,Middlesex,bat,Middlesex,Glamorgan,Middlesex,502/9d (116.3 ov),502,9,116.3 ov,Glamorgan,240/10 (73.0 ov),240,10,73.0 ov,Yes,Glamorgan,240/10 (61.4 ov),240,10,61.4 ov,,,,,,982,29,Middlesex 502/9d - Glamorgan 240 & 240,Win,Middlesex,Glamorgan,innings and 22 runs,22,innings and runs,,"Middlesex: JE Emburey 45 & 4 wkts, PH Edmonds 28 & 4 wkts | Glamorgan: MD Maynard 98, GC Holmes 72","Uxbridge Cricket Club Ground, Uxbridge",Uxbridge,HD Bird; DJ Shepherd,"Middlesex defeated Glamorgan by innings and 22 runs at Uxbridge Cricket Club Ground, Uxbridge (Uxbridge).",Wisden Cricketers' Almanack / England and Wales Cricket Board Official Archive
77,CCH_1981_077,1981,1981,County Championship,Single Division,Single Division,Round 9,1981-06-15,1981-06-15,1981-06-17,3,Warwickshire,Derbyshire,Warwickshire,Derbyshire,Derbyshire,bat,Derbyshire,Warwickshire,Derbyshire,329/10 (109.0 ov),329,10,109.0 ov,Warwickshire,234/10 (79.3 ov),234,10,79.3 ov,No,Derbyshire,265/5d (60.4 ov),265,5,60.4 ov,Warwickshire,318/10 (85.5 ov),318,10,85.5 ov,1146,35,Derbyshire 329 & 265d - Warwickshire 234 & 318,Win,Derbyshire,Warwickshire,43 runs,43,runs,,"Warwickshire: AI Kallicharran 122, DL Amiss 95 | Derbyshire: OH Mortensen 15 & 4 wkts, DG Cork 45 & 4 wkts","Edgbaston, Birmingham",Birmingham,AG Whitehead; DJ Shepherd,"Derbyshire defeated Warwickshire by 43 runs at Edgbaston, Birmingham (Birmingham).",Wisden Cricketers' Almanack / England and Wales Cricket Board Official Archive
78,CCH_1981_078,1981,1981,County Championship,Single Division,Single Division,Round 9,1981-06-15,1981-06-15,1981-06-17,3,Warwickshire,Middlesex,Warwickshire,Middlesex,Middlesex,bat,Middlesex,Warwickshire,Middlesex,434/6d (108.3 ov),434,6,108.3 ov,Warwickshire,401/9 (121.3 ov),401,9,121.3 ov,No,Middlesex,217/6d (62.4 ov),217,6,62.4 ov,Warwickshire,139/4 (75.0 ov),139,4,75.0 ov,1191,25,Middlesex 434/6d & 217/6d - Warwickshire 401/9 & 139/4,Draw,Draw,None,Draw,,draw,,"Warwickshire: GC Small 22 & 5 wkts, AI Kallicharran 122 | Middlesex: PH Edmonds 28 & 4 wkts, MW Gatting 120 & 1 wkts","Edgbaston, Birmingham",Birmingham,P Willey; MW Kitchen,"Match drawn between Warwickshire and Middlesex at Edgbaston, Birmingham (Birmingham).",Wisden Cricketers' Almanack / England and Wales Cricket Board Official Archive
79,CCH_1981_079,1981,1981,County Championship,Single Division,Single Division,Round 9,1981-06-15,1981-06-15,1981-06-17,3,Essex,Surrey,Essex,Surrey,Surrey,bat,Surrey,Essex,Surrey,348/6d (117.2 ov),348,6,117.2 ov,Essex,292/7 (105.0 ov),292,7,105.0 ov,No,Surrey,222/4d (71.0 ov),222,4,71.0 ov,Essex,182/7 (67.5 ov),182,7,67.5 ov,1044,24,Surrey 348/6d & 222/4d - Essex 292/7 & 182/7,Draw,Draw,None,Draw,,draw,,"Essex: NA Foster 25 & 5 wkts, DR Pringle 65 & 3 wkts | Surrey: AJ Stewart 94, MP Bicknell 25 & 4 wkts","County Ground, Chelmsford",Chelmsford,R Palmer; DJ Shepherd,"Match drawn between Essex and Surrey at County Ground, Chelmsford (Chelmsford).",Wisden Cricketers' Almanack / England and Wales Cricket Board Official Archive
80,CCH_1981_080,1981,1981,County Championship,Single Division,Single Division,Round 9,1981-06-15,1981-06-15,1981-06-17,3,Essex,Hampshire,Essex,Hampshire,Essex,field,Hampshire,Essex,Hampshire,354/9d (114.0 ov),354,9,114.0 ov,Essex,280/8 (113.2 ov),280,8,113.2 ov,No,Hampshire,242/8 (54.5 ov),242,8,54.5 ov,Essex,189/7 (74.4 ov),189,7,74.4 ov,1065,32,Hampshire 354/9d & 242/8 - Essex 280/8 & 189/7,Draw,Draw,None,Draw,,draw,,"Essex: PJ Prichard 78, DR Pringle 65 & 3 wkts | Hampshire: MCJ Nicholas 72, CA Connor 20 & 4 wkts","Garon Park, Southend-on-Sea",Southend-on-Sea,JW Holder; AG Whitehead,"Match drawn between Essex and Hampshire at Garon Park, Southend-on-Sea (Southend-on-Sea).",Wisden Cricketers' Almanack / England and Wales Cricket Board Official Archive
81,CCH_1981_081,1981,1981,County Championship,Single Division,Single Division,Round 9,1981-06-15,1981-06-15,1981-06-17,3,Sussex,Kent,Sussex,Kent,Kent,bat,Kent,Sussex,Kent,366/6d (96.2 ov),366,6,96.2 ov,Sussex,307/9 (117.3 ov),307,9,117.3 ov,No,Kent,224/8 (75.1 ov),224,8,75.1 ov,Sussex,176/5 (72.2 ov),176,5,72.2 ov,1073,28,Kent 366/6d & 224/8 - Sussex 307/9 & 176/5,Draw,Draw,None,Draw,,draw,,"Sussex: Imran Khan 92 & 5 wkts, AM Pigott 20 & 4 wkts | Kent: GR Dilley 25 & 5 wkts, RM Ellison 42 & 4 wkts","County Ground, Hove",Hove,D Oslear; MW Kitchen,"Match drawn between Sussex and Kent at County Ground, Hove (Hove).",Wisden Cricketers' Almanack / England and Wales Cricket Board Official Archive
82,CCH_1981_082,1981,1981,County Championship,Single Division,Single Division,Round 10,1981-06-21,1981-06-21,1981-06-23,3,Worcestershire,Northamptonshire,Worcestershire,Northamptonshire,Northamptonshire,bat,Northamptonshire,Worcestershire,Northamptonshire,313/10 (75.2 ov),313,10,75.2 ov,Worcestershire,321/10 (75.3 ov),321,10,75.3 ov,No,Northamptonshire,162/10 (62.0 ov),162,10,62.0 ov,Worcestershire,157/2 (57.0 ov),157,2,57.0 ov,953,32,Northamptonshire 313 & 162 - Worcestershire 321 & 157/2,Win,Worcestershire,Northamptonshire,8 wickets,8,wickets,,"Worcestershire: RK Illingworth 38 & 3 wkts, NV Radford 20 & 5 wkts | Northamptonshire: Kapil Dev 75 & 4 wkts, W Larkins 98","New Road, Worcester",Worcester,HD Bird; R Palmer,"Worcestershire defeated Northamptonshire by 8 wickets at New Road, Worcester (Worcester).",Wisden Cricketers' Almanack / England and Wales Cricket Board Official Archive
83,CCH_1981_083,1981,1981,County Championship,Single Division,Single Division,Round 10,1981-06-21,1981-06-21,1981-06-23,3,Leicestershire,Warwickshire,Leicestershire,Warwickshire,Leicestershire,field,Warwickshire,Leicestershire,Warwickshire,221/10 (75.5 ov),221,10,75.5 ov,Leicestershire,233/10 (101.4 ov),233,10,101.4 ov,No,Warwickshire,236/10 (63.5 ov),236,10,63.5 ov,Leicestershire,227/7 (46.3 ov),227,7,46.3 ov,917,37,Warwickshire 221 & 236 - Leicestershire 233 & 227/7,Win,Leicestershire,Warwickshire,3 wickets,3,wickets,,"Leicestershire: DI Gower 125, LES Taylor 12 & 5 wkts | Warwickshire: DA Reeve 65 & 3 wkts, DL Amiss 95","Grace Road, Leicester",Leicester,R Julian; D Oslear,"Leicestershire defeated Warwickshire by 3 wickets at Grace Road, Leicester (Leicester).",Wisden Cricketers' Almanack / England and Wales Cricket Board Official Archive
84,CCH_1981_084,1981,1981,County Championship,Single Division,Single Division,Round 10,1981-06-21,1981-06-21,1981-06-23,3,Glamorgan,Derbyshire,Glamorgan,Derbyshire,Glamorgan,bat,Glamorgan,Derbyshire,Glamorgan,160/10 (54.1 ov),160,10,54.1 ov,Derbyshire,377/8 (115.1 ov),377,8,115.1 ov,Yes,Glamorgan,158/10 (67.1 ov),158,10,67.1 ov,,,,,,695,28,Glamorgan 160 & 158 - Derbyshire 377/8d,Win,Derbyshire,Glamorgan,innings and 59 runs,59,innings and runs,,"Glamorgan: RC Ontong 55 & 3 wkts, SP Watkin 18 & 4 wkts | Derbyshire: MA Holding 22 & 5 wkts, KJ Barnett 94 & 1 wkts","St Helen's, Swansea",Swansea,HD Bird; R Julian,"Derbyshire defeated Glamorgan by innings and 59 runs at St Helen's, Swansea (Swansea).",Wisden Cricketers' Almanack / England and Wales Cricket Board Official Archive
85,CCH_1981_085,1981,1981,County Championship,Single Division,Single Division,Round 10,1981-06-21,1981-06-21,1981-06-23,3,Somerset,Yorkshire,Somerset,Yorkshire,Somerset,bat,Somerset,Yorkshire,Somerset,228/10 (75.2 ov),228,10,75.2 ov,Yorkshire,199/10 (77.5 ov),199,10,77.5 ov,No,Somerset,250/6d (69.0 ov),250,6,69.0 ov,Yorkshire,178/10 (75.0 ov),178,10,75.0 ov,855,36,Somerset 228 & 250 - Yorkshire 199 & 178/10,Win,Somerset,Yorkshire,54 runs,54,runs,,"Somerset: IT Botham 88 & 4 wkts, PM Roebuck 78 | Yorkshire: G Boycott 115, AA Metcalfe 74","Recreation Ground, Bath",Bath,DJ Shepherd; P Willey,"Somerset defeated Yorkshire by 54 runs at Recreation Ground, Bath (Bath).",Wisden Cricketers' Almanack / England and Wales Cricket Board Official Archive
86,CCH_1981_086,1981,1981,County Championship,Single Division,Single Division,Round 10,1981-06-21,1981-06-21,1981-06-23,3,Middlesex,Sussex,Middlesex,Sussex,Middlesex,bat,Middlesex,Sussex,Middlesex,287/10 (85.5 ov),287,10,85.5 ov,Sussex,335/10 (88.1 ov),335,10,88.1 ov,No,Middlesex,180/8d (64.0 ov),180,8,64.0 ov,Sussex,2/10 (73.3 ov),2,10,73.3 ov,804,38,Middlesex 287 & 180d - Sussex 335 & 2,Win,Sussex,Middlesex,131 runs,131,runs,,"Middlesex: WW Daniel 15 & 5 wkts, DL Haynes 112 | Sussex: Imran Khan 92 & 5 wkts, PWG Parker 76","Lord's Cricket Ground, London",London,JW Holder; MW Kitchen,"Sussex defeated Middlesex by 131 runs at Lord's Cricket Ground, London (London).",Wisden Cricketers' Almanack / England and Wales Cricket Board Official Archive
87,CCH_1981_087,1981,1981,County Championship,Single Division,Single Division,Round 10,1981-06-21,1981-06-21,1981-06-23,3,Leicestershire,Middlesex,Leicestershire,Middlesex,Leicestershire,field,Middlesex,Leicestershire,Middlesex,316/8d (101.4 ov),316,8,101.4 ov,Leicestershire,353/9d (105.2 ov),353,9,105.2 ov,No,Middlesex,189/7d (71.1 ov),189,7,71.1 ov,Leicestershire,230/7 (46.5 ov),230,7,46.5 ov,1088,31,Middlesex 316/8d & 189/7d - Leicestershire 353/9d & 230/7,Draw,Draw,None,Draw,,draw,,"Leicestershire: J Agnew 18 & 4 wkts, LES Taylor 12 & 5 wkts | Middlesex: PH Edmonds 28 & 4 wkts, JE Emburey 45 & 4 wkts","Grace Road, Leicester",Leicester,AG Whitehead; MW Kitchen,"Match drawn between Leicestershire and Middlesex at Grace Road, Leicester (Leicester).",Wisden Cricketers' Almanack / England and Wales Cricket Board Official Archive
88,CCH_1981_088,1981,1981,County Championship,Single Division,Single Division,Round 10,1981-06-21,1981-06-21,1981-06-23,3,Hampshire,Surrey,Hampshire,Surrey,Hampshire,bat,Hampshire,Surrey,Hampshire,205/10 (71.4 ov),205,10,71.4 ov,Surrey,520/8 (110.3 ov),520,8,110.3 ov,Yes,Hampshire,218/10 (57.2 ov),218,10,57.2 ov,,,,,,943,28,Hampshire 205 & 218 - Surrey 520/8d,Win,Surrey,Hampshire,innings and 97 runs,97,innings and runs,,"Hampshire: CG Greenidge 118, MCJ Nicholas 72 | Surrey: MP Bicknell 25 & 4 wkts, ST Clarke 18 & 6 wkts","County Ground, Northlands Road, Southampton",Southampton,R Julian; HD Bird,"Surrey defeated Hampshire by innings and 97 runs at County Ground, Northlands Road, Southampton (Southampton).",Wisden Cricketers' Almanack / England and Wales Cricket Board Official Archive
89,CCH_1981_089,1981,1981,County Championship,Single Division,Single Division,Round 10,1981-06-21,1981-06-21,1981-06-23,3,Nottinghamshire,Lancashire,Nottinghamshire,Lancashire,Nottinghamshire,bat,Nottinghamshire,Lancashire,Nottinghamshire,314/10 (109.1 ov),314,10,109.1 ov,Lancashire,303/10 (89.4 ov),303,10,89.4 ov,No,Nottinghamshire,181/7d (81.2 ov),181,7,81.2 ov,Lancashire,62/10 (85.2 ov),62,10,85.2 ov,860,37,Nottinghamshire 314 & 181d - Lancashire 303 & 62,Win,Lancashire,Nottinghamshire,131 runs,131,runs,,"Nottinghamshire: BN French 45, DW Randall 85 | Lancashire: CH Lloyd 95, Wasim Akram 45 & 5 wkts","Trent Bridge, Nottingham",Nottingham,MW Kitchen; G Sharp,"Lancashire defeated Nottinghamshire by 131 runs at Trent Bridge, Nottingham (Nottingham).",Wisden Cricketers' Almanack / England and Wales Cricket Board Official Archive
90,CCH_1981_090,1981,1981,County Championship,Single Division,Single Division,Round 10,1981-06-21,1981-06-21,1981-06-23,3,Leicestershire,Nottinghamshire,Leicestershire,Nottinghamshire,Leicestershire,bat,Leicestershire,Nottinghamshire,Leicestershire,310/9d (122.4 ov),310,9,122.4 ov,Nottinghamshire,292/9 (112.1 ov),292,9,112.1 ov,No,Leicestershire,246/7d (84.3 ov),246,7,84.3 ov,Nottinghamshire,131/6 (44.5 ov),131,6,44.5 ov,979,31,Leicestershire 310/9d & 246/7d - Nottinghamshire 292/9 & 131/6,Draw,Draw,None,Draw,,draw,,"Leicestershire: LES Taylor 12 & 5 wkts, J Agnew 18 & 4 wkts | Nottinghamshire: RJ Hadlee 55 & 6 wkts, BN French 45","Grace Road, Leicester",Leicester,R Palmer; G Sharp,"Match drawn between Leicestershire and Nottinghamshire at Grace Road, Leicester (Leicester).",Wisden Cricketers' Almanack / England and Wales Cricket Board Official Archive
91,CCH_1981_091,1981,1981,County Championship,Single Division,Single Division,Round 11,1981-06-27,1981-06-27,1981-06-29,3,Kent,Sussex,Kent,Sussex,Sussex,field,Kent,Sussex,Kent,405/9d (97.0 ov),405,9,97.0 ov,Sussex,382/9 (99.3 ov),382,9,99.3 ov,No,Kent,233/3d (64.3 ov),233,3,64.3 ov,Sussex,214/7 (44.2 ov),214,7,44.2 ov,1234,28,Kent 405/9d & 233/3d - Sussex 382/9 & 214/7,Draw,Draw,None,Draw,,draw,,"Kent: GR Dilley 25 & 5 wkts, NR Taylor 90 | Sussex: PWG Parker 76, Imran Khan 92 & 5 wkts","Crabble Athletic Ground, Dover",Dover,R Julian; HD Bird,"Match drawn between Kent and Sussex at Crabble Athletic Ground, Dover (Dover).",Wisden Cricketers' Almanack / England and Wales Cricket Board Official Archive
92,CCH_1981_092,1981,1981,County Championship,Single Division,Single Division,Round 11,1981-06-27,1981-06-27,1981-06-29,3,Yorkshire,Derbyshire,Yorkshire,Derbyshire,Derbyshire,bat,Derbyshire,Yorkshire,Derbyshire,351/10 (89.2 ov),351,10,89.2 ov,Yorkshire,277/10 (84.3 ov),277,10,84.3 ov,No,Derbyshire,203/7d (80.0 ov),203,7,80.0 ov,Yorkshire,219/10 (84.2 ov),219,10,84.2 ov,1050,37,Derbyshire 351 & 203d - Yorkshire 277 & 219,Win,Yorkshire,Derbyshire,59 runs,59,runs,,"Yorkshire: MD Moxon 96, AA Metcalfe 74 | Derbyshire: KJ Barnett 94 & 1 wkts, OH Mortensen 15 & 4 wkts","Abbeydale Park, Sheffield",Sheffield,D Oslear; B Meyer,"Yorkshire defeated Derbyshire by 59 runs at Abbeydale Park, Sheffield (Sheffield).",Wisden Cricketers' Almanack / England and Wales Cricket Board Official Archive
93,CCH_1981_093,1981,1981,County Championship,Single Division,Single Division,Round 11,1981-06-27,1981-06-27,1981-06-29,3,Sussex,Essex,Sussex,Essex,Essex,bat,Essex,Sussex,Essex,270/10 (94.5 ov),270,10,94.5 ov,Sussex,232/10 (79.0 ov),232,10,79.0 ov,No,Essex,272/7d (65.1 ov),272,7,65.1 ov,Sussex,223/10 (75.4 ov),223,10,75.4 ov,997,37,Essex 270 & 272d - Sussex 232 & 223,Win,Sussex,Essex,88 runs,88,runs,,"Sussex: CM Wells 84 & 2 wkts, GGD Gould 58 | Essex: NA Foster 25 & 5 wkts, DR Pringle 65 & 3 wkts","County Ground, Hove",Hove,G Sharp; R Julian,"Sussex defeated Essex by 88 runs at County Ground, Hove (Hove).",Wisden Cricketers' Almanack / England and Wales Cricket Board Official Archive
94,CCH_1981_094,1981,1981,County Championship,Single Division,Single Division,Round 11,1981-06-27,1981-06-27,1981-06-29,3,Kent,Middlesex,Kent,Middlesex,Kent,bat,Kent,Middlesex,Kent,253/10 (85.2 ov),253,10,85.2 ov,Middlesex,242/10 (81.3 ov),242,10,81.3 ov,No,Kent,187/6d (79.1 ov),187,6,79.1 ov,Middlesex,85/10 (64.5 ov),85,10,64.5 ov,767,36,Kent 253 & 187d - Middlesex 242 & 85,Win,Middlesex,Kent,114 runs,114,runs,,"Kent: MR Benson 78, NR Taylor 90 | Middlesex: JE Emburey 45 & 4 wkts, DL Haynes 112","St Lawrence Ground, Canterbury",Canterbury,JW Holder; G Sharp,"Middlesex defeated Kent by 114 runs at St Lawrence Ground, Canterbury (Canterbury).",Wisden Cricketers' Almanack / England and Wales Cricket Board Official Archive
95,CCH_1981_095,1981,1981,County Championship,Single Division,Single Division,Round 11,1981-06-27,1981-06-27,1981-06-29,3,Derbyshire,Northamptonshire,Derbyshire,Northamptonshire,Derbyshire,field,Northamptonshire,Derbyshire,Northamptonshire,392/10 (103.4 ov),392,10,103.4 ov,Derbyshire,379/8 (92.2 ov),379,8,92.2 ov,No,Northamptonshire,182/4d (77.3 ov),182,4,77.3 ov,Derbyshire,153/8 (45.3 ov),153,8,45.3 ov,1106,30,Northamptonshire 392/10 & 182/4d - Derbyshire 379/8 & 153/8,Draw,Draw,None,Draw,,draw,,"Derbyshire: MA Holding 22 & 5 wkts, KJ Barnett 94 & 1 wkts | Northamptonshire: NGB Cook 18 & 4 wkts, Kapil Dev 75 & 4 wkts","County Ground, Derby",Derby,DJ Shepherd; MW Kitchen,"Match drawn between Derbyshire and Northamptonshire at County Ground, Derby (Derby).",Wisden Cricketers' Almanack / England and Wales Cricket Board Official Archive
96,CCH_1981_096,1981,1981,County Championship,Single Division,Single Division,Round 11,1981-06-27,1981-06-27,1981-06-29,3,Worcestershire,Somerset,Worcestershire,Somerset,Worcestershire,bat,Worcestershire,Somerset,Worcestershire,332/9d (124.4 ov),332,9,124.4 ov,Somerset,325/7 (112.5 ov),325,7,112.5 ov,No,Worcestershire,210/7d (61.3 ov),210,7,61.3 ov,Somerset,178/7 (53.3 ov),178,7,53.3 ov,1045,30,Worcestershire 332/9d & 210/7d - Somerset 325/7 & 178/7,Draw,Draw,None,Draw,,draw,,"Worcestershire: IT Botham 82 & 3 wkts, PA Neale 75 | Somerset: IV Richards 135 & 1 wkts, IT Botham 88 & 4 wkts","New Road, Worcester",Worcester,R Palmer; B Meyer,"Match drawn between Worcestershire and Somerset at New Road, Worcester (Worcester).",Wisden Cricketers' Almanack / England and Wales Cricket Board Official Archive
97,CCH_1981_097,1981,1981,County Championship,Single Division,Single Division,Round 11,1981-06-27,1981-06-27,1981-06-29,3,Sussex,Lancashire,Sussex,Lancashire,Sussex,field,Lancashire,Sussex,Lancashire,297/10 (92.2 ov),297,10,92.2 ov,Sussex,257/10 (86.1 ov),257,10,86.1 ov,No,Lancashire,165/10 (86.0 ov),165,10,86.0 ov,Sussex,206/8 (46.4 ov),206,8,46.4 ov,925,38,Lancashire 297 & 165 - Sussex 257 & 206/8,Win,Sussex,Lancashire,2 wickets,2,wickets,,"Sussex: PWG Parker 76, CM Wells 84 & 2 wkts | Lancashire: ID Austin 35 & 3 wkts, NH Fairbrother 88","County Ground, Hove",Hove,P Willey; B Meyer,"Sussex defeated Lancashire by 2 wickets at County Ground, Hove (Hove).",Wisden Cricketers' Almanack / England and Wales Cricket Board Official Archive
98,CCH_1981_098,1981,1981,County Championship,Single Division,Single Division,Round 11,1981-06-27,1981-06-27,1981-06-29,3,Hampshire,Lancashire,Hampshire,Lancashire,Lancashire,bat,Lancashire,Hampshire,Lancashire,331/10 (98.0 ov),331,10,98.0 ov,Hampshire,294/7 (101.5 ov),294,7,101.5 ov,No,Lancashire,254/8 (71.3 ov),254,8,71.3 ov,Hampshire,142/6 (49.1 ov),142,6,49.1 ov,1021,31,Lancashire 331/10 & 254/8 - Hampshire 294/7 & 142/6,Draw,Draw,None,Draw,,draw,,"Hampshire: MCJ Nicholas 72, MD Marshall 35 & 6 wkts | Lancashire: ID Austin 35 & 3 wkts, Wasim Akram 45 & 5 wkts","County Ground, Northlands Road, Southampton",Southampton,R Palmer; AG Whitehead,"Match drawn between Hampshire and Lancashire at County Ground, Northlands Road, Southampton (Southampton).",Wisden Cricketers' Almanack / England and Wales Cricket Board Official Archive
99,CCH_1981_099,1981,1981,County Championship,Single Division,Single Division,Round 11,1981-06-27,1981-06-27,1981-06-29,3,Yorkshire,Essex,Yorkshire,Essex,Essex,field,Yorkshire,Essex,Yorkshire,256/10 (82.0 ov),256,10,82.0 ov,Essex,252/10 (97.5 ov),252,10,97.5 ov,No,Yorkshire,262/10 (73.1 ov),262,10,73.1 ov,Essex,268/1 (45.3 ov),268,1,45.3 ov,1038,31,Yorkshire 256 & 262 - Essex 252 & 268/1,Win,Essex,Yorkshire,9 wickets,9,wickets,,"Yorkshire: A Sidebottom 22 & 4 wkts, G Boycott 115 | Essex: DR Pringle 65 & 3 wkts, PJ Prichard 78","Abbeydale Park, Sheffield",Sheffield,P Willey; MW Kitchen,"Essex defeated Yorkshire by 9 wickets at Abbeydale Park, Sheffield (Sheffield).",Wisden Cricketers' Almanack / England and Wales Cricket Board Official Archive
100,CCH_1981_100,1981,1981,County Championship,Single Division,Single Division,Round 12,1981-07-03,1981-07-03,1981-07-05,3,Northamptonshire,Somerset,Northamptonshire,Somerset,Somerset,bat,Somerset,Northamptonshire,Somerset,383/7d (123.0 ov),383,7,123.0 ov,Northamptonshire,310/9 (112.1 ov),310,9,112.1 ov,No,Somerset,266/7d (56.0 ov),266,7,56.0 ov,Northamptonshire,215/6 (71.3 ov),215,6,71.3 ov,1174,29,Somerset 383/7d & 266/7d - Northamptonshire 310/9 & 215/6,Draw,Draw,None,Draw,,draw,,"Northamptonshire: AJ Lamb 115, W Larkins 98 | Somerset: IT Botham 88 & 4 wkts, VJ Marks 52 & 3 wkts","County Ground, Northampton",Northampton,R Palmer; G Sharp,"Match drawn between Northamptonshire and Somerset at County Ground, Northampton (Northampton).",Wisden Cricketers' Almanack / England and Wales Cricket Board Official Archive
101,CCH_1981_101,1981,1981,County Championship,Single Division,Single Division,Round 12,1981-07-03,1981-07-03,1981-07-05,3,Gloucestershire,Warwickshire,Gloucestershire,Warwickshire,Warwickshire,bat,Warwickshire,Gloucestershire,Warwickshire,316/10 (105.4 ov),316,10,105.4 ov,Gloucestershire,302/9 (120.4 ov),302,9,120.4 ov,No,Warwickshire,187/6d (54.5 ov),187,6,54.5 ov,Gloucestershire,209/3 (49.1 ov),209,3,49.1 ov,1014,28,Warwickshire 316/10 & 187/6d - Gloucestershire 302/9 & 209/3,Draw,Draw,None,Draw,,draw,,"Gloucestershire: P Bainbridge 62 & 2 wkts, KM Curran 74 & 3 wkts | Warwickshire: TA Munton 18 & 4 wkts, DA Reeve 65 & 3 wkts","County Ground, Bristol",Bristol,DJ Shepherd; P Willey,"Match drawn between Gloucestershire and Warwickshire at County Ground, Bristol (Bristol).",Wisden Cricketers' Almanack / England and Wales Cricket Board Official Archive
102,CCH_1981_102,1981,1981,County Championship,Single Division,Single Division,Round 12,1981-07-03,1981-07-03,1981-07-05,3,Worcestershire,Leicestershire,Worcestershire,Leicestershire,Worcestershire,bat,Worcestershire,Leicestershire,Worcestershire,302/10 (90.1 ov),302,10,90.1 ov,Leicestershire,234/10 (74.1 ov),234,10,74.1 ov,No,Worcestershire,267/8d (58.4 ov),267,8,58.4 ov,Leicestershire,209/10 (72.4 ov),209,10,72.4 ov,1012,38,Worcestershire 302 & 267d - Leicestershire 234 & 209,Win,Leicestershire,Worcestershire,127 runs,127,runs,,"Worcestershire: NV Radford 20 & 5 wkts, PA Neale 75 | Leicestershire: J Agnew 18 & 4 wkts, NE Briers 75","New Road, Worcester",Worcester,DJ Shepherd; D Oslear,"Leicestershire defeated Worcestershire by 127 runs at New Road, Worcester (Worcester).",Wisden Cricketers' Almanack / England and Wales Cricket Board Official Archive
103,CCH_1981_103,1981,1981,County Championship,Single Division,Single Division,Round 12,1981-07-03,1981-07-03,1981-07-05,3,Warwickshire,Hampshire,Warwickshire,Hampshire,Hampshire,bat,Hampshire,Warwickshire,Hampshire,293/10 (102.1 ov),293,10,102.1 ov,Warwickshire,330/10 (94.1 ov),330,10,94.1 ov,No,Hampshire,182/4d (55.0 ov),182,4,55.0 ov,Warwickshire,200/10 (73.1 ov),200,10,73.1 ov,1005,34,Hampshire 293 & 182 - Warwickshire 330 & 200/10,Win,Hampshire,Warwickshire,83 runs,83,runs,,"Warwickshire: TA Munton 18 & 4 wkts, DL Amiss 95 | Hampshire: CG Greenidge 118, MD Marshall 35 & 6 wkts","Edgbaston, Birmingham",Birmingham,B Meyer; JW Holder,"Hampshire defeated Warwickshire by 83 runs at Edgbaston, Birmingham (Birmingham).",Wisden Cricketers' Almanack / England and Wales Cricket Board Official Archive
104,CCH_1981_104,1981,1981,County Championship,Single Division,Single Division,Round 12,1981-07-03,1981-07-03,1981-07-05,3,Derbyshire,Kent,Derbyshire,Kent,Derbyshire,bat,Derbyshire,Kent,Derbyshire,317/10 (94.1 ov),317,10,94.1 ov,Kent,293/10 (105.4 ov),293,10,105.4 ov,No,Derbyshire,251/10 (76.0 ov),251,10,76.0 ov,Kent,279/2 (75.1 ov),279,2,75.1 ov,1140,32,Derbyshire 317 & 251 - Kent 293 & 279/2,Win,Kent,Derbyshire,8 wickets,8,wickets,,"Derbyshire: OH Mortensen 15 & 4 wkts, JG Wright 108 | Kent: NR Taylor 90, GR Dilley 25 & 5 wkts","Queen's Park, Chesterfield",Chesterfield,R Palmer; G Sharp,"Kent defeated Derbyshire by 8 wickets at Queen's Park, Chesterfield (Chesterfield).",Wisden Cricketers' Almanack / England and Wales Cricket Board Official Archive
105,CCH_1981_105,1981,1981,County Championship,Single Division,Single Division,Round 12,1981-07-03,1981-07-03,1981-07-05,3,Gloucestershire,Northamptonshire,Gloucestershire,Northamptonshire,Gloucestershire,bat,Gloucestershire,Northamptonshire,Gloucestershire,387/8d (132.1 ov),387,8,132.1 ov,Northamptonshire,168/10 (77.3 ov),168,10,77.3 ov,Yes,Northamptonshire,169/10 (67.2 ov),169,10,67.2 ov,,,,,,724,28,Gloucestershire 387/8d - Northamptonshire 168 & 169,Win,Gloucestershire,Northamptonshire,innings and 50 runs,50,innings and runs,,"Gloucestershire: DA Graveney 45 & 3 wkts, CWJ Athey 88 | Northamptonshire: AJ Lamb 115, Kapil Dev 75 & 4 wkts","County Ground, Bristol",Bristol,R Palmer; MW Kitchen,"Gloucestershire defeated Northamptonshire by innings and 50 runs at County Ground, Bristol (Bristol).",Wisden Cricketers' Almanack / England and Wales Cricket Board Official Archive
106,CCH_1981_106,1981,1981,County Championship,Single Division,Single Division,Round 12,1981-07-03,1981-07-03,1981-07-05,3,Lancashire,Glamorgan,Lancashire,Glamorgan,Glamorgan,bat,Glamorgan,Lancashire,Glamorgan,276/10 (105.1 ov),276,10,105.1 ov,Lancashire,298/10 (98.5 ov),298,10,98.5 ov,No,Glamorgan,230/6d (67.0 ov),230,6,67.0 ov,Lancashire,179/10 (65.3 ov),179,10,65.3 ov,983,36,Glamorgan 276 & 230 - Lancashire 298 & 179/10,Win,Glamorgan,Lancashire,58 runs,58,runs,,"Lancashire: Wasim Akram 45 & 5 wkts, PJW Allott 22 & 4 wkts | Glamorgan: H Morris 85, GC Holmes 72","Trafalgar Road, Southport",Southport,MW Kitchen; R Julian,"Glamorgan defeated Lancashire by 58 runs at Trafalgar Road, Southport (Southport).",Wisden Cricketers' Almanack / England and Wales Cricket Board Official Archive
107,CCH_1981_107,1981,1981,County Championship,Single Division,Single Division,Round 12,1981-07-03,1981-07-03,1981-07-05,3,Surrey,Nottinghamshire,Surrey,Nottinghamshire,Nottinghamshire,field,Surrey,Nottinghamshire,Surrey,250/10 (75.2 ov),250,10,75.2 ov,Nottinghamshire,262/10 (83.2 ov),262,10,83.2 ov,No,Surrey,160/10 (86.4 ov),160,10,86.4 ov,Nottinghamshire,150/3 (76.3 ov),150,3,76.3 ov,822,33,Surrey 250 & 160 - Nottinghamshire 262 & 150/3,Win,Nottinghamshire,Surrey,7 wickets,7,wickets,,"Surrey: AJ Stewart 94, ST Clarke 18 & 6 wkts | Nottinghamshire: RJ Hadlee 55 & 6 wkts, CEB Rice 92 & 4 wkts","Woodbridge Road, Guildford",Guildford,R Palmer; R Julian,"Nottinghamshire defeated Surrey by 7 wickets at Woodbridge Road, Guildford (Guildford).",Wisden Cricketers' Almanack / England and Wales Cricket Board Official Archive
108,CCH_1981_108,1981,1981,County Championship,Single Division,Single Division,Round 12,1981-07-03,1981-07-03,1981-07-05,3,Yorkshire,Leicestershire,Yorkshire,Leicestershire,Leicestershire,field,Yorkshire,Leicestershire,Yorkshire,376/10 (85.4 ov),376,10,85.4 ov,Leicestershire,259/10 (93.2 ov),259,10,93.2 ov,No,Yorkshire,269/5d (74.3 ov),269,5,74.3 ov,Leicestershire,263/10 (63.2 ov),263,10,63.2 ov,1167,35,Yorkshire 376 & 269d - Leicestershire 259 & 263,Win,Leicestershire,Yorkshire,124 runs,124,runs,,"Yorkshire: G Boycott 115, MD Moxon 96 | Leicestershire: J Agnew 18 & 4 wkts, DI Gower 125","Abbeydale Park, Sheffield",Sheffield,AG Whitehead; D Oslear,"Leicestershire defeated Yorkshire by 124 runs at Abbeydale Park, Sheffield (Sheffield).",Wisden Cricketers' Almanack / England and Wales Cricket Board Official Archive
109,CCH_1981_109,1981,1981,County Championship,Single Division,Single Division,Round 13,1981-07-09,1981-07-09,1981-07-11,3,Kent,Northamptonshire,Kent,Northamptonshire,Northamptonshire,bat,Northamptonshire,Kent,Northamptonshire,405/6d (106.1 ov),405,6,106.1 ov,Kent,330/9 (121.3 ov),330,9,121.3 ov,No,Northamptonshire,250/8 (50.2 ov),250,8,50.2 ov,Kent,174/6 (69.1 ov),174,6,69.1 ov,1159,29,Northamptonshire 405/6d & 250/8 - Kent 330/9 & 174/6,Draw,Draw,None,Draw,,draw,,"Kent: NR Taylor 90, CS Cowdrey 82 | Northamptonshire: DJ Capel 62 & 3 wkts, AJ Lamb 115","Nevill Ground, Royal Tunbridge Wells",Royal Tunbridge Wells,DJ Shepherd; R Julian,"Match drawn between Kent and Northamptonshire at Nevill Ground, Royal Tunbridge Wells (Royal Tunbridge Wells).",Wisden Cricketers' Almanack / England and Wales Cricket Board Official Archive
110,CCH_1981_110,1981,1981,County Championship,Single Division,Single Division,Round 13,1981-07-09,1981-07-09,1981-07-11,3,Derbyshire,Gloucestershire,Derbyshire,Gloucestershire,Derbyshire,bat,Derbyshire,Gloucestershire,Derbyshire,243/10 (84.3 ov),243,10,84.3 ov,Gloucestershire,274/10 (84.1 ov),274,10,84.1 ov,No,Derbyshire,184/10 (88.5 ov),184,10,88.5 ov,Gloucestershire,155/6 (43.4 ov),155,6,43.4 ov,856,36,Derbyshire 243 & 184 - Gloucestershire 274 & 155/6,Win,Gloucestershire,Derbyshire,4 wickets,4,wickets,,"Derbyshire: DG Cork 45 & 4 wkts, OH Mortensen 15 & 4 wkts | Gloucestershire: P Bainbridge 62 & 2 wkts, KM Curran 74 & 3 wkts","Queen's Park, Chesterfield",Chesterfield,G Sharp; DJ Shepherd,"Gloucestershire defeated Derbyshire by 4 wickets at Queen's Park, Chesterfield (Chesterfield).",Wisden Cricketers' Almanack / England and Wales Cricket Board Official Archive
111,CCH_1981_111,1981,1981,County Championship,Single Division,Single Division,Round 13,1981-07-09,1981-07-09,1981-07-11,3,Northamptonshire,Hampshire,Northamptonshire,Hampshire,Northamptonshire,bat,Northamptonshire,Hampshire,Northamptonshire,255/10 (102.4 ov),255,10,102.4 ov,Hampshire,269/10 (87.0 ov),269,10,87.0 ov,No,Northamptonshire,174/10 (64.1 ov),174,10,64.1 ov,Hampshire,162/5 (41.0 ov),162,5,41.0 ov,860,35,Northamptonshire 255 & 174 - Hampshire 269 & 162/5,Win,Hampshire,Northamptonshire,5 wickets,5,wickets,,"Northamptonshire: Kapil Dev 75 & 4 wkts, DJ Capel 62 & 3 wkts | Hampshire: DI Gower 105, CG Greenidge 118","County Ground, Northampton",Northampton,R Julian; AG Whitehead,"Hampshire defeated Northamptonshire by 5 wickets at County Ground, Northampton (Northampton).",Wisden Cricketers' Almanack / England and Wales Cricket Board Official Archive
112,CCH_1981_112,1981,1981,County Championship,Single Division,Single Division,Round 13,1981-07-09,1981-07-09,1981-07-11,3,Yorkshire,Warwickshire,Yorkshire,Warwickshire,Yorkshire,field,Warwickshire,Yorkshire,Warwickshire,477/5d (142.1 ov),477,5,142.1 ov,Yorkshire,202/10 (77.4 ov),202,10,77.4 ov,Yes,Yorkshire,203/10 (74.3 ov),203,10,74.3 ov,,,,,,882,25,Warwickshire 477/5d - Yorkshire 202 & 203,Win,Warwickshire,Yorkshire,innings and 72 runs,72,innings and runs,,"Yorkshire: MD Moxon 96, A Sidebottom 22 & 4 wkts | Warwickshire: AI Kallicharran 122, GC Small 22 & 5 wkts","North Marine Road Ground, Scarborough",Scarborough,P Willey; DJ Shepherd,"Warwickshire defeated Yorkshire by innings and 72 runs at North Marine Road Ground, Scarborough (Scarborough).",Wisden Cricketers' Almanack / England and Wales Cricket Board Official Archive
113,CCH_1981_113,1981,1981,County Championship,Single Division,Single Division,Round 13,1981-07-09,1981-07-09,1981-07-11,3,Surrey,Glamorgan,Surrey,Glamorgan,Glamorgan,bat,Glamorgan,Surrey,Glamorgan,254/10 (75.4 ov),254,10,75.4 ov,Surrey,261/10 (101.2 ov),261,10,101.2 ov,No,Glamorgan,232/10 (63.0 ov),232,10,63.0 ov,Surrey,227/2 (49.2 ov),227,2,49.2 ov,974,32,Glamorgan 254 & 232 - Surrey 261 & 227/2,Win,Surrey,Glamorgan,8 wickets,8,wickets,,"Surrey: MA Lynch 85, AJ Stewart 94 | Glamorgan: MD Maynard 98, GC Holmes 72","Woodbridge Road, Guildford",Guildford,DJ Shepherd; JW Holder,"Surrey defeated Glamorgan by 8 wickets at Woodbridge Road, Guildford (Guildford).",Wisden Cricketers' Almanack / England and Wales Cricket Board Official Archive
114,CCH_1981_114,1981,1981,County Championship,Single Division,Single Division,Round 13,1981-07-09,1981-07-09,1981-07-11,3,Lancashire,Warwickshire,Lancashire,Warwickshire,Lancashire,bat,Lancashire,Warwickshire,Lancashire,394/8d (120.0 ov),394,8,120.0 ov,Warwickshire,401/9d (123.5 ov),401,9,123.5 ov,No,Lancashire,268/8 (53.4 ov),268,8,53.4 ov,Warwickshire,136/4 (73.5 ov),136,4,73.5 ov,1199,29,Lancashire 394/8d & 268/8 - Warwickshire 401/9d & 136/4,Draw,Draw,None,Draw,,draw,,"Lancashire: Wasim Akram 45 & 5 wkts, ID Austin 35 & 3 wkts | Warwickshire: AI Kallicharran 122, TA Munton 18 & 4 wkts","Trafalgar Road, Southport",Southport,JW Holder; HD Bird,"Match drawn between Lancashire and Warwickshire at Trafalgar Road, Southport (Southport).",Wisden Cricketers' Almanack / England and Wales Cricket Board Official Archive
115,CCH_1981_115,1981,1981,County Championship,Single Division,Single Division,Round 13,1981-07-09,1981-07-09,1981-07-11,3,Yorkshire,Kent,Yorkshire,Kent,Kent,bat,Kent,Yorkshire,Kent,191/10 (62.4 ov),191,10,62.4 ov,Yorkshire,433/7 (131.1 ov),433,7,131.1 ov,Yes,Kent,183/10 (60.1 ov),183,10,60.1 ov,,,,,,807,27,Kent 191 & 183 - Yorkshire 433/7d,Win,Yorkshire,Kent,innings and 59 runs,59,innings and runs,,"Yorkshire: AA Metcalfe 74, MD Moxon 96 | Kent: RM Ellison 42 & 4 wkts, NR Taylor 90","Abbeydale Park, Sheffield",Sheffield,P Willey; DJ Shepherd,"Yorkshire defeated Kent by innings and 59 runs at Abbeydale Park, Sheffield (Sheffield).",Wisden Cricketers' Almanack / England and Wales Cricket Board Official Archive
116,CCH_1981_116,1981,1981,County Championship,Single Division,Single Division,Round 13,1981-07-09,1981-07-09,1981-07-11,3,Somerset,Northamptonshire,Somerset,Northamptonshire,Northamptonshire,bat,Northamptonshire,Somerset,Northamptonshire,230/10 (94.5 ov),230,10,94.5 ov,Somerset,191/10 (81.3 ov),191,10,81.3 ov,No,Northamptonshire,226/10 (80.3 ov),226,10,80.3 ov,Somerset,268/5 (68.0 ov),268,5,68.0 ov,915,35,Northamptonshire 230 & 226 - Somerset 191 & 268/5,Win,Somerset,Northamptonshire,5 wickets,5,wickets,,"Somerset: PM Roebuck 78, IV Richards 135 & 1 wkts | Northamptonshire: AJ Lamb 115, NGB Cook 18 & 4 wkts","Recreation Ground, Bath",Bath,MW Kitchen; R Julian,"Somerset defeated Northamptonshire by 5 wickets at Recreation Ground, Bath (Bath).",Wisden Cricketers' Almanack / England and Wales Cricket Board Official Archive
117,CCH_1981_117,1981,1981,County Championship,Single Division,Single Division,Round 13,1981-07-09,1981-07-09,1981-07-11,3,Gloucestershire,Yorkshire,Gloucestershire,Yorkshire,Gloucestershire,field,Yorkshire,Gloucestershire,Yorkshire,336/9d (128.5 ov),336,9,128.5 ov,Gloucestershire,332/10 (96.3 ov),332,10,96.3 ov,No,Yorkshire,191/3d (73.4 ov),191,3,73.4 ov,Gloucestershire,179/6 (73.3 ov),179,6,73.3 ov,1038,28,Yorkshire 336/9d & 191/3d - Gloucestershire 332/10 & 179/6,Draw,Draw,None,Draw,,draw,,"Gloucestershire: KM Curran 74 & 3 wkts, P Bainbridge 62 & 2 wkts | Yorkshire: A Sidebottom 22 & 4 wkts, PE Carrick 35 & 3 wkts","County Ground, Bristol",Bristol,DJ Shepherd; JW Holder,"Match drawn between Gloucestershire and Yorkshire at County Ground, Bristol (Bristol).",Wisden Cricketers' Almanack / England and Wales Cricket Board Official Archive
118,CCH_1981_118,1981,1981,County Championship,Single Division,Single Division,Round 14,1981-07-15,1981-07-15,1981-07-17,3,Surrey,Leicestershire,Surrey,Leicestershire,Leicestershire,bat,Leicestershire,Surrey,Leicestershire,300/10 (85.3 ov),300,10,85.3 ov,Surrey,216/10 (85.0 ov),216,10,85.0 ov,No,Leicestershire,272/7d (82.0 ov),272,7,82.0 ov,Surrey,288/10 (71.4 ov),288,10,71.4 ov,1076,37,Leicestershire 300 & 272d - Surrey 216 & 288,Win,Surrey,Leicestershire,69 runs,69,runs,,"Surrey: AJ Stewart 94, MP Bicknell 25 & 4 wkts | Leicestershire: J Agnew 18 & 4 wkts, DI Gower 125","The Oval, Kennington, London",London,G Sharp; B Meyer,"Surrey defeated Leicestershire by 69 runs at The Oval, Kennington, London (London).",Wisden Cricketers' Almanack / England and Wales Cricket Board Official Archive
119,CCH_1981_119,1981,1981,County Championship,Single Division,Single Division,Round 14,1981-07-15,1981-07-15,1981-07-17,3,Hampshire,Warwickshire,Hampshire,Warwickshire,Warwickshire,bat,Warwickshire,Hampshire,Warwickshire,422/7d (129.2 ov),422,7,129.2 ov,Hampshire,343/9 (105.1 ov),343,9,105.1 ov,No,Warwickshire,254/8 (82.1 ov),254,8,82.1 ov,Hampshire,166/4 (64.3 ov),166,4,64.3 ov,1185,28,Warwickshire 422/7d & 254/8 - Hampshire 343/9 & 166/4,Draw,Draw,None,Draw,,draw,,"Hampshire: MCJ Nicholas 72, CA Connor 20 & 4 wkts | Warwickshire: GC Small 22 & 5 wkts, AI Kallicharran 122","May's Bounty, Basingstoke",Basingstoke,D Oslear; DJ Shepherd,"Match drawn between Hampshire and Warwickshire at May's Bounty, Basingstoke (Basingstoke).",Wisden Cricketers' Almanack / England and Wales Cricket Board Official Archive
120,CCH_1981_120,1981,1981,County Championship,Single Division,Single Division,Round 14,1981-07-15,1981-07-15,1981-07-17,3,Somerset,Essex,Somerset,Essex,Somerset,bat,Somerset,Essex,Somerset,328/10 (88.4 ov),328,10,88.4 ov,Essex,350/10 (88.0 ov),350,10,88.0 ov,No,Somerset,205/4d (59.0 ov),205,4,59.0 ov,Essex,190/10 (66.2 ov),190,10,66.2 ov,1073,34,Somerset 328 & 205 - Essex 350 & 190/10,Win,Somerset,Essex,51 runs,51,runs,,"Somerset: VJ Marks 52 & 3 wkts, J Garner 15 & 5 wkts | Essex: NA Foster 25 & 5 wkts, AR Border 115 & 1 wkts","County Ground, Taunton",Taunton,MW Kitchen; D Oslear,"Somerset defeated Essex by 51 runs at County Ground, Taunton (Taunton).",Wisden Cricketers' Almanack / England and Wales Cricket Board Official Archive
121,CCH_1981_121,1981,1981,County Championship,Single Division,Single Division,Round 14,1981-07-15,1981-07-15,1981-07-17,3,Worcestershire,Derbyshire,Worcestershire,Derbyshire,Derbyshire,bat,Derbyshire,Worcestershire,Derbyshire,262/10 (85.1 ov),262,10,85.1 ov,Worcestershire,288/10 (98.2 ov),288,10,98.2 ov,No,Derbyshire,214/10 (66.1 ov),214,10,66.1 ov,Worcestershire,189/8 (74.3 ov),189,8,74.3 ov,953,38,Derbyshire 262 & 214 - Worcestershire 288 & 189/8,Win,Worcestershire,Derbyshire,2 wickets,2,wickets,,"Worcestershire: RK Illingworth 38 & 3 wkts, NV Radford 20 & 5 wkts | Derbyshire: KJ Barnett 94 & 1 wkts, JG Wright 108","New Road, Worcester",Worcester,HD Bird; R Julian,"Worcestershire defeated Derbyshire by 2 wickets at New Road, Worcester (Worcester).",Wisden Cricketers' Almanack / England and Wales Cricket Board Official Archive
122,CCH_1981_122,1981,1981,County Championship,Single Division,Single Division,Round 14,1981-07-15,1981-07-15,1981-07-17,3,Nottinghamshire,Derbyshire,Nottinghamshire,Derbyshire,Derbyshire,field,Nottinghamshire,Derbyshire,Nottinghamshire,422/8d (140.3 ov),422,8,140.3 ov,Derbyshire,158/10 (69.5 ov),158,10,69.5 ov,Yes,Derbyshire,158/10 (85.0 ov),158,10,85.0 ov,,,,,,738,28,Nottinghamshire 422/8d - Derbyshire 158 & 158,Win,Nottinghamshire,Derbyshire,innings and 106 runs,106,innings and runs,,"Nottinghamshire: RJ Hadlee 55 & 6 wkts, DW Randall 85 | Derbyshire: KJ Barnett 94 & 1 wkts, DG Cork 45 & 4 wkts","Trent Bridge, Nottingham",Nottingham,R Julian; AG Whitehead,"Nottinghamshire defeated Derbyshire by innings and 106 runs at Trent Bridge, Nottingham (Nottingham).",Wisden Cricketers' Almanack / England and Wales Cricket Board Official Archive
123,CCH_1981_123,1981,1981,County Championship,Single Division,Single Division,Round 14,1981-07-15,1981-07-15,1981-07-17,3,Somerset,Surrey,Somerset,Surrey,Surrey,bat,Surrey,Somerset,Surrey,325/6d (123.0 ov),325,6,123.0 ov,Somerset,317/7 (93.1 ov),317,7,93.1 ov,No,Surrey,271/5d (59.1 ov),271,5,59.1 ov,Somerset,167/8 (58.3 ov),167,8,58.3 ov,1080,26,Surrey 325/6d & 271/5d - Somerset 317/7 & 167/8,Draw,Draw,None,Draw,,draw,,"Somerset: PM Roebuck 78, VJ Marks 52 & 3 wkts | Surrey: GP Thorpe 82, MP Bicknell 25 & 4 wkts","County Ground, Taunton",Taunton,P Willey; HD Bird,"Match drawn between Somerset and Surrey at County Ground, Taunton (Taunton).",Wisden Cricketers' Almanack / England and Wales Cricket Board Official Archive
124,CCH_1981_124,1981,1981,County Championship,Single Division,Single Division,Round 14,1981-07-15,1981-07-15,1981-07-17,3,Sussex,Surrey,Sussex,Surrey,Sussex,field,Surrey,Sussex,Surrey,280/10 (101.4 ov),280,10,101.4 ov,Sussex,321/10 (73.3 ov),321,10,73.3 ov,No,Surrey,226/10 (74.3 ov),226,10,74.3 ov,Sussex,59/10 (72.3 ov),59,10,72.3 ov,886,40,Surrey 280 & 226 - Sussex 321 & 59,Win,Sussex,Surrey,127 runs,127,runs,,"Sussex: CM Wells 84 & 2 wkts, Imran Khan 92 & 5 wkts | Surrey: MP Bicknell 25 & 4 wkts, GP Thorpe 82","Arundel Castle Cricket Ground, Arundel",Arundel,MW Kitchen; R Palmer,"Sussex defeated Surrey by 127 runs at Arundel Castle Cricket Ground, Arundel (Arundel).",Wisden Cricketers' Almanack / England and Wales Cricket Board Official Archive
125,CCH_1981_125,1981,1981,County Championship,Single Division,Single Division,Round 14,1981-07-15,1981-07-15,1981-07-17,3,Northamptonshire,Surrey,Northamptonshire,Surrey,Northamptonshire,bat,Northamptonshire,Surrey,Northamptonshire,378/6d (96.4 ov),378,6,96.4 ov,Surrey,373/8 (100.2 ov),373,8,100.2 ov,No,Northamptonshire,197/8 (74.5 ov),197,8,74.5 ov,Surrey,221/5 (52.3 ov),221,5,52.3 ov,1169,27,Northamptonshire 378/6d & 197/8 - Surrey 373/8 & 221/5,Draw,Draw,None,Draw,,draw,,"Northamptonshire: AJ Lamb 115, NGB Cook 18 & 4 wkts | Surrey: AJ Stewart 94, MA Lynch 85","County Ground, Northampton",Northampton,D Oslear; P Willey,"Match drawn between Northamptonshire and Surrey at County Ground, Northampton (Northampton).",Wisden Cricketers' Almanack / England and Wales Cricket Board Official Archive
126,CCH_1981_126,1981,1981,County Championship,Single Division,Single Division,Round 14,1981-07-15,1981-07-15,1981-07-17,3,Kent,Essex,Kent,Essex,Kent,bat,Kent,Essex,Kent,342/10 (96.1 ov),342,10,96.1 ov,Essex,355/10 (78.0 ov),355,10,78.0 ov,No,Kent,202/10 (91.5 ov),202,10,91.5 ov,Essex,190/4 (45.2 ov),190,4,45.2 ov,1089,34,Kent 342 & 202 - Essex 355 & 190/4,Win,Essex,Kent,6 wickets,6,wickets,,"Kent: CS Cowdrey 82, RM Ellison 42 & 4 wkts | Essex: AR Border 115 & 1 wkts, NA Foster 25 & 5 wkts","St Lawrence Ground, Canterbury",Canterbury,DJ Shepherd; HD Bird,"Essex defeated Kent by 6 wickets at St Lawrence Ground, Canterbury (Canterbury).",Wisden Cricketers' Almanack / England and Wales Cricket Board Official Archive
127,CCH_1981_127,1981,1981,County Championship,Single Division,Single Division,Round 15,1981-07-21,1981-07-21,1981-07-23,3,Middlesex,Warwickshire,Middlesex,Warwickshire,Middlesex,bat,Middlesex,Warwickshire,Middlesex,318/7d (120.2 ov),318,7,120.2 ov,Warwickshire,333/9d (119.2 ov),333,9,119.2 ov,No,Middlesex,256/6d (85.1 ov),256,6,85.1 ov,Warwickshire,158/5 (58.4 ov),158,5,58.4 ov,1065,27,Middlesex 318/7d & 256/6d - Warwickshire 333/9d & 158/5,Draw,Draw,None,Draw,,draw,,"Middlesex: MW Gatting 120 & 1 wkts, DL Haynes 112 | Warwickshire: AI Kallicharran 122, GC Small 22 & 5 wkts","Lord's Cricket Ground, London",London,G Sharp; MW Kitchen,"Match drawn between Middlesex and Warwickshire at Lord's Cricket Ground, London (London).",Wisden Cricketers' Almanack / England and Wales Cricket Board Official Archive
128,CCH_1981_128,1981,1981,County Championship,Single Division,Single Division,Round 15,1981-07-21,1981-07-21,1981-07-23,3,Surrey,Yorkshire,Surrey,Yorkshire,Yorkshire,bat,Yorkshire,Surrey,Yorkshire,189/10 (57.5 ov),189,10,57.5 ov,Surrey,440/10 (130.3 ov),440,10,130.3 ov,Yes,Yorkshire,204/10 (59.5 ov),204,10,59.5 ov,,,,,,833,30,Yorkshire 189 & 204 - Surrey 440/10,Win,Surrey,Yorkshire,innings and 47 runs,47,innings and runs,,"Surrey: MA Lynch 85, ST Clarke 18 & 6 wkts | Yorkshire: A Sidebottom 22 & 4 wkts, MD Moxon 96","The Oval, Kennington, London",London,D Oslear; HD Bird,"Surrey defeated Yorkshire by innings and 47 runs at The Oval, Kennington, London (London).",Wisden Cricketers' Almanack / England and Wales Cricket Board Official Archive
129,CCH_1981_129,1981,1981,County Championship,Single Division,Single Division,Round 15,1981-07-21,1981-07-21,1981-07-23,3,Derbyshire,Leicestershire,Derbyshire,Leicestershire,Leicestershire,bat,Leicestershire,Derbyshire,Leicestershire,347/10 (104.2 ov),347,10,104.2 ov,Derbyshire,380/9d (106.4 ov),380,9,106.4 ov,No,Leicestershire,201/8 (81.5 ov),201,8,81.5 ov,Derbyshire,146/5 (40.0 ov),146,5,40.0 ov,1074,32,Leicestershire 347/10 & 201/8 - Derbyshire 380/9d & 146/5,Draw,Draw,None,Draw,,draw,,"Derbyshire: JG Wright 108, DG Cork 45 & 4 wkts | Leicestershire: DI Gower 125, J Agnew 18 & 4 wkts","County Ground, Derby",Derby,P Willey; D Oslear,"Match drawn between Derbyshire and Leicestershire at County Ground, Derby (Derby).",Wisden Cricketers' Almanack / England and Wales Cricket Board Official Archive
130,CCH_1981_130,1981,1981,County Championship,Single Division,Single Division,Round 15,1981-07-21,1981-07-21,1981-07-23,3,Essex,Derbyshire,Essex,Derbyshire,Derbyshire,bat,Derbyshire,Essex,Derbyshire,406/6d (115.0 ov),406,6,115.0 ov,Essex,286/9 (107.1 ov),286,9,107.1 ov,No,Derbyshire,285/4d (81.0 ov),285,4,81.0 ov,Essex,181/8 (52.5 ov),181,8,52.5 ov,1158,27,Derbyshire 406/6d & 285/4d - Essex 286/9 & 181/8,Draw,Draw,None,Draw,,draw,,"Essex: AR Border 115 & 1 wkts, DR Pringle 65 & 3 wkts | Derbyshire: DG Cork 45 & 4 wkts, KJ Barnett 94 & 1 wkts","County Ground, Chelmsford",Chelmsford,P Willey; B Meyer,"Match drawn between Essex and Derbyshire at County Ground, Chelmsford (Chelmsford).",Wisden Cricketers' Almanack / England and Wales Cricket Board Official Archive
131,CCH_1981_131,1981,1981,County Championship,Single Division,Single Division,Round 15,1981-07-21,1981-07-21,1981-07-23,3,Yorkshire,Lancashire,Yorkshire,Lancashire,Lancashire,bat,Lancashire,Yorkshire,Lancashire,361/6d (100.0 ov),361,6,100.0 ov,Yorkshire,294/7 (93.4 ov),294,7,93.4 ov,No,Lancashire,285/7d (65.0 ov),285,7,65.0 ov,Yorkshire,200/6 (73.0 ov),200,6,73.0 ov,1140,26,Lancashire 361/6d & 285/7d - Yorkshire 294/7 & 200/6,Draw,Draw,None,Draw,,draw,,"Yorkshire: PE Carrick 35 & 3 wkts, G Boycott 115 | Lancashire: NH Fairbrother 88, ID Austin 35 & 3 wkts","Abbeydale Park, Sheffield",Sheffield,HD Bird; AG Whitehead,"Match drawn between Yorkshire and Lancashire at Abbeydale Park, Sheffield (Sheffield).",Wisden Cricketers' Almanack / England and Wales Cricket Board Official Archive
132,CCH_1981_132,1981,1981,County Championship,Single Division,Single Division,Round 15,1981-07-21,1981-07-21,1981-07-23,3,Warwickshire,Nottinghamshire,Warwickshire,Nottinghamshire,Nottinghamshire,bat,Nottinghamshire,Warwickshire,Nottinghamshire,359/10 (103.4 ov),359,10,103.4 ov,Warwickshire,415/10 (86.4 ov),415,10,86.4 ov,No,Nottinghamshire,247/10 (63.4 ov),247,10,63.4 ov,Warwickshire,193/3 (43.2 ov),193,3,43.2 ov,1214,33,Nottinghamshire 359 & 247 - Warwickshire 415 & 193/3,Win,Warwickshire,Nottinghamshire,7 wickets,7,wickets,,"Warwickshire: DA Reeve 65 & 3 wkts, TA Munton 18 & 4 wkts | Nottinghamshire: CEB Rice 92 & 4 wkts, RJ Hadlee 55 & 6 wkts","Edgbaston, Birmingham",Birmingham,P Willey; MW Kitchen,"Warwickshire defeated Nottinghamshire by 7 wickets at Edgbaston, Birmingham (Birmingham).",Wisden Cricketers' Almanack / England and Wales Cricket Board Official Archive
133,CCH_1981_133,1981,1981,County Championship,Single Division,Single Division,Round 15,1981-07-21,1981-07-21,1981-07-23,3,Northamptonshire,Lancashire,Northamptonshire,Lancashire,Lancashire,bat,Lancashire,Northamptonshire,Lancashire,446/6d (127.0 ov),446,6,127.0 ov,Northamptonshire,315/8 (117.4 ov),315,8,117.4 ov,No,Lancashire,188/5d (69.3 ov),188,5,69.3 ov,Northamptonshire,219/5 (69.0 ov),219,5,69.0 ov,1168,24,Lancashire 446/6d & 188/5d - Northamptonshire 315/8 & 219/5,Draw,Draw,None,Draw,,draw,,"Northamptonshire: AJ Lamb 115, NGB Cook 18 & 4 wkts | Lancashire: Wasim Akram 45 & 5 wkts, NH Fairbrother 88","County Ground, Northampton",Northampton,B Meyer; DJ Shepherd,"Match drawn between Northamptonshire and Lancashire at County Ground, Northampton (Northampton).",Wisden Cricketers' Almanack / England and Wales Cricket Board Official Archive
134,CCH_1981_134,1981,1981,County Championship,Single Division,Single Division,Round 15,1981-07-21,1981-07-21,1981-07-23,3,Somerset,Sussex,Somerset,Sussex,Somerset,bat,Somerset,Sussex,Somerset,271/10 (94.3 ov),271,10,94.3 ov,Sussex,310/10 (107.2 ov),310,10,107.2 ov,No,Somerset,197/4d (72.0 ov),197,4,72.0 ov,Sussex,177/10 (53.5 ov),177,10,53.5 ov,955,34,Somerset 271 & 197 - Sussex 310 & 177/10,Win,Somerset,Sussex,64 runs,64,runs,,"Somerset: J Garner 15 & 5 wkts, IT Botham 88 & 4 wkts | Sussex: AM Pigott 20 & 4 wkts, GGD Gould 58","County Ground, Taunton",Taunton,P Willey; R Palmer,"Somerset defeated Sussex by 64 runs at County Ground, Taunton (Taunton).",Wisden Cricketers' Almanack / England and Wales Cricket Board Official Archive
135,CCH_1981_135,1981,1981,County Championship,Single Division,Single Division,Round 15,1981-07-21,1981-07-21,1981-07-23,3,Leicestershire,Northamptonshire,Leicestershire,Northamptonshire,Northamptonshire,bat,Northamptonshire,Leicestershire,Northamptonshire,353/10 (105.3 ov),353,10,105.3 ov,Leicestershire,309/10 (85.5 ov),309,10,85.5 ov,No,Northamptonshire,192/9d (70.3 ov),192,9,70.3 ov,Leicestershire,193/10 (75.1 ov),193,10,75.1 ov,1047,39,Northamptonshire 353 & 192d - Leicestershire 309 & 193,Win,Leicestershire,Northamptonshire,44 runs,44,runs,,"Leicestershire: LES Taylor 12 & 5 wkts, NE Briers 75 | Northamptonshire: AJ Lamb 115, NGB Cook 18 & 4 wkts","Grace Road, Leicester",Leicester,R Palmer; B Meyer,"Leicestershire defeated Northamptonshire by 44 runs at Grace Road, Leicester (Leicester).",Wisden Cricketers' Almanack / England and Wales Cricket Board Official Archive
136,CCH_1981_136,1981,1981,County Championship,Single Division,Single Division,Round 16,1981-07-27,1981-07-27,1981-07-29,3,Middlesex,Worcestershire,Middlesex,Worcestershire,Worcestershire,field,Middlesex,Worcestershire,Middlesex,351/9d (120.1 ov),351,9,120.1 ov,Worcestershire,320/8 (117.3 ov),320,8,117.3 ov,No,Middlesex,235/6d (82.5 ov),235,6,82.5 ov,Worcestershire,195/3 (52.3 ov),195,3,52.3 ov,1101,26,Middlesex 351/9d & 235/6d - Worcestershire 320/8 & 195/3,Draw,Draw,None,Draw,,draw,,"Middlesex: JE Emburey 45 & 4 wkts, DL Haynes 112 | Worcestershire: IT Botham 82 & 3 wkts, GA Hick 145 & 1 wkts","Uxbridge Cricket Club Ground, Uxbridge",Uxbridge,DJ Shepherd; R Palmer,"Match drawn between Middlesex and Worcestershire at Uxbridge Cricket Club Ground, Uxbridge (Uxbridge).",Wisden Cricketers' Almanack / England and Wales Cricket Board Official Archive
137,CCH_1981_137,1981,1981,County Championship,Single Division,Single Division,Round 16,1981-07-27,1981-07-27,1981-07-29,3,Leicestershire,Kent,Leicestershire,Kent,Kent,bat,Kent,Leicestershire,Kent,459/7d (115.4 ov),459,7,115.4 ov,Leicestershire,417/7 (98.2 ov),417,7,98.2 ov,No,Kent,223/7d (80.3 ov),223,7,80.3 ov,Leicestershire,189/4 (67.2 ov),189,4,67.2 ov,1288,25,Kent 459/7d & 223/7d - Leicestershire 417/7 & 189/4,Draw,Draw,None,Draw,,draw,,"Leicestershire: DI Gower 125, P Willey 82 & 3 wkts | Kent: MR Benson 78, NR Taylor 90","Grace Road, Leicester",Leicester,R Palmer; AG Whitehead,"Match drawn between Leicestershire and Kent at Grace Road, Leicester (Leicester).",Wisden Cricketers' Almanack / England and Wales Cricket Board Official Archive
138,CCH_1981_138,1981,1981,County Championship,Single Division,Single Division,Round 16,1981-07-27,1981-07-27,1981-07-29,3,Glamorgan,Lancashire,Glamorgan,Lancashire,Glamorgan,bat,Glamorgan,Lancashire,Glamorgan,328/8d (102.3 ov),328,8,102.3 ov,Lancashire,307/10 (111.3 ov),307,10,111.3 ov,No,Glamorgan,250/7d (62.4 ov),250,7,62.4 ov,Lancashire,138/4 (62.3 ov),138,4,62.3 ov,1023,29,Glamorgan 328/8d & 250/7d - Lancashire 307/10 & 138/4,Draw,Draw,None,Draw,,draw,,"Glamorgan: GC Holmes 72, SP Watkin 18 & 4 wkts | Lancashire: CH Lloyd 95, ID Austin 35 & 3 wkts","St Helen's, Swansea",Swansea,DJ Shepherd; R Julian,"Match drawn between Glamorgan and Lancashire at St Helen's, Swansea (Swansea).",Wisden Cricketers' Almanack / England and Wales Cricket Board Official Archive
139,CCH_1981_139,1981,1981,County Championship,Single Division,Single Division,Round 16,1981-07-27,1981-07-27,1981-07-29,3,Northamptonshire,Derbyshire,Northamptonshire,Derbyshire,Derbyshire,bat,Derbyshire,Northamptonshire,Derbyshire,320/6d (118.0 ov),320,6,118.0 ov,Northamptonshire,281/8 (106.2 ov),281,8,106.2 ov,No,Derbyshire,256/8 (61.4 ov),256,8,61.4 ov,Northamptonshire,187/7 (71.2 ov),187,7,71.2 ov,1044,29,Derbyshire 320/6d & 256/8 - Northamptonshire 281/8 & 187/7,Draw,Draw,None,Draw,,draw,,"Northamptonshire: AJ Lamb 115, Kapil Dev 75 & 4 wkts | Derbyshire: OH Mortensen 15 & 4 wkts, KJ Barnett 94 & 1 wkts","County Ground, Northampton",Northampton,HD Bird; B Meyer,"Match drawn between Northamptonshire and Derbyshire at County Ground, Northampton (Northampton).",Wisden Cricketers' Almanack / England and Wales Cricket Board Official Archive
140,CCH_1981_140,1981,1981,County Championship,Single Division,Single Division,Round 16,1981-07-27,1981-07-27,1981-07-29,3,Lancashire,Worcestershire,Lancashire,Worcestershire,Lancashire,bat,Lancashire,Worcestershire,Lancashire,337/10 (100.0 ov),337,10,100.0 ov,Worcestershire,216/10 (90.4 ov),216,10,90.4 ov,No,Lancashire,230/10 (56.3 ov),230,10,56.3 ov,Worcestershire,296/10 (67.1 ov),296,10,67.1 ov,1079,40,Lancashire 337 & 230 - Worcestershire 216 & 296,Win,Worcestershire,Lancashire,56 runs,56,runs,,"Lancashire: ID Austin 35 & 3 wkts, Wasim Akram 45 & 5 wkts | Worcestershire: IT Botham 82 & 3 wkts, RK Illingworth 38 & 3 wkts","Trafalgar Road, Southport",Southport,HD Bird; R Palmer,"Worcestershire defeated Lancashire by 56 runs at Trafalgar Road, Southport (Southport).",Wisden Cricketers' Almanack / England and Wales Cricket Board Official Archive
141,CCH_1981_141,1981,1981,County Championship,Single Division,Single Division,Round 16,1981-07-27,1981-07-27,1981-07-29,3,Northamptonshire,Leicestershire,Northamptonshire,Leicestershire,Northamptonshire,bat,Northamptonshire,Leicestershire,Northamptonshire,433/5d (145.0 ov),433,5,145.0 ov,Leicestershire,170/10 (67.1 ov),170,10,67.1 ov,Yes,Leicestershire,171/10 (83.0 ov),171,10,83.0 ov,,,,,,774,25,Northamptonshire 433/5d - Leicestershire 170 & 171,Win,Northamptonshire,Leicestershire,innings and 92 runs,92,innings and runs,,"Northamptonshire: AJ Lamb 115, Kapil Dev 75 & 4 wkts | Leicestershire: NE Briers 75, P Willey 82 & 3 wkts","County Ground, Northampton",Northampton,MW Kitchen; B Meyer,"Northamptonshire defeated Leicestershire by innings and 92 runs at County Ground, Northampton (Northampton).",Wisden Cricketers' Almanack / England and Wales Cricket Board Official Archive
142,CCH_1981_142,1981,1981,County Championship,Single Division,Single Division,Round 16,1981-07-27,1981-07-27,1981-07-29,3,Gloucestershire,Sussex,Gloucestershire,Sussex,Sussex,bat,Sussex,Gloucestershire,Sussex,335/10 (86.1 ov),335,10,86.1 ov,Gloucestershire,355/10 (93.0 ov),355,10,93.0 ov,No,Sussex,221/7d (57.0 ov),221,7,57.0 ov,Gloucestershire,191/10 (70.2 ov),191,10,70.2 ov,1102,37,Sussex 335 & 221 - Gloucestershire 355 & 191/10,Win,Sussex,Gloucestershire,64 runs,64,runs,,"Gloucestershire: CWJ Athey 88, P Bainbridge 62 & 2 wkts | Sussex: AM Pigott 20 & 4 wkts, CM Wells 84 & 2 wkts","College Ground, Cheltenham",Cheltenham,P Willey; JW Holder,"Sussex defeated Gloucestershire by 64 runs at College Ground, Cheltenham (Cheltenham).",Wisden Cricketers' Almanack / England and Wales Cricket Board Official Archive
143,CCH_1981_143,1981,1981,County Championship,Single Division,Single Division,Round 16,1981-07-27,1981-07-27,1981-07-29,3,Worcestershire,Nottinghamshire,Worcestershire,Nottinghamshire,Worcestershire,field,Nottinghamshire,Worcestershire,Nottinghamshire,273/10 (86.5 ov),273,10,86.5 ov,Worcestershire,271/10 (91.2 ov),271,10,91.2 ov,No,Nottinghamshire,208/6d (65.0 ov),208,6,65.0 ov,Worcestershire,186/10 (52.2 ov),186,10,52.2 ov,938,36,Nottinghamshire 273 & 208 - Worcestershire 271 & 186/10,Win,Nottinghamshire,Worcestershire,73 runs,73,runs,,"Worcestershire: NV Radford 20 & 5 wkts, PA Neale 75 | Nottinghamshire: BN French 45, RJ Hadlee 55 & 6 wkts","New Road, Worcester",Worcester,R Julian; P Willey,"Nottinghamshire defeated Worcestershire by 73 runs at New Road, Worcester (Worcester).",Wisden Cricketers' Almanack / England and Wales Cricket Board Official Archive
144,CCH_1981_144,1981,1981,County Championship,Single Division,Single Division,Round 16,1981-07-27,1981-07-27,1981-07-29,3,Nottinghamshire,Yorkshire,Nottinghamshire,Yorkshire,Yorkshire,bat,Yorkshire,Nottinghamshire,Yorkshire,385/10 (109.5 ov),385,10,109.5 ov,Nottinghamshire,370/10 (100.3 ov),370,10,100.3 ov,No,Yorkshire,286/6d (63.3 ov),286,6,63.3 ov,Nottinghamshire,180/5 (73.2 ov),180,5,73.2 ov,1221,31,Yorkshire 385/10 & 286/6d - Nottinghamshire 370/10 & 180/5,Draw,Draw,None,Draw,,draw,,"Nottinghamshire: BC Broad 104, BN French 45 | Yorkshire: AA Metcalfe 74, A Sidebottom 22 & 4 wkts","Trent Bridge, Nottingham",Nottingham,D Oslear; HD Bird,"Match drawn between Nottinghamshire and Yorkshire at Trent Bridge, Nottingham (Nottingham).",Wisden Cricketers' Almanack / England and Wales Cricket Board Official Archive
145,CCH_1981_145,1981,1981,County Championship,Single Division,Single Division,Round 17,1981-08-02,1981-08-02,1981-08-04,3,Hampshire,Kent,Hampshire,Kent,Hampshire,field,Kent,Hampshire,Kent,384/7d (105.5 ov),384,7,105.5 ov,Hampshire,384/8 (106.2 ov),384,8,106.2 ov,No,Kent,211/8 (77.4 ov),211,8,77.4 ov,Hampshire,218/5 (74.0 ov),218,5,74.0 ov,1197,28,Kent 384/7d & 211/8 - Hampshire 384/8 & 218/5,Draw,Draw,None,Draw,,draw,,"Hampshire: DI Gower 105, MD Marshall 35 & 6 wkts | Kent: NR Taylor 90, CS Cowdrey 82","County Ground, Northlands Road, Southampton",Southampton,HD Bird; AG Whitehead,"Match drawn between Hampshire and Kent at County Ground, Northlands Road, Southampton (Southampton).",Wisden Cricketers' Almanack / England and Wales Cricket Board Official Archive
146,CCH_1981_146,1981,1981,County Championship,Single Division,Single Division,Round 17,1981-08-02,1981-08-02,1981-08-04,3,Yorkshire,Sussex,Yorkshire,Sussex,Yorkshire,bat,Yorkshire,Sussex,Yorkshire,412/9d (105.5 ov),412,9,105.5 ov,Sussex,282/7 (119.1 ov),282,7,119.1 ov,No,Yorkshire,215/4d (62.4 ov),215,4,62.4 ov,Sussex,135/8 (69.3 ov),135,8,69.3 ov,1044,28,Yorkshire 412/9d & 215/4d - Sussex 282/7 & 135/8,Draw,Draw,None,Draw,,draw,,"Yorkshire: PE Carrick 35 & 3 wkts, AA Metcalfe 74 | Sussex: CM Wells 84 & 2 wkts, GGD Gould 58","Headingley, Leeds",Leeds,MW Kitchen; D Oslear,"Match drawn between Yorkshire and Sussex at Headingley, Leeds (Leeds).",Wisden Cricketers' Almanack / England and Wales Cricket Board Official Archive
147,CCH_1981_147,1981,1981,County Championship,Single Division,Single Division,Round 17,1981-08-02,1981-08-02,1981-08-04,3,Gloucestershire,Derbyshire,Gloucestershire,Derbyshire,Gloucestershire,bat,Gloucestershire,Derbyshire,Gloucestershire,317/6d (121.1 ov),317,6,121.1 ov,Derbyshire,365/9d (97.2 ov),365,9,97.2 ov,No,Gloucestershire,184/8 (58.5 ov),184,8,58.5 ov,Derbyshire,219/8 (40.2 ov),219,8,40.2 ov,1085,31,Gloucestershire 317/6d & 184/8 - Derbyshire 365/9d & 219/8,Draw,Draw,None,Draw,,draw,,"Gloucestershire: KM Curran 74 & 3 wkts, CA Walsh 15 & 6 wkts | Derbyshire: MA Holding 22 & 5 wkts, KJ Barnett 94 & 1 wkts","College Ground, Cheltenham",Cheltenham,HD Bird; D Oslear,"Match drawn between Gloucestershire and Derbyshire at College Ground, Cheltenham (Cheltenham).",Wisden Cricketers' Almanack / England and Wales Cricket Board Official Archive
148,CCH_1981_148,1981,1981,County Championship,Single Division,Single Division,Round 17,1981-08-02,1981-08-02,1981-08-04,3,Northamptonshire,Glamorgan,Northamptonshire,Glamorgan,Glamorgan,bat,Glamorgan,Northamptonshire,Glamorgan,326/7d (124.4 ov),326,7,124.4 ov,Northamptonshire,347/8d (104.3 ov),347,8,104.3 ov,No,Glamorgan,259/5d (62.0 ov),259,5,62.0 ov,Northamptonshire,232/8 (46.0 ov),232,8,46.0 ov,1164,28,Glamorgan 326/7d & 259/5d - Northamptonshire 347/8d & 232/8,Draw,Draw,None,Draw,,draw,,"Northamptonshire: NGB Cook 18 & 4 wkts, AJ Lamb 115 | Glamorgan: RC Ontong 55 & 3 wkts, H Morris 85","County Ground, Northampton",Northampton,B Meyer; G Sharp,"Match drawn between Northamptonshire and Glamorgan at County Ground, Northampton (Northampton).",Wisden Cricketers' Almanack / England and Wales Cricket Board Official Archive
149,CCH_1981_149,1981,1981,County Championship,Single Division,Single Division,Round 17,1981-08-02,1981-08-02,1981-08-04,3,Kent,Worcestershire,Kent,Worcestershire,Worcestershire,bat,Worcestershire,Kent,Worcestershire,288/10 (97.3 ov),288,10,97.3 ov,Kent,297/10 (98.1 ov),297,10,98.1 ov,No,Worcestershire,265/7d (58.5 ov),265,7,58.5 ov,Kent,172/10 (53.4 ov),172,10,53.4 ov,1022,37,Worcestershire 288 & 265d - Kent 297 & 172,Win,Kent,Worcestershire,85 runs,85,runs,,"Kent: MR Benson 78, GR Dilley 25 & 5 wkts | Worcestershire: RK Illingworth 38 & 3 wkts, PA Neale 75","Nevill Ground, Royal Tunbridge Wells",Royal Tunbridge Wells,MW Kitchen; B Meyer,"Kent defeated Worcestershire by 85 runs at Nevill Ground, Royal Tunbridge Wells (Royal Tunbridge Wells).",Wisden Cricketers' Almanack / England and Wales Cricket Board Official Archive
150,CCH_1981_150,1981,1981,County Championship,Single Division,Single Division,Round 17,1981-08-02,1981-08-02,1981-08-04,3,Derbyshire,Worcestershire,Derbyshire,Worcestershire,Worcestershire,bat,Worcestershire,Derbyshire,Worcestershire,360/10 (81.4 ov),360,10,81.4 ov,Derbyshire,220/10 (88.1 ov),220,10,88.1 ov,No,Worcestershire,221/5d (57.3 ov),221,5,57.3 ov,Derbyshire,278/10 (69.2 ov),278,10,69.2 ov,1079,35,Worcestershire 360 & 221d - Derbyshire 220 & 278,Win,Derbyshire,Worcestershire,84 runs,84,runs,,"Derbyshire: DG Cork 45 & 4 wkts, JG Wright 108 | Worcestershire: NV Radford 20 & 5 wkts, IT Botham 82 & 3 wkts","Queen's Park, Chesterfield",Chesterfield,G Sharp; B Meyer,"Derbyshire defeated Worcestershire by 84 runs at Queen's Park, Chesterfield (Chesterfield).",Wisden Cricketers' Almanack / England and Wales Cricket Board Official Archive
151,CCH_1981_151,1981,1981,County Championship,Single Division,Single Division,Round 17,1981-08-02,1981-08-02,1981-08-04,3,Surrey,Worcestershire,Surrey,Worcestershire,Worcestershire,bat,Worcestershire,Surrey,Worcestershire,366/10 (86.1 ov),366,10,86.1 ov,Surrey,313/10 (78.3 ov),313,10,78.3 ov,No,Worcestershire,192/6d (82.0 ov),192,6,82.0 ov,Surrey,122/10 (70.3 ov),122,10,70.3 ov,993,36,Worcestershire 366 & 192d - Surrey 313 & 122,Win,Surrey,Worcestershire,124 runs,124,runs,,"Surrey: GP Thorpe 82, AJ Stewart 94 | Worcestershire: GA Hick 145 & 1 wkts, IT Botham 82 & 3 wkts","Woodbridge Road, Guildford",Guildford,R Palmer; D Oslear,"Surrey defeated Worcestershire by 124 runs at Woodbridge Road, Guildford (Guildford).",Wisden Cricketers' Almanack / England and Wales Cricket Board Official Archive
152,CCH_1981_152,1981,1981,County Championship,Single Division,Single Division,Round 17,1981-08-02,1981-08-02,1981-08-04,3,Nottinghamshire,Northamptonshire,Nottinghamshire,Northamptonshire,Northamptonshire,bat,Northamptonshire,Nottinghamshire,Northamptonshire,375/10 (102.4 ov),375,10,102.4 ov,Nottinghamshire,393/10 (100.0 ov),393,10,100.0 ov,No,Northamptonshire,255/7d (53.3 ov),255,7,53.3 ov,Nottinghamshire,203/4 (45.4 ov),203,4,45.4 ov,1226,31,Northamptonshire 375/10 & 255/7d - Nottinghamshire 393/10 & 203/4,Draw,Draw,None,Draw,,draw,,"Nottinghamshire: RJ Hadlee 55 & 6 wkts, DW Randall 85 | Northamptonshire: AJ Lamb 115, DJ Capel 62 & 3 wkts","Trent Bridge, Nottingham",Nottingham,B Meyer; HD Bird,"Match drawn between Nottinghamshire and Northamptonshire at Trent Bridge, Nottingham (Nottingham).",Wisden Cricketers' Almanack / England and Wales Cricket Board Official Archive
153,CCH_1981_153,1981,1981,County Championship,Single Division,Single Division,Round 17,1981-08-02,1981-08-02,1981-08-04,3,Middlesex,Gloucestershire,Middlesex,Gloucestershire,Gloucestershire,field,Middlesex,Gloucestershire,Middlesex,389/8d (97.5 ov),389,8,97.5 ov,Gloucestershire,364/8 (98.5 ov),364,8,98.5 ov,No,Middlesex,270/8 (76.3 ov),270,8,76.3 ov,Gloucestershire,159/8 (46.1 ov),159,8,46.1 ov,1182,32,Middlesex 389/8d & 270/8 - Gloucestershire 364/8 & 159/8,Draw,Draw,None,Draw,,draw,,"Middlesex: WW Daniel 15 & 5 wkts, MW Gatting 120 & 1 wkts | Gloucestershire: CWJ Athey 88, KM Curran 74 & 3 wkts","Lord's Cricket Ground, London",London,AG Whitehead; B Meyer,"Match drawn between Middlesex and Gloucestershire at Lord's Cricket Ground, London (London).",Wisden Cricketers' Almanack / England and Wales Cricket Board Official Archive
154,CCH_1981_154,1981,1981,County Championship,Single Division,Single Division,Round 18,1981-08-08,1981-08-08,1981-08-10,3,Kent,Warwickshire,Kent,Warwickshire,Kent,bat,Kent,Warwickshire,Kent,257/10 (86.4 ov),257,10,86.4 ov,Warwickshire,248/10 (100.2 ov),248,10,100.2 ov,No,Kent,226/4d (59.0 ov),226,4,59.0 ov,Warwickshire,175/10 (55.5 ov),175,10,55.5 ov,906,34,Kent 257 & 226 - Warwickshire 248 & 175/10,Win,Kent,Warwickshire,55 runs,55,runs,,"Kent: GR Dilley 25 & 5 wkts, RM Ellison 42 & 4 wkts | Warwickshire: GC Small 22 & 5 wkts, TA Munton 18 & 4 wkts","St Lawrence Ground, Canterbury",Canterbury,B Meyer; AG Whitehead,"Kent defeated Warwickshire by 55 runs at St Lawrence Ground, Canterbury (Canterbury).",Wisden Cricketers' Almanack / England and Wales Cricket Board Official Archive
155,CCH_1981_155,1981,1981,County Championship,Single Division,Single Division,Round 18,1981-08-08,1981-08-08,1981-08-10,3,Kent,Glamorgan,Kent,Glamorgan,Glamorgan,bat,Glamorgan,Kent,Glamorgan,396/5d (131.2 ov),396,5,131.2 ov,Kent,151/10 (73.0 ov),151,10,73.0 ov,Yes,Kent,152/10 (78.2 ov),152,10,78.2 ov,,,,,,699,25,Glamorgan 396/5d - Kent 151 & 152,Win,Glamorgan,Kent,innings and 93 runs,93,innings and runs,,"Kent: CS Cowdrey 82, GR Dilley 25 & 5 wkts | Glamorgan: RC Ontong 55 & 3 wkts, H Morris 85","Crabble Athletic Ground, Dover",Dover,AG Whitehead; B Meyer,"Glamorgan defeated Kent by innings and 93 runs at Crabble Athletic Ground, Dover (Dover).",Wisden Cricketers' Almanack / England and Wales Cricket Board Official Archive
156,CCH_1981_156,1981,1981,County Championship,Single Division,Single Division,Round 18,1981-08-08,1981-08-08,1981-08-10,3,Lancashire,Northamptonshire,Lancashire,Northamptonshire,Northamptonshire,field,Lancashire,Northamptonshire,Lancashire,405/7d (100.0 ov),405,7,100.0 ov,Northamptonshire,320/10 (120.0 ov),320,10,120.0 ov,No,Lancashire,266/8 (56.2 ov),266,8,56.2 ov,Northamptonshire,132/6 (49.5 ov),132,6,49.5 ov,1123,31,Lancashire 405/7d & 266/8 - Northamptonshire 320/10 & 132/6,Draw,Draw,None,Draw,,draw,,"Lancashire: ID Austin 35 & 3 wkts, NH Fairbrother 88 | Northamptonshire: DJ Capel 62 & 3 wkts, W Larkins 98","Trafalgar Road, Southport",Southport,DJ Shepherd; MW Kitchen,"Match drawn between Lancashire and Northamptonshire at Trafalgar Road, Southport (Southport).",Wisden Cricketers' Almanack / England and Wales Cricket Board Official Archive
157,CCH_1981_157,1981,1981,County Championship,Single Division,Single Division,Round 18,1981-08-08,1981-08-08,1981-08-10,3,Essex,Gloucestershire,Essex,Gloucestershire,Essex,field,Gloucestershire,Essex,Gloucestershire,364/7d (127.0 ov),364,7,127.0 ov,Essex,389/8d (95.5 ov),389,8,95.5 ov,No,Gloucestershire,186/8 (82.3 ov),186,8,82.3 ov,Essex,159/7 (49.1 ov),159,7,49.1 ov,1098,30,Gloucestershire 364/7d & 186/8 - Essex 389/8d & 159/7,Draw,Draw,None,Draw,,draw,,"Essex: AR Border 115 & 1 wkts, NA Foster 25 & 5 wkts | Gloucestershire: KM Curran 74 & 3 wkts, CA Walsh 15 & 6 wkts","County Ground, Chelmsford",Chelmsford,JW Holder; R Julian,"Match drawn between Essex and Gloucestershire at County Ground, Chelmsford (Chelmsford).",Wisden Cricketers' Almanack / England and Wales Cricket Board Official Archive
158,CCH_1981_158,1981,1981,County Championship,Single Division,Single Division,Round 18,1981-08-08,1981-08-08,1981-08-10,3,Nottinghamshire,Worcestershire,Nottinghamshire,Worcestershire,Worcestershire,bat,Worcestershire,Nottinghamshire,Worcestershire,427/9d (125.0 ov),427,9,125.0 ov,Nottinghamshire,286/9 (98.4 ov),286,9,98.4 ov,No,Worcestershire,245/8 (78.3 ov),245,8,78.3 ov,Nottinghamshire,130/6 (58.2 ov),130,6,58.2 ov,1088,32,Worcestershire 427/9d & 245/8 - Nottinghamshire 286/9 & 130/6,Draw,Draw,None,Draw,,draw,,"Nottinghamshire: CEB Rice 92 & 4 wkts, DW Randall 85 | Worcestershire: PA Neale 75, RK Illingworth 38 & 3 wkts","Trent Bridge, Nottingham",Nottingham,G Sharp; B Meyer,"Match drawn between Nottinghamshire and Worcestershire at Trent Bridge, Nottingham (Nottingham).",Wisden Cricketers' Almanack / England and Wales Cricket Board Official Archive
159,CCH_1981_159,1981,1981,County Championship,Single Division,Single Division,Round 18,1981-08-08,1981-08-08,1981-08-10,3,Lancashire,Middlesex,Lancashire,Middlesex,Lancashire,bat,Lancashire,Middlesex,Lancashire,283/10 (104.5 ov),283,10,104.5 ov,Middlesex,296/10 (93.4 ov),296,10,93.4 ov,No,Lancashire,211/9d (70.4 ov),211,9,70.4 ov,Middlesex,180/10 (52.1 ov),180,10,52.1 ov,970,39,Lancashire 283 & 211d - Middlesex 296 & 180,Win,Middlesex,Lancashire,19 runs,19,runs,,"Lancashire: CH Lloyd 95, NH Fairbrother 88 | Middlesex: WW Daniel 15 & 5 wkts, JE Emburey 45 & 4 wkts","Trafalgar Road, Southport",Southport,AG Whitehead; G Sharp,"Middlesex defeated Lancashire by 19 runs at Trafalgar Road, Southport (Southport).",Wisden Cricketers' Almanack / England and Wales Cricket Board Official Archive
160,CCH_1981_160,1981,1981,County Championship,Single Division,Single Division,Round 18,1981-08-08,1981-08-08,1981-08-10,3,Sussex,Gloucestershire,Sussex,Gloucestershire,Gloucestershire,bat,Gloucestershire,Sussex,Gloucestershire,411/6d (110.5 ov),411,6,110.5 ov,Sussex,292/9 (90.4 ov),292,9,90.4 ov,No,Gloucestershire,279/8 (63.2 ov),279,8,63.2 ov,Sussex,182/8 (69.5 ov),182,8,69.5 ov,1164,31,Gloucestershire 411/6d & 279/8 - Sussex 292/9 & 182/8,Draw,Draw,None,Draw,,draw,,"Sussex: GGD Gould 58, PWG Parker 76 | Gloucestershire: DA Graveney 45 & 3 wkts, P Bainbridge 62 & 2 wkts","Arundel Castle Cricket Ground, Arundel",Arundel,AG Whitehead; DJ Shepherd,"Match drawn between Sussex and Gloucestershire at Arundel Castle Cricket Ground, Arundel (Arundel).",Wisden Cricketers' Almanack / England and Wales Cricket Board Official Archive
161,CCH_1981_161,1981,1981,County Championship,Single Division,Single Division,Round 18,1981-08-08,1981-08-08,1981-08-10,3,Essex,Sussex,Essex,Sussex,Essex,bat,Essex,Sussex,Essex,372/10 (103.3 ov),372,10,103.3 ov,Sussex,324/7 (93.2 ov),324,7,93.2 ov,No,Essex,192/4d (65.2 ov),192,4,65.2 ov,Sussex,178/3 (46.4 ov),178,3,46.4 ov,1066,24,Essex 372/10 & 192/4d - Sussex 324/7 & 178/3,Draw,Draw,None,Draw,,draw,,"Essex: GA Gooch 142 & 1 wkts, PJ Prichard 78 | Sussex: PWG Parker 76, GGD Gould 58","Castle Park Cricket Ground, Colchester",Colchester,D Oslear; P Willey,"Match drawn between Essex and Sussex at Castle Park Cricket Ground, Colchester (Colchester).",Wisden Cricketers' Almanack / England and Wales Cricket Board Official Archive
162,CCH_1981_162,1981,1981,County Championship,Single Division,Single Division,Round 18,1981-08-08,1981-08-08,1981-08-10,3,Middlesex,Surrey,Middlesex,Surrey,Surrey,field,Middlesex,Surrey,Middlesex,354/6d (130.5 ov),354,6,130.5 ov,Surrey,330/7 (114.4 ov),330,7,114.4 ov,No,Middlesex,195/8 (76.1 ov),195,8,76.1 ov,Surrey,183/3 (55.4 ov),183,3,55.4 ov,1062,24,Middlesex 354/6d & 195/8 - Surrey 330/7 & 183/3,Draw,Draw,None,Draw,,draw,,"Middlesex: DL Haynes 112, PH Edmonds 28 & 4 wkts | Surrey: MP Bicknell 25 & 4 wkts, ST Clarke 18 & 6 wkts","Lord's Cricket Ground, London",London,P Willey; MW Kitchen,"Match drawn between Middlesex and Surrey at Lord's Cricket Ground, London (London).",Wisden Cricketers' Almanack / England and Wales Cricket Board Official Archive
163,CCH_1981_163,1981,1981,County Championship,Single Division,Single Division,Round 19,1981-08-14,1981-08-14,1981-08-16,3,Gloucestershire,Kent,Gloucestershire,Kent,Kent,field,Gloucestershire,Kent,Gloucestershire,388/9d (122.3 ov),388,9,122.3 ov,Kent,327/7 (92.0 ov),327,7,92.0 ov,No,Gloucestershire,225/4d (55.2 ov),225,4,55.2 ov,Kent,219/8 (46.0 ov),219,8,46.0 ov,1159,28,Gloucestershire 388/9d & 225/4d - Kent 327/7 & 219/8,Draw,Draw,None,Draw,,draw,,"Gloucestershire: CA Walsh 15 & 6 wkts, P Bainbridge 62 & 2 wkts | Kent: GR Dilley 25 & 5 wkts, NR Taylor 90","College Ground, Cheltenham",Cheltenham,HD Bird; MW Kitchen,"Match drawn between Gloucestershire and Kent at College Ground, Cheltenham (Cheltenham).",Wisden Cricketers' Almanack / England and Wales Cricket Board Official Archive
164,CCH_1981_164,1981,1981,County Championship,Single Division,Single Division,Round 19,1981-08-14,1981-08-14,1981-08-16,3,Warwickshire,Northamptonshire,Warwickshire,Northamptonshire,Northamptonshire,field,Warwickshire,Northamptonshire,Warwickshire,208/10 (69.2 ov),208,10,69.2 ov,Northamptonshire,459/8 (116.3 ov),459,8,116.3 ov,Yes,Warwickshire,153/10 (50.4 ov),153,10,50.4 ov,,,,,,820,28,Warwickshire 208 & 153 - Northamptonshire 459/8d,Win,Northamptonshire,Warwickshire,innings and 98 runs,98,innings and runs,,"Warwickshire: TA Munton 18 & 4 wkts, AI Kallicharran 122 | Northamptonshire: NGB Cook 18 & 4 wkts, W Larkins 98","Edgbaston, Birmingham",Birmingham,DJ Shepherd; P Willey,"Northamptonshire defeated Warwickshire by innings and 98 runs at Edgbaston, Birmingham (Birmingham).",Wisden Cricketers' Almanack / England and Wales Cricket Board Official Archive
165,CCH_1981_165,1981,1981,County Championship,Single Division,Single Division,Round 19,1981-08-14,1981-08-14,1981-08-16,3,Surrey,Gloucestershire,Surrey,Gloucestershire,Gloucestershire,bat,Gloucestershire,Surrey,Gloucestershire,403/9d (125.1 ov),403,9,125.1 ov,Surrey,381/9 (111.3 ov),381,9,111.3 ov,No,Gloucestershire,285/3d (61.3 ov),285,3,61.3 ov,Surrey,184/6 (45.1 ov),184,6,45.1 ov,1253,27,Gloucestershire 403/9d & 285/3d - Surrey 381/9 & 184/6,Draw,Draw,None,Draw,,draw,,"Surrey: MP Bicknell 25 & 4 wkts, GP Thorpe 82 | Gloucestershire: DA Graveney 45 & 3 wkts, P Bainbridge 62 & 2 wkts","Woodbridge Road, Guildford",Guildford,MW Kitchen; DJ Shepherd,"Match drawn between Surrey and Gloucestershire at Woodbridge Road, Guildford (Guildford).",Wisden Cricketers' Almanack / England and Wales Cricket Board Official Archive
166,CCH_1981_166,1981,1981,County Championship,Single Division,Single Division,Round 19,1981-08-14,1981-08-14,1981-08-16,3,Nottinghamshire,Kent,Nottinghamshire,Kent,Nottinghamshire,bat,Nottinghamshire,Kent,Nottinghamshire,412/6d (103.5 ov),412,6,103.5 ov,Kent,382/10 (118.4 ov),382,10,118.4 ov,No,Nottinghamshire,208/3d (73.2 ov),208,3,73.2 ov,Kent,193/4 (69.0 ov),193,4,69.0 ov,1195,23,Nottinghamshire 412/6d & 208/3d - Kent 382/10 & 193/4,Draw,Draw,None,Draw,,draw,,"Nottinghamshire: BC Broad 104, DW Randall 85 | Kent: CS Cowdrey 82, GR Dilley 25 & 5 wkts","Trent Bridge, Nottingham",Nottingham,R Julian; P Willey,"Match drawn between Nottinghamshire and Kent at Trent Bridge, Nottingham (Nottingham).",Wisden Cricketers' Almanack / England and Wales Cricket Board Official Archive
167,CCH_1981_167,1981,1981,County Championship,Single Division,Single Division,Round 19,1981-08-14,1981-08-14,1981-08-16,3,Hampshire,Leicestershire,Hampshire,Leicestershire,Hampshire,bat,Hampshire,Leicestershire,Hampshire,317/10 (105.0 ov),317,10,105.0 ov,Leicestershire,315/10 (94.3 ov),315,10,94.3 ov,No,Hampshire,273/10 (84.1 ov),273,10,84.1 ov,Leicestershire,279/4 (67.1 ov),279,4,67.1 ov,1184,34,Hampshire 317 & 273 - Leicestershire 315 & 279/4,Win,Leicestershire,Hampshire,6 wickets,6,wickets,,"Hampshire: DI Gower 105, MD Marshall 35 & 6 wkts | Leicestershire: DI Gower 125, LES Taylor 12 & 5 wkts","May's Bounty, Basingstoke",Basingstoke,B Meyer; HD Bird,"Leicestershire defeated Hampshire by 6 wickets at May's Bounty, Basingstoke (Basingstoke).",Wisden Cricketers' Almanack / England and Wales Cricket Board Official Archive
168,CCH_1981_168,1981,1981,County Championship,Single Division,Single Division,Round 19,1981-08-14,1981-08-14,1981-08-16,3,Gloucestershire,Hampshire,Gloucestershire,Hampshire,Hampshire,field,Gloucestershire,Hampshire,Gloucestershire,386/7d (101.2 ov),386,7,101.2 ov,Hampshire,327/9 (122.1 ov),327,9,122.1 ov,No,Gloucestershire,194/7d (75.4 ov),194,7,75.4 ov,Hampshire,224/6 (53.3 ov),224,6,53.3 ov,1131,29,Gloucestershire 386/7d & 194/7d - Hampshire 327/9 & 224/6,Draw,Draw,None,Draw,,draw,,"Gloucestershire: CWJ Athey 88, P Bainbridge 62 & 2 wkts | Hampshire: DI Gower 105, MCJ Nicholas 72","College Ground, Cheltenham",Cheltenham,MW Kitchen; HD Bird,"Match drawn between Gloucestershire and Hampshire at College Ground, Cheltenham (Cheltenham).",Wisden Cricketers' Almanack / England and Wales Cricket Board Official Archive
169,CCH_1981_169,1981,1981,County Championship,Single Division,Single Division,Round 19,1981-08-14,1981-08-14,1981-08-16,3,Somerset,Derbyshire,Somerset,Derbyshire,Derbyshire,bat,Derbyshire,Somerset,Derbyshire,433/6d (108.3 ov),433,6,108.3 ov,Somerset,339/7 (91.2 ov),339,7,91.2 ov,No,Derbyshire,249/4d (81.5 ov),249,4,81.5 ov,Somerset,207/8 (54.3 ov),207,8,54.3 ov,1228,25,Derbyshire 433/6d & 249/4d - Somerset 339/7 & 207/8,Draw,Draw,None,Draw,,draw,,"Somerset: J Garner 15 & 5 wkts, IT Botham 88 & 4 wkts | Derbyshire: KJ Barnett 94 & 1 wkts, JG Wright 108","County Ground, Taunton",Taunton,DJ Shepherd; G Sharp,"Match drawn between Somerset and Derbyshire at County Ground, Taunton (Taunton).",Wisden Cricketers' Almanack / England and Wales Cricket Board Official Archive
170,CCH_1981_170,1981,1981,County Championship,Single Division,Single Division,Round 19,1981-08-14,1981-08-14,1981-08-16,3,Lancashire,Yorkshire,Lancashire,Yorkshire,Lancashire,bat,Lancashire,Yorkshire,Lancashire,437/7d (114.0 ov),437,7,114.0 ov,Yorkshire,190/10 (63.0 ov),190,10,63.0 ov,Yes,Yorkshire,190/10 (67.5 ov),190,10,67.5 ov,,,,,,817,27,Lancashire 437/7d - Yorkshire 190 & 190,Win,Lancashire,Yorkshire,innings and 57 runs,57,innings and runs,,"Lancashire: CH Lloyd 95, ID Austin 35 & 3 wkts | Yorkshire: PE Carrick 35 & 3 wkts, A Sidebottom 22 & 4 wkts","Trafalgar Road, Southport",Southport,D Oslear; JW Holder,"Lancashire defeated Yorkshire by innings and 57 runs at Trafalgar Road, Southport (Southport).",Wisden Cricketers' Almanack / England and Wales Cricket Board Official Archive
171,CCH_1981_171,1981,1981,County Championship,Single Division,Single Division,Round 19,1981-08-14,1981-08-14,1981-08-16,3,Leicestershire,Hampshire,Leicestershire,Hampshire,Leicestershire,bat,Leicestershire,Hampshire,Leicestershire,350/8d (125.0 ov),350,8,125.0 ov,Hampshire,412/8d (91.0 ov),412,8,91.0 ov,No,Leicestershire,248/3d (78.5 ov),248,3,78.5 ov,Hampshire,204/6 (43.3 ov),204,6,43.3 ov,1214,25,Leicestershire 350/8d & 248/3d - Hampshire 412/8d & 204/6,Draw,Draw,None,Draw,,draw,,"Leicestershire: J Agnew 18 & 4 wkts, NE Briers 75 | Hampshire: CA Connor 20 & 4 wkts, MCJ Nicholas 72","Grace Road, Leicester",Leicester,P Willey; MW Kitchen,"Match drawn between Leicestershire and Hampshire at Grace Road, Leicester (Leicester).",Wisden Cricketers' Almanack / England and Wales Cricket Board Official Archive
172,CCH_1981_172,1981,1981,County Championship,Single Division,Single Division,Round 20,1981-08-20,1981-08-20,1981-08-22,3,Leicestershire,Sussex,Leicestershire,Sussex,Sussex,bat,Sussex,Leicestershire,Sussex,300/10 (80.1 ov),300,10,80.1 ov,Leicestershire,273/10 (106.0 ov),273,10,106.0 ov,No,Sussex,194/6d (72.0 ov),194,6,72.0 ov,Leicestershire,194/10 (63.2 ov),194,10,63.2 ov,961,36,Sussex 300 & 194 - Leicestershire 273 & 194/10,Win,Sussex,Leicestershire,78 runs,78,runs,,"Leicestershire: J Agnew 18 & 4 wkts, DI Gower 125 | Sussex: Imran Khan 92 & 5 wkts, AM Pigott 20 & 4 wkts","Grace Road, Leicester",Leicester,R Julian; DJ Shepherd,"Sussex defeated Leicestershire by 78 runs at Grace Road, Leicester (Leicester).",Wisden Cricketers' Almanack / England and Wales Cricket Board Official Archive
173,CCH_1981_173,1981,1981,County Championship,Single Division,Single Division,Round 20,1981-08-20,1981-08-20,1981-08-22,3,Nottinghamshire,Leicestershire,Nottinghamshire,Leicestershire,Nottinghamshire,bat,Nottinghamshire,Leicestershire,Nottinghamshire,324/10 (102.1 ov),324,10,102.1 ov,Leicestershire,296/10 (101.1 ov),296,10,101.1 ov,No,Nottinghamshire,192/5d (74.0 ov),192,5,74.0 ov,Leicestershire,169/10 (61.2 ov),169,10,61.2 ov,981,35,Nottinghamshire 324 & 192 - Leicestershire 296 & 169/10,Win,Nottinghamshire,Leicestershire,82 runs,82,runs,,"Nottinghamshire: BC Broad 104, DW Randall 85 | Leicestershire: J Agnew 18 & 4 wkts, LES Taylor 12 & 5 wkts","Trent Bridge, Nottingham",Nottingham,R Palmer; DJ Shepherd,"Nottinghamshire defeated Leicestershire by 82 runs at Trent Bridge, Nottingham (Nottingham).",Wisden Cricketers' Almanack / England and Wales Cricket Board Official Archive
174,CCH_1981_174,1981,1981,County Championship,Single Division,Single Division,Round 20,1981-08-20,1981-08-20,1981-08-22,3,Surrey,Derbyshire,Surrey,Derbyshire,Surrey,bat,Surrey,Derbyshire,Surrey,453/10 (99.0 ov),453,10,99.0 ov,Derbyshire,334/7 (115.4 ov),334,7,115.4 ov,No,Surrey,201/8 (53.0 ov),201,8,53.0 ov,Derbyshire,227/4 (40.3 ov),227,4,40.3 ov,1215,29,Surrey 453/10 & 201/8 - Derbyshire 334/7 & 227/4,Draw,Draw,None,Draw,,draw,,"Surrey: AJ Stewart 94, MA Lynch 85 | Derbyshire: KJ Barnett 94 & 1 wkts, JG Wright 108","The Oval, Kennington, London",London,R Palmer; MW Kitchen,"Match drawn between Surrey and Derbyshire at The Oval, Kennington, London (London).",Wisden Cricketers' Almanack / England and Wales Cricket Board Official Archive
175,CCH_1981_175,1981,1981,County Championship,Single Division,Single Division,Round 20,1981-08-20,1981-08-20,1981-08-22,3,Glamorgan,Yorkshire,Glamorgan,Yorkshire,Yorkshire,bat,Yorkshire,Glamorgan,Yorkshire,359/9d (102.1 ov),359,9,102.1 ov,Glamorgan,299/10 (123.2 ov),299,10,123.2 ov,No,Yorkshire,214/7d (52.0 ov),214,7,52.0 ov,Glamorgan,169/8 (43.1 ov),169,8,43.1 ov,1041,34,Yorkshire 359/9d & 214/7d - Glamorgan 299/10 & 169/8,Draw,Draw,None,Draw,,draw,,"Glamorgan: GC Holmes 72, RC Ontong 55 & 3 wkts | Yorkshire: AA Metcalfe 74, PE Carrick 35 & 3 wkts","St Helen's, Swansea",Swansea,P Willey; D Oslear,"Match drawn between Glamorgan and Yorkshire at St Helen's, Swansea (Swansea).",Wisden Cricketers' Almanack / England and Wales Cricket Board Official Archive
176,CCH_1981_176,1981,1981,County Championship,Single Division,Single Division,Round 20,1981-08-20,1981-08-20,1981-08-22,3,Nottinghamshire,Essex,Nottinghamshire,Essex,Essex,bat,Essex,Nottinghamshire,Essex,280/10 (96.4 ov),280,10,96.4 ov,Nottinghamshire,315/10 (110.0 ov),315,10,110.0 ov,No,Essex,179/10 (90.2 ov),179,10,90.2 ov,Nottinghamshire,146/2 (78.5 ov),146,2,78.5 ov,920,32,Essex 280 & 179 - Nottinghamshire 315 & 146/2,Win,Nottinghamshire,Essex,8 wickets,8,wickets,,"Nottinghamshire: DW Randall 85, CEB Rice 92 & 4 wkts | Essex: NA Foster 25 & 5 wkts, DR Pringle 65 & 3 wkts","Trent Bridge, Nottingham",Nottingham,D Oslear; G Sharp,"Nottinghamshire defeated Essex by 8 wickets at Trent Bridge, Nottingham (Nottingham).",Wisden Cricketers' Almanack / England and Wales Cricket Board Official Archive
177,CCH_1981_177,1981,1981,County Championship,Single Division,Single Division,Round 20,1981-08-20,1981-08-20,1981-08-22,3,Hampshire,Yorkshire,Hampshire,Yorkshire,Hampshire,field,Yorkshire,Hampshire,Yorkshire,332/10 (97.0 ov),332,10,97.0 ov,Hampshire,265/10 (96.3 ov),265,10,96.3 ov,No,Yorkshire,233/6d (83.0 ov),233,6,83.0 ov,Hampshire,236/10 (61.5 ov),236,10,61.5 ov,1066,36,Yorkshire 332 & 233d - Hampshire 265 & 236,Win,Hampshire,Yorkshire,65 runs,65,runs,,"Hampshire: MD Marshall 35 & 6 wkts, MCJ Nicholas 72 | Yorkshire: MD Moxon 96, AA Metcalfe 74","The Rose Bowl, Southampton",Southampton,R Palmer; HD Bird,"Hampshire defeated Yorkshire by 65 runs at The Rose Bowl, Southampton (Southampton).",Wisden Cricketers' Almanack / England and Wales Cricket Board Official Archive
178,CCH_1981_178,1981,1981,County Championship,Single Division,Single Division,Round 20,1981-08-20,1981-08-20,1981-08-22,3,Warwickshire,Worcestershire,Warwickshire,Worcestershire,Worcestershire,bat,Worcestershire,Warwickshire,Worcestershire,363/10 (111.2 ov),363,10,111.2 ov,Warwickshire,339/7 (110.3 ov),339,7,110.3 ov,No,Worcestershire,207/3d (65.0 ov),207,3,65.0 ov,Warwickshire,228/6 (65.4 ov),228,6,65.4 ov,1137,26,Worcestershire 363/10 & 207/3d - Warwickshire 339/7 & 228/6,Draw,Draw,None,Draw,,draw,,"Warwickshire: TA Munton 18 & 4 wkts, DA Reeve 65 & 3 wkts | Worcestershire: PA Neale 75, RK Illingworth 38 & 3 wkts","Edgbaston, Birmingham",Birmingham,JW Holder; HD Bird,"Match drawn between Warwickshire and Worcestershire at Edgbaston, Birmingham (Birmingham).",Wisden Cricketers' Almanack / England and Wales Cricket Board Official Archive
179,CCH_1981_179,1981,1981,County Championship,Single Division,Single Division,Round 20,1981-08-20,1981-08-20,1981-08-22,3,Nottinghamshire,Sussex,Nottinghamshire,Sussex,Sussex,bat,Sussex,Nottinghamshire,Sussex,381/6d (130.5 ov),381,6,130.5 ov,Nottinghamshire,325/7 (119.3 ov),325,7,119.3 ov,No,Sussex,261/4d (71.5 ov),261,4,71.5 ov,Nottinghamshire,227/3 (66.3 ov),227,3,66.3 ov,1194,20,Sussex 381/6d & 261/4d - Nottinghamshire 325/7 & 227/3,Draw,Draw,None,Draw,,draw,,"Nottinghamshire: RJ Hadlee 55 & 6 wkts, BC Broad 104 | Sussex: PWG Parker 76, AM Pigott 20 & 4 wkts","Trent Bridge, Nottingham",Nottingham,DJ Shepherd; B Meyer,"Match drawn between Nottinghamshire and Sussex at Trent Bridge, Nottingham (Nottingham).",Wisden Cricketers' Almanack / England and Wales Cricket Board Official Archive
180,CCH_1981_180,1981,1981,County Championship,Single Division,Single Division,Round 20,1981-08-20,1981-08-20,1981-08-22,3,Worcestershire,Glamorgan,Worcestershire,Glamorgan,Glamorgan,bat,Glamorgan,Worcestershire,Glamorgan,342/10 (96.1 ov),342,10,96.1 ov,Worcestershire,392/10 (93.0 ov),392,10,93.0 ov,No,Glamorgan,250/10 (71.2 ov),250,10,71.2 ov,Worcestershire,202/7 (50.5 ov),202,7,50.5 ov,1186,37,Glamorgan 342 & 250 - Worcestershire 392 & 202/7,Win,Worcestershire,Glamorgan,3 wickets,3,wickets,,"Worcestershire: RK Illingworth 38 & 3 wkts, IT Botham 82 & 3 wkts | Glamorgan: MD Maynard 98, SP Watkin 18 & 4 wkts","New Road, Worcester",Worcester,AG Whitehead; DJ Shepherd,"Worcestershire defeated Glamorgan by 3 wickets at New Road, Worcester (Worcester).",Wisden Cricketers' Almanack / England and Wales Cricket Board Official Archive
181,CCH_1981_181,1981,1981,County Championship,Single Division,Single Division,Round 21,1981-08-26,1981-08-26,1981-08-28,3,Derbyshire,Sussex,Derbyshire,Sussex,Derbyshire,bat,Derbyshire,Sussex,Derbyshire,179/10 (50.0 ov),179,10,50.0 ov,Sussex,443/7 (130.2 ov),443,7,130.2 ov,Yes,Derbyshire,209/10 (59.2 ov),209,10,59.2 ov,,,,,,831,27,Derbyshire 179 & 209 - Sussex 443/7d,Win,Sussex,Derbyshire,innings and 55 runs,55,innings and runs,,"Derbyshire: MA Holding 22 & 5 wkts, KJ Barnett 94 & 1 wkts | Sussex: Imran Khan 92 & 5 wkts, PWG Parker 76","County Ground, Derby",Derby,AG Whitehead; R Julian,"Sussex defeated Derbyshire by innings and 55 runs at County Ground, Derby (Derby).",Wisden Cricketers' Almanack / England and Wales Cricket Board Official Archive
182,CCH_1981_182,1981,1981,County Championship,Single Division,Single Division,Round 21,1981-08-26,1981-08-26,1981-08-28,3,Lancashire,Nottinghamshire,Lancashire,Nottinghamshire,Nottinghamshire,bat,Nottinghamshire,Lancashire,Nottinghamshire,251/10 (102.4 ov),251,10,102.4 ov,Lancashire,278/10 (84.3 ov),278,10,84.3 ov,No,Nottinghamshire,224/10 (83.0 ov),224,10,83.0 ov,Lancashire,86/10 (57.5 ov),86,10,57.5 ov,839,40,Nottinghamshire 251 & 224 - Lancashire 278 & 86,Win,Nottinghamshire,Lancashire,112 runs,112,runs,,"Lancashire: CH Lloyd 95, Wasim Akram 45 & 5 wkts | Nottinghamshire: BC Broad 104, DW Randall 85","Trafalgar Road, Southport",Southport,R Julian; R Palmer,"Nottinghamshire defeated Lancashire by 112 runs at Trafalgar Road, Southport (Southport).",Wisden Cricketers' Almanack / England and Wales Cricket Board Official Archive
183,CCH_1981_183,1981,1981,County Championship,Single Division,Single Division,Round 21,1981-08-26,1981-08-26,1981-08-28,3,Sussex,Nottinghamshire,Sussex,Nottinghamshire,Sussex,bat,Sussex,Nottinghamshire,Sussex,299/10 (90.2 ov),299,10,90.2 ov,Nottinghamshire,283/10 (109.4 ov),283,10,109.4 ov,No,Sussex,250/10 (64.1 ov),250,10,64.1 ov,Nottinghamshire,270/7 (42.2 ov),270,7,42.2 ov,1102,37,Sussex 299 & 250 - Nottinghamshire 283 & 270/7,Win,Nottinghamshire,Sussex,3 wickets,3,wickets,,"Sussex: CM Wells 84 & 2 wkts, GGD Gould 58 | Nottinghamshire: CEB Rice 92 & 4 wkts, BN French 45","Arundel Castle Cricket Ground, Arundel",Arundel,P Willey; D Oslear,"Nottinghamshire defeated Sussex by 3 wickets at Arundel Castle Cricket Ground, Arundel (Arundel).",Wisden Cricketers' Almanack / England and Wales Cricket Board Official Archive
184,CCH_1981_184,1981,1981,County Championship,Single Division,Single Division,Round 21,1981-08-26,1981-08-26,1981-08-28,3,Yorkshire,Nottinghamshire,Yorkshire,Nottinghamshire,Yorkshire,bat,Yorkshire,Nottinghamshire,Yorkshire,386/6d (130.3 ov),386,6,130.3 ov,Nottinghamshire,181/10 (65.4 ov),181,10,65.4 ov,Yes,Nottinghamshire,181/10 (63.1 ov),181,10,63.1 ov,,,,,,748,26,Yorkshire 386/6d - Nottinghamshire 181 & 181,Win,Yorkshire,Nottinghamshire,innings and 24 runs,24,innings and runs,,"Yorkshire: MD Moxon 96, G Boycott 115 | Nottinghamshire: RJ Hadlee 55 & 6 wkts, BN French 45","Abbeydale Park, Sheffield",Sheffield,JW Holder; P Willey,"Yorkshire defeated Nottinghamshire by innings and 24 runs at Abbeydale Park, Sheffield (Sheffield).",Wisden Cricketers' Almanack / England and Wales Cricket Board Official Archive
185,CCH_1981_185,1981,1981,County Championship,Single Division,Single Division,Round 21,1981-08-26,1981-08-26,1981-08-28,3,Somerset,Worcestershire,Somerset,Worcestershire,Worcestershire,bat,Worcestershire,Somerset,Worcestershire,264/10 (99.1 ov),264,10,99.1 ov,Somerset,296/10 (97.1 ov),296,10,97.1 ov,No,Worcestershire,189/10 (94.3 ov),189,10,94.3 ov,Somerset,158/2 (76.2 ov),158,2,76.2 ov,907,32,Worcestershire 264 & 189 - Somerset 296 & 158/2,Win,Somerset,Worcestershire,8 wickets,8,wickets,,"Somerset: IT Botham 88 & 4 wkts, IV Richards 135 & 1 wkts | Worcestershire: RK Illingworth 38 & 3 wkts, IT Botham 82 & 3 wkts","County Ground, Taunton",Taunton,DJ Shepherd; R Julian,"Somerset defeated Worcestershire by 8 wickets at County Ground, Taunton (Taunton).",Wisden Cricketers' Almanack / England and Wales Cricket Board Official Archive
186,CCH_1981_186,1981,1981,County Championship,Single Division,Single Division,Round 21,1981-08-26,1981-08-26,1981-08-28,3,Lancashire,Kent,Lancashire,Kent,Kent,bat,Kent,Lancashire,Kent,295/10 (75.3 ov),295,10,75.3 ov,Lancashire,309/10 (86.4 ov),309,10,86.4 ov,No,Kent,204/6d (68.0 ov),204,6,68.0 ov,Lancashire,152/10 (56.2 ov),152,10,56.2 ov,960,36,Kent 295 & 204 - Lancashire 309 & 152/10,Win,Kent,Lancashire,91 runs,91,runs,,"Lancashire: NH Fairbrother 88, Wasim Akram 45 & 5 wkts | Kent: GR Dilley 25 & 5 wkts, RM Ellison 42 & 4 wkts","Trafalgar Road, Southport",Southport,JW Holder; B Meyer,"Kent defeated Lancashire by 91 runs at Trafalgar Road, Southport (Southport).",Wisden Cricketers' Almanack / England and Wales Cricket Board Official Archive
187,CCH_1981_187,1981,1981,County Championship,Single Division,Single Division,Round 21,1981-08-26,1981-08-26,1981-08-28,3,Northamptonshire,Sussex,Northamptonshire,Sussex,Sussex,bat,Sussex,Northamptonshire,Sussex,444/9d (122.4 ov),444,9,122.4 ov,Northamptonshire,345/7 (122.3 ov),345,7,122.3 ov,No,Sussex,279/5d (68.1 ov),279,5,68.1 ov,Northamptonshire,166/4 (75.1 ov),166,4,75.1 ov,1234,25,Sussex 444/9d & 279/5d - Northamptonshire 345/7 & 166/4,Draw,Draw,None,Draw,,draw,,"Northamptonshire: NGB Cook 18 & 4 wkts, W Larkins 98 | Sussex: CM Wells 84 & 2 wkts, Imran Khan 92 & 5 wkts","County Ground, Northampton",Northampton,JW Holder; D Oslear,"Match drawn between Northamptonshire and Sussex at County Ground, Northampton (Northampton).",Wisden Cricketers' Almanack / England and Wales Cricket Board Official Archive
