Match Number,Match ID,Season,Season Year,Competition,Match Type,Division / Group,Stage / Round,Date,Start Date,End Date,Duration (Days),Team A,Team B,Home,Away,Toss Winner,Toss Decision,First Innings Team,Second Innings Team,Innings 1 Team,Innings 1 Score,Innings 1 Runs,Innings 1 Wickets,Innings 1 Overs,Innings 2 Team,Innings 2 Score,Innings 2 Runs,Innings 2 Wickets,Innings 2 Overs,Follow-On Enforced,Innings 3 Team,Innings 3 Score,Innings 3 Runs,Innings 3 Wickets,Innings 3 Overs,Innings 4 Team,Innings 4 Score,Innings 4 Runs,Innings 4 Wickets,Innings 4 Overs,Total Runs,Total Wickets,Match Score,Result,Winner,Loser,Winning Margin,Margin Value,Margin Type,Player of the Match,Notable Players,Venue,City,Umpires,A Succint one line match comment to summarise that match,Primary Data Source
1,CCH_2004_001,2004,2004,County Championship,Division Two,Division Two,Round 1,2004-04-28,2004-04-28,2004-05-01,4,Derbyshire,Yorkshire,Derbyshire,Yorkshire,Derbyshire,field,Yorkshire,Derbyshire,Yorkshire,418/10 (96.4 ov),418,10,96.4 ov,Derbyshire,391/9 (123.3 ov),391,9,123.3 ov,No,Yorkshire,181/8 (65.4 ov),181,8,65.4 ov,Derbyshire,216/4 (49.1 ov),216,4,49.1 ov,1206,31,Yorkshire 418/10 & 181/8 - Derbyshire 391/9 & 216/4,Draw,Draw,None,Draw,,draw,,"Derbyshire: KJ Dean 15 & 4 wkts, DG Cork 58 & 4 wkts | Yorkshire: D Gough 22 & 4 wkts, MP Vaughan 105","County Ground, Derby",Derby,MJ Kitchen; RA Kettleborough,"Match drawn between Derbyshire and Yorkshire at County Ground, Derby (Derby).",Wisden Cricketers' Almanack / England and Wales Cricket Board Official Archive
2,CCH_2004_002,2004,2004,County Championship,Division One,Division One,Round 1,2004-04-28,2004-04-28,2004-05-01,4,Lancashire,Worcestershire,Lancashire,Worcestershire,Lancashire,bat,Lancashire,Worcestershire,Lancashire,252/10 (109.2 ov),252,10,109.2 ov,Worcestershire,246/10 (89.4 ov),246,10,89.4 ov,No,Lancashire,228/5d (60.0 ov),228,5,60.0 ov,Worcestershire,207/10 (65.2 ov),207,10,65.2 ov,933,35,Lancashire 252 & 228d - Worcestershire 246 & 207,Win,Lancashire,Worcestershire,28 runs,28,runs,,"Lancashire: MB Loye 84, DG Cork 48 & 3 wkts | Worcestershire: GA Hick 112, VS Solanki 98","Trafalgar Road, Southport",Southport,PJ Hartley; MJ Kitchen,"Lancashire defeated Worcestershire by 28 runs at Trafalgar Road, Southport (Southport).",Wisden Cricketers' Almanack / England and Wales Cricket Board Official Archive
3,CCH_2004_003,2004,2004,County Championship,Division Two,Division Two,Round 1,2004-04-28,2004-04-28,2004-05-01,4,Somerset,Leicestershire,Somerset,Leicestershire,Leicestershire,field,Somerset,Leicestershire,Somerset,251/10 (95.5 ov),251,10,95.5 ov,Leicestershire,226/10 (78.1 ov),226,10,78.1 ov,No,Somerset,186/10 (64.0 ov),186,10,64.0 ov,Leicestershire,213/6 (74.0 ov),213,6,74.0 ov,876,36,Somerset 251 & 186 - Leicestershire 226 & 213/6,Win,Leicestershire,Somerset,4 wickets,4,wickets,,"Somerset: JC Hildreth 92, JL Langer 118 | Leicestershire: SCJ Broad 38 & 4 wkts, PA Nixon 64","Recreation Ground, Bath",Bath,RA Kettleborough; JH Hampshire,"Leicestershire defeated Somerset by 4 wickets at Recreation Ground, Bath (Bath).",Wisden Cricketers' Almanack / England and Wales Cricket Board Official Archive
4,CCH_2004_004,2004,2004,County Championship,Division One,Division One,Round 1,2004-04-28,2004-04-28,2004-05-01,4,Sussex,Kent,Sussex,Kent,Sussex,bat,Sussex,Kent,Sussex,359/9d (114.0 ov),359,9,114.0 ov,Kent,313/8 (93.4 ov),313,8,93.4 ov,No,Sussex,200/5d (81.4 ov),200,5,81.4 ov,Kent,141/3 (43.5 ov),141,3,43.5 ov,1013,25,Sussex 359/9d & 200/5d - Kent 313/8 & 141/3,Draw,Draw,None,Draw,,draw,,"Sussex: MW Goodwin 115, CJ Adams 95 | Kent: M van Jaarsveld 96, Amjad Khan 18 & 4 wkts","County Ground, Hove",Hove,NA Mallender; JW Lloyds,"Match drawn between Sussex and Kent at County Ground, Hove (Hove).",Wisden Cricketers' Almanack / England and Wales Cricket Board Official Archive
5,CCH_2004_005,2004,2004,County Championship,Division One,Division One,Round 1,2004-04-28,2004-04-28,2004-05-01,4,Sussex,Northamptonshire,Sussex,Northamptonshire,Northamptonshire,field,Sussex,Northamptonshire,Sussex,353/10 (84.2 ov),353,10,84.2 ov,Northamptonshire,335/10 (91.3 ov),335,10,91.3 ov,No,Sussex,244/7d (71.2 ov),244,7,71.2 ov,Northamptonshire,185/10 (75.0 ov),185,10,75.0 ov,1117,37,Sussex 353 & 244d - Northamptonshire 335 & 185,Win,Sussex,Northamptonshire,78 runs,78,runs,,"Sussex: Mushtaq Ahmed 22 & 6 wkts, CJ Adams 95 | Northamptonshire: U Afzaal 82, JJ van der Wath 48 & 3 wkts","County Ground, Hove",Hove,RK Illingworth; IJ Gould,"Sussex defeated Northamptonshire by 78 runs at County Ground, Hove (Hove).",Wisden Cricketers' Almanack / England and Wales Cricket Board Official Archive
6,CCH_2004_006,2004,2004,County Championship,Division Two,Division Two,Round 1,2004-04-28,2004-04-28,2004-05-01,4,Nottinghamshire,Hampshire,Nottinghamshire,Hampshire,Nottinghamshire,bat,Nottinghamshire,Hampshire,Nottinghamshire,446/6d (111.0 ov),446,6,111.0 ov,Hampshire,193/10 (58.3 ov),193,10,58.3 ov,Yes,Hampshire,193/10 (81.5 ov),193,10,81.5 ov,,,,,,832,26,Nottinghamshire 446/6d - Hampshire 193 & 193,Win,Nottinghamshire,Hampshire,innings and 60 runs,60,innings and runs,,"Nottinghamshire: CMW Read 68, KP Pietersen 122 & 1 wkts | Hampshire: SK Warne 48 & 5 wkts, AD Mascarenhas 65 & 3 wkts","Trent Bridge, Nottingham",Nottingham,RK Illingworth; RA Kettleborough,"Nottinghamshire defeated Hampshire by innings and 60 runs at Trent Bridge, Nottingham (Nottingham).",Wisden Cricketers' Almanack / England and Wales Cricket Board Official Archive
7,CCH_2004_007,2004,2004,County Championship,Division One,Division One,Round 1,2004-04-28,2004-04-28,2004-05-01,4,Kent,Middlesex,Kent,Middlesex,Middlesex,field,Kent,Middlesex,Kent,213/10 (75.4 ov),213,10,75.4 ov,Middlesex,408/7 (139.1 ov),408,7,139.1 ov,Yes,Kent,165/10 (59.1 ov),165,10,59.1 ov,,,,,,786,27,Kent 213 & 165 - Middlesex 408/7d,Win,Middlesex,Kent,innings and 30 runs,30,innings and runs,,"Kent: JC Tredwell 42 & 3 wkts, M van Jaarsveld 96 | Middlesex: AJ Strauss 112, SD Udal 42 & 3 wkts","Crabble Athletic Ground, Dover",Dover,PJ Hartley; JH Hampshire,"Middlesex defeated Kent by innings and 30 runs at Crabble Athletic Ground, Dover (Dover).",Wisden Cricketers' Almanack / England and Wales Cricket Board Official Archive
8,CCH_2004_008,2004,2004,County Championship,Division Two,Division Two,Round 2,2004-05-04,2004-05-04,2004-05-07,4,Nottinghamshire,Derbyshire,Nottinghamshire,Derbyshire,Nottinghamshire,bat,Nottinghamshire,Derbyshire,Nottinghamshire,260/10 (82.5 ov),260,10,82.5 ov,Derbyshire,304/10 (82.5 ov),304,10,82.5 ov,No,Nottinghamshire,200/4d (57.0 ov),200,4,57.0 ov,Derbyshire,159/10 (66.3 ov),159,10,66.3 ov,923,34,Nottinghamshire 260 & 200 - Derbyshire 304 & 159/10,Win,Nottinghamshire,Derbyshire,54 runs,54,runs,,"Nottinghamshire: RJ Sidebottom 18 & 5 wkts, KP Pietersen 122 & 1 wkts | Derbyshire: SD Stubbings 76, KJ Dean 15 & 4 wkts","Trent Bridge, Nottingham",Nottingham,MJ Kitchen; MJC Gough,"Nottinghamshire defeated Derbyshire by 54 runs at Trent Bridge, Nottingham (Nottingham).",Wisden Cricketers' Almanack / England and Wales Cricket Board Official Archive
9,CCH_2004_009,2004,2004,County Championship,Division Two,Division Two,Round 2,2004-05-04,2004-05-04,2004-05-07,4,Essex,Durham,Essex,Durham,Durham,field,Essex,Durham,Essex,340/8d (101.3 ov),340,8,101.3 ov,Durham,311/9 (103.2 ov),311,9,103.2 ov,No,Essex,230/4d (82.1 ov),230,4,82.1 ov,Durham,174/3 (63.2 ov),174,3,63.2 ov,1055,24,Essex 340/8d & 230/4d - Durham 311/9 & 174/3,Draw,Draw,None,Draw,,draw,,"Essex: JS Foster 68, Danish Kaneria 20 & 6 wkts | Durham: MJ Di Venuto 110, PD Collingwood 95 & 2 wkts","County Ground, Chelmsford",Chelmsford,RK Illingworth; PJ Hartley,"Match drawn between Essex and Durham at County Ground, Chelmsford (Chelmsford).",Wisden Cricketers' Almanack / England and Wales Cricket Board Official Archive
10,CCH_2004_010,2004,2004,County Championship,Division One,Division One,Round 2,2004-05-04,2004-05-04,2004-05-07,4,Worcestershire,Surrey,Worcestershire,Surrey,Worcestershire,bat,Worcestershire,Surrey,Worcestershire,323/10 (83.4 ov),323,10,83.4 ov,Surrey,351/10 (106.3 ov),351,10,106.3 ov,No,Worcestershire,238/6d (68.0 ov),238,6,68.0 ov,Surrey,172/10 (58.3 ov),172,10,58.3 ov,1084,36,Worcestershire 323 & 238 - Surrey 351 & 172/10,Win,Worcestershire,Surrey,31 runs,31,runs,,"Worcestershire: VS Solanki 98, Kabir Ali 28 & 5 wkts | Surrey: MP Bicknell 35 & 4 wkts, MA Butcher 98","New Road, Worcester",Worcester,JW Lloyds; G Sharp,"Worcestershire defeated Surrey by 31 runs at New Road, Worcester (Worcester).",Wisden Cricketers' Almanack / England and Wales Cricket Board Official Archive
11,CCH_2004_011,2004,2004,County Championship,Division Two,Division Two,Round 2,2004-05-04,2004-05-04,2004-05-07,4,Yorkshire,Nottinghamshire,Yorkshire,Nottinghamshire,Yorkshire,bat,Yorkshire,Nottinghamshire,Yorkshire,356/10 (91.1 ov),356,10,91.1 ov,Nottinghamshire,348/10 (84.0 ov),348,10,84.0 ov,No,Yorkshire,169/10 (61.3 ov),169,10,61.3 ov,Nottinghamshire,178/4 (48.4 ov),178,4,48.4 ov,1051,34,Yorkshire 356 & 169 - Nottinghamshire 348 & 178/4,Win,Nottinghamshire,Yorkshire,6 wickets,6,wickets,,"Yorkshire: MP Vaughan 105, MJ Hoggard 15 & 5 wkts | Nottinghamshire: RJ Sidebottom 18 & 5 wkts, KP Pietersen 122 & 1 wkts","Abbeydale Park, Sheffield",Sheffield,PJ Hartley; NA Mallender,"Nottinghamshire defeated Yorkshire by 6 wickets at Abbeydale Park, Sheffield (Sheffield).",Wisden Cricketers' Almanack / England and Wales Cricket Board Official Archive
12,CCH_2004_012,2004,2004,County Championship,Division Two,Division Two,Round 2,2004-05-04,2004-05-04,2004-05-07,4,Durham,Leicestershire,Durham,Leicestershire,Durham,bat,Durham,Leicestershire,Durham,300/10 (103.0 ov),300,10,103.0 ov,Leicestershire,332/10 (83.2 ov),332,10,83.2 ov,No,Durham,186/10 (66.2 ov),186,10,66.2 ov,Leicestershire,155/4 (75.3 ov),155,4,75.3 ov,973,34,Durham 300 & 186 - Leicestershire 332 & 155/4,Win,Leicestershire,Durham,6 wickets,6,wickets,,"Durham: DM Benkenstein 88, MJ Di Venuto 110 | Leicestershire: PA Nixon 64, BJ Hodge 115 & 1 wkts","Racecourse Ground, Durham",Durham,G Sharp; JH Hampshire,"Leicestershire defeated Durham by 6 wickets at Racecourse Ground, Durham (Durham).",Wisden Cricketers' Almanack / England and Wales Cricket Board Official Archive
13,CCH_2004_013,2004,2004,County Championship,Division One,Division One,Round 2,2004-05-04,2004-05-04,2004-05-07,4,Surrey,Gloucestershire,Surrey,Gloucestershire,Surrey,bat,Surrey,Gloucestershire,Surrey,501/7d (116.2 ov),501,7,116.2 ov,Gloucestershire,213/10 (64.0 ov),213,10,64.0 ov,Yes,Gloucestershire,214/10 (81.1 ov),214,10,81.1 ov,,,,,,928,27,Surrey 501/7d - Gloucestershire 213 & 214,Win,Surrey,Gloucestershire,innings and 74 runs,74,innings and runs,,"Surrey: MR Ramprakash 135, IDK Salisbury 25 & 3 wkts | Gloucestershire: RC Russell 62, JMM Averis 18 & 4 wkts","The Oval, Kennington, London",London,JH Hampshire; MJC Gough,"Surrey defeated Gloucestershire by innings and 74 runs at The Oval, Kennington, London (London).",Wisden Cricketers' Almanack / England and Wales Cricket Board Official Archive
14,CCH_2004_014,2004,2004,County Championship,Division One,Division One,Round 2,2004-05-04,2004-05-04,2004-05-07,4,Gloucestershire,Lancashire,Gloucestershire,Lancashire,Gloucestershire,bat,Gloucestershire,Lancashire,Gloucestershire,402/7d (97.0 ov),402,7,97.0 ov,Lancashire,283/7 (117.2 ov),283,7,117.2 ov,No,Gloucestershire,277/6d (82.2 ov),277,6,82.2 ov,Lancashire,163/6 (73.1 ov),163,6,73.1 ov,1125,26,Gloucestershire 402/7d & 277/6d - Lancashire 283/7 & 163/6,Draw,Draw,None,Draw,,draw,,"Gloucestershire: JMM Averis 18 & 4 wkts, MW Alleyne 68 & 2 wkts | Lancashire: SG Law 102 & 1 wkts, MB Loye 84","College Ground, Cheltenham",Cheltenham,MJ Kitchen; IJ Gould,"Match drawn between Gloucestershire and Lancashire at College Ground, Cheltenham (Cheltenham).",Wisden Cricketers' Almanack / England and Wales Cricket Board Official Archive
15,CCH_2004_015,2004,2004,County Championship,Division Two,Division Two,Round 3,2004-05-10,2004-05-10,2004-05-13,4,Somerset,Yorkshire,Somerset,Yorkshire,Yorkshire,field,Somerset,Yorkshire,Somerset,411/9d (106.3 ov),411,9,106.3 ov,Yorkshire,296/7 (117.3 ov),296,7,117.3 ov,No,Somerset,245/7d (71.1 ov),245,7,71.1 ov,Yorkshire,186/6 (74.1 ov),186,6,74.1 ov,1138,29,Somerset 411/9d & 245/7d - Yorkshire 296/7 & 186/6,Draw,Draw,None,Draw,,draw,,"Somerset: JC Hildreth 92, AR Caddick 18 & 5 wkts | Yorkshire: D Gough 22 & 4 wkts, A McGrath 84 & 2 wkts","Recreation Ground, Bath",Bath,JH Hampshire; NA Mallender,"Match drawn between Somerset and Yorkshire at Recreation Ground, Bath (Bath).",Wisden Cricketers' Almanack / England and Wales Cricket Board Official Archive
16,CCH_2004_016,2004,2004,County Championship,Division One,Division One,Round 3,2004-05-10,2004-05-10,2004-05-13,4,Northamptonshire,Kent,Northamptonshire,Kent,Northamptonshire,bat,Northamptonshire,Kent,Northamptonshire,414/10 (108.5 ov),414,10,108.5 ov,Kent,400/10 (106.2 ov),400,10,106.2 ov,No,Northamptonshire,217/8 (59.5 ov),217,8,59.5 ov,Kent,133/7 (70.1 ov),133,7,70.1 ov,1164,35,Northamptonshire 414/10 & 217/8 - Kent 400/10 & 133/7,Draw,Draw,None,Draw,,draw,,"Northamptonshire: JF Brown 25 & 4 wkts, U Afzaal 82 | Kent: GO Jones 68, JC Tredwell 42 & 3 wkts","County Ground, Northampton",Northampton,MJC Gough; NA Mallender,"Match drawn between Northamptonshire and Kent at County Ground, Northampton (Northampton).",Wisden Cricketers' Almanack / England and Wales Cricket Board Official Archive
17,CCH_2004_017,2004,2004,County Championship,Division One,Division One,Round 3,2004-05-10,2004-05-10,2004-05-13,4,Sussex,Middlesex,Sussex,Middlesex,Middlesex,bat,Middlesex,Sussex,Middlesex,413/10 (101.1 ov),413,10,101.1 ov,Sussex,346/7 (124.5 ov),346,7,124.5 ov,No,Middlesex,286/4d (59.2 ov),286,4,59.2 ov,Sussex,142/3 (41.1 ov),142,3,41.1 ov,1187,24,Middlesex 413/10 & 286/4d - Sussex 346/7 & 142/3,Draw,Draw,None,Draw,,draw,,"Sussex: RJ Kirtley 20 & 4 wkts, CJ Adams 95 | Middlesex: AJ Strauss 112, OA Shah 88","County Ground, Hove",Hove,JH Hampshire; PJ Hartley,"Match drawn between Sussex and Middlesex at County Ground, Hove (Hove).",Wisden Cricketers' Almanack / England and Wales Cricket Board Official Archive
18,CCH_2004_018,2004,2004,County Championship,Division One,Division One,Round 3,2004-05-10,2004-05-10,2004-05-13,4,Surrey,Lancashire,Surrey,Lancashire,Lancashire,bat,Lancashire,Surrey,Lancashire,442/7d (130.2 ov),442,7,130.2 ov,Surrey,289/8 (118.2 ov),289,8,118.2 ov,No,Lancashire,264/3d (69.0 ov),264,3,69.0 ov,Surrey,199/6 (49.0 ov),199,6,49.0 ov,1194,24,Lancashire 442/7d & 264/3d - Surrey 289/8 & 199/6,Draw,Draw,None,Draw,,draw,,"Surrey: MP Bicknell 35 & 4 wkts, MR Ramprakash 135 | Lancashire: DG Cork 48 & 3 wkts, MB Loye 84","Woodbridge Road, Guildford",Guildford,IJ Gould; NA Mallender,"Match drawn between Surrey and Lancashire at Woodbridge Road, Guildford (Guildford).",Wisden Cricketers' Almanack / England and Wales Cricket Board Official Archive
19,CCH_2004_019,2004,2004,County Championship,Division Two,Division Two,Round 3,2004-05-10,2004-05-10,2004-05-13,4,Derbyshire,Leicestershire,Derbyshire,Leicestershire,Leicestershire,bat,Leicestershire,Derbyshire,Leicestershire,413/6d (122.2 ov),413,6,122.2 ov,Derbyshire,383/10 (124.5 ov),383,10,124.5 ov,No,Leicestershire,199/6d (82.0 ov),199,6,82.0 ov,Derbyshire,156/8 (71.5 ov),156,8,71.5 ov,1151,30,Leicestershire 413/6d & 199/6d - Derbyshire 383/10 & 156/8,Draw,Draw,None,Draw,,draw,,"Derbyshire: SD Stubbings 76, G Welch 45 & 3 wkts | Leicestershire: PA Nixon 64, DL Maddy 88 & 2 wkts","Queen's Park, Chesterfield",Chesterfield,JH Hampshire; IJ Gould,"Match drawn between Derbyshire and Leicestershire at Queen's Park, Chesterfield (Chesterfield).",Wisden Cricketers' Almanack / England and Wales Cricket Board Official Archive
20,CCH_2004_020,2004,2004,County Championship,Division Two,Division Two,Round 3,2004-05-10,2004-05-10,2004-05-13,4,Leicestershire,Durham,Leicestershire,Durham,Leicestershire,bat,Leicestershire,Durham,Leicestershire,292/10 (82.1 ov),292,10,82.1 ov,Durham,311/10 (92.0 ov),311,10,92.0 ov,No,Leicestershire,272/10 (83.5 ov),272,10,83.5 ov,Durham,257/7 (49.4 ov),257,7,49.4 ov,1132,37,Leicestershire 292 & 272 - Durham 311 & 257/7,Win,Durham,Leicestershire,3 wickets,3,wickets,,"Leicestershire: SCJ Broad 38 & 4 wkts, PA Nixon 64 | Durham: DM Benkenstein 88, G Onions 15 & 5 wkts","Grace Road, Leicester",Leicester,JW Lloyds; MJC Gough,"Durham defeated Leicestershire by 3 wickets at Grace Road, Leicester (Leicester).",Wisden Cricketers' Almanack / England and Wales Cricket Board Official Archive
21,CCH_2004_021,2004,2004,County Championship,Division One,Division One,Round 3,2004-05-10,2004-05-10,2004-05-13,4,Surrey,Middlesex,Surrey,Middlesex,Middlesex,field,Surrey,Middlesex,Surrey,298/10 (107.1 ov),298,10,107.1 ov,Middlesex,266/10 (94.1 ov),266,10,94.1 ov,No,Surrey,273/7d (70.2 ov),273,7,70.2 ov,Middlesex,192/10 (65.5 ov),192,10,65.5 ov,1029,37,Surrey 298 & 273d - Middlesex 266 & 192,Win,Surrey,Middlesex,114 runs,114,runs,,"Surrey: Saqlain Mushtaq 20 & 5 wkts, MA Butcher 98 | Middlesex: AJ Strauss 112, TJ Murtagh 20 & 4 wkts","The Oval, Kennington, London",London,IJ Gould; RA Kettleborough,"Surrey defeated Middlesex by 114 runs at The Oval, Kennington, London (London).",Wisden Cricketers' Almanack / England and Wales Cricket Board Official Archive
22,CCH_2004_022,2004,2004,County Championship,Division Two,Division Two,Round 4,2004-05-16,2004-05-16,2004-05-19,4,Glamorgan,Nottinghamshire,Glamorgan,Nottinghamshire,Glamorgan,bat,Glamorgan,Nottinghamshire,Glamorgan,383/7d (118.2 ov),383,7,118.2 ov,Nottinghamshire,327/9 (112.2 ov),327,9,112.2 ov,No,Glamorgan,259/4d (75.5 ov),259,4,75.5 ov,Nottinghamshire,212/7 (59.3 ov),212,7,59.3 ov,1181,27,Glamorgan 383/7d & 259/4d - Nottinghamshire 327/9 & 212/7,Draw,Draw,None,Draw,,draw,,"Glamorgan: MS Kasprowicz 25 & 5 wkts, MD Maynard 92 | Nottinghamshire: KP Pietersen 122 & 1 wkts, RJ Sidebottom 18 & 5 wkts","Penrhyn Avenue, Colwyn Bay",Colwyn Bay,MJ Kitchen; NA Mallender,"Match drawn between Glamorgan and Nottinghamshire at Penrhyn Avenue, Colwyn Bay (Colwyn Bay).",Wisden Cricketers' Almanack / England and Wales Cricket Board Official Archive
23,CCH_2004_023,2004,2004,County Championship,Division One,Division One,Round 4,2004-05-16,2004-05-16,2004-05-19,4,Lancashire,Middlesex,Lancashire,Middlesex,Lancashire,bat,Lancashire,Middlesex,Lancashire,217/10 (53.1 ov),217,10,53.1 ov,Middlesex,468/7 (139.3 ov),468,7,139.3 ov,Yes,Lancashire,183/10 (63.2 ov),183,10,63.2 ov,,,,,,868,27,Lancashire 217 & 183 - Middlesex 468/7d,Win,Middlesex,Lancashire,innings and 68 runs,68,innings and runs,,"Lancashire: DG Cork 48 & 3 wkts, G Chapple 55 & 4 wkts | Middlesex: SD Udal 42 & 3 wkts, AJ Strauss 112","Trafalgar Road, Southport",Southport,RK Illingworth; JH Hampshire,"Middlesex defeated Lancashire by innings and 68 runs at Trafalgar Road, Southport (Southport).",Wisden Cricketers' Almanack / England and Wales Cricket Board Official Archive
24,CCH_2004_024,2004,2004,County Championship,Division Two,Division Two,Round 4,2004-05-16,2004-05-16,2004-05-19,4,Leicestershire,Glamorgan,Leicestershire,Glamorgan,Glamorgan,field,Leicestershire,Glamorgan,Leicestershire,328/6d (128.2 ov),328,6,128.2 ov,Glamorgan,360/9d (106.0 ov),360,9,106.0 ov,No,Leicestershire,280/8 (79.2 ov),280,8,79.2 ov,Glamorgan,154/5 (74.3 ov),154,5,74.3 ov,1122,28,Leicestershire 328/6d & 280/8 - Glamorgan 360/9d & 154/5,Draw,Draw,None,Draw,,draw,,"Leicestershire: CW Henderson 18 & 4 wkts, DL Maddy 88 & 2 wkts | Glamorgan: MS Kasprowicz 25 & 5 wkts, DS Harrison 18 & 4 wkts","Grace Road, Leicester",Leicester,RA Kettleborough; JH Hampshire,"Match drawn between Leicestershire and Glamorgan at Grace Road, Leicester (Leicester).",Wisden Cricketers' Almanack / England and Wales Cricket Board Official Archive
25,CCH_2004_025,2004,2004,County Championship,Division One,Division One,Round 4,2004-05-16,2004-05-16,2004-05-19,4,Warwickshire,Northamptonshire,Warwickshire,Northamptonshire,Warwickshire,field,Northamptonshire,Warwickshire,Northamptonshire,374/6d (120.1 ov),374,6,120.1 ov,Warwickshire,394/10 (101.1 ov),394,10,101.1 ov,No,Northamptonshire,229/6d (54.0 ov),229,6,54.0 ov,Warwickshire,211/6 (66.0 ov),211,6,66.0 ov,1208,28,Northamptonshire 374/6d & 229/6d - Warwickshire 394/10 & 211/6,Draw,Draw,None,Draw,,draw,,"Warwickshire: IR Bell 115, AF Giles 42 & 3 wkts | Northamptonshire: JF Brown 25 & 4 wkts, DJ Sales 105","Edgbaston, Birmingham",Birmingham,MJC Gough; JH Hampshire,"Match drawn between Warwickshire and Northamptonshire at Edgbaston, Birmingham (Birmingham).",Wisden Cricketers' Almanack / England and Wales Cricket Board Official Archive
26,CCH_2004_026,2004,2004,County Championship,Division One,Division One,Round 4,2004-05-16,2004-05-16,2004-05-19,4,Warwickshire,Worcestershire,Warwickshire,Worcestershire,Warwickshire,bat,Warwickshire,Worcestershire,Warwickshire,270/10 (99.4 ov),270,10,99.4 ov,Worcestershire,246/10 (101.0 ov),246,10,101.0 ov,No,Warwickshire,244/7d (60.0 ov),244,7,60.0 ov,Worcestershire,149/10 (63.5 ov),149,10,63.5 ov,909,37,Warwickshire 270 & 244 - Worcestershire 246 & 149/10,Win,Warwickshire,Worcestershire,88 runs,88,runs,,"Warwickshire: IR Bell 115, HH Streak 45 & 4 wkts | Worcestershire: VS Solanki 98, DKH Mitchell 75","Edgbaston, Birmingham",Birmingham,P Willey; RA Kettleborough,"Warwickshire defeated Worcestershire by 88 runs at Edgbaston, Birmingham (Birmingham).",Wisden Cricketers' Almanack / England and Wales Cricket Board Official Archive
27,CCH_2004_027,2004,2004,County Championship,Division Two,Division Two,Round 4,2004-05-16,2004-05-16,2004-05-19,4,Nottinghamshire,Essex,Nottinghamshire,Essex,Essex,field,Nottinghamshire,Essex,Nottinghamshire,388/5d (133.1 ov),388,5,133.1 ov,Essex,159/10 (79.2 ov),159,10,79.2 ov,Yes,Essex,160/10 (75.5 ov),160,10,75.5 ov,,,,,,707,25,Nottinghamshire 388/5d - Essex 159 & 160,Win,Nottinghamshire,Essex,innings and 69 runs,69,innings and runs,,"Nottinghamshire: SCJ Broad 42 & 4 wkts, SP Fleming 110 | Essex: GR Napier 48 & 3 wkts, AN Cook 125","Trent Bridge, Nottingham",Nottingham,RK Illingworth; PJ Hartley,"Nottinghamshire defeated Essex by innings and 69 runs at Trent Bridge, Nottingham (Nottingham).",Wisden Cricketers' Almanack / England and Wales Cricket Board Official Archive
28,CCH_2004_028,2004,2004,County Championship,Division One,Division One,Round 4,2004-05-16,2004-05-16,2004-05-19,4,Worcestershire,Kent,Worcestershire,Kent,Worcestershire,bat,Worcestershire,Kent,Worcestershire,207/10 (73.3 ov),207,10,73.3 ov,Kent,429/9 (113.0 ov),429,9,113.0 ov,Yes,Worcestershire,161/10 (75.0 ov),161,10,75.0 ov,,,,,,797,29,Worcestershire 207 & 161 - Kent 429/9d,Win,Kent,Worcestershire,innings and 61 runs,61,innings and runs,,"Worcestershire: Kabir Ali 28 & 5 wkts, DKH Mitchell 75 | Kent: Amjad Khan 18 & 4 wkts, M van Jaarsveld 96","New Road, Worcester",Worcester,JW Lloyds; JH Hampshire,"Kent defeated Worcestershire by innings and 61 runs at New Road, Worcester (Worcester).",Wisden Cricketers' Almanack / England and Wales Cricket Board Official Archive
29,CCH_2004_029,2004,2004,County Championship,Division One,Division One,Round 5,2004-05-22,2004-05-22,2004-05-25,4,Middlesex,Warwickshire,Middlesex,Warwickshire,Middlesex,field,Warwickshire,Middlesex,Warwickshire,321/9d (98.3 ov),321,9,98.3 ov,Middlesex,304/9 (111.5 ov),304,9,111.5 ov,No,Warwickshire,261/7d (58.1 ov),261,7,58.1 ov,Middlesex,156/4 (70.0 ov),156,4,70.0 ov,1042,29,Warwickshire 321/9d & 261/7d - Middlesex 304/9 & 156/4,Draw,Draw,None,Draw,,draw,,"Middlesex: TJ Murtagh 20 & 4 wkts, OA Shah 88 | Warwickshire: IR Bell 115, HH Streak 45 & 4 wkts","Lord's Cricket Ground, London",London,RA Kettleborough; P Willey,"Match drawn between Middlesex and Warwickshire at Lord's Cricket Ground, London (London).",Wisden Cricketers' Almanack / England and Wales Cricket Board Official Archive
30,CCH_2004_030,2004,2004,County Championship,Division Two,Division Two,Round 5,2004-05-22,2004-05-22,2004-05-25,4,Nottinghamshire,Yorkshire,Nottinghamshire,Yorkshire,Yorkshire,field,Nottinghamshire,Yorkshire,Nottinghamshire,382/5d (132.4 ov),382,5,132.4 ov,Yorkshire,140/10 (65.2 ov),140,10,65.2 ov,Yes,Yorkshire,140/10 (74.0 ov),140,10,74.0 ov,,,,,,662,25,Nottinghamshire 382/5d - Yorkshire 140 & 140,Win,Nottinghamshire,Yorkshire,innings and 102 runs,102,innings and runs,,"Nottinghamshire: SP Fleming 110, KP Pietersen 122 & 1 wkts | Yorkshire: D Gough 22 & 4 wkts, A McGrath 84 & 2 wkts","Trent Bridge, Nottingham",Nottingham,RA Kettleborough; IJ Gould,"Nottinghamshire defeated Yorkshire by innings and 102 runs at Trent Bridge, Nottingham (Nottingham).",Wisden Cricketers' Almanack / England and Wales Cricket Board Official Archive
31,CCH_2004_031,2004,2004,County Championship,Division Two,Division Two,Round 5,2004-05-22,2004-05-22,2004-05-25,4,Yorkshire,Somerset,Yorkshire,Somerset,Yorkshire,bat,Yorkshire,Somerset,Yorkshire,379/6d (128.1 ov),379,6,128.1 ov,Somerset,371/9 (116.0 ov),371,9,116.0 ov,No,Yorkshire,229/5d (57.4 ov),229,5,57.4 ov,Somerset,224/8 (55.1 ov),224,8,55.1 ov,1203,28,Yorkshire 379/6d & 229/5d - Somerset 371/9 & 224/8,Draw,Draw,None,Draw,,draw,,"Yorkshire: A McGrath 84 & 2 wkts, MP Vaughan 105 | Somerset: AR Caddick 18 & 5 wkts, JC Hildreth 92","North Marine Road Ground, Scarborough",Scarborough,G Sharp; MJC Gough,"Match drawn between Yorkshire and Somerset at North Marine Road Ground, Scarborough (Scarborough).",Wisden Cricketers' Almanack / England and Wales Cricket Board Official Archive
32,CCH_2004_032,2004,2004,County Championship,Division One,Division One,Round 5,2004-05-22,2004-05-22,2004-05-25,4,Gloucestershire,Warwickshire,Gloucestershire,Warwickshire,Gloucestershire,field,Warwickshire,Gloucestershire,Warwickshire,365/10 (83.1 ov),365,10,83.1 ov,Gloucestershire,299/10 (99.4 ov),299,10,99.4 ov,No,Warwickshire,262/10 (70.0 ov),262,10,70.0 ov,Gloucestershire,199/10 (82.2 ov),199,10,82.2 ov,1125,40,Warwickshire 365 & 262 - Gloucestershire 299 & 199,Win,Warwickshire,Gloucestershire,130 runs,130,runs,,"Gloucestershire: J Lewis 22 & 5 wkts, RC Russell 62 | Warwickshire: NV Knight 88, IR Bell 115","College Ground, Cheltenham",Cheltenham,JH Hampshire; PJ Hartley,"Warwickshire defeated Gloucestershire by 130 runs at College Ground, Cheltenham (Cheltenham).",Wisden Cricketers' Almanack / England and Wales Cricket Board Official Archive
33,CCH_2004_033,2004,2004,County Championship,Division Two,Division Two,Round 5,2004-05-22,2004-05-22,2004-05-25,4,Leicestershire,Somerset,Leicestershire,Somerset,Somerset,bat,Somerset,Leicestershire,Somerset,270/10 (93.5 ov),270,10,93.5 ov,Leicestershire,278/10 (89.0 ov),278,10,89.0 ov,No,Somerset,258/10 (76.2 ov),258,10,76.2 ov,Leicestershire,254/5 (44.2 ov),254,5,44.2 ov,1060,35,Somerset 270 & 258 - Leicestershire 278 & 254/5,Win,Leicestershire,Somerset,5 wickets,5,wickets,,"Leicestershire: DL Maddy 88 & 2 wkts, SCJ Broad 38 & 4 wkts | Somerset: ME Trescothick 120, JL Langer 118","Grace Road, Leicester",Leicester,MJC Gough; NA Mallender,"Leicestershire defeated Somerset by 5 wickets at Grace Road, Leicester (Leicester).",Wisden Cricketers' Almanack / England and Wales Cricket Board Official Archive
34,CCH_2004_034,2004,2004,County Championship,Division One,Division One,Round 5,2004-05-22,2004-05-22,2004-05-25,4,Northamptonshire,Middlesex,Northamptonshire,Middlesex,Middlesex,bat,Middlesex,Northamptonshire,Middlesex,350/8d (110.4 ov),350,8,110.4 ov,Northamptonshire,304/9 (100.4 ov),304,9,100.4 ov,No,Middlesex,279/7d (79.3 ov),279,7,79.3 ov,Northamptonshire,143/7 (57.3 ov),143,7,57.3 ov,1076,31,Middlesex 350/8d & 279/7d - Northamptonshire 304/9 & 143/7,Draw,Draw,None,Draw,,draw,,"Northamptonshire: MS Panesar 15 & 5 wkts, U Afzaal 82 | Middlesex: OA Shah 88, AJ Strauss 112","County Ground, Northampton",Northampton,NA Mallender; JH Hampshire,"Match drawn between Northamptonshire and Middlesex at County Ground, Northampton (Northampton).",Wisden Cricketers' Almanack / England and Wales Cricket Board Official Archive
35,CCH_2004_035,2004,2004,County Championship,Division One,Division One,Round 5,2004-05-22,2004-05-22,2004-05-25,4,Kent,Surrey,Kent,Surrey,Surrey,bat,Surrey,Kent,Surrey,361/9d (98.4 ov),361,9,98.4 ov,Kent,328/10 (97.1 ov),328,10,97.1 ov,No,Surrey,204/3d (54.3 ov),204,3,54.3 ov,Kent,184/5 (42.0 ov),184,5,42.0 ov,1077,27,Surrey 361/9d & 204/3d - Kent 328/10 & 184/5,Draw,Draw,None,Draw,,draw,,"Kent: Amjad Khan 18 & 4 wkts, GO Jones 68 | Surrey: MA Butcher 98, MR Ramprakash 135","St Lawrence Ground, Canterbury",Canterbury,RK Illingworth; P Willey,"Match drawn between Kent and Surrey at St Lawrence Ground, Canterbury (Canterbury).",Wisden Cricketers' Almanack / England and Wales Cricket Board Official Archive
36,CCH_2004_036,2004,2004,County Championship,Division Two,Division Two,Round 6,2004-05-28,2004-05-28,2004-05-31,4,Durham,Somerset,Durham,Somerset,Durham,bat,Durham,Somerset,Durham,361/10 (88.1 ov),361,10,88.1 ov,Somerset,287/10 (72.1 ov),287,10,72.1 ov,No,Durham,219/6d (68.3 ov),219,6,68.3 ov,Somerset,156/10 (65.4 ov),156,10,65.4 ov,1023,36,Durham 361 & 219d - Somerset 287 & 156,Win,Somerset,Durham,138 runs,138,runs,,"Durham: PD Collingwood 95 & 2 wkts, MJ Di Venuto 110 | Somerset: ME Trescothick 120, JL Langer 118","Riverside Ground, Chester-le-Street",Chester-le-Street,MJC Gough; MJ Kitchen,"Somerset defeated Durham by 138 runs at Riverside Ground, Chester-le-Street (Chester-le-Street).",Wisden Cricketers' Almanack / England and Wales Cricket Board Official Archive
37,CCH_2004_037,2004,2004,County Championship,Division Two,Division Two,Round 6,2004-05-28,2004-05-28,2004-05-31,4,Hampshire,Glamorgan,Hampshire,Glamorgan,Hampshire,bat,Hampshire,Glamorgan,Hampshire,411/6d (125.2 ov),411,6,125.2 ov,Glamorgan,383/10 (120.0 ov),383,10,120.0 ov,No,Hampshire,284/6d (50.1 ov),284,6,50.1 ov,Glamorgan,218/5 (67.4 ov),218,5,67.4 ov,1296,27,Hampshire 411/6d & 284/6d - Glamorgan 383/10 & 218/5,Draw,Draw,None,Draw,,draw,,"Hampshire: AD Mascarenhas 65 & 3 wkts, N Pothas 62 | Glamorgan: DS Harrison 18 & 4 wkts, MD Maynard 92","County Ground, Northlands Road, Southampton",Southampton,NA Mallender; JH Hampshire,"Match drawn between Hampshire and Glamorgan at County Ground, Northlands Road, Southampton (Southampton).",Wisden Cricketers' Almanack / England and Wales Cricket Board Official Archive
38,CCH_2004_038,2004,2004,County Championship,Division One,Division One,Round 6,2004-05-28,2004-05-28,2004-05-31,4,Warwickshire,Middlesex,Warwickshire,Middlesex,Warwickshire,bat,Warwickshire,Middlesex,Warwickshire,298/10 (103.0 ov),298,10,103.0 ov,Middlesex,279/10 (84.3 ov),279,10,84.3 ov,No,Warwickshire,226/7d (66.0 ov),226,7,66.0 ov,Middlesex,168/10 (53.0 ov),168,10,53.0 ov,971,37,Warwickshire 298 & 226 - Middlesex 279 & 168/10,Win,Warwickshire,Middlesex,70 runs,70,runs,,"Warwickshire: IR Bell 115, HH Streak 45 & 4 wkts | Middlesex: EC Joyce 95, TJ Murtagh 20 & 4 wkts","Edgbaston, Birmingham",Birmingham,MJC Gough; RA Kettleborough,"Warwickshire defeated Middlesex by 70 runs at Edgbaston, Birmingham (Birmingham).",Wisden Cricketers' Almanack / England and Wales Cricket Board Official Archive
39,CCH_2004_039,2004,2004,County Championship,Division One,Division One,Round 6,2004-05-28,2004-05-28,2004-05-31,4,Surrey,Sussex,Surrey,Sussex,Sussex,bat,Sussex,Surrey,Sussex,290/10 (96.5 ov),290,10,96.5 ov,Surrey,349/10 (86.1 ov),349,10,86.1 ov,No,Sussex,224/4d (61.0 ov),224,4,61.0 ov,Surrey,185/10 (61.3 ov),185,10,61.3 ov,1048,34,Sussex 290 & 224 - Surrey 349 & 185/10,Win,Sussex,Surrey,81 runs,81,runs,,"Surrey: MP Bicknell 35 & 4 wkts, MA Butcher 98 | Sussex: RJ Kirtley 20 & 4 wkts, MJ Prior 78","Woodbridge Road, Guildford",Guildford,IJ Gould; JH Hampshire,"Sussex defeated Surrey by 81 runs at Woodbridge Road, Guildford (Guildford).",Wisden Cricketers' Almanack / England and Wales Cricket Board Official Archive
40,CCH_2004_040,2004,2004,County Championship,Division One,Division One,Round 6,2004-05-28,2004-05-28,2004-05-31,4,Gloucestershire,Sussex,Gloucestershire,Sussex,Gloucestershire,bat,Gloucestershire,Sussex,Gloucestershire,449/6d (136.4 ov),449,6,136.4 ov,Sussex,187/10 (76.3 ov),187,10,76.3 ov,Yes,Sussex,187/10 (74.1 ov),187,10,74.1 ov,,,,,,823,26,Gloucestershire 449/6d - Sussex 187 & 187,Win,Gloucestershire,Sussex,innings and 75 runs,75,innings and runs,,"Gloucestershire: CM Spearman 105, MW Alleyne 68 & 2 wkts | Sussex: CJ Adams 95, MJ Prior 78","College Ground, Cheltenham",Cheltenham,MJ Kitchen; G Sharp,"Gloucestershire defeated Sussex by innings and 75 runs at College Ground, Cheltenham (Cheltenham).",Wisden Cricketers' Almanack / England and Wales Cricket Board Official Archive
41,CCH_2004_041,2004,2004,County Championship,Division Two,Division Two,Round 6,2004-05-28,2004-05-28,2004-05-31,4,Glamorgan,Yorkshire,Glamorgan,Yorkshire,Yorkshire,bat,Yorkshire,Glamorgan,Yorkshire,449/6d (96.0 ov),449,6,96.0 ov,Glamorgan,365/9 (97.3 ov),365,9,97.3 ov,No,Yorkshire,290/4d (69.0 ov),290,4,69.0 ov,Glamorgan,210/5 (62.2 ov),210,5,62.2 ov,1314,24,Yorkshire 449/6d & 290/4d - Glamorgan 365/9 & 210/5,Draw,Draw,None,Draw,,draw,,"Glamorgan: MJ Powell 84, MD Maynard 92 | Yorkshire: A McGrath 84 & 2 wkts, D Gough 22 & 4 wkts","Sophia Gardens, Cardiff",Cardiff,JW Lloyds; PJ Hartley,"Match drawn between Glamorgan and Yorkshire at Sophia Gardens, Cardiff (Cardiff).",Wisden Cricketers' Almanack / England and Wales Cricket Board Official Archive
42,CCH_2004_042,2004,2004,County Championship,Division Two,Division Two,Round 6,2004-05-28,2004-05-28,2004-05-31,4,Yorkshire,Essex,Yorkshire,Essex,Essex,bat,Essex,Yorkshire,Essex,352/6d (121.2 ov),352,6,121.2 ov,Yorkshire,297/10 (91.2 ov),297,10,91.2 ov,No,Essex,180/6d (66.0 ov),180,6,66.0 ov,Yorkshire,221/5 (40.3 ov),221,5,40.3 ov,1050,27,Essex 352/6d & 180/6d - Yorkshire 297/10 & 221/5,Draw,Draw,None,Draw,,draw,,"Yorkshire: JA Rudolph 108, MJ Hoggard 15 & 5 wkts | Essex: JS Foster 68, RC Irani 78 & 2 wkts","Headingley, Leeds",Leeds,PJ Hartley; RK Illingworth,"Match drawn between Yorkshire and Essex at Headingley, Leeds (Leeds).",Wisden Cricketers' Almanack / England and Wales Cricket Board Official Archive
43,CCH_2004_043,2004,2004,County Championship,Division One,Division One,Round 7,2004-06-03,2004-06-03,2004-06-06,4,Gloucestershire,Northamptonshire,Gloucestershire,Northamptonshire,Northamptonshire,bat,Northamptonshire,Gloucestershire,Northamptonshire,438/7d (110.5 ov),438,7,110.5 ov,Gloucestershire,284/9 (99.5 ov),284,9,99.5 ov,No,Northamptonshire,184/6d (55.0 ov),184,6,55.0 ov,Gloucestershire,161/3 (57.1 ov),161,3,57.1 ov,1067,25,Northamptonshire 438/7d & 184/6d - Gloucestershire 284/9 & 161/3,Draw,Draw,None,Draw,,draw,,"Gloucestershire: J Lewis 22 & 5 wkts, CM Spearman 105 | Northamptonshire: JJ van der Wath 48 & 3 wkts, DJ Sales 105","County Ground, Bristol",Bristol,P Willey; NA Mallender,"Match drawn between Gloucestershire and Northamptonshire at County Ground, Bristol (Bristol).",Wisden Cricketers' Almanack / England and Wales Cricket Board Official Archive
44,CCH_2004_044,2004,2004,County Championship,Division One,Division One,Round 7,2004-06-03,2004-06-03,2004-06-06,4,Middlesex,Kent,Middlesex,Kent,Middlesex,bat,Middlesex,Kent,Middlesex,323/10 (101.0 ov),323,10,101.0 ov,Kent,364/10 (90.4 ov),364,10,90.4 ov,No,Middlesex,196/10 (78.2 ov),196,10,78.2 ov,Kent,159/3 (42.5 ov),159,3,42.5 ov,1042,33,Middlesex 323 & 196 - Kent 364 & 159/3,Win,Kent,Middlesex,7 wickets,7,wickets,,"Middlesex: TJ Murtagh 20 & 4 wkts, EC Joyce 95 | Kent: JC Tredwell 42 & 3 wkts, RWT Key 104","Uxbridge Cricket Club Ground, Uxbridge",Uxbridge,G Sharp; RK Illingworth,"Kent defeated Middlesex by 7 wickets at Uxbridge Cricket Club Ground, Uxbridge (Uxbridge).",Wisden Cricketers' Almanack / England and Wales Cricket Board Official Archive
45,CCH_2004_045,2004,2004,County Championship,Division One,Division One,Round 7,2004-06-03,2004-06-03,2004-06-06,4,Kent,Northamptonshire,Kent,Northamptonshire,Northamptonshire,bat,Northamptonshire,Kent,Northamptonshire,185/10 (63.0 ov),185,10,63.0 ov,Kent,424/10 (118.4 ov),424,10,118.4 ov,Yes,Northamptonshire,188/10 (64.1 ov),188,10,64.1 ov,,,,,,797,30,Northamptonshire 185 & 188 - Kent 424/10,Win,Kent,Northamptonshire,innings and 51 runs,51,innings and runs,,"Kent: M van Jaarsveld 96, JC Tredwell 42 & 3 wkts | Northamptonshire: JJ van der Wath 48 & 3 wkts, MS Panesar 15 & 5 wkts","Crabble Athletic Ground, Dover",Dover,MJ Kitchen; PJ Hartley,"Kent defeated Northamptonshire by innings and 51 runs at Crabble Athletic Ground, Dover (Dover).",Wisden Cricketers' Almanack / England and Wales Cricket Board Official Archive
46,CCH_2004_046,2004,2004,County Championship,Division Two,Division Two,Round 7,2004-06-03,2004-06-03,2004-06-06,4,Glamorgan,Somerset,Glamorgan,Somerset,Glamorgan,field,Somerset,Glamorgan,Somerset,442/10 (105.2 ov),442,10,105.2 ov,Glamorgan,283/7 (90.0 ov),283,7,90.0 ov,No,Somerset,218/6d (63.3 ov),218,6,63.3 ov,Glamorgan,218/6 (45.5 ov),218,6,45.5 ov,1161,29,Somerset 442/10 & 218/6d - Glamorgan 283/7 & 218/6,Draw,Draw,None,Draw,,draw,,"Glamorgan: MS Kasprowicz 25 & 5 wkts, DS Harrison 18 & 4 wkts | Somerset: JL Langer 118, JC Hildreth 92","St Helen's, Swansea",Swansea,G Sharp; IJ Gould,"Match drawn between Glamorgan and Somerset at St Helen's, Swansea (Swansea).",Wisden Cricketers' Almanack / England and Wales Cricket Board Official Archive
47,CCH_2004_047,2004,2004,County Championship,Division Two,Division Two,Round 7,2004-06-03,2004-06-03,2004-06-06,4,Nottinghamshire,Glamorgan,Nottinghamshire,Glamorgan,Nottinghamshire,bat,Nottinghamshire,Glamorgan,Nottinghamshire,225/10 (83.0 ov),225,10,83.0 ov,Glamorgan,238/10 (83.3 ov),238,10,83.3 ov,No,Nottinghamshire,257/5d (60.0 ov),257,5,60.0 ov,Glamorgan,150/10 (72.2 ov),150,10,72.2 ov,870,35,Nottinghamshire 225 & 257 - Glamorgan 238 & 150/10,Win,Nottinghamshire,Glamorgan,66 runs,66,runs,,"Nottinghamshire: KP Pietersen 122 & 1 wkts, SP Fleming 110 | Glamorgan: MJ Powell 84, RDB Croft 52 & 3 wkts","Trent Bridge, Nottingham",Nottingham,RA Kettleborough; RK Illingworth,"Nottinghamshire defeated Glamorgan by 66 runs at Trent Bridge, Nottingham (Nottingham).",Wisden Cricketers' Almanack / England and Wales Cricket Board Official Archive
48,CCH_2004_048,2004,2004,County Championship,Division Two,Division Two,Round 7,2004-06-03,2004-06-03,2004-06-06,4,Leicestershire,Hampshire,Leicestershire,Hampshire,Leicestershire,bat,Leicestershire,Hampshire,Leicestershire,274/10 (78.1 ov),274,10,78.1 ov,Hampshire,237/10 (91.1 ov),237,10,91.1 ov,No,Leicestershire,208/10 (70.4 ov),208,10,70.4 ov,Hampshire,248/2 (69.1 ov),248,2,69.1 ov,967,32,Leicestershire 274 & 208 - Hampshire 237 & 248/2,Win,Hampshire,Leicestershire,8 wickets,8,wickets,,"Leicestershire: CW Henderson 18 & 4 wkts, PA Nixon 64 | Hampshire: CT Tremlett 25 & 4 wkts, N Pothas 62","Grace Road, Leicester",Leicester,G Sharp; NA Mallender,"Hampshire defeated Leicestershire by 8 wickets at Grace Road, Leicester (Leicester).",Wisden Cricketers' Almanack / England and Wales Cricket Board Official Archive
49,CCH_2004_049,2004,2004,County Championship,Division Two,Division Two,Round 7,2004-06-03,2004-06-03,2004-06-06,4,Nottinghamshire,Durham,Nottinghamshire,Durham,Nottinghamshire,bat,Nottinghamshire,Durham,Nottinghamshire,357/6d (128.5 ov),357,6,128.5 ov,Durham,294/8 (108.0 ov),294,8,108.0 ov,No,Nottinghamshire,220/8 (54.3 ov),220,8,54.3 ov,Durham,150/8 (58.1 ov),150,8,58.1 ov,1021,30,Nottinghamshire 357/6d & 220/8 - Durham 294/8 & 150/8,Draw,Draw,None,Draw,,draw,,"Nottinghamshire: CMW Read 68, SCJ Broad 42 & 4 wkts | Durham: G Onions 15 & 5 wkts, MJ Di Venuto 110","Trent Bridge, Nottingham",Nottingham,IJ Gould; JH Hampshire,"Match drawn between Nottinghamshire and Durham at Trent Bridge, Nottingham (Nottingham).",Wisden Cricketers' Almanack / England and Wales Cricket Board Official Archive
50,CCH_2004_050,2004,2004,County Championship,Division One,Division One,Round 8,2004-06-09,2004-06-09,2004-06-12,4,Sussex,Warwickshire,Sussex,Warwickshire,Sussex,bat,Sussex,Warwickshire,Sussex,456/6d (112.3 ov),456,6,112.3 ov,Warwickshire,385/7 (99.5 ov),385,7,99.5 ov,No,Sussex,273/7d (80.4 ov),273,7,80.4 ov,Warwickshire,132/4 (54.0 ov),132,4,54.0 ov,1246,24,Sussex 456/6d & 273/7d - Warwickshire 385/7 & 132/4,Draw,Draw,None,Draw,,draw,,"Sussex: Mushtaq Ahmed 22 & 6 wkts, CJ Adams 95 | Warwickshire: AF Giles 42 & 3 wkts, HH Streak 45 & 4 wkts","Arundel Castle Cricket Ground, Arundel",Arundel,RA Kettleborough; MJC Gough,"Match drawn between Sussex and Warwickshire at Arundel Castle Cricket Ground, Arundel (Arundel).",Wisden Cricketers' Almanack / England and Wales Cricket Board Official Archive
51,CCH_2004_051,2004,2004,County Championship,Division One,Division One,Round 8,2004-06-09,2004-06-09,2004-06-12,4,Middlesex,Northamptonshire,Middlesex,Northamptonshire,Northamptonshire,field,Middlesex,Northamptonshire,Middlesex,409/8d (125.5 ov),409,8,125.5 ov,Northamptonshire,287/8 (105.0 ov),287,8,105.0 ov,No,Middlesex,230/4d (84.1 ov),230,4,84.1 ov,Northamptonshire,216/4 (74.5 ov),216,4,74.5 ov,1142,24,Middlesex 409/8d & 230/4d - Northamptonshire 287/8 & 216/4,Draw,Draw,None,Draw,,draw,,"Middlesex: EC Joyce 95, OA Shah 88 | Northamptonshire: JJ van der Wath 48 & 3 wkts, JF Brown 25 & 4 wkts","Lord's Cricket Ground, London",London,JH Hampshire; JW Lloyds,"Match drawn between Middlesex and Northamptonshire at Lord's Cricket Ground, London (London).",Wisden Cricketers' Almanack / England and Wales Cricket Board Official Archive
52,CCH_2004_052,2004,2004,County Championship,Division One,Division One,Round 8,2004-06-09,2004-06-09,2004-06-12,4,Warwickshire,Kent,Warwickshire,Kent,Warwickshire,field,Kent,Warwickshire,Kent,322/10 (99.0 ov),322,10,99.0 ov,Warwickshire,398/10 (111.0 ov),398,10,111.0 ov,No,Kent,242/5d (85.0 ov),242,5,85.0 ov,Warwickshire,194/5 (70.1 ov),194,5,70.1 ov,1156,30,Kent 322/10 & 242/5d - Warwickshire 398/10 & 194/5,Draw,Draw,None,Draw,,draw,,"Warwickshire: NV Knight 88, DR Brown 55 & 3 wkts | Kent: JC Tredwell 42 & 3 wkts, RWT Key 104","Edgbaston, Birmingham",Birmingham,RK Illingworth; MJC Gough,"Match drawn between Warwickshire and Kent at Edgbaston, Birmingham (Birmingham).",Wisden Cricketers' Almanack / England and Wales Cricket Board Official Archive
53,CCH_2004_053,2004,2004,County Championship,Division Two,Division Two,Round 8,2004-06-09,2004-06-09,2004-06-12,4,Somerset,Derbyshire,Somerset,Derbyshire,Derbyshire,bat,Derbyshire,Somerset,Derbyshire,343/10 (127.5 ov),343,10,127.5 ov,Somerset,297/8 (107.0 ov),297,8,107.0 ov,No,Derbyshire,222/4d (72.3 ov),222,4,72.3 ov,Somerset,153/4 (60.3 ov),153,4,60.3 ov,1015,26,Derbyshire 343/10 & 222/4d - Somerset 297/8 & 153/4,Draw,Draw,None,Draw,,draw,,"Somerset: C Willoughby 15 & 5 wkts, JC Hildreth 92 | Derbyshire: SD Stubbings 76, MJ Di Venuto 118","Recreation Ground, Bath",Bath,JW Lloyds; PJ Hartley,"Match drawn between Somerset and Derbyshire at Recreation Ground, Bath (Bath).",Wisden Cricketers' Almanack / England and Wales Cricket Board Official Archive
54,CCH_2004_054,2004,2004,County Championship,Division Two,Division Two,Round 8,2004-06-09,2004-06-09,2004-06-12,4,Durham,Yorkshire,Durham,Yorkshire,Yorkshire,bat,Yorkshire,Durham,Yorkshire,172/10 (73.5 ov),172,10,73.5 ov,Durham,422/10 (128.3 ov),422,10,128.3 ov,Yes,Yorkshire,152/10 (60.3 ov),152,10,60.3 ov,,,,,,746,30,Yorkshire 172 & 152 - Durham 422/10,Win,Durham,Yorkshire,innings and 98 runs,98,innings and runs,,"Durham: PD Collingwood 95 & 2 wkts, G Onions 15 & 5 wkts | Yorkshire: JA Rudolph 108, MJ Hoggard 15 & 5 wkts","Racecourse Ground, Durham",Durham,P Willey; JH Hampshire,"Durham defeated Yorkshire by innings and 98 runs at Racecourse Ground, Durham (Durham).",Wisden Cricketers' Almanack / England and Wales Cricket Board Official Archive
55,CCH_2004_055,2004,2004,County Championship,Division Two,Division Two,Round 8,2004-06-09,2004-06-09,2004-06-12,4,Nottinghamshire,Somerset,Nottinghamshire,Somerset,Nottinghamshire,field,Somerset,Nottinghamshire,Somerset,176/10 (62.5 ov),176,10,62.5 ov,Nottinghamshire,465/9 (110.1 ov),465,9,110.1 ov,Yes,Somerset,180/10 (73.0 ov),180,10,73.0 ov,,,,,,821,29,Somerset 176 & 180 - Nottinghamshire 465/9d,Win,Nottinghamshire,Somerset,innings and 109 runs,109,innings and runs,,"Nottinghamshire: KP Pietersen 122 & 1 wkts, RJ Sidebottom 18 & 5 wkts | Somerset: ME Trescothick 120, JC Hildreth 92","Trent Bridge, Nottingham",Nottingham,JH Hampshire; MJ Kitchen,"Nottinghamshire defeated Somerset by innings and 109 runs at Trent Bridge, Nottingham (Nottingham).",Wisden Cricketers' Almanack / England and Wales Cricket Board Official Archive
56,CCH_2004_056,2004,2004,County Championship,Division Two,Division Two,Round 8,2004-06-09,2004-06-09,2004-06-12,4,Yorkshire,Derbyshire,Yorkshire,Derbyshire,Yorkshire,bat,Yorkshire,Derbyshire,Yorkshire,257/10 (102.2 ov),257,10,102.2 ov,Derbyshire,296/10 (102.1 ov),296,10,102.1 ov,No,Yorkshire,190/7d (68.0 ov),190,7,68.0 ov,Derbyshire,147/10 (75.3 ov),147,10,75.3 ov,890,37,Yorkshire 257 & 190 - Derbyshire 296 & 147/10,Win,Yorkshire,Derbyshire,88 runs,88,runs,,"Yorkshire: JA Rudolph 108, A McGrath 84 & 2 wkts | Derbyshire: MJ Di Venuto 118, SD Stubbings 76","North Marine Road Ground, Scarborough",Scarborough,JH Hampshire; MJ Kitchen,"Yorkshire defeated Derbyshire by 88 runs at North Marine Road Ground, Scarborough (Scarborough).",Wisden Cricketers' Almanack / England and Wales Cricket Board Official Archive
57,CCH_2004_057,2004,2004,County Championship,Division Two,Division Two,Round 9,2004-06-15,2004-06-15,2004-06-18,4,Yorkshire,Leicestershire,Yorkshire,Leicestershire,Leicestershire,field,Yorkshire,Leicestershire,Yorkshire,331/8d (103.3 ov),331,8,103.3 ov,Leicestershire,295/10 (109.2 ov),295,10,109.2 ov,No,Yorkshire,257/3d (52.1 ov),257,3,52.1 ov,Leicestershire,231/7 (47.0 ov),231,7,47.0 ov,1114,28,Yorkshire 331/8d & 257/3d - Leicestershire 295/10 & 231/7,Draw,Draw,None,Draw,,draw,,"Yorkshire: MJ Hoggard 15 & 5 wkts, D Gough 22 & 4 wkts | Leicestershire: SCJ Broad 38 & 4 wkts, PA Nixon 64","North Marine Road Ground, Scarborough",Scarborough,RA Kettleborough; MJ Kitchen,"Match drawn between Yorkshire and Leicestershire at North Marine Road Ground, Scarborough (Scarborough).",Wisden Cricketers' Almanack / England and Wales Cricket Board Official Archive
58,CCH_2004_058,2004,2004,County Championship,Division One,Division One,Round 9,2004-06-15,2004-06-15,2004-06-18,4,Kent,Worcestershire,Kent,Worcestershire,Worcestershire,field,Kent,Worcestershire,Kent,375/10 (109.5 ov),375,10,109.5 ov,Worcestershire,319/10 (87.0 ov),319,10,87.0 ov,No,Kent,264/7d (82.3 ov),264,7,82.3 ov,Worcestershire,226/10 (50.1 ov),226,10,50.1 ov,1184,37,Kent 375 & 264d - Worcestershire 319 & 226,Win,Kent,Worcestershire,95 runs,95,runs,,"Kent: JC Tredwell 42 & 3 wkts, M van Jaarsveld 96 | Worcestershire: VS Solanki 98, GJ Batty 45 & 3 wkts","St Lawrence Ground, Canterbury",Canterbury,PJ Hartley; P Willey,"Kent defeated Worcestershire by 95 runs at St Lawrence Ground, Canterbury (Canterbury).",Wisden Cricketers' Almanack / England and Wales Cricket Board Official Archive
59,CCH_2004_059,2004,2004,County Championship,Division One,Division One,Round 9,2004-06-15,2004-06-15,2004-06-18,4,Middlesex,Sussex,Middlesex,Sussex,Sussex,bat,Sussex,Middlesex,Sussex,159/10 (54.0 ov),159,10,54.0 ov,Middlesex,465/10 (135.3 ov),465,10,135.3 ov,Yes,Sussex,199/10 (73.2 ov),199,10,73.2 ov,,,,,,823,30,Sussex 159 & 199 - Middlesex 465/10,Win,Middlesex,Sussex,innings and 107 runs,107,innings and runs,,"Middlesex: OA Shah 88, SD Udal 42 & 3 wkts | Sussex: CJ Adams 95, MW Goodwin 115","Lord's Cricket Ground, London",London,JH Hampshire; JW Lloyds,"Middlesex defeated Sussex by innings and 107 runs at Lord's Cricket Ground, London (London).",Wisden Cricketers' Almanack / England and Wales Cricket Board Official Archive
60,CCH_2004_060,2004,2004,County Championship,Division Two,Division Two,Round 9,2004-06-15,2004-06-15,2004-06-18,4,Somerset,Durham,Somerset,Durham,Durham,field,Somerset,Durham,Somerset,453/6d (101.3 ov),453,6,101.3 ov,Durham,359/10 (103.4 ov),359,10,103.4 ov,No,Somerset,236/7d (71.1 ov),236,7,71.1 ov,Durham,206/7 (42.3 ov),206,7,42.3 ov,1254,30,Somerset 453/6d & 236/7d - Durham 359/10 & 206/7,Draw,Draw,None,Draw,,draw,,"Somerset: AR Caddick 18 & 5 wkts, ME Trescothick 120 | Durham: G Onions 15 & 5 wkts, DM Benkenstein 88","Recreation Ground, Bath",Bath,RA Kettleborough; JW Lloyds,"Match drawn between Somerset and Durham at Recreation Ground, Bath (Bath).",Wisden Cricketers' Almanack / England and Wales Cricket Board Official Archive
61,CCH_2004_061,2004,2004,County Championship,Division Two,Division Two,Round 9,2004-06-15,2004-06-15,2004-06-18,4,Essex,Hampshire,Essex,Hampshire,Hampshire,bat,Hampshire,Essex,Hampshire,349/10 (104.1 ov),349,10,104.1 ov,Essex,299/8 (100.1 ov),299,8,100.1 ov,No,Hampshire,222/6d (63.0 ov),222,6,63.0 ov,Essex,209/6 (62.5 ov),209,6,62.5 ov,1079,30,Hampshire 349/10 & 222/6d - Essex 299/8 & 209/6,Draw,Draw,None,Draw,,draw,,"Essex: GR Napier 48 & 3 wkts, AN Cook 125 | Hampshire: CT Tremlett 25 & 4 wkts, JP Crawley 108","Castle Park Cricket Ground, Colchester",Colchester,RA Kettleborough; IJ Gould,"Match drawn between Essex and Hampshire at Castle Park Cricket Ground, Colchester (Colchester).",Wisden Cricketers' Almanack / England and Wales Cricket Board Official Archive
62,CCH_2004_062,2004,2004,County Championship,Division One,Division One,Round 9,2004-06-15,2004-06-15,2004-06-18,4,Worcestershire,Gloucestershire,Worcestershire,Gloucestershire,Worcestershire,field,Gloucestershire,Worcestershire,Gloucestershire,308/10 (86.4 ov),308,10,86.4 ov,Worcestershire,223/10 (73.4 ov),223,10,73.4 ov,No,Gloucestershire,245/10 (78.1 ov),245,10,78.1 ov,Worcestershire,199/10 (64.1 ov),199,10,64.1 ov,975,40,Gloucestershire 308 & 245 - Worcestershire 223 & 199,Win,Gloucestershire,Worcestershire,132 runs,132,runs,,"Worcestershire: GA Hick 112, DKH Mitchell 75 | Gloucestershire: MW Alleyne 68 & 2 wkts, CM Spearman 105","New Road, Worcester",Worcester,MJC Gough; RK Illingworth,"Gloucestershire defeated Worcestershire by 132 runs at New Road, Worcester (Worcester).",Wisden Cricketers' Almanack / England and Wales Cricket Board Official Archive
63,CCH_2004_063,2004,2004,County Championship,Division Two,Division Two,Round 9,2004-06-15,2004-06-15,2004-06-18,4,Glamorgan,Essex,Glamorgan,Essex,Glamorgan,bat,Glamorgan,Essex,Glamorgan,256/10 (75.2 ov),256,10,75.2 ov,Essex,249/10 (77.4 ov),249,10,77.4 ov,No,Glamorgan,206/6d (64.0 ov),206,6,64.0 ov,Essex,171/10 (59.2 ov),171,10,59.2 ov,882,36,Glamorgan 256 & 206 - Essex 249 & 171/10,Win,Glamorgan,Essex,93 runs,93,runs,,"Glamorgan: DS Harrison 18 & 4 wkts, MD Maynard 92 | Essex: GR Napier 48 & 3 wkts, RC Irani 78 & 2 wkts","St Helen's, Swansea",Swansea,RK Illingworth; RA Kettleborough,"Glamorgan defeated Essex by 93 runs at St Helen's, Swansea (Swansea).",Wisden Cricketers' Almanack / England and Wales Cricket Board Official Archive
64,CCH_2004_064,2004,2004,County Championship,Division One,Division One,Round 10,2004-06-21,2004-06-21,2004-06-24,4,Warwickshire,Surrey,Warwickshire,Surrey,Warwickshire,bat,Warwickshire,Surrey,Warwickshire,299/10 (106.5 ov),299,10,106.5 ov,Surrey,266/10 (97.4 ov),266,10,97.4 ov,No,Warwickshire,250/5d (80.5 ov),250,5,80.5 ov,Surrey,236/10 (69.4 ov),236,10,69.4 ov,1051,35,Warwickshire 299 & 250d - Surrey 266 & 236,Win,Warwickshire,Surrey,48 runs,48,runs,,"Warwickshire: NV Knight 88, DR Brown 55 & 3 wkts | Surrey: MA Butcher 98, IDK Salisbury 25 & 3 wkts","Edgbaston, Birmingham",Birmingham,MJ Kitchen; JW Lloyds,"Warwickshire defeated Surrey by 48 runs at Edgbaston, Birmingham (Birmingham).",Wisden Cricketers' Almanack / England and Wales Cricket Board Official Archive
65,CCH_2004_065,2004,2004,County Championship,Division Two,Division Two,Round 10,2004-06-21,2004-06-21,2004-06-24,4,Derbyshire,Hampshire,Derbyshire,Hampshire,Derbyshire,bat,Derbyshire,Hampshire,Derbyshire,361/9d (125.0 ov),361,9,125.0 ov,Hampshire,280/8 (116.4 ov),280,8,116.4 ov,No,Derbyshire,182/5d (60.3 ov),182,5,60.3 ov,Hampshire,137/5 (42.2 ov),137,5,42.2 ov,960,27,Derbyshire 361/9d & 182/5d - Hampshire 280/8 & 137/5,Draw,Draw,None,Draw,,draw,,"Derbyshire: MJ Di Venuto 118, KJ Dean 15 & 4 wkts | Hampshire: N Pothas 62, AD Mascarenhas 65 & 3 wkts","Queen's Park, Chesterfield",Chesterfield,JW Lloyds; G Sharp,"Match drawn between Derbyshire and Hampshire at Queen's Park, Chesterfield (Chesterfield).",Wisden Cricketers' Almanack / England and Wales Cricket Board Official Archive
66,CCH_2004_066,2004,2004,County Championship,Division One,Division One,Round 10,2004-06-21,2004-06-21,2004-06-24,4,Kent,Sussex,Kent,Sussex,Sussex,field,Kent,Sussex,Kent,373/6d (111.3 ov),373,6,111.3 ov,Sussex,322/9 (121.5 ov),322,9,121.5 ov,No,Kent,186/6d (70.3 ov),186,6,70.3 ov,Sussex,161/4 (41.0 ov),161,4,41.0 ov,1042,25,Kent 373/6d & 186/6d - Sussex 322/9 & 161/4,Draw,Draw,None,Draw,,draw,,"Kent: JC Tredwell 42 & 3 wkts, M van Jaarsveld 96 | Sussex: CJ Adams 95, MJ Prior 78","St Lawrence Ground, Canterbury",Canterbury,IJ Gould; MJ Kitchen,"Match drawn between Kent and Sussex at St Lawrence Ground, Canterbury (Canterbury).",Wisden Cricketers' Almanack / England and Wales Cricket Board Official Archive
67,CCH_2004_067,2004,2004,County Championship,Division One,Division One,Round 10,2004-06-21,2004-06-21,2004-06-24,4,Sussex,Lancashire,Sussex,Lancashire,Lancashire,bat,Lancashire,Sussex,Lancashire,322/10 (100.2 ov),322,10,100.2 ov,Sussex,410/8d (98.5 ov),410,8,98.5 ov,No,Lancashire,184/7d (60.1 ov),184,7,60.1 ov,Sussex,225/8 (69.0 ov),225,8,69.0 ov,1141,33,Lancashire 322/10 & 184/7d - Sussex 410/8d & 225/8,Draw,Draw,None,Draw,,draw,,"Sussex: Mushtaq Ahmed 22 & 6 wkts, MW Goodwin 115 | Lancashire: MB Loye 84, DG Cork 48 & 3 wkts","Arundel Castle Cricket Ground, Arundel",Arundel,JW Lloyds; MJ Kitchen,"Match drawn between Sussex and Lancashire at Arundel Castle Cricket Ground, Arundel (Arundel).",Wisden Cricketers' Almanack / England and Wales Cricket Board Official Archive
68,CCH_2004_068,2004,2004,County Championship,Division Two,Division Two,Round 10,2004-06-21,2004-06-21,2004-06-24,4,Leicestershire,Essex,Leicestershire,Essex,Leicestershire,bat,Leicestershire,Essex,Leicestershire,219/10 (55.3 ov),219,10,55.3 ov,Essex,527/7 (139.3 ov),527,7,139.3 ov,Yes,Leicestershire,213/10 (51.0 ov),213,10,51.0 ov,,,,,,959,27,Leicestershire 219 & 213 - Essex 527/7d,Win,Essex,Leicestershire,innings and 95 runs,95,innings and runs,,"Leicestershire: BJ Hodge 115 & 1 wkts, CW Henderson 18 & 4 wkts | Essex: JS Foster 68, GR Napier 48 & 3 wkts","Grace Road, Leicester",Leicester,PJ Hartley; MJC Gough,"Essex defeated Leicestershire by innings and 95 runs at Grace Road, Leicester (Leicester).",Wisden Cricketers' Almanack / England and Wales Cricket Board Official Archive
69,CCH_2004_069,2004,2004,County Championship,Division One,Division One,Round 10,2004-06-21,2004-06-21,2004-06-24,4,Lancashire,Warwickshire,Lancashire,Warwickshire,Warwickshire,bat,Warwickshire,Lancashire,Warwickshire,324/7d (107.4 ov),324,7,107.4 ov,Lancashire,361/7d (98.4 ov),361,7,98.4 ov,No,Warwickshire,288/3d (54.0 ov),288,3,54.0 ov,Lancashire,219/5 (67.5 ov),219,5,67.5 ov,1192,22,Warwickshire 324/7d & 288/3d - Lancashire 361/7d & 219/5,Draw,Draw,None,Draw,,draw,,"Lancashire: DG Cork 48 & 3 wkts, SG Law 102 & 1 wkts | Warwickshire: AF Giles 42 & 3 wkts, NV Knight 88","Trafalgar Road, Southport",Southport,IJ Gould; RK Illingworth,"Match drawn between Lancashire and Warwickshire at Trafalgar Road, Southport (Southport).",Wisden Cricketers' Almanack / England and Wales Cricket Board Official Archive
70,CCH_2004_070,2004,2004,County Championship,Division One,Division One,Round 10,2004-06-21,2004-06-21,2004-06-24,4,Worcestershire,Middlesex,Worcestershire,Middlesex,Middlesex,field,Worcestershire,Middlesex,Worcestershire,332/10 (81.2 ov),332,10,81.2 ov,Middlesex,312/10 (84.0 ov),312,10,84.0 ov,No,Worcestershire,207/7d (70.0 ov),207,7,70.0 ov,Middlesex,189/10 (51.1 ov),189,10,51.1 ov,1040,37,Worcestershire 332 & 207 - Middlesex 312 & 189/10,Win,Worcestershire,Middlesex,43 runs,43,runs,,"Worcestershire: VS Solanki 98, GJ Batty 45 & 3 wkts | Middlesex: SD Udal 42 & 3 wkts, TJ Murtagh 20 & 4 wkts","New Road, Worcester",Worcester,JH Hampshire; IJ Gould,"Worcestershire defeated Middlesex by 43 runs at New Road, Worcester (Worcester).",Wisden Cricketers' Almanack / England and Wales Cricket Board Official Archive
71,CCH_2004_071,2004,2004,County Championship,Division Two,Division Two,Round 11,2004-06-27,2004-06-27,2004-06-30,4,Essex,Leicestershire,Essex,Leicestershire,Leicestershire,bat,Leicestershire,Essex,Leicestershire,404/9d (124.0 ov),404,9,124.0 ov,Essex,359/8 (100.0 ov),359,8,100.0 ov,No,Leicestershire,226/8 (77.1 ov),226,8,77.1 ov,Essex,147/8 (55.3 ov),147,8,55.3 ov,1136,33,Leicestershire 404/9d & 226/8 - Essex 359/8 & 147/8,Draw,Draw,None,Draw,,draw,,"Essex: AN Cook 125, RC Irani 78 & 2 wkts | Leicestershire: SCJ Broad 38 & 4 wkts, CW Henderson 18 & 4 wkts","County Ground, Chelmsford",Chelmsford,MJC Gough; RA Kettleborough,"Match drawn between Essex and Leicestershire at County Ground, Chelmsford (Chelmsford).",Wisden Cricketers' Almanack / England and Wales Cricket Board Official Archive
72,CCH_2004_072,2004,2004,County Championship,Division Two,Division Two,Round 11,2004-06-27,2004-06-27,2004-06-30,4,Derbyshire,Essex,Derbyshire,Essex,Derbyshire,bat,Derbyshire,Essex,Derbyshire,320/9d (105.3 ov),320,9,105.3 ov,Essex,328/7d (93.5 ov),328,7,93.5 ov,No,Derbyshire,234/7d (57.5 ov),234,7,57.5 ov,Essex,171/8 (59.2 ov),171,8,59.2 ov,1053,31,Derbyshire 320/9d & 234/7d - Essex 328/7d & 171/8,Draw,Draw,None,Draw,,draw,,"Derbyshire: SD Stubbings 76, G Welch 45 & 3 wkts | Essex: RC Irani 78 & 2 wkts, GR Napier 48 & 3 wkts","Queen's Park, Chesterfield",Chesterfield,MJC Gough; MJ Kitchen,"Match drawn between Derbyshire and Essex at Queen's Park, Chesterfield (Chesterfield).",Wisden Cricketers' Almanack / England and Wales Cricket Board Official Archive
73,CCH_2004_073,2004,2004,County Championship,Division Two,Division Two,Round 11,2004-06-27,2004-06-27,2004-06-30,4,Hampshire,Derbyshire,Hampshire,Derbyshire,Derbyshire,field,Hampshire,Derbyshire,Hampshire,320/10 (92.1 ov),320,10,92.1 ov,Derbyshire,293/10 (110.4 ov),293,10,110.4 ov,No,Hampshire,243/4d (59.0 ov),243,4,59.0 ov,Derbyshire,162/10 (75.0 ov),162,10,75.0 ov,1018,34,Hampshire 320 & 243 - Derbyshire 293 & 162/10,Win,Hampshire,Derbyshire,75 runs,75,runs,,"Hampshire: JP Crawley 108, AD Mascarenhas 65 & 3 wkts | Derbyshire: SD Stubbings 76, G Welch 45 & 3 wkts","County Ground, Northlands Road, Southampton",Southampton,NA Mallender; G Sharp,"Hampshire defeated Derbyshire by 75 runs at County Ground, Northlands Road, Southampton (Southampton).",Wisden Cricketers' Almanack / England and Wales Cricket Board Official Archive
74,CCH_2004_074,2004,2004,County Championship,Division One,Division One,Round 11,2004-06-27,2004-06-27,2004-06-30,4,Sussex,Gloucestershire,Sussex,Gloucestershire,Sussex,bat,Sussex,Gloucestershire,Sussex,280/10 (104.1 ov),280,10,104.1 ov,Gloucestershire,242/10 (92.5 ov),242,10,92.5 ov,No,Sussex,271/8d (85.0 ov),271,8,85.0 ov,Gloucestershire,290/10 (82.5 ov),290,10,82.5 ov,1083,38,Sussex 280 & 271d - Gloucestershire 242 & 290,Win,Gloucestershire,Sussex,20 runs,20,runs,,"Sussex: RJ Kirtley 20 & 4 wkts, CJ Adams 95 | Gloucestershire: J Lewis 22 & 5 wkts, CM Spearman 105","County Ground, Hove",Hove,P Willey; MJC Gough,"Gloucestershire defeated Sussex by 20 runs at County Ground, Hove (Hove).",Wisden Cricketers' Almanack / England and Wales Cricket Board Official Archive
75,CCH_2004_075,2004,2004,County Championship,Division Two,Division Two,Round 11,2004-06-27,2004-06-27,2004-06-30,4,Derbyshire,Durham,Derbyshire,Durham,Durham,bat,Durham,Derbyshire,Durham,426/9d (101.3 ov),426,9,101.3 ov,Derbyshire,399/7 (106.2 ov),399,7,106.2 ov,No,Durham,248/6d (73.4 ov),248,6,73.4 ov,Derbyshire,211/8 (51.2 ov),211,8,51.2 ov,1284,30,Durham 426/9d & 248/6d - Derbyshire 399/7 & 211/8,Draw,Draw,None,Draw,,draw,,"Derbyshire: DG Cork 58 & 4 wkts, KJ Dean 15 & 4 wkts | Durham: PD Collingwood 95 & 2 wkts, MJ Di Venuto 110","Queen's Park, Chesterfield",Chesterfield,NA Mallender; P Willey,"Match drawn between Derbyshire and Durham at Queen's Park, Chesterfield (Chesterfield).",Wisden Cricketers' Almanack / England and Wales Cricket Board Official Archive
76,CCH_2004_076,2004,2004,County Championship,Division Two,Division Two,Round 11,2004-06-27,2004-06-27,2004-06-30,4,Somerset,Glamorgan,Somerset,Glamorgan,Somerset,bat,Somerset,Glamorgan,Somerset,299/10 (86.2 ov),299,10,86.2 ov,Glamorgan,321/10 (70.4 ov),321,10,70.4 ov,No,Somerset,216/8d (63.4 ov),216,8,63.4 ov,Glamorgan,155/10 (65.2 ov),155,10,65.2 ov,991,38,Somerset 299 & 216d - Glamorgan 321 & 155,Win,Glamorgan,Somerset,40 runs,40,runs,,"Somerset: C Willoughby 15 & 5 wkts, AR Caddick 18 & 5 wkts | Glamorgan: DS Harrison 18 & 4 wkts, MJ Powell 84","County Ground, Taunton",Taunton,RK Illingworth; MJC Gough,"Glamorgan defeated Somerset by 40 runs at County Ground, Taunton (Taunton).",Wisden Cricketers' Almanack / England and Wales Cricket Board Official Archive
77,CCH_2004_077,2004,2004,County Championship,Division One,Division One,Round 11,2004-06-27,2004-06-27,2004-06-30,4,Gloucestershire,Middlesex,Gloucestershire,Middlesex,Middlesex,bat,Middlesex,Gloucestershire,Middlesex,457/7d (122.5 ov),457,7,122.5 ov,Gloucestershire,395/7 (105.1 ov),395,7,105.1 ov,No,Middlesex,259/3d (83.4 ov),259,3,83.4 ov,Gloucestershire,235/8 (74.5 ov),235,8,74.5 ov,1346,25,Middlesex 457/7d & 259/3d - Gloucestershire 395/7 & 235/8,Draw,Draw,None,Draw,,draw,,"Gloucestershire: MW Alleyne 68 & 2 wkts, RC Russell 62 | Middlesex: TJ Murtagh 20 & 4 wkts, EC Joyce 95","College Ground, Cheltenham",Cheltenham,JH Hampshire; G Sharp,"Match drawn between Gloucestershire and Middlesex at College Ground, Cheltenham (Cheltenham).",Wisden Cricketers' Almanack / England and Wales Cricket Board Official Archive
78,CCH_2004_078,2004,2004,County Championship,Division Two,Division Two,Round 12,2004-07-03,2004-07-03,2004-07-06,4,Leicestershire,Nottinghamshire,Leicestershire,Nottinghamshire,Nottinghamshire,bat,Nottinghamshire,Leicestershire,Nottinghamshire,475/9d (143.4 ov),475,9,143.4 ov,Leicestershire,227/10 (72.1 ov),227,10,72.1 ov,Yes,Leicestershire,228/10 (82.4 ov),228,10,82.4 ov,,,,,,930,29,Nottinghamshire 475/9d - Leicestershire 227 & 228,Win,Nottinghamshire,Leicestershire,innings and 20 runs,20,innings and runs,,"Leicestershire: CW Henderson 18 & 4 wkts, BJ Hodge 115 & 1 wkts | Nottinghamshire: RJ Sidebottom 18 & 5 wkts, SCJ Broad 42 & 4 wkts","Grace Road, Leicester",Leicester,JW Lloyds; MJ Kitchen,"Nottinghamshire defeated Leicestershire by innings and 20 runs at Grace Road, Leicester (Leicester).",Wisden Cricketers' Almanack / England and Wales Cricket Board Official Archive
79,CCH_2004_079,2004,2004,County Championship,Division Two,Division Two,Round 12,2004-07-03,2004-07-03,2004-07-06,4,Hampshire,Essex,Hampshire,Essex,Essex,bat,Essex,Hampshire,Essex,360/10 (105.2 ov),360,10,105.2 ov,Hampshire,407/10 (76.4 ov),407,10,76.4 ov,No,Essex,188/10 (94.0 ov),188,10,94.0 ov,Hampshire,142/2 (51.3 ov),142,2,51.3 ov,1097,32,Essex 360 & 188 - Hampshire 407 & 142/2,Win,Hampshire,Essex,8 wickets,8,wickets,,"Hampshire: N Pothas 62, JP Crawley 108 | Essex: JS Foster 68, GR Napier 48 & 3 wkts","County Ground, Northlands Road, Southampton",Southampton,P Willey; JH Hampshire,"Hampshire defeated Essex by 8 wickets at County Ground, Northlands Road, Southampton (Southampton).",Wisden Cricketers' Almanack / England and Wales Cricket Board Official Archive
80,CCH_2004_080,2004,2004,County Championship,Division Two,Division Two,Round 12,2004-07-03,2004-07-03,2004-07-06,4,Hampshire,Durham,Hampshire,Durham,Hampshire,bat,Hampshire,Durham,Hampshire,340/10 (82.2 ov),340,10,82.2 ov,Durham,293/10 (90.5 ov),293,10,90.5 ov,No,Hampshire,183/6d (56.4 ov),183,6,56.4 ov,Durham,172/10 (51.5 ov),172,10,51.5 ov,988,36,Hampshire 340 & 183d - Durham 293 & 172,Win,Hampshire,Durham,59 runs,59,runs,,"Hampshire: AD Mascarenhas 65 & 3 wkts, JP Crawley 108 | Durham: PD Collingwood 95 & 2 wkts, G Onions 15 & 5 wkts","County Ground, Northlands Road, Southampton",Southampton,MJ Kitchen; JW Lloyds,"Hampshire defeated Durham by 59 runs at County Ground, Northlands Road, Southampton (Southampton).",Wisden Cricketers' Almanack / England and Wales Cricket Board Official Archive
81,CCH_2004_081,2004,2004,County Championship,Division One,Division One,Round 12,2004-07-03,2004-07-03,2004-07-06,4,Middlesex,Lancashire,Middlesex,Lancashire,Lancashire,bat,Lancashire,Middlesex,Lancashire,336/8d (102.1 ov),336,8,102.1 ov,Middlesex,394/7d (120.1 ov),394,7,120.1 ov,No,Lancashire,245/3d (52.4 ov),245,3,52.4 ov,Middlesex,136/6 (51.0 ov),136,6,51.0 ov,1111,24,Lancashire 336/8d & 245/3d - Middlesex 394/7d & 136/6,Draw,Draw,None,Draw,,draw,,"Middlesex: EC Joyce 95, AJ Strauss 112 | Lancashire: JM Anderson 15 & 5 wkts, MB Loye 84","Lord's Cricket Ground, London",London,JW Lloyds; IJ Gould,"Match drawn between Middlesex and Lancashire at Lord's Cricket Ground, London (London).",Wisden Cricketers' Almanack / England and Wales Cricket Board Official Archive
82,CCH_2004_082,2004,2004,County Championship,Division Two,Division Two,Round 12,2004-07-03,2004-07-03,2004-07-06,4,Hampshire,Leicestershire,Hampshire,Leicestershire,Leicestershire,field,Hampshire,Leicestershire,Hampshire,212/10 (68.0 ov),212,10,68.0 ov,Leicestershire,410/9 (127.0 ov),410,9,127.0 ov,Yes,Hampshire,164/10 (53.5 ov),164,10,53.5 ov,,,,,,786,29,Hampshire 212 & 164 - Leicestershire 410/9d,Win,Leicestershire,Hampshire,innings and 34 runs,34,innings and runs,,"Hampshire: CT Tremlett 25 & 4 wkts, N Pothas 62 | Leicestershire: PA Nixon 64, BJ Hodge 115 & 1 wkts","The Rose Bowl, Southampton",Southampton,JW Lloyds; RA Kettleborough,"Leicestershire defeated Hampshire by innings and 34 runs at The Rose Bowl, Southampton (Southampton).",Wisden Cricketers' Almanack / England and Wales Cricket Board Official Archive
83,CCH_2004_083,2004,2004,County Championship,Division One,Division One,Round 12,2004-07-03,2004-07-03,2004-07-06,4,Surrey,Worcestershire,Surrey,Worcestershire,Worcestershire,bat,Worcestershire,Surrey,Worcestershire,321/8d (101.2 ov),321,8,101.2 ov,Surrey,416/9d (104.1 ov),416,9,104.1 ov,No,Worcestershire,288/3d (70.2 ov),288,3,70.2 ov,Surrey,231/3 (56.2 ov),231,3,56.2 ov,1256,23,Worcestershire 321/8d & 288/3d - Surrey 416/9d & 231/3,Draw,Draw,None,Draw,,draw,,"Surrey: MR Ramprakash 135, MA Butcher 98 | Worcestershire: VS Solanki 98, DKH Mitchell 75","Woodbridge Road, Guildford",Guildford,RK Illingworth; MJC Gough,"Match drawn between Surrey and Worcestershire at Woodbridge Road, Guildford (Guildford).",Wisden Cricketers' Almanack / England and Wales Cricket Board Official Archive
84,CCH_2004_084,2004,2004,County Championship,Division Two,Division Two,Round 12,2004-07-03,2004-07-03,2004-07-06,4,Glamorgan,Derbyshire,Glamorgan,Derbyshire,Glamorgan,bat,Glamorgan,Derbyshire,Glamorgan,355/10 (105.3 ov),355,10,105.3 ov,Derbyshire,384/10 (78.1 ov),384,10,78.1 ov,No,Glamorgan,232/5d (75.0 ov),232,5,75.0 ov,Derbyshire,200/10 (64.0 ov),200,10,64.0 ov,1171,35,Glamorgan 355 & 232 - Derbyshire 384 & 200/10,Win,Glamorgan,Derbyshire,52 runs,52,runs,,"Glamorgan: DS Harrison 18 & 4 wkts, MD Maynard 92 | Derbyshire: DG Cork 58 & 4 wkts, G Welch 45 & 3 wkts","Penrhyn Avenue, Colwyn Bay",Colwyn Bay,NA Mallender; JH Hampshire,"Glamorgan defeated Derbyshire by 52 runs at Penrhyn Avenue, Colwyn Bay (Colwyn Bay).",Wisden Cricketers' Almanack / England and Wales Cricket Board Official Archive
85,CCH_2004_085,2004,2004,County Championship,Division Two,Division Two,Round 13,2004-07-09,2004-07-09,2004-07-12,4,Somerset,Essex,Somerset,Essex,Essex,bat,Essex,Somerset,Essex,259/10 (93.1 ov),259,10,93.1 ov,Somerset,292/10 (110.3 ov),292,10,110.3 ov,No,Essex,194/10 (60.5 ov),194,10,60.5 ov,Somerset,162/2 (48.5 ov),162,2,48.5 ov,907,32,Essex 259 & 194 - Somerset 292 & 162/2,Win,Somerset,Essex,8 wickets,8,wickets,,"Somerset: JL Langer 118, AR Caddick 18 & 5 wkts | Essex: JS Foster 68, GR Napier 48 & 3 wkts","County Ground, Taunton",Taunton,RK Illingworth; G Sharp,"Somerset defeated Essex by 8 wickets at County Ground, Taunton (Taunton).",Wisden Cricketers' Almanack / England and Wales Cricket Board Official Archive
86,CCH_2004_086,2004,2004,County Championship,Division One,Division One,Round 13,2004-07-09,2004-07-09,2004-07-12,4,Middlesex,Worcestershire,Middlesex,Worcestershire,Worcestershire,field,Middlesex,Worcestershire,Middlesex,385/9d (101.5 ov),385,9,101.5 ov,Worcestershire,403/8d (119.5 ov),403,8,119.5 ov,No,Middlesex,246/8 (51.1 ov),246,8,51.1 ov,Worcestershire,229/8 (69.1 ov),229,8,69.1 ov,1263,33,Middlesex 385/9d & 246/8 - Worcestershire 403/8d & 229/8,Draw,Draw,None,Draw,,draw,,"Middlesex: TJ Murtagh 20 & 4 wkts, SD Udal 42 & 3 wkts | Worcestershire: Kabir Ali 28 & 5 wkts, GJ Batty 45 & 3 wkts","Uxbridge Cricket Club Ground, Uxbridge",Uxbridge,JH Hampshire; RA Kettleborough,"Match drawn between Middlesex and Worcestershire at Uxbridge Cricket Club Ground, Uxbridge (Uxbridge).",Wisden Cricketers' Almanack / England and Wales Cricket Board Official Archive
87,CCH_2004_087,2004,2004,County Championship,Division One,Division One,Round 13,2004-07-09,2004-07-09,2004-07-12,4,Northamptonshire,Worcestershire,Northamptonshire,Worcestershire,Northamptonshire,field,Worcestershire,Northamptonshire,Worcestershire,396/9d (125.1 ov),396,9,125.1 ov,Northamptonshire,358/8 (95.2 ov),358,8,95.2 ov,No,Worcestershire,199/6d (80.3 ov),199,6,80.3 ov,Northamptonshire,166/8 (73.5 ov),166,8,73.5 ov,1119,31,Worcestershire 396/9d & 199/6d - Northamptonshire 358/8 & 166/8,Draw,Draw,None,Draw,,draw,,"Northamptonshire: DJ Sales 105, JF Brown 25 & 4 wkts | Worcestershire: GJ Batty 45 & 3 wkts, DKH Mitchell 75","County Ground, Northampton",Northampton,JH Hampshire; MJC Gough,"Match drawn between Northamptonshire and Worcestershire at County Ground, Northampton (Northampton).",Wisden Cricketers' Almanack / England and Wales Cricket Board Official Archive
88,CCH_2004_088,2004,2004,County Championship,Division One,Division One,Round 13,2004-07-09,2004-07-09,2004-07-12,4,Kent,Warwickshire,Kent,Warwickshire,Kent,bat,Kent,Warwickshire,Kent,292/10 (88.1 ov),292,10,88.1 ov,Warwickshire,211/10 (80.2 ov),211,10,80.2 ov,No,Kent,267/9d (85.0 ov),267,9,85.0 ov,Warwickshire,238/10 (83.3 ov),238,10,83.3 ov,1008,39,Kent 292 & 267d - Warwickshire 211 & 238,Win,Warwickshire,Kent,111 runs,111,runs,,"Kent: JC Tredwell 42 & 3 wkts, GO Jones 68 | Warwickshire: NV Knight 88, AF Giles 42 & 3 wkts","St Lawrence Ground, Canterbury",Canterbury,RK Illingworth; JW Lloyds,"Warwickshire defeated Kent by 111 runs at St Lawrence Ground, Canterbury (Canterbury).",Wisden Cricketers' Almanack / England and Wales Cricket Board Official Archive
89,CCH_2004_089,2004,2004,County Championship,Division One,Division One,Round 13,2004-07-09,2004-07-09,2004-07-12,4,Kent,Gloucestershire,Kent,Gloucestershire,Gloucestershire,field,Kent,Gloucestershire,Kent,221/10 (90.2 ov),221,10,90.2 ov,Gloucestershire,230/10 (83.3 ov),230,10,83.3 ov,No,Kent,258/5d (59.0 ov),258,5,59.0 ov,Gloucestershire,164/10 (67.2 ov),164,10,67.2 ov,873,35,Kent 221 & 258 - Gloucestershire 230 & 164/10,Win,Kent,Gloucestershire,44 runs,44,runs,,"Kent: M van Jaarsveld 96, RWT Key 104 | Gloucestershire: CM Spearman 105, MW Alleyne 68 & 2 wkts","St Lawrence Ground, Canterbury",Canterbury,RA Kettleborough; JW Lloyds,"Kent defeated Gloucestershire by 44 runs at St Lawrence Ground, Canterbury (Canterbury).",Wisden Cricketers' Almanack / England and Wales Cricket Board Official Archive
90,CCH_2004_090,2004,2004,County Championship,Division One,Division One,Round 13,2004-07-09,2004-07-09,2004-07-12,4,Middlesex,Surrey,Middlesex,Surrey,Middlesex,bat,Middlesex,Surrey,Middlesex,261/10 (90.0 ov),261,10,90.0 ov,Surrey,237/10 (89.3 ov),237,10,89.3 ov,No,Middlesex,260/5d (74.0 ov),260,5,74.0 ov,Surrey,160/10 (56.2 ov),160,10,56.2 ov,918,35,Middlesex 261 & 260 - Surrey 237 & 160/10,Win,Middlesex,Surrey,52 runs,52,runs,,"Middlesex: OA Shah 88, SD Udal 42 & 3 wkts | Surrey: Saqlain Mushtaq 20 & 5 wkts, MA Butcher 98","Lord's Cricket Ground, London",London,JW Lloyds; P Willey,"Middlesex defeated Surrey by 52 runs at Lord's Cricket Ground, London (London).",Wisden Cricketers' Almanack / England and Wales Cricket Board Official Archive
91,CCH_2004_091,2004,2004,County Championship,Division One,Division One,Round 13,2004-07-09,2004-07-09,2004-07-12,4,Northamptonshire,Sussex,Northamptonshire,Sussex,Sussex,bat,Sussex,Northamptonshire,Sussex,319/10 (104.0 ov),319,10,104.0 ov,Northamptonshire,343/10 (101.3 ov),343,10,101.3 ov,No,Sussex,234/10 (85.3 ov),234,10,85.3 ov,Northamptonshire,212/6 (71.1 ov),212,6,71.1 ov,1108,36,Sussex 319 & 234 - Northamptonshire 343 & 212/6,Win,Northamptonshire,Sussex,4 wickets,4,wickets,,"Northamptonshire: JJ van der Wath 48 & 3 wkts, JF Brown 25 & 4 wkts | Sussex: MJ Prior 78, RJ Kirtley 20 & 4 wkts","County Ground, Northampton",Northampton,RA Kettleborough; MJC Gough,"Northamptonshire defeated Sussex by 4 wickets at County Ground, Northampton (Northampton).",Wisden Cricketers' Almanack / England and Wales Cricket Board Official Archive
92,CCH_2004_092,2004,2004,County Championship,Division Two,Division Two,Round 14,2004-07-15,2004-07-15,2004-07-18,4,Leicestershire,Yorkshire,Leicestershire,Yorkshire,Leicestershire,bat,Leicestershire,Yorkshire,Leicestershire,331/10 (79.1 ov),331,10,79.1 ov,Yorkshire,385/10 (82.5 ov),385,10,82.5 ov,No,Leicestershire,217/10 (64.2 ov),217,10,64.2 ov,Yorkshire,167/3 (71.2 ov),167,3,71.2 ov,1100,33,Leicestershire 331 & 217 - Yorkshire 385 & 167/3,Win,Yorkshire,Leicestershire,7 wickets,7,wickets,,"Leicestershire: BJ Hodge 115 & 1 wkts, PA Nixon 64 | Yorkshire: MP Vaughan 105, MJ Hoggard 15 & 5 wkts","Grace Road, Leicester",Leicester,RK Illingworth; MJC Gough,"Yorkshire defeated Leicestershire by 7 wickets at Grace Road, Leicester (Leicester).",Wisden Cricketers' Almanack / England and Wales Cricket Board Official Archive
93,CCH_2004_093,2004,2004,County Championship,Division One,Division One,Round 14,2004-07-15,2004-07-15,2004-07-18,4,Warwickshire,Lancashire,Warwickshire,Lancashire,Warwickshire,field,Lancashire,Warwickshire,Lancashire,340/8d (120.1 ov),340,8,120.1 ov,Warwickshire,304/9 (96.3 ov),304,9,96.3 ov,No,Lancashire,252/5d (81.2 ov),252,5,81.2 ov,Warwickshire,197/3 (46.4 ov),197,3,46.4 ov,1093,25,Lancashire 340/8d & 252/5d - Warwickshire 304/9 & 197/3,Draw,Draw,None,Draw,,draw,,"Warwickshire: HH Streak 45 & 4 wkts, IR Bell 115 | Lancashire: JM Anderson 15 & 5 wkts, DG Cork 48 & 3 wkts","Edgbaston, Birmingham",Birmingham,PJ Hartley; NA Mallender,"Match drawn between Warwickshire and Lancashire at Edgbaston, Birmingham (Birmingham).",Wisden Cricketers' Almanack / England and Wales Cricket Board Official Archive
94,CCH_2004_094,2004,2004,County Championship,Division One,Division One,Round 14,2004-07-15,2004-07-15,2004-07-18,4,Warwickshire,Gloucestershire,Warwickshire,Gloucestershire,Gloucestershire,bat,Gloucestershire,Warwickshire,Gloucestershire,360/9d (102.3 ov),360,9,102.3 ov,Warwickshire,331/8 (120.0 ov),331,8,120.0 ov,No,Gloucestershire,218/5d (84.5 ov),218,5,84.5 ov,Warwickshire,157/7 (45.4 ov),157,7,45.4 ov,1066,29,Gloucestershire 360/9d & 218/5d - Warwickshire 331/8 & 157/7,Draw,Draw,None,Draw,,draw,,"Warwickshire: DR Brown 55 & 3 wkts, IR Bell 115 | Gloucestershire: J Lewis 22 & 5 wkts, JMM Averis 18 & 4 wkts","Edgbaston, Birmingham",Birmingham,PJ Hartley; JW Lloyds,"Match drawn between Warwickshire and Gloucestershire at Edgbaston, Birmingham (Birmingham).",Wisden Cricketers' Almanack / England and Wales Cricket Board Official Archive
95,CCH_2004_095,2004,2004,County Championship,Division One,Division One,Round 14,2004-07-15,2004-07-15,2004-07-18,4,Lancashire,Sussex,Lancashire,Sussex,Sussex,bat,Sussex,Lancashire,Sussex,146/10 (64.3 ov),146,10,64.3 ov,Lancashire,419/7 (117.5 ov),419,7,117.5 ov,Yes,Sussex,173/10 (65.4 ov),173,10,65.4 ov,,,,,,738,27,Sussex 146 & 173 - Lancashire 419/7d,Win,Lancashire,Sussex,innings and 100 runs,100,innings and runs,,"Lancashire: G Chapple 55 & 4 wkts, DG Cork 48 & 3 wkts | Sussex: MJ Prior 78, RJ Kirtley 20 & 4 wkts","Old Trafford, Manchester",Manchester,RK Illingworth; RA Kettleborough,"Lancashire defeated Sussex by innings and 100 runs at Old Trafford, Manchester (Manchester).",Wisden Cricketers' Almanack / England and Wales Cricket Board Official Archive
96,CCH_2004_096,2004,2004,County Championship,Division Two,Division Two,Round 14,2004-07-15,2004-07-15,2004-07-18,4,Hampshire,Nottinghamshire,Hampshire,Nottinghamshire,Hampshire,bat,Hampshire,Nottinghamshire,Hampshire,290/10 (92.1 ov),290,10,92.1 ov,Nottinghamshire,265/10 (90.2 ov),265,10,90.2 ov,No,Hampshire,216/7d (66.0 ov),216,7,66.0 ov,Nottinghamshire,176/10 (72.4 ov),176,10,72.4 ov,947,37,Hampshire 290 & 216 - Nottinghamshire 265 & 176/10,Win,Hampshire,Nottinghamshire,49 runs,49,runs,,"Hampshire: AD Mascarenhas 65 & 3 wkts, CT Tremlett 25 & 4 wkts | Nottinghamshire: SP Fleming 110, KP Pietersen 122 & 1 wkts","County Ground, Northlands Road, Southampton",Southampton,PJ Hartley; RK Illingworth,"Hampshire defeated Nottinghamshire by 49 runs at County Ground, Northlands Road, Southampton (Southampton).",Wisden Cricketers' Almanack / England and Wales Cricket Board Official Archive
97,CCH_2004_097,2004,2004,County Championship,Division Two,Division Two,Round 14,2004-07-15,2004-07-15,2004-07-18,4,Essex,Glamorgan,Essex,Glamorgan,Glamorgan,bat,Glamorgan,Essex,Glamorgan,355/7d (99.5 ov),355,7,99.5 ov,Essex,357/10 (102.5 ov),357,10,102.5 ov,No,Glamorgan,276/8 (58.4 ov),276,8,58.4 ov,Essex,190/7 (47.0 ov),190,7,47.0 ov,1178,32,Glamorgan 355/7d & 276/8 - Essex 357/10 & 190/7,Draw,Draw,None,Draw,,draw,,"Essex: GR Napier 48 & 3 wkts, RC Irani 78 & 2 wkts | Glamorgan: MS Kasprowicz 25 & 5 wkts, RDB Croft 52 & 3 wkts","Castle Park Cricket Ground, Colchester",Colchester,JW Lloyds; G Sharp,"Match drawn between Essex and Glamorgan at Castle Park Cricket Ground, Colchester (Colchester).",Wisden Cricketers' Almanack / England and Wales Cricket Board Official Archive
98,CCH_2004_098,2004,2004,County Championship,Division One,Division One,Round 14,2004-07-15,2004-07-15,2004-07-18,4,Worcestershire,Northamptonshire,Worcestershire,Northamptonshire,Worcestershire,bat,Worcestershire,Northamptonshire,Worcestershire,439/7d (105.5 ov),439,7,105.5 ov,Northamptonshire,331/8 (104.5 ov),331,8,104.5 ov,No,Worcestershire,222/7d (55.5 ov),222,7,55.5 ov,Northamptonshire,182/8 (64.5 ov),182,8,64.5 ov,1174,30,Worcestershire 439/7d & 222/7d - Northamptonshire 331/8 & 182/8,Draw,Draw,None,Draw,,draw,,"Worcestershire: Kabir Ali 28 & 5 wkts, GJ Batty 45 & 3 wkts | Northamptonshire: JF Brown 25 & 4 wkts, JJ van der Wath 48 & 3 wkts","New Road, Worcester",Worcester,P Willey; IJ Gould,"Match drawn between Worcestershire and Northamptonshire at New Road, Worcester (Worcester).",Wisden Cricketers' Almanack / England and Wales Cricket Board Official Archive
99,CCH_2004_099,2004,2004,County Championship,Division One,Division One,Round 15,2004-07-21,2004-07-21,2004-07-24,4,Kent,Lancashire,Kent,Lancashire,Kent,bat,Kent,Lancashire,Kent,222/10 (101.3 ov),222,10,101.3 ov,Lancashire,197/10 (79.0 ov),197,10,79.0 ov,No,Kent,214/7d (65.0 ov),214,7,65.0 ov,Lancashire,171/10 (67.1 ov),171,10,67.1 ov,804,37,Kent 222 & 214 - Lancashire 197 & 171/10,Win,Kent,Lancashire,65 runs,65,runs,,"Kent: Amjad Khan 18 & 4 wkts, JC Tredwell 42 & 3 wkts | Lancashire: G Chapple 55 & 4 wkts, SG Law 102 & 1 wkts","Nevill Ground, Royal Tunbridge Wells",Royal Tunbridge Wells,RK Illingworth; IJ Gould,"Kent defeated Lancashire by 65 runs at Nevill Ground, Royal Tunbridge Wells (Royal Tunbridge Wells).",Wisden Cricketers' Almanack / England and Wales Cricket Board Official Archive
100,CCH_2004_100,2004,2004,County Championship,Division One,Division One,Round 15,2004-07-21,2004-07-21,2004-07-24,4,Surrey,Northamptonshire,Surrey,Northamptonshire,Northamptonshire,bat,Northamptonshire,Surrey,Northamptonshire,162/10 (61.2 ov),162,10,61.2 ov,Surrey,323/9 (134.1 ov),323,9,134.1 ov,Yes,Northamptonshire,145/10 (55.1 ov),145,10,55.1 ov,,,,,,630,29,Northamptonshire 162 & 145 - Surrey 323/9d,Win,Surrey,Northamptonshire,innings and 16 runs,16,innings and runs,,"Surrey: Saqlain Mushtaq 20 & 5 wkts, MA Butcher 98 | Northamptonshire: U Afzaal 82, JF Brown 25 & 4 wkts","Woodbridge Road, Guildford",Guildford,MJ Kitchen; RA Kettleborough,"Surrey defeated Northamptonshire by innings and 16 runs at Woodbridge Road, Guildford (Guildford).",Wisden Cricketers' Almanack / England and Wales Cricket Board Official Archive
101,CCH_2004_101,2004,2004,County Championship,Division One,Division One,Round 15,2004-07-21,2004-07-21,2004-07-24,4,Worcestershire,Warwickshire,Worcestershire,Warwickshire,Warwickshire,bat,Warwickshire,Worcestershire,Warwickshire,425/6d (125.0 ov),425,6,125.0 ov,Worcestershire,301/10 (94.3 ov),301,10,94.3 ov,No,Warwickshire,185/7d (67.3 ov),185,7,67.3 ov,Worcestershire,133/7 (58.2 ov),133,7,58.2 ov,1044,30,Warwickshire 425/6d & 185/7d - Worcestershire 301/10 & 133/7,Draw,Draw,None,Draw,,draw,,"Worcestershire: DKH Mitchell 75, VS Solanki 98 | Warwickshire: HH Streak 45 & 4 wkts, DR Brown 55 & 3 wkts","New Road, Worcester",Worcester,IJ Gould; G Sharp,"Match drawn between Worcestershire and Warwickshire at New Road, Worcester (Worcester).",Wisden Cricketers' Almanack / England and Wales Cricket Board Official Archive
102,CCH_2004_102,2004,2004,County Championship,Division Two,Division Two,Round 15,2004-07-21,2004-07-21,2004-07-24,4,Essex,Derbyshire,Essex,Derbyshire,Essex,bat,Essex,Derbyshire,Essex,301/10 (99.2 ov),301,10,99.2 ov,Derbyshire,210/10 (84.5 ov),210,10,84.5 ov,No,Essex,223/7d (82.5 ov),223,7,82.5 ov,Derbyshire,246/10 (55.0 ov),246,10,55.0 ov,980,37,Essex 301 & 223d - Derbyshire 210 & 246,Win,Essex,Derbyshire,69 runs,69,runs,,"Essex: JS Foster 68, AN Cook 125 | Derbyshire: MJ Di Venuto 118, DG Cork 58 & 4 wkts","Garon Park, Southend-on-Sea",Southend-on-Sea,PJ Hartley; JW Lloyds,"Essex defeated Derbyshire by 69 runs at Garon Park, Southend-on-Sea (Southend-on-Sea).",Wisden Cricketers' Almanack / England and Wales Cricket Board Official Archive
103,CCH_2004_103,2004,2004,County Championship,Division One,Division One,Round 15,2004-07-21,2004-07-21,2004-07-24,4,Surrey,Kent,Surrey,Kent,Kent,bat,Kent,Surrey,Kent,177/10 (69.4 ov),177,10,69.4 ov,Surrey,437/7 (130.2 ov),437,7,130.2 ov,Yes,Kent,217/10 (52.4 ov),217,10,52.4 ov,,,,,,831,27,Kent 177 & 217 - Surrey 437/7d,Win,Surrey,Kent,innings and 43 runs,43,innings and runs,,"Surrey: MR Ramprakash 135, IDK Salisbury 25 & 3 wkts | Kent: GO Jones 68, RWT Key 104","The Oval, Kennington, London",London,JW Lloyds; G Sharp,"Surrey defeated Kent by innings and 43 runs at The Oval, Kennington, London (London).",Wisden Cricketers' Almanack / England and Wales Cricket Board Official Archive
104,CCH_2004_104,2004,2004,County Championship,Division Two,Division Two,Round 15,2004-07-21,2004-07-21,2004-07-24,4,Durham,Glamorgan,Durham,Glamorgan,Durham,bat,Durham,Glamorgan,Durham,268/10 (87.5 ov),268,10,87.5 ov,Glamorgan,238/10 (101.3 ov),238,10,101.3 ov,No,Durham,177/10 (87.4 ov),177,10,87.4 ov,Glamorgan,211/7 (70.1 ov),211,7,70.1 ov,894,37,Durham 268 & 177 - Glamorgan 238 & 211/7,Win,Glamorgan,Durham,3 wickets,3,wickets,,"Durham: G Onions 15 & 5 wkts, MJ Di Venuto 110 | Glamorgan: MD Maynard 92, MJ Powell 84","Riverside Ground, Chester-le-Street",Chester-le-Street,MJC Gough; IJ Gould,"Glamorgan defeated Durham by 3 wickets at Riverside Ground, Chester-le-Street (Chester-le-Street).",Wisden Cricketers' Almanack / England and Wales Cricket Board Official Archive
105,CCH_2004_105,2004,2004,County Championship,Division One,Division One,Round 15,2004-07-21,2004-07-21,2004-07-24,4,Northamptonshire,Warwickshire,Northamptonshire,Warwickshire,Northamptonshire,bat,Northamptonshire,Warwickshire,Northamptonshire,339/6d (119.5 ov),339,6,119.5 ov,Warwickshire,311/10 (104.1 ov),311,10,104.1 ov,No,Northamptonshire,262/7d (79.5 ov),262,7,79.5 ov,Warwickshire,141/7 (47.4 ov),141,7,47.4 ov,1053,30,Northamptonshire 339/6d & 262/7d - Warwickshire 311/10 & 141/7,Draw,Draw,None,Draw,,draw,,"Northamptonshire: JJ van der Wath 48 & 3 wkts, MS Panesar 15 & 5 wkts | Warwickshire: NV Knight 88, HH Streak 45 & 4 wkts","County Ground, Northampton",Northampton,RK Illingworth; IJ Gould,"Match drawn between Northamptonshire and Warwickshire at County Ground, Northampton (Northampton).",Wisden Cricketers' Almanack / England and Wales Cricket Board Official Archive
106,CCH_2004_106,2004,2004,County Championship,Division One,Division One,Round 16,2004-07-27,2004-07-27,2004-07-30,4,Warwickshire,Sussex,Warwickshire,Sussex,Sussex,bat,Sussex,Warwickshire,Sussex,414/7d (123.3 ov),414,7,123.3 ov,Warwickshire,341/7 (115.0 ov),341,7,115.0 ov,No,Sussex,274/4d (75.5 ov),274,4,75.5 ov,Warwickshire,145/6 (48.4 ov),145,6,48.4 ov,1174,24,Sussex 414/7d & 274/4d - Warwickshire 341/7 & 145/6,Draw,Draw,None,Draw,,draw,,"Warwickshire: AF Giles 42 & 3 wkts, HH Streak 45 & 4 wkts | Sussex: MW Goodwin 115, MJ Prior 78","Edgbaston, Birmingham",Birmingham,P Willey; MJ Kitchen,"Match drawn between Warwickshire and Sussex at Edgbaston, Birmingham (Birmingham).",Wisden Cricketers' Almanack / England and Wales Cricket Board Official Archive
107,CCH_2004_107,2004,2004,County Championship,Division One,Division One,Round 16,2004-07-27,2004-07-27,2004-07-30,4,Gloucestershire,Surrey,Gloucestershire,Surrey,Surrey,field,Gloucestershire,Surrey,Gloucestershire,399/7d (128.5 ov),399,7,128.5 ov,Surrey,412/8d (90.4 ov),412,8,90.4 ov,No,Gloucestershire,224/3d (79.2 ov),224,3,79.2 ov,Surrey,237/7 (40.2 ov),237,7,40.2 ov,1272,25,Gloucestershire 399/7d & 224/3d - Surrey 412/8d & 237/7,Draw,Draw,None,Draw,,draw,,"Gloucestershire: MW Alleyne 68 & 2 wkts, RC Russell 62 | Surrey: Saqlain Mushtaq 20 & 5 wkts, MR Ramprakash 135","County Ground, Bristol",Bristol,RA Kettleborough; RK Illingworth,"Match drawn between Gloucestershire and Surrey at County Ground, Bristol (Bristol).",Wisden Cricketers' Almanack / England and Wales Cricket Board Official Archive
108,CCH_2004_108,2004,2004,County Championship,Division Two,Division Two,Round 16,2004-07-27,2004-07-27,2004-07-30,4,Glamorgan,Hampshire,Glamorgan,Hampshire,Glamorgan,field,Hampshire,Glamorgan,Hampshire,285/10 (86.1 ov),285,10,86.1 ov,Glamorgan,278/10 (95.2 ov),278,10,95.2 ov,No,Hampshire,232/7d (70.0 ov),232,7,70.0 ov,Glamorgan,161/10 (54.0 ov),161,10,54.0 ov,956,37,Hampshire 285 & 232 - Glamorgan 278 & 161/10,Win,Hampshire,Glamorgan,26 runs,26,runs,,"Glamorgan: MS Kasprowicz 25 & 5 wkts, RDB Croft 52 & 3 wkts | Hampshire: AD Mascarenhas 65 & 3 wkts, JP Crawley 108","Penrhyn Avenue, Colwyn Bay",Colwyn Bay,JW Lloyds; JH Hampshire,"Hampshire defeated Glamorgan by 26 runs at Penrhyn Avenue, Colwyn Bay (Colwyn Bay).",Wisden Cricketers' Almanack / England and Wales Cricket Board Official Archive
109,CCH_2004_109,2004,2004,County Championship,Division One,Division One,Round 16,2004-07-27,2004-07-27,2004-07-30,4,Lancashire,Northamptonshire,Lancashire,Northamptonshire,Lancashire,bat,Lancashire,Northamptonshire,Lancashire,446/10 (121.3 ov),446,10,121.3 ov,Northamptonshire,309/7 (96.3 ov),309,7,96.3 ov,No,Lancashire,186/7d (57.1 ov),186,7,57.1 ov,Northamptonshire,179/7 (68.2 ov),179,7,68.2 ov,1120,31,Lancashire 446/10 & 186/7d - Northamptonshire 309/7 & 179/7,Draw,Draw,None,Draw,,draw,,"Lancashire: MB Loye 84, DG Cork 48 & 3 wkts | Northamptonshire: MS Panesar 15 & 5 wkts, U Afzaal 82","Old Trafford, Manchester",Manchester,RA Kettleborough; G Sharp,"Match drawn between Lancashire and Northamptonshire at Old Trafford, Manchester (Manchester).",Wisden Cricketers' Almanack / England and Wales Cricket Board Official Archive
110,CCH_2004_110,2004,2004,County Championship,Division Two,Division Two,Round 16,2004-07-27,2004-07-27,2004-07-30,4,Durham,Nottinghamshire,Durham,Nottinghamshire,Durham,field,Nottinghamshire,Durham,Nottinghamshire,420/8d (127.1 ov),420,8,127.1 ov,Durham,399/7 (103.5 ov),399,7,103.5 ov,No,Nottinghamshire,210/6d (80.3 ov),210,6,80.3 ov,Durham,234/7 (63.0 ov),234,7,63.0 ov,1263,28,Nottinghamshire 420/8d & 210/6d - Durham 399/7 & 234/7,Draw,Draw,None,Draw,,draw,,"Durham: G Onions 15 & 5 wkts, DM Benkenstein 88 | Nottinghamshire: SCJ Broad 42 & 4 wkts, SP Fleming 110","Racecourse Ground, Durham",Durham,RA Kettleborough; JH Hampshire,"Match drawn between Durham and Nottinghamshire at Racecourse Ground, Durham (Durham).",Wisden Cricketers' Almanack / England and Wales Cricket Board Official Archive
111,CCH_2004_111,2004,2004,County Championship,Division Two,Division Two,Round 16,2004-07-27,2004-07-27,2004-07-30,4,Derbyshire,Nottinghamshire,Derbyshire,Nottinghamshire,Derbyshire,bat,Derbyshire,Nottinghamshire,Derbyshire,391/10 (126.3 ov),391,10,126.3 ov,Nottinghamshire,411/7d (106.3 ov),411,7,106.3 ov,No,Derbyshire,227/7d (79.1 ov),227,7,79.1 ov,Nottinghamshire,188/5 (42.3 ov),188,5,42.3 ov,1217,29,Derbyshire 391/10 & 227/7d - Nottinghamshire 411/7d & 188/5,Draw,Draw,None,Draw,,draw,,"Derbyshire: G Welch 45 & 3 wkts, DG Cork 58 & 4 wkts | Nottinghamshire: CMW Read 68, SP Fleming 110","County Ground, Derby",Derby,P Willey; IJ Gould,"Match drawn between Derbyshire and Nottinghamshire at County Ground, Derby (Derby).",Wisden Cricketers' Almanack / England and Wales Cricket Board Official Archive
112,CCH_2004_112,2004,2004,County Championship,Division Two,Division Two,Round 16,2004-07-27,2004-07-27,2004-07-30,4,Derbyshire,Glamorgan,Derbyshire,Glamorgan,Glamorgan,bat,Glamorgan,Derbyshire,Glamorgan,459/7d (107.5 ov),459,7,107.5 ov,Derbyshire,283/9 (116.2 ov),283,9,116.2 ov,No,Glamorgan,275/7d (82.3 ov),275,7,82.3 ov,Derbyshire,157/7 (55.0 ov),157,7,55.0 ov,1174,30,Glamorgan 459/7d & 275/7d - Derbyshire 283/9 & 157/7,Draw,Draw,None,Draw,,draw,,"Derbyshire: KJ Dean 15 & 4 wkts, MJ Di Venuto 118 | Glamorgan: MS Kasprowicz 25 & 5 wkts, DS Harrison 18 & 4 wkts","County Ground, Derby",Derby,MJ Kitchen; RK Illingworth,"Match drawn between Derbyshire and Glamorgan at County Ground, Derby (Derby).",Wisden Cricketers' Almanack / England and Wales Cricket Board Official Archive
113,CCH_2004_113,2004,2004,County Championship,Division Two,Division Two,Round 17,2004-08-02,2004-08-02,2004-08-05,4,Somerset,Nottinghamshire,Somerset,Nottinghamshire,Somerset,field,Nottinghamshire,Somerset,Nottinghamshire,325/10 (94.4 ov),325,10,94.4 ov,Somerset,329/10 (79.1 ov),329,10,79.1 ov,No,Nottinghamshire,193/10 (60.3 ov),193,10,60.3 ov,Somerset,156/10 (68.3 ov),156,10,68.3 ov,1003,40,Nottinghamshire 325 & 193 - Somerset 329 & 156,Win,Somerset,Nottinghamshire,34 runs,34,runs,,"Somerset: JC Hildreth 92, ME Trescothick 120 | Nottinghamshire: CMW Read 68, SP Fleming 110","County Ground, Taunton",Taunton,RK Illingworth; NA Mallender,"Somerset defeated Nottinghamshire by 34 runs at County Ground, Taunton (Taunton).",Wisden Cricketers' Almanack / England and Wales Cricket Board Official Archive
114,CCH_2004_114,2004,2004,County Championship,Division Two,Division Two,Round 17,2004-08-02,2004-08-02,2004-08-05,4,Nottinghamshire,Leicestershire,Nottinghamshire,Leicestershire,Nottinghamshire,bat,Nottinghamshire,Leicestershire,Nottinghamshire,332/10 (95.3 ov),332,10,95.3 ov,Leicestershire,289/7 (118.3 ov),289,7,118.3 ov,No,Nottinghamshire,218/7d (72.0 ov),218,7,72.0 ov,Leicestershire,233/8 (42.0 ov),233,8,42.0 ov,1072,32,Nottinghamshire 332/10 & 218/7d - Leicestershire 289/7 & 233/8,Draw,Draw,None,Draw,,draw,,"Nottinghamshire: SP Fleming 110, RJ Sidebottom 18 & 5 wkts | Leicestershire: SCJ Broad 38 & 4 wkts, CW Henderson 18 & 4 wkts","Trent Bridge, Nottingham",Nottingham,MJC Gough; G Sharp,"Match drawn between Nottinghamshire and Leicestershire at Trent Bridge, Nottingham (Nottingham).",Wisden Cricketers' Almanack / England and Wales Cricket Board Official Archive
115,CCH_2004_115,2004,2004,County Championship,Division One,Division One,Round 17,2004-08-02,2004-08-02,2004-08-05,4,Lancashire,Surrey,Lancashire,Surrey,Lancashire,bat,Lancashire,Surrey,Lancashire,342/9d (95.1 ov),342,9,95.1 ov,Surrey,373/7d (94.0 ov),373,7,94.0 ov,No,Lancashire,191/5d (55.2 ov),191,5,55.2 ov,Surrey,151/3 (54.4 ov),151,3,54.4 ov,1057,24,Lancashire 342/9d & 191/5d - Surrey 373/7d & 151/3,Draw,Draw,None,Draw,,draw,,"Lancashire: MB Loye 84, JM Anderson 15 & 5 wkts | Surrey: MP Bicknell 35 & 4 wkts, Saqlain Mushtaq 20 & 5 wkts","Trafalgar Road, Southport",Southport,JW Lloyds; RA Kettleborough,"Match drawn between Lancashire and Surrey at Trafalgar Road, Southport (Southport).",Wisden Cricketers' Almanack / England and Wales Cricket Board Official Archive
116,CCH_2004_116,2004,2004,County Championship,Division One,Division One,Round 17,2004-08-02,2004-08-02,2004-08-05,4,Worcestershire,Sussex,Worcestershire,Sussex,Worcestershire,field,Sussex,Worcestershire,Sussex,304/10 (80.2 ov),304,10,80.2 ov,Worcestershire,273/10 (98.0 ov),273,10,98.0 ov,No,Sussex,216/9d (72.5 ov),216,9,72.5 ov,Worcestershire,211/10 (78.2 ov),211,10,78.2 ov,1004,39,Sussex 304 & 216d - Worcestershire 273 & 211,Win,Sussex,Worcestershire,37 runs,37,runs,,"Worcestershire: VS Solanki 98, DKH Mitchell 75 | Sussex: Mushtaq Ahmed 22 & 6 wkts, CJ Adams 95","New Road, Worcester",Worcester,RA Kettleborough; NA Mallender,"Sussex defeated Worcestershire by 37 runs at New Road, Worcester (Worcester).",Wisden Cricketers' Almanack / England and Wales Cricket Board Official Archive
117,CCH_2004_117,2004,2004,County Championship,Division Two,Division Two,Round 17,2004-08-02,2004-08-02,2004-08-05,4,Durham,Hampshire,Durham,Hampshire,Durham,bat,Durham,Hampshire,Durham,341/10 (79.3 ov),341,10,79.3 ov,Hampshire,392/10 (77.2 ov),392,10,77.2 ov,No,Durham,218/10 (93.5 ov),218,10,93.5 ov,Hampshire,171/1 (62.2 ov),171,1,62.2 ov,1122,31,Durham 341 & 218 - Hampshire 392 & 171/1,Win,Hampshire,Durham,9 wickets,9,wickets,,"Durham: SJ Harmison 18 & 5 wkts, MJ Di Venuto 110 | Hampshire: CT Tremlett 25 & 4 wkts, AD Mascarenhas 65 & 3 wkts","Riverside Ground, Chester-le-Street",Chester-le-Street,P Willey; G Sharp,"Hampshire defeated Durham by 9 wickets at Riverside Ground, Chester-le-Street (Chester-le-Street).",Wisden Cricketers' Almanack / England and Wales Cricket Board Official Archive
118,CCH_2004_118,2004,2004,County Championship,Division Two,Division Two,Round 17,2004-08-02,2004-08-02,2004-08-05,4,Durham,Essex,Durham,Essex,Essex,field,Durham,Essex,Durham,358/10 (104.2 ov),358,10,104.2 ov,Essex,327/10 (94.3 ov),327,10,94.3 ov,No,Durham,212/5d (66.4 ov),212,5,66.4 ov,Essex,215/10 (50.5 ov),215,10,50.5 ov,1112,35,Durham 358 & 212d - Essex 327 & 215,Win,Essex,Durham,29 runs,29,runs,,"Durham: G Onions 15 & 5 wkts, MJ Di Venuto 110 | Essex: RC Irani 78 & 2 wkts, Danish Kaneria 20 & 6 wkts","Racecourse Ground, Durham",Durham,MJ Kitchen; P Willey,"Essex defeated Durham by 29 runs at Racecourse Ground, Durham (Durham).",Wisden Cricketers' Almanack / England and Wales Cricket Board Official Archive
119,CCH_2004_119,2004,2004,County Championship,Division Two,Division Two,Round 17,2004-08-02,2004-08-02,2004-08-05,4,Yorkshire,Durham,Yorkshire,Durham,Yorkshire,bat,Yorkshire,Durham,Yorkshire,345/9d (97.5 ov),345,9,97.5 ov,Durham,382/9d (109.5 ov),382,9,109.5 ov,No,Yorkshire,192/6d (58.1 ov),192,6,58.1 ov,Durham,131/4 (56.3 ov),131,4,56.3 ov,1050,28,Yorkshire 345/9d & 192/6d - Durham 382/9d & 131/4,Draw,Draw,None,Draw,,draw,,"Yorkshire: A McGrath 84 & 2 wkts, MJ Hoggard 15 & 5 wkts | Durham: SJ Harmison 18 & 5 wkts, DM Benkenstein 88","Abbeydale Park, Sheffield",Sheffield,MJC Gough; MJ Kitchen,"Match drawn between Yorkshire and Durham at Abbeydale Park, Sheffield (Sheffield).",Wisden Cricketers' Almanack / England and Wales Cricket Board Official Archive
120,CCH_2004_120,2004,2004,County Championship,Division One,Division One,Round 18,2004-08-08,2004-08-08,2004-08-11,4,Lancashire,Kent,Lancashire,Kent,Kent,field,Lancashire,Kent,Lancashire,228/10 (83.4 ov),228,10,83.4 ov,Kent,191/10 (98.3 ov),191,10,98.3 ov,No,Lancashire,268/10 (75.2 ov),268,10,75.2 ov,Kent,308/2 (56.2 ov),308,2,56.2 ov,995,32,Lancashire 228 & 268 - Kent 191 & 308/2,Win,Kent,Lancashire,8 wickets,8,wickets,,"Lancashire: MB Loye 84, G Chapple 55 & 4 wkts | Kent: Amjad Khan 18 & 4 wkts, RWT Key 104","Stanley Park, Blackpool",Blackpool,RK Illingworth; JH Hampshire,"Kent defeated Lancashire by 8 wickets at Stanley Park, Blackpool (Blackpool).",Wisden Cricketers' Almanack / England and Wales Cricket Board Official Archive
121,CCH_2004_121,2004,2004,County Championship,Division Two,Division Two,Round 18,2004-08-08,2004-08-08,2004-08-11,4,Derbyshire,Somerset,Derbyshire,Somerset,Somerset,bat,Somerset,Derbyshire,Somerset,341/10 (79.4 ov),341,10,79.4 ov,Derbyshire,301/10 (108.4 ov),301,10,108.4 ov,No,Somerset,201/4d (61.0 ov),201,4,61.0 ov,Derbyshire,147/10 (74.4 ov),147,10,74.4 ov,990,34,Somerset 341 & 201 - Derbyshire 301 & 147/10,Win,Somerset,Derbyshire,93 runs,93,runs,,"Derbyshire: SD Stubbings 76, MJ Di Venuto 118 | Somerset: ME Trescothick 120, JL Langer 118","County Ground, Derby",Derby,PJ Hartley; G Sharp,"Somerset defeated Derbyshire by 93 runs at County Ground, Derby (Derby).",Wisden Cricketers' Almanack / England and Wales Cricket Board Official Archive
122,CCH_2004_122,2004,2004,County Championship,Division One,Division One,Round 18,2004-08-08,2004-08-08,2004-08-11,4,Middlesex,Gloucestershire,Middlesex,Gloucestershire,Middlesex,field,Gloucestershire,Middlesex,Gloucestershire,457/10 (128.0 ov),457,10,128.0 ov,Middlesex,339/8 (112.2 ov),339,8,112.2 ov,No,Gloucestershire,201/7d (77.5 ov),201,7,77.5 ov,Middlesex,168/8 (56.2 ov),168,8,56.2 ov,1165,33,Gloucestershire 457/10 & 201/7d - Middlesex 339/8 & 168/8,Draw,Draw,None,Draw,,draw,,"Middlesex: SD Udal 42 & 3 wkts, AJ Strauss 112 | Gloucestershire: J Lewis 22 & 5 wkts, CM Spearman 105","Uxbridge Cricket Club Ground, Uxbridge",Uxbridge,IJ Gould; NA Mallender,"Match drawn between Middlesex and Gloucestershire at Uxbridge Cricket Club Ground, Uxbridge (Uxbridge).",Wisden Cricketers' Almanack / England and Wales Cricket Board Official Archive
123,CCH_2004_123,2004,2004,County Championship,Division One,Division One,Round 18,2004-08-08,2004-08-08,2004-08-11,4,Lancashire,Gloucestershire,Lancashire,Gloucestershire,Gloucestershire,bat,Gloucestershire,Lancashire,Gloucestershire,434/10 (110.2 ov),434,10,110.2 ov,Lancashire,397/7 (118.2 ov),397,7,118.2 ov,No,Gloucestershire,191/4d (66.0 ov),191,4,66.0 ov,Lancashire,212/6 (59.1 ov),212,6,59.1 ov,1234,27,Gloucestershire 434/10 & 191/4d - Lancashire 397/7 & 212/6,Draw,Draw,None,Draw,,draw,,"Lancashire: DG Cork 48 & 3 wkts, MB Loye 84 | Gloucestershire: RC Russell 62, CM Spearman 105","Stanley Park, Blackpool",Blackpool,G Sharp; P Willey,"Match drawn between Lancashire and Gloucestershire at Stanley Park, Blackpool (Blackpool).",Wisden Cricketers' Almanack / England and Wales Cricket Board Official Archive
124,CCH_2004_124,2004,2004,County Championship,Division One,Division One,Round 18,2004-08-08,2004-08-08,2004-08-11,4,Worcestershire,Lancashire,Worcestershire,Lancashire,Worcestershire,field,Lancashire,Worcestershire,Lancashire,293/10 (105.1 ov),293,10,105.1 ov,Worcestershire,338/10 (99.2 ov),338,10,99.2 ov,No,Lancashire,180/10 (77.1 ov),180,10,77.1 ov,Worcestershire,29/10 (69.3 ov),29,10,69.3 ov,840,40,Lancashire 293 & 180 - Worcestershire 338 & 29,Win,Worcestershire,Lancashire,107 runs,107,runs,,"Worcestershire: GJ Batty 45 & 3 wkts, DKH Mitchell 75 | Lancashire: MB Loye 84, JM Anderson 15 & 5 wkts","New Road, Worcester",Worcester,G Sharp; JW Lloyds,"Worcestershire defeated Lancashire by 107 runs at New Road, Worcester (Worcester).",Wisden Cricketers' Almanack / England and Wales Cricket Board Official Archive
125,CCH_2004_125,2004,2004,County Championship,Division Two,Division Two,Round 18,2004-08-08,2004-08-08,2004-08-11,4,Hampshire,Yorkshire,Hampshire,Yorkshire,Yorkshire,field,Hampshire,Yorkshire,Hampshire,226/10 (93.4 ov),226,10,93.4 ov,Yorkshire,260/10 (75.2 ov),260,10,75.2 ov,No,Hampshire,225/4d (72.0 ov),225,4,72.0 ov,Yorkshire,152/10 (75.4 ov),152,10,75.4 ov,863,34,Hampshire 226 & 225 - Yorkshire 260 & 152/10,Win,Hampshire,Yorkshire,57 runs,57,runs,,"Hampshire: CT Tremlett 25 & 4 wkts, N Pothas 62 | Yorkshire: JA Rudolph 108, MJ Hoggard 15 & 5 wkts","County Ground, Northlands Road, Southampton",Southampton,JW Lloyds; P Willey,"Hampshire defeated Yorkshire by 57 runs at County Ground, Northlands Road, Southampton (Southampton).",Wisden Cricketers' Almanack / England and Wales Cricket Board Official Archive
126,CCH_2004_126,2004,2004,County Championship,Division One,Division One,Round 18,2004-08-08,2004-08-08,2004-08-11,4,Sussex,Worcestershire,Sussex,Worcestershire,Sussex,field,Worcestershire,Sussex,Worcestershire,412/10 (104.1 ov),412,10,104.1 ov,Sussex,322/10 (123.1 ov),322,10,123.1 ov,No,Worcestershire,280/4d (74.4 ov),280,4,74.4 ov,Sussex,191/3 (54.3 ov),191,3,54.3 ov,1205,27,Worcestershire 412/10 & 280/4d - Sussex 322/10 & 191/3,Draw,Draw,None,Draw,,draw,,"Sussex: MJ Prior 78, CJ Adams 95 | Worcestershire: GA Hick 112, Kabir Ali 28 & 5 wkts","Arundel Castle Cricket Ground, Arundel",Arundel,G Sharp; RK Illingworth,"Match drawn between Sussex and Worcestershire at Arundel Castle Cricket Ground, Arundel (Arundel).",Wisden Cricketers' Almanack / England and Wales Cricket Board Official Archive
127,CCH_2004_127,2004,2004,County Championship,Division Two,Division Two,Round 19,2004-08-14,2004-08-14,2004-08-17,4,Essex,Nottinghamshire,Essex,Nottinghamshire,Essex,field,Nottinghamshire,Essex,Nottinghamshire,227/10 (104.3 ov),227,10,104.3 ov,Essex,240/10 (97.4 ov),240,10,97.4 ov,No,Nottinghamshire,225/6d (73.0 ov),225,6,73.0 ov,Essex,143/10 (51.4 ov),143,10,51.4 ov,835,36,Nottinghamshire 227 & 225 - Essex 240 & 143/10,Win,Nottinghamshire,Essex,70 runs,70,runs,,"Essex: JS Foster 68, Danish Kaneria 20 & 6 wkts | Nottinghamshire: SP Fleming 110, SCJ Broad 42 & 4 wkts","County Ground, Chelmsford",Chelmsford,RA Kettleborough; RK Illingworth,"Nottinghamshire defeated Essex by 70 runs at County Ground, Chelmsford (Chelmsford).",Wisden Cricketers' Almanack / England and Wales Cricket Board Official Archive
128,CCH_2004_128,2004,2004,County Championship,Division One,Division One,Round 19,2004-08-14,2004-08-14,2004-08-17,4,Gloucestershire,Worcestershire,Gloucestershire,Worcestershire,Worcestershire,field,Gloucestershire,Worcestershire,Gloucestershire,366/8d (95.2 ov),366,8,95.2 ov,Worcestershire,314/9 (94.4 ov),314,9,94.4 ov,No,Gloucestershire,194/5d (71.4 ov),194,5,71.4 ov,Worcestershire,233/7 (51.4 ov),233,7,51.4 ov,1107,29,Gloucestershire 366/8d & 194/5d - Worcestershire 314/9 & 233/7,Draw,Draw,None,Draw,,draw,,"Gloucestershire: CM Spearman 105, RC Russell 62 | Worcestershire: GJ Batty 45 & 3 wkts, VS Solanki 98","College Ground, Cheltenham",Cheltenham,P Willey; RK Illingworth,"Match drawn between Gloucestershire and Worcestershire at College Ground, Cheltenham (Cheltenham).",Wisden Cricketers' Almanack / England and Wales Cricket Board Official Archive
129,CCH_2004_129,2004,2004,County Championship,Division One,Division One,Round 19,2004-08-14,2004-08-14,2004-08-17,4,Sussex,Surrey,Sussex,Surrey,Surrey,field,Sussex,Surrey,Sussex,420/5d (124.5 ov),420,5,124.5 ov,Surrey,175/10 (58.1 ov),175,10,58.1 ov,Yes,Surrey,176/10 (56.3 ov),176,10,56.3 ov,,,,,,771,25,Sussex 420/5d - Surrey 175 & 176,Win,Sussex,Surrey,innings and 69 runs,69,innings and runs,,"Sussex: Mushtaq Ahmed 22 & 6 wkts, MW Goodwin 115 | Surrey: MR Ramprakash 135, MP Bicknell 35 & 4 wkts","County Ground, Hove",Hove,NA Mallender; RA Kettleborough,"Sussex defeated Surrey by innings and 69 runs at County Ground, Hove (Hove).",Wisden Cricketers' Almanack / England and Wales Cricket Board Official Archive
130,CCH_2004_130,2004,2004,County Championship,Division Two,Division Two,Round 19,2004-08-14,2004-08-14,2004-08-17,4,Yorkshire,Glamorgan,Yorkshire,Glamorgan,Glamorgan,bat,Glamorgan,Yorkshire,Glamorgan,399/9d (129.3 ov),399,9,129.3 ov,Yorkshire,338/9 (98.3 ov),338,9,98.3 ov,No,Glamorgan,252/3d (52.0 ov),252,3,52.0 ov,Yorkshire,168/7 (71.2 ov),168,7,71.2 ov,1157,28,Glamorgan 399/9d & 252/3d - Yorkshire 338/9 & 168/7,Draw,Draw,None,Draw,,draw,,"Yorkshire: MP Vaughan 105, JA Rudolph 108 | Glamorgan: MS Kasprowicz 25 & 5 wkts, MJ Powell 84","North Marine Road Ground, Scarborough",Scarborough,RK Illingworth; MJ Kitchen,"Match drawn between Yorkshire and Glamorgan at North Marine Road Ground, Scarborough (Scarborough).",Wisden Cricketers' Almanack / England and Wales Cricket Board Official Archive
131,CCH_2004_131,2004,2004,County Championship,Division One,Division One,Round 19,2004-08-14,2004-08-14,2004-08-17,4,Northamptonshire,Lancashire,Northamptonshire,Lancashire,Lancashire,bat,Lancashire,Northamptonshire,Lancashire,421/7d (110.4 ov),421,7,110.4 ov,Northamptonshire,393/8 (103.1 ov),393,8,103.1 ov,No,Lancashire,208/5d (75.4 ov),208,5,75.4 ov,Northamptonshire,204/3 (43.3 ov),204,3,43.3 ov,1226,23,Lancashire 421/7d & 208/5d - Northamptonshire 393/8 & 204/3,Draw,Draw,None,Draw,,draw,,"Northamptonshire: MS Panesar 15 & 5 wkts, U Afzaal 82 | Lancashire: G Chapple 55 & 4 wkts, DG Cork 48 & 3 wkts","County Ground, Northampton",Northampton,P Willey; IJ Gould,"Match drawn between Northamptonshire and Lancashire at County Ground, Northampton (Northampton).",Wisden Cricketers' Almanack / England and Wales Cricket Board Official Archive
132,CCH_2004_132,2004,2004,County Championship,Division Two,Division Two,Round 19,2004-08-14,2004-08-14,2004-08-17,4,Glamorgan,Leicestershire,Glamorgan,Leicestershire,Leicestershire,field,Glamorgan,Leicestershire,Glamorgan,352/6d (103.1 ov),352,6,103.1 ov,Leicestershire,300/7 (115.4 ov),300,7,115.4 ov,No,Glamorgan,217/4d (79.4 ov),217,4,79.4 ov,Leicestershire,239/6 (48.3 ov),239,6,48.3 ov,1108,23,Glamorgan 352/6d & 217/4d - Leicestershire 300/7 & 239/6,Draw,Draw,None,Draw,,draw,,"Glamorgan: MJ Powell 84, DS Harrison 18 & 4 wkts | Leicestershire: CW Henderson 18 & 4 wkts, DL Maddy 88 & 2 wkts","Sophia Gardens, Cardiff",Cardiff,MJ Kitchen; NA Mallender,"Match drawn between Glamorgan and Leicestershire at Sophia Gardens, Cardiff (Cardiff).",Wisden Cricketers' Almanack / England and Wales Cricket Board Official Archive
133,CCH_2004_133,2004,2004,County Championship,Division Two,Division Two,Round 19,2004-08-14,2004-08-14,2004-08-17,4,Hampshire,Somerset,Hampshire,Somerset,Somerset,bat,Somerset,Hampshire,Somerset,302/10 (101.4 ov),302,10,101.4 ov,Hampshire,349/10 (101.2 ov),349,10,101.2 ov,No,Somerset,249/10 (95.1 ov),249,10,95.1 ov,Hampshire,204/5 (64.1 ov),204,5,64.1 ov,1104,35,Somerset 302 & 249 - Hampshire 349 & 204/5,Win,Hampshire,Somerset,5 wickets,5,wickets,,"Hampshire: CT Tremlett 25 & 4 wkts, N Pothas 62 | Somerset: C Willoughby 15 & 5 wkts, JL Langer 118","The Rose Bowl, Southampton",Southampton,NA Mallender; JW Lloyds,"Hampshire defeated Somerset by 5 wickets at The Rose Bowl, Southampton (Southampton).",Wisden Cricketers' Almanack / England and Wales Cricket Board Official Archive
134,CCH_2004_134,2004,2004,County Championship,Division One,Division One,Round 20,2004-08-20,2004-08-20,2004-08-23,4,Surrey,Warwickshire,Surrey,Warwickshire,Surrey,bat,Surrey,Warwickshire,Surrey,335/7d (129.2 ov),335,7,129.2 ov,Warwickshire,379/8d (105.0 ov),379,8,105.0 ov,No,Surrey,273/3d (74.2 ov),273,3,74.2 ov,Warwickshire,185/7 (63.0 ov),185,7,63.0 ov,1172,25,Surrey 335/7d & 273/3d - Warwickshire 379/8d & 185/7,Draw,Draw,None,Draw,,draw,,"Surrey: Saqlain Mushtaq 20 & 5 wkts, IDK Salisbury 25 & 3 wkts | Warwickshire: HH Streak 45 & 4 wkts, IR Bell 115","The Oval, Kennington, London",London,JW Lloyds; NA Mallender,"Match drawn between Surrey and Warwickshire at The Oval, Kennington, London (London).",Wisden Cricketers' Almanack / England and Wales Cricket Board Official Archive
135,CCH_2004_135,2004,2004,County Championship,Division One,Division One,Round 20,2004-08-20,2004-08-20,2004-08-23,4,Gloucestershire,Kent,Gloucestershire,Kent,Kent,bat,Kent,Gloucestershire,Kent,408/8d (120.4 ov),408,8,120.4 ov,Gloucestershire,354/10 (96.0 ov),354,10,96.0 ov,No,Kent,202/5d (75.3 ov),202,5,75.3 ov,Gloucestershire,160/8 (74.3 ov),160,8,74.3 ov,1124,31,Kent 408/8d & 202/5d - Gloucestershire 354/10 & 160/8,Draw,Draw,None,Draw,,draw,,"Gloucestershire: J Lewis 22 & 5 wkts, CM Spearman 105 | Kent: JC Tredwell 42 & 3 wkts, Amjad Khan 18 & 4 wkts","County Ground, Bristol",Bristol,IJ Gould; MJC Gough,"Match drawn between Gloucestershire and Kent at County Ground, Bristol (Bristol).",Wisden Cricketers' Almanack / England and Wales Cricket Board Official Archive
136,CCH_2004_136,2004,2004,County Championship,Division Two,Division Two,Round 20,2004-08-20,2004-08-20,2004-08-23,4,Yorkshire,Hampshire,Yorkshire,Hampshire,Hampshire,bat,Hampshire,Yorkshire,Hampshire,366/10 (121.1 ov),366,10,121.1 ov,Yorkshire,300/8 (111.4 ov),300,8,111.4 ov,No,Hampshire,288/4d (66.4 ov),288,4,66.4 ov,Yorkshire,139/6 (46.3 ov),139,6,46.3 ov,1093,28,Hampshire 366/10 & 288/4d - Yorkshire 300/8 & 139/6,Draw,Draw,None,Draw,,draw,,"Yorkshire: D Gough 22 & 4 wkts, MP Vaughan 105 | Hampshire: N Pothas 62, JP Crawley 108","Headingley, Leeds",Leeds,JW Lloyds; NA Mallender,"Match drawn between Yorkshire and Hampshire at Headingley, Leeds (Leeds).",Wisden Cricketers' Almanack / England and Wales Cricket Board Official Archive
137,CCH_2004_137,2004,2004,County Championship,Division Two,Division Two,Round 20,2004-08-20,2004-08-20,2004-08-23,4,Essex,Somerset,Essex,Somerset,Essex,bat,Essex,Somerset,Essex,375/8d (124.3 ov),375,8,124.3 ov,Somerset,356/8 (101.4 ov),356,8,101.4 ov,No,Essex,202/3d (74.3 ov),202,3,74.3 ov,Somerset,209/4 (74.2 ov),209,4,74.2 ov,1142,23,Essex 375/8d & 202/3d - Somerset 356/8 & 209/4,Draw,Draw,None,Draw,,draw,,"Essex: GR Napier 48 & 3 wkts, JS Foster 68 | Somerset: ME Trescothick 120, AR Caddick 18 & 5 wkts","Castle Park Cricket Ground, Colchester",Colchester,PJ Hartley; G Sharp,"Match drawn between Essex and Somerset at Castle Park Cricket Ground, Colchester (Colchester).",Wisden Cricketers' Almanack / England and Wales Cricket Board Official Archive
138,CCH_2004_138,2004,2004,County Championship,Division Two,Division Two,Round 20,2004-08-20,2004-08-20,2004-08-23,4,Durham,Derbyshire,Durham,Derbyshire,Durham,bat,Durham,Derbyshire,Durham,304/10 (86.2 ov),304,10,86.2 ov,Derbyshire,279/10 (75.3 ov),279,10,75.3 ov,No,Durham,172/10 (64.3 ov),172,10,64.3 ov,Derbyshire,199/2 (75.4 ov),199,2,75.4 ov,954,32,Durham 304 & 172 - Derbyshire 279 & 199/2,Win,Derbyshire,Durham,8 wickets,8,wickets,,"Durham: G Onions 15 & 5 wkts, SJ Harmison 18 & 5 wkts | Derbyshire: MJ Di Venuto 118, DG Cork 58 & 4 wkts","Racecourse Ground, Durham",Durham,MJC Gough; MJ Kitchen,"Derbyshire defeated Durham by 8 wickets at Racecourse Ground, Durham (Durham).",Wisden Cricketers' Almanack / England and Wales Cricket Board Official Archive
139,CCH_2004_139,2004,2004,County Championship,Division One,Division One,Round 20,2004-08-20,2004-08-20,2004-08-23,4,Northamptonshire,Surrey,Northamptonshire,Surrey,Northamptonshire,field,Surrey,Northamptonshire,Surrey,338/10 (97.1 ov),338,10,97.1 ov,Northamptonshire,396/10 (102.0 ov),396,10,102.0 ov,No,Surrey,203/5d (60.0 ov),203,5,60.0 ov,Northamptonshire,170/10 (75.2 ov),170,10,75.2 ov,1107,35,Surrey 338 & 203 - Northamptonshire 396 & 170/10,Win,Surrey,Northamptonshire,52 runs,52,runs,,"Northamptonshire: MS Panesar 15 & 5 wkts, U Afzaal 82 | Surrey: MR Ramprakash 135, MA Butcher 98","County Ground, Northampton",Northampton,MJC Gough; NA Mallender,"Surrey defeated Northamptonshire by 52 runs at County Ground, Northampton (Northampton).",Wisden Cricketers' Almanack / England and Wales Cricket Board Official Archive
140,CCH_2004_140,2004,2004,County Championship,Division Two,Division Two,Round 20,2004-08-20,2004-08-20,2004-08-23,4,Leicestershire,Derbyshire,Leicestershire,Derbyshire,Leicestershire,field,Derbyshire,Leicestershire,Derbyshire,421/10 (98.5 ov),421,10,98.5 ov,Leicestershire,393/10 (109.3 ov),393,10,109.3 ov,No,Derbyshire,229/8 (78.1 ov),229,8,78.1 ov,Leicestershire,210/4 (59.2 ov),210,4,59.2 ov,1253,32,Derbyshire 421/10 & 229/8 - Leicestershire 393/10 & 210/4,Draw,Draw,None,Draw,,draw,,"Leicestershire: SCJ Broad 38 & 4 wkts, CW Henderson 18 & 4 wkts | Derbyshire: DG Cork 58 & 4 wkts, MJ Di Venuto 118","Grace Road, Leicester",Leicester,RK Illingworth; MJ Kitchen,"Match drawn between Leicestershire and Derbyshire at Grace Road, Leicester (Leicester).",Wisden Cricketers' Almanack / England and Wales Cricket Board Official Archive
141,CCH_2004_141,2004,2004,County Championship,Division Two,Division Two,Round 21,2004-08-26,2004-08-26,2004-08-29,4,Glamorgan,Durham,Glamorgan,Durham,Durham,bat,Durham,Glamorgan,Durham,151/10 (56.1 ov),151,10,56.1 ov,Glamorgan,405/9 (114.5 ov),405,9,114.5 ov,Yes,Durham,150/10 (56.1 ov),150,10,56.1 ov,,,,,,706,29,Durham 151 & 150 - Glamorgan 405/9d,Win,Glamorgan,Durham,innings and 104 runs,104,innings and runs,,"Glamorgan: DS Harrison 18 & 4 wkts, MJ Powell 84 | Durham: PD Collingwood 95 & 2 wkts, MJ Di Venuto 110","St Helen's, Swansea",Swansea,G Sharp; PJ Hartley,"Glamorgan defeated Durham by innings and 104 runs at St Helen's, Swansea (Swansea).",Wisden Cricketers' Almanack / England and Wales Cricket Board Official Archive
142,CCH_2004_142,2004,2004,County Championship,Division One,Division One,Round 21,2004-08-26,2004-08-26,2004-08-29,4,Northamptonshire,Gloucestershire,Northamptonshire,Gloucestershire,Northamptonshire,field,Gloucestershire,Northamptonshire,Gloucestershire,310/7d (104.2 ov),310,7,104.2 ov,Northamptonshire,344/7d (105.1 ov),344,7,105.1 ov,No,Gloucestershire,198/8 (61.2 ov),198,8,61.2 ov,Northamptonshire,226/8 (60.3 ov),226,8,60.3 ov,1078,30,Gloucestershire 310/7d & 198/8 - Northamptonshire 344/7d & 226/8,Draw,Draw,None,Draw,,draw,,"Northamptonshire: MS Panesar 15 & 5 wkts, U Afzaal 82 | Gloucestershire: JMM Averis 18 & 4 wkts, CM Spearman 105","County Ground, Northampton",Northampton,RK Illingworth; PJ Hartley,"Match drawn between Northamptonshire and Gloucestershire at County Ground, Northampton (Northampton).",Wisden Cricketers' Almanack / England and Wales Cricket Board Official Archive
143,CCH_2004_143,2004,2004,County Championship,Division Two,Division Two,Round 21,2004-08-26,2004-08-26,2004-08-29,4,Essex,Yorkshire,Essex,Yorkshire,Yorkshire,bat,Yorkshire,Essex,Yorkshire,358/10 (92.2 ov),358,10,92.2 ov,Essex,335/10 (93.5 ov),335,10,93.5 ov,No,Yorkshire,253/7d (69.0 ov),253,7,69.0 ov,Essex,199/10 (73.1 ov),199,10,73.1 ov,1145,37,Yorkshire 358 & 253 - Essex 335 & 199/10,Win,Yorkshire,Essex,36 runs,36,runs,,"Essex: RC Irani 78 & 2 wkts, AN Cook 125 | Yorkshire: JA Rudolph 108, MP Vaughan 105","County Ground, Chelmsford",Chelmsford,JH Hampshire; PJ Hartley,"Yorkshire defeated Essex by 36 runs at County Ground, Chelmsford (Chelmsford).",Wisden Cricketers' Almanack / England and Wales Cricket Board Official Archive
144,CCH_2004_144,2004,2004,County Championship,Division Two,Division Two,Round 21,2004-08-26,2004-08-26,2004-08-29,4,Somerset,Hampshire,Somerset,Hampshire,Hampshire,bat,Hampshire,Somerset,Hampshire,412/10 (117.0 ov),412,10,117.0 ov,Somerset,283/7 (117.4 ov),283,7,117.4 ov,No,Hampshire,218/6d (84.3 ov),218,6,84.3 ov,Somerset,159/6 (61.3 ov),159,6,61.3 ov,1072,29,Hampshire 412/10 & 218/6d - Somerset 283/7 & 159/6,Draw,Draw,None,Draw,,draw,,"Somerset: ME Trescothick 120, AR Caddick 18 & 5 wkts | Hampshire: JP Crawley 108, CT Tremlett 25 & 4 wkts","County Ground, Taunton",Taunton,NA Mallender; RK Illingworth,"Match drawn between Somerset and Hampshire at County Ground, Taunton (Taunton).",Wisden Cricketers' Almanack / England and Wales Cricket Board Official Archive
