Game Number,Game ID,Season,Season Year,"Game Type (Pre-Season, Regular Season, Play-In, Playoffs, Conference Finals, Finals, Not applicable)",Round / Stage,Date,Day of Week,Start Time,Team A,Team B,Home,Away,Home Score,Away Score,Total Points,Winning Margin,Winning Team,Losing Team,Result,Game Score,Period Format,Overtime,Venue,City,Attendance,Notable Players,A Succint one line game comment to summarise that game,Primary Data Source
1,301026002,2010-2011,2010,Regular Season,Regular Season,2010-10-26,Tuesday,23:30,Miami Heat,Boston Celtics,Boston Celtics,Miami Heat,88,80,168,8,Boston Celtics,Miami Heat,Home Win (88-80),88-80,Four 12-minute quarters / 48 min,No,TD Garden,"Boston, MA",0,Boston Celtics team victory,"Boston Celtics defeated Miami Heat 88-80 in Regular Season at TD Garden (Boston, MA).",SportsDataVerse hoopR / ESPN NBA Hidden API
2,301026022,2010-2011,2010,Regular Season,Regular Season,2010-10-26,Tuesday,02:00,Phoenix Suns,Portland Trail Blazers,Portland Trail Blazers,Phoenix Suns,106,92,198,14,Portland Trail Blazers,Phoenix Suns,Home Win (106-92),106-92,Four 12-minute quarters / 48 min,No,Moda Center,"Portland, OR",20603,Portland Trail Blazers team victory,"Portland Trail Blazers defeated Phoenix Suns 106-92 in Regular Season at Moda Center (Portland, OR).",SportsDataVerse hoopR / ESPN NBA Hidden API
3,301026013,2010-2011,2010,Regular Season,Regular Season,2010-10-26,Tuesday,02:30,Houston Rockets,Los Angeles Lakers,Los Angeles Lakers,Houston Rockets,112,110,222,2,Los Angeles Lakers,Houston Rockets,Home Win (112-110),112-110,Four 12-minute quarters / 48 min,No,crypto.com Arena,"Los Angeles, CA",18997,Los Angeles Lakers team victory,"Los Angeles Lakers defeated Houston Rockets 112-110 in Regular Season at crypto.com Arena (Los Angeles, CA).",SportsDataVerse hoopR / ESPN NBA Hidden API
4,301027005,2010-2011,2010,Regular Season,Regular Season,2010-10-27,Wednesday,23:00,Boston Celtics,Cleveland Cavaliers,Cleveland Cavaliers,Boston Celtics,95,87,182,8,Cleveland Cavaliers,Boston Celtics,Home Win (95-87),95-87,Four 12-minute quarters / 48 min,No,Rocket Mortgage FieldHouse,"Cleveland, OH",0,Cleveland Cavaliers team victory,"Cleveland Cavaliers defeated Boston Celtics 95-87 in Regular Season at Rocket Mortgage FieldHouse (Cleveland, OH).",SportsDataVerse hoopR / ESPN NBA Hidden API
5,301027017,2010-2011,2010,Regular Season,Regular Season,2010-10-27,Wednesday,23:00,Detroit Pistons,New Jersey Nets,New Jersey Nets,Detroit Pistons,101,98,199,3,New Jersey Nets,Detroit Pistons,Home Win (101-98),101-98,Four 12-minute quarters / 48 min,No,Prudential Center,"Newark, NJ",15178,New Jersey Nets team victory,"New Jersey Nets defeated Detroit Pistons 101-98 in Regular Season at Prudential Center (Newark, NJ).",SportsDataVerse hoopR / ESPN NBA Hidden API
6,301027020,2010-2011,2010,Regular Season,Regular Season,2010-10-27,Wednesday,23:00,Miami Heat,Philadelphia 76ers,Philadelphia 76ers,Miami Heat,87,97,184,10,Miami Heat,Philadelphia 76ers,Away Win (97-87),87-97,Four 12-minute quarters / 48 min,No,Wells Fargo Center,"Philadelphia, PA",20389,Miami Heat team victory,"Miami Heat defeated Philadelphia 76ers 97-87 in Regular Season at Wells Fargo Center (Philadelphia, PA).",SportsDataVerse hoopR / ESPN NBA Hidden API
7,301027028,2010-2011,2010,Regular Season,Regular Season,2010-10-27,Wednesday,23:00,New York Knicks,Toronto Raptors,Toronto Raptors,New York Knicks,93,98,191,5,New York Knicks,Toronto Raptors,Away Win (98-93),93-98,Four 12-minute quarters / 48 min,No,Scotiabank Arena,"Toronto, ON",18722,New York Knicks team victory,"New York Knicks defeated Toronto Raptors 98-93 in Regular Season at Scotiabank Arena (Toronto, ON).",SportsDataVerse hoopR / ESPN NBA Hidden API
8,301027003,2010-2011,2010,Regular Season,Regular Season,2010-10-27,Wednesday,00:00,Milwaukee Bucks,New Orleans Hornets,New Orleans Hornets,Milwaukee Bucks,95,91,186,4,New Orleans Hornets,Milwaukee Bucks,Home Win (95-91),95-91,Four 12-minute quarters / 48 min,No,Smoothie King Center,"New Orleans, LA",15039,New Orleans Hornets team victory,"New Orleans Hornets defeated Milwaukee Bucks 95-91 in Regular Season at Smoothie King Center (New Orleans, LA).",SportsDataVerse hoopR / ESPN NBA Hidden API
9,301027016,2010-2011,2010,Regular Season,Regular Season,2010-10-27,Wednesday,00:00,Sacramento Kings,Minnesota Timberwolves,Minnesota Timberwolves,Sacramento Kings,116,117,233,1,Sacramento Kings,Minnesota Timberwolves,Away Win (117-116),116-117,Four 12-minute quarters / 48 min,No,Target Center,"Minneapolis, MN",17067,Sacramento Kings team victory,"Sacramento Kings defeated Minnesota Timberwolves 117-116 in Regular Season at Target Center (Minneapolis, MN).",SportsDataVerse hoopR / ESPN NBA Hidden API
10,301027025,2010-2011,2010,Regular Season,Regular Season,2010-10-27,Wednesday,00:00,Chicago Bulls,Oklahoma City Thunder,Oklahoma City Thunder,Chicago Bulls,106,95,201,11,Oklahoma City Thunder,Chicago Bulls,Home Win (106-95),106-95,Four 12-minute quarters / 48 min,No,Paycom Center,"Oklahoma City, OK",0,Oklahoma City Thunder team victory,"Oklahoma City Thunder defeated Chicago Bulls 106-95 in Regular Season at Paycom Center (Oklahoma City, OK).",SportsDataVerse hoopR / ESPN NBA Hidden API
11,301027029,2010-2011,2010,Regular Season,Regular Season,2010-10-27,Wednesday,00:00,Atlanta Hawks,Memphis Grizzlies,Memphis Grizzlies,Atlanta Hawks,104,119,223,15,Atlanta Hawks,Memphis Grizzlies,Away Win (119-104),104-119,Four 12-minute quarters / 48 min,No,Spectrum Center,"Charlotte, NC",0,Atlanta Hawks team victory,"Atlanta Hawks defeated Memphis Grizzlies 119-104 in Regular Season at Spectrum Center (Charlotte, NC).",SportsDataVerse hoopR / ESPN NBA Hidden API
12,301027006,2010-2011,2010,Regular Season,Regular Season,2010-10-27,Wednesday,00:30,Charlotte Bobcats,Dallas Mavericks,Dallas Mavericks,Charlotte Bobcats,101,86,187,15,Dallas Mavericks,Charlotte Bobcats,Home Win (101-86),101-86,Four 12-minute quarters / 48 min,No,American Airlines Center,"Dallas, TX",19440,Dallas Mavericks team victory,"Dallas Mavericks defeated Charlotte Bobcats 101-86 in Regular Season at American Airlines Center (Dallas, TX).",SportsDataVerse hoopR / ESPN NBA Hidden API
13,301027024,2010-2011,2010,Regular Season,Regular Season,2010-10-27,Wednesday,00:30,Indiana Pacers,San Antonio Spurs,San Antonio Spurs,Indiana Pacers,122,109,231,13,San Antonio Spurs,Indiana Pacers,Home Win (122-109),122-109,Four 12-minute quarters / 48 min,No,AT&T Center,"San Antonio, TX",18581,San Antonio Spurs team victory,"San Antonio Spurs defeated Indiana Pacers 122-109 in Regular Season at AT&T Center (San Antonio, TX).",SportsDataVerse hoopR / ESPN NBA Hidden API
14,301027007,2010-2011,2010,Regular Season,Regular Season,2010-10-27,Wednesday,01:00,Utah Jazz,Denver Nuggets,Denver Nuggets,Utah Jazz,110,88,198,22,Denver Nuggets,Utah Jazz,Home Win (110-88),110-88,Four 12-minute quarters / 48 min,No,Ball Arena,"Denver, CO",19155,Denver Nuggets team victory,"Denver Nuggets defeated Utah Jazz 110-88 in Regular Season at Ball Arena (Denver, CO).",SportsDataVerse hoopR / ESPN NBA Hidden API
15,301027009,2010-2011,2010,Regular Season,Regular Season,2010-10-27,Wednesday,02:30,Houston Rockets,Golden State Warriors,Golden State Warriors,Houston Rockets,132,128,260,4,Golden State Warriors,Houston Rockets,Home Win (132-128),132-128,Four 12-minute quarters / 48 min,No,ORACLE Arena,"Oakland, CA",0,Golden State Warriors team victory,"Golden State Warriors defeated Houston Rockets 132-128 in Regular Season at ORACLE Arena (Oakland, CA).",SportsDataVerse hoopR / ESPN NBA Hidden API
16,301027012,2010-2011,2010,Regular Season,Regular Season,2010-10-27,Wednesday,02:30,Portland Trail Blazers,LA Clippers,LA Clippers,Portland Trail Blazers,88,98,186,10,Portland Trail Blazers,LA Clippers,Away Win (98-88),88-98,Four 12-minute quarters / 48 min,No,Crypto.com Arena,"Los Angeles, CA",0,Portland Trail Blazers team victory,"Portland Trail Blazers defeated LA Clippers 98-88 in Regular Season at Crypto.com Arena (Los Angeles, CA).",SportsDataVerse hoopR / ESPN NBA Hidden API
17,301028019,2010-2011,2010,Regular Season,Regular Season,2010-10-28,Thursday,00:00,Washington Wizards,Orlando Magic,Orlando Magic,Washington Wizards,112,83,195,29,Orlando Magic,Washington Wizards,Home Win (112-83),112-83,Four 12-minute quarters / 48 min,No,Amway Center,"Orlando, FL",18918,Orlando Magic team victory,"Orlando Magic defeated Washington Wizards 112-83 in Regular Season at Amway Center (Orlando, FL).",SportsDataVerse hoopR / ESPN NBA Hidden API
18,301028026,2010-2011,2010,Regular Season,Regular Season,2010-10-28,Thursday,02:30,Phoenix Suns,Utah Jazz,Utah Jazz,Phoenix Suns,94,110,204,16,Phoenix Suns,Utah Jazz,Away Win (110-94),94-110,Four 12-minute quarters / 48 min,No,Vivint Arena,"Salt Lake City, UT",19911,Phoenix Suns team victory,"Phoenix Suns defeated Utah Jazz 110-94 in Regular Season at Vivint Arena (Salt Lake City, UT).",SportsDataVerse hoopR / ESPN NBA Hidden API
19,301029017,2010-2011,2010,Regular Season,Regular Season,2010-10-29,Friday,23:00,Sacramento Kings,New Jersey Nets,New Jersey Nets,Sacramento Kings,106,100,206,6,New Jersey Nets,Sacramento Kings,Home Win (106-100),106-100,Four 12-minute quarters / 48 min,No,Prudential Center,"Newark, NJ",13482,New Jersey Nets team victory,"New Jersey Nets defeated Sacramento Kings 106-100 in Regular Season at Prudential Center (Newark, NJ).",SportsDataVerse hoopR / ESPN NBA Hidden API
20,301029020,2010-2011,2010,Regular Season,Regular Season,2010-10-29,Friday,23:00,Atlanta Hawks,Philadelphia 76ers,Philadelphia 76ers,Atlanta Hawks,101,104,205,3,Atlanta Hawks,Philadelphia 76ers,Away Win (104-101),101-104,Four 12-minute quarters / 48 min,No,Wells Fargo Center,"Philadelphia, PA",10960,Atlanta Hawks team victory,"Atlanta Hawks defeated Philadelphia 76ers 104-101 in Regular Season at Wells Fargo Center (Philadelphia, PA).",SportsDataVerse hoopR / ESPN NBA Hidden API
21,301029028,2010-2011,2010,Regular Season,Regular Season,2010-10-29,Friday,23:00,Cleveland Cavaliers,Toronto Raptors,Toronto Raptors,Cleveland Cavaliers,101,81,182,20,Toronto Raptors,Cleveland Cavaliers,Home Win (101-81),101-81,Four 12-minute quarters / 48 min,No,Scotiabank Arena,"Toronto, ON",15711,Toronto Raptors team victory,"Toronto Raptors defeated Cleveland Cavaliers 101-81 in Regular Season at Scotiabank Arena (Toronto, ON).",SportsDataVerse hoopR / ESPN NBA Hidden API
22,301029030,2010-2011,2010,Regular Season,Regular Season,2010-10-29,Friday,23:00,Indiana Pacers,Charlotte Bobcats,Charlotte Bobcats,Indiana Pacers,101,104,205,3,Indiana Pacers,Charlotte Bobcats,Away Win (104-101),101-104,Four 12-minute quarters / 48 min,No,Spectrum Center,"Charlotte, NC",18351,Indiana Pacers team victory,"Indiana Pacers defeated Charlotte Bobcats 104-101 in Regular Season at Spectrum Center (Charlotte, NC).",SportsDataVerse hoopR / ESPN NBA Hidden API
23,301029002,2010-2011,2010,Regular Season,Regular Season,2010-10-29,Friday,23:30,New York Knicks,Boston Celtics,Boston Celtics,New York Knicks,105,101,206,4,Boston Celtics,New York Knicks,Home Win (105-101),105-101,Four 12-minute quarters / 48 min,No,TD Garden,"Boston, MA",18624,Boston Celtics team victory,"Boston Celtics defeated New York Knicks 105-101 in Regular Season at TD Garden (Boston, MA).",SportsDataVerse hoopR / ESPN NBA Hidden API
24,301029003,2010-2011,2010,Regular Season,Regular Season,2010-10-29,Friday,00:00,Denver Nuggets,New Orleans Hornets,New Orleans Hornets,Denver Nuggets,101,95,196,6,New Orleans Hornets,Denver Nuggets,Home Win (101-95),101-95,Four 12-minute quarters / 48 min,No,Smoothie King Center,"New Orleans, LA",12474,New Orleans Hornets team victory,"New Orleans Hornets defeated Denver Nuggets 101-95 in Regular Season at Smoothie King Center (New Orleans, LA).",SportsDataVerse hoopR / ESPN NBA Hidden API
25,301029008,2010-2011,2010,Regular Season,Regular Season,2010-10-29,Friday,00:00,Oklahoma City Thunder,Detroit Pistons,Detroit Pistons,Oklahoma City Thunder,104,105,209,1,Oklahoma City Thunder,Detroit Pistons,Away Win (105-104),104-105,Four 12-minute quarters / 48 min,No,The Palace of Auburn Hills,"Detroit, MI",22076,Oklahoma City Thunder team victory,"Oklahoma City Thunder defeated Detroit Pistons 105-104 in Regular Season at The Palace of Auburn Hills (Detroit, MI).",SportsDataVerse hoopR / ESPN NBA Hidden API
26,301029014,2010-2011,2010,Regular Season,Regular Season,2010-10-29,Friday,00:00,Orlando Magic,Miami Heat,Miami Heat,Orlando Magic,96,70,166,26,Miami Heat,Orlando Magic,Home Win (96-70),96-70,Four 12-minute quarters / 48 min,No,Kaseya Center,"Miami, FL",19600,Miami Heat team victory,"Miami Heat defeated Orlando Magic 96-70 in Regular Season at Kaseya Center (Miami, FL).",SportsDataVerse hoopR / ESPN NBA Hidden API
27,301029016,2010-2011,2010,Regular Season,Regular Season,2010-10-29,Friday,00:00,Milwaukee Bucks,Minnesota Timberwolves,Minnesota Timberwolves,Milwaukee Bucks,96,85,181,11,Minnesota Timberwolves,Milwaukee Bucks,Home Win (96-85),96-85,Four 12-minute quarters / 48 min,No,Target Center,"Minneapolis, MN",17197,Minnesota Timberwolves team victory,"Minnesota Timberwolves defeated Milwaukee Bucks 96-85 in Regular Season at Target Center (Minneapolis, MN).",SportsDataVerse hoopR / ESPN NBA Hidden API
28,301029006,2010-2011,2010,Regular Season,Regular Season,2010-10-29,Friday,00:30,Memphis Grizzlies,Dallas Mavericks,Dallas Mavericks,Memphis Grizzlies,90,91,181,1,Memphis Grizzlies,Dallas Mavericks,Away Win (91-90),90-91,Four 12-minute quarters / 48 min,No,American Airlines Center,"Dallas, TX",20060,Memphis Grizzlies team victory,"Memphis Grizzlies defeated Dallas Mavericks 91-90 in Regular Season at American Airlines Center (Dallas, TX).",SportsDataVerse hoopR / ESPN NBA Hidden API
29,301029009,2010-2011,2010,Regular Season,Regular Season,2010-10-29,Friday,02:30,LA Clippers,Golden State Warriors,Golden State Warriors,LA Clippers,109,91,200,18,Golden State Warriors,LA Clippers,Home Win (109-91),109-91,Four 12-minute quarters / 48 min,No,ORACLE Arena,"Oakland, CA",17408,Golden State Warriors team victory,"Golden State Warriors defeated LA Clippers 109-91 in Regular Season at ORACLE Arena (Oakland, CA).",SportsDataVerse hoopR / ESPN NBA Hidden API
30,301029021,2010-2011,2010,Regular Season,Regular Season,2010-10-29,Friday,02:30,Los Angeles Lakers,Phoenix Suns,Phoenix Suns,Los Angeles Lakers,106,114,220,8,Los Angeles Lakers,Phoenix Suns,Away Win (114-106),106-114,Four 12-minute quarters / 48 min,No,Footprint Center,"Phoenix, AZ",18422,Los Angeles Lakers team victory,"Los Angeles Lakers defeated Phoenix Suns 114-106 in Regular Season at Footprint Center (Phoenix, AZ).",SportsDataVerse hoopR / ESPN NBA Hidden API
31,301030001,2010-2011,2010,Regular Season,Regular Season,2010-10-30,Saturday,23:00,Washington Wizards,Atlanta Hawks,Atlanta Hawks,Washington Wizards,99,95,194,4,Atlanta Hawks,Washington Wizards,Home Win (99-95),99-95,Four 12-minute quarters / 48 min,No,State Farm Arena,"Atlanta, GA",18729,Atlanta Hawks team victory,"Atlanta Hawks defeated Washington Wizards 99-95 in Regular Season at State Farm Arena (Atlanta, GA).",SportsDataVerse hoopR / ESPN NBA Hidden API
32,301030005,2010-2011,2010,Regular Season,Regular Season,2010-10-30,Saturday,23:30,Sacramento Kings,Cleveland Cavaliers,Cleveland Cavaliers,Sacramento Kings,104,107,211,3,Sacramento Kings,Cleveland Cavaliers,Away Win (107-104),104-107,Four 12-minute quarters / 48 min,No,Rocket Mortgage FieldHouse,"Cleveland, OH",20562,Sacramento Kings team victory,"Sacramento Kings defeated Cleveland Cavaliers 107-104 in Regular Season at Rocket Mortgage FieldHouse (Cleveland, OH).",SportsDataVerse hoopR / ESPN NBA Hidden API
33,301030018,2010-2011,2010,Regular Season,Regular Season,2010-10-30,Saturday,23:30,Portland Trail Blazers,New York Knicks,New York Knicks,Portland Trail Blazers,95,100,195,5,Portland Trail Blazers,New York Knicks,Away Win (100-95),95-100,Four 12-minute quarters / 48 min,No,Madison Square Garden,"New York, NY",19763,Portland Trail Blazers team victory,"Portland Trail Blazers defeated New York Knicks 100-95 in Regular Season at Madison Square Garden (New York, NY).",SportsDataVerse hoopR / ESPN NBA Hidden API
34,301030004,2010-2011,2010,Regular Season,Regular Season,2010-10-30,Saturday,00:00,Detroit Pistons,Chicago Bulls,Chicago Bulls,Detroit Pistons,101,91,192,10,Chicago Bulls,Detroit Pistons,Home Win (101-91),101-91,Four 12-minute quarters / 48 min,No,United Center,"Chicago, IL",21038,Chicago Bulls team victory,"Chicago Bulls defeated Detroit Pistons 101-91 in Regular Season at United Center (Chicago, IL).",SportsDataVerse hoopR / ESPN NBA Hidden API
35,301030011,2010-2011,2010,Regular Season,Regular Season,2010-10-30,Saturday,00:00,Philadelphia 76ers,Indiana Pacers,Indiana Pacers,Philadelphia 76ers,99,86,185,13,Indiana Pacers,Philadelphia 76ers,Home Win (99-86),99-86,Four 12-minute quarters / 48 min,No,Gainbridge Fieldhouse,"Indianapolis, IN",18165,Indiana Pacers team victory,"Indiana Pacers defeated Philadelphia 76ers 99-86 in Regular Season at Gainbridge Fieldhouse (Indianapolis, IN).",SportsDataVerse hoopR / ESPN NBA Hidden API
36,301030029,2010-2011,2010,Regular Season,Regular Season,2010-10-30,Saturday,00:00,Minnesota Timberwolves,Memphis Grizzlies,Memphis Grizzlies,Minnesota Timberwolves,109,89,198,20,Memphis Grizzlies,Minnesota Timberwolves,Home Win (109-89),109-89,Four 12-minute quarters / 48 min,No,FedExForum,"Memphis, TN",12753,Memphis Grizzlies team victory,"Memphis Grizzlies defeated Minnesota Timberwolves 109-89 in Regular Season at FedExForum (Memphis, TN).",SportsDataVerse hoopR / ESPN NBA Hidden API
37,301030010,2010-2011,2010,Regular Season,Regular Season,2010-10-30,Saturday,00:30,Denver Nuggets,Houston Rockets,Houston Rockets,Denver Nuggets,94,107,201,13,Denver Nuggets,Houston Rockets,Away Win (107-94),94-107,Four 12-minute quarters / 48 min,No,Toyota Center (Houston),"Houston, TX",18161,Denver Nuggets team victory,"Denver Nuggets defeated Houston Rockets 107-94 in Regular Season at Toyota Center (Houston) (Houston, TX).",SportsDataVerse hoopR / ESPN NBA Hidden API
38,301030015,2010-2011,2010,Regular Season,Regular Season,2010-10-30,Saturday,00:30,Charlotte Bobcats,Milwaukee Bucks,Milwaukee Bucks,Charlotte Bobcats,98,88,186,10,Milwaukee Bucks,Charlotte Bobcats,Home Win (98-88),98-88,Four 12-minute quarters / 48 min,No,BMO Harris Bradley Center,"Milwaukee, WI",16519,Milwaukee Bucks team victory,"Milwaukee Bucks defeated Charlotte Bobcats 98-88 in Regular Season at BMO Harris Bradley Center (Milwaukee, WI).",SportsDataVerse hoopR / ESPN NBA Hidden API
39,301030024,2010-2011,2010,Regular Season,Regular Season,2010-10-30,Saturday,00:30,New Orleans Hornets,San Antonio Spurs,San Antonio Spurs,New Orleans Hornets,90,99,189,9,New Orleans Hornets,San Antonio Spurs,Away Win (99-90),90-99,Four 12-minute quarters / 48 min,No,AT&T Center,"San Antonio, TX",18581,New Orleans Hornets team victory,"New Orleans Hornets defeated San Antonio Spurs 99-90 in Regular Season at AT&T Center (San Antonio, TX).",SportsDataVerse hoopR / ESPN NBA Hidden API
40,301031017,2010-2011,2010,Regular Season,Regular Season,2010-10-31,Sunday,17:00,Miami Heat,New Jersey Nets,New Jersey Nets,Miami Heat,78,101,179,23,Miami Heat,New Jersey Nets,Away Win (101-78),78-101,Four 12-minute quarters / 48 min,No,Prudential Center,"Newark, NJ",17086,Miami Heat team victory,"Miami Heat defeated New Jersey Nets 101-78 in Regular Season at Prudential Center (Newark, NJ).",SportsDataVerse hoopR / ESPN NBA Hidden API
41,301031012,2010-2011,2010,Regular Season,Regular Season,2010-10-31,Sunday,19:30,Dallas Mavericks,LA Clippers,LA Clippers,Dallas Mavericks,83,99,182,16,Dallas Mavericks,LA Clippers,Away Win (99-83),83-99,Four 12-minute quarters / 48 min,No,crypto.com Arena,"Los Angeles, CA",13718,Dallas Mavericks team victory,"Dallas Mavericks defeated LA Clippers 99-83 in Regular Season at crypto.com Arena (Los Angeles, CA).",SportsDataVerse hoopR / ESPN NBA Hidden API
42,301031025,2010-2011,2010,Regular Season,Regular Season,2010-10-31,Sunday,23:00,Utah Jazz,Oklahoma City Thunder,Oklahoma City Thunder,Utah Jazz,99,120,219,21,Utah Jazz,Oklahoma City Thunder,Away Win (120-99),99-120,Four 12-minute quarters / 48 min,No,Paycom Center,"Oklahoma City, OK",18203,Utah Jazz team victory,"Utah Jazz defeated Oklahoma City Thunder 120-99 in Regular Season at Paycom Center (Oklahoma City, OK).",SportsDataVerse hoopR / ESPN NBA Hidden API
43,301031013,2010-2011,2010,Regular Season,Regular Season,2010-10-31,Sunday,01:30,Golden State Warriors,Los Angeles Lakers,Los Angeles Lakers,Golden State Warriors,107,83,190,24,Los Angeles Lakers,Golden State Warriors,Home Win (107-83),107-83,Four 12-minute quarters / 48 min,No,crypto.com Arena,"Los Angeles, CA",18997,Los Angeles Lakers team victory,"Los Angeles Lakers defeated Golden State Warriors 107-83 in Regular Season at crypto.com Arena (Los Angeles, CA).",SportsDataVerse hoopR / ESPN NBA Hidden API
44,301101004,2010-2011,2010,Regular Season,Regular Season,2010-11-01,Monday,00:00,Portland Trail Blazers,Chicago Bulls,Chicago Bulls,Portland Trail Blazers,110,98,208,12,Chicago Bulls,Portland Trail Blazers,Home Win (110-98),110-98,Four 12-minute quarters / 48 min,No,American Airlines Center,"Dallas, TX",0,Chicago Bulls team victory,"Chicago Bulls defeated Portland Trail Blazers 110-98 in Regular Season at American Airlines Center (Dallas, TX).",SportsDataVerse hoopR / ESPN NBA Hidden API
45,301101023,2010-2011,2010,Regular Season,Regular Season,2010-11-01,Monday,02:00,Toronto Raptors,Sacramento Kings,Sacramento Kings,Toronto Raptors,111,108,219,3,Sacramento Kings,Toronto Raptors,Home Win (111-108),111-108,Four 12-minute quarters / 48 min,No,Sleep Train Arena,"Sacramento, CA",17317,Sacramento Kings team victory,"Sacramento Kings defeated Toronto Raptors 111-108 in Regular Season at Sleep Train Arena (Sacramento, CA).",SportsDataVerse hoopR / ESPN NBA Hidden API
46,301101012,2010-2011,2010,Regular Season,Regular Season,2010-11-01,Monday,02:30,San Antonio Spurs,LA Clippers,LA Clippers,San Antonio Spurs,88,97,185,9,San Antonio Spurs,LA Clippers,Away Win (97-88),88-97,Four 12-minute quarters / 48 min,No,crypto.com Arena,"Los Angeles, CA",14964,San Antonio Spurs team victory,"San Antonio Spurs defeated LA Clippers 97-88 in Regular Season at crypto.com Arena (Los Angeles, CA).",SportsDataVerse hoopR / ESPN NBA Hidden API
47,301102005,2010-2011,2010,Regular Season,Regular Season,2010-11-02,Tuesday,23:00,Atlanta Hawks,Cleveland Cavaliers,Cleveland Cavaliers,Atlanta Hawks,88,100,188,12,Atlanta Hawks,Cleveland Cavaliers,Away Win (100-88),88-100,Four 12-minute quarters / 48 min,No,TD Garden,"Boston, MA",0,Atlanta Hawks team victory,"Atlanta Hawks defeated Cleveland Cavaliers 100-88 in Regular Season at TD Garden (Boston, MA).",SportsDataVerse hoopR / ESPN NBA Hidden API
48,301102027,2010-2011,2010,Regular Season,Regular Season,2010-11-02,Tuesday,23:00,Philadelphia 76ers,Washington Wizards,Washington Wizards,Philadelphia 76ers,116,115,231,1,Washington Wizards,Philadelphia 76ers,Home Win (116-115),116-115,Four 12-minute quarters / 48 min,Yes,Capital One Arena,"Washington, DC",0,Washington Wizards team victory (OT),"Washington Wizards edged Philadelphia 76ers 116-115 in overtime at Capital One Arena (Washington, DC).",SportsDataVerse hoopR / ESPN NBA Hidden API
49,301102008,2010-2011,2010,Regular Season,Regular Season,2010-11-02,Tuesday,23:30,Boston Celtics,Detroit Pistons,Detroit Pistons,Boston Celtics,86,109,195,23,Boston Celtics,Detroit Pistons,Away Win (109-86),86-109,Four 12-minute quarters / 48 min,No,The Palace of Auburn Hills,"Detroit, MI",0,Boston Celtics team victory,"Boston Celtics defeated Detroit Pistons 109-86 in Regular Season at The Palace of Auburn Hills (Detroit, MI).",SportsDataVerse hoopR / ESPN NBA Hidden API
50,301102014,2010-2011,2010,Regular Season,Regular Season,2010-11-02,Tuesday,23:30,Minnesota Timberwolves,Miami Heat,Miami Heat,Minnesota Timberwolves,129,97,226,32,Miami Heat,Minnesota Timberwolves,Home Win (129-97),129-97,Four 12-minute quarters / 48 min,No,Kaseya Center,"Miami, FL",19600,Miami Heat team victory,"Miami Heat defeated Minnesota Timberwolves 129-97 in Regular Season at Kaseya Center (Miami, FL).",SportsDataVerse hoopR / ESPN NBA Hidden API
51,301102015,2010-2011,2010,Regular Season,Regular Season,2010-11-02,Tuesday,00:00,Portland Trail Blazers,Milwaukee Bucks,Milwaukee Bucks,Portland Trail Blazers,76,90,166,14,Portland Trail Blazers,Milwaukee Bucks,Away Win (90-76),76-90,Four 12-minute quarters / 48 min,No,AT&T Center,"San Antonio, TX",0,Portland Trail Blazers team victory,"Portland Trail Blazers defeated Milwaukee Bucks 90-76 in Regular Season at AT&T Center (San Antonio, TX).",SportsDataVerse hoopR / ESPN NBA Hidden API
52,301102013,2010-2011,2010,Regular Season,Regular Season,2010-11-02,Tuesday,02:30,Memphis Grizzlies,Los Angeles Lakers,Los Angeles Lakers,Memphis Grizzlies,124,105,229,19,Los Angeles Lakers,Memphis Grizzlies,Home Win (124-105),124-105,Four 12-minute quarters / 48 min,No,ORACLE Arena,"Oakland, CA",0,Los Angeles Lakers team victory,"Los Angeles Lakers defeated Memphis Grizzlies 124-105 in Regular Season at ORACLE Arena (Oakland, CA).",SportsDataVerse hoopR / ESPN NBA Hidden API
53,301103001,2010-2011,2010,Regular Season,Regular Season,2010-11-03,Wednesday,23:00,Detroit Pistons,Atlanta Hawks,Atlanta Hawks,Detroit Pistons,94,85,179,9,Atlanta Hawks,Detroit Pistons,Home Win (94-85),94-85,Four 12-minute quarters / 48 min,No,State Farm Arena,"Atlanta, GA",13003,Atlanta Hawks team victory,"Atlanta Hawks defeated Detroit Pistons 94-85 in Regular Season at State Farm Arena (Atlanta, GA).",SportsDataVerse hoopR / ESPN NBA Hidden API
54,301103017,2010-2011,2010,Regular Season,Regular Season,2010-11-03,Wednesday,23:00,Charlotte Bobcats,New Jersey Nets,New Jersey Nets,Charlotte Bobcats,83,85,168,2,Charlotte Bobcats,New Jersey Nets,Away Win (85-83),83-85,Four 12-minute quarters / 48 min,No,Prudential Center,"Newark, NJ",11778,Charlotte Bobcats team victory,"Charlotte Bobcats defeated New Jersey Nets 85-83 in Regular Season at Prudential Center (Newark, NJ).",SportsDataVerse hoopR / ESPN NBA Hidden API
55,301103019,2010-2011,2010,Regular Season,Regular Season,2010-11-03,Wednesday,23:00,Minnesota Timberwolves,Orlando Magic,Orlando Magic,Minnesota Timberwolves,128,86,214,42,Orlando Magic,Minnesota Timberwolves,Home Win (128-86),128-86,Four 12-minute quarters / 48 min,No,Kaseya Center,"Miami, FL",0,Orlando Magic team victory,"Orlando Magic defeated Minnesota Timberwolves 128-86 in Regular Season at Kaseya Center (Miami, FL).",SportsDataVerse hoopR / ESPN NBA Hidden API
56,301103020,2010-2011,2010,Regular Season,Regular Season,2010-11-03,Wednesday,23:00,Indiana Pacers,Philadelphia 76ers,Philadelphia 76ers,Indiana Pacers,101,75,176,26,Philadelphia 76ers,Indiana Pacers,Home Win (101-75),101-75,Four 12-minute quarters / 48 min,No,Wells Fargo Center,"Philadelphia, PA",12277,Philadelphia 76ers team victory,"Philadelphia 76ers defeated Indiana Pacers 101-75 in Regular Season at Wells Fargo Center (Philadelphia, PA).",SportsDataVerse hoopR / ESPN NBA Hidden API
57,301103002,2010-2011,2010,Regular Season,Regular Season,2010-11-03,Wednesday,00:00,Milwaukee Bucks,Boston Celtics,Boston Celtics,Milwaukee Bucks,105,102,207,3,Boston Celtics,Milwaukee Bucks,Home Win (105-102),105-102,Four 12-minute quarters / 48 min,Yes,TD Garden,"Boston, MA",18624,Boston Celtics team victory (OT),"Boston Celtics edged Milwaukee Bucks 105-102 in overtime at TD Garden (Boston, MA).",SportsDataVerse hoopR / ESPN NBA Hidden API
58,301103010,2010-2011,2010,Regular Season,Regular Season,2010-11-03,Wednesday,00:30,New Orleans Hornets,Houston Rockets,Houston Rockets,New Orleans Hornets,99,107,206,8,New Orleans Hornets,Houston Rockets,Away Win (107-99),99-107,Four 12-minute quarters / 48 min,No,Toyota Center (Houston),"Houston, TX",13484,New Orleans Hornets team victory,"New Orleans Hornets defeated Houston Rockets 107-99 in Regular Season at Toyota Center (Houston) (Houston, TX).",SportsDataVerse hoopR / ESPN NBA Hidden API
59,301103007,2010-2011,2010,Regular Season,Regular Season,2010-11-03,Wednesday,01:00,Dallas Mavericks,Denver Nuggets,Denver Nuggets,Dallas Mavericks,101,102,203,1,Dallas Mavericks,Denver Nuggets,Away Win (102-101),101-102,Four 12-minute quarters / 48 min,No,Moda Center,"Portland, OR",0,Dallas Mavericks team victory,"Dallas Mavericks defeated Denver Nuggets 102-101 in Regular Season at Moda Center (Portland, OR).",SportsDataVerse hoopR / ESPN NBA Hidden API
60,301103026,2010-2011,2010,Regular Season,Regular Season,2010-11-03,Wednesday,01:00,Toronto Raptors,Utah Jazz,Utah Jazz,Toronto Raptors,125,108,233,17,Utah Jazz,Toronto Raptors,Home Win (125-108),125-108,Four 12-minute quarters / 48 min,No,Vivint Arena,"Salt Lake City, UT",0,Utah Jazz team victory,"Utah Jazz defeated Toronto Raptors 125-108 in Regular Season at Vivint Arena (Salt Lake City, UT).",SportsDataVerse hoopR / ESPN NBA Hidden API
61,301103021,2010-2011,2010,Regular Season,Regular Season,2010-11-03,Wednesday,02:00,San Antonio Spurs,Phoenix Suns,Phoenix Suns,San Antonio Spurs,110,112,222,2,San Antonio Spurs,Phoenix Suns,Away Win (112-110),110-112,Four 12-minute quarters / 48 min,No,Footprint Center,"Phoenix, AZ",17060,San Antonio Spurs team victory,"San Antonio Spurs defeated Phoenix Suns 112-110 in Regular Season at Footprint Center (Phoenix, AZ).",SportsDataVerse hoopR / ESPN NBA Hidden API
62,301103009,2010-2011,2010,Regular Season,Regular Season,2010-11-03,Wednesday,02:30,Memphis Grizzlies,Golden State Warriors,Golden State Warriors,Memphis Grizzlies,115,109,224,6,Golden State Warriors,Memphis Grizzlies,Home Win (115-109),115-109,Four 12-minute quarters / 48 min,No,ORACLE Arena,"Oakland, CA",16607,Golden State Warriors team victory,"Golden State Warriors defeated Memphis Grizzlies 115-109 in Regular Season at ORACLE Arena (Oakland, CA).",SportsDataVerse hoopR / ESPN NBA Hidden API
63,301103012,2010-2011,2010,Regular Season,Regular Season,2010-11-03,Wednesday,02:30,Oklahoma City Thunder,LA Clippers,LA Clippers,Oklahoma City Thunder,107,92,199,15,LA Clippers,Oklahoma City Thunder,Home Win (107-92),107-92,Four 12-minute quarters / 48 min,No,crypto.com Arena,"Los Angeles, CA",18414,LA Clippers team victory,"LA Clippers defeated Oklahoma City Thunder 107-92 in Regular Season at crypto.com Arena (Los Angeles, CA).",SportsDataVerse hoopR / ESPN NBA Hidden API
64,301103023,2010-2011,2010,Regular Season,Regular Season,2010-11-03,Wednesday,02:30,Los Angeles Lakers,Sacramento Kings,Sacramento Kings,Los Angeles Lakers,100,112,212,12,Los Angeles Lakers,Sacramento Kings,Away Win (112-100),100-112,Four 12-minute quarters / 48 min,No,Sleep Train Arena,"Sacramento, CA",16113,Los Angeles Lakers team victory,"Los Angeles Lakers defeated Sacramento Kings 112-100 in Regular Season at Sleep Train Arena (Sacramento, CA).",SportsDataVerse hoopR / ESPN NBA Hidden API
65,301104004,2010-2011,2010,Regular Season,Regular Season,2010-11-04,Thursday,00:00,New York Knicks,Chicago Bulls,Chicago Bulls,New York Knicks,112,120,232,8,New York Knicks,Chicago Bulls,Away Win (120-112),112-120,Four 12-minute quarters / 48 min,No,United Center,"Chicago, IL",21203,New York Knicks team victory,"New York Knicks defeated Chicago Bulls 120-112 in Regular Season at United Center (Chicago, IL).",SportsDataVerse hoopR / ESPN NBA Hidden API
66,301104022,2010-2011,2010,Regular Season,Regular Season,2010-11-04,Thursday,02:30,Oklahoma City Thunder,Portland Trail Blazers,Portland Trail Blazers,Oklahoma City Thunder,106,107,213,1,Oklahoma City Thunder,Portland Trail Blazers,Away Win (107-106),106-107,Four 12-minute quarters / 48 min,Yes,crypto.com Arena,"Los Angeles, CA",0,Oklahoma City Thunder team victory (OT),"Oklahoma City Thunder edged Portland Trail Blazers 107-106 in overtime at crypto.com Arena (Los Angeles, CA).",SportsDataVerse hoopR / ESPN NBA Hidden API
67,301105011,2010-2011,2010,Regular Season,Regular Season,2010-11-05,Friday,23:00,Milwaukee Bucks,Indiana Pacers,Indiana Pacers,Milwaukee Bucks,90,94,184,4,Milwaukee Bucks,Indiana Pacers,Away Win (94-90),90-94,Four 12-minute quarters / 48 min,No,Gainbridge Fieldhouse,"Indianapolis, IN",0,Milwaukee Bucks team victory,"Milwaukee Bucks defeated Indiana Pacers 94-90 in Regular Season at Gainbridge Fieldhouse (Indianapolis, IN).",SportsDataVerse hoopR / ESPN NBA Hidden API
68,301105019,2010-2011,2010,Regular Season,Regular Season,2010-11-05,Friday,23:00,New Jersey Nets,Orlando Magic,Orlando Magic,New Jersey Nets,105,90,195,15,Orlando Magic,New Jersey Nets,Home Win (105-90),105-90,Four 12-minute quarters / 48 min,No,Capital One Arena,"Washington, DC",0,Orlando Magic team victory,"Orlando Magic defeated New Jersey Nets 105-90 in Regular Season at Capital One Arena (Washington, DC).",SportsDataVerse hoopR / ESPN NBA Hidden API
69,301105020,2010-2011,2010,Regular Season,Regular Season,2010-11-05,Friday,23:00,Cleveland Cavaliers,Philadelphia 76ers,Philadelphia 76ers,Cleveland Cavaliers,116,123,239,7,Cleveland Cavaliers,Philadelphia 76ers,Away Win (123-116),116-123,Four 12-minute quarters / 48 min,No,Wells Fargo Center,"Philadelphia, PA",10589,Cleveland Cavaliers team victory,"Cleveland Cavaliers defeated Philadelphia 76ers 123-116 in Regular Season at Wells Fargo Center (Philadelphia, PA).",SportsDataVerse hoopR / ESPN NBA Hidden API
70,301105008,2010-2011,2010,Regular Season,Regular Season,2010-11-05,Friday,23:30,Charlotte Bobcats,Detroit Pistons,Detroit Pistons,Charlotte Bobcats,97,90,187,7,Detroit Pistons,Charlotte Bobcats,Home Win (97-90),97-90,Four 12-minute quarters / 48 min,No,Prudential Center,"Newark, NJ",0,Detroit Pistons team victory,"Detroit Pistons defeated Charlotte Bobcats 97-90 in Regular Season at Prudential Center (Newark, NJ).",SportsDataVerse hoopR / ESPN NBA Hidden API
71,301105018,2010-2011,2010,Regular Season,Regular Season,2010-11-05,Friday,23:30,Washington Wizards,New York Knicks,New York Knicks,Washington Wizards,112,91,203,21,New York Knicks,Washington Wizards,Home Win (112-91),112-91,Four 12-minute quarters / 48 min,No,BMO Harris Bradley Center,"Milwaukee, WI",0,New York Knicks team victory,"New York Knicks defeated Washington Wizards 112-91 in Regular Season at BMO Harris Bradley Center (Milwaukee, WI).",SportsDataVerse hoopR / ESPN NBA Hidden API
72,301105002,2010-2011,2010,Regular Season,Regular Season,2010-11-05,Friday,00:00,Chicago Bulls,Boston Celtics,Boston Celtics,Chicago Bulls,110,105,215,5,Boston Celtics,Chicago Bulls,Home Win (110-105),110-105,Four 12-minute quarters / 48 min,Yes,TD Garden,"Boston, MA",18624,Boston Celtics team victory (OT),"Boston Celtics edged Chicago Bulls 110-105 in overtime at TD Garden (Boston, MA).",SportsDataVerse hoopR / ESPN NBA Hidden API
73,301105003,2010-2011,2010,Regular Season,Regular Season,2010-11-05,Friday,00:00,Miami Heat,New Orleans Hornets,New Orleans Hornets,Miami Heat,96,93,189,3,New Orleans Hornets,Miami Heat,Home Win (96-93),96-93,Four 12-minute quarters / 48 min,No,Sleep Train Arena,"Sacramento, CA",0,New Orleans Hornets team victory,"New Orleans Hornets defeated Miami Heat 96-93 in Regular Season at Sleep Train Arena (Sacramento, CA).",SportsDataVerse hoopR / ESPN NBA Hidden API
74,301105016,2010-2011,2010,Regular Season,Regular Season,2010-11-05,Friday,00:00,Atlanta Hawks,Minnesota Timberwolves,Minnesota Timberwolves,Atlanta Hawks,103,113,216,10,Atlanta Hawks,Minnesota Timberwolves,Away Win (113-103),103-113,Four 12-minute quarters / 48 min,No,Target Center,"Minneapolis, MN",0,Atlanta Hawks team victory,"Atlanta Hawks defeated Minnesota Timberwolves 113-103 in Regular Season at Target Center (Minneapolis, MN).",SportsDataVerse hoopR / ESPN NBA Hidden API
75,301105021,2010-2011,2010,Regular Season,Regular Season,2010-11-05,Friday,02:00,Memphis Grizzlies,Phoenix Suns,Phoenix Suns,Memphis Grizzlies,123,118,241,5,Phoenix Suns,Memphis Grizzlies,Home Win (123-118),123-118,Four 12-minute quarters / 48 min,Yes,Footprint Center,"Phoenix, AZ",16470,Phoenix Suns team victory (OT),"Phoenix Suns edged Memphis Grizzlies 123-118 in overtime at Footprint Center (Phoenix, AZ).",SportsDataVerse hoopR / ESPN NBA Hidden API
76,301105007,2010-2011,2010,Regular Season,Regular Season,2010-11-05,Friday,02:30,LA Clippers,Denver Nuggets,Denver Nuggets,LA Clippers,111,104,215,7,Denver Nuggets,LA Clippers,Home Win (111-104),111-104,Four 12-minute quarters / 48 min,No,Ball Arena,"Denver, CO",0,Denver Nuggets team victory,"Denver Nuggets defeated LA Clippers 111-104 in Regular Season at Ball Arena (Denver, CO).",SportsDataVerse hoopR / ESPN NBA Hidden API
77,301105009,2010-2011,2010,Regular Season,Regular Season,2010-11-05,Friday,02:30,Utah Jazz,Golden State Warriors,Golden State Warriors,Utah Jazz,85,78,163,7,Golden State Warriors,Utah Jazz,Home Win (85-78),85-78,Four 12-minute quarters / 48 min,No,ORACLE Arena,"Oakland, CA",17902,Golden State Warriors team victory,"Golden State Warriors defeated Utah Jazz 85-78 in Regular Season at ORACLE Arena (Oakland, CA).",SportsDataVerse hoopR / ESPN NBA Hidden API
78,301105013,2010-2011,2010,Regular Season,Regular Season,2010-11-05,Friday,02:30,Toronto Raptors,Los Angeles Lakers,Los Angeles Lakers,Toronto Raptors,108,103,211,5,Los Angeles Lakers,Toronto Raptors,Home Win (108-103),108-103,Four 12-minute quarters / 48 min,No,crypto.com Arena,"Los Angeles, CA",18997,Los Angeles Lakers team victory,"Los Angeles Lakers defeated Toronto Raptors 108-103 in Regular Season at crypto.com Arena (Los Angeles, CA).",SportsDataVerse hoopR / ESPN NBA Hidden API
79,301106027,2010-2011,2010,Regular Season,Regular Season,2010-11-06,Saturday,23:00,Cleveland Cavaliers,Washington Wizards,Washington Wizards,Cleveland Cavaliers,102,107,209,5,Cleveland Cavaliers,Washington Wizards,Away Win (107-102),102-107,Four 12-minute quarters / 48 min,No,Capital One Arena,"Washington, DC",14442,Cleveland Cavaliers team victory,"Cleveland Cavaliers defeated Washington Wizards 107-102 in Regular Season at Capital One Arena (Washington, DC).",SportsDataVerse hoopR / ESPN NBA Hidden API
80,301106030,2010-2011,2010,Regular Season,Regular Season,2010-11-06,Saturday,23:00,Orlando Magic,Charlotte Bobcats,Charlotte Bobcats,Orlando Magic,88,91,179,3,Orlando Magic,Charlotte Bobcats,Away Win (91-88),88-91,Four 12-minute quarters / 48 min,No,Spectrum Center,"Charlotte, NC",18136,Orlando Magic team victory,"Orlando Magic defeated Charlotte Bobcats 91-88 in Regular Season at Spectrum Center (Charlotte, NC).",SportsDataVerse hoopR / ESPN NBA Hidden API
81,301106014,2010-2011,2010,Regular Season,Regular Season,2010-11-06,Saturday,23:30,New Jersey Nets,Miami Heat,Miami Heat,New Jersey Nets,101,89,190,12,Miami Heat,New Jersey Nets,Home Win (101-89),101-89,Four 12-minute quarters / 48 min,No,Kaseya Center,"Miami, FL",0,Miami Heat team victory,"Miami Heat defeated New Jersey Nets 101-89 in Regular Season at Kaseya Center (Miami, FL).",SportsDataVerse hoopR / ESPN NBA Hidden API
82,301106015,2010-2011,2010,Regular Season,Regular Season,2010-11-06,Saturday,00:30,New Orleans Hornets,Milwaukee Bucks,Milwaukee Bucks,New Orleans Hornets,81,87,168,6,New Orleans Hornets,Milwaukee Bucks,Away Win (87-81),81-87,Four 12-minute quarters / 48 min,No,BMO Harris Bradley Center,"Milwaukee, WI",16731,New Orleans Hornets team victory,"New Orleans Hornets defeated Milwaukee Bucks 87-81 in Regular Season at BMO Harris Bradley Center (Milwaukee, WI).",SportsDataVerse hoopR / ESPN NBA Hidden API
83,301106024,2010-2011,2010,Regular Season,Regular Season,2010-11-06,Saturday,00:30,Houston Rockets,San Antonio Spurs,San Antonio Spurs,Houston Rockets,124,121,245,3,San Antonio Spurs,Houston Rockets,Home Win (124-121),124-121,Four 12-minute quarters / 48 min,Yes,AT&T Center,"San Antonio, TX",17740,San Antonio Spurs team victory (OT),"San Antonio Spurs edged Houston Rockets 124-121 in overtime at AT&T Center (San Antonio, TX).",SportsDataVerse hoopR / ESPN NBA Hidden API
84,301106006,2010-2011,2010,Regular Season,Regular Season,2010-11-06,Saturday,01:00,Denver Nuggets,Dallas Mavericks,Dallas Mavericks,Denver Nuggets,92,103,195,11,Denver Nuggets,Dallas Mavericks,Away Win (103-92),92-103,Four 12-minute quarters / 48 min,No,American Airlines Center,"Dallas, TX",19948,Denver Nuggets team victory,"Denver Nuggets defeated Dallas Mavericks 103-92 in Regular Season at American Airlines Center (Dallas, TX).",SportsDataVerse hoopR / ESPN NBA Hidden API
85,301106026,2010-2011,2010,Regular Season,Regular Season,2010-11-06,Saturday,01:00,LA Clippers,Utah Jazz,Utah Jazz,LA Clippers,109,107,216,2,Utah Jazz,LA Clippers,Home Win (109-107),109-107,Four 12-minute quarters / 48 min,Yes,Vivint Arena,"Salt Lake City, UT",19911,Utah Jazz team victory (OT),"Utah Jazz edged LA Clippers 109-107 in overtime at Vivint Arena (Salt Lake City, UT).",SportsDataVerse hoopR / ESPN NBA Hidden API
86,301106022,2010-2011,2010,Regular Season,Regular Season,2010-11-06,Saturday,02:00,Toronto Raptors,Portland Trail Blazers,Portland Trail Blazers,Toronto Raptors,97,84,181,13,Portland Trail Blazers,Toronto Raptors,Home Win (97-84),97-84,Four 12-minute quarters / 48 min,No,Footprint Center,"Phoenix, AZ",0,Portland Trail Blazers team victory,"Portland Trail Blazers defeated Toronto Raptors 97-84 in Regular Season at Footprint Center (Phoenix, AZ).",SportsDataVerse hoopR / ESPN NBA Hidden API
87,301106023,2010-2011,2010,Regular Season,Regular Season,2010-11-06,Saturday,02:00,Memphis Grizzlies,Sacramento Kings,Sacramento Kings,Memphis Grizzlies,91,100,191,9,Memphis Grizzlies,Sacramento Kings,Away Win (100-91),91-100,Four 12-minute quarters / 48 min,No,Sleep Train Arena,"Sacramento, CA",14085,Memphis Grizzlies team victory,"Memphis Grizzlies defeated Sacramento Kings 100-91 in Regular Season at Sleep Train Arena (Sacramento, CA).",SportsDataVerse hoopR / ESPN NBA Hidden API
88,301107018,2010-2011,2010,Regular Season,Regular Season,2010-11-07,Sunday,17:00,Philadelphia 76ers,New York Knicks,New York Knicks,Philadelphia 76ers,96,106,202,10,Philadelphia 76ers,New York Knicks,Away Win (106-96),96-106,Four 12-minute quarters / 48 min,No,Madison Square Garden,"New York, NY",18735,Philadelphia 76ers team victory,"Philadelphia 76ers defeated New York Knicks 106-96 in Regular Season at Madison Square Garden (New York, NY).",SportsDataVerse hoopR / ESPN NBA Hidden API
89,301107001,2010-2011,2010,Regular Season,Regular Season,2010-11-07,Sunday,22:00,Phoenix Suns,Atlanta Hawks,Atlanta Hawks,Phoenix Suns,114,118,232,4,Phoenix Suns,Atlanta Hawks,Away Win (118-114),114-118,Four 12-minute quarters / 48 min,No,State Farm Arena,"Atlanta, GA",13395,Phoenix Suns team victory,"Phoenix Suns defeated Atlanta Hawks 118-114 in Regular Season at State Farm Arena (Atlanta, GA).",SportsDataVerse hoopR / ESPN NBA Hidden API
90,301107008,2010-2011,2010,Regular Season,Regular Season,2010-11-07,Sunday,23:00,Golden State Warriors,Detroit Pistons,Detroit Pistons,Golden State Warriors,102,97,199,5,Detroit Pistons,Golden State Warriors,Home Win (102-97),102-97,Four 12-minute quarters / 48 min,No,The Palace of Auburn Hills,"Detroit, MI",12813,Detroit Pistons team victory,"Detroit Pistons defeated Golden State Warriors 102-97 in Regular Season at The Palace of Auburn Hills (Detroit, MI).",SportsDataVerse hoopR / ESPN NBA Hidden API
91,301107010,2010-2011,2010,Regular Season,Regular Season,2010-11-07,Sunday,00:00,Minnesota Timberwolves,Houston Rockets,Houston Rockets,Minnesota Timberwolves,120,94,214,26,Houston Rockets,Minnesota Timberwolves,Home Win (120-94),120-94,Four 12-minute quarters / 48 min,No,Toyota Center (Houston),"Houston, TX",15058,Houston Rockets team victory,"Houston Rockets defeated Minnesota Timberwolves 120-94 in Regular Season at Toyota Center (Houston) (Houston, TX).",SportsDataVerse hoopR / ESPN NBA Hidden API
92,301107025,2010-2011,2010,Regular Season,Regular Season,2010-11-07,Sunday,00:00,Boston Celtics,Oklahoma City Thunder,Oklahoma City Thunder,Boston Celtics,83,92,175,9,Boston Celtics,Oklahoma City Thunder,Away Win (92-83),83-92,Four 12-minute quarters / 48 min,No,Paycom Center,"Oklahoma City, OK",18203,Boston Celtics team victory,"Boston Celtics defeated Oklahoma City Thunder 92-83 in Regular Season at Paycom Center (Oklahoma City, OK).",SportsDataVerse hoopR / ESPN NBA Hidden API
93,301107013,2010-2011,2010,Regular Season,Regular Season,2010-11-07,Sunday,02:30,Portland Trail Blazers,Los Angeles Lakers,Los Angeles Lakers,Portland Trail Blazers,121,96,217,25,Los Angeles Lakers,Portland Trail Blazers,Home Win (121-96),121-96,Four 12-minute quarters / 48 min,No,Sleep Train Arena,"Sacramento, CA",0,Los Angeles Lakers team victory,"Los Angeles Lakers defeated Portland Trail Blazers 121-96 in Regular Season at Sleep Train Arena (Sacramento, CA).",SportsDataVerse hoopR / ESPN NBA Hidden API
94,301108019,2010-2011,2010,Regular Season,Regular Season,2010-11-08,Monday,00:00,Atlanta Hawks,Orlando Magic,Orlando Magic,Atlanta Hawks,93,89,182,4,Orlando Magic,Atlanta Hawks,Home Win (93-89),93-89,Four 12-minute quarters / 48 min,No,Amway Center,"Orlando, FL",18846,Orlando Magic team victory,"Orlando Magic defeated Atlanta Hawks 93-89 in Regular Season at Amway Center (Orlando, FL).",SportsDataVerse hoopR / ESPN NBA Hidden API
95,301108028,2010-2011,2010,Regular Season,Regular Season,2010-11-08,Monday,00:00,Golden State Warriors,Toronto Raptors,Toronto Raptors,Golden State Warriors,102,109,211,7,Golden State Warriors,Toronto Raptors,Away Win (109-102),102-109,Four 12-minute quarters / 48 min,No,Scotiabank Arena,"Toronto, ON",14127,Golden State Warriors team victory,"Golden State Warriors defeated Toronto Raptors 109-102 in Regular Season at Scotiabank Arena (Toronto, ON).",SportsDataVerse hoopR / ESPN NBA Hidden API
96,301108030,2010-2011,2010,Regular Season,Regular Season,2010-11-08,Monday,00:00,San Antonio Spurs,Charlotte Bobcats,Charlotte Bobcats,San Antonio Spurs,91,95,186,4,San Antonio Spurs,Charlotte Bobcats,Away Win (95-91),91-95,Four 12-minute quarters / 48 min,No,Spectrum Center,"Charlotte, NC",14152,San Antonio Spurs team victory,"San Antonio Spurs defeated Charlotte Bobcats 95-91 in Regular Season at Spectrum Center (Charlotte, NC).",SportsDataVerse hoopR / ESPN NBA Hidden API
97,301108004,2010-2011,2010,Regular Season,Regular Season,2010-11-08,Monday,01:00,Denver Nuggets,Chicago Bulls,Chicago Bulls,Denver Nuggets,94,92,186,2,Chicago Bulls,Denver Nuggets,Home Win (94-92),94-92,Four 12-minute quarters / 48 min,No,United Center,"Chicago, IL",0,Chicago Bulls team victory,"Chicago Bulls defeated Denver Nuggets 94-92 in Regular Season at United Center (Chicago, IL).",SportsDataVerse hoopR / ESPN NBA Hidden API
98,301108029,2010-2011,2010,Regular Season,Regular Season,2010-11-08,Monday,01:00,Phoenix Suns,Memphis Grizzlies,Memphis Grizzlies,Phoenix Suns,109,99,208,10,Memphis Grizzlies,Phoenix Suns,Home Win (109-99),109-99,Four 12-minute quarters / 48 min,No,FedExForum,"Memphis, TN",0,Memphis Grizzlies team victory,"Memphis Grizzlies defeated Phoenix Suns 109-99 in Regular Season at FedExForum (Memphis, TN).",SportsDataVerse hoopR / ESPN NBA Hidden API
99,301108006,2010-2011,2010,Regular Season,Regular Season,2010-11-08,Monday,01:30,Boston Celtics,Dallas Mavericks,Dallas Mavericks,Boston Celtics,89,87,176,2,Dallas Mavericks,Boston Celtics,Home Win (89-87),89-87,Four 12-minute quarters / 48 min,No,American Airlines Center,"Dallas, TX",20194,Dallas Mavericks team victory,"Dallas Mavericks defeated Boston Celtics 89-87 in Regular Season at American Airlines Center (Dallas, TX).",SportsDataVerse hoopR / ESPN NBA Hidden API
100,301109011,2010-2011,2010,Regular Season,Regular Season,2010-11-09,Tuesday,00:00,Denver Nuggets,Indiana Pacers,Indiana Pacers,Denver Nuggets,144,113,257,31,Indiana Pacers,Denver Nuggets,Home Win (144-113),144-113,Four 12-minute quarters / 48 min,No,Gainbridge Fieldhouse,"Indianapolis, IN",11122,Indiana Pacers team victory,"Indiana Pacers defeated Denver Nuggets 144-113 in Regular Season at Gainbridge Fieldhouse (Indianapolis, IN).",SportsDataVerse hoopR / ESPN NBA Hidden API
101,301109017,2010-2011,2010,Regular Season,Regular Season,2010-11-09,Tuesday,00:00,Cleveland Cavaliers,New Jersey Nets,New Jersey Nets,Cleveland Cavaliers,91,93,184,2,Cleveland Cavaliers,New Jersey Nets,Away Win (93-91),91-93,Four 12-minute quarters / 48 min,No,Prudential Center,"Newark, NJ",0,Cleveland Cavaliers team victory,"Cleveland Cavaliers defeated New Jersey Nets 93-91 in Regular Season at Prudential Center (Newark, NJ).",SportsDataVerse hoopR / ESPN NBA Hidden API
102,301109014,2010-2011,2010,Regular Season,Regular Season,2010-11-09,Tuesday,00:30,Utah Jazz,Miami Heat,Miami Heat,Utah Jazz,114,116,230,2,Utah Jazz,Miami Heat,Away Win (116-114),114-116,Four 12-minute quarters / 48 min,Yes,Kaseya Center,"Miami, FL",19600,Utah Jazz team victory (OT),"Utah Jazz edged Miami Heat 116-114 in overtime at Kaseya Center (Miami, FL).",SportsDataVerse hoopR / ESPN NBA Hidden API
103,301109003,2010-2011,2010,Regular Season,Regular Season,2010-11-09,Tuesday,01:00,LA Clippers,New Orleans Hornets,New Orleans Hornets,LA Clippers,101,82,183,19,New Orleans Hornets,LA Clippers,Home Win (101-82),101-82,Four 12-minute quarters / 48 min,No,Smoothie King Center,"New Orleans, LA",0,New Orleans Hornets team victory,"New Orleans Hornets defeated LA Clippers 101-82 in Regular Season at Smoothie King Center (New Orleans, LA).",SportsDataVerse hoopR / ESPN NBA Hidden API
104,301109015,2010-2011,2010,Regular Season,Regular Season,2010-11-09,Tuesday,01:00,New York Knicks,Milwaukee Bucks,Milwaukee Bucks,New York Knicks,107,80,187,27,Milwaukee Bucks,New York Knicks,Home Win (107-80),107-80,Four 12-minute quarters / 48 min,No,BMO Harris Bradley Center,"Milwaukee, WI",0,Milwaukee Bucks team victory,"Milwaukee Bucks defeated New York Knicks 107-80 in Regular Season at BMO Harris Bradley Center (Milwaukee, WI).",SportsDataVerse hoopR / ESPN NBA Hidden API
105,301109022,2010-2011,2010,Regular Season,Regular Season,2010-11-09,Tuesday,03:00,Detroit Pistons,Portland Trail Blazers,Portland Trail Blazers,Detroit Pistons,100,78,178,22,Portland Trail Blazers,Detroit Pistons,Home Win (100-78),100-78,Four 12-minute quarters / 48 min,No,Ball Arena,"Denver, CO",0,Portland Trail Blazers team victory,"Portland Trail Blazers defeated Detroit Pistons 100-78 in Regular Season at Ball Arena (Denver, CO).",SportsDataVerse hoopR / ESPN NBA Hidden API
106,301109013,2010-2011,2010,Regular Season,Regular Season,2010-11-09,Tuesday,03:30,Minnesota Timberwolves,Los Angeles Lakers,Los Angeles Lakers,Minnesota Timberwolves,99,94,193,5,Los Angeles Lakers,Minnesota Timberwolves,Home Win (99-94),99-94,Four 12-minute quarters / 48 min,No,crypto.com Arena,"Los Angeles, CA",0,Los Angeles Lakers team victory,"Los Angeles Lakers defeated Minnesota Timberwolves 99-94 in Regular Season at crypto.com Arena (Los Angeles, CA).",SportsDataVerse hoopR / ESPN NBA Hidden API
107,301110001,2010-2011,2010,Regular Season,Regular Season,2010-11-10,Wednesday,00:00,Milwaukee Bucks,Atlanta Hawks,Atlanta Hawks,Milwaukee Bucks,91,108,199,17,Milwaukee Bucks,Atlanta Hawks,Away Win (108-91),91-108,Four 12-minute quarters / 48 min,No,State Farm Arena,"Atlanta, GA",11211,Milwaukee Bucks team victory,"Milwaukee Bucks defeated Atlanta Hawks 108-91 in Regular Season at State Farm Arena (Atlanta, GA).",SportsDataVerse hoopR / ESPN NBA Hidden API
108,301110019,2010-2011,2010,Regular Season,Regular Season,2010-11-10,Wednesday,00:00,Utah Jazz,Orlando Magic,Orlando Magic,Utah Jazz,94,104,198,10,Utah Jazz,Orlando Magic,Away Win (104-94),94-104,Four 12-minute quarters / 48 min,No,Amway Center,"Orlando, FL",18846,Utah Jazz team victory,"Utah Jazz defeated Orlando Magic 104-94 in Regular Season at Amway Center (Orlando, FL).",SportsDataVerse hoopR / ESPN NBA Hidden API
109,301110027,2010-2011,2010,Regular Season,Regular Season,2010-11-10,Wednesday,00:00,Houston Rockets,Washington Wizards,Washington Wizards,Houston Rockets,98,91,189,7,Washington Wizards,Houston Rockets,Home Win (98-91),98-91,Four 12-minute quarters / 48 min,No,Capital One Arena,"Washington, DC",13665,Washington Wizards team victory,"Washington Wizards defeated Houston Rockets 98-91 in Regular Season at Capital One Arena (Washington, DC).",SportsDataVerse hoopR / ESPN NBA Hidden API
110,301110005,2010-2011,2010,Regular Season,Regular Season,2010-11-10,Wednesday,00:30,New Jersey Nets,Cleveland Cavaliers,Cleveland Cavaliers,New Jersey Nets,87,95,182,8,New Jersey Nets,Cleveland Cavaliers,Away Win (95-87),87-95,Four 12-minute quarters / 48 min,No,Rocket Mortgage FieldHouse,"Cleveland, OH",20562,New Jersey Nets team victory,"New Jersey Nets defeated Cleveland Cavaliers 95-87 in Regular Season at Rocket Mortgage FieldHouse (Cleveland, OH).",SportsDataVerse hoopR / ESPN NBA Hidden API
111,301110018,2010-2011,2010,Regular Season,Regular Season,2010-11-10,Wednesday,00:30,Golden State Warriors,New York Knicks,New York Knicks,Golden State Warriors,117,122,239,5,Golden State Warriors,New York Knicks,Away Win (122-117),117-122,Four 12-minute quarters / 48 min,No,Madison Square Garden,"New York, NY",19763,Golden State Warriors team victory,"Golden State Warriors defeated New York Knicks 122-117 in Regular Season at Madison Square Garden (New York, NY).",SportsDataVerse hoopR / ESPN NBA Hidden API
112,301110025,2010-2011,2010,Regular Season,Regular Season,2010-11-10,Wednesday,01:00,Philadelphia 76ers,Oklahoma City Thunder,Oklahoma City Thunder,Philadelphia 76ers,109,103,212,6,Oklahoma City Thunder,Philadelphia 76ers,Home Win (109-103),109-103,Four 12-minute quarters / 48 min,No,United Center,"Chicago, IL",0,Oklahoma City Thunder team victory,"Oklahoma City Thunder defeated Philadelphia 76ers 109-103 in Regular Season at United Center (Chicago, IL).",SportsDataVerse hoopR / ESPN NBA Hidden API
113,301110029,2010-2011,2010,Regular Season,Regular Season,2010-11-10,Wednesday,01:00,Dallas Mavericks,Memphis Grizzlies,Memphis Grizzlies,Dallas Mavericks,91,106,197,15,Dallas Mavericks,Memphis Grizzlies,Away Win (106-91),91-106,Four 12-minute quarters / 48 min,No,FedExForum,"Memphis, TN",10767,Dallas Mavericks team victory,"Dallas Mavericks defeated Memphis Grizzlies 106-91 in Regular Season at FedExForum (Memphis, TN).",SportsDataVerse hoopR / ESPN NBA Hidden API
114,301110024,2010-2011,2010,Regular Season,Regular Season,2010-11-10,Wednesday,02:30,LA Clippers,San Antonio Spurs,San Antonio Spurs,LA Clippers,107,95,202,12,San Antonio Spurs,LA Clippers,Home Win (107-95),107-95,Four 12-minute quarters / 48 min,No,Moda Center,"Portland, OR",0,San Antonio Spurs team victory,"San Antonio Spurs defeated LA Clippers 107-95 in Regular Season at Moda Center (Portland, OR).",SportsDataVerse hoopR / ESPN NBA Hidden API
115,301110023,2010-2011,2010,Regular Season,Regular Season,2010-11-10,Wednesday,03:00,Minnesota Timberwolves,Sacramento Kings,Sacramento Kings,Minnesota Timberwolves,89,98,187,9,Minnesota Timberwolves,Sacramento Kings,Away Win (98-89),89-98,Four 12-minute quarters / 48 min,No,Sleep Train Arena,"Sacramento, CA",12433,Minnesota Timberwolves team victory,"Minnesota Timberwolves defeated Sacramento Kings 98-89 in Regular Season at Sleep Train Arena (Sacramento, CA).",SportsDataVerse hoopR / ESPN NBA Hidden API
116,301111004,2010-2011,2010,Regular Season,Regular Season,2010-11-11,Thursday,01:00,Golden State Warriors,Chicago Bulls,Chicago Bulls,Golden State Warriors,120,90,210,30,Chicago Bulls,Golden State Warriors,Home Win (120-90),120-90,Four 12-minute quarters / 48 min,No,United Center,"Chicago, IL",21140,Chicago Bulls team victory,"Chicago Bulls defeated Golden State Warriors 120-90 in Regular Season at United Center (Chicago, IL).",SportsDataVerse hoopR / ESPN NBA Hidden API
117,301111014,2010-2011,2010,Regular Season,Regular Season,2010-11-11,Thursday,01:00,Boston Celtics,Miami Heat,Miami Heat,Boston Celtics,107,112,219,5,Boston Celtics,Miami Heat,Away Win (112-107),107-112,Four 12-minute quarters / 48 min,No,Kaseya Center,"Miami, FL",0,Boston Celtics team victory,"Boston Celtics defeated Miami Heat 112-107 in Regular Season at Kaseya Center (Miami, FL).",SportsDataVerse hoopR / ESPN NBA Hidden API
118,301111007,2010-2011,2010,Regular Season,Regular Season,2010-11-11,Thursday,03:30,Los Angeles Lakers,Denver Nuggets,Denver Nuggets,Los Angeles Lakers,118,112,230,6,Denver Nuggets,Los Angeles Lakers,Home Win (118-112),118-112,Four 12-minute quarters / 48 min,No,crypto.com Arena,"Los Angeles, CA",0,Denver Nuggets team victory,"Denver Nuggets defeated Los Angeles Lakers 118-112 in Regular Season at crypto.com Arena (Los Angeles, CA).",SportsDataVerse hoopR / ESPN NBA Hidden API
119,301112001,2010-2011,2010,Regular Season,Regular Season,2010-11-12,Friday,00:00,Utah Jazz,Atlanta Hawks,Atlanta Hawks,Utah Jazz,86,90,176,4,Utah Jazz,Atlanta Hawks,Away Win (90-86),86-90,Four 12-minute quarters / 48 min,No,State Farm Arena,"Atlanta, GA",17069,Utah Jazz team victory,"Utah Jazz defeated Atlanta Hawks 90-86 in Regular Season at State Farm Arena (Atlanta, GA).",SportsDataVerse hoopR / ESPN NBA Hidden API
120,301112011,2010-2011,2010,Regular Season,Regular Season,2010-11-12,Friday,00:00,Houston Rockets,Indiana Pacers,Indiana Pacers,Houston Rockets,99,102,201,3,Houston Rockets,Indiana Pacers,Away Win (102-99),99-102,Four 12-minute quarters / 48 min,No,Madison Square Garden,"New York, NY",0,Houston Rockets team victory,"Houston Rockets defeated Indiana Pacers 102-99 in Regular Season at Madison Square Garden (New York, NY).",SportsDataVerse hoopR / ESPN NBA Hidden API
121,301112019,2010-2011,2010,Regular Season,Regular Season,2010-11-12,Friday,00:00,Toronto Raptors,Orlando Magic,Orlando Magic,Toronto Raptors,106,110,216,4,Toronto Raptors,Orlando Magic,Away Win (110-106),106-110,Four 12-minute quarters / 48 min,No,Amway Center,"Orlando, FL",18846,Toronto Raptors team victory,"Toronto Raptors defeated Orlando Magic 110-106 in Regular Season at Amway Center (Orlando, FL).",SportsDataVerse hoopR / ESPN NBA Hidden API
122,301112027,2010-2011,2010,Regular Season,Regular Season,2010-11-12,Friday,00:00,Charlotte Bobcats,Washington Wizards,Washington Wizards,Charlotte Bobcats,85,93,178,8,Charlotte Bobcats,Washington Wizards,Away Win (93-85),85-93,Four 12-minute quarters / 48 min,No,Capital One Arena,"Washington, DC",14855,Charlotte Bobcats team victory,"Charlotte Bobcats defeated Washington Wizards 93-85 in Regular Season at Capital One Arena (Washington, DC).",SportsDataVerse hoopR / ESPN NBA Hidden API
123,301112016,2010-2011,2010,Regular Season,Regular Season,2010-11-12,Friday,01:00,New York Knicks,Minnesota Timberwolves,Minnesota Timberwolves,New York Knicks,112,103,215,9,Minnesota Timberwolves,New York Knicks,Home Win (112-103),112-103,Four 12-minute quarters / 48 min,No,Target Center,"Minneapolis, MN",15232,Minnesota Timberwolves team victory,"Minnesota Timberwolves defeated New York Knicks 112-103 in Regular Season at Target Center (Minneapolis, MN).",SportsDataVerse hoopR / ESPN NBA Hidden API
124,301112006,2010-2011,2010,Regular Season,Regular Season,2010-11-12,Friday,01:30,Philadelphia 76ers,Dallas Mavericks,Dallas Mavericks,Philadelphia 76ers,99,90,189,9,Dallas Mavericks,Philadelphia 76ers,Home Win (99-90),99-90,Four 12-minute quarters / 48 min,No,American Airlines Center,"Dallas, TX",19989,Dallas Mavericks team victory,"Dallas Mavericks defeated Philadelphia 76ers 99-90 in Regular Season at American Airlines Center (Dallas, TX).",SportsDataVerse hoopR / ESPN NBA Hidden API
125,301112021,2010-2011,2010,Regular Season,Regular Season,2010-11-12,Friday,02:00,Sacramento Kings,Phoenix Suns,Phoenix Suns,Sacramento Kings,103,89,192,14,Phoenix Suns,Sacramento Kings,Home Win (103-89),103-89,Four 12-minute quarters / 48 min,No,BMO Harris Bradley Center,"Milwaukee, WI",0,Phoenix Suns team victory,"Phoenix Suns defeated Sacramento Kings 103-89 in Regular Season at BMO Harris Bradley Center (Milwaukee, WI).",SportsDataVerse hoopR / ESPN NBA Hidden API
126,301112025,2010-2011,2010,Regular Season,Regular Season,2010-11-12,Friday,02:30,Portland Trail Blazers,Oklahoma City Thunder,Oklahoma City Thunder,Portland Trail Blazers,110,108,218,2,Oklahoma City Thunder,Portland Trail Blazers,Home Win (110-108),110-108,Four 12-minute quarters / 48 min,No,Paycom Center,"Oklahoma City, OK",18203,Oklahoma City Thunder team victory,"Oklahoma City Thunder defeated Portland Trail Blazers 110-108 in Regular Season at Paycom Center (Oklahoma City, OK).",SportsDataVerse hoopR / ESPN NBA Hidden API
127,301112012,2010-2011,2010,Regular Season,Regular Season,2010-11-12,Friday,03:30,Detroit Pistons,LA Clippers,LA Clippers,Detroit Pistons,107,113,220,6,Detroit Pistons,LA Clippers,Away Win (113-107),107-113,Four 12-minute quarters / 48 min,Yes,crypto.com Arena,"Los Angeles, CA",16960,Detroit Pistons team victory (OT),"Detroit Pistons edged LA Clippers 113-107 in overtime at crypto.com Arena (Los Angeles, CA).",SportsDataVerse hoopR / ESPN NBA Hidden API
128,301113017,2010-2011,2010,Regular Season,Regular Season,2010-11-13,Saturday,00:00,Orlando Magic,New Jersey Nets,New Jersey Nets,Orlando Magic,90,91,181,1,Orlando Magic,New Jersey Nets,Away Win (91-90),90-91,Four 12-minute quarters / 48 min,No,Prudential Center,"Newark, NJ",0,Orlando Magic team victory,"Orlando Magic defeated New Jersey Nets 91-90 in Regular Season at Prudential Center (Newark, NJ).",SportsDataVerse hoopR / ESPN NBA Hidden API
129,301113030,2010-2011,2010,Regular Season,Regular Season,2010-11-13,Saturday,00:00,Utah Jazz,Charlotte Bobcats,Charlotte Bobcats,Utah Jazz,95,96,191,1,Utah Jazz,Charlotte Bobcats,Away Win (96-95),95-96,Four 12-minute quarters / 48 min,No,Spectrum Center,"Charlotte, NC",15486,Utah Jazz team victory,"Utah Jazz defeated Charlotte Bobcats 96-95 in Regular Season at Spectrum Center (Charlotte, NC).",SportsDataVerse hoopR / ESPN NBA Hidden API
130,301113005,2010-2011,2010,Regular Season,Regular Season,2010-11-13,Saturday,00:30,Indiana Pacers,Cleveland Cavaliers,Cleveland Cavaliers,Indiana Pacers,85,99,184,14,Indiana Pacers,Cleveland Cavaliers,Away Win (99-85),85-99,Four 12-minute quarters / 48 min,No,Rocket Mortgage FieldHouse,"Cleveland, OH",20562,Indiana Pacers team victory,"Indiana Pacers defeated Cleveland Cavaliers 99-85 in Regular Season at Rocket Mortgage FieldHouse (Cleveland, OH).",SportsDataVerse hoopR / ESPN NBA Hidden API
131,301113014,2010-2011,2010,Regular Season,Regular Season,2010-11-13,Saturday,00:30,Toronto Raptors,Miami Heat,Miami Heat,Toronto Raptors,109,100,209,9,Miami Heat,Toronto Raptors,Home Win (109-100),109-100,Four 12-minute quarters / 48 min,No,Kaseya Center,"Miami, FL",19600,Miami Heat team victory,"Miami Heat defeated Toronto Raptors 109-100 in Regular Season at Kaseya Center (Miami, FL).",SportsDataVerse hoopR / ESPN NBA Hidden API
132,301113003,2010-2011,2010,Regular Season,Regular Season,2010-11-13,Saturday,01:00,Portland Trail Blazers,New Orleans Hornets,New Orleans Hornets,Portland Trail Blazers,107,87,194,20,New Orleans Hornets,Portland Trail Blazers,Home Win (107-87),107-87,Four 12-minute quarters / 48 min,No,Smoothie King Center,"New Orleans, LA",14706,New Orleans Hornets team victory,"New Orleans Hornets defeated Portland Trail Blazers 107-87 in Regular Season at Smoothie King Center (New Orleans, LA).",SportsDataVerse hoopR / ESPN NBA Hidden API
133,301113004,2010-2011,2010,Regular Season,Regular Season,2010-11-13,Saturday,01:00,Washington Wizards,Chicago Bulls,Chicago Bulls,Washington Wizards,103,96,199,7,Chicago Bulls,Washington Wizards,Home Win (103-96),103-96,Four 12-minute quarters / 48 min,No,Capital One Arena,"Washington, DC",0,Chicago Bulls team victory,"Chicago Bulls defeated Washington Wizards 103-96 in Regular Season at Capital One Arena (Washington, DC).",SportsDataVerse hoopR / ESPN NBA Hidden API
134,301113029,2010-2011,2010,Regular Season,Regular Season,2010-11-13,Saturday,01:00,Boston Celtics,Memphis Grizzlies,Memphis Grizzlies,Boston Celtics,110,116,226,6,Boston Celtics,Memphis Grizzlies,Away Win (116-110),110-116,Four 12-minute quarters / 48 min,Yes,FedExForum,"Memphis, TN",18119,Boston Celtics team victory (OT),"Boston Celtics edged Memphis Grizzlies 116-110 in overtime at FedExForum (Memphis, TN).",SportsDataVerse hoopR / ESPN NBA Hidden API
135,301113015,2010-2011,2010,Regular Season,Regular Season,2010-11-13,Saturday,01:30,Golden State Warriors,Milwaukee Bucks,Milwaukee Bucks,Golden State Warriors,79,72,151,7,Milwaukee Bucks,Golden State Warriors,Home Win (79-72),79-72,Four 12-minute quarters / 48 min,No,BMO Harris Bradley Center,"Milwaukee, WI",17049,Milwaukee Bucks team victory,"Milwaukee Bucks defeated Golden State Warriors 79-72 in Regular Season at BMO Harris Bradley Center (Milwaukee, WI).",SportsDataVerse hoopR / ESPN NBA Hidden API
136,301113024,2010-2011,2010,Regular Season,Regular Season,2010-11-13,Saturday,01:30,Philadelphia 76ers,San Antonio Spurs,San Antonio Spurs,Philadelphia 76ers,116,93,209,23,San Antonio Spurs,Philadelphia 76ers,Home Win (116-93),116-93,Four 12-minute quarters / 48 min,No,AT&T Center,"San Antonio, TX",17627,San Antonio Spurs team victory,"San Antonio Spurs defeated Philadelphia 76ers 116-93 in Regular Season at AT&T Center (San Antonio, TX).",SportsDataVerse hoopR / ESPN NBA Hidden API
137,301114001,2010-2011,2010,Regular Season,Regular Season,2010-11-14,Sunday,19:00,Minnesota Timberwolves,Atlanta Hawks,Atlanta Hawks,Minnesota Timberwolves,111,105,216,6,Atlanta Hawks,Minnesota Timberwolves,Home Win (111-105),111-105,Four 12-minute quarters / 48 min,No,State Farm Arena,"Atlanta, GA",12027,Atlanta Hawks team victory,"Atlanta Hawks defeated Minnesota Timberwolves 111-105 in Regular Season at State Farm Arena (Atlanta, GA).",SportsDataVerse hoopR / ESPN NBA Hidden API
138,301114023,2010-2011,2010,Regular Season,Regular Season,2010-11-14,Sunday,23:00,Detroit Pistons,Sacramento Kings,Sacramento Kings,Detroit Pistons,94,100,194,6,Detroit Pistons,Sacramento Kings,Away Win (100-94),94-100,Four 12-minute quarters / 48 min,No,FedExForum,"Memphis, TN",0,Detroit Pistons team victory,"Detroit Pistons defeated Sacramento Kings 100-94 in Regular Season at FedExForum (Memphis, TN).",SportsDataVerse hoopR / ESPN NBA Hidden API
139,301114025,2010-2011,2010,Regular Season,Regular Season,2010-11-14,Sunday,00:00,San Antonio Spurs,Oklahoma City Thunder,Oklahoma City Thunder,San Antonio Spurs,104,117,221,13,San Antonio Spurs,Oklahoma City Thunder,Away Win (117-104),104-117,Four 12-minute quarters / 48 min,No,Spectrum Center,"Charlotte, NC",0,San Antonio Spurs team victory,"San Antonio Spurs defeated Oklahoma City Thunder 117-104 in Regular Season at Spectrum Center (Charlotte, NC).",SportsDataVerse hoopR / ESPN NBA Hidden API
140,301114018,2010-2011,2010,Regular Season,Regular Season,2010-11-14,Sunday,00:30,Houston Rockets,New York Knicks,New York Knicks,Houston Rockets,96,104,200,8,Houston Rockets,New York Knicks,Away Win (104-96),96-104,Four 12-minute quarters / 48 min,No,Vivint Arena,"Salt Lake City, UT",0,Houston Rockets team victory,"Houston Rockets defeated New York Knicks 104-96 in Regular Season at Vivint Arena (Salt Lake City, UT).",SportsDataVerse hoopR / ESPN NBA Hidden API
141,301114013,2010-2011,2010,Regular Season,Regular Season,2010-11-14,Sunday,02:30,Phoenix Suns,Los Angeles Lakers,Los Angeles Lakers,Phoenix Suns,116,121,237,5,Phoenix Suns,Los Angeles Lakers,Away Win (121-116),116-121,Four 12-minute quarters / 48 min,No,crypto.com Arena,"Los Angeles, CA",18997,Phoenix Suns team victory,"Phoenix Suns defeated Los Angeles Lakers 121-116 in Regular Season at crypto.com Arena (Los Angeles, CA).",SportsDataVerse hoopR / ESPN NBA Hidden API
142,301115019,2010-2011,2010,Regular Season,Regular Season,2010-11-15,Monday,00:00,Memphis Grizzlies,Orlando Magic,Orlando Magic,Memphis Grizzlies,89,72,161,17,Orlando Magic,Memphis Grizzlies,Home Win (89-72),89-72,Four 12-minute quarters / 48 min,No,Gainbridge Fieldhouse,"Indianapolis, IN",0,Orlando Magic team victory,"Orlando Magic defeated Memphis Grizzlies 89-72 in Regular Season at Gainbridge Fieldhouse (Indianapolis, IN).",SportsDataVerse hoopR / ESPN NBA Hidden API
143,301115030,2010-2011,2010,Regular Season,Regular Season,2010-11-15,Monday,00:00,Minnesota Timberwolves,Charlotte Bobcats,Charlotte Bobcats,Minnesota Timberwolves,113,110,223,3,Charlotte Bobcats,Minnesota Timberwolves,Home Win (113-110),113-110,Four 12-minute quarters / 48 min,No,Spectrum Center,"Charlotte, NC",11211,Charlotte Bobcats team victory,"Charlotte Bobcats defeated Minnesota Timberwolves 113-110 in Regular Season at Spectrum Center (Charlotte, NC).",SportsDataVerse hoopR / ESPN NBA Hidden API
144,301115006,2010-2011,2010,Regular Season,Regular Season,2010-11-15,Monday,01:30,New Orleans Hornets,Dallas Mavericks,Dallas Mavericks,New Orleans Hornets,98,95,193,3,Dallas Mavericks,New Orleans Hornets,Home Win (98-95),98-95,Four 12-minute quarters / 48 min,No,American Airlines Center,"Dallas, TX",19712,Dallas Mavericks team victory,"Dallas Mavericks defeated New Orleans Hornets 98-95 in Regular Season at American Airlines Center (Dallas, TX).",SportsDataVerse hoopR / ESPN NBA Hidden API
145,301115021,2010-2011,2010,Regular Season,Regular Season,2010-11-15,Monday,02:00,Denver Nuggets,Phoenix Suns,Phoenix Suns,Denver Nuggets,100,94,194,6,Phoenix Suns,Denver Nuggets,Home Win (100-94),100-94,Four 12-minute quarters / 48 min,No,The Palace of Auburn Hills,"Detroit, MI",0,Phoenix Suns team victory,"Phoenix Suns defeated Denver Nuggets 100-94 in Regular Season at The Palace of Auburn Hills (Detroit, MI).",SportsDataVerse hoopR / ESPN NBA Hidden API
146,301115026,2010-2011,2010,Regular Season,Regular Season,2010-11-15,Monday,02:00,Oklahoma City Thunder,Utah Jazz,Utah Jazz,Oklahoma City Thunder,108,115,223,7,Oklahoma City Thunder,Utah Jazz,Away Win (115-108),108-115,Four 12-minute quarters / 48 min,No,Vivint Arena,"Salt Lake City, UT",19911,Oklahoma City Thunder team victory,"Oklahoma City Thunder defeated Utah Jazz 115-108 in Regular Season at Vivint Arena (Salt Lake City, UT).",SportsDataVerse hoopR / ESPN NBA Hidden API
147,301115009,2010-2011,2010,Regular Season,Regular Season,2010-11-15,Monday,03:30,Detroit Pistons,Golden State Warriors,Golden State Warriors,Detroit Pistons,101,97,198,4,Golden State Warriors,Detroit Pistons,Home Win (101-97),101-97,Four 12-minute quarters / 48 min,No,ORACLE Arena,"Oakland, CA",19123,Golden State Warriors team victory,"Golden State Warriors defeated Detroit Pistons 101-97 in Regular Season at ORACLE Arena (Oakland, CA).",SportsDataVerse hoopR / ESPN NBA Hidden API
148,301115012,2010-2011,2010,Regular Season,Regular Season,2010-11-15,Monday,03:30,New Jersey Nets,LA Clippers,LA Clippers,New Jersey Nets,96,110,206,14,New Jersey Nets,LA Clippers,Away Win (110-96),96-110,Four 12-minute quarters / 48 min,No,Toyota Center (Houston),"Houston, TX",0,New Jersey Nets team victory,"New Jersey Nets defeated LA Clippers 110-96 in Regular Season at Toyota Center (Houston) (Houston, TX).",SportsDataVerse hoopR / ESPN NBA Hidden API
149,301116005,2010-2011,2010,Regular Season,Regular Season,2010-11-16,Tuesday,00:00,Philadelphia 76ers,Cleveland Cavaliers,Cleveland Cavaliers,Philadelphia 76ers,101,93,194,8,Cleveland Cavaliers,Philadelphia 76ers,Home Win (101-93),101-93,Four 12-minute quarters / 48 min,No,Rocket Mortgage FieldHouse,"Cleveland, OH",0,Cleveland Cavaliers team victory,"Cleveland Cavaliers defeated Philadelphia 76ers 101-93 in Regular Season at Rocket Mortgage FieldHouse (Cleveland, OH).",SportsDataVerse hoopR / ESPN NBA Hidden API
150,301116011,2010-2011,2010,Regular Season,Regular Season,2010-11-16,Tuesday,00:00,Atlanta Hawks,Indiana Pacers,Indiana Pacers,Atlanta Hawks,92,102,194,10,Atlanta Hawks,Indiana Pacers,Away Win (102-92),92-102,Four 12-minute quarters / 48 min,No,State Farm Arena,"Atlanta, GA",0,Atlanta Hawks team victory,"Atlanta Hawks defeated Indiana Pacers 102-92 in Regular Season at State Farm Arena (Atlanta, GA).",SportsDataVerse hoopR / ESPN NBA Hidden API
151,301116027,2010-2011,2010,Regular Season,Regular Season,2010-11-16,Tuesday,00:00,Toronto Raptors,Washington Wizards,Washington Wizards,Toronto Raptors,109,94,203,15,Washington Wizards,Toronto Raptors,Home Win (109-94),109-94,Four 12-minute quarters / 48 min,No,Sleep Train Arena,"Sacramento, CA",0,Washington Wizards team victory,"Washington Wizards defeated Toronto Raptors 109-94 in Regular Season at Sleep Train Arena (Sacramento, CA).",SportsDataVerse hoopR / ESPN NBA Hidden API
152,301116015,2010-2011,2010,Regular Season,Regular Season,2010-11-16,Tuesday,01:00,Los Angeles Lakers,Milwaukee Bucks,Milwaukee Bucks,Los Angeles Lakers,107,118,225,11,Los Angeles Lakers,Milwaukee Bucks,Away Win (118-107),107-118,Four 12-minute quarters / 48 min,No,Target Center,"Minneapolis, MN",0,Los Angeles Lakers team victory,"Los Angeles Lakers defeated Milwaukee Bucks 118-107 in Regular Season at Target Center (Minneapolis, MN).",SportsDataVerse hoopR / ESPN NBA Hidden API
153,301116029,2010-2011,2010,Regular Season,Regular Season,2010-11-16,Tuesday,01:00,Portland Trail Blazers,Memphis Grizzlies,Memphis Grizzlies,Portland Trail Blazers,99,100,199,1,Portland Trail Blazers,Memphis Grizzlies,Away Win (100-99),99-100,Four 12-minute quarters / 48 min,No,FedExForum,"Memphis, TN",0,Portland Trail Blazers team victory,"Portland Trail Blazers defeated Memphis Grizzlies 100-99 in Regular Season at FedExForum (Memphis, TN).",SportsDataVerse hoopR / ESPN NBA Hidden API
154,301116010,2010-2011,2010,Regular Season,Regular Season,2010-11-16,Tuesday,01:30,Chicago Bulls,Houston Rockets,Houston Rockets,Chicago Bulls,92,95,187,3,Chicago Bulls,Houston Rockets,Away Win (95-92),92-95,Four 12-minute quarters / 48 min,No,Smoothie King Center,"New Orleans, LA",0,Chicago Bulls team victory,"Chicago Bulls defeated Houston Rockets 95-92 in Regular Season at Smoothie King Center (New Orleans, LA).",SportsDataVerse hoopR / ESPN NBA Hidden API
155,301116007,2010-2011,2010,Regular Season,Regular Season,2010-11-16,Tuesday,02:00,New York Knicks,Denver Nuggets,Denver Nuggets,New York Knicks,120,118,238,2,Denver Nuggets,New York Knicks,Home Win (120-118),120-118,Four 12-minute quarters / 48 min,No,Ball Arena,"Denver, CO",0,Denver Nuggets team victory,"Denver Nuggets defeated New York Knicks 120-118 in Regular Season at Ball Arena (Denver, CO).",SportsDataVerse hoopR / ESPN NBA Hidden API
156,301117014,2010-2011,2010,Regular Season,Regular Season,2010-11-17,Wednesday,00:00,Phoenix Suns,Miami Heat,Miami Heat,Phoenix Suns,123,96,219,27,Miami Heat,Phoenix Suns,Home Win (123-96),123-96,Four 12-minute quarters / 48 min,No,Kaseya Center,"Miami, FL",19600,Miami Heat team victory,"Miami Heat defeated Phoenix Suns 123-96 in Regular Season at Kaseya Center (Miami, FL).",SportsDataVerse hoopR / ESPN NBA Hidden API
157,301117020,2010-2011,2010,Regular Season,Regular Season,2010-11-17,Wednesday,00:00,Toronto Raptors,Philadelphia 76ers,Philadelphia 76ers,Toronto Raptors,86,94,180,8,Toronto Raptors,Philadelphia 76ers,Away Win (94-86),86-94,Four 12-minute quarters / 48 min,No,Wells Fargo Center,"Philadelphia, PA",12164,Toronto Raptors team victory,"Toronto Raptors defeated Philadelphia 76ers 94-86 in Regular Season at Wells Fargo Center (Philadelphia, PA).",SportsDataVerse hoopR / ESPN NBA Hidden API
158,301117002,2010-2011,2010,Regular Season,Regular Season,2010-11-17,Wednesday,00:30,Washington Wizards,Boston Celtics,Boston Celtics,Washington Wizards,114,83,197,31,Boston Celtics,Washington Wizards,Home Win (114-83),114-83,Four 12-minute quarters / 48 min,No,Amway Center,"Orlando, FL",0,Boston Celtics team victory,"Boston Celtics defeated Washington Wizards 114-83 in Regular Season at Amway Center (Orlando, FL).",SportsDataVerse hoopR / ESPN NBA Hidden API
159,301117008,2010-2011,2010,Regular Season,Regular Season,2010-11-17,Wednesday,00:30,Los Angeles Lakers,Detroit Pistons,Detroit Pistons,Los Angeles Lakers,90,103,193,13,Los Angeles Lakers,Detroit Pistons,Away Win (103-90),90-103,Four 12-minute quarters / 48 min,No,The Palace of Auburn Hills,"Detroit, MI",20284,Los Angeles Lakers team victory,"Los Angeles Lakers defeated Detroit Pistons 103-90 in Regular Season at The Palace of Auburn Hills (Detroit, MI).",SportsDataVerse hoopR / ESPN NBA Hidden API
160,301117003,2010-2011,2010,Regular Season,Regular Season,2010-11-17,Wednesday,01:00,Dallas Mavericks,New Orleans Hornets,New Orleans Hornets,Dallas Mavericks,99,97,196,2,New Orleans Hornets,Dallas Mavericks,Home Win (99-97),99-97,Four 12-minute quarters / 48 min,No,Smoothie King Center,"New Orleans, LA",13828,New Orleans Hornets team victory,"New Orleans Hornets defeated Dallas Mavericks 99-97 in Regular Season at Smoothie King Center (New Orleans, LA).",SportsDataVerse hoopR / ESPN NBA Hidden API
161,301117016,2010-2011,2010,Regular Season,Regular Season,2010-11-17,Wednesday,01:00,LA Clippers,Minnesota Timberwolves,Minnesota Timberwolves,LA Clippers,113,111,224,2,Minnesota Timberwolves,LA Clippers,Home Win (113-111),113-111,Four 12-minute quarters / 48 min,No,Target Center,"Minneapolis, MN",12909,Minnesota Timberwolves team victory,"Minnesota Timberwolves defeated LA Clippers 113-111 in Regular Season at Target Center (Minneapolis, MN).",SportsDataVerse hoopR / ESPN NBA Hidden API
162,301117025,2010-2011,2010,Regular Season,Regular Season,2010-11-17,Wednesday,01:00,Houston Rockets,Oklahoma City Thunder,Oklahoma City Thunder,Houston Rockets,116,99,215,17,Oklahoma City Thunder,Houston Rockets,Home Win (116-99),116-99,Four 12-minute quarters / 48 min,No,Paycom Center,"Oklahoma City, OK",17509,Oklahoma City Thunder team victory,"Oklahoma City Thunder defeated Houston Rockets 116-99 in Regular Season at Paycom Center (Oklahoma City, OK).",SportsDataVerse hoopR / ESPN NBA Hidden API
163,301117026,2010-2011,2010,Regular Season,Regular Season,2010-11-17,Wednesday,02:00,New Jersey Nets,Utah Jazz,Utah Jazz,New Jersey Nets,98,88,186,10,Utah Jazz,New Jersey Nets,Home Win (98-88),98-88,Four 12-minute quarters / 48 min,No,Vivint Arena,"Salt Lake City, UT",19314,Utah Jazz team victory,"Utah Jazz defeated New Jersey Nets 98-88 in Regular Season at Vivint Arena (Salt Lake City, UT).",SportsDataVerse hoopR / ESPN NBA Hidden API
164,301117024,2010-2011,2010,Regular Season,Regular Season,2010-11-17,Wednesday,02:30,Chicago Bulls,San Antonio Spurs,San Antonio Spurs,Chicago Bulls,103,94,197,9,San Antonio Spurs,Chicago Bulls,Home Win (103-94),103-94,Four 12-minute quarters / 48 min,No,AT&T Center,"San Antonio, TX",18581,San Antonio Spurs team victory,"San Antonio Spurs defeated Chicago Bulls 103-94 in Regular Season at AT&T Center (San Antonio, TX).",SportsDataVerse hoopR / ESPN NBA Hidden API
165,301117023,2010-2011,2010,Regular Season,Regular Season,2010-11-17,Wednesday,03:00,New York Knicks,Sacramento Kings,Sacramento Kings,New York Knicks,106,113,219,7,New York Knicks,Sacramento Kings,Away Win (113-106),106-113,Four 12-minute quarters / 48 min,No,Sleep Train Arena,"Sacramento, CA",12817,New York Knicks team victory,"New York Knicks defeated Sacramento Kings 113-106 in Regular Season at Sleep Train Arena (Sacramento, CA).",SportsDataVerse hoopR / ESPN NBA Hidden API
166,301118011,2010-2011,2010,Regular Season,Regular Season,2010-11-18,Thursday,00:00,LA Clippers,Indiana Pacers,Indiana Pacers,LA Clippers,107,80,187,27,Indiana Pacers,LA Clippers,Home Win (107-80),107-80,Four 12-minute quarters / 48 min,No,Gainbridge Fieldhouse,"Indianapolis, IN",0,Indiana Pacers team victory,"Indiana Pacers defeated LA Clippers 107-80 in Regular Season at Gainbridge Fieldhouse (Indianapolis, IN).",SportsDataVerse hoopR / ESPN NBA Hidden API
167,301118019,2010-2011,2010,Regular Season,Regular Season,2010-11-18,Thursday,01:00,Phoenix Suns,Orlando Magic,Orlando Magic,Phoenix Suns,105,89,194,16,Orlando Magic,Phoenix Suns,Home Win (105-89),105-89,Four 12-minute quarters / 48 min,No,Amway Center,"Orlando, FL",18846,Orlando Magic team victory,"Orlando Magic defeated Phoenix Suns 105-89 in Regular Season at Amway Center (Orlando, FL).",SportsDataVerse hoopR / ESPN NBA Hidden API
168,301118022,2010-2011,2010,Regular Season,Regular Season,2010-11-18,Thursday,03:30,Denver Nuggets,Portland Trail Blazers,Portland Trail Blazers,Denver Nuggets,86,83,169,3,Portland Trail Blazers,Denver Nuggets,Home Win (86-83),86-83,Four 12-minute quarters / 48 min,No,Moda Center,"Portland, OR",20532,Portland Trail Blazers team victory,"Portland Trail Blazers defeated Denver Nuggets 86-83 in Regular Season at Moda Center (Portland, OR).",SportsDataVerse hoopR / ESPN NBA Hidden API
169,301119002,2010-2011,2010,Regular Season,Regular Season,2010-11-19,Friday,00:00,Oklahoma City Thunder,Boston Celtics,Boston Celtics,Oklahoma City Thunder,84,89,173,5,Oklahoma City Thunder,Boston Celtics,Away Win (89-84),84-89,Four 12-minute quarters / 48 min,No,TD Garden,"Boston, MA",18624,Oklahoma City Thunder team victory,"Oklahoma City Thunder defeated Boston Celtics 89-84 in Regular Season at TD Garden (Boston, MA).",SportsDataVerse hoopR / ESPN NBA Hidden API
170,301119020,2010-2011,2010,Regular Season,Regular Season,2010-11-19,Friday,00:00,Milwaukee Bucks,Philadelphia 76ers,Philadelphia 76ers,Milwaukee Bucks,90,79,169,11,Philadelphia 76ers,Milwaukee Bucks,Home Win (90-79),90-79,Four 12-minute quarters / 48 min,No,Wells Fargo Center,"Philadelphia, PA",14557,Philadelphia 76ers team victory,"Philadelphia 76ers defeated Milwaukee Bucks 90-79 in Regular Season at Wells Fargo Center (Philadelphia, PA).",SportsDataVerse hoopR / ESPN NBA Hidden API
171,301119027,2010-2011,2010,Regular Season,Regular Season,2010-11-19,Friday,00:00,Memphis Grizzlies,Washington Wizards,Washington Wizards,Memphis Grizzlies,89,86,175,3,Washington Wizards,Memphis Grizzlies,Home Win (89-86),89-86,Four 12-minute quarters / 48 min,No,Ball Arena,"Denver, CO",0,Washington Wizards team victory,"Washington Wizards defeated Memphis Grizzlies 89-86 in Regular Season at Ball Arena (Denver, CO).",SportsDataVerse hoopR / ESPN NBA Hidden API
172,301119028,2010-2011,2010,Regular Season,Regular Season,2010-11-19,Friday,00:00,Houston Rockets,Toronto Raptors,Toronto Raptors,Houston Rockets,106,96,202,10,Toronto Raptors,Houston Rockets,Home Win (106-96),106-96,Four 12-minute quarters / 48 min,No,Scotiabank Arena,"Toronto, ON",16322,Toronto Raptors team victory,"Toronto Raptors defeated Houston Rockets 106-96 in Regular Season at Scotiabank Arena (Toronto, ON).",SportsDataVerse hoopR / ESPN NBA Hidden API
173,301119014,2010-2011,2010,Regular Season,Regular Season,2010-11-19,Friday,00:30,Charlotte Bobcats,Miami Heat,Miami Heat,Charlotte Bobcats,95,87,182,8,Miami Heat,Charlotte Bobcats,Home Win (95-87),95-87,Four 12-minute quarters / 48 min,No,Kaseya Center,"Miami, FL",19600,Miami Heat team victory,"Miami Heat defeated Charlotte Bobcats 95-87 in Regular Season at Kaseya Center (Miami, FL).",SportsDataVerse hoopR / ESPN NBA Hidden API
174,301119003,2010-2011,2010,Regular Season,Regular Season,2010-11-19,Friday,01:00,Cleveland Cavaliers,New Orleans Hornets,New Orleans Hornets,Cleveland Cavaliers,108,101,209,7,New Orleans Hornets,Cleveland Cavaliers,Home Win (108-101),108-101,Four 12-minute quarters / 48 min,No,Amway Center,"Orlando, FL",0,New Orleans Hornets team victory,"New Orleans Hornets defeated Cleveland Cavaliers 108-101 in Regular Season at Amway Center (Orlando, FL).",SportsDataVerse hoopR / ESPN NBA Hidden API
175,301119016,2010-2011,2010,Regular Season,Regular Season,2010-11-19,Friday,01:00,Los Angeles Lakers,Minnesota Timberwolves,Minnesota Timberwolves,Los Angeles Lakers,95,112,207,17,Los Angeles Lakers,Minnesota Timberwolves,Away Win (112-95),95-112,Four 12-minute quarters / 48 min,No,FedExForum,"Memphis, TN",0,Los Angeles Lakers team victory,"Los Angeles Lakers defeated Minnesota Timberwolves 112-95 in Regular Season at FedExForum (Memphis, TN).",SportsDataVerse hoopR / ESPN NBA Hidden API
176,301119026,2010-2011,2010,Regular Season,Regular Season,2010-11-19,Friday,02:00,San Antonio Spurs,Utah Jazz,Utah Jazz,San Antonio Spurs,82,94,176,12,San Antonio Spurs,Utah Jazz,Away Win (94-82),82-94,Four 12-minute quarters / 48 min,No,Vivint Arena,"Salt Lake City, UT",19332,San Antonio Spurs team victory,"San Antonio Spurs defeated Utah Jazz 94-82 in Regular Season at Vivint Arena (Salt Lake City, UT).",SportsDataVerse hoopR / ESPN NBA Hidden API
177,301119006,2010-2011,2010,Regular Season,Regular Season,2010-11-19,Friday,02:30,Chicago Bulls,Dallas Mavericks,Dallas Mavericks,Chicago Bulls,83,88,171,5,Chicago Bulls,Dallas Mavericks,Away Win (88-83),83-88,Four 12-minute quarters / 48 min,No,State Farm Arena,"Atlanta, GA",0,Chicago Bulls team victory,"Chicago Bulls defeated Dallas Mavericks 88-83 in Regular Season at State Farm Arena (Atlanta, GA).",SportsDataVerse hoopR / ESPN NBA Hidden API
178,301119023,2010-2011,2010,Regular Season,Regular Season,2010-11-19,Friday,03:00,New Jersey Nets,Sacramento Kings,Sacramento Kings,New Jersey Nets,86,81,167,5,Sacramento Kings,New Jersey Nets,Home Win (86-81),86-81,Four 12-minute quarters / 48 min,No,AT&T Center,"San Antonio, TX",0,Sacramento Kings team victory,"Sacramento Kings defeated New Jersey Nets 86-81 in Regular Season at AT&T Center (San Antonio, TX).",SportsDataVerse hoopR / ESPN NBA Hidden API
179,301119009,2010-2011,2010,Regular Season,Regular Season,2010-11-19,Friday,03:30,New York Knicks,Golden State Warriors,Golden State Warriors,New York Knicks,119,125,244,6,New York Knicks,Golden State Warriors,Away Win (125-119),119-125,Four 12-minute quarters / 48 min,No,ORACLE Arena,"Oakland, CA",19808,New York Knicks team victory,"New York Knicks defeated Golden State Warriors 125-119 in Regular Season at ORACLE Arena (Oakland, CA).",SportsDataVerse hoopR / ESPN NBA Hidden API
180,301120011,2010-2011,2010,Regular Season,Regular Season,2010-11-20,Saturday,00:00,Orlando Magic,Indiana Pacers,Indiana Pacers,Orlando Magic,86,90,176,4,Orlando Magic,Indiana Pacers,Away Win (90-86),86-90,Four 12-minute quarters / 48 min,No,The Palace of Auburn Hills,"Detroit, MI",0,Orlando Magic team victory,"Orlando Magic defeated Indiana Pacers 90-86 in Regular Season at The Palace of Auburn Hills (Detroit, MI).",SportsDataVerse hoopR / ESPN NBA Hidden API
181,301120030,2010-2011,2010,Regular Season,Regular Season,2010-11-20,Saturday,00:00,Phoenix Suns,Charlotte Bobcats,Charlotte Bobcats,Phoenix Suns,123,105,228,18,Charlotte Bobcats,Phoenix Suns,Home Win (123-105),123-105,Four 12-minute quarters / 48 min,No,Spectrum Center,"Charlotte, NC",16428,Charlotte Bobcats team victory,"Charlotte Bobcats defeated Phoenix Suns 123-105 in Regular Season at Spectrum Center (Charlotte, NC).",SportsDataVerse hoopR / ESPN NBA Hidden API
182,301120001,2010-2011,2010,Regular Season,Regular Season,2010-11-20,Saturday,01:00,Dallas Mavericks,Atlanta Hawks,Atlanta Hawks,Dallas Mavericks,93,98,191,5,Dallas Mavericks,Atlanta Hawks,Away Win (98-93),93-98,Four 12-minute quarters / 48 min,No,State Farm Arena,"Atlanta, GA",14143,Dallas Mavericks team victory,"Dallas Mavericks defeated Atlanta Hawks 98-93 in Regular Season at State Farm Arena (Atlanta, GA).",SportsDataVerse hoopR / ESPN NBA Hidden API
183,301120029,2010-2011,2010,Regular Season,Regular Season,2010-11-20,Saturday,01:00,Miami Heat,Memphis Grizzlies,Memphis Grizzlies,Miami Heat,97,95,192,2,Memphis Grizzlies,Miami Heat,Home Win (97-95),97-95,Four 12-minute quarters / 48 min,No,FedExForum,"Memphis, TN",18119,Memphis Grizzlies team victory,"Memphis Grizzlies defeated Miami Heat 97-95 in Regular Season at FedExForum (Memphis, TN).",SportsDataVerse hoopR / ESPN NBA Hidden API
184,301120015,2010-2011,2010,Regular Season,Regular Season,2010-11-20,Saturday,01:30,Oklahoma City Thunder,Milwaukee Bucks,Milwaukee Bucks,Oklahoma City Thunder,81,82,163,1,Oklahoma City Thunder,Milwaukee Bucks,Away Win (82-81),81-82,Four 12-minute quarters / 48 min,No,BMO Harris Bradley Center,"Milwaukee, WI",16975,Oklahoma City Thunder team victory,"Oklahoma City Thunder defeated Milwaukee Bucks 82-81 in Regular Season at BMO Harris Bradley Center (Milwaukee, WI).",SportsDataVerse hoopR / ESPN NBA Hidden API
185,301120024,2010-2011,2010,Regular Season,Regular Season,2010-11-20,Saturday,01:30,Cleveland Cavaliers,San Antonio Spurs,San Antonio Spurs,Cleveland Cavaliers,116,92,208,24,San Antonio Spurs,Cleveland Cavaliers,Home Win (116-92),116-92,Four 12-minute quarters / 48 min,No,AT&T Center,"San Antonio, TX",16982,San Antonio Spurs team victory,"San Antonio Spurs defeated Cleveland Cavaliers 116-92 in Regular Season at AT&T Center (San Antonio, TX).",SportsDataVerse hoopR / ESPN NBA Hidden API
186,301120007,2010-2011,2010,Regular Season,Regular Season,2010-11-20,Saturday,02:00,New Jersey Nets,Denver Nuggets,Denver Nuggets,New Jersey Nets,107,103,210,4,Denver Nuggets,New Jersey Nets,Home Win (107-103),107-103,Four 12-minute quarters / 48 min,No,Ball Arena,"Denver, CO",16396,Denver Nuggets team victory,"Denver Nuggets defeated New Jersey Nets 107-103 in Regular Season at Ball Arena (Denver, CO).",SportsDataVerse hoopR / ESPN NBA Hidden API
187,301120022,2010-2011,2010,Regular Season,Regular Season,2010-11-20,Saturday,03:00,Utah Jazz,Portland Trail Blazers,Portland Trail Blazers,Utah Jazz,94,103,197,9,Utah Jazz,Portland Trail Blazers,Away Win (103-94),94-103,Four 12-minute quarters / 48 min,No,Moda Center,"Portland, OR",20533,Utah Jazz team victory,"Utah Jazz defeated Portland Trail Blazers 103-94 in Regular Season at Moda Center (Portland, OR).",SportsDataVerse hoopR / ESPN NBA Hidden API
188,301120012,2010-2011,2010,Regular Season,Regular Season,2010-11-20,Saturday,03:30,New York Knicks,LA Clippers,LA Clippers,New York Knicks,115,124,239,9,New York Knicks,LA Clippers,Away Win (124-115),115-124,Four 12-minute quarters / 48 min,No,crypto.com Arena,"Los Angeles, CA",18325,New York Knicks team victory,"New York Knicks defeated LA Clippers 124-115 in Regular Season at crypto.com Arena (Los Angeles, CA).",SportsDataVerse hoopR / ESPN NBA Hidden API
189,301121028,2010-2011,2010,Regular Season,Regular Season,2010-11-21,Sunday,18:00,Boston Celtics,Toronto Raptors,Toronto Raptors,Boston Celtics,102,101,203,1,Toronto Raptors,Boston Celtics,Home Win (102-101),102-101,Four 12-minute quarters / 48 min,No,Scotiabank Arena,"Toronto, ON",17707,Toronto Raptors team victory,"Toronto Raptors defeated Boston Celtics 102-101 in Regular Season at Scotiabank Arena (Toronto, ON).",SportsDataVerse hoopR / ESPN NBA Hidden API
190,301121008,2010-2011,2010,Regular Season,Regular Season,2010-11-21,Sunday,23:00,Washington Wizards,Detroit Pistons,Detroit Pistons,Washington Wizards,115,110,225,5,Detroit Pistons,Washington Wizards,Home Win (115-110),115-110,Four 12-minute quarters / 48 min,Yes,The Palace of Auburn Hills,"Detroit, MI",13241,Detroit Pistons team victory (OT),"Detroit Pistons edged Washington Wizards 115-110 in overtime at The Palace of Auburn Hills (Detroit, MI).",SportsDataVerse hoopR / ESPN NBA Hidden API
191,301121023,2010-2011,2010,Regular Season,Regular Season,2010-11-21,Sunday,23:00,New Orleans Hornets,Sacramento Kings,Sacramento Kings,New Orleans Hornets,71,75,146,4,New Orleans Hornets,Sacramento Kings,Away Win (75-71),71-75,Four 12-minute quarters / 48 min,No,Sleep Train Arena,"Sacramento, CA",0,New Orleans Hornets team victory,"New Orleans Hornets defeated Sacramento Kings 75-71 in Regular Season at Sleep Train Arena (Sacramento, CA).",SportsDataVerse hoopR / ESPN NBA Hidden API
192,301121013,2010-2011,2010,Regular Season,Regular Season,2010-11-21,Sunday,02:30,Golden State Warriors,Los Angeles Lakers,Los Angeles Lakers,Golden State Warriors,117,89,206,28,Los Angeles Lakers,Golden State Warriors,Home Win (117-89),117-89,Four 12-minute quarters / 48 min,No,crypto.com Arena,"Los Angeles, CA",18997,Los Angeles Lakers team victory,"Los Angeles Lakers defeated Golden State Warriors 117-89 in Regular Season at crypto.com Arena (Los Angeles, CA).",SportsDataVerse hoopR / ESPN NBA Hidden API
193,301122001,2010-2011,2010,Regular Season,Regular Season,2010-11-22,Monday,00:00,Boston Celtics,Atlanta Hawks,Atlanta Hawks,Boston Celtics,76,99,175,23,Boston Celtics,Atlanta Hawks,Away Win (99-76),76-99,Four 12-minute quarters / 48 min,No,State Farm Arena,"Atlanta, GA",14476,Boston Celtics team victory,"Boston Celtics defeated Atlanta Hawks 99-76 in Regular Season at State Farm Arena (Atlanta, GA).",SportsDataVerse hoopR / ESPN NBA Hidden API
194,301122014,2010-2011,2010,Regular Season,Regular Season,2010-11-22,Monday,00:30,Indiana Pacers,Miami Heat,Miami Heat,Indiana Pacers,77,93,170,16,Indiana Pacers,Miami Heat,Away Win (93-77),77-93,Four 12-minute quarters / 48 min,No,Kaseya Center,"Miami, FL",0,Indiana Pacers team victory,"Indiana Pacers defeated Miami Heat 93-77 in Regular Season at Kaseya Center (Miami, FL).",SportsDataVerse hoopR / ESPN NBA Hidden API
195,301122025,2010-2011,2010,Regular Season,Regular Season,2010-11-22,Monday,01:00,Minnesota Timberwolves,Oklahoma City Thunder,Oklahoma City Thunder,Minnesota Timberwolves,117,107,224,10,Oklahoma City Thunder,Minnesota Timberwolves,Home Win (117-107),117-107,Four 12-minute quarters / 48 min,No,Paycom Center,"Oklahoma City, OK",17653,Oklahoma City Thunder team victory,"Oklahoma City Thunder defeated Minnesota Timberwolves 117-107 in Regular Season at Paycom Center (Oklahoma City, OK).",SportsDataVerse hoopR / ESPN NBA Hidden API
196,301122010,2010-2011,2010,Regular Season,Regular Season,2010-11-22,Monday,01:30,Phoenix Suns,Houston Rockets,Houston Rockets,Phoenix Suns,116,123,239,7,Phoenix Suns,Houston Rockets,Away Win (123-116),116-123,Four 12-minute quarters / 48 min,No,Toyota Center (Houston),"Houston, TX",15080,Phoenix Suns team victory,"Phoenix Suns defeated Houston Rockets 123-116 in Regular Season at Toyota Center (Houston) (Houston, TX).",SportsDataVerse hoopR / ESPN NBA Hidden API
197,301122024,2010-2011,2010,Regular Season,Regular Season,2010-11-22,Monday,01:30,Orlando Magic,San Antonio Spurs,San Antonio Spurs,Orlando Magic,106,97,203,9,San Antonio Spurs,Orlando Magic,Home Win (106-97),106-97,Four 12-minute quarters / 48 min,No,AT&T Center,"San Antonio, TX",17627,San Antonio Spurs team victory,"San Antonio Spurs defeated Orlando Magic 106-97 in Regular Season at AT&T Center (San Antonio, TX).",SportsDataVerse hoopR / ESPN NBA Hidden API
198,301122026,2010-2011,2010,Regular Season,Regular Season,2010-11-22,Monday,02:00,Sacramento Kings,Utah Jazz,Utah Jazz,Sacramento Kings,94,83,177,11,Utah Jazz,Sacramento Kings,Home Win (94-83),94-83,Four 12-minute quarters / 48 min,No,Vivint Arena,"Salt Lake City, UT",18698,Utah Jazz team victory,"Utah Jazz defeated Sacramento Kings 94-83 in Regular Season at Vivint Arena (Salt Lake City, UT).",SportsDataVerse hoopR / ESPN NBA Hidden API
199,301122009,2010-2011,2010,Regular Season,Regular Season,2010-11-22,Monday,03:30,Denver Nuggets,Golden State Warriors,Golden State Warriors,Denver Nuggets,89,106,195,17,Denver Nuggets,Golden State Warriors,Away Win (106-89),89-106,Four 12-minute quarters / 48 min,No,ORACLE Arena,"Oakland, CA",18023,Denver Nuggets team victory,"Denver Nuggets defeated Golden State Warriors 106-89 in Regular Season at ORACLE Arena (Oakland, CA).",SportsDataVerse hoopR / ESPN NBA Hidden API
200,301122012,2010-2011,2010,Regular Season,Regular Season,2010-11-22,Monday,03:30,New Orleans Hornets,LA Clippers,LA Clippers,New Orleans Hornets,99,95,194,4,LA Clippers,New Orleans Hornets,Home Win (99-95),99-95,Four 12-minute quarters / 48 min,No,crypto.com Arena,"Los Angeles, CA",17787,LA Clippers team victory,"LA Clippers defeated New Orleans Hornets 99-95 in Regular Season at crypto.com Arena (Los Angeles, CA).",SportsDataVerse hoopR / ESPN NBA Hidden API
201,301123011,2010-2011,2010,Regular Season,Regular Season,2010-11-23,Tuesday,00:00,Cleveland Cavaliers,Indiana Pacers,Indiana Pacers,Cleveland Cavaliers,100,89,189,11,Indiana Pacers,Cleveland Cavaliers,Home Win (100-89),100-89,Four 12-minute quarters / 48 min,No,Rocket Mortgage FieldHouse,"Cleveland, OH",0,Indiana Pacers team victory,"Indiana Pacers defeated Cleveland Cavaliers 100-89 in Regular Season at Rocket Mortgage FieldHouse (Cleveland, OH).",SportsDataVerse hoopR / ESPN NBA Hidden API
202,301123017,2010-2011,2010,Regular Season,Regular Season,2010-11-23,Tuesday,00:00,Atlanta Hawks,New Jersey Nets,New Jersey Nets,Atlanta Hawks,107,101,208,6,New Jersey Nets,Atlanta Hawks,Home Win (107-101),107-101,Four 12-minute quarters / 48 min,Yes,BMO Harris Bradley Center,"Milwaukee, WI",0,New Jersey Nets team victory (OT),"New Jersey Nets edged Atlanta Hawks 107-101 in overtime at BMO Harris Bradley Center (Milwaukee, WI).",SportsDataVerse hoopR / ESPN NBA Hidden API
203,301123027,2010-2011,2010,Regular Season,Regular Season,2010-11-23,Tuesday,00:00,Philadelphia 76ers,Washington Wizards,Washington Wizards,Philadelphia 76ers,116,114,230,2,Washington Wizards,Philadelphia 76ers,Home Win (116-114),116-114,Four 12-minute quarters / 48 min,Yes,Capital One Arena,"Washington, DC",16197,Washington Wizards team victory (OT),"Washington Wizards edged Philadelphia 76ers 116-114 in overtime at Capital One Arena (Washington, DC).",SportsDataVerse hoopR / ESPN NBA Hidden API
204,301123018,2010-2011,2010,Regular Season,Regular Season,2010-11-23,Tuesday,00:30,Charlotte Bobcats,New York Knicks,New York Knicks,Charlotte Bobcats,110,107,217,3,New York Knicks,Charlotte Bobcats,Home Win (110-107),110-107,Four 12-minute quarters / 48 min,No,Madison Square Garden,"New York, NY",19763,New York Knicks team victory,"New York Knicks defeated Charlotte Bobcats 110-107 in Regular Season at Madison Square Garden (New York, NY).",SportsDataVerse hoopR / ESPN NBA Hidden API
205,301123006,2010-2011,2010,Regular Season,Regular Season,2010-11-23,Tuesday,01:30,Detroit Pistons,Dallas Mavericks,Dallas Mavericks,Detroit Pistons,88,84,172,4,Dallas Mavericks,Detroit Pistons,Home Win (88-84),88-84,Four 12-minute quarters / 48 min,No,Toyota Center (Houston),"Houston, TX",0,Dallas Mavericks team victory,"Dallas Mavericks defeated Detroit Pistons 88-84 in Regular Season at Toyota Center (Houston) (Houston, TX).",SportsDataVerse hoopR / ESPN NBA Hidden API
206,301123013,2010-2011,2010,Regular Season,Regular Season,2010-11-23,Tuesday,03:30,Chicago Bulls,Los Angeles Lakers,Los Angeles Lakers,Chicago Bulls,98,91,189,7,Los Angeles Lakers,Chicago Bulls,Home Win (98-91),98-91,Four 12-minute quarters / 48 min,No,Paycom Center,"Oklahoma City, OK",0,Los Angeles Lakers team victory,"Los Angeles Lakers defeated Chicago Bulls 98-91 in Regular Season at Paycom Center (Oklahoma City, OK).",SportsDataVerse hoopR / ESPN NBA Hidden API
207,301124005,2010-2011,2010,Regular Season,Regular Season,2010-11-24,Wednesday,00:00,Milwaukee Bucks,Cleveland Cavaliers,Cleveland Cavaliers,Milwaukee Bucks,83,81,164,2,Cleveland Cavaliers,Milwaukee Bucks,Home Win (83-81),83-81,Four 12-minute quarters / 48 min,No,Rocket Mortgage FieldHouse,"Cleveland, OH",20562,Cleveland Cavaliers team victory,"Cleveland Cavaliers defeated Milwaukee Bucks 83-81 in Regular Season at Rocket Mortgage FieldHouse (Cleveland, OH).",SportsDataVerse hoopR / ESPN NBA Hidden API
208,301124028,2010-2011,2010,Regular Season,Regular Season,2010-11-24,Wednesday,00:00,Philadelphia 76ers,Toronto Raptors,Toronto Raptors,Philadelphia 76ers,106,90,196,16,Toronto Raptors,Philadelphia 76ers,Home Win (106-90),106-90,Four 12-minute quarters / 48 min,No,Scotiabank Arena,"Toronto, ON",15012,Toronto Raptors team victory,"Toronto Raptors defeated Philadelphia 76ers 106-90 in Regular Season at Scotiabank Arena (Toronto, ON).",SportsDataVerse hoopR / ESPN NBA Hidden API
209,301124030,2010-2011,2010,Regular Season,Regular Season,2010-11-24,Wednesday,00:00,New York Knicks,Charlotte Bobcats,Charlotte Bobcats,New York Knicks,95,99,194,4,New York Knicks,Charlotte Bobcats,Away Win (99-95),95-99,Four 12-minute quarters / 48 min,No,Spectrum Center,"Charlotte, NC",15588,New York Knicks team victory,"New York Knicks defeated Charlotte Bobcats 99-95 in Regular Season at Spectrum Center (Charlotte, NC).",SportsDataVerse hoopR / ESPN NBA Hidden API
210,301124002,2010-2011,2010,Regular Season,Regular Season,2010-11-24,Wednesday,00:30,New Jersey Nets,Boston Celtics,Boston Celtics,New Jersey Nets,89,83,172,6,Boston Celtics,New Jersey Nets,Home Win (89-83),89-83,Four 12-minute quarters / 48 min,No,TD Garden,"Boston, MA",18624,Boston Celtics team victory,"Boston Celtics defeated New Jersey Nets 89-83 in Regular Season at TD Garden (Boston, MA).",SportsDataVerse hoopR / ESPN NBA Hidden API
211,301124019,2010-2011,2010,Regular Season,Regular Season,2010-11-24,Wednesday,00:30,Miami Heat,Orlando Magic,Orlando Magic,Miami Heat,104,95,199,9,Orlando Magic,Miami Heat,Home Win (104-95),104-95,Four 12-minute quarters / 48 min,No,Amway Center,"Orlando, FL",18936,Orlando Magic team victory,"Orlando Magic defeated Miami Heat 104-95 in Regular Season at Amway Center (Orlando, FL).",SportsDataVerse hoopR / ESPN NBA Hidden API
212,301124016,2010-2011,2010,Regular Season,Regular Season,2010-11-24,Wednesday,01:00,San Antonio Spurs,Minnesota Timberwolves,Minnesota Timberwolves,San Antonio Spurs,109,113,222,4,San Antonio Spurs,Minnesota Timberwolves,Away Win (113-109),109-113,Four 12-minute quarters / 48 min,Yes,Target Center,"Minneapolis, MN",13117,San Antonio Spurs team victory (OT),"San Antonio Spurs edged Minnesota Timberwolves 113-109 in overtime at Target Center (Minneapolis, MN).",SportsDataVerse hoopR / ESPN NBA Hidden API
213,301124025,2010-2011,2010,Regular Season,Regular Season,2010-11-24,Wednesday,01:00,Dallas Mavericks,Oklahoma City Thunder,Oklahoma City Thunder,Dallas Mavericks,103,111,214,8,Dallas Mavericks,Oklahoma City Thunder,Away Win (111-103),103-111,Four 12-minute quarters / 48 min,No,Paycom Center,"Oklahoma City, OK",18203,Dallas Mavericks team victory,"Dallas Mavericks defeated Oklahoma City Thunder 111-103 in Regular Season at Paycom Center (Oklahoma City, OK).",SportsDataVerse hoopR / ESPN NBA Hidden API
214,301124029,2010-2011,2010,Regular Season,Regular Season,2010-11-24,Wednesday,01:00,Detroit Pistons,Memphis Grizzlies,Memphis Grizzlies,Detroit Pistons,105,84,189,21,Memphis Grizzlies,Detroit Pistons,Home Win (105-84),105-84,Four 12-minute quarters / 48 min,No,FedExForum,"Memphis, TN",11283,Memphis Grizzlies team victory,"Memphis Grizzlies defeated Detroit Pistons 105-84 in Regular Season at FedExForum (Memphis, TN).",SportsDataVerse hoopR / ESPN NBA Hidden API
215,301124010,2010-2011,2010,Regular Season,Regular Season,2010-11-24,Wednesday,01:30,Golden State Warriors,Houston Rockets,Houston Rockets,Golden State Warriors,111,101,212,10,Houston Rockets,Golden State Warriors,Home Win (111-101),111-101,Four 12-minute quarters / 48 min,No,Toyota Center (Houston),"Houston, TX",13847,Houston Rockets team victory,"Houston Rockets defeated Golden State Warriors 111-101 in Regular Season at Toyota Center (Houston) (Houston, TX).",SportsDataVerse hoopR / ESPN NBA Hidden API
216,301124021,2010-2011,2010,Regular Season,Regular Season,2010-11-24,Wednesday,02:00,Chicago Bulls,Phoenix Suns,Phoenix Suns,Chicago Bulls,115,123,238,8,Chicago Bulls,Phoenix Suns,Away Win (123-115),115-123,Four 12-minute quarters / 48 min,Yes,Footprint Center,"Phoenix, AZ",18422,Chicago Bulls team victory (OT),"Chicago Bulls edged Phoenix Suns 123-115 in overtime at Footprint Center (Phoenix, AZ).",SportsDataVerse hoopR / ESPN NBA Hidden API
217,301124026,2010-2011,2010,Regular Season,Regular Season,2010-11-24,Wednesday,02:00,New Orleans Hornets,Utah Jazz,Utah Jazz,New Orleans Hornets,105,87,192,18,Utah Jazz,New Orleans Hornets,Home Win (105-87),105-87,Four 12-minute quarters / 48 min,No,Vivint Arena,"Salt Lake City, UT",19237,Utah Jazz team victory,"Utah Jazz defeated New Orleans Hornets 105-87 in Regular Season at Vivint Arena (Salt Lake City, UT).",SportsDataVerse hoopR / ESPN NBA Hidden API
218,301125001,2010-2011,2010,Regular Season,Regular Season,2010-11-25,Thursday,01:00,Washington Wizards,Atlanta Hawks,Atlanta Hawks,Washington Wizards,116,96,212,20,Atlanta Hawks,Washington Wizards,Home Win (116-96),116-96,Four 12-minute quarters / 48 min,No,State Farm Arena,"Atlanta, GA",15042,Atlanta Hawks team victory,"Atlanta Hawks defeated Washington Wizards 116-96 in Regular Season at State Farm Arena (Atlanta, GA).",SportsDataVerse hoopR / ESPN NBA Hidden API
219,301125012,2010-2011,2010,Regular Season,Regular Season,2010-11-25,Thursday,03:30,Sacramento Kings,LA Clippers,LA Clippers,Sacramento Kings,100,82,182,18,LA Clippers,Sacramento Kings,Home Win (100-82),100-82,Four 12-minute quarters / 48 min,No,Footprint Center,"Phoenix, AZ",0,LA Clippers team victory,"LA Clippers defeated Sacramento Kings 100-82 in Regular Season at Footprint Center (Phoenix, AZ).",SportsDataVerse hoopR / ESPN NBA Hidden API
220,301126019,2010-2011,2010,Regular Season,Regular Season,2010-11-26,Friday,00:00,Cleveland Cavaliers,Orlando Magic,Orlando Magic,Cleveland Cavaliers,111,100,211,11,Orlando Magic,Cleveland Cavaliers,Home Win (111-100),111-100,Four 12-minute quarters / 48 min,No,Amway Center,"Orlando, FL",0,Orlando Magic team victory,"Orlando Magic defeated Cleveland Cavaliers 111-100 in Regular Season at Amway Center (Orlando, FL).",SportsDataVerse hoopR / ESPN NBA Hidden API
221,301126030,2010-2011,2010,Regular Season,Regular Season,2010-11-26,Friday,00:00,Houston Rockets,Charlotte Bobcats,Charlotte Bobcats,Houston Rockets,99,89,188,10,Charlotte Bobcats,Houston Rockets,Home Win (99-89),99-89,Four 12-minute quarters / 48 min,No,Spectrum Center,"Charlotte, NC",16473,Charlotte Bobcats team victory,"Charlotte Bobcats defeated Houston Rockets 99-89 in Regular Season at Spectrum Center (Charlotte, NC).",SportsDataVerse hoopR / ESPN NBA Hidden API
222,301126002,2010-2011,2010,Regular Season,Regular Season,2010-11-26,Friday,00:30,Toronto Raptors,Boston Celtics,Boston Celtics,Toronto Raptors,110,101,211,9,Boston Celtics,Toronto Raptors,Home Win (110-101),110-101,Four 12-minute quarters / 48 min,No,TD Garden,"Boston, MA",18624,Boston Celtics team victory,"Boston Celtics defeated Toronto Raptors 110-101 in Regular Season at TD Garden (Boston, MA).",SportsDataVerse hoopR / ESPN NBA Hidden API
223,301126008,2010-2011,2010,Regular Season,Regular Season,2010-11-26,Friday,00:30,Milwaukee Bucks,Detroit Pistons,Detroit Pistons,Milwaukee Bucks,103,89,192,14,Detroit Pistons,Milwaukee Bucks,Home Win (103-89),103-89,Four 12-minute quarters / 48 min,No,The Palace of Auburn Hills,"Detroit, MI",17133,Detroit Pistons team victory,"Detroit Pistons defeated Milwaukee Bucks 103-89 in Regular Season at The Palace of Auburn Hills (Detroit, MI).",SportsDataVerse hoopR / ESPN NBA Hidden API
224,301126014,2010-2011,2010,Regular Season,Regular Season,2010-11-26,Friday,00:30,Philadelphia 76ers,Miami Heat,Miami Heat,Philadelphia 76ers,99,90,189,9,Miami Heat,Philadelphia 76ers,Home Win (99-90),99-90,Four 12-minute quarters / 48 min,No,Kaseya Center,"Miami, FL",19800,Miami Heat team victory,"Miami Heat defeated Philadelphia 76ers 99-90 in Regular Season at Kaseya Center (Miami, FL).",SportsDataVerse hoopR / ESPN NBA Hidden API
225,301126011,2010-2011,2010,Regular Season,Regular Season,2010-11-26,Friday,01:00,Oklahoma City Thunder,Indiana Pacers,Indiana Pacers,Oklahoma City Thunder,106,110,216,4,Oklahoma City Thunder,Indiana Pacers,Away Win (110-106),106-110,Four 12-minute quarters / 48 min,Yes,Gainbridge Fieldhouse,"Indianapolis, IN",17155,Oklahoma City Thunder team victory (OT),"Oklahoma City Thunder edged Indiana Pacers 110-106 in overtime at Gainbridge Fieldhouse (Indianapolis, IN).",SportsDataVerse hoopR / ESPN NBA Hidden API
226,301126024,2010-2011,2010,Regular Season,Regular Season,2010-11-26,Friday,01:30,Dallas Mavericks,San Antonio Spurs,San Antonio Spurs,Dallas Mavericks,94,103,197,9,Dallas Mavericks,San Antonio Spurs,Away Win (103-94),94-103,Four 12-minute quarters / 48 min,No,Toyota Center (Houston),"Houston, TX",0,Dallas Mavericks team victory,"Dallas Mavericks defeated San Antonio Spurs 103-94 in Regular Season at Toyota Center (Houston) (Houston, TX).",SportsDataVerse hoopR / ESPN NBA Hidden API
227,301126007,2010-2011,2010,Regular Season,Regular Season,2010-11-26,Friday,02:00,Chicago Bulls,Denver Nuggets,Denver Nuggets,Chicago Bulls,98,97,195,1,Denver Nuggets,Chicago Bulls,Home Win (98-97),98-97,Four 12-minute quarters / 48 min,No,Ball Arena,"Denver, CO",19155,Denver Nuggets team victory,"Denver Nuggets defeated Chicago Bulls 98-97 in Regular Season at Ball Arena (Denver, CO).",SportsDataVerse hoopR / ESPN NBA Hidden API
228,301126021,2010-2011,2010,Regular Season,Regular Season,2010-11-26,Friday,02:00,LA Clippers,Phoenix Suns,Phoenix Suns,LA Clippers,116,108,224,8,Phoenix Suns,LA Clippers,Home Win (116-108),116-108,Four 12-minute quarters / 48 min,No,Footprint Center,"Phoenix, AZ",17486,Phoenix Suns team victory,"Phoenix Suns defeated LA Clippers 116-108 in Regular Season at Footprint Center (Phoenix, AZ).",SportsDataVerse hoopR / ESPN NBA Hidden API
229,301126026,2010-2011,2010,Regular Season,Regular Season,2010-11-26,Friday,02:00,Los Angeles Lakers,Utah Jazz,Utah Jazz,Los Angeles Lakers,102,96,198,6,Utah Jazz,Los Angeles Lakers,Home Win (102-96),102-96,Four 12-minute quarters / 48 min,No,ORACLE Arena,"Oakland, CA",0,Utah Jazz team victory,"Utah Jazz defeated Los Angeles Lakers 102-96 in Regular Season at ORACLE Arena (Oakland, CA).",SportsDataVerse hoopR / ESPN NBA Hidden API
230,301126029,2010-2011,2010,Regular Season,Regular Season,2010-11-26,Friday,02:30,Golden State Warriors,Memphis Grizzlies,Memphis Grizzlies,Golden State Warriors,116,111,227,5,Memphis Grizzlies,Golden State Warriors,Home Win (116-111),116-111,Four 12-minute quarters / 48 min,No,FedExForum,"Memphis, TN",14753,Memphis Grizzlies team victory,"Memphis Grizzlies defeated Golden State Warriors 116-111 in Regular Season at FedExForum (Memphis, TN).",SportsDataVerse hoopR / ESPN NBA Hidden API
231,301126022,2010-2011,2010,Regular Season,Regular Season,2010-11-26,Friday,03:00,New Orleans Hornets,Portland Trail Blazers,Portland Trail Blazers,New Orleans Hornets,78,97,175,19,New Orleans Hornets,Portland Trail Blazers,Away Win (97-78),78-97,Four 12-minute quarters / 48 min,No,Moda Center,"Portland, OR",20452,New Orleans Hornets team victory,"New Orleans Hornets defeated Portland Trail Blazers 97-78 in Regular Season at Moda Center (Portland, OR).",SportsDataVerse hoopR / ESPN NBA Hidden API
232,301127018,2010-2011,2010,Regular Season,Regular Season,2010-11-27,Saturday,18:00,Atlanta Hawks,New York Knicks,New York Knicks,Atlanta Hawks,90,99,189,9,Atlanta Hawks,New York Knicks,Away Win (99-90),90-99,Four 12-minute quarters / 48 min,No,Madison Square Garden,"New York, NY",19763,Atlanta Hawks team victory,"Atlanta Hawks defeated New York Knicks 99-90 in Regular Season at Madison Square Garden (New York, NY).",SportsDataVerse hoopR / ESPN NBA Hidden API
233,301127027,2010-2011,2010,Regular Season,Regular Season,2010-11-27,Saturday,00:00,Orlando Magic,Washington Wizards,Washington Wizards,Orlando Magic,99,100,199,1,Orlando Magic,Washington Wizards,Away Win (100-99),99-100,Four 12-minute quarters / 48 min,No,Capital One Arena,"Washington, DC",16435,Orlando Magic team victory,"Orlando Magic defeated Washington Wizards 100-99 in Regular Season at Capital One Arena (Washington, DC).",SportsDataVerse hoopR / ESPN NBA Hidden API
234,301127005,2010-2011,2010,Regular Season,Regular Season,2010-11-27,Saturday,00:30,Memphis Grizzlies,Cleveland Cavaliers,Cleveland Cavaliers,Memphis Grizzlies,92,86,178,6,Cleveland Cavaliers,Memphis Grizzlies,Home Win (92-86),92-86,Four 12-minute quarters / 48 min,No,Rocket Mortgage FieldHouse,"Cleveland, OH",20562,Cleveland Cavaliers team victory,"Cleveland Cavaliers defeated Memphis Grizzlies 92-86 in Regular Season at Rocket Mortgage FieldHouse (Cleveland, OH).",SportsDataVerse hoopR / ESPN NBA Hidden API
235,301127020,2010-2011,2010,Regular Season,Regular Season,2010-11-27,Saturday,00:30,New Jersey Nets,Philadelphia 76ers,Philadelphia 76ers,New Jersey Nets,102,86,188,16,Philadelphia 76ers,New Jersey Nets,Home Win (102-86),102-86,Four 12-minute quarters / 48 min,No,Wells Fargo Center,"Philadelphia, PA",14150,Philadelphia 76ers team victory,"Philadelphia 76ers defeated New Jersey Nets 102-86 in Regular Season at Wells Fargo Center (Philadelphia, PA).",SportsDataVerse hoopR / ESPN NBA Hidden API
236,301127016,2010-2011,2010,Regular Season,Regular Season,2010-11-27,Saturday,01:00,Golden State Warriors,Minnesota Timberwolves,Minnesota Timberwolves,Golden State Warriors,94,104,198,10,Golden State Warriors,Minnesota Timberwolves,Away Win (104-94),94-104,Four 12-minute quarters / 48 min,No,Target Center,"Minneapolis, MN",14440,Golden State Warriors team victory,"Golden State Warriors defeated Minnesota Timberwolves 104-94 in Regular Season at Target Center (Minneapolis, MN).",SportsDataVerse hoopR / ESPN NBA Hidden API
237,301127006,2010-2011,2010,Regular Season,Regular Season,2010-11-27,Saturday,01:30,Miami Heat,Dallas Mavericks,Dallas Mavericks,Miami Heat,106,95,201,11,Dallas Mavericks,Miami Heat,Home Win (106-95),106-95,Four 12-minute quarters / 48 min,No,American Airlines Center,"Dallas, TX",20536,Dallas Mavericks team victory,"Dallas Mavericks defeated Miami Heat 106-95 in Regular Season at American Airlines Center (Dallas, TX).",SportsDataVerse hoopR / ESPN NBA Hidden API
238,301127015,2010-2011,2010,Regular Season,Regular Season,2010-11-27,Saturday,02:00,Charlotte Bobcats,Milwaukee Bucks,Milwaukee Bucks,Charlotte Bobcats,104,101,205,3,Milwaukee Bucks,Charlotte Bobcats,Home Win (104-101),104-101,Four 12-minute quarters / 48 min,No,BMO Harris Bradley Center,"Milwaukee, WI",15213,Milwaukee Bucks team victory,"Milwaukee Bucks defeated Charlotte Bobcats 104-101 in Regular Season at BMO Harris Bradley Center (Milwaukee, WI).",SportsDataVerse hoopR / ESPN NBA Hidden API
239,301127023,2010-2011,2010,Regular Season,Regular Season,2010-11-27,Saturday,03:00,Chicago Bulls,Sacramento Kings,Sacramento Kings,Chicago Bulls,85,96,181,11,Chicago Bulls,Sacramento Kings,Away Win (96-85),85-96,Four 12-minute quarters / 48 min,No,Sleep Train Arena,"Sacramento, CA",0,Chicago Bulls team victory,"Chicago Bulls defeated Sacramento Kings 96-85 in Regular Season at Sleep Train Arena (Sacramento, CA).",SportsDataVerse hoopR / ESPN NBA Hidden API
240,301128028,2010-2011,2010,Regular Season,Regular Season,2010-11-28,Sunday,18:00,Atlanta Hawks,Toronto Raptors,Toronto Raptors,Atlanta Hawks,78,96,174,18,Atlanta Hawks,Toronto Raptors,Away Win (96-78),78-96,Four 12-minute quarters / 48 min,No,Scotiabank Arena,"Toronto, ON",17302,Atlanta Hawks team victory,"Atlanta Hawks defeated Toronto Raptors 96-78 in Regular Season at Scotiabank Arena (Toronto, ON).",SportsDataVerse hoopR / ESPN NBA Hidden API
241,301128008,2010-2011,2010,Regular Season,Regular Season,2010-11-28,Sunday,18:30,New York Knicks,Detroit Pistons,Detroit Pistons,New York Knicks,116,125,241,9,New York Knicks,Detroit Pistons,Away Win (125-116),116-125,Four 12-minute quarters / 48 min,Yes,The Palace of Auburn Hills,"Detroit, MI",16015,New York Knicks team victory (OT),"New York Knicks edged Detroit Pistons 125-116 in overtime at The Palace of Auburn Hills (Detroit, MI).",SportsDataVerse hoopR / ESPN NBA Hidden API
242,301128003,2010-2011,2010,Regular Season,Regular Season,2010-11-28,Sunday,20:00,San Antonio Spurs,New Orleans Hornets,New Orleans Hornets,San Antonio Spurs,95,109,204,14,San Antonio Spurs,New Orleans Hornets,Away Win (109-95),95-109,Four 12-minute quarters / 48 min,No,Smoothie King Center,"New Orleans, LA",12449,San Antonio Spurs team victory,"San Antonio Spurs defeated New Orleans Hornets 109-95 in Regular Season at Smoothie King Center (New Orleans, LA).",SportsDataVerse hoopR / ESPN NBA Hidden API
243,301128012,2010-2011,2010,Regular Season,Regular Season,2010-11-28,Sunday,20:30,Utah Jazz,LA Clippers,LA Clippers,Utah Jazz,97,109,206,12,Utah Jazz,LA Clippers,Away Win (109-97),97-109,Four 12-minute quarters / 48 min,No,crypto.com Arena,"Los Angeles, CA",17085,Utah Jazz team victory,"Utah Jazz defeated LA Clippers 109-97 in Regular Season at crypto.com Arena (Los Angeles, CA).",SportsDataVerse hoopR / ESPN NBA Hidden API
244,301128010,2010-2011,2010,Regular Season,Regular Season,2010-11-28,Sunday,00:00,Oklahoma City Thunder,Houston Rockets,Houston Rockets,Oklahoma City Thunder,99,98,197,1,Houston Rockets,Oklahoma City Thunder,Home Win (99-98),99-98,Four 12-minute quarters / 48 min,No,Toyota Center (Houston),"Houston, TX",15316,Houston Rockets team victory,"Houston Rockets defeated Oklahoma City Thunder 99-98 in Regular Season at Toyota Center (Houston) (Houston, TX).",SportsDataVerse hoopR / ESPN NBA Hidden API
245,301128017,2010-2011,2010,Regular Season,Regular Season,2010-11-28,Sunday,00:00,Portland Trail Blazers,New Jersey Nets,New Jersey Nets,Portland Trail Blazers,98,96,194,2,New Jersey Nets,Portland Trail Blazers,Home Win (98-96),98-96,Four 12-minute quarters / 48 min,No,Prudential Center,"Newark, NJ",11448,New Jersey Nets team victory,"New Jersey Nets defeated Portland Trail Blazers 98-96 in Regular Season at Prudential Center (Newark, NJ).",SportsDataVerse hoopR / ESPN NBA Hidden API
246,301128007,2010-2011,2010,Regular Season,Regular Season,2010-11-28,Sunday,01:00,Phoenix Suns,Denver Nuggets,Denver Nuggets,Phoenix Suns,138,133,271,5,Denver Nuggets,Phoenix Suns,Home Win (138-133),138-133,Four 12-minute quarters / 48 min,No,Ball Arena,"Denver, CO",15482,Denver Nuggets team victory,"Denver Nuggets defeated Phoenix Suns 138-133 in Regular Season at Ball Arena (Denver, CO).",SportsDataVerse hoopR / ESPN NBA Hidden API
247,301128013,2010-2011,2010,Regular Season,Regular Season,2010-11-28,Sunday,02:30,Indiana Pacers,Los Angeles Lakers,Los Angeles Lakers,Indiana Pacers,92,95,187,3,Indiana Pacers,Los Angeles Lakers,Away Win (95-92),92-95,Four 12-minute quarters / 48 min,No,crypto.com Arena,"Los Angeles, CA",18997,Indiana Pacers team victory,"Indiana Pacers defeated Los Angeles Lakers 95-92 in Regular Season at crypto.com Arena (Los Angeles, CA).",SportsDataVerse hoopR / ESPN NBA Hidden API
248,301129014,2010-2011,2010,Regular Season,Regular Season,2010-11-29,Monday,00:30,Washington Wizards,Miami Heat,Miami Heat,Washington Wizards,105,94,199,11,Miami Heat,Washington Wizards,Home Win (105-94),105-94,Four 12-minute quarters / 48 min,No,Amway Center,"Orlando, FL",0,Miami Heat team victory,"Miami Heat defeated Washington Wizards 105-94 in Regular Season at Amway Center (Orlando, FL).",SportsDataVerse hoopR / ESPN NBA Hidden API
249,301129025,2010-2011,2010,Regular Season,Regular Season,2010-11-29,Monday,01:00,New Orleans Hornets,Oklahoma City Thunder,Oklahoma City Thunder,New Orleans Hornets,95,89,184,6,Oklahoma City Thunder,New Orleans Hornets,Home Win (95-89),95-89,Four 12-minute quarters / 48 min,No,Paycom Center,"Oklahoma City, OK",18203,Oklahoma City Thunder team victory,"Oklahoma City Thunder defeated New Orleans Hornets 95-89 in Regular Season at Paycom Center (Oklahoma City, OK).",SportsDataVerse hoopR / ESPN NBA Hidden API
250,301129006,2010-2011,2010,Regular Season,Regular Season,2010-11-29,Monday,01:30,Houston Rockets,Dallas Mavericks,Dallas Mavericks,Houston Rockets,101,91,192,10,Dallas Mavericks,Houston Rockets,Home Win (101-91),101-91,Four 12-minute quarters / 48 min,No,American Airlines Center,"Dallas, TX",19435,Dallas Mavericks team victory,"Dallas Mavericks defeated Houston Rockets 101-91 in Regular Season at American Airlines Center (Dallas, TX).",SportsDataVerse hoopR / ESPN NBA Hidden API
251,301129026,2010-2011,2010,Regular Season,Regular Season,2010-11-29,Monday,02:00,Milwaukee Bucks,Utah Jazz,Utah Jazz,Milwaukee Bucks,109,88,197,21,Utah Jazz,Milwaukee Bucks,Home Win (109-88),109-88,Four 12-minute quarters / 48 min,No,Vivint Arena,"Salt Lake City, UT",18497,Utah Jazz team victory,"Utah Jazz defeated Milwaukee Bucks 109-88 in Regular Season at Vivint Arena (Salt Lake City, UT).",SportsDataVerse hoopR / ESPN NBA Hidden API
252,301130005,2010-2011,2010,Regular Season,Regular Season,2010-11-30,Tuesday,00:00,Boston Celtics,Cleveland Cavaliers,Cleveland Cavaliers,Boston Celtics,87,106,193,19,Boston Celtics,Cleveland Cavaliers,Away Win (106-87),87-106,Four 12-minute quarters / 48 min,No,Capital One Arena,"Washington, DC",0,Boston Celtics team victory,"Boston Celtics defeated Cleveland Cavaliers 106-87 in Regular Season at Capital One Arena (Washington, DC).",SportsDataVerse hoopR / ESPN NBA Hidden API
253,301130019,2010-2011,2010,Regular Season,Regular Season,2010-11-30,Tuesday,00:00,Detroit Pistons,Orlando Magic,Orlando Magic,Detroit Pistons,90,79,169,11,Orlando Magic,Detroit Pistons,Home Win (90-79),90-79,Four 12-minute quarters / 48 min,No,Amway Center,"Orlando, FL",18846,Orlando Magic team victory,"Orlando Magic defeated Detroit Pistons 90-79 in Regular Season at Amway Center (Orlando, FL).",SportsDataVerse hoopR / ESPN NBA Hidden API
254,301130020,2010-2011,2010,Regular Season,Regular Season,2010-11-30,Tuesday,00:00,Portland Trail Blazers,Philadelphia 76ers,Philadelphia 76ers,Portland Trail Blazers,88,79,167,9,Philadelphia 76ers,Portland Trail Blazers,Home Win (88-79),88-79,Four 12-minute quarters / 48 min,No,Wells Fargo Center,"Philadelphia, PA",0,Philadelphia 76ers team victory,"Philadelphia 76ers defeated Portland Trail Blazers 88-79 in Regular Season at Wells Fargo Center (Philadelphia, PA).",SportsDataVerse hoopR / ESPN NBA Hidden API
255,301130018,2010-2011,2010,Regular Season,Regular Season,2010-11-30,Tuesday,00:30,New Jersey Nets,New York Knicks,New York Knicks,New Jersey Nets,111,100,211,11,New York Knicks,New Jersey Nets,Home Win (111-100),111-100,Four 12-minute quarters / 48 min,No,Madison Square Garden,"New York, NY",0,New York Knicks team victory,"New York Knicks defeated New Jersey Nets 111-100 in Regular Season at Madison Square Garden (New York, NY).",SportsDataVerse hoopR / ESPN NBA Hidden API
256,301130029,2010-2011,2010,Regular Season,Regular Season,2010-11-30,Tuesday,01:00,Los Angeles Lakers,Memphis Grizzlies,Memphis Grizzlies,Los Angeles Lakers,98,96,194,2,Memphis Grizzlies,Los Angeles Lakers,Home Win (98-96),98-96,Four 12-minute quarters / 48 min,No,FedExForum,"Memphis, TN",17638,Memphis Grizzlies team victory,"Memphis Grizzlies defeated Los Angeles Lakers 98-96 in Regular Season at FedExForum (Memphis, TN).",SportsDataVerse hoopR / ESPN NBA Hidden API
257,301130023,2010-2011,2010,Regular Season,Regular Season,2010-11-30,Tuesday,03:00,Indiana Pacers,Sacramento Kings,Sacramento Kings,Indiana Pacers,98,107,205,9,Indiana Pacers,Sacramento Kings,Away Win (107-98),98-107,Four 12-minute quarters / 48 min,No,Sleep Train Arena,"Sacramento, CA",0,Indiana Pacers team victory,"Indiana Pacers defeated Sacramento Kings 107-98 in Regular Season at Sleep Train Arena (Sacramento, CA).",SportsDataVerse hoopR / ESPN NBA Hidden API
258,301130009,2010-2011,2010,Regular Season,Regular Season,2010-11-30,Tuesday,03:30,San Antonio Spurs,Golden State Warriors,Golden State Warriors,San Antonio Spurs,98,118,216,20,San Antonio Spurs,Golden State Warriors,Away Win (118-98),98-118,Four 12-minute quarters / 48 min,No,ORACLE Arena,"Oakland, CA",0,San Antonio Spurs team victory,"San Antonio Spurs defeated Golden State Warriors 118-98 in Regular Season at ORACLE Arena (Oakland, CA).",SportsDataVerse hoopR / ESPN NBA Hidden API
259,301201001,2010-2011,2010,Regular Season,Regular Season,2010-12-01,Wednesday,00:00,Memphis Grizzlies,Atlanta Hawks,Atlanta Hawks,Memphis Grizzlies,112,109,221,3,Atlanta Hawks,Memphis Grizzlies,Home Win (112-109),112-109,Four 12-minute quarters / 48 min,No,State Farm Arena,"Atlanta, GA",11513,Atlanta Hawks team victory,"Atlanta Hawks defeated Memphis Grizzlies 112-109 in Regular Season at State Farm Arena (Atlanta, GA).",SportsDataVerse hoopR / ESPN NBA Hidden API
260,301201017,2010-2011,2010,Regular Season,Regular Season,2010-12-01,Wednesday,00:00,Oklahoma City Thunder,New Jersey Nets,New Jersey Nets,Oklahoma City Thunder,120,123,243,3,Oklahoma City Thunder,New Jersey Nets,Away Win (123-120),120-123,Four 12-minute quarters / 48 min,Yes,Prudential Center,"Newark, NJ",13108,Oklahoma City Thunder team victory (OT),"Oklahoma City Thunder edged New Jersey Nets 123-120 in overtime at Prudential Center (Newark, NJ).",SportsDataVerse hoopR / ESPN NBA Hidden API
261,301201028,2010-2011,2010,Regular Season,Regular Season,2010-12-01,Wednesday,00:00,Washington Wizards,Toronto Raptors,Toronto Raptors,Washington Wizards,127,108,235,19,Toronto Raptors,Washington Wizards,Home Win (127-108),127-108,Four 12-minute quarters / 48 min,No,Scotiabank Arena,"Toronto, ON",15209,Toronto Raptors team victory,"Toronto Raptors defeated Washington Wizards 127-108 in Regular Season at Scotiabank Arena (Toronto, ON).",SportsDataVerse hoopR / ESPN NBA Hidden API
262,301201002,2010-2011,2010,Regular Season,Regular Season,2010-12-01,Wednesday,00:30,Portland Trail Blazers,Boston Celtics,Boston Celtics,Portland Trail Blazers,99,95,194,4,Boston Celtics,Portland Trail Blazers,Home Win (99-95),99-95,Four 12-minute quarters / 48 min,No,TD Garden,"Boston, MA",0,Boston Celtics team victory,"Boston Celtics defeated Portland Trail Blazers 99-95 in Regular Season at TD Garden (Boston, MA).",SportsDataVerse hoopR / ESPN NBA Hidden API
263,301201014,2010-2011,2010,Regular Season,Regular Season,2010-12-01,Wednesday,00:30,Detroit Pistons,Miami Heat,Miami Heat,Detroit Pistons,97,72,169,25,Miami Heat,Detroit Pistons,Home Win (97-72),97-72,Four 12-minute quarters / 48 min,No,Kaseya Center,"Miami, FL",19600,Miami Heat team victory,"Miami Heat defeated Detroit Pistons 97-72 in Regular Season at Kaseya Center (Miami, FL).",SportsDataVerse hoopR / ESPN NBA Hidden API
264,301201003,2010-2011,2010,Regular Season,Regular Season,2010-12-01,Wednesday,01:00,Charlotte Bobcats,New Orleans Hornets,New Orleans Hornets,Charlotte Bobcats,89,73,162,16,New Orleans Hornets,Charlotte Bobcats,Home Win (89-73),89-73,Four 12-minute quarters / 48 min,No,Smoothie King Center,"New Orleans, LA",10866,New Orleans Hornets team victory,"New Orleans Hornets defeated Charlotte Bobcats 89-73 in Regular Season at Smoothie King Center (New Orleans, LA).",SportsDataVerse hoopR / ESPN NBA Hidden API
265,301201004,2010-2011,2010,Regular Season,Regular Season,2010-12-01,Wednesday,01:00,Orlando Magic,Chicago Bulls,Chicago Bulls,Orlando Magic,78,107,185,29,Orlando Magic,Chicago Bulls,Away Win (107-78),78-107,Four 12-minute quarters / 48 min,No,United Center,"Chicago, IL",21435,Orlando Magic team victory,"Orlando Magic defeated Chicago Bulls 107-78 in Regular Season at United Center (Chicago, IL).",SportsDataVerse hoopR / ESPN NBA Hidden API
266,301201006,2010-2011,2010,Regular Season,Regular Season,2010-12-01,Wednesday,01:30,Minnesota Timberwolves,Dallas Mavericks,Dallas Mavericks,Minnesota Timberwolves,100,86,186,14,Dallas Mavericks,Minnesota Timberwolves,Home Win (100-86),100-86,Four 12-minute quarters / 48 min,No,American Airlines Center,"Dallas, TX",19567,Dallas Mavericks team victory,"Dallas Mavericks defeated Minnesota Timberwolves 100-86 in Regular Season at American Airlines Center (Dallas, TX).",SportsDataVerse hoopR / ESPN NBA Hidden API
267,301201010,2010-2011,2010,Regular Season,Regular Season,2010-12-01,Wednesday,01:30,Los Angeles Lakers,Houston Rockets,Houston Rockets,Los Angeles Lakers,109,99,208,10,Houston Rockets,Los Angeles Lakers,Home Win (109-99),109-99,Four 12-minute quarters / 48 min,No,Toyota Center (Houston),"Houston, TX",18116,Houston Rockets team victory,"Houston Rockets defeated Los Angeles Lakers 109-99 in Regular Season at Toyota Center (Houston) (Houston, TX).",SportsDataVerse hoopR / ESPN NBA Hidden API
268,301201007,2010-2011,2010,Regular Season,Regular Season,2010-12-01,Wednesday,02:00,Milwaukee Bucks,Denver Nuggets,Denver Nuggets,Milwaukee Bucks,105,94,199,11,Denver Nuggets,Milwaukee Bucks,Home Win (105-94),105-94,Four 12-minute quarters / 48 min,No,Ball Arena,"Denver, CO",0,Denver Nuggets team victory,"Denver Nuggets defeated Milwaukee Bucks 105-94 in Regular Season at Ball Arena (Denver, CO).",SportsDataVerse hoopR / ESPN NBA Hidden API
269,301201026,2010-2011,2010,Regular Season,Regular Season,2010-12-01,Wednesday,02:00,Indiana Pacers,Utah Jazz,Utah Jazz,Indiana Pacers,110,88,198,22,Utah Jazz,Indiana Pacers,Home Win (110-88),110-88,Four 12-minute quarters / 48 min,No,Vivint Arena,"Salt Lake City, UT",18732,Utah Jazz team victory,"Utah Jazz defeated Indiana Pacers 110-88 in Regular Season at Vivint Arena (Salt Lake City, UT).",SportsDataVerse hoopR / ESPN NBA Hidden API
270,301201012,2010-2011,2010,Regular Season,Regular Season,2010-12-01,Wednesday,03:30,San Antonio Spurs,LA Clippers,LA Clippers,San Antonio Spurs,90,85,175,5,LA Clippers,San Antonio Spurs,Home Win (90-85),90-85,Four 12-minute quarters / 48 min,No,crypto.com Arena,"Los Angeles, CA",16584,LA Clippers team victory,"LA Clippers defeated San Antonio Spurs 90-85 in Regular Season at crypto.com Arena (Los Angeles, CA).",SportsDataVerse hoopR / ESPN NBA Hidden API
271,301202005,2010-2011,2010,Regular Season,Regular Season,2010-12-02,Thursday,01:00,Miami Heat,Cleveland Cavaliers,Cleveland Cavaliers,Miami Heat,90,118,208,28,Miami Heat,Cleveland Cavaliers,Away Win (118-90),90-118,Four 12-minute quarters / 48 min,No,Rocket Mortgage FieldHouse,"Cleveland, OH",0,Miami Heat team victory,"Miami Heat defeated Cleveland Cavaliers 118-90 in Regular Season at Rocket Mortgage FieldHouse (Cleveland, OH).",SportsDataVerse hoopR / ESPN NBA Hidden API
272,301202009,2010-2011,2010,Regular Season,Regular Season,2010-12-02,Thursday,03:30,Phoenix Suns,Golden State Warriors,Golden State Warriors,Phoenix Suns,101,107,208,6,Phoenix Suns,Golden State Warriors,Away Win (107-101),101-107,Four 12-minute quarters / 48 min,No,ORACLE Arena,"Oakland, CA",18328,Phoenix Suns team victory,"Phoenix Suns defeated Golden State Warriors 107-101 in Regular Season at ORACLE Arena (Oakland, CA).",SportsDataVerse hoopR / ESPN NBA Hidden API
273,301203027,2010-2011,2010,Regular Season,Regular Season,2010-12-03,Friday,00:00,Portland Trail Blazers,Washington Wizards,Washington Wizards,Portland Trail Blazers,83,79,162,4,Washington Wizards,Portland Trail Blazers,Home Win (83-79),83-79,Four 12-minute quarters / 48 min,No,Capital One Arena,"Washington, DC",13408,Washington Wizards team victory,"Washington Wizards defeated Portland Trail Blazers 83-79 in Regular Season at Capital One Arena (Washington, DC).",SportsDataVerse hoopR / ESPN NBA Hidden API
274,301203028,2010-2011,2010,Regular Season,Regular Season,2010-12-03,Friday,00:00,Oklahoma City Thunder,Toronto Raptors,Toronto Raptors,Oklahoma City Thunder,111,99,210,12,Toronto Raptors,Oklahoma City Thunder,Home Win (111-99),111-99,Four 12-minute quarters / 48 min,No,Scotiabank Arena,"Toronto, ON",16774,Toronto Raptors team victory,"Toronto Raptors defeated Oklahoma City Thunder 111-99 in Regular Season at Scotiabank Arena (Toronto, ON).",SportsDataVerse hoopR / ESPN NBA Hidden API
275,301203030,2010-2011,2010,Regular Season,Regular Season,2010-12-03,Friday,00:00,New Jersey Nets,Charlotte Bobcats,Charlotte Bobcats,New Jersey Nets,91,84,175,7,Charlotte Bobcats,New Jersey Nets,Home Win (91-84),91-84,Four 12-minute quarters / 48 min,Yes,Spectrum Center,"Charlotte, NC",12183,Charlotte Bobcats team victory (OT),"Charlotte Bobcats edged New Jersey Nets 91-84 in overtime at Spectrum Center (Charlotte, NC).",SportsDataVerse hoopR / ESPN NBA Hidden API
276,301203001,2010-2011,2010,Regular Season,Regular Season,2010-12-03,Friday,00:30,Philadelphia 76ers,Atlanta Hawks,Atlanta Hawks,Philadelphia 76ers,93,88,181,5,Atlanta Hawks,Philadelphia 76ers,Home Win (93-88),93-88,Four 12-minute quarters / 48 min,No,State Farm Arena,"Atlanta, GA",12140,Atlanta Hawks team victory,"Atlanta Hawks defeated Philadelphia 76ers 93-88 in Regular Season at State Farm Arena (Atlanta, GA).",SportsDataVerse hoopR / ESPN NBA Hidden API
277,301203008,2010-2011,2010,Regular Season,Regular Season,2010-12-03,Friday,00:30,Orlando Magic,Detroit Pistons,Detroit Pistons,Orlando Magic,91,104,195,13,Orlando Magic,Detroit Pistons,Away Win (104-91),91-104,Four 12-minute quarters / 48 min,No,The Palace of Auburn Hills,"Detroit, MI",18433,Orlando Magic team victory,"Orlando Magic defeated Detroit Pistons 104-91 in Regular Season at The Palace of Auburn Hills (Detroit, MI).",SportsDataVerse hoopR / ESPN NBA Hidden API
278,301203002,2010-2011,2010,Regular Season,Regular Season,2010-12-03,Friday,01:00,Chicago Bulls,Boston Celtics,Boston Celtics,Chicago Bulls,104,92,196,12,Boston Celtics,Chicago Bulls,Home Win (104-92),104-92,Four 12-minute quarters / 48 min,No,BMO Harris Bradley Center,"Milwaukee, WI",0,Boston Celtics team victory,"Boston Celtics defeated Chicago Bulls 104-92 in Regular Season at BMO Harris Bradley Center (Milwaukee, WI).",SportsDataVerse hoopR / ESPN NBA Hidden API
279,301203003,2010-2011,2010,Regular Season,Regular Season,2010-12-03,Friday,01:00,New York Knicks,New Orleans Hornets,New Orleans Hornets,New York Knicks,92,100,192,8,New York Knicks,New Orleans Hornets,Away Win (100-92),92-100,Four 12-minute quarters / 48 min,No,Smoothie King Center,"New Orleans, LA",14020,New York Knicks team victory,"New York Knicks defeated New Orleans Hornets 100-92 in Regular Season at Smoothie King Center (New Orleans, LA).",SportsDataVerse hoopR / ESPN NBA Hidden API
280,301203029,2010-2011,2010,Regular Season,Regular Season,2010-12-03,Friday,01:00,Houston Rockets,Memphis Grizzlies,Memphis Grizzlies,Houston Rockets,111,127,238,16,Houston Rockets,Memphis Grizzlies,Away Win (127-111),111-127,Four 12-minute quarters / 48 min,No,FedExForum,"Memphis, TN",14577,Houston Rockets team victory,"Houston Rockets defeated Memphis Grizzlies 127-111 in Regular Season at FedExForum (Memphis, TN).",SportsDataVerse hoopR / ESPN NBA Hidden API
281,301203024,2010-2011,2010,Regular Season,Regular Season,2010-12-03,Friday,01:30,Minnesota Timberwolves,San Antonio Spurs,San Antonio Spurs,Minnesota Timberwolves,107,101,208,6,San Antonio Spurs,Minnesota Timberwolves,Home Win (107-101),107-101,Four 12-minute quarters / 48 min,No,AT&T Center,"San Antonio, TX",18581,San Antonio Spurs team victory,"San Antonio Spurs defeated Minnesota Timberwolves 107-101 in Regular Season at AT&T Center (San Antonio, TX).",SportsDataVerse hoopR / ESPN NBA Hidden API
282,301203007,2010-2011,2010,Regular Season,Regular Season,2010-12-03,Friday,02:00,LA Clippers,Denver Nuggets,Denver Nuggets,LA Clippers,109,104,213,5,Denver Nuggets,LA Clippers,Home Win (109-104),109-104,Four 12-minute quarters / 48 min,No,Ball Arena,"Denver, CO",0,Denver Nuggets team victory,"Denver Nuggets defeated LA Clippers 109-104 in Regular Season at Ball Arena (Denver, CO).",SportsDataVerse hoopR / ESPN NBA Hidden API
283,301203021,2010-2011,2010,Regular Season,Regular Season,2010-12-03,Friday,02:00,Indiana Pacers,Phoenix Suns,Phoenix Suns,Indiana Pacers,105,97,202,8,Phoenix Suns,Indiana Pacers,Home Win (105-97),105-97,Four 12-minute quarters / 48 min,No,Footprint Center,"Phoenix, AZ",0,Phoenix Suns team victory,"Phoenix Suns defeated Indiana Pacers 105-97 in Regular Season at Footprint Center (Phoenix, AZ).",SportsDataVerse hoopR / ESPN NBA Hidden API
284,301203013,2010-2011,2010,Regular Season,Regular Season,2010-12-03,Friday,03:30,Sacramento Kings,Los Angeles Lakers,Los Angeles Lakers,Sacramento Kings,113,80,193,33,Los Angeles Lakers,Sacramento Kings,Home Win (113-80),113-80,Four 12-minute quarters / 48 min,No,crypto.com Arena,"Los Angeles, CA",18997,Los Angeles Lakers team victory,"Los Angeles Lakers defeated Sacramento Kings 113-80 in Regular Season at crypto.com Arena (Los Angeles, CA).",SportsDataVerse hoopR / ESPN NBA Hidden API
285,301203026,2010-2011,2010,Regular Season,Regular Season,2010-12-03,Friday,03:30,Dallas Mavericks,Utah Jazz,Utah Jazz,Dallas Mavericks,81,93,174,12,Dallas Mavericks,Utah Jazz,Away Win (93-81),81-93,Four 12-minute quarters / 48 min,No,Vivint Arena,"Salt Lake City, UT",19623,Dallas Mavericks team victory,"Dallas Mavericks defeated Utah Jazz 93-81 in Regular Season at Vivint Arena (Salt Lake City, UT).",SportsDataVerse hoopR / ESPN NBA Hidden API
286,301204014,2010-2011,2010,Regular Season,Regular Season,2010-12-04,Saturday,00:30,Atlanta Hawks,Miami Heat,Miami Heat,Atlanta Hawks,89,77,166,12,Miami Heat,Atlanta Hawks,Home Win (89-77),89-77,Four 12-minute quarters / 48 min,No,The Palace of Auburn Hills,"Detroit, MI",0,Miami Heat team victory,"Miami Heat defeated Atlanta Hawks 89-77 in Regular Season at The Palace of Auburn Hills (Detroit, MI).",SportsDataVerse hoopR / ESPN NBA Hidden API
287,301204020,2010-2011,2010,Regular Season,Regular Season,2010-12-04,Saturday,00:30,Charlotte Bobcats,Philadelphia 76ers,Philadelphia 76ers,Charlotte Bobcats,109,91,200,18,Philadelphia 76ers,Charlotte Bobcats,Home Win (109-91),109-91,Four 12-minute quarters / 48 min,No,Wells Fargo Center,"Philadelphia, PA",14611,Philadelphia 76ers team victory,"Philadelphia 76ers defeated Charlotte Bobcats 109-91 in Regular Season at Wells Fargo Center (Philadelphia, PA).",SportsDataVerse hoopR / ESPN NBA Hidden API
288,301204004,2010-2011,2010,Regular Season,Regular Season,2010-12-04,Saturday,01:00,Houston Rockets,Chicago Bulls,Chicago Bulls,Houston Rockets,119,116,235,3,Chicago Bulls,Houston Rockets,Home Win (119-116),119-116,Four 12-minute quarters / 48 min,Yes,United Center,"Chicago, IL",21232,Chicago Bulls team victory (OT),"Chicago Bulls edged Houston Rockets 119-116 in overtime at United Center (Chicago, IL).",SportsDataVerse hoopR / ESPN NBA Hidden API
289,301204016,2010-2011,2010,Regular Season,Regular Season,2010-12-04,Saturday,01:00,Cleveland Cavaliers,Minnesota Timberwolves,Minnesota Timberwolves,Cleveland Cavaliers,129,95,224,34,Minnesota Timberwolves,Cleveland Cavaliers,Home Win (129-95),129-95,Four 12-minute quarters / 48 min,No,Target Center,"Minneapolis, MN",14422,Minnesota Timberwolves team victory,"Minnesota Timberwolves defeated Cleveland Cavaliers 129-95 in Regular Season at Target Center (Minneapolis, MN).",SportsDataVerse hoopR / ESPN NBA Hidden API
290,301204015,2010-2011,2010,Regular Season,Regular Season,2010-12-04,Saturday,01:30,Orlando Magic,Milwaukee Bucks,Milwaukee Bucks,Orlando Magic,96,85,181,11,Milwaukee Bucks,Orlando Magic,Home Win (96-85),96-85,Four 12-minute quarters / 48 min,No,BMO Harris Bradley Center,"Milwaukee, WI",16218,Milwaukee Bucks team victory,"Milwaukee Bucks defeated Orlando Magic 96-85 in Regular Season at BMO Harris Bradley Center (Milwaukee, WI).",SportsDataVerse hoopR / ESPN NBA Hidden API
291,301204023,2010-2011,2010,Regular Season,Regular Season,2010-12-04,Saturday,03:00,Dallas Mavericks,Sacramento Kings,Sacramento Kings,Dallas Mavericks,103,105,208,2,Dallas Mavericks,Sacramento Kings,Away Win (105-103),103-105,Four 12-minute quarters / 48 min,No,Sleep Train Arena,"Sacramento, CA",12900,Dallas Mavericks team victory,"Dallas Mavericks defeated Sacramento Kings 105-103 in Regular Season at Sleep Train Arena (Sacramento, CA).",SportsDataVerse hoopR / ESPN NBA Hidden API
292,301205017,2010-2011,2010,Regular Season,Regular Season,2010-12-05,Sunday,18:00,Boston Celtics,New Jersey Nets,New Jersey Nets,Boston Celtics,75,100,175,25,Boston Celtics,New Jersey Nets,Away Win (100-75),75-100,Four 12-minute quarters / 48 min,No,Prudential Center,"Newark, NJ",0,Boston Celtics team victory,"Boston Celtics defeated New Jersey Nets 100-75 in Regular Season at Prudential Center (Newark, NJ).",SportsDataVerse hoopR / ESPN NBA Hidden API
293,301205028,2010-2011,2010,Regular Season,Regular Season,2010-12-05,Sunday,18:00,New York Knicks,Toronto Raptors,Toronto Raptors,New York Knicks,99,116,215,17,New York Knicks,Toronto Raptors,Away Win (116-99),99-116,Four 12-minute quarters / 48 min,No,Scotiabank Arena,"Toronto, ON",16891,New York Knicks team victory,"New York Knicks defeated Toronto Raptors 116-99 in Regular Season at Scotiabank Arena (Toronto, ON).",SportsDataVerse hoopR / ESPN NBA Hidden API
294,301205008,2010-2011,2010,Regular Season,Regular Season,2010-12-05,Sunday,23:00,Cleveland Cavaliers,Detroit Pistons,Detroit Pistons,Cleveland Cavaliers,102,92,194,10,Detroit Pistons,Cleveland Cavaliers,Home Win (102-92),102-92,Four 12-minute quarters / 48 min,No,The Palace of Auburn Hills,"Detroit, MI",13081,Detroit Pistons team victory,"Detroit Pistons defeated Cleveland Cavaliers 102-92 in Regular Season at The Palace of Auburn Hills (Detroit, MI).",SportsDataVerse hoopR / ESPN NBA Hidden API
295,301205024,2010-2011,2010,Regular Season,Regular Season,2010-12-05,Sunday,00:00,New Orleans Hornets,San Antonio Spurs,San Antonio Spurs,New Orleans Hornets,109,84,193,25,San Antonio Spurs,New Orleans Hornets,Home Win (109-84),109-84,Four 12-minute quarters / 48 min,No,AT&T Center,"San Antonio, TX",17571,San Antonio Spurs team victory,"San Antonio Spurs defeated New Orleans Hornets 109-84 in Regular Season at AT&T Center (San Antonio, TX).",SportsDataVerse hoopR / ESPN NBA Hidden API
296,301205025,2010-2011,2010,Regular Season,Regular Season,2010-12-05,Sunday,00:00,Golden State Warriors,Oklahoma City Thunder,Oklahoma City Thunder,Golden State Warriors,114,109,223,5,Oklahoma City Thunder,Golden State Warriors,Home Win (114-109),114-109,Four 12-minute quarters / 48 min,No,Paycom Center,"Oklahoma City, OK",18203,Oklahoma City Thunder team victory,"Oklahoma City Thunder defeated Golden State Warriors 114-109 in Regular Season at Paycom Center (Oklahoma City, OK).",SportsDataVerse hoopR / ESPN NBA Hidden API
297,301205007,2010-2011,2010,Regular Season,Regular Season,2010-12-05,Sunday,01:00,Memphis Grizzlies,Denver Nuggets,Denver Nuggets,Memphis Grizzlies,108,107,215,1,Denver Nuggets,Memphis Grizzlies,Home Win (108-107),108-107,Four 12-minute quarters / 48 min,No,Ball Arena,"Denver, CO",0,Denver Nuggets team victory,"Denver Nuggets defeated Memphis Grizzlies 108-107 in Regular Season at Ball Arena (Denver, CO).",SportsDataVerse hoopR / ESPN NBA Hidden API
298,301205021,2010-2011,2010,Regular Season,Regular Season,2010-12-05,Sunday,01:00,Washington Wizards,Phoenix Suns,Phoenix Suns,Washington Wizards,125,108,233,17,Phoenix Suns,Washington Wizards,Home Win (125-108),125-108,Four 12-minute quarters / 48 min,No,Footprint Center,"Phoenix, AZ",17430,Phoenix Suns team victory,"Phoenix Suns defeated Washington Wizards 125-108 in Regular Season at Footprint Center (Phoenix, AZ).",SportsDataVerse hoopR / ESPN NBA Hidden API
299,301205022,2010-2011,2010,Regular Season,Regular Season,2010-12-05,Sunday,02:00,LA Clippers,Portland Trail Blazers,Portland Trail Blazers,LA Clippers,100,91,191,9,Portland Trail Blazers,LA Clippers,Home Win (100-91),100-91,Four 12-minute quarters / 48 min,No,Moda Center,"Portland, OR",0,Portland Trail Blazers team victory,"Portland Trail Blazers defeated LA Clippers 100-91 in Regular Season at Moda Center (Portland, OR).",SportsDataVerse hoopR / ESPN NBA Hidden API
300,301206011,2010-2011,2010,Regular Season,Regular Season,2010-12-06,Monday,00:00,Toronto Raptors,Indiana Pacers,Indiana Pacers,Toronto Raptors,124,100,224,24,Indiana Pacers,Toronto Raptors,Home Win (124-100),124-100,Four 12-minute quarters / 48 min,No,Gainbridge Fieldhouse,"Indianapolis, IN",0,Indiana Pacers team victory,"Indiana Pacers defeated Toronto Raptors 124-100 in Regular Season at Gainbridge Fieldhouse (Indianapolis, IN).",SportsDataVerse hoopR / ESPN NBA Hidden API
301,301206019,2010-2011,2010,Regular Season,Regular Season,2010-12-06,Monday,00:00,Atlanta Hawks,Orlando Magic,Orlando Magic,Atlanta Hawks,74,80,154,6,Atlanta Hawks,Orlando Magic,Away Win (80-74),74-80,Four 12-minute quarters / 48 min,No,Amway Center,"Orlando, FL",18846,Atlanta Hawks team victory,"Atlanta Hawks defeated Orlando Magic 80-74 in Regular Season at Amway Center (Orlando, FL).",SportsDataVerse hoopR / ESPN NBA Hidden API
302,301206018,2010-2011,2010,Regular Season,Regular Season,2010-12-06,Monday,00:30,Minnesota Timberwolves,New York Knicks,New York Knicks,Minnesota Timberwolves,121,114,235,7,New York Knicks,Minnesota Timberwolves,Home Win (121-114),121-114,Four 12-minute quarters / 48 min,No,Madison Square Garden,"New York, NY",19763,New York Knicks team victory,"New York Knicks defeated Minnesota Timberwolves 121-114 in Regular Season at Madison Square Garden (New York, NY).",SportsDataVerse hoopR / ESPN NBA Hidden API
303,301206004,2010-2011,2010,Regular Season,Regular Season,2010-12-06,Monday,01:00,Oklahoma City Thunder,Chicago Bulls,Chicago Bulls,Oklahoma City Thunder,99,90,189,9,Chicago Bulls,Oklahoma City Thunder,Home Win (99-90),99-90,Four 12-minute quarters / 48 min,No,United Center,"Chicago, IL",21184,Chicago Bulls team victory,"Chicago Bulls defeated Oklahoma City Thunder 99-90 in Regular Season at United Center (Chicago, IL).",SportsDataVerse hoopR / ESPN NBA Hidden API
304,301206015,2010-2011,2010,Regular Season,Regular Season,2010-12-06,Monday,01:00,Miami Heat,Milwaukee Bucks,Milwaukee Bucks,Miami Heat,78,88,166,10,Miami Heat,Milwaukee Bucks,Away Win (88-78),78-88,Four 12-minute quarters / 48 min,No,BMO Harris Bradley Center,"Milwaukee, WI",17167,Miami Heat team victory,"Miami Heat defeated Milwaukee Bucks 88-78 in Regular Season at BMO Harris Bradley Center (Milwaukee, WI).",SportsDataVerse hoopR / ESPN NBA Hidden API
305,301206026,2010-2011,2010,Regular Season,Regular Season,2010-12-06,Monday,02:00,Memphis Grizzlies,Utah Jazz,Utah Jazz,Memphis Grizzlies,94,85,179,9,Utah Jazz,Memphis Grizzlies,Home Win (94-85),94-85,Four 12-minute quarters / 48 min,No,Vivint Arena,"Salt Lake City, UT",19131,Utah Jazz team victory,"Utah Jazz defeated Memphis Grizzlies 94-85 in Regular Season at Vivint Arena (Salt Lake City, UT).",SportsDataVerse hoopR / ESPN NBA Hidden API
306,301206012,2010-2011,2010,Regular Season,Regular Season,2010-12-06,Monday,03:30,Sacramento Kings,LA Clippers,LA Clippers,Sacramento Kings,98,91,189,7,LA Clippers,Sacramento Kings,Home Win (98-91),98-91,Four 12-minute quarters / 48 min,No,crypto.com Arena,"Los Angeles, CA",14964,LA Clippers team victory,"LA Clippers defeated Sacramento Kings 98-91 in Regular Season at crypto.com Arena (Los Angeles, CA).",SportsDataVerse hoopR / ESPN NBA Hidden API
307,301207001,2010-2011,2010,Regular Season,Regular Season,2010-12-07,Tuesday,00:00,New Jersey Nets,Atlanta Hawks,Atlanta Hawks,New Jersey Nets,116,101,217,15,Atlanta Hawks,New Jersey Nets,Home Win (116-101),116-101,Four 12-minute quarters / 48 min,No,State Farm Arena,"Atlanta, GA",0,Atlanta Hawks team victory,"Atlanta Hawks defeated New Jersey Nets 116-101 in Regular Season at State Farm Arena (Atlanta, GA).",SportsDataVerse hoopR / ESPN NBA Hidden API
308,301207020,2010-2011,2010,Regular Season,Regular Season,2010-12-07,Tuesday,00:00,Cleveland Cavaliers,Philadelphia 76ers,Philadelphia 76ers,Cleveland Cavaliers,117,97,214,20,Philadelphia 76ers,Cleveland Cavaliers,Home Win (117-97),117-97,Four 12-minute quarters / 48 min,No,Wells Fargo Center,"Philadelphia, PA",10662,Philadelphia 76ers team victory,"Philadelphia 76ers defeated Cleveland Cavaliers 117-97 in Regular Season at Wells Fargo Center (Philadelphia, PA).",SportsDataVerse hoopR / ESPN NBA Hidden API
309,301207030,2010-2011,2010,Regular Season,Regular Season,2010-12-07,Tuesday,00:00,Denver Nuggets,Charlotte Bobcats,Charlotte Bobcats,Denver Nuggets,100,98,198,2,Charlotte Bobcats,Denver Nuggets,Home Win (100-98),100-98,Four 12-minute quarters / 48 min,No,Spectrum Center,"Charlotte, NC",15737,Charlotte Bobcats team victory,"Charlotte Bobcats defeated Denver Nuggets 100-98 in Regular Season at Spectrum Center (Charlotte, NC).",SportsDataVerse hoopR / ESPN NBA Hidden API
310,301207006,2010-2011,2010,Regular Season,Regular Season,2010-12-07,Tuesday,01:30,Golden State Warriors,Dallas Mavericks,Dallas Mavericks,Golden State Warriors,105,100,205,5,Dallas Mavericks,Golden State Warriors,Home Win (105-100),105-100,Four 12-minute quarters / 48 min,No,United Center,"Chicago, IL",0,Dallas Mavericks team victory,"Dallas Mavericks defeated Golden State Warriors 105-100 in Regular Season at United Center (Chicago, IL).",SportsDataVerse hoopR / ESPN NBA Hidden API
311,301207010,2010-2011,2010,Regular Season,Regular Season,2010-12-07,Tuesday,01:30,Detroit Pistons,Houston Rockets,Houston Rockets,Detroit Pistons,97,83,180,14,Houston Rockets,Detroit Pistons,Home Win (97-83),97-83,Four 12-minute quarters / 48 min,No,Toyota Center (Houston),"Houston, TX",14798,Houston Rockets team victory,"Houston Rockets defeated Detroit Pistons 97-83 in Regular Season at Toyota Center (Houston) (Houston, TX).",SportsDataVerse hoopR / ESPN NBA Hidden API
312,301207022,2010-2011,2010,Regular Season,Regular Season,2010-12-07,Tuesday,03:00,Phoenix Suns,Portland Trail Blazers,Portland Trail Blazers,Phoenix Suns,106,99,205,7,Portland Trail Blazers,Phoenix Suns,Home Win (106-99),106-99,Four 12-minute quarters / 48 min,No,Moda Center,"Portland, OR",20151,Portland Trail Blazers team victory,"Portland Trail Blazers defeated Phoenix Suns 106-99 in Regular Season at Moda Center (Portland, OR).",SportsDataVerse hoopR / ESPN NBA Hidden API
313,301207013,2010-2011,2010,Regular Season,Regular Season,2010-12-07,Tuesday,03:30,Washington Wizards,Los Angeles Lakers,Los Angeles Lakers,Washington Wizards,115,108,223,7,Los Angeles Lakers,Washington Wizards,Home Win (115-108),115-108,Four 12-minute quarters / 48 min,No,crypto.com Arena,"Los Angeles, CA",18997,Los Angeles Lakers team victory,"Los Angeles Lakers defeated Washington Wizards 115-108 in Regular Season at crypto.com Arena (Los Angeles, CA).",SportsDataVerse hoopR / ESPN NBA Hidden API
314,301208002,2010-2011,2010,Regular Season,Regular Season,2010-12-08,Wednesday,00:00,Denver Nuggets,Boston Celtics,Boston Celtics,Denver Nuggets,105,89,194,16,Boston Celtics,Denver Nuggets,Home Win (105-89),105-89,Four 12-minute quarters / 48 min,No,Moda Center,"Portland, OR",0,Boston Celtics team victory,"Boston Celtics defeated Denver Nuggets 105-89 in Regular Season at Moda Center (Portland, OR).",SportsDataVerse hoopR / ESPN NBA Hidden API
315,301208005,2010-2011,2010,Regular Season,Regular Season,2010-12-08,Wednesday,00:00,Chicago Bulls,Cleveland Cavaliers,Cleveland Cavaliers,Chicago Bulls,83,88,171,5,Chicago Bulls,Cleveland Cavaliers,Away Win (88-83),83-88,Four 12-minute quarters / 48 min,No,Rocket Mortgage FieldHouse,"Cleveland, OH",20562,Chicago Bulls team victory,"Chicago Bulls defeated Cleveland Cavaliers 88-83 in Regular Season at Rocket Mortgage FieldHouse (Cleveland, OH).",SportsDataVerse hoopR / ESPN NBA Hidden API
316,301208018,2010-2011,2010,Regular Season,Regular Season,2010-12-08,Wednesday,00:30,Toronto Raptors,New York Knicks,New York Knicks,Toronto Raptors,113,110,223,3,New York Knicks,Toronto Raptors,Home Win (113-110),113-110,Four 12-minute quarters / 48 min,No,Madison Square Garden,"New York, NY",19763,New York Knicks team victory,"New York Knicks defeated Toronto Raptors 113-110 in Regular Season at Madison Square Garden (New York, NY).",SportsDataVerse hoopR / ESPN NBA Hidden API
317,301208003,2010-2011,2010,Regular Season,Regular Season,2010-12-08,Wednesday,01:00,Detroit Pistons,New Orleans Hornets,New Orleans Hornets,Detroit Pistons,93,74,167,19,New Orleans Hornets,Detroit Pistons,Home Win (93-74),93-74,Four 12-minute quarters / 48 min,No,Smoothie King Center,"New Orleans, LA",10823,New Orleans Hornets team victory,"New Orleans Hornets defeated Detroit Pistons 93-74 in Regular Season at Smoothie King Center (New Orleans, LA).",SportsDataVerse hoopR / ESPN NBA Hidden API
318,301208015,2010-2011,2010,Regular Season,Regular Season,2010-12-08,Wednesday,01:00,Indiana Pacers,Milwaukee Bucks,Milwaukee Bucks,Indiana Pacers,97,95,192,2,Milwaukee Bucks,Indiana Pacers,Home Win (97-95),97-95,Four 12-minute quarters / 48 min,No,BMO Harris Bradley Center,"Milwaukee, WI",12789,Milwaukee Bucks team victory,"Milwaukee Bucks defeated Indiana Pacers 97-95 in Regular Season at BMO Harris Bradley Center (Milwaukee, WI).",SportsDataVerse hoopR / ESPN NBA Hidden API
319,301208016,2010-2011,2010,Regular Season,Regular Season,2010-12-08,Wednesday,01:00,Oklahoma City Thunder,Minnesota Timberwolves,Minnesota Timberwolves,Oklahoma City Thunder,103,111,214,8,Oklahoma City Thunder,Minnesota Timberwolves,Away Win (111-103),103-111,Four 12-minute quarters / 48 min,No,Target Center,"Minneapolis, MN",13907,Oklahoma City Thunder team victory,"Oklahoma City Thunder defeated Minnesota Timberwolves 111-103 in Regular Season at Target Center (Minneapolis, MN).",SportsDataVerse hoopR / ESPN NBA Hidden API
320,301208024,2010-2011,2010,Regular Season,Regular Season,2010-12-08,Wednesday,01:30,Golden State Warriors,San Antonio Spurs,San Antonio Spurs,Golden State Warriors,111,94,205,17,San Antonio Spurs,Golden State Warriors,Home Win (111-94),111-94,Four 12-minute quarters / 48 min,No,AT&T Center,"San Antonio, TX",16913,San Antonio Spurs team victory,"San Antonio Spurs defeated Golden State Warriors 111-94 in Regular Season at AT&T Center (San Antonio, TX).",SportsDataVerse hoopR / ESPN NBA Hidden API
321,301208021,2010-2011,2010,Regular Season,Regular Season,2010-12-08,Wednesday,02:00,Memphis Grizzlies,Phoenix Suns,Phoenix Suns,Memphis Grizzlies,98,104,202,6,Memphis Grizzlies,Phoenix Suns,Away Win (104-98),98-104,Four 12-minute quarters / 48 min,Yes,Footprint Center,"Phoenix, AZ",16288,Memphis Grizzlies team victory (OT),"Memphis Grizzlies edged Phoenix Suns 104-98 in overtime at Footprint Center (Phoenix, AZ).",SportsDataVerse hoopR / ESPN NBA Hidden API
322,301208026,2010-2011,2010,Regular Season,Regular Season,2010-12-08,Wednesday,02:00,Miami Heat,Utah Jazz,Utah Jazz,Miami Heat,98,111,209,13,Miami Heat,Utah Jazz,Away Win (111-98),98-111,Four 12-minute quarters / 48 min,No,Vivint Arena,"Salt Lake City, UT",19911,Miami Heat team victory,"Miami Heat defeated Utah Jazz 111-98 in Regular Season at Vivint Arena (Salt Lake City, UT).",SportsDataVerse hoopR / ESPN NBA Hidden API
323,301208023,2010-2011,2010,Regular Season,Regular Season,2010-12-08,Wednesday,03:00,Washington Wizards,Sacramento Kings,Sacramento Kings,Washington Wizards,116,91,207,25,Sacramento Kings,Washington Wizards,Home Win (116-91),116-91,Four 12-minute quarters / 48 min,No,Sleep Train Arena,"Sacramento, CA",12308,Sacramento Kings team victory,"Sacramento Kings defeated Washington Wizards 116-91 in Regular Season at Sleep Train Arena (Sacramento, CA).",SportsDataVerse hoopR / ESPN NBA Hidden API
324,301208012,2010-2011,2010,Regular Season,Regular Season,2010-12-08,Wednesday,03:30,Los Angeles Lakers,LA Clippers,LA Clippers,Los Angeles Lakers,86,87,173,1,Los Angeles Lakers,LA Clippers,Away Win (87-86),86-87,Four 12-minute quarters / 48 min,No,crypto.com Arena,"Los Angeles, CA",19614,Los Angeles Lakers team victory,"Los Angeles Lakers defeated LA Clippers 87-86 in Regular Season at crypto.com Arena (Los Angeles, CA).",SportsDataVerse hoopR / ESPN NBA Hidden API
325,301209020,2010-2011,2010,Regular Season,Regular Season,2010-12-09,Thursday,01:00,Boston Celtics,Philadelphia 76ers,Philadelphia 76ers,Boston Celtics,101,102,203,1,Boston Celtics,Philadelphia 76ers,Away Win (102-101),101-102,Four 12-minute quarters / 48 min,No,Wells Fargo Center,"Philadelphia, PA",17948,Boston Celtics team victory,"Boston Celtics defeated Philadelphia 76ers 102-101 in Regular Season at Wells Fargo Center (Philadelphia, PA).",SportsDataVerse hoopR / ESPN NBA Hidden API
326,301209006,2010-2011,2010,Regular Season,Regular Season,2010-12-09,Thursday,01:30,New Jersey Nets,Dallas Mavericks,Dallas Mavericks,New Jersey Nets,102,89,191,13,Dallas Mavericks,New Jersey Nets,Home Win (102-89),102-89,Four 12-minute quarters / 48 min,No,American Airlines Center,"Dallas, TX",19666,Dallas Mavericks team victory,"Dallas Mavericks defeated New Jersey Nets 102-89 in Regular Season at American Airlines Center (Dallas, TX).",SportsDataVerse hoopR / ESPN NBA Hidden API
327,301209022,2010-2011,2010,Regular Season,Regular Season,2010-12-09,Thursday,03:30,Orlando Magic,Portland Trail Blazers,Portland Trail Blazers,Orlando Magic,97,83,180,14,Portland Trail Blazers,Orlando Magic,Home Win (97-83),97-83,Four 12-minute quarters / 48 min,No,Moda Center,"Portland, OR",20219,Portland Trail Blazers team victory,"Portland Trail Blazers defeated Orlando Magic 97-83 in Regular Season at Moda Center (Portland, OR).",SportsDataVerse hoopR / ESPN NBA Hidden API
328,301210011,2010-2011,2010,Regular Season,Regular Season,2010-12-10,Friday,00:00,Charlotte Bobcats,Indiana Pacers,Indiana Pacers,Charlotte Bobcats,100,92,192,8,Indiana Pacers,Charlotte Bobcats,Home Win (100-92),100-92,Four 12-minute quarters / 48 min,No,Gainbridge Fieldhouse,"Indianapolis, IN",13128,Indiana Pacers team victory,"Indiana Pacers defeated Charlotte Bobcats 100-92 in Regular Season at Gainbridge Fieldhouse (Indianapolis, IN).",SportsDataVerse hoopR / ESPN NBA Hidden API
329,301210027,2010-2011,2010,Regular Season,Regular Season,2010-12-10,Friday,00:00,New York Knicks,Washington Wizards,Washington Wizards,New York Knicks,95,101,196,6,New York Knicks,Washington Wizards,Away Win (101-95),95-101,Four 12-minute quarters / 48 min,No,Capital One Arena,"Washington, DC",18542,New York Knicks team victory,"New York Knicks defeated Washington Wizards 101-95 in Regular Season at Capital One Arena (Washington, DC).",SportsDataVerse hoopR / ESPN NBA Hidden API
330,301210028,2010-2011,2010,Regular Season,Regular Season,2010-12-10,Friday,00:00,Denver Nuggets,Toronto Raptors,Toronto Raptors,Denver Nuggets,116,123,239,7,Denver Nuggets,Toronto Raptors,Away Win (123-116),116-123,Four 12-minute quarters / 48 min,No,Scotiabank Arena,"Toronto, ON",14714,Denver Nuggets team victory,"Denver Nuggets defeated Toronto Raptors 123-116 in Regular Season at Scotiabank Arena (Toronto, ON).",SportsDataVerse hoopR / ESPN NBA Hidden API
331,301210003,2010-2011,2010,Regular Season,Regular Season,2010-12-10,Friday,01:00,Oklahoma City Thunder,New Orleans Hornets,New Orleans Hornets,Oklahoma City Thunder,92,97,189,5,Oklahoma City Thunder,New Orleans Hornets,Away Win (97-92),92-97,Four 12-minute quarters / 48 min,No,Smoothie King Center,"New Orleans, LA",14428,Oklahoma City Thunder team victory,"Oklahoma City Thunder defeated New Orleans Hornets 97-92 in Regular Season at Smoothie King Center (New Orleans, LA).",SportsDataVerse hoopR / ESPN NBA Hidden API
332,301210004,2010-2011,2010,Regular Season,Regular Season,2010-12-10,Friday,01:00,Los Angeles Lakers,Chicago Bulls,Chicago Bulls,Los Angeles Lakers,88,84,172,4,Chicago Bulls,Los Angeles Lakers,Home Win (88-84),88-84,Four 12-minute quarters / 48 min,No,United Center,"Chicago, IL",22760,Chicago Bulls team victory,"Chicago Bulls defeated Los Angeles Lakers 88-84 in Regular Season at United Center (Chicago, IL).",SportsDataVerse hoopR / ESPN NBA Hidden API
333,301210016,2010-2011,2010,Regular Season,Regular Season,2010-12-10,Friday,01:00,Detroit Pistons,Minnesota Timberwolves,Minnesota Timberwolves,Detroit Pistons,109,99,208,10,Minnesota Timberwolves,Detroit Pistons,Home Win (109-99),109-99,Four 12-minute quarters / 48 min,No,Target Center,"Minneapolis, MN",13988,Minnesota Timberwolves team victory,"Minnesota Timberwolves defeated Detroit Pistons 109-99 in Regular Season at Target Center (Minneapolis, MN).",SportsDataVerse hoopR / ESPN NBA Hidden API
334,301210015,2010-2011,2010,Regular Season,Regular Season,2010-12-10,Friday,01:30,Houston Rockets,Milwaukee Bucks,Milwaukee Bucks,Houston Rockets,97,91,188,6,Milwaukee Bucks,Houston Rockets,Home Win (97-91),97-91,Four 12-minute quarters / 48 min,No,BMO Harris Bradley Center,"Milwaukee, WI",14526,Milwaukee Bucks team victory,"Milwaukee Bucks defeated Houston Rockets 97-91 in Regular Season at BMO Harris Bradley Center (Milwaukee, WI).",SportsDataVerse hoopR / ESPN NBA Hidden API
335,301210024,2010-2011,2010,Regular Season,Regular Season,2010-12-10,Friday,01:30,Atlanta Hawks,San Antonio Spurs,San Antonio Spurs,Atlanta Hawks,108,92,200,16,San Antonio Spurs,Atlanta Hawks,Home Win (108-92),108-92,Four 12-minute quarters / 48 min,No,AT&T Center,"San Antonio, TX",17576,San Antonio Spurs team victory,"San Antonio Spurs defeated Atlanta Hawks 108-92 in Regular Season at AT&T Center (San Antonio, TX).",SportsDataVerse hoopR / ESPN NBA Hidden API
336,301210021,2010-2011,2010,Regular Season,Regular Season,2010-12-10,Friday,02:00,Portland Trail Blazers,Phoenix Suns,Phoenix Suns,Portland Trail Blazers,94,101,195,7,Portland Trail Blazers,Phoenix Suns,Away Win (101-94),94-101,Four 12-minute quarters / 48 min,No,Footprint Center,"Phoenix, AZ",17284,Portland Trail Blazers team victory,"Portland Trail Blazers defeated Phoenix Suns 101-94 in Regular Season at Footprint Center (Phoenix, AZ).",SportsDataVerse hoopR / ESPN NBA Hidden API
337,301210026,2010-2011,2010,Regular Season,Regular Season,2010-12-10,Friday,02:00,Orlando Magic,Utah Jazz,Utah Jazz,Orlando Magic,117,105,222,12,Utah Jazz,Orlando Magic,Home Win (117-105),117-105,Four 12-minute quarters / 48 min,No,Vivint Arena,"Salt Lake City, UT",18765,Utah Jazz team victory,"Utah Jazz defeated Orlando Magic 117-105 in Regular Season at Vivint Arena (Salt Lake City, UT).",SportsDataVerse hoopR / ESPN NBA Hidden API
338,301210009,2010-2011,2010,Regular Season,Regular Season,2010-12-10,Friday,03:30,Miami Heat,Golden State Warriors,Golden State Warriors,Miami Heat,84,106,190,22,Miami Heat,Golden State Warriors,Away Win (106-84),84-106,Four 12-minute quarters / 48 min,No,ORACLE Arena,"Oakland, CA",20036,Miami Heat team victory,"Miami Heat defeated Golden State Warriors 106-84 in Regular Season at ORACLE Arena (Oakland, CA).",SportsDataVerse hoopR / ESPN NBA Hidden API
339,301211012,2010-2011,2010,Regular Season,Regular Season,2010-12-11,Saturday,20:30,Memphis Grizzlies,LA Clippers,LA Clippers,Memphis Grizzlies,83,84,167,1,Memphis Grizzlies,LA Clippers,Away Win (84-83),83-84,Four 12-minute quarters / 48 min,No,crypto.com Arena,"Los Angeles, CA",14970,Memphis Grizzlies team victory,"Memphis Grizzlies defeated LA Clippers 84-83 in Regular Season at crypto.com Arena (Los Angeles, CA).",SportsDataVerse hoopR / ESPN NBA Hidden API
340,301211001,2010-2011,2010,Regular Season,Regular Season,2010-12-11,Saturday,00:00,Indiana Pacers,Atlanta Hawks,Atlanta Hawks,Indiana Pacers,97,83,180,14,Atlanta Hawks,Indiana Pacers,Home Win (97-83),97-83,Four 12-minute quarters / 48 min,No,State Farm Arena,"Atlanta, GA",14131,Atlanta Hawks team victory,"Atlanta Hawks defeated Indiana Pacers 97-83 in Regular Season at State Farm Arena (Atlanta, GA).",SportsDataVerse hoopR / ESPN NBA Hidden API
341,301211030,2010-2011,2010,Regular Season,Regular Season,2010-12-11,Saturday,00:00,Boston Celtics,Charlotte Bobcats,Charlotte Bobcats,Boston Celtics,62,93,155,31,Boston Celtics,Charlotte Bobcats,Away Win (93-62),62-93,Four 12-minute quarters / 48 min,No,Spectrum Center,"Charlotte, NC",19603,Boston Celtics team victory,"Boston Celtics defeated Charlotte Bobcats 93-62 in Regular Season at Spectrum Center (Charlotte, NC).",SportsDataVerse hoopR / ESPN NBA Hidden API
342,301211008,2010-2011,2010,Regular Season,Regular Season,2010-12-11,Saturday,00:30,Toronto Raptors,Detroit Pistons,Detroit Pistons,Toronto Raptors,116,120,236,4,Toronto Raptors,Detroit Pistons,Away Win (120-116),116-120,Four 12-minute quarters / 48 min,No,The Palace of Auburn Hills,"Detroit, MI",13343,Toronto Raptors team victory,"Toronto Raptors defeated Detroit Pistons 120-116 in Regular Season at The Palace of Auburn Hills (Detroit, MI).",SportsDataVerse hoopR / ESPN NBA Hidden API
343,301211004,2010-2011,2010,Regular Season,Regular Season,2010-12-11,Saturday,01:00,Minnesota Timberwolves,Chicago Bulls,Chicago Bulls,Minnesota Timberwolves,113,82,195,31,Chicago Bulls,Minnesota Timberwolves,Home Win (113-82),113-82,Four 12-minute quarters / 48 min,No,United Center,"Chicago, IL",21102,Chicago Bulls team victory,"Chicago Bulls defeated Minnesota Timberwolves 113-82 in Regular Season at United Center (Chicago, IL).",SportsDataVerse hoopR / ESPN NBA Hidden API
344,301211006,2010-2011,2010,Regular Season,Regular Season,2010-12-11,Saturday,01:30,Utah Jazz,Dallas Mavericks,Dallas Mavericks,Utah Jazz,103,97,200,6,Dallas Mavericks,Utah Jazz,Home Win (103-97),103-97,Four 12-minute quarters / 48 min,No,American Airlines Center,"Dallas, TX",20074,Dallas Mavericks team victory,"Dallas Mavericks defeated Utah Jazz 103-97 in Regular Season at American Airlines Center (Dallas, TX).",SportsDataVerse hoopR / ESPN NBA Hidden API
345,301211010,2010-2011,2010,Regular Season,Regular Season,2010-12-11,Saturday,01:30,Cleveland Cavaliers,Houston Rockets,Houston Rockets,Cleveland Cavaliers,110,95,205,15,Houston Rockets,Cleveland Cavaliers,Home Win (110-95),110-95,Four 12-minute quarters / 48 min,No,Toyota Center (Houston),"Houston, TX",15532,Houston Rockets team victory,"Houston Rockets defeated Cleveland Cavaliers 110-95 in Regular Season at Toyota Center (Houston) (Houston, TX).",SportsDataVerse hoopR / ESPN NBA Hidden API
346,301211023,2010-2011,2010,Regular Season,Regular Season,2010-12-11,Saturday,03:00,Miami Heat,Sacramento Kings,Sacramento Kings,Miami Heat,83,104,187,21,Miami Heat,Sacramento Kings,Away Win (104-83),83-104,Four 12-minute quarters / 48 min,No,Sleep Train Arena,"Sacramento, CA",16396,Miami Heat team victory,"Miami Heat defeated Sacramento Kings 104-83 in Regular Season at Sleep Train Arena (Sacramento, CA).",SportsDataVerse hoopR / ESPN NBA Hidden API
347,301212018,2010-2011,2010,Regular Season,Regular Season,2010-12-12,Sunday,17:00,Denver Nuggets,New York Knicks,New York Knicks,Denver Nuggets,129,125,254,4,New York Knicks,Denver Nuggets,Home Win (129-125),129-125,Four 12-minute quarters / 48 min,No,Madison Square Garden,"New York, NY",19387,New York Knicks team victory,"New York Knicks defeated Denver Nuggets 129-125 in Regular Season at Madison Square Garden (New York, NY).",SportsDataVerse hoopR / ESPN NBA Hidden API
348,301212020,2010-2011,2010,Regular Season,Regular Season,2010-12-12,Sunday,17:00,New Orleans Hornets,Philadelphia 76ers,Philadelphia 76ers,New Orleans Hornets,88,70,158,18,Philadelphia 76ers,New Orleans Hornets,Home Win (88-70),88-70,Four 12-minute quarters / 48 min,No,Wells Fargo Center,"Philadelphia, PA",13884,Philadelphia 76ers team victory,"Philadelphia 76ers defeated New Orleans Hornets 88-70 in Regular Season at Wells Fargo Center (Philadelphia, PA).",SportsDataVerse hoopR / ESPN NBA Hidden API
349,301212017,2010-2011,2010,Regular Season,Regular Season,2010-12-12,Sunday,18:00,Los Angeles Lakers,New Jersey Nets,New Jersey Nets,Los Angeles Lakers,92,99,191,7,Los Angeles Lakers,New Jersey Nets,Away Win (99-92),92-99,Four 12-minute quarters / 48 min,No,Prudential Center,"Newark, NJ",16561,Los Angeles Lakers team victory,"Los Angeles Lakers defeated New Jersey Nets 99-92 in Regular Season at Prudential Center (Newark, NJ).",SportsDataVerse hoopR / ESPN NBA Hidden API
350,301212024,2010-2011,2010,Regular Season,Regular Season,2010-12-12,Sunday,20:30,Portland Trail Blazers,San Antonio Spurs,San Antonio Spurs,Portland Trail Blazers,95,78,173,17,San Antonio Spurs,Portland Trail Blazers,Home Win (95-78),95-78,Four 12-minute quarters / 48 min,No,AT&T Center,"San Antonio, TX",16743,San Antonio Spurs team victory,"San Antonio Spurs defeated Portland Trail Blazers 95-78 in Regular Season at AT&T Center (San Antonio, TX).",SportsDataVerse hoopR / ESPN NBA Hidden API
351,301212025,2010-2011,2010,Regular Season,Regular Season,2010-12-12,Sunday,00:00,Cleveland Cavaliers,Oklahoma City Thunder,Oklahoma City Thunder,Cleveland Cavaliers,106,77,183,29,Oklahoma City Thunder,Cleveland Cavaliers,Home Win (106-77),106-77,Four 12-minute quarters / 48 min,No,Paycom Center,"Oklahoma City, OK",18203,Oklahoma City Thunder team victory,"Oklahoma City Thunder defeated Cleveland Cavaliers 106-77 in Regular Season at Paycom Center (Oklahoma City, OK).",SportsDataVerse hoopR / ESPN NBA Hidden API
352,301212012,2010-2011,2010,Regular Season,Regular Season,2010-12-12,Sunday,02:30,Orlando Magic,LA Clippers,LA Clippers,Orlando Magic,85,94,179,9,Orlando Magic,LA Clippers,Away Win (94-85),85-94,Four 12-minute quarters / 48 min,No,crypto.com Arena,"Los Angeles, CA",18278,Orlando Magic team victory,"Orlando Magic defeated LA Clippers 94-85 in Regular Season at crypto.com Arena (Los Angeles, CA).",SportsDataVerse hoopR / ESPN NBA Hidden API
353,301213014,2010-2011,2010,Regular Season,Regular Season,2010-12-13,Monday,00:30,New Orleans Hornets,Miami Heat,Miami Heat,New Orleans Hornets,96,84,180,12,Miami Heat,New Orleans Hornets,Home Win (96-84),96-84,Four 12-minute quarters / 48 min,No,Kaseya Center,"Miami, FL",19600,Miami Heat team victory,"Miami Heat defeated New Orleans Hornets 96-84 in Regular Season at Kaseya Center (Miami, FL).",SportsDataVerse hoopR / ESPN NBA Hidden API
354,301213004,2010-2011,2010,Regular Season,Regular Season,2010-12-13,Monday,01:00,Indiana Pacers,Chicago Bulls,Chicago Bulls,Indiana Pacers,92,73,165,19,Chicago Bulls,Indiana Pacers,Home Win (92-73),92-73,Four 12-minute quarters / 48 min,No,United Center,"Chicago, IL",21287,Chicago Bulls team victory,"Chicago Bulls defeated Indiana Pacers 92-73 in Regular Season at United Center (Chicago, IL).",SportsDataVerse hoopR / ESPN NBA Hidden API
355,301213029,2010-2011,2010,Regular Season,Regular Season,2010-12-13,Monday,01:00,Portland Trail Blazers,Memphis Grizzlies,Memphis Grizzlies,Portland Trail Blazers,86,73,159,13,Memphis Grizzlies,Portland Trail Blazers,Home Win (86-73),86-73,Four 12-minute quarters / 48 min,No,FedExForum,"Memphis, TN",10467,Memphis Grizzlies team victory,"Memphis Grizzlies defeated Portland Trail Blazers 86-73 in Regular Season at FedExForum (Memphis, TN).",SportsDataVerse hoopR / ESPN NBA Hidden API
356,301213006,2010-2011,2010,Regular Season,Regular Season,2010-12-13,Monday,01:30,Milwaukee Bucks,Dallas Mavericks,Dallas Mavericks,Milwaukee Bucks,99,103,202,4,Milwaukee Bucks,Dallas Mavericks,Away Win (103-99),99-103,Four 12-minute quarters / 48 min,No,American Airlines Center,"Dallas, TX",19720,Milwaukee Bucks team victory,"Milwaukee Bucks defeated Dallas Mavericks 103-99 in Regular Season at American Airlines Center (Dallas, TX).",SportsDataVerse hoopR / ESPN NBA Hidden API
357,301213026,2010-2011,2010,Regular Season,Regular Season,2010-12-13,Monday,02:00,Golden State Warriors,Utah Jazz,Utah Jazz,Golden State Warriors,108,95,203,13,Utah Jazz,Golden State Warriors,Home Win (108-95),108-95,Four 12-minute quarters / 48 min,No,Vivint Arena,"Salt Lake City, UT",19176,Utah Jazz team victory,"Utah Jazz defeated Golden State Warriors 108-95 in Regular Season at Vivint Arena (Salt Lake City, UT).",SportsDataVerse hoopR / ESPN NBA Hidden API
358,301214017,2010-2011,2010,Regular Season,Regular Season,2010-12-14,Tuesday,00:00,Philadelphia 76ers,New Jersey Nets,New Jersey Nets,Philadelphia 76ers,77,82,159,5,Philadelphia 76ers,New Jersey Nets,Away Win (82-77),77-82,Four 12-minute quarters / 48 min,No,Prudential Center,"Newark, NJ",10151,Philadelphia 76ers team victory,"Philadelphia 76ers defeated New Jersey Nets 82-77 in Regular Season at Prudential Center (Newark, NJ).",SportsDataVerse hoopR / ESPN NBA Hidden API
359,301214027,2010-2011,2010,Regular Season,Regular Season,2010-12-14,Tuesday,00:00,Los Angeles Lakers,Washington Wizards,Washington Wizards,Los Angeles Lakers,89,103,192,14,Los Angeles Lakers,Washington Wizards,Away Win (103-89),89-103,Four 12-minute quarters / 48 min,No,Capital One Arena,"Washington, DC",16513,Los Angeles Lakers team victory,"Los Angeles Lakers defeated Washington Wizards 103-89 in Regular Season at Capital One Arena (Washington, DC).",SportsDataVerse hoopR / ESPN NBA Hidden API
360,301214030,2010-2011,2010,Regular Season,Regular Season,2010-12-14,Tuesday,00:00,Toronto Raptors,Charlotte Bobcats,Charlotte Bobcats,Toronto Raptors,97,91,188,6,Charlotte Bobcats,Toronto Raptors,Home Win (97-91),97-91,Four 12-minute quarters / 48 min,No,Spectrum Center,"Charlotte, NC",12482,Charlotte Bobcats team victory,"Charlotte Bobcats defeated Toronto Raptors 97-91 in Regular Season at Spectrum Center (Charlotte, NC).",SportsDataVerse hoopR / ESPN NBA Hidden API
361,301214008,2010-2011,2010,Regular Season,Regular Season,2010-12-14,Tuesday,00:30,Atlanta Hawks,Detroit Pistons,Detroit Pistons,Atlanta Hawks,103,80,183,23,Detroit Pistons,Atlanta Hawks,Home Win (103-80),103-80,Four 12-minute quarters / 48 min,No,The Palace of Auburn Hills,"Detroit, MI",12526,Detroit Pistons team victory,"Detroit Pistons defeated Atlanta Hawks 103-80 in Regular Season at The Palace of Auburn Hills (Detroit, MI).",SportsDataVerse hoopR / ESPN NBA Hidden API
362,301214010,2010-2011,2010,Regular Season,Regular Season,2010-12-14,Tuesday,01:30,Sacramento Kings,Houston Rockets,Houston Rockets,Sacramento Kings,118,105,223,13,Houston Rockets,Sacramento Kings,Home Win (118-105),118-105,Four 12-minute quarters / 48 min,No,Toyota Center (Houston),"Houston, TX",13414,Houston Rockets team victory,"Houston Rockets defeated Sacramento Kings 118-105 in Regular Season at Toyota Center (Houston) (Houston, TX).",SportsDataVerse hoopR / ESPN NBA Hidden API
363,301214007,2010-2011,2010,Regular Season,Regular Season,2010-12-14,Tuesday,02:00,Orlando Magic,Denver Nuggets,Denver Nuggets,Orlando Magic,111,94,205,17,Denver Nuggets,Orlando Magic,Home Win (111-94),111-94,Four 12-minute quarters / 48 min,No,Ball Arena,"Denver, CO",16247,Denver Nuggets team victory,"Denver Nuggets defeated Orlando Magic 111-94 in Regular Season at Ball Arena (Denver, CO).",SportsDataVerse hoopR / ESPN NBA Hidden API
364,301214009,2010-2011,2010,Regular Season,Regular Season,2010-12-14,Tuesday,03:30,Minnesota Timberwolves,Golden State Warriors,Golden State Warriors,Minnesota Timberwolves,108,99,207,9,Golden State Warriors,Minnesota Timberwolves,Home Win (108-99),108-99,Four 12-minute quarters / 48 min,No,ORACLE Arena,"Oakland, CA",17615,Golden State Warriors team victory,"Golden State Warriors defeated Minnesota Timberwolves 108-99 in Regular Season at ORACLE Arena (Oakland, CA).",SportsDataVerse hoopR / ESPN NBA Hidden API
365,301215011,2010-2011,2010,Regular Season,Regular Season,2010-12-15,Wednesday,00:00,Los Angeles Lakers,Indiana Pacers,Indiana Pacers,Los Angeles Lakers,94,109,203,15,Los Angeles Lakers,Indiana Pacers,Away Win (109-94),94-109,Four 12-minute quarters / 48 min,No,Gainbridge Fieldhouse,"Indianapolis, IN",18165,Los Angeles Lakers team victory,"Los Angeles Lakers defeated Indiana Pacers 109-94 in Regular Season at Gainbridge Fieldhouse (Indianapolis, IN).",SportsDataVerse hoopR / ESPN NBA Hidden API
366,301215018,2010-2011,2010,Regular Season,Regular Season,2010-12-15,Wednesday,00:00,Boston Celtics,New York Knicks,New York Knicks,Boston Celtics,116,118,234,2,Boston Celtics,New York Knicks,Away Win (118-116),116-118,Four 12-minute quarters / 48 min,No,Madison Square Garden,"New York, NY",19763,Boston Celtics team victory,"Boston Celtics defeated New York Knicks 118-116 in Regular Season at Madison Square Garden (New York, NY).",SportsDataVerse hoopR / ESPN NBA Hidden API
367,301215020,2010-2011,2010,Regular Season,Regular Season,2010-12-15,Wednesday,00:00,LA Clippers,Philadelphia 76ers,Philadelphia 76ers,LA Clippers,105,91,196,14,Philadelphia 76ers,LA Clippers,Home Win (105-91),105-91,Four 12-minute quarters / 48 min,No,Wells Fargo Center,"Philadelphia, PA",11775,Philadelphia 76ers team victory,"Philadelphia 76ers defeated LA Clippers 105-91 in Regular Season at Wells Fargo Center (Philadelphia, PA).",SportsDataVerse hoopR / ESPN NBA Hidden API
368,301215028,2010-2011,2010,Regular Season,Regular Season,2010-12-15,Wednesday,00:00,Chicago Bulls,Toronto Raptors,Toronto Raptors,Chicago Bulls,93,110,203,17,Chicago Bulls,Toronto Raptors,Away Win (110-93),93-110,Four 12-minute quarters / 48 min,No,Scotiabank Arena,"Toronto, ON",17750,Chicago Bulls team victory,"Chicago Bulls defeated Toronto Raptors 110-93 in Regular Season at Scotiabank Arena (Toronto, ON).",SportsDataVerse hoopR / ESPN NBA Hidden API
369,301215014,2010-2011,2010,Regular Season,Regular Season,2010-12-15,Wednesday,00:30,Cleveland Cavaliers,Miami Heat,Miami Heat,Cleveland Cavaliers,101,95,196,6,Miami Heat,Cleveland Cavaliers,Home Win (101-95),101-95,Four 12-minute quarters / 48 min,No,Kaseya Center,"Miami, FL",19899,Miami Heat team victory,"Miami Heat defeated Cleveland Cavaliers 101-95 in Regular Season at Kaseya Center (Miami, FL).",SportsDataVerse hoopR / ESPN NBA Hidden API
370,301215003,2010-2011,2010,Regular Season,Regular Season,2010-12-15,Wednesday,01:00,Sacramento Kings,New Orleans Hornets,New Orleans Hornets,Sacramento Kings,94,91,185,3,New Orleans Hornets,Sacramento Kings,Home Win (94-91),94-91,Four 12-minute quarters / 48 min,No,Smoothie King Center,"New Orleans, LA",13325,New Orleans Hornets team victory,"New Orleans Hornets defeated Sacramento Kings 94-91 in Regular Season at Smoothie King Center (New Orleans, LA).",SportsDataVerse hoopR / ESPN NBA Hidden API
371,301215025,2010-2011,2010,Regular Season,Regular Season,2010-12-15,Wednesday,01:00,Houston Rockets,Oklahoma City Thunder,Oklahoma City Thunder,Houston Rockets,117,105,222,12,Oklahoma City Thunder,Houston Rockets,Home Win (117-105),117-105,Four 12-minute quarters / 48 min,No,Paycom Center,"Oklahoma City, OK",17997,Oklahoma City Thunder team victory,"Oklahoma City Thunder defeated Houston Rockets 117-105 in Regular Season at Paycom Center (Oklahoma City, OK).",SportsDataVerse hoopR / ESPN NBA Hidden API
372,301215029,2010-2011,2010,Regular Season,Regular Season,2010-12-15,Wednesday,01:00,Charlotte Bobcats,Memphis Grizzlies,Memphis Grizzlies,Charlotte Bobcats,113,80,193,33,Memphis Grizzlies,Charlotte Bobcats,Home Win (113-80),113-80,Four 12-minute quarters / 48 min,No,FedExForum,"Memphis, TN",12219,Memphis Grizzlies team victory,"Memphis Grizzlies defeated Charlotte Bobcats 113-80 in Regular Season at FedExForum (Memphis, TN).",SportsDataVerse hoopR / ESPN NBA Hidden API
373,301215024,2010-2011,2010,Regular Season,Regular Season,2010-12-15,Wednesday,01:30,Milwaukee Bucks,San Antonio Spurs,San Antonio Spurs,Milwaukee Bucks,92,90,182,2,San Antonio Spurs,Milwaukee Bucks,Home Win (92-90),92-90,Four 12-minute quarters / 48 min,No,AT&T Center,"San Antonio, TX",17644,San Antonio Spurs team victory,"San Antonio Spurs defeated Milwaukee Bucks 92-90 in Regular Season at AT&T Center (San Antonio, TX).",SportsDataVerse hoopR / ESPN NBA Hidden API
374,301215021,2010-2011,2010,Regular Season,Regular Season,2010-12-15,Wednesday,02:00,Minnesota Timberwolves,Phoenix Suns,Phoenix Suns,Minnesota Timberwolves,128,122,250,6,Phoenix Suns,Minnesota Timberwolves,Home Win (128-122),128-122,Four 12-minute quarters / 48 min,No,Footprint Center,"Phoenix, AZ",16977,Phoenix Suns team victory,"Phoenix Suns defeated Minnesota Timberwolves 128-122 in Regular Season at Footprint Center (Phoenix, AZ).",SportsDataVerse hoopR / ESPN NBA Hidden API
375,301215006,2010-2011,2010,Regular Season,Regular Season,2010-12-15,Wednesday,02:30,Portland Trail Blazers,Dallas Mavericks,Dallas Mavericks,Portland Trail Blazers,103,98,201,5,Dallas Mavericks,Portland Trail Blazers,Home Win (103-98),103-98,Four 12-minute quarters / 48 min,No,American Airlines Center,"Dallas, TX",19531,Dallas Mavericks team victory,"Dallas Mavericks defeated Portland Trail Blazers 103-98 in Regular Season at American Airlines Center (Dallas, TX).",SportsDataVerse hoopR / ESPN NBA Hidden API
376,301216017,2010-2011,2010,Regular Season,Regular Season,2010-12-16,Thursday,00:00,Washington Wizards,New Jersey Nets,New Jersey Nets,Washington Wizards,97,89,186,8,New Jersey Nets,Washington Wizards,Home Win (97-89),97-89,Four 12-minute quarters / 48 min,No,Prudential Center,"Newark, NJ",10764,New Jersey Nets team victory,"New Jersey Nets defeated Washington Wizards 97-89 in Regular Season at Prudential Center (Newark, NJ).",SportsDataVerse hoopR / ESPN NBA Hidden API
377,301216002,2010-2011,2010,Regular Season,Regular Season,2010-12-16,Thursday,01:00,Atlanta Hawks,Boston Celtics,Boston Celtics,Atlanta Hawks,102,90,192,12,Boston Celtics,Atlanta Hawks,Home Win (102-90),102-90,Four 12-minute quarters / 48 min,No,TD Garden,"Boston, MA",18624,Boston Celtics team victory,"Boston Celtics defeated Atlanta Hawks 102-90 in Regular Season at TD Garden (Boston, MA).",SportsDataVerse hoopR / ESPN NBA Hidden API
378,301216007,2010-2011,2010,Regular Season,Regular Season,2010-12-16,Thursday,03:30,San Antonio Spurs,Denver Nuggets,Denver Nuggets,San Antonio Spurs,112,113,225,1,San Antonio Spurs,Denver Nuggets,Away Win (113-112),112-113,Four 12-minute quarters / 48 min,No,Ball Arena,"Denver, CO",16190,San Antonio Spurs team victory,"San Antonio Spurs defeated Denver Nuggets 113-112 in Regular Season at Ball Arena (Denver, CO).",SportsDataVerse hoopR / ESPN NBA Hidden API
379,301217011,2010-2011,2010,Regular Season,Regular Season,2010-12-17,Friday,00:00,Cleveland Cavaliers,Indiana Pacers,Indiana Pacers,Cleveland Cavaliers,108,99,207,9,Indiana Pacers,Cleveland Cavaliers,Home Win (108-99),108-99,Four 12-minute quarters / 48 min,No,Gainbridge Fieldhouse,"Indianapolis, IN",12021,Indiana Pacers team victory,"Indiana Pacers defeated Cleveland Cavaliers 108-99 in Regular Season at Gainbridge Fieldhouse (Indianapolis, IN).",SportsDataVerse hoopR / ESPN NBA Hidden API
380,301217018,2010-2011,2010,Regular Season,Regular Season,2010-12-17,Friday,00:00,Miami Heat,New York Knicks,New York Knicks,Miami Heat,91,113,204,22,Miami Heat,New York Knicks,Away Win (113-91),91-113,Four 12-minute quarters / 48 min,No,Madison Square Garden,"New York, NY",19763,Miami Heat team victory,"Miami Heat defeated New York Knicks 113-91 in Regular Season at Madison Square Garden (New York, NY).",SportsDataVerse hoopR / ESPN NBA Hidden API
381,301217020,2010-2011,2010,Regular Season,Regular Season,2010-12-17,Friday,00:00,Los Angeles Lakers,Philadelphia 76ers,Philadelphia 76ers,Los Angeles Lakers,81,93,174,12,Los Angeles Lakers,Philadelphia 76ers,Away Win (93-81),81-93,Four 12-minute quarters / 48 min,No,Wells Fargo Center,"Philadelphia, PA",20366,Los Angeles Lakers team victory,"Los Angeles Lakers defeated Philadelphia 76ers 93-81 in Regular Season at Wells Fargo Center (Philadelphia, PA).",SportsDataVerse hoopR / ESPN NBA Hidden API
382,301217028,2010-2011,2010,Regular Season,Regular Season,2010-12-17,Friday,00:00,New Jersey Nets,Toronto Raptors,Toronto Raptors,New Jersey Nets,98,92,190,6,Toronto Raptors,New Jersey Nets,Home Win (98-92),98-92,Four 12-minute quarters / 48 min,No,Scotiabank Arena,"Toronto, ON",14623,Toronto Raptors team victory,"Toronto Raptors defeated New Jersey Nets 98-92 in Regular Season at Scotiabank Arena (Toronto, ON).",SportsDataVerse hoopR / ESPN NBA Hidden API
383,301217001,2010-2011,2010,Regular Season,Regular Season,2010-12-17,Friday,00:30,Charlotte Bobcats,Atlanta Hawks,Atlanta Hawks,Charlotte Bobcats,90,85,175,5,Atlanta Hawks,Charlotte Bobcats,Home Win (90-85),90-85,Four 12-minute quarters / 48 min,No,State Farm Arena,"Atlanta, GA",15006,Atlanta Hawks team victory,"Atlanta Hawks defeated Charlotte Bobcats 90-85 in Regular Season at State Farm Arena (Atlanta, GA).",SportsDataVerse hoopR / ESPN NBA Hidden API
384,301217008,2010-2011,2010,Regular Season,Regular Season,2010-12-17,Friday,00:30,LA Clippers,Detroit Pistons,Detroit Pistons,LA Clippers,88,109,197,21,LA Clippers,Detroit Pistons,Away Win (109-88),88-109,Four 12-minute quarters / 48 min,No,The Palace of Auburn Hills,"Detroit, MI",16046,LA Clippers team victory,"LA Clippers defeated Detroit Pistons 109-88 in Regular Season at The Palace of Auburn Hills (Detroit, MI).",SportsDataVerse hoopR / ESPN NBA Hidden API
385,301217003,2010-2011,2010,Regular Season,Regular Season,2010-12-17,Friday,01:00,Utah Jazz,New Orleans Hornets,New Orleans Hornets,Utah Jazz,100,71,171,29,New Orleans Hornets,Utah Jazz,Home Win (100-71),100-71,Four 12-minute quarters / 48 min,No,Smoothie King Center,"New Orleans, LA",14414,New Orleans Hornets team victory,"New Orleans Hornets defeated Utah Jazz 100-71 in Regular Season at Smoothie King Center (New Orleans, LA).",SportsDataVerse hoopR / ESPN NBA Hidden API
386,301217025,2010-2011,2010,Regular Season,Regular Season,2010-12-17,Friday,01:00,Sacramento Kings,Oklahoma City Thunder,Oklahoma City Thunder,Sacramento Kings,102,87,189,15,Oklahoma City Thunder,Sacramento Kings,Home Win (102-87),102-87,Four 12-minute quarters / 48 min,No,Paycom Center,"Oklahoma City, OK",18203,Oklahoma City Thunder team victory,"Oklahoma City Thunder defeated Sacramento Kings 102-87 in Regular Season at Paycom Center (Oklahoma City, OK).",SportsDataVerse hoopR / ESPN NBA Hidden API
387,301217010,2010-2011,2010,Regular Season,Regular Season,2010-12-17,Friday,01:30,Memphis Grizzlies,Houston Rockets,Houston Rockets,Memphis Grizzlies,103,87,190,16,Houston Rockets,Memphis Grizzlies,Home Win (103-87),103-87,Four 12-minute quarters / 48 min,No,Toyota Center (Houston),"Houston, TX",14534,Houston Rockets team victory,"Houston Rockets defeated Memphis Grizzlies 103-87 in Regular Season at Toyota Center (Houston) (Houston, TX).",SportsDataVerse hoopR / ESPN NBA Hidden API
388,301217006,2010-2011,2010,Regular Season,Regular Season,2010-12-17,Friday,02:30,Phoenix Suns,Dallas Mavericks,Dallas Mavericks,Phoenix Suns,106,91,197,15,Dallas Mavericks,Phoenix Suns,Home Win (106-91),106-91,Four 12-minute quarters / 48 min,No,American Airlines Center,"Dallas, TX",20406,Dallas Mavericks team victory,"Dallas Mavericks defeated Phoenix Suns 106-91 in Regular Season at American Airlines Center (Dallas, TX).",SportsDataVerse hoopR / ESPN NBA Hidden API
389,301217022,2010-2011,2010,Regular Season,Regular Season,2010-12-17,Friday,03:00,Minnesota Timberwolves,Portland Trail Blazers,Portland Trail Blazers,Minnesota Timberwolves,107,102,209,5,Portland Trail Blazers,Minnesota Timberwolves,Home Win (107-102),107-102,Four 12-minute quarters / 48 min,No,Moda Center,"Portland, OR",20310,Portland Trail Blazers team victory,"Portland Trail Blazers defeated Minnesota Timberwolves 107-102 in Regular Season at Moda Center (Portland, OR).",SportsDataVerse hoopR / ESPN NBA Hidden API
390,301218019,2010-2011,2010,Regular Season,Regular Season,2010-12-18,Saturday,00:00,Philadelphia 76ers,Orlando Magic,Orlando Magic,Philadelphia 76ers,89,97,186,8,Philadelphia 76ers,Orlando Magic,Away Win (97-89),89-97,Four 12-minute quarters / 48 min,No,Amway Center,"Orlando, FL",18846,Philadelphia 76ers team victory,"Philadelphia 76ers defeated Orlando Magic 97-89 in Regular Season at Amway Center (Orlando, FL).",SportsDataVerse hoopR / ESPN NBA Hidden API
391,301218027,2010-2011,2010,Regular Season,Regular Season,2010-12-18,Saturday,00:00,Miami Heat,Washington Wizards,Washington Wizards,Miami Heat,94,95,189,1,Miami Heat,Washington Wizards,Away Win (95-94),94-95,Four 12-minute quarters / 48 min,No,Capital One Arena,"Washington, DC",20278,Miami Heat team victory,"Miami Heat defeated Washington Wizards 95-94 in Regular Season at Capital One Arena (Washington, DC).",SportsDataVerse hoopR / ESPN NBA Hidden API
392,301218005,2010-2011,2010,Regular Season,Regular Season,2010-12-18,Saturday,00:30,New York Knicks,Cleveland Cavaliers,Cleveland Cavaliers,New York Knicks,109,102,211,7,Cleveland Cavaliers,New York Knicks,Home Win (109-102),109-102,Four 12-minute quarters / 48 min,Yes,Rocket Mortgage FieldHouse,"Cleveland, OH",20562,Cleveland Cavaliers team victory (OT),"Cleveland Cavaliers edged New York Knicks 109-102 in overtime at Rocket Mortgage FieldHouse (Cleveland, OH).",SportsDataVerse hoopR / ESPN NBA Hidden API
393,301218004,2010-2011,2010,Regular Season,Regular Season,2010-12-18,Saturday,01:00,LA Clippers,Chicago Bulls,Chicago Bulls,LA Clippers,99,100,199,1,LA Clippers,Chicago Bulls,Away Win (100-99),99-100,Four 12-minute quarters / 48 min,No,United Center,"Chicago, IL",21760,LA Clippers team victory,"LA Clippers defeated Chicago Bulls 100-99 in Regular Season at United Center (Chicago, IL).",SportsDataVerse hoopR / ESPN NBA Hidden API
394,301218015,2010-2011,2010,Regular Season,Regular Season,2010-12-18,Saturday,01:30,Utah Jazz,Milwaukee Bucks,Milwaukee Bucks,Utah Jazz,86,95,181,9,Utah Jazz,Milwaukee Bucks,Away Win (95-86),86-95,Four 12-minute quarters / 48 min,No,BMO Harris Bradley Center,"Milwaukee, WI",16004,Utah Jazz team victory,"Utah Jazz defeated Milwaukee Bucks 95-86 in Regular Season at BMO Harris Bradley Center (Milwaukee, WI).",SportsDataVerse hoopR / ESPN NBA Hidden API
395,301218024,2010-2011,2010,Regular Season,Regular Season,2010-12-18,Saturday,01:30,Memphis Grizzlies,San Antonio Spurs,San Antonio Spurs,Memphis Grizzlies,112,106,218,6,San Antonio Spurs,Memphis Grizzlies,Home Win (112-106),112-106,Four 12-minute quarters / 48 min,Yes,AT&T Center,"San Antonio, TX",18581,San Antonio Spurs team victory (OT),"San Antonio Spurs edged Memphis Grizzlies 112-106 in overtime at AT&T Center (San Antonio, TX).",SportsDataVerse hoopR / ESPN NBA Hidden API
396,301218007,2010-2011,2010,Regular Season,Regular Season,2010-12-18,Saturday,02:00,Minnesota Timberwolves,Denver Nuggets,Denver Nuggets,Minnesota Timberwolves,115,113,228,2,Denver Nuggets,Minnesota Timberwolves,Home Win (115-113),115-113,Four 12-minute quarters / 48 min,No,Ball Arena,"Denver, CO",15409,Denver Nuggets team victory,"Denver Nuggets defeated Minnesota Timberwolves 115-113 in Regular Season at Ball Arena (Denver, CO).",SportsDataVerse hoopR / ESPN NBA Hidden API
397,301218022,2010-2011,2010,Regular Season,Regular Season,2010-12-18,Saturday,03:00,Golden State Warriors,Portland Trail Blazers,Portland Trail Blazers,Golden State Warriors,96,95,191,1,Portland Trail Blazers,Golden State Warriors,Home Win (96-95),96-95,Four 12-minute quarters / 48 min,No,Moda Center,"Portland, OR",20398,Portland Trail Blazers team victory,"Portland Trail Blazers defeated Golden State Warriors 96-95 in Regular Season at Moda Center (Portland, OR).",SportsDataVerse hoopR / ESPN NBA Hidden API
398,301219002,2010-2011,2010,Regular Season,Regular Season,2010-12-19,Sunday,18:00,Indiana Pacers,Boston Celtics,Boston Celtics,Indiana Pacers,99,88,187,11,Boston Celtics,Indiana Pacers,Home Win (99-88),99-88,Four 12-minute quarters / 48 min,No,TD Garden,"Boston, MA",18624,Boston Celtics team victory,"Boston Celtics defeated Indiana Pacers 99-88 in Regular Season at TD Garden (Boston, MA).",SportsDataVerse hoopR / ESPN NBA Hidden API
399,301219017,2010-2011,2010,Regular Season,Regular Season,2010-12-19,Sunday,18:00,Atlanta Hawks,New Jersey Nets,New Jersey Nets,Atlanta Hawks,89,82,171,7,New Jersey Nets,Atlanta Hawks,Home Win (89-82),89-82,Four 12-minute quarters / 48 min,No,Prudential Center,"Newark, NJ",11295,New Jersey Nets team victory,"New Jersey Nets defeated Atlanta Hawks 89-82 in Regular Season at Prudential Center (Newark, NJ).",SportsDataVerse hoopR / ESPN NBA Hidden API
400,301219028,2010-2011,2010,Regular Season,Regular Season,2010-12-19,Sunday,18:00,Los Angeles Lakers,Toronto Raptors,Toronto Raptors,Los Angeles Lakers,110,120,230,10,Los Angeles Lakers,Toronto Raptors,Away Win (120-110),110-120,Four 12-minute quarters / 48 min,No,Scotiabank Arena,"Toronto, ON",19935,Los Angeles Lakers team victory,"Los Angeles Lakers defeated Toronto Raptors 120-110 in Regular Season at Scotiabank Arena (Toronto, ON).",SportsDataVerse hoopR / ESPN NBA Hidden API
401,301219008,2010-2011,2010,Regular Season,Regular Season,2010-12-19,Sunday,23:00,New Orleans Hornets,Detroit Pistons,Detroit Pistons,New Orleans Hornets,111,108,219,3,Detroit Pistons,New Orleans Hornets,Home Win (111-108),111-108,Four 12-minute quarters / 48 min,Yes,The Palace of Auburn Hills,"Detroit, MI",16452,Detroit Pistons team victory (OT),"Detroit Pistons edged New Orleans Hornets 111-108 in overtime at The Palace of Auburn Hills (Detroit, MI).",SportsDataVerse hoopR / ESPN NBA Hidden API
402,301219023,2010-2011,2010,Regular Season,Regular Season,2010-12-19,Sunday,23:00,Houston Rockets,Sacramento Kings,Sacramento Kings,Houston Rockets,93,102,195,9,Houston Rockets,Sacramento Kings,Away Win (102-93),93-102,Four 12-minute quarters / 48 min,No,Sleep Train Arena,"Sacramento, CA",13599,Houston Rockets team victory,"Houston Rockets defeated Sacramento Kings 102-93 in Regular Season at Sleep Train Arena (Sacramento, CA).",SportsDataVerse hoopR / ESPN NBA Hidden API
403,301219025,2010-2011,2010,Regular Season,Regular Season,2010-12-19,Sunday,00:00,Phoenix Suns,Oklahoma City Thunder,Oklahoma City Thunder,Phoenix Suns,110,113,223,3,Phoenix Suns,Oklahoma City Thunder,Away Win (113-110),110-113,Four 12-minute quarters / 48 min,No,Paycom Center,"Oklahoma City, OK",18203,Phoenix Suns team victory,"Phoenix Suns defeated Oklahoma City Thunder 113-110 in Regular Season at Paycom Center (Oklahoma City, OK).",SportsDataVerse hoopR / ESPN NBA Hidden API
404,301220001,2010-2011,2010,Regular Season,Regular Season,2010-12-20,Monday,00:00,Orlando Magic,Atlanta Hawks,Atlanta Hawks,Orlando Magic,91,81,172,10,Atlanta Hawks,Orlando Magic,Home Win (91-81),91-81,Four 12-minute quarters / 48 min,No,State Farm Arena,"Atlanta, GA",16275,Atlanta Hawks team victory,"Atlanta Hawks defeated Orlando Magic 91-81 in Regular Season at State Farm Arena (Atlanta, GA).",SportsDataVerse hoopR / ESPN NBA Hidden API
405,301220005,2010-2011,2010,Regular Season,Regular Season,2010-12-20,Monday,00:00,Utah Jazz,Cleveland Cavaliers,Cleveland Cavaliers,Utah Jazz,90,101,191,11,Utah Jazz,Cleveland Cavaliers,Away Win (101-90),90-101,Four 12-minute quarters / 48 min,No,Rocket Mortgage FieldHouse,"Cleveland, OH",20562,Utah Jazz team victory,"Utah Jazz defeated Cleveland Cavaliers 101-90 in Regular Season at Rocket Mortgage FieldHouse (Cleveland, OH).",SportsDataVerse hoopR / ESPN NBA Hidden API
406,301220011,2010-2011,2010,Regular Season,Regular Season,2010-12-20,Monday,00:00,New Orleans Hornets,Indiana Pacers,Indiana Pacers,New Orleans Hornets,94,93,187,1,Indiana Pacers,New Orleans Hornets,Home Win (94-93),94-93,Four 12-minute quarters / 48 min,No,Gainbridge Fieldhouse,"Indianapolis, IN",12271,Indiana Pacers team victory,"Indiana Pacers defeated New Orleans Hornets 94-93 in Regular Season at Gainbridge Fieldhouse (Indianapolis, IN).",SportsDataVerse hoopR / ESPN NBA Hidden API
407,301220027,2010-2011,2010,Regular Season,Regular Season,2010-12-20,Monday,00:00,Charlotte Bobcats,Washington Wizards,Washington Wizards,Charlotte Bobcats,108,75,183,33,Washington Wizards,Charlotte Bobcats,Home Win (108-75),108-75,Four 12-minute quarters / 48 min,No,Capital One Arena,"Washington, DC",13825,Washington Wizards team victory,"Washington Wizards defeated Charlotte Bobcats 108-75 in Regular Season at Capital One Arena (Washington, DC).",SportsDataVerse hoopR / ESPN NBA Hidden API
408,301220014,2010-2011,2010,Regular Season,Regular Season,2010-12-20,Monday,00:30,Dallas Mavericks,Miami Heat,Miami Heat,Dallas Mavericks,96,98,194,2,Dallas Mavericks,Miami Heat,Away Win (98-96),96-98,Four 12-minute quarters / 48 min,No,Kaseya Center,"Miami, FL",20178,Dallas Mavericks team victory,"Dallas Mavericks defeated Miami Heat 98-96 in Regular Season at Kaseya Center (Miami, FL).",SportsDataVerse hoopR / ESPN NBA Hidden API
409,301220022,2010-2011,2010,Regular Season,Regular Season,2010-12-20,Monday,03:00,Milwaukee Bucks,Portland Trail Blazers,Portland Trail Blazers,Milwaukee Bucks,106,80,186,26,Portland Trail Blazers,Milwaukee Bucks,Home Win (106-80),106-80,Four 12-minute quarters / 48 min,No,Moda Center,"Portland, OR",20406,Portland Trail Blazers team victory,"Portland Trail Blazers defeated Milwaukee Bucks 106-80 in Regular Season at Moda Center (Portland, OR).",SportsDataVerse hoopR / ESPN NBA Hidden API
410,301220009,2010-2011,2010,Regular Season,Regular Season,2010-12-20,Monday,03:30,Houston Rockets,Golden State Warriors,Golden State Warriors,Houston Rockets,112,121,233,9,Houston Rockets,Golden State Warriors,Away Win (121-112),112-121,Four 12-minute quarters / 48 min,No,ORACLE Arena,"Oakland, CA",19256,Houston Rockets team victory,"Houston Rockets defeated Golden State Warriors 121-112 in Regular Season at ORACLE Arena (Oakland, CA).",SportsDataVerse hoopR / ESPN NBA Hidden API
411,301220012,2010-2011,2010,Regular Season,Regular Season,2010-12-20,Monday,03:30,Minnesota Timberwolves,LA Clippers,LA Clippers,Minnesota Timberwolves,113,90,203,23,LA Clippers,Minnesota Timberwolves,Home Win (113-90),113-90,Four 12-minute quarters / 48 min,No,crypto.com Arena,"Los Angeles, CA",16053,LA Clippers team victory,"LA Clippers defeated Minnesota Timberwolves 113-90 in Regular Season at crypto.com Arena (Los Angeles, CA).",SportsDataVerse hoopR / ESPN NBA Hidden API
412,301221019,2010-2011,2010,Regular Season,Regular Season,2010-12-21,Tuesday,00:00,Dallas Mavericks,Orlando Magic,Orlando Magic,Dallas Mavericks,99,105,204,6,Dallas Mavericks,Orlando Magic,Away Win (105-99),99-105,Four 12-minute quarters / 48 min,No,Amway Center,"Orlando, FL",19057,Dallas Mavericks team victory,"Dallas Mavericks defeated Orlando Magic 105-99 in Regular Season at Amway Center (Orlando, FL).",SportsDataVerse hoopR / ESPN NBA Hidden API
413,301221030,2010-2011,2010,Regular Season,Regular Season,2010-12-21,Tuesday,00:00,Oklahoma City Thunder,Charlotte Bobcats,Charlotte Bobcats,Oklahoma City Thunder,81,99,180,18,Oklahoma City Thunder,Charlotte Bobcats,Away Win (99-81),81-99,Four 12-minute quarters / 48 min,No,Spectrum Center,"Charlotte, NC",16876,Oklahoma City Thunder team victory,"Oklahoma City Thunder defeated Charlotte Bobcats 99-81 in Regular Season at Spectrum Center (Charlotte, NC).",SportsDataVerse hoopR / ESPN NBA Hidden API
414,301221004,2010-2011,2010,Regular Season,Regular Season,2010-12-21,Tuesday,01:00,Philadelphia 76ers,Chicago Bulls,Chicago Bulls,Philadelphia 76ers,121,76,197,45,Chicago Bulls,Philadelphia 76ers,Home Win (121-76),121-76,Four 12-minute quarters / 48 min,No,United Center,"Chicago, IL",21521,Chicago Bulls team victory,"Chicago Bulls defeated Philadelphia 76ers 121-76 in Regular Season at United Center (Chicago, IL).",SportsDataVerse hoopR / ESPN NBA Hidden API
415,301221029,2010-2011,2010,Regular Season,Regular Season,2010-12-21,Tuesday,01:00,New Jersey Nets,Memphis Grizzlies,Memphis Grizzlies,New Jersey Nets,94,101,195,7,New Jersey Nets,Memphis Grizzlies,Away Win (101-94),94-101,Four 12-minute quarters / 48 min,No,FedExForum,"Memphis, TN",14113,New Jersey Nets team victory,"New Jersey Nets defeated Memphis Grizzlies 101-94 in Regular Season at FedExForum (Memphis, TN).",SportsDataVerse hoopR / ESPN NBA Hidden API
416,301221023,2010-2011,2010,Regular Season,Regular Season,2010-12-21,Tuesday,03:00,Golden State Warriors,Sacramento Kings,Sacramento Kings,Golden State Warriors,109,117,226,8,Golden State Warriors,Sacramento Kings,Away Win (117-109),109-117,Four 12-minute quarters / 48 min,Yes,Sleep Train Arena,"Sacramento, CA",13740,Golden State Warriors team victory (OT),"Golden State Warriors edged Sacramento Kings 117-109 in overtime at Sleep Train Arena (Sacramento, CA).",SportsDataVerse hoopR / ESPN NBA Hidden API
417,301221013,2010-2011,2010,Regular Season,Regular Season,2010-12-21,Tuesday,03:30,Milwaukee Bucks,Los Angeles Lakers,Los Angeles Lakers,Milwaukee Bucks,79,98,177,19,Milwaukee Bucks,Los Angeles Lakers,Away Win (98-79),79-98,Four 12-minute quarters / 48 min,No,crypto.com Arena,"Los Angeles, CA",18997,Milwaukee Bucks team victory,"Milwaukee Bucks defeated Los Angeles Lakers 98-79 in Regular Season at crypto.com Arena (Los Angeles, CA).",SportsDataVerse hoopR / ESPN NBA Hidden API
418,301222001,2010-2011,2010,Regular Season,Regular Season,2010-12-22,Wednesday,00:00,Cleveland Cavaliers,Atlanta Hawks,Atlanta Hawks,Cleveland Cavaliers,98,84,182,14,Atlanta Hawks,Cleveland Cavaliers,Home Win (98-84),98-84,Four 12-minute quarters / 48 min,No,State Farm Arena,"Atlanta, GA",12610,Atlanta Hawks team victory,"Atlanta Hawks defeated Cleveland Cavaliers 98-84 in Regular Season at State Farm Arena (Atlanta, GA).",SportsDataVerse hoopR / ESPN NBA Hidden API
419,301222027,2010-2011,2010,Regular Season,Regular Season,2010-12-22,Wednesday,00:00,Chicago Bulls,Washington Wizards,Washington Wizards,Chicago Bulls,80,87,167,7,Chicago Bulls,Washington Wizards,Away Win (87-80),80-87,Four 12-minute quarters / 48 min,No,Capital One Arena,"Washington, DC",18011,Chicago Bulls team victory,"Chicago Bulls defeated Washington Wizards 87-80 in Regular Season at Capital One Arena (Washington, DC).",SportsDataVerse hoopR / ESPN NBA Hidden API
420,301222028,2010-2011,2010,Regular Season,Regular Season,2010-12-22,Wednesday,00:00,Detroit Pistons,Toronto Raptors,Toronto Raptors,Detroit Pistons,93,115,208,22,Detroit Pistons,Toronto Raptors,Away Win (115-93),93-115,Four 12-minute quarters / 48 min,No,Scotiabank Arena,"Toronto, ON",15303,Detroit Pistons team victory,"Detroit Pistons defeated Toronto Raptors 115-93 in Regular Season at Scotiabank Arena (Toronto, ON).",SportsDataVerse hoopR / ESPN NBA Hidden API
421,301222002,2010-2011,2010,Regular Season,Regular Season,2010-12-22,Wednesday,00:30,Philadelphia 76ers,Boston Celtics,Boston Celtics,Philadelphia 76ers,84,80,164,4,Boston Celtics,Philadelphia 76ers,Home Win (84-80),84-80,Four 12-minute quarters / 48 min,No,TD Garden,"Boston, MA",18624,Boston Celtics team victory,"Boston Celtics defeated Philadelphia 76ers 84-80 in Regular Season at TD Garden (Boston, MA).",SportsDataVerse hoopR / ESPN NBA Hidden API
422,301222018,2010-2011,2010,Regular Season,Regular Season,2010-12-22,Wednesday,00:30,Oklahoma City Thunder,New York Knicks,New York Knicks,Oklahoma City Thunder,112,98,210,14,New York Knicks,Oklahoma City Thunder,Home Win (112-98),112-98,Four 12-minute quarters / 48 min,No,Madison Square Garden,"New York, NY",19763,New York Knicks team victory,"New York Knicks defeated Oklahoma City Thunder 112-98 in Regular Season at Madison Square Garden (New York, NY).",SportsDataVerse hoopR / ESPN NBA Hidden API
423,301222003,2010-2011,2010,Regular Season,Regular Season,2010-12-22,Wednesday,01:00,New Jersey Nets,New Orleans Hornets,New Orleans Hornets,New Jersey Nets,105,91,196,14,New Orleans Hornets,New Jersey Nets,Home Win (105-91),105-91,Four 12-minute quarters / 48 min,No,Smoothie King Center,"New Orleans, LA",15423,New Orleans Hornets team victory,"New Orleans Hornets defeated New Jersey Nets 105-91 in Regular Season at Smoothie King Center (New Orleans, LA).",SportsDataVerse hoopR / ESPN NBA Hidden API
424,301222016,2010-2011,2010,Regular Season,Regular Season,2010-12-22,Wednesday,01:00,Utah Jazz,Minnesota Timberwolves,Minnesota Timberwolves,Utah Jazz,107,112,219,5,Utah Jazz,Minnesota Timberwolves,Away Win (112-107),107-112,Four 12-minute quarters / 48 min,No,Target Center,"Minneapolis, MN",15809,Utah Jazz team victory,"Utah Jazz defeated Minnesota Timberwolves 112-107 in Regular Season at Target Center (Minneapolis, MN).",SportsDataVerse hoopR / ESPN NBA Hidden API
425,301222024,2010-2011,2010,Regular Season,Regular Season,2010-12-22,Wednesday,01:30,Denver Nuggets,San Antonio Spurs,San Antonio Spurs,Denver Nuggets,109,103,212,6,San Antonio Spurs,Denver Nuggets,Home Win (109-103),109-103,Four 12-minute quarters / 48 min,No,AT&T Center,"San Antonio, TX",18581,San Antonio Spurs team victory,"San Antonio Spurs defeated Denver Nuggets 109-103 in Regular Season at AT&T Center (San Antonio, TX).",SportsDataVerse hoopR / ESPN NBA Hidden API
426,301223019,2010-2011,2010,Regular Season,Regular Season,2010-12-23,Thursday,01:00,San Antonio Spurs,Orlando Magic,Orlando Magic,San Antonio Spurs,123,101,224,22,Orlando Magic,San Antonio Spurs,Home Win (123-101),123-101,Four 12-minute quarters / 48 min,No,Amway Center,"Orlando, FL",18916,Orlando Magic team victory,"Orlando Magic defeated San Antonio Spurs 123-101 in Regular Season at Amway Center (Orlando, FL).",SportsDataVerse hoopR / ESPN NBA Hidden API
427,301223023,2010-2011,2010,Regular Season,Regular Season,2010-12-23,Thursday,03:00,Milwaukee Bucks,Sacramento Kings,Sacramento Kings,Milwaukee Bucks,79,84,163,5,Milwaukee Bucks,Sacramento Kings,Away Win (84-79),79-84,Four 12-minute quarters / 48 min,No,Sleep Train Arena,"Sacramento, CA",12360,Milwaukee Bucks team victory,"Milwaukee Bucks defeated Sacramento Kings 84-79 in Regular Season at Sleep Train Arena (Sacramento, CA).",SportsDataVerse hoopR / ESPN NBA Hidden API
428,301223021,2010-2011,2010,Regular Season,Regular Season,2010-12-23,Thursday,03:30,Miami Heat,Phoenix Suns,Phoenix Suns,Miami Heat,83,95,178,12,Miami Heat,Phoenix Suns,Away Win (95-83),83-95,Four 12-minute quarters / 48 min,No,Footprint Center,"Phoenix, AZ",18422,Miami Heat team victory,"Miami Heat defeated Phoenix Suns 95-83 in Regular Season at Footprint Center (Phoenix, AZ).",SportsDataVerse hoopR / ESPN NBA Hidden API
429,301225018,2010-2011,2010,Regular Season,Regular Season,2010-12-25,Saturday,17:00,Chicago Bulls,New York Knicks,New York Knicks,Chicago Bulls,103,95,198,8,New York Knicks,Chicago Bulls,Home Win (103-95),103-95,Four 12-minute quarters / 48 min,No,Madison Square Garden,"New York, NY",19763,New York Knicks team victory,"New York Knicks defeated Chicago Bulls 103-95 in Regular Season at Madison Square Garden (New York, NY).",SportsDataVerse hoopR / ESPN NBA Hidden API
430,301225019,2010-2011,2010,Regular Season,Regular Season,2010-12-25,Saturday,19:30,Boston Celtics,Orlando Magic,Orlando Magic,Boston Celtics,86,78,164,8,Orlando Magic,Boston Celtics,Home Win (86-78),86-78,Four 12-minute quarters / 48 min,No,Amway Center,"Orlando, FL",19013,Orlando Magic team victory,"Orlando Magic defeated Boston Celtics 86-78 in Regular Season at Amway Center (Orlando, FL).",SportsDataVerse hoopR / ESPN NBA Hidden API
431,301225013,2010-2011,2010,Regular Season,Regular Season,2010-12-25,Saturday,22:00,Miami Heat,Los Angeles Lakers,Los Angeles Lakers,Miami Heat,80,96,176,16,Miami Heat,Los Angeles Lakers,Away Win (96-80),80-96,Four 12-minute quarters / 48 min,No,crypto.com Arena,"Los Angeles, CA",18997,Miami Heat team victory,"Miami Heat defeated Los Angeles Lakers 96-80 in Regular Season at crypto.com Arena (Los Angeles, CA).",SportsDataVerse hoopR / ESPN NBA Hidden API
432,301225025,2010-2011,2010,Regular Season,Regular Season,2010-12-25,Saturday,01:00,Denver Nuggets,Oklahoma City Thunder,Oklahoma City Thunder,Denver Nuggets,114,106,220,8,Oklahoma City Thunder,Denver Nuggets,Home Win (114-106),114-106,Four 12-minute quarters / 48 min,No,Paycom Center,"Oklahoma City, OK",18203,Oklahoma City Thunder team victory,"Oklahoma City Thunder defeated Denver Nuggets 114-106 in Regular Season at Paycom Center (Oklahoma City, OK).",SportsDataVerse hoopR / ESPN NBA Hidden API
433,301225009,2010-2011,2010,Regular Season,Regular Season,2010-12-25,Saturday,03:30,Portland Trail Blazers,Golden State Warriors,Golden State Warriors,Portland Trail Blazers,109,102,211,7,Golden State Warriors,Portland Trail Blazers,Home Win (109-102),109-102,Four 12-minute quarters / 48 min,No,ORACLE Arena,"Oakland, CA",19596,Golden State Warriors team victory,"Golden State Warriors defeated Portland Trail Blazers 109-102 in Regular Season at ORACLE Arena (Oakland, CA).",SportsDataVerse hoopR / ESPN NBA Hidden API
434,301226012,2010-2011,2010,Regular Season,Regular Season,2010-12-26,Sunday,20:00,Phoenix Suns,LA Clippers,LA Clippers,Phoenix Suns,108,103,211,5,LA Clippers,Phoenix Suns,Home Win (108-103),108-103,Four 12-minute quarters / 48 min,No,crypto.com Arena,"Los Angeles, CA",19060,LA Clippers team victory,"LA Clippers defeated Phoenix Suns 108-103 in Regular Season at crypto.com Arena (Los Angeles, CA).",SportsDataVerse hoopR / ESPN NBA Hidden API
435,301226005,2010-2011,2010,Regular Season,Regular Season,2010-12-26,Sunday,23:00,Minnesota Timberwolves,Cleveland Cavaliers,Cleveland Cavaliers,Minnesota Timberwolves,97,98,195,1,Minnesota Timberwolves,Cleveland Cavaliers,Away Win (98-97),97-98,Four 12-minute quarters / 48 min,No,Rocket Mortgage FieldHouse,"Cleveland, OH",20562,Minnesota Timberwolves team victory,"Minnesota Timberwolves defeated Cleveland Cavaliers 98-97 in Regular Season at Rocket Mortgage FieldHouse (Cleveland, OH).",SportsDataVerse hoopR / ESPN NBA Hidden API
436,301226008,2010-2011,2010,Regular Season,Regular Season,2010-12-26,Sunday,23:00,Chicago Bulls,Detroit Pistons,Detroit Pistons,Chicago Bulls,92,95,187,3,Chicago Bulls,Detroit Pistons,Away Win (95-92),92-95,Four 12-minute quarters / 48 min,Yes,The Palace of Auburn Hills,"Detroit, MI",20765,Chicago Bulls team victory (OT),"Chicago Bulls edged Detroit Pistons 95-92 in overtime at The Palace of Auburn Hills (Detroit, MI).",SportsDataVerse hoopR / ESPN NBA Hidden API
437,301226003,2010-2011,2010,Regular Season,Regular Season,2010-12-26,Sunday,00:00,Atlanta Hawks,New Orleans Hornets,New Orleans Hornets,Atlanta Hawks,93,86,179,7,New Orleans Hornets,Atlanta Hawks,Home Win (93-86),93-86,Four 12-minute quarters / 48 min,No,Smoothie King Center,"New Orleans, LA",15626,New Orleans Hornets team victory,"New Orleans Hornets defeated Atlanta Hawks 93-86 in Regular Season at Smoothie King Center (New Orleans, LA).",SportsDataVerse hoopR / ESPN NBA Hidden API
438,301226011,2010-2011,2010,Regular Season,Regular Season,2010-12-26,Sunday,00:00,Memphis Grizzlies,Indiana Pacers,Indiana Pacers,Memphis Grizzlies,90,104,194,14,Memphis Grizzlies,Indiana Pacers,Away Win (104-90),90-104,Four 12-minute quarters / 48 min,No,Gainbridge Fieldhouse,"Indianapolis, IN",12630,Memphis Grizzlies team victory,"Memphis Grizzlies defeated Indiana Pacers 104-90 in Regular Season at Gainbridge Fieldhouse (Indianapolis, IN).",SportsDataVerse hoopR / ESPN NBA Hidden API
439,301226024,2010-2011,2010,Regular Season,Regular Season,2010-12-26,Sunday,00:00,Washington Wizards,San Antonio Spurs,San Antonio Spurs,Washington Wizards,94,80,174,14,San Antonio Spurs,Washington Wizards,Home Win (94-80),94-80,Four 12-minute quarters / 48 min,No,AT&T Center,"San Antonio, TX",18581,San Antonio Spurs team victory,"San Antonio Spurs defeated Washington Wizards 94-80 in Regular Season at AT&T Center (San Antonio, TX).",SportsDataVerse hoopR / ESPN NBA Hidden API
440,301226007,2010-2011,2010,Regular Season,Regular Season,2010-12-26,Sunday,01:00,Philadelphia 76ers,Denver Nuggets,Denver Nuggets,Philadelphia 76ers,89,95,184,6,Philadelphia 76ers,Denver Nuggets,Away Win (95-89),89-95,Four 12-minute quarters / 48 min,No,Ball Arena,"Denver, CO",19155,Philadelphia 76ers team victory,"Philadelphia 76ers defeated Denver Nuggets 95-89 in Regular Season at Ball Arena (Denver, CO).",SportsDataVerse hoopR / ESPN NBA Hidden API
441,301227017,2010-2011,2010,Regular Season,Regular Season,2010-12-27,Monday,00:00,Orlando Magic,New Jersey Nets,New Jersey Nets,Orlando Magic,88,104,192,16,Orlando Magic,New Jersey Nets,Away Win (104-88),88-104,Four 12-minute quarters / 48 min,No,Prudential Center,"Newark, NJ",11514,Orlando Magic team victory,"Orlando Magic defeated New Jersey Nets 104-88 in Regular Season at Prudential Center (Newark, NJ).",SportsDataVerse hoopR / ESPN NBA Hidden API
442,301227030,2010-2011,2010,Regular Season,Regular Season,2010-12-27,Monday,00:00,Detroit Pistons,Charlotte Bobcats,Charlotte Bobcats,Detroit Pistons,105,100,205,5,Charlotte Bobcats,Detroit Pistons,Home Win (105-100),105-100,Four 12-minute quarters / 48 min,No,Spectrum Center,"Charlotte, NC",14418,Charlotte Bobcats team victory,"Charlotte Bobcats defeated Detroit Pistons 105-100 in Regular Season at Spectrum Center (Charlotte, NC).",SportsDataVerse hoopR / ESPN NBA Hidden API
443,301227015,2010-2011,2010,Regular Season,Regular Season,2010-12-27,Monday,01:00,Atlanta Hawks,Milwaukee Bucks,Milwaukee Bucks,Atlanta Hawks,80,95,175,15,Atlanta Hawks,Milwaukee Bucks,Away Win (95-80),80-95,Four 12-minute quarters / 48 min,No,BMO Harris Bradley Center,"Milwaukee, WI",16751,Atlanta Hawks team victory,"Atlanta Hawks defeated Milwaukee Bucks 95-80 in Regular Season at BMO Harris Bradley Center (Milwaukee, WI).",SportsDataVerse hoopR / ESPN NBA Hidden API
444,301227016,2010-2011,2010,Regular Season,Regular Season,2010-12-27,Monday,01:00,New Orleans Hornets,Minnesota Timberwolves,Minnesota Timberwolves,New Orleans Hornets,113,98,211,15,Minnesota Timberwolves,New Orleans Hornets,Home Win (113-98),113-98,Four 12-minute quarters / 48 min,No,Target Center,"Minneapolis, MN",11679,Minnesota Timberwolves team victory,"Minnesota Timberwolves defeated New Orleans Hornets 113-98 in Regular Season at Target Center (Minneapolis, MN).",SportsDataVerse hoopR / ESPN NBA Hidden API
445,301227025,2010-2011,2010,Regular Season,Regular Season,2010-12-27,Monday,01:00,Dallas Mavericks,Oklahoma City Thunder,Oklahoma City Thunder,Dallas Mavericks,93,103,196,10,Dallas Mavericks,Oklahoma City Thunder,Away Win (103-93),93-103,Four 12-minute quarters / 48 min,No,Paycom Center,"Oklahoma City, OK",18203,Dallas Mavericks team victory,"Dallas Mavericks defeated Oklahoma City Thunder 103-93 in Regular Season at Paycom Center (Oklahoma City, OK).",SportsDataVerse hoopR / ESPN NBA Hidden API
446,301227029,2010-2011,2010,Regular Season,Regular Season,2010-12-27,Monday,01:00,Toronto Raptors,Memphis Grizzlies,Memphis Grizzlies,Toronto Raptors,96,85,181,11,Memphis Grizzlies,Toronto Raptors,Home Win (96-85),96-85,Four 12-minute quarters / 48 min,No,FedExForum,"Memphis, TN",14971,Memphis Grizzlies team victory,"Memphis Grizzlies defeated Toronto Raptors 96-85 in Regular Season at FedExForum (Memphis, TN).",SportsDataVerse hoopR / ESPN NBA Hidden API
447,301227010,2010-2011,2010,Regular Season,Regular Season,2010-12-27,Monday,01:30,Washington Wizards,Houston Rockets,Houston Rockets,Washington Wizards,100,93,193,7,Houston Rockets,Washington Wizards,Home Win (100-93),100-93,Four 12-minute quarters / 48 min,No,Toyota Center (Houston),"Houston, TX",18143,Houston Rockets team victory,"Houston Rockets defeated Washington Wizards 100-93 in Regular Season at Toyota Center (Houston) (Houston, TX).",SportsDataVerse hoopR / ESPN NBA Hidden API
448,301227026,2010-2011,2010,Regular Season,Regular Season,2010-12-27,Monday,02:00,Portland Trail Blazers,Utah Jazz,Utah Jazz,Portland Trail Blazers,91,96,187,5,Portland Trail Blazers,Utah Jazz,Away Win (96-91),91-96,Four 12-minute quarters / 48 min,No,Vivint Arena,"Salt Lake City, UT",19911,Portland Trail Blazers team victory,"Portland Trail Blazers defeated Utah Jazz 96-91 in Regular Season at Vivint Arena (Salt Lake City, UT).",SportsDataVerse hoopR / ESPN NBA Hidden API
449,301227023,2010-2011,2010,Regular Season,Regular Season,2010-12-27,Monday,03:00,LA Clippers,Sacramento Kings,Sacramento Kings,LA Clippers,99,100,199,1,LA Clippers,Sacramento Kings,Away Win (100-99),99-100,Four 12-minute quarters / 48 min,No,Sleep Train Arena,"Sacramento, CA",14590,LA Clippers team victory,"LA Clippers defeated Sacramento Kings 100-99 in Regular Season at Sleep Train Arena (Sacramento, CA).",SportsDataVerse hoopR / ESPN NBA Hidden API
450,301227009,2010-2011,2010,Regular Season,Regular Season,2010-12-27,Monday,03:30,Philadelphia 76ers,Golden State Warriors,Golden State Warriors,Philadelphia 76ers,110,95,205,15,Golden State Warriors,Philadelphia 76ers,Home Win (110-95),110-95,Four 12-minute quarters / 48 min,No,ORACLE Arena,"Oakland, CA",19208,Golden State Warriors team victory,"Golden State Warriors defeated Philadelphia 76ers 110-95 in Regular Season at ORACLE Arena (Oakland, CA).",SportsDataVerse hoopR / ESPN NBA Hidden API
451,301228005,2010-2011,2010,Regular Season,Regular Season,2010-12-28,Tuesday,00:00,Orlando Magic,Cleveland Cavaliers,Cleveland Cavaliers,Orlando Magic,95,110,205,15,Orlando Magic,Cleveland Cavaliers,Away Win (110-95),95-110,Four 12-minute quarters / 48 min,No,Rocket Mortgage FieldHouse,"Cleveland, OH",20562,Orlando Magic team victory,"Orlando Magic defeated Cleveland Cavaliers 110-95 in Regular Season at Rocket Mortgage FieldHouse (Cleveland, OH).",SportsDataVerse hoopR / ESPN NBA Hidden API
452,301228011,2010-2011,2010,Regular Season,Regular Season,2010-12-28,Tuesday,00:00,Boston Celtics,Indiana Pacers,Indiana Pacers,Boston Celtics,83,95,178,12,Boston Celtics,Indiana Pacers,Away Win (95-83),83-95,Four 12-minute quarters / 48 min,No,Gainbridge Fieldhouse,"Indianapolis, IN",18165,Boston Celtics team victory,"Boston Celtics defeated Indiana Pacers 95-83 in Regular Season at Gainbridge Fieldhouse (Indianapolis, IN).",SportsDataVerse hoopR / ESPN NBA Hidden API
453,301228014,2010-2011,2010,Regular Season,Regular Season,2010-12-28,Tuesday,00:30,New York Knicks,Miami Heat,Miami Heat,New York Knicks,106,98,204,8,Miami Heat,New York Knicks,Home Win (106-98),106-98,Four 12-minute quarters / 48 min,No,Kaseya Center,"Miami, FL",20288,Miami Heat team victory,"Miami Heat defeated New York Knicks 106-98 in Regular Season at Kaseya Center (Miami, FL).",SportsDataVerse hoopR / ESPN NBA Hidden API
454,301228004,2010-2011,2010,Regular Season,Regular Season,2010-12-28,Tuesday,01:00,Milwaukee Bucks,Chicago Bulls,Chicago Bulls,Milwaukee Bucks,90,77,167,13,Chicago Bulls,Milwaukee Bucks,Home Win (90-77),90-77,Four 12-minute quarters / 48 min,No,United Center,"Chicago, IL",22091,Chicago Bulls team victory,"Chicago Bulls defeated Milwaukee Bucks 90-77 in Regular Season at United Center (Chicago, IL).",SportsDataVerse hoopR / ESPN NBA Hidden API
455,301228006,2010-2011,2010,Regular Season,Regular Season,2010-12-28,Tuesday,01:30,Toronto Raptors,Dallas Mavericks,Dallas Mavericks,Toronto Raptors,76,84,160,8,Toronto Raptors,Dallas Mavericks,Away Win (84-76),76-84,Four 12-minute quarters / 48 min,No,American Airlines Center,"Dallas, TX",20027,Toronto Raptors team victory,"Toronto Raptors defeated Dallas Mavericks 84-76 in Regular Season at American Airlines Center (Dallas, TX).",SportsDataVerse hoopR / ESPN NBA Hidden API
456,301228024,2010-2011,2010,Regular Season,Regular Season,2010-12-28,Tuesday,01:30,Los Angeles Lakers,San Antonio Spurs,San Antonio Spurs,Los Angeles Lakers,97,82,179,15,San Antonio Spurs,Los Angeles Lakers,Home Win (97-82),97-82,Four 12-minute quarters / 48 min,No,AT&T Center,"San Antonio, TX",18581,San Antonio Spurs team victory,"San Antonio Spurs defeated Los Angeles Lakers 97-82 in Regular Season at AT&T Center (San Antonio, TX).",SportsDataVerse hoopR / ESPN NBA Hidden API
457,301228007,2010-2011,2010,Regular Season,Regular Season,2010-12-28,Tuesday,02:00,Portland Trail Blazers,Denver Nuggets,Denver Nuggets,Portland Trail Blazers,95,77,172,18,Denver Nuggets,Portland Trail Blazers,Home Win (95-77),95-77,Four 12-minute quarters / 48 min,No,Ball Arena,"Denver, CO",17388,Denver Nuggets team victory,"Denver Nuggets defeated Portland Trail Blazers 95-77 in Regular Season at Ball Arena (Denver, CO).",SportsDataVerse hoopR / ESPN NBA Hidden API
458,301229001,2010-2011,2010,Regular Season,Regular Season,2010-12-29,Wednesday,00:00,Golden State Warriors,Atlanta Hawks,Atlanta Hawks,Golden State Warriors,103,93,196,10,Atlanta Hawks,Golden State Warriors,Home Win (103-93),103-93,Four 12-minute quarters / 48 min,No,State Farm Arena,"Atlanta, GA",15925,Atlanta Hawks team victory,"Atlanta Hawks defeated Golden State Warriors 103-93 in Regular Season at State Farm Arena (Atlanta, GA).",SportsDataVerse hoopR / ESPN NBA Hidden API
459,301229027,2010-2011,2010,Regular Season,Regular Season,2010-12-29,Wednesday,00:00,Indiana Pacers,Washington Wizards,Washington Wizards,Indiana Pacers,104,90,194,14,Washington Wizards,Indiana Pacers,Home Win (104-90),104-90,Four 12-minute quarters / 48 min,No,Capital One Arena,"Washington, DC",16108,Washington Wizards team victory,"Washington Wizards defeated Indiana Pacers 104-90 in Regular Season at Capital One Arena (Washington, DC).",SportsDataVerse hoopR / ESPN NBA Hidden API
460,301229030,2010-2011,2010,Regular Season,Regular Season,2010-12-29,Wednesday,00:00,Cleveland Cavaliers,Charlotte Bobcats,Charlotte Bobcats,Cleveland Cavaliers,101,92,193,9,Charlotte Bobcats,Cleveland Cavaliers,Home Win (101-92),101-92,Four 12-minute quarters / 48 min,No,Spectrum Center,"Charlotte, NC",15287,Charlotte Bobcats team victory,"Charlotte Bobcats defeated Cleveland Cavaliers 101-92 in Regular Season at Spectrum Center (Charlotte, NC).",SportsDataVerse hoopR / ESPN NBA Hidden API
461,301229008,2010-2011,2010,Regular Season,Regular Season,2010-12-29,Wednesday,00:30,Boston Celtics,Detroit Pistons,Detroit Pistons,Boston Celtics,104,92,196,12,Detroit Pistons,Boston Celtics,Home Win (104-92),104-92,Four 12-minute quarters / 48 min,No,The Palace of Auburn Hills,"Detroit, MI",22076,Detroit Pistons team victory,"Detroit Pistons defeated Boston Celtics 104-92 in Regular Season at The Palace of Auburn Hills (Detroit, MI).",SportsDataVerse hoopR / ESPN NBA Hidden API
462,301229003,2010-2011,2010,Regular Season,Regular Season,2010-12-29,Wednesday,01:00,Los Angeles Lakers,New Orleans Hornets,New Orleans Hornets,Los Angeles Lakers,88,103,191,15,Los Angeles Lakers,New Orleans Hornets,Away Win (103-88),88-103,Four 12-minute quarters / 48 min,No,Smoothie King Center,"New Orleans, LA",18018,Los Angeles Lakers team victory,"Los Angeles Lakers defeated New Orleans Hornets 103-88 in Regular Season at Smoothie King Center (New Orleans, LA).",SportsDataVerse hoopR / ESPN NBA Hidden API
463,301229016,2010-2011,2010,Regular Season,Regular Season,2010-12-29,Wednesday,01:00,Denver Nuggets,Minnesota Timberwolves,Minnesota Timberwolves,Denver Nuggets,113,119,232,6,Denver Nuggets,Minnesota Timberwolves,Away Win (119-113),113-119,Four 12-minute quarters / 48 min,No,Target Center,"Minneapolis, MN",17093,Denver Nuggets team victory,"Denver Nuggets defeated Minnesota Timberwolves 119-113 in Regular Season at Target Center (Minneapolis, MN).",SportsDataVerse hoopR / ESPN NBA Hidden API
464,301229025,2010-2011,2010,Regular Season,Regular Season,2010-12-29,Wednesday,01:00,New Jersey Nets,Oklahoma City Thunder,Oklahoma City Thunder,New Jersey Nets,114,93,207,21,Oklahoma City Thunder,New Jersey Nets,Home Win (114-93),114-93,Four 12-minute quarters / 48 min,No,Paycom Center,"Oklahoma City, OK",18203,Oklahoma City Thunder team victory,"Oklahoma City Thunder defeated New Jersey Nets 114-93 in Regular Season at Paycom Center (Oklahoma City, OK).",SportsDataVerse hoopR / ESPN NBA Hidden API
465,301229010,2010-2011,2010,Regular Season,Regular Season,2010-12-29,Wednesday,01:30,Miami Heat,Houston Rockets,Houston Rockets,Miami Heat,119,125,244,6,Miami Heat,Houston Rockets,Away Win (125-119),119-125,Four 12-minute quarters / 48 min,No,Toyota Center (Houston),"Houston, TX",18409,Miami Heat team victory,"Miami Heat defeated Houston Rockets 125-119 in Regular Season at Toyota Center (Houston) (Houston, TX).",SportsDataVerse hoopR / ESPN NBA Hidden API
466,301229021,2010-2011,2010,Regular Season,Regular Season,2010-12-29,Wednesday,02:00,Philadelphia 76ers,Phoenix Suns,Phoenix Suns,Philadelphia 76ers,110,123,233,13,Philadelphia 76ers,Phoenix Suns,Away Win (123-110),110-123,Four 12-minute quarters / 48 min,No,Footprint Center,"Phoenix, AZ",18422,Philadelphia 76ers team victory,"Philadelphia 76ers defeated Phoenix Suns 123-110 in Regular Season at Footprint Center (Phoenix, AZ).",SportsDataVerse hoopR / ESPN NBA Hidden API
467,301229023,2010-2011,2010,Regular Season,Regular Season,2010-12-29,Wednesday,03:00,Memphis Grizzlies,Sacramento Kings,Sacramento Kings,Memphis Grizzlies,100,98,198,2,Sacramento Kings,Memphis Grizzlies,Home Win (100-98),100-98,Four 12-minute quarters / 48 min,No,Sleep Train Arena,"Sacramento, CA",12636,Sacramento Kings team victory,"Sacramento Kings defeated Memphis Grizzlies 100-98 in Regular Season at Sleep Train Arena (Sacramento, CA).",SportsDataVerse hoopR / ESPN NBA Hidden API
468,301229012,2010-2011,2010,Regular Season,Regular Season,2010-12-29,Wednesday,03:30,Utah Jazz,LA Clippers,LA Clippers,Utah Jazz,95,103,198,8,Utah Jazz,LA Clippers,Away Win (103-95),95-103,Four 12-minute quarters / 48 min,No,crypto.com Arena,"Los Angeles, CA",19060,Utah Jazz team victory,"Utah Jazz defeated LA Clippers 103-95 in Regular Season at crypto.com Arena (Los Angeles, CA).",SportsDataVerse hoopR / ESPN NBA Hidden API
469,301230019,2010-2011,2010,Regular Season,Regular Season,2010-12-30,Thursday,00:00,New York Knicks,Orlando Magic,Orlando Magic,New York Knicks,112,103,215,9,Orlando Magic,New York Knicks,Home Win (112-103),112-103,Four 12-minute quarters / 48 min,No,Amway Center,"Orlando, FL",19090,Orlando Magic team victory,"Orlando Magic defeated New York Knicks 112-103 in Regular Season at Amway Center (Orlando, FL).",SportsDataVerse hoopR / ESPN NBA Hidden API
470,301230006,2010-2011,2010,Regular Season,Regular Season,2010-12-30,Thursday,02:30,San Antonio Spurs,Dallas Mavericks,Dallas Mavericks,San Antonio Spurs,93,99,192,6,San Antonio Spurs,Dallas Mavericks,Away Win (99-93),93-99,Four 12-minute quarters / 48 min,No,American Airlines Center,"Dallas, TX",20604,San Antonio Spurs team victory,"San Antonio Spurs defeated Dallas Mavericks 99-93 in Regular Season at American Airlines Center (Dallas, TX).",SportsDataVerse hoopR / ESPN NBA Hidden API
471,301230022,2010-2011,2010,Regular Season,Regular Season,2010-12-30,Thursday,03:00,Utah Jazz,Portland Trail Blazers,Portland Trail Blazers,Utah Jazz,100,89,189,11,Portland Trail Blazers,Utah Jazz,Home Win (100-89),100-89,Four 12-minute quarters / 48 min,No,Moda Center,"Portland, OR",20652,Portland Trail Blazers team victory,"Portland Trail Blazers defeated Utah Jazz 100-89 in Regular Season at Moda Center (Portland, OR).",SportsDataVerse hoopR / ESPN NBA Hidden API
472,301231002,2010-2011,2010,Regular Season,Regular Season,2010-12-31,Friday,20:00,New Orleans Hornets,Boston Celtics,Boston Celtics,New Orleans Hornets,81,83,164,2,New Orleans Hornets,Boston Celtics,Away Win (83-81),81-83,Four 12-minute quarters / 48 min,No,TD Garden,"Boston, MA",18624,New Orleans Hornets team victory,"New Orleans Hornets defeated Boston Celtics 83-81 in Regular Season at TD Garden (Boston, MA).",SportsDataVerse hoopR / ESPN NBA Hidden API
473,301231004,2010-2011,2010,Regular Season,Regular Season,2010-12-31,Friday,20:00,New Jersey Nets,Chicago Bulls,Chicago Bulls,New Jersey Nets,90,81,171,9,Chicago Bulls,New Jersey Nets,Home Win (90-81),90-81,Four 12-minute quarters / 48 min,No,United Center,"Chicago, IL",21792,Chicago Bulls team victory,"Chicago Bulls defeated New Jersey Nets 90-81 in Regular Season at United Center (Chicago, IL).",SportsDataVerse hoopR / ESPN NBA Hidden API
474,301231011,2010-2011,2010,Regular Season,Regular Season,2010-12-31,Friday,20:00,Washington Wizards,Indiana Pacers,Indiana Pacers,Washington Wizards,95,86,181,9,Indiana Pacers,Washington Wizards,Home Win (95-86),95-86,Four 12-minute quarters / 48 min,No,Gainbridge Fieldhouse,"Indianapolis, IN",13043,Indiana Pacers team victory,"Indiana Pacers defeated Washington Wizards 95-86 in Regular Season at Gainbridge Fieldhouse (Indianapolis, IN).",SportsDataVerse hoopR / ESPN NBA Hidden API
475,301231030,2010-2011,2010,Regular Season,Regular Season,2010-12-31,Friday,20:00,Golden State Warriors,Charlotte Bobcats,Charlotte Bobcats,Golden State Warriors,95,96,191,1,Golden State Warriors,Charlotte Bobcats,Away Win (96-95),95-96,Four 12-minute quarters / 48 min,No,Spectrum Center,"Charlotte, NC",16249,Golden State Warriors team victory,"Golden State Warriors defeated Charlotte Bobcats 96-95 in Regular Season at Spectrum Center (Charlotte, NC).",SportsDataVerse hoopR / ESPN NBA Hidden API
476,301231010,2010-2011,2010,Regular Season,Regular Season,2010-12-31,Friday,00:00,Toronto Raptors,Houston Rockets,Houston Rockets,Toronto Raptors,114,105,219,9,Houston Rockets,Toronto Raptors,Home Win (114-105),114-105,Four 12-minute quarters / 48 min,No,Toyota Center (Houston),"Houston, TX",18121,Houston Rockets team victory,"Houston Rockets defeated Toronto Raptors 114-105 in Regular Season at Toyota Center (Houston) (Houston, TX).",SportsDataVerse hoopR / ESPN NBA Hidden API
477,301231025,2010-2011,2010,Regular Season,Regular Season,2010-12-31,Friday,01:00,Atlanta Hawks,Oklahoma City Thunder,Oklahoma City Thunder,Atlanta Hawks,103,94,197,9,Oklahoma City Thunder,Atlanta Hawks,Home Win (103-94),103-94,Four 12-minute quarters / 48 min,No,Paycom Center,"Oklahoma City, OK",18203,Oklahoma City Thunder team victory,"Oklahoma City Thunder defeated Atlanta Hawks 103-94 in Regular Season at Paycom Center (Oklahoma City, OK).",SportsDataVerse hoopR / ESPN NBA Hidden API
478,301231021,2010-2011,2010,Regular Season,Regular Season,2010-12-31,Friday,02:00,Detroit Pistons,Phoenix Suns,Phoenix Suns,Detroit Pistons,92,75,167,17,Phoenix Suns,Detroit Pistons,Home Win (92-75),92-75,Four 12-minute quarters / 48 min,No,Footprint Center,"Phoenix, AZ",17637,Phoenix Suns team victory,"Phoenix Suns defeated Detroit Pistons 92-75 in Regular Season at Footprint Center (Phoenix, AZ).",SportsDataVerse hoopR / ESPN NBA Hidden API
479,301231013,2010-2011,2010,Regular Season,Regular Season,2010-12-31,Friday,03:30,Philadelphia 76ers,Los Angeles Lakers,Los Angeles Lakers,Philadelphia 76ers,102,98,200,4,Los Angeles Lakers,Philadelphia 76ers,Home Win (102-98),102-98,Four 12-minute quarters / 48 min,No,crypto.com Arena,"Los Angeles, CA",18997,Los Angeles Lakers team victory,"Los Angeles Lakers defeated Philadelphia 76ers 102-98 in Regular Season at crypto.com Arena (Los Angeles, CA).",SportsDataVerse hoopR / ESPN NBA Hidden API
480,310101004,2010-2011,2010,Regular Season,Regular Season,2011-01-01,Saturday,00:00,Cleveland Cavaliers,Chicago Bulls,Chicago Bulls,Cleveland Cavaliers,100,91,191,9,Chicago Bulls,Cleveland Cavaliers,Home Win (100-91),100-91,Four 12-minute quarters / 48 min,No,United Center,"Chicago, IL",21416,Chicago Bulls team victory,"Chicago Bulls defeated Cleveland Cavaliers 100-91 in Regular Season at United Center (Chicago, IL).",SportsDataVerse hoopR / ESPN NBA Hidden API
481,310101027,2010-2011,2010,Regular Season,Regular Season,2011-01-01,Saturday,00:00,New Orleans Hornets,Washington Wizards,Washington Wizards,New Orleans Hornets,81,92,173,11,New Orleans Hornets,Washington Wizards,Away Win (92-81),81-92,Four 12-minute quarters / 48 min,No,Capital One Arena,"Washington, DC",16026,New Orleans Hornets team victory,"New Orleans Hornets defeated Washington Wizards 92-81 in Regular Season at Capital One Arena (Washington, DC).",SportsDataVerse hoopR / ESPN NBA Hidden API
482,310101014,2010-2011,2010,Regular Season,Regular Season,2011-01-01,Saturday,00:30,Golden State Warriors,Miami Heat,Miami Heat,Golden State Warriors,114,107,221,7,Miami Heat,Golden State Warriors,Home Win (114-107),114-107,Four 12-minute quarters / 48 min,No,Kaseya Center,"Miami, FL",20254,Miami Heat team victory,"Miami Heat defeated Golden State Warriors 114-107 in Regular Season at Kaseya Center (Miami, FL).",SportsDataVerse hoopR / ESPN NBA Hidden API
483,310101016,2010-2011,2010,Regular Season,Regular Season,2011-01-01,Saturday,01:00,New Jersey Nets,Minnesota Timberwolves,Minnesota Timberwolves,New Jersey Nets,103,88,191,15,Minnesota Timberwolves,New Jersey Nets,Home Win (103-88),103-88,Four 12-minute quarters / 48 min,No,Target Center,"Minneapolis, MN",12665,Minnesota Timberwolves team victory,"Minnesota Timberwolves defeated New Jersey Nets 103-88 in Regular Season at Target Center (Minneapolis, MN).",SportsDataVerse hoopR / ESPN NBA Hidden API
484,310101024,2010-2011,2010,Regular Season,Regular Season,2011-01-01,Saturday,01:30,Oklahoma City Thunder,San Antonio Spurs,San Antonio Spurs,Oklahoma City Thunder,101,74,175,27,San Antonio Spurs,Oklahoma City Thunder,Home Win (101-74),101-74,Four 12-minute quarters / 48 min,No,AT&T Center,"San Antonio, TX",18581,San Antonio Spurs team victory,"San Antonio Spurs defeated Oklahoma City Thunder 101-74 in Regular Season at AT&T Center (San Antonio, TX).",SportsDataVerse hoopR / ESPN NBA Hidden API
485,310101007,2010-2011,2010,Regular Season,Regular Season,2011-01-01,Saturday,02:00,Sacramento Kings,Denver Nuggets,Denver Nuggets,Sacramento Kings,104,86,190,18,Denver Nuggets,Sacramento Kings,Home Win (104-86),104-86,Four 12-minute quarters / 48 min,No,Ball Arena,"Denver, CO",17466,Denver Nuggets team victory,"Denver Nuggets defeated Sacramento Kings 104-86 in Regular Season at Ball Arena (Denver, CO).",SportsDataVerse hoopR / ESPN NBA Hidden API
486,310101015,2010-2011,2010,Regular Season,Regular Season,2011-01-01,Saturday,02:00,Dallas Mavericks,Milwaukee Bucks,Milwaukee Bucks,Dallas Mavericks,99,87,186,12,Milwaukee Bucks,Dallas Mavericks,Home Win (99-87),99-87,Four 12-minute quarters / 48 min,No,BMO Harris Bradley Center,"Milwaukee, WI",13194,Milwaukee Bucks team victory,"Milwaukee Bucks defeated Dallas Mavericks 99-87 in Regular Season at BMO Harris Bradley Center (Milwaukee, WI).",SportsDataVerse hoopR / ESPN NBA Hidden API
487,310101026,2010-2011,2010,Regular Season,Regular Season,2011-01-01,Saturday,02:00,Memphis Grizzlies,Utah Jazz,Utah Jazz,Memphis Grizzlies,98,92,190,6,Utah Jazz,Memphis Grizzlies,Home Win (98-92),98-92,Four 12-minute quarters / 48 min,No,Vivint Arena,"Salt Lake City, UT",19732,Utah Jazz team victory,"Utah Jazz defeated Memphis Grizzlies 98-92 in Regular Season at Vivint Arena (Salt Lake City, UT).",SportsDataVerse hoopR / ESPN NBA Hidden API
488,310102018,2010-2011,2010,Regular Season,Regular Season,2011-01-02,Sunday,18:00,Indiana Pacers,New York Knicks,New York Knicks,Indiana Pacers,98,92,190,6,New York Knicks,Indiana Pacers,Home Win (98-92),98-92,Four 12-minute quarters / 48 min,No,Madison Square Garden,"New York, NY",19763,New York Knicks team victory,"New York Knicks defeated Indiana Pacers 98-92 in Regular Season at Madison Square Garden (New York, NY).",SportsDataVerse hoopR / ESPN NBA Hidden API
489,310102012,2010-2011,2010,Regular Season,Regular Season,2011-01-02,Sunday,20:30,Atlanta Hawks,LA Clippers,LA Clippers,Atlanta Hawks,98,107,205,9,Atlanta Hawks,LA Clippers,Away Win (107-98),98-107,Four 12-minute quarters / 48 min,No,crypto.com Arena,"Los Angeles, CA",16750,Atlanta Hawks team victory,"Atlanta Hawks defeated LA Clippers 107-98 in Regular Season at crypto.com Arena (Los Angeles, CA).",SportsDataVerse hoopR / ESPN NBA Hidden API
490,310102028,2010-2011,2010,Regular Season,Regular Season,2011-01-02,Sunday,23:00,Boston Celtics,Toronto Raptors,Toronto Raptors,Boston Celtics,79,93,172,14,Boston Celtics,Toronto Raptors,Away Win (93-79),79-93,Four 12-minute quarters / 48 min,No,Scotiabank Arena,"Toronto, ON",19986,Boston Celtics team victory,"Boston Celtics defeated Toronto Raptors 93-79 in Regular Season at Scotiabank Arena (Toronto, ON).",SportsDataVerse hoopR / ESPN NBA Hidden API
491,310102005,2010-2011,2010,Regular Season,Regular Season,2011-01-02,Sunday,00:00,Dallas Mavericks,Cleveland Cavaliers,Cleveland Cavaliers,Dallas Mavericks,95,104,199,9,Dallas Mavericks,Cleveland Cavaliers,Away Win (104-95),95-104,Four 12-minute quarters / 48 min,No,Rocket Mortgage FieldHouse,"Cleveland, OH",20562,Dallas Mavericks team victory,"Dallas Mavericks defeated Cleveland Cavaliers 104-95 in Regular Season at Rocket Mortgage FieldHouse (Cleveland, OH).",SportsDataVerse hoopR / ESPN NBA Hidden API
492,310102022,2010-2011,2010,Regular Season,Regular Season,2011-01-02,Sunday,02:00,Houston Rockets,Portland Trail Blazers,Portland Trail Blazers,Houston Rockets,100,85,185,15,Portland Trail Blazers,Houston Rockets,Home Win (100-85),100-85,Four 12-minute quarters / 48 min,No,Moda Center,"Portland, OR",20416,Portland Trail Blazers team victory,"Portland Trail Blazers defeated Houston Rockets 100-85 in Regular Season at Moda Center (Portland, OR).",SportsDataVerse hoopR / ESPN NBA Hidden API
493,310102023,2010-2011,2010,Regular Season,Regular Season,2011-01-02,Sunday,02:00,Phoenix Suns,Sacramento Kings,Sacramento Kings,Phoenix Suns,94,89,183,5,Sacramento Kings,Phoenix Suns,Home Win (94-89),94-89,Four 12-minute quarters / 48 min,No,Sleep Train Arena,"Sacramento, CA",12500,Sacramento Kings team victory,"Sacramento Kings defeated Phoenix Suns 94-89 in Regular Season at Sleep Train Arena (Sacramento, CA).",SportsDataVerse hoopR / ESPN NBA Hidden API
494,310102013,2010-2011,2010,Regular Season,Regular Season,2011-01-02,Sunday,02:30,Memphis Grizzlies,Los Angeles Lakers,Los Angeles Lakers,Memphis Grizzlies,85,104,189,19,Memphis Grizzlies,Los Angeles Lakers,Away Win (104-85),85-104,Four 12-minute quarters / 48 min,No,crypto.com Arena,"Los Angeles, CA",18997,Memphis Grizzlies team victory,"Memphis Grizzlies defeated Los Angeles Lakers 104-85 in Regular Season at crypto.com Arena (Los Angeles, CA).",SportsDataVerse hoopR / ESPN NBA Hidden API
495,310103019,2010-2011,2010,Regular Season,Regular Season,2011-01-03,Monday,00:00,Golden State Warriors,Orlando Magic,Orlando Magic,Golden State Warriors,110,90,200,20,Orlando Magic,Golden State Warriors,Home Win (110-90),110-90,Four 12-minute quarters / 48 min,No,Amway Center,"Orlando, FL",18846,Orlando Magic team victory,"Orlando Magic defeated Golden State Warriors 110-90 in Regular Season at Amway Center (Orlando, FL).",SportsDataVerse hoopR / ESPN NBA Hidden API
496,310103030,2010-2011,2010,Regular Season,Regular Season,2011-01-03,Monday,00:00,Miami Heat,Charlotte Bobcats,Charlotte Bobcats,Miami Heat,82,96,178,14,Miami Heat,Charlotte Bobcats,Away Win (96-82),82-96,Four 12-minute quarters / 48 min,No,Spectrum Center,"Charlotte, NC",19233,Miami Heat team victory,"Miami Heat defeated Charlotte Bobcats 96-82 in Regular Season at Spectrum Center (Charlotte, NC).",SportsDataVerse hoopR / ESPN NBA Hidden API
497,310103002,2010-2011,2010,Regular Season,Regular Season,2011-01-03,Monday,00:30,Minnesota Timberwolves,Boston Celtics,Boston Celtics,Minnesota Timberwolves,96,93,189,3,Boston Celtics,Minnesota Timberwolves,Home Win (96-93),96-93,Four 12-minute quarters / 48 min,No,TD Garden,"Boston, MA",18624,Boston Celtics team victory,"Boston Celtics defeated Minnesota Timberwolves 96-93 in Regular Season at TD Garden (Boston, MA).",SportsDataVerse hoopR / ESPN NBA Hidden API
498,310103003,2010-2011,2010,Regular Season,Regular Season,2011-01-03,Monday,01:00,Philadelphia 76ers,New Orleans Hornets,New Orleans Hornets,Philadelphia 76ers,84,77,161,7,New Orleans Hornets,Philadelphia 76ers,Home Win (84-77),84-77,Four 12-minute quarters / 48 min,No,Smoothie King Center,"New Orleans, LA",13433,New Orleans Hornets team victory,"New Orleans Hornets defeated Philadelphia 76ers 84-77 in Regular Season at Smoothie King Center (New Orleans, LA).",SportsDataVerse hoopR / ESPN NBA Hidden API
499,310103007,2010-2011,2010,Regular Season,Regular Season,2011-01-03,Monday,02:00,Houston Rockets,Denver Nuggets,Denver Nuggets,Houston Rockets,113,106,219,7,Denver Nuggets,Houston Rockets,Home Win (113-106),113-106,Four 12-minute quarters / 48 min,No,Ball Arena,"Denver, CO",17136,Denver Nuggets team victory,"Denver Nuggets defeated Houston Rockets 113-106 in Regular Season at Ball Arena (Denver, CO).",SportsDataVerse hoopR / ESPN NBA Hidden API
500,310103026,2010-2011,2010,Regular Season,Regular Season,2011-01-03,Monday,02:00,Detroit Pistons,Utah Jazz,Utah Jazz,Detroit Pistons,102,97,199,5,Utah Jazz,Detroit Pistons,Home Win (102-97),102-97,Four 12-minute quarters / 48 min,No,Vivint Arena,"Salt Lake City, UT",19911,Utah Jazz team victory,"Utah Jazz defeated Detroit Pistons 102-97 in Regular Season at Vivint Arena (Salt Lake City, UT).",SportsDataVerse hoopR / ESPN NBA Hidden API
501,310104014,2010-2011,2010,Regular Season,Regular Season,2011-01-04,Tuesday,00:30,Milwaukee Bucks,Miami Heat,Miami Heat,Milwaukee Bucks,101,89,190,12,Miami Heat,Milwaukee Bucks,Home Win (101-89),101-89,Four 12-minute quarters / 48 min,No,Kaseya Center,"Miami, FL",20215,Miami Heat team victory,"Miami Heat defeated Milwaukee Bucks 101-89 in Regular Season at Kaseya Center (Miami, FL).",SportsDataVerse hoopR / ESPN NBA Hidden API
502,310104018,2010-2011,2010,Regular Season,Regular Season,2011-01-04,Tuesday,00:30,San Antonio Spurs,New York Knicks,New York Knicks,San Antonio Spurs,128,115,243,13,New York Knicks,San Antonio Spurs,Home Win (128-115),128-115,Four 12-minute quarters / 48 min,No,Madison Square Garden,"New York, NY",19763,New York Knicks team victory,"New York Knicks defeated San Antonio Spurs 128-115 in Regular Season at Madison Square Garden (New York, NY).",SportsDataVerse hoopR / ESPN NBA Hidden API
503,310104004,2010-2011,2010,Regular Season,Regular Season,2011-01-04,Tuesday,01:00,Toronto Raptors,Chicago Bulls,Chicago Bulls,Toronto Raptors,111,91,202,20,Chicago Bulls,Toronto Raptors,Home Win (111-91),111-91,Four 12-minute quarters / 48 min,No,United Center,"Chicago, IL",21290,Chicago Bulls team victory,"Chicago Bulls defeated Toronto Raptors 111-91 in Regular Season at United Center (Chicago, IL).",SportsDataVerse hoopR / ESPN NBA Hidden API
504,310104029,2010-2011,2010,Regular Season,Regular Season,2011-01-04,Tuesday,01:00,Oklahoma City Thunder,Memphis Grizzlies,Memphis Grizzlies,Oklahoma City Thunder,110,105,215,5,Memphis Grizzlies,Oklahoma City Thunder,Home Win (110-105),110-105,Four 12-minute quarters / 48 min,No,FedExForum,"Memphis, TN",12765,Memphis Grizzlies team victory,"Memphis Grizzlies defeated Oklahoma City Thunder 110-105 in Regular Season at FedExForum (Memphis, TN).",SportsDataVerse hoopR / ESPN NBA Hidden API
505,310104006,2010-2011,2010,Regular Season,Regular Season,2011-01-04,Tuesday,01:30,Portland Trail Blazers,Dallas Mavericks,Dallas Mavericks,Portland Trail Blazers,84,81,165,3,Dallas Mavericks,Portland Trail Blazers,Home Win (84-81),84-81,Four 12-minute quarters / 48 min,No,American Airlines Center,"Dallas, TX",19514,Dallas Mavericks team victory,"Dallas Mavericks defeated Portland Trail Blazers 84-81 in Regular Season at American Airlines Center (Dallas, TX).",SportsDataVerse hoopR / ESPN NBA Hidden API
506,310104023,2010-2011,2010,Regular Season,Regular Season,2011-01-04,Tuesday,03:00,Atlanta Hawks,Sacramento Kings,Sacramento Kings,Atlanta Hawks,102,108,210,6,Atlanta Hawks,Sacramento Kings,Away Win (108-102),102-108,Four 12-minute quarters / 48 min,No,Sleep Train Arena,"Sacramento, CA",11472,Atlanta Hawks team victory,"Atlanta Hawks defeated Sacramento Kings 108-102 in Regular Season at Sleep Train Arena (Sacramento, CA).",SportsDataVerse hoopR / ESPN NBA Hidden API
507,310104013,2010-2011,2010,Regular Season,Regular Season,2011-01-04,Tuesday,03:30,Detroit Pistons,Los Angeles Lakers,Los Angeles Lakers,Detroit Pistons,108,83,191,25,Los Angeles Lakers,Detroit Pistons,Home Win (108-83),108-83,Four 12-minute quarters / 48 min,No,crypto.com Arena,"Los Angeles, CA",18997,Los Angeles Lakers team victory,"Los Angeles Lakers defeated Detroit Pistons 108-83 in Regular Season at crypto.com Arena (Los Angeles, CA).",SportsDataVerse hoopR / ESPN NBA Hidden API
508,310105005,2010-2011,2010,Regular Season,Regular Season,2011-01-05,Wednesday,00:00,Toronto Raptors,Cleveland Cavaliers,Cleveland Cavaliers,Toronto Raptors,105,120,225,15,Toronto Raptors,Cleveland Cavaliers,Away Win (120-105),105-120,Four 12-minute quarters / 48 min,No,Rocket Mortgage FieldHouse,"Cleveland, OH",20562,Toronto Raptors team victory,"Toronto Raptors defeated Cleveland Cavaliers 120-105 in Regular Season at Rocket Mortgage FieldHouse (Cleveland, OH).",SportsDataVerse hoopR / ESPN NBA Hidden API
509,310105017,2010-2011,2010,Regular Season,Regular Season,2011-01-05,Wednesday,00:00,Chicago Bulls,New Jersey Nets,New Jersey Nets,Chicago Bulls,96,94,190,2,New Jersey Nets,Chicago Bulls,Home Win (96-94),96-94,Four 12-minute quarters / 48 min,No,Prudential Center,"Newark, NJ",15025,New Jersey Nets team victory,"New Jersey Nets defeated Chicago Bulls 96-94 in Regular Season at Prudential Center (Newark, NJ).",SportsDataVerse hoopR / ESPN NBA Hidden API
510,310105019,2010-2011,2010,Regular Season,Regular Season,2011-01-05,Wednesday,00:00,Milwaukee Bucks,Orlando Magic,Orlando Magic,Milwaukee Bucks,97,87,184,10,Orlando Magic,Milwaukee Bucks,Home Win (97-87),97-87,Four 12-minute quarters / 48 min,No,Amway Center,"Orlando, FL",18846,Orlando Magic team victory,"Orlando Magic defeated Milwaukee Bucks 97-87 in Regular Season at Amway Center (Orlando, FL).",SportsDataVerse hoopR / ESPN NBA Hidden API
511,310105020,2010-2011,2010,Regular Season,Regular Season,2011-01-05,Wednesday,00:00,Washington Wizards,Philadelphia 76ers,Philadelphia 76ers,Washington Wizards,109,97,206,12,Philadelphia 76ers,Washington Wizards,Home Win (109-97),109-97,Four 12-minute quarters / 48 min,No,Wells Fargo Center,"Philadelphia, PA",12434,Philadelphia 76ers team victory,"Philadelphia 76ers defeated Washington Wizards 109-97 in Regular Season at Wells Fargo Center (Philadelphia, PA).",SportsDataVerse hoopR / ESPN NBA Hidden API
512,310105002,2010-2011,2010,Regular Season,Regular Season,2011-01-05,Wednesday,00:30,San Antonio Spurs,Boston Celtics,Boston Celtics,San Antonio Spurs,105,103,208,2,Boston Celtics,San Antonio Spurs,Home Win (105-103),105-103,Four 12-minute quarters / 48 min,No,TD Garden,"Boston, MA",18624,Boston Celtics team victory,"Boston Celtics defeated San Antonio Spurs 105-103 in Regular Season at TD Garden (Boston, MA).",SportsDataVerse hoopR / ESPN NBA Hidden API
513,310105003,2010-2011,2010,Regular Season,Regular Season,2011-01-05,Wednesday,01:00,Golden State Warriors,New Orleans Hornets,New Orleans Hornets,Golden State Warriors,103,110,213,7,Golden State Warriors,New Orleans Hornets,Away Win (110-103),103-110,Four 12-minute quarters / 48 min,No,Smoothie King Center,"New Orleans, LA",13532,Golden State Warriors team victory,"Golden State Warriors defeated New Orleans Hornets 110-103 in Regular Season at Smoothie King Center (New Orleans, LA).",SportsDataVerse hoopR / ESPN NBA Hidden API
514,310105016,2010-2011,2010,Regular Season,Regular Season,2011-01-05,Wednesday,01:00,Charlotte Bobcats,Minnesota Timberwolves,Minnesota Timberwolves,Charlotte Bobcats,105,108,213,3,Charlotte Bobcats,Minnesota Timberwolves,Away Win (108-105),105-108,Four 12-minute quarters / 48 min,Yes,Target Center,"Minneapolis, MN",14881,Charlotte Bobcats team victory (OT),"Charlotte Bobcats edged Minnesota Timberwolves 108-105 in overtime at Target Center (Minneapolis, MN).",SportsDataVerse hoopR / ESPN NBA Hidden API
515,310105010,2010-2011,2010,Regular Season,Regular Season,2011-01-05,Wednesday,01:30,Portland Trail Blazers,Houston Rockets,Houston Rockets,Portland Trail Blazers,100,103,203,3,Portland Trail Blazers,Houston Rockets,Away Win (103-100),100-103,Four 12-minute quarters / 48 min,No,Toyota Center (Houston),"Houston, TX",14125,Portland Trail Blazers team victory,"Portland Trail Blazers defeated Houston Rockets 103-100 in Regular Season at Toyota Center (Houston) (Houston, TX).",SportsDataVerse hoopR / ESPN NBA Hidden API
516,310105026,2010-2011,2010,Regular Season,Regular Season,2011-01-05,Wednesday,02:00,Atlanta Hawks,Utah Jazz,Utah Jazz,Atlanta Hawks,87,110,197,23,Atlanta Hawks,Utah Jazz,Away Win (110-87),87-110,Four 12-minute quarters / 48 min,No,Vivint Arena,"Salt Lake City, UT",19911,Atlanta Hawks team victory,"Atlanta Hawks defeated Utah Jazz 110-87 in Regular Season at Vivint Arena (Salt Lake City, UT).",SportsDataVerse hoopR / ESPN NBA Hidden API
517,310105012,2010-2011,2010,Regular Season,Regular Season,2011-01-05,Wednesday,03:30,Denver Nuggets,LA Clippers,LA Clippers,Denver Nuggets,106,93,199,13,LA Clippers,Denver Nuggets,Home Win (106-93),106-93,Four 12-minute quarters / 48 min,No,crypto.com Arena,"Los Angeles, CA",17540,LA Clippers team victory,"LA Clippers defeated Denver Nuggets 106-93 in Regular Season at crypto.com Arena (Los Angeles, CA).",SportsDataVerse hoopR / ESPN NBA Hidden API
518,310105021,2010-2011,2010,Regular Season,Regular Season,2011-01-05,Wednesday,03:30,Los Angeles Lakers,Phoenix Suns,Phoenix Suns,Los Angeles Lakers,95,99,194,4,Los Angeles Lakers,Phoenix Suns,Away Win (99-95),95-99,Four 12-minute quarters / 48 min,No,Footprint Center,"Phoenix, AZ",18105,Los Angeles Lakers team victory,"Los Angeles Lakers defeated Phoenix Suns 99-95 in Regular Season at Footprint Center (Phoenix, AZ).",SportsDataVerse hoopR / ESPN NBA Hidden API
519,310106006,2010-2011,2010,Regular Season,Regular Season,2011-01-06,Thursday,01:00,Oklahoma City Thunder,Dallas Mavericks,Dallas Mavericks,Oklahoma City Thunder,95,99,194,4,Oklahoma City Thunder,Dallas Mavericks,Away Win (99-95),95-99,Four 12-minute quarters / 48 min,No,American Airlines Center,"Dallas, TX",20282,Oklahoma City Thunder team victory,"Oklahoma City Thunder defeated Dallas Mavericks 99-95 in Regular Season at American Airlines Center (Dallas, TX).",SportsDataVerse hoopR / ESPN NBA Hidden API
520,310106023,2010-2011,2010,Regular Season,Regular Season,2011-01-06,Thursday,03:30,Denver Nuggets,Sacramento Kings,Sacramento Kings,Denver Nuggets,122,102,224,20,Sacramento Kings,Denver Nuggets,Home Win (122-102),122-102,Four 12-minute quarters / 48 min,No,Sleep Train Arena,"Sacramento, CA",13184,Sacramento Kings team victory,"Sacramento Kings defeated Denver Nuggets 122-102 in Regular Season at Sleep Train Arena (Sacramento, CA).",SportsDataVerse hoopR / ESPN NBA Hidden API
521,310107011,2010-2011,2010,Regular Season,Regular Season,2011-01-07,Friday,00:00,San Antonio Spurs,Indiana Pacers,Indiana Pacers,San Antonio Spurs,87,90,177,3,San Antonio Spurs,Indiana Pacers,Away Win (90-87),87-90,Four 12-minute quarters / 48 min,No,Gainbridge Fieldhouse,"Indianapolis, IN",14157,San Antonio Spurs team victory,"San Antonio Spurs defeated Indiana Pacers 90-87 in Regular Season at Gainbridge Fieldhouse (Indianapolis, IN).",SportsDataVerse hoopR / ESPN NBA Hidden API
522,310107020,2010-2011,2010,Regular Season,Regular Season,2011-01-07,Friday,00:00,Chicago Bulls,Philadelphia 76ers,Philadelphia 76ers,Chicago Bulls,105,99,204,6,Philadelphia 76ers,Chicago Bulls,Home Win (105-99),105-99,Four 12-minute quarters / 48 min,No,Wells Fargo Center,"Philadelphia, PA",15303,Philadelphia 76ers team victory,"Philadelphia 76ers defeated Chicago Bulls 105-99 in Regular Season at Wells Fargo Center (Philadelphia, PA).",SportsDataVerse hoopR / ESPN NBA Hidden API
523,310107027,2010-2011,2010,Regular Season,Regular Season,2011-01-07,Friday,00:00,New Jersey Nets,Washington Wizards,Washington Wizards,New Jersey Nets,97,77,174,20,Washington Wizards,New Jersey Nets,Home Win (97-77),97-77,Four 12-minute quarters / 48 min,No,Capital One Arena,"Washington, DC",16017,Washington Wizards team victory,"Washington Wizards defeated New Jersey Nets 97-77 in Regular Season at Capital One Arena (Washington, DC).",SportsDataVerse hoopR / ESPN NBA Hidden API
524,310107002,2010-2011,2010,Regular Season,Regular Season,2011-01-07,Friday,00:30,Toronto Raptors,Boston Celtics,Boston Celtics,Toronto Raptors,122,102,224,20,Boston Celtics,Toronto Raptors,Home Win (122-102),122-102,Four 12-minute quarters / 48 min,No,TD Garden,"Boston, MA",18624,Boston Celtics team victory,"Boston Celtics defeated Toronto Raptors 122-102 in Regular Season at TD Garden (Boston, MA).",SportsDataVerse hoopR / ESPN NBA Hidden API
525,310107016,2010-2011,2010,Regular Season,Regular Season,2011-01-07,Friday,01:00,Portland Trail Blazers,Minnesota Timberwolves,Minnesota Timberwolves,Portland Trail Blazers,98,108,206,10,Portland Trail Blazers,Minnesota Timberwolves,Away Win (108-98),98-108,Four 12-minute quarters / 48 min,No,Target Center,"Minneapolis, MN",12213,Portland Trail Blazers team victory,"Portland Trail Blazers defeated Minnesota Timberwolves 108-98 in Regular Season at Target Center (Minneapolis, MN).",SportsDataVerse hoopR / ESPN NBA Hidden API
526,310107019,2010-2011,2010,Regular Season,Regular Season,2011-01-07,Friday,01:00,Houston Rockets,Orlando Magic,Orlando Magic,Houston Rockets,110,95,205,15,Orlando Magic,Houston Rockets,Home Win (110-95),110-95,Four 12-minute quarters / 48 min,No,Amway Center,"Orlando, FL",19107,Orlando Magic team victory,"Orlando Magic defeated Houston Rockets 110-95 in Regular Season at Amway Center (Orlando, FL).",SportsDataVerse hoopR / ESPN NBA Hidden API
527,310107029,2010-2011,2010,Regular Season,Regular Season,2011-01-07,Friday,01:00,Utah Jazz,Memphis Grizzlies,Memphis Grizzlies,Utah Jazz,110,99,209,11,Memphis Grizzlies,Utah Jazz,Home Win (110-99),110-99,Four 12-minute quarters / 48 min,No,FedExForum,"Memphis, TN",14781,Memphis Grizzlies team victory,"Memphis Grizzlies defeated Utah Jazz 110-99 in Regular Season at FedExForum (Memphis, TN).",SportsDataVerse hoopR / ESPN NBA Hidden API
528,310107015,2010-2011,2010,Regular Season,Regular Season,2011-01-07,Friday,01:30,Miami Heat,Milwaukee Bucks,Milwaukee Bucks,Miami Heat,95,101,196,6,Miami Heat,Milwaukee Bucks,Away Win (101-95),95-101,Four 12-minute quarters / 48 min,Yes,BMO Harris Bradley Center,"Milwaukee, WI",18717,Miami Heat team victory (OT),"Miami Heat edged Milwaukee Bucks 101-95 in overtime at BMO Harris Bradley Center (Milwaukee, WI).",SportsDataVerse hoopR / ESPN NBA Hidden API
529,310107009,2010-2011,2010,Regular Season,Regular Season,2011-01-07,Friday,03:30,Cleveland Cavaliers,Golden State Warriors,Golden State Warriors,Cleveland Cavaliers,116,98,214,18,Golden State Warriors,Cleveland Cavaliers,Home Win (116-98),116-98,Four 12-minute quarters / 48 min,No,ORACLE Arena,"Oakland, CA",18858,Golden State Warriors team victory,"Golden State Warriors defeated Cleveland Cavaliers 116-98 in Regular Season at ORACLE Arena (Oakland, CA).",SportsDataVerse hoopR / ESPN NBA Hidden API
530,310107013,2010-2011,2010,Regular Season,Regular Season,2011-01-07,Friday,03:30,New Orleans Hornets,Los Angeles Lakers,Los Angeles Lakers,New Orleans Hornets,101,97,198,4,Los Angeles Lakers,New Orleans Hornets,Home Win (101-97),101-97,Four 12-minute quarters / 48 min,No,crypto.com Arena,"Los Angeles, CA",18997,Los Angeles Lakers team victory,"Los Angeles Lakers defeated New Orleans Hornets 101-97 in Regular Season at crypto.com Arena (Los Angeles, CA).",SportsDataVerse hoopR / ESPN NBA Hidden API
531,310107021,2010-2011,2010,Regular Season,Regular Season,2011-01-07,Friday,03:30,New York Knicks,Phoenix Suns,Phoenix Suns,New York Knicks,96,121,217,25,New York Knicks,Phoenix Suns,Away Win (121-96),96-121,Four 12-minute quarters / 48 min,No,Footprint Center,"Phoenix, AZ",17621,New York Knicks team victory,"New York Knicks defeated Phoenix Suns 121-96 in Regular Season at Footprint Center (Phoenix, AZ).",SportsDataVerse hoopR / ESPN NBA Hidden API
532,310108001,2010-2011,2010,Regular Season,Regular Season,2011-01-08,Saturday,00:00,Indiana Pacers,Atlanta Hawks,Atlanta Hawks,Indiana Pacers,108,93,201,15,Atlanta Hawks,Indiana Pacers,Home Win (108-93),108-93,Four 12-minute quarters / 48 min,No,State Farm Arena,"Atlanta, GA",13547,Atlanta Hawks team victory,"Atlanta Hawks defeated Indiana Pacers 108-93 in Regular Season at State Farm Arena (Atlanta, GA).",SportsDataVerse hoopR / ESPN NBA Hidden API
533,310108017,2010-2011,2010,Regular Season,Regular Season,2011-01-08,Saturday,00:00,Milwaukee Bucks,New Jersey Nets,New Jersey Nets,Milwaukee Bucks,92,115,207,23,Milwaukee Bucks,New Jersey Nets,Away Win (115-92),92-115,Four 12-minute quarters / 48 min,No,Prudential Center,"Newark, NJ",12898,Milwaukee Bucks team victory,"Milwaukee Bucks defeated New Jersey Nets 115-92 in Regular Season at Prudential Center (Newark, NJ).",SportsDataVerse hoopR / ESPN NBA Hidden API
534,310108030,2010-2011,2010,Regular Season,Regular Season,2011-01-08,Saturday,00:00,Washington Wizards,Charlotte Bobcats,Charlotte Bobcats,Washington Wizards,104,89,193,15,Charlotte Bobcats,Washington Wizards,Home Win (104-89),104-89,Four 12-minute quarters / 48 min,No,Spectrum Center,"Charlotte, NC",16038,Charlotte Bobcats team victory,"Charlotte Bobcats defeated Washington Wizards 104-89 in Regular Season at Spectrum Center (Charlotte, NC).",SportsDataVerse hoopR / ESPN NBA Hidden API
535,310108008,2010-2011,2010,Regular Season,Regular Season,2011-01-08,Saturday,00:30,Philadelphia 76ers,Detroit Pistons,Detroit Pistons,Philadelphia 76ers,112,109,221,3,Detroit Pistons,Philadelphia 76ers,Home Win (112-109),112-109,Four 12-minute quarters / 48 min,Yes,The Palace of Auburn Hills,"Detroit, MI",20038,Detroit Pistons team victory (OT),"Detroit Pistons edged Philadelphia 76ers 112-109 in overtime at The Palace of Auburn Hills (Detroit, MI).",SportsDataVerse hoopR / ESPN NBA Hidden API
536,310108004,2010-2011,2010,Regular Season,Regular Season,2011-01-08,Saturday,01:00,Boston Celtics,Chicago Bulls,Chicago Bulls,Boston Celtics,90,79,169,11,Chicago Bulls,Boston Celtics,Home Win (90-79),90-79,Four 12-minute quarters / 48 min,No,United Center,"Chicago, IL",22663,Chicago Bulls team victory,"Chicago Bulls defeated Boston Celtics 90-79 in Regular Season at United Center (Chicago, IL).",SportsDataVerse hoopR / ESPN NBA Hidden API
537,310108025,2010-2011,2010,Regular Season,Regular Season,2011-01-08,Saturday,01:00,Memphis Grizzlies,Oklahoma City Thunder,Oklahoma City Thunder,Memphis Grizzlies,109,100,209,9,Oklahoma City Thunder,Memphis Grizzlies,Home Win (109-100),109-100,Four 12-minute quarters / 48 min,No,Paycom Center,"Oklahoma City, OK",18203,Oklahoma City Thunder team victory,"Oklahoma City Thunder defeated Memphis Grizzlies 109-100 in Regular Season at Paycom Center (Oklahoma City, OK).",SportsDataVerse hoopR / ESPN NBA Hidden API
538,310108006,2010-2011,2010,Regular Season,Regular Season,2011-01-08,Saturday,01:30,Orlando Magic,Dallas Mavericks,Dallas Mavericks,Orlando Magic,107,117,224,10,Orlando Magic,Dallas Mavericks,Away Win (117-107),107-117,Four 12-minute quarters / 48 min,No,American Airlines Center,"Dallas, TX",20178,Orlando Magic team victory,"Orlando Magic defeated Dallas Mavericks 117-107 in Regular Season at American Airlines Center (Dallas, TX).",SportsDataVerse hoopR / ESPN NBA Hidden API
539,310108010,2010-2011,2010,Regular Season,Regular Season,2011-01-08,Saturday,01:30,Utah Jazz,Houston Rockets,Houston Rockets,Utah Jazz,99,103,202,4,Utah Jazz,Houston Rockets,Away Win (103-99),99-103,Four 12-minute quarters / 48 min,Yes,Toyota Center (Houston),"Houston, TX",16113,Utah Jazz team victory (OT),"Utah Jazz edged Houston Rockets 103-99 in overtime at Toyota Center (Houston) (Houston, TX).",SportsDataVerse hoopR / ESPN NBA Hidden API
540,310109028,2010-2011,2010,Regular Season,Regular Season,2011-01-09,Sunday,18:00,Sacramento Kings,Toronto Raptors,Toronto Raptors,Sacramento Kings,118,112,230,6,Toronto Raptors,Sacramento Kings,Home Win (118-112),118-112,Four 12-minute quarters / 48 min,No,Scotiabank Arena,"Toronto, ON",17206,Toronto Raptors team victory,"Toronto Raptors defeated Sacramento Kings 118-112 in Regular Season at Scotiabank Arena (Toronto, ON).",SportsDataVerse hoopR / ESPN NBA Hidden API
541,310109012,2010-2011,2010,Regular Season,Regular Season,2011-01-09,Sunday,20:30,Golden State Warriors,LA Clippers,LA Clippers,Golden State Warriors,105,91,196,14,LA Clippers,Golden State Warriors,Home Win (105-91),105-91,Four 12-minute quarters / 48 min,No,crypto.com Arena,"Los Angeles, CA",17696,LA Clippers team victory,"LA Clippers defeated Golden State Warriors 105-91 in Regular Season at crypto.com Arena (Los Angeles, CA).",SportsDataVerse hoopR / ESPN NBA Hidden API
542,310109024,2010-2011,2010,Regular Season,Regular Season,2011-01-09,Sunday,00:00,Minnesota Timberwolves,San Antonio Spurs,San Antonio Spurs,Minnesota Timberwolves,94,91,185,3,San Antonio Spurs,Minnesota Timberwolves,Home Win (94-91),94-91,Four 12-minute quarters / 48 min,No,AT&T Center,"San Antonio, TX",18581,San Antonio Spurs team victory,"San Antonio Spurs defeated Minnesota Timberwolves 94-91 in Regular Season at AT&T Center (San Antonio, TX).",SportsDataVerse hoopR / ESPN NBA Hidden API
543,310109021,2010-2011,2010,Regular Season,Regular Season,2011-01-09,Sunday,01:00,Cleveland Cavaliers,Phoenix Suns,Phoenix Suns,Cleveland Cavaliers,108,100,208,8,Phoenix Suns,Cleveland Cavaliers,Home Win (108-100),108-100,Four 12-minute quarters / 48 min,No,Footprint Center,"Phoenix, AZ",17031,Phoenix Suns team victory,"Phoenix Suns defeated Cleveland Cavaliers 108-100 in Regular Season at Footprint Center (Phoenix, AZ).",SportsDataVerse hoopR / ESPN NBA Hidden API
544,310109007,2010-2011,2010,Regular Season,Regular Season,2011-01-09,Sunday,02:00,New Orleans Hornets,Denver Nuggets,Denver Nuggets,New Orleans Hornets,87,96,183,9,New Orleans Hornets,Denver Nuggets,Away Win (96-87),87-96,Four 12-minute quarters / 48 min,No,Ball Arena,"Denver, CO",16283,New Orleans Hornets team victory,"New Orleans Hornets defeated Denver Nuggets 96-87 in Regular Season at Ball Arena (Denver, CO).",SportsDataVerse hoopR / ESPN NBA Hidden API
545,310109022,2010-2011,2010,Regular Season,Regular Season,2011-01-09,Sunday,02:00,Miami Heat,Portland Trail Blazers,Portland Trail Blazers,Miami Heat,100,107,207,7,Miami Heat,Portland Trail Blazers,Away Win (107-100),100-107,Four 12-minute quarters / 48 min,Yes,Moda Center,"Portland, OR",20636,Miami Heat team victory (OT),"Miami Heat edged Portland Trail Blazers 107-100 in overtime at Moda Center (Portland, OR).",SportsDataVerse hoopR / ESPN NBA Hidden API
546,310109013,2010-2011,2010,Regular Season,Regular Season,2011-01-09,Sunday,02:30,New York Knicks,Los Angeles Lakers,Los Angeles Lakers,New York Knicks,109,87,196,22,Los Angeles Lakers,New York Knicks,Home Win (109-87),109-87,Four 12-minute quarters / 48 min,No,crypto.com Arena,"Los Angeles, CA",18997,Los Angeles Lakers team victory,"Los Angeles Lakers defeated New York Knicks 109-87 in Regular Season at crypto.com Arena (Los Angeles, CA).",SportsDataVerse hoopR / ESPN NBA Hidden API
547,310110030,2010-2011,2010,Regular Season,Regular Season,2011-01-10,Monday,00:00,Memphis Grizzlies,Charlotte Bobcats,Charlotte Bobcats,Memphis Grizzlies,96,82,178,14,Charlotte Bobcats,Memphis Grizzlies,Home Win (96-82),96-82,Four 12-minute quarters / 48 min,No,Spectrum Center,"Charlotte, NC",10188,Charlotte Bobcats team victory,"Charlotte Bobcats defeated Memphis Grizzlies 96-82 in Regular Season at Spectrum Center (Charlotte, NC).",SportsDataVerse hoopR / ESPN NBA Hidden API
548,310110002,2010-2011,2010,Regular Season,Regular Season,2011-01-10,Monday,00:30,Houston Rockets,Boston Celtics,Boston Celtics,Houston Rockets,102,108,210,6,Houston Rockets,Boston Celtics,Away Win (108-102),102-108,Four 12-minute quarters / 48 min,No,TD Garden,"Boston, MA",18624,Houston Rockets team victory,"Houston Rockets defeated Boston Celtics 108-102 in Regular Season at TD Garden (Boston, MA).",SportsDataVerse hoopR / ESPN NBA Hidden API
549,310110004,2010-2011,2010,Regular Season,Regular Season,2011-01-10,Monday,01:00,Detroit Pistons,Chicago Bulls,Chicago Bulls,Detroit Pistons,95,82,177,13,Chicago Bulls,Detroit Pistons,Home Win (95-82),95-82,Four 12-minute quarters / 48 min,No,United Center,"Chicago, IL",21407,Chicago Bulls team victory,"Chicago Bulls defeated Detroit Pistons 95-82 in Regular Season at United Center (Chicago, IL).",SportsDataVerse hoopR / ESPN NBA Hidden API
550,310111020,2010-2011,2010,Regular Season,Regular Season,2011-01-11,Tuesday,00:00,Indiana Pacers,Philadelphia 76ers,Philadelphia 76ers,Indiana Pacers,103,111,214,8,Indiana Pacers,Philadelphia 76ers,Away Win (111-103),103-111,Four 12-minute quarters / 48 min,No,Wells Fargo Center,"Philadelphia, PA",10890,Indiana Pacers team victory,"Indiana Pacers defeated Philadelphia 76ers 111-103 in Regular Season at Wells Fargo Center (Philadelphia, PA).",SportsDataVerse hoopR / ESPN NBA Hidden API
551,310111027,2010-2011,2010,Regular Season,Regular Season,2011-01-11,Tuesday,00:00,Sacramento Kings,Washington Wizards,Washington Wizards,Sacramento Kings,136,133,269,3,Washington Wizards,Sacramento Kings,Home Win (136-133),136-133,Four 12-minute quarters / 48 min,Yes,Capital One Arena,"Washington, DC",16226,Washington Wizards team victory (OT),"Washington Wizards edged Sacramento Kings 136-133 in overtime at Capital One Arena (Washington, DC).",SportsDataVerse hoopR / ESPN NBA Hidden API
552,310111016,2010-2011,2010,Regular Season,Regular Season,2011-01-11,Tuesday,01:00,San Antonio Spurs,Minnesota Timberwolves,Minnesota Timberwolves,San Antonio Spurs,96,107,203,11,San Antonio Spurs,Minnesota Timberwolves,Away Win (107-96),96-107,Four 12-minute quarters / 48 min,No,Target Center,"Minneapolis, MN",11209,San Antonio Spurs team victory,"San Antonio Spurs defeated Minnesota Timberwolves 107-96 in Regular Season at Target Center (Minneapolis, MN).",SportsDataVerse hoopR / ESPN NBA Hidden API
553,310111007,2010-2011,2010,Regular Season,Regular Season,2011-01-11,Tuesday,02:00,Phoenix Suns,Denver Nuggets,Denver Nuggets,Phoenix Suns,132,98,230,34,Denver Nuggets,Phoenix Suns,Home Win (132-98),132-98,Four 12-minute quarters / 48 min,No,Ball Arena,"Denver, CO",14874,Denver Nuggets team victory,"Denver Nuggets defeated Phoenix Suns 132-98 in Regular Season at Ball Arena (Denver, CO).",SportsDataVerse hoopR / ESPN NBA Hidden API
554,310111022,2010-2011,2010,Regular Season,Regular Season,2011-01-11,Tuesday,03:00,New York Knicks,Portland Trail Blazers,Portland Trail Blazers,New York Knicks,86,100,186,14,New York Knicks,Portland Trail Blazers,Away Win (100-86),86-100,Four 12-minute quarters / 48 min,No,Moda Center,"Portland, OR",20604,New York Knicks team victory,"New York Knicks defeated Portland Trail Blazers 100-86 in Regular Season at Moda Center (Portland, OR).",SportsDataVerse hoopR / ESPN NBA Hidden API
555,310111013,2010-2011,2010,Regular Season,Regular Season,2011-01-11,Tuesday,03:30,Cleveland Cavaliers,Los Angeles Lakers,Los Angeles Lakers,Cleveland Cavaliers,112,57,169,55,Los Angeles Lakers,Cleveland Cavaliers,Home Win (112-57),112-57,Four 12-minute quarters / 48 min,No,crypto.com Arena,"Los Angeles, CA",18997,Los Angeles Lakers team victory,"Los Angeles Lakers defeated Cleveland Cavaliers 112-57 in Regular Season at crypto.com Arena (Los Angeles, CA).",SportsDataVerse hoopR / ESPN NBA Hidden API
556,310112011,2010-2011,2010,Regular Season,Regular Season,2011-01-12,Wednesday,00:00,Dallas Mavericks,Indiana Pacers,Indiana Pacers,Dallas Mavericks,102,89,191,13,Indiana Pacers,Dallas Mavericks,Home Win (102-89),102-89,Four 12-minute quarters / 48 min,No,Gainbridge Fieldhouse,"Indianapolis, IN",11204,Indiana Pacers team victory,"Indiana Pacers defeated Dallas Mavericks 102-89 in Regular Season at Gainbridge Fieldhouse (Indianapolis, IN).",SportsDataVerse hoopR / ESPN NBA Hidden API
557,310112028,2010-2011,2010,Regular Season,Regular Season,2011-01-12,Wednesday,00:00,Atlanta Hawks,Toronto Raptors,Toronto Raptors,Atlanta Hawks,101,104,205,3,Atlanta Hawks,Toronto Raptors,Away Win (104-101),101-104,Four 12-minute quarters / 48 min,No,Scotiabank Arena,"Toronto, ON",14186,Atlanta Hawks team victory,"Atlanta Hawks defeated Toronto Raptors 104-101 in Regular Season at Scotiabank Arena (Toronto, ON).",SportsDataVerse hoopR / ESPN NBA Hidden API
558,310112030,2010-2011,2010,Regular Season,Regular Season,2011-01-12,Wednesday,00:00,Chicago Bulls,Charlotte Bobcats,Charlotte Bobcats,Chicago Bulls,96,91,187,5,Charlotte Bobcats,Chicago Bulls,Home Win (96-91),96-91,Four 12-minute quarters / 48 min,No,Spectrum Center,"Charlotte, NC",12468,Charlotte Bobcats team victory,"Charlotte Bobcats defeated Chicago Bulls 96-91 in Regular Season at Spectrum Center (Charlotte, NC).",SportsDataVerse hoopR / ESPN NBA Hidden API
559,310112002,2010-2011,2010,Regular Season,Regular Season,2011-01-12,Wednesday,00:30,Sacramento Kings,Boston Celtics,Boston Celtics,Sacramento Kings,119,95,214,24,Boston Celtics,Sacramento Kings,Home Win (119-95),119-95,Four 12-minute quarters / 48 min,No,TD Garden,"Boston, MA",18624,Boston Celtics team victory,"Boston Celtics defeated Sacramento Kings 119-95 in Regular Season at TD Garden (Boston, MA).",SportsDataVerse hoopR / ESPN NBA Hidden API
560,310112008,2010-2011,2010,Regular Season,Regular Season,2011-01-12,Wednesday,00:30,Memphis Grizzlies,Detroit Pistons,Detroit Pistons,Memphis Grizzlies,99,107,206,8,Memphis Grizzlies,Detroit Pistons,Away Win (107-99),99-107,Four 12-minute quarters / 48 min,No,The Palace of Auburn Hills,"Detroit, MI",13068,Memphis Grizzlies team victory,"Memphis Grizzlies defeated Detroit Pistons 107-99 in Regular Season at The Palace of Auburn Hills (Detroit, MI).",SportsDataVerse hoopR / ESPN NBA Hidden API
561,310112003,2010-2011,2010,Regular Season,Regular Season,2011-01-12,Wednesday,01:00,Orlando Magic,New Orleans Hornets,New Orleans Hornets,Orlando Magic,92,89,181,3,New Orleans Hornets,Orlando Magic,Home Win (92-89),92-89,Four 12-minute quarters / 48 min,Yes,Smoothie King Center,"New Orleans, LA",13688,New Orleans Hornets team victory (OT),"New Orleans Hornets edged Orlando Magic 92-89 in overtime at Smoothie King Center (New Orleans, LA).",SportsDataVerse hoopR / ESPN NBA Hidden API
562,310112015,2010-2011,2010,Regular Season,Regular Season,2011-01-12,Wednesday,01:00,San Antonio Spurs,Milwaukee Bucks,Milwaukee Bucks,San Antonio Spurs,84,91,175,7,San Antonio Spurs,Milwaukee Bucks,Away Win (91-84),84-91,Four 12-minute quarters / 48 min,No,BMO Harris Bradley Center,"Milwaukee, WI",14061,San Antonio Spurs team victory,"San Antonio Spurs defeated Milwaukee Bucks 91-84 in Regular Season at BMO Harris Bradley Center (Milwaukee, WI).",SportsDataVerse hoopR / ESPN NBA Hidden API
563,310112010,2010-2011,2010,Regular Season,Regular Season,2011-01-12,Wednesday,01:30,Oklahoma City Thunder,Houston Rockets,Houston Rockets,Oklahoma City Thunder,112,118,230,6,Oklahoma City Thunder,Houston Rockets,Away Win (118-112),112-118,Four 12-minute quarters / 48 min,No,Toyota Center (Houston),"Houston, TX",16158,Oklahoma City Thunder team victory,"Oklahoma City Thunder defeated Houston Rockets 118-112 in Regular Season at Toyota Center (Houston) (Houston, TX).",SportsDataVerse hoopR / ESPN NBA Hidden API
564,310112021,2010-2011,2010,Regular Season,Regular Season,2011-01-12,Wednesday,02:00,New Jersey Nets,Phoenix Suns,Phoenix Suns,New Jersey Nets,118,109,227,9,Phoenix Suns,New Jersey Nets,Home Win (118-109),118-109,Four 12-minute quarters / 48 min,Yes,Footprint Center,"Phoenix, AZ",16334,Phoenix Suns team victory (OT),"Phoenix Suns edged New Jersey Nets 118-109 in overtime at Footprint Center (Phoenix, AZ).",SportsDataVerse hoopR / ESPN NBA Hidden API
565,310112026,2010-2011,2010,Regular Season,Regular Season,2011-01-12,Wednesday,02:00,New York Knicks,Utah Jazz,Utah Jazz,New York Knicks,131,125,256,6,Utah Jazz,New York Knicks,Home Win (131-125),131-125,Four 12-minute quarters / 48 min,No,Vivint Arena,"Salt Lake City, UT",19911,Utah Jazz team victory,"Utah Jazz defeated New York Knicks 131-125 in Regular Season at Vivint Arena (Salt Lake City, UT).",SportsDataVerse hoopR / ESPN NBA Hidden API
566,310112009,2010-2011,2010,Regular Season,Regular Season,2011-01-12,Wednesday,03:30,Los Angeles Lakers,Golden State Warriors,Golden State Warriors,Los Angeles Lakers,110,115,225,5,Los Angeles Lakers,Golden State Warriors,Away Win (115-110),110-115,Four 12-minute quarters / 48 min,No,ORACLE Arena,"Oakland, CA",19596,Los Angeles Lakers team victory,"Los Angeles Lakers defeated Golden State Warriors 115-110 in Regular Season at ORACLE Arena (Oakland, CA).",SportsDataVerse hoopR / ESPN NBA Hidden API
567,310112012,2010-2011,2010,Regular Season,Regular Season,2011-01-12,Wednesday,03:30,Miami Heat,LA Clippers,LA Clippers,Miami Heat,111,105,216,6,LA Clippers,Miami Heat,Home Win (111-105),111-105,Four 12-minute quarters / 48 min,No,crypto.com Arena,"Los Angeles, CA",19803,LA Clippers team victory,"LA Clippers defeated Miami Heat 111-105 in Regular Season at crypto.com Arena (Los Angeles, CA).",SportsDataVerse hoopR / ESPN NBA Hidden API
568,310113016,2010-2011,2010,Regular Season,Regular Season,2011-01-13,Thursday,01:00,Washington Wizards,Minnesota Timberwolves,Minnesota Timberwolves,Washington Wizards,109,97,206,12,Minnesota Timberwolves,Washington Wizards,Home Win (109-97),109-97,Four 12-minute quarters / 48 min,No,Target Center,"Minneapolis, MN",11437,Minnesota Timberwolves team victory,"Minnesota Timberwolves defeated Washington Wizards 109-97 in Regular Season at Target Center (Minneapolis, MN).",SportsDataVerse hoopR / ESPN NBA Hidden API
569,310113025,2010-2011,2010,Regular Season,Regular Season,2011-01-13,Thursday,01:00,Orlando Magic,Oklahoma City Thunder,Oklahoma City Thunder,Orlando Magic,125,124,249,1,Oklahoma City Thunder,Orlando Magic,Home Win (125-124),125-124,Four 12-minute quarters / 48 min,No,Paycom Center,"Oklahoma City, OK",18203,Oklahoma City Thunder team victory,"Oklahoma City Thunder defeated Orlando Magic 125-124 in Regular Season at Paycom Center (Oklahoma City, OK).",SportsDataVerse hoopR / ESPN NBA Hidden API
570,310113007,2010-2011,2010,Regular Season,Regular Season,2011-01-13,Thursday,03:30,Miami Heat,Denver Nuggets,Denver Nuggets,Miami Heat,130,102,232,28,Denver Nuggets,Miami Heat,Home Win (130-102),130-102,Four 12-minute quarters / 48 min,No,Ball Arena,"Denver, CO",19155,Denver Nuggets team victory,"Denver Nuggets defeated Miami Heat 130-102 in Regular Season at Ball Arena (Denver, CO).",SportsDataVerse hoopR / ESPN NBA Hidden API
571,310114011,2010-2011,2010,Regular Season,Regular Season,2011-01-14,Friday,00:00,Chicago Bulls,Indiana Pacers,Indiana Pacers,Chicago Bulls,86,99,185,13,Chicago Bulls,Indiana Pacers,Away Win (99-86),86-99,Four 12-minute quarters / 48 min,No,Gainbridge Fieldhouse,"Indianapolis, IN",18165,Chicago Bulls team victory,"Chicago Bulls defeated Indiana Pacers 99-86 in Regular Season at Gainbridge Fieldhouse (Indianapolis, IN).",SportsDataVerse hoopR / ESPN NBA Hidden API
572,310114020,2010-2011,2010,Regular Season,Regular Season,2011-01-14,Friday,00:00,Milwaukee Bucks,Philadelphia 76ers,Philadelphia 76ers,Milwaukee Bucks,95,94,189,1,Philadelphia 76ers,Milwaukee Bucks,Home Win (95-94),95-94,Four 12-minute quarters / 48 min,No,Wells Fargo Center,"Philadelphia, PA",12650,Philadelphia 76ers team victory,"Philadelphia 76ers defeated Milwaukee Bucks 95-94 in Regular Season at Wells Fargo Center (Philadelphia, PA).",SportsDataVerse hoopR / ESPN NBA Hidden API
573,310114028,2010-2011,2010,Regular Season,Regular Season,2011-01-14,Friday,00:00,Detroit Pistons,Toronto Raptors,Toronto Raptors,Detroit Pistons,95,101,196,6,Detroit Pistons,Toronto Raptors,Away Win (101-95),95-101,Four 12-minute quarters / 48 min,No,Scotiabank Arena,"Toronto, ON",16924,Detroit Pistons team victory,"Detroit Pistons defeated Toronto Raptors 101-95 in Regular Season at Scotiabank Arena (Toronto, ON).",SportsDataVerse hoopR / ESPN NBA Hidden API
574,310114002,2010-2011,2010,Regular Season,Regular Season,2011-01-14,Friday,00:30,Charlotte Bobcats,Boston Celtics,Boston Celtics,Charlotte Bobcats,99,94,193,5,Boston Celtics,Charlotte Bobcats,Home Win (99-94),99-94,Four 12-minute quarters / 48 min,No,TD Garden,"Boston, MA",18624,Boston Celtics team victory,"Boston Celtics defeated Charlotte Bobcats 99-94 in Regular Season at TD Garden (Boston, MA).",SportsDataVerse hoopR / ESPN NBA Hidden API
575,310114018,2010-2011,2010,Regular Season,Regular Season,2011-01-14,Friday,00:30,Sacramento Kings,New York Knicks,New York Knicks,Sacramento Kings,83,93,176,10,Sacramento Kings,New York Knicks,Away Win (93-83),83-93,Four 12-minute quarters / 48 min,No,Madison Square Garden,"New York, NY",19763,Sacramento Kings team victory,"Sacramento Kings defeated New York Knicks 93-83 in Regular Season at Madison Square Garden (New York, NY).",SportsDataVerse hoopR / ESPN NBA Hidden API
576,310114024,2010-2011,2010,Regular Season,Regular Season,2011-01-14,Friday,01:00,Dallas Mavericks,San Antonio Spurs,San Antonio Spurs,Dallas Mavericks,101,89,190,12,San Antonio Spurs,Dallas Mavericks,Home Win (101-89),101-89,Four 12-minute quarters / 48 min,No,AT&T Center,"San Antonio, TX",18581,San Antonio Spurs team victory,"San Antonio Spurs defeated Dallas Mavericks 101-89 in Regular Season at AT&T Center (San Antonio, TX).",SportsDataVerse hoopR / ESPN NBA Hidden API
577,310114010,2010-2011,2010,Regular Season,Regular Season,2011-01-14,Friday,01:30,New Orleans Hornets,Houston Rockets,Houston Rockets,New Orleans Hornets,105,110,215,5,New Orleans Hornets,Houston Rockets,Away Win (110-105),105-110,Four 12-minute quarters / 48 min,Yes,Toyota Center (Houston),"Houston, TX",13616,New Orleans Hornets team victory (OT),"New Orleans Hornets edged Houston Rockets 110-105 in overtime at Toyota Center (Houston) (Houston, TX).",SportsDataVerse hoopR / ESPN NBA Hidden API
578,310114026,2010-2011,2010,Regular Season,Regular Season,2011-01-14,Friday,02:00,Cleveland Cavaliers,Utah Jazz,Utah Jazz,Cleveland Cavaliers,121,99,220,22,Utah Jazz,Cleveland Cavaliers,Home Win (121-99),121-99,Four 12-minute quarters / 48 min,No,Vivint Arena,"Salt Lake City, UT",19911,Utah Jazz team victory,"Utah Jazz defeated Cleveland Cavaliers 121-99 in Regular Season at Vivint Arena (Salt Lake City, UT).",SportsDataVerse hoopR / ESPN NBA Hidden API
579,310114009,2010-2011,2010,Regular Season,Regular Season,2011-01-14,Friday,03:30,LA Clippers,Golden State Warriors,Golden State Warriors,LA Clippers,122,112,234,10,Golden State Warriors,LA Clippers,Home Win (122-112),122-112,Four 12-minute quarters / 48 min,No,ORACLE Arena,"Oakland, CA",19273,Golden State Warriors team victory,"Golden State Warriors defeated LA Clippers 122-112 in Regular Season at ORACLE Arena (Oakland, CA).",SportsDataVerse hoopR / ESPN NBA Hidden API
580,310114013,2010-2011,2010,Regular Season,Regular Season,2011-01-14,Friday,03:30,New Jersey Nets,Los Angeles Lakers,Los Angeles Lakers,New Jersey Nets,100,88,188,12,Los Angeles Lakers,New Jersey Nets,Home Win (100-88),100-88,Four 12-minute quarters / 48 min,No,crypto.com Arena,"Los Angeles, CA",18997,Los Angeles Lakers team victory,"Los Angeles Lakers defeated New Jersey Nets 100-88 in Regular Season at crypto.com Arena (Los Angeles, CA).",SportsDataVerse hoopR / ESPN NBA Hidden API
581,310114021,2010-2011,2010,Regular Season,Regular Season,2011-01-14,Friday,03:30,Portland Trail Blazers,Phoenix Suns,Phoenix Suns,Portland Trail Blazers,115,111,226,4,Phoenix Suns,Portland Trail Blazers,Home Win (115-111),115-111,Four 12-minute quarters / 48 min,No,Footprint Center,"Phoenix, AZ",17412,Phoenix Suns team victory,"Phoenix Suns defeated Portland Trail Blazers 115-111 in Regular Season at Footprint Center (Phoenix, AZ).",SportsDataVerse hoopR / ESPN NBA Hidden API
582,310115001,2010-2011,2010,Regular Season,Regular Season,2011-01-15,Saturday,00:00,Houston Rockets,Atlanta Hawks,Atlanta Hawks,Houston Rockets,106,112,218,6,Houston Rockets,Atlanta Hawks,Away Win (112-106),106-112,Four 12-minute quarters / 48 min,No,State Farm Arena,"Atlanta, GA",13420,Houston Rockets team victory,"Houston Rockets defeated Atlanta Hawks 112-106 in Regular Season at State Farm Arena (Atlanta, GA).",SportsDataVerse hoopR / ESPN NBA Hidden API
583,310115027,2010-2011,2010,Regular Season,Regular Season,2011-01-15,Saturday,00:00,Toronto Raptors,Washington Wizards,Washington Wizards,Toronto Raptors,98,95,193,3,Washington Wizards,Toronto Raptors,Home Win (98-95),98-95,Four 12-minute quarters / 48 min,No,Capital One Arena,"Washington, DC",14652,Washington Wizards team victory,"Washington Wizards defeated Toronto Raptors 98-95 in Regular Season at Capital One Arena (Washington, DC).",SportsDataVerse hoopR / ESPN NBA Hidden API
584,310115030,2010-2011,2010,Regular Season,Regular Season,2011-01-15,Saturday,00:00,New Orleans Hornets,Charlotte Bobcats,Charlotte Bobcats,New Orleans Hornets,81,88,169,7,New Orleans Hornets,Charlotte Bobcats,Away Win (88-81),81-88,Four 12-minute quarters / 48 min,No,Spectrum Center,"Charlotte, NC",17486,New Orleans Hornets team victory,"New Orleans Hornets defeated Charlotte Bobcats 88-81 in Regular Season at Spectrum Center (Charlotte, NC).",SportsDataVerse hoopR / ESPN NBA Hidden API
585,310115008,2010-2011,2010,Regular Season,Regular Season,2011-01-15,Saturday,00:30,Sacramento Kings,Detroit Pistons,Detroit Pistons,Sacramento Kings,110,106,216,4,Detroit Pistons,Sacramento Kings,Home Win (110-106),110-106,Four 12-minute quarters / 48 min,No,The Palace of Auburn Hills,"Detroit, MI",18784,Detroit Pistons team victory,"Detroit Pistons defeated Sacramento Kings 110-106 in Regular Season at The Palace of Auburn Hills (Detroit, MI).",SportsDataVerse hoopR / ESPN NBA Hidden API
586,310115004,2010-2011,2010,Regular Season,Regular Season,2011-01-15,Saturday,01:00,Miami Heat,Chicago Bulls,Chicago Bulls,Miami Heat,99,96,195,3,Chicago Bulls,Miami Heat,Home Win (99-96),99-96,Four 12-minute quarters / 48 min,No,United Center,"Chicago, IL",23017,Chicago Bulls team victory,"Chicago Bulls defeated Miami Heat 99-96 in Regular Season at United Center (Chicago, IL).",SportsDataVerse hoopR / ESPN NBA Hidden API
587,310115016,2010-2011,2010,Regular Season,Regular Season,2011-01-15,Saturday,01:00,Orlando Magic,Minnesota Timberwolves,Minnesota Timberwolves,Orlando Magic,99,108,207,9,Orlando Magic,Minnesota Timberwolves,Away Win (108-99),99-108,Four 12-minute quarters / 48 min,No,Target Center,"Minneapolis, MN",17391,Orlando Magic team victory,"Orlando Magic defeated Minnesota Timberwolves 108-99 in Regular Season at Target Center (Minneapolis, MN).",SportsDataVerse hoopR / ESPN NBA Hidden API
588,310115029,2010-2011,2010,Regular Season,Regular Season,2011-01-15,Saturday,01:00,Dallas Mavericks,Memphis Grizzlies,Memphis Grizzlies,Dallas Mavericks,89,70,159,19,Memphis Grizzlies,Dallas Mavericks,Home Win (89-70),89-70,Four 12-minute quarters / 48 min,No,FedExForum,"Memphis, TN",15812,Memphis Grizzlies team victory,"Memphis Grizzlies defeated Dallas Mavericks 89-70 in Regular Season at FedExForum (Memphis, TN).",SportsDataVerse hoopR / ESPN NBA Hidden API
589,310115007,2010-2011,2010,Regular Season,Regular Season,2011-01-15,Saturday,02:00,Cleveland Cavaliers,Denver Nuggets,Denver Nuggets,Cleveland Cavaliers,127,99,226,28,Denver Nuggets,Cleveland Cavaliers,Home Win (127-99),127-99,Four 12-minute quarters / 48 min,No,Ball Arena,"Denver, CO",17668,Denver Nuggets team victory,"Denver Nuggets defeated Cleveland Cavaliers 127-99 in Regular Season at Ball Arena (Denver, CO).",SportsDataVerse hoopR / ESPN NBA Hidden API
590,310115022,2010-2011,2010,Regular Season,Regular Season,2011-01-15,Saturday,03:00,New Jersey Nets,Portland Trail Blazers,Portland Trail Blazers,New Jersey Nets,96,89,185,7,Portland Trail Blazers,New Jersey Nets,Home Win (96-89),96-89,Four 12-minute quarters / 48 min,No,Moda Center,"Portland, OR",20441,Portland Trail Blazers team victory,"Portland Trail Blazers defeated New Jersey Nets 96-89 in Regular Season at Moda Center (Portland, OR).",SportsDataVerse hoopR / ESPN NBA Hidden API
591,310116012,2010-2011,2010,Regular Season,Regular Season,2011-01-16,Sunday,20:30,Los Angeles Lakers,LA Clippers,LA Clippers,Los Angeles Lakers,99,92,191,7,LA Clippers,Los Angeles Lakers,Home Win (99-92),99-92,Four 12-minute quarters / 48 min,No,crypto.com Arena,"Los Angeles, CA",19905,LA Clippers team victory,"LA Clippers defeated Los Angeles Lakers 99-92 in Regular Season at crypto.com Arena (Los Angeles, CA).",SportsDataVerse hoopR / ESPN NBA Hidden API
592,310116024,2010-2011,2010,Regular Season,Regular Season,2011-01-16,Sunday,02:00,Denver Nuggets,San Antonio Spurs,San Antonio Spurs,Denver Nuggets,110,97,207,13,San Antonio Spurs,Denver Nuggets,Home Win (110-97),110-97,Four 12-minute quarters / 48 min,No,AT&T Center,"San Antonio, TX",18581,San Antonio Spurs team victory,"San Antonio Spurs defeated Denver Nuggets 110-97 in Regular Season at AT&T Center (San Antonio, TX).",SportsDataVerse hoopR / ESPN NBA Hidden API
593,310117018,2010-2011,2010,Regular Season,Regular Season,2011-01-17,Monday,18:00,Phoenix Suns,New York Knicks,New York Knicks,Phoenix Suns,121,129,250,8,Phoenix Suns,New York Knicks,Away Win (129-121),121-129,Four 12-minute quarters / 48 min,No,Madison Square Garden,"New York, NY",19763,Phoenix Suns team victory,"Phoenix Suns defeated New York Knicks 129-121 in Regular Season at Madison Square Garden (New York, NY).",SportsDataVerse hoopR / ESPN NBA Hidden API
594,310117027,2010-2011,2010,Regular Season,Regular Season,2011-01-17,Monday,18:00,Utah Jazz,Washington Wizards,Washington Wizards,Utah Jazz,108,101,209,7,Washington Wizards,Utah Jazz,Home Win (108-101),108-101,Four 12-minute quarters / 48 min,No,Capital One Arena,"Washington, DC",14925,Washington Wizards team victory,"Washington Wizards defeated Utah Jazz 108-101 in Regular Season at Capital One Arena (Washington, DC).",SportsDataVerse hoopR / ESPN NBA Hidden API
595,310117029,2010-2011,2010,Regular Season,Regular Season,2011-01-17,Monday,18:00,Chicago Bulls,Memphis Grizzlies,Memphis Grizzlies,Chicago Bulls,84,96,180,12,Chicago Bulls,Memphis Grizzlies,Away Win (96-84),84-96,Four 12-minute quarters / 48 min,No,FedExForum,"Memphis, TN",18119,Chicago Bulls team victory,"Chicago Bulls defeated Memphis Grizzlies 96-84 in Regular Season at FedExForum (Memphis, TN).",SportsDataVerse hoopR / ESPN NBA Hidden API
596,310117020,2010-2011,2010,Regular Season,Regular Season,2011-01-17,Monday,19:00,Charlotte Bobcats,Philadelphia 76ers,Philadelphia 76ers,Charlotte Bobcats,96,92,188,4,Philadelphia 76ers,Charlotte Bobcats,Home Win (96-92),96-92,Four 12-minute quarters / 48 min,Yes,Wells Fargo Center,"Philadelphia, PA",13508,Philadelphia 76ers team victory (OT),"Philadelphia 76ers edged Charlotte Bobcats 96-92 in overtime at Wells Fargo Center (Philadelphia, PA).",SportsDataVerse hoopR / ESPN NBA Hidden API
597,310117003,2010-2011,2010,Regular Season,Regular Season,2011-01-17,Monday,20:00,Toronto Raptors,New Orleans Hornets,New Orleans Hornets,Toronto Raptors,85,81,166,4,New Orleans Hornets,Toronto Raptors,Home Win (85-81),85-81,Four 12-minute quarters / 48 min,No,Smoothie King Center,"New Orleans, LA",15155,New Orleans Hornets team victory,"New Orleans Hornets defeated Toronto Raptors 85-81 in Regular Season at Smoothie King Center (New Orleans, LA).",SportsDataVerse hoopR / ESPN NBA Hidden API
598,310117010,2010-2011,2010,Regular Season,Regular Season,2011-01-17,Monday,20:00,Milwaukee Bucks,Houston Rockets,Houston Rockets,Milwaukee Bucks,93,84,177,9,Houston Rockets,Milwaukee Bucks,Home Win (93-84),93-84,Four 12-minute quarters / 48 min,No,Toyota Center (Houston),"Houston, TX",16186,Houston Rockets team victory,"Houston Rockets defeated Milwaukee Bucks 93-84 in Regular Season at Toyota Center (Houston) (Houston, TX).",SportsDataVerse hoopR / ESPN NBA Hidden API
599,310117008,2010-2011,2010,Regular Season,Regular Season,2011-01-17,Monday,20:30,Dallas Mavericks,Detroit Pistons,Detroit Pistons,Dallas Mavericks,103,89,192,14,Detroit Pistons,Dallas Mavericks,Home Win (103-89),103-89,Four 12-minute quarters / 48 min,No,The Palace of Auburn Hills,"Detroit, MI",12660,Detroit Pistons team victory,"Detroit Pistons defeated Dallas Mavericks 103-89 in Regular Season at The Palace of Auburn Hills (Detroit, MI).",SportsDataVerse hoopR / ESPN NBA Hidden API
600,310117012,2010-2011,2010,Regular Season,Regular Season,2011-01-17,Monday,20:30,Indiana Pacers,LA Clippers,LA Clippers,Indiana Pacers,114,107,221,7,LA Clippers,Indiana Pacers,Home Win (114-107),114-107,Four 12-minute quarters / 48 min,No,crypto.com Arena,"Los Angeles, CA",15863,LA Clippers team victory,"LA Clippers defeated Indiana Pacers 114-107 in Regular Season at crypto.com Arena (Los Angeles, CA).",SportsDataVerse hoopR / ESPN NBA Hidden API
601,310117001,2010-2011,2010,Regular Season,Regular Season,2011-01-17,Monday,21:00,Sacramento Kings,Atlanta Hawks,Atlanta Hawks,Sacramento Kings,100,98,198,2,Atlanta Hawks,Sacramento Kings,Home Win (100-98),100-98,Four 12-minute quarters / 48 min,No,State Farm Arena,"Atlanta, GA",14820,Atlanta Hawks team victory,"Atlanta Hawks defeated Sacramento Kings 100-98 in Regular Season at State Farm Arena (Atlanta, GA).",SportsDataVerse hoopR / ESPN NBA Hidden API
602,310117009,2010-2011,2010,Regular Season,Regular Season,2011-01-17,Monday,21:00,New Jersey Nets,Golden State Warriors,Golden State Warriors,New Jersey Nets,109,100,209,9,Golden State Warriors,New Jersey Nets,Home Win (109-100),109-100,Four 12-minute quarters / 48 min,No,ORACLE Arena,"Oakland, CA",18563,Golden State Warriors team victory,"Golden State Warriors defeated New Jersey Nets 109-100 in Regular Season at ORACLE Arena (Oakland, CA).",SportsDataVerse hoopR / ESPN NBA Hidden API
603,310117002,2010-2011,2010,Regular Season,Regular Season,2011-01-17,Monday,01:00,Orlando Magic,Boston Celtics,Boston Celtics,Orlando Magic,109,106,215,3,Boston Celtics,Orlando Magic,Home Win (109-106),109-106,Four 12-minute quarters / 48 min,No,TD Garden,"Boston, MA",18624,Boston Celtics team victory,"Boston Celtics defeated Orlando Magic 109-106 in Regular Season at TD Garden (Boston, MA).",SportsDataVerse hoopR / ESPN NBA Hidden API
604,310117022,2010-2011,2010,Regular Season,Regular Season,2011-01-17,Monday,03:00,Minnesota Timberwolves,Portland Trail Blazers,Portland Trail Blazers,Minnesota Timberwolves,113,102,215,11,Portland Trail Blazers,Minnesota Timberwolves,Home Win (113-102),113-102,Four 12-minute quarters / 48 min,No,Moda Center,"Portland, OR",20239,Portland Trail Blazers team victory,"Portland Trail Blazers defeated Minnesota Timberwolves 113-102 in Regular Season at Moda Center (Portland, OR).",SportsDataVerse hoopR / ESPN NBA Hidden API
605,310117013,2010-2011,2010,Regular Season,Regular Season,2011-01-17,Monday,03:30,Oklahoma City Thunder,Los Angeles Lakers,Los Angeles Lakers,Oklahoma City Thunder,101,94,195,7,Los Angeles Lakers,Oklahoma City Thunder,Home Win (101-94),101-94,Four 12-minute quarters / 48 min,No,crypto.com Arena,"Los Angeles, CA",18997,Los Angeles Lakers team victory,"Los Angeles Lakers defeated Oklahoma City Thunder 101-94 in Regular Season at crypto.com Arena (Los Angeles, CA).",SportsDataVerse hoopR / ESPN NBA Hidden API
606,310118014,2010-2011,2010,Regular Season,Regular Season,2011-01-18,Tuesday,00:30,Atlanta Hawks,Miami Heat,Miami Heat,Atlanta Hawks,89,93,182,4,Atlanta Hawks,Miami Heat,Away Win (93-89),89-93,Four 12-minute quarters / 48 min,Yes,Kaseya Center,"Miami, FL",19600,Atlanta Hawks team victory (OT),"Atlanta Hawks edged Miami Heat 93-89 in overtime at Kaseya Center (Miami, FL).",SportsDataVerse hoopR / ESPN NBA Hidden API
607,310118004,2010-2011,2010,Regular Season,Regular Season,2011-01-18,Tuesday,01:00,Charlotte Bobcats,Chicago Bulls,Chicago Bulls,Charlotte Bobcats,82,83,165,1,Charlotte Bobcats,Chicago Bulls,Away Win (83-82),82-83,Four 12-minute quarters / 48 min,No,United Center,"Chicago, IL",21263,Charlotte Bobcats team victory,"Charlotte Bobcats defeated Chicago Bulls 83-82 in Regular Season at United Center (Chicago, IL).",SportsDataVerse hoopR / ESPN NBA Hidden API
608,310119005,2010-2011,2010,Regular Season,Regular Season,2011-01-19,Wednesday,00:00,Phoenix Suns,Cleveland Cavaliers,Cleveland Cavaliers,Phoenix Suns,98,106,204,8,Phoenix Suns,Cleveland Cavaliers,Away Win (106-98),98-106,Four 12-minute quarters / 48 min,No,Rocket Mortgage FieldHouse,"Cleveland, OH",20562,Phoenix Suns team victory,"Phoenix Suns defeated Cleveland Cavaliers 106-98 in Regular Season at Rocket Mortgage FieldHouse (Cleveland, OH).",SportsDataVerse hoopR / ESPN NBA Hidden API
609,310119017,2010-2011,2010,Regular Season,Regular Season,2011-01-19,Wednesday,00:00,Utah Jazz,New Jersey Nets,New Jersey Nets,Utah Jazz,103,95,198,8,New Jersey Nets,Utah Jazz,Home Win (103-95),103-95,Four 12-minute quarters / 48 min,No,Prudential Center,"Newark, NJ",13251,New Jersey Nets team victory,"New Jersey Nets defeated Utah Jazz 103-95 in Regular Season at Prudential Center (Newark, NJ).",SportsDataVerse hoopR / ESPN NBA Hidden API
610,310119019,2010-2011,2010,Regular Season,Regular Season,2011-01-19,Wednesday,00:00,Philadelphia 76ers,Orlando Magic,Orlando Magic,Philadelphia 76ers,99,98,197,1,Orlando Magic,Philadelphia 76ers,Home Win (99-98),99-98,Four 12-minute quarters / 48 min,Yes,Amway Center,"Orlando, FL",18846,Orlando Magic team victory (OT),"Orlando Magic edged Philadelphia 76ers 99-98 in overtime at Amway Center (Orlando, FL).",SportsDataVerse hoopR / ESPN NBA Hidden API
611,310119002,2010-2011,2010,Regular Season,Regular Season,2011-01-19,Wednesday,00:30,Detroit Pistons,Boston Celtics,Boston Celtics,Detroit Pistons,86,82,168,4,Boston Celtics,Detroit Pistons,Home Win (86-82),86-82,Four 12-minute quarters / 48 min,No,TD Garden,"Boston, MA",18624,Boston Celtics team victory,"Boston Celtics defeated Detroit Pistons 86-82 in Regular Season at TD Garden (Boston, MA).",SportsDataVerse hoopR / ESPN NBA Hidden API
612,310119003,2010-2011,2010,Regular Season,Regular Season,2011-01-19,Wednesday,01:00,Memphis Grizzlies,New Orleans Hornets,New Orleans Hornets,Memphis Grizzlies,103,102,205,1,New Orleans Hornets,Memphis Grizzlies,Home Win (103-102),103-102,Four 12-minute quarters / 48 min,Yes,Smoothie King Center,"New Orleans, LA",15951,New Orleans Hornets team victory (OT),"New Orleans Hornets edged Memphis Grizzlies 103-102 in overtime at Smoothie King Center (New Orleans, LA).",SportsDataVerse hoopR / ESPN NBA Hidden API
613,310119015,2010-2011,2010,Regular Season,Regular Season,2011-01-19,Wednesday,01:00,Washington Wizards,Milwaukee Bucks,Milwaukee Bucks,Washington Wizards,100,87,187,13,Milwaukee Bucks,Washington Wizards,Home Win (100-87),100-87,Four 12-minute quarters / 48 min,No,BMO Harris Bradley Center,"Milwaukee, WI",14007,Milwaukee Bucks team victory,"Milwaukee Bucks defeated Washington Wizards 100-87 in Regular Season at BMO Harris Bradley Center (Milwaukee, WI).",SportsDataVerse hoopR / ESPN NBA Hidden API
614,310119010,2010-2011,2010,Regular Season,Regular Season,2011-01-19,Wednesday,01:30,New York Knicks,Houston Rockets,Houston Rockets,New York Knicks,104,89,193,15,Houston Rockets,New York Knicks,Home Win (104-89),104-89,Four 12-minute quarters / 48 min,No,Toyota Center (Houston),"Houston, TX",15903,Houston Rockets team victory,"Houston Rockets defeated New York Knicks 104-89 in Regular Season at Toyota Center (Houston) (Houston, TX).",SportsDataVerse hoopR / ESPN NBA Hidden API
615,310119024,2010-2011,2010,Regular Season,Regular Season,2011-01-19,Wednesday,01:30,Toronto Raptors,San Antonio Spurs,San Antonio Spurs,Toronto Raptors,104,95,199,9,San Antonio Spurs,Toronto Raptors,Home Win (104-95),104-95,Four 12-minute quarters / 48 min,No,AT&T Center,"San Antonio, TX",18581,San Antonio Spurs team victory,"San Antonio Spurs defeated Toronto Raptors 104-95 in Regular Season at AT&T Center (San Antonio, TX).",SportsDataVerse hoopR / ESPN NBA Hidden API
616,310119006,2010-2011,2010,Regular Season,Regular Season,2011-01-19,Wednesday,02:00,Los Angeles Lakers,Dallas Mavericks,Dallas Mavericks,Los Angeles Lakers,109,100,209,9,Dallas Mavericks,Los Angeles Lakers,Home Win (109-100),109-100,Four 12-minute quarters / 48 min,No,American Airlines Center,"Dallas, TX",20365,Dallas Mavericks team victory,"Dallas Mavericks defeated Los Angeles Lakers 109-100 in Regular Season at American Airlines Center (Dallas, TX).",SportsDataVerse hoopR / ESPN NBA Hidden API
617,310119007,2010-2011,2010,Regular Season,Regular Season,2011-01-19,Wednesday,02:00,Oklahoma City Thunder,Denver Nuggets,Denver Nuggets,Oklahoma City Thunder,112,107,219,5,Denver Nuggets,Oklahoma City Thunder,Home Win (112-107),112-107,Four 12-minute quarters / 48 min,No,Ball Arena,"Denver, CO",16872,Denver Nuggets team victory,"Denver Nuggets defeated Oklahoma City Thunder 112-107 in Regular Season at Ball Arena (Denver, CO).",SportsDataVerse hoopR / ESPN NBA Hidden API
618,310119023,2010-2011,2010,Regular Season,Regular Season,2011-01-19,Wednesday,03:00,Portland Trail Blazers,Sacramento Kings,Sacramento Kings,Portland Trail Blazers,90,94,184,4,Portland Trail Blazers,Sacramento Kings,Away Win (94-90),90-94,Four 12-minute quarters / 48 min,Yes,Sleep Train Arena,"Sacramento, CA",12722,Portland Trail Blazers team victory (OT),"Portland Trail Blazers edged Sacramento Kings 94-90 in overtime at Sleep Train Arena (Sacramento, CA).",SportsDataVerse hoopR / ESPN NBA Hidden API
619,310119009,2010-2011,2010,Regular Season,Regular Season,2011-01-19,Wednesday,03:30,Indiana Pacers,Golden State Warriors,Golden State Warriors,Indiana Pacers,110,108,218,2,Golden State Warriors,Indiana Pacers,Home Win (110-108),110-108,Four 12-minute quarters / 48 min,No,ORACLE Arena,"Oakland, CA",18185,Golden State Warriors team victory,"Golden State Warriors defeated Indiana Pacers 110-108 in Regular Season at ORACLE Arena (Oakland, CA).",SportsDataVerse hoopR / ESPN NBA Hidden API
620,310119012,2010-2011,2010,Regular Season,Regular Season,2011-01-19,Wednesday,03:30,Minnesota Timberwolves,LA Clippers,LA Clippers,Minnesota Timberwolves,126,111,237,15,LA Clippers,Minnesota Timberwolves,Home Win (126-111),126-111,Four 12-minute quarters / 48 min,No,crypto.com Arena,"Los Angeles, CA",17793,LA Clippers team victory,"LA Clippers defeated Minnesota Timberwolves 126-111 in Regular Season at crypto.com Arena (Los Angeles, CA).",SportsDataVerse hoopR / ESPN NBA Hidden API
621,310120030,2010-2011,2010,Regular Season,Regular Season,2011-01-20,Thursday,00:00,Philadelphia 76ers,Charlotte Bobcats,Charlotte Bobcats,Philadelphia 76ers,100,97,197,3,Charlotte Bobcats,Philadelphia 76ers,Home Win (100-97),100-97,Four 12-minute quarters / 48 min,No,Spectrum Center,"Charlotte, NC",14326,Charlotte Bobcats team victory,"Charlotte Bobcats defeated Philadelphia 76ers 100-97 in Regular Season at Spectrum Center (Charlotte, NC).",SportsDataVerse hoopR / ESPN NBA Hidden API
622,310120004,2010-2011,2010,Regular Season,Regular Season,2011-01-20,Thursday,01:00,Dallas Mavericks,Chicago Bulls,Chicago Bulls,Dallas Mavericks,82,77,159,5,Chicago Bulls,Dallas Mavericks,Home Win (82-77),82-77,Four 12-minute quarters / 48 min,No,United Center,"Chicago, IL",21397,Chicago Bulls team victory,"Chicago Bulls defeated Dallas Mavericks 82-77 in Regular Season at United Center (Chicago, IL).",SportsDataVerse hoopR / ESPN NBA Hidden API
623,310120022,2010-2011,2010,Regular Season,Regular Season,2011-01-20,Thursday,03:30,LA Clippers,Portland Trail Blazers,Portland Trail Blazers,LA Clippers,108,93,201,15,Portland Trail Blazers,LA Clippers,Home Win (108-93),108-93,Four 12-minute quarters / 48 min,No,Moda Center,"Portland, OR",20630,Portland Trail Blazers team victory,"Portland Trail Blazers defeated LA Clippers 108-93 in Regular Season at Moda Center (Portland, OR).",SportsDataVerse hoopR / ESPN NBA Hidden API
624,310121017,2010-2011,2010,Regular Season,Regular Season,2011-01-21,Friday,00:00,Detroit Pistons,New Jersey Nets,New Jersey Nets,Detroit Pistons,89,74,163,15,New Jersey Nets,Detroit Pistons,Home Win (89-74),89-74,Four 12-minute quarters / 48 min,No,Prudential Center,"Newark, NJ",13316,New Jersey Nets team victory,"New Jersey Nets defeated Detroit Pistons 89-74 in Regular Season at Prudential Center (Newark, NJ).",SportsDataVerse hoopR / ESPN NBA Hidden API
625,310121019,2010-2011,2010,Regular Season,Regular Season,2011-01-21,Friday,00:00,Toronto Raptors,Orlando Magic,Orlando Magic,Toronto Raptors,112,72,184,40,Orlando Magic,Toronto Raptors,Home Win (112-72),112-72,Four 12-minute quarters / 48 min,No,Amway Center,"Orlando, FL",19047,Orlando Magic team victory,"Orlando Magic defeated Toronto Raptors 112-72 in Regular Season at Amway Center (Orlando, FL).",SportsDataVerse hoopR / ESPN NBA Hidden API
626,310121027,2010-2011,2010,Regular Season,Regular Season,2011-01-21,Friday,00:00,Phoenix Suns,Washington Wizards,Washington Wizards,Phoenix Suns,91,109,200,18,Phoenix Suns,Washington Wizards,Away Win (109-91),91-109,Four 12-minute quarters / 48 min,No,Capital One Arena,"Washington, DC",15716,Phoenix Suns team victory,"Phoenix Suns defeated Washington Wizards 109-91 in Regular Season at Capital One Arena (Washington, DC).",SportsDataVerse hoopR / ESPN NBA Hidden API
627,310121001,2010-2011,2010,Regular Season,Regular Season,2011-01-21,Friday,00:30,New Orleans Hornets,Atlanta Hawks,Atlanta Hawks,New Orleans Hornets,59,100,159,41,New Orleans Hornets,Atlanta Hawks,Away Win (100-59),59-100,Four 12-minute quarters / 48 min,No,State Farm Arena,"Atlanta, GA",14875,New Orleans Hornets team victory,"New Orleans Hornets defeated Atlanta Hawks 100-59 in Regular Season at State Farm Arena (Atlanta, GA).",SportsDataVerse hoopR / ESPN NBA Hidden API
628,310121002,2010-2011,2010,Regular Season,Regular Season,2011-01-21,Friday,00:30,Utah Jazz,Boston Celtics,Boston Celtics,Utah Jazz,110,86,196,24,Boston Celtics,Utah Jazz,Home Win (110-86),110-86,Four 12-minute quarters / 48 min,No,TD Garden,"Boston, MA",18624,Boston Celtics team victory,"Boston Celtics defeated Utah Jazz 110-86 in Regular Season at TD Garden (Boston, MA).",SportsDataVerse hoopR / ESPN NBA Hidden API
629,310121005,2010-2011,2010,Regular Season,Regular Season,2011-01-21,Friday,00:30,Milwaukee Bucks,Cleveland Cavaliers,Cleveland Cavaliers,Milwaukee Bucks,88,102,190,14,Milwaukee Bucks,Cleveland Cavaliers,Away Win (102-88),88-102,Four 12-minute quarters / 48 min,No,Rocket Mortgage FieldHouse,"Cleveland, OH",20562,Milwaukee Bucks team victory,"Milwaukee Bucks defeated Cleveland Cavaliers 102-88 in Regular Season at Rocket Mortgage FieldHouse (Cleveland, OH).",SportsDataVerse hoopR / ESPN NBA Hidden API
630,310121024,2010-2011,2010,Regular Season,Regular Season,2011-01-21,Friday,01:00,New York Knicks,San Antonio Spurs,San Antonio Spurs,New York Knicks,101,92,193,9,San Antonio Spurs,New York Knicks,Home Win (101-92),101-92,Four 12-minute quarters / 48 min,No,AT&T Center,"San Antonio, TX",18581,San Antonio Spurs team victory,"San Antonio Spurs defeated New York Knicks 101-92 in Regular Season at AT&T Center (San Antonio, TX).",SportsDataVerse hoopR / ESPN NBA Hidden API
631,310121029,2010-2011,2010,Regular Season,Regular Season,2011-01-21,Friday,01:00,Houston Rockets,Memphis Grizzlies,Memphis Grizzlies,Houston Rockets,115,110,225,5,Memphis Grizzlies,Houston Rockets,Home Win (115-110),115-110,Four 12-minute quarters / 48 min,No,FedExForum,"Memphis, TN",13458,Memphis Grizzlies team victory,"Memphis Grizzlies defeated Houston Rockets 115-110 in Regular Season at FedExForum (Memphis, TN).",SportsDataVerse hoopR / ESPN NBA Hidden API
632,310121007,2010-2011,2010,Regular Season,Regular Season,2011-01-21,Friday,03:30,Los Angeles Lakers,Denver Nuggets,Denver Nuggets,Los Angeles Lakers,97,107,204,10,Los Angeles Lakers,Denver Nuggets,Away Win (107-97),97-107,Four 12-minute quarters / 48 min,No,Ball Arena,"Denver, CO",19155,Los Angeles Lakers team victory,"Los Angeles Lakers defeated Denver Nuggets 107-97 in Regular Season at Ball Arena (Denver, CO).",SportsDataVerse hoopR / ESPN NBA Hidden API
633,310121009,2010-2011,2010,Regular Season,Regular Season,2011-01-21,Friday,03:30,Sacramento Kings,Golden State Warriors,Golden State Warriors,Sacramento Kings,119,112,231,7,Golden State Warriors,Sacramento Kings,Home Win (119-112),119-112,Four 12-minute quarters / 48 min,Yes,ORACLE Arena,"Oakland, CA",18428,Golden State Warriors team victory (OT),"Golden State Warriors edged Sacramento Kings 119-112 in overtime at ORACLE Arena (Oakland, CA).",SportsDataVerse hoopR / ESPN NBA Hidden API
634,310122017,2010-2011,2010,Regular Season,Regular Season,2011-01-22,Saturday,00:00,Dallas Mavericks,New Jersey Nets,New Jersey Nets,Dallas Mavericks,86,87,173,1,Dallas Mavericks,New Jersey Nets,Away Win (87-86),86-87,Four 12-minute quarters / 48 min,No,Prudential Center,"Newark, NJ",14051,Dallas Mavericks team victory,"Dallas Mavericks defeated New Jersey Nets 87-86 in Regular Season at Prudential Center (Newark, NJ).",SportsDataVerse hoopR / ESPN NBA Hidden API
635,310122027,2010-2011,2010,Regular Season,Regular Season,2011-01-22,Saturday,00:00,Boston Celtics,Washington Wizards,Washington Wizards,Boston Celtics,85,83,168,2,Washington Wizards,Boston Celtics,Home Win (85-83),85-83,Four 12-minute quarters / 48 min,No,Capital One Arena,"Washington, DC",20278,Washington Wizards team victory,"Washington Wizards defeated Boston Celtics 85-83 in Regular Season at Capital One Arena (Washington, DC).",SportsDataVerse hoopR / ESPN NBA Hidden API
636,310122030,2010-2011,2010,Regular Season,Regular Season,2011-01-22,Saturday,00:00,Atlanta Hawks,Charlotte Bobcats,Charlotte Bobcats,Atlanta Hawks,87,103,190,16,Atlanta Hawks,Charlotte Bobcats,Away Win (103-87),87-103,Four 12-minute quarters / 48 min,No,Spectrum Center,"Charlotte, NC",17286,Atlanta Hawks team victory,"Atlanta Hawks defeated Charlotte Bobcats 103-87 in Regular Season at Spectrum Center (Charlotte, NC).",SportsDataVerse hoopR / ESPN NBA Hidden API
637,310122008,2010-2011,2010,Regular Season,Regular Season,2011-01-22,Saturday,00:30,Phoenix Suns,Detroit Pistons,Detroit Pistons,Phoenix Suns,75,74,149,1,Detroit Pistons,Phoenix Suns,Home Win (75-74),75-74,Four 12-minute quarters / 48 min,No,The Palace of Auburn Hills,"Detroit, MI",21326,Detroit Pistons team victory,"Detroit Pistons defeated Phoenix Suns 75-74 in Regular Season at The Palace of Auburn Hills (Detroit, MI).",SportsDataVerse hoopR / ESPN NBA Hidden API
638,310122014,2010-2011,2010,Regular Season,Regular Season,2011-01-22,Saturday,00:30,Toronto Raptors,Miami Heat,Miami Heat,Toronto Raptors,120,103,223,17,Miami Heat,Toronto Raptors,Home Win (120-103),120-103,Four 12-minute quarters / 48 min,No,Kaseya Center,"Miami, FL",20025,Miami Heat team victory,"Miami Heat defeated Toronto Raptors 120-103 in Regular Season at Kaseya Center (Miami, FL).",SportsDataVerse hoopR / ESPN NBA Hidden API
639,310122020,2010-2011,2010,Regular Season,Regular Season,2011-01-22,Saturday,00:30,Utah Jazz,Philadelphia 76ers,Philadelphia 76ers,Utah Jazz,96,85,181,11,Philadelphia 76ers,Utah Jazz,Home Win (96-85),96-85,Four 12-minute quarters / 48 min,No,Wells Fargo Center,"Philadelphia, PA",14036,Philadelphia 76ers team victory,"Philadelphia 76ers defeated Utah Jazz 96-85 in Regular Season at Wells Fargo Center (Philadelphia, PA).",SportsDataVerse hoopR / ESPN NBA Hidden API
640,310122003,2010-2011,2010,Regular Season,Regular Season,2011-01-22,Saturday,01:00,San Antonio Spurs,New Orleans Hornets,New Orleans Hornets,San Antonio Spurs,96,72,168,24,New Orleans Hornets,San Antonio Spurs,Home Win (96-72),96-72,Four 12-minute quarters / 48 min,No,Smoothie King Center,"New Orleans, LA",18023,New Orleans Hornets team victory,"New Orleans Hornets defeated San Antonio Spurs 96-72 in Regular Season at Smoothie King Center (New Orleans, LA).",SportsDataVerse hoopR / ESPN NBA Hidden API
641,310122004,2010-2011,2010,Regular Season,Regular Season,2011-01-22,Saturday,01:00,Cleveland Cavaliers,Chicago Bulls,Chicago Bulls,Cleveland Cavaliers,92,79,171,13,Chicago Bulls,Cleveland Cavaliers,Home Win (92-79),92-79,Four 12-minute quarters / 48 min,No,United Center,"Chicago, IL",21389,Chicago Bulls team victory,"Chicago Bulls defeated Cleveland Cavaliers 92-79 in Regular Season at United Center (Chicago, IL).",SportsDataVerse hoopR / ESPN NBA Hidden API
642,310122025,2010-2011,2010,Regular Season,Regular Season,2011-01-22,Saturday,01:00,New York Knicks,Oklahoma City Thunder,Oklahoma City Thunder,New York Knicks,101,98,199,3,Oklahoma City Thunder,New York Knicks,Home Win (101-98),101-98,Four 12-minute quarters / 48 min,No,Paycom Center,"Oklahoma City, OK",18203,Oklahoma City Thunder team victory,"Oklahoma City Thunder defeated New York Knicks 101-98 in Regular Season at Paycom Center (Oklahoma City, OK).",SportsDataVerse hoopR / ESPN NBA Hidden API
643,310122010,2010-2011,2010,Regular Season,Regular Season,2011-01-22,Saturday,01:30,Orlando Magic,Houston Rockets,Houston Rockets,Orlando Magic,104,118,222,14,Orlando Magic,Houston Rockets,Away Win (118-104),104-118,Four 12-minute quarters / 48 min,No,Toyota Center (Houston),"Houston, TX",18052,Orlando Magic team victory,"Orlando Magic defeated Houston Rockets 118-104 in Regular Season at Toyota Center (Houston) (Houston, TX).",SportsDataVerse hoopR / ESPN NBA Hidden API
644,310122015,2010-2011,2010,Regular Season,Regular Season,2011-01-22,Saturday,01:30,Memphis Grizzlies,Milwaukee Bucks,Milwaukee Bucks,Memphis Grizzlies,81,94,175,13,Memphis Grizzlies,Milwaukee Bucks,Away Win (94-81),81-94,Four 12-minute quarters / 48 min,No,BMO Harris Bradley Center,"Milwaukee, WI",16157,Memphis Grizzlies team victory,"Memphis Grizzlies defeated Milwaukee Bucks 94-81 in Regular Season at BMO Harris Bradley Center (Milwaukee, WI).",SportsDataVerse hoopR / ESPN NBA Hidden API
645,310122022,2010-2011,2010,Regular Season,Regular Season,2011-01-22,Saturday,03:00,Indiana Pacers,Portland Trail Blazers,Portland Trail Blazers,Indiana Pacers,97,92,189,5,Portland Trail Blazers,Indiana Pacers,Home Win (97-92),97-92,Four 12-minute quarters / 48 min,No,Moda Center,"Portland, OR",20563,Portland Trail Blazers team victory,"Portland Trail Blazers defeated Indiana Pacers 97-92 in Regular Season at Moda Center (Portland, OR).",SportsDataVerse hoopR / ESPN NBA Hidden API
646,310122012,2010-2011,2010,Regular Season,Regular Season,2011-01-22,Saturday,03:30,Golden State Warriors,LA Clippers,LA Clippers,Golden State Warriors,113,109,222,4,LA Clippers,Golden State Warriors,Home Win (113-109),113-109,Four 12-minute quarters / 48 min,No,crypto.com Arena,"Los Angeles, CA",19373,LA Clippers team victory,"LA Clippers defeated Golden State Warriors 113-109 in Regular Season at crypto.com Arena (Los Angeles, CA).",SportsDataVerse hoopR / ESPN NBA Hidden API
647,310123007,2010-2011,2010,Regular Season,Regular Season,2011-01-23,Sunday,01:00,Indiana Pacers,Denver Nuggets,Denver Nuggets,Indiana Pacers,121,107,228,14,Denver Nuggets,Indiana Pacers,Home Win (121-107),121-107,Four 12-minute quarters / 48 min,No,Ball Arena,"Denver, CO",17047,Denver Nuggets team victory,"Denver Nuggets defeated Indiana Pacers 121-107 in Regular Season at Ball Arena (Denver, CO).",SportsDataVerse hoopR / ESPN NBA Hidden API
648,310124017,2010-2011,2010,Regular Season,Regular Season,2011-01-24,Monday,00:00,Cleveland Cavaliers,New Jersey Nets,New Jersey Nets,Cleveland Cavaliers,103,101,204,2,New Jersey Nets,Cleveland Cavaliers,Home Win (103-101),103-101,Four 12-minute quarters / 48 min,No,Prudential Center,"Newark, NJ",10197,New Jersey Nets team victory,"New Jersey Nets defeated Cleveland Cavaliers 103-101 in Regular Season at Prudential Center (Newark, NJ).",SportsDataVerse hoopR / ESPN NBA Hidden API
649,310124019,2010-2011,2010,Regular Season,Regular Season,2011-01-24,Monday,00:00,Detroit Pistons,Orlando Magic,Orlando Magic,Detroit Pistons,96,103,199,7,Detroit Pistons,Orlando Magic,Away Win (103-96),96-103,Four 12-minute quarters / 48 min,No,Amway Center,"Orlando, FL",19098,Detroit Pistons team victory,"Detroit Pistons defeated Orlando Magic 103-96 in Regular Season at Amway Center (Orlando, FL).",SportsDataVerse hoopR / ESPN NBA Hidden API
650,310124020,2010-2011,2010,Regular Season,Regular Season,2011-01-24,Monday,00:00,Phoenix Suns,Philadelphia 76ers,Philadelphia 76ers,Phoenix Suns,105,95,200,10,Philadelphia 76ers,Phoenix Suns,Home Win (105-95),105-95,Four 12-minute quarters / 48 min,No,Wells Fargo Center,"Philadelphia, PA",14881,Philadelphia 76ers team victory,"Philadelphia 76ers defeated Phoenix Suns 105-95 in Regular Season at Wells Fargo Center (Philadelphia, PA).",SportsDataVerse hoopR / ESPN NBA Hidden API
651,310124028,2010-2011,2010,Regular Season,Regular Season,2011-01-24,Monday,00:00,Memphis Grizzlies,Toronto Raptors,Toronto Raptors,Memphis Grizzlies,98,100,198,2,Memphis Grizzlies,Toronto Raptors,Away Win (100-98),98-100,Four 12-minute quarters / 48 min,No,Scotiabank Arena,"Toronto, ON",14127,Memphis Grizzlies team victory,"Memphis Grizzlies defeated Toronto Raptors 100-98 in Regular Season at Scotiabank Arena (Toronto, ON).",SportsDataVerse hoopR / ESPN NBA Hidden API
652,310124018,2010-2011,2010,Regular Season,Regular Season,2011-01-24,Monday,00:30,Washington Wizards,New York Knicks,New York Knicks,Washington Wizards,115,106,221,9,New York Knicks,Washington Wizards,Home Win (115-106),115-106,Four 12-minute quarters / 48 min,No,Madison Square Garden,"New York, NY",19763,New York Knicks team victory,"New York Knicks defeated Washington Wizards 115-106 in Regular Season at Madison Square Garden (New York, NY).",SportsDataVerse hoopR / ESPN NBA Hidden API
653,310124003,2010-2011,2010,Regular Season,Regular Season,2011-01-24,Monday,01:00,Oklahoma City Thunder,New Orleans Hornets,New Orleans Hornets,Oklahoma City Thunder,91,89,180,2,New Orleans Hornets,Oklahoma City Thunder,Home Win (91-89),91-89,Four 12-minute quarters / 48 min,No,Smoothie King Center,"New Orleans, LA",17233,New Orleans Hornets team victory,"New Orleans Hornets defeated Oklahoma City Thunder 91-89 in Regular Season at Smoothie King Center (New Orleans, LA).",SportsDataVerse hoopR / ESPN NBA Hidden API
654,310124004,2010-2011,2010,Regular Season,Regular Season,2011-01-24,Monday,01:00,Milwaukee Bucks,Chicago Bulls,Chicago Bulls,Milwaukee Bucks,92,83,175,9,Chicago Bulls,Milwaukee Bucks,Home Win (92-83),92-83,Four 12-minute quarters / 48 min,No,United Center,"Chicago, IL",21126,Chicago Bulls team victory,"Chicago Bulls defeated Milwaukee Bucks 92-83 in Regular Season at United Center (Chicago, IL).",SportsDataVerse hoopR / ESPN NBA Hidden API
655,310124016,2010-2011,2010,Regular Season,Regular Season,2011-01-24,Monday,01:00,Houston Rockets,Minnesota Timberwolves,Minnesota Timberwolves,Houston Rockets,125,129,254,4,Houston Rockets,Minnesota Timberwolves,Away Win (129-125),125-129,Four 12-minute quarters / 48 min,No,Target Center,"Minneapolis, MN",11983,Houston Rockets team victory,"Houston Rockets defeated Minnesota Timberwolves 129-125 in Regular Season at Target Center (Minneapolis, MN).",SportsDataVerse hoopR / ESPN NBA Hidden API
656,310124022,2010-2011,2010,Regular Season,Regular Season,2011-01-24,Monday,03:00,Sacramento Kings,Portland Trail Blazers,Portland Trail Blazers,Sacramento Kings,81,96,177,15,Sacramento Kings,Portland Trail Blazers,Away Win (96-81),81-96,Four 12-minute quarters / 48 min,No,Moda Center,"Portland, OR",20488,Sacramento Kings team victory,"Sacramento Kings defeated Portland Trail Blazers 96-81 in Regular Season at Moda Center (Portland, OR).",SportsDataVerse hoopR / ESPN NBA Hidden API
657,310124009,2010-2011,2010,Regular Season,Regular Season,2011-01-24,Monday,03:30,San Antonio Spurs,Golden State Warriors,Golden State Warriors,San Antonio Spurs,102,113,215,11,San Antonio Spurs,Golden State Warriors,Away Win (113-102),102-113,Four 12-minute quarters / 48 min,No,ORACLE Arena,"Oakland, CA",18523,San Antonio Spurs team victory,"San Antonio Spurs defeated Golden State Warriors 113-102 in Regular Season at ORACLE Arena (Oakland, CA).",SportsDataVerse hoopR / ESPN NBA Hidden API
658,310125027,2010-2011,2010,Regular Season,Regular Season,2011-01-25,Tuesday,00:00,Denver Nuggets,Washington Wizards,Washington Wizards,Denver Nuggets,109,120,229,11,Denver Nuggets,Washington Wizards,Away Win (120-109),109-120,Four 12-minute quarters / 48 min,No,Capital One Arena,"Washington, DC",16121,Denver Nuggets team victory,"Denver Nuggets defeated Washington Wizards 120-109 in Regular Season at Capital One Arena (Washington, DC).",SportsDataVerse hoopR / ESPN NBA Hidden API
659,310125002,2010-2011,2010,Regular Season,Regular Season,2011-01-25,Tuesday,00:30,Cleveland Cavaliers,Boston Celtics,Boston Celtics,Cleveland Cavaliers,112,95,207,17,Boston Celtics,Cleveland Cavaliers,Home Win (112-95),112-95,Four 12-minute quarters / 48 min,No,TD Garden,"Boston, MA",18624,Boston Celtics team victory,"Boston Celtics defeated Cleveland Cavaliers 112-95 in Regular Season at TD Garden (Boston, MA).",SportsDataVerse hoopR / ESPN NBA Hidden API
660,310125006,2010-2011,2010,Regular Season,Regular Season,2011-01-25,Tuesday,01:30,LA Clippers,Dallas Mavericks,Dallas Mavericks,LA Clippers,112,105,217,7,Dallas Mavericks,LA Clippers,Home Win (112-105),112-105,Four 12-minute quarters / 48 min,No,American Airlines Center,"Dallas, TX",20335,Dallas Mavericks team victory,"Dallas Mavericks defeated LA Clippers 112-105 in Regular Season at American Airlines Center (Dallas, TX).",SportsDataVerse hoopR / ESPN NBA Hidden API
661,310125023,2010-2011,2010,Regular Season,Regular Season,2011-01-25,Tuesday,03:00,Charlotte Bobcats,Sacramento Kings,Sacramento Kings,Charlotte Bobcats,89,94,183,5,Charlotte Bobcats,Sacramento Kings,Away Win (94-89),89-94,Four 12-minute quarters / 48 min,No,Sleep Train Arena,"Sacramento, CA",13984,Charlotte Bobcats team victory,"Charlotte Bobcats defeated Sacramento Kings 94-89 in Regular Season at Sleep Train Arena (Sacramento, CA).",SportsDataVerse hoopR / ESPN NBA Hidden API
662,310125013,2010-2011,2010,Regular Season,Regular Season,2011-01-25,Tuesday,03:30,Utah Jazz,Los Angeles Lakers,Los Angeles Lakers,Utah Jazz,120,91,211,29,Los Angeles Lakers,Utah Jazz,Home Win (120-91),120-91,Four 12-minute quarters / 48 min,No,crypto.com Arena,"Los Angeles, CA",18997,Los Angeles Lakers team victory,"Los Angeles Lakers defeated Utah Jazz 120-91 in Regular Season at crypto.com Arena (Los Angeles, CA).",SportsDataVerse hoopR / ESPN NBA Hidden API
663,310126011,2010-2011,2010,Regular Season,Regular Season,2011-01-26,Wednesday,00:00,Orlando Magic,Indiana Pacers,Indiana Pacers,Orlando Magic,96,111,207,15,Orlando Magic,Indiana Pacers,Away Win (111-96),96-111,Four 12-minute quarters / 48 min,No,Gainbridge Fieldhouse,"Indianapolis, IN",12164,Orlando Magic team victory,"Orlando Magic defeated Indiana Pacers 111-96 in Regular Season at Gainbridge Fieldhouse (Indianapolis, IN).",SportsDataVerse hoopR / ESPN NBA Hidden API
664,310126017,2010-2011,2010,Regular Season,Regular Season,2011-01-26,Wednesday,00:00,Memphis Grizzlies,New Jersey Nets,New Jersey Nets,Memphis Grizzlies,93,88,181,5,New Jersey Nets,Memphis Grizzlies,Home Win (93-88),93-88,Four 12-minute quarters / 48 min,No,Prudential Center,"Newark, NJ",8866,New Jersey Nets team victory,"New Jersey Nets defeated Memphis Grizzlies 93-88 in Regular Season at Prudential Center (Newark, NJ).",SportsDataVerse hoopR / ESPN NBA Hidden API
665,310126028,2010-2011,2010,Regular Season,Regular Season,2011-01-26,Wednesday,00:00,Philadelphia 76ers,Toronto Raptors,Toronto Raptors,Philadelphia 76ers,94,107,201,13,Philadelphia 76ers,Toronto Raptors,Away Win (107-94),94-107,Four 12-minute quarters / 48 min,No,Scotiabank Arena,"Toronto, ON",14552,Philadelphia 76ers team victory,"Philadelphia 76ers defeated Toronto Raptors 107-94 in Regular Season at Scotiabank Arena (Toronto, ON).",SportsDataVerse hoopR / ESPN NBA Hidden API
666,310126008,2010-2011,2010,Regular Season,Regular Season,2011-01-26,Wednesday,00:30,Denver Nuggets,Detroit Pistons,Detroit Pistons,Denver Nuggets,100,109,209,9,Denver Nuggets,Detroit Pistons,Away Win (109-100),100-109,Four 12-minute quarters / 48 min,No,The Palace of Auburn Hills,"Detroit, MI",16212,Denver Nuggets team victory,"Denver Nuggets defeated Detroit Pistons 109-100 in Regular Season at The Palace of Auburn Hills (Detroit, MI).",SportsDataVerse hoopR / ESPN NBA Hidden API
667,310126015,2010-2011,2010,Regular Season,Regular Season,2011-01-26,Wednesday,01:00,Atlanta Hawks,Milwaukee Bucks,Milwaukee Bucks,Atlanta Hawks,98,90,188,8,Milwaukee Bucks,Atlanta Hawks,Home Win (98-90),98-90,Four 12-minute quarters / 48 min,No,BMO Harris Bradley Center,"Milwaukee, WI",13274,Milwaukee Bucks team victory,"Milwaukee Bucks defeated Atlanta Hawks 98-90 in Regular Season at BMO Harris Bradley Center (Milwaukee, WI).",SportsDataVerse hoopR / ESPN NBA Hidden API
668,310126016,2010-2011,2010,Regular Season,Regular Season,2011-01-26,Wednesday,01:00,Oklahoma City Thunder,Minnesota Timberwolves,Minnesota Timberwolves,Oklahoma City Thunder,117,118,235,1,Oklahoma City Thunder,Minnesota Timberwolves,Away Win (118-117),117-118,Four 12-minute quarters / 48 min,Yes,Target Center,"Minneapolis, MN",14979,Oklahoma City Thunder team victory (OT),"Oklahoma City Thunder edged Minnesota Timberwolves 118-117 in overtime at Target Center (Minneapolis, MN).",SportsDataVerse hoopR / ESPN NBA Hidden API
669,310126010,2010-2011,2010,Regular Season,Regular Season,2011-01-26,Wednesday,01:30,LA Clippers,Houston Rockets,Houston Rockets,LA Clippers,96,83,179,13,Houston Rockets,LA Clippers,Home Win (96-83),96-83,Four 12-minute quarters / 48 min,No,Toyota Center (Houston),"Houston, TX",18147,Houston Rockets team victory,"Houston Rockets defeated LA Clippers 96-83 in Regular Season at Toyota Center (Houston) (Houston, TX).",SportsDataVerse hoopR / ESPN NBA Hidden API
670,310126021,2010-2011,2010,Regular Season,Regular Season,2011-01-26,Wednesday,02:00,Charlotte Bobcats,Phoenix Suns,Phoenix Suns,Charlotte Bobcats,107,114,221,7,Charlotte Bobcats,Phoenix Suns,Away Win (114-107),107-114,Four 12-minute quarters / 48 min,No,Footprint Center,"Phoenix, AZ",16986,Charlotte Bobcats team victory,"Charlotte Bobcats defeated Phoenix Suns 114-107 in Regular Season at Footprint Center (Phoenix, AZ).",SportsDataVerse hoopR / ESPN NBA Hidden API
671,310126026,2010-2011,2010,Regular Season,Regular Season,2011-01-26,Wednesday,02:30,San Antonio Spurs,Utah Jazz,Utah Jazz,San Antonio Spurs,105,112,217,7,San Antonio Spurs,Utah Jazz,Away Win (112-105),105-112,Four 12-minute quarters / 48 min,No,Vivint Arena,"Salt Lake City, UT",19911,San Antonio Spurs team victory,"San Antonio Spurs defeated Utah Jazz 112-105 in Regular Season at Vivint Arena (Salt Lake City, UT).",SportsDataVerse hoopR / ESPN NBA Hidden API
672,310126009,2010-2011,2010,Regular Season,Regular Season,2011-01-26,Wednesday,03:30,New Orleans Hornets,Golden State Warriors,Golden State Warriors,New Orleans Hornets,103,112,215,9,New Orleans Hornets,Golden State Warriors,Away Win (112-103),103-112,Four 12-minute quarters / 48 min,No,ORACLE Arena,"Oakland, CA",18108,New Orleans Hornets team victory,"New Orleans Hornets defeated Golden State Warriors 112-103 in Regular Season at ORACLE Arena (Oakland, CA).",SportsDataVerse hoopR / ESPN NBA Hidden API
673,310127018,2010-2011,2010,Regular Season,Regular Season,2011-01-27,Thursday,01:00,Miami Heat,New York Knicks,New York Knicks,Miami Heat,93,88,181,5,New York Knicks,Miami Heat,Home Win (93-88),93-88,Four 12-minute quarters / 48 min,No,Madison Square Garden,"New York, NY",19763,New York Knicks team victory,"New York Knicks defeated Miami Heat 93-88 in Regular Season at Madison Square Garden (New York, NY).",SportsDataVerse hoopR / ESPN NBA Hidden API
674,310127006,2010-2011,2010,Regular Season,Regular Season,2011-01-27,Thursday,01:30,Houston Rockets,Dallas Mavericks,Dallas Mavericks,Houston Rockets,111,106,217,5,Dallas Mavericks,Houston Rockets,Home Win (111-106),111-106,Four 12-minute quarters / 48 min,No,American Airlines Center,"Dallas, TX",20088,Dallas Mavericks team victory,"Dallas Mavericks defeated Houston Rockets 111-106 in Regular Season at American Airlines Center (Dallas, TX).",SportsDataVerse hoopR / ESPN NBA Hidden API
675,310127022,2010-2011,2010,Regular Season,Regular Season,2011-01-27,Thursday,03:30,Boston Celtics,Portland Trail Blazers,Portland Trail Blazers,Boston Celtics,78,88,166,10,Boston Celtics,Portland Trail Blazers,Away Win (88-78),78-88,Four 12-minute quarters / 48 min,No,Moda Center,"Portland, OR",20706,Boston Celtics team victory,"Boston Celtics defeated Portland Trail Blazers 88-78 in Regular Season at Moda Center (Portland, OR).",SportsDataVerse hoopR / ESPN NBA Hidden API
676,310128011,2010-2011,2010,Regular Season,Regular Season,2011-01-28,Friday,00:00,New Jersey Nets,Indiana Pacers,Indiana Pacers,New Jersey Nets,124,92,216,32,Indiana Pacers,New Jersey Nets,Home Win (124-92),124-92,Four 12-minute quarters / 48 min,No,Gainbridge Fieldhouse,"Indianapolis, IN",11337,Indiana Pacers team victory,"Indiana Pacers defeated New Jersey Nets 124-92 in Regular Season at Gainbridge Fieldhouse (Indianapolis, IN).",SportsDataVerse hoopR / ESPN NBA Hidden API
677,310128020,2010-2011,2010,Regular Season,Regular Season,2011-01-28,Friday,00:00,Memphis Grizzlies,Philadelphia 76ers,Philadelphia 76ers,Memphis Grizzlies,94,99,193,5,Memphis Grizzlies,Philadelphia 76ers,Away Win (99-94),94-99,Four 12-minute quarters / 48 min,No,Wells Fargo Center,"Philadelphia, PA",14289,Memphis Grizzlies team victory,"Memphis Grizzlies defeated Philadelphia 76ers 99-94 in Regular Season at Wells Fargo Center (Philadelphia, PA).",SportsDataVerse hoopR / ESPN NBA Hidden API
678,310128028,2010-2011,2010,Regular Season,Regular Season,2011-01-28,Friday,00:00,Milwaukee Bucks,Toronto Raptors,Toronto Raptors,Milwaukee Bucks,110,116,226,6,Milwaukee Bucks,Toronto Raptors,Away Win (116-110),110-116,Four 12-minute quarters / 48 min,Yes,Scotiabank Arena,"Toronto, ON",15159,Milwaukee Bucks team victory (OT),"Milwaukee Bucks edged Toronto Raptors 116-110 in overtime at Scotiabank Arena (Toronto, ON).",SportsDataVerse hoopR / ESPN NBA Hidden API
679,310128001,2010-2011,2010,Regular Season,Regular Season,2011-01-28,Friday,00:30,New York Knicks,Atlanta Hawks,Atlanta Hawks,New York Knicks,111,102,213,9,Atlanta Hawks,New York Knicks,Home Win (111-102),111-102,Four 12-minute quarters / 48 min,No,State Farm Arena,"Atlanta, GA",19069,Atlanta Hawks team victory,"Atlanta Hawks defeated New York Knicks 111-102 in Regular Season at State Farm Arena (Atlanta, GA).",SportsDataVerse hoopR / ESPN NBA Hidden API
680,310128005,2010-2011,2010,Regular Season,Regular Season,2011-01-28,Friday,00:30,Denver Nuggets,Cleveland Cavaliers,Cleveland Cavaliers,Denver Nuggets,103,117,220,14,Denver Nuggets,Cleveland Cavaliers,Away Win (117-103),103-117,Four 12-minute quarters / 48 min,No,Rocket Mortgage FieldHouse,"Cleveland, OH",19642,Denver Nuggets team victory,"Denver Nuggets defeated Cleveland Cavaliers 117-103 in Regular Season at Rocket Mortgage FieldHouse (Cleveland, OH).",SportsDataVerse hoopR / ESPN NBA Hidden API
681,310128014,2010-2011,2010,Regular Season,Regular Season,2011-01-28,Friday,00:30,Detroit Pistons,Miami Heat,Miami Heat,Detroit Pistons,88,87,175,1,Miami Heat,Detroit Pistons,Home Win (88-87),88-87,Four 12-minute quarters / 48 min,No,Kaseya Center,"Miami, FL",19805,Miami Heat team victory,"Miami Heat defeated Detroit Pistons 88-87 in Regular Season at Kaseya Center (Miami, FL).",SportsDataVerse hoopR / ESPN NBA Hidden API
682,310128004,2010-2011,2010,Regular Season,Regular Season,2011-01-28,Friday,01:00,Orlando Magic,Chicago Bulls,Chicago Bulls,Orlando Magic,99,90,189,9,Chicago Bulls,Orlando Magic,Home Win (99-90),99-90,Four 12-minute quarters / 48 min,No,United Center,"Chicago, IL",21676,Chicago Bulls team victory,"Chicago Bulls defeated Orlando Magic 99-90 in Regular Season at United Center (Chicago, IL).",SportsDataVerse hoopR / ESPN NBA Hidden API
683,310128025,2010-2011,2010,Regular Season,Regular Season,2011-01-28,Friday,01:00,Washington Wizards,Oklahoma City Thunder,Oklahoma City Thunder,Washington Wizards,124,117,241,7,Oklahoma City Thunder,Washington Wizards,Home Win (124-117),124-117,Four 12-minute quarters / 48 min,Yes,Paycom Center,"Oklahoma City, OK",18203,Oklahoma City Thunder team victory (OT),"Oklahoma City Thunder edged Washington Wizards 124-117 in overtime at Paycom Center (Oklahoma City, OK).",SportsDataVerse hoopR / ESPN NBA Hidden API
684,310128026,2010-2011,2010,Regular Season,Regular Season,2011-01-28,Friday,02:00,Minnesota Timberwolves,Utah Jazz,Utah Jazz,Minnesota Timberwolves,108,100,208,8,Utah Jazz,Minnesota Timberwolves,Home Win (108-100),108-100,Four 12-minute quarters / 48 min,No,Vivint Arena,"Salt Lake City, UT",19911,Utah Jazz team victory,"Utah Jazz defeated Minnesota Timberwolves 108-100 in Regular Season at Vivint Arena (Salt Lake City, UT).",SportsDataVerse hoopR / ESPN NBA Hidden API
685,310128009,2010-2011,2010,Regular Season,Regular Season,2011-01-28,Friday,03:30,Charlotte Bobcats,Golden State Warriors,Golden State Warriors,Charlotte Bobcats,113,121,234,8,Charlotte Bobcats,Golden State Warriors,Away Win (121-113),113-121,Four 12-minute quarters / 48 min,Yes,ORACLE Arena,"Oakland, CA",18407,Charlotte Bobcats team victory (OT),"Charlotte Bobcats edged Golden State Warriors 121-113 in overtime at ORACLE Arena (Oakland, CA).",SportsDataVerse hoopR / ESPN NBA Hidden API
686,310128013,2010-2011,2010,Regular Season,Regular Season,2011-01-28,Friday,03:30,Sacramento Kings,Los Angeles Lakers,Los Angeles Lakers,Sacramento Kings,95,100,195,5,Sacramento Kings,Los Angeles Lakers,Away Win (100-95),95-100,Four 12-minute quarters / 48 min,No,crypto.com Arena,"Los Angeles, CA",18997,Sacramento Kings team victory,"Sacramento Kings defeated Los Angeles Lakers 100-95 in Regular Season at crypto.com Arena (Los Angeles, CA).",SportsDataVerse hoopR / ESPN NBA Hidden API
687,310128021,2010-2011,2010,Regular Season,Regular Season,2011-01-28,Friday,03:30,Boston Celtics,Phoenix Suns,Phoenix Suns,Boston Celtics,88,71,159,17,Phoenix Suns,Boston Celtics,Home Win (88-71),88-71,Four 12-minute quarters / 48 min,No,Footprint Center,"Phoenix, AZ",18422,Phoenix Suns team victory,"Phoenix Suns defeated Boston Celtics 88-71 in Regular Season at Footprint Center (Phoenix, AZ).",SportsDataVerse hoopR / ESPN NBA Hidden API
688,310129004,2010-2011,2010,Regular Season,Regular Season,2011-01-29,Saturday,01:00,Indiana Pacers,Chicago Bulls,Chicago Bulls,Indiana Pacers,110,89,199,21,Chicago Bulls,Indiana Pacers,Home Win (110-89),110-89,Four 12-minute quarters / 48 min,No,United Center,"Chicago, IL",21611,Chicago Bulls team victory,"Chicago Bulls defeated Indiana Pacers 110-89 in Regular Season at United Center (Chicago, IL).",SportsDataVerse hoopR / ESPN NBA Hidden API
689,310129016,2010-2011,2010,Regular Season,Regular Season,2011-01-29,Saturday,01:00,Toronto Raptors,Minnesota Timberwolves,Minnesota Timberwolves,Toronto Raptors,103,87,190,16,Minnesota Timberwolves,Toronto Raptors,Home Win (103-87),103-87,Four 12-minute quarters / 48 min,No,Target Center,"Minneapolis, MN",14991,Minnesota Timberwolves team victory,"Minnesota Timberwolves defeated Toronto Raptors 103-87 in Regular Season at Target Center (Minneapolis, MN).",SportsDataVerse hoopR / ESPN NBA Hidden API
690,310129029,2010-2011,2010,Regular Season,Regular Season,2011-01-29,Saturday,01:00,Washington Wizards,Memphis Grizzlies,Memphis Grizzlies,Washington Wizards,107,93,200,14,Memphis Grizzlies,Washington Wizards,Home Win (107-93),107-93,Four 12-minute quarters / 48 min,No,FedExForum,"Memphis, TN",14722,Memphis Grizzlies team victory,"Memphis Grizzlies defeated Washington Wizards 107-93 in Regular Season at FedExForum (Memphis, TN).",SportsDataVerse hoopR / ESPN NBA Hidden API
691,310129006,2010-2011,2010,Regular Season,Regular Season,2011-01-29,Saturday,01:30,Atlanta Hawks,Dallas Mavericks,Dallas Mavericks,Atlanta Hawks,102,91,193,11,Dallas Mavericks,Atlanta Hawks,Home Win (102-91),102-91,Four 12-minute quarters / 48 min,No,American Airlines Center,"Dallas, TX",20309,Dallas Mavericks team victory,"Dallas Mavericks defeated Atlanta Hawks 102-91 in Regular Season at American Airlines Center (Dallas, TX).",SportsDataVerse hoopR / ESPN NBA Hidden API
692,310129015,2010-2011,2010,Regular Season,Regular Season,2011-01-29,Saturday,01:30,New Jersey Nets,Milwaukee Bucks,Milwaukee Bucks,New Jersey Nets,91,81,172,10,Milwaukee Bucks,New Jersey Nets,Home Win (91-81),91-81,Four 12-minute quarters / 48 min,No,BMO Harris Bradley Center,"Milwaukee, WI",17173,Milwaukee Bucks team victory,"Milwaukee Bucks defeated New Jersey Nets 91-81 in Regular Season at BMO Harris Bradley Center (Milwaukee, WI).",SportsDataVerse hoopR / ESPN NBA Hidden API
693,310129024,2010-2011,2010,Regular Season,Regular Season,2011-01-29,Saturday,01:30,Houston Rockets,San Antonio Spurs,San Antonio Spurs,Houston Rockets,108,95,203,13,San Antonio Spurs,Houston Rockets,Home Win (108-95),108-95,Four 12-minute quarters / 48 min,No,AT&T Center,"San Antonio, TX",18581,San Antonio Spurs team victory,"San Antonio Spurs defeated Houston Rockets 108-95 in Regular Season at AT&T Center (San Antonio, TX).",SportsDataVerse hoopR / ESPN NBA Hidden API
694,310129023,2010-2011,2010,Regular Season,Regular Season,2011-01-29,Saturday,03:00,New Orleans Hornets,Sacramento Kings,Sacramento Kings,New Orleans Hornets,102,96,198,6,Sacramento Kings,New Orleans Hornets,Home Win (102-96),102-96,Four 12-minute quarters / 48 min,No,Sleep Train Arena,"Sacramento, CA",14534,Sacramento Kings team victory,"Sacramento Kings defeated New Orleans Hornets 102-96 in Regular Season at Sleep Train Arena (Sacramento, CA).",SportsDataVerse hoopR / ESPN NBA Hidden API
695,310129012,2010-2011,2010,Regular Season,Regular Season,2011-01-29,Saturday,03:30,Charlotte Bobcats,LA Clippers,LA Clippers,Charlotte Bobcats,103,88,191,15,LA Clippers,Charlotte Bobcats,Home Win (103-88),103-88,Four 12-minute quarters / 48 min,No,crypto.com Arena,"Los Angeles, CA",18332,LA Clippers team victory,"LA Clippers defeated Charlotte Bobcats 103-88 in Regular Season at crypto.com Arena (Los Angeles, CA).",SportsDataVerse hoopR / ESPN NBA Hidden API
696,310130025,2010-2011,2010,Regular Season,Regular Season,2011-01-30,Sunday,18:00,Miami Heat,Oklahoma City Thunder,Oklahoma City Thunder,Miami Heat,103,108,211,5,Miami Heat,Oklahoma City Thunder,Away Win (108-103),103-108,Four 12-minute quarters / 48 min,No,Paycom Center,"Oklahoma City, OK",18203,Miami Heat team victory,"Miami Heat defeated Oklahoma City Thunder 108-103 in Regular Season at Paycom Center (Oklahoma City, OK).",SportsDataVerse hoopR / ESPN NBA Hidden API
697,310130013,2010-2011,2010,Regular Season,Regular Season,2011-01-30,Sunday,20:30,Boston Celtics,Los Angeles Lakers,Los Angeles Lakers,Boston Celtics,96,109,205,13,Boston Celtics,Los Angeles Lakers,Away Win (109-96),96-109,Four 12-minute quarters / 48 min,No,crypto.com Arena,"Los Angeles, CA",18997,Boston Celtics team victory,"Boston Celtics defeated Los Angeles Lakers 109-96 in Regular Season at crypto.com Arena (Los Angeles, CA).",SportsDataVerse hoopR / ESPN NBA Hidden API
698,310130019,2010-2011,2010,Regular Season,Regular Season,2011-01-30,Sunday,23:00,Cleveland Cavaliers,Orlando Magic,Orlando Magic,Cleveland Cavaliers,103,87,190,16,Orlando Magic,Cleveland Cavaliers,Home Win (103-87),103-87,Four 12-minute quarters / 48 min,No,Amway Center,"Orlando, FL",18846,Orlando Magic team victory,"Orlando Magic defeated Cleveland Cavaliers 103-87 in Regular Season at Amway Center (Orlando, FL).",SportsDataVerse hoopR / ESPN NBA Hidden API
699,310130020,2010-2011,2010,Regular Season,Regular Season,2011-01-30,Sunday,23:00,Denver Nuggets,Philadelphia 76ers,Philadelphia 76ers,Denver Nuggets,110,99,209,11,Philadelphia 76ers,Denver Nuggets,Home Win (110-99),110-99,Four 12-minute quarters / 48 min,No,Wells Fargo Center,"Philadelphia, PA",15612,Philadelphia 76ers team victory,"Philadelphia 76ers defeated Denver Nuggets 110-99 in Regular Season at Wells Fargo Center (Philadelphia, PA).",SportsDataVerse hoopR / ESPN NBA Hidden API
700,310130018,2010-2011,2010,Regular Season,Regular Season,2011-01-30,Sunday,00:30,Detroit Pistons,New York Knicks,New York Knicks,Detroit Pistons,124,106,230,18,New York Knicks,Detroit Pistons,Home Win (124-106),124-106,Four 12-minute quarters / 48 min,No,Madison Square Garden,"New York, NY",19763,New York Knicks team victory,"New York Knicks defeated Detroit Pistons 124-106 in Regular Season at Madison Square Garden (New York, NY).",SportsDataVerse hoopR / ESPN NBA Hidden API
701,310130021,2010-2011,2010,Regular Season,Regular Season,2011-01-30,Sunday,01:00,New Orleans Hornets,Phoenix Suns,Phoenix Suns,New Orleans Hornets,104,102,206,2,Phoenix Suns,New Orleans Hornets,Home Win (104-102),104-102,Four 12-minute quarters / 48 min,No,Footprint Center,"Phoenix, AZ",17921,Phoenix Suns team victory,"Phoenix Suns defeated New Orleans Hornets 104-102 in Regular Season at Footprint Center (Phoenix, AZ).",SportsDataVerse hoopR / ESPN NBA Hidden API
702,310130009,2010-2011,2010,Regular Season,Regular Season,2011-01-30,Sunday,03:00,Utah Jazz,Golden State Warriors,Golden State Warriors,Utah Jazz,96,81,177,15,Golden State Warriors,Utah Jazz,Home Win (96-81),96-81,Four 12-minute quarters / 48 min,No,ORACLE Arena,"Oakland, CA",18187,Golden State Warriors team victory,"Golden State Warriors defeated Utah Jazz 96-81 in Regular Season at ORACLE Arena (Oakland, CA).",SportsDataVerse hoopR / ESPN NBA Hidden API
703,310131011,2010-2011,2010,Regular Season,Regular Season,2011-01-31,Monday,00:00,Toronto Raptors,Indiana Pacers,Indiana Pacers,Toronto Raptors,104,93,197,11,Indiana Pacers,Toronto Raptors,Home Win (104-93),104-93,Four 12-minute quarters / 48 min,No,Gainbridge Fieldhouse,"Indianapolis, IN",10258,Indiana Pacers team victory,"Indiana Pacers defeated Toronto Raptors 104-93 in Regular Season at Gainbridge Fieldhouse (Indianapolis, IN).",SportsDataVerse hoopR / ESPN NBA Hidden API
704,310131017,2010-2011,2010,Regular Season,Regular Season,2011-01-31,Monday,00:00,Denver Nuggets,New Jersey Nets,New Jersey Nets,Denver Nuggets,115,99,214,16,New Jersey Nets,Denver Nuggets,Home Win (115-99),115-99,Four 12-minute quarters / 48 min,No,Prudential Center,"Newark, NJ",14039,New Jersey Nets team victory,"New Jersey Nets defeated Denver Nuggets 115-99 in Regular Season at Prudential Center (Newark, NJ).",SportsDataVerse hoopR / ESPN NBA Hidden API
705,310131014,2010-2011,2010,Regular Season,Regular Season,2011-01-31,Monday,00:30,Cleveland Cavaliers,Miami Heat,Miami Heat,Cleveland Cavaliers,117,90,207,27,Miami Heat,Cleveland Cavaliers,Home Win (117-90),117-90,Four 12-minute quarters / 48 min,No,Kaseya Center,"Miami, FL",19600,Miami Heat team victory,"Miami Heat defeated Cleveland Cavaliers 117-90 in Regular Season at Kaseya Center (Miami, FL).",SportsDataVerse hoopR / ESPN NBA Hidden API
706,310131029,2010-2011,2010,Regular Season,Regular Season,2011-01-31,Monday,01:00,Orlando Magic,Memphis Grizzlies,Memphis Grizzlies,Orlando Magic,100,97,197,3,Memphis Grizzlies,Orlando Magic,Home Win (100-97),100-97,Four 12-minute quarters / 48 min,No,FedExForum,"Memphis, TN",13513,Memphis Grizzlies team victory,"Memphis Grizzlies defeated Orlando Magic 100-97 in Regular Season at FedExForum (Memphis, TN).",SportsDataVerse hoopR / ESPN NBA Hidden API
707,310131006,2010-2011,2010,Regular Season,Regular Season,2011-01-31,Monday,01:30,Washington Wizards,Dallas Mavericks,Dallas Mavericks,Washington Wizards,102,92,194,10,Dallas Mavericks,Washington Wizards,Home Win (102-92),102-92,Four 12-minute quarters / 48 min,No,American Airlines Center,"Dallas, TX",19724,Dallas Mavericks team victory,"Dallas Mavericks defeated Washington Wizards 102-92 in Regular Season at American Airlines Center (Dallas, TX).",SportsDataVerse hoopR / ESPN NBA Hidden API
708,310131026,2010-2011,2010,Regular Season,Regular Season,2011-01-31,Monday,02:00,Charlotte Bobcats,Utah Jazz,Utah Jazz,Charlotte Bobcats,83,78,161,5,Utah Jazz,Charlotte Bobcats,Home Win (83-78),83-78,Four 12-minute quarters / 48 min,No,Vivint Arena,"Salt Lake City, UT",19499,Utah Jazz team victory,"Utah Jazz defeated Charlotte Bobcats 83-78 in Regular Season at Vivint Arena (Salt Lake City, UT).",SportsDataVerse hoopR / ESPN NBA Hidden API
709,310131012,2010-2011,2010,Regular Season,Regular Season,2011-01-31,Monday,03:30,Milwaukee Bucks,LA Clippers,LA Clippers,Milwaukee Bucks,105,98,203,7,LA Clippers,Milwaukee Bucks,Home Win (105-98),105-98,Four 12-minute quarters / 48 min,No,crypto.com Arena,"Los Angeles, CA",17218,LA Clippers team victory,"LA Clippers defeated Milwaukee Bucks 105-98 in Regular Season at crypto.com Arena (Los Angeles, CA).",SportsDataVerse hoopR / ESPN NBA Hidden API
710,310201003,2010-2011,2010,Regular Season,Regular Season,2011-02-01,Tuesday,01:00,Washington Wizards,New Orleans Hornets,New Orleans Hornets,Washington Wizards,97,89,186,8,New Orleans Hornets,Washington Wizards,Home Win (97-89),97-89,Four 12-minute quarters / 48 min,No,Smoothie King Center,"New Orleans, LA",13921,New Orleans Hornets team victory,"New Orleans Hornets defeated Washington Wizards 97-89 in Regular Season at Smoothie King Center (New Orleans, LA).",SportsDataVerse hoopR / ESPN NBA Hidden API
711,310201022,2010-2011,2010,Regular Season,Regular Season,2011-02-01,Tuesday,03:00,San Antonio Spurs,Portland Trail Blazers,Portland Trail Blazers,San Antonio Spurs,99,86,185,13,Portland Trail Blazers,San Antonio Spurs,Home Win (99-86),99-86,Four 12-minute quarters / 48 min,No,Moda Center,"Portland, OR",20364,Portland Trail Blazers team victory,"Portland Trail Blazers defeated San Antonio Spurs 99-86 in Regular Season at Moda Center (Portland, OR).",SportsDataVerse hoopR / ESPN NBA Hidden API
712,310201023,2010-2011,2010,Regular Season,Regular Season,2011-02-01,Tuesday,03:00,Boston Celtics,Sacramento Kings,Sacramento Kings,Boston Celtics,90,95,185,5,Boston Celtics,Sacramento Kings,Away Win (95-90),90-95,Four 12-minute quarters / 48 min,No,Sleep Train Arena,"Sacramento, CA",16482,Boston Celtics team victory,"Boston Celtics defeated Sacramento Kings 95-90 in Regular Season at Sleep Train Arena (Sacramento, CA).",SportsDataVerse hoopR / ESPN NBA Hidden API
713,310201013,2010-2011,2010,Regular Season,Regular Season,2011-02-01,Tuesday,03:30,Houston Rockets,Los Angeles Lakers,Los Angeles Lakers,Houston Rockets,114,106,220,8,Los Angeles Lakers,Houston Rockets,Home Win (114-106),114-106,Four 12-minute quarters / 48 min,Yes,crypto.com Arena,"Los Angeles, CA",18997,Los Angeles Lakers team victory (OT),"Los Angeles Lakers edged Houston Rockets 114-106 in overtime at crypto.com Arena (Los Angeles, CA).",SportsDataVerse hoopR / ESPN NBA Hidden API
714,310202001,2010-2011,2010,Regular Season,Regular Season,2011-02-02,Wednesday,00:00,Toronto Raptors,Atlanta Hawks,Atlanta Hawks,Toronto Raptors,100,87,187,13,Atlanta Hawks,Toronto Raptors,Home Win (100-87),100-87,Four 12-minute quarters / 48 min,No,State Farm Arena,"Atlanta, GA",14025,Atlanta Hawks team victory,"Atlanta Hawks defeated Toronto Raptors 100-87 in Regular Season at State Farm Arena (Atlanta, GA).",SportsDataVerse hoopR / ESPN NBA Hidden API
715,310202005,2010-2011,2010,Regular Season,Regular Season,2011-02-02,Wednesday,00:00,Indiana Pacers,Cleveland Cavaliers,Cleveland Cavaliers,Indiana Pacers,112,117,229,5,Indiana Pacers,Cleveland Cavaliers,Away Win (117-112),112-117,Four 12-minute quarters / 48 min,No,Rocket Mortgage FieldHouse,"Cleveland, OH",18877,Indiana Pacers team victory,"Indiana Pacers defeated Cleveland Cavaliers 117-112 in Regular Season at Rocket Mortgage FieldHouse (Cleveland, OH).",SportsDataVerse hoopR / ESPN NBA Hidden API
716,310202017,2010-2011,2010,Regular Season,Regular Season,2011-02-02,Wednesday,00:00,Philadelphia 76ers,New Jersey Nets,New Jersey Nets,Philadelphia 76ers,92,106,198,14,Philadelphia 76ers,New Jersey Nets,Away Win (106-92),92-106,Four 12-minute quarters / 48 min,No,Prudential Center,"Newark, NJ",10057,Philadelphia 76ers team victory,"Philadelphia 76ers defeated New Jersey Nets 106-92 in Regular Season at Prudential Center (Newark, NJ).",SportsDataVerse hoopR / ESPN NBA Hidden API
717,310202008,2010-2011,2010,Regular Season,Regular Season,2011-02-02,Wednesday,00:30,Charlotte Bobcats,Detroit Pistons,Detroit Pistons,Charlotte Bobcats,87,97,184,10,Charlotte Bobcats,Detroit Pistons,Away Win (97-87),87-97,Four 12-minute quarters / 48 min,No,The Palace of Auburn Hills,"Detroit, MI",14376,Charlotte Bobcats team victory,"Charlotte Bobcats defeated Detroit Pistons 97-87 in Regular Season at The Palace of Auburn Hills (Detroit, MI).",SportsDataVerse hoopR / ESPN NBA Hidden API
718,310202018,2010-2011,2010,Regular Season,Regular Season,2011-02-02,Wednesday,00:30,Dallas Mavericks,New York Knicks,New York Knicks,Dallas Mavericks,97,113,210,16,Dallas Mavericks,New York Knicks,Away Win (113-97),97-113,Four 12-minute quarters / 48 min,No,Madison Square Garden,"New York, NY",19763,Dallas Mavericks team victory,"Dallas Mavericks defeated New York Knicks 113-97 in Regular Season at Madison Square Garden (New York, NY).",SportsDataVerse hoopR / ESPN NBA Hidden API
719,310202016,2010-2011,2010,Regular Season,Regular Season,2011-02-02,Wednesday,01:00,Memphis Grizzlies,Minnesota Timberwolves,Minnesota Timberwolves,Memphis Grizzlies,84,102,186,18,Memphis Grizzlies,Minnesota Timberwolves,Away Win (102-84),84-102,Four 12-minute quarters / 48 min,No,Target Center,"Minneapolis, MN",12662,Memphis Grizzlies team victory,"Memphis Grizzlies defeated Minnesota Timberwolves 102-84 in Regular Season at Target Center (Minneapolis, MN).",SportsDataVerse hoopR / ESPN NBA Hidden API
720,310202025,2010-2011,2010,Regular Season,Regular Season,2011-02-02,Wednesday,01:00,New Orleans Hornets,Oklahoma City Thunder,Oklahoma City Thunder,New Orleans Hornets,104,93,197,11,Oklahoma City Thunder,New Orleans Hornets,Home Win (104-93),104-93,Four 12-minute quarters / 48 min,No,Paycom Center,"Oklahoma City, OK",17849,Oklahoma City Thunder team victory,"Oklahoma City Thunder defeated New Orleans Hornets 104-93 in Regular Season at Paycom Center (Oklahoma City, OK).",SportsDataVerse hoopR / ESPN NBA Hidden API
721,310202007,2010-2011,2010,Regular Season,Regular Season,2011-02-02,Wednesday,02:00,Portland Trail Blazers,Denver Nuggets,Denver Nuggets,Portland Trail Blazers,109,90,199,19,Denver Nuggets,Portland Trail Blazers,Home Win (109-90),109-90,Four 12-minute quarters / 48 min,No,Ball Arena,"Denver, CO",15258,Denver Nuggets team victory,"Denver Nuggets defeated Portland Trail Blazers 109-90 in Regular Season at Ball Arena (Denver, CO).",SportsDataVerse hoopR / ESPN NBA Hidden API
722,310202021,2010-2011,2010,Regular Season,Regular Season,2011-02-02,Wednesday,02:00,Milwaukee Bucks,Phoenix Suns,Phoenix Suns,Milwaukee Bucks,92,77,169,15,Phoenix Suns,Milwaukee Bucks,Home Win (92-77),92-77,Four 12-minute quarters / 48 min,No,Footprint Center,"Phoenix, AZ",16422,Phoenix Suns team victory,"Phoenix Suns defeated Milwaukee Bucks 92-77 in Regular Season at Footprint Center (Phoenix, AZ).",SportsDataVerse hoopR / ESPN NBA Hidden API
723,310202026,2010-2011,2010,Regular Season,Regular Season,2011-02-02,Wednesday,02:00,Houston Rockets,Utah Jazz,Utah Jazz,Houston Rockets,96,97,193,1,Houston Rockets,Utah Jazz,Away Win (97-96),96-97,Four 12-minute quarters / 48 min,No,Vivint Arena,"Salt Lake City, UT",19619,Houston Rockets team victory,"Houston Rockets defeated Utah Jazz 97-96 in Regular Season at Vivint Arena (Salt Lake City, UT).",SportsDataVerse hoopR / ESPN NBA Hidden API
724,310202012,2010-2011,2010,Regular Season,Regular Season,2011-02-02,Wednesday,03:30,Chicago Bulls,LA Clippers,LA Clippers,Chicago Bulls,88,106,194,18,Chicago Bulls,LA Clippers,Away Win (106-88),88-106,Four 12-minute quarters / 48 min,No,crypto.com Arena,"Los Angeles, CA",19368,Chicago Bulls team victory,"Chicago Bulls defeated LA Clippers 106-88 in Regular Season at crypto.com Arena (Los Angeles, CA).",SportsDataVerse hoopR / ESPN NBA Hidden API
725,310203019,2010-2011,2010,Regular Season,Regular Season,2011-02-03,Thursday,01:00,Miami Heat,Orlando Magic,Orlando Magic,Miami Heat,100,104,204,4,Miami Heat,Orlando Magic,Away Win (104-100),100-104,Four 12-minute quarters / 48 min,No,Amway Center,"Orlando, FL",18945,Miami Heat team victory,"Miami Heat defeated Orlando Magic 104-100 in Regular Season at Amway Center (Orlando, FL).",SportsDataVerse hoopR / ESPN NBA Hidden API
726,310203009,2010-2011,2010,Regular Season,Regular Season,2011-02-03,Thursday,03:30,Milwaukee Bucks,Golden State Warriors,Golden State Warriors,Milwaukee Bucks,100,94,194,6,Golden State Warriors,Milwaukee Bucks,Home Win (100-94),100-94,Four 12-minute quarters / 48 min,No,ORACLE Arena,"Oakland, CA",18008,Golden State Warriors team victory,"Golden State Warriors defeated Milwaukee Bucks 100-94 in Regular Season at ORACLE Arena (Oakland, CA).",SportsDataVerse hoopR / ESPN NBA Hidden API
727,310203013,2010-2011,2010,Regular Season,Regular Season,2011-02-03,Thursday,03:30,San Antonio Spurs,Los Angeles Lakers,Los Angeles Lakers,San Antonio Spurs,88,89,177,1,San Antonio Spurs,Los Angeles Lakers,Away Win (89-88),88-89,Four 12-minute quarters / 48 min,No,crypto.com Arena,"Los Angeles, CA",18997,San Antonio Spurs team victory,"San Antonio Spurs defeated Los Angeles Lakers 89-88 in Regular Season at crypto.com Arena (Los Angeles, CA).",SportsDataVerse hoopR / ESPN NBA Hidden API
728,310204011,2010-2011,2010,Regular Season,Regular Season,2011-02-04,Friday,00:00,Portland Trail Blazers,Indiana Pacers,Indiana Pacers,Portland Trail Blazers,100,87,187,13,Indiana Pacers,Portland Trail Blazers,Home Win (100-87),100-87,Four 12-minute quarters / 48 min,No,Gainbridge Fieldhouse,"Indianapolis, IN",11778,Indiana Pacers team victory,"Indiana Pacers defeated Portland Trail Blazers 100-87 in Regular Season at Gainbridge Fieldhouse (Indianapolis, IN).",SportsDataVerse hoopR / ESPN NBA Hidden API
729,310204027,2010-2011,2010,Regular Season,Regular Season,2011-02-04,Friday,00:00,Orlando Magic,Washington Wizards,Washington Wizards,Orlando Magic,92,110,202,18,Orlando Magic,Washington Wizards,Away Win (110-92),92-110,Four 12-minute quarters / 48 min,No,Capital One Arena,"Washington, DC",18940,Orlando Magic team victory,"Orlando Magic defeated Washington Wizards 110-92 in Regular Season at Capital One Arena (Washington, DC).",SportsDataVerse hoopR / ESPN NBA Hidden API
730,310204028,2010-2011,2010,Regular Season,Regular Season,2011-02-04,Friday,00:00,Minnesota Timberwolves,Toronto Raptors,Toronto Raptors,Minnesota Timberwolves,111,100,211,11,Toronto Raptors,Minnesota Timberwolves,Home Win (111-100),111-100,Four 12-minute quarters / 48 min,No,Scotiabank Arena,"Toronto, ON",14389,Toronto Raptors team victory,"Toronto Raptors defeated Minnesota Timberwolves 111-100 in Regular Season at Scotiabank Arena (Toronto, ON).",SportsDataVerse hoopR / ESPN NBA Hidden API
731,310204030,2010-2011,2010,Regular Season,Regular Season,2011-02-04,Friday,00:00,Miami Heat,Charlotte Bobcats,Charlotte Bobcats,Miami Heat,97,109,206,12,Miami Heat,Charlotte Bobcats,Away Win (109-97),97-109,Four 12-minute quarters / 48 min,No,Spectrum Center,"Charlotte, NC",19592,Miami Heat team victory,"Miami Heat defeated Charlotte Bobcats 109-97 in Regular Season at Spectrum Center (Charlotte, NC).",SportsDataVerse hoopR / ESPN NBA Hidden API
732,310204001,2010-2011,2010,Regular Season,Regular Season,2011-02-04,Friday,00:30,LA Clippers,Atlanta Hawks,Atlanta Hawks,LA Clippers,101,100,201,1,Atlanta Hawks,LA Clippers,Home Win (101-100),101-100,Four 12-minute quarters / 48 min,No,State Farm Arena,"Atlanta, GA",19363,Atlanta Hawks team victory,"Atlanta Hawks defeated LA Clippers 101-100 in Regular Season at State Farm Arena (Atlanta, GA).",SportsDataVerse hoopR / ESPN NBA Hidden API
733,310204008,2010-2011,2010,Regular Season,Regular Season,2011-02-04,Friday,00:30,New Jersey Nets,Detroit Pistons,Detroit Pistons,New Jersey Nets,92,82,174,10,Detroit Pistons,New Jersey Nets,Home Win (92-82),92-82,Four 12-minute quarters / 48 min,No,The Palace of Auburn Hills,"Detroit, MI",17304,Detroit Pistons team victory,"Detroit Pistons defeated New Jersey Nets 92-82 in Regular Season at The Palace of Auburn Hills (Detroit, MI).",SportsDataVerse hoopR / ESPN NBA Hidden API
734,310204002,2010-2011,2010,Regular Season,Regular Season,2011-02-04,Friday,01:00,Dallas Mavericks,Boston Celtics,Boston Celtics,Dallas Mavericks,97,101,198,4,Dallas Mavericks,Boston Celtics,Away Win (101-97),97-101,Four 12-minute quarters / 48 min,No,TD Garden,"Boston, MA",18624,Dallas Mavericks team victory,"Dallas Mavericks defeated Boston Celtics 101-97 in Regular Season at TD Garden (Boston, MA).",SportsDataVerse hoopR / ESPN NBA Hidden API
735,310204029,2010-2011,2010,Regular Season,Regular Season,2011-02-04,Friday,01:00,Cleveland Cavaliers,Memphis Grizzlies,Memphis Grizzlies,Cleveland Cavaliers,112,105,217,7,Memphis Grizzlies,Cleveland Cavaliers,Home Win (112-105),112-105,Four 12-minute quarters / 48 min,No,FedExForum,"Memphis, TN",11932,Memphis Grizzlies team victory,"Memphis Grizzlies defeated Cleveland Cavaliers 112-105 in Regular Season at FedExForum (Memphis, TN).",SportsDataVerse hoopR / ESPN NBA Hidden API
736,310204021,2010-2011,2010,Regular Season,Regular Season,2011-02-04,Friday,02:00,Oklahoma City Thunder,Phoenix Suns,Phoenix Suns,Oklahoma City Thunder,107,111,218,4,Oklahoma City Thunder,Phoenix Suns,Away Win (111-107),107-111,Four 12-minute quarters / 48 min,No,Footprint Center,"Phoenix, AZ",16274,Oklahoma City Thunder team victory,"Oklahoma City Thunder defeated Phoenix Suns 111-107 in Regular Season at Footprint Center (Phoenix, AZ).",SportsDataVerse hoopR / ESPN NBA Hidden API
737,310204023,2010-2011,2010,Regular Season,Regular Season,2011-02-04,Friday,03:00,San Antonio Spurs,Sacramento Kings,Sacramento Kings,San Antonio Spurs,100,113,213,13,San Antonio Spurs,Sacramento Kings,Away Win (113-100),100-113,Four 12-minute quarters / 48 min,No,Sleep Train Arena,"Sacramento, CA",15772,San Antonio Spurs team victory,"San Antonio Spurs defeated Sacramento Kings 113-100 in Regular Season at Sleep Train Arena (Sacramento, CA).",SportsDataVerse hoopR / ESPN NBA Hidden API
738,310204007,2010-2011,2010,Regular Season,Regular Season,2011-02-04,Friday,03:30,Utah Jazz,Denver Nuggets,Denver Nuggets,Utah Jazz,106,113,219,7,Utah Jazz,Denver Nuggets,Away Win (113-106),106-113,Four 12-minute quarters / 48 min,No,Ball Arena,"Denver, CO",19155,Utah Jazz team victory,"Utah Jazz defeated Denver Nuggets 113-106 in Regular Season at Ball Arena (Denver, CO).",SportsDataVerse hoopR / ESPN NBA Hidden API
739,310205027,2010-2011,2010,Regular Season,Regular Season,2011-02-05,Saturday,00:00,Atlanta Hawks,Washington Wizards,Washington Wizards,Atlanta Hawks,92,99,191,7,Atlanta Hawks,Washington Wizards,Away Win (99-92),92-99,Four 12-minute quarters / 48 min,No,Capital One Arena,"Washington, DC",16256,Atlanta Hawks team victory,"Atlanta Hawks defeated Washington Wizards 99-92 in Regular Season at Capital One Arena (Washington, DC).",SportsDataVerse hoopR / ESPN NBA Hidden API
740,310205030,2010-2011,2010,Regular Season,Regular Season,2011-02-05,Saturday,00:00,Dallas Mavericks,Charlotte Bobcats,Charlotte Bobcats,Dallas Mavericks,92,101,193,9,Dallas Mavericks,Charlotte Bobcats,Away Win (101-92),92-101,Four 12-minute quarters / 48 min,No,Spectrum Center,"Charlotte, NC",17743,Dallas Mavericks team victory,"Dallas Mavericks defeated Charlotte Bobcats 101-92 in Regular Season at Spectrum Center (Charlotte, NC).",SportsDataVerse hoopR / ESPN NBA Hidden API
741,310205005,2010-2011,2010,Regular Season,Regular Season,2011-02-05,Saturday,00:30,Portland Trail Blazers,Cleveland Cavaliers,Cleveland Cavaliers,Portland Trail Blazers,105,111,216,6,Portland Trail Blazers,Cleveland Cavaliers,Away Win (111-105),105-111,Four 12-minute quarters / 48 min,No,Rocket Mortgage FieldHouse,"Cleveland, OH",19975,Portland Trail Blazers team victory,"Portland Trail Blazers defeated Cleveland Cavaliers 111-105 in Regular Season at Rocket Mortgage FieldHouse (Cleveland, OH).",SportsDataVerse hoopR / ESPN NBA Hidden API
742,310205003,2010-2011,2010,Regular Season,Regular Season,2011-02-05,Saturday,01:00,Los Angeles Lakers,New Orleans Hornets,New Orleans Hornets,Los Angeles Lakers,95,101,196,6,Los Angeles Lakers,New Orleans Hornets,Away Win (101-95),95-101,Four 12-minute quarters / 48 min,No,Smoothie King Center,"New Orleans, LA",18426,Los Angeles Lakers team victory,"Los Angeles Lakers defeated New Orleans Hornets 101-95 in Regular Season at Smoothie King Center (New Orleans, LA).",SportsDataVerse hoopR / ESPN NBA Hidden API
743,310205010,2010-2011,2010,Regular Season,Regular Season,2011-02-05,Saturday,01:30,Memphis Grizzlies,Houston Rockets,Houston Rockets,Memphis Grizzlies,95,93,188,2,Houston Rockets,Memphis Grizzlies,Home Win (95-93),95-93,Four 12-minute quarters / 48 min,Yes,Toyota Center (Houston),"Houston, TX",18195,Houston Rockets team victory (OT),"Houston Rockets edged Memphis Grizzlies 95-93 in overtime at Toyota Center (Houston) (Houston, TX).",SportsDataVerse hoopR / ESPN NBA Hidden API
744,310205015,2010-2011,2010,Regular Season,Regular Season,2011-02-05,Saturday,01:30,Detroit Pistons,Milwaukee Bucks,Milwaukee Bucks,Detroit Pistons,78,89,167,11,Detroit Pistons,Milwaukee Bucks,Away Win (89-78),78-89,Four 12-minute quarters / 48 min,No,BMO Harris Bradley Center,"Milwaukee, WI",15791,Detroit Pistons team victory,"Detroit Pistons defeated Milwaukee Bucks 89-78 in Regular Season at BMO Harris Bradley Center (Milwaukee, WI).",SportsDataVerse hoopR / ESPN NBA Hidden API
745,310205016,2010-2011,2010,Regular Season,Regular Season,2011-02-05,Saturday,01:30,Denver Nuggets,Minnesota Timberwolves,Minnesota Timberwolves,Denver Nuggets,100,113,213,13,Denver Nuggets,Minnesota Timberwolves,Away Win (113-100),100-113,Four 12-minute quarters / 48 min,No,Target Center,"Minneapolis, MN",15389,Denver Nuggets team victory,"Denver Nuggets defeated Minnesota Timberwolves 113-100 in Regular Season at Target Center (Minneapolis, MN).",SportsDataVerse hoopR / ESPN NBA Hidden API
746,310205026,2010-2011,2010,Regular Season,Regular Season,2011-02-05,Saturday,02:00,Oklahoma City Thunder,Utah Jazz,Utah Jazz,Oklahoma City Thunder,105,121,226,16,Oklahoma City Thunder,Utah Jazz,Away Win (121-105),105-121,Four 12-minute quarters / 48 min,No,Vivint Arena,"Salt Lake City, UT",19711,Oklahoma City Thunder team victory,"Oklahoma City Thunder defeated Utah Jazz 121-105 in Regular Season at Vivint Arena (Salt Lake City, UT).",SportsDataVerse hoopR / ESPN NBA Hidden API
747,310205009,2010-2011,2010,Regular Season,Regular Season,2011-02-05,Saturday,03:30,Chicago Bulls,Golden State Warriors,Golden State Warriors,Chicago Bulls,101,90,191,11,Golden State Warriors,Chicago Bulls,Home Win (101-90),101-90,Four 12-minute quarters / 48 min,No,ORACLE Arena,"Oakland, CA",19596,Golden State Warriors team victory,"Golden State Warriors defeated Chicago Bulls 101-90 in Regular Season at ORACLE Arena (Oakland, CA).",SportsDataVerse hoopR / ESPN NBA Hidden API
748,310206014,2010-2011,2010,Regular Season,Regular Season,2011-02-06,Sunday,17:00,LA Clippers,Miami Heat,Miami Heat,LA Clippers,97,79,176,18,Miami Heat,LA Clippers,Home Win (97-79),97-79,Four 12-minute quarters / 48 min,No,Kaseya Center,"Miami, FL",19702,Miami Heat team victory,"Miami Heat defeated LA Clippers 97-79 in Regular Season at Kaseya Center (Miami, FL).",SportsDataVerse hoopR / ESPN NBA Hidden API
749,310206017,2010-2011,2010,Regular Season,Regular Season,2011-02-06,Sunday,17:00,Indiana Pacers,New Jersey Nets,New Jersey Nets,Indiana Pacers,86,105,191,19,Indiana Pacers,New Jersey Nets,Away Win (105-86),86-105,Four 12-minute quarters / 48 min,No,Prudential Center,"Newark, NJ",13167,Indiana Pacers team victory,"Indiana Pacers defeated New Jersey Nets 105-86 in Regular Season at Prudential Center (Newark, NJ).",SportsDataVerse hoopR / ESPN NBA Hidden API
750,310206018,2010-2011,2010,Regular Season,Regular Season,2011-02-06,Sunday,17:00,Philadelphia 76ers,New York Knicks,New York Knicks,Philadelphia 76ers,117,103,220,14,New York Knicks,Philadelphia 76ers,Home Win (117-103),117-103,Four 12-minute quarters / 48 min,No,Madison Square Garden,"New York, NY",19763,New York Knicks team victory,"New York Knicks defeated Philadelphia 76ers 117-103 in Regular Season at Madison Square Garden (New York, NY).",SportsDataVerse hoopR / ESPN NBA Hidden API
751,310206002,2010-2011,2010,Regular Season,Regular Season,2011-02-06,Sunday,19:30,Orlando Magic,Boston Celtics,Boston Celtics,Orlando Magic,91,80,171,11,Boston Celtics,Orlando Magic,Home Win (91-80),91-80,Four 12-minute quarters / 48 min,No,TD Garden,"Boston, MA",18624,Boston Celtics team victory,"Boston Celtics defeated Orlando Magic 91-80 in Regular Season at TD Garden (Boston, MA).",SportsDataVerse hoopR / ESPN NBA Hidden API
752,310207030,2010-2011,2010,Regular Season,Regular Season,2011-02-07,Monday,00:00,Boston Celtics,Charlotte Bobcats,Charlotte Bobcats,Boston Celtics,94,89,183,5,Charlotte Bobcats,Boston Celtics,Home Win (94-89),94-89,Four 12-minute quarters / 48 min,No,Spectrum Center,"Charlotte, NC",19081,Charlotte Bobcats team victory,"Charlotte Bobcats defeated Boston Celtics 94-89 in Regular Season at Spectrum Center (Charlotte, NC).",SportsDataVerse hoopR / ESPN NBA Hidden API
753,310207003,2010-2011,2010,Regular Season,Regular Season,2011-02-07,Monday,01:00,Minnesota Timberwolves,New Orleans Hornets,New Orleans Hornets,Minnesota Timberwolves,92,104,196,12,Minnesota Timberwolves,New Orleans Hornets,Away Win (104-92),92-104,Four 12-minute quarters / 48 min,No,Smoothie King Center,"New Orleans, LA",13401,Minnesota Timberwolves team victory,"Minnesota Timberwolves defeated New Orleans Hornets 104-92 in Regular Season at Smoothie King Center (New Orleans, LA).",SportsDataVerse hoopR / ESPN NBA Hidden API
754,310207029,2010-2011,2010,Regular Season,Regular Season,2011-02-07,Monday,01:00,Los Angeles Lakers,Memphis Grizzlies,Memphis Grizzlies,Los Angeles Lakers,84,93,177,9,Los Angeles Lakers,Memphis Grizzlies,Away Win (93-84),84-93,Four 12-minute quarters / 48 min,No,FedExForum,"Memphis, TN",18119,Los Angeles Lakers team victory,"Los Angeles Lakers defeated Memphis Grizzlies 93-84 in Regular Season at FedExForum (Memphis, TN).",SportsDataVerse hoopR / ESPN NBA Hidden API
755,310207006,2010-2011,2010,Regular Season,Regular Season,2011-02-07,Monday,01:30,Cleveland Cavaliers,Dallas Mavericks,Dallas Mavericks,Cleveland Cavaliers,99,96,195,3,Dallas Mavericks,Cleveland Cavaliers,Home Win (99-96),99-96,Four 12-minute quarters / 48 min,No,American Airlines Center,"Dallas, TX",19875,Dallas Mavericks team victory,"Dallas Mavericks defeated Cleveland Cavaliers 99-96 in Regular Season at American Airlines Center (Dallas, TX).",SportsDataVerse hoopR / ESPN NBA Hidden API
756,310207007,2010-2011,2010,Regular Season,Regular Season,2011-02-07,Monday,02:00,Houston Rockets,Denver Nuggets,Denver Nuggets,Houston Rockets,103,108,211,5,Houston Rockets,Denver Nuggets,Away Win (108-103),103-108,Four 12-minute quarters / 48 min,No,Ball Arena,"Denver, CO",14595,Houston Rockets team victory,"Houston Rockets defeated Denver Nuggets 108-103 in Regular Season at Ball Arena (Denver, CO).",SportsDataVerse hoopR / ESPN NBA Hidden API
757,310207022,2010-2011,2010,Regular Season,Regular Season,2011-02-07,Monday,03:00,Chicago Bulls,Portland Trail Blazers,Portland Trail Blazers,Chicago Bulls,109,103,212,6,Portland Trail Blazers,Chicago Bulls,Home Win (109-103),109-103,Four 12-minute quarters / 48 min,No,Moda Center,"Portland, OR",20534,Portland Trail Blazers team victory,"Portland Trail Blazers defeated Chicago Bulls 109-103 in Regular Season at Moda Center (Portland, OR).",SportsDataVerse hoopR / ESPN NBA Hidden API
758,310207023,2010-2011,2010,Regular Season,Regular Season,2011-02-07,Monday,03:00,Utah Jazz,Sacramento Kings,Sacramento Kings,Utah Jazz,104,107,211,3,Utah Jazz,Sacramento Kings,Away Win (107-104),104-107,Four 12-minute quarters / 48 min,No,Sleep Train Arena,"Sacramento, CA",11509,Utah Jazz team victory,"Utah Jazz defeated Sacramento Kings 107-104 in Regular Season at Sleep Train Arena (Sacramento, CA).",SportsDataVerse hoopR / ESPN NBA Hidden API
759,310207009,2010-2011,2010,Regular Season,Regular Season,2011-02-07,Monday,03:30,Phoenix Suns,Golden State Warriors,Golden State Warriors,Phoenix Suns,92,104,196,12,Phoenix Suns,Golden State Warriors,Away Win (104-92),92-104,Four 12-minute quarters / 48 min,No,ORACLE Arena,"Oakland, CA",18002,Phoenix Suns team victory,"Phoenix Suns defeated Golden State Warriors 104-92 in Regular Season at ORACLE Arena (Oakland, CA).",SportsDataVerse hoopR / ESPN NBA Hidden API
760,310208001,2010-2011,2010,Regular Season,Regular Season,2011-02-08,Tuesday,00:00,Philadelphia 76ers,Atlanta Hawks,Atlanta Hawks,Philadelphia 76ers,83,117,200,34,Philadelphia 76ers,Atlanta Hawks,Away Win (117-83),83-117,Four 12-minute quarters / 48 min,No,State Farm Arena,"Atlanta, GA",12903,Philadelphia 76ers team victory,"Philadelphia 76ers defeated Atlanta Hawks 117-83 in Regular Season at State Farm Arena (Atlanta, GA).",SportsDataVerse hoopR / ESPN NBA Hidden API
761,310208019,2010-2011,2010,Regular Season,Regular Season,2011-02-08,Tuesday,00:00,LA Clippers,Orlando Magic,Orlando Magic,LA Clippers,101,85,186,16,Orlando Magic,LA Clippers,Home Win (101-85),101-85,Four 12-minute quarters / 48 min,No,Amway Center,"Orlando, FL",18987,Orlando Magic team victory,"Orlando Magic defeated LA Clippers 101-85 in Regular Season at Amway Center (Orlando, FL).",SportsDataVerse hoopR / ESPN NBA Hidden API
762,310208008,2010-2011,2010,Regular Season,Regular Season,2011-02-08,Tuesday,00:30,San Antonio Spurs,Detroit Pistons,Detroit Pistons,San Antonio Spurs,89,100,189,11,San Antonio Spurs,Detroit Pistons,Away Win (100-89),89-100,Four 12-minute quarters / 48 min,No,The Palace of Auburn Hills,"Detroit, MI",16132,San Antonio Spurs team victory,"San Antonio Spurs defeated Detroit Pistons 100-89 in Regular Season at The Palace of Auburn Hills (Detroit, MI).",SportsDataVerse hoopR / ESPN NBA Hidden API
763,310208014,2010-2011,2010,Regular Season,Regular Season,2011-02-08,Tuesday,00:30,Indiana Pacers,Miami Heat,Miami Heat,Indiana Pacers,117,112,229,5,Miami Heat,Indiana Pacers,Home Win (117-112),117-112,Four 12-minute quarters / 48 min,No,Kaseya Center,"Miami, FL",19600,Miami Heat team victory,"Miami Heat defeated Indiana Pacers 117-112 in Regular Season at Kaseya Center (Miami, FL).",SportsDataVerse hoopR / ESPN NBA Hidden API
764,310208015,2010-2011,2010,Regular Season,Regular Season,2011-02-08,Tuesday,01:00,Toronto Raptors,Milwaukee Bucks,Milwaukee Bucks,Toronto Raptors,92,74,166,18,Milwaukee Bucks,Toronto Raptors,Home Win (92-74),92-74,Four 12-minute quarters / 48 min,No,BMO Harris Bradley Center,"Milwaukee, WI",11975,Milwaukee Bucks team victory,"Milwaukee Bucks defeated Toronto Raptors 92-74 in Regular Season at BMO Harris Bradley Center (Milwaukee, WI).",SportsDataVerse hoopR / ESPN NBA Hidden API
765,310208025,2010-2011,2010,Regular Season,Regular Season,2011-02-08,Tuesday,01:00,Memphis Grizzlies,Oklahoma City Thunder,Oklahoma City Thunder,Memphis Grizzlies,101,105,206,4,Memphis Grizzlies,Oklahoma City Thunder,Away Win (105-101),101-105,Four 12-minute quarters / 48 min,Yes,Paycom Center,"Oklahoma City, OK",17868,Memphis Grizzlies team victory (OT),"Memphis Grizzlies edged Oklahoma City Thunder 105-101 in overtime at Paycom Center (Oklahoma City, OK).",SportsDataVerse hoopR / ESPN NBA Hidden API
766,310208010,2010-2011,2010,Regular Season,Regular Season,2011-02-08,Tuesday,01:30,Minnesota Timberwolves,Houston Rockets,Houston Rockets,Minnesota Timberwolves,108,112,220,4,Minnesota Timberwolves,Houston Rockets,Away Win (112-108),108-112,Four 12-minute quarters / 48 min,No,Toyota Center (Houston),"Houston, TX",15679,Minnesota Timberwolves team victory,"Minnesota Timberwolves defeated Houston Rockets 112-108 in Regular Season at Toyota Center (Houston) (Houston, TX).",SportsDataVerse hoopR / ESPN NBA Hidden API
767,310209005,2010-2011,2010,Regular Season,Regular Season,2011-02-09,Wednesday,00:00,Detroit Pistons,Cleveland Cavaliers,Cleveland Cavaliers,Detroit Pistons,94,103,197,9,Detroit Pistons,Cleveland Cavaliers,Away Win (103-94),94-103,Four 12-minute quarters / 48 min,No,Rocket Mortgage FieldHouse,"Cleveland, OH",19475,Detroit Pistons team victory,"Detroit Pistons defeated Cleveland Cavaliers 103-94 in Regular Season at Rocket Mortgage FieldHouse (Cleveland, OH).",SportsDataVerse hoopR / ESPN NBA Hidden API
768,310209011,2010-2011,2010,Regular Season,Regular Season,2011-02-09,Wednesday,00:00,Charlotte Bobcats,Indiana Pacers,Indiana Pacers,Charlotte Bobcats,104,103,207,1,Indiana Pacers,Charlotte Bobcats,Home Win (104-103),104-103,Four 12-minute quarters / 48 min,No,Gainbridge Fieldhouse,"Indianapolis, IN",10268,Indiana Pacers team victory,"Indiana Pacers defeated Charlotte Bobcats 104-103 in Regular Season at Gainbridge Fieldhouse (Indianapolis, IN).",SportsDataVerse hoopR / ESPN NBA Hidden API
769,310209017,2010-2011,2010,Regular Season,Regular Season,2011-02-09,Wednesday,00:00,New Orleans Hornets,New Jersey Nets,New Jersey Nets,New Orleans Hornets,103,101,204,2,New Jersey Nets,New Orleans Hornets,Home Win (103-101),103-101,Four 12-minute quarters / 48 min,Yes,Prudential Center,"Newark, NJ",13316,New Jersey Nets team victory (OT),"New Jersey Nets edged New Orleans Hornets 103-101 in overtime at Prudential Center (Newark, NJ).",SportsDataVerse hoopR / ESPN NBA Hidden API
770,310209020,2010-2011,2010,Regular Season,Regular Season,2011-02-09,Wednesday,00:00,Orlando Magic,Philadelphia 76ers,Philadelphia 76ers,Orlando Magic,95,99,194,4,Orlando Magic,Philadelphia 76ers,Away Win (99-95),95-99,Four 12-minute quarters / 48 min,No,Wells Fargo Center,"Philadelphia, PA",12091,Orlando Magic team victory,"Orlando Magic defeated Philadelphia 76ers 99-95 in Regular Season at Wells Fargo Center (Philadelphia, PA).",SportsDataVerse hoopR / ESPN NBA Hidden API
771,310209027,2010-2011,2010,Regular Season,Regular Season,2011-02-09,Wednesday,00:00,Milwaukee Bucks,Washington Wizards,Washington Wizards,Milwaukee Bucks,100,85,185,15,Washington Wizards,Milwaukee Bucks,Home Win (100-85),100-85,Four 12-minute quarters / 48 min,No,Capital One Arena,"Washington, DC",16108,Washington Wizards team victory,"Washington Wizards defeated Milwaukee Bucks 100-85 in Regular Season at Capital One Arena (Washington, DC).",SportsDataVerse hoopR / ESPN NBA Hidden API
772,310209028,2010-2011,2010,Regular Season,Regular Season,2011-02-09,Wednesday,00:00,San Antonio Spurs,Toronto Raptors,Toronto Raptors,San Antonio Spurs,100,111,211,11,San Antonio Spurs,Toronto Raptors,Away Win (111-100),100-111,Four 12-minute quarters / 48 min,No,Scotiabank Arena,"Toronto, ON",15867,San Antonio Spurs team victory,"San Antonio Spurs defeated Toronto Raptors 111-100 in Regular Season at Scotiabank Arena (Toronto, ON).",SportsDataVerse hoopR / ESPN NBA Hidden API
773,310209018,2010-2011,2010,Regular Season,Regular Season,2011-02-09,Wednesday,00:30,LA Clippers,New York Knicks,New York Knicks,LA Clippers,108,116,224,8,LA Clippers,New York Knicks,Away Win (116-108),108-116,Four 12-minute quarters / 48 min,No,Madison Square Garden,"New York, NY",19763,LA Clippers team victory,"LA Clippers defeated New York Knicks 116-108 in Regular Season at Madison Square Garden (New York, NY).",SportsDataVerse hoopR / ESPN NBA Hidden API
774,310209026,2010-2011,2010,Regular Season,Regular Season,2011-02-09,Wednesday,02:00,Chicago Bulls,Utah Jazz,Utah Jazz,Chicago Bulls,86,91,177,5,Chicago Bulls,Utah Jazz,Away Win (91-86),86-91,Four 12-minute quarters / 48 min,No,Vivint Arena,"Salt Lake City, UT",19911,Chicago Bulls team victory,"Chicago Bulls defeated Utah Jazz 91-86 in Regular Season at Vivint Arena (Salt Lake City, UT).",SportsDataVerse hoopR / ESPN NBA Hidden API
775,310209023,2010-2011,2010,Regular Season,Regular Season,2011-02-09,Wednesday,03:00,Dallas Mavericks,Sacramento Kings,Sacramento Kings,Dallas Mavericks,100,102,202,2,Dallas Mavericks,Sacramento Kings,Away Win (102-100),100-102,Four 12-minute quarters / 48 min,No,Sleep Train Arena,"Sacramento, CA",12310,Dallas Mavericks team victory,"Dallas Mavericks defeated Sacramento Kings 102-100 in Regular Season at Sleep Train Arena (Sacramento, CA).",SportsDataVerse hoopR / ESPN NBA Hidden API
776,310209009,2010-2011,2010,Regular Season,Regular Season,2011-02-09,Wednesday,03:30,Denver Nuggets,Golden State Warriors,Golden State Warriors,Denver Nuggets,116,114,230,2,Golden State Warriors,Denver Nuggets,Home Win (116-114),116-114,Four 12-minute quarters / 48 min,No,ORACLE Arena,"Oakland, CA",18430,Golden State Warriors team victory,"Golden State Warriors defeated Denver Nuggets 116-114 in Regular Season at ORACLE Arena (Oakland, CA).",SportsDataVerse hoopR / ESPN NBA Hidden API
777,310210002,2010-2011,2010,Regular Season,Regular Season,2011-02-10,Thursday,01:00,Los Angeles Lakers,Boston Celtics,Boston Celtics,Los Angeles Lakers,86,92,178,6,Los Angeles Lakers,Boston Celtics,Away Win (92-86),86-92,Four 12-minute quarters / 48 min,No,TD Garden,"Boston, MA",18624,Los Angeles Lakers team victory,"Los Angeles Lakers defeated Boston Celtics 92-86 in Regular Season at TD Garden (Boston, MA).",SportsDataVerse hoopR / ESPN NBA Hidden API
778,310210021,2010-2011,2010,Regular Season,Regular Season,2011-02-10,Thursday,02:00,Golden State Warriors,Phoenix Suns,Phoenix Suns,Golden State Warriors,112,88,200,24,Phoenix Suns,Golden State Warriors,Home Win (112-88),112-88,Four 12-minute quarters / 48 min,No,Footprint Center,"Phoenix, AZ",16731,Phoenix Suns team victory,"Phoenix Suns defeated Golden State Warriors 112-88 in Regular Season at Footprint Center (Phoenix, AZ).",SportsDataVerse hoopR / ESPN NBA Hidden API
779,310210007,2010-2011,2010,Regular Season,Regular Season,2011-02-10,Thursday,03:30,Dallas Mavericks,Denver Nuggets,Denver Nuggets,Dallas Mavericks,121,120,241,1,Denver Nuggets,Dallas Mavericks,Home Win (121-120),121-120,Four 12-minute quarters / 48 min,No,Ball Arena,"Denver, CO",12673,Denver Nuggets team victory,"Denver Nuggets defeated Dallas Mavericks 121-120 in Regular Season at Ball Arena (Denver, CO).",SportsDataVerse hoopR / ESPN NBA Hidden API
780,310211011,2010-2011,2010,Regular Season,Regular Season,2011-02-11,Friday,00:00,Minnesota Timberwolves,Indiana Pacers,Indiana Pacers,Minnesota Timberwolves,116,105,221,11,Indiana Pacers,Minnesota Timberwolves,Home Win (116-105),116-105,Four 12-minute quarters / 48 min,No,Gainbridge Fieldhouse,"Indianapolis, IN",12559,Indiana Pacers team victory,"Indiana Pacers defeated Minnesota Timberwolves 116-105 in Regular Season at Gainbridge Fieldhouse (Indianapolis, IN).",SportsDataVerse hoopR / ESPN NBA Hidden API
781,310211019,2010-2011,2010,Regular Season,Regular Season,2011-02-11,Friday,00:00,New Orleans Hornets,Orlando Magic,Orlando Magic,New Orleans Hornets,93,99,192,6,New Orleans Hornets,Orlando Magic,Away Win (99-93),93-99,Four 12-minute quarters / 48 min,No,Amway Center,"Orlando, FL",18944,New Orleans Hornets team victory,"New Orleans Hornets defeated Orlando Magic 99-93 in Regular Season at Amway Center (Orlando, FL).",SportsDataVerse hoopR / ESPN NBA Hidden API
782,310211020,2010-2011,2010,Regular Season,Regular Season,2011-02-11,Friday,00:00,San Antonio Spurs,Philadelphia 76ers,Philadelphia 76ers,San Antonio Spurs,77,71,148,6,Philadelphia 76ers,San Antonio Spurs,Home Win (77-71),77-71,Four 12-minute quarters / 48 min,No,Wells Fargo Center,"Philadelphia, PA",15501,Philadelphia 76ers team victory,"Philadelphia 76ers defeated San Antonio Spurs 77-71 in Regular Season at Wells Fargo Center (Philadelphia, PA).",SportsDataVerse hoopR / ESPN NBA Hidden API
783,310211028,2010-2011,2010,Regular Season,Regular Season,2011-02-11,Friday,00:00,Portland Trail Blazers,Toronto Raptors,Toronto Raptors,Portland Trail Blazers,96,102,198,6,Portland Trail Blazers,Toronto Raptors,Away Win (102-96),96-102,Four 12-minute quarters / 48 min,No,Scotiabank Arena,"Toronto, ON",15625,Portland Trail Blazers team victory,"Portland Trail Blazers defeated Toronto Raptors 102-96 in Regular Season at Scotiabank Arena (Toronto, ON).",SportsDataVerse hoopR / ESPN NBA Hidden API
784,310211030,2010-2011,2010,Regular Season,Regular Season,2011-02-11,Friday,00:00,New Jersey Nets,Charlotte Bobcats,Charlotte Bobcats,New Jersey Nets,89,94,183,5,New Jersey Nets,Charlotte Bobcats,Away Win (94-89),89-94,Four 12-minute quarters / 48 min,No,Spectrum Center,"Charlotte, NC",15386,New Jersey Nets team victory,"New Jersey Nets defeated Charlotte Bobcats 94-89 in Regular Season at Spectrum Center (Charlotte, NC).",SportsDataVerse hoopR / ESPN NBA Hidden API
785,310211005,2010-2011,2010,Regular Season,Regular Season,2011-02-11,Friday,00:30,LA Clippers,Cleveland Cavaliers,Cleveland Cavaliers,LA Clippers,126,119,245,7,Cleveland Cavaliers,LA Clippers,Home Win (126-119),126-119,Four 12-minute quarters / 48 min,Yes,Rocket Mortgage FieldHouse,"Cleveland, OH",20562,Cleveland Cavaliers team victory (OT),"Cleveland Cavaliers edged LA Clippers 126-119 in overtime at Rocket Mortgage FieldHouse (Cleveland, OH).",SportsDataVerse hoopR / ESPN NBA Hidden API
786,310211008,2010-2011,2010,Regular Season,Regular Season,2011-02-11,Friday,00:30,Miami Heat,Detroit Pistons,Detroit Pistons,Miami Heat,92,106,198,14,Miami Heat,Detroit Pistons,Away Win (106-92),92-106,Four 12-minute quarters / 48 min,No,The Palace of Auburn Hills,"Detroit, MI",22076,Miami Heat team victory,"Miami Heat defeated Detroit Pistons 106-92 in Regular Season at The Palace of Auburn Hills (Detroit, MI).",SportsDataVerse hoopR / ESPN NBA Hidden API
787,310211018,2010-2011,2010,Regular Season,Regular Season,2011-02-11,Friday,01:00,Los Angeles Lakers,New York Knicks,New York Knicks,Los Angeles Lakers,96,113,209,17,Los Angeles Lakers,New York Knicks,Away Win (113-96),96-113,Four 12-minute quarters / 48 min,No,Madison Square Garden,"New York, NY",19763,Los Angeles Lakers team victory,"Los Angeles Lakers defeated New York Knicks 113-96 in Regular Season at Madison Square Garden (New York, NY).",SportsDataVerse hoopR / ESPN NBA Hidden API
788,310211029,2010-2011,2010,Regular Season,Regular Season,2011-02-11,Friday,01:00,Milwaukee Bucks,Memphis Grizzlies,Memphis Grizzlies,Milwaukee Bucks,89,86,175,3,Memphis Grizzlies,Milwaukee Bucks,Home Win (89-86),89-86,Four 12-minute quarters / 48 min,No,FedExForum,"Memphis, TN",14749,Memphis Grizzlies team victory,"Memphis Grizzlies defeated Milwaukee Bucks 89-86 in Regular Season at FedExForum (Memphis, TN).",SportsDataVerse hoopR / ESPN NBA Hidden API
789,310211026,2010-2011,2010,Regular Season,Regular Season,2011-02-11,Friday,03:30,Phoenix Suns,Utah Jazz,Utah Jazz,Phoenix Suns,83,95,178,12,Phoenix Suns,Utah Jazz,Away Win (95-83),83-95,Four 12-minute quarters / 48 min,No,Vivint Arena,"Salt Lake City, UT",19911,Phoenix Suns team victory,"Phoenix Suns defeated Utah Jazz 95-83 in Regular Season at Vivint Arena (Salt Lake City, UT).",SportsDataVerse hoopR / ESPN NBA Hidden API
790,310212001,2010-2011,2010,Regular Season,Regular Season,2011-02-12,Saturday,00:00,Charlotte Bobcats,Atlanta Hawks,Atlanta Hawks,Charlotte Bobcats,86,88,174,2,Charlotte Bobcats,Atlanta Hawks,Away Win (88-86),86-88,Four 12-minute quarters / 48 min,No,State Farm Arena,"Atlanta, GA",16948,Charlotte Bobcats team victory,"Charlotte Bobcats defeated Atlanta Hawks 88-86 in Regular Season at State Farm Arena (Atlanta, GA).",SportsDataVerse hoopR / ESPN NBA Hidden API
791,310212017,2010-2011,2010,Regular Season,Regular Season,2011-02-12,Saturday,00:00,New York Knicks,New Jersey Nets,New Jersey Nets,New York Knicks,95,105,200,10,New York Knicks,New Jersey Nets,Away Win (105-95),95-105,Four 12-minute quarters / 48 min,No,Prudential Center,"Newark, NJ",18711,New York Knicks team victory,"New York Knicks defeated New Jersey Nets 105-95 in Regular Season at Prudential Center (Newark, NJ).",SportsDataVerse hoopR / ESPN NBA Hidden API
792,310212003,2010-2011,2010,Regular Season,Regular Season,2011-02-12,Saturday,01:00,Chicago Bulls,New Orleans Hornets,New Orleans Hornets,Chicago Bulls,88,97,185,9,Chicago Bulls,New Orleans Hornets,Away Win (97-88),88-97,Four 12-minute quarters / 48 min,No,Smoothie King Center,"New Orleans, LA",17831,Chicago Bulls team victory,"Chicago Bulls defeated New Orleans Hornets 97-88 in Regular Season at Smoothie King Center (New Orleans, LA).",SportsDataVerse hoopR / ESPN NBA Hidden API
793,310212016,2010-2011,2010,Regular Season,Regular Season,2011-02-12,Saturday,01:00,Philadelphia 76ers,Minnesota Timberwolves,Minnesota Timberwolves,Philadelphia 76ers,87,107,194,20,Philadelphia 76ers,Minnesota Timberwolves,Away Win (107-87),87-107,Four 12-minute quarters / 48 min,No,Target Center,"Minneapolis, MN",17011,Philadelphia 76ers team victory,"Philadelphia 76ers defeated Minnesota Timberwolves 107-87 in Regular Season at Target Center (Minneapolis, MN).",SportsDataVerse hoopR / ESPN NBA Hidden API
794,310212027,2010-2011,2010,Regular Season,Regular Season,2011-02-12,Saturday,01:00,San Antonio Spurs,Washington Wizards,Washington Wizards,San Antonio Spurs,94,118,212,24,San Antonio Spurs,Washington Wizards,Away Win (118-94),94-118,Four 12-minute quarters / 48 min,No,Capital One Arena,"Washington, DC",20435,San Antonio Spurs team victory,"San Antonio Spurs defeated Washington Wizards 118-94 in Regular Season at Capital One Arena (Washington, DC).",SportsDataVerse hoopR / ESPN NBA Hidden API
795,310212010,2010-2011,2010,Regular Season,Regular Season,2011-02-12,Saturday,01:30,Dallas Mavericks,Houston Rockets,Houston Rockets,Dallas Mavericks,102,106,208,4,Dallas Mavericks,Houston Rockets,Away Win (106-102),102-106,Four 12-minute quarters / 48 min,No,Toyota Center (Houston),"Houston, TX",17009,Dallas Mavericks team victory,"Dallas Mavericks defeated Houston Rockets 106-102 in Regular Season at Toyota Center (Houston) (Houston, TX).",SportsDataVerse hoopR / ESPN NBA Hidden API
796,310212015,2010-2011,2010,Regular Season,Regular Season,2011-02-12,Saturday,01:30,Indiana Pacers,Milwaukee Bucks,Milwaukee Bucks,Indiana Pacers,97,103,200,6,Indiana Pacers,Milwaukee Bucks,Away Win (103-97),97-103,Four 12-minute quarters / 48 min,No,BMO Harris Bradley Center,"Milwaukee, WI",17046,Indiana Pacers team victory,"Indiana Pacers defeated Milwaukee Bucks 103-97 in Regular Season at BMO Harris Bradley Center (Milwaukee, WI).",SportsDataVerse hoopR / ESPN NBA Hidden API
797,310212023,2010-2011,2010,Regular Season,Regular Season,2011-02-12,Saturday,03:00,Oklahoma City Thunder,Sacramento Kings,Sacramento Kings,Oklahoma City Thunder,97,99,196,2,Oklahoma City Thunder,Sacramento Kings,Away Win (99-97),97-99,Four 12-minute quarters / 48 min,No,Sleep Train Arena,"Sacramento, CA",14987,Oklahoma City Thunder team victory,"Oklahoma City Thunder defeated Sacramento Kings 99-97 in Regular Season at Sleep Train Arena (Sacramento, CA).",SportsDataVerse hoopR / ESPN NBA Hidden API
798,310213002,2010-2011,2010,Regular Season,Regular Season,2011-02-13,Sunday,18:00,Miami Heat,Boston Celtics,Boston Celtics,Miami Heat,85,82,167,3,Boston Celtics,Miami Heat,Home Win (85-82),85-82,Four 12-minute quarters / 48 min,No,TD Garden,"Boston, MA",18624,Boston Celtics team victory,"Boston Celtics defeated Miami Heat 85-82 in Regular Season at TD Garden (Boston, MA).",SportsDataVerse hoopR / ESPN NBA Hidden API
799,310213019,2010-2011,2010,Regular Season,Regular Season,2011-02-13,Sunday,20:30,Los Angeles Lakers,Orlando Magic,Orlando Magic,Los Angeles Lakers,89,75,164,14,Orlando Magic,Los Angeles Lakers,Home Win (89-75),89-75,Four 12-minute quarters / 48 min,No,Amway Center,"Orlando, FL",19193,Orlando Magic team victory,"Orlando Magic defeated Los Angeles Lakers 89-75 in Regular Season at Amway Center (Orlando, FL).",SportsDataVerse hoopR / ESPN NBA Hidden API
800,310213005,2010-2011,2010,Regular Season,Regular Season,2011-02-13,Sunday,23:00,Washington Wizards,Cleveland Cavaliers,Cleveland Cavaliers,Washington Wizards,100,115,215,15,Washington Wizards,Cleveland Cavaliers,Away Win (115-100),100-115,Four 12-minute quarters / 48 min,No,Rocket Mortgage FieldHouse,"Cleveland, OH",19154,Washington Wizards team victory,"Washington Wizards defeated Cleveland Cavaliers 115-100 in Regular Season at Rocket Mortgage FieldHouse (Cleveland, OH).",SportsDataVerse hoopR / ESPN NBA Hidden API
801,310213008,2010-2011,2010,Regular Season,Regular Season,2011-02-13,Sunday,23:00,Portland Trail Blazers,Detroit Pistons,Detroit Pistons,Portland Trail Blazers,100,105,205,5,Portland Trail Blazers,Detroit Pistons,Away Win (105-100),100-105,Four 12-minute quarters / 48 min,No,The Palace of Auburn Hills,"Detroit, MI",15257,Portland Trail Blazers team victory,"Portland Trail Blazers defeated Detroit Pistons 105-100 in Regular Season at The Palace of Auburn Hills (Detroit, MI).",SportsDataVerse hoopR / ESPN NBA Hidden API
802,310213028,2010-2011,2010,Regular Season,Regular Season,2011-02-13,Sunday,23:00,LA Clippers,Toronto Raptors,Toronto Raptors,LA Clippers,98,93,191,5,Toronto Raptors,LA Clippers,Home Win (98-93),98-93,Four 12-minute quarters / 48 min,No,Scotiabank Arena,"Toronto, ON",19800,Toronto Raptors team victory,"Toronto Raptors defeated LA Clippers 98-93 in Regular Season at Scotiabank Arena (Toronto, ON).",SportsDataVerse hoopR / ESPN NBA Hidden API
803,310213029,2010-2011,2010,Regular Season,Regular Season,2011-02-13,Sunday,23:00,Denver Nuggets,Memphis Grizzlies,Memphis Grizzlies,Denver Nuggets,116,108,224,8,Memphis Grizzlies,Denver Nuggets,Home Win (116-108),116-108,Four 12-minute quarters / 48 min,No,FedExForum,"Memphis, TN",15398,Memphis Grizzlies team victory,"Memphis Grizzlies defeated Denver Nuggets 116-108 in Regular Season at FedExForum (Memphis, TN).",SportsDataVerse hoopR / ESPN NBA Hidden API
804,310213009,2010-2011,2010,Regular Season,Regular Season,2011-02-13,Sunday,01:00,Oklahoma City Thunder,Golden State Warriors,Golden State Warriors,Oklahoma City Thunder,100,94,194,6,Golden State Warriors,Oklahoma City Thunder,Home Win (100-94),100-94,Four 12-minute quarters / 48 min,No,ORACLE Arena,"Oakland, CA",19596,Golden State Warriors team victory,"Golden State Warriors defeated Oklahoma City Thunder 100-94 in Regular Season at ORACLE Arena (Oakland, CA).",SportsDataVerse hoopR / ESPN NBA Hidden API
805,310213021,2010-2011,2010,Regular Season,Regular Season,2011-02-13,Sunday,01:00,Sacramento Kings,Phoenix Suns,Phoenix Suns,Sacramento Kings,108,113,221,5,Sacramento Kings,Phoenix Suns,Away Win (113-108),108-113,Four 12-minute quarters / 48 min,No,Footprint Center,"Phoenix, AZ",17798,Sacramento Kings team victory,"Sacramento Kings defeated Phoenix Suns 113-108 in Regular Season at Footprint Center (Phoenix, AZ).",SportsDataVerse hoopR / ESPN NBA Hidden API
806,310214017,2010-2011,2010,Regular Season,Regular Season,2011-02-14,Monday,00:00,San Antonio Spurs,New Jersey Nets,New Jersey Nets,San Antonio Spurs,85,102,187,17,San Antonio Spurs,New Jersey Nets,Away Win (102-85),85-102,Four 12-minute quarters / 48 min,No,Prudential Center,"Newark, NJ",13433,San Antonio Spurs team victory,"San Antonio Spurs defeated New Jersey Nets 102-85 in Regular Season at Prudential Center (Newark, NJ).",SportsDataVerse hoopR / ESPN NBA Hidden API
807,310214030,2010-2011,2010,Regular Season,Regular Season,2011-02-14,Monday,00:00,Los Angeles Lakers,Charlotte Bobcats,Charlotte Bobcats,Los Angeles Lakers,109,89,198,20,Charlotte Bobcats,Los Angeles Lakers,Home Win (109-89),109-89,Four 12-minute quarters / 48 min,No,Spectrum Center,"Charlotte, NC",19488,Charlotte Bobcats team victory,"Charlotte Bobcats defeated Los Angeles Lakers 109-89 in Regular Season at Spectrum Center (Charlotte, NC).",SportsDataVerse hoopR / ESPN NBA Hidden API
808,310214008,2010-2011,2010,Regular Season,Regular Season,2011-02-14,Monday,00:30,Atlanta Hawks,Detroit Pistons,Detroit Pistons,Atlanta Hawks,79,94,173,15,Atlanta Hawks,Detroit Pistons,Away Win (94-79),79-94,Four 12-minute quarters / 48 min,No,The Palace of Auburn Hills,"Detroit, MI",11844,Atlanta Hawks team victory,"Atlanta Hawks defeated Detroit Pistons 94-79 in Regular Season at The Palace of Auburn Hills (Detroit, MI).",SportsDataVerse hoopR / ESPN NBA Hidden API
809,310214015,2010-2011,2010,Regular Season,Regular Season,2011-02-14,Monday,01:00,LA Clippers,Milwaukee Bucks,Milwaukee Bucks,LA Clippers,102,78,180,24,Milwaukee Bucks,LA Clippers,Home Win (102-78),102-78,Four 12-minute quarters / 48 min,No,BMO Harris Bradley Center,"Milwaukee, WI",13111,Milwaukee Bucks team victory,"Milwaukee Bucks defeated LA Clippers 102-78 in Regular Season at BMO Harris Bradley Center (Milwaukee, WI).",SportsDataVerse hoopR / ESPN NBA Hidden API
810,310214016,2010-2011,2010,Regular Season,Regular Season,2011-02-14,Monday,01:00,Portland Trail Blazers,Minnesota Timberwolves,Minnesota Timberwolves,Portland Trail Blazers,81,95,176,14,Portland Trail Blazers,Minnesota Timberwolves,Away Win (95-81),81-95,Four 12-minute quarters / 48 min,No,Target Center,"Minneapolis, MN",11227,Portland Trail Blazers team victory,"Portland Trail Blazers defeated Minnesota Timberwolves 95-81 in Regular Season at Target Center (Minneapolis, MN).",SportsDataVerse hoopR / ESPN NBA Hidden API
811,310214010,2010-2011,2010,Regular Season,Regular Season,2011-02-14,Monday,01:30,Denver Nuggets,Houston Rockets,Houston Rockets,Denver Nuggets,121,102,223,19,Houston Rockets,Denver Nuggets,Home Win (121-102),121-102,Four 12-minute quarters / 48 min,No,Toyota Center (Houston),"Houston, TX",16450,Houston Rockets team victory,"Houston Rockets defeated Denver Nuggets 121-102 in Regular Season at Toyota Center (Houston) (Houston, TX).",SportsDataVerse hoopR / ESPN NBA Hidden API
812,310215011,2010-2011,2010,Regular Season,Regular Season,2011-02-15,Tuesday,00:00,Miami Heat,Indiana Pacers,Indiana Pacers,Miami Heat,103,110,213,7,Miami Heat,Indiana Pacers,Away Win (110-103),103-110,Four 12-minute quarters / 48 min,No,Gainbridge Fieldhouse,"Indianapolis, IN",18165,Miami Heat team victory,"Miami Heat defeated Indiana Pacers 110-103 in Regular Season at Gainbridge Fieldhouse (Indianapolis, IN).",SportsDataVerse hoopR / ESPN NBA Hidden API
813,310215004,2010-2011,2010,Regular Season,Regular Season,2011-02-15,Tuesday,01:00,Charlotte Bobcats,Chicago Bulls,Chicago Bulls,Charlotte Bobcats,106,94,200,12,Chicago Bulls,Charlotte Bobcats,Home Win (106-94),106-94,Four 12-minute quarters / 48 min,No,United Center,"Chicago, IL",21391,Chicago Bulls team victory,"Chicago Bulls defeated Charlotte Bobcats 106-94 in Regular Season at United Center (Chicago, IL).",SportsDataVerse hoopR / ESPN NBA Hidden API
814,310215025,2010-2011,2010,Regular Season,Regular Season,2011-02-15,Tuesday,01:00,Sacramento Kings,Oklahoma City Thunder,Oklahoma City Thunder,Sacramento Kings,126,96,222,30,Oklahoma City Thunder,Sacramento Kings,Home Win (126-96),126-96,Four 12-minute quarters / 48 min,No,Paycom Center,"Oklahoma City, OK",18087,Oklahoma City Thunder team victory,"Oklahoma City Thunder defeated Sacramento Kings 126-96 in Regular Season at Paycom Center (Oklahoma City, OK).",SportsDataVerse hoopR / ESPN NBA Hidden API
815,310215029,2010-2011,2010,Regular Season,Regular Season,2011-02-15,Tuesday,01:00,Philadelphia 76ers,Memphis Grizzlies,Memphis Grizzlies,Philadelphia 76ers,102,91,193,11,Memphis Grizzlies,Philadelphia 76ers,Home Win (102-91),102-91,Four 12-minute quarters / 48 min,No,FedExForum,"Memphis, TN",11197,Memphis Grizzlies team victory,"Memphis Grizzlies defeated Philadelphia 76ers 102-91 in Regular Season at FedExForum (Memphis, TN).",SportsDataVerse hoopR / ESPN NBA Hidden API
816,310215021,2010-2011,2010,Regular Season,Regular Season,2011-02-15,Tuesday,02:00,Utah Jazz,Phoenix Suns,Phoenix Suns,Utah Jazz,102,101,203,1,Phoenix Suns,Utah Jazz,Home Win (102-101),102-101,Four 12-minute quarters / 48 min,No,Footprint Center,"Phoenix, AZ",16874,Phoenix Suns team victory,"Phoenix Suns defeated Utah Jazz 102-101 in Regular Season at Footprint Center (Phoenix, AZ).",SportsDataVerse hoopR / ESPN NBA Hidden API
817,310215009,2010-2011,2010,Regular Season,Regular Season,2011-02-15,Tuesday,03:30,New Orleans Hornets,Golden State Warriors,Golden State Warriors,New Orleans Hornets,102,89,191,13,Golden State Warriors,New Orleans Hornets,Home Win (102-89),102-89,Four 12-minute quarters / 48 min,No,ORACLE Arena,"Oakland, CA",18276,Golden State Warriors team victory,"Golden State Warriors defeated New Orleans Hornets 102-89 in Regular Season at ORACLE Arena (Oakland, CA).",SportsDataVerse hoopR / ESPN NBA Hidden API
818,310216019,2010-2011,2010,Regular Season,Regular Season,2011-02-16,Wednesday,00:00,Washington Wizards,Orlando Magic,Orlando Magic,Washington Wizards,101,76,177,25,Orlando Magic,Washington Wizards,Home Win (101-76),101-76,Four 12-minute quarters / 48 min,No,Amway Center,"Orlando, FL",19054,Orlando Magic team victory,"Orlando Magic defeated Washington Wizards 101-76 in Regular Season at Amway Center (Orlando, FL).",SportsDataVerse hoopR / ESPN NBA Hidden API
819,310216028,2010-2011,2010,Regular Season,Regular Season,2011-02-16,Wednesday,00:00,Miami Heat,Toronto Raptors,Toronto Raptors,Miami Heat,95,103,198,8,Miami Heat,Toronto Raptors,Away Win (103-95),95-103,Four 12-minute quarters / 48 min,No,Scotiabank Arena,"Toronto, ON",20156,Miami Heat team victory,"Miami Heat defeated Toronto Raptors 103-95 in Regular Season at Scotiabank Arena (Toronto, ON).",SportsDataVerse hoopR / ESPN NBA Hidden API
820,310216002,2010-2011,2010,Regular Season,Regular Season,2011-02-16,Wednesday,00:30,New Jersey Nets,Boston Celtics,Boston Celtics,New Jersey Nets,94,80,174,14,Boston Celtics,New Jersey Nets,Home Win (94-80),94-80,Four 12-minute quarters / 48 min,No,TD Garden,"Boston, MA",18624,Boston Celtics team victory,"Boston Celtics defeated New Jersey Nets 94-80 in Regular Season at TD Garden (Boston, MA).",SportsDataVerse hoopR / ESPN NBA Hidden API
821,310216005,2010-2011,2010,Regular Season,Regular Season,2011-02-16,Wednesday,00:30,Los Angeles Lakers,Cleveland Cavaliers,Cleveland Cavaliers,Los Angeles Lakers,104,99,203,5,Cleveland Cavaliers,Los Angeles Lakers,Home Win (104-99),104-99,Four 12-minute quarters / 48 min,No,Rocket Mortgage FieldHouse,"Cleveland, OH",20562,Cleveland Cavaliers team victory,"Cleveland Cavaliers defeated Los Angeles Lakers 104-99 in Regular Season at Rocket Mortgage FieldHouse (Cleveland, OH).",SportsDataVerse hoopR / ESPN NBA Hidden API
822,310216008,2010-2011,2010,Regular Season,Regular Season,2011-02-16,Wednesday,00:30,Indiana Pacers,Detroit Pistons,Detroit Pistons,Indiana Pacers,115,109,224,6,Detroit Pistons,Indiana Pacers,Home Win (115-109),115-109,Four 12-minute quarters / 48 min,Yes,The Palace of Auburn Hills,"Detroit, MI",12551,Detroit Pistons team victory (OT),"Detroit Pistons edged Indiana Pacers 115-109 in overtime at The Palace of Auburn Hills (Detroit, MI).",SportsDataVerse hoopR / ESPN NBA Hidden API
823,310216018,2010-2011,2010,Regular Season,Regular Season,2011-02-16,Wednesday,00:30,Atlanta Hawks,New York Knicks,New York Knicks,Atlanta Hawks,102,90,192,12,New York Knicks,Atlanta Hawks,Home Win (102-90),102-90,Four 12-minute quarters / 48 min,No,Madison Square Garden,"New York, NY",19763,New York Knicks team victory,"New York Knicks defeated Atlanta Hawks 102-90 in Regular Season at Madison Square Garden (New York, NY).",SportsDataVerse hoopR / ESPN NBA Hidden API
824,310216016,2010-2011,2010,Regular Season,Regular Season,2011-02-16,Wednesday,01:00,LA Clippers,Minnesota Timberwolves,Minnesota Timberwolves,LA Clippers,90,98,188,8,LA Clippers,Minnesota Timberwolves,Away Win (98-90),90-98,Four 12-minute quarters / 48 min,No,Target Center,"Minneapolis, MN",15227,LA Clippers team victory,"LA Clippers defeated Minnesota Timberwolves 98-90 in Regular Season at Target Center (Minneapolis, MN).",SportsDataVerse hoopR / ESPN NBA Hidden API
825,310216006,2010-2011,2010,Regular Season,Regular Season,2011-02-16,Wednesday,01:30,Sacramento Kings,Dallas Mavericks,Dallas Mavericks,Sacramento Kings,116,100,216,16,Dallas Mavericks,Sacramento Kings,Home Win (116-100),116-100,Four 12-minute quarters / 48 min,No,American Airlines Center,"Dallas, TX",20420,Dallas Mavericks team victory,"Dallas Mavericks defeated Sacramento Kings 116-100 in Regular Season at American Airlines Center (Dallas, TX).",SportsDataVerse hoopR / ESPN NBA Hidden API
826,310216010,2010-2011,2010,Regular Season,Regular Season,2011-02-16,Wednesday,01:30,Philadelphia 76ers,Houston Rockets,Houston Rockets,Philadelphia 76ers,105,114,219,9,Philadelphia 76ers,Houston Rockets,Away Win (114-105),105-114,Four 12-minute quarters / 48 min,No,Toyota Center (Houston),"Houston, TX",14476,Philadelphia 76ers team victory,"Philadelphia 76ers defeated Houston Rockets 114-105 in Regular Season at Toyota Center (Houston) (Houston, TX).",SportsDataVerse hoopR / ESPN NBA Hidden API
827,310216015,2010-2011,2010,Regular Season,Regular Season,2011-02-16,Wednesday,02:00,Denver Nuggets,Milwaukee Bucks,Milwaukee Bucks,Denver Nuggets,87,94,181,7,Denver Nuggets,Milwaukee Bucks,Away Win (94-87),87-94,Four 12-minute quarters / 48 min,No,BMO Harris Bradley Center,"Milwaukee, WI",16033,Denver Nuggets team victory,"Denver Nuggets defeated Milwaukee Bucks 94-87 in Regular Season at BMO Harris Bradley Center (Milwaukee, WI).",SportsDataVerse hoopR / ESPN NBA Hidden API
828,310216026,2010-2011,2010,Regular Season,Regular Season,2011-02-16,Wednesday,02:00,Golden State Warriors,Utah Jazz,Utah Jazz,Golden State Warriors,100,107,207,7,Golden State Warriors,Utah Jazz,Away Win (107-100),100-107,Four 12-minute quarters / 48 min,No,Vivint Arena,"Salt Lake City, UT",19911,Golden State Warriors team victory,"Golden State Warriors defeated Utah Jazz 107-100 in Regular Season at Vivint Arena (Salt Lake City, UT).",SportsDataVerse hoopR / ESPN NBA Hidden API
829,310216022,2010-2011,2010,Regular Season,Regular Season,2011-02-16,Wednesday,03:00,New Orleans Hornets,Portland Trail Blazers,Portland Trail Blazers,New Orleans Hornets,103,96,199,7,Portland Trail Blazers,New Orleans Hornets,Home Win (103-96),103-96,Four 12-minute quarters / 48 min,No,Moda Center,"Portland, OR",20650,Portland Trail Blazers team victory,"Portland Trail Blazers defeated New Orleans Hornets 103-96 in Regular Season at Moda Center (Portland, OR).",SportsDataVerse hoopR / ESPN NBA Hidden API
830,310217004,2010-2011,2010,Regular Season,Regular Season,2011-02-17,Thursday,01:00,San Antonio Spurs,Chicago Bulls,Chicago Bulls,San Antonio Spurs,109,99,208,10,Chicago Bulls,San Antonio Spurs,Home Win (109-99),109-99,Four 12-minute quarters / 48 min,No,United Center,"Chicago, IL",22172,Chicago Bulls team victory,"Chicago Bulls defeated San Antonio Spurs 109-99 in Regular Season at United Center (Chicago, IL).",SportsDataVerse hoopR / ESPN NBA Hidden API
831,310217021,2010-2011,2010,Regular Season,Regular Season,2011-02-17,Thursday,03:30,Dallas Mavericks,Phoenix Suns,Phoenix Suns,Dallas Mavericks,106,112,218,6,Dallas Mavericks,Phoenix Suns,Away Win (112-106),106-112,Four 12-minute quarters / 48 min,No,Footprint Center,"Phoenix, AZ",17903,Dallas Mavericks team victory,"Dallas Mavericks defeated Phoenix Suns 112-106 in Regular Season at Footprint Center (Phoenix, AZ).",SportsDataVerse hoopR / ESPN NBA Hidden API
832,310220032,2010-2011,2010,Not applicable,All-Star Game,2011-02-20,Sunday,01:00,Eastern Conf All-Stars,Western Conf All-Stars,Western Conf All-Stars,Eastern Conf All-Stars,148,143,291,5,Western Conf All-Stars,Eastern Conf All-Stars,Home Win (148-143),148-143,Four 12-minute quarters / 48 min,No,crypto.com Arena,"Los Angeles, CA",0,Western Conf All-Stars team victory,"Western Conf All-Stars defeated Eastern Conf All-Stars 148-143 in All-Star Game at crypto.com Arena (Los Angeles, CA).",SportsDataVerse hoopR / ESPN NBA Hidden API
833,310222027,2010-2011,2010,Regular Season,Regular Season,2011-02-22,Tuesday,00:00,Indiana Pacers,Washington Wizards,Washington Wizards,Indiana Pacers,96,113,209,17,Indiana Pacers,Washington Wizards,Away Win (113-96),96-113,Four 12-minute quarters / 48 min,No,Capital One Arena,"Washington, DC",14328,Indiana Pacers team victory,"Indiana Pacers defeated Washington Wizards 113-96 in Regular Season at Capital One Arena (Washington, DC).",SportsDataVerse hoopR / ESPN NBA Hidden API
834,310222030,2010-2011,2010,Regular Season,Regular Season,2011-02-22,Tuesday,00:00,Toronto Raptors,Charlotte Bobcats,Charlotte Bobcats,Toronto Raptors,114,101,215,13,Charlotte Bobcats,Toronto Raptors,Home Win (114-101),114-101,Four 12-minute quarters / 48 min,No,Spectrum Center,"Charlotte, NC",12976,Charlotte Bobcats team victory,"Charlotte Bobcats defeated Toronto Raptors 114-101 in Regular Season at Spectrum Center (Charlotte, NC).",SportsDataVerse hoopR / ESPN NBA Hidden API
835,310222008,2010-2011,2010,Regular Season,Regular Season,2011-02-22,Tuesday,00:30,Houston Rockets,Detroit Pistons,Detroit Pistons,Houston Rockets,100,108,208,8,Houston Rockets,Detroit Pistons,Away Win (108-100),100-108,Four 12-minute quarters / 48 min,No,The Palace of Auburn Hills,"Detroit, MI",12353,Houston Rockets team victory,"Houston Rockets defeated Detroit Pistons 108-100 in Regular Season at The Palace of Auburn Hills (Detroit, MI).",SportsDataVerse hoopR / ESPN NBA Hidden API
836,310222014,2010-2011,2010,Regular Season,Regular Season,2011-02-22,Tuesday,00:30,Sacramento Kings,Miami Heat,Miami Heat,Sacramento Kings,117,97,214,20,Miami Heat,Sacramento Kings,Home Win (117-97),117-97,Four 12-minute quarters / 48 min,No,Kaseya Center,"Miami, FL",19754,Miami Heat team victory,"Miami Heat defeated Sacramento Kings 117-97 in Regular Season at Kaseya Center (Miami, FL).",SportsDataVerse hoopR / ESPN NBA Hidden API
837,310222015,2010-2011,2010,Regular Season,Regular Season,2011-02-22,Tuesday,01:00,Minnesota Timberwolves,Milwaukee Bucks,Milwaukee Bucks,Minnesota Timberwolves,94,88,182,6,Milwaukee Bucks,Minnesota Timberwolves,Home Win (94-88),94-88,Four 12-minute quarters / 48 min,No,BMO Harris Bradley Center,"Milwaukee, WI",13106,Milwaukee Bucks team victory,"Milwaukee Bucks defeated Minnesota Timberwolves 94-88 in Regular Season at BMO Harris Bradley Center (Milwaukee, WI).",SportsDataVerse hoopR / ESPN NBA Hidden API
838,310222025,2010-2011,2010,Regular Season,Regular Season,2011-02-22,Tuesday,01:00,LA Clippers,Oklahoma City Thunder,Oklahoma City Thunder,LA Clippers,111,88,199,23,Oklahoma City Thunder,LA Clippers,Home Win (111-88),111-88,Four 12-minute quarters / 48 min,No,Paycom Center,"Oklahoma City, OK",18203,Oklahoma City Thunder team victory,"Oklahoma City Thunder defeated LA Clippers 111-88 in Regular Season at Paycom Center (Oklahoma City, OK).",SportsDataVerse hoopR / ESPN NBA Hidden API
839,310222007,2010-2011,2010,Regular Season,Regular Season,2011-02-22,Tuesday,02:00,Memphis Grizzlies,Denver Nuggets,Denver Nuggets,Memphis Grizzlies,120,107,227,13,Denver Nuggets,Memphis Grizzlies,Home Win (120-107),120-107,Four 12-minute quarters / 48 min,No,Ball Arena,"Denver, CO",14638,Denver Nuggets team victory,"Denver Nuggets defeated Memphis Grizzlies 120-107 in Regular Season at Ball Arena (Denver, CO).",SportsDataVerse hoopR / ESPN NBA Hidden API
840,310222009,2010-2011,2010,Regular Season,Regular Season,2011-02-22,Tuesday,03:30,Boston Celtics,Golden State Warriors,Golden State Warriors,Boston Celtics,93,115,208,22,Boston Celtics,Golden State Warriors,Away Win (115-93),93-115,Four 12-minute quarters / 48 min,No,ORACLE Arena,"Oakland, CA",19738,Boston Celtics team victory,"Boston Celtics defeated Golden State Warriors 115-93 in Regular Season at ORACLE Arena (Oakland, CA).",SportsDataVerse hoopR / ESPN NBA Hidden API
841,310222013,2010-2011,2010,Regular Season,Regular Season,2011-02-22,Tuesday,03:30,Atlanta Hawks,Los Angeles Lakers,Los Angeles Lakers,Atlanta Hawks,104,80,184,24,Los Angeles Lakers,Atlanta Hawks,Home Win (104-80),104-80,Four 12-minute quarters / 48 min,No,crypto.com Arena,"Los Angeles, CA",18997,Los Angeles Lakers team victory,"Los Angeles Lakers defeated Atlanta Hawks 104-80 in Regular Season at crypto.com Arena (Los Angeles, CA).",SportsDataVerse hoopR / ESPN NBA Hidden API
842,310223005,2010-2011,2010,Regular Season,Regular Season,2011-02-23,Wednesday,00:00,Houston Rockets,Cleveland Cavaliers,Cleveland Cavaliers,Houston Rockets,119,124,243,5,Houston Rockets,Cleveland Cavaliers,Away Win (124-119),119-124,Four 12-minute quarters / 48 min,No,Rocket Mortgage FieldHouse,"Cleveland, OH",18027,Houston Rockets team victory,"Houston Rockets defeated Cleveland Cavaliers 124-119 in Regular Season at Rocket Mortgage FieldHouse (Cleveland, OH).",SportsDataVerse hoopR / ESPN NBA Hidden API
843,310223011,2010-2011,2010,Regular Season,Regular Season,2011-02-23,Wednesday,00:00,Detroit Pistons,Indiana Pacers,Indiana Pacers,Detroit Pistons,102,101,203,1,Indiana Pacers,Detroit Pistons,Home Win (102-101),102-101,Four 12-minute quarters / 48 min,No,Gainbridge Fieldhouse,"Indianapolis, IN",12214,Indiana Pacers team victory,"Indiana Pacers defeated Detroit Pistons 102-101 in Regular Season at Gainbridge Fieldhouse (Indianapolis, IN).",SportsDataVerse hoopR / ESPN NBA Hidden API
844,310223019,2010-2011,2010,Regular Season,Regular Season,2011-02-23,Wednesday,00:00,Sacramento Kings,Orlando Magic,Orlando Magic,Sacramento Kings,105,111,216,6,Sacramento Kings,Orlando Magic,Away Win (111-105),105-111,Four 12-minute quarters / 48 min,No,Amway Center,"Orlando, FL",19146,Sacramento Kings team victory,"Sacramento Kings defeated Orlando Magic 111-105 in Regular Season at Amway Center (Orlando, FL).",SportsDataVerse hoopR / ESPN NBA Hidden API
845,310223020,2010-2011,2010,Regular Season,Regular Season,2011-02-23,Wednesday,00:00,Washington Wizards,Philadelphia 76ers,Philadelphia 76ers,Washington Wizards,117,94,211,23,Philadelphia 76ers,Washington Wizards,Home Win (117-94),117-94,Four 12-minute quarters / 48 min,No,Wells Fargo Center,"Philadelphia, PA",12704,Philadelphia 76ers team victory,"Philadelphia 76ers defeated Washington Wizards 117-94 in Regular Season at Wells Fargo Center (Philadelphia, PA).",SportsDataVerse hoopR / ESPN NBA Hidden API
846,310223024,2010-2011,2010,Regular Season,Regular Season,2011-02-23,Wednesday,00:00,Oklahoma City Thunder,San Antonio Spurs,San Antonio Spurs,Oklahoma City Thunder,109,105,214,4,San Antonio Spurs,Oklahoma City Thunder,Home Win (109-105),109-105,Four 12-minute quarters / 48 min,No,AT&T Center,"San Antonio, TX",18581,San Antonio Spurs team victory,"San Antonio Spurs defeated Oklahoma City Thunder 109-105 in Regular Season at AT&T Center (San Antonio, TX).",SportsDataVerse hoopR / ESPN NBA Hidden API
847,310223028,2010-2011,2010,Regular Season,Regular Season,2011-02-23,Wednesday,00:00,Chicago Bulls,Toronto Raptors,Toronto Raptors,Chicago Bulls,118,113,231,5,Toronto Raptors,Chicago Bulls,Home Win (118-113),118-113,Four 12-minute quarters / 48 min,No,Scotiabank Arena,"Toronto, ON",18105,Toronto Raptors team victory,"Toronto Raptors defeated Chicago Bulls 118-113 in Regular Season at Scotiabank Arena (Toronto, ON).",SportsDataVerse hoopR / ESPN NBA Hidden API
848,310223018,2010-2011,2010,Regular Season,Regular Season,2011-02-23,Wednesday,00:30,Milwaukee Bucks,New York Knicks,New York Knicks,Milwaukee Bucks,114,108,222,6,New York Knicks,Milwaukee Bucks,Home Win (114-108),114-108,Four 12-minute quarters / 48 min,No,Madison Square Garden,"New York, NY",19763,New York Knicks team victory,"New York Knicks defeated Milwaukee Bucks 114-108 in Regular Season at Madison Square Garden (New York, NY).",SportsDataVerse hoopR / ESPN NBA Hidden API
849,310223016,2010-2011,2010,Regular Season,Regular Season,2011-02-23,Wednesday,01:00,Memphis Grizzlies,Minnesota Timberwolves,Minnesota Timberwolves,Memphis Grizzlies,95,104,199,9,Memphis Grizzlies,Minnesota Timberwolves,Away Win (104-95),95-104,Four 12-minute quarters / 48 min,No,Target Center,"Minneapolis, MN",11497,Memphis Grizzlies team victory,"Memphis Grizzlies defeated Minnesota Timberwolves 104-95 in Regular Season at Target Center (Minneapolis, MN).",SportsDataVerse hoopR / ESPN NBA Hidden API
850,310223006,2010-2011,2010,Regular Season,Regular Season,2011-02-23,Wednesday,01:30,Utah Jazz,Dallas Mavericks,Dallas Mavericks,Utah Jazz,118,99,217,19,Dallas Mavericks,Utah Jazz,Home Win (118-99),118-99,Four 12-minute quarters / 48 min,No,American Airlines Center,"Dallas, TX",20379,Dallas Mavericks team victory,"Dallas Mavericks defeated Utah Jazz 118-99 in Regular Season at American Airlines Center (Dallas, TX).",SportsDataVerse hoopR / ESPN NBA Hidden API
851,310223021,2010-2011,2010,Regular Season,Regular Season,2011-02-23,Wednesday,02:00,Atlanta Hawks,Phoenix Suns,Phoenix Suns,Atlanta Hawks,105,97,202,8,Phoenix Suns,Atlanta Hawks,Home Win (105-97),105-97,Four 12-minute quarters / 48 min,No,Footprint Center,"Phoenix, AZ",18254,Phoenix Suns team victory,"Phoenix Suns defeated Atlanta Hawks 105-97 in Regular Season at Footprint Center (Phoenix, AZ).",SportsDataVerse hoopR / ESPN NBA Hidden API
852,310223003,2010-2011,2010,Regular Season,Regular Season,2011-02-23,Wednesday,02:30,LA Clippers,New Orleans Hornets,New Orleans Hornets,LA Clippers,98,87,185,11,New Orleans Hornets,LA Clippers,Home Win (98-87),98-87,Four 12-minute quarters / 48 min,No,Smoothie King Center,"New Orleans, LA",17537,New Orleans Hornets team victory,"New Orleans Hornets defeated LA Clippers 98-87 in Regular Season at Smoothie King Center (New Orleans, LA).",SportsDataVerse hoopR / ESPN NBA Hidden API
853,310223022,2010-2011,2010,Regular Season,Regular Season,2011-02-23,Wednesday,03:30,Los Angeles Lakers,Portland Trail Blazers,Portland Trail Blazers,Los Angeles Lakers,101,106,207,5,Los Angeles Lakers,Portland Trail Blazers,Away Win (106-101),101-106,Four 12-minute quarters / 48 min,Yes,Moda Center,"Portland, OR",20643,Los Angeles Lakers team victory (OT),"Los Angeles Lakers edged Portland Trail Blazers 106-101 in overtime at Moda Center (Portland, OR).",SportsDataVerse hoopR / ESPN NBA Hidden API
854,310224004,2010-2011,2010,Regular Season,Regular Season,2011-02-24,Thursday,01:00,Miami Heat,Chicago Bulls,Chicago Bulls,Miami Heat,93,89,182,4,Chicago Bulls,Miami Heat,Home Win (93-89),93-89,Four 12-minute quarters / 48 min,No,United Center,"Chicago, IL",23024,Chicago Bulls team victory,"Chicago Bulls defeated Miami Heat 93-89 in Regular Season at United Center (Chicago, IL).",SportsDataVerse hoopR / ESPN NBA Hidden API
855,310224007,2010-2011,2010,Regular Season,Regular Season,2011-02-24,Thursday,03:30,Boston Celtics,Denver Nuggets,Denver Nuggets,Boston Celtics,89,75,164,14,Denver Nuggets,Boston Celtics,Home Win (89-75),89-75,Four 12-minute quarters / 48 min,No,Ball Arena,"Denver, CO",18524,Denver Nuggets team victory,"Denver Nuggets defeated Boston Celtics 89-75 in Regular Season at Ball Arena (Denver, CO).",SportsDataVerse hoopR / ESPN NBA Hidden API
856,310225011,2010-2011,2010,Regular Season,Regular Season,2011-02-25,Friday,00:00,Utah Jazz,Indiana Pacers,Indiana Pacers,Utah Jazz,84,95,179,11,Utah Jazz,Indiana Pacers,Away Win (95-84),84-95,Four 12-minute quarters / 48 min,No,Gainbridge Fieldhouse,"Indianapolis, IN",16205,Utah Jazz team victory,"Utah Jazz defeated Indiana Pacers 95-84 in Regular Season at Gainbridge Fieldhouse (Indianapolis, IN).",SportsDataVerse hoopR / ESPN NBA Hidden API
857,310225020,2010-2011,2010,Regular Season,Regular Season,2011-02-25,Friday,00:00,Detroit Pistons,Philadelphia 76ers,Philadelphia 76ers,Detroit Pistons,110,94,204,16,Philadelphia 76ers,Detroit Pistons,Home Win (110-94),110-94,Four 12-minute quarters / 48 min,No,Wells Fargo Center,"Philadelphia, PA",15105,Philadelphia 76ers team victory,"Philadelphia 76ers defeated Detroit Pistons 110-94 in Regular Season at Wells Fargo Center (Philadelphia, PA).",SportsDataVerse hoopR / ESPN NBA Hidden API
858,310225028,2010-2011,2010,Regular Season,Regular Season,2011-02-25,Friday,00:00,Phoenix Suns,Toronto Raptors,Toronto Raptors,Phoenix Suns,92,110,202,18,Phoenix Suns,Toronto Raptors,Away Win (110-92),92-110,Four 12-minute quarters / 48 min,No,Scotiabank Arena,"Toronto, ON",19004,Phoenix Suns team victory,"Phoenix Suns defeated Toronto Raptors 110-92 in Regular Season at Scotiabank Arena (Toronto, ON).",SportsDataVerse hoopR / ESPN NBA Hidden API
859,310225030,2010-2011,2010,Regular Season,Regular Season,2011-02-25,Friday,00:00,Sacramento Kings,Charlotte Bobcats,Charlotte Bobcats,Sacramento Kings,110,98,208,12,Charlotte Bobcats,Sacramento Kings,Home Win (110-98),110-98,Four 12-minute quarters / 48 min,No,Spectrum Center,"Charlotte, NC",15782,Charlotte Bobcats team victory,"Charlotte Bobcats defeated Sacramento Kings 110-98 in Regular Season at Spectrum Center (Charlotte, NC).",SportsDataVerse hoopR / ESPN NBA Hidden API
860,310225005,2010-2011,2010,Regular Season,Regular Season,2011-02-25,Friday,00:30,New York Knicks,Cleveland Cavaliers,Cleveland Cavaliers,New York Knicks,115,109,224,6,Cleveland Cavaliers,New York Knicks,Home Win (115-109),115-109,Four 12-minute quarters / 48 min,No,Rocket Mortgage FieldHouse,"Cleveland, OH",20562,Cleveland Cavaliers team victory,"Cleveland Cavaliers defeated New York Knicks 115-109 in Regular Season at Rocket Mortgage FieldHouse (Cleveland, OH).",SportsDataVerse hoopR / ESPN NBA Hidden API
861,310225014,2010-2011,2010,Regular Season,Regular Season,2011-02-25,Friday,00:30,Washington Wizards,Miami Heat,Miami Heat,Washington Wizards,121,113,234,8,Miami Heat,Washington Wizards,Home Win (121-113),121-113,Four 12-minute quarters / 48 min,No,Kaseya Center,"Miami, FL",19825,Miami Heat team victory,"Miami Heat defeated Washington Wizards 121-113 in Regular Season at Kaseya Center (Miami, FL).",SportsDataVerse hoopR / ESPN NBA Hidden API
862,310225016,2010-2011,2010,Regular Season,Regular Season,2011-02-25,Friday,01:00,New Orleans Hornets,Minnesota Timberwolves,Minnesota Timberwolves,New Orleans Hornets,81,95,176,14,New Orleans Hornets,Minnesota Timberwolves,Away Win (95-81),81-95,Four 12-minute quarters / 48 min,No,Target Center,"Minneapolis, MN",16965,New Orleans Hornets team victory,"New Orleans Hornets defeated Minnesota Timberwolves 95-81 in Regular Season at Target Center (Minneapolis, MN).",SportsDataVerse hoopR / ESPN NBA Hidden API
863,310225019,2010-2011,2010,Regular Season,Regular Season,2011-02-25,Friday,01:00,Oklahoma City Thunder,Orlando Magic,Orlando Magic,Oklahoma City Thunder,111,88,199,23,Orlando Magic,Oklahoma City Thunder,Home Win (111-88),111-88,Four 12-minute quarters / 48 min,No,Amway Center,"Orlando, FL",19011,Orlando Magic team victory,"Orlando Magic defeated Oklahoma City Thunder 111-88 in Regular Season at Amway Center (Orlando, FL).",SportsDataVerse hoopR / ESPN NBA Hidden API
864,310225024,2010-2011,2010,Regular Season,Regular Season,2011-02-25,Friday,01:30,New Jersey Nets,San Antonio Spurs,San Antonio Spurs,New Jersey Nets,106,96,202,10,San Antonio Spurs,New Jersey Nets,Home Win (106-96),106-96,Four 12-minute quarters / 48 min,No,AT&T Center,"San Antonio, TX",18581,San Antonio Spurs team victory,"San Antonio Spurs defeated New Jersey Nets 106-96 in Regular Season at AT&T Center (San Antonio, TX).",SportsDataVerse hoopR / ESPN NBA Hidden API
865,310225009,2010-2011,2010,Regular Season,Regular Season,2011-02-25,Friday,03:30,Atlanta Hawks,Golden State Warriors,Golden State Warriors,Atlanta Hawks,79,95,174,16,Atlanta Hawks,Golden State Warriors,Away Win (95-79),79-95,Four 12-minute quarters / 48 min,No,ORACLE Arena,"Oakland, CA",19858,Atlanta Hawks team victory,"Atlanta Hawks defeated Golden State Warriors 95-79 in Regular Season at ORACLE Arena (Oakland, CA).",SportsDataVerse hoopR / ESPN NBA Hidden API
866,310225013,2010-2011,2010,Regular Season,Regular Season,2011-02-25,Friday,03:30,LA Clippers,Los Angeles Lakers,Los Angeles Lakers,LA Clippers,108,95,203,13,Los Angeles Lakers,LA Clippers,Home Win (108-95),108-95,Four 12-minute quarters / 48 min,No,crypto.com Arena,"Los Angeles, CA",18997,Los Angeles Lakers team victory,"Los Angeles Lakers defeated LA Clippers 108-95 in Regular Season at crypto.com Arena (Los Angeles, CA).",SportsDataVerse hoopR / ESPN NBA Hidden API
867,310225022,2010-2011,2010,Regular Season,Regular Season,2011-02-25,Friday,03:30,Denver Nuggets,Portland Trail Blazers,Portland Trail Blazers,Denver Nuggets,107,106,213,1,Portland Trail Blazers,Denver Nuggets,Home Win (107-106),107-106,Four 12-minute quarters / 48 min,Yes,Moda Center,"Portland, OR",20659,Portland Trail Blazers team victory (OT),"Portland Trail Blazers edged Denver Nuggets 107-106 in overtime at Moda Center (Portland, OR).",SportsDataVerse hoopR / ESPN NBA Hidden API
868,310226008,2010-2011,2010,Regular Season,Regular Season,2011-02-26,Saturday,00:30,Utah Jazz,Detroit Pistons,Detroit Pistons,Utah Jazz,120,116,236,4,Detroit Pistons,Utah Jazz,Home Win (120-116),120-116,Four 12-minute quarters / 48 min,No,The Palace of Auburn Hills,"Detroit, MI",18564,Detroit Pistons team victory,"Detroit Pistons defeated Utah Jazz 120-116 in Regular Season at The Palace of Auburn Hills (Detroit, MI).",SportsDataVerse hoopR / ESPN NBA Hidden API
869,310226027,2010-2011,2010,Regular Season,Regular Season,2011-02-26,Saturday,01:00,Dallas Mavericks,Washington Wizards,Washington Wizards,Dallas Mavericks,99,105,204,6,Dallas Mavericks,Washington Wizards,Away Win (105-99),99-105,Four 12-minute quarters / 48 min,No,Capital One Arena,"Washington, DC",19203,Dallas Mavericks team victory,"Dallas Mavericks defeated Washington Wizards 105-99 in Regular Season at Capital One Arena (Washington, DC).",SportsDataVerse hoopR / ESPN NBA Hidden API
870,310226029,2010-2011,2010,Regular Season,Regular Season,2011-02-26,Saturday,01:00,Sacramento Kings,Memphis Grizzlies,Memphis Grizzlies,Sacramento Kings,120,92,212,28,Memphis Grizzlies,Sacramento Kings,Home Win (120-92),120-92,Four 12-minute quarters / 48 min,No,FedExForum,"Memphis, TN",16028,Memphis Grizzlies team victory,"Memphis Grizzlies defeated Sacramento Kings 120-92 in Regular Season at FedExForum (Memphis, TN).",SportsDataVerse hoopR / ESPN NBA Hidden API
871,310226010,2010-2011,2010,Regular Season,Regular Season,2011-02-26,Saturday,01:30,New Jersey Nets,Houston Rockets,Houston Rockets,New Jersey Nets,123,108,231,15,Houston Rockets,New Jersey Nets,Home Win (123-108),123-108,Four 12-minute quarters / 48 min,No,Toyota Center (Houston),"Houston, TX",17209,Houston Rockets team victory,"Houston Rockets defeated New Jersey Nets 123-108 in Regular Season at Toyota Center (Houston) (Houston, TX).",SportsDataVerse hoopR / ESPN NBA Hidden API
872,310226015,2010-2011,2010,Regular Season,Regular Season,2011-02-26,Saturday,01:30,Chicago Bulls,Milwaukee Bucks,Milwaukee Bucks,Chicago Bulls,75,83,158,8,Chicago Bulls,Milwaukee Bucks,Away Win (83-75),75-83,Four 12-minute quarters / 48 min,No,BMO Harris Bradley Center,"Milwaukee, WI",18717,Chicago Bulls team victory,"Chicago Bulls defeated Milwaukee Bucks 83-75 in Regular Season at BMO Harris Bradley Center (Milwaukee, WI).",SportsDataVerse hoopR / ESPN NBA Hidden API
873,310226012,2010-2011,2010,Regular Season,Regular Season,2011-02-26,Saturday,03:30,Boston Celtics,LA Clippers,LA Clippers,Boston Celtics,92,99,191,7,Boston Celtics,LA Clippers,Away Win (99-92),92-99,Four 12-minute quarters / 48 min,No,crypto.com Arena,"Los Angeles, CA",19513,Boston Celtics team victory,"Boston Celtics defeated LA Clippers 99-92 in Regular Season at crypto.com Arena (Los Angeles, CA).",SportsDataVerse hoopR / ESPN NBA Hidden API
874,310227011,2010-2011,2010,Regular Season,Regular Season,2011-02-27,Sunday,17:00,Phoenix Suns,Indiana Pacers,Indiana Pacers,Phoenix Suns,108,110,218,2,Phoenix Suns,Indiana Pacers,Away Win (110-108),108-110,Four 12-minute quarters / 48 min,Yes,Gainbridge Fieldhouse,"Indianapolis, IN",14168,Phoenix Suns team victory (OT),"Phoenix Suns edged Indiana Pacers 110-108 in overtime at Gainbridge Fieldhouse (Indianapolis, IN).",SportsDataVerse hoopR / ESPN NBA Hidden API
875,310227025,2010-2011,2010,Regular Season,Regular Season,2011-02-27,Sunday,19:30,Los Angeles Lakers,Oklahoma City Thunder,Oklahoma City Thunder,Los Angeles Lakers,87,90,177,3,Los Angeles Lakers,Oklahoma City Thunder,Away Win (90-87),87-90,Four 12-minute quarters / 48 min,No,Paycom Center,"Oklahoma City, OK",18203,Los Angeles Lakers team victory,"Los Angeles Lakers defeated Oklahoma City Thunder 90-87 in Regular Season at Paycom Center (Oklahoma City, OK).",SportsDataVerse hoopR / ESPN NBA Hidden API
876,310227005,2010-2011,2010,Regular Season,Regular Season,2011-02-27,Sunday,22:00,Philadelphia 76ers,Cleveland Cavaliers,Cleveland Cavaliers,Philadelphia 76ers,91,95,186,4,Philadelphia 76ers,Cleveland Cavaliers,Away Win (95-91),91-95,Four 12-minute quarters / 48 min,No,Rocket Mortgage FieldHouse,"Cleveland, OH",19882,Philadelphia 76ers team victory,"Philadelphia 76ers defeated Cleveland Cavaliers 95-91 in Regular Season at Rocket Mortgage FieldHouse (Cleveland, OH).",SportsDataVerse hoopR / ESPN NBA Hidden API
877,310227016,2010-2011,2010,Regular Season,Regular Season,2011-02-27,Sunday,22:00,Golden State Warriors,Minnesota Timberwolves,Minnesota Timberwolves,Golden State Warriors,126,123,249,3,Minnesota Timberwolves,Golden State Warriors,Home Win (126-123),126-123,Four 12-minute quarters / 48 min,No,Target Center,"Minneapolis, MN",16021,Minnesota Timberwolves team victory,"Minnesota Timberwolves defeated Golden State Warriors 126-123 in Regular Season at Target Center (Minneapolis, MN).",SportsDataVerse hoopR / ESPN NBA Hidden API
878,310227019,2010-2011,2010,Regular Season,Regular Season,2011-02-27,Sunday,23:00,Charlotte Bobcats,Orlando Magic,Orlando Magic,Charlotte Bobcats,100,86,186,14,Orlando Magic,Charlotte Bobcats,Home Win (100-86),100-86,Four 12-minute quarters / 48 min,No,Amway Center,"Orlando, FL",18846,Orlando Magic team victory,"Orlando Magic defeated Charlotte Bobcats 100-86 in Regular Season at Amway Center (Orlando, FL).",SportsDataVerse hoopR / ESPN NBA Hidden API
879,310227028,2010-2011,2010,Regular Season,Regular Season,2011-02-27,Sunday,23:00,Dallas Mavericks,Toronto Raptors,Toronto Raptors,Dallas Mavericks,96,114,210,18,Dallas Mavericks,Toronto Raptors,Away Win (114-96),96-114,Four 12-minute quarters / 48 min,No,Scotiabank Arena,"Toronto, ON",16827,Dallas Mavericks team victory,"Dallas Mavericks defeated Toronto Raptors 114-96 in Regular Season at Scotiabank Arena (Toronto, ON).",SportsDataVerse hoopR / ESPN NBA Hidden API
880,310227003,2010-2011,2010,Regular Season,Regular Season,2011-02-27,Sunday,00:00,Houston Rockets,New Orleans Hornets,New Orleans Hornets,Houston Rockets,89,91,180,2,Houston Rockets,New Orleans Hornets,Away Win (91-89),89-91,Four 12-minute quarters / 48 min,No,Smoothie King Center,"New Orleans, LA",17466,Houston Rockets team victory,"Houston Rockets defeated New Orleans Hornets 91-89 in Regular Season at Smoothie King Center (New Orleans, LA).",SportsDataVerse hoopR / ESPN NBA Hidden API
881,310227024,2010-2011,2010,Regular Season,Regular Season,2011-02-27,Sunday,00:00,Memphis Grizzlies,San Antonio Spurs,San Antonio Spurs,Memphis Grizzlies,95,88,183,7,San Antonio Spurs,Memphis Grizzlies,Home Win (95-88),95-88,Four 12-minute quarters / 48 min,No,AT&T Center,"San Antonio, TX",18581,San Antonio Spurs team victory,"San Antonio Spurs defeated Memphis Grizzlies 95-88 in Regular Season at AT&T Center (San Antonio, TX).",SportsDataVerse hoopR / ESPN NBA Hidden API
882,310227014,2010-2011,2010,Regular Season,Regular Season,2011-02-27,Sunday,01:00,New York Knicks,Miami Heat,Miami Heat,New York Knicks,86,91,177,5,New York Knicks,Miami Heat,Away Win (91-86),86-91,Four 12-minute quarters / 48 min,No,Kaseya Center,"Miami, FL",19702,New York Knicks team victory,"New York Knicks defeated Miami Heat 91-86 in Regular Season at Kaseya Center (Miami, FL).",SportsDataVerse hoopR / ESPN NBA Hidden API
883,310227022,2010-2011,2010,Regular Season,Regular Season,2011-02-27,Sunday,03:30,Atlanta Hawks,Portland Trail Blazers,Portland Trail Blazers,Atlanta Hawks,83,90,173,7,Atlanta Hawks,Portland Trail Blazers,Away Win (90-83),83-90,Four 12-minute quarters / 48 min,No,Moda Center,"Portland, OR",20642,Atlanta Hawks team victory,"Atlanta Hawks defeated Portland Trail Blazers 90-83 in Regular Season at Moda Center (Portland, OR).",SportsDataVerse hoopR / ESPN NBA Hidden API
884,310228017,2010-2011,2010,Regular Season,Regular Season,2011-02-28,Monday,00:00,Phoenix Suns,New Jersey Nets,New Jersey Nets,Phoenix Suns,103,104,207,1,Phoenix Suns,New Jersey Nets,Away Win (104-103),103-104,Four 12-minute quarters / 48 min,Yes,Prudential Center,"Newark, NJ",15836,Phoenix Suns team victory (OT),"Phoenix Suns edged New Jersey Nets 104-103 in overtime at Prudential Center (Newark, NJ).",SportsDataVerse hoopR / ESPN NBA Hidden API
885,310228027,2010-2011,2010,Regular Season,Regular Season,2011-02-28,Monday,00:00,Chicago Bulls,Washington Wizards,Washington Wizards,Chicago Bulls,77,105,182,28,Chicago Bulls,Washington Wizards,Away Win (105-77),77-105,Four 12-minute quarters / 48 min,No,Capital One Arena,"Washington, DC",17873,Chicago Bulls team victory,"Chicago Bulls defeated Washington Wizards 105-77 in Regular Season at Capital One Arena (Washington, DC).",SportsDataVerse hoopR / ESPN NBA Hidden API
886,310228007,2010-2011,2010,Regular Season,Regular Season,2011-02-28,Monday,02:00,Atlanta Hawks,Denver Nuggets,Denver Nuggets,Atlanta Hawks,100,90,190,10,Denver Nuggets,Atlanta Hawks,Home Win (100-90),100-90,Four 12-minute quarters / 48 min,No,Ball Arena,"Denver, CO",16163,Denver Nuggets team victory,"Denver Nuggets defeated Atlanta Hawks 100-90 in Regular Season at Ball Arena (Denver, CO).",SportsDataVerse hoopR / ESPN NBA Hidden API
887,310228026,2010-2011,2010,Regular Season,Regular Season,2011-02-28,Monday,02:00,Boston Celtics,Utah Jazz,Utah Jazz,Boston Celtics,102,107,209,5,Boston Celtics,Utah Jazz,Away Win (107-102),102-107,Four 12-minute quarters / 48 min,No,Vivint Arena,"Salt Lake City, UT",19911,Boston Celtics team victory,"Boston Celtics defeated Utah Jazz 107-102 in Regular Season at Vivint Arena (Salt Lake City, UT).",SportsDataVerse hoopR / ESPN NBA Hidden API
888,310228023,2010-2011,2010,Regular Season,Regular Season,2011-02-28,Monday,03:00,LA Clippers,Sacramento Kings,Sacramento Kings,LA Clippers,105,99,204,6,Sacramento Kings,LA Clippers,Home Win (105-99),105-99,Four 12-minute quarters / 48 min,No,Sleep Train Arena,"Sacramento, CA",17317,Sacramento Kings team victory,"Sacramento Kings defeated LA Clippers 105-99 in Regular Season at Sleep Train Arena (Sacramento, CA).",SportsDataVerse hoopR / ESPN NBA Hidden API
889,310301011,2010-2011,2010,Regular Season,Regular Season,2011-03-01,Tuesday,00:00,Golden State Warriors,Indiana Pacers,Indiana Pacers,Golden State Warriors,109,100,209,9,Indiana Pacers,Golden State Warriors,Home Win (109-100),109-100,Four 12-minute quarters / 48 min,No,Gainbridge Fieldhouse,"Indianapolis, IN",9557,Indiana Pacers team victory,"Indiana Pacers defeated Golden State Warriors 109-100 in Regular Season at Gainbridge Fieldhouse (Indianapolis, IN).",SportsDataVerse hoopR / ESPN NBA Hidden API
890,310301019,2010-2011,2010,Regular Season,Regular Season,2011-03-01,Tuesday,00:00,New York Knicks,Orlando Magic,Orlando Magic,New York Knicks,116,110,226,6,Orlando Magic,New York Knicks,Home Win (116-110),116-110,Four 12-minute quarters / 48 min,No,Amway Center,"Orlando, FL",19131,Orlando Magic team victory,"Orlando Magic defeated New York Knicks 116-110 in Regular Season at Amway Center (Orlando, FL).",SportsDataVerse hoopR / ESPN NBA Hidden API
891,310301020,2010-2011,2010,Regular Season,Regular Season,2011-03-01,Tuesday,00:00,Dallas Mavericks,Philadelphia 76ers,Philadelphia 76ers,Dallas Mavericks,93,101,194,8,Dallas Mavericks,Philadelphia 76ers,Away Win (101-93),93-101,Four 12-minute quarters / 48 min,No,Wells Fargo Center,"Philadelphia, PA",13509,Dallas Mavericks team victory,"Dallas Mavericks defeated Philadelphia 76ers 101-93 in Regular Season at Wells Fargo Center (Philadelphia, PA).",SportsDataVerse hoopR / ESPN NBA Hidden API
892,310301028,2010-2011,2010,Regular Season,Regular Season,2011-03-01,Tuesday,00:00,New Orleans Hornets,Toronto Raptors,Toronto Raptors,New Orleans Hornets,96,90,186,6,Toronto Raptors,New Orleans Hornets,Home Win (96-90),96-90,Four 12-minute quarters / 48 min,No,Scotiabank Arena,"Toronto, ON",14704,Toronto Raptors team victory,"Toronto Raptors defeated New Orleans Hornets 96-90 in Regular Season at Scotiabank Arena (Toronto, ON).",SportsDataVerse hoopR / ESPN NBA Hidden API
893,310301015,2010-2011,2010,Regular Season,Regular Season,2011-03-01,Tuesday,01:00,Detroit Pistons,Milwaukee Bucks,Milwaukee Bucks,Detroit Pistons,92,90,182,2,Milwaukee Bucks,Detroit Pistons,Home Win (92-90),92-90,Four 12-minute quarters / 48 min,No,BMO Harris Bradley Center,"Milwaukee, WI",11364,Milwaukee Bucks team victory,"Milwaukee Bucks defeated Detroit Pistons 92-90 in Regular Season at BMO Harris Bradley Center (Milwaukee, WI).",SportsDataVerse hoopR / ESPN NBA Hidden API
894,310301016,2010-2011,2010,Regular Season,Regular Season,2011-03-01,Tuesday,01:00,Los Angeles Lakers,Minnesota Timberwolves,Minnesota Timberwolves,Los Angeles Lakers,79,90,169,11,Los Angeles Lakers,Minnesota Timberwolves,Away Win (90-79),79-90,Four 12-minute quarters / 48 min,No,Target Center,"Minneapolis, MN",17111,Los Angeles Lakers team victory,"Los Angeles Lakers defeated Minnesota Timberwolves 90-79 in Regular Season at Target Center (Minneapolis, MN).",SportsDataVerse hoopR / ESPN NBA Hidden API
895,310301029,2010-2011,2010,Regular Season,Regular Season,2011-03-01,Tuesday,01:00,San Antonio Spurs,Memphis Grizzlies,Memphis Grizzlies,San Antonio Spurs,109,93,202,16,Memphis Grizzlies,San Antonio Spurs,Home Win (109-93),109-93,Four 12-minute quarters / 48 min,No,FedExForum,"Memphis, TN",13480,Memphis Grizzlies team victory,"Memphis Grizzlies defeated San Antonio Spurs 109-93 in Regular Season at FedExForum (Memphis, TN).",SportsDataVerse hoopR / ESPN NBA Hidden API
896,310301022,2010-2011,2010,Regular Season,Regular Season,2011-03-01,Tuesday,03:00,Houston Rockets,Portland Trail Blazers,Portland Trail Blazers,Houston Rockets,87,103,190,16,Houston Rockets,Portland Trail Blazers,Away Win (103-87),87-103,Four 12-minute quarters / 48 min,No,Moda Center,"Portland, OR",20272,Houston Rockets team victory,"Houston Rockets defeated Portland Trail Blazers 103-87 in Regular Season at Moda Center (Portland, OR).",SportsDataVerse hoopR / ESPN NBA Hidden API
897,310302001,2010-2011,2010,Regular Season,Regular Season,2011-03-02,Wednesday,00:00,Chicago Bulls,Atlanta Hawks,Atlanta Hawks,Chicago Bulls,83,80,163,3,Atlanta Hawks,Chicago Bulls,Home Win (83-80),83-80,Four 12-minute quarters / 48 min,No,State Farm Arena,"Atlanta, GA",16928,Atlanta Hawks team victory,"Atlanta Hawks defeated Chicago Bulls 83-80 in Regular Season at State Farm Arena (Atlanta, GA).",SportsDataVerse hoopR / ESPN NBA Hidden API
898,310302005,2010-2011,2010,Regular Season,Regular Season,2011-03-02,Wednesday,00:00,San Antonio Spurs,Cleveland Cavaliers,Cleveland Cavaliers,San Antonio Spurs,99,109,208,10,San Antonio Spurs,Cleveland Cavaliers,Away Win (109-99),99-109,Four 12-minute quarters / 48 min,No,Rocket Mortgage FieldHouse,"Cleveland, OH",18795,San Antonio Spurs team victory,"San Antonio Spurs defeated Cleveland Cavaliers 109-99 in Regular Season at Rocket Mortgage FieldHouse (Cleveland, OH).",SportsDataVerse hoopR / ESPN NBA Hidden API
899,310302027,2010-2011,2010,Regular Season,Regular Season,2011-03-02,Wednesday,00:00,Golden State Warriors,Washington Wizards,Washington Wizards,Golden State Warriors,102,106,208,4,Golden State Warriors,Washington Wizards,Away Win (106-102),102-106,Four 12-minute quarters / 48 min,No,Capital One Arena,"Washington, DC",17865,Golden State Warriors team victory,"Golden State Warriors defeated Washington Wizards 106-102 in Regular Season at Capital One Arena (Washington, DC).",SportsDataVerse hoopR / ESPN NBA Hidden API
900,310302002,2010-2011,2010,Regular Season,Regular Season,2011-03-02,Wednesday,00:30,Phoenix Suns,Boston Celtics,Boston Celtics,Phoenix Suns,115,103,218,12,Boston Celtics,Phoenix Suns,Home Win (115-103),115-103,Four 12-minute quarters / 48 min,No,TD Garden,"Boston, MA",18624,Boston Celtics team victory,"Boston Celtics defeated Phoenix Suns 115-103 in Regular Season at TD Garden (Boston, MA).",SportsDataVerse hoopR / ESPN NBA Hidden API
901,310302008,2010-2011,2010,Regular Season,Regular Season,2011-03-02,Wednesday,00:30,Minnesota Timberwolves,Detroit Pistons,Detroit Pistons,Minnesota Timberwolves,105,116,221,11,Minnesota Timberwolves,Detroit Pistons,Away Win (116-105),105-116,Four 12-minute quarters / 48 min,No,The Palace of Auburn Hills,"Detroit, MI",13122,Minnesota Timberwolves team victory,"Minnesota Timberwolves defeated Detroit Pistons 116-105 in Regular Season at The Palace of Auburn Hills (Detroit, MI).",SportsDataVerse hoopR / ESPN NBA Hidden API
902,310302018,2010-2011,2010,Regular Season,Regular Season,2011-03-02,Wednesday,00:30,New Orleans Hornets,New York Knicks,New York Knicks,New Orleans Hornets,107,88,195,19,New York Knicks,New Orleans Hornets,Home Win (107-88),107-88,Four 12-minute quarters / 48 min,No,Madison Square Garden,"New York, NY",19763,New York Knicks team victory,"New York Knicks defeated New Orleans Hornets 107-88 in Regular Season at Madison Square Garden (New York, NY).",SportsDataVerse hoopR / ESPN NBA Hidden API
903,310302025,2010-2011,2010,Regular Season,Regular Season,2011-03-02,Wednesday,01:00,Indiana Pacers,Oklahoma City Thunder,Oklahoma City Thunder,Indiana Pacers,113,89,202,24,Oklahoma City Thunder,Indiana Pacers,Home Win (113-89),113-89,Four 12-minute quarters / 48 min,No,Paycom Center,"Oklahoma City, OK",18203,Oklahoma City Thunder team victory,"Oklahoma City Thunder defeated Indiana Pacers 113-89 in Regular Season at Paycom Center (Oklahoma City, OK).",SportsDataVerse hoopR / ESPN NBA Hidden API
904,310302007,2010-2011,2010,Regular Season,Regular Season,2011-03-02,Wednesday,02:00,Charlotte Bobcats,Denver Nuggets,Denver Nuggets,Charlotte Bobcats,120,80,200,40,Denver Nuggets,Charlotte Bobcats,Home Win (120-80),120-80,Four 12-minute quarters / 48 min,No,Ball Arena,"Denver, CO",14255,Denver Nuggets team victory,"Denver Nuggets defeated Charlotte Bobcats 120-80 in Regular Season at Ball Arena (Denver, CO).",SportsDataVerse hoopR / ESPN NBA Hidden API
905,310302023,2010-2011,2010,Regular Season,Regular Season,2011-03-02,Wednesday,03:00,Portland Trail Blazers,Sacramento Kings,Sacramento Kings,Portland Trail Blazers,102,107,209,5,Portland Trail Blazers,Sacramento Kings,Away Win (107-102),102-107,Four 12-minute quarters / 48 min,No,Sleep Train Arena,"Sacramento, CA",12286,Portland Trail Blazers team victory,"Portland Trail Blazers defeated Sacramento Kings 107-102 in Regular Season at Sleep Train Arena (Sacramento, CA).",SportsDataVerse hoopR / ESPN NBA Hidden API
906,310302012,2010-2011,2010,Regular Season,Regular Season,2011-03-02,Wednesday,03:30,Houston Rockets,LA Clippers,LA Clippers,Houston Rockets,106,103,209,3,LA Clippers,Houston Rockets,Home Win (106-103),106-103,Four 12-minute quarters / 48 min,No,crypto.com Arena,"Los Angeles, CA",19060,LA Clippers team victory,"LA Clippers defeated Houston Rockets 106-103 in Regular Season at crypto.com Arena (Los Angeles, CA).",SportsDataVerse hoopR / ESPN NBA Hidden API
907,310303014,2010-2011,2010,Regular Season,Regular Season,2011-03-03,Thursday,01:00,Orlando Magic,Miami Heat,Miami Heat,Orlando Magic,96,99,195,3,Orlando Magic,Miami Heat,Away Win (99-96),96-99,Four 12-minute quarters / 48 min,No,Kaseya Center,"Miami, FL",19600,Orlando Magic team victory,"Orlando Magic defeated Miami Heat 99-96 in Regular Season at Kaseya Center (Miami, FL).",SportsDataVerse hoopR / ESPN NBA Hidden API
908,310303026,2010-2011,2010,Regular Season,Regular Season,2011-03-03,Thursday,03:30,Denver Nuggets,Utah Jazz,Utah Jazz,Denver Nuggets,101,103,204,2,Denver Nuggets,Utah Jazz,Away Win (103-101),101-103,Four 12-minute quarters / 48 min,No,Vivint Arena,"Salt Lake City, UT",19524,Denver Nuggets team victory,"Denver Nuggets defeated Utah Jazz 103-101 in Regular Season at Vivint Arena (Salt Lake City, UT).",SportsDataVerse hoopR / ESPN NBA Hidden API
909,310304017,2010-2011,2010,Regular Season,Regular Season,2011-03-04,Friday,20:00,Toronto Raptors,New Jersey Nets,New Jersey Nets,Toronto Raptors,116,103,219,13,New Jersey Nets,Toronto Raptors,Home Win (116-103),116-103,Four 12-minute quarters / 48 min,No,Standard Arena,USA,18689,New Jersey Nets team victory,New Jersey Nets defeated Toronto Raptors 116-103 in Regular Season at Standard Arena (USA).,SportsDataVerse hoopR / ESPN NBA Hidden API
910,310304019,2010-2011,2010,Regular Season,Regular Season,2011-03-04,Friday,00:00,Chicago Bulls,Orlando Magic,Orlando Magic,Chicago Bulls,81,89,170,8,Chicago Bulls,Orlando Magic,Away Win (89-81),81-89,Four 12-minute quarters / 48 min,No,Amway Center,"Orlando, FL",19207,Chicago Bulls team victory,"Chicago Bulls defeated Orlando Magic 89-81 in Regular Season at Amway Center (Orlando, FL).",SportsDataVerse hoopR / ESPN NBA Hidden API
911,310304020,2010-2011,2010,Regular Season,Regular Season,2011-03-04,Friday,00:00,Minnesota Timberwolves,Philadelphia 76ers,Philadelphia 76ers,Minnesota Timberwolves,111,100,211,11,Philadelphia 76ers,Minnesota Timberwolves,Home Win (111-100),111-100,Four 12-minute quarters / 48 min,No,Wells Fargo Center,"Philadelphia, PA",12008,Philadelphia 76ers team victory,"Philadelphia 76ers defeated Minnesota Timberwolves 111-100 in Regular Season at Wells Fargo Center (Philadelphia, PA).",SportsDataVerse hoopR / ESPN NBA Hidden API
912,310304001,2010-2011,2010,Regular Season,Regular Season,2011-03-04,Friday,00:30,Oklahoma City Thunder,Atlanta Hawks,Atlanta Hawks,Oklahoma City Thunder,104,111,215,7,Oklahoma City Thunder,Atlanta Hawks,Away Win (111-104),104-111,Four 12-minute quarters / 48 min,No,State Farm Arena,"Atlanta, GA",17916,Oklahoma City Thunder team victory,"Oklahoma City Thunder defeated Atlanta Hawks 111-104 in Regular Season at State Farm Arena (Atlanta, GA).",SportsDataVerse hoopR / ESPN NBA Hidden API
913,310304002,2010-2011,2010,Regular Season,Regular Season,2011-03-04,Friday,00:30,Golden State Warriors,Boston Celtics,Boston Celtics,Golden State Warriors,107,103,210,4,Boston Celtics,Golden State Warriors,Home Win (107-103),107-103,Four 12-minute quarters / 48 min,No,TD Garden,"Boston, MA",18624,Boston Celtics team victory,"Boston Celtics defeated Golden State Warriors 107-103 in Regular Season at TD Garden (Boston, MA).",SportsDataVerse hoopR / ESPN NBA Hidden API
914,310304018,2010-2011,2010,Regular Season,Regular Season,2011-03-04,Friday,00:30,Cleveland Cavaliers,New York Knicks,New York Knicks,Cleveland Cavaliers,115,119,234,4,Cleveland Cavaliers,New York Knicks,Away Win (119-115),115-119,Four 12-minute quarters / 48 min,No,Madison Square Garden,"New York, NY",19763,Cleveland Cavaliers team victory,"Cleveland Cavaliers defeated New York Knicks 119-115 in Regular Season at Madison Square Garden (New York, NY).",SportsDataVerse hoopR / ESPN NBA Hidden API
915,310304029,2010-2011,2010,Regular Season,Regular Season,2011-03-04,Friday,01:00,New Orleans Hornets,Memphis Grizzlies,Memphis Grizzlies,New Orleans Hornets,91,98,189,7,New Orleans Hornets,Memphis Grizzlies,Away Win (98-91),91-98,Four 12-minute quarters / 48 min,No,FedExForum,"Memphis, TN",15367,New Orleans Hornets team victory,"New Orleans Hornets defeated Memphis Grizzlies 98-91 in Regular Season at FedExForum (Memphis, TN).",SportsDataVerse hoopR / ESPN NBA Hidden API
916,310304006,2010-2011,2010,Regular Season,Regular Season,2011-03-04,Friday,01:30,Indiana Pacers,Dallas Mavericks,Dallas Mavericks,Indiana Pacers,116,108,224,8,Dallas Mavericks,Indiana Pacers,Home Win (116-108),116-108,Four 12-minute quarters / 48 min,No,American Airlines Center,"Dallas, TX",20385,Dallas Mavericks team victory,"Dallas Mavericks defeated Indiana Pacers 116-108 in Regular Season at American Airlines Center (Dallas, TX).",SportsDataVerse hoopR / ESPN NBA Hidden API
917,310304015,2010-2011,2010,Regular Season,Regular Season,2011-03-04,Friday,01:30,Phoenix Suns,Milwaukee Bucks,Milwaukee Bucks,Phoenix Suns,88,102,190,14,Phoenix Suns,Milwaukee Bucks,Away Win (102-88),88-102,Four 12-minute quarters / 48 min,No,BMO Harris Bradley Center,"Milwaukee, WI",15011,Phoenix Suns team victory,"Phoenix Suns defeated Milwaukee Bucks 102-88 in Regular Season at BMO Harris Bradley Center (Milwaukee, WI).",SportsDataVerse hoopR / ESPN NBA Hidden API
918,310304024,2010-2011,2010,Regular Season,Regular Season,2011-03-04,Friday,02:30,Miami Heat,San Antonio Spurs,San Antonio Spurs,Miami Heat,125,95,220,30,San Antonio Spurs,Miami Heat,Home Win (125-95),125-95,Four 12-minute quarters / 48 min,No,AT&T Center,"San Antonio, TX",18581,San Antonio Spurs team victory,"San Antonio Spurs defeated Miami Heat 125-95 in Regular Season at AT&T Center (San Antonio, TX).",SportsDataVerse hoopR / ESPN NBA Hidden API
919,310304013,2010-2011,2010,Regular Season,Regular Season,2011-03-04,Friday,03:30,Charlotte Bobcats,Los Angeles Lakers,Los Angeles Lakers,Charlotte Bobcats,92,84,176,8,Los Angeles Lakers,Charlotte Bobcats,Home Win (92-84),92-84,Four 12-minute quarters / 48 min,No,crypto.com Arena,"Los Angeles, CA",18997,Los Angeles Lakers team victory,"Los Angeles Lakers defeated Charlotte Bobcats 92-84 in Regular Season at crypto.com Arena (Los Angeles, CA).",SportsDataVerse hoopR / ESPN NBA Hidden API
920,310305017,2010-2011,2010,Regular Season,Regular Season,2011-03-05,Saturday,20:00,Toronto Raptors,New Jersey Nets,New Jersey Nets,Toronto Raptors,137,136,273,1,New Jersey Nets,Toronto Raptors,Home Win (137-136),137-136,Four 12-minute quarters / 48 min,Yes,Standard Arena,USA,18689,New Jersey Nets team victory (OT),New Jersey Nets edged Toronto Raptors 137-136 in overtime at Standard Arena (USA).,SportsDataVerse hoopR / ESPN NBA Hidden API
921,310305027,2010-2011,2010,Regular Season,Regular Season,2011-03-05,Saturday,00:00,Minnesota Timberwolves,Washington Wizards,Washington Wizards,Minnesota Timberwolves,103,96,199,7,Washington Wizards,Minnesota Timberwolves,Home Win (103-96),103-96,Four 12-minute quarters / 48 min,No,Capital One Arena,"Washington, DC",18216,Washington Wizards team victory,"Washington Wizards defeated Minnesota Timberwolves 103-96 in Regular Season at Capital One Arena (Washington, DC).",SportsDataVerse hoopR / ESPN NBA Hidden API
922,310305010,2010-2011,2010,Regular Season,Regular Season,2011-03-05,Saturday,01:30,Indiana Pacers,Houston Rockets,Houston Rockets,Indiana Pacers,112,95,207,17,Houston Rockets,Indiana Pacers,Home Win (112-95),112-95,Four 12-minute quarters / 48 min,No,Toyota Center (Houston),"Houston, TX",14965,Houston Rockets team victory,"Houston Rockets defeated Indiana Pacers 112-95 in Regular Season at Toyota Center (Houston) (Houston, TX).",SportsDataVerse hoopR / ESPN NBA Hidden API
923,310305026,2010-2011,2010,Regular Season,Regular Season,2011-03-05,Saturday,02:00,Sacramento Kings,Utah Jazz,Utah Jazz,Sacramento Kings,109,102,211,7,Utah Jazz,Sacramento Kings,Home Win (109-102),109-102,Four 12-minute quarters / 48 min,Yes,Vivint Arena,"Salt Lake City, UT",19911,Utah Jazz team victory (OT),"Utah Jazz edged Sacramento Kings 109-102 in overtime at Vivint Arena (Salt Lake City, UT).",SportsDataVerse hoopR / ESPN NBA Hidden API
924,310305022,2010-2011,2010,Regular Season,Regular Season,2011-03-05,Saturday,03:00,Charlotte Bobcats,Portland Trail Blazers,Portland Trail Blazers,Charlotte Bobcats,93,69,162,24,Portland Trail Blazers,Charlotte Bobcats,Home Win (93-69),93-69,Four 12-minute quarters / 48 min,No,Moda Center,"Portland, OR",20588,Portland Trail Blazers team victory,"Portland Trail Blazers defeated Charlotte Bobcats 93-69 in Regular Season at Moda Center (Portland, OR).",SportsDataVerse hoopR / ESPN NBA Hidden API
925,310305012,2010-2011,2010,Regular Season,Regular Season,2011-03-05,Saturday,03:30,Denver Nuggets,LA Clippers,LA Clippers,Denver Nuggets,100,94,194,6,LA Clippers,Denver Nuggets,Home Win (100-94),100-94,Four 12-minute quarters / 48 min,No,crypto.com Arena,"Los Angeles, CA",19060,LA Clippers team victory,"LA Clippers defeated Denver Nuggets 100-94 in Regular Season at crypto.com Arena (Los Angeles, CA).",SportsDataVerse hoopR / ESPN NBA Hidden API
926,310306014,2010-2011,2010,Regular Season,Regular Season,2011-03-06,Sunday,18:00,Chicago Bulls,Miami Heat,Miami Heat,Chicago Bulls,86,87,173,1,Chicago Bulls,Miami Heat,Away Win (87-86),86-87,Four 12-minute quarters / 48 min,No,Kaseya Center,"Miami, FL",19763,Chicago Bulls team victory,"Chicago Bulls defeated Miami Heat 87-86 in Regular Season at Kaseya Center (Miami, FL).",SportsDataVerse hoopR / ESPN NBA Hidden API
927,310306024,2010-2011,2010,Regular Season,Regular Season,2011-03-06,Sunday,20:30,Los Angeles Lakers,San Antonio Spurs,San Antonio Spurs,Los Angeles Lakers,83,99,182,16,Los Angeles Lakers,San Antonio Spurs,Away Win (99-83),83-99,Four 12-minute quarters / 48 min,No,AT&T Center,"San Antonio, TX",18996,Los Angeles Lakers team victory,"Los Angeles Lakers defeated San Antonio Spurs 99-83 in Regular Season at AT&T Center (San Antonio, TX).",SportsDataVerse hoopR / ESPN NBA Hidden API
928,310306008,2010-2011,2010,Regular Season,Regular Season,2011-03-06,Sunday,23:00,Washington Wizards,Detroit Pistons,Detroit Pistons,Washington Wizards,113,102,215,11,Detroit Pistons,Washington Wizards,Home Win (113-102),113-102,Four 12-minute quarters / 48 min,No,The Palace of Auburn Hills,"Detroit, MI",17506,Detroit Pistons team victory,"Detroit Pistons defeated Washington Wizards 113-102 in Regular Season at The Palace of Auburn Hills (Detroit, MI).",SportsDataVerse hoopR / ESPN NBA Hidden API
929,310306020,2010-2011,2010,Regular Season,Regular Season,2011-03-06,Sunday,23:00,Golden State Warriors,Philadelphia 76ers,Philadelphia 76ers,Golden State Warriors,125,117,242,8,Philadelphia 76ers,Golden State Warriors,Home Win (125-117),125-117,Four 12-minute quarters / 48 min,Yes,Wells Fargo Center,"Philadelphia, PA",11294,Philadelphia 76ers team victory (OT),"Philadelphia 76ers edged Golden State Warriors 125-117 in overtime at Wells Fargo Center (Philadelphia, PA).",SportsDataVerse hoopR / ESPN NBA Hidden API
930,310306001,2010-2011,2010,Regular Season,Regular Season,2011-03-06,Sunday,23:30,New York Knicks,Atlanta Hawks,Atlanta Hawks,New York Knicks,79,92,171,13,New York Knicks,Atlanta Hawks,Away Win (92-79),79-92,Four 12-minute quarters / 48 min,No,State Farm Arena,"Atlanta, GA",19560,New York Knicks team victory,"New York Knicks defeated Atlanta Hawks 92-79 in Regular Season at State Farm Arena (Atlanta, GA).",SportsDataVerse hoopR / ESPN NBA Hidden API
931,310306005,2010-2011,2010,Regular Season,Regular Season,2011-03-06,Sunday,23:30,New Orleans Hornets,Cleveland Cavaliers,Cleveland Cavaliers,New Orleans Hornets,81,96,177,15,New Orleans Hornets,Cleveland Cavaliers,Away Win (96-81),81-96,Four 12-minute quarters / 48 min,No,Rocket Mortgage FieldHouse,"Cleveland, OH",18754,New Orleans Hornets team victory,"New Orleans Hornets defeated Cleveland Cavaliers 96-81 in Regular Season at Rocket Mortgage FieldHouse (Cleveland, OH).",SportsDataVerse hoopR / ESPN NBA Hidden API
932,310306025,2010-2011,2010,Regular Season,Regular Season,2011-03-06,Sunday,00:00,Phoenix Suns,Oklahoma City Thunder,Oklahoma City Thunder,Phoenix Suns,122,118,240,4,Oklahoma City Thunder,Phoenix Suns,Home Win (122-118),122-118,Four 12-minute quarters / 48 min,Yes,Paycom Center,"Oklahoma City, OK",18203,Oklahoma City Thunder team victory (OT),"Oklahoma City Thunder edged Phoenix Suns 122-118 in overtime at Paycom Center (Oklahoma City, OK).",SportsDataVerse hoopR / ESPN NBA Hidden API
933,310306006,2010-2011,2010,Regular Season,Regular Season,2011-03-06,Sunday,00:30,Memphis Grizzlies,Dallas Mavericks,Dallas Mavericks,Memphis Grizzlies,103,104,207,1,Memphis Grizzlies,Dallas Mavericks,Away Win (104-103),103-104,Four 12-minute quarters / 48 min,No,American Airlines Center,"Dallas, TX",20102,Memphis Grizzlies team victory,"Memphis Grizzlies defeated Dallas Mavericks 104-103 in Regular Season at American Airlines Center (Dallas, TX).",SportsDataVerse hoopR / ESPN NBA Hidden API
934,310306015,2010-2011,2010,Regular Season,Regular Season,2011-03-06,Sunday,02:00,Boston Celtics,Milwaukee Bucks,Milwaukee Bucks,Boston Celtics,83,89,172,6,Boston Celtics,Milwaukee Bucks,Away Win (89-83),83-89,Four 12-minute quarters / 48 min,No,BMO Harris Bradley Center,"Milwaukee, WI",16110,Boston Celtics team victory,"Boston Celtics defeated Milwaukee Bucks 89-83 in Regular Season at BMO Harris Bradley Center (Milwaukee, WI).",SportsDataVerse hoopR / ESPN NBA Hidden API
935,310307019,2010-2011,2010,Regular Season,Regular Season,2011-03-07,Monday,00:00,Portland Trail Blazers,Orlando Magic,Orlando Magic,Portland Trail Blazers,85,89,174,4,Portland Trail Blazers,Orlando Magic,Away Win (89-85),85-89,Four 12-minute quarters / 48 min,No,Amway Center,"Orlando, FL",19001,Portland Trail Blazers team victory,"Portland Trail Blazers defeated Orlando Magic 89-85 in Regular Season at Amway Center (Orlando, FL).",SportsDataVerse hoopR / ESPN NBA Hidden API
936,310307030,2010-2011,2010,Regular Season,Regular Season,2011-03-07,Monday,00:00,LA Clippers,Charlotte Bobcats,Charlotte Bobcats,LA Clippers,87,92,179,5,LA Clippers,Charlotte Bobcats,Away Win (92-87),87-92,Four 12-minute quarters / 48 min,No,Spectrum Center,"Charlotte, NC",16438,LA Clippers team victory,"LA Clippers defeated Charlotte Bobcats 92-87 in Regular Season at Spectrum Center (Charlotte, NC).",SportsDataVerse hoopR / ESPN NBA Hidden API
937,310307018,2010-2011,2010,Regular Season,Regular Season,2011-03-07,Monday,00:30,Utah Jazz,New York Knicks,New York Knicks,Utah Jazz,131,109,240,22,New York Knicks,Utah Jazz,Home Win (131-109),131-109,Four 12-minute quarters / 48 min,No,Madison Square Garden,"New York, NY",19763,New York Knicks team victory,"New York Knicks defeated Utah Jazz 131-109 in Regular Season at Madison Square Garden (New York, NY).",SportsDataVerse hoopR / ESPN NBA Hidden API
938,310307004,2010-2011,2010,Regular Season,Regular Season,2011-03-07,Monday,01:00,New Orleans Hornets,Chicago Bulls,Chicago Bulls,New Orleans Hornets,85,77,162,8,Chicago Bulls,New Orleans Hornets,Home Win (85-77),85-77,Four 12-minute quarters / 48 min,No,United Center,"Chicago, IL",21997,Chicago Bulls team victory,"Chicago Bulls defeated New Orleans Hornets 85-77 in Regular Season at United Center (Chicago, IL).",SportsDataVerse hoopR / ESPN NBA Hidden API
939,310307016,2010-2011,2010,Regular Season,Regular Season,2011-03-07,Monday,01:00,Dallas Mavericks,Minnesota Timberwolves,Minnesota Timberwolves,Dallas Mavericks,105,108,213,3,Dallas Mavericks,Minnesota Timberwolves,Away Win (108-105),105-108,Four 12-minute quarters / 48 min,No,Target Center,"Minneapolis, MN",13288,Dallas Mavericks team victory,"Dallas Mavericks defeated Minnesota Timberwolves 108-105 in Regular Season at Target Center (Minneapolis, MN).",SportsDataVerse hoopR / ESPN NBA Hidden API
940,310307029,2010-2011,2010,Regular Season,Regular Season,2011-03-07,Monday,01:00,Oklahoma City Thunder,Memphis Grizzlies,Memphis Grizzlies,Oklahoma City Thunder,107,101,208,6,Memphis Grizzlies,Oklahoma City Thunder,Home Win (107-101),107-101,Four 12-minute quarters / 48 min,No,FedExForum,"Memphis, TN",13903,Memphis Grizzlies team victory,"Memphis Grizzlies defeated Oklahoma City Thunder 107-101 in Regular Season at FedExForum (Memphis, TN).",SportsDataVerse hoopR / ESPN NBA Hidden API
941,310307023,2010-2011,2010,Regular Season,Regular Season,2011-03-07,Monday,03:00,Houston Rockets,Sacramento Kings,Sacramento Kings,Houston Rockets,101,123,224,22,Houston Rockets,Sacramento Kings,Away Win (123-101),101-123,Four 12-minute quarters / 48 min,No,Sleep Train Arena,"Sacramento, CA",12561,Houston Rockets team victory,"Houston Rockets defeated Sacramento Kings 123-101 in Regular Season at Sleep Train Arena (Sacramento, CA).",SportsDataVerse hoopR / ESPN NBA Hidden API
942,310308001,2010-2011,2010,Regular Season,Regular Season,2011-03-08,Tuesday,00:00,Los Angeles Lakers,Atlanta Hawks,Atlanta Hawks,Los Angeles Lakers,87,101,188,14,Los Angeles Lakers,Atlanta Hawks,Away Win (101-87),87-101,Four 12-minute quarters / 48 min,No,State Farm Arena,"Atlanta, GA",19890,Los Angeles Lakers team victory,"Los Angeles Lakers defeated Atlanta Hawks 101-87 in Regular Season at State Farm Arena (Atlanta, GA).",SportsDataVerse hoopR / ESPN NBA Hidden API
943,310308005,2010-2011,2010,Regular Season,Regular Season,2011-03-08,Tuesday,00:00,Golden State Warriors,Cleveland Cavaliers,Cleveland Cavaliers,Golden State Warriors,85,95,180,10,Golden State Warriors,Cleveland Cavaliers,Away Win (95-85),85-95,Four 12-minute quarters / 48 min,No,Rocket Mortgage FieldHouse,"Cleveland, OH",19919,Golden State Warriors team victory,"Golden State Warriors defeated Cleveland Cavaliers 95-85 in Regular Season at Rocket Mortgage FieldHouse (Cleveland, OH).",SportsDataVerse hoopR / ESPN NBA Hidden API
944,310308011,2010-2011,2010,Regular Season,Regular Season,2011-03-08,Tuesday,00:00,Philadelphia 76ers,Indiana Pacers,Indiana Pacers,Philadelphia 76ers,100,110,210,10,Philadelphia 76ers,Indiana Pacers,Away Win (110-100),100-110,Four 12-minute quarters / 48 min,No,Gainbridge Fieldhouse,"Indianapolis, IN",9466,Philadelphia 76ers team victory,"Philadelphia 76ers defeated Indiana Pacers 110-100 in Regular Season at Gainbridge Fieldhouse (Indianapolis, IN).",SportsDataVerse hoopR / ESPN NBA Hidden API
945,310308027,2010-2011,2010,Regular Season,Regular Season,2011-03-08,Tuesday,00:00,Milwaukee Bucks,Washington Wizards,Washington Wizards,Milwaukee Bucks,76,95,171,19,Milwaukee Bucks,Washington Wizards,Away Win (95-76),76-95,Four 12-minute quarters / 48 min,No,Capital One Arena,"Washington, DC",16190,Milwaukee Bucks team victory,"Milwaukee Bucks defeated Washington Wizards 95-76 in Regular Season at Capital One Arena (Washington, DC).",SportsDataVerse hoopR / ESPN NBA Hidden API
946,310308014,2010-2011,2010,Regular Season,Regular Season,2011-03-08,Tuesday,00:30,Portland Trail Blazers,Miami Heat,Miami Heat,Portland Trail Blazers,96,105,201,9,Portland Trail Blazers,Miami Heat,Away Win (105-96),96-105,Four 12-minute quarters / 48 min,No,Kaseya Center,"Miami, FL",19835,Portland Trail Blazers team victory,"Portland Trail Blazers defeated Miami Heat 105-96 in Regular Season at Kaseya Center (Miami, FL).",SportsDataVerse hoopR / ESPN NBA Hidden API
947,310308021,2010-2011,2010,Regular Season,Regular Season,2011-03-08,Tuesday,02:00,Houston Rockets,Phoenix Suns,Phoenix Suns,Houston Rockets,113,110,223,3,Phoenix Suns,Houston Rockets,Home Win (113-110),113-110,Four 12-minute quarters / 48 min,No,Footprint Center,"Phoenix, AZ",17363,Phoenix Suns team victory,"Phoenix Suns defeated Houston Rockets 113-110 in Regular Season at Footprint Center (Phoenix, AZ).",SportsDataVerse hoopR / ESPN NBA Hidden API
948,310309017,2010-2011,2010,Regular Season,Regular Season,2011-03-09,Wednesday,00:00,Golden State Warriors,New Jersey Nets,New Jersey Nets,Golden State Warriors,94,90,184,4,New Jersey Nets,Golden State Warriors,Home Win (94-90),94-90,Four 12-minute quarters / 48 min,No,Prudential Center,"Newark, NJ",13513,New Jersey Nets team victory,"New Jersey Nets defeated Golden State Warriors 94-90 in Regular Season at Prudential Center (Newark, NJ).",SportsDataVerse hoopR / ESPN NBA Hidden API
949,310309020,2010-2011,2010,Regular Season,Regular Season,2011-03-09,Wednesday,00:00,Oklahoma City Thunder,Philadelphia 76ers,Philadelphia 76ers,Oklahoma City Thunder,105,110,215,5,Oklahoma City Thunder,Philadelphia 76ers,Away Win (110-105),105-110,Four 12-minute quarters / 48 min,Yes,Wells Fargo Center,"Philadelphia, PA",19283,Oklahoma City Thunder team victory (OT),"Oklahoma City Thunder edged Philadelphia 76ers 110-105 in overtime at Wells Fargo Center (Philadelphia, PA).",SportsDataVerse hoopR / ESPN NBA Hidden API
950,310309028,2010-2011,2010,Regular Season,Regular Season,2011-03-09,Wednesday,00:00,Utah Jazz,Toronto Raptors,Toronto Raptors,Utah Jazz,94,96,190,2,Utah Jazz,Toronto Raptors,Away Win (96-94),94-96,Four 12-minute quarters / 48 min,No,Scotiabank Arena,"Toronto, ON",14425,Utah Jazz team victory,"Utah Jazz defeated Toronto Raptors 96-94 in Regular Season at Scotiabank Arena (Toronto, ON).",SportsDataVerse hoopR / ESPN NBA Hidden API
951,310309030,2010-2011,2010,Regular Season,Regular Season,2011-03-09,Wednesday,00:00,Chicago Bulls,Charlotte Bobcats,Charlotte Bobcats,Chicago Bulls,84,101,185,17,Chicago Bulls,Charlotte Bobcats,Away Win (101-84),84-101,Four 12-minute quarters / 48 min,No,Spectrum Center,"Charlotte, NC",15286,Chicago Bulls team victory,"Chicago Bulls defeated Charlotte Bobcats 101-84 in Regular Season at Spectrum Center (Charlotte, NC).",SportsDataVerse hoopR / ESPN NBA Hidden API
952,310309002,2010-2011,2010,Regular Season,Regular Season,2011-03-09,Wednesday,00:30,LA Clippers,Boston Celtics,Boston Celtics,LA Clippers,103,108,211,5,LA Clippers,Boston Celtics,Away Win (108-103),103-108,Four 12-minute quarters / 48 min,No,TD Garden,"Boston, MA",18624,LA Clippers team victory,"LA Clippers defeated Boston Celtics 108-103 in Regular Season at TD Garden (Boston, MA).",SportsDataVerse hoopR / ESPN NBA Hidden API
953,310309003,2010-2011,2010,Regular Season,Regular Season,2011-03-09,Wednesday,01:00,Dallas Mavericks,New Orleans Hornets,New Orleans Hornets,Dallas Mavericks,93,92,185,1,New Orleans Hornets,Dallas Mavericks,Home Win (93-92),93-92,Four 12-minute quarters / 48 min,No,Smoothie King Center,"New Orleans, LA",14472,New Orleans Hornets team victory,"New Orleans Hornets defeated Dallas Mavericks 93-92 in Regular Season at Smoothie King Center (New Orleans, LA).",SportsDataVerse hoopR / ESPN NBA Hidden API
954,310309015,2010-2011,2010,Regular Season,Regular Season,2011-03-09,Wednesday,01:00,Cleveland Cavaliers,Milwaukee Bucks,Milwaukee Bucks,Cleveland Cavaliers,110,90,200,20,Milwaukee Bucks,Cleveland Cavaliers,Home Win (110-90),110-90,Four 12-minute quarters / 48 min,No,BMO Harris Bradley Center,"Milwaukee, WI",12497,Milwaukee Bucks team victory,"Milwaukee Bucks defeated Cleveland Cavaliers 110-90 in Regular Season at BMO Harris Bradley Center (Milwaukee, WI).",SportsDataVerse hoopR / ESPN NBA Hidden API
955,310309016,2010-2011,2010,Regular Season,Regular Season,2011-03-09,Wednesday,01:00,Indiana Pacers,Minnesota Timberwolves,Minnesota Timberwolves,Indiana Pacers,101,75,176,26,Minnesota Timberwolves,Indiana Pacers,Home Win (101-75),101-75,Four 12-minute quarters / 48 min,No,Target Center,"Minneapolis, MN",15153,Minnesota Timberwolves team victory,"Minnesota Timberwolves defeated Indiana Pacers 101-75 in Regular Season at Target Center (Minneapolis, MN).",SportsDataVerse hoopR / ESPN NBA Hidden API
956,310309029,2010-2011,2010,Regular Season,Regular Season,2011-03-09,Wednesday,01:00,New York Knicks,Memphis Grizzlies,Memphis Grizzlies,New York Knicks,108,110,218,2,New York Knicks,Memphis Grizzlies,Away Win (110-108),108-110,Four 12-minute quarters / 48 min,No,FedExForum,"Memphis, TN",17512,New York Knicks team victory,"New York Knicks defeated Memphis Grizzlies 110-108 in Regular Season at FedExForum (Memphis, TN).",SportsDataVerse hoopR / ESPN NBA Hidden API
957,310309024,2010-2011,2010,Regular Season,Regular Season,2011-03-09,Wednesday,01:30,Detroit Pistons,San Antonio Spurs,San Antonio Spurs,Detroit Pistons,111,104,215,7,San Antonio Spurs,Detroit Pistons,Home Win (111-104),111-104,Four 12-minute quarters / 48 min,No,AT&T Center,"San Antonio, TX",18581,San Antonio Spurs team victory,"San Antonio Spurs defeated Detroit Pistons 111-104 in Regular Season at AT&T Center (San Antonio, TX).",SportsDataVerse hoopR / ESPN NBA Hidden API
958,310309023,2010-2011,2010,Regular Season,Regular Season,2011-03-09,Wednesday,03:00,Orlando Magic,Sacramento Kings,Sacramento Kings,Orlando Magic,102,106,208,4,Orlando Magic,Sacramento Kings,Away Win (106-102),102-106,Four 12-minute quarters / 48 min,No,Sleep Train Arena,"Sacramento, CA",12728,Orlando Magic team victory,"Orlando Magic defeated Sacramento Kings 106-102 in Regular Season at Sleep Train Arena (Sacramento, CA).",SportsDataVerse hoopR / ESPN NBA Hidden API
959,310310014,2010-2011,2010,Regular Season,Regular Season,2011-03-10,Thursday,00:00,Los Angeles Lakers,Miami Heat,Miami Heat,Los Angeles Lakers,94,88,182,6,Miami Heat,Los Angeles Lakers,Home Win (94-88),94-88,Four 12-minute quarters / 48 min,No,Kaseya Center,"Miami, FL",19986,Miami Heat team victory,"Miami Heat defeated Los Angeles Lakers 94-88 in Regular Season at Kaseya Center (Miami, FL).",SportsDataVerse hoopR / ESPN NBA Hidden API
960,310310006,2010-2011,2010,Regular Season,Regular Season,2011-03-10,Thursday,02:30,New York Knicks,Dallas Mavericks,Dallas Mavericks,New York Knicks,127,109,236,18,Dallas Mavericks,New York Knicks,Home Win (127-109),127-109,Four 12-minute quarters / 48 min,No,American Airlines Center,"Dallas, TX",20517,Dallas Mavericks team victory,"Dallas Mavericks defeated New York Knicks 127-109 in Regular Season at American Airlines Center (Dallas, TX).",SportsDataVerse hoopR / ESPN NBA Hidden API
961,310310021,2010-2011,2010,Regular Season,Regular Season,2011-03-10,Thursday,03:30,Denver Nuggets,Phoenix Suns,Phoenix Suns,Denver Nuggets,97,116,213,19,Denver Nuggets,Phoenix Suns,Away Win (116-97),97-116,Four 12-minute quarters / 48 min,No,Footprint Center,"Phoenix, AZ",17465,Denver Nuggets team victory,"Denver Nuggets defeated Phoenix Suns 116-97 in Regular Season at Footprint Center (Phoenix, AZ).",SportsDataVerse hoopR / ESPN NBA Hidden API
962,310311017,2010-2011,2010,Regular Season,Regular Season,2011-03-11,Friday,00:00,LA Clippers,New Jersey Nets,New Jersey Nets,LA Clippers,102,98,200,4,New Jersey Nets,LA Clippers,Home Win (102-98),102-98,Four 12-minute quarters / 48 min,Yes,Prudential Center,"Newark, NJ",18711,New Jersey Nets team victory (OT),"New Jersey Nets edged LA Clippers 102-98 in overtime at Prudential Center (Newark, NJ).",SportsDataVerse hoopR / ESPN NBA Hidden API
963,310311020,2010-2011,2010,Regular Season,Regular Season,2011-03-11,Friday,00:00,Boston Celtics,Philadelphia 76ers,Philadelphia 76ers,Boston Celtics,89,86,175,3,Philadelphia 76ers,Boston Celtics,Home Win (89-86),89-86,Four 12-minute quarters / 48 min,No,Wells Fargo Center,"Philadelphia, PA",20614,Philadelphia 76ers team victory,"Philadelphia 76ers defeated Boston Celtics 89-86 in Regular Season at Wells Fargo Center (Philadelphia, PA).",SportsDataVerse hoopR / ESPN NBA Hidden API
964,310311028,2010-2011,2010,Regular Season,Regular Season,2011-03-11,Friday,00:00,Indiana Pacers,Toronto Raptors,Toronto Raptors,Indiana Pacers,108,98,206,10,Toronto Raptors,Indiana Pacers,Home Win (108-98),108-98,Four 12-minute quarters / 48 min,No,Scotiabank Arena,"Toronto, ON",14726,Toronto Raptors team victory,"Toronto Raptors defeated Indiana Pacers 108-98 in Regular Season at Scotiabank Arena (Toronto, ON).",SportsDataVerse hoopR / ESPN NBA Hidden API
965,310311030,2010-2011,2010,Regular Season,Regular Season,2011-03-11,Friday,00:00,Portland Trail Blazers,Charlotte Bobcats,Charlotte Bobcats,Portland Trail Blazers,97,92,189,5,Charlotte Bobcats,Portland Trail Blazers,Home Win (97-92),97-92,Four 12-minute quarters / 48 min,No,Spectrum Center,"Charlotte, NC",18176,Charlotte Bobcats team victory,"Charlotte Bobcats defeated Portland Trail Blazers 97-92 in Regular Season at Spectrum Center (Charlotte, NC).",SportsDataVerse hoopR / ESPN NBA Hidden API
966,310311004,2010-2011,2010,Regular Season,Regular Season,2011-03-11,Friday,01:00,Atlanta Hawks,Chicago Bulls,Chicago Bulls,Atlanta Hawks,94,76,170,18,Chicago Bulls,Atlanta Hawks,Home Win (94-76),94-76,Four 12-minute quarters / 48 min,No,United Center,"Chicago, IL",22123,Chicago Bulls team victory,"Chicago Bulls defeated Atlanta Hawks 94-76 in Regular Season at United Center (Chicago, IL).",SportsDataVerse hoopR / ESPN NBA Hidden API
967,310311016,2010-2011,2010,Regular Season,Regular Season,2011-03-11,Friday,01:00,Utah Jazz,Minnesota Timberwolves,Minnesota Timberwolves,Utah Jazz,122,101,223,21,Minnesota Timberwolves,Utah Jazz,Home Win (122-101),122-101,Four 12-minute quarters / 48 min,No,Target Center,"Minneapolis, MN",18534,Minnesota Timberwolves team victory,"Minnesota Timberwolves defeated Utah Jazz 122-101 in Regular Season at Target Center (Minneapolis, MN).",SportsDataVerse hoopR / ESPN NBA Hidden API
968,310311025,2010-2011,2010,Regular Season,Regular Season,2011-03-11,Friday,01:00,Detroit Pistons,Oklahoma City Thunder,Oklahoma City Thunder,Detroit Pistons,104,94,198,10,Oklahoma City Thunder,Detroit Pistons,Home Win (104-94),104-94,Four 12-minute quarters / 48 min,No,Paycom Center,"Oklahoma City, OK",18203,Oklahoma City Thunder team victory,"Oklahoma City Thunder defeated Detroit Pistons 104-94 in Regular Season at Paycom Center (Oklahoma City, OK).",SportsDataVerse hoopR / ESPN NBA Hidden API
969,310311024,2010-2011,2010,Regular Season,Regular Season,2011-03-11,Friday,01:30,Sacramento Kings,San Antonio Spurs,San Antonio Spurs,Sacramento Kings,108,103,211,5,San Antonio Spurs,Sacramento Kings,Home Win (108-103),108-103,Four 12-minute quarters / 48 min,No,AT&T Center,"San Antonio, TX",18712,San Antonio Spurs team victory,"San Antonio Spurs defeated Sacramento Kings 108-103 in Regular Season at AT&T Center (San Antonio, TX).",SportsDataVerse hoopR / ESPN NBA Hidden API
970,310311009,2010-2011,2010,Regular Season,Regular Season,2011-03-11,Friday,03:30,Orlando Magic,Golden State Warriors,Golden State Warriors,Orlando Magic,123,120,243,3,Golden State Warriors,Orlando Magic,Home Win (123-120),123-120,Four 12-minute quarters / 48 min,Yes,ORACLE Arena,"Oakland, CA",19596,Golden State Warriors team victory (OT),"Golden State Warriors edged Orlando Magic 123-120 in overtime at ORACLE Arena (Oakland, CA).",SportsDataVerse hoopR / ESPN NBA Hidden API
971,310312014,2010-2011,2010,Regular Season,Regular Season,2011-03-12,Saturday,20:30,Memphis Grizzlies,Miami Heat,Miami Heat,Memphis Grizzlies,118,85,203,33,Miami Heat,Memphis Grizzlies,Home Win (118-85),118-85,Four 12-minute quarters / 48 min,No,Kaseya Center,"Miami, FL",19600,Miami Heat team victory,"Miami Heat defeated Memphis Grizzlies 118-85 in Regular Season at Kaseya Center (Miami, FL).",SportsDataVerse hoopR / ESPN NBA Hidden API
972,310312001,2010-2011,2010,Regular Season,Regular Season,2011-03-12,Saturday,00:00,Portland Trail Blazers,Atlanta Hawks,Atlanta Hawks,Portland Trail Blazers,91,82,173,9,Atlanta Hawks,Portland Trail Blazers,Home Win (91-82),91-82,Four 12-minute quarters / 48 min,No,State Farm Arena,"Atlanta, GA",15522,Atlanta Hawks team victory,"Atlanta Hawks defeated Portland Trail Blazers 91-82 in Regular Season at State Farm Arena (Atlanta, GA).",SportsDataVerse hoopR / ESPN NBA Hidden API
973,310312027,2010-2011,2010,Regular Season,Regular Season,2011-03-12,Saturday,00:00,LA Clippers,Washington Wizards,Washington Wizards,LA Clippers,101,122,223,21,LA Clippers,Washington Wizards,Away Win (122-101),101-122,Four 12-minute quarters / 48 min,No,Capital One Arena,"Washington, DC",20278,LA Clippers team victory,"LA Clippers defeated Washington Wizards 122-101 in Regular Season at Capital One Arena (Washington, DC).",SportsDataVerse hoopR / ESPN NBA Hidden API
974,310312003,2010-2011,2010,Regular Season,Regular Season,2011-03-12,Saturday,01:00,Sacramento Kings,New Orleans Hornets,New Orleans Hornets,Sacramento Kings,115,103,218,12,New Orleans Hornets,Sacramento Kings,Home Win (115-103),115-103,Four 12-minute quarters / 48 min,No,Smoothie King Center,"New Orleans, LA",15530,New Orleans Hornets team victory,"New Orleans Hornets defeated Sacramento Kings 115-103 in Regular Season at Smoothie King Center (New Orleans, LA).",SportsDataVerse hoopR / ESPN NBA Hidden API
975,310312004,2010-2011,2010,Regular Season,Regular Season,2011-03-12,Saturday,01:00,Utah Jazz,Chicago Bulls,Chicago Bulls,Utah Jazz,118,100,218,18,Chicago Bulls,Utah Jazz,Home Win (118-100),118-100,Four 12-minute quarters / 48 min,No,United Center,"Chicago, IL",22885,Chicago Bulls team victory,"Chicago Bulls defeated Utah Jazz 118-100 in Regular Season at United Center (Chicago, IL).",SportsDataVerse hoopR / ESPN NBA Hidden API
976,310312015,2010-2011,2010,Regular Season,Regular Season,2011-03-12,Saturday,01:00,Philadelphia 76ers,Milwaukee Bucks,Milwaukee Bucks,Philadelphia 76ers,102,74,176,28,Milwaukee Bucks,Philadelphia 76ers,Home Win (102-74),102-74,Four 12-minute quarters / 48 min,No,BMO Harris Bradley Center,"Milwaukee, WI",15832,Milwaukee Bucks team victory,"Milwaukee Bucks defeated Philadelphia 76ers 102-74 in Regular Season at BMO Harris Bradley Center (Milwaukee, WI).",SportsDataVerse hoopR / ESPN NBA Hidden API
977,310312010,2010-2011,2010,Regular Season,Regular Season,2011-03-12,Saturday,01:30,San Antonio Spurs,Houston Rockets,Houston Rockets,San Antonio Spurs,107,115,222,8,San Antonio Spurs,Houston Rockets,Away Win (115-107),107-115,Four 12-minute quarters / 48 min,No,Toyota Center (Houston),"Houston, TX",18245,San Antonio Spurs team victory,"San Antonio Spurs defeated Houston Rockets 115-107 in Regular Season at Toyota Center (Houston) (Houston, TX).",SportsDataVerse hoopR / ESPN NBA Hidden API
978,310312006,2010-2011,2010,Regular Season,Regular Season,2011-03-12,Saturday,02:00,Los Angeles Lakers,Dallas Mavericks,Dallas Mavericks,Los Angeles Lakers,91,96,187,5,Los Angeles Lakers,Dallas Mavericks,Away Win (96-91),91-96,Four 12-minute quarters / 48 min,No,American Airlines Center,"Dallas, TX",20619,Los Angeles Lakers team victory,"Los Angeles Lakers defeated Dallas Mavericks 96-91 in Regular Season at American Airlines Center (Dallas, TX).",SportsDataVerse hoopR / ESPN NBA Hidden API
979,310312007,2010-2011,2010,Regular Season,Regular Season,2011-03-12,Saturday,02:00,Detroit Pistons,Denver Nuggets,Denver Nuggets,Detroit Pistons,131,101,232,30,Denver Nuggets,Detroit Pistons,Home Win (131-101),131-101,Four 12-minute quarters / 48 min,No,Ball Arena,"Denver, CO",19155,Denver Nuggets team victory,"Denver Nuggets defeated Detroit Pistons 131-101 in Regular Season at Ball Arena (Denver, CO).",SportsDataVerse hoopR / ESPN NBA Hidden API
980,310313005,2010-2011,2010,Regular Season,Regular Season,2011-03-13,Sunday,17:00,Oklahoma City Thunder,Cleveland Cavaliers,Cleveland Cavaliers,Oklahoma City Thunder,75,95,170,20,Oklahoma City Thunder,Cleveland Cavaliers,Away Win (95-75),75-95,Four 12-minute quarters / 48 min,No,Rocket Mortgage FieldHouse,"Cleveland, OH",19811,Oklahoma City Thunder team victory,"Oklahoma City Thunder defeated Cleveland Cavaliers 95-75 in Regular Season at Rocket Mortgage FieldHouse (Cleveland, OH).",SportsDataVerse hoopR / ESPN NBA Hidden API
981,310313028,2010-2011,2010,Regular Season,Regular Season,2011-03-13,Sunday,17:00,Charlotte Bobcats,Toronto Raptors,Toronto Raptors,Charlotte Bobcats,90,95,185,5,Charlotte Bobcats,Toronto Raptors,Away Win (95-90),90-95,Four 12-minute quarters / 48 min,No,Scotiabank Arena,"Toronto, ON",16557,Charlotte Bobcats team victory,"Charlotte Bobcats defeated Toronto Raptors 95-90 in Regular Season at Scotiabank Arena (Toronto, ON).",SportsDataVerse hoopR / ESPN NBA Hidden API
982,310313021,2010-2011,2010,Regular Season,Regular Season,2011-03-13,Sunday,19:30,Orlando Magic,Phoenix Suns,Phoenix Suns,Orlando Magic,88,111,199,23,Orlando Magic,Phoenix Suns,Away Win (111-88),88-111,Four 12-minute quarters / 48 min,No,Footprint Center,"Phoenix, AZ",18091,Orlando Magic team victory,"Orlando Magic defeated Phoenix Suns 111-88 in Regular Season at Footprint Center (Phoenix, AZ).",SportsDataVerse hoopR / ESPN NBA Hidden API
983,310313002,2010-2011,2010,Regular Season,Regular Season,2011-03-13,Sunday,22:00,Milwaukee Bucks,Boston Celtics,Boston Celtics,Milwaukee Bucks,87,56,143,31,Boston Celtics,Milwaukee Bucks,Home Win (87-56),87-56,Four 12-minute quarters / 48 min,No,TD Garden,"Boston, MA",18624,Boston Celtics team victory,"Boston Celtics defeated Milwaukee Bucks 87-56 in Regular Season at TD Garden (Boston, MA).",SportsDataVerse hoopR / ESPN NBA Hidden API
984,310313018,2010-2011,2010,Regular Season,Regular Season,2011-03-13,Sunday,22:00,Indiana Pacers,New York Knicks,New York Knicks,Indiana Pacers,93,106,199,13,Indiana Pacers,New York Knicks,Away Win (106-93),93-106,Four 12-minute quarters / 48 min,No,Madison Square Garden,"New York, NY",19763,Indiana Pacers team victory,"Indiana Pacers defeated New York Knicks 106-93 in Regular Season at Madison Square Garden (New York, NY).",SportsDataVerse hoopR / ESPN NBA Hidden API
985,310313009,2010-2011,2010,Regular Season,Regular Season,2011-03-13,Sunday,01:00,Minnesota Timberwolves,Golden State Warriors,Golden State Warriors,Minnesota Timberwolves,100,77,177,23,Golden State Warriors,Minnesota Timberwolves,Home Win (100-77),100-77,Four 12-minute quarters / 48 min,No,ORACLE Arena,"Oakland, CA",17788,Golden State Warriors team victory,"Golden State Warriors defeated Minnesota Timberwolves 100-77 in Regular Season at ORACLE Arena (Oakland, CA).",SportsDataVerse hoopR / ESPN NBA Hidden API
986,310314017,2010-2011,2010,Regular Season,Regular Season,2011-03-14,Monday,23:00,Boston Celtics,New Jersey Nets,New Jersey Nets,Boston Celtics,88,79,167,9,New Jersey Nets,Boston Celtics,Home Win (88-79),88-79,Four 12-minute quarters / 48 min,No,Prudential Center,"Newark, NJ",18711,New Jersey Nets team victory,"New Jersey Nets defeated Boston Celtics 88-79 in Regular Season at Prudential Center (Newark, NJ).",SportsDataVerse hoopR / ESPN NBA Hidden API
987,310314027,2010-2011,2010,Regular Season,Regular Season,2011-03-14,Monday,23:00,Oklahoma City Thunder,Washington Wizards,Washington Wizards,Oklahoma City Thunder,89,116,205,27,Oklahoma City Thunder,Washington Wizards,Away Win (116-89),89-116,Four 12-minute quarters / 48 min,No,Capital One Arena,"Washington, DC",17921,Oklahoma City Thunder team victory,"Oklahoma City Thunder defeated Washington Wizards 116-89 in Regular Season at Capital One Arena (Washington, DC).",SportsDataVerse hoopR / ESPN NBA Hidden API
988,310314003,2010-2011,2010,Regular Season,Regular Season,2011-03-14,Monday,00:00,Denver Nuggets,New Orleans Hornets,New Orleans Hornets,Denver Nuggets,103,114,217,11,Denver Nuggets,New Orleans Hornets,Away Win (114-103),103-114,Four 12-minute quarters / 48 min,No,Smoothie King Center,"New Orleans, LA",11782,Denver Nuggets team victory,"Denver Nuggets defeated New Orleans Hornets 114-103 in Regular Season at Smoothie King Center (New Orleans, LA).",SportsDataVerse hoopR / ESPN NBA Hidden API
989,310314014,2010-2011,2010,Regular Season,Regular Season,2011-03-14,Monday,00:00,San Antonio Spurs,Miami Heat,Miami Heat,San Antonio Spurs,110,80,190,30,Miami Heat,San Antonio Spurs,Home Win (110-80),110-80,Four 12-minute quarters / 48 min,No,Kaseya Center,"Miami, FL",20021,Miami Heat team victory,"Miami Heat defeated San Antonio Spurs 110-80 in Regular Season at Kaseya Center (Miami, FL).",SportsDataVerse hoopR / ESPN NBA Hidden API
990,310314029,2010-2011,2010,Regular Season,Regular Season,2011-03-14,Monday,00:00,LA Clippers,Memphis Grizzlies,Memphis Grizzlies,LA Clippers,105,82,187,23,Memphis Grizzlies,LA Clippers,Home Win (105-82),105-82,Four 12-minute quarters / 48 min,No,FedExForum,"Memphis, TN",15989,Memphis Grizzlies team victory,"Memphis Grizzlies defeated LA Clippers 105-82 in Regular Season at FedExForum (Memphis, TN).",SportsDataVerse hoopR / ESPN NBA Hidden API
991,310314010,2010-2011,2010,Regular Season,Regular Season,2011-03-14,Monday,00:30,Phoenix Suns,Houston Rockets,Houston Rockets,Phoenix Suns,95,93,188,2,Houston Rockets,Phoenix Suns,Home Win (95-93),95-93,Four 12-minute quarters / 48 min,No,Toyota Center (Houston),"Houston, TX",16262,Houston Rockets team victory,"Houston Rockets defeated Phoenix Suns 95-93 in Regular Season at Toyota Center (Houston) (Houston, TX).",SportsDataVerse hoopR / ESPN NBA Hidden API
992,310314026,2010-2011,2010,Regular Season,Regular Season,2011-03-14,Monday,01:00,Philadelphia 76ers,Utah Jazz,Utah Jazz,Philadelphia 76ers,112,107,219,5,Utah Jazz,Philadelphia 76ers,Home Win (112-107),112-107,Four 12-minute quarters / 48 min,Yes,Vivint Arena,"Salt Lake City, UT",19632,Utah Jazz team victory (OT),"Utah Jazz edged Philadelphia 76ers 112-107 in overtime at Vivint Arena (Salt Lake City, UT).",SportsDataVerse hoopR / ESPN NBA Hidden API
993,310314023,2010-2011,2010,Regular Season,Regular Season,2011-03-14,Monday,02:00,Golden State Warriors,Sacramento Kings,Sacramento Kings,Golden State Warriors,129,119,248,10,Sacramento Kings,Golden State Warriors,Home Win (129-119),129-119,Four 12-minute quarters / 48 min,No,Sleep Train Arena,"Sacramento, CA",14243,Sacramento Kings team victory,"Sacramento Kings defeated Golden State Warriors 129-119 in Regular Season at Sleep Train Arena (Sacramento, CA).",SportsDataVerse hoopR / ESPN NBA Hidden API
994,310314013,2010-2011,2010,Regular Season,Regular Season,2011-03-14,Monday,02:30,Orlando Magic,Los Angeles Lakers,Los Angeles Lakers,Orlando Magic,97,84,181,13,Los Angeles Lakers,Orlando Magic,Home Win (97-84),97-84,Four 12-minute quarters / 48 min,No,crypto.com Arena,"Los Angeles, CA",18997,Los Angeles Lakers team victory,"Los Angeles Lakers defeated Orlando Magic 97-84 in Regular Season at crypto.com Arena (Los Angeles, CA).",SportsDataVerse hoopR / ESPN NBA Hidden API
995,310315001,2010-2011,2010,Regular Season,Regular Season,2011-03-15,Tuesday,23:00,Milwaukee Bucks,Atlanta Hawks,Atlanta Hawks,Milwaukee Bucks,110,85,195,25,Atlanta Hawks,Milwaukee Bucks,Home Win (110-85),110-85,Four 12-minute quarters / 48 min,No,State Farm Arena,"Atlanta, GA",13590,Atlanta Hawks team victory,"Atlanta Hawks defeated Milwaukee Bucks 110-85 in Regular Season at State Farm Arena (Atlanta, GA).",SportsDataVerse hoopR / ESPN NBA Hidden API
996,310315011,2010-2011,2010,Regular Season,Regular Season,2011-03-15,Tuesday,23:00,New York Knicks,Indiana Pacers,Indiana Pacers,New York Knicks,119,117,236,2,Indiana Pacers,New York Knicks,Home Win (119-117),119-117,Four 12-minute quarters / 48 min,No,Gainbridge Fieldhouse,"Indianapolis, IN",14164,Indiana Pacers team victory,"Indiana Pacers defeated New York Knicks 119-117 in Regular Season at Gainbridge Fieldhouse (Indianapolis, IN).",SportsDataVerse hoopR / ESPN NBA Hidden API
997,310315004,2010-2011,2010,Regular Season,Regular Season,2011-03-15,Tuesday,00:00,Washington Wizards,Chicago Bulls,Chicago Bulls,Washington Wizards,98,79,177,19,Chicago Bulls,Washington Wizards,Home Win (98-79),98-79,Four 12-minute quarters / 48 min,No,United Center,"Chicago, IL",22103,Chicago Bulls team victory,"Chicago Bulls defeated Washington Wizards 98-79 in Regular Season at United Center (Chicago, IL).",SportsDataVerse hoopR / ESPN NBA Hidden API
998,310315022,2010-2011,2010,Regular Season,Regular Season,2011-03-15,Tuesday,02:00,Dallas Mavericks,Portland Trail Blazers,Portland Trail Blazers,Dallas Mavericks,104,101,205,3,Portland Trail Blazers,Dallas Mavericks,Home Win (104-101),104-101,Four 12-minute quarters / 48 min,No,Moda Center,"Portland, OR",20631,Portland Trail Blazers team victory,"Portland Trail Blazers defeated Dallas Mavericks 104-101 in Regular Season at Moda Center (Portland, OR).",SportsDataVerse hoopR / ESPN NBA Hidden API
999,310316001,2010-2011,2010,Regular Season,Regular Season,2011-03-16,Wednesday,23:00,Denver Nuggets,Atlanta Hawks,Atlanta Hawks,Denver Nuggets,87,102,189,15,Denver Nuggets,Atlanta Hawks,Away Win (102-87),87-102,Four 12-minute quarters / 48 min,No,State Farm Arena,"Atlanta, GA",14669,Denver Nuggets team victory,"Denver Nuggets defeated Atlanta Hawks 102-87 in Regular Season at State Farm Arena (Atlanta, GA).",SportsDataVerse hoopR / ESPN NBA Hidden API
1000,310316002,2010-2011,2010,Regular Season,Regular Season,2011-03-16,Wednesday,23:30,Indiana Pacers,Boston Celtics,Boston Celtics,Indiana Pacers,92,80,172,12,Boston Celtics,Indiana Pacers,Home Win (92-80),92-80,Four 12-minute quarters / 48 min,No,TD Garden,"Boston, MA",18624,Boston Celtics team victory,"Boston Celtics defeated Indiana Pacers 92-80 in Regular Season at TD Garden (Boston, MA).",SportsDataVerse hoopR / ESPN NBA Hidden API
1001,310316008,2010-2011,2010,Regular Season,Regular Season,2011-03-16,Wednesday,23:30,Toronto Raptors,Detroit Pistons,Detroit Pistons,Toronto Raptors,107,93,200,14,Detroit Pistons,Toronto Raptors,Home Win (107-93),107-93,Four 12-minute quarters / 48 min,No,The Palace of Auburn Hills,"Detroit, MI",15166,Detroit Pistons team victory,"Detroit Pistons defeated Toronto Raptors 107-93 in Regular Season at The Palace of Auburn Hills (Detroit, MI).",SportsDataVerse hoopR / ESPN NBA Hidden API
1002,310316003,2010-2011,2010,Regular Season,Regular Season,2011-03-16,Wednesday,00:00,Phoenix Suns,New Orleans Hornets,New Orleans Hornets,Phoenix Suns,100,95,195,5,New Orleans Hornets,Phoenix Suns,Home Win (100-95),100-95,Four 12-minute quarters / 48 min,No,Smoothie King Center,"New Orleans, LA",13758,New Orleans Hornets team victory,"New Orleans Hornets defeated Phoenix Suns 100-95 in Regular Season at Smoothie King Center (New Orleans, LA).",SportsDataVerse hoopR / ESPN NBA Hidden API
1003,310316014,2010-2011,2010,Regular Season,Regular Season,2011-03-16,Wednesday,00:00,Oklahoma City Thunder,Miami Heat,Miami Heat,Oklahoma City Thunder,85,96,181,11,Oklahoma City Thunder,Miami Heat,Away Win (96-85),85-96,Four 12-minute quarters / 48 min,No,Kaseya Center,"Miami, FL",20083,Oklahoma City Thunder team victory,"Oklahoma City Thunder defeated Miami Heat 96-85 in Regular Season at Kaseya Center (Miami, FL).",SportsDataVerse hoopR / ESPN NBA Hidden API
1004,310316015,2010-2011,2010,Regular Season,Regular Season,2011-03-16,Wednesday,00:00,Orlando Magic,Milwaukee Bucks,Milwaukee Bucks,Orlando Magic,89,93,182,4,Orlando Magic,Milwaukee Bucks,Away Win (93-89),89-93,Four 12-minute quarters / 48 min,Yes,BMO Harris Bradley Center,"Milwaukee, WI",13831,Orlando Magic team victory (OT),"Orlando Magic edged Milwaukee Bucks 93-89 in overtime at BMO Harris Bradley Center (Milwaukee, WI).",SportsDataVerse hoopR / ESPN NBA Hidden API
1005,310316010,2010-2011,2010,Regular Season,Regular Season,2011-03-16,Wednesday,00:30,Charlotte Bobcats,Houston Rockets,Houston Rockets,Charlotte Bobcats,94,78,172,16,Houston Rockets,Charlotte Bobcats,Home Win (94-78),94-78,Four 12-minute quarters / 48 min,No,Toyota Center (Houston),"Houston, TX",14822,Houston Rockets team victory,"Houston Rockets defeated Charlotte Bobcats 94-78 in Regular Season at Toyota Center (Houston) (Houston, TX).",SportsDataVerse hoopR / ESPN NBA Hidden API
1006,310316026,2010-2011,2010,Regular Season,Regular Season,2011-03-16,Wednesday,01:00,Minnesota Timberwolves,Utah Jazz,Utah Jazz,Minnesota Timberwolves,119,104,223,15,Utah Jazz,Minnesota Timberwolves,Home Win (119-104),119-104,Four 12-minute quarters / 48 min,No,Vivint Arena,"Salt Lake City, UT",19465,Utah Jazz team victory,"Utah Jazz defeated Minnesota Timberwolves 119-104 in Regular Season at Vivint Arena (Salt Lake City, UT).",SportsDataVerse hoopR / ESPN NBA Hidden API
1007,310316023,2010-2011,2010,Regular Season,Regular Season,2011-03-16,Wednesday,02:00,Cleveland Cavaliers,Sacramento Kings,Sacramento Kings,Cleveland Cavaliers,93,97,190,4,Cleveland Cavaliers,Sacramento Kings,Away Win (97-93),93-97,Four 12-minute quarters / 48 min,No,Sleep Train Arena,"Sacramento, CA",13477,Cleveland Cavaliers team victory,"Cleveland Cavaliers defeated Sacramento Kings 97-93 in Regular Season at Sleep Train Arena (Sacramento, CA).",SportsDataVerse hoopR / ESPN NBA Hidden API
1008,310316009,2010-2011,2010,Regular Season,Regular Season,2011-03-16,Wednesday,02:30,Dallas Mavericks,Golden State Warriors,Golden State Warriors,Dallas Mavericks,106,112,218,6,Dallas Mavericks,Golden State Warriors,Away Win (112-106),106-112,Four 12-minute quarters / 48 min,No,ORACLE Arena,"Oakland, CA",19596,Dallas Mavericks team victory,"Dallas Mavericks defeated Golden State Warriors 112-106 in Regular Season at ORACLE Arena (Oakland, CA).",SportsDataVerse hoopR / ESPN NBA Hidden API
1009,310316012,2010-2011,2010,Regular Season,Regular Season,2011-03-16,Wednesday,02:30,Philadelphia 76ers,LA Clippers,LA Clippers,Philadelphia 76ers,94,104,198,10,Philadelphia 76ers,LA Clippers,Away Win (104-94),94-104,Four 12-minute quarters / 48 min,No,crypto.com Arena,"Los Angeles, CA",19060,Philadelphia 76ers team victory,"Philadelphia 76ers defeated LA Clippers 104-94 in Regular Season at crypto.com Arena (Los Angeles, CA).",SportsDataVerse hoopR / ESPN NBA Hidden API
1010,310317017,2010-2011,2010,Regular Season,Regular Season,2011-03-17,Thursday,23:00,Chicago Bulls,New Jersey Nets,New Jersey Nets,Chicago Bulls,73,84,157,11,Chicago Bulls,New Jersey Nets,Away Win (84-73),73-84,Four 12-minute quarters / 48 min,No,Prudential Center,"Newark, NJ",18351,Chicago Bulls team victory,"Chicago Bulls defeated New Jersey Nets 84-73 in Regular Season at Prudential Center (Newark, NJ).",SportsDataVerse hoopR / ESPN NBA Hidden API
1011,310317018,2010-2011,2010,Regular Season,Regular Season,2011-03-17,Thursday,23:30,Memphis Grizzlies,New York Knicks,New York Knicks,Memphis Grizzlies,120,99,219,21,New York Knicks,Memphis Grizzlies,Home Win (120-99),120-99,Four 12-minute quarters / 48 min,No,Madison Square Garden,"New York, NY",19763,New York Knicks team victory,"New York Knicks defeated Memphis Grizzlies 120-99 in Regular Season at Madison Square Garden (New York, NY).",SportsDataVerse hoopR / ESPN NBA Hidden API
1012,310317022,2010-2011,2010,Regular Season,Regular Season,2011-03-17,Thursday,02:00,Cleveland Cavaliers,Portland Trail Blazers,Portland Trail Blazers,Cleveland Cavaliers,111,70,181,41,Portland Trail Blazers,Cleveland Cavaliers,Home Win (111-70),111-70,Four 12-minute quarters / 48 min,No,Moda Center,"Portland, OR",20235,Portland Trail Blazers team victory,"Portland Trail Blazers defeated Cleveland Cavaliers 111-70 in Regular Season at Moda Center (Portland, OR).",SportsDataVerse hoopR / ESPN NBA Hidden API
1013,310318011,2010-2011,2010,Regular Season,Regular Season,2011-03-18,Friday,23:00,Chicago Bulls,Indiana Pacers,Indiana Pacers,Chicago Bulls,115,108,223,7,Indiana Pacers,Chicago Bulls,Home Win (115-108),115-108,Four 12-minute quarters / 48 min,Yes,Gainbridge Fieldhouse,"Indianapolis, IN",18165,Indiana Pacers team victory (OT),"Indiana Pacers edged Chicago Bulls 115-108 in overtime at Gainbridge Fieldhouse (Indianapolis, IN).",SportsDataVerse hoopR / ESPN NBA Hidden API
1014,310318019,2010-2011,2010,Regular Season,Regular Season,2011-03-18,Friday,23:00,Denver Nuggets,Orlando Magic,Orlando Magic,Denver Nuggets,85,82,167,3,Orlando Magic,Denver Nuggets,Home Win (85-82),85-82,Four 12-minute quarters / 48 min,No,Amway Center,"Orlando, FL",19113,Orlando Magic team victory,"Orlando Magic defeated Denver Nuggets 85-82 in Regular Season at Amway Center (Orlando, FL).",SportsDataVerse hoopR / ESPN NBA Hidden API
1015,310318028,2010-2011,2010,Regular Season,Regular Season,2011-03-18,Friday,23:00,Washington Wizards,Toronto Raptors,Toronto Raptors,Washington Wizards,116,107,223,9,Toronto Raptors,Washington Wizards,Home Win (116-107),116-107,Four 12-minute quarters / 48 min,No,Scotiabank Arena,"Toronto, ON",18017,Toronto Raptors team victory,"Toronto Raptors defeated Washington Wizards 116-107 in Regular Season at Scotiabank Arena (Toronto, ON).",SportsDataVerse hoopR / ESPN NBA Hidden API
1016,310318001,2010-2011,2010,Regular Season,Regular Season,2011-03-18,Friday,23:30,Miami Heat,Atlanta Hawks,Atlanta Hawks,Miami Heat,85,106,191,21,Miami Heat,Atlanta Hawks,Away Win (106-85),85-106,Four 12-minute quarters / 48 min,No,State Farm Arena,"Atlanta, GA",20024,Miami Heat team victory,"Miami Heat defeated Atlanta Hawks 106-85 in Regular Season at State Farm Arena (Atlanta, GA).",SportsDataVerse hoopR / ESPN NBA Hidden API
1017,310318008,2010-2011,2010,Regular Season,Regular Season,2011-03-18,Friday,23:30,New York Knicks,Detroit Pistons,Detroit Pistons,New York Knicks,99,95,194,4,Detroit Pistons,New York Knicks,Home Win (99-95),99-95,Four 12-minute quarters / 48 min,No,The Palace of Auburn Hills,"Detroit, MI",22076,Detroit Pistons team victory,"Detroit Pistons defeated New York Knicks 99-95 in Regular Season at The Palace of Auburn Hills (Detroit, MI).",SportsDataVerse hoopR / ESPN NBA Hidden API
1018,310318025,2010-2011,2010,Regular Season,Regular Season,2011-03-18,Friday,00:00,Charlotte Bobcats,Oklahoma City Thunder,Oklahoma City Thunder,Charlotte Bobcats,99,82,181,17,Oklahoma City Thunder,Charlotte Bobcats,Home Win (99-82),99-82,Four 12-minute quarters / 48 min,No,Paycom Center,"Oklahoma City, OK",18203,Oklahoma City Thunder team victory,"Oklahoma City Thunder defeated Charlotte Bobcats 99-82 in Regular Season at Paycom Center (Oklahoma City, OK).",SportsDataVerse hoopR / ESPN NBA Hidden API
1019,310318006,2010-2011,2010,Regular Season,Regular Season,2011-03-18,Friday,00:30,San Antonio Spurs,Dallas Mavericks,Dallas Mavericks,San Antonio Spurs,91,97,188,6,San Antonio Spurs,Dallas Mavericks,Away Win (97-91),91-97,Four 12-minute quarters / 48 min,No,American Airlines Center,"Dallas, TX",20614,San Antonio Spurs team victory,"San Antonio Spurs defeated Dallas Mavericks 97-91 in Regular Season at American Airlines Center (Dallas, TX).",SportsDataVerse hoopR / ESPN NBA Hidden API
1020,310318010,2010-2011,2010,Regular Season,Regular Season,2011-03-18,Friday,00:30,Boston Celtics,Houston Rockets,Houston Rockets,Boston Celtics,93,77,170,16,Houston Rockets,Boston Celtics,Home Win (93-77),93-77,Four 12-minute quarters / 48 min,No,Toyota Center (Houston),"Houston, TX",18412,Houston Rockets team victory,"Houston Rockets defeated Boston Celtics 93-77 in Regular Season at Toyota Center (Houston) (Houston, TX).",SportsDataVerse hoopR / ESPN NBA Hidden API
1021,310318015,2010-2011,2010,Regular Season,Regular Season,2011-03-18,Friday,00:30,New Jersey Nets,Milwaukee Bucks,Milwaukee Bucks,New Jersey Nets,110,95,205,15,Milwaukee Bucks,New Jersey Nets,Home Win (110-95),110-95,Four 12-minute quarters / 48 min,No,BMO Harris Bradley Center,"Milwaukee, WI",14563,Milwaukee Bucks team victory,"Milwaukee Bucks defeated New Jersey Nets 110-95 in Regular Season at BMO Harris Bradley Center (Milwaukee, WI).",SportsDataVerse hoopR / ESPN NBA Hidden API
1022,310318021,2010-2011,2010,Regular Season,Regular Season,2011-03-18,Friday,02:00,Golden State Warriors,Phoenix Suns,Phoenix Suns,Golden State Warriors,108,97,205,11,Phoenix Suns,Golden State Warriors,Home Win (108-97),108-97,Four 12-minute quarters / 48 min,No,Footprint Center,"Phoenix, AZ",18422,Phoenix Suns team victory,"Phoenix Suns defeated Golden State Warriors 108-97 in Regular Season at Footprint Center (Phoenix, AZ).",SportsDataVerse hoopR / ESPN NBA Hidden API
1023,310318023,2010-2011,2010,Regular Season,Regular Season,2011-03-18,Friday,02:00,Philadelphia 76ers,Sacramento Kings,Sacramento Kings,Philadelphia 76ers,80,102,182,22,Philadelphia 76ers,Sacramento Kings,Away Win (102-80),80-102,Four 12-minute quarters / 48 min,No,Sleep Train Arena,"Sacramento, CA",15373,Philadelphia 76ers team victory,"Philadelphia 76ers defeated Sacramento Kings 102-80 in Regular Season at Sleep Train Arena (Sacramento, CA).",SportsDataVerse hoopR / ESPN NBA Hidden API
1024,310318013,2010-2011,2010,Regular Season,Regular Season,2011-03-18,Friday,02:30,Minnesota Timberwolves,Los Angeles Lakers,Los Angeles Lakers,Minnesota Timberwolves,106,98,204,8,Los Angeles Lakers,Minnesota Timberwolves,Home Win (106-98),106-98,Four 12-minute quarters / 48 min,No,crypto.com Arena,"Los Angeles, CA",18997,Los Angeles Lakers team victory,"Los Angeles Lakers defeated Minnesota Timberwolves 106-98 in Regular Season at crypto.com Arena (Los Angeles, CA).",SportsDataVerse hoopR / ESPN NBA Hidden API
1025,310319012,2010-2011,2010,Regular Season,Regular Season,2011-03-19,Saturday,19:30,Cleveland Cavaliers,LA Clippers,LA Clippers,Cleveland Cavaliers,100,92,192,8,LA Clippers,Cleveland Cavaliers,Home Win (100-92),100-92,Four 12-minute quarters / 48 min,No,crypto.com Arena,"Los Angeles, CA",19060,LA Clippers team victory,"LA Clippers defeated Cleveland Cavaliers 100-92 in Regular Season at crypto.com Arena (Los Angeles, CA).",SportsDataVerse hoopR / ESPN NBA Hidden API
1026,310319014,2010-2011,2010,Regular Season,Regular Season,2011-03-19,Saturday,23:30,Denver Nuggets,Miami Heat,Miami Heat,Denver Nuggets,103,98,201,5,Miami Heat,Denver Nuggets,Home Win (103-98),103-98,Four 12-minute quarters / 48 min,No,Kaseya Center,"Miami, FL",19600,Miami Heat team victory,"Miami Heat defeated Denver Nuggets 103-98 in Regular Season at Kaseya Center (Miami, FL).",SportsDataVerse hoopR / ESPN NBA Hidden API
1027,310319003,2010-2011,2010,Regular Season,Regular Season,2011-03-19,Saturday,00:00,Boston Celtics,New Orleans Hornets,New Orleans Hornets,Boston Celtics,85,89,174,4,Boston Celtics,New Orleans Hornets,Away Win (89-85),85-89,Four 12-minute quarters / 48 min,No,Smoothie King Center,"New Orleans, LA",18018,Boston Celtics team victory,"Boston Celtics defeated New Orleans Hornets 89-85 in Regular Season at Smoothie King Center (New Orleans, LA).",SportsDataVerse hoopR / ESPN NBA Hidden API
1028,310319029,2010-2011,2010,Regular Season,Regular Season,2011-03-19,Saturday,00:00,Indiana Pacers,Memphis Grizzlies,Memphis Grizzlies,Indiana Pacers,99,78,177,21,Memphis Grizzlies,Indiana Pacers,Home Win (99-78),99-78,Four 12-minute quarters / 48 min,No,FedExForum,"Memphis, TN",17013,Memphis Grizzlies team victory,"Memphis Grizzlies defeated Indiana Pacers 99-78 in Regular Season at FedExForum (Memphis, TN).",SportsDataVerse hoopR / ESPN NBA Hidden API
1029,310319024,2010-2011,2010,Regular Season,Regular Season,2011-03-19,Saturday,00:30,Charlotte Bobcats,San Antonio Spurs,San Antonio Spurs,Charlotte Bobcats,109,98,207,11,San Antonio Spurs,Charlotte Bobcats,Home Win (109-98),109-98,Four 12-minute quarters / 48 min,No,AT&T Center,"San Antonio, TX",19075,San Antonio Spurs team victory,"San Antonio Spurs defeated Charlotte Bobcats 109-98 in Regular Season at AT&T Center (San Antonio, TX).",SportsDataVerse hoopR / ESPN NBA Hidden API
1030,310319022,2010-2011,2010,Regular Season,Regular Season,2011-03-19,Saturday,02:00,Philadelphia 76ers,Portland Trail Blazers,Portland Trail Blazers,Philadelphia 76ers,110,101,211,9,Portland Trail Blazers,Philadelphia 76ers,Home Win (110-101),110-101,Four 12-minute quarters / 48 min,No,Moda Center,"Portland, OR",20637,Portland Trail Blazers team victory,"Portland Trail Blazers defeated Philadelphia 76ers 110-101 in Regular Season at Moda Center (Portland, OR).",SportsDataVerse hoopR / ESPN NBA Hidden API
1031,310320027,2010-2011,2010,Regular Season,Regular Season,2011-03-20,Sunday,17:00,New Jersey Nets,Washington Wizards,Washington Wizards,New Jersey Nets,98,92,190,6,Washington Wizards,New Jersey Nets,Home Win (98-92),98-92,Four 12-minute quarters / 48 min,No,Capital One Arena,"Washington, DC",17761,Washington Wizards team victory,"Washington Wizards defeated New Jersey Nets 98-92 in Regular Season at Capital One Arena (Washington, DC).",SportsDataVerse hoopR / ESPN NBA Hidden API
1032,310320001,2010-2011,2010,Regular Season,Regular Season,2011-03-20,Sunday,18:00,Detroit Pistons,Atlanta Hawks,Atlanta Hawks,Detroit Pistons,104,96,200,8,Atlanta Hawks,Detroit Pistons,Home Win (104-96),104-96,Four 12-minute quarters / 48 min,No,State Farm Arena,"Atlanta, GA",17580,Atlanta Hawks team victory,"Atlanta Hawks defeated Detroit Pistons 104-96 in Regular Season at State Farm Arena (Atlanta, GA).",SportsDataVerse hoopR / ESPN NBA Hidden API
1033,310320015,2010-2011,2010,Regular Season,Regular Season,2011-03-20,Sunday,19:00,New York Knicks,Milwaukee Bucks,Milwaukee Bucks,New York Knicks,100,95,195,5,Milwaukee Bucks,New York Knicks,Home Win (100-95),100-95,Four 12-minute quarters / 48 min,No,BMO Harris Bradley Center,"Milwaukee, WI",18052,Milwaukee Bucks team victory,"Milwaukee Bucks defeated New York Knicks 100-95 in Regular Season at BMO Harris Bradley Center (Milwaukee, WI).",SportsDataVerse hoopR / ESPN NBA Hidden API
1034,310320012,2010-2011,2010,Regular Season,Regular Season,2011-03-20,Sunday,19:30,Phoenix Suns,LA Clippers,LA Clippers,Phoenix Suns,99,108,207,9,Phoenix Suns,LA Clippers,Away Win (108-99),99-108,Four 12-minute quarters / 48 min,No,crypto.com Arena,"Los Angeles, CA",19060,Phoenix Suns team victory,"Phoenix Suns defeated LA Clippers 108-99 in Regular Season at crypto.com Arena (Los Angeles, CA).",SportsDataVerse hoopR / ESPN NBA Hidden API
1035,310320016,2010-2011,2010,Regular Season,Regular Season,2011-03-20,Sunday,19:30,Sacramento Kings,Minnesota Timberwolves,Minnesota Timberwolves,Sacramento Kings,95,127,222,32,Sacramento Kings,Minnesota Timberwolves,Away Win (127-95),95-127,Four 12-minute quarters / 48 min,No,Target Center,"Minneapolis, MN",18993,Sacramento Kings team victory,"Sacramento Kings defeated Minnesota Timberwolves 127-95 in Regular Season at Target Center (Minneapolis, MN).",SportsDataVerse hoopR / ESPN NBA Hidden API
1036,310320010,2010-2011,2010,Regular Season,Regular Season,2011-03-20,Sunday,23:00,Utah Jazz,Houston Rockets,Houston Rockets,Utah Jazz,110,108,218,2,Houston Rockets,Utah Jazz,Home Win (110-108),110-108,Four 12-minute quarters / 48 min,No,Toyota Center (Houston),"Houston, TX",14459,Houston Rockets team victory,"Houston Rockets defeated Utah Jazz 110-108 in Regular Season at Toyota Center (Houston) (Houston, TX).",SportsDataVerse hoopR / ESPN NBA Hidden API
1037,310320025,2010-2011,2010,Regular Season,Regular Season,2011-03-20,Sunday,23:00,Toronto Raptors,Oklahoma City Thunder,Oklahoma City Thunder,Toronto Raptors,93,95,188,2,Toronto Raptors,Oklahoma City Thunder,Away Win (95-93),93-95,Four 12-minute quarters / 48 min,No,Paycom Center,"Oklahoma City, OK",18203,Toronto Raptors team victory,"Toronto Raptors defeated Oklahoma City Thunder 95-93 in Regular Season at Paycom Center (Oklahoma City, OK).",SportsDataVerse hoopR / ESPN NBA Hidden API
1038,310320006,2010-2011,2010,Regular Season,Regular Season,2011-03-20,Sunday,23:30,Golden State Warriors,Dallas Mavericks,Dallas Mavericks,Golden State Warriors,101,73,174,28,Dallas Mavericks,Golden State Warriors,Home Win (101-73),101-73,Four 12-minute quarters / 48 min,No,American Airlines Center,"Dallas, TX",20324,Dallas Mavericks team victory,"Dallas Mavericks defeated Golden State Warriors 101-73 in Regular Season at American Airlines Center (Dallas, TX).",SportsDataVerse hoopR / ESPN NBA Hidden API
1039,310320013,2010-2011,2010,Regular Season,Regular Season,2011-03-20,Sunday,01:30,Portland Trail Blazers,Los Angeles Lakers,Los Angeles Lakers,Portland Trail Blazers,84,80,164,4,Los Angeles Lakers,Portland Trail Blazers,Home Win (84-80),84-80,Four 12-minute quarters / 48 min,No,crypto.com Arena,"Los Angeles, CA",18997,Los Angeles Lakers team victory,"Los Angeles Lakers defeated Portland Trail Blazers 84-80 in Regular Season at crypto.com Arena (Los Angeles, CA).",SportsDataVerse hoopR / ESPN NBA Hidden API
1040,310321005,2010-2011,2010,Regular Season,Regular Season,2011-03-21,Monday,23:00,Orlando Magic,Cleveland Cavaliers,Cleveland Cavaliers,Orlando Magic,86,97,183,11,Orlando Magic,Cleveland Cavaliers,Away Win (97-86),86-97,Four 12-minute quarters / 48 min,No,Rocket Mortgage FieldHouse,"Cleveland, OH",19343,Orlando Magic team victory,"Orlando Magic defeated Cleveland Cavaliers 97-86 in Regular Season at Rocket Mortgage FieldHouse (Cleveland, OH).",SportsDataVerse hoopR / ESPN NBA Hidden API
1041,310321017,2010-2011,2010,Regular Season,Regular Season,2011-03-21,Monday,23:00,Indiana Pacers,New Jersey Nets,New Jersey Nets,Indiana Pacers,98,102,200,4,Indiana Pacers,New Jersey Nets,Away Win (102-98),98-102,Four 12-minute quarters / 48 min,No,Prudential Center,"Newark, NJ",13792,Indiana Pacers team victory,"Indiana Pacers defeated New Jersey Nets 102-98 in Regular Season at Prudential Center (Newark, NJ).",SportsDataVerse hoopR / ESPN NBA Hidden API
1042,310321018,2010-2011,2010,Regular Season,Regular Season,2011-03-21,Monday,23:30,Boston Celtics,New York Knicks,New York Knicks,Boston Celtics,86,96,182,10,Boston Celtics,New York Knicks,Away Win (96-86),86-96,Four 12-minute quarters / 48 min,No,Madison Square Garden,"New York, NY",19763,Boston Celtics team victory,"Boston Celtics defeated New York Knicks 96-86 in Regular Season at Madison Square Garden (New York, NY).",SportsDataVerse hoopR / ESPN NBA Hidden API
1043,310321004,2010-2011,2010,Regular Season,Regular Season,2011-03-21,Monday,00:00,Sacramento Kings,Chicago Bulls,Chicago Bulls,Sacramento Kings,132,92,224,40,Chicago Bulls,Sacramento Kings,Home Win (132-92),132-92,Four 12-minute quarters / 48 min,No,United Center,"Chicago, IL",21873,Chicago Bulls team victory,"Chicago Bulls defeated Sacramento Kings 132-92 in Regular Season at United Center (Chicago, IL).",SportsDataVerse hoopR / ESPN NBA Hidden API
1044,310321029,2010-2011,2010,Regular Season,Regular Season,2011-03-21,Monday,00:00,Utah Jazz,Memphis Grizzlies,Memphis Grizzlies,Utah Jazz,103,85,188,18,Memphis Grizzlies,Utah Jazz,Home Win (103-85),103-85,Four 12-minute quarters / 48 min,No,FedExForum,"Memphis, TN",12688,Memphis Grizzlies team victory,"Memphis Grizzlies defeated Utah Jazz 103-85 in Regular Season at FedExForum (Memphis, TN).",SportsDataVerse hoopR / ESPN NBA Hidden API
1045,310321024,2010-2011,2010,Regular Season,Regular Season,2011-03-21,Monday,00:30,Golden State Warriors,San Antonio Spurs,San Antonio Spurs,Golden State Warriors,111,96,207,15,San Antonio Spurs,Golden State Warriors,Home Win (111-96),111-96,Four 12-minute quarters / 48 min,No,AT&T Center,"San Antonio, TX",18443,San Antonio Spurs team victory,"San Antonio Spurs defeated Golden State Warriors 111-96 in Regular Season at AT&T Center (San Antonio, TX).",SportsDataVerse hoopR / ESPN NBA Hidden API
1046,310321007,2010-2011,2010,Regular Season,Regular Season,2011-03-21,Monday,01:00,Toronto Raptors,Denver Nuggets,Denver Nuggets,Toronto Raptors,123,90,213,33,Denver Nuggets,Toronto Raptors,Home Win (123-90),123-90,Four 12-minute quarters / 48 min,No,Ball Arena,"Denver, CO",16258,Denver Nuggets team victory,"Denver Nuggets defeated Toronto Raptors 123-90 in Regular Season at Ball Arena (Denver, CO).",SportsDataVerse hoopR / ESPN NBA Hidden API
1047,310322001,2010-2011,2010,Regular Season,Regular Season,2011-03-22,Tuesday,00:00,Chicago Bulls,Atlanta Hawks,Atlanta Hawks,Chicago Bulls,81,114,195,33,Chicago Bulls,Atlanta Hawks,Away Win (114-81),81-114,Four 12-minute quarters / 48 min,No,State Farm Arena,"Atlanta, GA",18203,Chicago Bulls team victory,"Chicago Bulls defeated Atlanta Hawks 114-81 in Regular Season at State Farm Arena (Atlanta, GA).",SportsDataVerse hoopR / ESPN NBA Hidden API
1048,310322022,2010-2011,2010,Regular Season,Regular Season,2011-03-22,Tuesday,02:00,Washington Wizards,Portland Trail Blazers,Portland Trail Blazers,Washington Wizards,111,76,187,35,Portland Trail Blazers,Washington Wizards,Home Win (111-76),111-76,Four 12-minute quarters / 48 min,No,Moda Center,"Portland, OR",20624,Portland Trail Blazers team victory,"Portland Trail Blazers defeated Washington Wizards 111-76 in Regular Season at Moda Center (Portland, OR).",SportsDataVerse hoopR / ESPN NBA Hidden API
1049,310322013,2010-2011,2010,Regular Season,Regular Season,2011-03-22,Tuesday,02:30,Phoenix Suns,Los Angeles Lakers,Los Angeles Lakers,Phoenix Suns,139,137,276,2,Los Angeles Lakers,Phoenix Suns,Home Win (139-137),139-137,Four 12-minute quarters / 48 min,Yes,crypto.com Arena,"Los Angeles, CA",18997,Los Angeles Lakers team victory (OT),"Los Angeles Lakers edged Phoenix Suns 139-137 in overtime at crypto.com Arena (Los Angeles, CA).",SportsDataVerse hoopR / ESPN NBA Hidden API
1050,310323005,2010-2011,2010,Regular Season,Regular Season,2011-03-23,Wednesday,23:00,New Jersey Nets,Cleveland Cavaliers,Cleveland Cavaliers,New Jersey Nets,94,98,192,4,New Jersey Nets,Cleveland Cavaliers,Away Win (98-94),94-98,Four 12-minute quarters / 48 min,Yes,Rocket Mortgage FieldHouse,"Cleveland, OH",18923,New Jersey Nets team victory (OT),"New Jersey Nets edged Cleveland Cavaliers 98-94 in overtime at Rocket Mortgage FieldHouse (Cleveland, OH).",SportsDataVerse hoopR / ESPN NBA Hidden API
1051,310323020,2010-2011,2010,Regular Season,Regular Season,2011-03-23,Wednesday,23:00,Atlanta Hawks,Philadelphia 76ers,Philadelphia 76ers,Atlanta Hawks,105,100,205,5,Philadelphia 76ers,Atlanta Hawks,Home Win (105-100),105-100,Four 12-minute quarters / 48 min,No,Wells Fargo Center,"Philadelphia, PA",15199,Philadelphia 76ers team victory,"Philadelphia 76ers defeated Atlanta Hawks 105-100 in Regular Season at Wells Fargo Center (Philadelphia, PA).",SportsDataVerse hoopR / ESPN NBA Hidden API
1052,310323030,2010-2011,2010,Regular Season,Regular Season,2011-03-23,Wednesday,23:00,Indiana Pacers,Charlotte Bobcats,Charlotte Bobcats,Indiana Pacers,88,111,199,23,Indiana Pacers,Charlotte Bobcats,Away Win (111-88),88-111,Four 12-minute quarters / 48 min,No,Spectrum Center,"Charlotte, NC",14703,Indiana Pacers team victory,"Indiana Pacers defeated Charlotte Bobcats 111-88 in Regular Season at Spectrum Center (Charlotte, NC).",SportsDataVerse hoopR / ESPN NBA Hidden API
1053,310323002,2010-2011,2010,Regular Season,Regular Season,2011-03-23,Wednesday,23:30,Memphis Grizzlies,Boston Celtics,Boston Celtics,Memphis Grizzlies,87,90,177,3,Memphis Grizzlies,Boston Celtics,Away Win (90-87),87-90,Four 12-minute quarters / 48 min,No,TD Garden,"Boston, MA",18624,Memphis Grizzlies team victory,"Memphis Grizzlies defeated Boston Celtics 90-87 in Regular Season at TD Garden (Boston, MA).",SportsDataVerse hoopR / ESPN NBA Hidden API
1054,310323008,2010-2011,2010,Regular Season,Regular Season,2011-03-23,Wednesday,23:30,Miami Heat,Detroit Pistons,Detroit Pistons,Miami Heat,94,100,194,6,Miami Heat,Detroit Pistons,Away Win (100-94),94-100,Four 12-minute quarters / 48 min,No,The Palace of Auburn Hills,"Detroit, MI",22076,Miami Heat team victory,"Miami Heat defeated Detroit Pistons 100-94 in Regular Season at The Palace of Auburn Hills (Detroit, MI).",SportsDataVerse hoopR / ESPN NBA Hidden API
1055,310323015,2010-2011,2010,Regular Season,Regular Season,2011-03-23,Wednesday,00:00,Sacramento Kings,Milwaukee Bucks,Milwaukee Bucks,Sacramento Kings,90,97,187,7,Sacramento Kings,Milwaukee Bucks,Away Win (97-90),90-97,Four 12-minute quarters / 48 min,No,BMO Harris Bradley Center,"Milwaukee, WI",14122,Sacramento Kings team victory,"Sacramento Kings defeated Milwaukee Bucks 97-90 in Regular Season at BMO Harris Bradley Center (Milwaukee, WI).",SportsDataVerse hoopR / ESPN NBA Hidden API
1056,310323018,2010-2011,2010,Regular Season,Regular Season,2011-03-23,Wednesday,00:00,Orlando Magic,New York Knicks,New York Knicks,Orlando Magic,99,111,210,12,Orlando Magic,New York Knicks,Away Win (111-99),99-111,Four 12-minute quarters / 48 min,No,Madison Square Garden,"New York, NY",19763,Orlando Magic team victory,"Orlando Magic defeated New York Knicks 111-99 in Regular Season at Madison Square Garden (New York, NY).",SportsDataVerse hoopR / ESPN NBA Hidden API
1057,310323025,2010-2011,2010,Regular Season,Regular Season,2011-03-23,Wednesday,00:00,Utah Jazz,Oklahoma City Thunder,Oklahoma City Thunder,Utah Jazz,106,94,200,12,Oklahoma City Thunder,Utah Jazz,Home Win (106-94),106-94,Four 12-minute quarters / 48 min,No,Paycom Center,"Oklahoma City, OK",18203,Oklahoma City Thunder team victory,"Oklahoma City Thunder defeated Utah Jazz 106-94 in Regular Season at Paycom Center (Oklahoma City, OK).",SportsDataVerse hoopR / ESPN NBA Hidden API
1058,310323010,2010-2011,2010,Regular Season,Regular Season,2011-03-23,Wednesday,00:30,Golden State Warriors,Houston Rockets,Houston Rockets,Golden State Warriors,131,112,243,19,Houston Rockets,Golden State Warriors,Home Win (131-112),131-112,Four 12-minute quarters / 48 min,No,Toyota Center (Houston),"Houston, TX",16623,Houston Rockets team victory,"Houston Rockets defeated Golden State Warriors 131-112 in Regular Season at Toyota Center (Houston) (Houston, TX).",SportsDataVerse hoopR / ESPN NBA Hidden API
1059,310323021,2010-2011,2010,Regular Season,Regular Season,2011-03-23,Wednesday,02:00,Toronto Raptors,Phoenix Suns,Phoenix Suns,Toronto Raptors,114,106,220,8,Phoenix Suns,Toronto Raptors,Home Win (114-106),114-106,Four 12-minute quarters / 48 min,No,Footprint Center,"Phoenix, AZ",17865,Phoenix Suns team victory,"Phoenix Suns defeated Toronto Raptors 114-106 in Regular Season at Footprint Center (Phoenix, AZ).",SportsDataVerse hoopR / ESPN NBA Hidden API
1060,310323007,2010-2011,2010,Regular Season,Regular Season,2011-03-23,Wednesday,02:30,San Antonio Spurs,Denver Nuggets,Denver Nuggets,San Antonio Spurs,115,112,227,3,Denver Nuggets,San Antonio Spurs,Home Win (115-112),115-112,Four 12-minute quarters / 48 min,No,Ball Arena,"Denver, CO",19155,Denver Nuggets team victory,"Denver Nuggets defeated San Antonio Spurs 115-112 in Regular Season at Ball Arena (Denver, CO).",SportsDataVerse hoopR / ESPN NBA Hidden API
1061,310323012,2010-2011,2010,Regular Season,Regular Season,2011-03-23,Wednesday,02:30,Washington Wizards,LA Clippers,LA Clippers,Washington Wizards,127,119,246,8,LA Clippers,Washington Wizards,Home Win (127-119),127-119,Four 12-minute quarters / 48 min,Yes,crypto.com Arena,"Los Angeles, CA",19060,LA Clippers team victory (OT),"LA Clippers edged Washington Wizards 127-119 in overtime at crypto.com Arena (Los Angeles, CA).",SportsDataVerse hoopR / ESPN NBA Hidden API
1062,310324006,2010-2011,2010,Regular Season,Regular Season,2011-03-24,Thursday,00:30,Minnesota Timberwolves,Dallas Mavericks,Dallas Mavericks,Minnesota Timberwolves,104,96,200,8,Dallas Mavericks,Minnesota Timberwolves,Home Win (104-96),104-96,Four 12-minute quarters / 48 min,No,American Airlines Center,"Dallas, TX",20296,Dallas Mavericks team victory,"Dallas Mavericks defeated Minnesota Timberwolves 104-96 in Regular Season at American Airlines Center (Dallas, TX).",SportsDataVerse hoopR / ESPN NBA Hidden API
1063,310324026,2010-2011,2010,Regular Season,Regular Season,2011-03-24,Thursday,01:00,New Orleans Hornets,Utah Jazz,Utah Jazz,New Orleans Hornets,117,121,238,4,New Orleans Hornets,Utah Jazz,Away Win (121-117),117-121,Four 12-minute quarters / 48 min,Yes,Vivint Arena,"Salt Lake City, UT",18840,New Orleans Hornets team victory (OT),"New Orleans Hornets edged Utah Jazz 121-117 in overtime at Vivint Arena (Salt Lake City, UT).",SportsDataVerse hoopR / ESPN NBA Hidden API
1064,310325011,2010-2011,2010,Regular Season,Regular Season,2011-03-25,Friday,23:00,Sacramento Kings,Indiana Pacers,Indiana Pacers,Sacramento Kings,93,110,203,17,Sacramento Kings,Indiana Pacers,Away Win (110-93),93-110,Four 12-minute quarters / 48 min,No,Gainbridge Fieldhouse,"Indianapolis, IN",13813,Sacramento Kings team victory,"Sacramento Kings defeated Indiana Pacers 110-93 in Regular Season at Gainbridge Fieldhouse (Indianapolis, IN).",SportsDataVerse hoopR / ESPN NBA Hidden API
1065,310325019,2010-2011,2010,Regular Season,Regular Season,2011-03-25,Friday,23:00,New Jersey Nets,Orlando Magic,Orlando Magic,New Jersey Nets,95,85,180,10,Orlando Magic,New Jersey Nets,Home Win (95-85),95-85,Four 12-minute quarters / 48 min,No,Amway Center,"Orlando, FL",19087,Orlando Magic team victory,"Orlando Magic defeated New Jersey Nets 95-85 in Regular Season at Amway Center (Orlando, FL).",SportsDataVerse hoopR / ESPN NBA Hidden API
1066,310325002,2010-2011,2010,Regular Season,Regular Season,2011-03-25,Friday,23:30,Charlotte Bobcats,Boston Celtics,Boston Celtics,Charlotte Bobcats,81,83,164,2,Charlotte Bobcats,Boston Celtics,Away Win (83-81),81-83,Four 12-minute quarters / 48 min,No,TD Garden,"Boston, MA",18624,Charlotte Bobcats team victory,"Charlotte Bobcats defeated Boston Celtics 83-81 in Regular Season at TD Garden (Boston, MA).",SportsDataVerse hoopR / ESPN NBA Hidden API
1067,310325005,2010-2011,2010,Regular Season,Regular Season,2011-03-25,Friday,23:30,Detroit Pistons,Cleveland Cavaliers,Cleveland Cavaliers,Detroit Pistons,97,91,188,6,Cleveland Cavaliers,Detroit Pistons,Home Win (97-91),97-91,Four 12-minute quarters / 48 min,No,Rocket Mortgage FieldHouse,"Cleveland, OH",19907,Cleveland Cavaliers team victory,"Cleveland Cavaliers defeated Detroit Pistons 97-91 in Regular Season at Rocket Mortgage FieldHouse (Cleveland, OH).",SportsDataVerse hoopR / ESPN NBA Hidden API
1068,310325014,2010-2011,2010,Regular Season,Regular Season,2011-03-25,Friday,23:30,Philadelphia 76ers,Miami Heat,Miami Heat,Philadelphia 76ers,111,99,210,12,Miami Heat,Philadelphia 76ers,Home Win (111-99),111-99,Four 12-minute quarters / 48 min,No,Kaseya Center,"Miami, FL",19840,Miami Heat team victory,"Miami Heat defeated Philadelphia 76ers 111-99 in Regular Season at Kaseya Center (Miami, FL).",SportsDataVerse hoopR / ESPN NBA Hidden API
1069,310325018,2010-2011,2010,Regular Season,Regular Season,2011-03-25,Friday,23:30,Milwaukee Bucks,New York Knicks,New York Knicks,Milwaukee Bucks,96,102,198,6,Milwaukee Bucks,New York Knicks,Away Win (102-96),96-102,Four 12-minute quarters / 48 min,No,Madison Square Garden,"New York, NY",19763,Milwaukee Bucks team victory,"Milwaukee Bucks defeated New York Knicks 102-96 in Regular Season at Madison Square Garden (New York, NY).",SportsDataVerse hoopR / ESPN NBA Hidden API
1070,310325004,2010-2011,2010,Regular Season,Regular Season,2011-03-25,Friday,00:00,Memphis Grizzlies,Chicago Bulls,Chicago Bulls,Memphis Grizzlies,99,96,195,3,Chicago Bulls,Memphis Grizzlies,Home Win (99-96),99-96,Four 12-minute quarters / 48 min,No,United Center,"Chicago, IL",22274,Chicago Bulls team victory,"Chicago Bulls defeated Memphis Grizzlies 99-96 in Regular Season at United Center (Chicago, IL).",SportsDataVerse hoopR / ESPN NBA Hidden API
1071,310325025,2010-2011,2010,Regular Season,Regular Season,2011-03-25,Friday,00:00,Minnesota Timberwolves,Oklahoma City Thunder,Oklahoma City Thunder,Minnesota Timberwolves,111,103,214,8,Oklahoma City Thunder,Minnesota Timberwolves,Home Win (111-103),111-103,Four 12-minute quarters / 48 min,No,Paycom Center,"Oklahoma City, OK",18203,Oklahoma City Thunder team victory,"Oklahoma City Thunder defeated Minnesota Timberwolves 111-103 in Regular Season at Paycom Center (Oklahoma City, OK).",SportsDataVerse hoopR / ESPN NBA Hidden API
1072,310325007,2010-2011,2010,Regular Season,Regular Season,2011-03-25,Friday,01:00,Washington Wizards,Denver Nuggets,Denver Nuggets,Washington Wizards,114,94,208,20,Denver Nuggets,Washington Wizards,Home Win (114-94),114-94,Four 12-minute quarters / 48 min,No,Ball Arena,"Denver, CO",19308,Denver Nuggets team victory,"Denver Nuggets defeated Washington Wizards 114-94 in Regular Season at Ball Arena (Denver, CO).",SportsDataVerse hoopR / ESPN NBA Hidden API
1073,310325021,2010-2011,2010,Regular Season,Regular Season,2011-03-25,Friday,02:00,New Orleans Hornets,Phoenix Suns,Phoenix Suns,New Orleans Hornets,100,106,206,6,New Orleans Hornets,Phoenix Suns,Away Win (106-100),100-106,Four 12-minute quarters / 48 min,No,Footprint Center,"Phoenix, AZ",18422,New Orleans Hornets team victory,"New Orleans Hornets defeated Phoenix Suns 106-100 in Regular Season at Footprint Center (Phoenix, AZ).",SportsDataVerse hoopR / ESPN NBA Hidden API
1074,310325022,2010-2011,2010,Regular Season,Regular Season,2011-03-25,Friday,02:00,San Antonio Spurs,Portland Trail Blazers,Portland Trail Blazers,San Antonio Spurs,98,96,194,2,Portland Trail Blazers,San Antonio Spurs,Home Win (98-96),98-96,Four 12-minute quarters / 48 min,No,Moda Center,"Portland, OR",20644,Portland Trail Blazers team victory,"Portland Trail Blazers defeated San Antonio Spurs 98-96 in Regular Season at Moda Center (Portland, OR).",SportsDataVerse hoopR / ESPN NBA Hidden API
1075,310325009,2010-2011,2010,Regular Season,Regular Season,2011-03-25,Friday,02:30,Toronto Raptors,Golden State Warriors,Golden State Warriors,Toronto Raptors,138,100,238,38,Golden State Warriors,Toronto Raptors,Home Win (138-100),138-100,Four 12-minute quarters / 48 min,No,ORACLE Arena,"Oakland, CA",17504,Golden State Warriors team victory,"Golden State Warriors defeated Toronto Raptors 138-100 in Regular Season at ORACLE Arena (Oakland, CA).",SportsDataVerse hoopR / ESPN NBA Hidden API
1076,310325013,2010-2011,2010,Regular Season,Regular Season,2011-03-25,Friday,02:30,LA Clippers,Los Angeles Lakers,Los Angeles Lakers,LA Clippers,112,104,216,8,Los Angeles Lakers,LA Clippers,Home Win (112-104),112-104,Four 12-minute quarters / 48 min,No,crypto.com Arena,"Los Angeles, CA",18997,Los Angeles Lakers team victory,"Los Angeles Lakers defeated LA Clippers 112-104 in Regular Season at crypto.com Arena (Los Angeles, CA).",SportsDataVerse hoopR / ESPN NBA Hidden API
1077,310326001,2010-2011,2010,Regular Season,Regular Season,2011-03-26,Saturday,23:00,New Jersey Nets,Atlanta Hawks,Atlanta Hawks,New Jersey Nets,98,87,185,11,Atlanta Hawks,New Jersey Nets,Home Win (98-87),98-87,Four 12-minute quarters / 48 min,No,State Farm Arena,"Atlanta, GA",17093,Atlanta Hawks team victory,"Atlanta Hawks defeated New Jersey Nets 98-87 in Regular Season at State Farm Arena (Atlanta, GA).",SportsDataVerse hoopR / ESPN NBA Hidden API
1078,310326030,2010-2011,2010,Regular Season,Regular Season,2011-03-26,Saturday,23:00,New York Knicks,Charlotte Bobcats,Charlotte Bobcats,New York Knicks,114,106,220,8,Charlotte Bobcats,New York Knicks,Home Win (114-106),114-106,Four 12-minute quarters / 48 min,No,Spectrum Center,"Charlotte, NC",19356,Charlotte Bobcats team victory,"Charlotte Bobcats defeated New York Knicks 114-106 in Regular Season at Spectrum Center (Charlotte, NC).",SportsDataVerse hoopR / ESPN NBA Hidden API
1079,310326008,2010-2011,2010,Regular Season,Regular Season,2011-03-26,Saturday,23:30,Indiana Pacers,Detroit Pistons,Detroit Pistons,Indiana Pacers,100,88,188,12,Detroit Pistons,Indiana Pacers,Home Win (100-88),100-88,Four 12-minute quarters / 48 min,No,The Palace of Auburn Hills,"Detroit, MI",19216,Detroit Pistons team victory,"Detroit Pistons defeated Indiana Pacers 100-88 in Regular Season at The Palace of Auburn Hills (Detroit, MI).",SportsDataVerse hoopR / ESPN NBA Hidden API
1080,310326015,2010-2011,2010,Regular Season,Regular Season,2011-03-26,Saturday,00:30,Chicago Bulls,Milwaukee Bucks,Milwaukee Bucks,Chicago Bulls,87,95,182,8,Chicago Bulls,Milwaukee Bucks,Away Win (95-87),87-95,Four 12-minute quarters / 48 min,No,BMO Harris Bradley Center,"Milwaukee, WI",18717,Chicago Bulls team victory,"Chicago Bulls defeated Milwaukee Bucks 95-87 in Regular Season at BMO Harris Bradley Center (Milwaukee, WI).",SportsDataVerse hoopR / ESPN NBA Hidden API
1081,310326026,2010-2011,2010,Regular Season,Regular Season,2011-03-26,Saturday,01:00,Dallas Mavericks,Utah Jazz,Utah Jazz,Dallas Mavericks,77,94,171,17,Dallas Mavericks,Utah Jazz,Away Win (94-77),77-94,Four 12-minute quarters / 48 min,No,Vivint Arena,"Salt Lake City, UT",19649,Dallas Mavericks team victory,"Dallas Mavericks defeated Utah Jazz 94-77 in Regular Season at Vivint Arena (Salt Lake City, UT).",SportsDataVerse hoopR / ESPN NBA Hidden API
1082,310326012,2010-2011,2010,Regular Season,Regular Season,2011-03-26,Saturday,02:30,Toronto Raptors,LA Clippers,LA Clippers,Toronto Raptors,94,90,184,4,LA Clippers,Toronto Raptors,Home Win (94-90),94-90,Four 12-minute quarters / 48 min,No,crypto.com Arena,"Los Angeles, CA",19060,LA Clippers team victory,"LA Clippers defeated Toronto Raptors 94-90 in Regular Season at crypto.com Arena (Los Angeles, CA).",SportsDataVerse hoopR / ESPN NBA Hidden API
1083,310327020,2010-2011,2010,Regular Season,Regular Season,2011-03-27,Sunday,16:00,Sacramento Kings,Philadelphia 76ers,Philadelphia 76ers,Sacramento Kings,111,114,225,3,Sacramento Kings,Philadelphia 76ers,Away Win (114-111),111-114,Four 12-minute quarters / 48 min,Yes,Wells Fargo Center,"Philadelphia, PA",16235,Sacramento Kings team victory (OT),"Sacramento Kings edged Philadelphia 76ers 114-111 in overtime at Wells Fargo Center (Philadelphia, PA).",SportsDataVerse hoopR / ESPN NBA Hidden API
1084,310327005,2010-2011,2010,Regular Season,Regular Season,2011-03-27,Sunday,22:00,Atlanta Hawks,Cleveland Cavaliers,Cleveland Cavaliers,Atlanta Hawks,83,99,182,16,Atlanta Hawks,Cleveland Cavaliers,Away Win (99-83),83-99,Four 12-minute quarters / 48 min,No,Rocket Mortgage FieldHouse,"Cleveland, OH",20226,Atlanta Hawks team victory,"Atlanta Hawks defeated Cleveland Cavaliers 99-83 in Regular Season at Rocket Mortgage FieldHouse (Cleveland, OH).",SportsDataVerse hoopR / ESPN NBA Hidden API
1085,310327014,2010-2011,2010,Regular Season,Regular Season,2011-03-27,Sunday,22:00,Houston Rockets,Miami Heat,Miami Heat,Houston Rockets,125,119,244,6,Miami Heat,Houston Rockets,Home Win (125-119),125-119,Four 12-minute quarters / 48 min,No,Kaseya Center,"Miami, FL",19825,Miami Heat team victory,"Miami Heat defeated Houston Rockets 125-119 in Regular Season at Kaseya Center (Miami, FL).",SportsDataVerse hoopR / ESPN NBA Hidden API
1086,310327029,2010-2011,2010,Regular Season,Regular Season,2011-03-27,Sunday,22:00,San Antonio Spurs,Memphis Grizzlies,Memphis Grizzlies,San Antonio Spurs,111,104,215,7,Memphis Grizzlies,San Antonio Spurs,Home Win (111-104),111-104,Four 12-minute quarters / 48 min,No,FedExForum,"Memphis, TN",17098,Memphis Grizzlies team victory,"Memphis Grizzlies defeated San Antonio Spurs 111-104 in Regular Season at FedExForum (Memphis, TN).",SportsDataVerse hoopR / ESPN NBA Hidden API
1087,310327016,2010-2011,2010,Regular Season,Regular Season,2011-03-27,Sunday,23:00,Boston Celtics,Minnesota Timberwolves,Minnesota Timberwolves,Boston Celtics,82,85,167,3,Boston Celtics,Minnesota Timberwolves,Away Win (85-82),82-85,Four 12-minute quarters / 48 min,No,Target Center,"Minneapolis, MN",19178,Boston Celtics team victory,"Boston Celtics defeated Minnesota Timberwolves 85-82 in Regular Season at Target Center (Minneapolis, MN).",SportsDataVerse hoopR / ESPN NBA Hidden API
1088,310327025,2010-2011,2010,Regular Season,Regular Season,2011-03-27,Sunday,00:00,Portland Trail Blazers,Oklahoma City Thunder,Oklahoma City Thunder,Portland Trail Blazers,99,90,189,9,Oklahoma City Thunder,Portland Trail Blazers,Home Win (99-90),99-90,Four 12-minute quarters / 48 min,No,Paycom Center,"Oklahoma City, OK",18203,Oklahoma City Thunder team victory,"Oklahoma City Thunder defeated Portland Trail Blazers 99-90 in Regular Season at Paycom Center (Oklahoma City, OK).",SportsDataVerse hoopR / ESPN NBA Hidden API
1089,310327009,2010-2011,2010,Regular Season,Regular Season,2011-03-27,Sunday,01:00,Washington Wizards,Golden State Warriors,Golden State Warriors,Washington Wizards,114,104,218,10,Golden State Warriors,Washington Wizards,Home Win (114-104),114-104,Four 12-minute quarters / 48 min,No,ORACLE Arena,"Oakland, CA",17723,Golden State Warriors team victory,"Golden State Warriors defeated Washington Wizards 114-104 in Regular Season at ORACLE Arena (Oakland, CA).",SportsDataVerse hoopR / ESPN NBA Hidden API
1090,310327013,2010-2011,2010,Regular Season,Regular Season,2011-03-27,Sunday,01:30,New Orleans Hornets,Los Angeles Lakers,Los Angeles Lakers,New Orleans Hornets,102,84,186,18,Los Angeles Lakers,New Orleans Hornets,Home Win (102-84),102-84,Four 12-minute quarters / 48 min,No,crypto.com Arena,"Los Angeles, CA",18997,Los Angeles Lakers team victory,"Los Angeles Lakers defeated New Orleans Hornets 102-84 in Regular Season at crypto.com Arena (Los Angeles, CA).",SportsDataVerse hoopR / ESPN NBA Hidden API
1091,310327021,2010-2011,2010,Regular Season,Regular Season,2011-03-27,Sunday,02:30,Dallas Mavericks,Phoenix Suns,Phoenix Suns,Dallas Mavericks,83,91,174,8,Dallas Mavericks,Phoenix Suns,Away Win (91-83),83-91,Four 12-minute quarters / 48 min,No,Footprint Center,"Phoenix, AZ",17314,Dallas Mavericks team victory,"Dallas Mavericks defeated Phoenix Suns 91-83 in Regular Season at Footprint Center (Phoenix, AZ).",SportsDataVerse hoopR / ESPN NBA Hidden API
1092,310328011,2010-2011,2010,Regular Season,Regular Season,2011-03-28,Monday,23:00,Boston Celtics,Indiana Pacers,Indiana Pacers,Boston Celtics,107,100,207,7,Indiana Pacers,Boston Celtics,Home Win (107-100),107-100,Four 12-minute quarters / 48 min,No,Gainbridge Fieldhouse,"Indianapolis, IN",15932,Indiana Pacers team victory,"Indiana Pacers defeated Boston Celtics 107-100 in Regular Season at Gainbridge Fieldhouse (Indianapolis, IN).",SportsDataVerse hoopR / ESPN NBA Hidden API
1093,310328030,2010-2011,2010,Regular Season,Regular Season,2011-03-28,Monday,23:00,Milwaukee Bucks,Charlotte Bobcats,Charlotte Bobcats,Milwaukee Bucks,87,86,173,1,Charlotte Bobcats,Milwaukee Bucks,Home Win (87-86),87-86,Four 12-minute quarters / 48 min,No,Spectrum Center,"Charlotte, NC",12368,Charlotte Bobcats team victory,"Charlotte Bobcats defeated Milwaukee Bucks 87-86 in Regular Season at Spectrum Center (Charlotte, NC).",SportsDataVerse hoopR / ESPN NBA Hidden API
1094,310328018,2010-2011,2010,Regular Season,Regular Season,2011-03-28,Monday,23:30,Orlando Magic,New York Knicks,New York Knicks,Orlando Magic,113,106,219,7,New York Knicks,Orlando Magic,Home Win (113-106),113-106,Four 12-minute quarters / 48 min,Yes,Madison Square Garden,"New York, NY",19763,New York Knicks team victory (OT),"New York Knicks edged Orlando Magic 113-106 in overtime at Madison Square Garden (New York, NY).",SportsDataVerse hoopR / ESPN NBA Hidden API
1095,310328004,2010-2011,2010,Regular Season,Regular Season,2011-03-28,Monday,00:00,Philadelphia 76ers,Chicago Bulls,Chicago Bulls,Philadelphia 76ers,85,97,182,12,Philadelphia 76ers,Chicago Bulls,Away Win (97-85),85-97,Four 12-minute quarters / 48 min,No,United Center,"Chicago, IL",22210,Philadelphia 76ers team victory,"Philadelphia 76ers defeated Chicago Bulls 97-85 in Regular Season at United Center (Chicago, IL).",SportsDataVerse hoopR / ESPN NBA Hidden API
1096,310328024,2010-2011,2010,Regular Season,Regular Season,2011-03-28,Monday,00:30,Portland Trail Blazers,San Antonio Spurs,San Antonio Spurs,Portland Trail Blazers,92,100,192,8,Portland Trail Blazers,San Antonio Spurs,Away Win (100-92),92-100,Four 12-minute quarters / 48 min,No,AT&T Center,"San Antonio, TX",18583,Portland Trail Blazers team victory,"Portland Trail Blazers defeated San Antonio Spurs 100-92 in Regular Season at AT&T Center (San Antonio, TX).",SportsDataVerse hoopR / ESPN NBA Hidden API
1097,310328026,2010-2011,2010,Regular Season,Regular Season,2011-03-28,Monday,01:00,Washington Wizards,Utah Jazz,Utah Jazz,Washington Wizards,95,100,195,5,Washington Wizards,Utah Jazz,Away Win (100-95),95-100,Four 12-minute quarters / 48 min,Yes,Vivint Arena,"Salt Lake City, UT",19724,Washington Wizards team victory (OT),"Washington Wizards edged Utah Jazz 100-95 in overtime at Vivint Arena (Salt Lake City, UT).",SportsDataVerse hoopR / ESPN NBA Hidden API
1098,310329005,2010-2011,2010,Regular Season,Regular Season,2011-03-29,Tuesday,23:00,Miami Heat,Cleveland Cavaliers,Cleveland Cavaliers,Miami Heat,102,90,192,12,Cleveland Cavaliers,Miami Heat,Home Win (102-90),102-90,Four 12-minute quarters / 48 min,No,Rocket Mortgage FieldHouse,"Cleveland, OH",20562,Cleveland Cavaliers team victory,"Cleveland Cavaliers defeated Miami Heat 102-90 in Regular Season at Rocket Mortgage FieldHouse (Cleveland, OH).",SportsDataVerse hoopR / ESPN NBA Hidden API
1099,310329017,2010-2011,2010,Regular Season,Regular Season,2011-03-29,Tuesday,23:00,Houston Rockets,New Jersey Nets,New Jersey Nets,Houston Rockets,87,112,199,25,Houston Rockets,New Jersey Nets,Away Win (112-87),87-112,Four 12-minute quarters / 48 min,No,Prudential Center,"Newark, NJ",13866,Houston Rockets team victory,"Houston Rockets defeated New Jersey Nets 112-87 in Regular Season at Prudential Center (Newark, NJ).",SportsDataVerse hoopR / ESPN NBA Hidden API
1100,310329025,2010-2011,2010,Regular Season,Regular Season,2011-03-29,Tuesday,00:00,Golden State Warriors,Oklahoma City Thunder,Oklahoma City Thunder,Golden State Warriors,115,114,229,1,Oklahoma City Thunder,Golden State Warriors,Home Win (115-114),115-114,Four 12-minute quarters / 48 min,Yes,Paycom Center,"Oklahoma City, OK",18203,Oklahoma City Thunder team victory (OT),"Oklahoma City Thunder edged Golden State Warriors 115-114 in overtime at Paycom Center (Oklahoma City, OK).",SportsDataVerse hoopR / ESPN NBA Hidden API
1101,310329023,2010-2011,2010,Regular Season,Regular Season,2011-03-29,Tuesday,02:00,Phoenix Suns,Sacramento Kings,Sacramento Kings,Phoenix Suns,116,113,229,3,Sacramento Kings,Phoenix Suns,Home Win (116-113),116-113,Four 12-minute quarters / 48 min,No,Sleep Train Arena,"Sacramento, CA",13774,Sacramento Kings team victory,"Sacramento Kings defeated Phoenix Suns 116-113 in Regular Season at Sleep Train Arena (Sacramento, CA).",SportsDataVerse hoopR / ESPN NBA Hidden API
1102,310330001,2010-2011,2010,Regular Season,Regular Season,2011-03-30,Wednesday,23:00,Orlando Magic,Atlanta Hawks,Atlanta Hawks,Orlando Magic,85,82,167,3,Atlanta Hawks,Orlando Magic,Home Win (85-82),85-82,Four 12-minute quarters / 48 min,No,State Farm Arena,"Atlanta, GA",15114,Atlanta Hawks team victory,"Atlanta Hawks defeated Orlando Magic 85-82 in Regular Season at State Farm Arena (Atlanta, GA).",SportsDataVerse hoopR / ESPN NBA Hidden API
1103,310330011,2010-2011,2010,Regular Season,Regular Season,2011-03-30,Wednesday,23:00,Detroit Pistons,Indiana Pacers,Indiana Pacers,Detroit Pistons,111,101,212,10,Indiana Pacers,Detroit Pistons,Home Win (111-101),111-101,Four 12-minute quarters / 48 min,No,Gainbridge Fieldhouse,"Indianapolis, IN",9390,Indiana Pacers team victory,"Indiana Pacers defeated Detroit Pistons 111-101 in Regular Season at Gainbridge Fieldhouse (Indianapolis, IN).",SportsDataVerse hoopR / ESPN NBA Hidden API
1104,310330020,2010-2011,2010,Regular Season,Regular Season,2011-03-30,Wednesday,23:00,Houston Rockets,Philadelphia 76ers,Philadelphia 76ers,Houston Rockets,108,97,205,11,Philadelphia 76ers,Houston Rockets,Home Win (108-97),108-97,Four 12-minute quarters / 48 min,No,Wells Fargo Center,"Philadelphia, PA",16635,Philadelphia 76ers team victory,"Philadelphia 76ers defeated Houston Rockets 108-97 in Regular Season at Wells Fargo Center (Philadelphia, PA).",SportsDataVerse hoopR / ESPN NBA Hidden API
1105,310330027,2010-2011,2010,Regular Season,Regular Season,2011-03-30,Wednesday,23:00,Miami Heat,Washington Wizards,Washington Wizards,Miami Heat,107,123,230,16,Miami Heat,Washington Wizards,Away Win (123-107),107-123,Four 12-minute quarters / 48 min,No,Capital One Arena,"Washington, DC",18916,Miami Heat team victory,"Miami Heat defeated Washington Wizards 123-107 in Regular Season at Capital One Arena (Washington, DC).",SportsDataVerse hoopR / ESPN NBA Hidden API
1106,310330028,2010-2011,2010,Regular Season,Regular Season,2011-03-30,Wednesday,23:00,Milwaukee Bucks,Toronto Raptors,Toronto Raptors,Milwaukee Bucks,98,104,202,6,Milwaukee Bucks,Toronto Raptors,Away Win (104-98),98-104,Four 12-minute quarters / 48 min,No,Scotiabank Arena,"Toronto, ON",15906,Milwaukee Bucks team victory,"Milwaukee Bucks defeated Toronto Raptors 104-98 in Regular Season at Scotiabank Arena (Toronto, ON).",SportsDataVerse hoopR / ESPN NBA Hidden API
1107,310330030,2010-2011,2010,Regular Season,Regular Season,2011-03-30,Wednesday,23:00,Cleveland Cavaliers,Charlotte Bobcats,Charlotte Bobcats,Cleveland Cavaliers,98,97,195,1,Charlotte Bobcats,Cleveland Cavaliers,Home Win (98-97),98-97,Four 12-minute quarters / 48 min,No,Spectrum Center,"Charlotte, NC",12584,Charlotte Bobcats team victory,"Charlotte Bobcats defeated Cleveland Cavaliers 98-97 in Regular Season at Spectrum Center (Charlotte, NC).",SportsDataVerse hoopR / ESPN NBA Hidden API
1108,310330018,2010-2011,2010,Regular Season,Regular Season,2011-03-30,Wednesday,23:30,New Jersey Nets,New York Knicks,New York Knicks,New Jersey Nets,120,116,236,4,New York Knicks,New Jersey Nets,Home Win (120-116),120-116,Four 12-minute quarters / 48 min,No,Madison Square Garden,"New York, NY",19763,New York Knicks team victory,"New York Knicks defeated New Jersey Nets 120-116 in Regular Season at Madison Square Garden (New York, NY).",SportsDataVerse hoopR / ESPN NBA Hidden API
1109,310330003,2010-2011,2010,Regular Season,Regular Season,2011-03-30,Wednesday,00:00,Portland Trail Blazers,New Orleans Hornets,New Orleans Hornets,Portland Trail Blazers,95,91,186,4,New Orleans Hornets,Portland Trail Blazers,Home Win (95-91),95-91,Four 12-minute quarters / 48 min,No,Smoothie King Center,"New Orleans, LA",12575,New Orleans Hornets team victory,"New Orleans Hornets defeated Portland Trail Blazers 95-91 in Regular Season at Smoothie King Center (New Orleans, LA).",SportsDataVerse hoopR / ESPN NBA Hidden API
1110,310330016,2010-2011,2010,Regular Season,Regular Season,2011-03-30,Wednesday,00:00,Chicago Bulls,Minnesota Timberwolves,Minnesota Timberwolves,Chicago Bulls,91,108,199,17,Chicago Bulls,Minnesota Timberwolves,Away Win (108-91),91-108,Four 12-minute quarters / 48 min,No,Target Center,"Minneapolis, MN",19207,Chicago Bulls team victory,"Chicago Bulls defeated Minnesota Timberwolves 108-91 in Regular Season at Target Center (Minneapolis, MN).",SportsDataVerse hoopR / ESPN NBA Hidden API
1111,310330029,2010-2011,2010,Regular Season,Regular Season,2011-03-30,Wednesday,00:00,Golden State Warriors,Memphis Grizzlies,Memphis Grizzlies,Golden State Warriors,110,91,201,19,Memphis Grizzlies,Golden State Warriors,Home Win (110-91),110-91,Four 12-minute quarters / 48 min,No,FedExForum,"Memphis, TN",13815,Memphis Grizzlies team victory,"Memphis Grizzlies defeated Golden State Warriors 110-91 in Regular Season at FedExForum (Memphis, TN).",SportsDataVerse hoopR / ESPN NBA Hidden API
1112,310330007,2010-2011,2010,Regular Season,Regular Season,2011-03-30,Wednesday,01:00,Sacramento Kings,Denver Nuggets,Denver Nuggets,Sacramento Kings,104,90,194,14,Denver Nuggets,Sacramento Kings,Home Win (104-90),104-90,Four 12-minute quarters / 48 min,No,Ball Arena,"Denver, CO",17955,Denver Nuggets team victory,"Denver Nuggets defeated Sacramento Kings 104-90 in Regular Season at Ball Arena (Denver, CO).",SportsDataVerse hoopR / ESPN NBA Hidden API
1113,310330021,2010-2011,2010,Regular Season,Regular Season,2011-03-30,Wednesday,02:00,Oklahoma City Thunder,Phoenix Suns,Phoenix Suns,Oklahoma City Thunder,98,116,214,18,Oklahoma City Thunder,Phoenix Suns,Away Win (116-98),98-116,Four 12-minute quarters / 48 min,No,Footprint Center,"Phoenix, AZ",18033,Oklahoma City Thunder team victory,"Oklahoma City Thunder defeated Phoenix Suns 116-98 in Regular Season at Footprint Center (Phoenix, AZ).",SportsDataVerse hoopR / ESPN NBA Hidden API
1114,310330012,2010-2011,2010,Regular Season,Regular Season,2011-03-30,Wednesday,02:30,Dallas Mavericks,LA Clippers,LA Clippers,Dallas Mavericks,100,106,206,6,Dallas Mavericks,LA Clippers,Away Win (106-100),100-106,Four 12-minute quarters / 48 min,No,crypto.com Arena,"Los Angeles, CA",19060,Dallas Mavericks team victory,"Dallas Mavericks defeated LA Clippers 106-100 in Regular Season at crypto.com Arena (Los Angeles, CA).",SportsDataVerse hoopR / ESPN NBA Hidden API
1115,310331024,2010-2011,2010,Regular Season,Regular Season,2011-03-31,Thursday,00:00,Boston Celtics,San Antonio Spurs,San Antonio Spurs,Boston Celtics,97,107,204,10,Boston Celtics,San Antonio Spurs,Away Win (107-97),97-107,Four 12-minute quarters / 48 min,No,AT&T Center,"San Antonio, TX",18583,Boston Celtics team victory,"Boston Celtics defeated San Antonio Spurs 107-97 in Regular Season at AT&T Center (San Antonio, TX).",SportsDataVerse hoopR / ESPN NBA Hidden API
1116,310331013,2010-2011,2010,Regular Season,Regular Season,2011-03-31,Thursday,02:30,Dallas Mavericks,Los Angeles Lakers,Los Angeles Lakers,Dallas Mavericks,110,82,192,28,Los Angeles Lakers,Dallas Mavericks,Home Win (110-82),110-82,Four 12-minute quarters / 48 min,No,crypto.com Arena,"Los Angeles, CA",18997,Los Angeles Lakers team victory,"Los Angeles Lakers defeated Dallas Mavericks 110-82 in Regular Season at crypto.com Arena (Los Angeles, CA).",SportsDataVerse hoopR / ESPN NBA Hidden API
1117,310401011,2010-2011,2010,Regular Season,Regular Season,2011-04-01,Friday,23:00,Milwaukee Bucks,Indiana Pacers,Indiana Pacers,Milwaukee Bucks,89,88,177,1,Indiana Pacers,Milwaukee Bucks,Home Win (89-88),89-88,Four 12-minute quarters / 48 min,No,Gainbridge Fieldhouse,"Indianapolis, IN",11177,Indiana Pacers team victory,"Indiana Pacers defeated Milwaukee Bucks 89-88 in Regular Season at Gainbridge Fieldhouse (Indianapolis, IN).",SportsDataVerse hoopR / ESPN NBA Hidden API
1118,310401019,2010-2011,2010,Regular Season,Regular Season,2011-04-01,Friday,23:00,Charlotte Bobcats,Orlando Magic,Orlando Magic,Charlotte Bobcats,89,77,166,12,Orlando Magic,Charlotte Bobcats,Home Win (89-77),89-77,Four 12-minute quarters / 48 min,No,Amway Center,"Orlando, FL",18969,Orlando Magic team victory,"Orlando Magic defeated Charlotte Bobcats 89-77 in Regular Season at Amway Center (Orlando, FL).",SportsDataVerse hoopR / ESPN NBA Hidden API
1119,310401020,2010-2011,2010,Regular Season,Regular Season,2011-04-01,Friday,23:00,New Jersey Nets,Philadelphia 76ers,Philadelphia 76ers,New Jersey Nets,115,90,205,25,Philadelphia 76ers,New Jersey Nets,Home Win (115-90),115-90,Four 12-minute quarters / 48 min,No,Wells Fargo Center,"Philadelphia, PA",16695,Philadelphia 76ers team victory,"Philadelphia 76ers defeated New Jersey Nets 115-90 in Regular Season at Wells Fargo Center (Philadelphia, PA).",SportsDataVerse hoopR / ESPN NBA Hidden API
1120,310401027,2010-2011,2010,Regular Season,Regular Season,2011-04-01,Friday,23:00,Cleveland Cavaliers,Washington Wizards,Washington Wizards,Cleveland Cavaliers,115,107,222,8,Washington Wizards,Cleveland Cavaliers,Home Win (115-107),115-107,Four 12-minute quarters / 48 min,No,Capital One Arena,"Washington, DC",17427,Washington Wizards team victory,"Washington Wizards defeated Cleveland Cavaliers 115-107 in Regular Season at Capital One Arena (Washington, DC).",SportsDataVerse hoopR / ESPN NBA Hidden API
1121,310401008,2010-2011,2010,Regular Season,Regular Season,2011-04-01,Friday,23:30,Chicago Bulls,Detroit Pistons,Detroit Pistons,Chicago Bulls,96,101,197,5,Chicago Bulls,Detroit Pistons,Away Win (101-96),96-101,Four 12-minute quarters / 48 min,No,The Palace of Auburn Hills,"Detroit, MI",22076,Chicago Bulls team victory,"Chicago Bulls defeated Detroit Pistons 101-96 in Regular Season at The Palace of Auburn Hills (Detroit, MI).",SportsDataVerse hoopR / ESPN NBA Hidden API
1122,310401001,2010-2011,2010,Regular Season,Regular Season,2011-04-01,Friday,00:00,Boston Celtics,Atlanta Hawks,Atlanta Hawks,Boston Celtics,88,83,171,5,Atlanta Hawks,Boston Celtics,Home Win (88-83),88-83,Four 12-minute quarters / 48 min,No,State Farm Arena,"Atlanta, GA",19763,Atlanta Hawks team victory,"Atlanta Hawks defeated Boston Celtics 88-83 in Regular Season at State Farm Arena (Atlanta, GA).",SportsDataVerse hoopR / ESPN NBA Hidden API
1123,310401003,2010-2011,2010,Regular Season,Regular Season,2011-04-01,Friday,00:00,Memphis Grizzlies,New Orleans Hornets,New Orleans Hornets,Memphis Grizzlies,81,93,174,12,Memphis Grizzlies,New Orleans Hornets,Away Win (93-81),81-93,Four 12-minute quarters / 48 min,No,Smoothie King Center,"New Orleans, LA",16561,Memphis Grizzlies team victory,"Memphis Grizzlies defeated New Orleans Hornets 93-81 in Regular Season at Smoothie King Center (New Orleans, LA).",SportsDataVerse hoopR / ESPN NBA Hidden API
1124,310401016,2010-2011,2010,Regular Season,Regular Season,2011-04-01,Friday,00:00,Miami Heat,Minnesota Timberwolves,Minnesota Timberwolves,Miami Heat,92,111,203,19,Miami Heat,Minnesota Timberwolves,Away Win (111-92),92-111,Four 12-minute quarters / 48 min,No,Target Center,"Minneapolis, MN",19096,Miami Heat team victory,"Miami Heat defeated Minnesota Timberwolves 111-92 in Regular Season at Target Center (Minneapolis, MN).",SportsDataVerse hoopR / ESPN NBA Hidden API
1125,310401010,2010-2011,2010,Regular Season,Regular Season,2011-04-01,Friday,00:30,San Antonio Spurs,Houston Rockets,Houston Rockets,San Antonio Spurs,119,114,233,5,Houston Rockets,San Antonio Spurs,Home Win (119-114),119-114,Four 12-minute quarters / 48 min,Yes,Toyota Center (Houston),"Houston, TX",18059,Houston Rockets team victory (OT),"Houston Rockets edged San Antonio Spurs 119-114 in overtime at Toyota Center (Houston) (Houston, TX).",SportsDataVerse hoopR / ESPN NBA Hidden API
1126,310401021,2010-2011,2010,Regular Season,Regular Season,2011-04-01,Friday,02:00,LA Clippers,Phoenix Suns,Phoenix Suns,LA Clippers,111,98,209,13,Phoenix Suns,LA Clippers,Home Win (111-98),111-98,Four 12-minute quarters / 48 min,No,Footprint Center,"Phoenix, AZ",18422,Phoenix Suns team victory,"Phoenix Suns defeated LA Clippers 111-98 in Regular Season at Footprint Center (Phoenix, AZ).",SportsDataVerse hoopR / ESPN NBA Hidden API
1127,310401022,2010-2011,2010,Regular Season,Regular Season,2011-04-01,Friday,02:00,Oklahoma City Thunder,Portland Trail Blazers,Portland Trail Blazers,Oklahoma City Thunder,98,91,189,7,Portland Trail Blazers,Oklahoma City Thunder,Home Win (98-91),98-91,Four 12-minute quarters / 48 min,No,Moda Center,"Portland, OR",20709,Portland Trail Blazers team victory,"Portland Trail Blazers defeated Oklahoma City Thunder 98-91 in Regular Season at Moda Center (Portland, OR).",SportsDataVerse hoopR / ESPN NBA Hidden API
1128,310401023,2010-2011,2010,Regular Season,Regular Season,2011-04-01,Friday,02:00,Denver Nuggets,Sacramento Kings,Sacramento Kings,Denver Nuggets,90,99,189,9,Denver Nuggets,Sacramento Kings,Away Win (99-90),90-99,Four 12-minute quarters / 48 min,No,Sleep Train Arena,"Sacramento, CA",15871,Denver Nuggets team victory,"Denver Nuggets defeated Sacramento Kings 99-90 in Regular Season at Sleep Train Arena (Sacramento, CA).",SportsDataVerse hoopR / ESPN NBA Hidden API
1129,310401026,2010-2011,2010,Regular Season,Regular Season,2011-04-01,Friday,02:30,Los Angeles Lakers,Utah Jazz,Utah Jazz,Los Angeles Lakers,85,96,181,11,Los Angeles Lakers,Utah Jazz,Away Win (96-85),85-96,Four 12-minute quarters / 48 min,No,Vivint Arena,"Salt Lake City, UT",19911,Los Angeles Lakers team victory,"Los Angeles Lakers defeated Utah Jazz 96-85 in Regular Season at Vivint Arena (Salt Lake City, UT).",SportsDataVerse hoopR / ESPN NBA Hidden API
1130,310402004,2010-2011,2010,Regular Season,Regular Season,2011-04-02,Saturday,00:00,Toronto Raptors,Chicago Bulls,Chicago Bulls,Toronto Raptors,113,106,219,7,Chicago Bulls,Toronto Raptors,Home Win (113-106),113-106,Four 12-minute quarters / 48 min,No,United Center,"Chicago, IL",22228,Chicago Bulls team victory,"Chicago Bulls defeated Toronto Raptors 113-106 in Regular Season at United Center (Chicago, IL).",SportsDataVerse hoopR / ESPN NBA Hidden API
1131,310402029,2010-2011,2010,Regular Season,Regular Season,2011-04-02,Saturday,00:00,Minnesota Timberwolves,Memphis Grizzlies,Memphis Grizzlies,Minnesota Timberwolves,106,89,195,17,Memphis Grizzlies,Minnesota Timberwolves,Home Win (106-89),106-89,Four 12-minute quarters / 48 min,No,FedExForum,"Memphis, TN",15327,Memphis Grizzlies team victory,"Memphis Grizzlies defeated Minnesota Timberwolves 106-89 in Regular Season at FedExForum (Memphis, TN).",SportsDataVerse hoopR / ESPN NBA Hidden API
1132,310402015,2010-2011,2010,Regular Season,Regular Season,2011-04-02,Saturday,00:30,Philadelphia 76ers,Milwaukee Bucks,Milwaukee Bucks,Philadelphia 76ers,93,87,180,6,Milwaukee Bucks,Philadelphia 76ers,Home Win (93-87),93-87,Four 12-minute quarters / 48 min,Yes,BMO Harris Bradley Center,"Milwaukee, WI",17079,Milwaukee Bucks team victory (OT),"Milwaukee Bucks edged Philadelphia 76ers 93-87 in overtime at BMO Harris Bradley Center (Milwaukee, WI).",SportsDataVerse hoopR / ESPN NBA Hidden API
1133,310402009,2010-2011,2010,Regular Season,Regular Season,2011-04-02,Saturday,02:30,Dallas Mavericks,Golden State Warriors,Golden State Warriors,Dallas Mavericks,99,92,191,7,Golden State Warriors,Dallas Mavericks,Home Win (99-92),99-92,Four 12-minute quarters / 48 min,No,ORACLE Arena,"Oakland, CA",18128,Golden State Warriors team victory,"Golden State Warriors defeated Dallas Mavericks 99-92 in Regular Season at ORACLE Arena (Oakland, CA).",SportsDataVerse hoopR / ESPN NBA Hidden API
1134,310402012,2010-2011,2010,Regular Season,Regular Season,2011-04-02,Saturday,02:30,Oklahoma City Thunder,LA Clippers,LA Clippers,Oklahoma City Thunder,98,92,190,6,LA Clippers,Oklahoma City Thunder,Home Win (98-92),98-92,Four 12-minute quarters / 48 min,No,crypto.com Arena,"Los Angeles, CA",19060,LA Clippers team victory,"LA Clippers defeated Oklahoma City Thunder 98-92 in Regular Season at crypto.com Arena (Los Angeles, CA).",SportsDataVerse hoopR / ESPN NBA Hidden API
1135,310403024,2010-2011,2010,Regular Season,Regular Season,2011-04-03,Sunday,17:00,Phoenix Suns,San Antonio Spurs,San Antonio Spurs,Phoenix Suns,114,97,211,17,San Antonio Spurs,Phoenix Suns,Home Win (114-97),114-97,Four 12-minute quarters / 48 min,No,AT&T Center,"San Antonio, TX",18581,San Antonio Spurs team victory,"San Antonio Spurs defeated Phoenix Suns 114-97 in Regular Season at AT&T Center (San Antonio, TX).",SportsDataVerse hoopR / ESPN NBA Hidden API
1136,310403013,2010-2011,2010,Regular Season,Regular Season,2011-04-03,Sunday,19:30,Denver Nuggets,Los Angeles Lakers,Los Angeles Lakers,Denver Nuggets,90,95,185,5,Denver Nuggets,Los Angeles Lakers,Away Win (95-90),90-95,Four 12-minute quarters / 48 min,No,crypto.com Arena,"Los Angeles, CA",18997,Denver Nuggets team victory,"Denver Nuggets defeated Los Angeles Lakers 95-90 in Regular Season at crypto.com Arena (Los Angeles, CA).",SportsDataVerse hoopR / ESPN NBA Hidden API
1137,310403002,2010-2011,2010,Regular Season,Regular Season,2011-04-03,Sunday,22:00,Detroit Pistons,Boston Celtics,Boston Celtics,Detroit Pistons,101,90,191,11,Boston Celtics,Detroit Pistons,Home Win (101-90),101-90,Four 12-minute quarters / 48 min,No,TD Garden,"Boston, MA",18624,Boston Celtics team victory,"Boston Celtics defeated Detroit Pistons 101-90 in Regular Season at TD Garden (Boston, MA).",SportsDataVerse hoopR / ESPN NBA Hidden API
1138,310403017,2010-2011,2010,Regular Season,Regular Season,2011-04-03,Sunday,22:00,Miami Heat,New Jersey Nets,New Jersey Nets,Miami Heat,94,108,202,14,Miami Heat,New Jersey Nets,Away Win (108-94),94-108,Four 12-minute quarters / 48 min,No,Prudential Center,"Newark, NJ",18711,Miami Heat team victory,"Miami Heat defeated New Jersey Nets 108-94 in Regular Season at Prudential Center (Newark, NJ).",SportsDataVerse hoopR / ESPN NBA Hidden API
1139,310403018,2010-2011,2010,Regular Season,Regular Season,2011-04-03,Sunday,22:00,Cleveland Cavaliers,New York Knicks,New York Knicks,Cleveland Cavaliers,123,107,230,16,New York Knicks,Cleveland Cavaliers,Home Win (123-107),123-107,Four 12-minute quarters / 48 min,No,Madison Square Garden,"New York, NY",19763,New York Knicks team victory,"New York Knicks defeated Cleveland Cavaliers 123-107 in Regular Season at Madison Square Garden (New York, NY).",SportsDataVerse hoopR / ESPN NBA Hidden API
1140,310403023,2010-2011,2010,Regular Season,Regular Season,2011-04-03,Sunday,22:00,Utah Jazz,Sacramento Kings,Sacramento Kings,Utah Jazz,106,97,203,9,Sacramento Kings,Utah Jazz,Home Win (106-97),106-97,Four 12-minute quarters / 48 min,No,Sleep Train Arena,"Sacramento, CA",17215,Sacramento Kings team victory,"Sacramento Kings defeated Utah Jazz 106-97 in Regular Season at Sleep Train Arena (Sacramento, CA).",SportsDataVerse hoopR / ESPN NBA Hidden API
1141,310403028,2010-2011,2010,Regular Season,Regular Season,2011-04-03,Sunday,22:00,Orlando Magic,Toronto Raptors,Toronto Raptors,Orlando Magic,102,98,200,4,Toronto Raptors,Orlando Magic,Home Win (102-98),102-98,Four 12-minute quarters / 48 min,No,Scotiabank Arena,"Toronto, ON",19800,Toronto Raptors team victory,"Toronto Raptors defeated Orlando Magic 102-98 in Regular Season at Scotiabank Arena (Toronto, ON).",SportsDataVerse hoopR / ESPN NBA Hidden API
1142,310403030,2010-2011,2010,Regular Season,Regular Season,2011-04-03,Sunday,22:00,Washington Wizards,Charlotte Bobcats,Charlotte Bobcats,Washington Wizards,91,97,188,6,Washington Wizards,Charlotte Bobcats,Away Win (97-91),91-97,Four 12-minute quarters / 48 min,No,Spectrum Center,"Charlotte, NC",16444,Washington Wizards team victory,"Washington Wizards defeated Charlotte Bobcats 97-91 in Regular Season at Spectrum Center (Charlotte, NC).",SportsDataVerse hoopR / ESPN NBA Hidden API
1143,310403003,2010-2011,2010,Regular Season,Regular Season,2011-04-03,Sunday,23:00,Indiana Pacers,New Orleans Hornets,New Orleans Hornets,Indiana Pacers,108,96,204,12,New Orleans Hornets,Indiana Pacers,Home Win (108-96),108-96,Four 12-minute quarters / 48 min,No,Smoothie King Center,"New Orleans, LA",13898,New Orleans Hornets team victory,"New Orleans Hornets defeated Indiana Pacers 108-96 in Regular Season at Smoothie King Center (New Orleans, LA).",SportsDataVerse hoopR / ESPN NBA Hidden API
1144,310403010,2010-2011,2010,Regular Season,Regular Season,2011-04-03,Sunday,23:00,Atlanta Hawks,Houston Rockets,Houston Rockets,Atlanta Hawks,114,109,223,5,Houston Rockets,Atlanta Hawks,Home Win (114-109),114-109,Four 12-minute quarters / 48 min,No,Toyota Center (Houston),"Houston, TX",15993,Houston Rockets team victory,"Houston Rockets defeated Atlanta Hawks 114-109 in Regular Season at Toyota Center (Houston) (Houston, TX).",SportsDataVerse hoopR / ESPN NBA Hidden API
1145,310403022,2010-2011,2010,Regular Season,Regular Season,2011-04-03,Sunday,01:00,Dallas Mavericks,Portland Trail Blazers,Portland Trail Blazers,Dallas Mavericks,104,96,200,8,Portland Trail Blazers,Dallas Mavericks,Home Win (104-96),104-96,Four 12-minute quarters / 48 min,No,Moda Center,"Portland, OR",20534,Portland Trail Blazers team victory,"Portland Trail Blazers defeated Dallas Mavericks 104-96 in Regular Season at Moda Center (Portland, OR).",SportsDataVerse hoopR / ESPN NBA Hidden API
1146,310405001,2010-2011,2010,Regular Season,Regular Season,2011-04-05,Tuesday,23:00,San Antonio Spurs,Atlanta Hawks,Atlanta Hawks,San Antonio Spurs,90,97,187,7,San Antonio Spurs,Atlanta Hawks,Away Win (97-90),90-97,Four 12-minute quarters / 48 min,No,State Farm Arena,"Atlanta, GA",17277,San Antonio Spurs team victory,"San Antonio Spurs defeated Atlanta Hawks 97-90 in Regular Season at State Farm Arena (Atlanta, GA).",SportsDataVerse hoopR / ESPN NBA Hidden API
1147,310405005,2010-2011,2010,Regular Season,Regular Season,2011-04-05,Tuesday,23:00,Charlotte Bobcats,Cleveland Cavaliers,Cleveland Cavaliers,Charlotte Bobcats,99,89,188,10,Cleveland Cavaliers,Charlotte Bobcats,Home Win (99-89),99-89,Four 12-minute quarters / 48 min,No,Rocket Mortgage FieldHouse,"Cleveland, OH",19835,Cleveland Cavaliers team victory,"Cleveland Cavaliers defeated Charlotte Bobcats 99-89 in Regular Season at Rocket Mortgage FieldHouse (Cleveland, OH).",SportsDataVerse hoopR / ESPN NBA Hidden API
1148,310405017,2010-2011,2010,Regular Season,Regular Season,2011-04-05,Tuesday,23:00,Minnesota Timberwolves,New Jersey Nets,New Jersey Nets,Minnesota Timberwolves,107,105,212,2,New Jersey Nets,Minnesota Timberwolves,Home Win (107-105),107-105,Four 12-minute quarters / 48 min,No,Prudential Center,"Newark, NJ",13461,New Jersey Nets team victory,"New Jersey Nets defeated Minnesota Timberwolves 107-105 in Regular Season at Prudential Center (Newark, NJ).",SportsDataVerse hoopR / ESPN NBA Hidden API
1149,310405019,2010-2011,2010,Regular Season,Regular Season,2011-04-05,Tuesday,23:00,Milwaukee Bucks,Orlando Magic,Orlando Magic,Milwaukee Bucks,78,72,150,6,Orlando Magic,Milwaukee Bucks,Home Win (78-72),78-72,Four 12-minute quarters / 48 min,No,Amway Center,"Orlando, FL",18996,Orlando Magic team victory,"Orlando Magic defeated Milwaukee Bucks 78-72 in Regular Season at Amway Center (Orlando, FL).",SportsDataVerse hoopR / ESPN NBA Hidden API
1150,310405027,2010-2011,2010,Regular Season,Regular Season,2011-04-05,Tuesday,23:00,Detroit Pistons,Washington Wizards,Washington Wizards,Detroit Pistons,107,105,212,2,Washington Wizards,Detroit Pistons,Home Win (107-105),107-105,Four 12-minute quarters / 48 min,No,Capital One Arena,"Washington, DC",18131,Washington Wizards team victory,"Washington Wizards defeated Detroit Pistons 107-105 in Regular Season at Capital One Arena (Washington, DC).",SportsDataVerse hoopR / ESPN NBA Hidden API
1151,310405002,2010-2011,2010,Regular Season,Regular Season,2011-04-05,Tuesday,23:30,Philadelphia 76ers,Boston Celtics,Boston Celtics,Philadelphia 76ers,99,82,181,17,Boston Celtics,Philadelphia 76ers,Home Win (99-82),99-82,Four 12-minute quarters / 48 min,No,TD Garden,"Boston, MA",18624,Boston Celtics team victory,"Boston Celtics defeated Philadelphia 76ers 99-82 in Regular Season at TD Garden (Boston, MA).",SportsDataVerse hoopR / ESPN NBA Hidden API
1152,310405018,2010-2011,2010,Regular Season,Regular Season,2011-04-05,Tuesday,23:30,Toronto Raptors,New York Knicks,New York Knicks,Toronto Raptors,131,118,249,13,New York Knicks,Toronto Raptors,Home Win (131-118),131-118,Four 12-minute quarters / 48 min,No,Madison Square Garden,"New York, NY",19763,New York Knicks team victory,"New York Knicks defeated Toronto Raptors 131-118 in Regular Season at Madison Square Garden (New York, NY).",SportsDataVerse hoopR / ESPN NBA Hidden API
1153,310405004,2010-2011,2010,Regular Season,Regular Season,2011-04-05,Tuesday,00:00,Phoenix Suns,Chicago Bulls,Chicago Bulls,Phoenix Suns,97,94,191,3,Chicago Bulls,Phoenix Suns,Home Win (97-94),97-94,Four 12-minute quarters / 48 min,No,United Center,"Chicago, IL",21873,Chicago Bulls team victory,"Chicago Bulls defeated Phoenix Suns 97-94 in Regular Season at United Center (Chicago, IL).",SportsDataVerse hoopR / ESPN NBA Hidden API
1154,310405029,2010-2011,2010,Regular Season,Regular Season,2011-04-05,Tuesday,00:00,LA Clippers,Memphis Grizzlies,Memphis Grizzlies,LA Clippers,81,82,163,1,LA Clippers,Memphis Grizzlies,Away Win (82-81),81-82,Four 12-minute quarters / 48 min,No,FedExForum,"Memphis, TN",15433,LA Clippers team victory,"LA Clippers defeated Memphis Grizzlies 82-81 in Regular Season at FedExForum (Memphis, TN).",SportsDataVerse hoopR / ESPN NBA Hidden API
1155,310405010,2010-2011,2010,Regular Season,Regular Season,2011-04-05,Tuesday,00:30,Sacramento Kings,Houston Rockets,Houston Rockets,Sacramento Kings,101,104,205,3,Sacramento Kings,Houston Rockets,Away Win (104-101),101-104,Four 12-minute quarters / 48 min,No,Toyota Center (Houston),"Houston, TX",15523,Sacramento Kings team victory,"Sacramento Kings defeated Houston Rockets 104-101 in Regular Season at Toyota Center (Houston) (Houston, TX).",SportsDataVerse hoopR / ESPN NBA Hidden API
1156,310405007,2010-2011,2010,Regular Season,Regular Season,2011-04-05,Tuesday,01:00,Oklahoma City Thunder,Denver Nuggets,Denver Nuggets,Oklahoma City Thunder,94,101,195,7,Oklahoma City Thunder,Denver Nuggets,Away Win (101-94),94-101,Four 12-minute quarters / 48 min,No,Ball Arena,"Denver, CO",18203,Oklahoma City Thunder team victory,"Oklahoma City Thunder defeated Denver Nuggets 101-94 in Regular Season at Ball Arena (Denver, CO).",SportsDataVerse hoopR / ESPN NBA Hidden API
1157,310405022,2010-2011,2010,Regular Season,Regular Season,2011-04-05,Tuesday,02:00,Golden State Warriors,Portland Trail Blazers,Portland Trail Blazers,Golden State Warriors,87,108,195,21,Golden State Warriors,Portland Trail Blazers,Away Win (108-87),87-108,Four 12-minute quarters / 48 min,No,Moda Center,"Portland, OR",20551,Golden State Warriors team victory,"Golden State Warriors defeated Portland Trail Blazers 108-87 in Regular Season at Moda Center (Portland, OR).",SportsDataVerse hoopR / ESPN NBA Hidden API
1158,310405013,2010-2011,2010,Regular Season,Regular Season,2011-04-05,Tuesday,02:30,Utah Jazz,Los Angeles Lakers,Los Angeles Lakers,Utah Jazz,85,86,171,1,Utah Jazz,Los Angeles Lakers,Away Win (86-85),85-86,Four 12-minute quarters / 48 min,No,crypto.com Arena,"Los Angeles, CA",18997,Utah Jazz team victory,"Utah Jazz defeated Los Angeles Lakers 86-85 in Regular Season at crypto.com Arena (Los Angeles, CA).",SportsDataVerse hoopR / ESPN NBA Hidden API
1159,310406011,2010-2011,2010,Regular Season,Regular Season,2011-04-06,Wednesday,23:00,Washington Wizards,Indiana Pacers,Indiana Pacers,Washington Wizards,136,112,248,24,Indiana Pacers,Washington Wizards,Home Win (136-112),136-112,Four 12-minute quarters / 48 min,No,Gainbridge Fieldhouse,"Indianapolis, IN",14222,Indiana Pacers team victory,"Indiana Pacers defeated Washington Wizards 136-112 in Regular Season at Gainbridge Fieldhouse (Indianapolis, IN).",SportsDataVerse hoopR / ESPN NBA Hidden API
1160,310406020,2010-2011,2010,Regular Season,Regular Season,2011-04-06,Wednesday,23:00,New York Knicks,Philadelphia 76ers,Philadelphia 76ers,New York Knicks,92,97,189,5,New York Knicks,Philadelphia 76ers,Away Win (97-92),92-97,Four 12-minute quarters / 48 min,No,Wells Fargo Center,"Philadelphia, PA",18375,New York Knicks team victory,"New York Knicks defeated Philadelphia 76ers 97-92 in Regular Season at Wells Fargo Center (Philadelphia, PA).",SportsDataVerse hoopR / ESPN NBA Hidden API
1161,310406028,2010-2011,2010,Regular Season,Regular Season,2011-04-06,Wednesday,23:00,Cleveland Cavaliers,Toronto Raptors,Toronto Raptors,Cleveland Cavaliers,96,104,200,8,Cleveland Cavaliers,Toronto Raptors,Away Win (104-96),96-104,Four 12-minute quarters / 48 min,No,Scotiabank Arena,"Toronto, ON",14886,Cleveland Cavaliers team victory,"Cleveland Cavaliers defeated Toronto Raptors 104-96 in Regular Season at Scotiabank Arena (Toronto, ON).",SportsDataVerse hoopR / ESPN NBA Hidden API
1162,310406030,2010-2011,2010,Regular Season,Regular Season,2011-04-06,Wednesday,23:00,Orlando Magic,Charlotte Bobcats,Charlotte Bobcats,Orlando Magic,102,111,213,9,Orlando Magic,Charlotte Bobcats,Away Win (111-102),102-111,Four 12-minute quarters / 48 min,Yes,Spectrum Center,"Charlotte, NC",16234,Orlando Magic team victory (OT),"Orlando Magic edged Charlotte Bobcats 111-102 in overtime at Spectrum Center (Charlotte, NC).",SportsDataVerse hoopR / ESPN NBA Hidden API
1163,310406008,2010-2011,2010,Regular Season,Regular Season,2011-04-06,Wednesday,23:30,New Jersey Nets,Detroit Pistons,Detroit Pistons,New Jersey Nets,116,109,225,7,Detroit Pistons,New Jersey Nets,Home Win (116-109),116-109,Four 12-minute quarters / 48 min,No,The Palace of Auburn Hills,"Detroit, MI",14554,Detroit Pistons team victory,"Detroit Pistons defeated New Jersey Nets 116-109 in Regular Season at The Palace of Auburn Hills (Detroit, MI).",SportsDataVerse hoopR / ESPN NBA Hidden API
1164,310406003,2010-2011,2010,Regular Season,Regular Season,2011-04-06,Wednesday,00:00,Houston Rockets,New Orleans Hornets,New Orleans Hornets,Houston Rockets,101,93,194,8,New Orleans Hornets,Houston Rockets,Home Win (101-93),101-93,Four 12-minute quarters / 48 min,No,Smoothie King Center,"New Orleans, LA",12728,New Orleans Hornets team victory,"New Orleans Hornets defeated Houston Rockets 101-93 in Regular Season at Smoothie King Center (New Orleans, LA).",SportsDataVerse hoopR / ESPN NBA Hidden API
1165,310406014,2010-2011,2010,Regular Season,Regular Season,2011-04-06,Wednesday,00:00,Milwaukee Bucks,Miami Heat,Miami Heat,Milwaukee Bucks,85,90,175,5,Milwaukee Bucks,Miami Heat,Away Win (90-85),85-90,Four 12-minute quarters / 48 min,No,Kaseya Center,"Miami, FL",20017,Milwaukee Bucks team victory,"Milwaukee Bucks defeated Miami Heat 90-85 in Regular Season at Kaseya Center (Miami, FL).",SportsDataVerse hoopR / ESPN NBA Hidden API
1166,310406016,2010-2011,2010,Regular Season,Regular Season,2011-04-06,Wednesday,00:00,Phoenix Suns,Minnesota Timberwolves,Minnesota Timberwolves,Phoenix Suns,98,108,206,10,Phoenix Suns,Minnesota Timberwolves,Away Win (108-98),98-108,Four 12-minute quarters / 48 min,No,Target Center,"Minneapolis, MN",16113,Phoenix Suns team victory,"Phoenix Suns defeated Minnesota Timberwolves 108-98 in Regular Season at Target Center (Minneapolis, MN).",SportsDataVerse hoopR / ESPN NBA Hidden API
1167,310406025,2010-2011,2010,Regular Season,Regular Season,2011-04-06,Wednesday,00:00,LA Clippers,Oklahoma City Thunder,Oklahoma City Thunder,LA Clippers,112,108,220,4,Oklahoma City Thunder,LA Clippers,Home Win (112-108),112-108,Four 12-minute quarters / 48 min,No,Paycom Center,"Oklahoma City, OK",18203,Oklahoma City Thunder team victory,"Oklahoma City Thunder defeated LA Clippers 112-108 in Regular Season at Paycom Center (Oklahoma City, OK).",SportsDataVerse hoopR / ESPN NBA Hidden API
1168,310406006,2010-2011,2010,Regular Season,Regular Season,2011-04-06,Wednesday,00:30,Denver Nuggets,Dallas Mavericks,Dallas Mavericks,Denver Nuggets,96,104,200,8,Denver Nuggets,Dallas Mavericks,Away Win (104-96),96-104,Four 12-minute quarters / 48 min,No,American Airlines Center,"Dallas, TX",20364,Denver Nuggets team victory,"Denver Nuggets defeated Dallas Mavericks 104-96 in Regular Season at American Airlines Center (Dallas, TX).",SportsDataVerse hoopR / ESPN NBA Hidden API
1169,310406024,2010-2011,2010,Regular Season,Regular Season,2011-04-06,Wednesday,00:30,Sacramento Kings,San Antonio Spurs,San Antonio Spurs,Sacramento Kings,124,92,216,32,San Antonio Spurs,Sacramento Kings,Home Win (124-92),124-92,Four 12-minute quarters / 48 min,No,AT&T Center,"San Antonio, TX",18590,San Antonio Spurs team victory,"San Antonio Spurs defeated Sacramento Kings 124-92 in Regular Season at AT&T Center (San Antonio, TX).",SportsDataVerse hoopR / ESPN NBA Hidden API
1170,310406009,2010-2011,2010,Regular Season,Regular Season,2011-04-06,Wednesday,02:30,Los Angeles Lakers,Golden State Warriors,Golden State Warriors,Los Angeles Lakers,95,87,182,8,Golden State Warriors,Los Angeles Lakers,Home Win (95-87),95-87,Four 12-minute quarters / 48 min,No,ORACLE Arena,"Oakland, CA",20024,Golden State Warriors team victory,"Golden State Warriors defeated Los Angeles Lakers 95-87 in Regular Season at ORACLE Arena (Oakland, CA).",SportsDataVerse hoopR / ESPN NBA Hidden API
1171,310407004,2010-2011,2010,Regular Season,Regular Season,2011-04-07,Thursday,00:00,Boston Celtics,Chicago Bulls,Chicago Bulls,Boston Celtics,97,81,178,16,Chicago Bulls,Boston Celtics,Home Win (97-81),97-81,Four 12-minute quarters / 48 min,No,United Center,"Chicago, IL",23067,Chicago Bulls team victory,"Chicago Bulls defeated Boston Celtics 97-81 in Regular Season at United Center (Chicago, IL).",SportsDataVerse hoopR / ESPN NBA Hidden API
1172,310407026,2010-2011,2010,Regular Season,Regular Season,2011-04-07,Thursday,02:30,Portland Trail Blazers,Utah Jazz,Utah Jazz,Portland Trail Blazers,87,98,185,11,Portland Trail Blazers,Utah Jazz,Away Win (98-87),87-98,Four 12-minute quarters / 48 min,No,Vivint Arena,"Salt Lake City, UT",18831,Portland Trail Blazers team victory,"Portland Trail Blazers defeated Utah Jazz 98-87 in Regular Season at Vivint Arena (Salt Lake City, UT).",SportsDataVerse hoopR / ESPN NBA Hidden API
1173,310408011,2010-2011,2010,Regular Season,Regular Season,2011-04-08,Friday,23:00,Atlanta Hawks,Indiana Pacers,Indiana Pacers,Atlanta Hawks,114,102,216,12,Indiana Pacers,Atlanta Hawks,Home Win (114-102),114-102,Four 12-minute quarters / 48 min,No,Gainbridge Fieldhouse,"Indianapolis, IN",15879,Indiana Pacers team victory,"Indiana Pacers defeated Atlanta Hawks 114-102 in Regular Season at Gainbridge Fieldhouse (Indianapolis, IN).",SportsDataVerse hoopR / ESPN NBA Hidden API
1174,310408017,2010-2011,2010,Regular Season,Regular Season,2011-04-08,Friday,23:00,New York Knicks,New Jersey Nets,New Jersey Nets,New York Knicks,93,116,209,23,New York Knicks,New Jersey Nets,Away Win (116-93),93-116,Four 12-minute quarters / 48 min,No,Prudential Center,"Newark, NJ",18023,New York Knicks team victory,"New York Knicks defeated New Jersey Nets 116-93 in Regular Season at Prudential Center (Newark, NJ).",SportsDataVerse hoopR / ESPN NBA Hidden API
1175,310408020,2010-2011,2010,Regular Season,Regular Season,2011-04-08,Friday,23:00,Toronto Raptors,Philadelphia 76ers,Philadelphia 76ers,Toronto Raptors,98,93,191,5,Philadelphia 76ers,Toronto Raptors,Home Win (98-93),98-93,Four 12-minute quarters / 48 min,No,Wells Fargo Center,"Philadelphia, PA",16362,Philadelphia 76ers team victory,"Philadelphia 76ers defeated Toronto Raptors 98-93 in Regular Season at Wells Fargo Center (Philadelphia, PA).",SportsDataVerse hoopR / ESPN NBA Hidden API
1176,310408002,2010-2011,2010,Regular Season,Regular Season,2011-04-08,Friday,23:30,Washington Wizards,Boston Celtics,Boston Celtics,Washington Wizards,104,88,192,16,Boston Celtics,Washington Wizards,Home Win (104-88),104-88,Four 12-minute quarters / 48 min,No,TD Garden,"Boston, MA",18624,Boston Celtics team victory,"Boston Celtics defeated Washington Wizards 104-88 in Regular Season at TD Garden (Boston, MA).",SportsDataVerse hoopR / ESPN NBA Hidden API
1177,310408005,2010-2011,2010,Regular Season,Regular Season,2011-04-08,Friday,23:30,Chicago Bulls,Cleveland Cavaliers,Cleveland Cavaliers,Chicago Bulls,82,93,175,11,Chicago Bulls,Cleveland Cavaliers,Away Win (93-82),82-93,Four 12-minute quarters / 48 min,No,Rocket Mortgage FieldHouse,"Cleveland, OH",20562,Chicago Bulls team victory,"Chicago Bulls defeated Cleveland Cavaliers 93-82 in Regular Season at Rocket Mortgage FieldHouse (Cleveland, OH).",SportsDataVerse hoopR / ESPN NBA Hidden API
1178,310408008,2010-2011,2010,Regular Season,Regular Season,2011-04-08,Friday,23:30,Milwaukee Bucks,Detroit Pistons,Detroit Pistons,Milwaukee Bucks,110,100,210,10,Detroit Pistons,Milwaukee Bucks,Home Win (110-100),110-100,Four 12-minute quarters / 48 min,No,The Palace of Auburn Hills,"Detroit, MI",16266,Detroit Pistons team victory,"Detroit Pistons defeated Milwaukee Bucks 110-100 in Regular Season at The Palace of Auburn Hills (Detroit, MI).",SportsDataVerse hoopR / ESPN NBA Hidden API
1179,310408014,2010-2011,2010,Regular Season,Regular Season,2011-04-08,Friday,23:30,Charlotte Bobcats,Miami Heat,Miami Heat,Charlotte Bobcats,112,103,215,9,Miami Heat,Charlotte Bobcats,Home Win (112-103),112-103,Four 12-minute quarters / 48 min,No,Kaseya Center,"Miami, FL",19897,Miami Heat team victory,"Miami Heat defeated Charlotte Bobcats 112-103 in Regular Season at Kaseya Center (Miami, FL).",SportsDataVerse hoopR / ESPN NBA Hidden API
1180,310408003,2010-2011,2010,Regular Season,Regular Season,2011-04-08,Friday,00:00,Phoenix Suns,New Orleans Hornets,New Orleans Hornets,Phoenix Suns,109,97,206,12,New Orleans Hornets,Phoenix Suns,Home Win (109-97),109-97,Four 12-minute quarters / 48 min,No,Smoothie King Center,"New Orleans, LA",14950,New Orleans Hornets team victory,"New Orleans Hornets defeated Phoenix Suns 109-97 in Regular Season at Smoothie King Center (New Orleans, LA).",SportsDataVerse hoopR / ESPN NBA Hidden API
1181,310408025,2010-2011,2010,Regular Season,Regular Season,2011-04-08,Friday,00:00,Denver Nuggets,Oklahoma City Thunder,Oklahoma City Thunder,Denver Nuggets,104,89,193,15,Oklahoma City Thunder,Denver Nuggets,Home Win (104-89),104-89,Four 12-minute quarters / 48 min,No,Paycom Center,"Oklahoma City, OK",18203,Oklahoma City Thunder team victory,"Oklahoma City Thunder defeated Denver Nuggets 104-89 in Regular Season at Paycom Center (Oklahoma City, OK).",SportsDataVerse hoopR / ESPN NBA Hidden API
1182,310408029,2010-2011,2010,Regular Season,Regular Season,2011-04-08,Friday,00:00,Sacramento Kings,Memphis Grizzlies,Memphis Grizzlies,Sacramento Kings,101,96,197,5,Memphis Grizzlies,Sacramento Kings,Home Win (101-96),101-96,Four 12-minute quarters / 48 min,No,FedExForum,"Memphis, TN",16517,Memphis Grizzlies team victory,"Memphis Grizzlies defeated Sacramento Kings 101-96 in Regular Season at FedExForum (Memphis, TN).",SportsDataVerse hoopR / ESPN NBA Hidden API
1183,310408006,2010-2011,2010,Regular Season,Regular Season,2011-04-08,Friday,00:30,LA Clippers,Dallas Mavericks,Dallas Mavericks,LA Clippers,107,96,203,11,Dallas Mavericks,LA Clippers,Home Win (107-96),107-96,Four 12-minute quarters / 48 min,No,American Airlines Center,"Dallas, TX",20382,Dallas Mavericks team victory,"Dallas Mavericks defeated LA Clippers 107-96 in Regular Season at American Airlines Center (Dallas, TX).",SportsDataVerse hoopR / ESPN NBA Hidden API
1184,310408022,2010-2011,2010,Regular Season,Regular Season,2011-04-08,Friday,02:00,Los Angeles Lakers,Portland Trail Blazers,Portland Trail Blazers,Los Angeles Lakers,93,86,179,7,Portland Trail Blazers,Los Angeles Lakers,Home Win (93-86),93-86,Four 12-minute quarters / 48 min,No,Moda Center,"Portland, OR",20697,Portland Trail Blazers team victory,"Portland Trail Blazers defeated Los Angeles Lakers 93-86 in Regular Season at Moda Center (Portland, OR).",SportsDataVerse hoopR / ESPN NBA Hidden API
1185,310409027,2010-2011,2010,Regular Season,Regular Season,2011-04-09,Saturday,23:00,Atlanta Hawks,Washington Wizards,Washington Wizards,Atlanta Hawks,115,83,198,32,Washington Wizards,Atlanta Hawks,Home Win (115-83),115-83,Four 12-minute quarters / 48 min,No,Capital One Arena,"Washington, DC",19771,Washington Wizards team victory,"Washington Wizards defeated Atlanta Hawks 115-83 in Regular Season at Capital One Arena (Washington, DC).",SportsDataVerse hoopR / ESPN NBA Hidden API
1186,310409010,2010-2011,2010,Regular Season,Regular Season,2011-04-09,Saturday,00:30,LA Clippers,Houston Rockets,Houston Rockets,LA Clippers,99,78,177,21,Houston Rockets,LA Clippers,Home Win (99-78),99-78,Four 12-minute quarters / 48 min,No,Toyota Center (Houston),"Houston, TX",18089,Houston Rockets team victory,"Houston Rockets defeated LA Clippers 99-78 in Regular Season at Toyota Center (Houston) (Houston, TX).",SportsDataVerse hoopR / ESPN NBA Hidden API
1187,310409015,2010-2011,2010,Regular Season,Regular Season,2011-04-09,Saturday,00:30,Cleveland Cavaliers,Milwaukee Bucks,Milwaukee Bucks,Cleveland Cavaliers,108,101,209,7,Milwaukee Bucks,Cleveland Cavaliers,Home Win (108-101),108-101,Four 12-minute quarters / 48 min,No,BMO Harris Bradley Center,"Milwaukee, WI",18717,Milwaukee Bucks team victory,"Milwaukee Bucks defeated Cleveland Cavaliers 108-101 in Regular Season at BMO Harris Bradley Center (Milwaukee, WI).",SportsDataVerse hoopR / ESPN NBA Hidden API
1188,310409024,2010-2011,2010,Regular Season,Regular Season,2011-04-09,Saturday,00:30,Utah Jazz,San Antonio Spurs,San Antonio Spurs,Utah Jazz,111,102,213,9,San Antonio Spurs,Utah Jazz,Home Win (111-102),111-102,Four 12-minute quarters / 48 min,No,AT&T Center,"San Antonio, TX",18802,San Antonio Spurs team victory,"San Antonio Spurs defeated Utah Jazz 111-102 in Regular Season at AT&T Center (San Antonio, TX).",SportsDataVerse hoopR / ESPN NBA Hidden API
1189,310409007,2010-2011,2010,Regular Season,Regular Season,2011-04-09,Saturday,01:00,Minnesota Timberwolves,Denver Nuggets,Denver Nuggets,Minnesota Timberwolves,130,106,236,24,Denver Nuggets,Minnesota Timberwolves,Home Win (130-106),130-106,Four 12-minute quarters / 48 min,No,Ball Arena,"Denver, CO",19155,Denver Nuggets team victory,"Denver Nuggets defeated Minnesota Timberwolves 130-106 in Regular Season at Ball Arena (Denver, CO).",SportsDataVerse hoopR / ESPN NBA Hidden API
1190,310410019,2010-2011,2010,Regular Season,Regular Season,2011-04-10,Sunday,17:00,Chicago Bulls,Orlando Magic,Orlando Magic,Chicago Bulls,99,102,201,3,Chicago Bulls,Orlando Magic,Away Win (102-99),99-102,Four 12-minute quarters / 48 min,No,Amway Center,"Orlando, FL",19181,Chicago Bulls team victory,"Chicago Bulls defeated Orlando Magic 102-99 in Regular Season at Amway Center (Orlando, FL).",SportsDataVerse hoopR / ESPN NBA Hidden API
1191,310410014,2010-2011,2010,Regular Season,Regular Season,2011-04-10,Sunday,19:30,Boston Celtics,Miami Heat,Miami Heat,Boston Celtics,100,77,177,23,Miami Heat,Boston Celtics,Home Win (100-77),100-77,Four 12-minute quarters / 48 min,No,Kaseya Center,"Miami, FL",19766,Miami Heat team victory,"Miami Heat defeated Boston Celtics 100-77 in Regular Season at Kaseya Center (Miami, FL).",SportsDataVerse hoopR / ESPN NBA Hidden API
1192,310410028,2010-2011,2010,Regular Season,Regular Season,2011-04-10,Sunday,22:00,New Jersey Nets,Toronto Raptors,Toronto Raptors,New Jersey Nets,99,92,191,7,Toronto Raptors,New Jersey Nets,Home Win (99-92),99-92,Four 12-minute quarters / 48 min,No,Scotiabank Arena,"Toronto, ON",17755,Toronto Raptors team victory,"Toronto Raptors defeated New Jersey Nets 99-92 in Regular Season at Scotiabank Arena (Toronto, ON).",SportsDataVerse hoopR / ESPN NBA Hidden API
1193,310410029,2010-2011,2010,Regular Season,Regular Season,2011-04-10,Sunday,22:00,New Orleans Hornets,Memphis Grizzlies,Memphis Grizzlies,New Orleans Hornets,111,89,200,22,Memphis Grizzlies,New Orleans Hornets,Home Win (111-89),111-89,Four 12-minute quarters / 48 min,No,FedExForum,"Memphis, TN",17041,Memphis Grizzlies team victory,"Memphis Grizzlies defeated New Orleans Hornets 111-89 in Regular Season at FedExForum (Memphis, TN).",SportsDataVerse hoopR / ESPN NBA Hidden API
1194,310410030,2010-2011,2010,Regular Season,Regular Season,2011-04-10,Sunday,22:00,Detroit Pistons,Charlotte Bobcats,Charlotte Bobcats,Detroit Pistons,101,112,213,11,Detroit Pistons,Charlotte Bobcats,Away Win (112-101),101-112,Four 12-minute quarters / 48 min,No,Spectrum Center,"Charlotte, NC",16234,Detroit Pistons team victory,"Detroit Pistons defeated Charlotte Bobcats 112-101 in Regular Season at Spectrum Center (Charlotte, NC).",SportsDataVerse hoopR / ESPN NBA Hidden API
1195,310410011,2010-2011,2010,Regular Season,Regular Season,2011-04-10,Sunday,23:00,New York Knicks,Indiana Pacers,Indiana Pacers,New York Knicks,109,110,219,1,New York Knicks,Indiana Pacers,Away Win (110-109),109-110,Four 12-minute quarters / 48 min,No,Gainbridge Fieldhouse,"Indianapolis, IN",13542,New York Knicks team victory,"New York Knicks defeated Indiana Pacers 110-109 in Regular Season at Gainbridge Fieldhouse (Indianapolis, IN).",SportsDataVerse hoopR / ESPN NBA Hidden API
1196,310410006,2010-2011,2010,Regular Season,Regular Season,2011-04-10,Sunday,23:30,Phoenix Suns,Dallas Mavericks,Dallas Mavericks,Phoenix Suns,115,90,205,25,Dallas Mavericks,Phoenix Suns,Home Win (115-90),115-90,Four 12-minute quarters / 48 min,No,American Airlines Center,"Dallas, TX",20355,Dallas Mavericks team victory,"Dallas Mavericks defeated Phoenix Suns 115-90 in Regular Season at American Airlines Center (Dallas, TX).",SportsDataVerse hoopR / ESPN NBA Hidden API
1197,310410009,2010-2011,2010,Regular Season,Regular Season,2011-04-10,Sunday,01:00,Sacramento Kings,Golden State Warriors,Golden State Warriors,Sacramento Kings,103,104,207,1,Sacramento Kings,Golden State Warriors,Away Win (104-103),103-104,Four 12-minute quarters / 48 min,No,ORACLE Arena,"Oakland, CA",19596,Sacramento Kings team victory,"Sacramento Kings defeated Golden State Warriors 104-103 in Regular Season at ORACLE Arena (Oakland, CA).",SportsDataVerse hoopR / ESPN NBA Hidden API
1198,310410013,2010-2011,2010,Regular Season,Regular Season,2011-04-10,Sunday,01:30,Oklahoma City Thunder,Los Angeles Lakers,Los Angeles Lakers,Oklahoma City Thunder,106,120,226,14,Oklahoma City Thunder,Los Angeles Lakers,Away Win (120-106),106-120,Four 12-minute quarters / 48 min,No,crypto.com Arena,"Los Angeles, CA",18997,Oklahoma City Thunder team victory,"Oklahoma City Thunder defeated Los Angeles Lakers 120-106 in Regular Season at crypto.com Arena (Los Angeles, CA).",SportsDataVerse hoopR / ESPN NBA Hidden API
1199,310411001,2010-2011,2010,Regular Season,Regular Season,2011-04-11,Monday,23:00,Miami Heat,Atlanta Hawks,Atlanta Hawks,Miami Heat,90,98,188,8,Miami Heat,Atlanta Hawks,Away Win (98-90),90-98,Four 12-minute quarters / 48 min,No,State Farm Arena,"Atlanta, GA",18529,Miami Heat team victory,"Miami Heat defeated Atlanta Hawks 98-90 in Regular Season at State Farm Arena (Atlanta, GA).",SportsDataVerse hoopR / ESPN NBA Hidden API
1200,310411017,2010-2011,2010,Regular Season,Regular Season,2011-04-11,Monday,23:00,Charlotte Bobcats,New Jersey Nets,New Jersey Nets,Charlotte Bobcats,103,105,208,2,Charlotte Bobcats,New Jersey Nets,Away Win (105-103),103-105,Four 12-minute quarters / 48 min,No,Prudential Center,"Newark, NJ",13853,Charlotte Bobcats team victory,"Charlotte Bobcats defeated New Jersey Nets 105-103 in Regular Season at Prudential Center (Newark, NJ).",SportsDataVerse hoopR / ESPN NBA Hidden API
1201,310411020,2010-2011,2010,Regular Season,Regular Season,2011-04-11,Monday,23:00,Orlando Magic,Philadelphia 76ers,Philadelphia 76ers,Orlando Magic,85,95,180,10,Orlando Magic,Philadelphia 76ers,Away Win (95-85),85-95,Four 12-minute quarters / 48 min,No,Wells Fargo Center,"Philadelphia, PA",19139,Orlando Magic team victory,"Orlando Magic defeated Philadelphia 76ers 95-85 in Regular Season at Wells Fargo Center (Philadelphia, PA).",SportsDataVerse hoopR / ESPN NBA Hidden API
1202,310411027,2010-2011,2010,Regular Season,Regular Season,2011-04-11,Monday,23:00,Boston Celtics,Washington Wizards,Washington Wizards,Boston Celtics,95,94,189,1,Washington Wizards,Boston Celtics,Home Win (95-94),95-94,Four 12-minute quarters / 48 min,Yes,Capital One Arena,"Washington, DC",17787,Washington Wizards team victory (OT),"Washington Wizards edged Boston Celtics 95-94 in overtime at Capital One Arena (Washington, DC).",SportsDataVerse hoopR / ESPN NBA Hidden API
1203,310411008,2010-2011,2010,Regular Season,Regular Season,2011-04-11,Monday,23:30,Cleveland Cavaliers,Detroit Pistons,Detroit Pistons,Cleveland Cavaliers,101,110,211,9,Cleveland Cavaliers,Detroit Pistons,Away Win (110-101),101-110,Four 12-minute quarters / 48 min,No,The Palace of Auburn Hills,"Detroit, MI",15589,Cleveland Cavaliers team victory,"Cleveland Cavaliers defeated Detroit Pistons 110-101 in Regular Season at The Palace of Auburn Hills (Detroit, MI).",SportsDataVerse hoopR / ESPN NBA Hidden API
1204,310411003,2010-2011,2010,Regular Season,Regular Season,2011-04-11,Monday,00:00,Utah Jazz,New Orleans Hornets,New Orleans Hornets,Utah Jazz,78,90,168,12,Utah Jazz,New Orleans Hornets,Away Win (90-78),78-90,Four 12-minute quarters / 48 min,No,Smoothie King Center,"New Orleans, LA",12558,Utah Jazz team victory,"Utah Jazz defeated New Orleans Hornets 90-78 in Regular Season at Smoothie King Center (New Orleans, LA).",SportsDataVerse hoopR / ESPN NBA Hidden API
1205,310411015,2010-2011,2010,Regular Season,Regular Season,2011-04-11,Monday,00:00,Toronto Raptors,Milwaukee Bucks,Milwaukee Bucks,Toronto Raptors,93,86,179,7,Milwaukee Bucks,Toronto Raptors,Home Win (93-86),93-86,Four 12-minute quarters / 48 min,No,BMO Harris Bradley Center,"Milwaukee, WI",13279,Milwaukee Bucks team victory,"Milwaukee Bucks defeated Toronto Raptors 93-86 in Regular Season at BMO Harris Bradley Center (Milwaukee, WI).",SportsDataVerse hoopR / ESPN NBA Hidden API
1206,310411010,2010-2011,2010,Regular Season,Regular Season,2011-04-11,Monday,00:30,Dallas Mavericks,Houston Rockets,Houston Rockets,Dallas Mavericks,91,98,189,7,Dallas Mavericks,Houston Rockets,Away Win (98-91),91-98,Four 12-minute quarters / 48 min,Yes,Toyota Center (Houston),"Houston, TX",14898,Dallas Mavericks team victory (OT),"Dallas Mavericks edged Houston Rockets 98-91 in overtime at Toyota Center (Houston) (Houston, TX).",SportsDataVerse hoopR / ESPN NBA Hidden API
1207,310411007,2010-2011,2010,Regular Season,Regular Season,2011-04-11,Monday,01:00,Golden State Warriors,Denver Nuggets,Denver Nuggets,Golden State Warriors,134,111,245,23,Denver Nuggets,Golden State Warriors,Home Win (134-111),134-111,Four 12-minute quarters / 48 min,No,Ball Arena,"Denver, CO",19155,Denver Nuggets team victory,"Denver Nuggets defeated Golden State Warriors 134-111 in Regular Season at Ball Arena (Denver, CO).",SportsDataVerse hoopR / ESPN NBA Hidden API
1208,310411021,2010-2011,2010,Regular Season,Regular Season,2011-04-11,Monday,02:00,Minnesota Timberwolves,Phoenix Suns,Phoenix Suns,Minnesota Timberwolves,135,127,262,8,Phoenix Suns,Minnesota Timberwolves,Home Win (135-127),135-127,Four 12-minute quarters / 48 min,Yes,Footprint Center,"Phoenix, AZ",17485,Phoenix Suns team victory (OT),"Phoenix Suns edged Minnesota Timberwolves 135-127 in overtime at Footprint Center (Phoenix, AZ).",SportsDataVerse hoopR / ESPN NBA Hidden API
1209,310411023,2010-2011,2010,Regular Season,Regular Season,2011-04-11,Monday,02:00,Oklahoma City Thunder,Sacramento Kings,Sacramento Kings,Oklahoma City Thunder,112,120,232,8,Oklahoma City Thunder,Sacramento Kings,Away Win (120-112),112-120,Four 12-minute quarters / 48 min,No,Sleep Train Arena,"Sacramento, CA",15683,Oklahoma City Thunder team victory,"Oklahoma City Thunder defeated Sacramento Kings 120-112 in Regular Season at Sleep Train Arena (Sacramento, CA).",SportsDataVerse hoopR / ESPN NBA Hidden API
1210,310412018,2010-2011,2010,Regular Season,Regular Season,2011-04-12,Tuesday,00:00,Chicago Bulls,New York Knicks,New York Knicks,Chicago Bulls,90,103,193,13,Chicago Bulls,New York Knicks,Away Win (103-90),90-103,Four 12-minute quarters / 48 min,No,Madison Square Garden,"New York, NY",19763,Chicago Bulls team victory,"Chicago Bulls defeated New York Knicks 103-90 in Regular Season at Madison Square Garden (New York, NY).",SportsDataVerse hoopR / ESPN NBA Hidden API
1211,310412022,2010-2011,2010,Regular Season,Regular Season,2011-04-12,Tuesday,02:00,Memphis Grizzlies,Portland Trail Blazers,Portland Trail Blazers,Memphis Grizzlies,102,89,191,13,Portland Trail Blazers,Memphis Grizzlies,Home Win (102-89),102-89,Four 12-minute quarters / 48 min,No,Moda Center,"Portland, OR",20662,Portland Trail Blazers team victory,"Portland Trail Blazers defeated Memphis Grizzlies 102-89 in Regular Season at Moda Center (Portland, OR).",SportsDataVerse hoopR / ESPN NBA Hidden API
1212,310412013,2010-2011,2010,Regular Season,Regular Season,2011-04-12,Tuesday,02:30,San Antonio Spurs,Los Angeles Lakers,Los Angeles Lakers,San Antonio Spurs,102,93,195,9,Los Angeles Lakers,San Antonio Spurs,Home Win (102-93),102-93,Four 12-minute quarters / 48 min,No,crypto.com Arena,"Los Angeles, CA",18997,Los Angeles Lakers team victory,"Los Angeles Lakers defeated San Antonio Spurs 102-93 in Regular Season at crypto.com Arena (Los Angeles, CA).",SportsDataVerse hoopR / ESPN NBA Hidden API
1213,310413002,2010-2011,2010,Regular Season,Regular Season,2011-04-13,Wednesday,00:00,New York Knicks,Boston Celtics,Boston Celtics,New York Knicks,112,102,214,10,Boston Celtics,New York Knicks,Home Win (112-102),112-102,Four 12-minute quarters / 48 min,No,TD Garden,"Boston, MA",18624,Boston Celtics team victory,"Boston Celtics defeated New York Knicks 112-102 in Regular Season at TD Garden (Boston, MA).",SportsDataVerse hoopR / ESPN NBA Hidden API
1214,310413004,2010-2011,2010,Regular Season,Regular Season,2011-04-13,Wednesday,00:00,New Jersey Nets,Chicago Bulls,Chicago Bulls,New Jersey Nets,97,92,189,5,Chicago Bulls,New Jersey Nets,Home Win (97-92),97-92,Four 12-minute quarters / 48 min,No,United Center,"Chicago, IL",22420,Chicago Bulls team victory,"Chicago Bulls defeated New Jersey Nets 97-92 in Regular Season at United Center (Chicago, IL).",SportsDataVerse hoopR / ESPN NBA Hidden API
1215,310413005,2010-2011,2010,Regular Season,Regular Season,2011-04-13,Wednesday,00:00,Washington Wizards,Cleveland Cavaliers,Cleveland Cavaliers,Washington Wizards,100,93,193,7,Cleveland Cavaliers,Washington Wizards,Home Win (100-93),100-93,Four 12-minute quarters / 48 min,No,Rocket Mortgage FieldHouse,"Cleveland, OH",20562,Cleveland Cavaliers team victory,"Cleveland Cavaliers defeated Washington Wizards 100-93 in Regular Season at Rocket Mortgage FieldHouse (Cleveland, OH).",SportsDataVerse hoopR / ESPN NBA Hidden API
1216,310413006,2010-2011,2010,Regular Season,Regular Season,2011-04-13,Wednesday,00:00,New Orleans Hornets,Dallas Mavericks,Dallas Mavericks,New Orleans Hornets,121,89,210,32,Dallas Mavericks,New Orleans Hornets,Home Win (121-89),121-89,Four 12-minute quarters / 48 min,No,American Airlines Center,"Dallas, TX",20366,Dallas Mavericks team victory,"Dallas Mavericks defeated New Orleans Hornets 121-89 in Regular Season at American Airlines Center (Dallas, TX).",SportsDataVerse hoopR / ESPN NBA Hidden API
1217,310413016,2010-2011,2010,Regular Season,Regular Season,2011-04-13,Wednesday,00:00,Houston Rockets,Minnesota Timberwolves,Minnesota Timberwolves,Houston Rockets,102,121,223,19,Houston Rockets,Minnesota Timberwolves,Away Win (121-102),102-121,Four 12-minute quarters / 48 min,No,Target Center,"Minneapolis, MN",17101,Houston Rockets team victory,"Houston Rockets defeated Minnesota Timberwolves 121-102 in Regular Season at Target Center (Minneapolis, MN).",SportsDataVerse hoopR / ESPN NBA Hidden API
1218,310413019,2010-2011,2010,Regular Season,Regular Season,2011-04-13,Wednesday,00:00,Indiana Pacers,Orlando Magic,Orlando Magic,Indiana Pacers,92,74,166,18,Orlando Magic,Indiana Pacers,Home Win (92-74),92-74,Four 12-minute quarters / 48 min,No,Amway Center,"Orlando, FL",19169,Orlando Magic team victory,"Orlando Magic defeated Indiana Pacers 92-74 in Regular Season at Amway Center (Orlando, FL).",SportsDataVerse hoopR / ESPN NBA Hidden API
1219,310413020,2010-2011,2010,Regular Season,Regular Season,2011-04-13,Wednesday,00:00,Detroit Pistons,Philadelphia 76ers,Philadelphia 76ers,Detroit Pistons,100,104,204,4,Detroit Pistons,Philadelphia 76ers,Away Win (104-100),100-104,Four 12-minute quarters / 48 min,No,Wells Fargo Center,"Philadelphia, PA",13760,Detroit Pistons team victory,"Detroit Pistons defeated Philadelphia 76ers 104-100 in Regular Season at Wells Fargo Center (Philadelphia, PA).",SportsDataVerse hoopR / ESPN NBA Hidden API
1220,310413025,2010-2011,2010,Regular Season,Regular Season,2011-04-13,Wednesday,00:00,Milwaukee Bucks,Oklahoma City Thunder,Oklahoma City Thunder,Milwaukee Bucks,106,110,216,4,Milwaukee Bucks,Oklahoma City Thunder,Away Win (110-106),106-110,Four 12-minute quarters / 48 min,Yes,Paycom Center,"Oklahoma City, OK",18203,Milwaukee Bucks team victory (OT),"Milwaukee Bucks edged Oklahoma City Thunder 110-106 in overtime at Paycom Center (Oklahoma City, OK).",SportsDataVerse hoopR / ESPN NBA Hidden API
1221,310413026,2010-2011,2010,Regular Season,Regular Season,2011-04-13,Wednesday,00:00,Denver Nuggets,Utah Jazz,Utah Jazz,Denver Nuggets,107,103,210,4,Utah Jazz,Denver Nuggets,Home Win (107-103),107-103,Four 12-minute quarters / 48 min,No,Vivint Arena,"Salt Lake City, UT",19051,Utah Jazz team victory,"Utah Jazz defeated Denver Nuggets 107-103 in Regular Season at Vivint Arena (Salt Lake City, UT).",SportsDataVerse hoopR / ESPN NBA Hidden API
1222,310413028,2010-2011,2010,Regular Season,Regular Season,2011-04-13,Wednesday,00:00,Miami Heat,Toronto Raptors,Toronto Raptors,Miami Heat,79,97,176,18,Miami Heat,Toronto Raptors,Away Win (97-79),79-97,Four 12-minute quarters / 48 min,No,Scotiabank Arena,"Toronto, ON",20108,Miami Heat team victory,"Miami Heat defeated Toronto Raptors 97-79 in Regular Season at Scotiabank Arena (Toronto, ON).",SportsDataVerse hoopR / ESPN NBA Hidden API
1223,310413030,2010-2011,2010,Regular Season,Regular Season,2011-04-13,Wednesday,00:00,Atlanta Hawks,Charlotte Bobcats,Charlotte Bobcats,Atlanta Hawks,96,85,181,11,Charlotte Bobcats,Atlanta Hawks,Home Win (96-85),96-85,Four 12-minute quarters / 48 min,No,Spectrum Center,"Charlotte, NC",16138,Charlotte Bobcats team victory,"Charlotte Bobcats defeated Atlanta Hawks 96-85 in Regular Season at Spectrum Center (Charlotte, NC).",SportsDataVerse hoopR / ESPN NBA Hidden API
1224,310413009,2010-2011,2010,Regular Season,Regular Season,2011-04-13,Wednesday,02:30,Portland Trail Blazers,Golden State Warriors,Golden State Warriors,Portland Trail Blazers,110,86,196,24,Golden State Warriors,Portland Trail Blazers,Home Win (110-86),110-86,Four 12-minute quarters / 48 min,No,ORACLE Arena,"Oakland, CA",19596,Golden State Warriors team victory,"Golden State Warriors defeated Portland Trail Blazers 110-86 in Regular Season at ORACLE Arena (Oakland, CA).",SportsDataVerse hoopR / ESPN NBA Hidden API
1225,310413012,2010-2011,2010,Regular Season,Regular Season,2011-04-13,Wednesday,02:30,Memphis Grizzlies,LA Clippers,LA Clippers,Memphis Grizzlies,110,103,213,7,LA Clippers,Memphis Grizzlies,Home Win (110-103),110-103,Four 12-minute quarters / 48 min,No,crypto.com Arena,"Los Angeles, CA",19060,LA Clippers team victory,"LA Clippers defeated Memphis Grizzlies 110-103 in Regular Season at crypto.com Arena (Los Angeles, CA).",SportsDataVerse hoopR / ESPN NBA Hidden API
1226,310413021,2010-2011,2010,Regular Season,Regular Season,2011-04-13,Wednesday,02:30,San Antonio Spurs,Phoenix Suns,Phoenix Suns,San Antonio Spurs,106,103,209,3,Phoenix Suns,San Antonio Spurs,Home Win (106-103),106-103,Four 12-minute quarters / 48 min,No,Footprint Center,"Phoenix, AZ",18195,Phoenix Suns team victory,"Phoenix Suns defeated San Antonio Spurs 106-103 in Regular Season at Footprint Center (Phoenix, AZ).",SportsDataVerse hoopR / ESPN NBA Hidden API
1227,310413023,2010-2011,2010,Regular Season,Regular Season,2011-04-13,Wednesday,02:30,Los Angeles Lakers,Sacramento Kings,Sacramento Kings,Los Angeles Lakers,108,116,224,8,Los Angeles Lakers,Sacramento Kings,Away Win (116-108),108-116,Four 12-minute quarters / 48 min,Yes,Sleep Train Arena,"Sacramento, CA",17641,Los Angeles Lakers team victory (OT),"Los Angeles Lakers edged Sacramento Kings 116-108 in overtime at Sleep Train Arena (Sacramento, CA).",SportsDataVerse hoopR / ESPN NBA Hidden API
1228,310416004,2010-2011,2010,Playoffs,EASTERN CONFERENCE 1st ROUND - GAME 1,2011-04-16,Saturday,17:00,Indiana Pacers,Chicago Bulls,Chicago Bulls,Indiana Pacers,104,99,203,5,Chicago Bulls,Indiana Pacers,Home Win (104-99),104-99,Four 12-minute quarters / 48 min,No,United Center,"Chicago, IL",0,Chicago Bulls team victory,"Chicago Bulls defeated Indiana Pacers 104-99 in EASTERN CONFERENCE 1st ROUND - GAME 1 at United Center (Chicago, IL).",SportsDataVerse hoopR / ESPN NBA Hidden API
1229,310416014,2010-2011,2010,Playoffs,EASTERN CONFERENCE 1st ROUND - GAME 1,2011-04-16,Saturday,19:30,Philadelphia 76ers,Miami Heat,Miami Heat,Philadelphia 76ers,97,89,186,8,Miami Heat,Philadelphia 76ers,Home Win (97-89),97-89,Four 12-minute quarters / 48 min,No,Kaseya Center,"Miami, FL",0,Miami Heat team victory,"Miami Heat defeated Philadelphia 76ers 97-89 in EASTERN CONFERENCE 1st ROUND - GAME 1 at Kaseya Center (Miami, FL).",SportsDataVerse hoopR / ESPN NBA Hidden API
1230,310416019,2010-2011,2010,Playoffs,EASTERN CONFERENCE 1st ROUND - GAME 1,2011-04-16,Saturday,23:00,Atlanta Hawks,Orlando Magic,Orlando Magic,Atlanta Hawks,93,103,196,10,Atlanta Hawks,Orlando Magic,Away Win (103-93),93-103,Four 12-minute quarters / 48 min,No,Amway Center,"Orlando, FL",0,Atlanta Hawks team victory,"Atlanta Hawks defeated Orlando Magic 103-93 in EASTERN CONFERENCE 1st ROUND - GAME 1 at Amway Center (Orlando, FL).",SportsDataVerse hoopR / ESPN NBA Hidden API
1231,310416006,2010-2011,2010,Playoffs,WESTERN CONFERENCE 1st ROUND - GAME 1,2011-04-16,Saturday,01:30,Portland Trail Blazers,Dallas Mavericks,Dallas Mavericks,Portland Trail Blazers,89,81,170,8,Dallas Mavericks,Portland Trail Blazers,Home Win (89-81),89-81,Four 12-minute quarters / 48 min,No,American Airlines Center,"Dallas, TX",0,Dallas Mavericks team victory,"Dallas Mavericks defeated Portland Trail Blazers 89-81 in WESTERN CONFERENCE 1st ROUND - GAME 1 at American Airlines Center (Dallas, TX).",SportsDataVerse hoopR / ESPN NBA Hidden API
1232,310417024,2010-2011,2010,Playoffs,WESTERN CONFERENCE 1st ROUND - GAME 1,2011-04-17,Sunday,17:00,Memphis Grizzlies,San Antonio Spurs,San Antonio Spurs,Memphis Grizzlies,98,101,199,3,Memphis Grizzlies,San Antonio Spurs,Away Win (101-98),98-101,Four 12-minute quarters / 48 min,No,AT&T Center,"San Antonio, TX",0,Memphis Grizzlies team victory,"Memphis Grizzlies defeated San Antonio Spurs 101-98 in WESTERN CONFERENCE 1st ROUND - GAME 1 at AT&T Center (San Antonio, TX).",SportsDataVerse hoopR / ESPN NBA Hidden API
1233,310417013,2010-2011,2010,Playoffs,WESTERN CONFERENCE 1st ROUND - GAME 1,2011-04-17,Sunday,19:30,New Orleans Hornets,Los Angeles Lakers,Los Angeles Lakers,New Orleans Hornets,100,109,209,9,New Orleans Hornets,Los Angeles Lakers,Away Win (109-100),100-109,Four 12-minute quarters / 48 min,No,crypto.com Arena,"Los Angeles, CA",0,New Orleans Hornets team victory,"New Orleans Hornets defeated Los Angeles Lakers 109-100 in WESTERN CONFERENCE 1st ROUND - GAME 1 at crypto.com Arena (Los Angeles, CA).",SportsDataVerse hoopR / ESPN NBA Hidden API
1234,310417002,2010-2011,2010,Playoffs,EASTERN CONFERENCE 1st ROUND - GAME 1,2011-04-17,Sunday,23:00,New York Knicks,Boston Celtics,Boston Celtics,New York Knicks,87,85,172,2,Boston Celtics,New York Knicks,Home Win (87-85),87-85,Four 12-minute quarters / 48 min,No,TD Garden,"Boston, MA",0,Boston Celtics team victory,"Boston Celtics defeated New York Knicks 87-85 in EASTERN CONFERENCE 1st ROUND - GAME 1 at TD Garden (Boston, MA).",SportsDataVerse hoopR / ESPN NBA Hidden API
1235,310417025,2010-2011,2010,Playoffs,WESTERN CONFERENCE 1st ROUND - GAME 1,2011-04-17,Sunday,01:30,Denver Nuggets,Oklahoma City Thunder,Oklahoma City Thunder,Denver Nuggets,107,103,210,4,Oklahoma City Thunder,Denver Nuggets,Home Win (107-103),107-103,Four 12-minute quarters / 48 min,No,Paycom Center,"Oklahoma City, OK",0,Oklahoma City Thunder team victory,"Oklahoma City Thunder defeated Denver Nuggets 107-103 in WESTERN CONFERENCE 1st ROUND - GAME 1 at Paycom Center (Oklahoma City, OK).",SportsDataVerse hoopR / ESPN NBA Hidden API
1236,310418014,2010-2011,2010,Playoffs,EASTERN CONFERENCE 1st ROUND - GAME 2,2011-04-18,Monday,23:00,Philadelphia 76ers,Miami Heat,Miami Heat,Philadelphia 76ers,94,73,167,21,Miami Heat,Philadelphia 76ers,Home Win (94-73),94-73,Four 12-minute quarters / 48 min,No,Kaseya Center,"Miami, FL",0,Miami Heat team victory,"Miami Heat defeated Philadelphia 76ers 94-73 in EASTERN CONFERENCE 1st ROUND - GAME 2 at Kaseya Center (Miami, FL).",SportsDataVerse hoopR / ESPN NBA Hidden API
1237,310418004,2010-2011,2010,Playoffs,EASTERN CONFERENCE 1st ROUND - GAME 2,2011-04-18,Monday,01:30,Indiana Pacers,Chicago Bulls,Chicago Bulls,Indiana Pacers,96,90,186,6,Chicago Bulls,Indiana Pacers,Home Win (96-90),96-90,Four 12-minute quarters / 48 min,No,United Center,"Chicago, IL",0,Chicago Bulls team victory,"Chicago Bulls defeated Indiana Pacers 96-90 in EASTERN CONFERENCE 1st ROUND - GAME 2 at United Center (Chicago, IL).",SportsDataVerse hoopR / ESPN NBA Hidden API
1238,310419002,2010-2011,2010,Playoffs,EASTERN CONFERENCE 1st ROUND - GAME 2,2011-04-19,Tuesday,23:00,New York Knicks,Boston Celtics,Boston Celtics,New York Knicks,96,93,189,3,Boston Celtics,New York Knicks,Home Win (96-93),96-93,Four 12-minute quarters / 48 min,No,TD Garden,"Boston, MA",0,Boston Celtics team victory,"Boston Celtics defeated New York Knicks 96-93 in EASTERN CONFERENCE 1st ROUND - GAME 2 at TD Garden (Boston, MA).",SportsDataVerse hoopR / ESPN NBA Hidden API
1239,310419019,2010-2011,2010,Playoffs,EASTERN CONFERENCE 1st ROUND - GAME 2,2011-04-19,Tuesday,23:30,Atlanta Hawks,Orlando Magic,Orlando Magic,Atlanta Hawks,88,82,170,6,Orlando Magic,Atlanta Hawks,Home Win (88-82),88-82,Four 12-minute quarters / 48 min,No,Amway Center,"Orlando, FL",0,Orlando Magic team victory,"Orlando Magic defeated Atlanta Hawks 88-82 in EASTERN CONFERENCE 1st ROUND - GAME 2 at Amway Center (Orlando, FL).",SportsDataVerse hoopR / ESPN NBA Hidden API
1240,310419006,2010-2011,2010,Playoffs,WESTERN CONFERENCE 1st ROUND - GAME 2,2011-04-19,Tuesday,01:30,Portland Trail Blazers,Dallas Mavericks,Dallas Mavericks,Portland Trail Blazers,101,89,190,12,Dallas Mavericks,Portland Trail Blazers,Home Win (101-89),101-89,Four 12-minute quarters / 48 min,No,American Airlines Center,"Dallas, TX",0,Dallas Mavericks team victory,"Dallas Mavericks defeated Portland Trail Blazers 101-89 in WESTERN CONFERENCE 1st ROUND - GAME 2 at American Airlines Center (Dallas, TX).",SportsDataVerse hoopR / ESPN NBA Hidden API
1241,310420025,2010-2011,2010,Playoffs,WESTERN CONFERENCE 1st ROUND - GAME 2,2011-04-20,Wednesday,00:00,Denver Nuggets,Oklahoma City Thunder,Oklahoma City Thunder,Denver Nuggets,106,89,195,17,Oklahoma City Thunder,Denver Nuggets,Home Win (106-89),106-89,Four 12-minute quarters / 48 min,No,Paycom Center,"Oklahoma City, OK",0,Oklahoma City Thunder team victory,"Oklahoma City Thunder defeated Denver Nuggets 106-89 in WESTERN CONFERENCE 1st ROUND - GAME 2 at Paycom Center (Oklahoma City, OK).",SportsDataVerse hoopR / ESPN NBA Hidden API
1242,310420024,2010-2011,2010,Playoffs,WESTERN CONFERENCE 1st ROUND - GAME 2,2011-04-20,Wednesday,00:30,Memphis Grizzlies,San Antonio Spurs,San Antonio Spurs,Memphis Grizzlies,93,87,180,6,San Antonio Spurs,Memphis Grizzlies,Home Win (93-87),93-87,Four 12-minute quarters / 48 min,No,AT&T Center,"San Antonio, TX",0,San Antonio Spurs team victory,"San Antonio Spurs defeated Memphis Grizzlies 93-87 in WESTERN CONFERENCE 1st ROUND - GAME 2 at AT&T Center (San Antonio, TX).",SportsDataVerse hoopR / ESPN NBA Hidden API
1243,310420013,2010-2011,2010,Playoffs,WESTERN CONFERENCE 1st ROUND - GAME 2,2011-04-20,Wednesday,02:30,New Orleans Hornets,Los Angeles Lakers,Los Angeles Lakers,New Orleans Hornets,87,78,165,9,Los Angeles Lakers,New Orleans Hornets,Home Win (87-78),87-78,Four 12-minute quarters / 48 min,No,crypto.com Arena,"Los Angeles, CA",0,Los Angeles Lakers team victory,"Los Angeles Lakers defeated New Orleans Hornets 87-78 in WESTERN CONFERENCE 1st ROUND - GAME 2 at crypto.com Arena (Los Angeles, CA).",SportsDataVerse hoopR / ESPN NBA Hidden API
1244,310421011,2010-2011,2010,Playoffs,EASTERN CONFERENCE 1st ROUND - GAME 3,2011-04-21,Thursday,23:00,Chicago Bulls,Indiana Pacers,Indiana Pacers,Chicago Bulls,84,88,172,4,Chicago Bulls,Indiana Pacers,Away Win (88-84),84-88,Four 12-minute quarters / 48 min,No,Gainbridge Fieldhouse,"Indianapolis, IN",0,Chicago Bulls team victory,"Chicago Bulls defeated Indiana Pacers 88-84 in EASTERN CONFERENCE 1st ROUND - GAME 3 at Gainbridge Fieldhouse (Indianapolis, IN).",SportsDataVerse hoopR / ESPN NBA Hidden API
1245,310421020,2010-2011,2010,Playoffs,EASTERN CONFERENCE 1st ROUND - GAME 3,2011-04-21,Thursday,00:00,Miami Heat,Philadelphia 76ers,Philadelphia 76ers,Miami Heat,94,100,194,6,Miami Heat,Philadelphia 76ers,Away Win (100-94),94-100,Four 12-minute quarters / 48 min,No,Wells Fargo Center,"Philadelphia, PA",0,Miami Heat team victory,"Miami Heat defeated Philadelphia 76ers 100-94 in EASTERN CONFERENCE 1st ROUND - GAME 3 at Wells Fargo Center (Philadelphia, PA).",SportsDataVerse hoopR / ESPN NBA Hidden API
1246,310421022,2010-2011,2010,Playoffs,WESTERN CONFERENCE 1st ROUND - GAME 3,2011-04-21,Thursday,02:30,Dallas Mavericks,Portland Trail Blazers,Portland Trail Blazers,Dallas Mavericks,97,92,189,5,Portland Trail Blazers,Dallas Mavericks,Home Win (97-92),97-92,Four 12-minute quarters / 48 min,No,Moda Center,"Portland, OR",0,Portland Trail Blazers team victory,"Portland Trail Blazers defeated Dallas Mavericks 97-92 in WESTERN CONFERENCE 1st ROUND - GAME 3 at Moda Center (Portland, OR).",SportsDataVerse hoopR / ESPN NBA Hidden API
1247,310422018,2010-2011,2010,Playoffs,EASTERN CONFERENCE 1st ROUND - GAME 3,2011-04-22,Friday,23:00,Boston Celtics,New York Knicks,New York Knicks,Boston Celtics,96,113,209,17,Boston Celtics,New York Knicks,Away Win (113-96),96-113,Four 12-minute quarters / 48 min,No,Madison Square Garden,"New York, NY",0,Boston Celtics team victory,"Boston Celtics defeated New York Knicks 113-96 in EASTERN CONFERENCE 1st ROUND - GAME 3 at Madison Square Garden (New York, NY).",SportsDataVerse hoopR / ESPN NBA Hidden API
1248,310422001,2010-2011,2010,Playoffs,EASTERN CONFERENCE 1st ROUND - GAME 3,2011-04-22,Friday,00:00,Orlando Magic,Atlanta Hawks,Atlanta Hawks,Orlando Magic,88,84,172,4,Atlanta Hawks,Orlando Magic,Home Win (88-84),88-84,Four 12-minute quarters / 48 min,No,State Farm Arena,"Atlanta, GA",0,Atlanta Hawks team victory,"Atlanta Hawks defeated Orlando Magic 88-84 in EASTERN CONFERENCE 1st ROUND - GAME 3 at State Farm Arena (Atlanta, GA).",SportsDataVerse hoopR / ESPN NBA Hidden API
1249,310422003,2010-2011,2010,Playoffs,WESTERN CONFERENCE 1st ROUND - GAME 3,2011-04-22,Friday,01:30,Los Angeles Lakers,New Orleans Hornets,New Orleans Hornets,Los Angeles Lakers,86,100,186,14,Los Angeles Lakers,New Orleans Hornets,Away Win (100-86),86-100,Four 12-minute quarters / 48 min,No,Smoothie King Center,"New Orleans, LA",0,Los Angeles Lakers team victory,"Los Angeles Lakers defeated New Orleans Hornets 100-86 in WESTERN CONFERENCE 1st ROUND - GAME 3 at Smoothie King Center (New Orleans, LA).",SportsDataVerse hoopR / ESPN NBA Hidden API
1250,310423011,2010-2011,2010,Playoffs,EASTERN CONFERENCE 1st ROUND - GAME 4,2011-04-23,Saturday,18:30,Chicago Bulls,Indiana Pacers,Indiana Pacers,Chicago Bulls,89,84,173,5,Indiana Pacers,Chicago Bulls,Home Win (89-84),89-84,Four 12-minute quarters / 48 min,No,Gainbridge Fieldhouse,"Indianapolis, IN",0,Indiana Pacers team victory,"Indiana Pacers defeated Chicago Bulls 89-84 in EASTERN CONFERENCE 1st ROUND - GAME 4 at Gainbridge Fieldhouse (Indianapolis, IN).",SportsDataVerse hoopR / ESPN NBA Hidden API
1251,310423022,2010-2011,2010,Playoffs,WESTERN CONFERENCE 1st ROUND - GAME 4,2011-04-23,Saturday,21:00,Dallas Mavericks,Portland Trail Blazers,Portland Trail Blazers,Dallas Mavericks,84,82,166,2,Portland Trail Blazers,Dallas Mavericks,Home Win (84-82),84-82,Four 12-minute quarters / 48 min,No,Moda Center,"Portland, OR",0,Portland Trail Blazers team victory,"Portland Trail Blazers defeated Dallas Mavericks 84-82 in WESTERN CONFERENCE 1st ROUND - GAME 4 at Moda Center (Portland, OR).",SportsDataVerse hoopR / ESPN NBA Hidden API
1252,310423029,2010-2011,2010,Playoffs,WESTERN CONFERENCE 1st ROUND - GAME 3,2011-04-23,Saturday,23:30,San Antonio Spurs,Memphis Grizzlies,Memphis Grizzlies,San Antonio Spurs,91,88,179,3,Memphis Grizzlies,San Antonio Spurs,Home Win (91-88),91-88,Four 12-minute quarters / 48 min,No,FedExForum,"Memphis, TN",0,Memphis Grizzlies team victory,"Memphis Grizzlies defeated San Antonio Spurs 91-88 in WESTERN CONFERENCE 1st ROUND - GAME 3 at FedExForum (Memphis, TN).",SportsDataVerse hoopR / ESPN NBA Hidden API
1253,310423007,2010-2011,2010,Playoffs,WESTERN CONFERENCE 1st ROUND - GAME 3,2011-04-23,Saturday,02:00,Oklahoma City Thunder,Denver Nuggets,Denver Nuggets,Oklahoma City Thunder,94,97,191,3,Oklahoma City Thunder,Denver Nuggets,Away Win (97-94),94-97,Four 12-minute quarters / 48 min,No,Ball Arena,"Denver, CO",0,Oklahoma City Thunder team victory,"Oklahoma City Thunder defeated Denver Nuggets 97-94 in WESTERN CONFERENCE 1st ROUND - GAME 3 at Ball Arena (Denver, CO).",SportsDataVerse hoopR / ESPN NBA Hidden API
1254,310424020,2010-2011,2010,Playoffs,EASTERN CONFERENCE 1st ROUND - GAME 4,2011-04-24,Sunday,17:00,Miami Heat,Philadelphia 76ers,Philadelphia 76ers,Miami Heat,86,82,168,4,Philadelphia 76ers,Miami Heat,Home Win (86-82),86-82,Four 12-minute quarters / 48 min,No,Wells Fargo Center,"Philadelphia, PA",0,Philadelphia 76ers team victory,"Philadelphia 76ers defeated Miami Heat 86-82 in EASTERN CONFERENCE 1st ROUND - GAME 4 at Wells Fargo Center (Philadelphia, PA).",SportsDataVerse hoopR / ESPN NBA Hidden API
1255,310424018,2010-2011,2010,Playoffs,EASTERN CONFERENCE 1st ROUND - GAME 4,2011-04-24,Sunday,19:30,Boston Celtics,New York Knicks,New York Knicks,Boston Celtics,89,101,190,12,Boston Celtics,New York Knicks,Away Win (101-89),89-101,Four 12-minute quarters / 48 min,No,Madison Square Garden,"New York, NY",0,Boston Celtics team victory,"Boston Celtics defeated New York Knicks 101-89 in EASTERN CONFERENCE 1st ROUND - GAME 4 at Madison Square Garden (New York, NY).",SportsDataVerse hoopR / ESPN NBA Hidden API
1256,310424001,2010-2011,2010,Playoffs,EASTERN CONFERENCE 1st ROUND - GAME 4,2011-04-24,Sunday,23:00,Orlando Magic,Atlanta Hawks,Atlanta Hawks,Orlando Magic,88,85,173,3,Atlanta Hawks,Orlando Magic,Home Win (88-85),88-85,Four 12-minute quarters / 48 min,No,State Farm Arena,"Atlanta, GA",0,Atlanta Hawks team victory,"Atlanta Hawks defeated Orlando Magic 88-85 in EASTERN CONFERENCE 1st ROUND - GAME 4 at State Farm Arena (Atlanta, GA).",SportsDataVerse hoopR / ESPN NBA Hidden API
1257,310424003,2010-2011,2010,Playoffs,WESTERN CONFERENCE 1st ROUND - GAME 4,2011-04-24,Sunday,01:30,Los Angeles Lakers,New Orleans Hornets,New Orleans Hornets,Los Angeles Lakers,93,88,181,5,New Orleans Hornets,Los Angeles Lakers,Home Win (93-88),93-88,Four 12-minute quarters / 48 min,No,Smoothie King Center,"New Orleans, LA",0,New Orleans Hornets team victory,"New Orleans Hornets defeated Los Angeles Lakers 93-88 in WESTERN CONFERENCE 1st ROUND - GAME 4 at Smoothie King Center (New Orleans, LA).",SportsDataVerse hoopR / ESPN NBA Hidden API
1258,310425029,2010-2011,2010,Playoffs,WESTERN CONFERENCE 1st ROUND - GAME 4,2011-04-25,Monday,00:00,San Antonio Spurs,Memphis Grizzlies,Memphis Grizzlies,San Antonio Spurs,104,86,190,18,Memphis Grizzlies,San Antonio Spurs,Home Win (104-86),104-86,Four 12-minute quarters / 48 min,No,FedExForum,"Memphis, TN",0,Memphis Grizzlies team victory,"Memphis Grizzlies defeated San Antonio Spurs 104-86 in WESTERN CONFERENCE 1st ROUND - GAME 4 at FedExForum (Memphis, TN).",SportsDataVerse hoopR / ESPN NBA Hidden API
1259,310425006,2010-2011,2010,Playoffs,WESTERN CONFERENCE 1st ROUND - GAME 5,2011-04-25,Monday,00:30,Portland Trail Blazers,Dallas Mavericks,Dallas Mavericks,Portland Trail Blazers,93,82,175,11,Dallas Mavericks,Portland Trail Blazers,Home Win (93-82),93-82,Four 12-minute quarters / 48 min,No,American Airlines Center,"Dallas, TX",0,Dallas Mavericks team victory,"Dallas Mavericks defeated Portland Trail Blazers 93-82 in WESTERN CONFERENCE 1st ROUND - GAME 5 at American Airlines Center (Dallas, TX).",SportsDataVerse hoopR / ESPN NBA Hidden API
1260,310425007,2010-2011,2010,Playoffs,WESTERN CONFERENCE 1st ROUND - GAME 4,2011-04-25,Monday,02:30,Oklahoma City Thunder,Denver Nuggets,Denver Nuggets,Oklahoma City Thunder,104,101,205,3,Denver Nuggets,Oklahoma City Thunder,Home Win (104-101),104-101,Four 12-minute quarters / 48 min,No,Ball Arena,"Denver, CO",0,Denver Nuggets team victory,"Denver Nuggets defeated Oklahoma City Thunder 104-101 in WESTERN CONFERENCE 1st ROUND - GAME 4 at Ball Arena (Denver, CO).",SportsDataVerse hoopR / ESPN NBA Hidden API
1261,310426019,2010-2011,2010,Playoffs,EASTERN CONFERENCE 1st ROUND - GAME 5,2011-04-26,Tuesday,23:30,Atlanta Hawks,Orlando Magic,Orlando Magic,Atlanta Hawks,101,76,177,25,Orlando Magic,Atlanta Hawks,Home Win (101-76),101-76,Four 12-minute quarters / 48 min,No,Amway Center,"Orlando, FL",0,Orlando Magic team victory,"Orlando Magic defeated Atlanta Hawks 101-76 in EASTERN CONFERENCE 1st ROUND - GAME 5 at Amway Center (Orlando, FL).",SportsDataVerse hoopR / ESPN NBA Hidden API
1262,310426004,2010-2011,2010,Playoffs,EASTERN CONFERENCE 1st ROUND - GAME 5,2011-04-26,Tuesday,00:00,Indiana Pacers,Chicago Bulls,Chicago Bulls,Indiana Pacers,116,89,205,27,Chicago Bulls,Indiana Pacers,Home Win (116-89),116-89,Four 12-minute quarters / 48 min,No,United Center,"Chicago, IL",0,Chicago Bulls team victory,"Chicago Bulls defeated Indiana Pacers 116-89 in EASTERN CONFERENCE 1st ROUND - GAME 5 at United Center (Chicago, IL).",SportsDataVerse hoopR / ESPN NBA Hidden API
1263,310426013,2010-2011,2010,Playoffs,WESTERN CONFERENCE 1st ROUND - GAME 5,2011-04-26,Tuesday,02:30,New Orleans Hornets,Los Angeles Lakers,Los Angeles Lakers,New Orleans Hornets,106,90,196,16,Los Angeles Lakers,New Orleans Hornets,Home Win (106-90),106-90,Four 12-minute quarters / 48 min,No,crypto.com Arena,"Los Angeles, CA",0,Los Angeles Lakers team victory,"Los Angeles Lakers defeated New Orleans Hornets 106-90 in WESTERN CONFERENCE 1st ROUND - GAME 5 at crypto.com Arena (Los Angeles, CA).",SportsDataVerse hoopR / ESPN NBA Hidden API
1264,310427014,2010-2011,2010,Playoffs,EASTERN CONFERENCE 1st ROUND - GAME 5,2011-04-27,Wednesday,23:00,Philadelphia 76ers,Miami Heat,Miami Heat,Philadelphia 76ers,97,91,188,6,Miami Heat,Philadelphia 76ers,Home Win (97-91),97-91,Four 12-minute quarters / 48 min,No,Kaseya Center,"Miami, FL",0,Miami Heat team victory,"Miami Heat defeated Philadelphia 76ers 97-91 in EASTERN CONFERENCE 1st ROUND - GAME 5 at Kaseya Center (Miami, FL).",SportsDataVerse hoopR / ESPN NBA Hidden API
1265,310427024,2010-2011,2010,Playoffs,WESTERN CONFERENCE 1st ROUND - GAME 5,2011-04-27,Wednesday,00:30,Memphis Grizzlies,San Antonio Spurs,San Antonio Spurs,Memphis Grizzlies,110,103,213,7,San Antonio Spurs,Memphis Grizzlies,Home Win (110-103),110-103,Four 12-minute quarters / 48 min,Yes,AT&T Center,"San Antonio, TX",0,San Antonio Spurs team victory (OT),"San Antonio Spurs edged Memphis Grizzlies 110-103 in overtime at AT&T Center (San Antonio, TX).",SportsDataVerse hoopR / ESPN NBA Hidden API
1266,310427025,2010-2011,2010,Playoffs,WESTERN CONFERENCE 1st ROUND - GAME 5,2011-04-27,Wednesday,01:30,Denver Nuggets,Oklahoma City Thunder,Oklahoma City Thunder,Denver Nuggets,100,97,197,3,Oklahoma City Thunder,Denver Nuggets,Home Win (100-97),100-97,Four 12-minute quarters / 48 min,No,Paycom Center,"Oklahoma City, OK",0,Oklahoma City Thunder team victory,"Oklahoma City Thunder defeated Denver Nuggets 100-97 in WESTERN CONFERENCE 1st ROUND - GAME 5 at Paycom Center (Oklahoma City, OK).",SportsDataVerse hoopR / ESPN NBA Hidden API
1267,310428001,2010-2011,2010,Playoffs,EASTERN CONFERENCE 1st ROUND - GAME 6,2011-04-28,Thursday,23:30,Orlando Magic,Atlanta Hawks,Atlanta Hawks,Orlando Magic,84,81,165,3,Atlanta Hawks,Orlando Magic,Home Win (84-81),84-81,Four 12-minute quarters / 48 min,No,State Farm Arena,"Atlanta, GA",0,Atlanta Hawks team victory,"Atlanta Hawks defeated Orlando Magic 84-81 in EASTERN CONFERENCE 1st ROUND - GAME 6 at State Farm Arena (Atlanta, GA).",SportsDataVerse hoopR / ESPN NBA Hidden API
1268,310428003,2010-2011,2010,Playoffs,WESTERN CONFERENCE 1st ROUND - GAME 6,2011-04-28,Thursday,00:00,Los Angeles Lakers,New Orleans Hornets,New Orleans Hornets,Los Angeles Lakers,80,98,178,18,Los Angeles Lakers,New Orleans Hornets,Away Win (98-80),80-98,Four 12-minute quarters / 48 min,No,Smoothie King Center,"New Orleans, LA",0,Los Angeles Lakers team victory,"Los Angeles Lakers defeated New Orleans Hornets 98-80 in WESTERN CONFERENCE 1st ROUND - GAME 6 at Smoothie King Center (New Orleans, LA).",SportsDataVerse hoopR / ESPN NBA Hidden API
1269,310428022,2010-2011,2010,Playoffs,WESTERN CONFERENCE 1st ROUND - GAME 6,2011-04-28,Thursday,02:30,Dallas Mavericks,Portland Trail Blazers,Portland Trail Blazers,Dallas Mavericks,96,103,199,7,Dallas Mavericks,Portland Trail Blazers,Away Win (103-96),96-103,Four 12-minute quarters / 48 min,No,Moda Center,"Portland, OR",0,Dallas Mavericks team victory,"Dallas Mavericks defeated Portland Trail Blazers 103-96 in WESTERN CONFERENCE 1st ROUND - GAME 6 at Moda Center (Portland, OR).",SportsDataVerse hoopR / ESPN NBA Hidden API
1270,310429029,2010-2011,2010,Playoffs,WESTERN CONFERENCE 1st ROUND - GAME 6,2011-04-29,Friday,01:00,San Antonio Spurs,Memphis Grizzlies,Memphis Grizzlies,San Antonio Spurs,99,91,190,8,Memphis Grizzlies,San Antonio Spurs,Home Win (99-91),99-91,Four 12-minute quarters / 48 min,No,FedExForum,"Memphis, TN",0,Memphis Grizzlies team victory,"Memphis Grizzlies defeated San Antonio Spurs 99-91 in WESTERN CONFERENCE 1st ROUND - GAME 6 at FedExForum (Memphis, TN).",SportsDataVerse hoopR / ESPN NBA Hidden API
1271,310501025,2010-2011,2010,Playoffs,WESTERN CONFERENCE SEMIFINALS - GAME 1,2011-05-01,Sunday,17:00,Memphis Grizzlies,Oklahoma City Thunder,Oklahoma City Thunder,Memphis Grizzlies,101,114,215,13,Memphis Grizzlies,Oklahoma City Thunder,Away Win (114-101),101-114,Four 12-minute quarters / 48 min,No,Paycom Center,"Oklahoma City, OK",0,Memphis Grizzlies team victory,"Memphis Grizzlies defeated Oklahoma City Thunder 114-101 in WESTERN CONFERENCE SEMIFINALS - GAME 1 at Paycom Center (Oklahoma City, OK).",SportsDataVerse hoopR / ESPN NBA Hidden API
1272,310501014,2010-2011,2010,Playoffs,EASTERN CONFERENCE SEMIFINALS - GAME 1,2011-05-01,Sunday,19:30,Boston Celtics,Miami Heat,Miami Heat,Boston Celtics,99,90,189,9,Miami Heat,Boston Celtics,Home Win (99-90),99-90,Four 12-minute quarters / 48 min,No,Kaseya Center,"Miami, FL",0,Miami Heat team victory,"Miami Heat defeated Boston Celtics 99-90 in EASTERN CONFERENCE SEMIFINALS - GAME 1 at Kaseya Center (Miami, FL).",SportsDataVerse hoopR / ESPN NBA Hidden API
1273,310502004,2010-2011,2010,Playoffs,EASTERN CONFERENCE SEMIFINALS - GAME 1,2011-05-02,Monday,00:00,Atlanta Hawks,Chicago Bulls,Chicago Bulls,Atlanta Hawks,95,103,198,8,Atlanta Hawks,Chicago Bulls,Away Win (103-95),95-103,Four 12-minute quarters / 48 min,No,United Center,"Chicago, IL",0,Atlanta Hawks team victory,"Atlanta Hawks defeated Chicago Bulls 103-95 in EASTERN CONFERENCE SEMIFINALS - GAME 1 at United Center (Chicago, IL).",SportsDataVerse hoopR / ESPN NBA Hidden API
1274,310502013,2010-2011,2010,Playoffs,WESTERN CONFERENCE SEMIFINALS - GAME 1,2011-05-02,Monday,02:30,Dallas Mavericks,Los Angeles Lakers,Los Angeles Lakers,Dallas Mavericks,94,96,190,2,Dallas Mavericks,Los Angeles Lakers,Away Win (96-94),94-96,Four 12-minute quarters / 48 min,No,crypto.com Arena,"Los Angeles, CA",0,Dallas Mavericks team victory,"Dallas Mavericks defeated Los Angeles Lakers 96-94 in WESTERN CONFERENCE SEMIFINALS - GAME 1 at crypto.com Arena (Los Angeles, CA).",SportsDataVerse hoopR / ESPN NBA Hidden API
1275,310503014,2010-2011,2010,Playoffs,EASTERN CONFERENCE SEMIFINALS - GAME 2,2011-05-03,Tuesday,23:00,Boston Celtics,Miami Heat,Miami Heat,Boston Celtics,102,91,193,11,Miami Heat,Boston Celtics,Home Win (102-91),102-91,Four 12-minute quarters / 48 min,No,Kaseya Center,"Miami, FL",0,Miami Heat team victory,"Miami Heat defeated Boston Celtics 102-91 in EASTERN CONFERENCE SEMIFINALS - GAME 2 at Kaseya Center (Miami, FL).",SportsDataVerse hoopR / ESPN NBA Hidden API
1276,310503025,2010-2011,2010,Playoffs,WESTERN CONFERENCE SEMIFINALS - GAME 2,2011-05-03,Tuesday,01:30,Memphis Grizzlies,Oklahoma City Thunder,Oklahoma City Thunder,Memphis Grizzlies,111,102,213,9,Oklahoma City Thunder,Memphis Grizzlies,Home Win (111-102),111-102,Four 12-minute quarters / 48 min,No,Paycom Center,"Oklahoma City, OK",0,Oklahoma City Thunder team victory,"Oklahoma City Thunder defeated Memphis Grizzlies 111-102 in WESTERN CONFERENCE SEMIFINALS - GAME 2 at Paycom Center (Oklahoma City, OK).",SportsDataVerse hoopR / ESPN NBA Hidden API
1277,310504004,2010-2011,2010,Playoffs,EASTERN CONFERENCE SEMIFINALS - GAME 2,2011-05-04,Wednesday,00:00,Atlanta Hawks,Chicago Bulls,Chicago Bulls,Atlanta Hawks,86,73,159,13,Chicago Bulls,Atlanta Hawks,Home Win (86-73),86-73,Four 12-minute quarters / 48 min,No,United Center,"Chicago, IL",0,Chicago Bulls team victory,"Chicago Bulls defeated Atlanta Hawks 86-73 in EASTERN CONFERENCE SEMIFINALS - GAME 2 at United Center (Chicago, IL).",SportsDataVerse hoopR / ESPN NBA Hidden API
1278,310504013,2010-2011,2010,Playoffs,WESTERN CONFERENCE SEMIFINALS - GAME 2,2011-05-04,Wednesday,02:30,Dallas Mavericks,Los Angeles Lakers,Los Angeles Lakers,Dallas Mavericks,81,93,174,12,Dallas Mavericks,Los Angeles Lakers,Away Win (93-81),81-93,Four 12-minute quarters / 48 min,No,crypto.com Arena,"Los Angeles, CA",0,Dallas Mavericks team victory,"Dallas Mavericks defeated Los Angeles Lakers 93-81 in WESTERN CONFERENCE SEMIFINALS - GAME 2 at crypto.com Arena (Los Angeles, CA).",SportsDataVerse hoopR / ESPN NBA Hidden API
1279,310506001,2010-2011,2010,Playoffs,EASTERN CONFERENCE SEMIFINALS - GAME 3,2011-05-06,Friday,23:00,Chicago Bulls,Atlanta Hawks,Atlanta Hawks,Chicago Bulls,82,99,181,17,Chicago Bulls,Atlanta Hawks,Away Win (99-82),82-99,Four 12-minute quarters / 48 min,No,State Farm Arena,"Atlanta, GA",0,Chicago Bulls team victory,"Chicago Bulls defeated Atlanta Hawks 99-82 in EASTERN CONFERENCE SEMIFINALS - GAME 3 at State Farm Arena (Atlanta, GA).",SportsDataVerse hoopR / ESPN NBA Hidden API
1280,310506006,2010-2011,2010,Playoffs,WESTERN CONFERENCE SEMIFINALS - GAME 3,2011-05-06,Friday,01:30,Los Angeles Lakers,Dallas Mavericks,Dallas Mavericks,Los Angeles Lakers,98,92,190,6,Dallas Mavericks,Los Angeles Lakers,Home Win (98-92),98-92,Four 12-minute quarters / 48 min,No,American Airlines Center,"Dallas, TX",0,Dallas Mavericks team victory,"Dallas Mavericks defeated Los Angeles Lakers 98-92 in WESTERN CONFERENCE SEMIFINALS - GAME 3 at American Airlines Center (Dallas, TX).",SportsDataVerse hoopR / ESPN NBA Hidden API
1281,310507029,2010-2011,2010,Playoffs,WESTERN CONFERENCE SEMIFINALS - GAME 3,2011-05-07,Saturday,21:00,Oklahoma City Thunder,Memphis Grizzlies,Memphis Grizzlies,Oklahoma City Thunder,101,93,194,8,Memphis Grizzlies,Oklahoma City Thunder,Home Win (101-93),101-93,Four 12-minute quarters / 48 min,Yes,FedExForum,"Memphis, TN",0,Memphis Grizzlies team victory (OT),"Memphis Grizzlies edged Oklahoma City Thunder 101-93 in overtime at FedExForum (Memphis, TN).",SportsDataVerse hoopR / ESPN NBA Hidden API
1282,310507002,2010-2011,2010,Playoffs,EASTERN CONFERENCE SEMIFINALS - GAME 3,2011-05-07,Saturday,00:00,Miami Heat,Boston Celtics,Boston Celtics,Miami Heat,97,81,178,16,Boston Celtics,Miami Heat,Home Win (97-81),97-81,Four 12-minute quarters / 48 min,No,TD Garden,"Boston, MA",0,Boston Celtics team victory,"Boston Celtics defeated Miami Heat 97-81 in EASTERN CONFERENCE SEMIFINALS - GAME 3 at TD Garden (Boston, MA).",SportsDataVerse hoopR / ESPN NBA Hidden API
1283,310508006,2010-2011,2010,Playoffs,WESTERN CONFERENCE SEMIFINALS - GAME 4,2011-05-08,Sunday,19:30,Los Angeles Lakers,Dallas Mavericks,Dallas Mavericks,Los Angeles Lakers,122,86,208,36,Dallas Mavericks,Los Angeles Lakers,Home Win (122-86),122-86,Four 12-minute quarters / 48 min,No,American Airlines Center,"Dallas, TX",0,Dallas Mavericks team victory,"Dallas Mavericks defeated Los Angeles Lakers 122-86 in WESTERN CONFERENCE SEMIFINALS - GAME 4 at American Airlines Center (Dallas, TX).",SportsDataVerse hoopR / ESPN NBA Hidden API
1284,310508001,2010-2011,2010,Playoffs,EASTERN CONFERENCE SEMIFINALS - GAME 4,2011-05-08,Sunday,00:00,Chicago Bulls,Atlanta Hawks,Atlanta Hawks,Chicago Bulls,100,88,188,12,Atlanta Hawks,Chicago Bulls,Home Win (100-88),100-88,Four 12-minute quarters / 48 min,No,State Farm Arena,"Atlanta, GA",0,Atlanta Hawks team victory,"Atlanta Hawks defeated Chicago Bulls 100-88 in EASTERN CONFERENCE SEMIFINALS - GAME 4 at State Farm Arena (Atlanta, GA).",SportsDataVerse hoopR / ESPN NBA Hidden API
1285,310509002,2010-2011,2010,Playoffs,EASTERN CONFERENCE SEMIFINALS - GAME 4,2011-05-09,Monday,23:00,Miami Heat,Boston Celtics,Boston Celtics,Miami Heat,90,98,188,8,Miami Heat,Boston Celtics,Away Win (98-90),90-98,Four 12-minute quarters / 48 min,Yes,TD Garden,"Boston, MA",0,Miami Heat team victory (OT),"Miami Heat edged Boston Celtics 98-90 in overtime at TD Garden (Boston, MA).",SportsDataVerse hoopR / ESPN NBA Hidden API
1286,310509029,2010-2011,2010,Playoffs,WESTERN CONFERENCE SEMIFINALS - GAME 4,2011-05-09,Monday,01:30,Oklahoma City Thunder,Memphis Grizzlies,Memphis Grizzlies,Oklahoma City Thunder,123,133,256,10,Oklahoma City Thunder,Memphis Grizzlies,Away Win (133-123),123-133,Four 12-minute quarters / 48 min,Yes,FedExForum,"Memphis, TN",0,Oklahoma City Thunder team victory (OT),"Oklahoma City Thunder edged Memphis Grizzlies 133-123 in overtime at FedExForum (Memphis, TN).",SportsDataVerse hoopR / ESPN NBA Hidden API
1287,310510004,2010-2011,2010,Playoffs,EASTERN CONFERENCE SEMIFINALS - GAME 5,2011-05-10,Tuesday,00:00,Atlanta Hawks,Chicago Bulls,Chicago Bulls,Atlanta Hawks,95,83,178,12,Chicago Bulls,Atlanta Hawks,Home Win (95-83),95-83,Four 12-minute quarters / 48 min,No,United Center,"Chicago, IL",0,Chicago Bulls team victory,"Chicago Bulls defeated Atlanta Hawks 95-83 in EASTERN CONFERENCE SEMIFINALS - GAME 5 at United Center (Chicago, IL).",SportsDataVerse hoopR / ESPN NBA Hidden API
1288,310511014,2010-2011,2010,Playoffs,EASTERN CONFERENCE SEMIFINALS - GAME 5,2011-05-11,Wednesday,23:00,Boston Celtics,Miami Heat,Miami Heat,Boston Celtics,97,87,184,10,Miami Heat,Boston Celtics,Home Win (97-87),97-87,Four 12-minute quarters / 48 min,No,Kaseya Center,"Miami, FL",0,Miami Heat team victory,"Miami Heat defeated Boston Celtics 97-87 in EASTERN CONFERENCE SEMIFINALS - GAME 5 at Kaseya Center (Miami, FL).",SportsDataVerse hoopR / ESPN NBA Hidden API
1289,310511025,2010-2011,2010,Playoffs,WESTERN CONFERENCE SEMIFINALS - GAME 5,2011-05-11,Wednesday,01:30,Memphis Grizzlies,Oklahoma City Thunder,Oklahoma City Thunder,Memphis Grizzlies,99,72,171,27,Oklahoma City Thunder,Memphis Grizzlies,Home Win (99-72),99-72,Four 12-minute quarters / 48 min,No,Paycom Center,"Oklahoma City, OK",0,Oklahoma City Thunder team victory,"Oklahoma City Thunder defeated Memphis Grizzlies 99-72 in WESTERN CONFERENCE SEMIFINALS - GAME 5 at Paycom Center (Oklahoma City, OK).",SportsDataVerse hoopR / ESPN NBA Hidden API
1290,310512001,2010-2011,2010,Playoffs,EASTERN CONFERENCE SEMIFINALS - GAME 6,2011-05-12,Thursday,00:00,Chicago Bulls,Atlanta Hawks,Atlanta Hawks,Chicago Bulls,73,93,166,20,Chicago Bulls,Atlanta Hawks,Away Win (93-73),73-93,Four 12-minute quarters / 48 min,No,State Farm Arena,"Atlanta, GA",0,Chicago Bulls team victory,"Chicago Bulls defeated Atlanta Hawks 93-73 in EASTERN CONFERENCE SEMIFINALS - GAME 6 at State Farm Arena (Atlanta, GA).",SportsDataVerse hoopR / ESPN NBA Hidden API
1291,310513029,2010-2011,2010,Playoffs,WESTERN CONFERENCE SEMIFINALS - GAME 6,2011-05-13,Friday,01:00,Oklahoma City Thunder,Memphis Grizzlies,Memphis Grizzlies,Oklahoma City Thunder,95,83,178,12,Memphis Grizzlies,Oklahoma City Thunder,Home Win (95-83),95-83,Four 12-minute quarters / 48 min,No,FedExForum,"Memphis, TN",0,Memphis Grizzlies team victory,"Memphis Grizzlies defeated Oklahoma City Thunder 95-83 in WESTERN CONFERENCE SEMIFINALS - GAME 6 at FedExForum (Memphis, TN).",SportsDataVerse hoopR / ESPN NBA Hidden API
1292,310515025,2010-2011,2010,Playoffs,WESTERN CONFERENCE SEMIFINALS - GAME 7,2011-05-15,Sunday,19:30,Memphis Grizzlies,Oklahoma City Thunder,Oklahoma City Thunder,Memphis Grizzlies,105,90,195,15,Oklahoma City Thunder,Memphis Grizzlies,Home Win (105-90),105-90,Four 12-minute quarters / 48 min,No,Paycom Center,"Oklahoma City, OK",0,Oklahoma City Thunder team victory,"Oklahoma City Thunder defeated Memphis Grizzlies 105-90 in WESTERN CONFERENCE SEMIFINALS - GAME 7 at Paycom Center (Oklahoma City, OK).",SportsDataVerse hoopR / ESPN NBA Hidden API
1293,310515004,2010-2011,2010,Conference Finals,EASTERN CONFERENCE FINALS - GAME 1,2011-05-15,Sunday,00:00,Miami Heat,Chicago Bulls,Chicago Bulls,Miami Heat,103,82,185,21,Chicago Bulls,Miami Heat,Home Win (103-82),103-82,Four 12-minute quarters / 48 min,No,United Center,"Chicago, IL",0,Chicago Bulls team victory,"Chicago Bulls defeated Miami Heat 103-82 in EASTERN CONFERENCE FINALS - GAME 1 at United Center (Chicago, IL).",SportsDataVerse hoopR / ESPN NBA Hidden API
1294,310517006,2010-2011,2010,Conference Finals,WESTERN CONFERENCE FINALS - GAME 1,2011-05-17,Tuesday,01:00,Oklahoma City Thunder,Dallas Mavericks,Dallas Mavericks,Oklahoma City Thunder,121,112,233,9,Dallas Mavericks,Oklahoma City Thunder,Home Win (121-112),121-112,Four 12-minute quarters / 48 min,No,American Airlines Center,"Dallas, TX",0,Dallas Mavericks team victory,"Dallas Mavericks defeated Oklahoma City Thunder 121-112 in WESTERN CONFERENCE FINALS - GAME 1 at American Airlines Center (Dallas, TX).",SportsDataVerse hoopR / ESPN NBA Hidden API
1295,310518004,2010-2011,2010,Conference Finals,EASTERN CONFERENCE FINALS - GAME 2,2011-05-18,Wednesday,00:30,Miami Heat,Chicago Bulls,Chicago Bulls,Miami Heat,75,85,160,10,Miami Heat,Chicago Bulls,Away Win (85-75),75-85,Four 12-minute quarters / 48 min,No,United Center,"Chicago, IL",0,Miami Heat team victory,"Miami Heat defeated Chicago Bulls 85-75 in EASTERN CONFERENCE FINALS - GAME 2 at United Center (Chicago, IL).",SportsDataVerse hoopR / ESPN NBA Hidden API
1296,310519006,2010-2011,2010,Conference Finals,WESTERN CONFERENCE FINALS - GAME 2,2011-05-19,Thursday,01:00,Oklahoma City Thunder,Dallas Mavericks,Dallas Mavericks,Oklahoma City Thunder,100,106,206,6,Oklahoma City Thunder,Dallas Mavericks,Away Win (106-100),100-106,Four 12-minute quarters / 48 min,No,American Airlines Center,"Dallas, TX",0,Oklahoma City Thunder team victory,"Oklahoma City Thunder defeated Dallas Mavericks 106-100 in WESTERN CONFERENCE FINALS - GAME 2 at American Airlines Center (Dallas, TX).",SportsDataVerse hoopR / ESPN NBA Hidden API
1297,310521025,2010-2011,2010,Conference Finals,WESTERN CONFERENCE FINALS - GAME 3,2011-05-21,Saturday,01:00,Dallas Mavericks,Oklahoma City Thunder,Oklahoma City Thunder,Dallas Mavericks,87,93,180,6,Dallas Mavericks,Oklahoma City Thunder,Away Win (93-87),87-93,Four 12-minute quarters / 48 min,No,Paycom Center,"Oklahoma City, OK",0,Dallas Mavericks team victory,"Dallas Mavericks defeated Oklahoma City Thunder 93-87 in WESTERN CONFERENCE FINALS - GAME 3 at Paycom Center (Oklahoma City, OK).",SportsDataVerse hoopR / ESPN NBA Hidden API
1298,310522014,2010-2011,2010,Conference Finals,EASTERN CONFERENCE FINALS - GAME 3,2011-05-22,Sunday,00:30,Chicago Bulls,Miami Heat,Miami Heat,Chicago Bulls,96,85,181,11,Miami Heat,Chicago Bulls,Home Win (96-85),96-85,Four 12-minute quarters / 48 min,No,Kaseya Center,"Miami, FL",0,Miami Heat team victory,"Miami Heat defeated Chicago Bulls 96-85 in EASTERN CONFERENCE FINALS - GAME 3 at Kaseya Center (Miami, FL).",SportsDataVerse hoopR / ESPN NBA Hidden API
1299,310523025,2010-2011,2010,Conference Finals,WESTERN CONFERENCE FINALS - GAME 4,2011-05-23,Monday,01:00,Dallas Mavericks,Oklahoma City Thunder,Oklahoma City Thunder,Dallas Mavericks,105,112,217,7,Dallas Mavericks,Oklahoma City Thunder,Away Win (112-105),105-112,Four 12-minute quarters / 48 min,Yes,Paycom Center,"Oklahoma City, OK",0,Dallas Mavericks team victory (OT),"Dallas Mavericks edged Oklahoma City Thunder 112-105 in overtime at Paycom Center (Oklahoma City, OK).",SportsDataVerse hoopR / ESPN NBA Hidden API
1300,310524014,2010-2011,2010,Conference Finals,EASTERN CONFERENCE FINALS - GAME 4,2011-05-24,Tuesday,00:30,Chicago Bulls,Miami Heat,Miami Heat,Chicago Bulls,101,93,194,8,Miami Heat,Chicago Bulls,Home Win (101-93),101-93,Four 12-minute quarters / 48 min,Yes,Kaseya Center,"Miami, FL",0,Miami Heat team victory (OT),"Miami Heat edged Chicago Bulls 101-93 in overtime at Kaseya Center (Miami, FL).",SportsDataVerse hoopR / ESPN NBA Hidden API
1301,310525006,2010-2011,2010,Conference Finals,WESTERN CONFERENCE FINALS - GAME 5,2011-05-25,Wednesday,01:00,Oklahoma City Thunder,Dallas Mavericks,Dallas Mavericks,Oklahoma City Thunder,100,96,196,4,Dallas Mavericks,Oklahoma City Thunder,Home Win (100-96),100-96,Four 12-minute quarters / 48 min,No,American Airlines Center,"Dallas, TX",0,Dallas Mavericks team victory,"Dallas Mavericks defeated Oklahoma City Thunder 100-96 in WESTERN CONFERENCE FINALS - GAME 5 at American Airlines Center (Dallas, TX).",SportsDataVerse hoopR / ESPN NBA Hidden API
1302,310526004,2010-2011,2010,Conference Finals,EASTERN CONFERENCE FINALS - GAME 5,2011-05-26,Thursday,00:30,Miami Heat,Chicago Bulls,Chicago Bulls,Miami Heat,80,83,163,3,Miami Heat,Chicago Bulls,Away Win (83-80),80-83,Four 12-minute quarters / 48 min,No,United Center,"Chicago, IL",0,Miami Heat team victory,"Miami Heat defeated Chicago Bulls 83-80 in EASTERN CONFERENCE FINALS - GAME 5 at United Center (Chicago, IL).",SportsDataVerse hoopR / ESPN NBA Hidden API
1303,310531014,2010-2011,2010,Finals,NBA FINALS - GAME 1,2011-05-31,Tuesday,01:00,Dallas Mavericks,Miami Heat,Miami Heat,Dallas Mavericks,92,84,176,8,Miami Heat,Dallas Mavericks,Home Win (92-84),92-84,Four 12-minute quarters / 48 min,No,Kaseya Center,"Miami, FL",0,Miami Heat team victory,"Miami Heat defeated Dallas Mavericks 92-84 in NBA FINALS - GAME 1 at Kaseya Center (Miami, FL).",SportsDataVerse hoopR / ESPN NBA Hidden API
1304,310602014,2010-2011,2010,Finals,NBA FINALS - GAME 2,2011-06-02,Thursday,01:00,Dallas Mavericks,Miami Heat,Miami Heat,Dallas Mavericks,93,95,188,2,Dallas Mavericks,Miami Heat,Away Win (95-93),93-95,Four 12-minute quarters / 48 min,No,Kaseya Center,"Miami, FL",0,Dallas Mavericks team victory,"Dallas Mavericks defeated Miami Heat 95-93 in NBA FINALS - GAME 2 at Kaseya Center (Miami, FL).",SportsDataVerse hoopR / ESPN NBA Hidden API
1305,310605006,2010-2011,2010,Finals,NBA FINALS - GAME 3,2011-06-05,Sunday,00:00,Miami Heat,Dallas Mavericks,Dallas Mavericks,Miami Heat,86,88,174,2,Miami Heat,Dallas Mavericks,Away Win (88-86),86-88,Four 12-minute quarters / 48 min,No,American Airlines Center,"Dallas, TX",0,Miami Heat team victory,"Miami Heat defeated Dallas Mavericks 88-86 in NBA FINALS - GAME 3 at American Airlines Center (Dallas, TX).",SportsDataVerse hoopR / ESPN NBA Hidden API
1306,310609006,2010-2011,2010,Finals,NBA FINALS - GAME 5,2011-06-09,Thursday,01:00,Miami Heat,Dallas Mavericks,Dallas Mavericks,Miami Heat,112,103,215,9,Dallas Mavericks,Miami Heat,Home Win (112-103),112-103,Four 12-minute quarters / 48 min,No,American Airlines Center,"Dallas, TX",0,Dallas Mavericks team victory,"Dallas Mavericks defeated Miami Heat 112-103 in NBA FINALS - GAME 5 at American Airlines Center (Dallas, TX).",SportsDataVerse hoopR / ESPN NBA Hidden API
1307,310612014,2010-2011,2010,Finals,NBA FINALS - GAME 6,2011-06-12,Sunday,00:00,Dallas Mavericks,Miami Heat,Miami Heat,Dallas Mavericks,95,105,200,10,Dallas Mavericks,Miami Heat,Away Win (105-95),95-105,Four 12-minute quarters / 48 min,No,Kaseya Center,"Miami, FL",0,Dallas Mavericks team victory,"Dallas Mavericks defeated Miami Heat 105-95 in NBA FINALS - GAME 6 at Kaseya Center (Miami, FL).",SportsDataVerse hoopR / ESPN NBA Hidden API
