Game Number,Game ID,Season,Season Year,"Game Type (Pre-Season, Regular Season, Play-In, Playoffs, Conference Finals, Finals, Not applicable)",Round / Stage,Date,Day of Week,Start Time,Team A,Team B,Home,Away,Home Score,Away Score,Total Points,Winning Margin,Winning Team,Losing Team,Result,Game Score,Period Format,Overtime,Venue,City,Attendance,Notable Players,A Succint one line game comment to summarise that game,Primary Data Source
1,261031013,2006-2007,2006,Regular Season,Regular Season,2006-10-31,Tuesday,00:30,Phoenix Suns,Los Angeles Lakers,Los Angeles Lakers,Phoenix Suns,114,106,220,8,Los Angeles Lakers,Phoenix Suns,Home Win (114-106),114-106,Four 12-minute quarters / 48 min,No,crypto.com Arena,"Los Angeles, CA",18997,Los Angeles Lakers team victory,"Los Angeles Lakers defeated Phoenix Suns 114-106 in Regular Season at crypto.com Arena (Los Angeles, CA).",SportsDataVerse hoopR / ESPN NBA Hidden API
2,261031014,2006-2007,2006,Regular Season,Regular Season,2006-10-31,Tuesday,01:00,Chicago Bulls,Miami Heat,Miami Heat,Chicago Bulls,66,108,174,42,Chicago Bulls,Miami Heat,Away Win (108-66),66-108,Four 12-minute quarters / 48 min,No,Kaseya Center,"Miami, FL",20229,Chicago Bulls team victory,"Chicago Bulls defeated Miami Heat 108-66 in Regular Season at Kaseya Center (Miami, FL).",SportsDataVerse hoopR / ESPN NBA Hidden API
3,261101016,2006-2007,2006,Regular Season,Regular Season,2006-11-01,Wednesday,00:00,Sacramento Kings,Minnesota Timberwolves,Minnesota Timberwolves,Sacramento Kings,92,83,175,9,Minnesota Timberwolves,Sacramento Kings,Home Win (92-83),92-83,Four 12-minute quarters / 48 min,No,Target Center,"Minneapolis, MN",19356,Minnesota Timberwolves team victory,"Minnesota Timberwolves defeated Sacramento Kings 92-83 in Regular Season at Target Center (Minneapolis, MN).",SportsDataVerse hoopR / ESPN NBA Hidden API
4,261101019,2006-2007,2006,Regular Season,Regular Season,2006-11-01,Wednesday,00:00,Chicago Bulls,Orlando Magic,Orlando Magic,Chicago Bulls,109,94,203,15,Orlando Magic,Chicago Bulls,Home Win (109-94),109-94,Four 12-minute quarters / 48 min,No,Amway Arena,"Orlando, FL",17451,Orlando Magic team victory,"Orlando Magic defeated Chicago Bulls 109-94 in Regular Season at Amway Arena (Orlando, FL).",SportsDataVerse hoopR / ESPN NBA Hidden API
5,261101020,2006-2007,2006,Regular Season,Regular Season,2006-11-01,Wednesday,00:00,Atlanta Hawks,Philadelphia 76ers,Philadelphia 76ers,Atlanta Hawks,88,75,163,13,Philadelphia 76ers,Atlanta Hawks,Home Win (88-75),88-75,Four 12-minute quarters / 48 min,No,Wells Fargo Center,"Philadelphia, PA",17119,Philadelphia 76ers team victory,"Philadelphia 76ers defeated Atlanta Hawks 88-75 in Regular Season at Wells Fargo Center (Philadelphia, PA).",SportsDataVerse hoopR / ESPN NBA Hidden API
6,261101025,2006-2007,2006,Regular Season,Regular Season,2006-11-01,Wednesday,00:00,Portland Trail Blazers,Seattle SuperSonics,Seattle SuperSonics,Portland Trail Blazers,106,110,216,4,Portland Trail Blazers,Seattle SuperSonics,Away Win (110-106),106-110,Four 12-minute quarters / 48 min,No,KeyArena,"Seattle, WA",17072,Portland Trail Blazers team victory,"Portland Trail Blazers defeated Seattle SuperSonics 110-106 in Regular Season at KeyArena (Seattle, WA).",SportsDataVerse hoopR / ESPN NBA Hidden API
7,261101026,2006-2007,2006,Regular Season,Regular Season,2006-11-01,Wednesday,00:00,Houston Rockets,Utah Jazz,Utah Jazz,Houston Rockets,107,97,204,10,Utah Jazz,Houston Rockets,Home Win (107-97),107-97,Four 12-minute quarters / 48 min,No,Vivint Arena,"Salt Lake City, UT",18133,Utah Jazz team victory,"Utah Jazz defeated Houston Rockets 107-97 in Regular Season at Vivint Arena (Salt Lake City, UT).",SportsDataVerse hoopR / ESPN NBA Hidden API
8,261101029,2006-2007,2006,Regular Season,Regular Season,2006-11-01,Wednesday,00:00,New York Knicks,Memphis Grizzlies,Memphis Grizzlies,New York Knicks,117,118,235,1,New York Knicks,Memphis Grizzlies,Away Win (118-117),117-118,Four 12-minute quarters / 48 min,Yes,FedExForum,"Memphis, TN",17113,New York Knicks team victory (OT),"New York Knicks edged Memphis Grizzlies 118-117 in overtime at FedExForum (Memphis, TN).",SportsDataVerse hoopR / ESPN NBA Hidden API
9,261101030,2006-2007,2006,Regular Season,Regular Season,2006-11-01,Wednesday,00:00,Indiana Pacers,Charlotte Bobcats,Charlotte Bobcats,Indiana Pacers,99,106,205,7,Indiana Pacers,Charlotte Bobcats,Away Win (106-99),99-106,Four 12-minute quarters / 48 min,No,Spectrum Center,"Charlotte, NC",18518,Indiana Pacers team victory,"Indiana Pacers defeated Charlotte Bobcats 106-99 in Regular Season at Spectrum Center (Charlotte, NC).",SportsDataVerse hoopR / ESPN NBA Hidden API
10,261101002,2006-2007,2006,Regular Season,Regular Season,2006-11-01,Wednesday,00:30,NO/Oklahoma City Hornets,Boston Celtics,Boston Celtics,NO/Oklahoma City Hornets,87,91,178,4,NO/Oklahoma City Hornets,Boston Celtics,Away Win (91-87),87-91,Four 12-minute quarters / 48 min,No,TD Garden,"Boston, MA",18624,NO/Oklahoma City Hornets team victory,"NO/Oklahoma City Hornets defeated Boston Celtics 91-87 in Regular Season at TD Garden (Boston, MA).",SportsDataVerse hoopR / ESPN NBA Hidden API
11,261101009,2006-2007,2006,Regular Season,Regular Season,2006-11-01,Wednesday,00:30,Los Angeles Lakers,Golden State Warriors,Golden State Warriors,Los Angeles Lakers,98,110,208,12,Los Angeles Lakers,Golden State Warriors,Away Win (110-98),98-110,Four 12-minute quarters / 48 min,No,ORACLE Arena,"Oakland, CA",19596,Los Angeles Lakers team victory,"Los Angeles Lakers defeated Golden State Warriors 110-98 in Regular Season at ORACLE Arena (Oakland, CA).",SportsDataVerse hoopR / ESPN NBA Hidden API
12,261101017,2006-2007,2006,Regular Season,Regular Season,2006-11-01,Wednesday,00:30,Toronto Raptors,New Jersey Nets,New Jersey Nets,Toronto Raptors,102,92,194,10,New Jersey Nets,Toronto Raptors,Home Win (102-92),102-92,Four 12-minute quarters / 48 min,No,IZOD Center,"East Rutherford, NJ",18646,New Jersey Nets team victory,"New Jersey Nets defeated Toronto Raptors 102-92 in Regular Season at IZOD Center (East Rutherford, NJ).",SportsDataVerse hoopR / ESPN NBA Hidden API
13,261101005,2006-2007,2006,Regular Season,Regular Season,2006-11-01,Wednesday,01:00,Washington Wizards,Cleveland Cavaliers,Cleveland Cavaliers,Washington Wizards,97,94,191,3,Cleveland Cavaliers,Washington Wizards,Home Win (97-94),97-94,Four 12-minute quarters / 48 min,No,Rocket Mortgage FieldHouse,"Cleveland, OH",20562,Cleveland Cavaliers team victory,"Cleveland Cavaliers defeated Washington Wizards 97-94 in Regular Season at Rocket Mortgage FieldHouse (Cleveland, OH).",SportsDataVerse hoopR / ESPN NBA Hidden API
14,261101008,2006-2007,2006,Regular Season,Regular Season,2006-11-01,Wednesday,01:00,Milwaukee Bucks,Detroit Pistons,Detroit Pistons,Milwaukee Bucks,97,105,202,8,Milwaukee Bucks,Detroit Pistons,Away Win (105-97),97-105,Four 12-minute quarters / 48 min,No,The Palace of Auburn Hills,"Detroit, MI",22076,Milwaukee Bucks team victory,"Milwaukee Bucks defeated Detroit Pistons 105-97 in Regular Season at The Palace of Auburn Hills (Detroit, MI).",SportsDataVerse hoopR / ESPN NBA Hidden API
15,261101021,2006-2007,2006,Regular Season,Regular Season,2006-11-01,Wednesday,01:30,LA Clippers,Phoenix Suns,Phoenix Suns,LA Clippers,112,104,216,8,Phoenix Suns,LA Clippers,Home Win (112-104),112-104,Four 12-minute quarters / 48 min,No,Footprint Center,"Phoenix, AZ",18422,Phoenix Suns team victory,"Phoenix Suns defeated LA Clippers 112-104 in Regular Season at Footprint Center (Phoenix, AZ).",SportsDataVerse hoopR / ESPN NBA Hidden API
16,261102006,2006-2007,2006,Regular Season,Regular Season,2006-11-02,Thursday,00:00,San Antonio Spurs,Dallas Mavericks,Dallas Mavericks,San Antonio Spurs,91,97,188,6,San Antonio Spurs,Dallas Mavericks,Away Win (97-91),91-97,Four 12-minute quarters / 48 min,No,American Airlines Center,"Dallas, TX",20416,San Antonio Spurs team victory,"San Antonio Spurs defeated Dallas Mavericks 97-91 in Regular Season at American Airlines Center (Dallas, TX).",SportsDataVerse hoopR / ESPN NBA Hidden API
17,261102012,2006-2007,2006,Regular Season,Regular Season,2006-11-02,Thursday,00:30,Denver Nuggets,LA Clippers,LA Clippers,Denver Nuggets,96,95,191,1,LA Clippers,Denver Nuggets,Home Win (96-95),96-95,Four 12-minute quarters / 48 min,No,crypto.com Arena,"Los Angeles, CA",18050,LA Clippers team victory,"LA Clippers defeated Denver Nuggets 96-95 in Regular Season at crypto.com Arena (Los Angeles, CA).",SportsDataVerse hoopR / ESPN NBA Hidden API
18,261103007,2006-2007,2006,Regular Season,Regular Season,2006-11-03,Friday,00:00,Minnesota Timberwolves,Denver Nuggets,Denver Nuggets,Minnesota Timberwolves,109,112,221,3,Minnesota Timberwolves,Denver Nuggets,Away Win (112-109),109-112,Four 12-minute quarters / 48 min,No,Ball Arena,"Denver, CO",19234,Minnesota Timberwolves team victory,"Minnesota Timberwolves defeated Denver Nuggets 112-109 in Regular Season at Ball Arena (Denver, CO).",SportsDataVerse hoopR / ESPN NBA Hidden API
19,261103011,2006-2007,2006,Regular Season,Regular Season,2006-11-03,Friday,00:00,NO/Oklahoma City Hornets,Indiana Pacers,Indiana Pacers,NO/Oklahoma City Hornets,91,100,191,9,NO/Oklahoma City Hornets,Indiana Pacers,Away Win (100-91),91-100,Four 12-minute quarters / 48 min,No,Gainbridge Fieldhouse,"Indianapolis, IN",18165,NO/Oklahoma City Hornets team victory,"NO/Oklahoma City Hornets defeated Indiana Pacers 100-91 in Regular Season at Gainbridge Fieldhouse (Indianapolis, IN).",SportsDataVerse hoopR / ESPN NBA Hidden API
20,261103019,2006-2007,2006,Regular Season,Regular Season,2006-11-03,Friday,00:00,Philadelphia 76ers,Orlando Magic,Orlando Magic,Philadelphia 76ers,103,105,208,2,Philadelphia 76ers,Orlando Magic,Away Win (105-103),103-105,Four 12-minute quarters / 48 min,No,Amway Arena,"Orlando, FL",17451,Philadelphia 76ers team victory,"Philadelphia 76ers defeated Orlando Magic 105-103 in Regular Season at Amway Arena (Orlando, FL).",SportsDataVerse hoopR / ESPN NBA Hidden API
21,261103021,2006-2007,2006,Regular Season,Regular Season,2006-11-03,Friday,00:00,Utah Jazz,Phoenix Suns,Phoenix Suns,Utah Jazz,104,108,212,4,Utah Jazz,Phoenix Suns,Away Win (108-104),104-108,Four 12-minute quarters / 48 min,No,Footprint Center,"Phoenix, AZ",18422,Utah Jazz team victory,"Utah Jazz defeated Phoenix Suns 108-104 in Regular Season at Footprint Center (Phoenix, AZ).",SportsDataVerse hoopR / ESPN NBA Hidden API
22,261103024,2006-2007,2006,Regular Season,Regular Season,2006-11-03,Friday,00:00,Cleveland Cavaliers,San Antonio Spurs,San Antonio Spurs,Cleveland Cavaliers,81,88,169,7,Cleveland Cavaliers,San Antonio Spurs,Away Win (88-81),81-88,Four 12-minute quarters / 48 min,No,AT&T Center,"San Antonio, TX",18797,Cleveland Cavaliers team victory,"Cleveland Cavaliers defeated San Antonio Spurs 88-81 in Regular Season at AT&T Center (San Antonio, TX).",SportsDataVerse hoopR / ESPN NBA Hidden API
23,261103028,2006-2007,2006,Regular Season,Regular Season,2006-11-03,Friday,00:00,Milwaukee Bucks,Toronto Raptors,Toronto Raptors,Milwaukee Bucks,109,92,201,17,Toronto Raptors,Milwaukee Bucks,Home Win (109-92),109-92,Four 12-minute quarters / 48 min,No,Scotiabank Arena,"Toronto, ON",19832,Toronto Raptors team victory,"Toronto Raptors defeated Milwaukee Bucks 109-92 in Regular Season at Scotiabank Arena (Toronto, ON).",SportsDataVerse hoopR / ESPN NBA Hidden API
24,261103029,2006-2007,2006,Regular Season,Regular Season,2006-11-03,Friday,00:00,Charlotte Bobcats,Memphis Grizzlies,Memphis Grizzlies,Charlotte Bobcats,96,83,179,13,Memphis Grizzlies,Charlotte Bobcats,Home Win (96-83),96-83,Four 12-minute quarters / 48 min,No,FedExForum,"Memphis, TN",13787,Memphis Grizzlies team victory,"Memphis Grizzlies defeated Charlotte Bobcats 96-83 in Regular Season at FedExForum (Memphis, TN).",SportsDataVerse hoopR / ESPN NBA Hidden API
25,261103001,2006-2007,2006,Regular Season,Regular Season,2006-11-03,Friday,00:30,New York Knicks,Atlanta Hawks,Atlanta Hawks,New York Knicks,102,92,194,10,Atlanta Hawks,New York Knicks,Home Win (102-92),102-92,Four 12-minute quarters / 48 min,No,State Farm Arena,"Atlanta, GA",19604,Atlanta Hawks team victory,"Atlanta Hawks defeated New York Knicks 102-92 in Regular Season at State Farm Arena (Atlanta, GA).",SportsDataVerse hoopR / ESPN NBA Hidden API
26,261103002,2006-2007,2006,Regular Season,Regular Season,2006-11-03,Friday,00:30,Detroit Pistons,Boston Celtics,Boston Celtics,Detroit Pistons,88,101,189,13,Detroit Pistons,Boston Celtics,Away Win (101-88),88-101,Four 12-minute quarters / 48 min,No,TD Garden,"Boston, MA",18624,Detroit Pistons team victory,"Detroit Pistons defeated Boston Celtics 101-88 in Regular Season at TD Garden (Boston, MA).",SportsDataVerse hoopR / ESPN NBA Hidden API
27,261103004,2006-2007,2006,Regular Season,Regular Season,2006-11-03,Friday,00:30,Sacramento Kings,Chicago Bulls,Chicago Bulls,Sacramento Kings,88,89,177,1,Sacramento Kings,Chicago Bulls,Away Win (89-88),88-89,Four 12-minute quarters / 48 min,No,United Center,"Chicago, IL",22454,Sacramento Kings team victory,"Sacramento Kings defeated Chicago Bulls 89-88 in Regular Season at United Center (Chicago, IL).",SportsDataVerse hoopR / ESPN NBA Hidden API
28,261103009,2006-2007,2006,Regular Season,Regular Season,2006-11-03,Friday,00:30,Portland Trail Blazers,Golden State Warriors,Golden State Warriors,Portland Trail Blazers,102,89,191,13,Golden State Warriors,Portland Trail Blazers,Home Win (102-89),102-89,Four 12-minute quarters / 48 min,No,ORACLE Arena,"Oakland, CA",17204,Golden State Warriors team victory,"Golden State Warriors defeated Portland Trail Blazers 102-89 in Regular Season at ORACLE Arena (Oakland, CA).",SportsDataVerse hoopR / ESPN NBA Hidden API
29,261103013,2006-2007,2006,Regular Season,Regular Season,2006-11-03,Friday,00:30,Seattle SuperSonics,Los Angeles Lakers,Los Angeles Lakers,Seattle SuperSonics,118,112,230,6,Los Angeles Lakers,Seattle SuperSonics,Home Win (118-112),118-112,Four 12-minute quarters / 48 min,No,crypto.com Arena,"Los Angeles, CA",18997,Los Angeles Lakers team victory,"Los Angeles Lakers defeated Seattle SuperSonics 118-112 in Regular Season at crypto.com Arena (Los Angeles, CA).",SportsDataVerse hoopR / ESPN NBA Hidden API
30,261103014,2006-2007,2006,Regular Season,Regular Season,2006-11-03,Friday,00:30,New Jersey Nets,Miami Heat,Miami Heat,New Jersey Nets,91,85,176,6,Miami Heat,New Jersey Nets,Home Win (91-85),91-85,Four 12-minute quarters / 48 min,No,Kaseya Center,"Miami, FL",19600,Miami Heat team victory,"Miami Heat defeated New Jersey Nets 91-85 in Regular Season at Kaseya Center (Miami, FL).",SportsDataVerse hoopR / ESPN NBA Hidden API
31,261104022,2006-2007,2006,Regular Season,Regular Season,2006-11-04,Saturday,00:00,Minnesota Timberwolves,Portland Trail Blazers,Portland Trail Blazers,Minnesota Timberwolves,88,86,174,2,Portland Trail Blazers,Minnesota Timberwolves,Home Win (88-86),88-86,Four 12-minute quarters / 48 min,No,Moda Center,"Portland, OR",20113,Portland Trail Blazers team victory,"Portland Trail Blazers defeated Minnesota Timberwolves 88-86 in Regular Season at Moda Center (Portland, OR).",SportsDataVerse hoopR / ESPN NBA Hidden API
32,261104026,2006-2007,2006,Regular Season,Regular Season,2006-11-04,Saturday,00:00,Golden State Warriors,Utah Jazz,Utah Jazz,Golden State Warriors,106,82,188,24,Utah Jazz,Golden State Warriors,Home Win (106-82),106-82,Four 12-minute quarters / 48 min,No,Vivint Arena,"Salt Lake City, UT",18641,Utah Jazz team victory,"Utah Jazz defeated Golden State Warriors 106-82 in Regular Season at Vivint Arena (Salt Lake City, UT).",SportsDataVerse hoopR / ESPN NBA Hidden API
33,261104027,2006-2007,2006,Regular Season,Regular Season,2006-11-04,Saturday,00:00,Boston Celtics,Washington Wizards,Washington Wizards,Boston Celtics,124,117,241,7,Washington Wizards,Boston Celtics,Home Win (124-117),124-117,Four 12-minute quarters / 48 min,No,Capital One Arena,"Washington, DC",20173,Washington Wizards team victory,"Washington Wizards defeated Boston Celtics 124-117 in Regular Season at Capital One Arena (Washington, DC).",SportsDataVerse hoopR / ESPN NBA Hidden API
34,261104030,2006-2007,2006,Regular Season,Regular Season,2006-11-04,Saturday,00:00,Cleveland Cavaliers,Charlotte Bobcats,Charlotte Bobcats,Cleveland Cavaliers,92,88,180,4,Charlotte Bobcats,Cleveland Cavaliers,Home Win (92-88),92-88,Four 12-minute quarters / 48 min,No,Spectrum Center,"Charlotte, NC",19147,Charlotte Bobcats team victory,"Charlotte Bobcats defeated Cleveland Cavaliers 92-88 in Regular Season at Spectrum Center (Charlotte, NC).",SportsDataVerse hoopR / ESPN NBA Hidden API
35,261104008,2006-2007,2006,Regular Season,Regular Season,2006-11-04,Saturday,00:30,Memphis Grizzlies,Detroit Pistons,Detroit Pistons,Memphis Grizzlies,95,86,181,9,Detroit Pistons,Memphis Grizzlies,Home Win (95-86),95-86,Four 12-minute quarters / 48 min,No,The Palace of Auburn Hills,"Detroit, MI",22076,Detroit Pistons team victory,"Detroit Pistons defeated Memphis Grizzlies 95-86 in Regular Season at The Palace of Auburn Hills (Detroit, MI).",SportsDataVerse hoopR / ESPN NBA Hidden API
36,261104010,2006-2007,2006,Regular Season,Regular Season,2006-11-04,Saturday,00:30,Dallas Mavericks,Houston Rockets,Houston Rockets,Dallas Mavericks,107,76,183,31,Houston Rockets,Dallas Mavericks,Home Win (107-76),107-76,Four 12-minute quarters / 48 min,No,Toyota Center (Houston),"Houston, TX",18245,Houston Rockets team victory,"Houston Rockets defeated Dallas Mavericks 107-76 in Regular Season at Toyota Center (Houston) (Houston, TX).",SportsDataVerse hoopR / ESPN NBA Hidden API
37,261104012,2006-2007,2006,Regular Season,Regular Season,2006-11-04,Saturday,00:30,Phoenix Suns,LA Clippers,LA Clippers,Phoenix Suns,114,108,222,6,LA Clippers,Phoenix Suns,Home Win (114-108),114-108,Four 12-minute quarters / 48 min,No,crypto.com Arena,"Los Angeles, CA",18643,LA Clippers team victory,"LA Clippers defeated Phoenix Suns 114-108 in Regular Season at crypto.com Arena (Los Angeles, CA).",SportsDataVerse hoopR / ESPN NBA Hidden API
38,261104015,2006-2007,2006,Regular Season,Regular Season,2006-11-04,Saturday,00:30,Sacramento Kings,Milwaukee Bucks,Milwaukee Bucks,Sacramento Kings,104,91,195,13,Milwaukee Bucks,Sacramento Kings,Home Win (104-91),104-91,Four 12-minute quarters / 48 min,No,BMO Harris Bradley Center,"Milwaukee, WI",18717,Milwaukee Bucks team victory,"Milwaukee Bucks defeated Sacramento Kings 104-91 in Regular Season at BMO Harris Bradley Center (Milwaukee, WI).",SportsDataVerse hoopR / ESPN NBA Hidden API
39,261104018,2006-2007,2006,Regular Season,Regular Season,2006-11-04,Saturday,00:30,Indiana Pacers,New York Knicks,New York Knicks,Indiana Pacers,95,109,204,14,Indiana Pacers,New York Knicks,Away Win (109-95),95-109,Four 12-minute quarters / 48 min,No,Madison Square Garden,"New York, NY",19763,Indiana Pacers team victory,"Indiana Pacers defeated New York Knicks 109-95 in Regular Season at Madison Square Garden (New York, NY).",SportsDataVerse hoopR / ESPN NBA Hidden API
40,261105028,2006-2007,2006,Regular Season,Regular Season,2006-11-05,Sunday,18:00,San Antonio Spurs,Toronto Raptors,Toronto Raptors,San Antonio Spurs,94,103,197,9,San Antonio Spurs,Toronto Raptors,Away Win (103-94),94-103,Four 12-minute quarters / 48 min,No,Scotiabank Arena,"Toronto, ON",18098,San Antonio Spurs team victory,"San Antonio Spurs defeated Toronto Raptors 103-94 in Regular Season at Scotiabank Arena (Toronto, ON).",SportsDataVerse hoopR / ESPN NBA Hidden API
41,261105001,2006-2007,2006,Regular Season,Regular Season,2006-11-05,Sunday,19:00,Orlando Magic,Atlanta Hawks,Atlanta Hawks,Orlando Magic,95,82,177,13,Atlanta Hawks,Orlando Magic,Home Win (95-82),95-82,Four 12-minute quarters / 48 min,No,State Farm Arena,"Atlanta, GA",14896,Atlanta Hawks team victory,"Atlanta Hawks defeated Orlando Magic 95-82 in Regular Season at State Farm Arena (Atlanta, GA).",SportsDataVerse hoopR / ESPN NBA Hidden API
42,261105020,2006-2007,2006,Regular Season,Regular Season,2006-11-05,Sunday,19:00,Miami Heat,Philadelphia 76ers,Philadelphia 76ers,Miami Heat,107,98,205,9,Philadelphia 76ers,Miami Heat,Home Win (107-98),107-98,Four 12-minute quarters / 48 min,No,Wells Fargo Center,"Philadelphia, PA",16644,Philadelphia 76ers team victory,"Philadelphia 76ers defeated Miami Heat 107-98 in Regular Season at Wells Fargo Center (Philadelphia, PA).",SportsDataVerse hoopR / ESPN NBA Hidden API
43,261105003,2006-2007,2006,Regular Season,Regular Season,2006-11-05,Sunday,23:00,Houston Rockets,NO/Oklahoma City Hornets,NO/Oklahoma City Hornets,Houston Rockets,96,90,186,6,NO/Oklahoma City Hornets,Houston Rockets,Home Win (96-90),96-90,Four 12-minute quarters / 48 min,No,Smoothie King Center,"New Orleans, LA",18202,NO/Oklahoma City Hornets team victory,"NO/Oklahoma City Hornets defeated Houston Rockets 96-90 in Regular Season at Smoothie King Center (New Orleans, LA).",SportsDataVerse hoopR / ESPN NBA Hidden API
44,261105025,2006-2007,2006,Regular Season,Regular Season,2006-11-05,Sunday,23:00,Los Angeles Lakers,Seattle SuperSonics,Seattle SuperSonics,Los Angeles Lakers,117,101,218,16,Seattle SuperSonics,Los Angeles Lakers,Home Win (117-101),117-101,Four 12-minute quarters / 48 min,No,KeyArena,"Seattle, WA",17072,Seattle SuperSonics team victory,"Seattle SuperSonics defeated Los Angeles Lakers 117-101 in Regular Season at KeyArena (Seattle, WA).",SportsDataVerse hoopR / ESPN NBA Hidden API
45,261106019,2006-2007,2006,Regular Season,Regular Season,2006-11-06,Monday,00:00,Washington Wizards,Orlando Magic,Orlando Magic,Washington Wizards,106,103,209,3,Orlando Magic,Washington Wizards,Home Win (106-103),106-103,Four 12-minute quarters / 48 min,No,Amway Arena,"Orlando, FL",15618,Orlando Magic team victory,"Orlando Magic defeated Washington Wizards 106-103 in Regular Season at Amway Arena (Orlando, FL).",SportsDataVerse hoopR / ESPN NBA Hidden API
46,261106023,2006-2007,2006,Regular Season,Regular Season,2006-11-06,Monday,00:00,Minnesota Timberwolves,Sacramento Kings,Sacramento Kings,Minnesota Timberwolves,93,81,174,12,Sacramento Kings,Minnesota Timberwolves,Home Win (93-81),93-81,Four 12-minute quarters / 48 min,No,Sleep Train Arena,"Sacramento, CA",17317,Sacramento Kings team victory,"Sacramento Kings defeated Minnesota Timberwolves 93-81 in Regular Season at Sleep Train Arena (Sacramento, CA).",SportsDataVerse hoopR / ESPN NBA Hidden API
47,261106026,2006-2007,2006,Regular Season,Regular Season,2006-11-06,Monday,00:00,Detroit Pistons,Utah Jazz,Utah Jazz,Detroit Pistons,103,101,204,2,Utah Jazz,Detroit Pistons,Home Win (103-101),103-101,Four 12-minute quarters / 48 min,No,Vivint Arena,"Salt Lake City, UT",18600,Utah Jazz team victory,"Utah Jazz defeated Detroit Pistons 103-101 in Regular Season at Vivint Arena (Salt Lake City, UT).",SportsDataVerse hoopR / ESPN NBA Hidden API
48,261106004,2006-2007,2006,Regular Season,Regular Season,2006-11-06,Monday,00:30,Milwaukee Bucks,Chicago Bulls,Chicago Bulls,Milwaukee Bucks,110,85,195,25,Chicago Bulls,Milwaukee Bucks,Home Win (110-85),110-85,Four 12-minute quarters / 48 min,No,United Center,"Chicago, IL",21715,Chicago Bulls team victory,"Chicago Bulls defeated Milwaukee Bucks 110-85 in Regular Season at United Center (Chicago, IL).",SportsDataVerse hoopR / ESPN NBA Hidden API
49,261106006,2006-2007,2006,Regular Season,Regular Season,2006-11-06,Monday,00:30,Golden State Warriors,Dallas Mavericks,Dallas Mavericks,Golden State Warriors,104,107,211,3,Golden State Warriors,Dallas Mavericks,Away Win (107-104),104-107,Four 12-minute quarters / 48 min,No,American Airlines Center,"Dallas, TX",20093,Golden State Warriors team victory,"Golden State Warriors defeated Dallas Mavericks 107-104 in Regular Season at American Airlines Center (Dallas, TX).",SportsDataVerse hoopR / ESPN NBA Hidden API
50,261106012,2006-2007,2006,Regular Season,Regular Season,2006-11-06,Monday,00:30,Portland Trail Blazers,LA Clippers,LA Clippers,Portland Trail Blazers,102,89,191,13,LA Clippers,Portland Trail Blazers,Home Win (102-89),102-89,Four 12-minute quarters / 48 min,No,crypto.com Arena,"Los Angeles, CA",16153,LA Clippers team victory,"LA Clippers defeated Portland Trail Blazers 102-89 in Regular Season at crypto.com Arena (Los Angeles, CA).",SportsDataVerse hoopR / ESPN NBA Hidden API
51,261106018,2006-2007,2006,Regular Season,Regular Season,2006-11-06,Monday,00:30,San Antonio Spurs,New York Knicks,New York Knicks,San Antonio Spurs,93,105,198,12,San Antonio Spurs,New York Knicks,Away Win (105-93),93-105,Four 12-minute quarters / 48 min,No,Madison Square Garden,"New York, NY",18333,San Antonio Spurs team victory,"San Antonio Spurs defeated New York Knicks 105-93 in Regular Season at Madison Square Garden (New York, NY).",SportsDataVerse hoopR / ESPN NBA Hidden API
52,261107003,2006-2007,2006,Regular Season,Regular Season,2006-11-07,Tuesday,00:00,Golden State Warriors,NO/Oklahoma City Hornets,NO/Oklahoma City Hornets,Golden State Warriors,97,93,190,4,NO/Oklahoma City Hornets,Golden State Warriors,Home Win (97-93),97-93,Four 12-minute quarters / 48 min,No,Paycom Center,"Oklahoma City, OK",19164,NO/Oklahoma City Hornets team victory,"NO/Oklahoma City Hornets defeated Golden State Warriors 97-93 in Regular Season at Paycom Center (Oklahoma City, OK).",SportsDataVerse hoopR / ESPN NBA Hidden API
53,261107005,2006-2007,2006,Regular Season,Regular Season,2006-11-07,Tuesday,00:00,Atlanta Hawks,Cleveland Cavaliers,Cleveland Cavaliers,Atlanta Hawks,95,104,199,9,Atlanta Hawks,Cleveland Cavaliers,Away Win (104-95),95-104,Four 12-minute quarters / 48 min,Yes,Rocket Mortgage FieldHouse,"Cleveland, OH",20562,Atlanta Hawks team victory (OT),"Atlanta Hawks edged Cleveland Cavaliers 104-95 in overtime at Rocket Mortgage FieldHouse (Cleveland, OH).",SportsDataVerse hoopR / ESPN NBA Hidden API
54,261107011,2006-2007,2006,Regular Season,Regular Season,2006-11-07,Tuesday,00:00,Philadelphia 76ers,Indiana Pacers,Indiana Pacers,Philadelphia 76ers,97,86,183,11,Indiana Pacers,Philadelphia 76ers,Home Win (97-86),97-86,Four 12-minute quarters / 48 min,No,Gainbridge Fieldhouse,"Indianapolis, IN",15811,Indiana Pacers team victory,"Indiana Pacers defeated Philadelphia 76ers 97-86 in Regular Season at Gainbridge Fieldhouse (Indianapolis, IN).",SportsDataVerse hoopR / ESPN NBA Hidden API
55,261107029,2006-2007,2006,Regular Season,Regular Season,2006-11-07,Tuesday,00:00,Houston Rockets,Memphis Grizzlies,Memphis Grizzlies,Houston Rockets,80,86,166,6,Houston Rockets,Memphis Grizzlies,Away Win (86-80),80-86,Four 12-minute quarters / 48 min,No,FedExForum,"Memphis, TN",14173,Houston Rockets team victory,"Houston Rockets defeated Memphis Grizzlies 86-80 in Regular Season at FedExForum (Memphis, TN).",SportsDataVerse hoopR / ESPN NBA Hidden API
56,261107013,2006-2007,2006,Regular Season,Regular Season,2006-11-07,Tuesday,00:30,Minnesota Timberwolves,Los Angeles Lakers,Los Angeles Lakers,Minnesota Timberwolves,95,88,183,7,Los Angeles Lakers,Minnesota Timberwolves,Home Win (95-88),95-88,Four 12-minute quarters / 48 min,No,crypto.com Arena,"Los Angeles, CA",18997,Los Angeles Lakers team victory,"Los Angeles Lakers defeated Minnesota Timberwolves 95-88 in Regular Season at crypto.com Arena (Los Angeles, CA).",SportsDataVerse hoopR / ESPN NBA Hidden API
57,261107014,2006-2007,2006,Regular Season,Regular Season,2006-11-07,Tuesday,00:30,Seattle SuperSonics,Miami Heat,Miami Heat,Seattle SuperSonics,90,87,177,3,Miami Heat,Seattle SuperSonics,Home Win (90-87),90-87,Four 12-minute quarters / 48 min,No,Kaseya Center,"Miami, FL",19600,Miami Heat team victory,"Miami Heat defeated Seattle SuperSonics 90-87 in Regular Season at Kaseya Center (Miami, FL).",SportsDataVerse hoopR / ESPN NBA Hidden API
58,261108007,2006-2007,2006,Regular Season,Regular Season,2006-11-08,Wednesday,00:00,New York Knicks,Denver Nuggets,Denver Nuggets,New York Knicks,107,109,216,2,New York Knicks,Denver Nuggets,Away Win (109-107),107-109,Four 12-minute quarters / 48 min,No,Ball Arena,"Denver, CO",14315,New York Knicks team victory,"New York Knicks defeated Denver Nuggets 109-107 in Regular Season at Ball Arena (Denver, CO).",SportsDataVerse hoopR / ESPN NBA Hidden API
59,261108015,2006-2007,2006,Regular Season,Regular Season,2006-11-08,Wednesday,00:00,Houston Rockets,Milwaukee Bucks,Milwaukee Bucks,Houston Rockets,93,97,190,4,Houston Rockets,Milwaukee Bucks,Away Win (97-93),93-97,Four 12-minute quarters / 48 min,No,BMO Harris Bradley Center,"Milwaukee, WI",16102,Houston Rockets team victory,"Houston Rockets defeated Milwaukee Bucks 97-93 in Regular Season at BMO Harris Bradley Center (Milwaukee, WI).",SportsDataVerse hoopR / ESPN NBA Hidden API
60,261108019,2006-2007,2006,Regular Season,Regular Season,2006-11-08,Wednesday,00:00,Seattle SuperSonics,Orlando Magic,Orlando Magic,Seattle SuperSonics,88,87,175,1,Orlando Magic,Seattle SuperSonics,Home Win (88-87),88-87,Four 12-minute quarters / 48 min,No,Amway Arena,"Orlando, FL",16312,Orlando Magic team victory,"Orlando Magic defeated Seattle SuperSonics 88-87 in Regular Season at Amway Arena (Orlando, FL).",SportsDataVerse hoopR / ESPN NBA Hidden API
61,261108022,2006-2007,2006,Regular Season,Regular Season,2006-11-08,Wednesday,00:00,Los Angeles Lakers,Portland Trail Blazers,Portland Trail Blazers,Los Angeles Lakers,101,90,191,11,Portland Trail Blazers,Los Angeles Lakers,Home Win (101-90),101-90,Four 12-minute quarters / 48 min,No,Moda Center,"Portland, OR",17022,Portland Trail Blazers team victory,"Portland Trail Blazers defeated Los Angeles Lakers 101-90 in Regular Season at Moda Center (Portland, OR).",SportsDataVerse hoopR / ESPN NBA Hidden API
62,261108024,2006-2007,2006,Regular Season,Regular Season,2006-11-08,Wednesday,00:00,Phoenix Suns,San Antonio Spurs,San Antonio Spurs,Phoenix Suns,111,106,217,5,San Antonio Spurs,Phoenix Suns,Home Win (111-106),111-106,Four 12-minute quarters / 48 min,Yes,AT&T Center,"San Antonio, TX",18797,San Antonio Spurs team victory (OT),"San Antonio Spurs edged Phoenix Suns 111-106 in overtime at AT&T Center (San Antonio, TX).",SportsDataVerse hoopR / ESPN NBA Hidden API
63,261108027,2006-2007,2006,Regular Season,Regular Season,2006-11-08,Wednesday,00:00,Indiana Pacers,Washington Wizards,Washington Wizards,Indiana Pacers,117,91,208,26,Washington Wizards,Indiana Pacers,Home Win (117-91),117-91,Four 12-minute quarters / 48 min,No,Capital One Arena,"Washington, DC",16031,Washington Wizards team victory,"Washington Wizards defeated Indiana Pacers 117-91 in Regular Season at Capital One Arena (Washington, DC).",SportsDataVerse hoopR / ESPN NBA Hidden API
64,261108028,2006-2007,2006,Regular Season,Regular Season,2006-11-08,Wednesday,00:00,Philadelphia 76ers,Toronto Raptors,Toronto Raptors,Philadelphia 76ers,106,104,210,2,Toronto Raptors,Philadelphia 76ers,Home Win (106-104),106-104,Four 12-minute quarters / 48 min,No,Scotiabank Arena,"Toronto, ON",15831,Toronto Raptors team victory,"Toronto Raptors defeated Philadelphia 76ers 106-104 in Regular Season at Scotiabank Arena (Toronto, ON).",SportsDataVerse hoopR / ESPN NBA Hidden API
65,261108002,2006-2007,2006,Regular Season,Regular Season,2006-11-08,Wednesday,00:30,Charlotte Bobcats,Boston Celtics,Boston Celtics,Charlotte Bobcats,110,108,218,2,Boston Celtics,Charlotte Bobcats,Home Win (110-108),110-108,Four 12-minute quarters / 48 min,Yes,TD Garden,"Boston, MA",15183,Boston Celtics team victory (OT),"Boston Celtics edged Charlotte Bobcats 110-108 in overtime at TD Garden (Boston, MA).",SportsDataVerse hoopR / ESPN NBA Hidden API
66,261108012,2006-2007,2006,Regular Season,Regular Season,2006-11-08,Wednesday,00:30,Dallas Mavericks,LA Clippers,LA Clippers,Dallas Mavericks,103,85,188,18,LA Clippers,Dallas Mavericks,Home Win (103-85),103-85,Four 12-minute quarters / 48 min,No,crypto.com Arena,"Los Angeles, CA",18538,LA Clippers team victory,"LA Clippers defeated Dallas Mavericks 103-85 in Regular Season at crypto.com Arena (Los Angeles, CA).",SportsDataVerse hoopR / ESPN NBA Hidden API
67,261108017,2006-2007,2006,Regular Season,Regular Season,2006-11-08,Wednesday,00:30,Utah Jazz,New Jersey Nets,New Jersey Nets,Utah Jazz,96,89,185,7,New Jersey Nets,Utah Jazz,Home Win (96-89),96-89,Four 12-minute quarters / 48 min,No,IZOD Center,"East Rutherford, NJ",15901,New Jersey Nets team victory,"New Jersey Nets defeated Utah Jazz 96-89 in Regular Season at IZOD Center (East Rutherford, NJ).",SportsDataVerse hoopR / ESPN NBA Hidden API
68,261108023,2006-2007,2006,Regular Season,Regular Season,2006-11-08,Wednesday,00:30,Detroit Pistons,Sacramento Kings,Sacramento Kings,Detroit Pistons,99,86,185,13,Sacramento Kings,Detroit Pistons,Home Win (99-86),99-86,Four 12-minute quarters / 48 min,No,Sleep Train Arena,"Sacramento, CA",17317,Sacramento Kings team victory,"Sacramento Kings defeated Detroit Pistons 99-86 in Regular Season at Sleep Train Arena (Sacramento, CA).",SportsDataVerse hoopR / ESPN NBA Hidden API
69,261109009,2006-2007,2006,Regular Season,Regular Season,2006-11-09,Thursday,00:30,NO/Oklahoma City Hornets,Golden State Warriors,Golden State Warriors,NO/Oklahoma City Hornets,121,116,237,5,Golden State Warriors,NO/Oklahoma City Hornets,Home Win (121-116),121-116,Four 12-minute quarters / 48 min,No,ORACLE Arena,"Oakland, CA",16927,Golden State Warriors team victory,"Golden State Warriors defeated NO/Oklahoma City Hornets 121-116 in Regular Season at ORACLE Arena (Oakland, CA).",SportsDataVerse hoopR / ESPN NBA Hidden API
70,261109005,2006-2007,2006,Regular Season,Regular Season,2006-11-09,Thursday,01:00,Chicago Bulls,Cleveland Cavaliers,Cleveland Cavaliers,Chicago Bulls,113,94,207,19,Cleveland Cavaliers,Chicago Bulls,Home Win (113-94),113-94,Four 12-minute quarters / 48 min,No,Rocket Mortgage FieldHouse,"Cleveland, OH",19947,Cleveland Cavaliers team victory,"Cleveland Cavaliers defeated Chicago Bulls 113-94 in Regular Season at Rocket Mortgage FieldHouse (Cleveland, OH).",SportsDataVerse hoopR / ESPN NBA Hidden API
71,261109021,2006-2007,2006,Regular Season,Regular Season,2006-11-09,Thursday,01:30,Dallas Mavericks,Phoenix Suns,Phoenix Suns,Dallas Mavericks,112,119,231,7,Dallas Mavericks,Phoenix Suns,Away Win (119-112),112-119,Four 12-minute quarters / 48 min,No,Footprint Center,"Phoenix, AZ",18422,Dallas Mavericks team victory,"Dallas Mavericks defeated Phoenix Suns 119-112 in Regular Season at Footprint Center (Phoenix, AZ).",SportsDataVerse hoopR / ESPN NBA Hidden API
72,261110011,2006-2007,2006,Regular Season,Regular Season,2006-11-10,Friday,00:00,Orlando Magic,Indiana Pacers,Indiana Pacers,Orlando Magic,93,83,176,10,Indiana Pacers,Orlando Magic,Home Win (93-83),93-83,Four 12-minute quarters / 48 min,No,Gainbridge Fieldhouse,"Indianapolis, IN",18165,Indiana Pacers team victory,"Indiana Pacers defeated Orlando Magic 93-83 in Regular Season at Gainbridge Fieldhouse (Indianapolis, IN).",SportsDataVerse hoopR / ESPN NBA Hidden API
73,261110020,2006-2007,2006,Regular Season,Regular Season,2006-11-10,Friday,00:00,Denver Nuggets,Philadelphia 76ers,Philadelphia 76ers,Denver Nuggets,101,108,209,7,Denver Nuggets,Philadelphia 76ers,Away Win (108-101),101-108,Four 12-minute quarters / 48 min,No,Wells Fargo Center,"Philadelphia, PA",16374,Denver Nuggets team victory,"Denver Nuggets defeated Philadelphia 76ers 108-101 in Regular Season at Wells Fargo Center (Philadelphia, PA).",SportsDataVerse hoopR / ESPN NBA Hidden API
74,261110027,2006-2007,2006,Regular Season,Regular Season,2006-11-10,Friday,00:00,Milwaukee Bucks,Washington Wizards,Washington Wizards,Milwaukee Bucks,116,111,227,5,Washington Wizards,Milwaukee Bucks,Home Win (116-111),116-111,Four 12-minute quarters / 48 min,No,Capital One Arena,"Washington, DC",19554,Washington Wizards team victory,"Washington Wizards defeated Milwaukee Bucks 116-111 in Regular Season at Capital One Arena (Washington, DC).",SportsDataVerse hoopR / ESPN NBA Hidden API
75,261110028,2006-2007,2006,Regular Season,Regular Season,2006-11-10,Friday,00:00,Atlanta Hawks,Toronto Raptors,Toronto Raptors,Atlanta Hawks,102,111,213,9,Atlanta Hawks,Toronto Raptors,Away Win (111-102),102-111,Four 12-minute quarters / 48 min,No,Scotiabank Arena,"Toronto, ON",14680,Atlanta Hawks team victory,"Atlanta Hawks defeated Toronto Raptors 111-102 in Regular Season at Scotiabank Arena (Toronto, ON).",SportsDataVerse hoopR / ESPN NBA Hidden API
76,261110030,2006-2007,2006,Regular Season,Regular Season,2006-11-10,Friday,00:00,Seattle SuperSonics,Charlotte Bobcats,Charlotte Bobcats,Seattle SuperSonics,85,99,184,14,Seattle SuperSonics,Charlotte Bobcats,Away Win (99-85),85-99,Four 12-minute quarters / 48 min,No,Spectrum Center,"Charlotte, NC",13515,Seattle SuperSonics team victory,"Seattle SuperSonics defeated Charlotte Bobcats 99-85 in Regular Season at Spectrum Center (Charlotte, NC).",SportsDataVerse hoopR / ESPN NBA Hidden API
77,261110002,2006-2007,2006,Regular Season,Regular Season,2006-11-10,Friday,00:30,Utah Jazz,Boston Celtics,Boston Celtics,Utah Jazz,100,107,207,7,Utah Jazz,Boston Celtics,Away Win (107-100),100-107,Four 12-minute quarters / 48 min,No,TD Garden,"Boston, MA",18624,Utah Jazz team victory,"Utah Jazz defeated Boston Celtics 107-100 in Regular Season at TD Garden (Boston, MA).",SportsDataVerse hoopR / ESPN NBA Hidden API
78,261110010,2006-2007,2006,Regular Season,Regular Season,2006-11-10,Friday,00:30,New York Knicks,Houston Rockets,Houston Rockets,New York Knicks,103,94,197,9,Houston Rockets,New York Knicks,Home Win (103-94),103-94,Four 12-minute quarters / 48 min,No,Toyota Center (Houston),"Houston, TX",18109,Houston Rockets team victory,"Houston Rockets defeated New York Knicks 103-94 in Regular Season at Toyota Center (Houston) (Houston, TX).",SportsDataVerse hoopR / ESPN NBA Hidden API
79,261110013,2006-2007,2006,Regular Season,Regular Season,2006-11-10,Friday,00:30,Detroit Pistons,Los Angeles Lakers,Los Angeles Lakers,Detroit Pistons,83,97,180,14,Detroit Pistons,Los Angeles Lakers,Away Win (97-83),83-97,Four 12-minute quarters / 48 min,No,crypto.com Arena,"Los Angeles, CA",18997,Detroit Pistons team victory,"Detroit Pistons defeated Los Angeles Lakers 97-83 in Regular Season at crypto.com Arena (Los Angeles, CA).",SportsDataVerse hoopR / ESPN NBA Hidden API
80,261110017,2006-2007,2006,Regular Season,Regular Season,2006-11-10,Friday,01:00,Miami Heat,New Jersey Nets,New Jersey Nets,Miami Heat,106,113,219,7,Miami Heat,New Jersey Nets,Away Win (113-106),106-113,Four 12-minute quarters / 48 min,No,IZOD Center,"East Rutherford, NJ",20032,Miami Heat team victory,"Miami Heat defeated New Jersey Nets 113-106 in Regular Season at IZOD Center (East Rutherford, NJ).",SportsDataVerse hoopR / ESPN NBA Hidden API
81,261111001,2006-2007,2006,Regular Season,Regular Season,2006-11-11,Saturday,00:00,Seattle SuperSonics,Atlanta Hawks,Atlanta Hawks,Seattle SuperSonics,112,113,225,1,Seattle SuperSonics,Atlanta Hawks,Away Win (113-112),112-113,Four 12-minute quarters / 48 min,Yes,State Farm Arena,"Atlanta, GA",19309,Seattle SuperSonics team victory (OT),"Seattle SuperSonics edged Atlanta Hawks 113-112 in overtime at State Farm Arena (Atlanta, GA).",SportsDataVerse hoopR / ESPN NBA Hidden API
82,261111016,2006-2007,2006,Regular Season,Regular Season,2006-11-11,Saturday,00:00,Orlando Magic,Minnesota Timberwolves,Minnesota Timberwolves,Orlando Magic,98,109,207,11,Orlando Magic,Minnesota Timberwolves,Away Win (109-98),98-109,Four 12-minute quarters / 48 min,No,Target Center,"Minneapolis, MN",18229,Orlando Magic team victory,"Orlando Magic defeated Minnesota Timberwolves 109-98 in Regular Season at Target Center (Minneapolis, MN).",SportsDataVerse hoopR / ESPN NBA Hidden API
83,261111021,2006-2007,2006,Regular Season,Regular Season,2006-11-11,Saturday,00:00,Memphis Grizzlies,Phoenix Suns,Phoenix Suns,Memphis Grizzlies,96,87,183,9,Phoenix Suns,Memphis Grizzlies,Home Win (96-87),96-87,Four 12-minute quarters / 48 min,No,Footprint Center,"Phoenix, AZ",18422,Phoenix Suns team victory,"Phoenix Suns defeated Memphis Grizzlies 96-87 in Regular Season at Footprint Center (Phoenix, AZ).",SportsDataVerse hoopR / ESPN NBA Hidden API
84,261111024,2006-2007,2006,Regular Season,Regular Season,2006-11-11,Saturday,00:00,New York Knicks,San Antonio Spurs,San Antonio Spurs,New York Knicks,100,92,192,8,San Antonio Spurs,New York Knicks,Home Win (100-92),100-92,Four 12-minute quarters / 48 min,No,AT&T Center,"San Antonio, TX",18797,San Antonio Spurs team victory,"San Antonio Spurs defeated New York Knicks 100-92 in Regular Season at AT&T Center (San Antonio, TX).",SportsDataVerse hoopR / ESPN NBA Hidden API
85,261111004,2006-2007,2006,Regular Season,Regular Season,2006-11-11,Saturday,00:30,Indiana Pacers,Chicago Bulls,Chicago Bulls,Indiana Pacers,89,80,169,9,Chicago Bulls,Indiana Pacers,Home Win (89-80),89-80,Four 12-minute quarters / 48 min,No,United Center,"Chicago, IL",22555,Chicago Bulls team victory,"Chicago Bulls defeated Indiana Pacers 89-80 in Regular Season at United Center (Chicago, IL).",SportsDataVerse hoopR / ESPN NBA Hidden API
86,261111005,2006-2007,2006,Regular Season,Regular Season,2006-11-11,Saturday,00:30,Boston Celtics,Cleveland Cavaliers,Cleveland Cavaliers,Boston Celtics,94,93,187,1,Cleveland Cavaliers,Boston Celtics,Home Win (94-93),94-93,Four 12-minute quarters / 48 min,No,Rocket Mortgage FieldHouse,"Cleveland, OH",20562,Cleveland Cavaliers team victory,"Cleveland Cavaliers defeated Boston Celtics 94-93 in Regular Season at Rocket Mortgage FieldHouse (Cleveland, OH).",SportsDataVerse hoopR / ESPN NBA Hidden API
87,261111009,2006-2007,2006,Regular Season,Regular Season,2006-11-11,Saturday,00:30,Detroit Pistons,Golden State Warriors,Golden State Warriors,Detroit Pistons,111,79,190,32,Golden State Warriors,Detroit Pistons,Home Win (111-79),111-79,Four 12-minute quarters / 48 min,No,ORACLE Arena,"Oakland, CA",18508,Golden State Warriors team victory,"Golden State Warriors defeated Detroit Pistons 111-79 in Regular Season at ORACLE Arena (Oakland, CA).",SportsDataVerse hoopR / ESPN NBA Hidden API
88,261111015,2006-2007,2006,Regular Season,Regular Season,2006-11-11,Saturday,00:30,Utah Jazz,Milwaukee Bucks,Milwaukee Bucks,Utah Jazz,111,113,224,2,Utah Jazz,Milwaukee Bucks,Away Win (113-111),111-113,Four 12-minute quarters / 48 min,No,BMO Harris Bradley Center,"Milwaukee, WI",16019,Utah Jazz team victory,"Utah Jazz defeated Milwaukee Bucks 113-111 in Regular Season at BMO Harris Bradley Center (Milwaukee, WI).",SportsDataVerse hoopR / ESPN NBA Hidden API
89,261112012,2006-2007,2006,Regular Season,Regular Season,2006-11-12,Sunday,17:30,NO/Oklahoma City Hornets,LA Clippers,LA Clippers,NO/Oklahoma City Hornets,92,76,168,16,LA Clippers,NO/Oklahoma City Hornets,Home Win (92-76),92-76,Four 12-minute quarters / 48 min,No,crypto.com Arena,"Los Angeles, CA",18273,LA Clippers team victory,"LA Clippers defeated NO/Oklahoma City Hornets 92-76 in Regular Season at crypto.com Arena (Los Angeles, CA).",SportsDataVerse hoopR / ESPN NBA Hidden API
90,261112022,2006-2007,2006,Regular Season,Regular Season,2006-11-12,Sunday,23:00,Dallas Mavericks,Portland Trail Blazers,Portland Trail Blazers,Dallas Mavericks,96,103,199,7,Dallas Mavericks,Portland Trail Blazers,Away Win (103-96),96-103,Four 12-minute quarters / 48 min,No,Moda Center,"Portland, OR",15005,Dallas Mavericks team victory,"Dallas Mavericks defeated Portland Trail Blazers 103-96 in Regular Season at Moda Center (Portland, OR).",SportsDataVerse hoopR / ESPN NBA Hidden API
91,261112023,2006-2007,2006,Regular Season,Regular Season,2006-11-12,Sunday,23:00,Toronto Raptors,Sacramento Kings,Sacramento Kings,Toronto Raptors,107,92,199,15,Sacramento Kings,Toronto Raptors,Home Win (107-92),107-92,Four 12-minute quarters / 48 min,No,Sleep Train Arena,"Sacramento, CA",17317,Sacramento Kings team victory,"Sacramento Kings defeated Toronto Raptors 107-92 in Regular Season at Sleep Train Arena (Sacramento, CA).",SportsDataVerse hoopR / ESPN NBA Hidden API
92,261112027,2006-2007,2006,Regular Season,Regular Season,2006-11-12,Sunday,23:00,New Jersey Nets,Washington Wizards,Washington Wizards,New Jersey Nets,93,105,198,12,New Jersey Nets,Washington Wizards,Away Win (105-93),93-105,Four 12-minute quarters / 48 min,Yes,Capital One Arena,"Washington, DC",15303,New Jersey Nets team victory (OT),"New Jersey Nets edged Washington Wizards 105-93 in overtime at Capital One Arena (Washington, DC).",SportsDataVerse hoopR / ESPN NBA Hidden API
93,261112030,2006-2007,2006,Regular Season,Regular Season,2006-11-12,Sunday,23:00,Denver Nuggets,Charlotte Bobcats,Charlotte Bobcats,Denver Nuggets,101,108,209,7,Denver Nuggets,Charlotte Bobcats,Away Win (108-101),101-108,Four 12-minute quarters / 48 min,No,Spectrum Center,"Charlotte, NC",13203,Denver Nuggets team victory,"Denver Nuggets defeated Charlotte Bobcats 108-101 in Regular Season at Spectrum Center (Charlotte, NC).",SportsDataVerse hoopR / ESPN NBA Hidden API
94,261112013,2006-2007,2006,Regular Season,Regular Season,2006-11-12,Sunday,23:30,Memphis Grizzlies,Los Angeles Lakers,Los Angeles Lakers,Memphis Grizzlies,91,81,172,10,Los Angeles Lakers,Memphis Grizzlies,Home Win (91-81),91-81,Four 12-minute quarters / 48 min,No,crypto.com Arena,"Los Angeles, CA",18997,Los Angeles Lakers team victory,"Los Angeles Lakers defeated Memphis Grizzlies 91-81 in Regular Season at crypto.com Arena (Los Angeles, CA).",SportsDataVerse hoopR / ESPN NBA Hidden API
95,261112014,2006-2007,2006,Regular Season,Regular Season,2006-11-12,Sunday,01:00,Houston Rockets,Miami Heat,Miami Heat,Houston Rockets,72,94,166,22,Houston Rockets,Miami Heat,Away Win (94-72),72-94,Four 12-minute quarters / 48 min,No,Kaseya Center,"Miami, FL",19600,Houston Rockets team victory,"Houston Rockets defeated Miami Heat 94-72 in Regular Season at Kaseya Center (Miami, FL).",SportsDataVerse hoopR / ESPN NBA Hidden API
96,261113002,2006-2007,2006,Regular Season,Regular Season,2006-11-13,Monday,00:30,Orlando Magic,Boston Celtics,Boston Celtics,Orlando Magic,89,92,181,3,Orlando Magic,Boston Celtics,Away Win (92-89),89-92,Four 12-minute quarters / 48 min,No,TD Garden,"Boston, MA",14379,Orlando Magic team victory,"Orlando Magic defeated Boston Celtics 92-89 in Regular Season at TD Garden (Boston, MA).",SportsDataVerse hoopR / ESPN NBA Hidden API
97,261113017,2006-2007,2006,Regular Season,Regular Season,2006-11-13,Monday,00:30,Seattle SuperSonics,New Jersey Nets,New Jersey Nets,Seattle SuperSonics,113,119,232,6,Seattle SuperSonics,New Jersey Nets,Away Win (119-113),113-119,Four 12-minute quarters / 48 min,No,IZOD Center,"East Rutherford, NJ",14392,Seattle SuperSonics team victory,"Seattle SuperSonics defeated New Jersey Nets 119-113 in Regular Season at IZOD Center (East Rutherford, NJ).",SportsDataVerse hoopR / ESPN NBA Hidden API
98,261113018,2006-2007,2006,Regular Season,Regular Season,2006-11-13,Monday,00:30,Cleveland Cavaliers,New York Knicks,New York Knicks,Cleveland Cavaliers,96,102,198,6,Cleveland Cavaliers,New York Knicks,Away Win (102-96),96-102,Four 12-minute quarters / 48 min,No,Madison Square Garden,"New York, NY",18468,Cleveland Cavaliers team victory,"Cleveland Cavaliers defeated New York Knicks 102-96 in Regular Season at Madison Square Garden (New York, NY).",SportsDataVerse hoopR / ESPN NBA Hidden API
99,261115023,2006-2007,2006,Regular Season,Regular Season,2006-11-15,Wednesday,23:00,Memphis Grizzlies,Sacramento Kings,Sacramento Kings,Memphis Grizzlies,115,111,226,4,Sacramento Kings,Memphis Grizzlies,Home Win (115-111),115-111,Four 12-minute quarters / 48 min,No,Sleep Train Arena,"Sacramento, CA",17317,Sacramento Kings team victory,"Sacramento Kings defeated Memphis Grizzlies 115-111 in Regular Season at Sleep Train Arena (Sacramento, CA).",SportsDataVerse hoopR / ESPN NBA Hidden API
100,261115005,2006-2007,2006,Regular Season,Regular Season,2006-11-15,Wednesday,00:00,Portland Trail Blazers,Cleveland Cavaliers,Cleveland Cavaliers,Portland Trail Blazers,100,87,187,13,Cleveland Cavaliers,Portland Trail Blazers,Home Win (100-87),100-87,Four 12-minute quarters / 48 min,No,Rocket Mortgage FieldHouse,"Cleveland, OH",20096,Cleveland Cavaliers team victory,"Cleveland Cavaliers defeated Portland Trail Blazers 100-87 in Regular Season at Rocket Mortgage FieldHouse (Cleveland, OH).",SportsDataVerse hoopR / ESPN NBA Hidden API
101,261115019,2006-2007,2006,Regular Season,Regular Season,2006-11-15,Wednesday,00:00,Denver Nuggets,Orlando Magic,Orlando Magic,Denver Nuggets,108,99,207,9,Orlando Magic,Denver Nuggets,Home Win (108-99),108-99,Four 12-minute quarters / 48 min,No,Amway Arena,"Orlando, FL",15463,Orlando Magic team victory,"Orlando Magic defeated Denver Nuggets 108-99 in Regular Season at Amway Arena (Orlando, FL).",SportsDataVerse hoopR / ESPN NBA Hidden API
102,261115024,2006-2007,2006,Regular Season,Regular Season,2006-11-15,Wednesday,00:00,Charlotte Bobcats,San Antonio Spurs,San Antonio Spurs,Charlotte Bobcats,92,95,187,3,Charlotte Bobcats,San Antonio Spurs,Away Win (95-92),92-95,Four 12-minute quarters / 48 min,Yes,AT&T Center,"San Antonio, TX",18797,Charlotte Bobcats team victory (OT),"Charlotte Bobcats edged San Antonio Spurs 95-92 in overtime at AT&T Center (San Antonio, TX).",SportsDataVerse hoopR / ESPN NBA Hidden API
103,261115025,2006-2007,2006,Regular Season,Regular Season,2006-11-15,Wednesday,00:00,Philadelphia 76ers,Seattle SuperSonics,Seattle SuperSonics,Philadelphia 76ers,90,96,186,6,Philadelphia 76ers,Seattle SuperSonics,Away Win (96-90),90-96,Four 12-minute quarters / 48 min,No,KeyArena,"Seattle, WA",14936,Philadelphia 76ers team victory,"Philadelphia 76ers defeated Seattle SuperSonics 96-90 in Regular Season at KeyArena (Seattle, WA).",SportsDataVerse hoopR / ESPN NBA Hidden API
104,261115002,2006-2007,2006,Regular Season,Regular Season,2006-11-15,Wednesday,00:30,Indiana Pacers,Boston Celtics,Boston Celtics,Indiana Pacers,114,88,202,26,Boston Celtics,Indiana Pacers,Home Win (114-88),114-88,Four 12-minute quarters / 48 min,No,TD Garden,"Boston, MA",14033,Boston Celtics team victory,"Boston Celtics defeated Indiana Pacers 114-88 in Regular Season at TD Garden (Boston, MA).",SportsDataVerse hoopR / ESPN NBA Hidden API
105,261115008,2006-2007,2006,Regular Season,Regular Season,2006-11-15,Wednesday,00:30,NO/Oklahoma City Hornets,Detroit Pistons,Detroit Pistons,NO/Oklahoma City Hornets,99,100,199,1,NO/Oklahoma City Hornets,Detroit Pistons,Away Win (100-99),99-100,Four 12-minute quarters / 48 min,No,The Palace of Auburn Hills,"Detroit, MI",22076,NO/Oklahoma City Hornets team victory,"NO/Oklahoma City Hornets defeated Detroit Pistons 100-99 in Regular Season at The Palace of Auburn Hills (Detroit, MI).",SportsDataVerse hoopR / ESPN NBA Hidden API
106,261115017,2006-2007,2006,Regular Season,Regular Season,2006-11-15,Wednesday,00:30,Milwaukee Bucks,New Jersey Nets,New Jersey Nets,Milwaukee Bucks,100,87,187,13,New Jersey Nets,Milwaukee Bucks,Home Win (100-87),100-87,Four 12-minute quarters / 48 min,No,IZOD Center,"East Rutherford, NJ",16603,New Jersey Nets team victory,"New Jersey Nets defeated Milwaukee Bucks 100-87 in Regular Season at IZOD Center (East Rutherford, NJ).",SportsDataVerse hoopR / ESPN NBA Hidden API
107,261115018,2006-2007,2006,Regular Season,Regular Season,2006-11-15,Wednesday,00:30,Washington Wizards,New York Knicks,New York Knicks,Washington Wizards,102,82,184,20,New York Knicks,Washington Wizards,Home Win (102-82),102-82,Four 12-minute quarters / 48 min,No,Madison Square Garden,"New York, NY",14836,New York Knicks team victory,"New York Knicks defeated Washington Wizards 102-82 in Regular Season at Madison Square Garden (New York, NY).",SportsDataVerse hoopR / ESPN NBA Hidden API
108,261116010,2006-2007,2006,Regular Season,Regular Season,2006-11-16,Thursday,00:00,Chicago Bulls,Houston Rockets,Houston Rockets,Chicago Bulls,101,100,201,1,Houston Rockets,Chicago Bulls,Home Win (101-100),101-100,Four 12-minute quarters / 48 min,No,Toyota Center (Houston),"Houston, TX",16764,Houston Rockets team victory,"Houston Rockets defeated Chicago Bulls 101-100 in Regular Season at Toyota Center (Houston) (Houston, TX).",SportsDataVerse hoopR / ESPN NBA Hidden API
109,261116009,2006-2007,2006,Regular Season,Regular Season,2006-11-16,Thursday,00:30,Sacramento Kings,Golden State Warriors,Golden State Warriors,Sacramento Kings,117,105,222,12,Golden State Warriors,Sacramento Kings,Home Win (117-105),117-105,Four 12-minute quarters / 48 min,No,ORACLE Arena,"Oakland, CA",17821,Golden State Warriors team victory,"Golden State Warriors defeated Sacramento Kings 117-105 in Regular Season at ORACLE Arena (Oakland, CA).",SportsDataVerse hoopR / ESPN NBA Hidden API
110,261117011,2006-2007,2006,Regular Season,Regular Season,2006-11-17,Friday,00:00,New Jersey Nets,Indiana Pacers,Indiana Pacers,New Jersey Nets,91,100,191,9,New Jersey Nets,Indiana Pacers,Away Win (100-91),91-100,Four 12-minute quarters / 48 min,No,Gainbridge Fieldhouse,"Indianapolis, IN",18165,New Jersey Nets team victory,"New Jersey Nets defeated Indiana Pacers 100-91 in Regular Season at Gainbridge Fieldhouse (Indianapolis, IN).",SportsDataVerse hoopR / ESPN NBA Hidden API
111,261117024,2006-2007,2006,Regular Season,Regular Season,2006-11-17,Friday,00:00,Chicago Bulls,San Antonio Spurs,San Antonio Spurs,Chicago Bulls,100,83,183,17,San Antonio Spurs,Chicago Bulls,Home Win (100-83),100-83,Four 12-minute quarters / 48 min,No,AT&T Center,"San Antonio, TX",18797,San Antonio Spurs team victory,"San Antonio Spurs defeated Chicago Bulls 100-83 in Regular Season at AT&T Center (San Antonio, TX).",SportsDataVerse hoopR / ESPN NBA Hidden API
112,261117029,2006-2007,2006,Regular Season,Regular Season,2006-11-17,Friday,00:00,Dallas Mavericks,Memphis Grizzlies,Memphis Grizzlies,Dallas Mavericks,103,115,218,12,Dallas Mavericks,Memphis Grizzlies,Away Win (115-103),103-115,Four 12-minute quarters / 48 min,No,FedExForum,"Memphis, TN",16727,Dallas Mavericks team victory,"Dallas Mavericks defeated Memphis Grizzlies 115-103 in Regular Season at FedExForum (Memphis, TN).",SportsDataVerse hoopR / ESPN NBA Hidden API
113,261117002,2006-2007,2006,Regular Season,Regular Season,2006-11-17,Friday,00:30,Portland Trail Blazers,Boston Celtics,Boston Celtics,Portland Trail Blazers,118,90,208,28,Boston Celtics,Portland Trail Blazers,Home Win (118-90),118-90,Four 12-minute quarters / 48 min,No,TD Garden,"Boston, MA",17124,Boston Celtics team victory,"Boston Celtics defeated Portland Trail Blazers 118-90 in Regular Season at TD Garden (Boston, MA).",SportsDataVerse hoopR / ESPN NBA Hidden API
114,261117005,2006-2007,2006,Regular Season,Regular Season,2006-11-17,Friday,00:30,Minnesota Timberwolves,Cleveland Cavaliers,Cleveland Cavaliers,Minnesota Timberwolves,92,76,168,16,Cleveland Cavaliers,Minnesota Timberwolves,Home Win (92-76),92-76,Four 12-minute quarters / 48 min,No,Rocket Mortgage FieldHouse,"Cleveland, OH",20562,Cleveland Cavaliers team victory,"Cleveland Cavaliers defeated Minnesota Timberwolves 92-76 in Regular Season at Rocket Mortgage FieldHouse (Cleveland, OH).",SportsDataVerse hoopR / ESPN NBA Hidden API
115,261117013,2006-2007,2006,Regular Season,Regular Season,2006-11-17,Friday,00:30,Toronto Raptors,Los Angeles Lakers,Los Angeles Lakers,Toronto Raptors,107,100,207,7,Los Angeles Lakers,Toronto Raptors,Home Win (107-100),107-100,Four 12-minute quarters / 48 min,No,crypto.com Arena,"Los Angeles, CA",18997,Los Angeles Lakers team victory,"Los Angeles Lakers defeated Toronto Raptors 107-100 in Regular Season at crypto.com Arena (Los Angeles, CA).",SportsDataVerse hoopR / ESPN NBA Hidden API
116,261117025,2006-2007,2006,Regular Season,Regular Season,2006-11-17,Friday,00:30,Utah Jazz,Seattle SuperSonics,Seattle SuperSonics,Utah Jazz,109,118,227,9,Utah Jazz,Seattle SuperSonics,Away Win (118-109),109-118,Four 12-minute quarters / 48 min,No,KeyArena,"Seattle, WA",15513,Utah Jazz team victory,"Utah Jazz defeated Seattle SuperSonics 118-109 in Regular Season at KeyArena (Seattle, WA).",SportsDataVerse hoopR / ESPN NBA Hidden API
117,261117008,2006-2007,2006,Regular Season,Regular Season,2006-11-17,Friday,01:00,Washington Wizards,Detroit Pistons,Detroit Pistons,Washington Wizards,100,91,191,9,Detroit Pistons,Washington Wizards,Home Win (100-91),100-91,Four 12-minute quarters / 48 min,No,The Palace of Auburn Hills,"Detroit, MI",22076,Detroit Pistons team victory,"Detroit Pistons defeated Washington Wizards 100-91 in Regular Season at The Palace of Auburn Hills (Detroit, MI).",SportsDataVerse hoopR / ESPN NBA Hidden API
118,261117021,2006-2007,2006,Regular Season,Regular Season,2006-11-17,Friday,01:30,Philadelphia 76ers,Phoenix Suns,Phoenix Suns,Philadelphia 76ers,106,94,200,12,Phoenix Suns,Philadelphia 76ers,Home Win (106-94),106-94,Four 12-minute quarters / 48 min,No,Footprint Center,"Phoenix, AZ",18422,Phoenix Suns team victory,"Phoenix Suns defeated Philadelphia 76ers 106-94 in Regular Season at Footprint Center (Phoenix, AZ).",SportsDataVerse hoopR / ESPN NBA Hidden API
119,261118001,2006-2007,2006,Regular Season,Regular Season,2006-11-18,Saturday,00:00,Miami Heat,Atlanta Hawks,Atlanta Hawks,Miami Heat,88,93,181,5,Miami Heat,Atlanta Hawks,Away Win (93-88),88-93,Four 12-minute quarters / 48 min,Yes,State Farm Arena,"Atlanta, GA",19744,Miami Heat team victory (OT),"Miami Heat edged Atlanta Hawks 93-88 in overtime at State Farm Arena (Atlanta, GA).",SportsDataVerse hoopR / ESPN NBA Hidden API
120,261118007,2006-2007,2006,Regular Season,Regular Season,2006-11-18,Saturday,00:00,Toronto Raptors,Denver Nuggets,Denver Nuggets,Toronto Raptors,117,109,226,8,Denver Nuggets,Toronto Raptors,Home Win (117-109),117-109,Four 12-minute quarters / 48 min,No,Ball Arena,"Denver, CO",15531,Denver Nuggets team victory,"Denver Nuggets defeated Toronto Raptors 117-109 in Regular Season at Ball Arena (Denver, CO).",SportsDataVerse hoopR / ESPN NBA Hidden API
121,261118016,2006-2007,2006,Regular Season,Regular Season,2006-11-18,Saturday,00:00,NO/Oklahoma City Hornets,Minnesota Timberwolves,Minnesota Timberwolves,NO/Oklahoma City Hornets,96,99,195,3,NO/Oklahoma City Hornets,Minnesota Timberwolves,Away Win (99-96),96-99,Four 12-minute quarters / 48 min,No,Target Center,"Minneapolis, MN",16151,NO/Oklahoma City Hornets team victory,"NO/Oklahoma City Hornets defeated Minnesota Timberwolves 99-96 in Regular Season at Target Center (Minneapolis, MN).",SportsDataVerse hoopR / ESPN NBA Hidden API
122,261118019,2006-2007,2006,Regular Season,Regular Season,2006-11-18,Saturday,00:00,Charlotte Bobcats,Orlando Magic,Orlando Magic,Charlotte Bobcats,97,83,180,14,Orlando Magic,Charlotte Bobcats,Home Win (97-83),97-83,Four 12-minute quarters / 48 min,No,Amway Arena,"Orlando, FL",17451,Orlando Magic team victory,"Orlando Magic defeated Charlotte Bobcats 97-83 in Regular Season at Amway Arena (Orlando, FL).",SportsDataVerse hoopR / ESPN NBA Hidden API
123,261118026,2006-2007,2006,Regular Season,Regular Season,2006-11-18,Saturday,00:00,Phoenix Suns,Utah Jazz,Utah Jazz,Phoenix Suns,120,117,237,3,Utah Jazz,Phoenix Suns,Home Win (120-117),120-117,Four 12-minute quarters / 48 min,Yes,Vivint Arena,"Salt Lake City, UT",19911,Utah Jazz team victory (OT),"Utah Jazz edged Phoenix Suns 120-117 in overtime at Vivint Arena (Salt Lake City, UT).",SportsDataVerse hoopR / ESPN NBA Hidden API
124,261118027,2006-2007,2006,Regular Season,Regular Season,2006-11-18,Saturday,00:00,Cleveland Cavaliers,Washington Wizards,Washington Wizards,Cleveland Cavaliers,111,99,210,12,Washington Wizards,Cleveland Cavaliers,Home Win (111-99),111-99,Four 12-minute quarters / 48 min,No,Capital One Arena,"Washington, DC",20173,Washington Wizards team victory,"Washington Wizards defeated Cleveland Cavaliers 111-99 in Regular Season at Capital One Arena (Washington, DC).",SportsDataVerse hoopR / ESPN NBA Hidden API
125,261118006,2006-2007,2006,Regular Season,Regular Season,2006-11-18,Saturday,00:30,Memphis Grizzlies,Dallas Mavericks,Dallas Mavericks,Memphis Grizzlies,89,84,173,5,Dallas Mavericks,Memphis Grizzlies,Home Win (89-84),89-84,Four 12-minute quarters / 48 min,No,American Airlines Center,"Dallas, TX",20535,Dallas Mavericks team victory,"Dallas Mavericks defeated Memphis Grizzlies 89-84 in Regular Season at American Airlines Center (Dallas, TX).",SportsDataVerse hoopR / ESPN NBA Hidden API
126,261118008,2006-2007,2006,Regular Season,Regular Season,2006-11-18,Saturday,00:30,Houston Rockets,Detroit Pistons,Detroit Pistons,Houston Rockets,104,92,196,12,Detroit Pistons,Houston Rockets,Home Win (104-92),104-92,Four 12-minute quarters / 48 min,No,The Palace of Auburn Hills,"Detroit, MI",22076,Detroit Pistons team victory,"Detroit Pistons defeated Houston Rockets 104-92 in Regular Season at The Palace of Auburn Hills (Detroit, MI).",SportsDataVerse hoopR / ESPN NBA Hidden API
127,261118009,2006-2007,2006,Regular Season,Regular Season,2006-11-18,Saturday,00:30,Seattle SuperSonics,Golden State Warriors,Golden State Warriors,Seattle SuperSonics,107,95,202,12,Golden State Warriors,Seattle SuperSonics,Home Win (107-95),107-95,Four 12-minute quarters / 48 min,No,ORACLE Arena,"Oakland, CA",17205,Golden State Warriors team victory,"Golden State Warriors defeated Seattle SuperSonics 107-95 in Regular Season at ORACLE Arena (Oakland, CA).",SportsDataVerse hoopR / ESPN NBA Hidden API
128,261118012,2006-2007,2006,Regular Season,Regular Season,2006-11-18,Saturday,00:30,Philadelphia 76ers,LA Clippers,LA Clippers,Philadelphia 76ers,103,97,200,6,LA Clippers,Philadelphia 76ers,Home Win (103-97),103-97,Four 12-minute quarters / 48 min,Yes,crypto.com Arena,"Los Angeles, CA",18470,LA Clippers team victory (OT),"LA Clippers edged Philadelphia 76ers 103-97 in overtime at crypto.com Arena (Los Angeles, CA).",SportsDataVerse hoopR / ESPN NBA Hidden API
129,261118015,2006-2007,2006,Regular Season,Regular Season,2006-11-18,Saturday,00:30,Indiana Pacers,Milwaukee Bucks,Milwaukee Bucks,Indiana Pacers,100,102,202,2,Indiana Pacers,Milwaukee Bucks,Away Win (102-100),100-102,Four 12-minute quarters / 48 min,No,BMO Harris Bradley Center,"Milwaukee, WI",16165,Indiana Pacers team victory,"Indiana Pacers defeated Milwaukee Bucks 102-100 in Regular Season at BMO Harris Bradley Center (Milwaukee, WI).",SportsDataVerse hoopR / ESPN NBA Hidden API
130,261118017,2006-2007,2006,Regular Season,Regular Season,2006-11-18,Saturday,00:30,Portland Trail Blazers,New Jersey Nets,New Jersey Nets,Portland Trail Blazers,68,86,154,18,Portland Trail Blazers,New Jersey Nets,Away Win (86-68),68-86,Four 12-minute quarters / 48 min,No,IZOD Center,"East Rutherford, NJ",16004,Portland Trail Blazers team victory,"Portland Trail Blazers defeated New Jersey Nets 86-68 in Regular Season at IZOD Center (East Rutherford, NJ).",SportsDataVerse hoopR / ESPN NBA Hidden API
131,261118018,2006-2007,2006,Regular Season,Regular Season,2006-11-18,Saturday,00:30,Boston Celtics,New York Knicks,New York Knicks,Boston Celtics,118,122,240,4,Boston Celtics,New York Knicks,Away Win (122-118),118-122,Four 12-minute quarters / 48 min,No,Madison Square Garden,"New York, NY",18118,Boston Celtics team victory,"Boston Celtics defeated New York Knicks 122-118 in Regular Season at Madison Square Garden (New York, NY).",SportsDataVerse hoopR / ESPN NBA Hidden API
132,261119013,2006-2007,2006,Regular Season,Regular Season,2006-11-19,Sunday,22:00,Chicago Bulls,Los Angeles Lakers,Los Angeles Lakers,Chicago Bulls,82,72,154,10,Los Angeles Lakers,Chicago Bulls,Home Win (82-72),82-72,Four 12-minute quarters / 48 min,No,crypto.com Arena,"Los Angeles, CA",18997,Los Angeles Lakers team victory,"Los Angeles Lakers defeated Chicago Bulls 82-72 in Regular Season at crypto.com Arena (Los Angeles, CA).",SportsDataVerse hoopR / ESPN NBA Hidden API
133,261119023,2006-2007,2006,Regular Season,Regular Season,2006-11-19,Sunday,23:00,San Antonio Spurs,Sacramento Kings,Sacramento Kings,San Antonio Spurs,99,108,207,9,San Antonio Spurs,Sacramento Kings,Away Win (108-99),99-108,Four 12-minute quarters / 48 min,No,Sleep Train Arena,"Sacramento, CA",17317,San Antonio Spurs team victory,"San Antonio Spurs defeated Sacramento Kings 108-99 in Regular Season at Sleep Train Arena (Sacramento, CA).",SportsDataVerse hoopR / ESPN NBA Hidden API
134,261120022,2006-2007,2006,Regular Season,Regular Season,2006-11-20,Monday,00:00,San Antonio Spurs,Portland Trail Blazers,Portland Trail Blazers,San Antonio Spurs,98,107,205,9,San Antonio Spurs,Portland Trail Blazers,Away Win (107-98),98-107,Four 12-minute quarters / 48 min,No,Moda Center,"Portland, OR",14163,San Antonio Spurs team victory,"San Antonio Spurs defeated Portland Trail Blazers 107-98 in Regular Season at Moda Center (Portland, OR).",SportsDataVerse hoopR / ESPN NBA Hidden API
135,261120025,2006-2007,2006,Regular Season,Regular Season,2006-11-20,Monday,00:00,New Jersey Nets,Seattle SuperSonics,Seattle SuperSonics,New Jersey Nets,99,87,186,12,Seattle SuperSonics,New Jersey Nets,Home Win (99-87),99-87,Four 12-minute quarters / 48 min,No,KeyArena,"Seattle, WA",14621,Seattle SuperSonics team victory,"Seattle SuperSonics defeated New Jersey Nets 99-87 in Regular Season at KeyArena (Seattle, WA).",SportsDataVerse hoopR / ESPN NBA Hidden API
136,261120026,2006-2007,2006,Regular Season,Regular Season,2006-11-20,Monday,00:00,Toronto Raptors,Utah Jazz,Utah Jazz,Toronto Raptors,101,96,197,5,Utah Jazz,Toronto Raptors,Home Win (101-96),101-96,Four 12-minute quarters / 48 min,No,Vivint Arena,"Salt Lake City, UT",18881,Utah Jazz team victory,"Utah Jazz defeated Toronto Raptors 101-96 in Regular Season at Vivint Arena (Salt Lake City, UT).",SportsDataVerse hoopR / ESPN NBA Hidden API
137,261120029,2006-2007,2006,Regular Season,Regular Season,2006-11-20,Monday,00:00,Orlando Magic,Memphis Grizzlies,Memphis Grizzlies,Orlando Magic,95,86,181,9,Memphis Grizzlies,Orlando Magic,Home Win (95-86),95-86,Four 12-minute quarters / 48 min,No,FedExForum,"Memphis, TN",13147,Memphis Grizzlies team victory,"Memphis Grizzlies defeated Orlando Magic 95-86 in Regular Season at FedExForum (Memphis, TN).",SportsDataVerse hoopR / ESPN NBA Hidden API
138,261120030,2006-2007,2006,Regular Season,Regular Season,2006-11-20,Monday,00:00,Dallas Mavericks,Charlotte Bobcats,Charlotte Bobcats,Dallas Mavericks,85,93,178,8,Dallas Mavericks,Charlotte Bobcats,Away Win (93-85),85-93,Four 12-minute quarters / 48 min,No,Spectrum Center,"Charlotte, NC",13237,Dallas Mavericks team victory,"Dallas Mavericks defeated Charlotte Bobcats 93-85 in Regular Season at Spectrum Center (Charlotte, NC).",SportsDataVerse hoopR / ESPN NBA Hidden API
139,261120009,2006-2007,2006,Regular Season,Regular Season,2006-11-20,Monday,00:30,Phoenix Suns,Golden State Warriors,Golden State Warriors,Phoenix Suns,110,113,223,3,Phoenix Suns,Golden State Warriors,Away Win (113-110),110-113,Four 12-minute quarters / 48 min,No,ORACLE Arena,"Oakland, CA",18078,Phoenix Suns team victory,"Phoenix Suns defeated Golden State Warriors 113-110 in Regular Season at ORACLE Arena (Oakland, CA).",SportsDataVerse hoopR / ESPN NBA Hidden API
140,261120018,2006-2007,2006,Regular Season,Regular Season,2006-11-20,Monday,00:30,Houston Rockets,New York Knicks,New York Knicks,Houston Rockets,90,97,187,7,Houston Rockets,New York Knicks,Away Win (97-90),90-97,Four 12-minute quarters / 48 min,No,Madison Square Garden,"New York, NY",17533,Houston Rockets team victory,"Houston Rockets defeated New York Knicks 97-90 in Regular Season at Madison Square Garden (New York, NY).",SportsDataVerse hoopR / ESPN NBA Hidden API
141,261121003,2006-2007,2006,Regular Season,Regular Season,2006-11-21,Tuesday,00:00,Miami Heat,NO/Oklahoma City Hornets,NO/Oklahoma City Hornets,Miami Heat,101,86,187,15,NO/Oklahoma City Hornets,Miami Heat,Home Win (101-86),101-86,Four 12-minute quarters / 48 min,No,Paycom Center,"Oklahoma City, OK",19329,NO/Oklahoma City Hornets team victory,"NO/Oklahoma City Hornets defeated Miami Heat 101-86 in Regular Season at Paycom Center (Oklahoma City, OK).",SportsDataVerse hoopR / ESPN NBA Hidden API
142,261121005,2006-2007,2006,Regular Season,Regular Season,2006-11-21,Tuesday,00:00,Memphis Grizzlies,Cleveland Cavaliers,Cleveland Cavaliers,Memphis Grizzlies,97,94,191,3,Cleveland Cavaliers,Memphis Grizzlies,Home Win (97-94),97-94,Four 12-minute quarters / 48 min,No,Rocket Mortgage FieldHouse,"Cleveland, OH",20562,Cleveland Cavaliers team victory,"Cleveland Cavaliers defeated Memphis Grizzlies 97-94 in Regular Season at Rocket Mortgage FieldHouse (Cleveland, OH).",SportsDataVerse hoopR / ESPN NBA Hidden API
143,261121007,2006-2007,2006,Regular Season,Regular Season,2006-11-21,Tuesday,00:00,Chicago Bulls,Denver Nuggets,Denver Nuggets,Chicago Bulls,113,109,222,4,Denver Nuggets,Chicago Bulls,Home Win (113-109),113-109,Four 12-minute quarters / 48 min,No,Ball Arena,"Denver, CO",16172,Denver Nuggets team victory,"Denver Nuggets defeated Chicago Bulls 113-109 in Regular Season at Ball Arena (Denver, CO).",SportsDataVerse hoopR / ESPN NBA Hidden API
144,261121011,2006-2007,2006,Regular Season,Regular Season,2006-11-21,Tuesday,00:00,Milwaukee Bucks,Indiana Pacers,Indiana Pacers,Milwaukee Bucks,93,88,181,5,Indiana Pacers,Milwaukee Bucks,Home Win (93-88),93-88,Four 12-minute quarters / 48 min,No,Gainbridge Fieldhouse,"Indianapolis, IN",17235,Indiana Pacers team victory,"Indiana Pacers defeated Milwaukee Bucks 93-88 in Regular Season at Gainbridge Fieldhouse (Indianapolis, IN).",SportsDataVerse hoopR / ESPN NBA Hidden API
145,261121020,2006-2007,2006,Regular Season,Regular Season,2006-11-21,Tuesday,00:00,Detroit Pistons,Philadelphia 76ers,Philadelphia 76ers,Detroit Pistons,87,97,184,10,Detroit Pistons,Philadelphia 76ers,Away Win (97-87),87-97,Four 12-minute quarters / 48 min,No,Wells Fargo Center,"Philadelphia, PA",13567,Detroit Pistons team victory,"Detroit Pistons defeated Philadelphia 76ers 97-87 in Regular Season at Wells Fargo Center (Philadelphia, PA).",SportsDataVerse hoopR / ESPN NBA Hidden API
146,261121006,2006-2007,2006,Regular Season,Regular Season,2006-11-21,Tuesday,00:30,Washington Wizards,Dallas Mavericks,Dallas Mavericks,Washington Wizards,107,80,187,27,Dallas Mavericks,Washington Wizards,Home Win (107-80),107-80,Four 12-minute quarters / 48 min,No,American Airlines Center,"Dallas, TX",20080,Dallas Mavericks team victory,"Dallas Mavericks defeated Washington Wizards 107-80 in Regular Season at American Airlines Center (Dallas, TX).",SportsDataVerse hoopR / ESPN NBA Hidden API
147,261121013,2006-2007,2006,Regular Season,Regular Season,2006-11-21,Tuesday,00:30,LA Clippers,Los Angeles Lakers,Los Angeles Lakers,LA Clippers,105,101,206,4,Los Angeles Lakers,LA Clippers,Home Win (105-101),105-101,Four 12-minute quarters / 48 min,No,crypto.com Arena,"Los Angeles, CA",18997,Los Angeles Lakers team victory,"Los Angeles Lakers defeated LA Clippers 105-101 in Regular Season at crypto.com Arena (Los Angeles, CA).",SportsDataVerse hoopR / ESPN NBA Hidden API
148,261122024,2006-2007,2006,Regular Season,Regular Season,2006-11-22,Wednesday,23:30,Miami Heat,San Antonio Spurs,San Antonio Spurs,Miami Heat,106,86,192,20,San Antonio Spurs,Miami Heat,Home Win (106-86),106-86,Four 12-minute quarters / 48 min,No,AT&T Center,"San Antonio, TX",18797,San Antonio Spurs team victory,"San Antonio Spurs defeated Miami Heat 106-86 in Regular Season at AT&T Center (San Antonio, TX).",SportsDataVerse hoopR / ESPN NBA Hidden API
149,261122015,2006-2007,2006,Regular Season,Regular Season,2006-11-22,Wednesday,00:00,Philadelphia 76ers,Milwaukee Bucks,Milwaukee Bucks,Philadelphia 76ers,98,94,192,4,Milwaukee Bucks,Philadelphia 76ers,Home Win (98-94),98-94,Four 12-minute quarters / 48 min,No,BMO Harris Bradley Center,"Milwaukee, WI",15936,Milwaukee Bucks team victory,"Milwaukee Bucks defeated Philadelphia 76ers 98-94 in Regular Season at BMO Harris Bradley Center (Milwaukee, WI).",SportsDataVerse hoopR / ESPN NBA Hidden API
150,261122016,2006-2007,2006,Regular Season,Regular Season,2006-11-22,Wednesday,00:00,New York Knicks,Minnesota Timberwolves,Minnesota Timberwolves,New York Knicks,107,89,196,18,Minnesota Timberwolves,New York Knicks,Home Win (107-89),107-89,Four 12-minute quarters / 48 min,No,Target Center,"Minneapolis, MN",15991,Minnesota Timberwolves team victory,"Minnesota Timberwolves defeated New York Knicks 107-89 in Regular Season at Target Center (Minneapolis, MN).",SportsDataVerse hoopR / ESPN NBA Hidden API
151,261122019,2006-2007,2006,Regular Season,Regular Season,2006-11-22,Wednesday,00:00,Indiana Pacers,Orlando Magic,Orlando Magic,Indiana Pacers,96,91,187,5,Orlando Magic,Indiana Pacers,Home Win (96-91),96-91,Four 12-minute quarters / 48 min,No,Amway Arena,"Orlando, FL",17451,Orlando Magic team victory,"Orlando Magic defeated Indiana Pacers 96-91 in Regular Season at Amway Arena (Orlando, FL).",SportsDataVerse hoopR / ESPN NBA Hidden API
152,261122021,2006-2007,2006,Regular Season,Regular Season,2006-11-22,Wednesday,00:00,NO/Oklahoma City Hornets,Phoenix Suns,Phoenix Suns,NO/Oklahoma City Hornets,92,83,175,9,Phoenix Suns,NO/Oklahoma City Hornets,Home Win (92-83),92-83,Four 12-minute quarters / 48 min,No,Footprint Center,"Phoenix, AZ",18422,Phoenix Suns team victory,"Phoenix Suns defeated NO/Oklahoma City Hornets 92-83 in Regular Season at Footprint Center (Phoenix, AZ).",SportsDataVerse hoopR / ESPN NBA Hidden API
153,261122022,2006-2007,2006,Regular Season,Regular Season,2006-11-22,Wednesday,00:00,New Jersey Nets,Portland Trail Blazers,Portland Trail Blazers,New Jersey Nets,100,97,197,3,Portland Trail Blazers,New Jersey Nets,Home Win (100-97),100-97,Four 12-minute quarters / 48 min,No,Moda Center,"Portland, OR",13340,Portland Trail Blazers team victory,"Portland Trail Blazers defeated New Jersey Nets 100-97 in Regular Season at Moda Center (Portland, OR).",SportsDataVerse hoopR / ESPN NBA Hidden API
154,261122023,2006-2007,2006,Regular Season,Regular Season,2006-11-22,Wednesday,00:00,Utah Jazz,Sacramento Kings,Sacramento Kings,Utah Jazz,101,110,211,9,Utah Jazz,Sacramento Kings,Away Win (110-101),101-110,Four 12-minute quarters / 48 min,No,Sleep Train Arena,"Sacramento, CA",17317,Utah Jazz team victory,"Utah Jazz defeated Sacramento Kings 110-101 in Regular Season at Sleep Train Arena (Sacramento, CA).",SportsDataVerse hoopR / ESPN NBA Hidden API
155,261122028,2006-2007,2006,Regular Season,Regular Season,2006-11-22,Wednesday,00:00,Cleveland Cavaliers,Toronto Raptors,Toronto Raptors,Cleveland Cavaliers,95,87,182,8,Toronto Raptors,Cleveland Cavaliers,Home Win (95-87),95-87,Four 12-minute quarters / 48 min,No,Scotiabank Arena,"Toronto, ON",19800,Toronto Raptors team victory,"Toronto Raptors defeated Cleveland Cavaliers 95-87 in Regular Season at Scotiabank Arena (Toronto, ON).",SportsDataVerse hoopR / ESPN NBA Hidden API
156,261122030,2006-2007,2006,Regular Season,Regular Season,2006-11-22,Wednesday,00:00,Boston Celtics,Charlotte Bobcats,Charlotte Bobcats,Boston Celtics,92,83,175,9,Charlotte Bobcats,Boston Celtics,Home Win (92-83),92-83,Four 12-minute quarters / 48 min,No,Spectrum Center,"Charlotte, NC",14129,Charlotte Bobcats team victory,"Charlotte Bobcats defeated Boston Celtics 92-83 in Regular Season at Spectrum Center (Charlotte, NC).",SportsDataVerse hoopR / ESPN NBA Hidden API
157,261122008,2006-2007,2006,Regular Season,Regular Season,2006-11-22,Wednesday,00:30,Atlanta Hawks,Detroit Pistons,Detroit Pistons,Atlanta Hawks,103,98,201,5,Detroit Pistons,Atlanta Hawks,Home Win (103-98),103-98,Four 12-minute quarters / 48 min,No,The Palace of Auburn Hills,"Detroit, MI",22076,Detroit Pistons team victory,"Detroit Pistons defeated Atlanta Hawks 103-98 in Regular Season at The Palace of Auburn Hills (Detroit, MI).",SportsDataVerse hoopR / ESPN NBA Hidden API
158,261122009,2006-2007,2006,Regular Season,Regular Season,2006-11-22,Wednesday,00:30,Denver Nuggets,Golden State Warriors,Golden State Warriors,Denver Nuggets,112,115,227,3,Denver Nuggets,Golden State Warriors,Away Win (115-112),112-115,Four 12-minute quarters / 48 min,No,ORACLE Arena,"Oakland, CA",17505,Denver Nuggets team victory,"Denver Nuggets defeated Golden State Warriors 115-112 in Regular Season at ORACLE Arena (Oakland, CA).",SportsDataVerse hoopR / ESPN NBA Hidden API
159,261122010,2006-2007,2006,Regular Season,Regular Season,2006-11-22,Wednesday,00:30,Washington Wizards,Houston Rockets,Houston Rockets,Washington Wizards,86,82,168,4,Houston Rockets,Washington Wizards,Home Win (86-82),86-82,Four 12-minute quarters / 48 min,No,Toyota Center (Houston),"Houston, TX",15300,Houston Rockets team victory,"Houston Rockets defeated Washington Wizards 86-82 in Regular Season at Toyota Center (Houston) (Houston, TX).",SportsDataVerse hoopR / ESPN NBA Hidden API
160,261122012,2006-2007,2006,Regular Season,Regular Season,2006-11-22,Wednesday,00:30,Seattle SuperSonics,LA Clippers,LA Clippers,Seattle SuperSonics,85,95,180,10,Seattle SuperSonics,LA Clippers,Away Win (95-85),85-95,Four 12-minute quarters / 48 min,No,crypto.com Arena,"Los Angeles, CA",16290,Seattle SuperSonics team victory,"Seattle SuperSonics defeated LA Clippers 95-85 in Regular Season at crypto.com Arena (Los Angeles, CA).",SportsDataVerse hoopR / ESPN NBA Hidden API
161,261124003,2006-2007,2006,Regular Season,Regular Season,2006-11-24,Friday,00:00,Minnesota Timberwolves,NO/Oklahoma City Hornets,NO/Oklahoma City Hornets,Minnesota Timberwolves,79,86,165,7,Minnesota Timberwolves,NO/Oklahoma City Hornets,Away Win (86-79),79-86,Four 12-minute quarters / 48 min,No,Paycom Center,"Oklahoma City, OK",18258,Minnesota Timberwolves team victory,"Minnesota Timberwolves defeated NO/Oklahoma City Hornets 86-79 in Regular Season at Paycom Center (Oklahoma City, OK).",SportsDataVerse hoopR / ESPN NBA Hidden API
162,261124007,2006-2007,2006,Regular Season,Regular Season,2006-11-24,Friday,00:00,Golden State Warriors,Denver Nuggets,Denver Nuggets,Golden State Warriors,140,129,269,11,Denver Nuggets,Golden State Warriors,Home Win (140-129),140-129,Four 12-minute quarters / 48 min,No,Ball Arena,"Denver, CO",16234,Denver Nuggets team victory,"Denver Nuggets defeated Golden State Warriors 140-129 in Regular Season at Ball Arena (Denver, CO).",SportsDataVerse hoopR / ESPN NBA Hidden API
163,261124024,2006-2007,2006,Regular Season,Regular Season,2006-11-24,Friday,00:00,Dallas Mavericks,San Antonio Spurs,San Antonio Spurs,Dallas Mavericks,92,95,187,3,Dallas Mavericks,San Antonio Spurs,Away Win (95-92),92-95,Four 12-minute quarters / 48 min,No,AT&T Center,"San Antonio, TX",18797,Dallas Mavericks team victory,"Dallas Mavericks defeated San Antonio Spurs 95-92 in Regular Season at AT&T Center (San Antonio, TX).",SportsDataVerse hoopR / ESPN NBA Hidden API
164,261124026,2006-2007,2006,Regular Season,Regular Season,2006-11-24,Friday,00:00,Los Angeles Lakers,Utah Jazz,Utah Jazz,Los Angeles Lakers,114,108,222,6,Utah Jazz,Los Angeles Lakers,Home Win (114-108),114-108,Four 12-minute quarters / 48 min,No,Vivint Arena,"Salt Lake City, UT",19911,Utah Jazz team victory,"Utah Jazz defeated Los Angeles Lakers 114-108 in Regular Season at Vivint Arena (Salt Lake City, UT).",SportsDataVerse hoopR / ESPN NBA Hidden API
165,261124029,2006-2007,2006,Regular Season,Regular Season,2006-11-24,Friday,00:00,Washington Wizards,Memphis Grizzlies,Memphis Grizzlies,Washington Wizards,95,80,175,15,Memphis Grizzlies,Washington Wizards,Home Win (95-80),95-80,Four 12-minute quarters / 48 min,No,FedExForum,"Memphis, TN",15067,Memphis Grizzlies team victory,"Memphis Grizzlies defeated Washington Wizards 95-80 in Regular Season at FedExForum (Memphis, TN).",SportsDataVerse hoopR / ESPN NBA Hidden API
166,261124001,2006-2007,2006,Regular Season,Regular Season,2006-11-24,Friday,00:30,Toronto Raptors,Atlanta Hawks,Atlanta Hawks,Toronto Raptors,97,93,190,4,Atlanta Hawks,Toronto Raptors,Home Win (97-93),97-93,Four 12-minute quarters / 48 min,No,State Farm Arena,"Atlanta, GA",16630,Atlanta Hawks team victory,"Atlanta Hawks defeated Toronto Raptors 97-93 in Regular Season at State Farm Arena (Atlanta, GA).",SportsDataVerse hoopR / ESPN NBA Hidden API
167,261124002,2006-2007,2006,Regular Season,Regular Season,2006-11-24,Friday,00:30,New York Knicks,Boston Celtics,Boston Celtics,New York Knicks,77,101,178,24,New York Knicks,Boston Celtics,Away Win (101-77),77-101,Four 12-minute quarters / 48 min,No,TD Garden,"Boston, MA",18624,New York Knicks team victory,"New York Knicks defeated Boston Celtics 101-77 in Regular Season at TD Garden (Boston, MA).",SportsDataVerse hoopR / ESPN NBA Hidden API
168,261124014,2006-2007,2006,Regular Season,Regular Season,2006-11-24,Friday,00:30,Orlando Magic,Miami Heat,Miami Heat,Orlando Magic,104,107,211,3,Orlando Magic,Miami Heat,Away Win (107-104),104-107,Four 12-minute quarters / 48 min,No,Kaseya Center,"Miami, FL",19600,Orlando Magic team victory,"Orlando Magic defeated Miami Heat 107-104 in Regular Season at Kaseya Center (Miami, FL).",SportsDataVerse hoopR / ESPN NBA Hidden API
169,261124020,2006-2007,2006,Regular Season,Regular Season,2006-11-24,Friday,00:30,Chicago Bulls,Philadelphia 76ers,Philadelphia 76ers,Chicago Bulls,123,108,231,15,Philadelphia 76ers,Chicago Bulls,Home Win (123-108),123-108,Four 12-minute quarters / 48 min,No,Wells Fargo Center,"Philadelphia, PA",16795,Philadelphia 76ers team victory,"Philadelphia 76ers defeated Chicago Bulls 123-108 in Regular Season at Wells Fargo Center (Philadelphia, PA).",SportsDataVerse hoopR / ESPN NBA Hidden API
170,261124025,2006-2007,2006,Regular Season,Regular Season,2006-11-24,Friday,00:30,Sacramento Kings,Seattle SuperSonics,Seattle SuperSonics,Sacramento Kings,100,109,209,9,Sacramento Kings,Seattle SuperSonics,Away Win (109-100),100-109,Four 12-minute quarters / 48 min,No,KeyArena,"Seattle, WA",16757,Sacramento Kings team victory,"Sacramento Kings defeated Seattle SuperSonics 109-100 in Regular Season at KeyArena (Seattle, WA).",SportsDataVerse hoopR / ESPN NBA Hidden API
171,261124008,2006-2007,2006,Regular Season,Regular Season,2006-11-24,Friday,01:00,Charlotte Bobcats,Detroit Pistons,Detroit Pistons,Charlotte Bobcats,104,95,199,9,Detroit Pistons,Charlotte Bobcats,Home Win (104-95),104-95,Four 12-minute quarters / 48 min,No,The Palace of Auburn Hills,"Detroit, MI",22076,Detroit Pistons team victory,"Detroit Pistons defeated Charlotte Bobcats 104-95 in Regular Season at The Palace of Auburn Hills (Detroit, MI).",SportsDataVerse hoopR / ESPN NBA Hidden API
172,261124011,2006-2007,2006,Regular Season,Regular Season,2006-11-24,Friday,01:00,Cleveland Cavaliers,Indiana Pacers,Indiana Pacers,Cleveland Cavaliers,97,87,184,10,Indiana Pacers,Cleveland Cavaliers,Home Win (97-87),97-87,Four 12-minute quarters / 48 min,No,Gainbridge Fieldhouse,"Indianapolis, IN",18165,Indiana Pacers team victory,"Indiana Pacers defeated Cleveland Cavaliers 97-87 in Regular Season at Gainbridge Fieldhouse (Indianapolis, IN).",SportsDataVerse hoopR / ESPN NBA Hidden API
173,261124021,2006-2007,2006,Regular Season,Regular Season,2006-11-24,Friday,01:30,New Jersey Nets,Phoenix Suns,Phoenix Suns,New Jersey Nets,99,93,192,6,Phoenix Suns,New Jersey Nets,Home Win (99-93),99-93,Four 12-minute quarters / 48 min,No,Footprint Center,"Phoenix, AZ",18422,Phoenix Suns team victory,"Phoenix Suns defeated New Jersey Nets 99-93 in Regular Season at Footprint Center (Phoenix, AZ).",SportsDataVerse hoopR / ESPN NBA Hidden API
174,261125016,2006-2007,2006,Regular Season,Regular Season,2006-11-25,Saturday,00:00,LA Clippers,Minnesota Timberwolves,Minnesota Timberwolves,LA Clippers,104,96,200,8,Minnesota Timberwolves,LA Clippers,Home Win (104-96),104-96,Four 12-minute quarters / 48 min,No,Target Center,"Minneapolis, MN",15379,Minnesota Timberwolves team victory,"Minnesota Timberwolves defeated LA Clippers 104-96 in Regular Season at Target Center (Minneapolis, MN).",SportsDataVerse hoopR / ESPN NBA Hidden API
175,261125019,2006-2007,2006,Regular Season,Regular Season,2006-11-25,Saturday,00:00,Atlanta Hawks,Orlando Magic,Orlando Magic,Atlanta Hawks,98,79,177,19,Orlando Magic,Atlanta Hawks,Home Win (98-79),98-79,Four 12-minute quarters / 48 min,No,Amway Arena,"Orlando, FL",17451,Orlando Magic team victory,"Orlando Magic defeated Atlanta Hawks 98-79 in Regular Season at Amway Arena (Orlando, FL).",SportsDataVerse hoopR / ESPN NBA Hidden API
176,261125023,2006-2007,2006,Regular Season,Regular Season,2006-11-25,Saturday,00:00,Portland Trail Blazers,Sacramento Kings,Sacramento Kings,Portland Trail Blazers,105,85,190,20,Sacramento Kings,Portland Trail Blazers,Home Win (105-85),105-85,Four 12-minute quarters / 48 min,No,Sleep Train Arena,"Sacramento, CA",17317,Sacramento Kings team victory,"Sacramento Kings defeated Portland Trail Blazers 105-85 in Regular Season at Sleep Train Arena (Sacramento, CA).",SportsDataVerse hoopR / ESPN NBA Hidden API
177,261125027,2006-2007,2006,Regular Season,Regular Season,2006-11-25,Saturday,00:00,Detroit Pistons,Washington Wizards,Washington Wizards,Detroit Pistons,111,115,226,4,Detroit Pistons,Washington Wizards,Away Win (115-111),111-115,Four 12-minute quarters / 48 min,No,Capital One Arena,"Washington, DC",20173,Detroit Pistons team victory,"Detroit Pistons defeated Washington Wizards 115-111 in Regular Season at Capital One Arena (Washington, DC).",SportsDataVerse hoopR / ESPN NBA Hidden API
178,261125030,2006-2007,2006,Regular Season,Regular Season,2006-11-25,Saturday,00:00,Miami Heat,Charlotte Bobcats,Charlotte Bobcats,Miami Heat,93,102,195,9,Miami Heat,Charlotte Bobcats,Away Win (102-93),93-102,Four 12-minute quarters / 48 min,No,Spectrum Center,"Charlotte, NC",19403,Miami Heat team victory,"Miami Heat defeated Charlotte Bobcats 102-93 in Regular Season at Spectrum Center (Charlotte, NC).",SportsDataVerse hoopR / ESPN NBA Hidden API
179,261125005,2006-2007,2006,Regular Season,Regular Season,2006-11-25,Saturday,00:30,Philadelphia 76ers,Cleveland Cavaliers,Cleveland Cavaliers,Philadelphia 76ers,108,95,203,13,Cleveland Cavaliers,Philadelphia 76ers,Home Win (108-95),108-95,Four 12-minute quarters / 48 min,No,Rocket Mortgage FieldHouse,"Cleveland, OH",20562,Cleveland Cavaliers team victory,"Cleveland Cavaliers defeated Philadelphia 76ers 108-95 in Regular Season at Rocket Mortgage FieldHouse (Cleveland, OH).",SportsDataVerse hoopR / ESPN NBA Hidden API
180,261125006,2006-2007,2006,Regular Season,Regular Season,2006-11-25,Saturday,00:30,NO/Oklahoma City Hornets,Dallas Mavericks,Dallas Mavericks,NO/Oklahoma City Hornets,85,73,158,12,Dallas Mavericks,NO/Oklahoma City Hornets,Home Win (85-73),85-73,Four 12-minute quarters / 48 min,No,American Airlines Center,"Dallas, TX",20315,Dallas Mavericks team victory,"Dallas Mavericks defeated NO/Oklahoma City Hornets 85-73 in Regular Season at American Airlines Center (Dallas, TX).",SportsDataVerse hoopR / ESPN NBA Hidden API
181,261125009,2006-2007,2006,Regular Season,Regular Season,2006-11-25,Saturday,00:30,Utah Jazz,Golden State Warriors,Golden State Warriors,Utah Jazz,91,78,169,13,Golden State Warriors,Utah Jazz,Home Win (91-78),91-78,Four 12-minute quarters / 48 min,No,ORACLE Arena,"Oakland, CA",17711,Golden State Warriors team victory,"Golden State Warriors defeated Utah Jazz 91-78 in Regular Season at ORACLE Arena (Oakland, CA).",SportsDataVerse hoopR / ESPN NBA Hidden API
182,261125010,2006-2007,2006,Regular Season,Regular Season,2006-11-25,Saturday,00:30,Memphis Grizzlies,Houston Rockets,Houston Rockets,Memphis Grizzlies,85,76,161,9,Houston Rockets,Memphis Grizzlies,Home Win (85-76),85-76,Four 12-minute quarters / 48 min,No,Toyota Center (Houston),"Houston, TX",16707,Houston Rockets team victory,"Houston Rockets defeated Memphis Grizzlies 85-76 in Regular Season at Toyota Center (Houston) (Houston, TX).",SportsDataVerse hoopR / ESPN NBA Hidden API
183,261125018,2006-2007,2006,Regular Season,Regular Season,2006-11-25,Saturday,00:30,Chicago Bulls,New York Knicks,New York Knicks,Chicago Bulls,95,106,201,11,Chicago Bulls,New York Knicks,Away Win (106-95),95-106,Four 12-minute quarters / 48 min,No,Madison Square Garden,"New York, NY",19763,Chicago Bulls team victory,"Chicago Bulls defeated New York Knicks 106-95 in Regular Season at Madison Square Garden (New York, NY).",SportsDataVerse hoopR / ESPN NBA Hidden API
184,261125015,2006-2007,2006,Regular Season,Regular Season,2006-11-25,Saturday,01:00,Boston Celtics,Milwaukee Bucks,Milwaukee Bucks,Boston Celtics,98,111,209,13,Boston Celtics,Milwaukee Bucks,Away Win (111-98),98-111,Four 12-minute quarters / 48 min,No,BMO Harris Bradley Center,"Milwaukee, WI",16592,Boston Celtics team victory,"Boston Celtics defeated Milwaukee Bucks 111-98 in Regular Season at BMO Harris Bradley Center (Milwaukee, WI).",SportsDataVerse hoopR / ESPN NBA Hidden API
185,261126028,2006-2007,2006,Regular Season,Regular Season,2006-11-26,Sunday,18:00,Indiana Pacers,Toronto Raptors,Toronto Raptors,Indiana Pacers,92,83,175,9,Toronto Raptors,Indiana Pacers,Home Win (92-83),92-83,Four 12-minute quarters / 48 min,No,Scotiabank Arena,"Toronto, ON",18075,Toronto Raptors team victory,"Toronto Raptors defeated Indiana Pacers 92-83 in Regular Season at Scotiabank Arena (Toronto, ON).",SportsDataVerse hoopR / ESPN NBA Hidden API
186,261126007,2006-2007,2006,Regular Season,Regular Season,2006-11-26,Sunday,23:00,LA Clippers,Denver Nuggets,Denver Nuggets,LA Clippers,103,88,191,15,Denver Nuggets,LA Clippers,Home Win (103-88),103-88,Four 12-minute quarters / 48 min,No,Ball Arena,"Denver, CO",14236,Denver Nuggets team victory,"Denver Nuggets defeated LA Clippers 103-88 in Regular Season at Ball Arena (Denver, CO).",SportsDataVerse hoopR / ESPN NBA Hidden API
187,261126022,2006-2007,2006,Regular Season,Regular Season,2006-11-26,Sunday,23:00,Phoenix Suns,Portland Trail Blazers,Portland Trail Blazers,Phoenix Suns,101,119,220,18,Phoenix Suns,Portland Trail Blazers,Away Win (119-101),101-119,Four 12-minute quarters / 48 min,No,Moda Center,"Portland, OR",17610,Phoenix Suns team victory,"Phoenix Suns defeated Portland Trail Blazers 119-101 in Regular Season at Moda Center (Portland, OR).",SportsDataVerse hoopR / ESPN NBA Hidden API
188,261126025,2006-2007,2006,Regular Season,Regular Season,2006-11-26,Sunday,23:00,San Antonio Spurs,Seattle SuperSonics,Seattle SuperSonics,San Antonio Spurs,78,98,176,20,San Antonio Spurs,Seattle SuperSonics,Away Win (98-78),78-98,Four 12-minute quarters / 48 min,No,KeyArena,"Seattle, WA",15483,San Antonio Spurs team victory,"San Antonio Spurs defeated Seattle SuperSonics 98-78 in Regular Season at KeyArena (Seattle, WA).",SportsDataVerse hoopR / ESPN NBA Hidden API
189,261126013,2006-2007,2006,Regular Season,Regular Season,2006-11-26,Sunday,23:30,New Jersey Nets,Los Angeles Lakers,Los Angeles Lakers,New Jersey Nets,99,93,192,6,Los Angeles Lakers,New Jersey Nets,Home Win (99-93),99-93,Four 12-minute quarters / 48 min,No,crypto.com Arena,"Los Angeles, CA",18997,Los Angeles Lakers team victory,"Los Angeles Lakers defeated New Jersey Nets 99-93 in Regular Season at crypto.com Arena (Los Angeles, CA).",SportsDataVerse hoopR / ESPN NBA Hidden API
190,261127026,2006-2007,2006,Regular Season,Regular Season,2006-11-27,Monday,00:00,Orlando Magic,Utah Jazz,Utah Jazz,Orlando Magic,75,88,163,13,Orlando Magic,Utah Jazz,Away Win (88-75),75-88,Four 12-minute quarters / 48 min,No,Vivint Arena,"Salt Lake City, UT",16889,Orlando Magic team victory,"Orlando Magic defeated Utah Jazz 88-75 in Regular Season at Vivint Arena (Salt Lake City, UT).",SportsDataVerse hoopR / ESPN NBA Hidden API
191,261127006,2006-2007,2006,Regular Season,Regular Season,2006-11-27,Monday,00:30,Minnesota Timberwolves,Dallas Mavericks,Dallas Mavericks,Minnesota Timberwolves,93,87,180,6,Dallas Mavericks,Minnesota Timberwolves,Home Win (93-87),93-87,Four 12-minute quarters / 48 min,No,American Airlines Center,"Dallas, TX",19939,Dallas Mavericks team victory,"Dallas Mavericks defeated Minnesota Timberwolves 93-87 in Regular Season at American Airlines Center (Dallas, TX).",SportsDataVerse hoopR / ESPN NBA Hidden API
192,261127009,2006-2007,2006,Regular Season,Regular Season,2006-11-27,Monday,00:30,San Antonio Spurs,Golden State Warriors,Golden State Warriors,San Antonio Spurs,111,102,213,9,Golden State Warriors,San Antonio Spurs,Home Win (111-102),111-102,Four 12-minute quarters / 48 min,No,ORACLE Arena,"Oakland, CA",17078,Golden State Warriors team victory,"Golden State Warriors defeated San Antonio Spurs 111-102 in Regular Season at ORACLE Arena (Oakland, CA).",SportsDataVerse hoopR / ESPN NBA Hidden API
193,261127014,2006-2007,2006,Regular Season,Regular Season,2006-11-27,Monday,00:30,Philadelphia 76ers,Miami Heat,Miami Heat,Philadelphia 76ers,103,91,194,12,Miami Heat,Philadelphia 76ers,Home Win (103-91),103-91,Four 12-minute quarters / 48 min,No,Kaseya Center,"Miami, FL",19600,Miami Heat team victory,"Miami Heat defeated Philadelphia 76ers 103-91 in Regular Season at Kaseya Center (Miami, FL).",SportsDataVerse hoopR / ESPN NBA Hidden API
194,261128003,2006-2007,2006,Regular Season,Regular Season,2006-11-28,Tuesday,00:00,Toronto Raptors,NO/Oklahoma City Hornets,NO/Oklahoma City Hornets,Toronto Raptors,77,94,171,17,Toronto Raptors,NO/Oklahoma City Hornets,Away Win (94-77),77-94,Four 12-minute quarters / 48 min,No,Paycom Center,"Oklahoma City, OK",15647,Toronto Raptors team victory,"Toronto Raptors defeated NO/Oklahoma City Hornets 94-77 in Regular Season at Paycom Center (Oklahoma City, OK).",SportsDataVerse hoopR / ESPN NBA Hidden API
195,261128007,2006-2007,2006,Regular Season,Regular Season,2006-11-28,Tuesday,00:00,Memphis Grizzlies,Denver Nuggets,Denver Nuggets,Memphis Grizzlies,96,108,204,12,Memphis Grizzlies,Denver Nuggets,Away Win (108-96),96-108,Four 12-minute quarters / 48 min,No,Ball Arena,"Denver, CO",12435,Memphis Grizzlies team victory,"Memphis Grizzlies defeated Denver Nuggets 108-96 in Regular Season at Ball Arena (Denver, CO).",SportsDataVerse hoopR / ESPN NBA Hidden API
196,261128022,2006-2007,2006,Regular Season,Regular Season,2006-11-28,Tuesday,00:00,Indiana Pacers,Portland Trail Blazers,Portland Trail Blazers,Indiana Pacers,97,105,202,8,Indiana Pacers,Portland Trail Blazers,Away Win (105-97),97-105,Four 12-minute quarters / 48 min,No,Moda Center,"Portland, OR",12714,Indiana Pacers team victory,"Indiana Pacers defeated Portland Trail Blazers 105-97 in Regular Season at Moda Center (Portland, OR).",SportsDataVerse hoopR / ESPN NBA Hidden API
197,261128023,2006-2007,2006,Regular Season,Regular Season,2006-11-28,Tuesday,00:00,LA Clippers,Sacramento Kings,Sacramento Kings,LA Clippers,93,80,173,13,Sacramento Kings,LA Clippers,Home Win (93-80),93-80,Four 12-minute quarters / 48 min,No,Sleep Train Arena,"Sacramento, CA",17317,Sacramento Kings team victory,"Sacramento Kings defeated LA Clippers 93-80 in Regular Season at Sleep Train Arena (Sacramento, CA).",SportsDataVerse hoopR / ESPN NBA Hidden API
198,261128027,2006-2007,2006,Regular Season,Regular Season,2006-11-28,Tuesday,00:00,Atlanta Hawks,Washington Wizards,Washington Wizards,Atlanta Hawks,96,95,191,1,Washington Wizards,Atlanta Hawks,Home Win (96-95),96-95,Four 12-minute quarters / 48 min,No,Capital One Arena,"Washington, DC",14403,Washington Wizards team victory,"Washington Wizards defeated Atlanta Hawks 96-95 in Regular Season at Capital One Arena (Washington, DC).",SportsDataVerse hoopR / ESPN NBA Hidden API
199,261128004,2006-2007,2006,Regular Season,Regular Season,2006-11-28,Tuesday,00:30,New York Knicks,Chicago Bulls,Chicago Bulls,New York Knicks,102,85,187,17,Chicago Bulls,New York Knicks,Home Win (102-85),102-85,Four 12-minute quarters / 48 min,No,United Center,"Chicago, IL",22272,Chicago Bulls team victory,"Chicago Bulls defeated New York Knicks 102-85 in Regular Season at United Center (Chicago, IL).",SportsDataVerse hoopR / ESPN NBA Hidden API
200,261128010,2006-2007,2006,Regular Season,Regular Season,2006-11-28,Tuesday,00:30,Minnesota Timberwolves,Houston Rockets,Houston Rockets,Minnesota Timberwolves,82,75,157,7,Houston Rockets,Minnesota Timberwolves,Home Win (82-75),82-75,Four 12-minute quarters / 48 min,No,Toyota Center (Houston),"Houston, TX",12709,Houston Rockets team victory,"Houston Rockets defeated Minnesota Timberwolves 82-75 in Regular Season at Toyota Center (Houston) (Houston, TX).",SportsDataVerse hoopR / ESPN NBA Hidden API
201,261128013,2006-2007,2006,Regular Season,Regular Season,2006-11-28,Tuesday,00:30,Milwaukee Bucks,Los Angeles Lakers,Los Angeles Lakers,Milwaukee Bucks,105,109,214,4,Milwaukee Bucks,Los Angeles Lakers,Away Win (109-105),105-109,Four 12-minute quarters / 48 min,No,crypto.com Arena,"Los Angeles, CA",18997,Milwaukee Bucks team victory,"Milwaukee Bucks defeated Los Angeles Lakers 109-105 in Regular Season at crypto.com Arena (Los Angeles, CA).",SportsDataVerse hoopR / ESPN NBA Hidden API
202,261128017,2006-2007,2006,Regular Season,Regular Season,2006-11-28,Tuesday,00:30,Charlotte Bobcats,New Jersey Nets,New Jersey Nets,Charlotte Bobcats,92,96,188,4,Charlotte Bobcats,New Jersey Nets,Away Win (96-92),92-96,Four 12-minute quarters / 48 min,No,IZOD Center,"East Rutherford, NJ",14531,Charlotte Bobcats team victory,"Charlotte Bobcats defeated New Jersey Nets 96-92 in Regular Season at IZOD Center (East Rutherford, NJ).",SportsDataVerse hoopR / ESPN NBA Hidden API
203,261129001,2006-2007,2006,Regular Season,Regular Season,2006-11-29,Wednesday,00:00,Charlotte Bobcats,Atlanta Hawks,Atlanta Hawks,Charlotte Bobcats,99,90,189,9,Atlanta Hawks,Charlotte Bobcats,Home Win (99-90),99-90,Four 12-minute quarters / 48 min,No,State Farm Arena,"Atlanta, GA",13296,Atlanta Hawks team victory,"Atlanta Hawks defeated Charlotte Bobcats 99-90 in Regular Season at State Farm Arena (Atlanta, GA).",SportsDataVerse hoopR / ESPN NBA Hidden API
204,261129005,2006-2007,2006,Regular Season,Regular Season,2006-11-29,Wednesday,00:00,New York Knicks,Cleveland Cavaliers,Cleveland Cavaliers,New York Knicks,98,101,199,3,New York Knicks,Cleveland Cavaliers,Away Win (101-98),98-101,Four 12-minute quarters / 48 min,No,Rocket Mortgage FieldHouse,"Cleveland, OH",20192,New York Knicks team victory,"New York Knicks defeated Cleveland Cavaliers 101-98 in Regular Season at Rocket Mortgage FieldHouse (Cleveland, OH).",SportsDataVerse hoopR / ESPN NBA Hidden API
205,261129021,2006-2007,2006,Regular Season,Regular Season,2006-11-29,Wednesday,00:00,Houston Rockets,Phoenix Suns,Phoenix Suns,Houston Rockets,102,91,193,11,Phoenix Suns,Houston Rockets,Home Win (102-91),102-91,Four 12-minute quarters / 48 min,No,Footprint Center,"Phoenix, AZ",18422,Phoenix Suns team victory,"Phoenix Suns defeated Houston Rockets 102-91 in Regular Season at Footprint Center (Phoenix, AZ).",SportsDataVerse hoopR / ESPN NBA Hidden API
206,261129025,2006-2007,2006,Regular Season,Regular Season,2006-11-29,Wednesday,00:00,Orlando Magic,Seattle SuperSonics,Seattle SuperSonics,Orlando Magic,84,94,178,10,Orlando Magic,Seattle SuperSonics,Away Win (94-84),84-94,Four 12-minute quarters / 48 min,No,KeyArena,"Seattle, WA",14232,Orlando Magic team victory,"Orlando Magic defeated Seattle SuperSonics 94-84 in Regular Season at KeyArena (Seattle, WA).",SportsDataVerse hoopR / ESPN NBA Hidden API
207,261129026,2006-2007,2006,Regular Season,Regular Season,2006-11-29,Wednesday,00:00,San Antonio Spurs,Utah Jazz,Utah Jazz,San Antonio Spurs,83,75,158,8,Utah Jazz,San Antonio Spurs,Home Win (83-75),83-75,Four 12-minute quarters / 48 min,No,Vivint Arena,"Salt Lake City, UT",19089,Utah Jazz team victory,"Utah Jazz defeated San Antonio Spurs 83-75 in Regular Season at Vivint Arena (Salt Lake City, UT).",SportsDataVerse hoopR / ESPN NBA Hidden API
208,261129002,2006-2007,2006,Regular Season,Regular Season,2006-11-29,Wednesday,00:30,New Jersey Nets,Boston Celtics,Boston Celtics,New Jersey Nets,103,106,209,3,New Jersey Nets,Boston Celtics,Away Win (106-103),103-106,Four 12-minute quarters / 48 min,No,TD Garden,"Boston, MA",16042,New Jersey Nets team victory,"New Jersey Nets defeated Boston Celtics 106-103 in Regular Season at TD Garden (Boston, MA).",SportsDataVerse hoopR / ESPN NBA Hidden API
209,261129006,2006-2007,2006,Regular Season,Regular Season,2006-11-29,Wednesday,00:30,Toronto Raptors,Dallas Mavericks,Dallas Mavericks,Toronto Raptors,117,98,215,19,Dallas Mavericks,Toronto Raptors,Home Win (117-98),117-98,Four 12-minute quarters / 48 min,No,American Airlines Center,"Dallas, TX",19975,Dallas Mavericks team victory,"Dallas Mavericks defeated Toronto Raptors 117-98 in Regular Season at American Airlines Center (Dallas, TX).",SportsDataVerse hoopR / ESPN NBA Hidden API
210,261129009,2006-2007,2006,Regular Season,Regular Season,2006-11-29,Wednesday,00:30,Indiana Pacers,Golden State Warriors,Golden State Warriors,Indiana Pacers,106,108,214,2,Indiana Pacers,Golden State Warriors,Away Win (108-106),106-108,Four 12-minute quarters / 48 min,No,ORACLE Arena,"Oakland, CA",17284,Indiana Pacers team victory,"Indiana Pacers defeated Golden State Warriors 108-106 in Regular Season at ORACLE Arena (Oakland, CA).",SportsDataVerse hoopR / ESPN NBA Hidden API
211,261129012,2006-2007,2006,Regular Season,Regular Season,2006-11-29,Wednesday,00:30,Memphis Grizzlies,LA Clippers,LA Clippers,Memphis Grizzlies,105,90,195,15,LA Clippers,Memphis Grizzlies,Home Win (105-90),105-90,Four 12-minute quarters / 48 min,No,crypto.com Arena,"Los Angeles, CA",15829,LA Clippers team victory,"LA Clippers defeated Memphis Grizzlies 105-90 in Regular Season at crypto.com Arena (Los Angeles, CA).",SportsDataVerse hoopR / ESPN NBA Hidden API
212,261130013,2006-2007,2006,Regular Season,Regular Season,2006-11-30,Thursday,00:30,Utah Jazz,Los Angeles Lakers,Los Angeles Lakers,Utah Jazz,132,102,234,30,Los Angeles Lakers,Utah Jazz,Home Win (132-102),132-102,Four 12-minute quarters / 48 min,No,crypto.com Arena,"Los Angeles, CA",18997,Los Angeles Lakers team victory,"Los Angeles Lakers defeated Utah Jazz 132-102 in Regular Season at crypto.com Arena (Los Angeles, CA).",SportsDataVerse hoopR / ESPN NBA Hidden API
213,261130014,2006-2007,2006,Regular Season,Regular Season,2006-11-30,Thursday,01:00,Detroit Pistons,Miami Heat,Miami Heat,Detroit Pistons,85,87,172,2,Detroit Pistons,Miami Heat,Away Win (87-85),85-87,Four 12-minute quarters / 48 min,No,Kaseya Center,"Miami, FL",19600,Detroit Pistons team victory,"Detroit Pistons defeated Miami Heat 87-85 in Regular Season at Kaseya Center (Miami, FL).",SportsDataVerse hoopR / ESPN NBA Hidden API
214,261201003,2006-2007,2006,Regular Season,Regular Season,2006-12-01,Friday,00:00,Chicago Bulls,NO/Oklahoma City Hornets,NO/Oklahoma City Hornets,Chicago Bulls,108,111,219,3,Chicago Bulls,NO/Oklahoma City Hornets,Away Win (111-108),108-111,Four 12-minute quarters / 48 min,No,Paycom Center,"Oklahoma City, OK",19164,Chicago Bulls team victory,"Chicago Bulls defeated NO/Oklahoma City Hornets 111-108 in Regular Season at Paycom Center (Oklahoma City, OK).",SportsDataVerse hoopR / ESPN NBA Hidden API
215,261201016,2006-2007,2006,Regular Season,Regular Season,2006-12-01,Friday,00:00,Denver Nuggets,Minnesota Timberwolves,Minnesota Timberwolves,Denver Nuggets,92,106,198,14,Denver Nuggets,Minnesota Timberwolves,Away Win (106-92),92-106,Four 12-minute quarters / 48 min,No,Target Center,"Minneapolis, MN",14768,Denver Nuggets team victory,"Denver Nuggets defeated Minnesota Timberwolves 106-92 in Regular Season at Target Center (Minneapolis, MN).",SportsDataVerse hoopR / ESPN NBA Hidden API
216,261201021,2006-2007,2006,Regular Season,Regular Season,2006-12-01,Friday,00:00,Milwaukee Bucks,Phoenix Suns,Phoenix Suns,Milwaukee Bucks,122,116,238,6,Phoenix Suns,Milwaukee Bucks,Home Win (122-116),122-116,Four 12-minute quarters / 48 min,No,Footprint Center,"Phoenix, AZ",18422,Phoenix Suns team victory,"Phoenix Suns defeated Milwaukee Bucks 122-116 in Regular Season at Footprint Center (Phoenix, AZ).",SportsDataVerse hoopR / ESPN NBA Hidden API
217,261201022,2006-2007,2006,Regular Season,Regular Season,2006-12-01,Friday,00:00,Orlando Magic,Portland Trail Blazers,Portland Trail Blazers,Orlando Magic,89,91,180,2,Orlando Magic,Portland Trail Blazers,Away Win (91-89),89-91,Four 12-minute quarters / 48 min,No,Moda Center,"Portland, OR",13519,Orlando Magic team victory,"Orlando Magic defeated Portland Trail Blazers 91-89 in Regular Season at Moda Center (Portland, OR).",SportsDataVerse hoopR / ESPN NBA Hidden API
218,261201027,2006-2007,2006,Regular Season,Regular Season,2006-12-01,Friday,00:00,Charlotte Bobcats,Washington Wizards,Washington Wizards,Charlotte Bobcats,121,109,230,12,Washington Wizards,Charlotte Bobcats,Home Win (121-109),121-109,Four 12-minute quarters / 48 min,No,Capital One Arena,"Washington, DC",18853,Washington Wizards team victory,"Washington Wizards defeated Charlotte Bobcats 121-109 in Regular Season at Capital One Arena (Washington, DC).",SportsDataVerse hoopR / ESPN NBA Hidden API
219,261201028,2006-2007,2006,Regular Season,Regular Season,2006-12-01,Friday,00:00,Boston Celtics,Toronto Raptors,Toronto Raptors,Boston Celtics,106,102,208,4,Toronto Raptors,Boston Celtics,Home Win (106-102),106-102,Four 12-minute quarters / 48 min,No,Scotiabank Arena,"Toronto, ON",16562,Toronto Raptors team victory,"Toronto Raptors defeated Boston Celtics 106-102 in Regular Season at Scotiabank Arena (Toronto, ON).",SportsDataVerse hoopR / ESPN NBA Hidden API
220,261201001,2006-2007,2006,Regular Season,Regular Season,2006-12-01,Friday,00:30,Cleveland Cavaliers,Atlanta Hawks,Atlanta Hawks,Cleveland Cavaliers,95,106,201,11,Cleveland Cavaliers,Atlanta Hawks,Away Win (106-95),95-106,Four 12-minute quarters / 48 min,No,State Farm Arena,"Atlanta, GA",19650,Cleveland Cavaliers team victory,"Cleveland Cavaliers defeated Atlanta Hawks 106-95 in Regular Season at State Farm Arena (Atlanta, GA).",SportsDataVerse hoopR / ESPN NBA Hidden API
221,261201006,2006-2007,2006,Regular Season,Regular Season,2006-12-01,Friday,00:30,Sacramento Kings,Dallas Mavericks,Dallas Mavericks,Sacramento Kings,109,90,199,19,Dallas Mavericks,Sacramento Kings,Home Win (109-90),109-90,Four 12-minute quarters / 48 min,No,American Airlines Center,"Dallas, TX",20277,Dallas Mavericks team victory,"Dallas Mavericks defeated Sacramento Kings 109-90 in Regular Season at American Airlines Center (Dallas, TX).",SportsDataVerse hoopR / ESPN NBA Hidden API
222,261201025,2006-2007,2006,Regular Season,Regular Season,2006-12-01,Friday,00:30,Indiana Pacers,Seattle SuperSonics,Seattle SuperSonics,Indiana Pacers,105,103,208,2,Seattle SuperSonics,Indiana Pacers,Home Win (105-103),105-103,Four 12-minute quarters / 48 min,No,KeyArena,"Seattle, WA",14413,Seattle SuperSonics team victory,"Seattle SuperSonics defeated Indiana Pacers 105-103 in Regular Season at KeyArena (Seattle, WA).",SportsDataVerse hoopR / ESPN NBA Hidden API
223,261201008,2006-2007,2006,Regular Season,Regular Season,2006-12-01,Friday,01:00,New York Knicks,Detroit Pistons,Detroit Pistons,New York Knicks,108,100,208,8,Detroit Pistons,New York Knicks,Home Win (108-100),108-100,Four 12-minute quarters / 48 min,No,The Palace of Auburn Hills,"Detroit, MI",22076,Detroit Pistons team victory,"Detroit Pistons defeated New York Knicks 108-100 in Regular Season at The Palace of Auburn Hills (Detroit, MI).",SportsDataVerse hoopR / ESPN NBA Hidden API
224,261202007,2006-2007,2006,Regular Season,Regular Season,2006-12-02,Saturday,00:00,Indiana Pacers,Denver Nuggets,Denver Nuggets,Indiana Pacers,121,101,222,20,Denver Nuggets,Indiana Pacers,Home Win (121-101),121-101,Four 12-minute quarters / 48 min,No,Ball Arena,"Denver, CO",19155,Denver Nuggets team victory,"Denver Nuggets defeated Indiana Pacers 121-101 in Regular Season at Ball Arena (Denver, CO).",SportsDataVerse hoopR / ESPN NBA Hidden API
225,261202024,2006-2007,2006,Regular Season,Regular Season,2006-12-02,Saturday,00:00,Sacramento Kings,San Antonio Spurs,San Antonio Spurs,Sacramento Kings,100,98,198,2,San Antonio Spurs,Sacramento Kings,Home Win (100-98),100-98,Four 12-minute quarters / 48 min,No,AT&T Center,"San Antonio, TX",18797,San Antonio Spurs team victory,"San Antonio Spurs defeated Sacramento Kings 100-98 in Regular Season at AT&T Center (San Antonio, TX).",SportsDataVerse hoopR / ESPN NBA Hidden API
226,261202026,2006-2007,2006,Regular Season,Regular Season,2006-12-02,Saturday,00:00,Seattle SuperSonics,Utah Jazz,Utah Jazz,Seattle SuperSonics,109,107,216,2,Utah Jazz,Seattle SuperSonics,Home Win (109-107),109-107,Four 12-minute quarters / 48 min,No,Vivint Arena,"Salt Lake City, UT",19790,Utah Jazz team victory,"Utah Jazz defeated Seattle SuperSonics 109-107 in Regular Season at Vivint Arena (Salt Lake City, UT).",SportsDataVerse hoopR / ESPN NBA Hidden API
227,261202029,2006-2007,2006,Regular Season,Regular Season,2006-12-02,Saturday,00:00,Miami Heat,Memphis Grizzlies,Memphis Grizzlies,Miami Heat,97,98,195,1,Miami Heat,Memphis Grizzlies,Away Win (98-97),97-98,Four 12-minute quarters / 48 min,No,FedExForum,"Memphis, TN",18119,Miami Heat team victory,"Miami Heat defeated Memphis Grizzlies 98-97 in Regular Season at FedExForum (Memphis, TN).",SportsDataVerse hoopR / ESPN NBA Hidden API
228,261202004,2006-2007,2006,Regular Season,Regular Season,2006-12-02,Saturday,00:30,Washington Wizards,Chicago Bulls,Chicago Bulls,Washington Wizards,112,94,206,18,Chicago Bulls,Washington Wizards,Home Win (112-94),112-94,Four 12-minute quarters / 48 min,No,United Center,"Chicago, IL",22180,Chicago Bulls team victory,"Chicago Bulls defeated Washington Wizards 112-94 in Regular Season at United Center (Chicago, IL).",SportsDataVerse hoopR / ESPN NBA Hidden API
229,261202009,2006-2007,2006,Regular Season,Regular Season,2006-12-02,Saturday,00:30,Milwaukee Bucks,Golden State Warriors,Golden State Warriors,Milwaukee Bucks,110,115,225,5,Milwaukee Bucks,Golden State Warriors,Away Win (115-110),110-115,Four 12-minute quarters / 48 min,No,ORACLE Arena,"Oakland, CA",18086,Milwaukee Bucks team victory,"Milwaukee Bucks defeated Golden State Warriors 115-110 in Regular Season at ORACLE Arena (Oakland, CA).",SportsDataVerse hoopR / ESPN NBA Hidden API
230,261202010,2006-2007,2006,Regular Season,Regular Season,2006-12-02,Saturday,00:30,Cleveland Cavaliers,Houston Rockets,Houston Rockets,Cleveland Cavaliers,81,63,144,18,Houston Rockets,Cleveland Cavaliers,Home Win (81-63),81-63,Four 12-minute quarters / 48 min,No,Toyota Center (Houston),"Houston, TX",18260,Houston Rockets team victory,"Houston Rockets defeated Cleveland Cavaliers 81-63 in Regular Season at Toyota Center (Houston) (Houston, TX).",SportsDataVerse hoopR / ESPN NBA Hidden API
231,261202012,2006-2007,2006,Regular Season,Regular Season,2006-12-02,Saturday,00:30,Los Angeles Lakers,LA Clippers,LA Clippers,Los Angeles Lakers,88,97,185,9,Los Angeles Lakers,LA Clippers,Away Win (97-88),88-97,Four 12-minute quarters / 48 min,No,crypto.com Arena,"Los Angeles, CA",20550,Los Angeles Lakers team victory,"Los Angeles Lakers defeated LA Clippers 97-88 in Regular Season at crypto.com Arena (Los Angeles, CA).",SportsDataVerse hoopR / ESPN NBA Hidden API
232,261202017,2006-2007,2006,Regular Season,Regular Season,2006-12-02,Saturday,00:30,Philadelphia 76ers,New Jersey Nets,New Jersey Nets,Philadelphia 76ers,112,107,219,5,New Jersey Nets,Philadelphia 76ers,Home Win (112-107),112-107,Four 12-minute quarters / 48 min,No,IZOD Center,"East Rutherford, NJ",18885,New Jersey Nets team victory,"New Jersey Nets defeated Philadelphia 76ers 112-107 in Regular Season at IZOD Center (East Rutherford, NJ).",SportsDataVerse hoopR / ESPN NBA Hidden API
233,261202018,2006-2007,2006,Regular Season,Regular Season,2006-12-02,Saturday,01:00,Toronto Raptors,New York Knicks,New York Knicks,Toronto Raptors,100,103,203,3,Toronto Raptors,New York Knicks,Away Win (103-100),100-103,Four 12-minute quarters / 48 min,No,Madison Square Garden,"New York, NY",17525,Toronto Raptors team victory,"Toronto Raptors defeated New York Knicks 103-100 in Regular Season at Madison Square Garden (New York, NY).",SportsDataVerse hoopR / ESPN NBA Hidden API
234,261203020,2006-2007,2006,Regular Season,Regular Season,2006-12-03,Sunday,23:00,Minnesota Timberwolves,Philadelphia 76ers,Philadelphia 76ers,Minnesota Timberwolves,84,95,179,11,Minnesota Timberwolves,Philadelphia 76ers,Away Win (95-84),84-95,Four 12-minute quarters / 48 min,No,Wells Fargo Center,"Philadelphia, PA",13039,Minnesota Timberwolves team victory,"Minnesota Timberwolves defeated Philadelphia 76ers 95-84 in Regular Season at Wells Fargo Center (Philadelphia, PA).",SportsDataVerse hoopR / ESPN NBA Hidden API
235,261203022,2006-2007,2006,Regular Season,Regular Season,2006-12-03,Sunday,23:00,Atlanta Hawks,Portland Trail Blazers,Portland Trail Blazers,Atlanta Hawks,96,107,203,11,Atlanta Hawks,Portland Trail Blazers,Away Win (107-96),96-107,Four 12-minute quarters / 48 min,No,Moda Center,"Portland, OR",12650,Atlanta Hawks team victory,"Atlanta Hawks defeated Portland Trail Blazers 107-96 in Regular Season at Moda Center (Portland, OR).",SportsDataVerse hoopR / ESPN NBA Hidden API
236,261203030,2006-2007,2006,Regular Season,Regular Season,2006-12-03,Sunday,23:00,Detroit Pistons,Charlotte Bobcats,Charlotte Bobcats,Detroit Pistons,97,89,186,8,Charlotte Bobcats,Detroit Pistons,Home Win (97-89),97-89,Four 12-minute quarters / 48 min,No,Spectrum Center,"Charlotte, NC",13272,Charlotte Bobcats team victory,"Charlotte Bobcats defeated Detroit Pistons 97-89 in Regular Season at Spectrum Center (Charlotte, NC).",SportsDataVerse hoopR / ESPN NBA Hidden API
237,261203012,2006-2007,2006,Regular Season,Regular Season,2006-12-03,Sunday,23:30,Orlando Magic,LA Clippers,LA Clippers,Orlando Magic,116,91,207,25,LA Clippers,Orlando Magic,Home Win (116-91),116-91,Four 12-minute quarters / 48 min,No,crypto.com Arena,"Los Angeles, CA",17117,LA Clippers team victory,"LA Clippers defeated Orlando Magic 116-91 in Regular Season at crypto.com Arena (Los Angeles, CA).",SportsDataVerse hoopR / ESPN NBA Hidden API
238,261204023,2006-2007,2006,Regular Season,Regular Season,2006-12-04,Monday,00:00,Orlando Magic,Sacramento Kings,Sacramento Kings,Orlando Magic,89,92,181,3,Orlando Magic,Sacramento Kings,Away Win (92-89),89-92,Four 12-minute quarters / 48 min,No,Sleep Train Arena,"Sacramento, CA",17317,Orlando Magic team victory,"Orlando Magic defeated Sacramento Kings 92-89 in Regular Season at Sleep Train Arena (Sacramento, CA).",SportsDataVerse hoopR / ESPN NBA Hidden API
239,261204024,2006-2007,2006,Regular Season,Regular Season,2006-12-04,Monday,00:00,Golden State Warriors,San Antonio Spurs,San Antonio Spurs,Golden State Warriors,129,89,218,40,San Antonio Spurs,Golden State Warriors,Home Win (129-89),129-89,Four 12-minute quarters / 48 min,No,AT&T Center,"San Antonio, TX",18797,San Antonio Spurs team victory,"San Antonio Spurs defeated Golden State Warriors 129-89 in Regular Season at AT&T Center (San Antonio, TX).",SportsDataVerse hoopR / ESPN NBA Hidden API
240,261204026,2006-2007,2006,Regular Season,Regular Season,2006-12-04,Monday,00:00,Milwaukee Bucks,Utah Jazz,Utah Jazz,Milwaukee Bucks,101,88,189,13,Utah Jazz,Milwaukee Bucks,Home Win (101-88),101-88,Four 12-minute quarters / 48 min,No,Vivint Arena,"Salt Lake City, UT",18536,Utah Jazz team victory,"Utah Jazz defeated Milwaukee Bucks 101-88 in Regular Season at Vivint Arena (Salt Lake City, UT).",SportsDataVerse hoopR / ESPN NBA Hidden API
241,261204027,2006-2007,2006,Regular Season,Regular Season,2006-12-04,Monday,00:00,Dallas Mavericks,Washington Wizards,Washington Wizards,Dallas Mavericks,106,97,203,9,Washington Wizards,Dallas Mavericks,Home Win (106-97),106-97,Four 12-minute quarters / 48 min,No,Capital One Arena,"Washington, DC",14891,Washington Wizards team victory,"Washington Wizards defeated Dallas Mavericks 106-97 in Regular Season at Capital One Arena (Washington, DC).",SportsDataVerse hoopR / ESPN NBA Hidden API
242,261204004,2006-2007,2006,Regular Season,Regular Season,2006-12-04,Monday,00:30,Boston Celtics,Chicago Bulls,Chicago Bulls,Boston Celtics,100,82,182,18,Chicago Bulls,Boston Celtics,Home Win (100-82),100-82,Four 12-minute quarters / 48 min,No,United Center,"Chicago, IL",21794,Chicago Bulls team victory,"Chicago Bulls defeated Boston Celtics 100-82 in Regular Season at United Center (Chicago, IL).",SportsDataVerse hoopR / ESPN NBA Hidden API
243,261204013,2006-2007,2006,Regular Season,Regular Season,2006-12-04,Monday,00:30,Indiana Pacers,Los Angeles Lakers,Los Angeles Lakers,Indiana Pacers,101,87,188,14,Los Angeles Lakers,Indiana Pacers,Home Win (101-87),101-87,Four 12-minute quarters / 48 min,No,crypto.com Arena,"Los Angeles, CA",18997,Los Angeles Lakers team victory,"Los Angeles Lakers defeated Indiana Pacers 101-87 in Regular Season at crypto.com Arena (Los Angeles, CA).",SportsDataVerse hoopR / ESPN NBA Hidden API
244,261204018,2006-2007,2006,Regular Season,Regular Season,2006-12-04,Monday,00:30,Memphis Grizzlies,New York Knicks,New York Knicks,Memphis Grizzlies,98,90,188,8,New York Knicks,Memphis Grizzlies,Home Win (98-90),98-90,Four 12-minute quarters / 48 min,No,Madison Square Garden,"New York, NY",15233,New York Knicks team victory,"New York Knicks defeated Memphis Grizzlies 98-90 in Regular Season at Madison Square Garden (New York, NY).",SportsDataVerse hoopR / ESPN NBA Hidden API
245,261205021,2006-2007,2006,Regular Season,Regular Season,2006-12-05,Tuesday,00:00,Sacramento Kings,Phoenix Suns,Phoenix Suns,Sacramento Kings,127,102,229,25,Phoenix Suns,Sacramento Kings,Home Win (127-102),127-102,Four 12-minute quarters / 48 min,No,Footprint Center,"Phoenix, AZ",18422,Phoenix Suns team victory,"Phoenix Suns defeated Sacramento Kings 127-102 in Regular Season at Footprint Center (Phoenix, AZ).",SportsDataVerse hoopR / ESPN NBA Hidden API
246,261205025,2006-2007,2006,Regular Season,Regular Season,2006-12-05,Tuesday,00:00,Atlanta Hawks,Seattle SuperSonics,Seattle SuperSonics,Atlanta Hawks,102,87,189,15,Seattle SuperSonics,Atlanta Hawks,Home Win (102-87),102-87,Four 12-minute quarters / 48 min,No,KeyArena,"Seattle, WA",14391,Seattle SuperSonics team victory,"Seattle SuperSonics defeated Atlanta Hawks 102-87 in Regular Season at KeyArena (Seattle, WA).",SportsDataVerse hoopR / ESPN NBA Hidden API
247,261205008,2006-2007,2006,Regular Season,Regular Season,2006-12-05,Tuesday,00:30,Portland Trail Blazers,Detroit Pistons,Detroit Pistons,Portland Trail Blazers,85,88,173,3,Portland Trail Blazers,Detroit Pistons,Away Win (88-85),85-88,Four 12-minute quarters / 48 min,No,The Palace of Auburn Hills,"Detroit, MI",22076,Portland Trail Blazers team victory,"Portland Trail Blazers defeated Detroit Pistons 88-85 in Regular Season at The Palace of Auburn Hills (Detroit, MI).",SportsDataVerse hoopR / ESPN NBA Hidden API
248,261205010,2006-2007,2006,Regular Season,Regular Season,2006-12-05,Tuesday,00:30,Golden State Warriors,Houston Rockets,Houston Rockets,Golden State Warriors,118,90,208,28,Houston Rockets,Golden State Warriors,Home Win (118-90),118-90,Four 12-minute quarters / 48 min,No,Toyota Center (Houston),"Houston, TX",14109,Houston Rockets team victory,"Houston Rockets defeated Golden State Warriors 118-90 in Regular Season at Toyota Center (Houston) (Houston, TX).",SportsDataVerse hoopR / ESPN NBA Hidden API
249,261205012,2006-2007,2006,Regular Season,Regular Season,2006-12-05,Tuesday,00:30,Miami Heat,LA Clippers,LA Clippers,Miami Heat,101,97,198,4,LA Clippers,Miami Heat,Home Win (101-97),101-97,Four 12-minute quarters / 48 min,No,crypto.com Arena,"Los Angeles, CA",19060,LA Clippers team victory,"LA Clippers defeated Miami Heat 101-97 in Regular Season at crypto.com Arena (Los Angeles, CA).",SportsDataVerse hoopR / ESPN NBA Hidden API
250,261205017,2006-2007,2006,Regular Season,Regular Season,2006-12-05,Tuesday,00:30,Dallas Mavericks,New Jersey Nets,New Jersey Nets,Dallas Mavericks,75,92,167,17,Dallas Mavericks,New Jersey Nets,Away Win (92-75),75-92,Four 12-minute quarters / 48 min,No,IZOD Center,"East Rutherford, NJ",16794,Dallas Mavericks team victory,"Dallas Mavericks defeated New Jersey Nets 92-75 in Regular Season at IZOD Center (East Rutherford, NJ).",SportsDataVerse hoopR / ESPN NBA Hidden API
251,261206005,2006-2007,2006,Regular Season,Regular Season,2006-12-06,Wednesday,00:00,Toronto Raptors,Cleveland Cavaliers,Cleveland Cavaliers,Toronto Raptors,95,91,186,4,Cleveland Cavaliers,Toronto Raptors,Home Win (95-91),95-91,Four 12-minute quarters / 48 min,No,Rocket Mortgage FieldHouse,"Cleveland, OH",20119,Cleveland Cavaliers team victory,"Cleveland Cavaliers defeated Toronto Raptors 95-91 in Regular Season at Rocket Mortgage FieldHouse (Cleveland, OH).",SportsDataVerse hoopR / ESPN NBA Hidden API
252,261206007,2006-2007,2006,Regular Season,Regular Season,2006-12-06,Wednesday,00:00,Atlanta Hawks,Denver Nuggets,Denver Nuggets,Atlanta Hawks,96,98,194,2,Atlanta Hawks,Denver Nuggets,Away Win (98-96),96-98,Four 12-minute quarters / 48 min,No,Ball Arena,"Denver, CO",13126,Atlanta Hawks team victory,"Atlanta Hawks defeated Denver Nuggets 98-96 in Regular Season at Ball Arena (Denver, CO).",SportsDataVerse hoopR / ESPN NBA Hidden API
253,261206011,2006-2007,2006,Regular Season,Regular Season,2006-12-06,Wednesday,00:00,Orlando Magic,Indiana Pacers,Indiana Pacers,Orlando Magic,94,80,174,14,Indiana Pacers,Orlando Magic,Home Win (94-80),94-80,Four 12-minute quarters / 48 min,No,Gainbridge Fieldhouse,"Indianapolis, IN",15015,Indiana Pacers team victory,"Indiana Pacers defeated Orlando Magic 94-80 in Regular Season at Gainbridge Fieldhouse (Indianapolis, IN).",SportsDataVerse hoopR / ESPN NBA Hidden API
254,261206015,2006-2007,2006,Regular Season,Regular Season,2006-12-06,Wednesday,00:00,Portland Trail Blazers,Milwaukee Bucks,Milwaukee Bucks,Portland Trail Blazers,102,94,196,8,Milwaukee Bucks,Portland Trail Blazers,Home Win (102-94),102-94,Four 12-minute quarters / 48 min,Yes,BMO Harris Bradley Center,"Milwaukee, WI",13687,Milwaukee Bucks team victory (OT),"Milwaukee Bucks edged Portland Trail Blazers 102-94 in overtime at BMO Harris Bradley Center (Milwaukee, WI).",SportsDataVerse hoopR / ESPN NBA Hidden API
255,261206016,2006-2007,2006,Regular Season,Regular Season,2006-12-06,Wednesday,00:00,Houston Rockets,Minnesota Timberwolves,Minnesota Timberwolves,Houston Rockets,90,84,174,6,Minnesota Timberwolves,Houston Rockets,Home Win (90-84),90-84,Four 12-minute quarters / 48 min,No,Target Center,"Minneapolis, MN",15017,Minnesota Timberwolves team victory,"Minnesota Timberwolves defeated Houston Rockets 90-84 in Regular Season at Target Center (Minneapolis, MN).",SportsDataVerse hoopR / ESPN NBA Hidden API
256,261206030,2006-2007,2006,Regular Season,Regular Season,2006-12-06,Wednesday,00:00,San Antonio Spurs,Charlotte Bobcats,Charlotte Bobcats,San Antonio Spurs,76,96,172,20,San Antonio Spurs,Charlotte Bobcats,Away Win (96-76),76-96,Four 12-minute quarters / 48 min,No,Spectrum Center,"Charlotte, NC",14066,San Antonio Spurs team victory,"San Antonio Spurs defeated Charlotte Bobcats 96-76 in Regular Season at Spectrum Center (Charlotte, NC).",SportsDataVerse hoopR / ESPN NBA Hidden API
257,261206002,2006-2007,2006,Regular Season,Regular Season,2006-12-06,Wednesday,00:30,Memphis Grizzlies,Boston Celtics,Boston Celtics,Memphis Grizzlies,96,98,194,2,Memphis Grizzlies,Boston Celtics,Away Win (98-96),96-98,Four 12-minute quarters / 48 min,No,TD Garden,"Boston, MA",15649,Memphis Grizzlies team victory,"Memphis Grizzlies defeated Boston Celtics 98-96 in Regular Season at TD Garden (Boston, MA).",SportsDataVerse hoopR / ESPN NBA Hidden API
258,261206013,2006-2007,2006,Regular Season,Regular Season,2006-12-06,Wednesday,00:30,NO/Oklahoma City Hornets,Los Angeles Lakers,Los Angeles Lakers,NO/Oklahoma City Hornets,89,105,194,16,NO/Oklahoma City Hornets,Los Angeles Lakers,Away Win (105-89),89-105,Four 12-minute quarters / 48 min,No,crypto.com Arena,"Los Angeles, CA",18535,NO/Oklahoma City Hornets team victory,"NO/Oklahoma City Hornets defeated Los Angeles Lakers 105-89 in Regular Season at crypto.com Arena (Los Angeles, CA).",SportsDataVerse hoopR / ESPN NBA Hidden API
259,261206018,2006-2007,2006,Regular Season,Regular Season,2006-12-06,Wednesday,00:30,Washington Wizards,New York Knicks,New York Knicks,Washington Wizards,102,113,215,11,Washington Wizards,New York Knicks,Away Win (113-102),102-113,Four 12-minute quarters / 48 min,No,Madison Square Garden,"New York, NY",16272,Washington Wizards team victory,"Washington Wizards defeated New York Knicks 113-102 in Regular Season at Madison Square Garden (New York, NY).",SportsDataVerse hoopR / ESPN NBA Hidden API
260,261206004,2006-2007,2006,Regular Season,Regular Season,2006-12-06,Wednesday,01:00,Philadelphia 76ers,Chicago Bulls,Chicago Bulls,Philadelphia 76ers,121,94,215,27,Chicago Bulls,Philadelphia 76ers,Home Win (121-94),121-94,Four 12-minute quarters / 48 min,No,United Center,"Chicago, IL",21908,Chicago Bulls team victory,"Chicago Bulls defeated Philadelphia 76ers 121-94 in Regular Season at United Center (Chicago, IL).",SportsDataVerse hoopR / ESPN NBA Hidden API
261,261207006,2006-2007,2006,Regular Season,Regular Season,2006-12-07,Thursday,00:00,Detroit Pistons,Dallas Mavericks,Dallas Mavericks,Detroit Pistons,82,92,174,10,Detroit Pistons,Dallas Mavericks,Away Win (92-82),82-92,Four 12-minute quarters / 48 min,No,American Airlines Center,"Dallas, TX",20152,Detroit Pistons team victory,"Detroit Pistons defeated Dallas Mavericks 92-82 in Regular Season at American Airlines Center (Dallas, TX).",SportsDataVerse hoopR / ESPN NBA Hidden API
262,261207017,2006-2007,2006,Regular Season,Regular Season,2006-12-07,Thursday,00:30,Phoenix Suns,New Jersey Nets,New Jersey Nets,Phoenix Suns,157,161,318,4,Phoenix Suns,New Jersey Nets,Away Win (161-157),157-161,Four 12-minute quarters / 48 min,Yes,IZOD Center,"East Rutherford, NJ",16966,Phoenix Suns team victory (OT),"Phoenix Suns edged New Jersey Nets 161-157 in overtime at IZOD Center (East Rutherford, NJ).",SportsDataVerse hoopR / ESPN NBA Hidden API
263,261207023,2006-2007,2006,Regular Season,Regular Season,2006-12-07,Thursday,00:30,Miami Heat,Sacramento Kings,Sacramento Kings,Miami Heat,91,93,184,2,Miami Heat,Sacramento Kings,Away Win (93-91),91-93,Four 12-minute quarters / 48 min,Yes,Sleep Train Arena,"Sacramento, CA",17317,Miami Heat team victory (OT),"Miami Heat edged Sacramento Kings 93-91 in overtime at Sleep Train Arena (Sacramento, CA).",SportsDataVerse hoopR / ESPN NBA Hidden API
264,261208011,2006-2007,2006,Regular Season,Regular Season,2006-12-08,Friday,00:00,Portland Trail Blazers,Indiana Pacers,Indiana Pacers,Portland Trail Blazers,108,95,203,13,Indiana Pacers,Portland Trail Blazers,Home Win (108-95),108-95,Four 12-minute quarters / 48 min,No,Gainbridge Fieldhouse,"Indianapolis, IN",15197,Indiana Pacers team victory,"Indiana Pacers defeated Portland Trail Blazers 108-95 in Regular Season at Gainbridge Fieldhouse (Indianapolis, IN).",SportsDataVerse hoopR / ESPN NBA Hidden API
265,261208016,2006-2007,2006,Regular Season,Regular Season,2006-12-08,Friday,00:00,Utah Jazz,Minnesota Timberwolves,Minnesota Timberwolves,Utah Jazz,110,103,213,7,Minnesota Timberwolves,Utah Jazz,Home Win (110-103),110-103,Four 12-minute quarters / 48 min,No,Target Center,"Minneapolis, MN",14227,Minnesota Timberwolves team victory,"Minnesota Timberwolves defeated Utah Jazz 110-103 in Regular Season at Target Center (Minneapolis, MN).",SportsDataVerse hoopR / ESPN NBA Hidden API
266,261208019,2006-2007,2006,Regular Season,Regular Season,2006-12-08,Friday,00:00,Detroit Pistons,Orlando Magic,Orlando Magic,Detroit Pistons,83,87,170,4,Detroit Pistons,Orlando Magic,Away Win (87-83),83-87,Four 12-minute quarters / 48 min,No,Amway Arena,"Orlando, FL",17451,Detroit Pistons team victory,"Detroit Pistons defeated Orlando Magic 87-83 in Regular Season at Amway Arena (Orlando, FL).",SportsDataVerse hoopR / ESPN NBA Hidden API
267,261208024,2006-2007,2006,Regular Season,Regular Season,2006-12-08,Friday,00:00,LA Clippers,San Antonio Spurs,San Antonio Spurs,LA Clippers,111,82,193,29,San Antonio Spurs,LA Clippers,Home Win (111-82),111-82,Four 12-minute quarters / 48 min,No,AT&T Center,"San Antonio, TX",18797,San Antonio Spurs team victory,"San Antonio Spurs defeated LA Clippers 111-82 in Regular Season at AT&T Center (San Antonio, TX).",SportsDataVerse hoopR / ESPN NBA Hidden API
268,261208030,2006-2007,2006,Regular Season,Regular Season,2006-12-08,Friday,00:00,Houston Rockets,Charlotte Bobcats,Charlotte Bobcats,Houston Rockets,62,92,154,30,Houston Rockets,Charlotte Bobcats,Away Win (92-62),62-92,Four 12-minute quarters / 48 min,No,Spectrum Center,"Charlotte, NC",14414,Houston Rockets team victory,"Houston Rockets defeated Charlotte Bobcats 92-62 in Regular Season at Spectrum Center (Charlotte, NC).",SportsDataVerse hoopR / ESPN NBA Hidden API
269,261208002,2006-2007,2006,Regular Season,Regular Season,2006-12-08,Friday,00:30,Phoenix Suns,Boston Celtics,Boston Celtics,Phoenix Suns,111,116,227,5,Phoenix Suns,Boston Celtics,Away Win (116-111),111-116,Four 12-minute quarters / 48 min,No,TD Garden,"Boston, MA",18624,Phoenix Suns team victory,"Phoenix Suns defeated Boston Celtics 116-111 in Regular Season at TD Garden (Boston, MA).",SportsDataVerse hoopR / ESPN NBA Hidden API
270,261208004,2006-2007,2006,Regular Season,Regular Season,2006-12-08,Friday,00:30,Toronto Raptors,Chicago Bulls,Chicago Bulls,Toronto Raptors,93,90,183,3,Chicago Bulls,Toronto Raptors,Home Win (93-90),93-90,Four 12-minute quarters / 48 min,No,United Center,"Chicago, IL",21797,Chicago Bulls team victory,"Chicago Bulls defeated Toronto Raptors 93-90 in Regular Season at United Center (Chicago, IL).",SportsDataVerse hoopR / ESPN NBA Hidden API
271,261208013,2006-2007,2006,Regular Season,Regular Season,2006-12-08,Friday,00:30,Atlanta Hawks,Los Angeles Lakers,Los Angeles Lakers,Atlanta Hawks,106,95,201,11,Los Angeles Lakers,Atlanta Hawks,Home Win (106-95),106-95,Four 12-minute quarters / 48 min,No,crypto.com Arena,"Los Angeles, CA",18997,Los Angeles Lakers team victory,"Los Angeles Lakers defeated Atlanta Hawks 106-95 in Regular Season at crypto.com Arena (Los Angeles, CA).",SportsDataVerse hoopR / ESPN NBA Hidden API
272,261208015,2006-2007,2006,Regular Season,Regular Season,2006-12-08,Friday,00:30,Memphis Grizzlies,Milwaukee Bucks,Milwaukee Bucks,Memphis Grizzlies,100,94,194,6,Milwaukee Bucks,Memphis Grizzlies,Home Win (100-94),100-94,Four 12-minute quarters / 48 min,No,BMO Harris Bradley Center,"Milwaukee, WI",14836,Milwaukee Bucks team victory,"Milwaukee Bucks defeated Memphis Grizzlies 100-94 in Regular Season at BMO Harris Bradley Center (Milwaukee, WI).",SportsDataVerse hoopR / ESPN NBA Hidden API
273,261208025,2006-2007,2006,Regular Season,Regular Season,2006-12-08,Friday,00:30,NO/Oklahoma City Hornets,Seattle SuperSonics,Seattle SuperSonics,NO/Oklahoma City Hornets,94,74,168,20,Seattle SuperSonics,NO/Oklahoma City Hornets,Home Win (94-74),94-74,Four 12-minute quarters / 48 min,No,KeyArena,"Seattle, WA",15913,Seattle SuperSonics team victory,"Seattle SuperSonics defeated NO/Oklahoma City Hornets 94-74 in Regular Season at KeyArena (Seattle, WA).",SportsDataVerse hoopR / ESPN NBA Hidden API
274,261208020,2006-2007,2006,Regular Season,Regular Season,2006-12-08,Friday,01:00,Washington Wizards,Philadelphia 76ers,Philadelphia 76ers,Washington Wizards,98,113,211,15,Washington Wizards,Philadelphia 76ers,Away Win (113-98),98-113,Four 12-minute quarters / 48 min,No,Wells Fargo Center,"Philadelphia, PA",15080,Washington Wizards team victory,"Washington Wizards defeated Philadelphia 76ers 113-98 in Regular Season at Wells Fargo Center (Philadelphia, PA).",SportsDataVerse hoopR / ESPN NBA Hidden API
275,261208007,2006-2007,2006,Regular Season,Regular Season,2006-12-08,Friday,01:30,Miami Heat,Denver Nuggets,Denver Nuggets,Miami Heat,123,107,230,16,Denver Nuggets,Miami Heat,Home Win (123-107),123-107,Four 12-minute quarters / 48 min,No,Ball Arena,"Denver, CO",19155,Denver Nuggets team victory,"Denver Nuggets defeated Miami Heat 123-107 in Regular Season at Ball Arena (Denver, CO).",SportsDataVerse hoopR / ESPN NBA Hidden API
276,261209019,2006-2007,2006,Regular Season,Regular Season,2006-12-09,Saturday,00:00,Philadelphia 76ers,Orlando Magic,Orlando Magic,Philadelphia 76ers,86,84,170,2,Orlando Magic,Philadelphia 76ers,Home Win (86-84),86-84,Four 12-minute quarters / 48 min,No,Amway Arena,"Orlando, FL",17451,Orlando Magic team victory,"Orlando Magic defeated Philadelphia 76ers 86-84 in Regular Season at Amway Arena (Orlando, FL).",SportsDataVerse hoopR / ESPN NBA Hidden API
277,261209027,2006-2007,2006,Regular Season,Regular Season,2006-12-09,Saturday,00:00,Houston Rockets,Washington Wizards,Washington Wizards,Houston Rockets,109,114,223,5,Houston Rockets,Washington Wizards,Away Win (114-109),109-114,Four 12-minute quarters / 48 min,No,Capital One Arena,"Washington, DC",20173,Houston Rockets team victory,"Houston Rockets defeated Washington Wizards 114-109 in Regular Season at Capital One Arena (Washington, DC).",SportsDataVerse hoopR / ESPN NBA Hidden API
278,261209029,2006-2007,2006,Regular Season,Regular Season,2006-12-09,Saturday,00:00,LA Clippers,Memphis Grizzlies,Memphis Grizzlies,LA Clippers,82,89,171,7,LA Clippers,Memphis Grizzlies,Away Win (89-82),82-89,Four 12-minute quarters / 48 min,No,FedExForum,"Memphis, TN",14509,LA Clippers team victory,"LA Clippers defeated Memphis Grizzlies 89-82 in Regular Season at FedExForum (Memphis, TN).",SportsDataVerse hoopR / ESPN NBA Hidden API
279,261209004,2006-2007,2006,Regular Season,Regular Season,2006-12-09,Saturday,00:30,Minnesota Timberwolves,Chicago Bulls,Chicago Bulls,Minnesota Timberwolves,81,91,172,10,Minnesota Timberwolves,Chicago Bulls,Away Win (91-81),81-91,Four 12-minute quarters / 48 min,No,United Center,"Chicago, IL",22011,Minnesota Timberwolves team victory,"Minnesota Timberwolves defeated Chicago Bulls 91-81 in Regular Season at United Center (Chicago, IL).",SportsDataVerse hoopR / ESPN NBA Hidden API
280,261209005,2006-2007,2006,Regular Season,Regular Season,2006-12-09,Saturday,00:30,Indiana Pacers,Cleveland Cavaliers,Cleveland Cavaliers,Indiana Pacers,107,75,182,32,Cleveland Cavaliers,Indiana Pacers,Home Win (107-75),107-75,Four 12-minute quarters / 48 min,No,Rocket Mortgage FieldHouse,"Cleveland, OH",20562,Cleveland Cavaliers team victory,"Cleveland Cavaliers defeated Indiana Pacers 107-75 in Regular Season at Rocket Mortgage FieldHouse (Cleveland, OH).",SportsDataVerse hoopR / ESPN NBA Hidden API
281,261209006,2006-2007,2006,Regular Season,Regular Season,2006-12-09,Saturday,00:30,Denver Nuggets,Dallas Mavericks,Dallas Mavericks,Denver Nuggets,105,90,195,15,Dallas Mavericks,Denver Nuggets,Home Win (105-90),105-90,Four 12-minute quarters / 48 min,No,American Airlines Center,"Dallas, TX",20343,Dallas Mavericks team victory,"Dallas Mavericks defeated Denver Nuggets 105-90 in Regular Season at American Airlines Center (Dallas, TX).",SportsDataVerse hoopR / ESPN NBA Hidden API
282,261209009,2006-2007,2006,Regular Season,Regular Season,2006-12-09,Saturday,00:30,NO/Oklahoma City Hornets,Golden State Warriors,Golden State Warriors,NO/Oklahoma City Hornets,101,80,181,21,Golden State Warriors,NO/Oklahoma City Hornets,Home Win (101-80),101-80,Four 12-minute quarters / 48 min,No,ORACLE Arena,"Oakland, CA",17105,Golden State Warriors team victory,"Golden State Warriors defeated NO/Oklahoma City Hornets 101-80 in Regular Season at ORACLE Arena (Oakland, CA).",SportsDataVerse hoopR / ESPN NBA Hidden API
283,261209017,2006-2007,2006,Regular Season,Regular Season,2006-12-09,Saturday,00:30,Boston Celtics,New Jersey Nets,New Jersey Nets,Boston Celtics,90,92,182,2,Boston Celtics,New Jersey Nets,Away Win (92-90),90-92,Four 12-minute quarters / 48 min,No,IZOD Center,"East Rutherford, NJ",17490,Boston Celtics team victory,"Boston Celtics defeated New Jersey Nets 92-90 in Regular Season at IZOD Center (East Rutherford, NJ).",SportsDataVerse hoopR / ESPN NBA Hidden API
284,261209018,2006-2007,2006,Regular Season,Regular Season,2006-12-09,Saturday,00:30,Milwaukee Bucks,New York Knicks,New York Knicks,Milwaukee Bucks,115,107,222,8,New York Knicks,Milwaukee Bucks,Home Win (115-107),115-107,Four 12-minute quarters / 48 min,No,Madison Square Garden,"New York, NY",17979,New York Knicks team victory,"New York Knicks defeated Milwaukee Bucks 115-107 in Regular Season at Madison Square Garden (New York, NY).",SportsDataVerse hoopR / ESPN NBA Hidden API
285,261210028,2006-2007,2006,Regular Season,Regular Season,2006-12-10,Sunday,18:00,Portland Trail Blazers,Toronto Raptors,Toronto Raptors,Portland Trail Blazers,83,93,176,10,Portland Trail Blazers,Toronto Raptors,Away Win (93-83),83-93,Four 12-minute quarters / 48 min,No,Scotiabank Arena,"Toronto, ON",15542,Portland Trail Blazers team victory,"Portland Trail Blazers defeated Toronto Raptors 93-83 in Regular Season at Scotiabank Arena (Toronto, ON).",SportsDataVerse hoopR / ESPN NBA Hidden API
286,261210023,2006-2007,2006,Regular Season,Regular Season,2006-12-10,Sunday,23:00,Atlanta Hawks,Sacramento Kings,Sacramento Kings,Atlanta Hawks,117,92,209,25,Sacramento Kings,Atlanta Hawks,Home Win (117-92),117-92,Four 12-minute quarters / 48 min,No,Sleep Train Arena,"Sacramento, CA",17317,Sacramento Kings team victory,"Sacramento Kings defeated Atlanta Hawks 117-92 in Regular Season at Sleep Train Arena (Sacramento, CA).",SportsDataVerse hoopR / ESPN NBA Hidden API
287,261210025,2006-2007,2006,Regular Season,Regular Season,2006-12-10,Sunday,23:00,Golden State Warriors,Seattle SuperSonics,Seattle SuperSonics,Golden State Warriors,117,115,232,2,Seattle SuperSonics,Golden State Warriors,Home Win (117-115),117-115,Four 12-minute quarters / 48 min,No,KeyArena,"Seattle, WA",16138,Seattle SuperSonics team victory,"Seattle SuperSonics defeated Golden State Warriors 117-115 in Regular Season at KeyArena (Seattle, WA).",SportsDataVerse hoopR / ESPN NBA Hidden API
288,261210030,2006-2007,2006,Regular Season,Regular Season,2006-12-10,Sunday,23:00,Phoenix Suns,Charlotte Bobcats,Charlotte Bobcats,Phoenix Suns,84,114,198,30,Phoenix Suns,Charlotte Bobcats,Away Win (114-84),84-114,Four 12-minute quarters / 48 min,No,Spectrum Center,"Charlotte, NC",13571,Phoenix Suns team victory,"Phoenix Suns defeated Charlotte Bobcats 114-84 in Regular Season at Spectrum Center (Charlotte, NC).",SportsDataVerse hoopR / ESPN NBA Hidden API
289,261210013,2006-2007,2006,Regular Season,Regular Season,2006-12-10,Sunday,23:30,San Antonio Spurs,Los Angeles Lakers,Los Angeles Lakers,San Antonio Spurs,106,99,205,7,Los Angeles Lakers,San Antonio Spurs,Home Win (106-99),106-99,Four 12-minute quarters / 48 min,No,crypto.com Arena,"Los Angeles, CA",18997,Los Angeles Lakers team victory,"Los Angeles Lakers defeated San Antonio Spurs 106-99 in Regular Season at crypto.com Arena (Los Angeles, CA).",SportsDataVerse hoopR / ESPN NBA Hidden API
290,261211003,2006-2007,2006,Regular Season,Regular Season,2006-12-11,Monday,00:00,Cleveland Cavaliers,NO/Oklahoma City Hornets,NO/Oklahoma City Hornets,Cleveland Cavaliers,95,89,184,6,NO/Oklahoma City Hornets,Cleveland Cavaliers,Home Win (95-89),95-89,Four 12-minute quarters / 48 min,No,Paycom Center,"Oklahoma City, OK",19164,NO/Oklahoma City Hornets team victory,"NO/Oklahoma City Hornets defeated Cleveland Cavaliers 95-89 in Regular Season at Paycom Center (Oklahoma City, OK).",SportsDataVerse hoopR / ESPN NBA Hidden API
291,261211019,2006-2007,2006,Regular Season,Regular Season,2006-12-11,Monday,00:00,Phoenix Suns,Orlando Magic,Orlando Magic,Phoenix Suns,89,103,192,14,Phoenix Suns,Orlando Magic,Away Win (103-89),89-103,Four 12-minute quarters / 48 min,No,Amway Arena,"Orlando, FL",16533,Phoenix Suns team victory,"Phoenix Suns defeated Orlando Magic 103-89 in Regular Season at Amway Arena (Orlando, FL).",SportsDataVerse hoopR / ESPN NBA Hidden API
292,261211020,2006-2007,2006,Regular Season,Regular Season,2006-12-11,Monday,00:00,Portland Trail Blazers,Philadelphia 76ers,Philadelphia 76ers,Portland Trail Blazers,79,81,160,2,Portland Trail Blazers,Philadelphia 76ers,Away Win (81-79),79-81,Four 12-minute quarters / 48 min,No,Wells Fargo Center,"Philadelphia, PA",11348,Portland Trail Blazers team victory,"Portland Trail Blazers defeated Philadelphia 76ers 81-79 in Regular Season at Wells Fargo Center (Philadelphia, PA).",SportsDataVerse hoopR / ESPN NBA Hidden API
293,261211026,2006-2007,2006,Regular Season,Regular Season,2006-12-11,Monday,00:00,Dallas Mavericks,Utah Jazz,Utah Jazz,Dallas Mavericks,101,79,180,22,Utah Jazz,Dallas Mavericks,Home Win (101-79),101-79,Four 12-minute quarters / 48 min,No,Vivint Arena,"Salt Lake City, UT",19911,Utah Jazz team victory,"Utah Jazz defeated Dallas Mavericks 101-79 in Regular Season at Vivint Arena (Salt Lake City, UT).",SportsDataVerse hoopR / ESPN NBA Hidden API
294,261211004,2006-2007,2006,Regular Season,Regular Season,2006-12-11,Monday,00:30,Indiana Pacers,Chicago Bulls,Chicago Bulls,Indiana Pacers,106,91,197,15,Chicago Bulls,Indiana Pacers,Home Win (106-91),106-91,Four 12-minute quarters / 48 min,No,United Center,"Chicago, IL",21764,Chicago Bulls team victory,"Chicago Bulls defeated Indiana Pacers 106-91 in Regular Season at United Center (Chicago, IL).",SportsDataVerse hoopR / ESPN NBA Hidden API
295,261211012,2006-2007,2006,Regular Season,Regular Season,2006-12-11,Monday,00:30,San Antonio Spurs,LA Clippers,LA Clippers,San Antonio Spurs,81,103,184,22,San Antonio Spurs,LA Clippers,Away Win (103-81),81-103,Four 12-minute quarters / 48 min,No,crypto.com Arena,"Los Angeles, CA",18147,San Antonio Spurs team victory,"San Antonio Spurs defeated LA Clippers 103-81 in Regular Season at crypto.com Arena (Los Angeles, CA).",SportsDataVerse hoopR / ESPN NBA Hidden API
296,261211014,2006-2007,2006,Regular Season,Regular Season,2006-12-11,Monday,00:30,Toronto Raptors,Miami Heat,Miami Heat,Toronto Raptors,99,77,176,22,Miami Heat,Toronto Raptors,Home Win (99-77),99-77,Four 12-minute quarters / 48 min,No,Kaseya Center,"Miami, FL",19600,Miami Heat team victory,"Miami Heat defeated Toronto Raptors 99-77 in Regular Season at Kaseya Center (Miami, FL).",SportsDataVerse hoopR / ESPN NBA Hidden API
297,261211017,2006-2007,2006,Regular Season,Regular Season,2006-12-11,Monday,00:30,Memphis Grizzlies,New Jersey Nets,New Jersey Nets,Memphis Grizzlies,105,92,197,13,New Jersey Nets,Memphis Grizzlies,Home Win (105-92),105-92,Four 12-minute quarters / 48 min,No,IZOD Center,"East Rutherford, NJ",12111,New Jersey Nets team victory,"New Jersey Nets defeated Memphis Grizzlies 105-92 in Regular Season at IZOD Center (East Rutherford, NJ).",SportsDataVerse hoopR / ESPN NBA Hidden API
298,261211018,2006-2007,2006,Regular Season,Regular Season,2006-12-11,Monday,00:30,Boston Celtics,New York Knicks,New York Knicks,Boston Celtics,90,97,187,7,Boston Celtics,New York Knicks,Away Win (97-90),90-97,Four 12-minute quarters / 48 min,No,Madison Square Garden,"New York, NY",16621,Boston Celtics team victory,"Boston Celtics defeated New York Knicks 97-90 in Regular Season at Madison Square Garden (New York, NY).",SportsDataVerse hoopR / ESPN NBA Hidden API
299,261212001,2006-2007,2006,Regular Season,Regular Season,2006-12-12,Tuesday,00:00,Denver Nuggets,Atlanta Hawks,Atlanta Hawks,Denver Nuggets,87,100,187,13,Denver Nuggets,Atlanta Hawks,Away Win (100-87),87-100,Four 12-minute quarters / 48 min,No,State Farm Arena,"Atlanta, GA",14831,Denver Nuggets team victory,"Denver Nuggets defeated Atlanta Hawks 100-87 in Regular Season at State Farm Arena (Atlanta, GA).",SportsDataVerse hoopR / ESPN NBA Hidden API
300,261212015,2006-2007,2006,Regular Season,Regular Season,2006-12-12,Tuesday,00:00,Seattle SuperSonics,Milwaukee Bucks,Milwaukee Bucks,Seattle SuperSonics,94,93,187,1,Milwaukee Bucks,Seattle SuperSonics,Home Win (94-93),94-93,Four 12-minute quarters / 48 min,No,BMO Harris Bradley Center,"Milwaukee, WI",13374,Milwaukee Bucks team victory,"Milwaukee Bucks defeated Seattle SuperSonics 94-93 in Regular Season at BMO Harris Bradley Center (Milwaukee, WI).",SportsDataVerse hoopR / ESPN NBA Hidden API
301,261212009,2006-2007,2006,Regular Season,Regular Season,2006-12-12,Tuesday,00:30,Sacramento Kings,Golden State Warriors,Golden State Warriors,Sacramento Kings,126,113,239,13,Golden State Warriors,Sacramento Kings,Home Win (126-113),126-113,Four 12-minute quarters / 48 min,No,ORACLE Arena,"Oakland, CA",17574,Golden State Warriors team victory,"Golden State Warriors defeated Sacramento Kings 126-113 in Regular Season at ORACLE Arena (Oakland, CA).",SportsDataVerse hoopR / ESPN NBA Hidden API
302,261212010,2006-2007,2006,Regular Season,Regular Season,2006-12-12,Tuesday,00:30,Los Angeles Lakers,Houston Rockets,Houston Rockets,Los Angeles Lakers,94,102,196,8,Los Angeles Lakers,Houston Rockets,Away Win (102-94),94-102,Four 12-minute quarters / 48 min,No,Toyota Center (Houston),"Houston, TX",18392,Los Angeles Lakers team victory,"Los Angeles Lakers defeated Houston Rockets 102-94 in Regular Season at Toyota Center (Houston) (Houston, TX).",SportsDataVerse hoopR / ESPN NBA Hidden API
303,261213005,2006-2007,2006,Regular Season,Regular Season,2006-12-13,Wednesday,00:00,Charlotte Bobcats,Cleveland Cavaliers,Cleveland Cavaliers,Charlotte Bobcats,104,101,205,3,Cleveland Cavaliers,Charlotte Bobcats,Home Win (104-101),104-101,Four 12-minute quarters / 48 min,No,Rocket Mortgage FieldHouse,"Cleveland, OH",20562,Cleveland Cavaliers team victory,"Cleveland Cavaliers defeated Charlotte Bobcats 104-101 in Regular Season at Rocket Mortgage FieldHouse (Cleveland, OH).",SportsDataVerse hoopR / ESPN NBA Hidden API
304,261213011,2006-2007,2006,Regular Season,Regular Season,2006-12-13,Wednesday,00:00,Detroit Pistons,Indiana Pacers,Indiana Pacers,Detroit Pistons,101,90,191,11,Indiana Pacers,Detroit Pistons,Home Win (101-90),101-90,Four 12-minute quarters / 48 min,No,Gainbridge Fieldhouse,"Indianapolis, IN",15817,Indiana Pacers team victory,"Indiana Pacers defeated Detroit Pistons 101-90 in Regular Season at Gainbridge Fieldhouse (Indianapolis, IN).",SportsDataVerse hoopR / ESPN NBA Hidden API
305,261213014,2006-2007,2006,Regular Season,Regular Season,2006-12-13,Wednesday,00:00,Phoenix Suns,Miami Heat,Miami Heat,Phoenix Suns,89,99,188,10,Phoenix Suns,Miami Heat,Away Win (99-89),89-99,Four 12-minute quarters / 48 min,No,Kaseya Center,"Miami, FL",19600,Phoenix Suns team victory,"Phoenix Suns defeated Miami Heat 99-89 in Regular Season at Kaseya Center (Miami, FL).",SportsDataVerse hoopR / ESPN NBA Hidden API
306,261213019,2006-2007,2006,Regular Season,Regular Season,2006-12-13,Wednesday,00:00,Toronto Raptors,Orlando Magic,Orlando Magic,Toronto Raptors,84,91,175,7,Toronto Raptors,Orlando Magic,Away Win (91-84),84-91,Four 12-minute quarters / 48 min,No,Amway Arena,"Orlando, FL",15417,Toronto Raptors team victory,"Toronto Raptors defeated Orlando Magic 91-84 in Regular Season at Amway Arena (Orlando, FL).",SportsDataVerse hoopR / ESPN NBA Hidden API
307,261213020,2006-2007,2006,Regular Season,Regular Season,2006-12-13,Wednesday,00:00,Boston Celtics,Philadelphia 76ers,Philadelphia 76ers,Boston Celtics,81,101,182,20,Boston Celtics,Philadelphia 76ers,Away Win (101-81),81-101,Four 12-minute quarters / 48 min,No,Wells Fargo Center,"Philadelphia, PA",13211,Boston Celtics team victory,"Boston Celtics defeated Philadelphia 76ers 101-81 in Regular Season at Wells Fargo Center (Philadelphia, PA).",SportsDataVerse hoopR / ESPN NBA Hidden API
308,261213024,2006-2007,2006,Regular Season,Regular Season,2006-12-13,Wednesday,00:00,Minnesota Timberwolves,San Antonio Spurs,San Antonio Spurs,Minnesota Timberwolves,95,82,177,13,San Antonio Spurs,Minnesota Timberwolves,Home Win (95-82),95-82,Four 12-minute quarters / 48 min,No,AT&T Center,"San Antonio, TX",18362,San Antonio Spurs team victory,"San Antonio Spurs defeated Minnesota Timberwolves 95-82 in Regular Season at AT&T Center (San Antonio, TX).",SportsDataVerse hoopR / ESPN NBA Hidden API
309,261213027,2006-2007,2006,Regular Season,Regular Season,2006-12-13,Wednesday,00:00,Denver Nuggets,Washington Wizards,Washington Wizards,Denver Nuggets,120,91,211,29,Washington Wizards,Denver Nuggets,Home Win (120-91),120-91,Four 12-minute quarters / 48 min,No,Capital One Arena,"Washington, DC",14304,Washington Wizards team victory,"Washington Wizards defeated Denver Nuggets 120-91 in Regular Season at Capital One Arena (Washington, DC).",SportsDataVerse hoopR / ESPN NBA Hidden API
310,261213029,2006-2007,2006,Regular Season,Regular Season,2006-12-13,Wednesday,00:00,Portland Trail Blazers,Memphis Grizzlies,Memphis Grizzlies,Portland Trail Blazers,79,85,164,6,Portland Trail Blazers,Memphis Grizzlies,Away Win (85-79),79-85,Four 12-minute quarters / 48 min,No,FedExForum,"Memphis, TN",13221,Portland Trail Blazers team victory,"Portland Trail Blazers defeated Memphis Grizzlies 85-79 in Regular Season at FedExForum (Memphis, TN).",SportsDataVerse hoopR / ESPN NBA Hidden API
311,261213004,2006-2007,2006,Regular Season,Regular Season,2006-12-13,Wednesday,00:30,Seattle SuperSonics,Chicago Bulls,Chicago Bulls,Seattle SuperSonics,99,84,183,15,Chicago Bulls,Seattle SuperSonics,Home Win (99-84),99-84,Four 12-minute quarters / 48 min,No,United Center,"Chicago, IL",21812,Chicago Bulls team victory,"Chicago Bulls defeated Seattle SuperSonics 99-84 in Regular Season at United Center (Chicago, IL).",SportsDataVerse hoopR / ESPN NBA Hidden API
312,261213012,2006-2007,2006,Regular Season,Regular Season,2006-12-13,Wednesday,00:30,Utah Jazz,LA Clippers,LA Clippers,Utah Jazz,86,105,191,19,Utah Jazz,LA Clippers,Away Win (105-86),86-105,Four 12-minute quarters / 48 min,No,crypto.com Arena,"Los Angeles, CA",18220,Utah Jazz team victory,"Utah Jazz defeated LA Clippers 105-86 in Regular Season at crypto.com Arena (Los Angeles, CA).",SportsDataVerse hoopR / ESPN NBA Hidden API
313,261213017,2006-2007,2006,Regular Season,Regular Season,2006-12-13,Wednesday,00:30,Milwaukee Bucks,New Jersey Nets,New Jersey Nets,Milwaukee Bucks,108,95,203,13,New Jersey Nets,Milwaukee Bucks,Home Win (108-95),108-95,Four 12-minute quarters / 48 min,No,IZOD Center,"East Rutherford, NJ",15070,New Jersey Nets team victory,"New Jersey Nets defeated Milwaukee Bucks 108-95 in Regular Season at IZOD Center (East Rutherford, NJ).",SportsDataVerse hoopR / ESPN NBA Hidden API
314,261213018,2006-2007,2006,Regular Season,Regular Season,2006-12-13,Wednesday,00:30,Atlanta Hawks,New York Knicks,New York Knicks,Atlanta Hawks,94,82,176,12,New York Knicks,Atlanta Hawks,Home Win (94-82),94-82,Four 12-minute quarters / 48 min,No,Madison Square Garden,"New York, NY",15895,New York Knicks team victory,"New York Knicks defeated Atlanta Hawks 94-82 in Regular Season at Madison Square Garden (New York, NY).",SportsDataVerse hoopR / ESPN NBA Hidden API
315,261213006,2006-2007,2006,Regular Season,Regular Season,2006-12-13,Wednesday,01:30,Los Angeles Lakers,Dallas Mavericks,Dallas Mavericks,Los Angeles Lakers,110,101,211,9,Dallas Mavericks,Los Angeles Lakers,Home Win (110-101),110-101,Four 12-minute quarters / 48 min,No,American Airlines Center,"Dallas, TX",20424,Dallas Mavericks team victory,"Dallas Mavericks defeated Los Angeles Lakers 110-101 in Regular Season at American Airlines Center (Dallas, TX).",SportsDataVerse hoopR / ESPN NBA Hidden API
316,261214030,2006-2007,2006,Regular Season,Regular Season,2006-12-14,Thursday,00:00,Orlando Magic,Charlotte Bobcats,Charlotte Bobcats,Orlando Magic,99,89,188,10,Charlotte Bobcats,Orlando Magic,Home Win (99-89),99-89,Four 12-minute quarters / 48 min,No,Spectrum Center,"Charlotte, NC",17751,Charlotte Bobcats team victory,"Charlotte Bobcats defeated Orlando Magic 99-89 in Regular Season at Spectrum Center (Charlotte, NC).",SportsDataVerse hoopR / ESPN NBA Hidden API
317,261214009,2006-2007,2006,Regular Season,Regular Season,2006-12-14,Thursday,00:30,Houston Rockets,Golden State Warriors,Golden State Warriors,Houston Rockets,109,107,216,2,Golden State Warriors,Houston Rockets,Home Win (109-107),109-107,Four 12-minute quarters / 48 min,No,ORACLE Arena,"Oakland, CA",19596,Golden State Warriors team victory,"Golden State Warriors defeated Houston Rockets 109-107 in Regular Season at ORACLE Arena (Oakland, CA).",SportsDataVerse hoopR / ESPN NBA Hidden API
318,261214003,2006-2007,2006,Regular Season,Regular Season,2006-12-14,Thursday,01:30,San Antonio Spurs,NO/Oklahoma City Hornets,NO/Oklahoma City Hornets,San Antonio Spurs,77,103,180,26,San Antonio Spurs,NO/Oklahoma City Hornets,Away Win (103-77),77-103,Four 12-minute quarters / 48 min,No,Smoothie King Center,"New Orleans, LA",15140,San Antonio Spurs team victory,"San Antonio Spurs defeated NO/Oklahoma City Hornets 103-77 in Regular Season at Smoothie King Center (New Orleans, LA).",SportsDataVerse hoopR / ESPN NBA Hidden API
319,261215006,2006-2007,2006,Regular Season,Regular Season,2006-12-15,Friday,00:00,Philadelphia 76ers,Dallas Mavericks,Dallas Mavericks,Philadelphia 76ers,93,79,172,14,Dallas Mavericks,Philadelphia 76ers,Home Win (93-79),93-79,Four 12-minute quarters / 48 min,No,American Airlines Center,"Dallas, TX",20219,Dallas Mavericks team victory,"Dallas Mavericks defeated Philadelphia 76ers 93-79 in Regular Season at American Airlines Center (Dallas, TX).",SportsDataVerse hoopR / ESPN NBA Hidden API
320,261215011,2006-2007,2006,Regular Season,Regular Season,2006-12-15,Friday,00:00,New York Knicks,Indiana Pacers,Indiana Pacers,New York Knicks,112,96,208,16,Indiana Pacers,New York Knicks,Home Win (112-96),112-96,Four 12-minute quarters / 48 min,No,Gainbridge Fieldhouse,"Indianapolis, IN",15231,Indiana Pacers team victory,"Indiana Pacers defeated New York Knicks 112-96 in Regular Season at Gainbridge Fieldhouse (Indianapolis, IN).",SportsDataVerse hoopR / ESPN NBA Hidden API
321,261215021,2006-2007,2006,Regular Season,Regular Season,2006-12-15,Friday,00:00,Golden State Warriors,Phoenix Suns,Phoenix Suns,Golden State Warriors,105,101,206,4,Phoenix Suns,Golden State Warriors,Home Win (105-101),105-101,Four 12-minute quarters / 48 min,No,Footprint Center,"Phoenix, AZ",18422,Phoenix Suns team victory,"Phoenix Suns defeated Golden State Warriors 105-101 in Regular Season at Footprint Center (Phoenix, AZ).",SportsDataVerse hoopR / ESPN NBA Hidden API
322,261215022,2006-2007,2006,Regular Season,Regular Season,2006-12-15,Friday,00:00,LA Clippers,Portland Trail Blazers,Portland Trail Blazers,LA Clippers,109,99,208,10,Portland Trail Blazers,LA Clippers,Home Win (109-99),109-99,Four 12-minute quarters / 48 min,No,Moda Center,"Portland, OR",16210,Portland Trail Blazers team victory,"Portland Trail Blazers defeated LA Clippers 109-99 in Regular Season at Moda Center (Portland, OR).",SportsDataVerse hoopR / ESPN NBA Hidden API
323,261215026,2006-2007,2006,Regular Season,Regular Season,2006-12-15,Friday,00:00,Sacramento Kings,Utah Jazz,Utah Jazz,Sacramento Kings,97,98,195,1,Sacramento Kings,Utah Jazz,Away Win (98-97),97-98,Four 12-minute quarters / 48 min,No,Vivint Arena,"Salt Lake City, UT",19911,Sacramento Kings team victory,"Sacramento Kings defeated Utah Jazz 98-97 in Regular Season at Vivint Arena (Salt Lake City, UT).",SportsDataVerse hoopR / ESPN NBA Hidden API
324,261215027,2006-2007,2006,Regular Season,Regular Season,2006-12-15,Friday,00:00,Miami Heat,Washington Wizards,Washington Wizards,Miami Heat,106,95,201,11,Washington Wizards,Miami Heat,Home Win (106-95),106-95,Four 12-minute quarters / 48 min,No,Capital One Arena,"Washington, DC",20173,Washington Wizards team victory,"Washington Wizards defeated Miami Heat 106-95 in Regular Season at Capital One Arena (Washington, DC).",SportsDataVerse hoopR / ESPN NBA Hidden API
325,261215028,2006-2007,2006,Regular Season,Regular Season,2006-12-15,Friday,00:00,New Jersey Nets,Toronto Raptors,Toronto Raptors,New Jersey Nets,90,78,168,12,Toronto Raptors,New Jersey Nets,Home Win (90-78),90-78,Four 12-minute quarters / 48 min,No,Scotiabank Arena,"Toronto, ON",19897,Toronto Raptors team victory,"Toronto Raptors defeated New Jersey Nets 90-78 in Regular Season at Scotiabank Arena (Toronto, ON).",SportsDataVerse hoopR / ESPN NBA Hidden API
326,261215029,2006-2007,2006,Regular Season,Regular Season,2006-12-15,Friday,00:00,Atlanta Hawks,Memphis Grizzlies,Memphis Grizzlies,Atlanta Hawks,88,97,185,9,Atlanta Hawks,Memphis Grizzlies,Away Win (97-88),88-97,Four 12-minute quarters / 48 min,No,FedExForum,"Memphis, TN",14463,Atlanta Hawks team victory,"Atlanta Hawks defeated Memphis Grizzlies 97-88 in Regular Season at FedExForum (Memphis, TN).",SportsDataVerse hoopR / ESPN NBA Hidden API
327,261215002,2006-2007,2006,Regular Season,Regular Season,2006-12-15,Friday,00:30,Denver Nuggets,Boston Celtics,Boston Celtics,Denver Nuggets,119,114,233,5,Boston Celtics,Denver Nuggets,Home Win (119-114),119-114,Four 12-minute quarters / 48 min,No,TD Garden,"Boston, MA",15607,Boston Celtics team victory,"Boston Celtics defeated Denver Nuggets 119-114 in Regular Season at TD Garden (Boston, MA).",SportsDataVerse hoopR / ESPN NBA Hidden API
328,261215004,2006-2007,2006,Regular Season,Regular Season,2006-12-15,Friday,00:30,Milwaukee Bucks,Chicago Bulls,Chicago Bulls,Milwaukee Bucks,117,111,228,6,Chicago Bulls,Milwaukee Bucks,Home Win (117-111),117-111,Four 12-minute quarters / 48 min,No,United Center,"Chicago, IL",21972,Chicago Bulls team victory,"Chicago Bulls defeated Milwaukee Bucks 117-111 in Regular Season at United Center (Chicago, IL).",SportsDataVerse hoopR / ESPN NBA Hidden API
329,261215005,2006-2007,2006,Regular Season,Regular Season,2006-12-15,Friday,00:30,Seattle SuperSonics,Cleveland Cavaliers,Cleveland Cavaliers,Seattle SuperSonics,106,84,190,22,Cleveland Cavaliers,Seattle SuperSonics,Home Win (106-84),106-84,Four 12-minute quarters / 48 min,No,Rocket Mortgage FieldHouse,"Cleveland, OH",20562,Cleveland Cavaliers team victory,"Cleveland Cavaliers defeated Seattle SuperSonics 106-84 in Regular Season at Rocket Mortgage FieldHouse (Cleveland, OH).",SportsDataVerse hoopR / ESPN NBA Hidden API
330,261215013,2006-2007,2006,Regular Season,Regular Season,2006-12-15,Friday,00:30,Houston Rockets,Los Angeles Lakers,Los Angeles Lakers,Houston Rockets,112,101,213,11,Los Angeles Lakers,Houston Rockets,Home Win (112-101),112-101,Four 12-minute quarters / 48 min,Yes,crypto.com Arena,"Los Angeles, CA",18997,Los Angeles Lakers team victory (OT),"Los Angeles Lakers edged Houston Rockets 112-101 in overtime at crypto.com Arena (Los Angeles, CA).",SportsDataVerse hoopR / ESPN NBA Hidden API
331,261216001,2006-2007,2006,Regular Season,Regular Season,2006-12-16,Saturday,00:00,Chicago Bulls,Atlanta Hawks,Atlanta Hawks,Chicago Bulls,104,106,210,2,Chicago Bulls,Atlanta Hawks,Away Win (106-104),104-106,Four 12-minute quarters / 48 min,Yes,State Farm Arena,"Atlanta, GA",17236,Chicago Bulls team victory (OT),"Chicago Bulls edged Atlanta Hawks 106-104 in overtime at State Farm Arena (Atlanta, GA).",SportsDataVerse hoopR / ESPN NBA Hidden API
332,261216003,2006-2007,2006,Regular Season,Regular Season,2006-12-16,Saturday,00:00,Dallas Mavericks,NO/Oklahoma City Hornets,NO/Oklahoma City Hornets,Dallas Mavericks,79,90,169,11,Dallas Mavericks,NO/Oklahoma City Hornets,Away Win (90-79),79-90,Four 12-minute quarters / 48 min,No,Smoothie King Center,"New Orleans, LA",16331,Dallas Mavericks team victory,"Dallas Mavericks defeated NO/Oklahoma City Hornets 90-79 in Regular Season at Smoothie King Center (New Orleans, LA).",SportsDataVerse hoopR / ESPN NBA Hidden API
333,261216019,2006-2007,2006,Regular Season,Regular Season,2006-12-16,Saturday,00:00,Cleveland Cavaliers,Orlando Magic,Orlando Magic,Cleveland Cavaliers,81,74,155,7,Orlando Magic,Cleveland Cavaliers,Home Win (81-74),81-74,Four 12-minute quarters / 48 min,No,Amway Arena,"Orlando, FL",17451,Orlando Magic team victory,"Orlando Magic defeated Cleveland Cavaliers 81-74 in Regular Season at Amway Arena (Orlando, FL).",SportsDataVerse hoopR / ESPN NBA Hidden API
334,261216023,2006-2007,2006,Regular Season,Regular Season,2006-12-16,Saturday,00:00,Phoenix Suns,Sacramento Kings,Sacramento Kings,Phoenix Suns,98,105,203,7,Phoenix Suns,Sacramento Kings,Away Win (105-98),98-105,Four 12-minute quarters / 48 min,No,Sleep Train Arena,"Sacramento, CA",17317,Phoenix Suns team victory,"Phoenix Suns defeated Sacramento Kings 105-98 in Regular Season at Sleep Train Arena (Sacramento, CA).",SportsDataVerse hoopR / ESPN NBA Hidden API
335,261216024,2006-2007,2006,Regular Season,Regular Season,2006-12-16,Saturday,00:00,Philadelphia 76ers,San Antonio Spurs,San Antonio Spurs,Philadelphia 76ers,103,98,201,5,San Antonio Spurs,Philadelphia 76ers,Home Win (103-98),103-98,Four 12-minute quarters / 48 min,No,AT&T Center,"San Antonio, TX",18797,San Antonio Spurs team victory,"San Antonio Spurs defeated Philadelphia 76ers 103-98 in Regular Season at AT&T Center (San Antonio, TX).",SportsDataVerse hoopR / ESPN NBA Hidden API
336,261216030,2006-2007,2006,Regular Season,Regular Season,2006-12-16,Saturday,00:00,Boston Celtics,Charlotte Bobcats,Charlotte Bobcats,Boston Celtics,100,106,206,6,Boston Celtics,Charlotte Bobcats,Away Win (106-100),100-106,Four 12-minute quarters / 48 min,No,Spectrum Center,"Charlotte, NC",15109,Boston Celtics team victory,"Boston Celtics defeated Charlotte Bobcats 106-100 in Regular Season at Spectrum Center (Charlotte, NC).",SportsDataVerse hoopR / ESPN NBA Hidden API
337,261216014,2006-2007,2006,Regular Season,Regular Season,2006-12-16,Saturday,00:30,Memphis Grizzlies,Miami Heat,Miami Heat,Memphis Grizzlies,98,90,188,8,Miami Heat,Memphis Grizzlies,Home Win (98-90),98-90,Four 12-minute quarters / 48 min,No,Kaseya Center,"Miami, FL",19600,Miami Heat team victory,"Miami Heat defeated Memphis Grizzlies 98-90 in Regular Season at Kaseya Center (Miami, FL).",SportsDataVerse hoopR / ESPN NBA Hidden API
338,261216015,2006-2007,2006,Regular Season,Regular Season,2006-12-16,Saturday,00:30,Minnesota Timberwolves,Milwaukee Bucks,Milwaukee Bucks,Minnesota Timberwolves,108,104,212,4,Milwaukee Bucks,Minnesota Timberwolves,Home Win (108-104),108-104,Four 12-minute quarters / 48 min,No,BMO Harris Bradley Center,"Milwaukee, WI",17970,Milwaukee Bucks team victory,"Milwaukee Bucks defeated Minnesota Timberwolves 108-104 in Regular Season at BMO Harris Bradley Center (Milwaukee, WI).",SportsDataVerse hoopR / ESPN NBA Hidden API
339,261216018,2006-2007,2006,Regular Season,Regular Season,2006-12-16,Saturday,00:30,Denver Nuggets,New York Knicks,New York Knicks,Denver Nuggets,100,123,223,23,Denver Nuggets,New York Knicks,Away Win (123-100),100-123,Four 12-minute quarters / 48 min,No,Madison Square Garden,"New York, NY",19763,Denver Nuggets team victory,"Denver Nuggets defeated New York Knicks 123-100 in Regular Season at Madison Square Garden (New York, NY).",SportsDataVerse hoopR / ESPN NBA Hidden API
340,261216017,2006-2007,2006,Regular Season,Regular Season,2006-12-16,Saturday,01:00,Detroit Pistons,New Jersey Nets,New Jersey Nets,Detroit Pistons,82,90,172,8,Detroit Pistons,New Jersey Nets,Away Win (90-82),82-90,Four 12-minute quarters / 48 min,No,IZOD Center,"East Rutherford, NJ",18010,Detroit Pistons team victory,"Detroit Pistons defeated New Jersey Nets 90-82 in Regular Season at IZOD Center (East Rutherford, NJ).",SportsDataVerse hoopR / ESPN NBA Hidden API
341,261217012,2006-2007,2006,Regular Season,Regular Season,2006-12-17,Sunday,17:30,Houston Rockets,LA Clippers,LA Clippers,Houston Rockets,103,108,211,5,Houston Rockets,LA Clippers,Away Win (108-103),103-108,Four 12-minute quarters / 48 min,No,crypto.com Arena,"Los Angeles, CA",19060,Houston Rockets team victory,"Houston Rockets defeated LA Clippers 108-103 in Regular Season at crypto.com Arena (Los Angeles, CA).",SportsDataVerse hoopR / ESPN NBA Hidden API
342,261217028,2006-2007,2006,Regular Season,Regular Season,2006-12-17,Sunday,18:00,Golden State Warriors,Toronto Raptors,Toronto Raptors,Golden State Warriors,120,115,235,5,Toronto Raptors,Golden State Warriors,Home Win (120-115),120-115,Four 12-minute quarters / 48 min,No,Scotiabank Arena,"Toronto, ON",16035,Toronto Raptors team victory,"Toronto Raptors defeated Golden State Warriors 120-115 in Regular Season at Scotiabank Arena (Toronto, ON).",SportsDataVerse hoopR / ESPN NBA Hidden API
343,261217011,2006-2007,2006,Regular Season,Regular Season,2006-12-17,Sunday,19:30,Utah Jazz,Indiana Pacers,Indiana Pacers,Utah Jazz,94,104,198,10,Utah Jazz,Indiana Pacers,Away Win (104-94),94-104,Four 12-minute quarters / 48 min,No,Gainbridge Fieldhouse,"Indianapolis, IN",15329,Utah Jazz team victory,"Utah Jazz defeated Indiana Pacers 104-94 in Regular Season at Gainbridge Fieldhouse (Indianapolis, IN).",SportsDataVerse hoopR / ESPN NBA Hidden API
344,261217008,2006-2007,2006,Regular Season,Regular Season,2006-12-17,Sunday,23:00,Seattle SuperSonics,Detroit Pistons,Detroit Pistons,Seattle SuperSonics,97,93,190,4,Detroit Pistons,Seattle SuperSonics,Home Win (97-93),97-93,Four 12-minute quarters / 48 min,No,The Palace of Auburn Hills,"Detroit, MI",22076,Detroit Pistons team victory,"Detroit Pistons defeated Seattle SuperSonics 97-93 in Regular Season at The Palace of Auburn Hills (Detroit, MI).",SportsDataVerse hoopR / ESPN NBA Hidden API
345,261217013,2006-2007,2006,Regular Season,Regular Season,2006-12-17,Sunday,23:30,Washington Wizards,Los Angeles Lakers,Los Angeles Lakers,Washington Wizards,141,147,288,6,Washington Wizards,Los Angeles Lakers,Away Win (147-141),141-147,Four 12-minute quarters / 48 min,Yes,crypto.com Arena,"Los Angeles, CA",18997,Washington Wizards team victory (OT),"Washington Wizards edged Los Angeles Lakers 147-141 in overtime at crypto.com Arena (Los Angeles, CA).",SportsDataVerse hoopR / ESPN NBA Hidden API
346,261218007,2006-2007,2006,Regular Season,Regular Season,2006-12-18,Monday,00:00,Washington Wizards,Denver Nuggets,Denver Nuggets,Washington Wizards,117,108,225,9,Denver Nuggets,Washington Wizards,Home Win (117-108),117-108,Four 12-minute quarters / 48 min,No,Ball Arena,"Denver, CO",14285,Denver Nuggets team victory,"Denver Nuggets defeated Washington Wizards 117-108 in Regular Season at Ball Arena (Denver, CO).",SportsDataVerse hoopR / ESPN NBA Hidden API
347,261218023,2006-2007,2006,Regular Season,Regular Season,2006-12-18,Monday,00:00,Dallas Mavericks,Sacramento Kings,Sacramento Kings,Dallas Mavericks,91,109,200,18,Dallas Mavericks,Sacramento Kings,Away Win (109-91),91-109,Four 12-minute quarters / 48 min,No,Sleep Train Arena,"Sacramento, CA",17317,Dallas Mavericks team victory,"Dallas Mavericks defeated Sacramento Kings 109-91 in Regular Season at Sleep Train Arena (Sacramento, CA).",SportsDataVerse hoopR / ESPN NBA Hidden API
348,261218029,2006-2007,2006,Regular Season,Regular Season,2006-12-18,Monday,00:00,Seattle SuperSonics,Memphis Grizzlies,Memphis Grizzlies,Seattle SuperSonics,134,126,260,8,Memphis Grizzlies,Seattle SuperSonics,Home Win (134-126),134-126,Four 12-minute quarters / 48 min,Yes,FedExForum,"Memphis, TN",12423,Memphis Grizzlies team victory (OT),"Memphis Grizzlies edged Seattle SuperSonics 134-126 in overtime at FedExForum (Memphis, TN).",SportsDataVerse hoopR / ESPN NBA Hidden API
349,261218014,2006-2007,2006,Regular Season,Regular Season,2006-12-18,Monday,00:30,NO/Oklahoma City Hornets,Miami Heat,Miami Heat,NO/Oklahoma City Hornets,101,99,200,2,Miami Heat,NO/Oklahoma City Hornets,Home Win (101-99),101-99,Four 12-minute quarters / 48 min,No,Kaseya Center,"Miami, FL",19600,Miami Heat team victory,"Miami Heat defeated NO/Oklahoma City Hornets 101-99 in Regular Season at Kaseya Center (Miami, FL).",SportsDataVerse hoopR / ESPN NBA Hidden API
350,261218017,2006-2007,2006,Regular Season,Regular Season,2006-12-18,Monday,00:30,Golden State Warriors,New Jersey Nets,New Jersey Nets,Golden State Warriors,105,97,202,8,New Jersey Nets,Golden State Warriors,Home Win (105-97),105-97,Four 12-minute quarters / 48 min,No,IZOD Center,"East Rutherford, NJ",14096,New Jersey Nets team victory,"New Jersey Nets defeated Golden State Warriors 105-97 in Regular Season at IZOD Center (East Rutherford, NJ).",SportsDataVerse hoopR / ESPN NBA Hidden API
351,261218018,2006-2007,2006,Regular Season,Regular Season,2006-12-18,Monday,00:30,Utah Jazz,New York Knicks,New York Knicks,Utah Jazz,97,96,193,1,New York Knicks,Utah Jazz,Home Win (97-96),97-96,Four 12-minute quarters / 48 min,Yes,Madison Square Garden,"New York, NY",17941,New York Knicks team victory (OT),"New York Knicks edged Utah Jazz 97-96 in overtime at Madison Square Garden (New York, NY).",SportsDataVerse hoopR / ESPN NBA Hidden API
352,261219021,2006-2007,2006,Regular Season,Regular Season,2006-12-19,Tuesday,00:00,Toronto Raptors,Phoenix Suns,Phoenix Suns,Toronto Raptors,115,98,213,17,Phoenix Suns,Toronto Raptors,Home Win (115-98),115-98,Four 12-minute quarters / 48 min,No,Footprint Center,"Phoenix, AZ",18422,Phoenix Suns team victory,"Phoenix Suns defeated Toronto Raptors 115-98 in Regular Season at Footprint Center (Phoenix, AZ).",SportsDataVerse hoopR / ESPN NBA Hidden API
353,261219004,2006-2007,2006,Regular Season,Regular Season,2006-12-19,Tuesday,00:30,Los Angeles Lakers,Chicago Bulls,Chicago Bulls,Los Angeles Lakers,94,89,183,5,Chicago Bulls,Los Angeles Lakers,Home Win (94-89),94-89,Four 12-minute quarters / 48 min,No,United Center,"Chicago, IL",22761,Chicago Bulls team victory,"Chicago Bulls defeated Los Angeles Lakers 94-89 in Regular Season at United Center (Chicago, IL).",SportsDataVerse hoopR / ESPN NBA Hidden API
354,261220001,2006-2007,2006,Regular Season,Regular Season,2006-12-20,Wednesday,00:00,Utah Jazz,Atlanta Hawks,Atlanta Hawks,Utah Jazz,106,112,218,6,Utah Jazz,Atlanta Hawks,Away Win (112-106),106-112,Four 12-minute quarters / 48 min,No,State Farm Arena,"Atlanta, GA",14823,Utah Jazz team victory,"Utah Jazz defeated Atlanta Hawks 112-106 in Regular Season at State Farm Arena (Atlanta, GA).",SportsDataVerse hoopR / ESPN NBA Hidden API
355,261220015,2006-2007,2006,Regular Season,Regular Season,2006-12-20,Wednesday,00:00,Miami Heat,Milwaukee Bucks,Milwaukee Bucks,Miami Heat,121,95,216,26,Milwaukee Bucks,Miami Heat,Home Win (121-95),121-95,Four 12-minute quarters / 48 min,No,BMO Harris Bradley Center,"Milwaukee, WI",17136,Milwaukee Bucks team victory,"Milwaukee Bucks defeated Miami Heat 121-95 in Regular Season at BMO Harris Bradley Center (Milwaukee, WI).",SportsDataVerse hoopR / ESPN NBA Hidden API
356,261220016,2006-2007,2006,Regular Season,Regular Season,2006-12-20,Wednesday,00:00,Los Angeles Lakers,Minnesota Timberwolves,Minnesota Timberwolves,Los Angeles Lakers,94,111,205,17,Los Angeles Lakers,Minnesota Timberwolves,Away Win (111-94),94-111,Four 12-minute quarters / 48 min,No,Target Center,"Minneapolis, MN",16788,Los Angeles Lakers team victory,"Los Angeles Lakers defeated Minnesota Timberwolves 111-94 in Regular Season at Target Center (Minneapolis, MN).",SportsDataVerse hoopR / ESPN NBA Hidden API
357,261220019,2006-2007,2006,Regular Season,Regular Season,2006-12-20,Wednesday,00:00,NO/Oklahoma City Hornets,Orlando Magic,Orlando Magic,NO/Oklahoma City Hornets,86,83,169,3,Orlando Magic,NO/Oklahoma City Hornets,Home Win (86-83),86-83,Four 12-minute quarters / 48 min,No,Amway Arena,"Orlando, FL",17020,Orlando Magic team victory,"Orlando Magic defeated NO/Oklahoma City Hornets 86-83 in Regular Season at Amway Arena (Orlando, FL).",SportsDataVerse hoopR / ESPN NBA Hidden API
358,261220020,2006-2007,2006,Regular Season,Regular Season,2006-12-20,Wednesday,00:00,Indiana Pacers,Philadelphia 76ers,Philadelphia 76ers,Indiana Pacers,93,101,194,8,Indiana Pacers,Philadelphia 76ers,Away Win (101-93),93-101,Four 12-minute quarters / 48 min,No,Wells Fargo Center,"Philadelphia, PA",11768,Indiana Pacers team victory,"Indiana Pacers defeated Philadelphia 76ers 101-93 in Regular Season at Wells Fargo Center (Philadelphia, PA).",SportsDataVerse hoopR / ESPN NBA Hidden API
359,261220022,2006-2007,2006,Regular Season,Regular Season,2006-12-20,Wednesday,00:00,Houston Rockets,Portland Trail Blazers,Portland Trail Blazers,Houston Rockets,89,87,176,2,Portland Trail Blazers,Houston Rockets,Home Win (89-87),89-87,Four 12-minute quarters / 48 min,No,Moda Center,"Portland, OR",17189,Portland Trail Blazers team victory,"Portland Trail Blazers defeated Houston Rockets 89-87 in Regular Season at Moda Center (Portland, OR).",SportsDataVerse hoopR / ESPN NBA Hidden API
360,261220024,2006-2007,2006,Regular Season,Regular Season,2006-12-20,Wednesday,00:00,Memphis Grizzlies,San Antonio Spurs,San Antonio Spurs,Memphis Grizzlies,105,98,203,7,San Antonio Spurs,Memphis Grizzlies,Home Win (105-98),105-98,Four 12-minute quarters / 48 min,No,AT&T Center,"San Antonio, TX",18797,San Antonio Spurs team victory,"San Antonio Spurs defeated Memphis Grizzlies 105-98 in Regular Season at AT&T Center (San Antonio, TX).",SportsDataVerse hoopR / ESPN NBA Hidden API
361,261220002,2006-2007,2006,Regular Season,Regular Season,2006-12-20,Wednesday,00:30,Golden State Warriors,Boston Celtics,Boston Celtics,Golden State Warriors,95,96,191,1,Golden State Warriors,Boston Celtics,Away Win (96-95),95-96,Four 12-minute quarters / 48 min,No,TD Garden,"Boston, MA",17134,Golden State Warriors team victory,"Golden State Warriors defeated Boston Celtics 96-95 in Regular Season at TD Garden (Boston, MA).",SportsDataVerse hoopR / ESPN NBA Hidden API
362,261220012,2006-2007,2006,Regular Season,Regular Season,2006-12-20,Wednesday,00:30,Toronto Raptors,LA Clippers,LA Clippers,Toronto Raptors,96,98,194,2,Toronto Raptors,LA Clippers,Away Win (98-96),96-98,Four 12-minute quarters / 48 min,No,crypto.com Arena,"Los Angeles, CA",17962,Toronto Raptors team victory,"Toronto Raptors defeated LA Clippers 98-96 in Regular Season at crypto.com Arena (Los Angeles, CA).",SportsDataVerse hoopR / ESPN NBA Hidden API
363,261220018,2006-2007,2006,Regular Season,Regular Season,2006-12-20,Wednesday,00:30,Charlotte Bobcats,New York Knicks,New York Knicks,Charlotte Bobcats,111,109,220,2,New York Knicks,Charlotte Bobcats,Home Win (111-109),111-109,Four 12-minute quarters / 48 min,Yes,Madison Square Garden,"New York, NY",17462,New York Knicks team victory (OT),"New York Knicks edged Charlotte Bobcats 111-109 in overtime at Madison Square Garden (New York, NY).",SportsDataVerse hoopR / ESPN NBA Hidden API
364,261220025,2006-2007,2006,Regular Season,Regular Season,2006-12-20,Wednesday,00:30,Dallas Mavericks,Seattle SuperSonics,Seattle SuperSonics,Dallas Mavericks,95,103,198,8,Dallas Mavericks,Seattle SuperSonics,Away Win (103-95),95-103,Four 12-minute quarters / 48 min,No,KeyArena,"Seattle, WA",16867,Dallas Mavericks team victory,"Dallas Mavericks defeated Seattle SuperSonics 103-95 in Regular Season at KeyArena (Seattle, WA).",SportsDataVerse hoopR / ESPN NBA Hidden API
365,261220017,2006-2007,2006,Regular Season,Regular Season,2006-12-20,Wednesday,01:00,Cleveland Cavaliers,New Jersey Nets,New Jersey Nets,Cleveland Cavaliers,113,111,224,2,New Jersey Nets,Cleveland Cavaliers,Home Win (113-111),113-111,Four 12-minute quarters / 48 min,No,IZOD Center,"East Rutherford, NJ",17270,New Jersey Nets team victory,"New Jersey Nets defeated Cleveland Cavaliers 113-111 in Regular Season at IZOD Center (East Rutherford, NJ).",SportsDataVerse hoopR / ESPN NBA Hidden API
366,261221023,2006-2007,2006,Regular Season,Regular Season,2006-12-21,Thursday,00:30,Washington Wizards,Sacramento Kings,Sacramento Kings,Washington Wizards,119,126,245,7,Washington Wizards,Sacramento Kings,Away Win (126-119),119-126,Four 12-minute quarters / 48 min,No,Sleep Train Arena,"Sacramento, CA",17317,Washington Wizards team victory,"Washington Wizards defeated Sacramento Kings 126-119 in Regular Season at Sleep Train Arena (Sacramento, CA).",SportsDataVerse hoopR / ESPN NBA Hidden API
367,261221005,2006-2007,2006,Regular Season,Regular Season,2006-12-21,Thursday,01:00,Detroit Pistons,Cleveland Cavaliers,Cleveland Cavaliers,Detroit Pistons,71,87,158,16,Detroit Pistons,Cleveland Cavaliers,Away Win (87-71),71-87,Four 12-minute quarters / 48 min,No,Rocket Mortgage FieldHouse,"Cleveland, OH",20562,Detroit Pistons team victory,"Detroit Pistons defeated Cleveland Cavaliers 87-71 in Regular Season at Rocket Mortgage FieldHouse (Cleveland, OH).",SportsDataVerse hoopR / ESPN NBA Hidden API
368,261222003,2006-2007,2006,Regular Season,Regular Season,2006-12-22,Friday,00:00,Memphis Grizzlies,NO/Oklahoma City Hornets,NO/Oklahoma City Hornets,Memphis Grizzlies,100,97,197,3,NO/Oklahoma City Hornets,Memphis Grizzlies,Home Win (100-97),100-97,Four 12-minute quarters / 48 min,Yes,Paycom Center,"Oklahoma City, OK",18097,NO/Oklahoma City Hornets team victory (OT),"NO/Oklahoma City Hornets edged Memphis Grizzlies 100-97 in overtime at Paycom Center (Oklahoma City, OK).",SportsDataVerse hoopR / ESPN NBA Hidden API
369,261222007,2006-2007,2006,Regular Season,Regular Season,2006-12-22,Friday,00:00,Sacramento Kings,Denver Nuggets,Denver Nuggets,Sacramento Kings,96,101,197,5,Sacramento Kings,Denver Nuggets,Away Win (101-96),96-101,Four 12-minute quarters / 48 min,No,Ball Arena,"Denver, CO",18022,Sacramento Kings team victory,"Sacramento Kings defeated Denver Nuggets 101-96 in Regular Season at Ball Arena (Denver, CO).",SportsDataVerse hoopR / ESPN NBA Hidden API
370,261222016,2006-2007,2006,Regular Season,Regular Season,2006-12-22,Friday,00:00,Milwaukee Bucks,Minnesota Timberwolves,Minnesota Timberwolves,Milwaukee Bucks,107,113,220,6,Milwaukee Bucks,Minnesota Timberwolves,Away Win (113-107),107-113,Four 12-minute quarters / 48 min,No,Target Center,"Minneapolis, MN",13334,Milwaukee Bucks team victory,"Milwaukee Bucks defeated Minnesota Timberwolves 113-107 in Regular Season at Target Center (Minneapolis, MN).",SportsDataVerse hoopR / ESPN NBA Hidden API
371,261222019,2006-2007,2006,Regular Season,Regular Season,2006-12-22,Friday,00:00,Golden State Warriors,Orlando Magic,Orlando Magic,Golden State Warriors,108,117,225,9,Golden State Warriors,Orlando Magic,Away Win (117-108),108-117,Four 12-minute quarters / 48 min,No,Amway Arena,"Orlando, FL",16563,Golden State Warriors team victory,"Golden State Warriors defeated Orlando Magic 117-108 in Regular Season at Amway Arena (Orlando, FL).",SportsDataVerse hoopR / ESPN NBA Hidden API
372,261222022,2006-2007,2006,Regular Season,Regular Season,2006-12-22,Friday,00:00,Toronto Raptors,Portland Trail Blazers,Portland Trail Blazers,Toronto Raptors,100,101,201,1,Toronto Raptors,Portland Trail Blazers,Away Win (101-100),100-101,Four 12-minute quarters / 48 min,Yes,Moda Center,"Portland, OR",15220,Toronto Raptors team victory (OT),"Toronto Raptors edged Portland Trail Blazers 101-100 in overtime at Moda Center (Portland, OR).",SportsDataVerse hoopR / ESPN NBA Hidden API
373,261222024,2006-2007,2006,Regular Season,Regular Season,2006-12-22,Friday,00:00,Houston Rockets,San Antonio Spurs,San Antonio Spurs,Houston Rockets,78,97,175,19,Houston Rockets,San Antonio Spurs,Away Win (97-78),78-97,Four 12-minute quarters / 48 min,No,AT&T Center,"San Antonio, TX",18797,Houston Rockets team victory,"Houston Rockets defeated San Antonio Spurs 97-78 in Regular Season at AT&T Center (San Antonio, TX).",SportsDataVerse hoopR / ESPN NBA Hidden API
374,261222030,2006-2007,2006,Regular Season,Regular Season,2006-12-22,Friday,00:00,Utah Jazz,Charlotte Bobcats,Charlotte Bobcats,Utah Jazz,101,89,190,12,Charlotte Bobcats,Utah Jazz,Home Win (101-89),101-89,Four 12-minute quarters / 48 min,No,Spectrum Center,"Charlotte, NC",14310,Charlotte Bobcats team victory,"Charlotte Bobcats defeated Utah Jazz 101-89 in Regular Season at Spectrum Center (Charlotte, NC).",SportsDataVerse hoopR / ESPN NBA Hidden API
375,261222001,2006-2007,2006,Regular Season,Regular Season,2006-12-22,Friday,00:30,Indiana Pacers,Atlanta Hawks,Atlanta Hawks,Indiana Pacers,90,100,190,10,Indiana Pacers,Atlanta Hawks,Away Win (100-90),90-100,Four 12-minute quarters / 48 min,No,State Farm Arena,"Atlanta, GA",18110,Indiana Pacers team victory,"Indiana Pacers defeated Atlanta Hawks 100-90 in Regular Season at State Farm Arena (Atlanta, GA).",SportsDataVerse hoopR / ESPN NBA Hidden API
376,261222006,2006-2007,2006,Regular Season,Regular Season,2006-12-22,Friday,00:30,LA Clippers,Dallas Mavericks,Dallas Mavericks,LA Clippers,115,83,198,32,Dallas Mavericks,LA Clippers,Home Win (115-83),115-83,Four 12-minute quarters / 48 min,No,American Airlines Center,"Dallas, TX",20311,Dallas Mavericks team victory,"Dallas Mavericks defeated LA Clippers 115-83 in Regular Season at American Airlines Center (Dallas, TX).",SportsDataVerse hoopR / ESPN NBA Hidden API
377,261222017,2006-2007,2006,Regular Season,Regular Season,2006-12-22,Friday,00:30,Los Angeles Lakers,New Jersey Nets,New Jersey Nets,Los Angeles Lakers,95,99,194,4,Los Angeles Lakers,New Jersey Nets,Away Win (99-95),95-99,Four 12-minute quarters / 48 min,No,IZOD Center,"East Rutherford, NJ",18436,Los Angeles Lakers team victory,"Los Angeles Lakers defeated New Jersey Nets 99-95 in Regular Season at IZOD Center (East Rutherford, NJ).",SportsDataVerse hoopR / ESPN NBA Hidden API
378,261222018,2006-2007,2006,Regular Season,Regular Season,2006-12-22,Friday,00:30,Chicago Bulls,New York Knicks,New York Knicks,Chicago Bulls,103,92,195,11,New York Knicks,Chicago Bulls,Home Win (103-92),103-92,Four 12-minute quarters / 48 min,No,Madison Square Garden,"New York, NY",19763,New York Knicks team victory,"New York Knicks defeated Chicago Bulls 103-92 in Regular Season at Madison Square Garden (New York, NY).",SportsDataVerse hoopR / ESPN NBA Hidden API
379,261222002,2006-2007,2006,Regular Season,Regular Season,2006-12-22,Friday,01:00,Philadelphia 76ers,Boston Celtics,Boston Celtics,Philadelphia 76ers,83,98,181,15,Philadelphia 76ers,Boston Celtics,Away Win (98-83),83-98,Four 12-minute quarters / 48 min,No,TD Garden,"Boston, MA",18624,Philadelphia 76ers team victory,"Philadelphia 76ers defeated Boston Celtics 98-83 in Regular Season at TD Garden (Boston, MA).",SportsDataVerse hoopR / ESPN NBA Hidden API
380,261222021,2006-2007,2006,Regular Season,Regular Season,2006-12-22,Friday,01:30,Washington Wizards,Phoenix Suns,Phoenix Suns,Washington Wizards,139,144,283,5,Washington Wizards,Phoenix Suns,Away Win (144-139),139-144,Four 12-minute quarters / 48 min,Yes,Footprint Center,"Phoenix, AZ",18422,Washington Wizards team victory (OT),"Washington Wizards edged Phoenix Suns 144-139 in overtime at Footprint Center (Phoenix, AZ).",SportsDataVerse hoopR / ESPN NBA Hidden API
381,261223003,2006-2007,2006,Regular Season,Regular Season,2006-12-23,Saturday,00:00,San Antonio Spurs,NO/Oklahoma City Hornets,NO/Oklahoma City Hornets,San Antonio Spurs,77,112,189,35,San Antonio Spurs,NO/Oklahoma City Hornets,Away Win (112-77),77-112,Four 12-minute quarters / 48 min,No,Paycom Center,"Oklahoma City, OK",19164,San Antonio Spurs team victory,"San Antonio Spurs defeated NO/Oklahoma City Hornets 112-77 in Regular Season at Paycom Center (Oklahoma City, OK).",SportsDataVerse hoopR / ESPN NBA Hidden API
382,261223011,2006-2007,2006,Regular Season,Regular Season,2006-12-23,Saturday,00:00,Minnesota Timberwolves,Indiana Pacers,Indiana Pacers,Minnesota Timberwolves,71,78,149,7,Minnesota Timberwolves,Indiana Pacers,Away Win (78-71),71-78,Four 12-minute quarters / 48 min,No,Gainbridge Fieldhouse,"Indianapolis, IN",15810,Minnesota Timberwolves team victory,"Minnesota Timberwolves defeated Indiana Pacers 78-71 in Regular Season at Gainbridge Fieldhouse (Indianapolis, IN).",SportsDataVerse hoopR / ESPN NBA Hidden API
383,261223025,2006-2007,2006,Regular Season,Regular Season,2006-12-23,Saturday,00:00,Toronto Raptors,Seattle SuperSonics,Seattle SuperSonics,Toronto Raptors,110,97,207,13,Seattle SuperSonics,Toronto Raptors,Home Win (110-97),110-97,Four 12-minute quarters / 48 min,No,KeyArena,"Seattle, WA",14611,Seattle SuperSonics team victory,"Seattle SuperSonics defeated Toronto Raptors 110-97 in Regular Season at KeyArena (Seattle, WA).",SportsDataVerse hoopR / ESPN NBA Hidden API
384,261223029,2006-2007,2006,Regular Season,Regular Season,2006-12-23,Saturday,00:00,Utah Jazz,Memphis Grizzlies,Memphis Grizzlies,Utah Jazz,97,100,197,3,Utah Jazz,Memphis Grizzlies,Away Win (100-97),97-100,Four 12-minute quarters / 48 min,No,FedExForum,"Memphis, TN",14793,Utah Jazz team victory,"Utah Jazz defeated Memphis Grizzlies 100-97 in Regular Season at FedExForum (Memphis, TN).",SportsDataVerse hoopR / ESPN NBA Hidden API
385,261223004,2006-2007,2006,Regular Season,Regular Season,2006-12-23,Saturday,00:30,Charlotte Bobcats,Chicago Bulls,Chicago Bulls,Charlotte Bobcats,115,76,191,39,Chicago Bulls,Charlotte Bobcats,Home Win (115-76),115-76,Four 12-minute quarters / 48 min,No,United Center,"Chicago, IL",22093,Chicago Bulls team victory,"Chicago Bulls defeated Charlotte Bobcats 115-76 in Regular Season at United Center (Chicago, IL).",SportsDataVerse hoopR / ESPN NBA Hidden API
386,261223005,2006-2007,2006,Regular Season,Regular Season,2006-12-23,Saturday,00:30,Orlando Magic,Cleveland Cavaliers,Cleveland Cavaliers,Orlando Magic,86,83,169,3,Cleveland Cavaliers,Orlando Magic,Home Win (86-83),86-83,Four 12-minute quarters / 48 min,No,Rocket Mortgage FieldHouse,"Cleveland, OH",20562,Cleveland Cavaliers team victory,"Cleveland Cavaliers defeated Orlando Magic 86-83 in Regular Season at Rocket Mortgage FieldHouse (Cleveland, OH).",SportsDataVerse hoopR / ESPN NBA Hidden API
387,261223008,2006-2007,2006,Regular Season,Regular Season,2006-12-23,Saturday,00:30,Atlanta Hawks,Detroit Pistons,Detroit Pistons,Atlanta Hawks,108,81,189,27,Detroit Pistons,Atlanta Hawks,Home Win (108-81),108-81,Four 12-minute quarters / 48 min,No,The Palace of Auburn Hills,"Detroit, MI",22076,Detroit Pistons team victory,"Detroit Pistons defeated Atlanta Hawks 108-81 in Regular Season at The Palace of Auburn Hills (Detroit, MI).",SportsDataVerse hoopR / ESPN NBA Hidden API
388,261223010,2006-2007,2006,Regular Season,Regular Season,2006-12-23,Saturday,00:30,LA Clippers,Houston Rockets,Houston Rockets,LA Clippers,93,98,191,5,LA Clippers,Houston Rockets,Away Win (98-93),93-98,Four 12-minute quarters / 48 min,No,Toyota Center (Houston),"Houston, TX",18246,LA Clippers team victory,"LA Clippers defeated Houston Rockets 98-93 in Regular Season at Toyota Center (Houston) (Houston, TX).",SportsDataVerse hoopR / ESPN NBA Hidden API
389,261223014,2006-2007,2006,Regular Season,Regular Season,2006-12-23,Saturday,00:30,Golden State Warriors,Miami Heat,Miami Heat,Golden State Warriors,105,92,197,13,Miami Heat,Golden State Warriors,Home Win (105-92),105-92,Four 12-minute quarters / 48 min,No,Kaseya Center,"Miami, FL",19600,Miami Heat team victory,"Miami Heat defeated Golden State Warriors 105-92 in Regular Season at Kaseya Center (Miami, FL).",SportsDataVerse hoopR / ESPN NBA Hidden API
390,261223015,2006-2007,2006,Regular Season,Regular Season,2006-12-23,Saturday,00:30,New Jersey Nets,Milwaukee Bucks,Milwaukee Bucks,New Jersey Nets,115,104,219,11,Milwaukee Bucks,New Jersey Nets,Home Win (115-104),115-104,Four 12-minute quarters / 48 min,No,BMO Harris Bradley Center,"Milwaukee, WI",17611,Milwaukee Bucks team victory,"Milwaukee Bucks defeated New Jersey Nets 115-104 in Regular Season at BMO Harris Bradley Center (Milwaukee, WI).",SportsDataVerse hoopR / ESPN NBA Hidden API
391,261223020,2006-2007,2006,Regular Season,Regular Season,2006-12-23,Saturday,00:30,New York Knicks,Philadelphia 76ers,Philadelphia 76ers,New York Knicks,98,77,175,21,Philadelphia 76ers,New York Knicks,Home Win (98-77),98-77,Four 12-minute quarters / 48 min,No,Wells Fargo Center,"Philadelphia, PA",13921,Philadelphia 76ers team victory,"Philadelphia 76ers defeated New York Knicks 98-77 in Regular Season at Wells Fargo Center (Philadelphia, PA).",SportsDataVerse hoopR / ESPN NBA Hidden API
392,261225014,2006-2007,2006,Regular Season,Regular Season,2006-12-25,Monday,19:30,Los Angeles Lakers,Miami Heat,Miami Heat,Los Angeles Lakers,101,85,186,16,Miami Heat,Los Angeles Lakers,Home Win (101-85),101-85,Four 12-minute quarters / 48 min,No,Kaseya Center,"Miami, FL",20283,Miami Heat team victory,"Miami Heat defeated Los Angeles Lakers 101-85 in Regular Season at Kaseya Center (Miami, FL).",SportsDataVerse hoopR / ESPN NBA Hidden API
393,261226007,2006-2007,2006,Regular Season,Regular Season,2006-12-26,Tuesday,00:00,Boston Celtics,Denver Nuggets,Denver Nuggets,Boston Celtics,116,105,221,11,Denver Nuggets,Boston Celtics,Home Win (116-105),116-105,Four 12-minute quarters / 48 min,No,Ball Arena,"Denver, CO",17914,Denver Nuggets team victory,"Denver Nuggets defeated Boston Celtics 116-105 in Regular Season at Ball Arena (Denver, CO).",SportsDataVerse hoopR / ESPN NBA Hidden API
394,261226011,2006-2007,2006,Regular Season,Regular Season,2006-12-26,Tuesday,00:00,Houston Rockets,Indiana Pacers,Indiana Pacers,Houston Rockets,81,76,157,5,Indiana Pacers,Houston Rockets,Home Win (81-76),81-76,Four 12-minute quarters / 48 min,No,Gainbridge Fieldhouse,"Indianapolis, IN",18165,Indiana Pacers team victory,"Indiana Pacers defeated Houston Rockets 81-76 in Regular Season at Gainbridge Fieldhouse (Indianapolis, IN).",SportsDataVerse hoopR / ESPN NBA Hidden API
395,261226016,2006-2007,2006,Regular Season,Regular Season,2006-12-26,Tuesday,00:00,Chicago Bulls,Minnesota Timberwolves,Minnesota Timberwolves,Chicago Bulls,100,98,198,2,Minnesota Timberwolves,Chicago Bulls,Home Win (100-98),100-98,Four 12-minute quarters / 48 min,No,Target Center,"Minneapolis, MN",16294,Minnesota Timberwolves team victory,"Minnesota Timberwolves defeated Chicago Bulls 100-98 in Regular Season at Target Center (Minneapolis, MN).",SportsDataVerse hoopR / ESPN NBA Hidden API
396,261226021,2006-2007,2006,Regular Season,Regular Season,2006-12-26,Tuesday,00:00,Portland Trail Blazers,Phoenix Suns,Phoenix Suns,Portland Trail Blazers,110,87,197,23,Phoenix Suns,Portland Trail Blazers,Home Win (110-87),110-87,Four 12-minute quarters / 48 min,No,Footprint Center,"Phoenix, AZ",18422,Phoenix Suns team victory,"Phoenix Suns defeated Portland Trail Blazers 110-87 in Regular Season at Footprint Center (Phoenix, AZ).",SportsDataVerse hoopR / ESPN NBA Hidden API
397,261226024,2006-2007,2006,Regular Season,Regular Season,2006-12-26,Tuesday,00:00,Milwaukee Bucks,San Antonio Spurs,San Antonio Spurs,Milwaukee Bucks,107,114,221,7,Milwaukee Bucks,San Antonio Spurs,Away Win (114-107),107-114,Four 12-minute quarters / 48 min,No,AT&T Center,"San Antonio, TX",18797,Milwaukee Bucks team victory,"Milwaukee Bucks defeated San Antonio Spurs 114-107 in Regular Season at AT&T Center (San Antonio, TX).",SportsDataVerse hoopR / ESPN NBA Hidden API
398,261226025,2006-2007,2006,Regular Season,Regular Season,2006-12-26,Tuesday,00:00,NO/Oklahoma City Hornets,Seattle SuperSonics,Seattle SuperSonics,NO/Oklahoma City Hornets,102,94,196,8,Seattle SuperSonics,NO/Oklahoma City Hornets,Home Win (102-94),102-94,Four 12-minute quarters / 48 min,No,KeyArena,"Seattle, WA",15319,Seattle SuperSonics team victory,"Seattle SuperSonics defeated NO/Oklahoma City Hornets 102-94 in Regular Season at KeyArena (Seattle, WA).",SportsDataVerse hoopR / ESPN NBA Hidden API
399,261226026,2006-2007,2006,Regular Season,Regular Season,2006-12-26,Tuesday,00:00,LA Clippers,Utah Jazz,Utah Jazz,LA Clippers,102,92,194,10,Utah Jazz,LA Clippers,Home Win (102-92),102-92,Four 12-minute quarters / 48 min,No,Vivint Arena,"Salt Lake City, UT",19911,Utah Jazz team victory,"Utah Jazz defeated LA Clippers 102-92 in Regular Season at Vivint Arena (Salt Lake City, UT).",SportsDataVerse hoopR / ESPN NBA Hidden API
400,261226027,2006-2007,2006,Regular Season,Regular Season,2006-12-26,Tuesday,00:00,Memphis Grizzlies,Washington Wizards,Washington Wizards,Memphis Grizzlies,116,101,217,15,Washington Wizards,Memphis Grizzlies,Home Win (116-101),116-101,Four 12-minute quarters / 48 min,No,Capital One Arena,"Washington, DC",18778,Washington Wizards team victory,"Washington Wizards defeated Memphis Grizzlies 116-101 in Regular Season at Capital One Arena (Washington, DC).",SportsDataVerse hoopR / ESPN NBA Hidden API
401,261226006,2006-2007,2006,Regular Season,Regular Season,2006-12-26,Tuesday,00:30,Charlotte Bobcats,Dallas Mavericks,Dallas Mavericks,Charlotte Bobcats,97,84,181,13,Dallas Mavericks,Charlotte Bobcats,Home Win (97-84),97-84,Four 12-minute quarters / 48 min,No,American Airlines Center,"Dallas, TX",20423,Dallas Mavericks team victory,"Dallas Mavericks defeated Charlotte Bobcats 97-84 in Regular Season at American Airlines Center (Dallas, TX).",SportsDataVerse hoopR / ESPN NBA Hidden API
402,261226008,2006-2007,2006,Regular Season,Regular Season,2006-12-26,Tuesday,00:30,New Jersey Nets,Detroit Pistons,Detroit Pistons,New Jersey Nets,92,91,183,1,Detroit Pistons,New Jersey Nets,Home Win (92-91),92-91,Four 12-minute quarters / 48 min,No,The Palace of Auburn Hills,"Detroit, MI",22076,Detroit Pistons team victory,"Detroit Pistons defeated New Jersey Nets 92-91 in Regular Season at The Palace of Auburn Hills (Detroit, MI).",SportsDataVerse hoopR / ESPN NBA Hidden API
403,261226009,2006-2007,2006,Regular Season,Regular Season,2006-12-26,Tuesday,00:30,Philadelphia 76ers,Golden State Warriors,Golden State Warriors,Philadelphia 76ers,116,97,213,19,Golden State Warriors,Philadelphia 76ers,Home Win (116-97),116-97,Four 12-minute quarters / 48 min,No,ORACLE Arena,"Oakland, CA",19183,Golden State Warriors team victory,"Golden State Warriors defeated Philadelphia 76ers 116-97 in Regular Season at ORACLE Arena (Oakland, CA).",SportsDataVerse hoopR / ESPN NBA Hidden API
404,261227001,2006-2007,2006,Regular Season,Regular Season,2006-12-27,Wednesday,00:00,Cleveland Cavaliers,Atlanta Hawks,Atlanta Hawks,Cleveland Cavaliers,76,89,165,13,Cleveland Cavaliers,Atlanta Hawks,Away Win (89-76),76-89,Four 12-minute quarters / 48 min,No,State Farm Arena,"Atlanta, GA",19467,Cleveland Cavaliers team victory,"Cleveland Cavaliers defeated Atlanta Hawks 89-76 in Regular Season at State Farm Arena (Atlanta, GA).",SportsDataVerse hoopR / ESPN NBA Hidden API
405,261227019,2006-2007,2006,Regular Season,Regular Season,2006-12-27,Wednesday,00:00,Los Angeles Lakers,Orlando Magic,Orlando Magic,Los Angeles Lakers,93,106,199,13,Los Angeles Lakers,Orlando Magic,Away Win (106-93),93-106,Four 12-minute quarters / 48 min,No,Amway Arena,"Orlando, FL",17451,Los Angeles Lakers team victory,"Los Angeles Lakers defeated Orlando Magic 106-93 in Regular Season at Amway Arena (Orlando, FL).",SportsDataVerse hoopR / ESPN NBA Hidden API
406,261227022,2006-2007,2006,Regular Season,Regular Season,2006-12-27,Wednesday,00:00,NO/Oklahoma City Hornets,Portland Trail Blazers,Portland Trail Blazers,NO/Oklahoma City Hornets,100,85,185,15,Portland Trail Blazers,NO/Oklahoma City Hornets,Home Win (100-85),100-85,Four 12-minute quarters / 48 min,No,Moda Center,"Portland, OR",13905,Portland Trail Blazers team victory,"Portland Trail Blazers defeated NO/Oklahoma City Hornets 100-85 in Regular Season at Moda Center (Portland, OR).",SportsDataVerse hoopR / ESPN NBA Hidden API
407,261227023,2006-2007,2006,Regular Season,Regular Season,2006-12-27,Wednesday,00:00,Philadelphia 76ers,Sacramento Kings,Sacramento Kings,Philadelphia 76ers,101,76,177,25,Sacramento Kings,Philadelphia 76ers,Home Win (101-76),101-76,Four 12-minute quarters / 48 min,No,Sleep Train Arena,"Sacramento, CA",17317,Sacramento Kings team victory,"Sacramento Kings defeated Philadelphia 76ers 101-76 in Regular Season at Sleep Train Arena (Sacramento, CA).",SportsDataVerse hoopR / ESPN NBA Hidden API
408,261227028,2006-2007,2006,Regular Season,Regular Season,2006-12-27,Wednesday,00:00,Minnesota Timberwolves,Toronto Raptors,Toronto Raptors,Minnesota Timberwolves,100,97,197,3,Toronto Raptors,Minnesota Timberwolves,Home Win (100-97),100-97,Four 12-minute quarters / 48 min,No,Scotiabank Arena,"Toronto, ON",19800,Toronto Raptors team victory,"Toronto Raptors defeated Minnesota Timberwolves 100-97 in Regular Season at Scotiabank Arena (Toronto, ON).",SportsDataVerse hoopR / ESPN NBA Hidden API
409,261227029,2006-2007,2006,Regular Season,Regular Season,2006-12-27,Wednesday,00:00,Milwaukee Bucks,Memphis Grizzlies,Memphis Grizzlies,Milwaukee Bucks,96,112,208,16,Milwaukee Bucks,Memphis Grizzlies,Away Win (112-96),96-112,Four 12-minute quarters / 48 min,No,FedExForum,"Memphis, TN",14914,Milwaukee Bucks team victory,"Milwaukee Bucks defeated Memphis Grizzlies 112-96 in Regular Season at FedExForum (Memphis, TN).",SportsDataVerse hoopR / ESPN NBA Hidden API
410,261227030,2006-2007,2006,Regular Season,Regular Season,2006-12-27,Wednesday,00:00,Washington Wizards,Charlotte Bobcats,Charlotte Bobcats,Washington Wizards,107,114,221,7,Washington Wizards,Charlotte Bobcats,Away Win (114-107),107-114,Four 12-minute quarters / 48 min,No,Spectrum Center,"Charlotte, NC",17221,Washington Wizards team victory,"Washington Wizards defeated Charlotte Bobcats 114-107 in Regular Season at Spectrum Center (Charlotte, NC).",SportsDataVerse hoopR / ESPN NBA Hidden API
411,261227004,2006-2007,2006,Regular Season,Regular Season,2006-12-27,Wednesday,00:30,Miami Heat,Chicago Bulls,Chicago Bulls,Miami Heat,109,103,212,6,Chicago Bulls,Miami Heat,Home Win (109-103),109-103,Four 12-minute quarters / 48 min,No,United Center,"Chicago, IL",22946,Chicago Bulls team victory,"Chicago Bulls defeated Miami Heat 109-103 in Regular Season at United Center (Chicago, IL).",SportsDataVerse hoopR / ESPN NBA Hidden API
412,261227012,2006-2007,2006,Regular Season,Regular Season,2006-12-27,Wednesday,00:30,Boston Celtics,LA Clippers,LA Clippers,Boston Celtics,100,77,177,23,LA Clippers,Boston Celtics,Home Win (100-77),100-77,Four 12-minute quarters / 48 min,No,crypto.com Arena,"Los Angeles, CA",17706,LA Clippers team victory,"LA Clippers defeated Boston Celtics 100-77 in Regular Season at crypto.com Arena (Los Angeles, CA).",SportsDataVerse hoopR / ESPN NBA Hidden API
413,261227017,2006-2007,2006,Regular Season,Regular Season,2006-12-27,Wednesday,00:30,Houston Rockets,New Jersey Nets,New Jersey Nets,Houston Rockets,71,96,167,25,Houston Rockets,New Jersey Nets,Away Win (96-71),71-96,Four 12-minute quarters / 48 min,No,IZOD Center,"East Rutherford, NJ",18373,Houston Rockets team victory,"Houston Rockets defeated New Jersey Nets 96-71 in Regular Season at IZOD Center (East Rutherford, NJ).",SportsDataVerse hoopR / ESPN NBA Hidden API
414,261227018,2006-2007,2006,Regular Season,Regular Season,2006-12-27,Wednesday,00:30,Detroit Pistons,New York Knicks,New York Knicks,Detroit Pistons,151,145,296,6,New York Knicks,Detroit Pistons,Home Win (151-145),151-145,Four 12-minute quarters / 48 min,Yes,Madison Square Garden,"New York, NY",19763,New York Knicks team victory (OT),"New York Knicks edged Detroit Pistons 151-145 in overtime at Madison Square Garden (New York, NY).",SportsDataVerse hoopR / ESPN NBA Hidden API
415,261228006,2006-2007,2006,Regular Season,Regular Season,2006-12-28,Thursday,00:00,Phoenix Suns,Dallas Mavericks,Dallas Mavericks,Phoenix Suns,101,99,200,2,Dallas Mavericks,Phoenix Suns,Home Win (101-99),101-99,Four 12-minute quarters / 48 min,No,American Airlines Center,"Dallas, TX",20483,Dallas Mavericks team victory,"Dallas Mavericks defeated Phoenix Suns 101-99 in Regular Season at American Airlines Center (Dallas, TX).",SportsDataVerse hoopR / ESPN NBA Hidden API
416,261228024,2006-2007,2006,Regular Season,Regular Season,2006-12-28,Thursday,00:00,Utah Jazz,San Antonio Spurs,San Antonio Spurs,Utah Jazz,106,83,189,23,San Antonio Spurs,Utah Jazz,Home Win (106-83),106-83,Four 12-minute quarters / 48 min,No,AT&T Center,"San Antonio, TX",18797,San Antonio Spurs team victory,"San Antonio Spurs defeated Utah Jazz 106-83 in Regular Season at AT&T Center (San Antonio, TX).",SportsDataVerse hoopR / ESPN NBA Hidden API
417,261228007,2006-2007,2006,Regular Season,Regular Season,2006-12-28,Thursday,01:30,Seattle SuperSonics,Denver Nuggets,Denver Nuggets,Seattle SuperSonics,112,98,210,14,Denver Nuggets,Seattle SuperSonics,Home Win (112-98),112-98,Four 12-minute quarters / 48 min,No,Ball Arena,"Denver, CO",17400,Denver Nuggets team victory,"Denver Nuggets defeated Seattle SuperSonics 112-98 in Regular Season at Ball Arena (Denver, CO).",SportsDataVerse hoopR / ESPN NBA Hidden API
418,261229003,2006-2007,2006,Regular Season,Regular Season,2006-12-29,Friday,00:00,Denver Nuggets,NO/Oklahoma City Hornets,NO/Oklahoma City Hornets,Denver Nuggets,99,89,188,10,NO/Oklahoma City Hornets,Denver Nuggets,Home Win (99-89),99-89,Four 12-minute quarters / 48 min,No,Paycom Center,"Oklahoma City, OK",19334,NO/Oklahoma City Hornets team victory,"NO/Oklahoma City Hornets defeated Denver Nuggets 99-89 in Regular Season at Paycom Center (Oklahoma City, OK).",SportsDataVerse hoopR / ESPN NBA Hidden API
419,261229016,2006-2007,2006,Regular Season,Regular Season,2006-12-29,Friday,00:00,Seattle SuperSonics,Minnesota Timberwolves,Minnesota Timberwolves,Seattle SuperSonics,101,82,183,19,Minnesota Timberwolves,Seattle SuperSonics,Home Win (101-82),101-82,Four 12-minute quarters / 48 min,No,Target Center,"Minneapolis, MN",19356,Minnesota Timberwolves team victory,"Minnesota Timberwolves defeated Seattle SuperSonics 101-82 in Regular Season at Target Center (Minneapolis, MN).",SportsDataVerse hoopR / ESPN NBA Hidden API
420,261229021,2006-2007,2006,Regular Season,Regular Season,2006-12-29,Friday,00:00,New York Knicks,Phoenix Suns,Phoenix Suns,New York Knicks,108,86,194,22,Phoenix Suns,New York Knicks,Home Win (108-86),108-86,Four 12-minute quarters / 48 min,No,Footprint Center,"Phoenix, AZ",18422,Phoenix Suns team victory,"Phoenix Suns defeated New York Knicks 108-86 in Regular Season at Footprint Center (Phoenix, AZ).",SportsDataVerse hoopR / ESPN NBA Hidden API
421,261229022,2006-2007,2006,Regular Season,Regular Season,2006-12-29,Friday,00:00,Philadelphia 76ers,Portland Trail Blazers,Portland Trail Blazers,Philadelphia 76ers,95,98,193,3,Philadelphia 76ers,Portland Trail Blazers,Away Win (98-95),95-98,Four 12-minute quarters / 48 min,No,Moda Center,"Portland, OR",19980,Philadelphia 76ers team victory,"Philadelphia 76ers defeated Portland Trail Blazers 98-95 in Regular Season at Moda Center (Portland, OR).",SportsDataVerse hoopR / ESPN NBA Hidden API
422,261229027,2006-2007,2006,Regular Season,Regular Season,2006-12-29,Friday,00:00,Orlando Magic,Washington Wizards,Washington Wizards,Orlando Magic,112,111,223,1,Washington Wizards,Orlando Magic,Home Win (112-111),112-111,Four 12-minute quarters / 48 min,No,Capital One Arena,"Washington, DC",20173,Washington Wizards team victory,"Washington Wizards defeated Orlando Magic 112-111 in Regular Season at Capital One Arena (Washington, DC).",SportsDataVerse hoopR / ESPN NBA Hidden API
423,261229028,2006-2007,2006,Regular Season,Regular Season,2006-12-29,Friday,00:00,Chicago Bulls,Toronto Raptors,Toronto Raptors,Chicago Bulls,97,107,204,10,Chicago Bulls,Toronto Raptors,Away Win (107-97),97-107,Four 12-minute quarters / 48 min,No,Scotiabank Arena,"Toronto, ON",19800,Chicago Bulls team victory,"Chicago Bulls defeated Toronto Raptors 107-97 in Regular Season at Scotiabank Arena (Toronto, ON).",SportsDataVerse hoopR / ESPN NBA Hidden API
424,261229030,2006-2007,2006,Regular Season,Regular Season,2006-12-29,Friday,00:00,Los Angeles Lakers,Charlotte Bobcats,Charlotte Bobcats,Los Angeles Lakers,133,124,257,9,Charlotte Bobcats,Los Angeles Lakers,Home Win (133-124),133-124,Four 12-minute quarters / 48 min,Yes,Spectrum Center,"Charlotte, NC",19561,Charlotte Bobcats team victory (OT),"Charlotte Bobcats edged Los Angeles Lakers 133-124 in overtime at Spectrum Center (Charlotte, NC).",SportsDataVerse hoopR / ESPN NBA Hidden API
425,261229005,2006-2007,2006,Regular Season,Regular Season,2006-12-29,Friday,00:30,Milwaukee Bucks,Cleveland Cavaliers,Cleveland Cavaliers,Milwaukee Bucks,109,99,208,10,Cleveland Cavaliers,Milwaukee Bucks,Home Win (109-99),109-99,Four 12-minute quarters / 48 min,No,Rocket Mortgage FieldHouse,"Cleveland, OH",20562,Cleveland Cavaliers team victory,"Cleveland Cavaliers defeated Milwaukee Bucks 109-99 in Regular Season at Rocket Mortgage FieldHouse (Cleveland, OH).",SportsDataVerse hoopR / ESPN NBA Hidden API
426,261229009,2006-2007,2006,Regular Season,Regular Season,2006-12-29,Friday,00:30,Boston Celtics,Golden State Warriors,Golden State Warriors,Boston Celtics,110,100,210,10,Golden State Warriors,Boston Celtics,Home Win (110-100),110-100,Four 12-minute quarters / 48 min,No,ORACLE Arena,"Oakland, CA",19596,Golden State Warriors team victory,"Golden State Warriors defeated Boston Celtics 110-100 in Regular Season at ORACLE Arena (Oakland, CA).",SportsDataVerse hoopR / ESPN NBA Hidden API
427,261229010,2006-2007,2006,Regular Season,Regular Season,2006-12-29,Friday,00:30,Atlanta Hawks,Houston Rockets,Houston Rockets,Atlanta Hawks,94,68,162,26,Houston Rockets,Atlanta Hawks,Home Win (94-68),94-68,Four 12-minute quarters / 48 min,No,Toyota Center (Houston),"Houston, TX",18134,Houston Rockets team victory,"Houston Rockets defeated Atlanta Hawks 94-68 in Regular Season at Toyota Center (Houston) (Houston, TX).",SportsDataVerse hoopR / ESPN NBA Hidden API
428,261229012,2006-2007,2006,Regular Season,Regular Season,2006-12-29,Friday,00:30,Sacramento Kings,LA Clippers,LA Clippers,Sacramento Kings,102,93,195,9,LA Clippers,Sacramento Kings,Home Win (102-93),102-93,Four 12-minute quarters / 48 min,No,crypto.com Arena,"Los Angeles, CA",18505,LA Clippers team victory,"LA Clippers defeated Sacramento Kings 102-93 in Regular Season at crypto.com Arena (Los Angeles, CA).",SportsDataVerse hoopR / ESPN NBA Hidden API
429,261229014,2006-2007,2006,Regular Season,Regular Season,2006-12-29,Friday,00:30,New Jersey Nets,Miami Heat,Miami Heat,New Jersey Nets,81,91,172,10,New Jersey Nets,Miami Heat,Away Win (91-81),81-91,Four 12-minute quarters / 48 min,No,Kaseya Center,"Miami, FL",20165,New Jersey Nets team victory,"New Jersey Nets defeated Miami Heat 91-81 in Regular Season at Kaseya Center (Miami, FL).",SportsDataVerse hoopR / ESPN NBA Hidden API
430,261229008,2006-2007,2006,Regular Season,Regular Season,2006-12-29,Friday,01:00,Indiana Pacers,Detroit Pistons,Detroit Pistons,Indiana Pacers,92,93,185,1,Indiana Pacers,Detroit Pistons,Away Win (93-92),92-93,Four 12-minute quarters / 48 min,No,The Palace of Auburn Hills,"Detroit, MI",22076,Indiana Pacers team victory,"Indiana Pacers defeated Detroit Pistons 93-92 in Regular Season at The Palace of Auburn Hills (Detroit, MI).",SportsDataVerse hoopR / ESPN NBA Hidden API
431,261230011,2006-2007,2006,Regular Season,Regular Season,2006-12-30,Saturday,00:00,Charlotte Bobcats,Indiana Pacers,Indiana Pacers,Charlotte Bobcats,102,113,215,11,Charlotte Bobcats,Indiana Pacers,Away Win (113-102),102-113,Four 12-minute quarters / 48 min,No,Gainbridge Fieldhouse,"Indianapolis, IN",17305,Charlotte Bobcats team victory,"Charlotte Bobcats defeated Indiana Pacers 113-102 in Regular Season at Gainbridge Fieldhouse (Indianapolis, IN).",SportsDataVerse hoopR / ESPN NBA Hidden API
432,261230019,2006-2007,2006,Regular Season,Regular Season,2006-12-30,Saturday,00:00,Miami Heat,Orlando Magic,Orlando Magic,Miami Heat,97,68,165,29,Orlando Magic,Miami Heat,Home Win (97-68),97-68,Four 12-minute quarters / 48 min,No,Amway Arena,"Orlando, FL",17451,Orlando Magic team victory,"Orlando Magic defeated Miami Heat 97-68 in Regular Season at Amway Arena (Orlando, FL).",SportsDataVerse hoopR / ESPN NBA Hidden API
433,261230023,2006-2007,2006,Regular Season,Regular Season,2006-12-30,Saturday,00:00,Golden State Warriors,Sacramento Kings,Sacramento Kings,Golden State Warriors,119,96,215,23,Sacramento Kings,Golden State Warriors,Home Win (119-96),119-96,Four 12-minute quarters / 48 min,No,Sleep Train Arena,"Sacramento, CA",17317,Sacramento Kings team victory,"Sacramento Kings defeated Golden State Warriors 119-96 in Regular Season at Sleep Train Arena (Sacramento, CA).",SportsDataVerse hoopR / ESPN NBA Hidden API
434,261230026,2006-2007,2006,Regular Season,Regular Season,2006-12-30,Saturday,00:00,Portland Trail Blazers,Utah Jazz,Utah Jazz,Portland Trail Blazers,96,86,182,10,Utah Jazz,Portland Trail Blazers,Home Win (96-86),96-86,Four 12-minute quarters / 48 min,No,Vivint Arena,"Salt Lake City, UT",19911,Utah Jazz team victory,"Utah Jazz defeated Portland Trail Blazers 96-86 in Regular Season at Vivint Arena (Salt Lake City, UT).",SportsDataVerse hoopR / ESPN NBA Hidden API
435,261230029,2006-2007,2006,Regular Season,Regular Season,2006-12-30,Saturday,00:00,Toronto Raptors,Memphis Grizzlies,Memphis Grizzlies,Toronto Raptors,110,104,214,6,Memphis Grizzlies,Toronto Raptors,Home Win (110-104),110-104,Four 12-minute quarters / 48 min,No,FedExForum,"Memphis, TN",15119,Memphis Grizzlies team victory,"Memphis Grizzlies defeated Toronto Raptors 110-104 in Regular Season at FedExForum (Memphis, TN).",SportsDataVerse hoopR / ESPN NBA Hidden API
436,261230004,2006-2007,2006,Regular Season,Regular Season,2006-12-30,Saturday,00:30,Cleveland Cavaliers,Chicago Bulls,Chicago Bulls,Cleveland Cavaliers,103,96,199,7,Chicago Bulls,Cleveland Cavaliers,Home Win (103-96),103-96,Four 12-minute quarters / 48 min,No,United Center,"Chicago, IL",22965,Chicago Bulls team victory,"Chicago Bulls defeated Cleveland Cavaliers 103-96 in Regular Season at United Center (Chicago, IL).",SportsDataVerse hoopR / ESPN NBA Hidden API
437,261230006,2006-2007,2006,Regular Season,Regular Season,2006-12-30,Saturday,00:30,NO/Oklahoma City Hornets,Dallas Mavericks,Dallas Mavericks,NO/Oklahoma City Hornets,94,80,174,14,Dallas Mavericks,NO/Oklahoma City Hornets,Home Win (94-80),94-80,Four 12-minute quarters / 48 min,No,American Airlines Center,"Dallas, TX",20433,Dallas Mavericks team victory,"Dallas Mavericks defeated NO/Oklahoma City Hornets 94-80 in Regular Season at American Airlines Center (Dallas, TX).",SportsDataVerse hoopR / ESPN NBA Hidden API
438,261230015,2006-2007,2006,Regular Season,Regular Season,2006-12-30,Saturday,00:30,Washington Wizards,Milwaukee Bucks,Milwaukee Bucks,Washington Wizards,119,102,221,17,Milwaukee Bucks,Washington Wizards,Home Win (119-102),119-102,Four 12-minute quarters / 48 min,No,BMO Harris Bradley Center,"Milwaukee, WI",17968,Milwaukee Bucks team victory,"Milwaukee Bucks defeated Washington Wizards 119-102 in Regular Season at BMO Harris Bradley Center (Milwaukee, WI).",SportsDataVerse hoopR / ESPN NBA Hidden API
439,261230017,2006-2007,2006,Regular Season,Regular Season,2006-12-30,Saturday,00:30,Minnesota Timberwolves,New Jersey Nets,New Jersey Nets,Minnesota Timberwolves,100,92,192,8,New Jersey Nets,Minnesota Timberwolves,Home Win (100-92),100-92,Four 12-minute quarters / 48 min,No,IZOD Center,"East Rutherford, NJ",18956,New Jersey Nets team victory,"New Jersey Nets defeated Minnesota Timberwolves 100-92 in Regular Season at IZOD Center (East Rutherford, NJ).",SportsDataVerse hoopR / ESPN NBA Hidden API
440,261231012,2006-2007,2006,Regular Season,Regular Season,2006-12-31,Sunday,17:30,New York Knicks,LA Clippers,LA Clippers,New York Knicks,90,80,170,10,LA Clippers,New York Knicks,Home Win (90-80),90-80,Four 12-minute quarters / 48 min,No,crypto.com Arena,"Los Angeles, CA",18717,LA Clippers team victory,"LA Clippers defeated New York Knicks 90-80 in Regular Season at crypto.com Arena (Los Angeles, CA).",SportsDataVerse hoopR / ESPN NBA Hidden API
441,261231024,2006-2007,2006,Regular Season,Regular Season,2006-12-31,Sunday,19:30,Atlanta Hawks,San Antonio Spurs,San Antonio Spurs,Atlanta Hawks,95,81,176,14,San Antonio Spurs,Atlanta Hawks,Home Win (95-81),95-81,Four 12-minute quarters / 48 min,No,AT&T Center,"San Antonio, TX",18797,San Antonio Spurs team victory,"San Antonio Spurs defeated Atlanta Hawks 95-81 in Regular Season at AT&T Center (San Antonio, TX).",SportsDataVerse hoopR / ESPN NBA Hidden API
442,261231008,2006-2007,2006,Regular Season,Regular Season,2006-12-31,Sunday,21:00,Phoenix Suns,Detroit Pistons,Detroit Pistons,Phoenix Suns,101,108,209,7,Phoenix Suns,Detroit Pistons,Away Win (108-101),101-108,Four 12-minute quarters / 48 min,No,The Palace of Auburn Hills,"Detroit, MI",22076,Phoenix Suns team victory,"Phoenix Suns defeated Detroit Pistons 108-101 in Regular Season at The Palace of Auburn Hills (Detroit, MI).",SportsDataVerse hoopR / ESPN NBA Hidden API
443,261231010,2006-2007,2006,Regular Season,Regular Season,2006-12-31,Sunday,23:00,Memphis Grizzlies,Houston Rockets,Houston Rockets,Memphis Grizzlies,111,109,220,2,Houston Rockets,Memphis Grizzlies,Home Win (111-109),111-109,Four 12-minute quarters / 48 min,No,Toyota Center (Houston),"Houston, TX",18124,Houston Rockets team victory,"Houston Rockets defeated Memphis Grizzlies 111-109 in Regular Season at Toyota Center (Houston) (Houston, TX).",SportsDataVerse hoopR / ESPN NBA Hidden API
444,261231013,2006-2007,2006,Regular Season,Regular Season,2006-12-31,Sunday,23:30,Philadelphia 76ers,Los Angeles Lakers,Los Angeles Lakers,Philadelphia 76ers,104,94,198,10,Los Angeles Lakers,Philadelphia 76ers,Home Win (104-94),104-94,Four 12-minute quarters / 48 min,No,crypto.com Arena,"Los Angeles, CA",18997,Los Angeles Lakers team victory,"Los Angeles Lakers defeated Philadelphia 76ers 104-94 in Regular Season at crypto.com Arena (Los Angeles, CA).",SportsDataVerse hoopR / ESPN NBA Hidden API
445,261231007,2006-2007,2006,Regular Season,Regular Season,2006-12-31,Sunday,00:00,Dallas Mavericks,Denver Nuggets,Denver Nuggets,Dallas Mavericks,85,89,174,4,Dallas Mavericks,Denver Nuggets,Away Win (89-85),85-89,Four 12-minute quarters / 48 min,No,Ball Arena,"Denver, CO",18423,Dallas Mavericks team victory,"Dallas Mavericks defeated Denver Nuggets 89-85 in Regular Season at Ball Arena (Denver, CO).",SportsDataVerse hoopR / ESPN NBA Hidden API
446,261231025,2006-2007,2006,Regular Season,Regular Season,2006-12-31,Sunday,00:00,Boston Celtics,Seattle SuperSonics,Seattle SuperSonics,Boston Celtics,101,95,196,6,Seattle SuperSonics,Boston Celtics,Home Win (101-95),101-95,Four 12-minute quarters / 48 min,No,KeyArena,"Seattle, WA",15557,Seattle SuperSonics team victory,"Seattle SuperSonics defeated Boston Celtics 101-95 in Regular Season at KeyArena (Seattle, WA).",SportsDataVerse hoopR / ESPN NBA Hidden API
447,270101022,2006-2007,2006,Regular Season,Regular Season,2007-01-01,Monday,00:00,Boston Celtics,Portland Trail Blazers,Portland Trail Blazers,Boston Celtics,81,89,170,8,Boston Celtics,Portland Trail Blazers,Away Win (89-81),81-89,Four 12-minute quarters / 48 min,No,Moda Center,"Portland, OR",12156,Boston Celtics team victory,"Boston Celtics defeated Portland Trail Blazers 89-81 in Regular Season at Moda Center (Portland, OR).",SportsDataVerse hoopR / ESPN NBA Hidden API
448,270101030,2006-2007,2006,Regular Season,Regular Season,2007-01-01,Monday,00:00,Minnesota Timberwolves,Charlotte Bobcats,Charlotte Bobcats,Minnesota Timberwolves,96,102,198,6,Minnesota Timberwolves,Charlotte Bobcats,Away Win (102-96),96-102,Four 12-minute quarters / 48 min,No,Spectrum Center,"Charlotte, NC",14827,Minnesota Timberwolves team victory,"Minnesota Timberwolves defeated Charlotte Bobcats 102-96 in Regular Season at Spectrum Center (Charlotte, NC).",SportsDataVerse hoopR / ESPN NBA Hidden API
449,270102003,2006-2007,2006,Regular Season,Regular Season,2007-01-02,Tuesday,00:00,Golden State Warriors,NO/Oklahoma City Hornets,NO/Oklahoma City Hornets,Golden State Warriors,89,97,186,8,Golden State Warriors,NO/Oklahoma City Hornets,Away Win (97-89),89-97,Four 12-minute quarters / 48 min,No,Paycom Center,"Oklahoma City, OK",16617,Golden State Warriors team victory,"Golden State Warriors defeated NO/Oklahoma City Hornets 97-89 in Regular Season at Paycom Center (Oklahoma City, OK).",SportsDataVerse hoopR / ESPN NBA Hidden API
450,270102005,2006-2007,2006,Regular Season,Regular Season,2007-01-02,Tuesday,00:00,San Antonio Spurs,Cleveland Cavaliers,Cleveland Cavaliers,San Antonio Spurs,82,78,160,4,Cleveland Cavaliers,San Antonio Spurs,Home Win (82-78),82-78,Four 12-minute quarters / 48 min,No,Rocket Mortgage FieldHouse,"Cleveland, OH",20214,Cleveland Cavaliers team victory,"Cleveland Cavaliers defeated San Antonio Spurs 82-78 in Regular Season at Rocket Mortgage FieldHouse (Cleveland, OH).",SportsDataVerse hoopR / ESPN NBA Hidden API
451,270102007,2006-2007,2006,Regular Season,Regular Season,2007-01-02,Tuesday,00:00,Philadelphia 76ers,Denver Nuggets,Denver Nuggets,Philadelphia 76ers,97,108,205,11,Philadelphia 76ers,Denver Nuggets,Away Win (108-97),97-108,Four 12-minute quarters / 48 min,No,Ball Arena,"Denver, CO",17436,Philadelphia 76ers team victory,"Philadelphia 76ers defeated Denver Nuggets 108-97 in Regular Season at Ball Arena (Denver, CO).",SportsDataVerse hoopR / ESPN NBA Hidden API
452,270102019,2006-2007,2006,Regular Season,Regular Season,2007-01-02,Tuesday,00:00,LA Clippers,Orlando Magic,Orlando Magic,LA Clippers,91,86,177,5,Orlando Magic,LA Clippers,Home Win (91-86),91-86,Four 12-minute quarters / 48 min,No,Amway Arena,"Orlando, FL",17262,Orlando Magic team victory,"Orlando Magic defeated LA Clippers 91-86 in Regular Season at Amway Arena (Orlando, FL).",SportsDataVerse hoopR / ESPN NBA Hidden API
453,270102023,2006-2007,2006,Regular Season,Regular Season,2007-01-02,Tuesday,00:00,New York Knicks,Sacramento Kings,Sacramento Kings,New York Knicks,112,100,212,12,Sacramento Kings,New York Knicks,Home Win (112-100),112-100,Four 12-minute quarters / 48 min,No,Sleep Train Arena,"Sacramento, CA",17317,Sacramento Kings team victory,"Sacramento Kings defeated New York Knicks 112-100 in Regular Season at Sleep Train Arena (Sacramento, CA).",SportsDataVerse hoopR / ESPN NBA Hidden API
454,270102004,2006-2007,2006,Regular Season,Regular Season,2007-01-02,Tuesday,00:30,Phoenix Suns,Chicago Bulls,Chicago Bulls,Phoenix Suns,96,97,193,1,Phoenix Suns,Chicago Bulls,Away Win (97-96),96-97,Four 12-minute quarters / 48 min,No,United Center,"Chicago, IL",22853,Phoenix Suns team victory,"Phoenix Suns defeated Chicago Bulls 97-96 in Regular Season at United Center (Chicago, IL).",SportsDataVerse hoopR / ESPN NBA Hidden API
455,270102006,2006-2007,2006,Regular Season,Regular Season,2007-01-02,Tuesday,00:30,Seattle SuperSonics,Dallas Mavericks,Dallas Mavericks,Seattle SuperSonics,112,88,200,24,Dallas Mavericks,Seattle SuperSonics,Home Win (112-88),112-88,Four 12-minute quarters / 48 min,No,American Airlines Center,"Dallas, TX",20245,Dallas Mavericks team victory,"Dallas Mavericks defeated Seattle SuperSonics 112-88 in Regular Season at American Airlines Center (Dallas, TX).",SportsDataVerse hoopR / ESPN NBA Hidden API
456,270103016,2006-2007,2006,Regular Season,Regular Season,2007-01-03,Wednesday,00:00,San Antonio Spurs,Minnesota Timberwolves,Minnesota Timberwolves,San Antonio Spurs,103,101,204,2,Minnesota Timberwolves,San Antonio Spurs,Home Win (103-101),103-101,Four 12-minute quarters / 48 min,Yes,Target Center,"Minneapolis, MN",14185,Minnesota Timberwolves team victory (OT),"Minnesota Timberwolves edged San Antonio Spurs 103-101 in overtime at Target Center (Minneapolis, MN).",SportsDataVerse hoopR / ESPN NBA Hidden API
457,270103022,2006-2007,2006,Regular Season,Regular Season,2007-01-03,Wednesday,00:00,New York Knicks,Portland Trail Blazers,Portland Trail Blazers,New York Knicks,81,99,180,18,New York Knicks,Portland Trail Blazers,Away Win (99-81),81-99,Four 12-minute quarters / 48 min,No,Moda Center,"Portland, OR",13071,New York Knicks team victory,"New York Knicks defeated Portland Trail Blazers 99-81 in Regular Season at Moda Center (Portland, OR).",SportsDataVerse hoopR / ESPN NBA Hidden API
458,270103026,2006-2007,2006,Regular Season,Regular Season,2007-01-03,Wednesday,00:00,Philadelphia 76ers,Utah Jazz,Utah Jazz,Philadelphia 76ers,98,87,185,11,Utah Jazz,Philadelphia 76ers,Home Win (98-87),98-87,Four 12-minute quarters / 48 min,No,Vivint Arena,"Salt Lake City, UT",19911,Utah Jazz team victory,"Utah Jazz defeated Philadelphia 76ers 98-87 in Regular Season at Vivint Arena (Salt Lake City, UT).",SportsDataVerse hoopR / ESPN NBA Hidden API
459,270103027,2006-2007,2006,Regular Season,Regular Season,2007-01-03,Wednesday,00:00,Milwaukee Bucks,Washington Wizards,Washington Wizards,Milwaukee Bucks,108,105,213,3,Washington Wizards,Milwaukee Bucks,Home Win (108-105),108-105,Four 12-minute quarters / 48 min,No,Capital One Arena,"Washington, DC",14632,Washington Wizards team victory,"Washington Wizards defeated Milwaukee Bucks 108-105 in Regular Season at Capital One Arena (Washington, DC).",SportsDataVerse hoopR / ESPN NBA Hidden API
460,270103028,2006-2007,2006,Regular Season,Regular Season,2007-01-03,Wednesday,00:00,Phoenix Suns,Toronto Raptors,Toronto Raptors,Phoenix Suns,98,100,198,2,Phoenix Suns,Toronto Raptors,Away Win (100-98),98-100,Four 12-minute quarters / 48 min,No,Scotiabank Arena,"Toronto, ON",20063,Phoenix Suns team victory,"Phoenix Suns defeated Toronto Raptors 100-98 in Regular Season at Scotiabank Arena (Toronto, ON).",SportsDataVerse hoopR / ESPN NBA Hidden API
461,270103029,2006-2007,2006,Regular Season,Regular Season,2007-01-03,Wednesday,00:00,Golden State Warriors,Memphis Grizzlies,Memphis Grizzlies,Golden State Warriors,144,135,279,9,Memphis Grizzlies,Golden State Warriors,Home Win (144-135),144-135,Four 12-minute quarters / 48 min,No,FedExForum,"Memphis, TN",12176,Memphis Grizzlies team victory,"Memphis Grizzlies defeated Golden State Warriors 144-135 in Regular Season at FedExForum (Memphis, TN).",SportsDataVerse hoopR / ESPN NBA Hidden API
462,270103002,2006-2007,2006,Regular Season,Regular Season,2007-01-03,Wednesday,00:30,Cleveland Cavaliers,Boston Celtics,Boston Celtics,Cleveland Cavaliers,104,107,211,3,Cleveland Cavaliers,Boston Celtics,Away Win (107-104),104-107,Four 12-minute quarters / 48 min,No,TD Garden,"Boston, MA",18624,Cleveland Cavaliers team victory,"Cleveland Cavaliers defeated Boston Celtics 107-104 in Regular Season at TD Garden (Boston, MA).",SportsDataVerse hoopR / ESPN NBA Hidden API
463,270103010,2006-2007,2006,Regular Season,Regular Season,2007-01-03,Wednesday,00:30,Seattle SuperSonics,Houston Rockets,Houston Rockets,Seattle SuperSonics,103,96,199,7,Houston Rockets,Seattle SuperSonics,Home Win (103-96),103-96,Four 12-minute quarters / 48 min,No,Toyota Center (Houston),"Houston, TX",11133,Houston Rockets team victory,"Houston Rockets defeated Seattle SuperSonics 103-96 in Regular Season at Toyota Center (Houston) (Houston, TX).",SportsDataVerse hoopR / ESPN NBA Hidden API
464,270103014,2006-2007,2006,Regular Season,Regular Season,2007-01-03,Wednesday,00:30,LA Clippers,Miami Heat,Miami Heat,LA Clippers,95,110,205,15,LA Clippers,Miami Heat,Away Win (110-95),95-110,Four 12-minute quarters / 48 min,No,Kaseya Center,"Miami, FL",19600,LA Clippers team victory,"LA Clippers defeated Miami Heat 110-95 in Regular Season at Kaseya Center (Miami, FL).",SportsDataVerse hoopR / ESPN NBA Hidden API
465,270104003,2006-2007,2006,Regular Season,Regular Season,2007-01-04,Thursday,00:00,Detroit Pistons,NO/Oklahoma City Hornets,NO/Oklahoma City Hornets,Detroit Pistons,68,92,160,24,Detroit Pistons,NO/Oklahoma City Hornets,Away Win (92-68),68-92,Four 12-minute quarters / 48 min,No,Paycom Center,"Oklahoma City, OK",18079,Detroit Pistons team victory,"Detroit Pistons defeated NO/Oklahoma City Hornets 92-68 in Regular Season at Paycom Center (Oklahoma City, OK).",SportsDataVerse hoopR / ESPN NBA Hidden API
466,270104006,2006-2007,2006,Regular Season,Regular Season,2007-01-04,Thursday,00:30,Indiana Pacers,Dallas Mavericks,Dallas Mavericks,Indiana Pacers,100,91,191,9,Dallas Mavericks,Indiana Pacers,Home Win (100-91),100-91,Four 12-minute quarters / 48 min,No,American Airlines Center,"Dallas, TX",20398,Dallas Mavericks team victory,"Dallas Mavericks defeated Indiana Pacers 100-91 in Regular Season at American Airlines Center (Dallas, TX).",SportsDataVerse hoopR / ESPN NBA Hidden API
467,270104023,2006-2007,2006,Regular Season,Regular Season,2007-01-04,Thursday,00:30,Los Angeles Lakers,Sacramento Kings,Sacramento Kings,Los Angeles Lakers,128,132,260,4,Los Angeles Lakers,Sacramento Kings,Away Win (132-128),128-132,Four 12-minute quarters / 48 min,Yes,Sleep Train Arena,"Sacramento, CA",17317,Los Angeles Lakers team victory (OT),"Los Angeles Lakers edged Sacramento Kings 132-128 in overtime at Sleep Train Arena (Sacramento, CA).",SportsDataVerse hoopR / ESPN NBA Hidden API
468,270105016,2006-2007,2006,Regular Season,Regular Season,2007-01-05,Friday,00:00,Philadelphia 76ers,Minnesota Timberwolves,Minnesota Timberwolves,Philadelphia 76ers,104,102,206,2,Minnesota Timberwolves,Philadelphia 76ers,Home Win (104-102),104-102,Four 12-minute quarters / 48 min,Yes,Target Center,"Minneapolis, MN",14577,Minnesota Timberwolves team victory (OT),"Minnesota Timberwolves edged Philadelphia 76ers 104-102 in overtime at Target Center (Minneapolis, MN).",SportsDataVerse hoopR / ESPN NBA Hidden API
469,270105019,2006-2007,2006,Regular Season,Regular Season,2007-01-05,Friday,00:00,Charlotte Bobcats,Orlando Magic,Orlando Magic,Charlotte Bobcats,106,74,180,32,Orlando Magic,Charlotte Bobcats,Home Win (106-74),106-74,Four 12-minute quarters / 48 min,No,Amway Arena,"Orlando, FL",17154,Orlando Magic team victory,"Orlando Magic defeated Charlotte Bobcats 106-74 in Regular Season at Amway Arena (Orlando, FL).",SportsDataVerse hoopR / ESPN NBA Hidden API
470,270105024,2006-2007,2006,Regular Season,Regular Season,2007-01-05,Friday,00:00,Dallas Mavericks,San Antonio Spurs,San Antonio Spurs,Dallas Mavericks,85,90,175,5,Dallas Mavericks,San Antonio Spurs,Away Win (90-85),85-90,Four 12-minute quarters / 48 min,No,AT&T Center,"San Antonio, TX",18797,Dallas Mavericks team victory,"Dallas Mavericks defeated San Antonio Spurs 90-85 in Regular Season at AT&T Center (San Antonio, TX).",SportsDataVerse hoopR / ESPN NBA Hidden API
471,270105027,2006-2007,2006,Regular Season,Regular Season,2007-01-05,Friday,00:00,LA Clippers,Washington Wizards,Washington Wizards,LA Clippers,116,105,221,11,Washington Wizards,LA Clippers,Home Win (116-105),116-105,Four 12-minute quarters / 48 min,No,Capital One Arena,"Washington, DC",20173,Washington Wizards team victory,"Washington Wizards defeated LA Clippers 116-105 in Regular Season at Capital One Arena (Washington, DC).",SportsDataVerse hoopR / ESPN NBA Hidden API
472,270105028,2006-2007,2006,Regular Season,Regular Season,2007-01-05,Friday,00:00,Atlanta Hawks,Toronto Raptors,Toronto Raptors,Atlanta Hawks,105,92,197,13,Toronto Raptors,Atlanta Hawks,Home Win (105-92),105-92,Four 12-minute quarters / 48 min,No,Scotiabank Arena,"Toronto, ON",17977,Toronto Raptors team victory,"Toronto Raptors defeated Atlanta Hawks 105-92 in Regular Season at Scotiabank Arena (Toronto, ON).",SportsDataVerse hoopR / ESPN NBA Hidden API
473,270105029,2006-2007,2006,Regular Season,Regular Season,2007-01-05,Friday,00:00,Boston Celtics,Memphis Grizzlies,Memphis Grizzlies,Boston Celtics,119,128,247,9,Boston Celtics,Memphis Grizzlies,Away Win (128-119),119-128,Four 12-minute quarters / 48 min,No,FedExForum,"Memphis, TN",15263,Boston Celtics team victory,"Boston Celtics defeated Memphis Grizzlies 128-119 in Regular Season at FedExForum (Memphis, TN).",SportsDataVerse hoopR / ESPN NBA Hidden API
474,270105010,2006-2007,2006,Regular Season,Regular Season,2007-01-05,Friday,00:30,Utah Jazz,Houston Rockets,Houston Rockets,Utah Jazz,100,86,186,14,Houston Rockets,Utah Jazz,Home Win (100-86),100-86,Four 12-minute quarters / 48 min,No,Toyota Center (Houston),"Houston, TX",18059,Houston Rockets team victory,"Houston Rockets defeated Utah Jazz 100-86 in Regular Season at Toyota Center (Houston) (Houston, TX).",SportsDataVerse hoopR / ESPN NBA Hidden API
475,270105013,2006-2007,2006,Regular Season,Regular Season,2007-01-05,Friday,00:30,Denver Nuggets,Los Angeles Lakers,Los Angeles Lakers,Denver Nuggets,123,104,227,19,Los Angeles Lakers,Denver Nuggets,Home Win (123-104),123-104,Four 12-minute quarters / 48 min,No,crypto.com Arena,"Los Angeles, CA",18997,Los Angeles Lakers team victory,"Los Angeles Lakers defeated Denver Nuggets 123-104 in Regular Season at crypto.com Arena (Los Angeles, CA).",SportsDataVerse hoopR / ESPN NBA Hidden API
476,270105015,2006-2007,2006,Regular Season,Regular Season,2007-01-05,Friday,00:30,Cleveland Cavaliers,Milwaukee Bucks,Milwaukee Bucks,Cleveland Cavaliers,86,95,181,9,Cleveland Cavaliers,Milwaukee Bucks,Away Win (95-86),86-95,Four 12-minute quarters / 48 min,No,BMO Harris Bradley Center,"Milwaukee, WI",18717,Cleveland Cavaliers team victory,"Cleveland Cavaliers defeated Milwaukee Bucks 95-86 in Regular Season at BMO Harris Bradley Center (Milwaukee, WI).",SportsDataVerse hoopR / ESPN NBA Hidden API
477,270105017,2006-2007,2006,Regular Season,Regular Season,2007-01-05,Friday,00:30,Chicago Bulls,New Jersey Nets,New Jersey Nets,Chicago Bulls,91,86,177,5,New Jersey Nets,Chicago Bulls,Home Win (91-86),91-86,Four 12-minute quarters / 48 min,No,IZOD Center,"East Rutherford, NJ",18569,New Jersey Nets team victory,"New Jersey Nets defeated Chicago Bulls 91-86 in Regular Season at IZOD Center (East Rutherford, NJ).",SportsDataVerse hoopR / ESPN NBA Hidden API
478,270105025,2006-2007,2006,Regular Season,Regular Season,2007-01-05,Friday,00:30,New York Knicks,Seattle SuperSonics,Seattle SuperSonics,New York Knicks,93,111,204,18,New York Knicks,Seattle SuperSonics,Away Win (111-93),93-111,Four 12-minute quarters / 48 min,No,KeyArena,"Seattle, WA",16841,New York Knicks team victory,"New York Knicks defeated Seattle SuperSonics 111-93 in Regular Season at KeyArena (Seattle, WA).",SportsDataVerse hoopR / ESPN NBA Hidden API
479,270105021,2006-2007,2006,Regular Season,Regular Season,2007-01-05,Friday,01:30,Miami Heat,Phoenix Suns,Phoenix Suns,Miami Heat,108,80,188,28,Phoenix Suns,Miami Heat,Home Win (108-80),108-80,Four 12-minute quarters / 48 min,No,Footprint Center,"Phoenix, AZ",18422,Phoenix Suns team victory,"Phoenix Suns defeated Miami Heat 108-80 in Regular Season at Footprint Center (Phoenix, AZ).",SportsDataVerse hoopR / ESPN NBA Hidden API
480,270106001,2006-2007,2006,Regular Season,Regular Season,2007-01-06,Saturday,00:00,LA Clippers,Atlanta Hawks,Atlanta Hawks,LA Clippers,86,74,160,12,Atlanta Hawks,LA Clippers,Home Win (86-74),86-74,Four 12-minute quarters / 48 min,No,State Farm Arena,"Atlanta, GA",13200,Atlanta Hawks team victory,"Atlanta Hawks defeated LA Clippers 86-74 in Regular Season at State Farm Arena (Atlanta, GA).",SportsDataVerse hoopR / ESPN NBA Hidden API
481,270106003,2006-2007,2006,Regular Season,Regular Season,2007-01-06,Saturday,00:00,Indiana Pacers,NO/Oklahoma City Hornets,NO/Oklahoma City Hornets,Indiana Pacers,93,100,193,7,Indiana Pacers,NO/Oklahoma City Hornets,Away Win (100-93),93-100,Four 12-minute quarters / 48 min,No,Paycom Center,"Oklahoma City, OK",17422,Indiana Pacers team victory,"Indiana Pacers defeated NO/Oklahoma City Hornets 100-93 in Regular Season at Paycom Center (Oklahoma City, OK).",SportsDataVerse hoopR / ESPN NBA Hidden API
482,270106007,2006-2007,2006,Regular Season,Regular Season,2007-01-06,Saturday,00:00,Utah Jazz,Denver Nuggets,Denver Nuggets,Utah Jazz,84,96,180,12,Utah Jazz,Denver Nuggets,Away Win (96-84),84-96,Four 12-minute quarters / 48 min,No,Ball Arena,"Denver, CO",18341,Utah Jazz team victory,"Utah Jazz defeated Denver Nuggets 96-84 in Regular Season at Ball Arena (Denver, CO).",SportsDataVerse hoopR / ESPN NBA Hidden API
483,270106023,2006-2007,2006,Regular Season,Regular Season,2007-01-06,Saturday,00:00,Portland Trail Blazers,Sacramento Kings,Sacramento Kings,Portland Trail Blazers,105,110,215,5,Portland Trail Blazers,Sacramento Kings,Away Win (110-105),105-110,Four 12-minute quarters / 48 min,Yes,Sleep Train Arena,"Sacramento, CA",17317,Portland Trail Blazers team victory (OT),"Portland Trail Blazers edged Sacramento Kings 110-105 in overtime at Sleep Train Arena (Sacramento, CA).",SportsDataVerse hoopR / ESPN NBA Hidden API
484,270106004,2006-2007,2006,Regular Season,Regular Season,2007-01-06,Saturday,00:30,Detroit Pistons,Chicago Bulls,Chicago Bulls,Detroit Pistons,106,89,195,17,Chicago Bulls,Detroit Pistons,Home Win (106-89),106-89,Four 12-minute quarters / 48 min,No,United Center,"Chicago, IL",22865,Chicago Bulls team victory,"Chicago Bulls defeated Detroit Pistons 106-89 in Regular Season at United Center (Chicago, IL).",SportsDataVerse hoopR / ESPN NBA Hidden API
485,270106005,2006-2007,2006,Regular Season,Regular Season,2007-01-06,Saturday,00:30,New Jersey Nets,Cleveland Cavaliers,Cleveland Cavaliers,New Jersey Nets,96,91,187,5,Cleveland Cavaliers,New Jersey Nets,Home Win (96-91),96-91,Four 12-minute quarters / 48 min,No,Rocket Mortgage FieldHouse,"Cleveland, OH",20562,Cleveland Cavaliers team victory,"Cleveland Cavaliers defeated New Jersey Nets 96-91 in Regular Season at Rocket Mortgage FieldHouse (Cleveland, OH).",SportsDataVerse hoopR / ESPN NBA Hidden API
486,270106009,2006-2007,2006,Regular Season,Regular Season,2007-01-06,Saturday,00:30,Seattle SuperSonics,Golden State Warriors,Golden State Warriors,Seattle SuperSonics,108,104,212,4,Golden State Warriors,Seattle SuperSonics,Home Win (108-104),108-104,Four 12-minute quarters / 48 min,No,ORACLE Arena,"Oakland, CA",17007,Golden State Warriors team victory,"Golden State Warriors defeated Seattle SuperSonics 108-104 in Regular Season at ORACLE Arena (Oakland, CA).",SportsDataVerse hoopR / ESPN NBA Hidden API
487,270107028,2006-2007,2006,Regular Season,Regular Season,2007-01-07,Sunday,18:00,Washington Wizards,Toronto Raptors,Toronto Raptors,Washington Wizards,116,111,227,5,Toronto Raptors,Washington Wizards,Home Win (116-111),116-111,Four 12-minute quarters / 48 min,No,Scotiabank Arena,"Toronto, ON",17981,Toronto Raptors team victory,"Toronto Raptors defeated Washington Wizards 116-111 in Regular Season at Scotiabank Arena (Toronto, ON).",SportsDataVerse hoopR / ESPN NBA Hidden API
488,270107016,2006-2007,2006,Regular Season,Regular Season,2007-01-07,Sunday,19:30,Houston Rockets,Minnesota Timberwolves,Minnesota Timberwolves,Houston Rockets,103,99,202,4,Minnesota Timberwolves,Houston Rockets,Home Win (103-99),103-99,Four 12-minute quarters / 48 min,Yes,Target Center,"Minneapolis, MN",17059,Minnesota Timberwolves team victory (OT),"Minnesota Timberwolves edged Houston Rockets 103-99 in overtime at Target Center (Minneapolis, MN).",SportsDataVerse hoopR / ESPN NBA Hidden API
489,270107029,2006-2007,2006,Regular Season,Regular Season,2007-01-07,Sunday,20:00,San Antonio Spurs,Memphis Grizzlies,Memphis Grizzlies,San Antonio Spurs,96,110,206,14,San Antonio Spurs,Memphis Grizzlies,Away Win (110-96),96-110,Four 12-minute quarters / 48 min,No,FedExForum,"Memphis, TN",15227,San Antonio Spurs team victory,"San Antonio Spurs defeated Memphis Grizzlies 110-96 in Regular Season at FedExForum (Memphis, TN).",SportsDataVerse hoopR / ESPN NBA Hidden API
490,270107019,2006-2007,2006,Regular Season,Regular Season,2007-01-07,Sunday,23:00,Boston Celtics,Orlando Magic,Orlando Magic,Boston Celtics,87,79,166,8,Orlando Magic,Boston Celtics,Home Win (87-79),87-79,Four 12-minute quarters / 48 min,No,Amway Arena,"Orlando, FL",16868,Orlando Magic team victory,"Orlando Magic defeated Boston Celtics 87-79 in Regular Season at Amway Arena (Orlando, FL).",SportsDataVerse hoopR / ESPN NBA Hidden API
491,270107021,2006-2007,2006,Regular Season,Regular Season,2007-01-07,Sunday,23:00,Golden State Warriors,Phoenix Suns,Phoenix Suns,Golden State Warriors,128,105,233,23,Phoenix Suns,Golden State Warriors,Home Win (128-105),128-105,Four 12-minute quarters / 48 min,No,Footprint Center,"Phoenix, AZ",18422,Phoenix Suns team victory,"Phoenix Suns defeated Golden State Warriors 128-105 in Regular Season at Footprint Center (Phoenix, AZ).",SportsDataVerse hoopR / ESPN NBA Hidden API
492,270107022,2006-2007,2006,Regular Season,Regular Season,2007-01-07,Sunday,23:00,Miami Heat,Portland Trail Blazers,Portland Trail Blazers,Miami Heat,90,93,183,3,Miami Heat,Portland Trail Blazers,Away Win (93-90),90-93,Four 12-minute quarters / 48 min,No,Moda Center,"Portland, OR",19980,Miami Heat team victory,"Miami Heat defeated Portland Trail Blazers 93-90 in Regular Season at Moda Center (Portland, OR).",SportsDataVerse hoopR / ESPN NBA Hidden API
493,270107013,2006-2007,2006,Regular Season,Regular Season,2007-01-07,Sunday,23:30,Dallas Mavericks,Los Angeles Lakers,Los Angeles Lakers,Dallas Mavericks,101,98,199,3,Los Angeles Lakers,Dallas Mavericks,Home Win (101-98),101-98,Four 12-minute quarters / 48 min,No,crypto.com Arena,"Los Angeles, CA",18997,Los Angeles Lakers team victory,"Los Angeles Lakers defeated Dallas Mavericks 101-98 in Regular Season at crypto.com Arena (Los Angeles, CA).",SportsDataVerse hoopR / ESPN NBA Hidden API
494,270108003,2006-2007,2006,Regular Season,Regular Season,2007-01-08,Monday,00:00,LA Clippers,NO/Oklahoma City Hornets,NO/Oklahoma City Hornets,LA Clippers,90,100,190,10,LA Clippers,NO/Oklahoma City Hornets,Away Win (100-90),90-100,Four 12-minute quarters / 48 min,No,Paycom Center,"Oklahoma City, OK",15501,LA Clippers team victory,"LA Clippers defeated NO/Oklahoma City Hornets 100-90 in Regular Season at Paycom Center (Oklahoma City, OK).",SportsDataVerse hoopR / ESPN NBA Hidden API
495,270108007,2006-2007,2006,Regular Season,Regular Season,2007-01-08,Monday,00:00,Milwaukee Bucks,Denver Nuggets,Denver Nuggets,Milwaukee Bucks,104,92,196,12,Denver Nuggets,Milwaukee Bucks,Home Win (104-92),104-92,Four 12-minute quarters / 48 min,No,Ball Arena,"Denver, CO",14220,Denver Nuggets team victory,"Denver Nuggets defeated Milwaukee Bucks 104-92 in Regular Season at Ball Arena (Denver, CO).",SportsDataVerse hoopR / ESPN NBA Hidden API
496,270108004,2006-2007,2006,Regular Season,Regular Season,2007-01-08,Monday,00:30,Houston Rockets,Chicago Bulls,Chicago Bulls,Houston Rockets,77,84,161,7,Houston Rockets,Chicago Bulls,Away Win (84-77),77-84,Four 12-minute quarters / 48 min,No,United Center,"Chicago, IL",21983,Houston Rockets team victory,"Houston Rockets defeated Chicago Bulls 84-77 in Regular Season at United Center (Chicago, IL).",SportsDataVerse hoopR / ESPN NBA Hidden API
497,270109011,2006-2007,2006,Regular Season,Regular Season,2007-01-09,Tuesday,00:00,Atlanta Hawks,Indiana Pacers,Indiana Pacers,Atlanta Hawks,91,72,163,19,Indiana Pacers,Atlanta Hawks,Home Win (91-72),91-72,Four 12-minute quarters / 48 min,No,Gainbridge Fieldhouse,"Indianapolis, IN",13559,Indiana Pacers team victory,"Indiana Pacers defeated Atlanta Hawks 91-72 in Regular Season at Gainbridge Fieldhouse (Indianapolis, IN).",SportsDataVerse hoopR / ESPN NBA Hidden API
498,270109020,2006-2007,2006,Regular Season,Regular Season,2007-01-09,Tuesday,00:00,Detroit Pistons,Philadelphia 76ers,Philadelphia 76ers,Detroit Pistons,89,98,187,9,Detroit Pistons,Philadelphia 76ers,Away Win (98-89),89-98,Four 12-minute quarters / 48 min,No,Wells Fargo Center,"Philadelphia, PA",13385,Detroit Pistons team victory,"Detroit Pistons defeated Philadelphia 76ers 98-89 in Regular Season at Wells Fargo Center (Philadelphia, PA).",SportsDataVerse hoopR / ESPN NBA Hidden API
499,270109021,2006-2007,2006,Regular Season,Regular Season,2007-01-09,Tuesday,00:00,Seattle SuperSonics,Phoenix Suns,Phoenix Suns,Seattle SuperSonics,113,102,215,11,Phoenix Suns,Seattle SuperSonics,Home Win (113-102),113-102,Four 12-minute quarters / 48 min,No,Footprint Center,"Phoenix, AZ",18422,Phoenix Suns team victory,"Phoenix Suns defeated Seattle SuperSonics 113-102 in Regular Season at Footprint Center (Phoenix, AZ).",SportsDataVerse hoopR / ESPN NBA Hidden API
500,270109023,2006-2007,2006,Regular Season,Regular Season,2007-01-09,Tuesday,00:00,Cleveland Cavaliers,Sacramento Kings,Sacramento Kings,Cleveland Cavaliers,98,108,206,10,Cleveland Cavaliers,Sacramento Kings,Away Win (108-98),98-108,Four 12-minute quarters / 48 min,No,Sleep Train Arena,"Sacramento, CA",17317,Cleveland Cavaliers team victory,"Cleveland Cavaliers defeated Sacramento Kings 108-98 in Regular Season at Sleep Train Arena (Sacramento, CA).",SportsDataVerse hoopR / ESPN NBA Hidden API
501,270109024,2006-2007,2006,Regular Season,Regular Season,2007-01-09,Tuesday,00:00,Portland Trail Blazers,San Antonio Spurs,San Antonio Spurs,Portland Trail Blazers,98,84,182,14,San Antonio Spurs,Portland Trail Blazers,Home Win (98-84),98-84,Four 12-minute quarters / 48 min,No,AT&T Center,"San Antonio, TX",18240,San Antonio Spurs team victory,"San Antonio Spurs defeated Portland Trail Blazers 98-84 in Regular Season at AT&T Center (San Antonio, TX).",SportsDataVerse hoopR / ESPN NBA Hidden API
502,270109026,2006-2007,2006,Regular Season,Regular Season,2007-01-09,Tuesday,00:00,Dallas Mavericks,Utah Jazz,Utah Jazz,Dallas Mavericks,105,108,213,3,Dallas Mavericks,Utah Jazz,Away Win (108-105),105-108,Four 12-minute quarters / 48 min,No,Vivint Arena,"Salt Lake City, UT",19911,Dallas Mavericks team victory,"Dallas Mavericks defeated Utah Jazz 108-105 in Regular Season at Vivint Arena (Salt Lake City, UT).",SportsDataVerse hoopR / ESPN NBA Hidden API
503,270109029,2006-2007,2006,Regular Season,Regular Season,2007-01-09,Tuesday,00:00,Los Angeles Lakers,Memphis Grizzlies,Memphis Grizzlies,Los Angeles Lakers,128,118,246,10,Memphis Grizzlies,Los Angeles Lakers,Home Win (128-118),128-118,Four 12-minute quarters / 48 min,No,FedExForum,"Memphis, TN",16651,Memphis Grizzlies team victory,"Memphis Grizzlies defeated Los Angeles Lakers 128-118 in Regular Season at FedExForum (Memphis, TN).",SportsDataVerse hoopR / ESPN NBA Hidden API
504,270109017,2006-2007,2006,Regular Season,Regular Season,2007-01-09,Tuesday,00:30,Toronto Raptors,New Jersey Nets,New Jersey Nets,Toronto Raptors,101,86,187,15,New Jersey Nets,Toronto Raptors,Home Win (101-86),101-86,Four 12-minute quarters / 48 min,No,IZOD Center,"East Rutherford, NJ",14729,New Jersey Nets team victory,"New Jersey Nets defeated Toronto Raptors 101-86 in Regular Season at IZOD Center (East Rutherford, NJ).",SportsDataVerse hoopR / ESPN NBA Hidden API
505,270110001,2006-2007,2006,Regular Season,Regular Season,2007-01-10,Wednesday,00:00,NO/Oklahoma City Hornets,Atlanta Hawks,Atlanta Hawks,NO/Oklahoma City Hornets,77,96,173,19,NO/Oklahoma City Hornets,Atlanta Hawks,Away Win (96-77),77-96,Four 12-minute quarters / 48 min,No,State Farm Arena,"Atlanta, GA",10120,NO/Oklahoma City Hornets team victory,"NO/Oklahoma City Hornets defeated Atlanta Hawks 96-77 in Regular Season at State Farm Arena (Atlanta, GA).",SportsDataVerse hoopR / ESPN NBA Hidden API
506,270110007,2006-2007,2006,Regular Season,Regular Season,2007-01-10,Wednesday,00:00,San Antonio Spurs,Denver Nuggets,Denver Nuggets,San Antonio Spurs,83,92,175,9,San Antonio Spurs,Denver Nuggets,Away Win (92-83),83-92,Four 12-minute quarters / 48 min,No,Ball Arena,"Denver, CO",16486,San Antonio Spurs team victory,"San Antonio Spurs defeated Denver Nuggets 92-83 in Regular Season at Ball Arena (Denver, CO).",SportsDataVerse hoopR / ESPN NBA Hidden API
507,270110015,2006-2007,2006,Regular Season,Regular Season,2007-01-10,Wednesday,00:00,Toronto Raptors,Milwaukee Bucks,Milwaukee Bucks,Toronto Raptors,77,90,167,13,Toronto Raptors,Milwaukee Bucks,Away Win (90-77),77-90,Four 12-minute quarters / 48 min,No,BMO Harris Bradley Center,"Milwaukee, WI",16432,Toronto Raptors team victory,"Toronto Raptors defeated Milwaukee Bucks 90-77 in Regular Season at BMO Harris Bradley Center (Milwaukee, WI).",SportsDataVerse hoopR / ESPN NBA Hidden API
508,270110016,2006-2007,2006,Regular Season,Regular Season,2007-01-10,Wednesday,00:00,LA Clippers,Minnesota Timberwolves,Minnesota Timberwolves,LA Clippers,91,92,183,1,LA Clippers,Minnesota Timberwolves,Away Win (92-91),91-92,Four 12-minute quarters / 48 min,No,Target Center,"Minneapolis, MN",14223,LA Clippers team victory,"LA Clippers defeated Minnesota Timberwolves 92-91 in Regular Season at Target Center (Minneapolis, MN).",SportsDataVerse hoopR / ESPN NBA Hidden API
509,270110025,2006-2007,2006,Regular Season,Regular Season,2007-01-10,Wednesday,00:00,Miami Heat,Seattle SuperSonics,Seattle SuperSonics,Miami Heat,103,107,210,4,Miami Heat,Seattle SuperSonics,Away Win (107-103),103-107,Four 12-minute quarters / 48 min,No,KeyArena,"Seattle, WA",15676,Miami Heat team victory,"Miami Heat defeated Seattle SuperSonics 107-103 in Regular Season at KeyArena (Seattle, WA).",SportsDataVerse hoopR / ESPN NBA Hidden API
510,270110027,2006-2007,2006,Regular Season,Regular Season,2007-01-10,Wednesday,00:00,Chicago Bulls,Washington Wizards,Washington Wizards,Chicago Bulls,113,103,216,10,Washington Wizards,Chicago Bulls,Home Win (113-103),113-103,Four 12-minute quarters / 48 min,No,Capital One Arena,"Washington, DC",20173,Washington Wizards team victory,"Washington Wizards defeated Chicago Bulls 113-103 in Regular Season at Capital One Arena (Washington, DC).",SportsDataVerse hoopR / ESPN NBA Hidden API
511,270110002,2006-2007,2006,Regular Season,Regular Season,2007-01-10,Wednesday,00:30,Indiana Pacers,Boston Celtics,Boston Celtics,Indiana Pacers,84,97,181,13,Indiana Pacers,Boston Celtics,Away Win (97-84),84-97,Four 12-minute quarters / 48 min,No,TD Garden,"Boston, MA",17153,Indiana Pacers team victory,"Indiana Pacers defeated Boston Celtics 97-84 in Regular Season at TD Garden (Boston, MA).",SportsDataVerse hoopR / ESPN NBA Hidden API
512,270110006,2006-2007,2006,Regular Season,Regular Season,2007-01-10,Wednesday,00:30,Portland Trail Blazers,Dallas Mavericks,Dallas Mavericks,Portland Trail Blazers,99,74,173,25,Dallas Mavericks,Portland Trail Blazers,Home Win (99-74),99-74,Four 12-minute quarters / 48 min,No,American Airlines Center,"Dallas, TX",20256,Dallas Mavericks team victory,"Dallas Mavericks defeated Portland Trail Blazers 99-74 in Regular Season at American Airlines Center (Dallas, TX).",SportsDataVerse hoopR / ESPN NBA Hidden API
513,270110008,2006-2007,2006,Regular Season,Regular Season,2007-01-10,Wednesday,00:30,Charlotte Bobcats,Detroit Pistons,Detroit Pistons,Charlotte Bobcats,96,103,199,7,Charlotte Bobcats,Detroit Pistons,Away Win (103-96),96-103,Four 12-minute quarters / 48 min,No,The Palace of Auburn Hills,"Detroit, MI",22076,Charlotte Bobcats team victory,"Charlotte Bobcats defeated Detroit Pistons 103-96 in Regular Season at The Palace of Auburn Hills (Detroit, MI).",SportsDataVerse hoopR / ESPN NBA Hidden API
514,270110009,2006-2007,2006,Regular Season,Regular Season,2007-01-10,Wednesday,00:30,Orlando Magic,Golden State Warriors,Golden State Warriors,Orlando Magic,76,91,167,15,Orlando Magic,Golden State Warriors,Away Win (91-76),76-91,Four 12-minute quarters / 48 min,No,ORACLE Arena,"Oakland, CA",16877,Orlando Magic team victory,"Orlando Magic defeated Golden State Warriors 91-76 in Regular Season at ORACLE Arena (Oakland, CA).",SportsDataVerse hoopR / ESPN NBA Hidden API
515,270110010,2006-2007,2006,Regular Season,Regular Season,2007-01-10,Wednesday,00:30,Los Angeles Lakers,Houston Rockets,Houston Rockets,Los Angeles Lakers,102,77,179,25,Houston Rockets,Los Angeles Lakers,Home Win (102-77),102-77,Four 12-minute quarters / 48 min,No,Toyota Center (Houston),"Houston, TX",18331,Houston Rockets team victory,"Houston Rockets defeated Los Angeles Lakers 102-77 in Regular Season at Toyota Center (Houston) (Houston, TX).",SportsDataVerse hoopR / ESPN NBA Hidden API
516,270110018,2006-2007,2006,Regular Season,Regular Season,2007-01-10,Wednesday,00:30,Philadelphia 76ers,New York Knicks,New York Knicks,Philadelphia 76ers,106,99,205,7,New York Knicks,Philadelphia 76ers,Home Win (106-99),106-99,Four 12-minute quarters / 48 min,No,Madison Square Garden,"New York, NY",18931,New York Knicks team victory,"New York Knicks defeated Philadelphia 76ers 106-99 in Regular Season at Madison Square Garden (New York, NY).",SportsDataVerse hoopR / ESPN NBA Hidden API
517,270111004,2006-2007,2006,Regular Season,Regular Season,2007-01-11,Thursday,00:00,New Jersey Nets,Chicago Bulls,Chicago Bulls,New Jersey Nets,83,86,169,3,New Jersey Nets,Chicago Bulls,Away Win (86-83),83-86,Four 12-minute quarters / 48 min,No,United Center,"Chicago, IL",21931,New Jersey Nets team victory,"New Jersey Nets defeated Chicago Bulls 86-83 in Regular Season at United Center (Chicago, IL).",SportsDataVerse hoopR / ESPN NBA Hidden API
518,270111021,2006-2007,2006,Regular Season,Regular Season,2007-01-11,Thursday,01:30,Cleveland Cavaliers,Phoenix Suns,Phoenix Suns,Cleveland Cavaliers,109,90,199,19,Phoenix Suns,Cleveland Cavaliers,Home Win (109-90),109-90,Four 12-minute quarters / 48 min,No,Footprint Center,"Phoenix, AZ",18422,Phoenix Suns team victory,"Phoenix Suns defeated Cleveland Cavaliers 109-90 in Regular Season at Footprint Center (Phoenix, AZ).",SportsDataVerse hoopR / ESPN NBA Hidden API
519,270112003,2006-2007,2006,Regular Season,Regular Season,2007-01-12,Friday,00:00,Washington Wizards,NO/Oklahoma City Hornets,NO/Oklahoma City Hornets,Washington Wizards,104,97,201,7,NO/Oklahoma City Hornets,Washington Wizards,Home Win (104-97),104-97,Four 12-minute quarters / 48 min,No,Paycom Center,"Oklahoma City, OK",16899,NO/Oklahoma City Hornets team victory,"NO/Oklahoma City Hornets defeated Washington Wizards 104-97 in Regular Season at Paycom Center (Oklahoma City, OK).",SportsDataVerse hoopR / ESPN NBA Hidden API
520,270112011,2006-2007,2006,Regular Season,Regular Season,2007-01-12,Friday,00:00,Dallas Mavericks,Indiana Pacers,Indiana Pacers,Dallas Mavericks,113,115,228,2,Dallas Mavericks,Indiana Pacers,Away Win (115-113),113-115,Four 12-minute quarters / 48 min,Yes,Gainbridge Fieldhouse,"Indianapolis, IN",15934,Dallas Mavericks team victory (OT),"Dallas Mavericks edged Indiana Pacers 115-113 in overtime at Gainbridge Fieldhouse (Indianapolis, IN).",SportsDataVerse hoopR / ESPN NBA Hidden API
521,270112020,2006-2007,2006,Regular Season,Regular Season,2007-01-12,Friday,00:00,Milwaukee Bucks,Philadelphia 76ers,Philadelphia 76ers,Milwaukee Bucks,110,97,207,13,Philadelphia 76ers,Milwaukee Bucks,Home Win (110-97),110-97,Four 12-minute quarters / 48 min,No,Wells Fargo Center,"Philadelphia, PA",14261,Philadelphia 76ers team victory,"Philadelphia 76ers defeated Milwaukee Bucks 110-97 in Regular Season at Wells Fargo Center (Philadelphia, PA).",SportsDataVerse hoopR / ESPN NBA Hidden API
522,270112022,2006-2007,2006,Regular Season,Regular Season,2007-01-12,Friday,00:00,Sacramento Kings,Portland Trail Blazers,Portland Trail Blazers,Sacramento Kings,95,87,182,8,Portland Trail Blazers,Sacramento Kings,Home Win (95-87),95-87,Four 12-minute quarters / 48 min,No,Moda Center,"Portland, OR",14762,Portland Trail Blazers team victory,"Portland Trail Blazers defeated Sacramento Kings 95-87 in Regular Season at Moda Center (Portland, OR).",SportsDataVerse hoopR / ESPN NBA Hidden API
523,270112029,2006-2007,2006,Regular Season,Regular Season,2007-01-12,Friday,00:00,Minnesota Timberwolves,Memphis Grizzlies,Memphis Grizzlies,Minnesota Timberwolves,110,116,226,6,Minnesota Timberwolves,Memphis Grizzlies,Away Win (116-110),110-116,Four 12-minute quarters / 48 min,No,FedExForum,"Memphis, TN",16119,Minnesota Timberwolves team victory,"Minnesota Timberwolves defeated Memphis Grizzlies 116-110 in Regular Season at FedExForum (Memphis, TN).",SportsDataVerse hoopR / ESPN NBA Hidden API
524,270112001,2006-2007,2006,Regular Season,Regular Season,2007-01-12,Friday,00:30,Detroit Pistons,Atlanta Hawks,Atlanta Hawks,Detroit Pistons,99,93,192,6,Atlanta Hawks,Detroit Pistons,Home Win (99-93),99-93,Four 12-minute quarters / 48 min,No,State Farm Arena,"Atlanta, GA",15449,Atlanta Hawks team victory,"Atlanta Hawks defeated Detroit Pistons 99-93 in Regular Season at State Farm Arena (Atlanta, GA).",SportsDataVerse hoopR / ESPN NBA Hidden API
525,270112002,2006-2007,2006,Regular Season,Regular Season,2007-01-12,Friday,00:30,Toronto Raptors,Boston Celtics,Boston Celtics,Toronto Raptors,86,95,181,9,Toronto Raptors,Boston Celtics,Away Win (95-86),86-95,Four 12-minute quarters / 48 min,No,TD Garden,"Boston, MA",17191,Toronto Raptors team victory,"Toronto Raptors defeated Boston Celtics 95-86 in Regular Season at TD Garden (Boston, MA).",SportsDataVerse hoopR / ESPN NBA Hidden API
526,270112009,2006-2007,2006,Regular Season,Regular Season,2007-01-12,Friday,00:30,Miami Heat,Golden State Warriors,Golden State Warriors,Miami Heat,96,118,214,22,Miami Heat,Golden State Warriors,Away Win (118-96),96-118,Four 12-minute quarters / 48 min,No,ORACLE Arena,"Oakland, CA",18845,Miami Heat team victory,"Miami Heat defeated Golden State Warriors 118-96 in Regular Season at ORACLE Arena (Oakland, CA).",SportsDataVerse hoopR / ESPN NBA Hidden API
527,270112013,2006-2007,2006,Regular Season,Regular Season,2007-01-12,Friday,00:30,Orlando Magic,Los Angeles Lakers,Los Angeles Lakers,Orlando Magic,109,106,215,3,Los Angeles Lakers,Orlando Magic,Home Win (109-106),109-106,Four 12-minute quarters / 48 min,No,crypto.com Arena,"Los Angeles, CA",18997,Los Angeles Lakers team victory,"Los Angeles Lakers defeated Orlando Magic 109-106 in Regular Season at crypto.com Arena (Los Angeles, CA).",SportsDataVerse hoopR / ESPN NBA Hidden API
528,270112018,2006-2007,2006,Regular Season,Regular Season,2007-01-12,Friday,00:30,Charlotte Bobcats,New York Knicks,New York Knicks,Charlotte Bobcats,110,126,236,16,Charlotte Bobcats,New York Knicks,Away Win (126-110),110-126,Four 12-minute quarters / 48 min,No,Madison Square Garden,"New York, NY",19171,Charlotte Bobcats team victory,"Charlotte Bobcats defeated New York Knicks 126-110 in Regular Season at Madison Square Garden (New York, NY).",SportsDataVerse hoopR / ESPN NBA Hidden API
529,270112025,2006-2007,2006,Regular Season,Regular Season,2007-01-12,Friday,00:30,Utah Jazz,Seattle SuperSonics,Seattle SuperSonics,Utah Jazz,122,114,236,8,Seattle SuperSonics,Utah Jazz,Home Win (122-114),122-114,Four 12-minute quarters / 48 min,Yes,KeyArena,"Seattle, WA",15391,Seattle SuperSonics team victory (OT),"Seattle SuperSonics edged Utah Jazz 122-114 in overtime at KeyArena (Seattle, WA).",SportsDataVerse hoopR / ESPN NBA Hidden API
530,270112007,2006-2007,2006,Regular Season,Regular Season,2007-01-12,Friday,01:30,Houston Rockets,Denver Nuggets,Denver Nuggets,Houston Rockets,86,90,176,4,Houston Rockets,Denver Nuggets,Away Win (90-86),86-90,Four 12-minute quarters / 48 min,No,Ball Arena,"Denver, CO",17333,Houston Rockets team victory,"Houston Rockets defeated Denver Nuggets 90-86 in Regular Season at Ball Arena (Denver, CO).",SportsDataVerse hoopR / ESPN NBA Hidden API
531,270113016,2006-2007,2006,Regular Season,Regular Season,2007-01-13,Saturday,00:00,New Jersey Nets,Minnesota Timberwolves,Minnesota Timberwolves,New Jersey Nets,109,98,207,11,Minnesota Timberwolves,New Jersey Nets,Home Win (109-98),109-98,Four 12-minute quarters / 48 min,No,Target Center,"Minneapolis, MN",16220,Minnesota Timberwolves team victory,"Minnesota Timberwolves defeated New Jersey Nets 109-98 in Regular Season at Target Center (Minneapolis, MN).",SportsDataVerse hoopR / ESPN NBA Hidden API
532,270113021,2006-2007,2006,Regular Season,Regular Season,2007-01-13,Saturday,00:00,Orlando Magic,Phoenix Suns,Phoenix Suns,Orlando Magic,107,101,208,6,Phoenix Suns,Orlando Magic,Home Win (107-101),107-101,Four 12-minute quarters / 48 min,No,Footprint Center,"Phoenix, AZ",18422,Phoenix Suns team victory,"Phoenix Suns defeated Orlando Magic 107-101 in Regular Season at Footprint Center (Phoenix, AZ).",SportsDataVerse hoopR / ESPN NBA Hidden API
533,270113023,2006-2007,2006,Regular Season,Regular Season,2007-01-13,Saturday,00:00,Houston Rockets,Sacramento Kings,Sacramento Kings,Houston Rockets,111,115,226,4,Houston Rockets,Sacramento Kings,Away Win (115-111),111-115,Four 12-minute quarters / 48 min,Yes,Sleep Train Arena,"Sacramento, CA",17317,Houston Rockets team victory (OT),"Houston Rockets edged Sacramento Kings 115-111 in overtime at Sleep Train Arena (Sacramento, CA).",SportsDataVerse hoopR / ESPN NBA Hidden API
534,270113024,2006-2007,2006,Regular Season,Regular Season,2007-01-13,Saturday,00:00,Washington Wizards,San Antonio Spurs,San Antonio Spurs,Washington Wizards,93,80,173,13,San Antonio Spurs,Washington Wizards,Home Win (93-80),93-80,Four 12-minute quarters / 48 min,No,AT&T Center,"San Antonio, TX",18797,San Antonio Spurs team victory,"San Antonio Spurs defeated Washington Wizards 93-80 in Regular Season at AT&T Center (San Antonio, TX).",SportsDataVerse hoopR / ESPN NBA Hidden API
535,270113026,2006-2007,2006,Regular Season,Regular Season,2007-01-13,Saturday,00:00,Miami Heat,Utah Jazz,Utah Jazz,Miami Heat,110,119,229,9,Miami Heat,Utah Jazz,Away Win (119-110),110-119,Four 12-minute quarters / 48 min,No,Vivint Arena,"Salt Lake City, UT",19911,Miami Heat team victory,"Miami Heat defeated Utah Jazz 119-110 in Regular Season at Vivint Arena (Salt Lake City, UT).",SportsDataVerse hoopR / ESPN NBA Hidden API
536,270113030,2006-2007,2006,Regular Season,Regular Season,2007-01-13,Saturday,00:00,Philadelphia 76ers,Charlotte Bobcats,Charlotte Bobcats,Philadelphia 76ers,89,83,172,6,Charlotte Bobcats,Philadelphia 76ers,Home Win (89-83),89-83,Four 12-minute quarters / 48 min,No,Spectrum Center,"Charlotte, NC",15081,Charlotte Bobcats team victory,"Charlotte Bobcats defeated Philadelphia 76ers 89-83 in Regular Season at Spectrum Center (Charlotte, NC).",SportsDataVerse hoopR / ESPN NBA Hidden API
537,270113004,2006-2007,2006,Regular Season,Regular Season,2007-01-13,Saturday,00:30,Memphis Grizzlies,Chicago Bulls,Chicago Bulls,Memphis Grizzlies,111,66,177,45,Chicago Bulls,Memphis Grizzlies,Home Win (111-66),111-66,Four 12-minute quarters / 48 min,No,United Center,"Chicago, IL",22104,Chicago Bulls team victory,"Chicago Bulls defeated Memphis Grizzlies 111-66 in Regular Season at United Center (Chicago, IL).",SportsDataVerse hoopR / ESPN NBA Hidden API
538,270113008,2006-2007,2006,Regular Season,Regular Season,2007-01-13,Saturday,00:30,Boston Celtics,Detroit Pistons,Detroit Pistons,Boston Celtics,81,73,154,8,Detroit Pistons,Boston Celtics,Home Win (81-73),81-73,Four 12-minute quarters / 48 min,No,The Palace of Auburn Hills,"Detroit, MI",22076,Detroit Pistons team victory,"Detroit Pistons defeated Boston Celtics 81-73 in Regular Season at The Palace of Auburn Hills (Detroit, MI).",SportsDataVerse hoopR / ESPN NBA Hidden API
539,270113012,2006-2007,2006,Regular Season,Regular Season,2007-01-13,Saturday,00:30,Cleveland Cavaliers,LA Clippers,LA Clippers,Cleveland Cavaliers,92,104,196,12,Cleveland Cavaliers,LA Clippers,Away Win (104-92),92-104,Four 12-minute quarters / 48 min,No,crypto.com Arena,"Los Angeles, CA",20027,Cleveland Cavaliers team victory,"Cleveland Cavaliers defeated LA Clippers 104-92 in Regular Season at crypto.com Arena (Los Angeles, CA).",SportsDataVerse hoopR / ESPN NBA Hidden API
540,270114028,2006-2007,2006,Regular Season,Regular Season,2007-01-14,Sunday,18:00,Dallas Mavericks,Toronto Raptors,Toronto Raptors,Dallas Mavericks,96,97,193,1,Dallas Mavericks,Toronto Raptors,Away Win (97-96),96-97,Four 12-minute quarters / 48 min,No,Scotiabank Arena,"Toronto, ON",19800,Dallas Mavericks team victory,"Dallas Mavericks defeated Toronto Raptors 97-96 in Regular Season at Scotiabank Arena (Toronto, ON).",SportsDataVerse hoopR / ESPN NBA Hidden API
541,270114022,2006-2007,2006,Regular Season,Regular Season,2007-01-14,Sunday,23:00,Denver Nuggets,Portland Trail Blazers,Portland Trail Blazers,Denver Nuggets,93,109,202,16,Denver Nuggets,Portland Trail Blazers,Away Win (109-93),93-109,Four 12-minute quarters / 48 min,No,Moda Center,"Portland, OR",16890,Denver Nuggets team victory,"Denver Nuggets defeated Portland Trail Blazers 109-93 in Regular Season at Moda Center (Portland, OR).",SportsDataVerse hoopR / ESPN NBA Hidden API
542,270115004,2006-2007,2006,Regular Season,Regular Season,2007-01-15,Monday,18:00,San Antonio Spurs,Chicago Bulls,Chicago Bulls,San Antonio Spurs,99,87,186,12,Chicago Bulls,San Antonio Spurs,Home Win (99-87),99-87,Four 12-minute quarters / 48 min,No,United Center,"Chicago, IL",22218,Chicago Bulls team victory,"Chicago Bulls defeated San Antonio Spurs 99-87 in Regular Season at United Center (Chicago, IL).",SportsDataVerse hoopR / ESPN NBA Hidden API
543,270115009,2006-2007,2006,Regular Season,Regular Season,2007-01-15,Monday,18:00,LA Clippers,Golden State Warriors,Golden State Warriors,LA Clippers,108,93,201,15,Golden State Warriors,LA Clippers,Home Win (108-93),108-93,Four 12-minute quarters / 48 min,No,ORACLE Arena,"Oakland, CA",18371,Golden State Warriors team victory,"Golden State Warriors defeated LA Clippers 108-93 in Regular Season at ORACLE Arena (Oakland, CA).",SportsDataVerse hoopR / ESPN NBA Hidden API
544,270115018,2006-2007,2006,Regular Season,Regular Season,2007-01-15,Monday,18:00,Sacramento Kings,New York Knicks,New York Knicks,Sacramento Kings,102,97,199,5,New York Knicks,Sacramento Kings,Home Win (102-97),102-97,Four 12-minute quarters / 48 min,No,Madison Square Garden,"New York, NY",19207,New York Knicks team victory,"New York Knicks defeated Sacramento Kings 102-97 in Regular Season at Madison Square Garden (New York, NY).",SportsDataVerse hoopR / ESPN NBA Hidden API
545,270115027,2006-2007,2006,Regular Season,Regular Season,2007-01-15,Monday,18:00,Utah Jazz,Washington Wizards,Washington Wizards,Utah Jazz,114,111,225,3,Washington Wizards,Utah Jazz,Home Win (114-111),114-111,Four 12-minute quarters / 48 min,No,Capital One Arena,"Washington, DC",15524,Washington Wizards team victory,"Washington Wizards defeated Utah Jazz 114-111 in Regular Season at Capital One Arena (Washington, DC).",SportsDataVerse hoopR / ESPN NBA Hidden API
546,270115030,2006-2007,2006,Regular Season,Regular Season,2007-01-15,Monday,18:00,Milwaukee Bucks,Charlotte Bobcats,Charlotte Bobcats,Milwaukee Bucks,91,99,190,8,Milwaukee Bucks,Charlotte Bobcats,Away Win (99-91),91-99,Four 12-minute quarters / 48 min,No,Spectrum Center,"Charlotte, NC",14360,Milwaukee Bucks team victory,"Milwaukee Bucks defeated Charlotte Bobcats 99-91 in Regular Season at Spectrum Center (Charlotte, NC).",SportsDataVerse hoopR / ESPN NBA Hidden API
547,270115001,2006-2007,2006,Regular Season,Regular Season,2007-01-15,Monday,19:00,Boston Celtics,Atlanta Hawks,Atlanta Hawks,Boston Celtics,100,96,196,4,Atlanta Hawks,Boston Celtics,Home Win (100-96),100-96,Four 12-minute quarters / 48 min,No,State Farm Arena,"Atlanta, GA",15234,Atlanta Hawks team victory,"Atlanta Hawks defeated Boston Celtics 100-96 in Regular Season at State Farm Arena (Atlanta, GA).",SportsDataVerse hoopR / ESPN NBA Hidden API
548,270115020,2006-2007,2006,Regular Season,Regular Season,2007-01-15,Monday,19:00,Toronto Raptors,Philadelphia 76ers,Philadelphia 76ers,Toronto Raptors,86,104,190,18,Toronto Raptors,Philadelphia 76ers,Away Win (104-86),86-104,Four 12-minute quarters / 48 min,No,Wells Fargo Center,"Philadelphia, PA",12380,Toronto Raptors team victory,"Toronto Raptors defeated Philadelphia 76ers 104-86 in Regular Season at Wells Fargo Center (Philadelphia, PA).",SportsDataVerse hoopR / ESPN NBA Hidden API
549,270115008,2006-2007,2006,Regular Season,Regular Season,2007-01-15,Monday,20:30,Minnesota Timberwolves,Detroit Pistons,Detroit Pistons,Minnesota Timberwolves,90,94,184,4,Minnesota Timberwolves,Detroit Pistons,Away Win (94-90),90-94,Four 12-minute quarters / 48 min,Yes,The Palace of Auburn Hills,"Detroit, MI",22076,Minnesota Timberwolves team victory (OT),"Minnesota Timberwolves edged Detroit Pistons 94-90 in overtime at The Palace of Auburn Hills (Detroit, MI).",SportsDataVerse hoopR / ESPN NBA Hidden API
550,270115017,2006-2007,2006,Regular Season,Regular Season,2007-01-15,Monday,20:30,Indiana Pacers,New Jersey Nets,New Jersey Nets,Indiana Pacers,105,95,200,10,New Jersey Nets,Indiana Pacers,Home Win (105-95),105-95,Four 12-minute quarters / 48 min,No,IZOD Center,"East Rutherford, NJ",17916,New Jersey Nets team victory,"New Jersey Nets defeated Indiana Pacers 105-95 in Regular Season at IZOD Center (East Rutherford, NJ).",SportsDataVerse hoopR / ESPN NBA Hidden API
551,270115029,2006-2007,2006,Regular Season,Regular Season,2007-01-15,Monday,23:30,Phoenix Suns,Memphis Grizzlies,Memphis Grizzlies,Phoenix Suns,122,137,259,15,Phoenix Suns,Memphis Grizzlies,Away Win (137-122),122-137,Four 12-minute quarters / 48 min,No,FedExForum,"Memphis, TN",18119,Phoenix Suns team victory,"Phoenix Suns defeated Memphis Grizzlies 137-122 in Regular Season at FedExForum (Memphis, TN).",SportsDataVerse hoopR / ESPN NBA Hidden API
552,270115013,2006-2007,2006,Regular Season,Regular Season,2007-01-15,Monday,00:00,Miami Heat,Los Angeles Lakers,Los Angeles Lakers,Miami Heat,124,118,242,6,Los Angeles Lakers,Miami Heat,Home Win (124-118),124-118,Four 12-minute quarters / 48 min,Yes,crypto.com Arena,"Los Angeles, CA",18997,Los Angeles Lakers team victory (OT),"Los Angeles Lakers edged Miami Heat 124-118 in overtime at crypto.com Arena (Los Angeles, CA).",SportsDataVerse hoopR / ESPN NBA Hidden API
553,270116003,2006-2007,2006,Regular Season,Regular Season,2007-01-16,Tuesday,00:00,Orlando Magic,NO/Oklahoma City Hornets,NO/Oklahoma City Hornets,Orlando Magic,84,78,162,6,NO/Oklahoma City Hornets,Orlando Magic,Home Win (84-78),84-78,Four 12-minute quarters / 48 min,Yes,Paycom Center,"Oklahoma City, OK",17610,NO/Oklahoma City Hornets team victory (OT),"NO/Oklahoma City Hornets edged Orlando Magic 84-78 in overtime at Paycom Center (Oklahoma City, OK).",SportsDataVerse hoopR / ESPN NBA Hidden API
554,270116025,2006-2007,2006,Regular Season,Regular Season,2007-01-16,Tuesday,00:00,Cleveland Cavaliers,Seattle SuperSonics,Seattle SuperSonics,Cleveland Cavaliers,101,96,197,5,Seattle SuperSonics,Cleveland Cavaliers,Home Win (101-96),101-96,Four 12-minute quarters / 48 min,No,KeyArena,"Seattle, WA",15619,Seattle SuperSonics team victory,"Seattle SuperSonics defeated Cleveland Cavaliers 101-96 in Regular Season at KeyArena (Seattle, WA).",SportsDataVerse hoopR / ESPN NBA Hidden API
555,270116006,2006-2007,2006,Regular Season,Regular Season,2007-01-16,Tuesday,00:30,Houston Rockets,Dallas Mavericks,Dallas Mavericks,Houston Rockets,109,96,205,13,Dallas Mavericks,Houston Rockets,Home Win (109-96),109-96,Four 12-minute quarters / 48 min,No,American Airlines Center,"Dallas, TX",20332,Dallas Mavericks team victory,"Dallas Mavericks defeated Houston Rockets 109-96 in Regular Season at American Airlines Center (Dallas, TX).",SportsDataVerse hoopR / ESPN NBA Hidden API
556,270117015,2006-2007,2006,Regular Season,Regular Season,2007-01-17,Wednesday,00:00,Chicago Bulls,Milwaukee Bucks,Milwaukee Bucks,Chicago Bulls,90,99,189,9,Chicago Bulls,Milwaukee Bucks,Away Win (99-90),90-99,Four 12-minute quarters / 48 min,No,BMO Harris Bradley Center,"Milwaukee, WI",14386,Chicago Bulls team victory,"Chicago Bulls defeated Milwaukee Bucks 99-90 in Regular Season at BMO Harris Bradley Center (Milwaukee, WI).",SportsDataVerse hoopR / ESPN NBA Hidden API
557,270117016,2006-2007,2006,Regular Season,Regular Season,2007-01-17,Wednesday,00:00,Atlanta Hawks,Minnesota Timberwolves,Minnesota Timberwolves,Atlanta Hawks,88,105,193,17,Atlanta Hawks,Minnesota Timberwolves,Away Win (105-88),88-105,Four 12-minute quarters / 48 min,No,Target Center,"Minneapolis, MN",11866,Atlanta Hawks team victory,"Atlanta Hawks defeated Minnesota Timberwolves 105-88 in Regular Season at Target Center (Minneapolis, MN).",SportsDataVerse hoopR / ESPN NBA Hidden API
558,270117022,2006-2007,2006,Regular Season,Regular Season,2007-01-17,Wednesday,00:00,Cleveland Cavaliers,Portland Trail Blazers,Portland Trail Blazers,Cleveland Cavaliers,94,76,170,18,Portland Trail Blazers,Cleveland Cavaliers,Home Win (94-76),94-76,Four 12-minute quarters / 48 min,No,Moda Center,"Portland, OR",19228,Portland Trail Blazers team victory,"Portland Trail Blazers defeated Cleveland Cavaliers 94-76 in Regular Season at Moda Center (Portland, OR).",SportsDataVerse hoopR / ESPN NBA Hidden API
559,270117027,2006-2007,2006,Regular Season,Regular Season,2007-01-17,Wednesday,00:00,New York Knicks,Washington Wizards,Washington Wizards,New York Knicks,99,98,197,1,Washington Wizards,New York Knicks,Home Win (99-98),99-98,Four 12-minute quarters / 48 min,No,Capital One Arena,"Washington, DC",16503,Washington Wizards team victory,"Washington Wizards defeated New York Knicks 99-98 in Regular Season at Capital One Arena (Washington, DC).",SportsDataVerse hoopR / ESPN NBA Hidden API
560,270117028,2006-2007,2006,Regular Season,Regular Season,2007-01-17,Wednesday,00:00,Sacramento Kings,Toronto Raptors,Toronto Raptors,Sacramento Kings,101,85,186,16,Toronto Raptors,Sacramento Kings,Home Win (101-85),101-85,Four 12-minute quarters / 48 min,No,Scotiabank Arena,"Toronto, ON",15175,Toronto Raptors team victory,"Toronto Raptors defeated Sacramento Kings 101-85 in Regular Season at Scotiabank Arena (Toronto, ON).",SportsDataVerse hoopR / ESPN NBA Hidden API
561,270117029,2006-2007,2006,Regular Season,Regular Season,2007-01-17,Wednesday,00:00,Philadelphia 76ers,Memphis Grizzlies,Memphis Grizzlies,Philadelphia 76ers,118,102,220,16,Memphis Grizzlies,Philadelphia 76ers,Home Win (118-102),118-102,Four 12-minute quarters / 48 min,No,FedExForum,"Memphis, TN",14681,Memphis Grizzlies team victory,"Memphis Grizzlies defeated Philadelphia 76ers 118-102 in Regular Season at FedExForum (Memphis, TN).",SportsDataVerse hoopR / ESPN NBA Hidden API
562,270117030,2006-2007,2006,Regular Season,Regular Season,2007-01-17,Wednesday,00:00,New Jersey Nets,Charlotte Bobcats,Charlotte Bobcats,New Jersey Nets,85,92,177,7,New Jersey Nets,Charlotte Bobcats,Away Win (92-85),85-92,Four 12-minute quarters / 48 min,No,Spectrum Center,"Charlotte, NC",13077,New Jersey Nets team victory,"New Jersey Nets defeated Charlotte Bobcats 92-85 in Regular Season at Spectrum Center (Charlotte, NC).",SportsDataVerse hoopR / ESPN NBA Hidden API
563,270117008,2006-2007,2006,Regular Season,Regular Season,2007-01-17,Wednesday,00:30,Utah Jazz,Detroit Pistons,Detroit Pistons,Utah Jazz,99,100,199,1,Utah Jazz,Detroit Pistons,Away Win (100-99),99-100,Four 12-minute quarters / 48 min,No,The Palace of Auburn Hills,"Detroit, MI",22076,Utah Jazz team victory,"Utah Jazz defeated Detroit Pistons 100-99 in Regular Season at The Palace of Auburn Hills (Detroit, MI).",SportsDataVerse hoopR / ESPN NBA Hidden API
564,270117010,2006-2007,2006,Regular Season,Regular Season,2007-01-17,Wednesday,00:30,Phoenix Suns,Houston Rockets,Houston Rockets,Phoenix Suns,91,100,191,9,Phoenix Suns,Houston Rockets,Away Win (100-91),91-100,Four 12-minute quarters / 48 min,No,Toyota Center (Houston),"Houston, TX",18244,Phoenix Suns team victory,"Phoenix Suns defeated Houston Rockets 100-91 in Regular Season at Toyota Center (Houston) (Houston, TX).",SportsDataVerse hoopR / ESPN NBA Hidden API
565,270117012,2006-2007,2006,Regular Season,Regular Season,2007-01-17,Wednesday,00:30,Golden State Warriors,LA Clippers,LA Clippers,Golden State Warriors,115,109,224,6,LA Clippers,Golden State Warriors,Home Win (115-109),115-109,Four 12-minute quarters / 48 min,No,crypto.com Arena,"Los Angeles, CA",17385,LA Clippers team victory,"LA Clippers defeated Golden State Warriors 115-109 in Regular Season at crypto.com Arena (Los Angeles, CA).",SportsDataVerse hoopR / ESPN NBA Hidden API
566,270117024,2006-2007,2006,Regular Season,Regular Season,2007-01-17,Wednesday,01:00,Los Angeles Lakers,San Antonio Spurs,San Antonio Spurs,Los Angeles Lakers,96,100,196,4,Los Angeles Lakers,San Antonio Spurs,Away Win (100-96),96-100,Four 12-minute quarters / 48 min,No,AT&T Center,"San Antonio, TX",18797,Los Angeles Lakers team victory,"Los Angeles Lakers defeated San Antonio Spurs 100-96 in Regular Season at AT&T Center (San Antonio, TX).",SportsDataVerse hoopR / ESPN NBA Hidden API
567,270118014,2006-2007,2006,Regular Season,Regular Season,2007-01-18,Thursday,00:00,Indiana Pacers,Miami Heat,Miami Heat,Indiana Pacers,104,101,205,3,Miami Heat,Indiana Pacers,Home Win (104-101),104-101,Four 12-minute quarters / 48 min,No,Kaseya Center,"Miami, FL",19600,Miami Heat team victory,"Miami Heat defeated Indiana Pacers 104-101 in Regular Season at Kaseya Center (Miami, FL).",SportsDataVerse hoopR / ESPN NBA Hidden API
568,270118006,2006-2007,2006,Regular Season,Regular Season,2007-01-18,Thursday,01:30,Los Angeles Lakers,Dallas Mavericks,Dallas Mavericks,Los Angeles Lakers,114,95,209,19,Dallas Mavericks,Los Angeles Lakers,Home Win (114-95),114-95,Four 12-minute quarters / 48 min,No,American Airlines Center,"Dallas, TX",20446,Dallas Mavericks team victory,"Dallas Mavericks defeated Los Angeles Lakers 114-95 in Regular Season at American Airlines Center (Dallas, TX).",SportsDataVerse hoopR / ESPN NBA Hidden API
569,270119016,2006-2007,2006,Regular Season,Regular Season,2007-01-19,Friday,00:00,Detroit Pistons,Minnesota Timberwolves,Minnesota Timberwolves,Detroit Pistons,98,104,202,6,Detroit Pistons,Minnesota Timberwolves,Away Win (104-98),98-104,Four 12-minute quarters / 48 min,Yes,Target Center,"Minneapolis, MN",20119,Detroit Pistons team victory (OT),"Detroit Pistons edged Minnesota Timberwolves 104-98 in overtime at Target Center (Minneapolis, MN).",SportsDataVerse hoopR / ESPN NBA Hidden API
570,270119019,2006-2007,2006,Regular Season,Regular Season,2007-01-19,Friday,00:00,Washington Wizards,Orlando Magic,Orlando Magic,Washington Wizards,93,114,207,21,Washington Wizards,Orlando Magic,Away Win (114-93),93-114,Four 12-minute quarters / 48 min,No,Amway Arena,"Orlando, FL",17451,Washington Wizards team victory,"Washington Wizards defeated Orlando Magic 114-93 in Regular Season at Amway Arena (Orlando, FL).",SportsDataVerse hoopR / ESPN NBA Hidden API
571,270119020,2006-2007,2006,Regular Season,Regular Season,2007-01-19,Friday,00:00,Miami Heat,Philadelphia 76ers,Philadelphia 76ers,Miami Heat,98,95,193,3,Philadelphia 76ers,Miami Heat,Home Win (98-95),98-95,Four 12-minute quarters / 48 min,Yes,Wells Fargo Center,"Philadelphia, PA",17569,Philadelphia 76ers team victory (OT),"Philadelphia 76ers edged Miami Heat 98-95 in overtime at Wells Fargo Center (Philadelphia, PA).",SportsDataVerse hoopR / ESPN NBA Hidden API
572,270119021,2006-2007,2006,Regular Season,Regular Season,2007-01-19,Friday,00:00,Portland Trail Blazers,Phoenix Suns,Phoenix Suns,Portland Trail Blazers,106,101,207,5,Phoenix Suns,Portland Trail Blazers,Home Win (106-101),106-101,Four 12-minute quarters / 48 min,No,Footprint Center,"Phoenix, AZ",18422,Phoenix Suns team victory,"Phoenix Suns defeated Portland Trail Blazers 106-101 in Regular Season at Footprint Center (Phoenix, AZ).",SportsDataVerse hoopR / ESPN NBA Hidden API
573,270119024,2006-2007,2006,Regular Season,Regular Season,2007-01-19,Friday,00:00,NO/Oklahoma City Hornets,San Antonio Spurs,San Antonio Spurs,NO/Oklahoma City Hornets,99,86,185,13,San Antonio Spurs,NO/Oklahoma City Hornets,Home Win (99-86),99-86,Four 12-minute quarters / 48 min,No,AT&T Center,"San Antonio, TX",17153,San Antonio Spurs team victory,"San Antonio Spurs defeated NO/Oklahoma City Hornets 99-86 in Regular Season at AT&T Center (San Antonio, TX).",SportsDataVerse hoopR / ESPN NBA Hidden API
574,270119028,2006-2007,2006,Regular Season,Regular Season,2007-01-19,Friday,00:00,Utah Jazz,Toronto Raptors,Toronto Raptors,Utah Jazz,94,102,196,8,Utah Jazz,Toronto Raptors,Away Win (102-94),94-102,Four 12-minute quarters / 48 min,No,Scotiabank Arena,"Toronto, ON",17384,Utah Jazz team victory,"Utah Jazz defeated Toronto Raptors 102-94 in Regular Season at Scotiabank Arena (Toronto, ON).",SportsDataVerse hoopR / ESPN NBA Hidden API
575,270119001,2006-2007,2006,Regular Season,Regular Season,2007-01-19,Friday,00:30,Charlotte Bobcats,Atlanta Hawks,Atlanta Hawks,Charlotte Bobcats,75,96,171,21,Charlotte Bobcats,Atlanta Hawks,Away Win (96-75),75-96,Four 12-minute quarters / 48 min,No,State Farm Arena,"Atlanta, GA",10147,Charlotte Bobcats team victory,"Charlotte Bobcats defeated Atlanta Hawks 96-75 in Regular Season at State Farm Arena (Atlanta, GA).",SportsDataVerse hoopR / ESPN NBA Hidden API
576,270119002,2006-2007,2006,Regular Season,Regular Season,2007-01-19,Friday,00:30,Sacramento Kings,Boston Celtics,Boston Celtics,Sacramento Kings,91,96,187,5,Sacramento Kings,Boston Celtics,Away Win (96-91),91-96,Four 12-minute quarters / 48 min,No,TD Garden,"Boston, MA",16019,Sacramento Kings team victory,"Sacramento Kings defeated Boston Celtics 96-91 in Regular Season at TD Garden (Boston, MA).",SportsDataVerse hoopR / ESPN NBA Hidden API
577,270119018,2006-2007,2006,Regular Season,Regular Season,2007-01-19,Friday,00:30,New Jersey Nets,New York Knicks,New York Knicks,New Jersey Nets,100,101,201,1,New Jersey Nets,New York Knicks,Away Win (101-100),100-101,Four 12-minute quarters / 48 min,No,Madison Square Garden,"New York, NY",19763,New Jersey Nets team victory,"New Jersey Nets defeated New York Knicks 101-100 in Regular Season at Madison Square Garden (New York, NY).",SportsDataVerse hoopR / ESPN NBA Hidden API
578,270119025,2006-2007,2006,Regular Season,Regular Season,2007-01-19,Friday,00:30,Milwaukee Bucks,Seattle SuperSonics,Seattle SuperSonics,Milwaukee Bucks,99,72,171,27,Seattle SuperSonics,Milwaukee Bucks,Home Win (99-72),99-72,Four 12-minute quarters / 48 min,No,KeyArena,"Seattle, WA",16249,Seattle SuperSonics team victory,"Seattle SuperSonics defeated Milwaukee Bucks 99-72 in Regular Season at KeyArena (Seattle, WA).",SportsDataVerse hoopR / ESPN NBA Hidden API
579,270119007,2006-2007,2006,Regular Season,Regular Season,2007-01-19,Friday,01:30,Cleveland Cavaliers,Denver Nuggets,Denver Nuggets,Cleveland Cavaliers,110,99,209,11,Denver Nuggets,Cleveland Cavaliers,Home Win (110-99),110-99,Four 12-minute quarters / 48 min,No,Ball Arena,"Denver, CO",19155,Denver Nuggets team victory,"Denver Nuggets defeated Cleveland Cavaliers 110-99 in Regular Season at Ball Arena (Denver, CO).",SportsDataVerse hoopR / ESPN NBA Hidden API
580,270120012,2006-2007,2006,Regular Season,Regular Season,2007-01-20,Saturday,17:30,Memphis Grizzlies,LA Clippers,LA Clippers,Memphis Grizzlies,112,91,203,21,LA Clippers,Memphis Grizzlies,Home Win (112-91),112-91,Four 12-minute quarters / 48 min,No,crypto.com Arena,"Los Angeles, CA",17672,LA Clippers team victory,"LA Clippers defeated Memphis Grizzlies 112-91 in Regular Season at crypto.com Arena (Los Angeles, CA).",SportsDataVerse hoopR / ESPN NBA Hidden API
581,270120003,2006-2007,2006,Regular Season,Regular Season,2007-01-20,Saturday,00:00,Los Angeles Lakers,NO/Oklahoma City Hornets,NO/Oklahoma City Hornets,Los Angeles Lakers,113,103,216,10,NO/Oklahoma City Hornets,Los Angeles Lakers,Home Win (113-103),113-103,Four 12-minute quarters / 48 min,No,Paycom Center,"Oklahoma City, OK",19329,NO/Oklahoma City Hornets team victory,"NO/Oklahoma City Hornets defeated Los Angeles Lakers 113-103 in Regular Season at Paycom Center (Oklahoma City, OK).",SportsDataVerse hoopR / ESPN NBA Hidden API
582,270120011,2006-2007,2006,Regular Season,Regular Season,2007-01-20,Saturday,00:00,New York Knicks,Indiana Pacers,Indiana Pacers,New York Knicks,106,108,214,2,New York Knicks,Indiana Pacers,Away Win (108-106),106-108,Four 12-minute quarters / 48 min,No,Gainbridge Fieldhouse,"Indianapolis, IN",15368,New York Knicks team victory,"New York Knicks defeated Indiana Pacers 108-106 in Regular Season at Gainbridge Fieldhouse (Indianapolis, IN).",SportsDataVerse hoopR / ESPN NBA Hidden API
583,270120030,2006-2007,2006,Regular Season,Regular Season,2007-01-20,Saturday,00:00,Atlanta Hawks,Charlotte Bobcats,Charlotte Bobcats,Atlanta Hawks,104,85,189,19,Charlotte Bobcats,Atlanta Hawks,Home Win (104-85),104-85,Four 12-minute quarters / 48 min,No,Spectrum Center,"Charlotte, NC",16781,Charlotte Bobcats team victory,"Charlotte Bobcats defeated Atlanta Hawks 104-85 in Regular Season at Spectrum Center (Charlotte, NC).",SportsDataVerse hoopR / ESPN NBA Hidden API
584,270120004,2006-2007,2006,Regular Season,Regular Season,2007-01-20,Saturday,00:30,Utah Jazz,Chicago Bulls,Chicago Bulls,Utah Jazz,85,95,180,10,Utah Jazz,Chicago Bulls,Away Win (95-85),85-95,Four 12-minute quarters / 48 min,No,United Center,"Chicago, IL",22351,Utah Jazz team victory,"Utah Jazz defeated Chicago Bulls 95-85 in Regular Season at United Center (Chicago, IL).",SportsDataVerse hoopR / ESPN NBA Hidden API
585,270120008,2006-2007,2006,Regular Season,Regular Season,2007-01-20,Saturday,00:30,Sacramento Kings,Detroit Pistons,Detroit Pistons,Sacramento Kings,91,74,165,17,Detroit Pistons,Sacramento Kings,Home Win (91-74),91-74,Four 12-minute quarters / 48 min,No,The Palace of Auburn Hills,"Detroit, MI",22076,Detroit Pistons team victory,"Detroit Pistons defeated Sacramento Kings 91-74 in Regular Season at The Palace of Auburn Hills (Detroit, MI).",SportsDataVerse hoopR / ESPN NBA Hidden API
586,270120009,2006-2007,2006,Regular Season,Regular Season,2007-01-20,Saturday,00:30,Cleveland Cavaliers,Golden State Warriors,Golden State Warriors,Cleveland Cavaliers,104,106,210,2,Cleveland Cavaliers,Golden State Warriors,Away Win (106-104),104-106,Four 12-minute quarters / 48 min,Yes,ORACLE Arena,"Oakland, CA",19864,Cleveland Cavaliers team victory (OT),"Cleveland Cavaliers edged Golden State Warriors 106-104 in overtime at ORACLE Arena (Oakland, CA).",SportsDataVerse hoopR / ESPN NBA Hidden API
587,270120010,2006-2007,2006,Regular Season,Regular Season,2007-01-20,Saturday,00:30,Denver Nuggets,Houston Rockets,Houston Rockets,Denver Nuggets,113,121,234,8,Denver Nuggets,Houston Rockets,Away Win (121-113),113-121,Four 12-minute quarters / 48 min,Yes,Toyota Center (Houston),"Houston, TX",18233,Denver Nuggets team victory (OT),"Denver Nuggets edged Houston Rockets 121-113 in overtime at Toyota Center (Houston) (Houston, TX).",SportsDataVerse hoopR / ESPN NBA Hidden API
588,270120017,2006-2007,2006,Regular Season,Regular Season,2007-01-20,Saturday,01:00,Orlando Magic,New Jersey Nets,New Jersey Nets,Orlando Magic,101,94,195,7,New Jersey Nets,Orlando Magic,Home Win (101-94),101-94,Four 12-minute quarters / 48 min,No,IZOD Center,"East Rutherford, NJ",18531,New Jersey Nets team victory,"New Jersey Nets defeated Orlando Magic 101-94 in Regular Season at IZOD Center (East Rutherford, NJ).",SportsDataVerse hoopR / ESPN NBA Hidden API
589,270120027,2006-2007,2006,Regular Season,Regular Season,2007-01-20,Saturday,01:00,Boston Celtics,Washington Wizards,Washington Wizards,Boston Celtics,115,110,225,5,Washington Wizards,Boston Celtics,Home Win (115-110),115-110,Four 12-minute quarters / 48 min,Yes,Capital One Arena,"Washington, DC",20173,Washington Wizards team victory (OT),"Washington Wizards edged Boston Celtics 115-110 in overtime at Capital One Arena (Washington, DC).",SportsDataVerse hoopR / ESPN NBA Hidden API
590,270121014,2006-2007,2006,Regular Season,Regular Season,2007-01-21,Sunday,18:00,Dallas Mavericks,Miami Heat,Miami Heat,Dallas Mavericks,93,99,192,6,Dallas Mavericks,Miami Heat,Away Win (99-93),93-99,Four 12-minute quarters / 48 min,No,Kaseya Center,"Miami, FL",20195,Dallas Mavericks team victory,"Dallas Mavericks defeated Miami Heat 99-93 in Regular Season at Kaseya Center (Miami, FL).",SportsDataVerse hoopR / ESPN NBA Hidden API
591,270121020,2006-2007,2006,Regular Season,Regular Season,2007-01-21,Sunday,23:00,San Antonio Spurs,Philadelphia 76ers,Philadelphia 76ers,San Antonio Spurs,85,99,184,14,San Antonio Spurs,Philadelphia 76ers,Away Win (99-85),85-99,Four 12-minute quarters / 48 min,No,Wells Fargo Center,"Philadelphia, PA",14883,San Antonio Spurs team victory,"San Antonio Spurs defeated Philadelphia 76ers 99-85 in Regular Season at Wells Fargo Center (Philadelphia, PA).",SportsDataVerse hoopR / ESPN NBA Hidden API
592,270121021,2006-2007,2006,Regular Season,Regular Season,2007-01-21,Sunday,23:00,Minnesota Timberwolves,Phoenix Suns,Phoenix Suns,Minnesota Timberwolves,131,102,233,29,Phoenix Suns,Minnesota Timberwolves,Home Win (131-102),131-102,Four 12-minute quarters / 48 min,No,Footprint Center,"Phoenix, AZ",18422,Phoenix Suns team victory,"Phoenix Suns defeated Minnesota Timberwolves 131-102 in Regular Season at Footprint Center (Phoenix, AZ).",SportsDataVerse hoopR / ESPN NBA Hidden API
593,270121022,2006-2007,2006,Regular Season,Regular Season,2007-01-21,Sunday,23:00,Milwaukee Bucks,Portland Trail Blazers,Portland Trail Blazers,Milwaukee Bucks,99,95,194,4,Portland Trail Blazers,Milwaukee Bucks,Home Win (99-95),99-95,Four 12-minute quarters / 48 min,No,Moda Center,"Portland, OR",14285,Portland Trail Blazers team victory,"Portland Trail Blazers defeated Milwaukee Bucks 99-95 in Regular Season at Moda Center (Portland, OR).",SportsDataVerse hoopR / ESPN NBA Hidden API
594,270122005,2006-2007,2006,Regular Season,Regular Season,2007-01-22,Monday,00:00,Orlando Magic,Cleveland Cavaliers,Cleveland Cavaliers,Orlando Magic,79,90,169,11,Orlando Magic,Cleveland Cavaliers,Away Win (90-79),79-90,Four 12-minute quarters / 48 min,No,Rocket Mortgage FieldHouse,"Cleveland, OH",20562,Orlando Magic team victory,"Orlando Magic defeated Cleveland Cavaliers 90-79 in Regular Season at Rocket Mortgage FieldHouse (Cleveland, OH).",SportsDataVerse hoopR / ESPN NBA Hidden API
595,270122007,2006-2007,2006,Regular Season,Regular Season,2007-01-22,Monday,00:00,Memphis Grizzlies,Denver Nuggets,Denver Nuggets,Memphis Grizzlies,115,98,213,17,Denver Nuggets,Memphis Grizzlies,Home Win (115-98),115-98,Four 12-minute quarters / 48 min,No,Ball Arena,"Denver, CO",19155,Denver Nuggets team victory,"Denver Nuggets defeated Memphis Grizzlies 115-98 in Regular Season at Ball Arena (Denver, CO).",SportsDataVerse hoopR / ESPN NBA Hidden API
596,270122011,2006-2007,2006,Regular Season,Regular Season,2007-01-22,Monday,00:00,Chicago Bulls,Indiana Pacers,Indiana Pacers,Chicago Bulls,98,91,189,7,Indiana Pacers,Chicago Bulls,Home Win (98-91),98-91,Four 12-minute quarters / 48 min,No,Gainbridge Fieldhouse,"Indianapolis, IN",13233,Indiana Pacers team victory,"Indiana Pacers defeated Chicago Bulls 98-91 in Regular Season at Gainbridge Fieldhouse (Indianapolis, IN).",SportsDataVerse hoopR / ESPN NBA Hidden API
597,270122026,2006-2007,2006,Regular Season,Regular Season,2007-01-22,Monday,00:00,Minnesota Timberwolves,Utah Jazz,Utah Jazz,Minnesota Timberwolves,106,91,197,15,Utah Jazz,Minnesota Timberwolves,Home Win (106-91),106-91,Four 12-minute quarters / 48 min,No,Vivint Arena,"Salt Lake City, UT",19911,Utah Jazz team victory,"Utah Jazz defeated Minnesota Timberwolves 106-91 in Regular Season at Vivint Arena (Salt Lake City, UT).",SportsDataVerse hoopR / ESPN NBA Hidden API
598,270122028,2006-2007,2006,Regular Season,Regular Season,2007-01-22,Monday,00:00,Charlotte Bobcats,Toronto Raptors,Toronto Raptors,Charlotte Bobcats,105,84,189,21,Toronto Raptors,Charlotte Bobcats,Home Win (105-84),105-84,Four 12-minute quarters / 48 min,No,Scotiabank Arena,"Toronto, ON",13997,Toronto Raptors team victory,"Toronto Raptors defeated Charlotte Bobcats 105-84 in Regular Season at Scotiabank Arena (Toronto, ON).",SportsDataVerse hoopR / ESPN NBA Hidden API
599,270122002,2006-2007,2006,Regular Season,Regular Season,2007-01-22,Monday,00:30,San Antonio Spurs,Boston Celtics,Boston Celtics,San Antonio Spurs,89,93,182,4,San Antonio Spurs,Boston Celtics,Away Win (93-89),89-93,Four 12-minute quarters / 48 min,No,TD Garden,"Boston, MA",15928,San Antonio Spurs team victory,"San Antonio Spurs defeated Boston Celtics 93-89 in Regular Season at TD Garden (Boston, MA).",SportsDataVerse hoopR / ESPN NBA Hidden API
600,270122013,2006-2007,2006,Regular Season,Regular Season,2007-01-22,Monday,00:30,Golden State Warriors,Los Angeles Lakers,Los Angeles Lakers,Golden State Warriors,108,103,211,5,Los Angeles Lakers,Golden State Warriors,Home Win (108-103),108-103,Four 12-minute quarters / 48 min,No,crypto.com Arena,"Los Angeles, CA",18997,Los Angeles Lakers team victory,"Los Angeles Lakers defeated Golden State Warriors 108-103 in Regular Season at crypto.com Arena (Los Angeles, CA).",SportsDataVerse hoopR / ESPN NBA Hidden API
601,270122014,2006-2007,2006,Regular Season,Regular Season,2007-01-22,Monday,00:30,New York Knicks,Miami Heat,Miami Heat,New York Knicks,101,83,184,18,Miami Heat,New York Knicks,Home Win (101-83),101-83,Four 12-minute quarters / 48 min,No,Kaseya Center,"Miami, FL",19600,Miami Heat team victory,"Miami Heat defeated New York Knicks 101-83 in Regular Season at Kaseya Center (Miami, FL).",SportsDataVerse hoopR / ESPN NBA Hidden API
602,270123019,2006-2007,2006,Regular Season,Regular Season,2007-01-23,Tuesday,00:00,Dallas Mavericks,Orlando Magic,Orlando Magic,Dallas Mavericks,95,111,206,16,Dallas Mavericks,Orlando Magic,Away Win (111-95),95-111,Four 12-minute quarters / 48 min,No,Amway Arena,"Orlando, FL",17451,Dallas Mavericks team victory,"Dallas Mavericks defeated Orlando Magic 111-95 in Regular Season at Amway Arena (Orlando, FL).",SportsDataVerse hoopR / ESPN NBA Hidden API
603,270123020,2006-2007,2006,Regular Season,Regular Season,2007-01-23,Tuesday,00:00,NO/Oklahoma City Hornets,Philadelphia 76ers,Philadelphia 76ers,NO/Oklahoma City Hornets,102,96,198,6,Philadelphia 76ers,NO/Oklahoma City Hornets,Home Win (102-96),102-96,Four 12-minute quarters / 48 min,No,Wells Fargo Center,"Philadelphia, PA",12328,Philadelphia 76ers team victory,"Philadelphia 76ers defeated NO/Oklahoma City Hornets 102-96 in Regular Season at Wells Fargo Center (Philadelphia, PA).",SportsDataVerse hoopR / ESPN NBA Hidden API
604,270123025,2006-2007,2006,Regular Season,Regular Season,2007-01-23,Tuesday,00:00,Denver Nuggets,Seattle SuperSonics,Seattle SuperSonics,Denver Nuggets,112,117,229,5,Denver Nuggets,Seattle SuperSonics,Away Win (117-112),112-117,Four 12-minute quarters / 48 min,No,KeyArena,"Seattle, WA",17072,Denver Nuggets team victory,"Denver Nuggets defeated Seattle SuperSonics 117-112 in Regular Season at KeyArena (Seattle, WA).",SportsDataVerse hoopR / ESPN NBA Hidden API
605,270123027,2006-2007,2006,Regular Season,Regular Season,2007-01-23,Tuesday,00:00,Phoenix Suns,Washington Wizards,Washington Wizards,Phoenix Suns,105,127,232,22,Phoenix Suns,Washington Wizards,Away Win (127-105),105-127,Four 12-minute quarters / 48 min,No,Capital One Arena,"Washington, DC",20173,Phoenix Suns team victory,"Phoenix Suns defeated Washington Wizards 127-105 in Regular Season at Capital One Arena (Washington, DC).",SportsDataVerse hoopR / ESPN NBA Hidden API
606,270123004,2006-2007,2006,Regular Season,Regular Season,2007-01-23,Tuesday,00:30,Atlanta Hawks,Chicago Bulls,Chicago Bulls,Atlanta Hawks,94,86,180,8,Chicago Bulls,Atlanta Hawks,Home Win (94-86),94-86,Four 12-minute quarters / 48 min,No,United Center,"Chicago, IL",22390,Chicago Bulls team victory,"Chicago Bulls defeated Atlanta Hawks 94-86 in Regular Season at United Center (Chicago, IL).",SportsDataVerse hoopR / ESPN NBA Hidden API
607,270123012,2006-2007,2006,Regular Season,Regular Season,2007-01-23,Tuesday,00:30,Milwaukee Bucks,LA Clippers,LA Clippers,Milwaukee Bucks,115,96,211,19,LA Clippers,Milwaukee Bucks,Home Win (115-96),115-96,Four 12-minute quarters / 48 min,No,crypto.com Arena,"Los Angeles, CA",16923,LA Clippers team victory,"LA Clippers defeated Milwaukee Bucks 115-96 in Regular Season at crypto.com Arena (Los Angeles, CA).",SportsDataVerse hoopR / ESPN NBA Hidden API
608,270124005,2006-2007,2006,Regular Season,Regular Season,2007-01-24,Wednesday,00:00,Philadelphia 76ers,Cleveland Cavaliers,Cleveland Cavaliers,Philadelphia 76ers,115,118,233,3,Philadelphia 76ers,Cleveland Cavaliers,Away Win (118-115),115-118,Four 12-minute quarters / 48 min,Yes,Rocket Mortgage FieldHouse,"Cleveland, OH",20562,Philadelphia 76ers team victory (OT),"Philadelphia 76ers edged Cleveland Cavaliers 118-115 in overtime at Rocket Mortgage FieldHouse (Cleveland, OH).",SportsDataVerse hoopR / ESPN NBA Hidden API
609,270124011,2006-2007,2006,Regular Season,Regular Season,2007-01-24,Wednesday,00:00,Miami Heat,Indiana Pacers,Indiana Pacers,Miami Heat,96,94,190,2,Indiana Pacers,Miami Heat,Home Win (96-94),96-94,Four 12-minute quarters / 48 min,Yes,Gainbridge Fieldhouse,"Indianapolis, IN",14169,Indiana Pacers team victory (OT),"Indiana Pacers edged Miami Heat 96-94 in overtime at Gainbridge Fieldhouse (Indianapolis, IN).",SportsDataVerse hoopR / ESPN NBA Hidden API
610,270124022,2006-2007,2006,Regular Season,Regular Season,2007-01-24,Wednesday,00:00,Minnesota Timberwolves,Portland Trail Blazers,Portland Trail Blazers,Minnesota Timberwolves,101,98,199,3,Portland Trail Blazers,Minnesota Timberwolves,Home Win (101-98),101-98,Four 12-minute quarters / 48 min,Yes,Moda Center,"Portland, OR",13266,Portland Trail Blazers team victory (OT),"Portland Trail Blazers edged Minnesota Timberwolves 101-98 in overtime at Moda Center (Portland, OR).",SportsDataVerse hoopR / ESPN NBA Hidden API
611,270124023,2006-2007,2006,Regular Season,Regular Season,2007-01-24,Wednesday,00:00,Milwaukee Bucks,Sacramento Kings,Sacramento Kings,Milwaukee Bucks,114,106,220,8,Sacramento Kings,Milwaukee Bucks,Home Win (114-106),114-106,Four 12-minute quarters / 48 min,No,Sleep Train Arena,"Sacramento, CA",17317,Sacramento Kings team victory,"Sacramento Kings defeated Milwaukee Bucks 114-106 in Regular Season at Sleep Train Arena (Sacramento, CA).",SportsDataVerse hoopR / ESPN NBA Hidden API
612,270124026,2006-2007,2006,Regular Season,Regular Season,2007-01-24,Wednesday,00:00,Memphis Grizzlies,Utah Jazz,Utah Jazz,Memphis Grizzlies,130,132,262,2,Memphis Grizzlies,Utah Jazz,Away Win (132-130),130-132,Four 12-minute quarters / 48 min,Yes,Vivint Arena,"Salt Lake City, UT",19714,Memphis Grizzlies team victory (OT),"Memphis Grizzlies edged Utah Jazz 132-130 in overtime at Vivint Arena (Salt Lake City, UT).",SportsDataVerse hoopR / ESPN NBA Hidden API
613,270124028,2006-2007,2006,Regular Season,Regular Season,2007-01-24,Wednesday,00:00,NO/Oklahoma City Hornets,Toronto Raptors,Toronto Raptors,NO/Oklahoma City Hornets,90,88,178,2,Toronto Raptors,NO/Oklahoma City Hornets,Home Win (90-88),90-88,Four 12-minute quarters / 48 min,No,Scotiabank Arena,"Toronto, ON",14173,Toronto Raptors team victory,"Toronto Raptors defeated NO/Oklahoma City Hornets 90-88 in Regular Season at Scotiabank Arena (Toronto, ON).",SportsDataVerse hoopR / ESPN NBA Hidden API
614,270124030,2006-2007,2006,Regular Season,Regular Season,2007-01-24,Wednesday,00:00,Detroit Pistons,Charlotte Bobcats,Charlotte Bobcats,Detroit Pistons,92,103,195,11,Detroit Pistons,Charlotte Bobcats,Away Win (103-92),92-103,Four 12-minute quarters / 48 min,No,Spectrum Center,"Charlotte, NC",15148,Detroit Pistons team victory,"Detroit Pistons defeated Charlotte Bobcats 103-92 in Regular Season at Spectrum Center (Charlotte, NC).",SportsDataVerse hoopR / ESPN NBA Hidden API
615,270124002,2006-2007,2006,Regular Season,Regular Season,2007-01-24,Wednesday,00:30,Atlanta Hawks,Boston Celtics,Boston Celtics,Atlanta Hawks,76,82,158,6,Atlanta Hawks,Boston Celtics,Away Win (82-76),76-82,Four 12-minute quarters / 48 min,No,TD Garden,"Boston, MA",16199,Atlanta Hawks team victory,"Atlanta Hawks defeated Boston Celtics 82-76 in Regular Season at TD Garden (Boston, MA).",SportsDataVerse hoopR / ESPN NBA Hidden API
616,270124009,2006-2007,2006,Regular Season,Regular Season,2007-01-24,Wednesday,00:30,New Jersey Nets,Golden State Warriors,Golden State Warriors,New Jersey Nets,110,109,219,1,Golden State Warriors,New Jersey Nets,Home Win (110-109),110-109,Four 12-minute quarters / 48 min,No,ORACLE Arena,"Oakland, CA",17284,Golden State Warriors team victory,"Golden State Warriors defeated New Jersey Nets 110-109 in Regular Season at ORACLE Arena (Oakland, CA).",SportsDataVerse hoopR / ESPN NBA Hidden API
617,270124018,2006-2007,2006,Regular Season,Regular Season,2007-01-24,Wednesday,00:30,Phoenix Suns,New York Knicks,New York Knicks,Phoenix Suns,107,112,219,5,Phoenix Suns,New York Knicks,Away Win (112-107),107-112,Four 12-minute quarters / 48 min,No,Madison Square Garden,"New York, NY",19763,Phoenix Suns team victory,"Phoenix Suns defeated New York Knicks 112-107 in Regular Season at Madison Square Garden (New York, NY).",SportsDataVerse hoopR / ESPN NBA Hidden API
618,270124024,2006-2007,2006,Regular Season,Regular Season,2007-01-24,Wednesday,01:00,Houston Rockets,San Antonio Spurs,San Antonio Spurs,Houston Rockets,85,90,175,5,Houston Rockets,San Antonio Spurs,Away Win (90-85),85-90,Four 12-minute quarters / 48 min,No,AT&T Center,"San Antonio, TX",18328,Houston Rockets team victory,"Houston Rockets defeated San Antonio Spurs 90-85 in Regular Season at AT&T Center (San Antonio, TX).",SportsDataVerse hoopR / ESPN NBA Hidden API
619,270125004,2006-2007,2006,Regular Season,Regular Season,2007-01-25,Thursday,00:00,Dallas Mavericks,Chicago Bulls,Chicago Bulls,Dallas Mavericks,96,85,181,11,Chicago Bulls,Dallas Mavericks,Home Win (96-85),96-85,Four 12-minute quarters / 48 min,No,United Center,"Chicago, IL",21822,Chicago Bulls team victory,"Chicago Bulls defeated Dallas Mavericks 96-85 in Regular Season at United Center (Chicago, IL).",SportsDataVerse hoopR / ESPN NBA Hidden API
620,270125012,2006-2007,2006,Regular Season,Regular Season,2007-01-25,Thursday,00:30,New Jersey Nets,LA Clippers,LA Clippers,New Jersey Nets,102,101,203,1,LA Clippers,New Jersey Nets,Home Win (102-101),102-101,Four 12-minute quarters / 48 min,No,crypto.com Arena,"Los Angeles, CA",18476,LA Clippers team victory,"LA Clippers defeated New Jersey Nets 102-101 in Regular Season at crypto.com Arena (Los Angeles, CA).",SportsDataVerse hoopR / ESPN NBA Hidden API
621,270126003,2006-2007,2006,Regular Season,Regular Season,2007-01-26,Friday,00:00,Sacramento Kings,NO/Oklahoma City Hornets,NO/Oklahoma City Hornets,Sacramento Kings,88,84,172,4,NO/Oklahoma City Hornets,Sacramento Kings,Home Win (88-84),88-84,Four 12-minute quarters / 48 min,No,Smoothie King Center,"New Orleans, LA",16607,NO/Oklahoma City Hornets team victory,"NO/Oklahoma City Hornets defeated Sacramento Kings 88-84 in Regular Season at Smoothie King Center (New Orleans, LA).",SportsDataVerse hoopR / ESPN NBA Hidden API
622,270126019,2006-2007,2006,Regular Season,Regular Season,2007-01-26,Friday,00:00,Atlanta Hawks,Orlando Magic,Orlando Magic,Atlanta Hawks,90,93,183,3,Atlanta Hawks,Orlando Magic,Away Win (93-90),90-93,Four 12-minute quarters / 48 min,No,Amway Arena,"Orlando, FL",17451,Atlanta Hawks team victory,"Atlanta Hawks defeated Orlando Magic 93-90 in Regular Season at Amway Arena (Orlando, FL).",SportsDataVerse hoopR / ESPN NBA Hidden API
623,270126020,2006-2007,2006,Regular Season,Regular Season,2007-01-26,Friday,00:00,Cleveland Cavaliers,Philadelphia 76ers,Philadelphia 76ers,Cleveland Cavaliers,97,105,202,8,Cleveland Cavaliers,Philadelphia 76ers,Away Win (105-97),97-105,Four 12-minute quarters / 48 min,No,Wells Fargo Center,"Philadelphia, PA",19523,Cleveland Cavaliers team victory,"Cleveland Cavaliers defeated Philadelphia 76ers 105-97 in Regular Season at Wells Fargo Center (Philadelphia, PA).",SportsDataVerse hoopR / ESPN NBA Hidden API
624,270126024,2006-2007,2006,Regular Season,Regular Season,2007-01-26,Friday,00:00,Memphis Grizzlies,San Antonio Spurs,San Antonio Spurs,Memphis Grizzlies,112,96,208,16,San Antonio Spurs,Memphis Grizzlies,Home Win (112-96),112-96,Four 12-minute quarters / 48 min,No,AT&T Center,"San Antonio, TX",18332,San Antonio Spurs team victory,"San Antonio Spurs defeated Memphis Grizzlies 112-96 in Regular Season at AT&T Center (San Antonio, TX).",SportsDataVerse hoopR / ESPN NBA Hidden API
625,270126026,2006-2007,2006,Regular Season,Regular Season,2007-01-26,Friday,00:00,Denver Nuggets,Utah Jazz,Utah Jazz,Denver Nuggets,116,111,227,5,Utah Jazz,Denver Nuggets,Home Win (116-111),116-111,Four 12-minute quarters / 48 min,No,Vivint Arena,"Salt Lake City, UT",19911,Utah Jazz team victory,"Utah Jazz defeated Denver Nuggets 116-111 in Regular Season at Vivint Arena (Salt Lake City, UT).",SportsDataVerse hoopR / ESPN NBA Hidden API
626,270126028,2006-2007,2006,Regular Season,Regular Season,2007-01-26,Friday,00:00,Boston Celtics,Toronto Raptors,Toronto Raptors,Boston Celtics,96,90,186,6,Toronto Raptors,Boston Celtics,Home Win (96-90),96-90,Four 12-minute quarters / 48 min,No,Scotiabank Arena,"Toronto, ON",18565,Toronto Raptors team victory,"Toronto Raptors defeated Boston Celtics 96-90 in Regular Season at Scotiabank Arena (Toronto, ON).",SportsDataVerse hoopR / ESPN NBA Hidden API
627,270126010,2006-2007,2006,Regular Season,Regular Season,2007-01-26,Friday,00:30,Portland Trail Blazers,Houston Rockets,Houston Rockets,Portland Trail Blazers,99,69,168,30,Houston Rockets,Portland Trail Blazers,Home Win (99-69),99-69,Four 12-minute quarters / 48 min,No,Toyota Center (Houston),"Houston, TX",18155,Houston Rockets team victory,"Houston Rockets defeated Portland Trail Blazers 99-69 in Regular Season at Toyota Center (Houston) (Houston, TX).",SportsDataVerse hoopR / ESPN NBA Hidden API
628,270126013,2006-2007,2006,Regular Season,Regular Season,2007-01-26,Friday,00:30,Charlotte Bobcats,Los Angeles Lakers,Los Angeles Lakers,Charlotte Bobcats,97,106,203,9,Charlotte Bobcats,Los Angeles Lakers,Away Win (106-97),97-106,Four 12-minute quarters / 48 min,Yes,crypto.com Arena,"Los Angeles, CA",18997,Charlotte Bobcats team victory (OT),"Charlotte Bobcats edged Los Angeles Lakers 106-97 in overtime at crypto.com Arena (Los Angeles, CA).",SportsDataVerse hoopR / ESPN NBA Hidden API
629,270126015,2006-2007,2006,Regular Season,Regular Season,2007-01-26,Friday,00:30,Phoenix Suns,Milwaukee Bucks,Milwaukee Bucks,Phoenix Suns,90,98,188,8,Phoenix Suns,Milwaukee Bucks,Away Win (98-90),90-98,Four 12-minute quarters / 48 min,No,BMO Harris Bradley Center,"Milwaukee, WI",18717,Phoenix Suns team victory,"Phoenix Suns defeated Milwaukee Bucks 98-90 in Regular Season at BMO Harris Bradley Center (Milwaukee, WI).",SportsDataVerse hoopR / ESPN NBA Hidden API
630,270126018,2006-2007,2006,Regular Season,Regular Season,2007-01-26,Friday,00:30,Miami Heat,New York Knicks,New York Knicks,Miami Heat,116,96,212,20,New York Knicks,Miami Heat,Home Win (116-96),116-96,Four 12-minute quarters / 48 min,No,Madison Square Garden,"New York, NY",19763,New York Knicks team victory,"New York Knicks defeated Miami Heat 116-96 in Regular Season at Madison Square Garden (New York, NY).",SportsDataVerse hoopR / ESPN NBA Hidden API
631,270126025,2006-2007,2006,Regular Season,Regular Season,2007-01-26,Friday,00:30,Minnesota Timberwolves,Seattle SuperSonics,Seattle SuperSonics,Minnesota Timberwolves,102,100,202,2,Seattle SuperSonics,Minnesota Timberwolves,Home Win (102-100),102-100,Four 12-minute quarters / 48 min,No,KeyArena,"Seattle, WA",16610,Seattle SuperSonics team victory,"Seattle SuperSonics defeated Minnesota Timberwolves 102-100 in Regular Season at KeyArena (Seattle, WA).",SportsDataVerse hoopR / ESPN NBA Hidden API
632,270126008,2006-2007,2006,Regular Season,Regular Season,2007-01-26,Friday,01:00,Washington Wizards,Detroit Pistons,Detroit Pistons,Washington Wizards,96,99,195,3,Washington Wizards,Detroit Pistons,Away Win (99-96),96-99,Four 12-minute quarters / 48 min,No,The Palace of Auburn Hills,"Detroit, MI",22076,Washington Wizards team victory,"Washington Wizards defeated Detroit Pistons 99-96 in Regular Season at The Palace of Auburn Hills (Detroit, MI).",SportsDataVerse hoopR / ESPN NBA Hidden API
633,270127001,2006-2007,2006,Regular Season,Regular Season,2007-01-27,Saturday,00:00,Philadelphia 76ers,Atlanta Hawks,Atlanta Hawks,Philadelphia 76ers,89,104,193,15,Philadelphia 76ers,Atlanta Hawks,Away Win (104-89),89-104,Four 12-minute quarters / 48 min,No,State Farm Arena,"Atlanta, GA",17531,Philadelphia 76ers team victory,"Philadelphia 76ers defeated Atlanta Hawks 104-89 in Regular Season at State Farm Arena (Atlanta, GA).",SportsDataVerse hoopR / ESPN NBA Hidden API
634,270127003,2006-2007,2006,Regular Season,Regular Season,2007-01-27,Saturday,00:00,Utah Jazz,NO/Oklahoma City Hornets,NO/Oklahoma City Hornets,Utah Jazz,94,83,177,11,NO/Oklahoma City Hornets,Utah Jazz,Home Win (94-83),94-83,Four 12-minute quarters / 48 min,No,Paycom Center,"Oklahoma City, OK",18774,NO/Oklahoma City Hornets team victory,"NO/Oklahoma City Hornets defeated Utah Jazz 94-83 in Regular Season at Paycom Center (Oklahoma City, OK).",SportsDataVerse hoopR / ESPN NBA Hidden API
635,270127007,2006-2007,2006,Regular Season,Regular Season,2007-01-27,Saturday,00:00,New Jersey Nets,Denver Nuggets,Denver Nuggets,New Jersey Nets,102,112,214,10,New Jersey Nets,Denver Nuggets,Away Win (112-102),102-112,Four 12-minute quarters / 48 min,No,Ball Arena,"Denver, CO",19737,New Jersey Nets team victory,"New Jersey Nets defeated Denver Nuggets 112-102 in Regular Season at Ball Arena (Denver, CO).",SportsDataVerse hoopR / ESPN NBA Hidden API
636,270127011,2006-2007,2006,Regular Season,Regular Season,2007-01-27,Saturday,00:00,Toronto Raptors,Indiana Pacers,Indiana Pacers,Toronto Raptors,102,84,186,18,Indiana Pacers,Toronto Raptors,Home Win (102-84),102-84,Four 12-minute quarters / 48 min,No,Gainbridge Fieldhouse,"Indianapolis, IN",14263,Indiana Pacers team victory,"Indiana Pacers defeated Toronto Raptors 102-84 in Regular Season at Gainbridge Fieldhouse (Indianapolis, IN).",SportsDataVerse hoopR / ESPN NBA Hidden API
637,270127029,2006-2007,2006,Regular Season,Regular Season,2007-01-27,Saturday,00:00,Portland Trail Blazers,Memphis Grizzlies,Memphis Grizzlies,Portland Trail Blazers,132,135,267,3,Portland Trail Blazers,Memphis Grizzlies,Away Win (135-132),132-135,Four 12-minute quarters / 48 min,Yes,FedExForum,"Memphis, TN",15211,Portland Trail Blazers team victory (OT),"Portland Trail Blazers edged Memphis Grizzlies 135-132 in overtime at FedExForum (Memphis, TN).",SportsDataVerse hoopR / ESPN NBA Hidden API
638,270127004,2006-2007,2006,Regular Season,Regular Season,2007-01-27,Saturday,00:30,Miami Heat,Chicago Bulls,Chicago Bulls,Miami Heat,100,97,197,3,Chicago Bulls,Miami Heat,Home Win (100-97),100-97,Four 12-minute quarters / 48 min,No,United Center,"Chicago, IL",22951,Chicago Bulls team victory,"Chicago Bulls defeated Miami Heat 100-97 in Regular Season at United Center (Chicago, IL).",SportsDataVerse hoopR / ESPN NBA Hidden API
639,270127006,2006-2007,2006,Regular Season,Regular Season,2007-01-27,Saturday,00:30,Sacramento Kings,Dallas Mavericks,Dallas Mavericks,Sacramento Kings,106,104,210,2,Dallas Mavericks,Sacramento Kings,Home Win (106-104),106-104,Four 12-minute quarters / 48 min,No,American Airlines Center,"Dallas, TX",20487,Dallas Mavericks team victory,"Dallas Mavericks defeated Sacramento Kings 106-104 in Regular Season at American Airlines Center (Dallas, TX).",SportsDataVerse hoopR / ESPN NBA Hidden API
640,270127009,2006-2007,2006,Regular Season,Regular Season,2007-01-27,Saturday,00:30,Charlotte Bobcats,Golden State Warriors,Golden State Warriors,Charlotte Bobcats,131,105,236,26,Golden State Warriors,Charlotte Bobcats,Home Win (131-105),131-105,Four 12-minute quarters / 48 min,No,ORACLE Arena,"Oakland, CA",17381,Golden State Warriors team victory,"Golden State Warriors defeated Charlotte Bobcats 131-105 in Regular Season at ORACLE Arena (Oakland, CA).",SportsDataVerse hoopR / ESPN NBA Hidden API
641,270127012,2006-2007,2006,Regular Season,Regular Season,2007-01-27,Saturday,00:30,Minnesota Timberwolves,LA Clippers,LA Clippers,Minnesota Timberwolves,87,101,188,14,Minnesota Timberwolves,LA Clippers,Away Win (101-87),87-101,Four 12-minute quarters / 48 min,No,crypto.com Arena,"Los Angeles, CA",19060,Minnesota Timberwolves team victory,"Minnesota Timberwolves defeated LA Clippers 101-87 in Regular Season at crypto.com Arena (Los Angeles, CA).",SportsDataVerse hoopR / ESPN NBA Hidden API
642,270128013,2006-2007,2006,Regular Season,Regular Season,2007-01-28,Sunday,17:30,San Antonio Spurs,Los Angeles Lakers,Los Angeles Lakers,San Antonio Spurs,94,96,190,2,San Antonio Spurs,Los Angeles Lakers,Away Win (96-94),94-96,Four 12-minute quarters / 48 min,Yes,crypto.com Arena,"Los Angeles, CA",18997,San Antonio Spurs team victory (OT),"San Antonio Spurs edged Los Angeles Lakers 96-94 in overtime at crypto.com Arena (Los Angeles, CA).",SportsDataVerse hoopR / ESPN NBA Hidden API
643,270128005,2006-2007,2006,Regular Season,Regular Season,2007-01-28,Sunday,18:00,Phoenix Suns,Cleveland Cavaliers,Cleveland Cavaliers,Phoenix Suns,100,115,215,15,Phoenix Suns,Cleveland Cavaliers,Away Win (115-100),100-115,Four 12-minute quarters / 48 min,No,Rocket Mortgage FieldHouse,"Cleveland, OH",20562,Phoenix Suns team victory,"Phoenix Suns defeated Cleveland Cavaliers 115-100 in Regular Season at Rocket Mortgage FieldHouse (Cleveland, OH).",SportsDataVerse hoopR / ESPN NBA Hidden API
644,270128015,2006-2007,2006,Regular Season,Regular Season,2007-01-28,Sunday,19:30,New York Knicks,Milwaukee Bucks,Milwaukee Bucks,New York Knicks,107,105,212,2,Milwaukee Bucks,New York Knicks,Home Win (107-105),107-105,Four 12-minute quarters / 48 min,No,BMO Harris Bradley Center,"Milwaukee, WI",16102,Milwaukee Bucks team victory,"Milwaukee Bucks defeated New York Knicks 107-105 in Regular Season at BMO Harris Bradley Center (Milwaukee, WI).",SportsDataVerse hoopR / ESPN NBA Hidden API
645,270128002,2006-2007,2006,Regular Season,Regular Season,2007-01-28,Sunday,23:00,Washington Wizards,Boston Celtics,Boston Celtics,Washington Wizards,91,105,196,14,Washington Wizards,Boston Celtics,Away Win (105-91),91-105,Four 12-minute quarters / 48 min,No,TD Garden,"Boston, MA",17269,Washington Wizards team victory,"Washington Wizards defeated Boston Celtics 105-91 in Regular Season at TD Garden (Boston, MA).",SportsDataVerse hoopR / ESPN NBA Hidden API
646,270128008,2006-2007,2006,Regular Season,Regular Season,2007-01-28,Sunday,23:30,Indiana Pacers,Detroit Pistons,Detroit Pistons,Indiana Pacers,95,87,182,8,Detroit Pistons,Indiana Pacers,Home Win (95-87),95-87,Four 12-minute quarters / 48 min,No,The Palace of Auburn Hills,"Detroit, MI",22076,Detroit Pistons team victory,"Detroit Pistons defeated Indiana Pacers 95-87 in Regular Season at The Palace of Auburn Hills (Detroit, MI).",SportsDataVerse hoopR / ESPN NBA Hidden API
647,270128025,2006-2007,2006,Regular Season,Regular Season,2007-01-28,Sunday,00:00,LA Clippers,Seattle SuperSonics,Seattle SuperSonics,LA Clippers,76,98,174,22,LA Clippers,Seattle SuperSonics,Away Win (98-76),76-98,Four 12-minute quarters / 48 min,No,KeyArena,"Seattle, WA",16195,LA Clippers team victory,"LA Clippers defeated Seattle SuperSonics 98-76 in Regular Season at KeyArena (Seattle, WA).",SportsDataVerse hoopR / ESPN NBA Hidden API
648,270129001,2006-2007,2006,Regular Season,Regular Season,2007-01-29,Monday,00:00,Orlando Magic,Atlanta Hawks,Atlanta Hawks,Orlando Magic,93,83,176,10,Atlanta Hawks,Orlando Magic,Home Win (93-83),93-83,Four 12-minute quarters / 48 min,No,State Farm Arena,"Atlanta, GA",11896,Atlanta Hawks team victory,"Atlanta Hawks defeated Orlando Magic 93-83 in Regular Season at State Farm Arena (Atlanta, GA).",SportsDataVerse hoopR / ESPN NBA Hidden API
649,270129003,2006-2007,2006,Regular Season,Regular Season,2007-01-29,Monday,00:00,Portland Trail Blazers,NO/Oklahoma City Hornets,NO/Oklahoma City Hornets,Portland Trail Blazers,103,91,194,12,NO/Oklahoma City Hornets,Portland Trail Blazers,Home Win (103-91),103-91,Four 12-minute quarters / 48 min,No,Paycom Center,"Oklahoma City, OK",17745,NO/Oklahoma City Hornets team victory,"NO/Oklahoma City Hornets defeated Portland Trail Blazers 103-91 in Regular Season at Paycom Center (Oklahoma City, OK).",SportsDataVerse hoopR / ESPN NBA Hidden API
650,270129007,2006-2007,2006,Regular Season,Regular Season,2007-01-29,Monday,00:00,Charlotte Bobcats,Denver Nuggets,Denver Nuggets,Charlotte Bobcats,101,105,206,4,Charlotte Bobcats,Denver Nuggets,Away Win (105-101),101-105,Four 12-minute quarters / 48 min,No,Ball Arena,"Denver, CO",15898,Charlotte Bobcats team victory,"Charlotte Bobcats defeated Denver Nuggets 105-101 in Regular Season at Ball Arena (Denver, CO).",SportsDataVerse hoopR / ESPN NBA Hidden API
651,270129016,2006-2007,2006,Regular Season,Regular Season,2007-01-29,Monday,00:00,Phoenix Suns,Minnesota Timberwolves,Minnesota Timberwolves,Phoenix Suns,121,112,233,9,Minnesota Timberwolves,Phoenix Suns,Home Win (121-112),121-112,Four 12-minute quarters / 48 min,No,Target Center,"Minneapolis, MN",16221,Minnesota Timberwolves team victory,"Minnesota Timberwolves defeated Phoenix Suns 121-112 in Regular Season at Target Center (Minneapolis, MN).",SportsDataVerse hoopR / ESPN NBA Hidden API
652,270129026,2006-2007,2006,Regular Season,Regular Season,2007-01-29,Monday,00:00,New Jersey Nets,Utah Jazz,Utah Jazz,New Jersey Nets,115,116,231,1,New Jersey Nets,Utah Jazz,Away Win (116-115),115-116,Four 12-minute quarters / 48 min,No,Vivint Arena,"Salt Lake City, UT",19911,New Jersey Nets team victory,"New Jersey Nets defeated Utah Jazz 116-115 in Regular Season at Vivint Arena (Salt Lake City, UT).",SportsDataVerse hoopR / ESPN NBA Hidden API
653,270129010,2006-2007,2006,Regular Season,Regular Season,2007-01-29,Monday,00:30,Philadelphia 76ers,Houston Rockets,Houston Rockets,Philadelphia 76ers,105,84,189,21,Houston Rockets,Philadelphia 76ers,Home Win (105-84),105-84,Four 12-minute quarters / 48 min,No,Toyota Center (Houston),"Houston, TX",14216,Houston Rockets team victory,"Houston Rockets defeated Philadelphia 76ers 105-84 in Regular Season at Toyota Center (Houston) (Houston, TX).",SportsDataVerse hoopR / ESPN NBA Hidden API
654,270130005,2006-2007,2006,Regular Season,Regular Season,2007-01-30,Tuesday,00:00,Golden State Warriors,Cleveland Cavaliers,Cleveland Cavaliers,Golden State Warriors,124,97,221,27,Cleveland Cavaliers,Golden State Warriors,Home Win (124-97),124-97,Four 12-minute quarters / 48 min,No,Rocket Mortgage FieldHouse,"Cleveland, OH",19443,Cleveland Cavaliers team victory,"Cleveland Cavaliers defeated Golden State Warriors 124-97 in Regular Season at Rocket Mortgage FieldHouse (Cleveland, OH).",SportsDataVerse hoopR / ESPN NBA Hidden API
655,270130011,2006-2007,2006,Regular Season,Regular Season,2007-01-30,Tuesday,00:00,Boston Celtics,Indiana Pacers,Indiana Pacers,Boston Celtics,103,96,199,7,Indiana Pacers,Boston Celtics,Home Win (103-96),103-96,Four 12-minute quarters / 48 min,No,Gainbridge Fieldhouse,"Indianapolis, IN",12641,Indiana Pacers team victory,"Indiana Pacers defeated Boston Celtics 103-96 in Regular Season at Gainbridge Fieldhouse (Indianapolis, IN).",SportsDataVerse hoopR / ESPN NBA Hidden API
656,270130027,2006-2007,2006,Regular Season,Regular Season,2007-01-30,Tuesday,00:00,Detroit Pistons,Washington Wizards,Washington Wizards,Detroit Pistons,104,99,203,5,Washington Wizards,Detroit Pistons,Home Win (104-99),104-99,Four 12-minute quarters / 48 min,No,Capital One Arena,"Washington, DC",20173,Washington Wizards team victory,"Washington Wizards defeated Detroit Pistons 104-99 in Regular Season at Capital One Arena (Washington, DC).",SportsDataVerse hoopR / ESPN NBA Hidden API
657,270130006,2006-2007,2006,Regular Season,Regular Season,2007-01-30,Tuesday,00:30,Seattle SuperSonics,Dallas Mavericks,Dallas Mavericks,Seattle SuperSonics,122,102,224,20,Dallas Mavericks,Seattle SuperSonics,Home Win (122-102),122-102,Four 12-minute quarters / 48 min,No,American Airlines Center,"Dallas, TX",20326,Dallas Mavericks team victory,"Dallas Mavericks defeated Seattle SuperSonics 122-102 in Regular Season at American Airlines Center (Dallas, TX).",SportsDataVerse hoopR / ESPN NBA Hidden API
658,270130014,2006-2007,2006,Regular Season,Regular Season,2007-01-30,Tuesday,00:30,Milwaukee Bucks,Miami Heat,Miami Heat,Milwaukee Bucks,110,80,190,30,Miami Heat,Milwaukee Bucks,Home Win (110-80),110-80,Four 12-minute quarters / 48 min,No,Kaseya Center,"Miami, FL",19600,Miami Heat team victory,"Miami Heat defeated Milwaukee Bucks 110-80 in Regular Season at Kaseya Center (Miami, FL).",SportsDataVerse hoopR / ESPN NBA Hidden API
659,270130018,2006-2007,2006,Regular Season,Regular Season,2007-01-30,Tuesday,00:30,Los Angeles Lakers,New York Knicks,New York Knicks,Los Angeles Lakers,99,94,193,5,New York Knicks,Los Angeles Lakers,Home Win (99-94),99-94,Four 12-minute quarters / 48 min,No,Madison Square Garden,"New York, NY",19763,New York Knicks team victory,"New York Knicks defeated Los Angeles Lakers 99-94 in Regular Season at Madison Square Garden (New York, NY).",SportsDataVerse hoopR / ESPN NBA Hidden API
660,270131001,2006-2007,2006,Regular Season,Regular Season,2007-01-31,Wednesday,00:00,Golden State Warriors,Atlanta Hawks,Atlanta Hawks,Golden State Warriors,115,94,209,21,Atlanta Hawks,Golden State Warriors,Home Win (115-94),115-94,Four 12-minute quarters / 48 min,No,State Farm Arena,"Atlanta, GA",13474,Atlanta Hawks team victory,"Atlanta Hawks defeated Golden State Warriors 115-94 in Regular Season at State Farm Arena (Atlanta, GA).",SportsDataVerse hoopR / ESPN NBA Hidden API
661,270131003,2006-2007,2006,Regular Season,Regular Season,2007-01-31,Wednesday,00:00,Philadelphia 76ers,NO/Oklahoma City Hornets,NO/Oklahoma City Hornets,Philadelphia 76ers,78,89,167,11,Philadelphia 76ers,NO/Oklahoma City Hornets,Away Win (89-78),78-89,Four 12-minute quarters / 48 min,No,Paycom Center,"Oklahoma City, OK",16958,Philadelphia 76ers team victory,"Philadelphia 76ers defeated NO/Oklahoma City Hornets 89-78 in Regular Season at Paycom Center (Oklahoma City, OK).",SportsDataVerse hoopR / ESPN NBA Hidden API
662,270131016,2006-2007,2006,Regular Season,Regular Season,2007-01-31,Wednesday,00:00,Sacramento Kings,Minnesota Timberwolves,Minnesota Timberwolves,Sacramento Kings,98,100,198,2,Sacramento Kings,Minnesota Timberwolves,Away Win (100-98),98-100,Four 12-minute quarters / 48 min,No,Target Center,"Minneapolis, MN",14607,Sacramento Kings team victory,"Sacramento Kings defeated Minnesota Timberwolves 100-98 in Regular Season at Target Center (Minneapolis, MN).",SportsDataVerse hoopR / ESPN NBA Hidden API
663,270131019,2006-2007,2006,Regular Season,Regular Season,2007-01-31,Wednesday,00:00,Milwaukee Bucks,Orlando Magic,Orlando Magic,Milwaukee Bucks,98,73,171,25,Orlando Magic,Milwaukee Bucks,Home Win (98-73),98-73,Four 12-minute quarters / 48 min,No,Amway Arena,"Orlando, FL",15831,Orlando Magic team victory,"Orlando Magic defeated Milwaukee Bucks 98-73 in Regular Season at Amway Arena (Orlando, FL).",SportsDataVerse hoopR / ESPN NBA Hidden API
664,270131022,2006-2007,2006,Regular Season,Regular Season,2007-01-31,Wednesday,00:00,Denver Nuggets,Portland Trail Blazers,Portland Trail Blazers,Denver Nuggets,100,91,191,9,Portland Trail Blazers,Denver Nuggets,Home Win (100-91),100-91,Four 12-minute quarters / 48 min,No,Moda Center,"Portland, OR",19980,Portland Trail Blazers team victory,"Portland Trail Blazers defeated Denver Nuggets 100-91 in Regular Season at Moda Center (Portland, OR).",SportsDataVerse hoopR / ESPN NBA Hidden API
665,270131026,2006-2007,2006,Regular Season,Regular Season,2007-01-31,Wednesday,00:00,San Antonio Spurs,Utah Jazz,Utah Jazz,San Antonio Spurs,97,93,190,4,Utah Jazz,San Antonio Spurs,Home Win (97-93),97-93,Four 12-minute quarters / 48 min,No,Vivint Arena,"Salt Lake City, UT",19911,Utah Jazz team victory,"Utah Jazz defeated San Antonio Spurs 97-93 in Regular Season at Vivint Arena (Salt Lake City, UT).",SportsDataVerse hoopR / ESPN NBA Hidden API
666,270131028,2006-2007,2006,Regular Season,Regular Season,2007-01-31,Wednesday,00:00,Washington Wizards,Toronto Raptors,Toronto Raptors,Washington Wizards,119,109,228,10,Toronto Raptors,Washington Wizards,Home Win (119-109),119-109,Four 12-minute quarters / 48 min,No,Scotiabank Arena,"Toronto, ON",16145,Toronto Raptors team victory,"Toronto Raptors defeated Washington Wizards 119-109 in Regular Season at Scotiabank Arena (Toronto, ON).",SportsDataVerse hoopR / ESPN NBA Hidden API
667,270131029,2006-2007,2006,Regular Season,Regular Season,2007-01-31,Wednesday,00:00,Dallas Mavericks,Memphis Grizzlies,Memphis Grizzlies,Dallas Mavericks,94,95,189,1,Dallas Mavericks,Memphis Grizzlies,Away Win (95-94),94-95,Four 12-minute quarters / 48 min,No,FedExForum,"Memphis, TN",14762,Dallas Mavericks team victory,"Dallas Mavericks defeated Memphis Grizzlies 95-94 in Regular Season at FedExForum (Memphis, TN).",SportsDataVerse hoopR / ESPN NBA Hidden API
668,270131030,2006-2007,2006,Regular Season,Regular Season,2007-01-31,Wednesday,00:00,New York Knicks,Charlotte Bobcats,Charlotte Bobcats,New York Knicks,104,87,191,17,Charlotte Bobcats,New York Knicks,Home Win (104-87),104-87,Four 12-minute quarters / 48 min,No,Spectrum Center,"Charlotte, NC",13985,Charlotte Bobcats team victory,"Charlotte Bobcats defeated New York Knicks 104-87 in Regular Season at Spectrum Center (Charlotte, NC).",SportsDataVerse hoopR / ESPN NBA Hidden API
669,270131002,2006-2007,2006,Regular Season,Regular Season,2007-01-31,Wednesday,00:30,Los Angeles Lakers,Boston Celtics,Boston Celtics,Los Angeles Lakers,98,111,209,13,Los Angeles Lakers,Boston Celtics,Away Win (111-98),98-111,Four 12-minute quarters / 48 min,No,TD Garden,"Boston, MA",18624,Los Angeles Lakers team victory,"Los Angeles Lakers defeated Boston Celtics 111-98 in Regular Season at TD Garden (Boston, MA).",SportsDataVerse hoopR / ESPN NBA Hidden API
670,270131010,2006-2007,2006,Regular Season,Regular Season,2007-01-31,Wednesday,00:30,Seattle SuperSonics,Houston Rockets,Houston Rockets,Seattle SuperSonics,112,102,214,10,Houston Rockets,Seattle SuperSonics,Home Win (112-102),112-102,Four 12-minute quarters / 48 min,No,Toyota Center (Houston),"Houston, TX",11908,Houston Rockets team victory,"Houston Rockets defeated Seattle SuperSonics 112-102 in Regular Season at Toyota Center (Houston) (Houston, TX).",SportsDataVerse hoopR / ESPN NBA Hidden API
671,270131012,2006-2007,2006,Regular Season,Regular Season,2007-01-31,Wednesday,00:30,Chicago Bulls,LA Clippers,LA Clippers,Chicago Bulls,110,98,208,12,LA Clippers,Chicago Bulls,Home Win (110-98),110-98,Four 12-minute quarters / 48 min,No,crypto.com Arena,"Los Angeles, CA",18390,LA Clippers team victory,"LA Clippers defeated Chicago Bulls 110-98 in Regular Season at crypto.com Arena (Los Angeles, CA).",SportsDataVerse hoopR / ESPN NBA Hidden API
672,270131017,2006-2007,2006,Regular Season,Regular Season,2007-01-31,Wednesday,00:30,Detroit Pistons,New Jersey Nets,New Jersey Nets,Detroit Pistons,89,113,202,24,Detroit Pistons,New Jersey Nets,Away Win (113-89),89-113,Four 12-minute quarters / 48 min,No,IZOD Center,"East Rutherford, NJ",17025,Detroit Pistons team victory,"Detroit Pistons defeated New Jersey Nets 113-89 in Regular Season at IZOD Center (East Rutherford, NJ).",SportsDataVerse hoopR / ESPN NBA Hidden API
673,270201014,2006-2007,2006,Regular Season,Regular Season,2007-02-01,Thursday,01:00,Cleveland Cavaliers,Miami Heat,Miami Heat,Cleveland Cavaliers,92,89,181,3,Miami Heat,Cleveland Cavaliers,Home Win (92-89),92-89,Four 12-minute quarters / 48 min,No,Kaseya Center,"Miami, FL",20125,Miami Heat team victory,"Miami Heat defeated Cleveland Cavaliers 92-89 in Regular Season at Kaseya Center (Miami, FL).",SportsDataVerse hoopR / ESPN NBA Hidden API
674,270201021,2006-2007,2006,Regular Season,Regular Season,2007-02-01,Thursday,01:30,San Antonio Spurs,Phoenix Suns,Phoenix Suns,San Antonio Spurs,103,87,190,16,Phoenix Suns,San Antonio Spurs,Home Win (103-87),103-87,Four 12-minute quarters / 48 min,No,Footprint Center,"Phoenix, AZ",18422,Phoenix Suns team victory,"Phoenix Suns defeated San Antonio Spurs 103-87 in Regular Season at Footprint Center (Phoenix, AZ).",SportsDataVerse hoopR / ESPN NBA Hidden API
675,270202003,2006-2007,2006,Regular Season,Regular Season,2007-02-02,Friday,00:00,Minnesota Timberwolves,NO/Oklahoma City Hornets,NO/Oklahoma City Hornets,Minnesota Timberwolves,90,83,173,7,NO/Oklahoma City Hornets,Minnesota Timberwolves,Home Win (90-83),90-83,Four 12-minute quarters / 48 min,No,Paycom Center,"Oklahoma City, OK",18032,NO/Oklahoma City Hornets team victory,"NO/Oklahoma City Hornets defeated Minnesota Timberwolves 90-83 in Regular Season at Paycom Center (Oklahoma City, OK).",SportsDataVerse hoopR / ESPN NBA Hidden API
676,270202007,2006-2007,2006,Regular Season,Regular Season,2007-02-02,Friday,00:00,Portland Trail Blazers,Denver Nuggets,Denver Nuggets,Portland Trail Blazers,114,107,221,7,Denver Nuggets,Portland Trail Blazers,Home Win (114-107),114-107,Four 12-minute quarters / 48 min,Yes,Ball Arena,"Denver, CO",19290,Denver Nuggets team victory (OT),"Denver Nuggets edged Portland Trail Blazers 114-107 in overtime at Ball Arena (Denver, CO).",SportsDataVerse hoopR / ESPN NBA Hidden API
677,270202011,2006-2007,2006,Regular Season,Regular Season,2007-02-02,Friday,00:00,Los Angeles Lakers,Indiana Pacers,Indiana Pacers,Los Angeles Lakers,95,84,179,11,Indiana Pacers,Los Angeles Lakers,Home Win (95-84),95-84,Four 12-minute quarters / 48 min,No,Gainbridge Fieldhouse,"Indianapolis, IN",17662,Indiana Pacers team victory,"Indiana Pacers defeated Los Angeles Lakers 95-84 in Regular Season at Gainbridge Fieldhouse (Indianapolis, IN).",SportsDataVerse hoopR / ESPN NBA Hidden API
678,270202020,2006-2007,2006,Regular Season,Regular Season,2007-02-02,Friday,00:00,Golden State Warriors,Philadelphia 76ers,Philadelphia 76ers,Golden State Warriors,101,102,203,1,Golden State Warriors,Philadelphia 76ers,Away Win (102-101),101-102,Four 12-minute quarters / 48 min,No,Wells Fargo Center,"Philadelphia, PA",12768,Golden State Warriors team victory,"Golden State Warriors defeated Philadelphia 76ers 102-101 in Regular Season at Wells Fargo Center (Philadelphia, PA).",SportsDataVerse hoopR / ESPN NBA Hidden API
679,270202001,2006-2007,2006,Regular Season,Regular Season,2007-02-02,Friday,00:30,Toronto Raptors,Atlanta Hawks,Atlanta Hawks,Toronto Raptors,91,103,194,12,Toronto Raptors,Atlanta Hawks,Away Win (103-91),91-103,Four 12-minute quarters / 48 min,No,State Farm Arena,"Atlanta, GA",13200,Toronto Raptors team victory,"Toronto Raptors defeated Atlanta Hawks 103-91 in Regular Season at State Farm Arena (Atlanta, GA).",SportsDataVerse hoopR / ESPN NBA Hidden API
680,270202002,2006-2007,2006,Regular Season,Regular Season,2007-02-02,Friday,00:30,LA Clippers,Boston Celtics,Boston Celtics,LA Clippers,89,100,189,11,LA Clippers,Boston Celtics,Away Win (100-89),89-100,Four 12-minute quarters / 48 min,No,TD Garden,"Boston, MA",15740,LA Clippers team victory,"LA Clippers defeated Boston Celtics 100-89 in Regular Season at TD Garden (Boston, MA).",SportsDataVerse hoopR / ESPN NBA Hidden API
681,270202005,2006-2007,2006,Regular Season,Regular Season,2007-02-02,Friday,00:30,Charlotte Bobcats,Cleveland Cavaliers,Cleveland Cavaliers,Charlotte Bobcats,101,81,182,20,Cleveland Cavaliers,Charlotte Bobcats,Home Win (101-81),101-81,Four 12-minute quarters / 48 min,No,Rocket Mortgage FieldHouse,"Cleveland, OH",20562,Cleveland Cavaliers team victory,"Cleveland Cavaliers defeated Charlotte Bobcats 101-81 in Regular Season at Rocket Mortgage FieldHouse (Cleveland, OH).",SportsDataVerse hoopR / ESPN NBA Hidden API
682,270202025,2006-2007,2006,Regular Season,Regular Season,2007-02-02,Friday,00:30,Chicago Bulls,Seattle SuperSonics,Seattle SuperSonics,Chicago Bulls,101,107,208,6,Chicago Bulls,Seattle SuperSonics,Away Win (107-101),101-107,Four 12-minute quarters / 48 min,No,KeyArena,"Seattle, WA",16291,Chicago Bulls team victory,"Chicago Bulls defeated Seattle SuperSonics 107-101 in Regular Season at KeyArena (Seattle, WA).",SportsDataVerse hoopR / ESPN NBA Hidden API
683,270202008,2006-2007,2006,Regular Season,Regular Season,2007-02-02,Friday,01:00,Milwaukee Bucks,Detroit Pistons,Detroit Pistons,Milwaukee Bucks,96,86,182,10,Detroit Pistons,Milwaukee Bucks,Home Win (96-86),96-86,Four 12-minute quarters / 48 min,No,The Palace of Auburn Hills,"Detroit, MI",22076,Detroit Pistons team victory,"Detroit Pistons defeated Milwaukee Bucks 96-86 in Regular Season at The Palace of Auburn Hills (Detroit, MI).",SportsDataVerse hoopR / ESPN NBA Hidden API
684,270202019,2006-2007,2006,Regular Season,Regular Season,2007-02-02,Friday,01:00,New Jersey Nets,Orlando Magic,Orlando Magic,New Jersey Nets,119,86,205,33,Orlando Magic,New Jersey Nets,Home Win (119-86),119-86,Four 12-minute quarters / 48 min,No,Amway Arena,"Orlando, FL",17451,Orlando Magic team victory,"Orlando Magic defeated New Jersey Nets 119-86 in Regular Season at Amway Arena (Orlando, FL).",SportsDataVerse hoopR / ESPN NBA Hidden API
685,270203019,2006-2007,2006,Regular Season,Regular Season,2007-02-03,Saturday,00:00,New York Knicks,Orlando Magic,Orlando Magic,New York Knicks,86,94,180,8,New York Knicks,Orlando Magic,Away Win (94-86),86-94,Four 12-minute quarters / 48 min,No,Amway Arena,"Orlando, FL",17451,New York Knicks team victory,"New York Knicks defeated Orlando Magic 94-86 in Regular Season at Amway Arena (Orlando, FL).",SportsDataVerse hoopR / ESPN NBA Hidden API
686,270203021,2006-2007,2006,Regular Season,Regular Season,2007-02-03,Saturday,00:00,Utah Jazz,Phoenix Suns,Phoenix Suns,Utah Jazz,105,108,213,3,Utah Jazz,Phoenix Suns,Away Win (108-105),105-108,Four 12-minute quarters / 48 min,No,Footprint Center,"Phoenix, AZ",18422,Utah Jazz team victory,"Utah Jazz defeated Phoenix Suns 108-105 in Regular Season at Footprint Center (Phoenix, AZ).",SportsDataVerse hoopR / ESPN NBA Hidden API
687,270203022,2006-2007,2006,Regular Season,Regular Season,2007-02-03,Saturday,00:00,Chicago Bulls,Portland Trail Blazers,Portland Trail Blazers,Chicago Bulls,86,88,174,2,Chicago Bulls,Portland Trail Blazers,Away Win (88-86),86-88,Four 12-minute quarters / 48 min,No,Moda Center,"Portland, OR",19980,Chicago Bulls team victory,"Chicago Bulls defeated Portland Trail Blazers 88-86 in Regular Season at Moda Center (Portland, OR).",SportsDataVerse hoopR / ESPN NBA Hidden API
688,270203023,2006-2007,2006,Regular Season,Regular Season,2007-02-03,Saturday,00:00,Denver Nuggets,Sacramento Kings,Sacramento Kings,Denver Nuggets,94,87,181,7,Sacramento Kings,Denver Nuggets,Home Win (94-87),94-87,Four 12-minute quarters / 48 min,No,Sleep Train Arena,"Sacramento, CA",17317,Sacramento Kings team victory,"Sacramento Kings defeated Denver Nuggets 94-87 in Regular Season at Sleep Train Arena (Sacramento, CA).",SportsDataVerse hoopR / ESPN NBA Hidden API
689,270203027,2006-2007,2006,Regular Season,Regular Season,2007-02-03,Saturday,00:00,Los Angeles Lakers,Washington Wizards,Washington Wizards,Los Angeles Lakers,102,118,220,16,Los Angeles Lakers,Washington Wizards,Away Win (118-102),102-118,Four 12-minute quarters / 48 min,No,Capital One Arena,"Washington, DC",20173,Los Angeles Lakers team victory,"Los Angeles Lakers defeated Washington Wizards 118-102 in Regular Season at Capital One Arena (Washington, DC).",SportsDataVerse hoopR / ESPN NBA Hidden API
690,270203029,2006-2007,2006,Regular Season,Regular Season,2007-02-03,Saturday,00:00,Indiana Pacers,Memphis Grizzlies,Memphis Grizzlies,Indiana Pacers,110,116,226,6,Indiana Pacers,Memphis Grizzlies,Away Win (116-110),110-116,Four 12-minute quarters / 48 min,No,FedExForum,"Memphis, TN",16163,Indiana Pacers team victory,"Indiana Pacers defeated Memphis Grizzlies 116-110 in Regular Season at FedExForum (Memphis, TN).",SportsDataVerse hoopR / ESPN NBA Hidden API
691,270203030,2006-2007,2006,Regular Season,Regular Season,2007-02-03,Saturday,00:00,Golden State Warriors,Charlotte Bobcats,Charlotte Bobcats,Golden State Warriors,98,90,188,8,Charlotte Bobcats,Golden State Warriors,Home Win (98-90),98-90,Four 12-minute quarters / 48 min,No,Spectrum Center,"Charlotte, NC",15171,Charlotte Bobcats team victory,"Charlotte Bobcats defeated Golden State Warriors 98-90 in Regular Season at Spectrum Center (Charlotte, NC).",SportsDataVerse hoopR / ESPN NBA Hidden API
692,270203006,2006-2007,2006,Regular Season,Regular Season,2007-02-03,Saturday,00:30,Minnesota Timberwolves,Dallas Mavericks,Dallas Mavericks,Minnesota Timberwolves,94,93,187,1,Dallas Mavericks,Minnesota Timberwolves,Home Win (94-93),94-93,Four 12-minute quarters / 48 min,No,American Airlines Center,"Dallas, TX",20467,Dallas Mavericks team victory,"Dallas Mavericks defeated Minnesota Timberwolves 94-93 in Regular Season at American Airlines Center (Dallas, TX).",SportsDataVerse hoopR / ESPN NBA Hidden API
693,270203010,2006-2007,2006,Regular Season,Regular Season,2007-02-03,Saturday,00:30,NO/Oklahoma City Hornets,Houston Rockets,Houston Rockets,NO/Oklahoma City Hornets,74,87,161,13,NO/Oklahoma City Hornets,Houston Rockets,Away Win (87-74),74-87,Four 12-minute quarters / 48 min,No,Toyota Center (Houston),"Houston, TX",18081,NO/Oklahoma City Hornets team victory,"NO/Oklahoma City Hornets defeated Houston Rockets 87-74 in Regular Season at Toyota Center (Houston) (Houston, TX).",SportsDataVerse hoopR / ESPN NBA Hidden API
694,270203015,2006-2007,2006,Regular Season,Regular Season,2007-02-03,Saturday,00:30,Miami Heat,Milwaukee Bucks,Milwaukee Bucks,Miami Heat,98,117,215,19,Miami Heat,Milwaukee Bucks,Away Win (117-98),98-117,Four 12-minute quarters / 48 min,No,BMO Harris Bradley Center,"Milwaukee, WI",17836,Miami Heat team victory,"Miami Heat defeated Milwaukee Bucks 117-98 in Regular Season at BMO Harris Bradley Center (Milwaukee, WI).",SportsDataVerse hoopR / ESPN NBA Hidden API
695,270204017,2006-2007,2006,Regular Season,Regular Season,2007-02-04,Sunday,17:00,Atlanta Hawks,New Jersey Nets,New Jersey Nets,Atlanta Hawks,99,101,200,2,Atlanta Hawks,New Jersey Nets,Away Win (101-99),99-101,Four 12-minute quarters / 48 min,Yes,IZOD Center,"East Rutherford, NJ",14824,Atlanta Hawks team victory (OT),"Atlanta Hawks edged New Jersey Nets 101-99 in overtime at IZOD Center (East Rutherford, NJ).",SportsDataVerse hoopR / ESPN NBA Hidden API
696,270204028,2006-2007,2006,Regular Season,Regular Season,2007-02-04,Sunday,17:00,LA Clippers,Toronto Raptors,Toronto Raptors,LA Clippers,122,110,232,12,Toronto Raptors,LA Clippers,Home Win (122-110),122-110,Four 12-minute quarters / 48 min,No,Scotiabank Arena,"Toronto, ON",17214,Toronto Raptors team victory,"Toronto Raptors defeated LA Clippers 122-110 in Regular Season at Scotiabank Arena (Toronto, ON).",SportsDataVerse hoopR / ESPN NBA Hidden API
697,270204005,2006-2007,2006,Regular Season,Regular Season,2007-02-04,Sunday,19:30,Detroit Pistons,Cleveland Cavaliers,Cleveland Cavaliers,Detroit Pistons,78,90,168,12,Detroit Pistons,Cleveland Cavaliers,Away Win (90-78),78-90,Four 12-minute quarters / 48 min,No,Rocket Mortgage FieldHouse,"Cleveland, OH",20140,Detroit Pistons team victory,"Detroit Pistons defeated Cleveland Cavaliers 90-78 in Regular Season at Rocket Mortgage FieldHouse (Cleveland, OH).",SportsDataVerse hoopR / ESPN NBA Hidden API
698,270205001,2006-2007,2006,Regular Season,Regular Season,2007-02-05,Monday,00:00,Los Angeles Lakers,Atlanta Hawks,Atlanta Hawks,Los Angeles Lakers,83,90,173,7,Los Angeles Lakers,Atlanta Hawks,Away Win (90-83),83-90,Four 12-minute quarters / 48 min,No,State Farm Arena,"Atlanta, GA",19600,Los Angeles Lakers team victory,"Los Angeles Lakers defeated Atlanta Hawks 90-83 in Regular Season at State Farm Arena (Atlanta, GA).",SportsDataVerse hoopR / ESPN NBA Hidden API
699,270205007,2006-2007,2006,Regular Season,Regular Season,2007-02-05,Monday,00:00,Phoenix Suns,Denver Nuggets,Denver Nuggets,Phoenix Suns,108,113,221,5,Phoenix Suns,Denver Nuggets,Away Win (113-108),108-113,Four 12-minute quarters / 48 min,No,Ball Arena,"Denver, CO",19155,Phoenix Suns team victory,"Phoenix Suns defeated Denver Nuggets 113-108 in Regular Season at Ball Arena (Denver, CO).",SportsDataVerse hoopR / ESPN NBA Hidden API
700,270205011,2006-2007,2006,Regular Season,Regular Season,2007-02-05,Monday,00:00,Golden State Warriors,Indiana Pacers,Indiana Pacers,Golden State Warriors,98,113,211,15,Golden State Warriors,Indiana Pacers,Away Win (113-98),98-113,Four 12-minute quarters / 48 min,No,Gainbridge Fieldhouse,"Indianapolis, IN",12736,Golden State Warriors team victory,"Golden State Warriors defeated Indiana Pacers 113-98 in Regular Season at Gainbridge Fieldhouse (Indianapolis, IN).",SportsDataVerse hoopR / ESPN NBA Hidden API
701,270205020,2006-2007,2006,Regular Season,Regular Season,2007-02-05,Monday,00:00,New Jersey Nets,Philadelphia 76ers,Philadelphia 76ers,New Jersey Nets,100,98,198,2,Philadelphia 76ers,New Jersey Nets,Home Win (100-98),100-98,Four 12-minute quarters / 48 min,Yes,Wells Fargo Center,"Philadelphia, PA",12251,Philadelphia 76ers team victory (OT),"Philadelphia 76ers edged New Jersey Nets 100-98 in overtime at Wells Fargo Center (Philadelphia, PA).",SportsDataVerse hoopR / ESPN NBA Hidden API
702,270205023,2006-2007,2006,Regular Season,Regular Season,2007-02-05,Monday,00:00,NO/Oklahoma City Hornets,Sacramento Kings,Sacramento Kings,NO/Oklahoma City Hornets,105,99,204,6,Sacramento Kings,NO/Oklahoma City Hornets,Home Win (105-99),105-99,Four 12-minute quarters / 48 min,No,Sleep Train Arena,"Sacramento, CA",17317,Sacramento Kings team victory,"Sacramento Kings defeated NO/Oklahoma City Hornets 105-99 in Regular Season at Sleep Train Arena (Sacramento, CA).",SportsDataVerse hoopR / ESPN NBA Hidden API
703,270205026,2006-2007,2006,Regular Season,Regular Season,2007-02-05,Monday,00:00,Chicago Bulls,Utah Jazz,Utah Jazz,Chicago Bulls,100,95,195,5,Utah Jazz,Chicago Bulls,Home Win (100-95),100-95,Four 12-minute quarters / 48 min,No,Vivint Arena,"Salt Lake City, UT",19911,Utah Jazz team victory,"Utah Jazz defeated Chicago Bulls 100-95 in Regular Season at Vivint Arena (Salt Lake City, UT).",SportsDataVerse hoopR / ESPN NBA Hidden API
704,270205027,2006-2007,2006,Regular Season,Regular Season,2007-02-05,Monday,00:00,Seattle SuperSonics,Washington Wizards,Washington Wizards,Seattle SuperSonics,118,108,226,10,Washington Wizards,Seattle SuperSonics,Home Win (118-108),118-108,Four 12-minute quarters / 48 min,No,Capital One Arena,"Washington, DC",15332,Washington Wizards team victory,"Washington Wizards defeated Seattle SuperSonics 118-108 in Regular Season at Capital One Arena (Washington, DC).",SportsDataVerse hoopR / ESPN NBA Hidden API
705,270205010,2006-2007,2006,Regular Season,Regular Season,2007-02-05,Monday,00:30,Minnesota Timberwolves,Houston Rockets,Houston Rockets,Minnesota Timberwolves,105,77,182,28,Houston Rockets,Minnesota Timberwolves,Home Win (105-77),105-77,Four 12-minute quarters / 48 min,No,Toyota Center (Houston),"Houston, TX",10761,Houston Rockets team victory,"Houston Rockets defeated Minnesota Timberwolves 105-77 in Regular Season at Toyota Center (Houston) (Houston, TX).",SportsDataVerse hoopR / ESPN NBA Hidden API
706,270205014,2006-2007,2006,Regular Season,Regular Season,2007-02-05,Monday,00:30,Charlotte Bobcats,Miami Heat,Miami Heat,Charlotte Bobcats,113,93,206,20,Miami Heat,Charlotte Bobcats,Home Win (113-93),113-93,Four 12-minute quarters / 48 min,No,Kaseya Center,"Miami, FL",19600,Miami Heat team victory,"Miami Heat defeated Charlotte Bobcats 113-93 in Regular Season at Kaseya Center (Miami, FL).",SportsDataVerse hoopR / ESPN NBA Hidden API
707,270206015,2006-2007,2006,Regular Season,Regular Season,2007-02-06,Tuesday,00:00,Orlando Magic,Milwaukee Bucks,Milwaukee Bucks,Orlando Magic,116,111,227,5,Milwaukee Bucks,Orlando Magic,Home Win (116-111),116-111,Four 12-minute quarters / 48 min,No,BMO Harris Bradley Center,"Milwaukee, WI",13579,Milwaukee Bucks team victory,"Milwaukee Bucks defeated Orlando Magic 116-111 in Regular Season at BMO Harris Bradley Center (Milwaukee, WI).",SportsDataVerse hoopR / ESPN NBA Hidden API
708,270206022,2006-2007,2006,Regular Season,Regular Season,2007-02-06,Tuesday,00:00,Phoenix Suns,Portland Trail Blazers,Portland Trail Blazers,Phoenix Suns,102,109,211,7,Phoenix Suns,Portland Trail Blazers,Away Win (109-102),102-109,Four 12-minute quarters / 48 min,Yes,Moda Center,"Portland, OR",17171,Phoenix Suns team victory (OT),"Phoenix Suns edged Portland Trail Blazers 109-102 in overtime at Moda Center (Portland, OR).",SportsDataVerse hoopR / ESPN NBA Hidden API
709,270206029,2006-2007,2006,Regular Season,Regular Season,2007-02-06,Tuesday,00:00,Houston Rockets,Memphis Grizzlies,Memphis Grizzlies,Houston Rockets,90,98,188,8,Houston Rockets,Memphis Grizzlies,Away Win (98-90),90-98,Four 12-minute quarters / 48 min,No,FedExForum,"Memphis, TN",12496,Houston Rockets team victory,"Houston Rockets defeated Memphis Grizzlies 98-90 in Regular Season at FedExForum (Memphis, TN).",SportsDataVerse hoopR / ESPN NBA Hidden API
710,270206008,2006-2007,2006,Regular Season,Regular Season,2007-02-06,Tuesday,00:30,Boston Celtics,Detroit Pistons,Detroit Pistons,Boston Celtics,109,102,211,7,Detroit Pistons,Boston Celtics,Home Win (109-102),109-102,Four 12-minute quarters / 48 min,No,The Palace of Auburn Hills,"Detroit, MI",22076,Detroit Pistons team victory,"Detroit Pistons defeated Boston Celtics 109-102 in Regular Season at The Palace of Auburn Hills (Detroit, MI).",SportsDataVerse hoopR / ESPN NBA Hidden API
711,270206018,2006-2007,2006,Regular Season,Regular Season,2007-02-06,Tuesday,00:30,LA Clippers,New York Knicks,New York Knicks,LA Clippers,102,90,192,12,New York Knicks,LA Clippers,Home Win (102-90),102-90,Four 12-minute quarters / 48 min,No,Madison Square Garden,"New York, NY",18539,New York Knicks team victory,"New York Knicks defeated LA Clippers 102-90 in Regular Season at Madison Square Garden (New York, NY).",SportsDataVerse hoopR / ESPN NBA Hidden API
712,270207001,2006-2007,2006,Regular Season,Regular Season,2007-02-07,Wednesday,00:00,New Jersey Nets,Atlanta Hawks,Atlanta Hawks,New Jersey Nets,85,87,172,2,New Jersey Nets,Atlanta Hawks,Away Win (87-85),85-87,Four 12-minute quarters / 48 min,No,State Farm Arena,"Atlanta, GA",14109,New Jersey Nets team victory,"New Jersey Nets defeated Atlanta Hawks 87-85 in Regular Season at State Farm Arena (Atlanta, GA).",SportsDataVerse hoopR / ESPN NBA Hidden API
713,270207005,2006-2007,2006,Regular Season,Regular Season,2007-02-07,Wednesday,00:00,LA Clippers,Cleveland Cavaliers,Cleveland Cavaliers,LA Clippers,94,77,171,17,Cleveland Cavaliers,LA Clippers,Home Win (94-77),94-77,Four 12-minute quarters / 48 min,No,Rocket Mortgage FieldHouse,"Cleveland, OH",20129,Cleveland Cavaliers team victory,"Cleveland Cavaliers defeated LA Clippers 94-77 in Regular Season at Rocket Mortgage FieldHouse (Cleveland, OH).",SportsDataVerse hoopR / ESPN NBA Hidden API
714,270207007,2006-2007,2006,Regular Season,Regular Season,2007-02-07,Wednesday,00:00,NO/Oklahoma City Hornets,Denver Nuggets,Denver Nuggets,NO/Oklahoma City Hornets,112,114,226,2,NO/Oklahoma City Hornets,Denver Nuggets,Away Win (114-112),112-114,Four 12-minute quarters / 48 min,Yes,Ball Arena,"Denver, CO",15298,NO/Oklahoma City Hornets team victory (OT),"NO/Oklahoma City Hornets edged Denver Nuggets 114-112 in overtime at Ball Arena (Denver, CO).",SportsDataVerse hoopR / ESPN NBA Hidden API
715,270207011,2006-2007,2006,Regular Season,Regular Season,2007-02-07,Wednesday,00:00,Seattle SuperSonics,Indiana Pacers,Indiana Pacers,Seattle SuperSonics,102,103,205,1,Seattle SuperSonics,Indiana Pacers,Away Win (103-102),102-103,Four 12-minute quarters / 48 min,No,Gainbridge Fieldhouse,"Indianapolis, IN",12923,Seattle SuperSonics team victory,"Seattle SuperSonics defeated Indiana Pacers 103-102 in Regular Season at Gainbridge Fieldhouse (Indianapolis, IN).",SportsDataVerse hoopR / ESPN NBA Hidden API
716,270207016,2006-2007,2006,Regular Season,Regular Season,2007-02-07,Wednesday,00:00,Golden State Warriors,Minnesota Timberwolves,Minnesota Timberwolves,Golden State Warriors,121,93,214,28,Minnesota Timberwolves,Golden State Warriors,Home Win (121-93),121-93,Four 12-minute quarters / 48 min,No,Target Center,"Minneapolis, MN",13212,Minnesota Timberwolves team victory,"Minnesota Timberwolves defeated Golden State Warriors 121-93 in Regular Season at Target Center (Minneapolis, MN).",SportsDataVerse hoopR / ESPN NBA Hidden API
717,270207020,2006-2007,2006,Regular Season,Regular Season,2007-02-07,Wednesday,00:00,Charlotte Bobcats,Philadelphia 76ers,Philadelphia 76ers,Charlotte Bobcats,92,83,175,9,Philadelphia 76ers,Charlotte Bobcats,Home Win (92-83),92-83,Four 12-minute quarters / 48 min,No,Wells Fargo Center,"Philadelphia, PA",11027,Philadelphia 76ers team victory,"Philadelphia 76ers defeated Charlotte Bobcats 92-83 in Regular Season at Wells Fargo Center (Philadelphia, PA).",SportsDataVerse hoopR / ESPN NBA Hidden API
718,270207027,2006-2007,2006,Regular Season,Regular Season,2007-02-07,Wednesday,00:00,San Antonio Spurs,Washington Wizards,Washington Wizards,San Antonio Spurs,83,110,193,27,San Antonio Spurs,Washington Wizards,Away Win (110-83),83-110,Four 12-minute quarters / 48 min,No,Capital One Arena,"Washington, DC",20173,San Antonio Spurs team victory,"San Antonio Spurs defeated Washington Wizards 110-83 in Regular Season at Capital One Arena (Washington, DC).",SportsDataVerse hoopR / ESPN NBA Hidden API
719,270207028,2006-2007,2006,Regular Season,Regular Season,2007-02-07,Wednesday,00:00,Orlando Magic,Toronto Raptors,Toronto Raptors,Orlando Magic,113,103,216,10,Toronto Raptors,Orlando Magic,Home Win (113-103),113-103,Four 12-minute quarters / 48 min,No,Scotiabank Arena,"Toronto, ON",15157,Toronto Raptors team victory,"Toronto Raptors defeated Orlando Magic 113-103 in Regular Season at Scotiabank Arena (Toronto, ON).",SportsDataVerse hoopR / ESPN NBA Hidden API
720,270207002,2006-2007,2006,Regular Season,Regular Season,2007-02-07,Wednesday,00:30,Miami Heat,Boston Celtics,Boston Celtics,Miami Heat,79,91,170,12,Miami Heat,Boston Celtics,Away Win (91-79),79-91,Four 12-minute quarters / 48 min,No,TD Garden,"Boston, MA",17088,Miami Heat team victory,"Miami Heat defeated Boston Celtics 91-79 in Regular Season at TD Garden (Boston, MA).",SportsDataVerse hoopR / ESPN NBA Hidden API
721,270207006,2006-2007,2006,Regular Season,Regular Season,2007-02-07,Wednesday,00:30,Memphis Grizzlies,Dallas Mavericks,Dallas Mavericks,Memphis Grizzlies,113,97,210,16,Dallas Mavericks,Memphis Grizzlies,Home Win (113-97),113-97,Four 12-minute quarters / 48 min,No,American Airlines Center,"Dallas, TX",20263,Dallas Mavericks team victory,"Dallas Mavericks defeated Memphis Grizzlies 113-97 in Regular Season at American Airlines Center (Dallas, TX).",SportsDataVerse hoopR / ESPN NBA Hidden API
722,270208003,2006-2007,2006,Regular Season,Regular Season,2007-02-08,Thursday,00:00,Milwaukee Bucks,NO/Oklahoma City Hornets,NO/Oklahoma City Hornets,Milwaukee Bucks,109,101,210,8,NO/Oklahoma City Hornets,Milwaukee Bucks,Home Win (109-101),109-101,Four 12-minute quarters / 48 min,Yes,Paycom Center,"Oklahoma City, OK",17364,NO/Oklahoma City Hornets team victory (OT),"NO/Oklahoma City Hornets edged Milwaukee Bucks 109-101 in overtime at Paycom Center (Oklahoma City, OK).",SportsDataVerse hoopR / ESPN NBA Hidden API
723,270208023,2006-2007,2006,Regular Season,Regular Season,2007-02-08,Thursday,00:30,Chicago Bulls,Sacramento Kings,Sacramento Kings,Chicago Bulls,86,77,163,9,Sacramento Kings,Chicago Bulls,Home Win (86-77),86-77,Four 12-minute quarters / 48 min,No,Sleep Train Arena,"Sacramento, CA",17317,Sacramento Kings team victory,"Sacramento Kings defeated Chicago Bulls 86-77 in Regular Season at Sleep Train Arena (Sacramento, CA).",SportsDataVerse hoopR / ESPN NBA Hidden API
724,270208008,2006-2007,2006,Regular Season,Regular Season,2007-02-08,Thursday,01:00,Los Angeles Lakers,Detroit Pistons,Detroit Pistons,Los Angeles Lakers,93,78,171,15,Detroit Pistons,Los Angeles Lakers,Home Win (93-78),93-78,Four 12-minute quarters / 48 min,No,The Palace of Auburn Hills,"Detroit, MI",22076,Detroit Pistons team victory,"Detroit Pistons defeated Los Angeles Lakers 93-78 in Regular Season at The Palace of Auburn Hills (Detroit, MI).",SportsDataVerse hoopR / ESPN NBA Hidden API
725,270209011,2006-2007,2006,Regular Season,Regular Season,2007-02-09,Friday,00:00,Denver Nuggets,Indiana Pacers,Indiana Pacers,Denver Nuggets,95,102,197,7,Denver Nuggets,Indiana Pacers,Away Win (102-95),95-102,Four 12-minute quarters / 48 min,No,Gainbridge Fieldhouse,"Indianapolis, IN",17435,Denver Nuggets team victory,"Denver Nuggets defeated Indiana Pacers 102-95 in Regular Season at Gainbridge Fieldhouse (Indianapolis, IN).",SportsDataVerse hoopR / ESPN NBA Hidden API
726,270209019,2006-2007,2006,Regular Season,Regular Season,2007-02-09,Friday,00:00,San Antonio Spurs,Orlando Magic,Orlando Magic,San Antonio Spurs,106,104,210,2,Orlando Magic,San Antonio Spurs,Home Win (106-104),106-104,Four 12-minute quarters / 48 min,No,Amway Arena,"Orlando, FL",17451,Orlando Magic team victory,"Orlando Magic defeated San Antonio Spurs 106-104 in Regular Season at Amway Arena (Orlando, FL).",SportsDataVerse hoopR / ESPN NBA Hidden API
727,270209020,2006-2007,2006,Regular Season,Regular Season,2007-02-09,Friday,00:00,LA Clippers,Philadelphia 76ers,Philadelphia 76ers,LA Clippers,89,90,179,1,LA Clippers,Philadelphia 76ers,Away Win (90-89),89-90,Four 12-minute quarters / 48 min,No,Wells Fargo Center,"Philadelphia, PA",13696,LA Clippers team victory,"LA Clippers defeated Philadelphia 76ers 90-89 in Regular Season at Wells Fargo Center (Philadelphia, PA).",SportsDataVerse hoopR / ESPN NBA Hidden API
728,270209021,2006-2007,2006,Regular Season,Regular Season,2007-02-09,Friday,00:00,Atlanta Hawks,Phoenix Suns,Phoenix Suns,Atlanta Hawks,111,120,231,9,Atlanta Hawks,Phoenix Suns,Away Win (120-111),111-120,Four 12-minute quarters / 48 min,No,Footprint Center,"Phoenix, AZ",18422,Atlanta Hawks team victory,"Atlanta Hawks defeated Phoenix Suns 120-111 in Regular Season at Footprint Center (Phoenix, AZ).",SportsDataVerse hoopR / ESPN NBA Hidden API
729,270209028,2006-2007,2006,Regular Season,Regular Season,2007-02-09,Friday,00:00,Los Angeles Lakers,Toronto Raptors,Toronto Raptors,Los Angeles Lakers,96,92,188,4,Toronto Raptors,Los Angeles Lakers,Home Win (96-92),96-92,Four 12-minute quarters / 48 min,No,Scotiabank Arena,"Toronto, ON",20012,Toronto Raptors team victory,"Toronto Raptors defeated Los Angeles Lakers 96-92 in Regular Season at Scotiabank Arena (Toronto, ON).",SportsDataVerse hoopR / ESPN NBA Hidden API
730,270209029,2006-2007,2006,Regular Season,Regular Season,2007-02-09,Friday,00:00,Minnesota Timberwolves,Memphis Grizzlies,Memphis Grizzlies,Minnesota Timberwolves,105,97,202,8,Memphis Grizzlies,Minnesota Timberwolves,Home Win (105-97),105-97,Four 12-minute quarters / 48 min,Yes,FedExForum,"Memphis, TN",15963,Memphis Grizzlies team victory (OT),"Memphis Grizzlies edged Minnesota Timberwolves 105-97 in overtime at FedExForum (Memphis, TN).",SportsDataVerse hoopR / ESPN NBA Hidden API
731,270209030,2006-2007,2006,Regular Season,Regular Season,2007-02-09,Friday,00:00,Portland Trail Blazers,Charlotte Bobcats,Charlotte Bobcats,Portland Trail Blazers,100,108,208,8,Portland Trail Blazers,Charlotte Bobcats,Away Win (108-100),100-108,Four 12-minute quarters / 48 min,Yes,Spectrum Center,"Charlotte, NC",15013,Portland Trail Blazers team victory (OT),"Portland Trail Blazers edged Charlotte Bobcats 108-100 in overtime at Spectrum Center (Charlotte, NC).",SportsDataVerse hoopR / ESPN NBA Hidden API
732,270209002,2006-2007,2006,Regular Season,Regular Season,2007-02-09,Friday,00:30,New Jersey Nets,Boston Celtics,Boston Celtics,New Jersey Nets,78,92,170,14,New Jersey Nets,Boston Celtics,Away Win (92-78),78-92,Four 12-minute quarters / 48 min,No,TD Garden,"Boston, MA",17829,New Jersey Nets team victory,"New Jersey Nets defeated Boston Celtics 92-78 in Regular Season at TD Garden (Boston, MA).",SportsDataVerse hoopR / ESPN NBA Hidden API
733,270209006,2006-2007,2006,Regular Season,Regular Season,2007-02-09,Friday,00:30,Houston Rockets,Dallas Mavericks,Dallas Mavericks,Houston Rockets,95,74,169,21,Dallas Mavericks,Houston Rockets,Home Win (95-74),95-74,Four 12-minute quarters / 48 min,No,American Airlines Center,"Dallas, TX",20446,Dallas Mavericks team victory,"Dallas Mavericks defeated Houston Rockets 95-74 in Regular Season at American Airlines Center (Dallas, TX).",SportsDataVerse hoopR / ESPN NBA Hidden API
734,270209009,2006-2007,2006,Regular Season,Regular Season,2007-02-09,Friday,00:30,Chicago Bulls,Golden State Warriors,Golden State Warriors,Chicago Bulls,123,121,244,2,Golden State Warriors,Chicago Bulls,Home Win (123-121),123-121,Four 12-minute quarters / 48 min,Yes,ORACLE Arena,"Oakland, CA",18168,Golden State Warriors team victory (OT),"Golden State Warriors edged Chicago Bulls 123-121 in overtime at ORACLE Arena (Oakland, CA).",SportsDataVerse hoopR / ESPN NBA Hidden API
735,270209005,2006-2007,2006,Regular Season,Regular Season,2007-02-09,Friday,01:00,Miami Heat,Cleveland Cavaliers,Cleveland Cavaliers,Miami Heat,103,79,182,24,Cleveland Cavaliers,Miami Heat,Home Win (103-79),103-79,Four 12-minute quarters / 48 min,No,Rocket Mortgage FieldHouse,"Cleveland, OH",20562,Cleveland Cavaliers team victory,"Cleveland Cavaliers defeated Miami Heat 103-79 in Regular Season at Rocket Mortgage FieldHouse (Cleveland, OH).",SportsDataVerse hoopR / ESPN NBA Hidden API
736,270210003,2006-2007,2006,Regular Season,Regular Season,2007-02-10,Saturday,00:00,Memphis Grizzlies,NO/Oklahoma City Hornets,NO/Oklahoma City Hornets,Memphis Grizzlies,114,99,213,15,NO/Oklahoma City Hornets,Memphis Grizzlies,Home Win (114-99),114-99,Four 12-minute quarters / 48 min,No,Paycom Center,"Oklahoma City, OK",17139,NO/Oklahoma City Hornets team victory,"NO/Oklahoma City Hornets defeated Memphis Grizzlies 114-99 in Regular Season at Paycom Center (Oklahoma City, OK).",SportsDataVerse hoopR / ESPN NBA Hidden API
737,270210025,2006-2007,2006,Regular Season,Regular Season,2007-02-10,Saturday,00:00,Sacramento Kings,Seattle SuperSonics,Seattle SuperSonics,Sacramento Kings,93,114,207,21,Sacramento Kings,Seattle SuperSonics,Away Win (114-93),93-114,Four 12-minute quarters / 48 min,No,KeyArena,"Seattle, WA",17072,Sacramento Kings team victory,"Sacramento Kings defeated Seattle SuperSonics 114-93 in Regular Season at KeyArena (Seattle, WA).",SportsDataVerse hoopR / ESPN NBA Hidden API
738,270210026,2006-2007,2006,Regular Season,Regular Season,2007-02-10,Saturday,00:00,New York Knicks,Utah Jazz,Utah Jazz,New York Knicks,104,102,206,2,Utah Jazz,New York Knicks,Home Win (104-102),104-102,Four 12-minute quarters / 48 min,Yes,Vivint Arena,"Salt Lake City, UT",19911,Utah Jazz team victory (OT),"Utah Jazz edged New York Knicks 104-102 in overtime at Vivint Arena (Salt Lake City, UT).",SportsDataVerse hoopR / ESPN NBA Hidden API
739,270210008,2006-2007,2006,Regular Season,Regular Season,2007-02-10,Saturday,00:30,Toronto Raptors,Detroit Pistons,Detroit Pistons,Toronto Raptors,98,92,190,6,Detroit Pistons,Toronto Raptors,Home Win (98-92),98-92,Four 12-minute quarters / 48 min,No,The Palace of Auburn Hills,"Detroit, MI",22076,Detroit Pistons team victory,"Detroit Pistons defeated Toronto Raptors 98-92 in Regular Season at The Palace of Auburn Hills (Detroit, MI).",SportsDataVerse hoopR / ESPN NBA Hidden API
740,270210010,2006-2007,2006,Regular Season,Regular Season,2007-02-10,Saturday,00:30,Charlotte Bobcats,Houston Rockets,Houston Rockets,Charlotte Bobcats,104,83,187,21,Houston Rockets,Charlotte Bobcats,Home Win (104-83),104-83,Four 12-minute quarters / 48 min,No,Toyota Center (Houston),"Houston, TX",18061,Houston Rockets team victory,"Houston Rockets defeated Charlotte Bobcats 104-83 in Regular Season at Toyota Center (Houston) (Houston, TX).",SportsDataVerse hoopR / ESPN NBA Hidden API
741,270210015,2006-2007,2006,Regular Season,Regular Season,2007-02-10,Saturday,00:30,Denver Nuggets,Milwaukee Bucks,Milwaukee Bucks,Denver Nuggets,102,109,211,7,Denver Nuggets,Milwaukee Bucks,Away Win (109-102),102-109,Four 12-minute quarters / 48 min,No,BMO Harris Bradley Center,"Milwaukee, WI",18317,Denver Nuggets team victory,"Denver Nuggets defeated Milwaukee Bucks 109-102 in Regular Season at BMO Harris Bradley Center (Milwaukee, WI).",SportsDataVerse hoopR / ESPN NBA Hidden API
742,270210017,2006-2007,2006,Regular Season,Regular Season,2007-02-10,Saturday,00:30,Orlando Magic,New Jersey Nets,New Jersey Nets,Orlando Magic,93,78,171,15,New Jersey Nets,Orlando Magic,Home Win (93-78),93-78,Four 12-minute quarters / 48 min,No,IZOD Center,"East Rutherford, NJ",18657,New Jersey Nets team victory,"New Jersey Nets defeated Orlando Magic 93-78 in Regular Season at IZOD Center (East Rutherford, NJ).",SportsDataVerse hoopR / ESPN NBA Hidden API
743,270211014,2006-2007,2006,Regular Season,Regular Season,2007-02-11,Sunday,18:00,San Antonio Spurs,Miami Heat,Miami Heat,San Antonio Spurs,100,85,185,15,Miami Heat,San Antonio Spurs,Home Win (100-85),100-85,Four 12-minute quarters / 48 min,No,Kaseya Center,"Miami, FL",20210,Miami Heat team victory,"Miami Heat defeated San Antonio Spurs 100-85 in Regular Season at Kaseya Center (Miami, FL).",SportsDataVerse hoopR / ESPN NBA Hidden API
744,270211027,2006-2007,2006,Regular Season,Regular Season,2007-02-11,Sunday,18:00,Portland Trail Blazers,Washington Wizards,Washington Wizards,Portland Trail Blazers,73,94,167,21,Portland Trail Blazers,Washington Wizards,Away Win (94-73),73-94,Four 12-minute quarters / 48 min,No,Capital One Arena,"Washington, DC",20173,Portland Trail Blazers team victory,"Portland Trail Blazers defeated Washington Wizards 94-73 in Regular Season at Capital One Arena (Washington, DC).",SportsDataVerse hoopR / ESPN NBA Hidden API
745,270211011,2006-2007,2006,Regular Season,Regular Season,2007-02-11,Sunday,19:30,LA Clippers,Indiana Pacers,Indiana Pacers,LA Clippers,94,80,174,14,Indiana Pacers,LA Clippers,Home Win (94-80),94-80,Four 12-minute quarters / 48 min,No,Gainbridge Fieldhouse,"Indianapolis, IN",12489,Indiana Pacers team victory,"Indiana Pacers defeated LA Clippers 94-80 in Regular Season at Gainbridge Fieldhouse (Indianapolis, IN).",SportsDataVerse hoopR / ESPN NBA Hidden API
746,270211005,2006-2007,2006,Regular Season,Regular Season,2007-02-11,Sunday,20:30,Los Angeles Lakers,Cleveland Cavaliers,Cleveland Cavaliers,Los Angeles Lakers,99,90,189,9,Cleveland Cavaliers,Los Angeles Lakers,Home Win (99-90),99-90,Four 12-minute quarters / 48 min,No,Rocket Mortgage FieldHouse,"Cleveland, OH",20562,Cleveland Cavaliers team victory,"Cleveland Cavaliers defeated Los Angeles Lakers 99-90 in Regular Season at Rocket Mortgage FieldHouse (Cleveland, OH).",SportsDataVerse hoopR / ESPN NBA Hidden API
747,270211016,2006-2007,2006,Regular Season,Regular Season,2007-02-11,Sunday,22:00,Boston Celtics,Minnesota Timberwolves,Minnesota Timberwolves,Boston Celtics,109,107,216,2,Minnesota Timberwolves,Boston Celtics,Home Win (109-107),109-107,Four 12-minute quarters / 48 min,No,Target Center,"Minneapolis, MN",19538,Minnesota Timberwolves team victory,"Minnesota Timberwolves defeated Boston Celtics 109-107 in Regular Season at Target Center (Minneapolis, MN).",SportsDataVerse hoopR / ESPN NBA Hidden API
748,270211009,2006-2007,2006,Regular Season,Regular Season,2007-02-11,Sunday,23:00,Atlanta Hawks,Golden State Warriors,Golden State Warriors,Atlanta Hawks,105,106,211,1,Atlanta Hawks,Golden State Warriors,Away Win (106-105),105-106,Four 12-minute quarters / 48 min,No,ORACLE Arena,"Oakland, CA",17111,Atlanta Hawks team victory,"Atlanta Hawks defeated Golden State Warriors 106-105 in Regular Season at ORACLE Arena (Oakland, CA).",SportsDataVerse hoopR / ESPN NBA Hidden API
749,270211020,2006-2007,2006,Regular Season,Regular Season,2007-02-11,Sunday,23:00,Dallas Mavericks,Philadelphia 76ers,Philadelphia 76ers,Dallas Mavericks,89,106,195,17,Dallas Mavericks,Philadelphia 76ers,Away Win (106-89),89-106,Four 12-minute quarters / 48 min,No,Wells Fargo Center,"Philadelphia, PA",13673,Dallas Mavericks team victory,"Dallas Mavericks defeated Philadelphia 76ers 106-89 in Regular Season at Wells Fargo Center (Philadelphia, PA).",SportsDataVerse hoopR / ESPN NBA Hidden API
750,270211021,2006-2007,2006,Regular Season,Regular Season,2007-02-11,Sunday,23:00,Chicago Bulls,Phoenix Suns,Phoenix Suns,Chicago Bulls,103,116,219,13,Chicago Bulls,Phoenix Suns,Away Win (116-103),103-116,Four 12-minute quarters / 48 min,No,Footprint Center,"Phoenix, AZ",18422,Chicago Bulls team victory,"Chicago Bulls defeated Phoenix Suns 116-103 in Regular Season at Footprint Center (Phoenix, AZ).",SportsDataVerse hoopR / ESPN NBA Hidden API
751,270211023,2006-2007,2006,Regular Season,Regular Season,2007-02-11,Sunday,23:00,Seattle SuperSonics,Sacramento Kings,Sacramento Kings,Seattle SuperSonics,103,114,217,11,Seattle SuperSonics,Sacramento Kings,Away Win (114-103),103-114,Four 12-minute quarters / 48 min,No,Sleep Train Arena,"Sacramento, CA",17317,Seattle SuperSonics team victory,"Seattle SuperSonics defeated Sacramento Kings 114-103 in Regular Season at Sleep Train Arena (Sacramento, CA).",SportsDataVerse hoopR / ESPN NBA Hidden API
752,270212007,2006-2007,2006,Regular Season,Regular Season,2007-02-12,Monday,00:00,Golden State Warriors,Denver Nuggets,Denver Nuggets,Golden State Warriors,123,111,234,12,Denver Nuggets,Golden State Warriors,Home Win (123-111),123-111,Four 12-minute quarters / 48 min,No,Ball Arena,"Denver, CO",15513,Denver Nuggets team victory,"Denver Nuggets defeated Golden State Warriors 123-111 in Regular Season at Ball Arena (Denver, CO).",SportsDataVerse hoopR / ESPN NBA Hidden API
753,270212026,2006-2007,2006,Regular Season,Regular Season,2007-02-12,Monday,00:00,Atlanta Hawks,Utah Jazz,Utah Jazz,Atlanta Hawks,102,76,178,26,Utah Jazz,Atlanta Hawks,Home Win (102-76),102-76,Four 12-minute quarters / 48 min,No,Vivint Arena,"Salt Lake City, UT",19911,Utah Jazz team victory,"Utah Jazz defeated Atlanta Hawks 102-76 in Regular Season at Vivint Arena (Salt Lake City, UT).",SportsDataVerse hoopR / ESPN NBA Hidden API
754,270212008,2006-2007,2006,Regular Season,Regular Season,2007-02-12,Monday,00:30,LA Clippers,Detroit Pistons,Detroit Pistons,LA Clippers,92,74,166,18,Detroit Pistons,LA Clippers,Home Win (92-74),92-74,Four 12-minute quarters / 48 min,No,The Palace of Auburn Hills,"Detroit, MI",22076,Detroit Pistons team victory,"Detroit Pistons defeated LA Clippers 92-74 in Regular Season at The Palace of Auburn Hills (Detroit, MI).",SportsDataVerse hoopR / ESPN NBA Hidden API
755,270213015,2006-2007,2006,Regular Season,Regular Season,2007-02-13,Tuesday,00:00,Dallas Mavericks,Milwaukee Bucks,Milwaukee Bucks,Dallas Mavericks,93,99,192,6,Dallas Mavericks,Milwaukee Bucks,Away Win (99-93),93-99,Four 12-minute quarters / 48 min,No,BMO Harris Bradley Center,"Milwaukee, WI",16514,Dallas Mavericks team victory,"Dallas Mavericks defeated Milwaukee Bucks 99-93 in Regular Season at BMO Harris Bradley Center (Milwaukee, WI).",SportsDataVerse hoopR / ESPN NBA Hidden API
756,270213029,2006-2007,2006,Regular Season,Regular Season,2007-02-13,Tuesday,00:00,NO/Oklahoma City Hornets,Memphis Grizzlies,Memphis Grizzlies,NO/Oklahoma City Hornets,108,104,212,4,Memphis Grizzlies,NO/Oklahoma City Hornets,Home Win (108-104),108-104,Four 12-minute quarters / 48 min,No,FedExForum,"Memphis, TN",10641,Memphis Grizzlies team victory,"Memphis Grizzlies defeated NO/Oklahoma City Hornets 108-104 in Regular Season at FedExForum (Memphis, TN).",SportsDataVerse hoopR / ESPN NBA Hidden API
757,270213004,2006-2007,2006,Regular Season,Regular Season,2007-02-13,Tuesday,00:30,Toronto Raptors,Chicago Bulls,Chicago Bulls,Toronto Raptors,111,112,223,1,Toronto Raptors,Chicago Bulls,Away Win (112-111),111-112,Four 12-minute quarters / 48 min,No,United Center,"Chicago, IL",21776,Toronto Raptors team victory,"Toronto Raptors defeated Chicago Bulls 112-111 in Regular Season at United Center (Chicago, IL).",SportsDataVerse hoopR / ESPN NBA Hidden API
758,270213010,2006-2007,2006,Regular Season,Regular Season,2007-02-13,Tuesday,00:30,Sacramento Kings,Houston Rockets,Houston Rockets,Sacramento Kings,109,104,213,5,Houston Rockets,Sacramento Kings,Home Win (109-104),109-104,Four 12-minute quarters / 48 min,Yes,Toyota Center (Houston),"Houston, TX",13185,Houston Rockets team victory (OT),"Houston Rockets edged Sacramento Kings 109-104 in overtime at Toyota Center (Houston) (Houston, TX).",SportsDataVerse hoopR / ESPN NBA Hidden API
759,270213013,2006-2007,2006,Regular Season,Regular Season,2007-02-13,Tuesday,00:30,New York Knicks,Los Angeles Lakers,Los Angeles Lakers,New York Knicks,106,107,213,1,New York Knicks,Los Angeles Lakers,Away Win (107-106),106-107,Four 12-minute quarters / 48 min,No,crypto.com Arena,"Los Angeles, CA",18997,New York Knicks team victory,"New York Knicks defeated Los Angeles Lakers 107-106 in Regular Season at crypto.com Arena (Los Angeles, CA).",SportsDataVerse hoopR / ESPN NBA Hidden API
760,270213014,2006-2007,2006,Regular Season,Regular Season,2007-02-13,Tuesday,00:30,Portland Trail Blazers,Miami Heat,Miami Heat,Portland Trail Blazers,104,85,189,19,Miami Heat,Portland Trail Blazers,Home Win (104-85),104-85,Four 12-minute quarters / 48 min,No,Kaseya Center,"Miami, FL",19600,Miami Heat team victory,"Miami Heat defeated Portland Trail Blazers 104-85 in Regular Season at Kaseya Center (Miami, FL).",SportsDataVerse hoopR / ESPN NBA Hidden API
761,270213017,2006-2007,2006,Regular Season,Regular Season,2007-02-13,Tuesday,00:30,San Antonio Spurs,New Jersey Nets,New Jersey Nets,San Antonio Spurs,82,107,189,25,San Antonio Spurs,New Jersey Nets,Away Win (107-82),82-107,Four 12-minute quarters / 48 min,No,IZOD Center,"East Rutherford, NJ",14936,San Antonio Spurs team victory,"San Antonio Spurs defeated New Jersey Nets 107-82 in Regular Season at IZOD Center (East Rutherford, NJ).",SportsDataVerse hoopR / ESPN NBA Hidden API
762,270214003,2006-2007,2006,Regular Season,Regular Season,2007-02-14,Wednesday,00:00,Sacramento Kings,NO/Oklahoma City Hornets,NO/Oklahoma City Hornets,Sacramento Kings,110,93,203,17,NO/Oklahoma City Hornets,Sacramento Kings,Home Win (110-93),110-93,Four 12-minute quarters / 48 min,No,Paycom Center,"Oklahoma City, OK",16753,NO/Oklahoma City Hornets team victory,"NO/Oklahoma City Hornets defeated Sacramento Kings 110-93 in Regular Season at Paycom Center (Oklahoma City, OK).",SportsDataVerse hoopR / ESPN NBA Hidden API
763,270214011,2006-2007,2006,Regular Season,Regular Season,2007-02-14,Wednesday,00:00,Memphis Grizzlies,Indiana Pacers,Indiana Pacers,Memphis Grizzlies,114,104,218,10,Indiana Pacers,Memphis Grizzlies,Home Win (114-104),114-104,Four 12-minute quarters / 48 min,No,Gainbridge Fieldhouse,"Indianapolis, IN",13037,Indiana Pacers team victory,"Indiana Pacers defeated Memphis Grizzlies 114-104 in Regular Season at Gainbridge Fieldhouse (Indianapolis, IN).",SportsDataVerse hoopR / ESPN NBA Hidden API
764,270214016,2006-2007,2006,Regular Season,Regular Season,2007-02-14,Wednesday,00:00,Denver Nuggets,Minnesota Timberwolves,Minnesota Timberwolves,Denver Nuggets,99,94,193,5,Minnesota Timberwolves,Denver Nuggets,Home Win (99-94),99-94,Four 12-minute quarters / 48 min,No,Target Center,"Minneapolis, MN",15797,Minnesota Timberwolves team victory,"Minnesota Timberwolves defeated Denver Nuggets 99-94 in Regular Season at Target Center (Minneapolis, MN).",SportsDataVerse hoopR / ESPN NBA Hidden API
765,270214019,2006-2007,2006,Regular Season,Regular Season,2007-02-14,Wednesday,00:00,Portland Trail Blazers,Orlando Magic,Orlando Magic,Portland Trail Blazers,103,91,194,12,Orlando Magic,Portland Trail Blazers,Home Win (103-91),103-91,Four 12-minute quarters / 48 min,No,Amway Arena,"Orlando, FL",16902,Orlando Magic team victory,"Orlando Magic defeated Portland Trail Blazers 103-91 in Regular Season at Amway Arena (Orlando, FL).",SportsDataVerse hoopR / ESPN NBA Hidden API
766,270214020,2006-2007,2006,Regular Season,Regular Season,2007-02-14,Wednesday,00:00,Washington Wizards,Philadelphia 76ers,Philadelphia 76ers,Washington Wizards,85,92,177,7,Washington Wizards,Philadelphia 76ers,Away Win (92-85),85-92,Four 12-minute quarters / 48 min,No,Wells Fargo Center,"Philadelphia, PA",10744,Washington Wizards team victory,"Washington Wizards defeated Philadelphia 76ers 92-85 in Regular Season at Wells Fargo Center (Philadelphia, PA).",SportsDataVerse hoopR / ESPN NBA Hidden API
767,270214025,2006-2007,2006,Regular Season,Regular Season,2007-02-14,Wednesday,00:00,Phoenix Suns,Seattle SuperSonics,Seattle SuperSonics,Phoenix Suns,114,90,204,24,Seattle SuperSonics,Phoenix Suns,Home Win (114-90),114-90,Four 12-minute quarters / 48 min,No,KeyArena,"Seattle, WA",16809,Seattle SuperSonics team victory,"Seattle SuperSonics defeated Phoenix Suns 114-90 in Regular Season at KeyArena (Seattle, WA).",SportsDataVerse hoopR / ESPN NBA Hidden API
768,270214026,2006-2007,2006,Regular Season,Regular Season,2007-02-14,Wednesday,00:00,Cleveland Cavaliers,Utah Jazz,Utah Jazz,Cleveland Cavaliers,99,98,197,1,Utah Jazz,Cleveland Cavaliers,Home Win (99-98),99-98,Four 12-minute quarters / 48 min,No,Vivint Arena,"Salt Lake City, UT",19911,Utah Jazz team victory,"Utah Jazz defeated Cleveland Cavaliers 99-98 in Regular Season at Vivint Arena (Salt Lake City, UT).",SportsDataVerse hoopR / ESPN NBA Hidden API
769,270214028,2006-2007,2006,Regular Season,Regular Season,2007-02-14,Wednesday,00:00,New Jersey Nets,Toronto Raptors,Toronto Raptors,New Jersey Nets,120,109,229,11,Toronto Raptors,New Jersey Nets,Home Win (120-109),120-109,Four 12-minute quarters / 48 min,No,Scotiabank Arena,"Toronto, ON",19800,Toronto Raptors team victory,"Toronto Raptors defeated New Jersey Nets 120-109 in Regular Season at Scotiabank Arena (Toronto, ON).",SportsDataVerse hoopR / ESPN NBA Hidden API
770,270214030,2006-2007,2006,Regular Season,Regular Season,2007-02-14,Wednesday,00:00,Chicago Bulls,Charlotte Bobcats,Charlotte Bobcats,Chicago Bulls,100,85,185,15,Charlotte Bobcats,Chicago Bulls,Home Win (100-85),100-85,Four 12-minute quarters / 48 min,No,Spectrum Center,"Charlotte, NC",14908,Charlotte Bobcats team victory,"Charlotte Bobcats defeated Chicago Bulls 100-85 in Regular Season at Spectrum Center (Charlotte, NC).",SportsDataVerse hoopR / ESPN NBA Hidden API
771,270214002,2006-2007,2006,Regular Season,Regular Season,2007-02-14,Wednesday,00:30,Milwaukee Bucks,Boston Celtics,Boston Celtics,Milwaukee Bucks,117,97,214,20,Boston Celtics,Milwaukee Bucks,Home Win (117-97),117-97,Four 12-minute quarters / 48 min,No,TD Garden,"Boston, MA",14482,Boston Celtics team victory,"Boston Celtics defeated Milwaukee Bucks 117-97 in Regular Season at TD Garden (Boston, MA).",SportsDataVerse hoopR / ESPN NBA Hidden API
772,270214008,2006-2007,2006,Regular Season,Regular Season,2007-02-14,Wednesday,00:30,San Antonio Spurs,Detroit Pistons,Detroit Pistons,San Antonio Spurs,81,90,171,9,San Antonio Spurs,Detroit Pistons,Away Win (90-81),81-90,Four 12-minute quarters / 48 min,No,The Palace of Auburn Hills,"Detroit, MI",22076,San Antonio Spurs team victory,"San Antonio Spurs defeated Detroit Pistons 90-81 in Regular Season at The Palace of Auburn Hills (Detroit, MI).",SportsDataVerse hoopR / ESPN NBA Hidden API
773,270214009,2006-2007,2006,Regular Season,Regular Season,2007-02-14,Wednesday,00:30,New York Knicks,Golden State Warriors,Golden State Warriors,New York Knicks,120,101,221,19,Golden State Warriors,New York Knicks,Home Win (120-101),120-101,Four 12-minute quarters / 48 min,No,ORACLE Arena,"Oakland, CA",17023,Golden State Warriors team victory,"Golden State Warriors defeated New York Knicks 120-101 in Regular Season at ORACLE Arena (Oakland, CA).",SportsDataVerse hoopR / ESPN NBA Hidden API
774,270214012,2006-2007,2006,Regular Season,Regular Season,2007-02-14,Wednesday,00:30,Atlanta Hawks,LA Clippers,LA Clippers,Atlanta Hawks,93,96,189,3,Atlanta Hawks,LA Clippers,Away Win (96-93),93-96,Four 12-minute quarters / 48 min,No,crypto.com Arena,"Los Angeles, CA",17769,Atlanta Hawks team victory,"Atlanta Hawks defeated LA Clippers 96-93 in Regular Season at crypto.com Arena (Los Angeles, CA).",SportsDataVerse hoopR / ESPN NBA Hidden API
775,270215010,2006-2007,2006,Regular Season,Regular Season,2007-02-15,Thursday,00:00,Dallas Mavericks,Houston Rockets,Houston Rockets,Dallas Mavericks,77,80,157,3,Dallas Mavericks,Houston Rockets,Away Win (80-77),77-80,Four 12-minute quarters / 48 min,No,Toyota Center (Houston),"Houston, TX",18270,Dallas Mavericks team victory,"Dallas Mavericks defeated Houston Rockets 80-77 in Regular Season at Toyota Center (Houston) (Houston, TX).",SportsDataVerse hoopR / ESPN NBA Hidden API
776,270215013,2006-2007,2006,Regular Season,Regular Season,2007-02-15,Thursday,00:30,Cleveland Cavaliers,Los Angeles Lakers,Los Angeles Lakers,Cleveland Cavaliers,108,114,222,6,Cleveland Cavaliers,Los Angeles Lakers,Away Win (114-108),108-114,Four 12-minute quarters / 48 min,No,crypto.com Arena,"Los Angeles, CA",18997,Cleveland Cavaliers team victory,"Cleveland Cavaliers defeated Los Angeles Lakers 114-108 in Regular Season at crypto.com Arena (Los Angeles, CA).",SportsDataVerse hoopR / ESPN NBA Hidden API
777,270218032,2006-2007,2006,Not applicable,All-Star Game,2007-02-18,Sunday,01:00,Eastern Conf All-Stars,Western Conf All-Stars,Western Conf All-Stars,Eastern Conf All-Stars,153,132,285,21,Western Conf All-Stars,Eastern Conf All-Stars,Home Win (153-132),153-132,Four 12-minute quarters / 48 min,No,Thomas & Mack Center,"Las Vegas, NV",0,Western Conf All-Stars team victory,"Western Conf All-Stars defeated Eastern Conf All-Stars 153-132 in All-Star Game at Thomas & Mack Center (Las Vegas, NV).",SportsDataVerse hoopR / ESPN NBA Hidden API
778,270220015,2006-2007,2006,Regular Season,Regular Season,2007-02-20,Tuesday,00:00,Detroit Pistons,Milwaukee Bucks,Milwaukee Bucks,Detroit Pistons,83,84,167,1,Detroit Pistons,Milwaukee Bucks,Away Win (84-83),83-84,Four 12-minute quarters / 48 min,No,BMO Harris Bradley Center,"Milwaukee, WI",14873,Detroit Pistons team victory,"Detroit Pistons defeated Milwaukee Bucks 84-83 in Regular Season at BMO Harris Bradley Center (Milwaukee, WI).",SportsDataVerse hoopR / ESPN NBA Hidden API
779,270220022,2006-2007,2006,Regular Season,Regular Season,2007-02-20,Tuesday,00:00,Utah Jazz,Portland Trail Blazers,Portland Trail Blazers,Utah Jazz,103,100,203,3,Portland Trail Blazers,Utah Jazz,Home Win (103-100),103-100,Four 12-minute quarters / 48 min,No,Moda Center,"Portland, OR",14852,Portland Trail Blazers team victory,"Portland Trail Blazers defeated Utah Jazz 103-100 in Regular Season at Moda Center (Portland, OR).",SportsDataVerse hoopR / ESPN NBA Hidden API
780,270220023,2006-2007,2006,Regular Season,Regular Season,2007-02-20,Tuesday,00:00,Boston Celtics,Sacramento Kings,Sacramento Kings,Boston Celtics,104,101,205,3,Sacramento Kings,Boston Celtics,Home Win (104-101),104-101,Four 12-minute quarters / 48 min,No,Sleep Train Arena,"Sacramento, CA",17317,Sacramento Kings team victory,"Sacramento Kings defeated Boston Celtics 104-101 in Regular Season at Sleep Train Arena (Sacramento, CA).",SportsDataVerse hoopR / ESPN NBA Hidden API
781,270220024,2006-2007,2006,Regular Season,Regular Season,2007-02-20,Tuesday,00:00,Denver Nuggets,San Antonio Spurs,San Antonio Spurs,Denver Nuggets,95,80,175,15,San Antonio Spurs,Denver Nuggets,Home Win (95-80),95-80,Four 12-minute quarters / 48 min,No,AT&T Center,"San Antonio, TX",18586,San Antonio Spurs team victory,"San Antonio Spurs defeated Denver Nuggets 95-80 in Regular Season at AT&T Center (San Antonio, TX).",SportsDataVerse hoopR / ESPN NBA Hidden API
782,270220025,2006-2007,2006,Regular Season,Regular Season,2007-02-20,Tuesday,00:00,Memphis Grizzlies,Seattle SuperSonics,Seattle SuperSonics,Memphis Grizzlies,121,105,226,16,Seattle SuperSonics,Memphis Grizzlies,Home Win (121-105),121-105,Four 12-minute quarters / 48 min,No,KeyArena,"Seattle, WA",16006,Seattle SuperSonics team victory,"Seattle SuperSonics defeated Memphis Grizzlies 121-105 in Regular Season at KeyArena (Seattle, WA).",SportsDataVerse hoopR / ESPN NBA Hidden API
783,270220027,2006-2007,2006,Regular Season,Regular Season,2007-02-20,Tuesday,00:00,Minnesota Timberwolves,Washington Wizards,Washington Wizards,Minnesota Timberwolves,112,100,212,12,Washington Wizards,Minnesota Timberwolves,Home Win (112-100),112-100,Four 12-minute quarters / 48 min,No,Capital One Arena,"Washington, DC",16799,Washington Wizards team victory,"Washington Wizards defeated Minnesota Timberwolves 112-100 in Regular Season at Capital One Arena (Washington, DC).",SportsDataVerse hoopR / ESPN NBA Hidden API
784,270220030,2006-2007,2006,Regular Season,Regular Season,2007-02-20,Tuesday,00:00,NO/Oklahoma City Hornets,Charlotte Bobcats,Charlotte Bobcats,NO/Oklahoma City Hornets,104,100,204,4,Charlotte Bobcats,NO/Oklahoma City Hornets,Home Win (104-100),104-100,Four 12-minute quarters / 48 min,No,Spectrum Center,"Charlotte, NC",13007,Charlotte Bobcats team victory,"Charlotte Bobcats defeated NO/Oklahoma City Hornets 104-100 in Regular Season at Spectrum Center (Charlotte, NC).",SportsDataVerse hoopR / ESPN NBA Hidden API
785,270220004,2006-2007,2006,Regular Season,Regular Season,2007-02-20,Tuesday,00:30,Atlanta Hawks,Chicago Bulls,Chicago Bulls,Atlanta Hawks,106,81,187,25,Chicago Bulls,Atlanta Hawks,Home Win (106-81),106-81,Four 12-minute quarters / 48 min,No,United Center,"Chicago, IL",21849,Chicago Bulls team victory,"Chicago Bulls defeated Atlanta Hawks 106-81 in Regular Season at United Center (Chicago, IL).",SportsDataVerse hoopR / ESPN NBA Hidden API
786,270220012,2006-2007,2006,Regular Season,Regular Season,2007-02-20,Tuesday,00:30,Phoenix Suns,LA Clippers,LA Clippers,Phoenix Suns,90,115,205,25,Phoenix Suns,LA Clippers,Away Win (115-90),90-115,Four 12-minute quarters / 48 min,No,crypto.com Arena,"Los Angeles, CA",19898,Phoenix Suns team victory,"Phoenix Suns defeated LA Clippers 115-90 in Regular Season at crypto.com Arena (Los Angeles, CA).",SportsDataVerse hoopR / ESPN NBA Hidden API
787,270220018,2006-2007,2006,Regular Season,Regular Season,2007-02-20,Tuesday,00:30,Orlando Magic,New York Knicks,New York Knicks,Orlando Magic,100,94,194,6,New York Knicks,Orlando Magic,Home Win (100-94),100-94,Four 12-minute quarters / 48 min,No,Madison Square Garden,"New York, NY",19763,New York Knicks team victory,"New York Knicks defeated Orlando Magic 100-94 in Regular Season at Madison Square Garden (New York, NY).",SportsDataVerse hoopR / ESPN NBA Hidden API
788,270221001,2006-2007,2006,Regular Season,Regular Season,2007-02-21,Wednesday,00:00,San Antonio Spurs,Atlanta Hawks,Atlanta Hawks,San Antonio Spurs,96,103,199,7,San Antonio Spurs,Atlanta Hawks,Away Win (103-96),96-103,Four 12-minute quarters / 48 min,No,State Farm Arena,"Atlanta, GA",15565,San Antonio Spurs team victory,"San Antonio Spurs defeated Atlanta Hawks 103-96 in Regular Season at State Farm Arena (Atlanta, GA).",SportsDataVerse hoopR / ESPN NBA Hidden API
789,270221011,2006-2007,2006,Regular Season,Regular Season,2007-02-21,Wednesday,00:00,Milwaukee Bucks,Indiana Pacers,Indiana Pacers,Milwaukee Bucks,136,129,265,7,Indiana Pacers,Milwaukee Bucks,Home Win (136-129),136-129,Four 12-minute quarters / 48 min,Yes,Gainbridge Fieldhouse,"Indianapolis, IN",14019,Indiana Pacers team victory (OT),"Indiana Pacers edged Milwaukee Bucks 136-129 in overtime at Gainbridge Fieldhouse (Indianapolis, IN).",SportsDataVerse hoopR / ESPN NBA Hidden API
790,270221016,2006-2007,2006,Regular Season,Regular Season,2007-02-21,Wednesday,00:00,Charlotte Bobcats,Minnesota Timberwolves,Minnesota Timberwolves,Charlotte Bobcats,95,100,195,5,Charlotte Bobcats,Minnesota Timberwolves,Away Win (100-95),95-100,Four 12-minute quarters / 48 min,No,Target Center,"Minneapolis, MN",16576,Charlotte Bobcats team victory,"Charlotte Bobcats defeated Minnesota Timberwolves 100-95 in Regular Season at Target Center (Minneapolis, MN).",SportsDataVerse hoopR / ESPN NBA Hidden API
791,270221020,2006-2007,2006,Regular Season,Regular Season,2007-02-21,Wednesday,00:00,New York Knicks,Philadelphia 76ers,Philadelphia 76ers,New York Knicks,104,84,188,20,Philadelphia 76ers,New York Knicks,Home Win (104-84),104-84,Four 12-minute quarters / 48 min,No,Wells Fargo Center,"Philadelphia, PA",13712,Philadelphia 76ers team victory,"Philadelphia 76ers defeated New York Knicks 104-84 in Regular Season at Wells Fargo Center (Philadelphia, PA).",SportsDataVerse hoopR / ESPN NBA Hidden API
792,270221021,2006-2007,2006,Regular Season,Regular Season,2007-02-21,Wednesday,00:00,Boston Celtics,Phoenix Suns,Phoenix Suns,Boston Celtics,118,108,226,10,Phoenix Suns,Boston Celtics,Home Win (118-108),118-108,Four 12-minute quarters / 48 min,No,Footprint Center,"Phoenix, AZ",18422,Phoenix Suns team victory,"Phoenix Suns defeated Boston Celtics 118-108 in Regular Season at Footprint Center (Phoenix, AZ).",SportsDataVerse hoopR / ESPN NBA Hidden API
793,270221028,2006-2007,2006,Regular Season,Regular Season,2007-02-21,Wednesday,00:00,Cleveland Cavaliers,Toronto Raptors,Toronto Raptors,Cleveland Cavaliers,85,86,171,1,Cleveland Cavaliers,Toronto Raptors,Away Win (86-85),85-86,Four 12-minute quarters / 48 min,No,Scotiabank Arena,"Toronto, ON",19800,Cleveland Cavaliers team victory,"Cleveland Cavaliers defeated Toronto Raptors 86-85 in Regular Season at Scotiabank Arena (Toronto, ON).",SportsDataVerse hoopR / ESPN NBA Hidden API
794,270221008,2006-2007,2006,Regular Season,Regular Season,2007-02-21,Wednesday,00:30,Orlando Magic,Detroit Pistons,Detroit Pistons,Orlando Magic,110,88,198,22,Detroit Pistons,Orlando Magic,Home Win (110-88),110-88,Four 12-minute quarters / 48 min,No,The Palace of Auburn Hills,"Detroit, MI",22076,Detroit Pistons team victory,"Detroit Pistons defeated Orlando Magic 110-88 in Regular Season at The Palace of Auburn Hills (Detroit, MI).",SportsDataVerse hoopR / ESPN NBA Hidden API
795,270221009,2006-2007,2006,Regular Season,Regular Season,2007-02-21,Wednesday,00:30,Memphis Grizzlies,Golden State Warriors,Golden State Warriors,Memphis Grizzlies,118,115,233,3,Golden State Warriors,Memphis Grizzlies,Home Win (118-115),118-115,Four 12-minute quarters / 48 min,Yes,ORACLE Arena,"Oakland, CA",16967,Golden State Warriors team victory (OT),"Golden State Warriors edged Memphis Grizzlies 118-115 in overtime at ORACLE Arena (Oakland, CA).",SportsDataVerse hoopR / ESPN NBA Hidden API
796,270221013,2006-2007,2006,Regular Season,Regular Season,2007-02-21,Wednesday,00:30,Portland Trail Blazers,Los Angeles Lakers,Los Angeles Lakers,Portland Trail Blazers,108,112,220,4,Portland Trail Blazers,Los Angeles Lakers,Away Win (112-108),108-112,Four 12-minute quarters / 48 min,No,crypto.com Arena,"Los Angeles, CA",18997,Portland Trail Blazers team victory,"Portland Trail Blazers defeated Los Angeles Lakers 112-108 in Regular Season at crypto.com Arena (Los Angeles, CA).",SportsDataVerse hoopR / ESPN NBA Hidden API
797,270221017,2006-2007,2006,Regular Season,Regular Season,2007-02-21,Wednesday,00:30,NO/Oklahoma City Hornets,New Jersey Nets,New Jersey Nets,NO/Oklahoma City Hornets,107,111,218,4,NO/Oklahoma City Hornets,New Jersey Nets,Away Win (111-107),107-111,Four 12-minute quarters / 48 min,No,IZOD Center,"East Rutherford, NJ",15751,NO/Oklahoma City Hornets team victory,"NO/Oklahoma City Hornets defeated New Jersey Nets 111-107 in Regular Season at IZOD Center (East Rutherford, NJ).",SportsDataVerse hoopR / ESPN NBA Hidden API
798,270221010,2006-2007,2006,Regular Season,Regular Season,2007-02-21,Wednesday,01:00,Miami Heat,Houston Rockets,Houston Rockets,Miami Heat,112,102,214,10,Houston Rockets,Miami Heat,Home Win (112-102),112-102,Four 12-minute quarters / 48 min,No,Toyota Center (Houston),"Houston, TX",18324,Houston Rockets team victory,"Houston Rockets defeated Miami Heat 112-102 in Regular Season at Toyota Center (Houston) (Houston, TX).",SportsDataVerse hoopR / ESPN NBA Hidden API
799,270222005,2006-2007,2006,Regular Season,Regular Season,2007-02-22,Thursday,00:00,Chicago Bulls,Cleveland Cavaliers,Cleveland Cavaliers,Chicago Bulls,78,84,162,6,Chicago Bulls,Cleveland Cavaliers,Away Win (84-78),78-84,Four 12-minute quarters / 48 min,No,Rocket Mortgage FieldHouse,"Cleveland, OH",20562,Chicago Bulls team victory,"Chicago Bulls defeated Cleveland Cavaliers 84-78 in Regular Season at Rocket Mortgage FieldHouse (Cleveland, OH).",SportsDataVerse hoopR / ESPN NBA Hidden API
800,270222027,2006-2007,2006,Regular Season,Regular Season,2007-02-22,Thursday,00:00,Sacramento Kings,Washington Wizards,Washington Wizards,Sacramento Kings,109,106,215,3,Washington Wizards,Sacramento Kings,Home Win (109-106),109-106,Four 12-minute quarters / 48 min,No,Capital One Arena,"Washington, DC",15508,Washington Wizards team victory,"Washington Wizards defeated Sacramento Kings 109-106 in Regular Season at Capital One Arena (Washington, DC).",SportsDataVerse hoopR / ESPN NBA Hidden API
801,270222006,2006-2007,2006,Regular Season,Regular Season,2007-02-22,Thursday,01:30,Miami Heat,Dallas Mavericks,Dallas Mavericks,Miami Heat,112,100,212,12,Dallas Mavericks,Miami Heat,Home Win (112-100),112-100,Four 12-minute quarters / 48 min,No,American Airlines Center,"Dallas, TX",20448,Dallas Mavericks team victory,"Dallas Mavericks defeated Miami Heat 112-100 in Regular Season at American Airlines Center (Dallas, TX).",SportsDataVerse hoopR / ESPN NBA Hidden API
802,270223003,2006-2007,2006,Regular Season,Regular Season,2007-02-23,Friday,00:00,Seattle SuperSonics,NO/Oklahoma City Hornets,NO/Oklahoma City Hornets,Seattle SuperSonics,98,97,195,1,NO/Oklahoma City Hornets,Seattle SuperSonics,Home Win (98-97),98-97,Four 12-minute quarters / 48 min,No,Smoothie King Center,"New Orleans, LA",17961,NO/Oklahoma City Hornets team victory,"NO/Oklahoma City Hornets defeated Seattle SuperSonics 98-97 in Regular Season at Smoothie King Center (New Orleans, LA).",SportsDataVerse hoopR / ESPN NBA Hidden API
803,270223004,2006-2007,2006,Regular Season,Regular Season,2007-02-23,Friday,00:00,Washington Wizards,Chicago Bulls,Chicago Bulls,Washington Wizards,105,90,195,15,Chicago Bulls,Washington Wizards,Home Win (105-90),105-90,Four 12-minute quarters / 48 min,No,United Center,"Chicago, IL",22618,Chicago Bulls team victory,"Chicago Bulls defeated Washington Wizards 105-90 in Regular Season at United Center (Chicago, IL).",SportsDataVerse hoopR / ESPN NBA Hidden API
804,270223016,2006-2007,2006,Regular Season,Regular Season,2007-02-23,Friday,00:00,Phoenix Suns,Minnesota Timberwolves,Minnesota Timberwolves,Phoenix Suns,104,116,220,12,Phoenix Suns,Minnesota Timberwolves,Away Win (116-104),104-116,Four 12-minute quarters / 48 min,No,Target Center,"Minneapolis, MN",20196,Phoenix Suns team victory,"Phoenix Suns defeated Minnesota Timberwolves 116-104 in Regular Season at Target Center (Minneapolis, MN).",SportsDataVerse hoopR / ESPN NBA Hidden API
805,270223019,2006-2007,2006,Regular Season,Regular Season,2007-02-23,Friday,00:00,Detroit Pistons,Orlando Magic,Orlando Magic,Detroit Pistons,89,94,183,5,Detroit Pistons,Orlando Magic,Away Win (94-89),89-94,Four 12-minute quarters / 48 min,No,Amway Arena,"Orlando, FL",17451,Detroit Pistons team victory,"Detroit Pistons defeated Orlando Magic 94-89 in Regular Season at Amway Arena (Orlando, FL).",SportsDataVerse hoopR / ESPN NBA Hidden API
806,270223022,2006-2007,2006,Regular Season,Regular Season,2007-02-23,Friday,00:00,Memphis Grizzlies,Portland Trail Blazers,Portland Trail Blazers,Memphis Grizzlies,102,103,205,1,Memphis Grizzlies,Portland Trail Blazers,Away Win (103-102),102-103,Four 12-minute quarters / 48 min,No,Moda Center,"Portland, OR",14875,Memphis Grizzlies team victory,"Memphis Grizzlies defeated Portland Trail Blazers 103-102 in Regular Season at Moda Center (Portland, OR).",SportsDataVerse hoopR / ESPN NBA Hidden API
807,270223028,2006-2007,2006,Regular Season,Regular Season,2007-02-23,Friday,00:00,Indiana Pacers,Toronto Raptors,Toronto Raptors,Indiana Pacers,110,88,198,22,Toronto Raptors,Indiana Pacers,Home Win (110-88),110-88,Four 12-minute quarters / 48 min,No,Scotiabank Arena,"Toronto, ON",19481,Toronto Raptors team victory,"Toronto Raptors defeated Indiana Pacers 110-88 in Regular Season at Scotiabank Arena (Toronto, ON).",SportsDataVerse hoopR / ESPN NBA Hidden API
808,270223030,2006-2007,2006,Regular Season,Regular Season,2007-02-23,Friday,00:00,Philadelphia 76ers,Charlotte Bobcats,Charlotte Bobcats,Philadelphia 76ers,102,87,189,15,Charlotte Bobcats,Philadelphia 76ers,Home Win (102-87),102-87,Four 12-minute quarters / 48 min,No,Spectrum Center,"Charlotte, NC",15781,Charlotte Bobcats team victory,"Charlotte Bobcats defeated Philadelphia 76ers 102-87 in Regular Season at Spectrum Center (Charlotte, NC).",SportsDataVerse hoopR / ESPN NBA Hidden API
809,270223001,2006-2007,2006,Regular Season,Regular Season,2007-02-23,Friday,00:30,Houston Rockets,Atlanta Hawks,Atlanta Hawks,Houston Rockets,105,99,204,6,Atlanta Hawks,Houston Rockets,Home Win (105-99),105-99,Four 12-minute quarters / 48 min,No,State Farm Arena,"Atlanta, GA",16041,Atlanta Hawks team victory,"Atlanta Hawks defeated Houston Rockets 105-99 in Regular Season at State Farm Arena (Atlanta, GA).",SportsDataVerse hoopR / ESPN NBA Hidden API
810,270223013,2006-2007,2006,Regular Season,Regular Season,2007-02-23,Friday,00:30,Boston Celtics,Los Angeles Lakers,Los Angeles Lakers,Boston Celtics,122,96,218,26,Los Angeles Lakers,Boston Celtics,Home Win (122-96),122-96,Four 12-minute quarters / 48 min,No,crypto.com Arena,"Los Angeles, CA",18997,Los Angeles Lakers team victory,"Los Angeles Lakers defeated Boston Celtics 122-96 in Regular Season at crypto.com Arena (Los Angeles, CA).",SportsDataVerse hoopR / ESPN NBA Hidden API
811,270223017,2006-2007,2006,Regular Season,Regular Season,2007-02-23,Friday,00:30,Sacramento Kings,New Jersey Nets,New Jersey Nets,Sacramento Kings,109,96,205,13,New Jersey Nets,Sacramento Kings,Home Win (109-96),109-96,Four 12-minute quarters / 48 min,No,IZOD Center,"East Rutherford, NJ",18902,New Jersey Nets team victory,"New Jersey Nets defeated Sacramento Kings 109-96 in Regular Season at IZOD Center (East Rutherford, NJ).",SportsDataVerse hoopR / ESPN NBA Hidden API
812,270223018,2006-2007,2006,Regular Season,Regular Season,2007-02-23,Friday,00:30,Milwaukee Bucks,New York Knicks,New York Knicks,Milwaukee Bucks,95,93,188,2,New York Knicks,Milwaukee Bucks,Home Win (95-93),95-93,Four 12-minute quarters / 48 min,No,Madison Square Garden,"New York, NY",19763,New York Knicks team victory,"New York Knicks defeated Milwaukee Bucks 95-93 in Regular Season at Madison Square Garden (New York, NY).",SportsDataVerse hoopR / ESPN NBA Hidden API
813,270223007,2006-2007,2006,Regular Season,Regular Season,2007-02-23,Friday,01:30,Utah Jazz,Denver Nuggets,Denver Nuggets,Utah Jazz,104,114,218,10,Utah Jazz,Denver Nuggets,Away Win (114-104),104-114,Four 12-minute quarters / 48 min,No,Ball Arena,"Denver, CO",19565,Utah Jazz team victory,"Utah Jazz defeated Denver Nuggets 114-104 in Regular Season at Ball Arena (Denver, CO).",SportsDataVerse hoopR / ESPN NBA Hidden API
814,270224012,2006-2007,2006,Regular Season,Regular Season,2007-02-24,Saturday,17:30,Golden State Warriors,LA Clippers,LA Clippers,Golden State Warriors,103,90,193,13,LA Clippers,Golden State Warriors,Home Win (103-90),103-90,Four 12-minute quarters / 48 min,No,crypto.com Arena,"Los Angeles, CA",19060,LA Clippers team victory,"LA Clippers defeated Golden State Warriors 103-90 in Regular Season at crypto.com Arena (Los Angeles, CA).",SportsDataVerse hoopR / ESPN NBA Hidden API
815,270224024,2006-2007,2006,Regular Season,Regular Season,2007-02-24,Saturday,00:00,Seattle SuperSonics,San Antonio Spurs,San Antonio Spurs,Seattle SuperSonics,102,71,173,31,San Antonio Spurs,Seattle SuperSonics,Home Win (102-71),102-71,Four 12-minute quarters / 48 min,No,AT&T Center,"San Antonio, TX",18797,San Antonio Spurs team victory,"San Antonio Spurs defeated Seattle SuperSonics 102-71 in Regular Season at AT&T Center (San Antonio, TX).",SportsDataVerse hoopR / ESPN NBA Hidden API
816,270224026,2006-2007,2006,Regular Season,Regular Season,2007-02-24,Saturday,00:00,Boston Celtics,Utah Jazz,Utah Jazz,Boston Celtics,105,87,192,18,Utah Jazz,Boston Celtics,Home Win (105-87),105-87,Four 12-minute quarters / 48 min,No,Vivint Arena,"Salt Lake City, UT",19911,Utah Jazz team victory,"Utah Jazz defeated Boston Celtics 105-87 in Regular Season at Vivint Arena (Salt Lake City, UT).",SportsDataVerse hoopR / ESPN NBA Hidden API
817,270224030,2006-2007,2006,Regular Season,Regular Season,2007-02-24,Saturday,00:00,Toronto Raptors,Charlotte Bobcats,Charlotte Bobcats,Toronto Raptors,76,93,169,17,Toronto Raptors,Charlotte Bobcats,Away Win (93-76),76-93,Four 12-minute quarters / 48 min,No,Spectrum Center,"Charlotte, NC",17091,Toronto Raptors team victory,"Toronto Raptors defeated Charlotte Bobcats 93-76 in Regular Season at Spectrum Center (Charlotte, NC).",SportsDataVerse hoopR / ESPN NBA Hidden API
818,270224015,2006-2007,2006,Regular Season,Regular Season,2007-02-24,Saturday,00:30,Philadelphia 76ers,Milwaukee Bucks,Milwaukee Bucks,Philadelphia 76ers,109,90,199,19,Milwaukee Bucks,Philadelphia 76ers,Home Win (109-90),109-90,Four 12-minute quarters / 48 min,No,BMO Harris Bradley Center,"Milwaukee, WI",16978,Milwaukee Bucks team victory,"Milwaukee Bucks defeated Philadelphia 76ers 109-90 in Regular Season at BMO Harris Bradley Center (Milwaukee, WI).",SportsDataVerse hoopR / ESPN NBA Hidden API
819,270224006,2006-2007,2006,Regular Season,Regular Season,2007-02-24,Saturday,01:00,Denver Nuggets,Dallas Mavericks,Dallas Mavericks,Denver Nuggets,115,95,210,20,Dallas Mavericks,Denver Nuggets,Home Win (115-95),115-95,Four 12-minute quarters / 48 min,No,American Airlines Center,"Dallas, TX",20455,Dallas Mavericks team victory,"Dallas Mavericks defeated Denver Nuggets 115-95 in Regular Season at American Airlines Center (Dallas, TX).",SportsDataVerse hoopR / ESPN NBA Hidden API
820,270225008,2006-2007,2006,Regular Season,Regular Season,2007-02-25,Sunday,18:00,Chicago Bulls,Detroit Pistons,Detroit Pistons,Chicago Bulls,95,93,188,2,Detroit Pistons,Chicago Bulls,Home Win (95-93),95-93,Four 12-minute quarters / 48 min,No,The Palace of Auburn Hills,"Detroit, MI",22076,Detroit Pistons team victory,"Detroit Pistons defeated Chicago Bulls 95-93 in Regular Season at The Palace of Auburn Hills (Detroit, MI).",SportsDataVerse hoopR / ESPN NBA Hidden API
821,270225019,2006-2007,2006,Regular Season,Regular Season,2007-02-25,Sunday,19:00,Houston Rockets,Orlando Magic,Orlando Magic,Houston Rockets,93,97,190,4,Houston Rockets,Orlando Magic,Away Win (97-93),93-97,Four 12-minute quarters / 48 min,No,Amway Arena,"Orlando, FL",17451,Houston Rockets team victory,"Houston Rockets defeated Orlando Magic 97-93 in Regular Season at Amway Arena (Orlando, FL).",SportsDataVerse hoopR / ESPN NBA Hidden API
822,270225016,2006-2007,2006,Regular Season,Regular Season,2007-02-25,Sunday,19:30,Washington Wizards,Minnesota Timberwolves,Minnesota Timberwolves,Washington Wizards,98,94,192,4,Minnesota Timberwolves,Washington Wizards,Home Win (98-94),98-94,Four 12-minute quarters / 48 min,No,Target Center,"Minneapolis, MN",15347,Minnesota Timberwolves team victory,"Minnesota Timberwolves defeated Washington Wizards 98-94 in Regular Season at Target Center (Minneapolis, MN).",SportsDataVerse hoopR / ESPN NBA Hidden API
823,270225009,2006-2007,2006,Regular Season,Regular Season,2007-02-25,Sunday,20:00,Los Angeles Lakers,Golden State Warriors,Golden State Warriors,Los Angeles Lakers,85,102,187,17,Los Angeles Lakers,Golden State Warriors,Away Win (102-85),85-102,Four 12-minute quarters / 48 min,No,ORACLE Arena,"Oakland, CA",20107,Los Angeles Lakers team victory,"Los Angeles Lakers defeated Golden State Warriors 102-85 in Regular Season at ORACLE Arena (Oakland, CA).",SportsDataVerse hoopR / ESPN NBA Hidden API
824,270225014,2006-2007,2006,Regular Season,Regular Season,2007-02-25,Sunday,20:30,Cleveland Cavaliers,Miami Heat,Miami Heat,Cleveland Cavaliers,86,81,167,5,Miami Heat,Cleveland Cavaliers,Home Win (86-81),86-81,Four 12-minute quarters / 48 min,No,Kaseya Center,"Miami, FL",20255,Miami Heat team victory,"Miami Heat defeated Cleveland Cavaliers 86-81 in Regular Season at Kaseya Center (Miami, FL).",SportsDataVerse hoopR / ESPN NBA Hidden API
825,270225001,2006-2007,2006,Regular Season,Regular Season,2007-02-25,Sunday,23:00,Phoenix Suns,Atlanta Hawks,Atlanta Hawks,Phoenix Suns,106,115,221,9,Phoenix Suns,Atlanta Hawks,Away Win (115-106),106-115,Four 12-minute quarters / 48 min,No,State Farm Arena,"Atlanta, GA",18022,Phoenix Suns team victory,"Phoenix Suns defeated Atlanta Hawks 115-106 in Regular Season at State Farm Arena (Atlanta, GA).",SportsDataVerse hoopR / ESPN NBA Hidden API
826,270225017,2006-2007,2006,Regular Season,Regular Season,2007-02-25,Sunday,23:00,New York Knicks,New Jersey Nets,New Jersey Nets,New York Knicks,101,92,193,9,New Jersey Nets,New York Knicks,Home Win (101-92),101-92,Four 12-minute quarters / 48 min,No,IZOD Center,"East Rutherford, NJ",20032,New Jersey Nets team victory,"New Jersey Nets defeated New York Knicks 101-92 in Regular Season at IZOD Center (East Rutherford, NJ).",SportsDataVerse hoopR / ESPN NBA Hidden API
827,270225011,2006-2007,2006,Regular Season,Regular Season,2007-02-25,Sunday,01:00,Sacramento Kings,Indiana Pacers,Indiana Pacers,Sacramento Kings,93,110,203,17,Sacramento Kings,Indiana Pacers,Away Win (110-93),93-110,Four 12-minute quarters / 48 min,No,Gainbridge Fieldhouse,"Indianapolis, IN",12258,Sacramento Kings team victory,"Sacramento Kings defeated Indiana Pacers 110-93 in Regular Season at Gainbridge Fieldhouse (Indianapolis, IN).",SportsDataVerse hoopR / ESPN NBA Hidden API
828,270226020,2006-2007,2006,Regular Season,Regular Season,2007-02-26,Monday,00:00,Sacramento Kings,Philadelphia 76ers,Philadelphia 76ers,Sacramento Kings,89,82,171,7,Philadelphia 76ers,Sacramento Kings,Home Win (89-82),89-82,Four 12-minute quarters / 48 min,No,Wells Fargo Center,"Philadelphia, PA",11034,Philadelphia 76ers team victory,"Philadelphia 76ers defeated Sacramento Kings 89-82 in Regular Season at Wells Fargo Center (Philadelphia, PA).",SportsDataVerse hoopR / ESPN NBA Hidden API
829,270226024,2006-2007,2006,Regular Season,Regular Season,2007-02-26,Monday,00:00,Toronto Raptors,San Antonio Spurs,San Antonio Spurs,Toronto Raptors,107,91,198,16,San Antonio Spurs,Toronto Raptors,Home Win (107-91),107-91,Four 12-minute quarters / 48 min,No,AT&T Center,"San Antonio, TX",18563,San Antonio Spurs team victory,"San Antonio Spurs defeated Toronto Raptors 107-91 in Regular Season at AT&T Center (San Antonio, TX).",SportsDataVerse hoopR / ESPN NBA Hidden API
830,270226025,2006-2007,2006,Regular Season,Regular Season,2007-02-26,Monday,00:00,Portland Trail Blazers,Seattle SuperSonics,Seattle SuperSonics,Portland Trail Blazers,97,73,170,24,Seattle SuperSonics,Portland Trail Blazers,Home Win (97-73),97-73,Four 12-minute quarters / 48 min,No,KeyArena,"Seattle, WA",16538,Seattle SuperSonics team victory,"Seattle SuperSonics defeated Portland Trail Blazers 97-73 in Regular Season at KeyArena (Seattle, WA).",SportsDataVerse hoopR / ESPN NBA Hidden API
831,270226026,2006-2007,2006,Regular Season,Regular Season,2007-02-26,Monday,00:00,Los Angeles Lakers,Utah Jazz,Utah Jazz,Los Angeles Lakers,94,102,196,8,Los Angeles Lakers,Utah Jazz,Away Win (102-94),94-102,Four 12-minute quarters / 48 min,No,Vivint Arena,"Salt Lake City, UT",19911,Los Angeles Lakers team victory,"Los Angeles Lakers defeated Utah Jazz 102-94 in Regular Season at Vivint Arena (Salt Lake City, UT).",SportsDataVerse hoopR / ESPN NBA Hidden API
832,270226029,2006-2007,2006,Regular Season,Regular Season,2007-02-26,Monday,00:00,Denver Nuggets,Memphis Grizzlies,Memphis Grizzlies,Denver Nuggets,107,111,218,4,Denver Nuggets,Memphis Grizzlies,Away Win (111-107),107-111,Four 12-minute quarters / 48 min,No,FedExForum,"Memphis, TN",14736,Denver Nuggets team victory,"Denver Nuggets defeated Memphis Grizzlies 111-107 in Regular Season at FedExForum (Memphis, TN).",SportsDataVerse hoopR / ESPN NBA Hidden API
833,270226004,2006-2007,2006,Regular Season,Regular Season,2007-02-26,Monday,00:30,Orlando Magic,Chicago Bulls,Chicago Bulls,Orlando Magic,87,94,181,7,Orlando Magic,Chicago Bulls,Away Win (94-87),87-94,Four 12-minute quarters / 48 min,No,United Center,"Chicago, IL",22031,Orlando Magic team victory,"Orlando Magic defeated Chicago Bulls 94-87 in Regular Season at United Center (Chicago, IL).",SportsDataVerse hoopR / ESPN NBA Hidden API
834,270226006,2006-2007,2006,Regular Season,Regular Season,2007-02-26,Monday,00:30,Atlanta Hawks,Dallas Mavericks,Dallas Mavericks,Atlanta Hawks,110,87,197,23,Dallas Mavericks,Atlanta Hawks,Home Win (110-87),110-87,Four 12-minute quarters / 48 min,No,American Airlines Center,"Dallas, TX",20245,Dallas Mavericks team victory,"Dallas Mavericks defeated Atlanta Hawks 110-87 in Regular Season at American Airlines Center (Dallas, TX).",SportsDataVerse hoopR / ESPN NBA Hidden API
835,270226010,2006-2007,2006,Regular Season,Regular Season,2007-02-26,Monday,00:30,Boston Celtics,Houston Rockets,Houston Rockets,Boston Celtics,72,77,149,5,Boston Celtics,Houston Rockets,Away Win (77-72),72-77,Four 12-minute quarters / 48 min,No,Toyota Center (Houston),"Houston, TX",14037,Boston Celtics team victory,"Boston Celtics defeated Houston Rockets 77-72 in Regular Season at Toyota Center (Houston) (Houston, TX).",SportsDataVerse hoopR / ESPN NBA Hidden API
836,270226012,2006-2007,2006,Regular Season,Regular Season,2007-02-26,Monday,00:30,Charlotte Bobcats,LA Clippers,LA Clippers,Charlotte Bobcats,100,93,193,7,LA Clippers,Charlotte Bobcats,Home Win (100-93),100-93,Four 12-minute quarters / 48 min,No,crypto.com Arena,"Los Angeles, CA",18442,LA Clippers team victory,"LA Clippers defeated Charlotte Bobcats 100-93 in Regular Season at crypto.com Arena (Los Angeles, CA).",SportsDataVerse hoopR / ESPN NBA Hidden API
837,270226018,2006-2007,2006,Regular Season,Regular Season,2007-02-26,Monday,00:30,Miami Heat,New York Knicks,New York Knicks,Miami Heat,99,93,192,6,New York Knicks,Miami Heat,Home Win (99-93),99-93,Four 12-minute quarters / 48 min,No,Madison Square Garden,"New York, NY",19763,New York Knicks team victory,"New York Knicks defeated Miami Heat 99-93 in Regular Season at Madison Square Garden (New York, NY).",SportsDataVerse hoopR / ESPN NBA Hidden API
838,270227005,2006-2007,2006,Regular Season,Regular Season,2007-02-27,Tuesday,00:00,NO/Oklahoma City Hornets,Cleveland Cavaliers,Cleveland Cavaliers,NO/Oklahoma City Hornets,97,89,186,8,Cleveland Cavaliers,NO/Oklahoma City Hornets,Home Win (97-89),97-89,Four 12-minute quarters / 48 min,No,Rocket Mortgage FieldHouse,"Cleveland, OH",19619,Cleveland Cavaliers team victory,"Cleveland Cavaliers defeated NO/Oklahoma City Hornets 97-89 in Regular Season at Rocket Mortgage FieldHouse (Cleveland, OH).",SportsDataVerse hoopR / ESPN NBA Hidden API
839,270227011,2006-2007,2006,Regular Season,Regular Season,2007-02-27,Tuesday,00:00,Phoenix Suns,Indiana Pacers,Indiana Pacers,Phoenix Suns,92,103,195,11,Phoenix Suns,Indiana Pacers,Away Win (103-92),92-103,Four 12-minute quarters / 48 min,No,Gainbridge Fieldhouse,"Indianapolis, IN",13742,Phoenix Suns team victory,"Phoenix Suns defeated Indiana Pacers 103-92 in Regular Season at Gainbridge Fieldhouse (Indianapolis, IN).",SportsDataVerse hoopR / ESPN NBA Hidden API
840,270227015,2006-2007,2006,Regular Season,Regular Season,2007-02-27,Tuesday,00:00,Golden State Warriors,Milwaukee Bucks,Milwaukee Bucks,Golden State Warriors,122,101,223,21,Milwaukee Bucks,Golden State Warriors,Home Win (122-101),122-101,Four 12-minute quarters / 48 min,No,BMO Harris Bradley Center,"Milwaukee, WI",13409,Milwaukee Bucks team victory,"Milwaukee Bucks defeated Golden State Warriors 122-101 in Regular Season at BMO Harris Bradley Center (Milwaukee, WI).",SportsDataVerse hoopR / ESPN NBA Hidden API
841,270227016,2006-2007,2006,Regular Season,Regular Season,2007-02-27,Tuesday,00:00,Dallas Mavericks,Minnesota Timberwolves,Minnesota Timberwolves,Dallas Mavericks,65,91,156,26,Dallas Mavericks,Minnesota Timberwolves,Away Win (91-65),65-91,Four 12-minute quarters / 48 min,No,Target Center,"Minneapolis, MN",13326,Dallas Mavericks team victory,"Dallas Mavericks defeated Minnesota Timberwolves 91-65 in Regular Season at Target Center (Minneapolis, MN).",SportsDataVerse hoopR / ESPN NBA Hidden API
842,270227017,2006-2007,2006,Regular Season,Regular Season,2007-02-27,Tuesday,00:30,Washington Wizards,New Jersey Nets,New Jersey Nets,Washington Wizards,113,101,214,12,New Jersey Nets,Washington Wizards,Home Win (113-101),113-101,Four 12-minute quarters / 48 min,No,IZOD Center,"East Rutherford, NJ",15102,New Jersey Nets team victory,"New Jersey Nets defeated Washington Wizards 113-101 in Regular Season at IZOD Center (East Rutherford, NJ).",SportsDataVerse hoopR / ESPN NBA Hidden API
843,270228003,2006-2007,2006,Regular Season,Regular Season,2007-02-28,Wednesday,00:00,Atlanta Hawks,NO/Oklahoma City Hornets,NO/Oklahoma City Hornets,Atlanta Hawks,107,100,207,7,NO/Oklahoma City Hornets,Atlanta Hawks,Home Win (107-100),107-100,Four 12-minute quarters / 48 min,No,Paycom Center,"Oklahoma City, OK",17402,NO/Oklahoma City Hornets team victory,"NO/Oklahoma City Hornets defeated Atlanta Hawks 107-100 in Regular Season at Paycom Center (Oklahoma City, OK).",SportsDataVerse hoopR / ESPN NBA Hidden API
844,270228007,2006-2007,2006,Regular Season,Regular Season,2007-02-28,Wednesday,00:00,Orlando Magic,Denver Nuggets,Denver Nuggets,Orlando Magic,111,101,212,10,Denver Nuggets,Orlando Magic,Home Win (111-101),111-101,Four 12-minute quarters / 48 min,No,Ball Arena,"Denver, CO",15371,Denver Nuggets team victory,"Denver Nuggets defeated Orlando Magic 111-101 in Regular Season at Ball Arena (Denver, CO).",SportsDataVerse hoopR / ESPN NBA Hidden API
845,270228020,2006-2007,2006,Regular Season,Regular Season,2007-02-28,Wednesday,00:00,Phoenix Suns,Philadelphia 76ers,Philadelphia 76ers,Phoenix Suns,99,94,193,5,Philadelphia 76ers,Phoenix Suns,Home Win (99-94),99-94,Four 12-minute quarters / 48 min,No,Wells Fargo Center,"Philadelphia, PA",15914,Philadelphia 76ers team victory,"Philadelphia 76ers defeated Phoenix Suns 99-94 in Regular Season at Wells Fargo Center (Philadelphia, PA).",SportsDataVerse hoopR / ESPN NBA Hidden API
846,270228023,2006-2007,2006,Regular Season,Regular Season,2007-02-28,Wednesday,00:00,Charlotte Bobcats,Sacramento Kings,Sacramento Kings,Charlotte Bobcats,135,120,255,15,Sacramento Kings,Charlotte Bobcats,Home Win (135-120),135-120,Four 12-minute quarters / 48 min,No,Sleep Train Arena,"Sacramento, CA",17317,Sacramento Kings team victory,"Sacramento Kings defeated Charlotte Bobcats 135-120 in Regular Season at Sleep Train Arena (Sacramento, CA).",SportsDataVerse hoopR / ESPN NBA Hidden API
847,270228027,2006-2007,2006,Regular Season,Regular Season,2007-02-28,Wednesday,00:00,Miami Heat,Washington Wizards,Washington Wizards,Miami Heat,83,92,175,9,Miami Heat,Washington Wizards,Away Win (92-83),83-92,Four 12-minute quarters / 48 min,No,Capital One Arena,"Washington, DC",20173,Miami Heat team victory,"Miami Heat defeated Washington Wizards 92-83 in Regular Season at Capital One Arena (Washington, DC).",SportsDataVerse hoopR / ESPN NBA Hidden API
848,270228029,2006-2007,2006,Regular Season,Regular Season,2007-02-28,Wednesday,00:00,Utah Jazz,Memphis Grizzlies,Memphis Grizzlies,Utah Jazz,88,104,192,16,Utah Jazz,Memphis Grizzlies,Away Win (104-88),88-104,Four 12-minute quarters / 48 min,No,FedExForum,"Memphis, TN",15117,Utah Jazz team victory,"Utah Jazz defeated Memphis Grizzlies 104-88 in Regular Season at FedExForum (Memphis, TN).",SportsDataVerse hoopR / ESPN NBA Hidden API
849,270228002,2006-2007,2006,Regular Season,Regular Season,2007-02-28,Wednesday,00:30,New York Knicks,Boston Celtics,Boston Celtics,New York Knicks,102,94,196,8,Boston Celtics,New York Knicks,Home Win (102-94),102-94,Four 12-minute quarters / 48 min,No,TD Garden,"Boston, MA",17003,Boston Celtics team victory,"Boston Celtics defeated New York Knicks 102-94 in Regular Season at TD Garden (Boston, MA).",SportsDataVerse hoopR / ESPN NBA Hidden API
850,270228004,2006-2007,2006,Regular Season,Regular Season,2007-02-28,Wednesday,00:30,Golden State Warriors,Chicago Bulls,Chicago Bulls,Golden State Warriors,113,83,196,30,Chicago Bulls,Golden State Warriors,Home Win (113-83),113-83,Four 12-minute quarters / 48 min,No,United Center,"Chicago, IL",21814,Chicago Bulls team victory,"Chicago Bulls defeated Golden State Warriors 113-83 in Regular Season at United Center (Chicago, IL).",SportsDataVerse hoopR / ESPN NBA Hidden API
851,270228010,2006-2007,2006,Regular Season,Regular Season,2007-02-28,Wednesday,00:30,Toronto Raptors,Houston Rockets,Houston Rockets,Toronto Raptors,90,106,196,16,Toronto Raptors,Houston Rockets,Away Win (106-90),90-106,Four 12-minute quarters / 48 min,No,Toyota Center (Houston),"Houston, TX",14071,Toronto Raptors team victory,"Toronto Raptors defeated Houston Rockets 106-90 in Regular Season at Toyota Center (Houston) (Houston, TX).",SportsDataVerse hoopR / ESPN NBA Hidden API
852,270228012,2006-2007,2006,Regular Season,Regular Season,2007-02-28,Wednesday,00:30,Seattle SuperSonics,LA Clippers,LA Clippers,Seattle SuperSonics,96,91,187,5,LA Clippers,Seattle SuperSonics,Home Win (96-91),96-91,Four 12-minute quarters / 48 min,No,crypto.com Arena,"Los Angeles, CA",19317,LA Clippers team victory,"LA Clippers defeated Seattle SuperSonics 96-91 in Regular Season at crypto.com Arena (Los Angeles, CA).",SportsDataVerse hoopR / ESPN NBA Hidden API
853,270301006,2006-2007,2006,Regular Season,Regular Season,2007-03-01,Thursday,00:00,Cleveland Cavaliers,Dallas Mavericks,Dallas Mavericks,Cleveland Cavaliers,95,92,187,3,Dallas Mavericks,Cleveland Cavaliers,Home Win (95-92),95-92,Four 12-minute quarters / 48 min,No,American Airlines Center,"Dallas, TX",20428,Dallas Mavericks team victory,"Dallas Mavericks defeated Cleveland Cavaliers 95-92 in Regular Season at American Airlines Center (Dallas, TX).",SportsDataVerse hoopR / ESPN NBA Hidden API
854,270301022,2006-2007,2006,Regular Season,Regular Season,2007-03-01,Thursday,00:00,Charlotte Bobcats,Portland Trail Blazers,Portland Trail Blazers,Charlotte Bobcats,127,90,217,37,Portland Trail Blazers,Charlotte Bobcats,Home Win (127-90),127-90,Four 12-minute quarters / 48 min,No,Moda Center,"Portland, OR",15063,Portland Trail Blazers team victory,"Portland Trail Blazers defeated Charlotte Bobcats 127-90 in Regular Season at Moda Center (Portland, OR).",SportsDataVerse hoopR / ESPN NBA Hidden API
855,270301025,2006-2007,2006,Regular Season,Regular Season,2007-03-01,Thursday,00:30,LA Clippers,Seattle SuperSonics,Seattle SuperSonics,LA Clippers,77,75,152,2,Seattle SuperSonics,LA Clippers,Home Win (77-75),77-75,Four 12-minute quarters / 48 min,No,KeyArena,"Seattle, WA",14601,Seattle SuperSonics team victory,"Seattle SuperSonics defeated LA Clippers 77-75 in Regular Season at KeyArena (Seattle, WA).",SportsDataVerse hoopR / ESPN NBA Hidden API
856,270302016,2006-2007,2006,Regular Season,Regular Season,2007-03-02,Friday,00:00,Utah Jazz,Minnesota Timberwolves,Minnesota Timberwolves,Utah Jazz,83,109,192,26,Utah Jazz,Minnesota Timberwolves,Away Win (109-83),83-109,Four 12-minute quarters / 48 min,No,Target Center,"Minneapolis, MN",14759,Utah Jazz team victory,"Utah Jazz defeated Minnesota Timberwolves 109-83 in Regular Season at Target Center (Minneapolis, MN).",SportsDataVerse hoopR / ESPN NBA Hidden API
857,270302020,2006-2007,2006,Regular Season,Regular Season,2007-03-02,Friday,00:00,Memphis Grizzlies,Philadelphia 76ers,Philadelphia 76ers,Memphis Grizzlies,117,112,229,5,Philadelphia 76ers,Memphis Grizzlies,Home Win (117-112),117-112,Four 12-minute quarters / 48 min,Yes,Wells Fargo Center,"Philadelphia, PA",16314,Philadelphia 76ers team victory (OT),"Philadelphia 76ers edged Memphis Grizzlies 117-112 in overtime at Wells Fargo Center (Philadelphia, PA).",SportsDataVerse hoopR / ESPN NBA Hidden API
858,270302021,2006-2007,2006,Regular Season,Regular Season,2007-03-02,Friday,00:00,Indiana Pacers,Phoenix Suns,Phoenix Suns,Indiana Pacers,115,90,205,25,Phoenix Suns,Indiana Pacers,Home Win (115-90),115-90,Four 12-minute quarters / 48 min,No,Footprint Center,"Phoenix, AZ",18422,Phoenix Suns team victory,"Phoenix Suns defeated Indiana Pacers 115-90 in Regular Season at Footprint Center (Phoenix, AZ).",SportsDataVerse hoopR / ESPN NBA Hidden API
859,270302024,2006-2007,2006,Regular Season,Regular Season,2007-03-02,Friday,00:00,Orlando Magic,San Antonio Spurs,San Antonio Spurs,Orlando Magic,98,74,172,24,San Antonio Spurs,Orlando Magic,Home Win (98-74),98-74,Four 12-minute quarters / 48 min,No,AT&T Center,"San Antonio, TX",18797,San Antonio Spurs team victory,"San Antonio Spurs defeated Orlando Magic 98-74 in Regular Season at AT&T Center (San Antonio, TX).",SportsDataVerse hoopR / ESPN NBA Hidden API
860,270302027,2006-2007,2006,Regular Season,Regular Season,2007-03-02,Friday,00:00,Atlanta Hawks,Washington Wizards,Washington Wizards,Atlanta Hawks,93,92,185,1,Washington Wizards,Atlanta Hawks,Home Win (93-92),93-92,Four 12-minute quarters / 48 min,No,Capital One Arena,"Washington, DC",20173,Washington Wizards team victory,"Washington Wizards defeated Atlanta Hawks 93-92 in Regular Season at Capital One Arena (Washington, DC).",SportsDataVerse hoopR / ESPN NBA Hidden API
861,270302028,2006-2007,2006,Regular Season,Regular Season,2007-03-02,Friday,00:00,Milwaukee Bucks,Toronto Raptors,Toronto Raptors,Milwaukee Bucks,81,94,175,13,Milwaukee Bucks,Toronto Raptors,Away Win (94-81),81-94,Four 12-minute quarters / 48 min,No,Scotiabank Arena,"Toronto, ON",18816,Milwaukee Bucks team victory,"Milwaukee Bucks defeated Toronto Raptors 94-81 in Regular Season at Scotiabank Arena (Toronto, ON).",SportsDataVerse hoopR / ESPN NBA Hidden API
862,270302004,2006-2007,2006,Regular Season,Regular Season,2007-03-02,Friday,00:30,NO/Oklahoma City Hornets,Chicago Bulls,Chicago Bulls,NO/Oklahoma City Hornets,104,93,197,11,Chicago Bulls,NO/Oklahoma City Hornets,Home Win (104-93),104-93,Four 12-minute quarters / 48 min,No,United Center,"Chicago, IL",22056,Chicago Bulls team victory,"Chicago Bulls defeated NO/Oklahoma City Hornets 104-93 in Regular Season at United Center (Chicago, IL).",SportsDataVerse hoopR / ESPN NBA Hidden API
863,270302013,2006-2007,2006,Regular Season,Regular Season,2007-03-02,Friday,00:30,Sacramento Kings,Los Angeles Lakers,Los Angeles Lakers,Sacramento Kings,108,116,224,8,Sacramento Kings,Los Angeles Lakers,Away Win (116-108),108-116,Four 12-minute quarters / 48 min,No,crypto.com Arena,"Los Angeles, CA",18997,Sacramento Kings team victory,"Sacramento Kings defeated Los Angeles Lakers 116-108 in Regular Season at crypto.com Arena (Los Angeles, CA).",SportsDataVerse hoopR / ESPN NBA Hidden API
864,270302018,2006-2007,2006,Regular Season,Regular Season,2007-03-02,Friday,00:30,Golden State Warriors,New York Knicks,New York Knicks,Golden State Warriors,106,97,203,9,New York Knicks,Golden State Warriors,Home Win (106-97),106-97,Four 12-minute quarters / 48 min,No,Madison Square Garden,"New York, NY",19763,New York Knicks team victory,"New York Knicks defeated Golden State Warriors 106-97 in Regular Season at Madison Square Garden (New York, NY).",SportsDataVerse hoopR / ESPN NBA Hidden API
865,270302014,2006-2007,2006,Regular Season,Regular Season,2007-03-02,Friday,01:00,Detroit Pistons,Miami Heat,Miami Heat,Detroit Pistons,85,82,167,3,Miami Heat,Detroit Pistons,Home Win (85-82),85-82,Four 12-minute quarters / 48 min,No,Kaseya Center,"Miami, FL",20279,Miami Heat team victory,"Miami Heat defeated Detroit Pistons 85-82 in Regular Season at Kaseya Center (Miami, FL).",SportsDataVerse hoopR / ESPN NBA Hidden API
866,270302007,2006-2007,2006,Regular Season,Regular Season,2007-03-02,Friday,01:30,Houston Rockets,Denver Nuggets,Denver Nuggets,Houston Rockets,97,108,205,11,Houston Rockets,Denver Nuggets,Away Win (108-97),97-108,Four 12-minute quarters / 48 min,No,Ball Arena,"Denver, CO",18938,Houston Rockets team victory,"Houston Rockets defeated Denver Nuggets 108-97 in Regular Season at Ball Arena (Denver, CO).",SportsDataVerse hoopR / ESPN NBA Hidden API
867,270303017,2006-2007,2006,Regular Season,Regular Season,2007-03-03,Saturday,18:00,Boston Celtics,New Jersey Nets,New Jersey Nets,Boston Celtics,88,96,184,8,Boston Celtics,New Jersey Nets,Away Win (96-88),88-96,Four 12-minute quarters / 48 min,Yes,IZOD Center,"East Rutherford, NJ",15975,Boston Celtics team victory (OT),"Boston Celtics edged New Jersey Nets 96-88 in overtime at IZOD Center (East Rutherford, NJ).",SportsDataVerse hoopR / ESPN NBA Hidden API
868,270303001,2006-2007,2006,Regular Season,Regular Season,2007-03-03,Saturday,00:00,New York Knicks,Atlanta Hawks,Atlanta Hawks,New York Knicks,100,104,204,4,New York Knicks,Atlanta Hawks,Away Win (104-100),100-104,Four 12-minute quarters / 48 min,Yes,State Farm Arena,"Atlanta, GA",15385,New York Knicks team victory (OT),"New York Knicks edged Atlanta Hawks 104-100 in overtime at State Farm Arena (Atlanta, GA).",SportsDataVerse hoopR / ESPN NBA Hidden API
869,270303022,2006-2007,2006,Regular Season,Regular Season,2007-03-03,Saturday,00:00,Sacramento Kings,Portland Trail Blazers,Portland Trail Blazers,Sacramento Kings,96,104,200,8,Sacramento Kings,Portland Trail Blazers,Away Win (104-96),96-104,Four 12-minute quarters / 48 min,No,Moda Center,"Portland, OR",19980,Sacramento Kings team victory,"Sacramento Kings defeated Portland Trail Blazers 104-96 in Regular Season at Moda Center (Portland, OR).",SportsDataVerse hoopR / ESPN NBA Hidden API
870,270303029,2006-2007,2006,Regular Season,Regular Season,2007-03-03,Saturday,00:00,Detroit Pistons,Memphis Grizzlies,Memphis Grizzlies,Detroit Pistons,89,92,181,3,Detroit Pistons,Memphis Grizzlies,Away Win (92-89),89-92,Four 12-minute quarters / 48 min,No,FedExForum,"Memphis, TN",17191,Detroit Pistons team victory,"Detroit Pistons defeated Memphis Grizzlies 92-89 in Regular Season at FedExForum (Memphis, TN).",SportsDataVerse hoopR / ESPN NBA Hidden API
871,270303005,2006-2007,2006,Regular Season,Regular Season,2007-03-03,Saturday,00:30,Toronto Raptors,Cleveland Cavaliers,Cleveland Cavaliers,Toronto Raptors,120,97,217,23,Cleveland Cavaliers,Toronto Raptors,Home Win (120-97),120-97,Four 12-minute quarters / 48 min,No,Rocket Mortgage FieldHouse,"Cleveland, OH",20562,Cleveland Cavaliers team victory,"Cleveland Cavaliers defeated Toronto Raptors 120-97 in Regular Season at Rocket Mortgage FieldHouse (Cleveland, OH).",SportsDataVerse hoopR / ESPN NBA Hidden API
872,270303010,2006-2007,2006,Regular Season,Regular Season,2007-03-03,Saturday,00:30,San Antonio Spurs,Houston Rockets,Houston Rockets,San Antonio Spurs,74,97,171,23,San Antonio Spurs,Houston Rockets,Away Win (97-74),74-97,Four 12-minute quarters / 48 min,No,Toyota Center (Houston),"Houston, TX",18364,San Antonio Spurs team victory,"San Antonio Spurs defeated Houston Rockets 97-74 in Regular Season at Toyota Center (Houston) (Houston, TX).",SportsDataVerse hoopR / ESPN NBA Hidden API
873,270303012,2006-2007,2006,Regular Season,Regular Season,2007-03-03,Saturday,00:30,Indiana Pacers,LA Clippers,LA Clippers,Indiana Pacers,87,64,151,23,LA Clippers,Indiana Pacers,Home Win (87-64),87-64,Four 12-minute quarters / 48 min,No,crypto.com Arena,"Los Angeles, CA",17835,LA Clippers team victory,"LA Clippers defeated Indiana Pacers 87-64 in Regular Season at crypto.com Arena (Los Angeles, CA).",SportsDataVerse hoopR / ESPN NBA Hidden API
874,270303006,2006-2007,2006,Regular Season,Regular Season,2007-03-03,Saturday,01:00,Orlando Magic,Dallas Mavericks,Dallas Mavericks,Orlando Magic,103,98,201,5,Dallas Mavericks,Orlando Magic,Home Win (103-98),103-98,Four 12-minute quarters / 48 min,No,American Airlines Center,"Dallas, TX",20468,Dallas Mavericks team victory,"Dallas Mavericks defeated Orlando Magic 103-98 in Regular Season at American Airlines Center (Dallas, TX).",SportsDataVerse hoopR / ESPN NBA Hidden API
875,270304002,2006-2007,2006,Regular Season,Regular Season,2007-03-04,Sunday,17:30,Minnesota Timberwolves,Boston Celtics,Boston Celtics,Minnesota Timberwolves,124,117,241,7,Boston Celtics,Minnesota Timberwolves,Home Win (124-117),124-117,Four 12-minute quarters / 48 min,Yes,TD Garden,"Boston, MA",18271,Boston Celtics team victory (OT),"Boston Celtics edged Minnesota Timberwolves 124-117 in overtime at TD Garden (Boston, MA).",SportsDataVerse hoopR / ESPN NBA Hidden API
876,270304027,2006-2007,2006,Regular Season,Regular Season,2007-03-04,Sunday,18:00,Golden State Warriors,Washington Wizards,Washington Wizards,Golden State Warriors,107,106,213,1,Washington Wizards,Golden State Warriors,Home Win (107-106),107-106,Four 12-minute quarters / 48 min,No,Capital One Arena,"Washington, DC",20173,Washington Wizards team victory,"Washington Wizards defeated Golden State Warriors 107-106 in Regular Season at Capital One Arena (Washington, DC).",SportsDataVerse hoopR / ESPN NBA Hidden API
877,270304021,2006-2007,2006,Regular Season,Regular Season,2007-03-04,Sunday,18:30,Los Angeles Lakers,Phoenix Suns,Phoenix Suns,Los Angeles Lakers,99,94,193,5,Phoenix Suns,Los Angeles Lakers,Home Win (99-94),99-94,Four 12-minute quarters / 48 min,No,Footprint Center,"Phoenix, AZ",18422,Phoenix Suns team victory,"Phoenix Suns defeated Los Angeles Lakers 99-94 in Regular Season at Footprint Center (Phoenix, AZ).",SportsDataVerse hoopR / ESPN NBA Hidden API
878,270304015,2006-2007,2006,Regular Season,Regular Season,2007-03-04,Sunday,19:00,Chicago Bulls,Milwaukee Bucks,Milwaukee Bucks,Chicago Bulls,121,126,247,5,Chicago Bulls,Milwaukee Bucks,Away Win (126-121),121-126,Four 12-minute quarters / 48 min,Yes,BMO Harris Bradley Center,"Milwaukee, WI",18134,Chicago Bulls team victory (OT),"Chicago Bulls edged Milwaukee Bucks 126-121 in overtime at BMO Harris Bradley Center (Milwaukee, WI).",SportsDataVerse hoopR / ESPN NBA Hidden API
879,270304020,2006-2007,2006,Regular Season,Regular Season,2007-03-04,Sunday,23:00,New Jersey Nets,Philadelphia 76ers,Philadelphia 76ers,New Jersey Nets,99,86,185,13,Philadelphia 76ers,New Jersey Nets,Home Win (99-86),99-86,Four 12-minute quarters / 48 min,No,Wells Fargo Center,"Philadelphia, PA",11790,Philadelphia 76ers team victory,"Philadelphia 76ers defeated New Jersey Nets 99-86 in Regular Season at Wells Fargo Center (Philadelphia, PA).",SportsDataVerse hoopR / ESPN NBA Hidden API
880,270304025,2006-2007,2006,Regular Season,Regular Season,2007-03-04,Sunday,23:00,Charlotte Bobcats,Seattle SuperSonics,Seattle SuperSonics,Charlotte Bobcats,96,89,185,7,Seattle SuperSonics,Charlotte Bobcats,Home Win (96-89),96-89,Four 12-minute quarters / 48 min,No,KeyArena,"Seattle, WA",15574,Seattle SuperSonics team victory,"Seattle SuperSonics defeated Charlotte Bobcats 96-89 in Regular Season at KeyArena (Seattle, WA).",SportsDataVerse hoopR / ESPN NBA Hidden API
881,270304003,2006-2007,2006,Regular Season,Regular Season,2007-03-04,Sunday,00:00,Utah Jazz,NO/Oklahoma City Hornets,NO/Oklahoma City Hornets,Utah Jazz,94,108,202,14,Utah Jazz,NO/Oklahoma City Hornets,Away Win (108-94),94-108,Four 12-minute quarters / 48 min,No,Paycom Center,"Oklahoma City, OK",17304,Utah Jazz team victory,"Utah Jazz defeated NO/Oklahoma City Hornets 108-94 in Regular Season at Paycom Center (Oklahoma City, OK).",SportsDataVerse hoopR / ESPN NBA Hidden API
882,270305005,2006-2007,2006,Regular Season,Regular Season,2007-03-05,Monday,00:00,Houston Rockets,Cleveland Cavaliers,Cleveland Cavaliers,Houston Rockets,91,85,176,6,Cleveland Cavaliers,Houston Rockets,Home Win (91-85),91-85,Four 12-minute quarters / 48 min,No,Rocket Mortgage FieldHouse,"Cleveland, OH",20562,Cleveland Cavaliers team victory,"Cleveland Cavaliers defeated Houston Rockets 91-85 in Regular Season at Rocket Mortgage FieldHouse (Cleveland, OH).",SportsDataVerse hoopR / ESPN NBA Hidden API
883,270305019,2006-2007,2006,Regular Season,Regular Season,2007-03-05,Monday,00:00,Milwaukee Bucks,Orlando Magic,Orlando Magic,Milwaukee Bucks,99,81,180,18,Orlando Magic,Milwaukee Bucks,Home Win (99-81),99-81,Four 12-minute quarters / 48 min,No,Amway Arena,"Orlando, FL",16461,Orlando Magic team victory,"Orlando Magic defeated Milwaukee Bucks 99-81 in Regular Season at Amway Arena (Orlando, FL).",SportsDataVerse hoopR / ESPN NBA Hidden API
884,270305026,2006-2007,2006,Regular Season,Regular Season,2007-03-05,Monday,00:00,Charlotte Bobcats,Utah Jazz,Utah Jazz,Charlotte Bobcats,120,95,215,25,Utah Jazz,Charlotte Bobcats,Home Win (120-95),120-95,Four 12-minute quarters / 48 min,No,Vivint Arena,"Salt Lake City, UT",19911,Utah Jazz team victory,"Utah Jazz defeated Charlotte Bobcats 120-95 in Regular Season at Vivint Arena (Salt Lake City, UT).",SportsDataVerse hoopR / ESPN NBA Hidden API
885,270305008,2006-2007,2006,Regular Season,Regular Season,2007-03-05,Monday,00:30,Golden State Warriors,Detroit Pistons,Detroit Pistons,Golden State Warriors,93,111,204,18,Golden State Warriors,Detroit Pistons,Away Win (111-93),93-111,Four 12-minute quarters / 48 min,No,The Palace of Auburn Hills,"Detroit, MI",22076,Golden State Warriors team victory,"Golden State Warriors defeated Detroit Pistons 111-93 in Regular Season at The Palace of Auburn Hills (Detroit, MI).",SportsDataVerse hoopR / ESPN NBA Hidden API
886,270305012,2006-2007,2006,Regular Season,Regular Season,2007-03-05,Monday,00:30,San Antonio Spurs,LA Clippers,LA Clippers,San Antonio Spurs,74,88,162,14,San Antonio Spurs,LA Clippers,Away Win (88-74),74-88,Four 12-minute quarters / 48 min,No,crypto.com Arena,"Los Angeles, CA",18655,San Antonio Spurs team victory,"San Antonio Spurs defeated LA Clippers 88-74 in Regular Season at crypto.com Arena (Los Angeles, CA).",SportsDataVerse hoopR / ESPN NBA Hidden API
887,270305014,2006-2007,2006,Regular Season,Regular Season,2007-03-05,Monday,00:30,Atlanta Hawks,Miami Heat,Miami Heat,Atlanta Hawks,88,81,169,7,Miami Heat,Atlanta Hawks,Home Win (88-81),88-81,Four 12-minute quarters / 48 min,No,Kaseya Center,"Miami, FL",19600,Miami Heat team victory,"Miami Heat defeated Atlanta Hawks 88-81 in Regular Season at Kaseya Center (Miami, FL).",SportsDataVerse hoopR / ESPN NBA Hidden API
888,270306007,2006-2007,2006,Regular Season,Regular Season,2007-03-06,Tuesday,00:00,NO/Oklahoma City Hornets,Denver Nuggets,Denver Nuggets,NO/Oklahoma City Hornets,106,91,197,15,Denver Nuggets,NO/Oklahoma City Hornets,Home Win (106-91),106-91,Four 12-minute quarters / 48 min,No,Ball Arena,"Denver, CO",16409,Denver Nuggets team victory,"Denver Nuggets defeated NO/Oklahoma City Hornets 106-91 in Regular Season at Ball Arena (Denver, CO).",SportsDataVerse hoopR / ESPN NBA Hidden API
889,270306016,2006-2007,2006,Regular Season,Regular Season,2007-03-06,Tuesday,00:00,Los Angeles Lakers,Minnesota Timberwolves,Minnesota Timberwolves,Los Angeles Lakers,117,107,224,10,Minnesota Timberwolves,Los Angeles Lakers,Home Win (117-107),117-107,Four 12-minute quarters / 48 min,Yes,Target Center,"Minneapolis, MN",15197,Minnesota Timberwolves team victory (OT),"Minnesota Timberwolves edged Los Angeles Lakers 117-107 in overtime at Target Center (Minneapolis, MN).",SportsDataVerse hoopR / ESPN NBA Hidden API
890,270306022,2006-2007,2006,Regular Season,Regular Season,2007-03-06,Tuesday,00:00,San Antonio Spurs,Portland Trail Blazers,Portland Trail Blazers,San Antonio Spurs,94,99,193,5,San Antonio Spurs,Portland Trail Blazers,Away Win (99-94),94-99,Four 12-minute quarters / 48 min,No,Moda Center,"Portland, OR",15911,San Antonio Spurs team victory,"San Antonio Spurs defeated Portland Trail Blazers 99-94 in Regular Season at Moda Center (Portland, OR).",SportsDataVerse hoopR / ESPN NBA Hidden API
891,270306023,2006-2007,2006,Regular Season,Regular Season,2007-03-06,Tuesday,00:00,Indiana Pacers,Sacramento Kings,Sacramento Kings,Indiana Pacers,102,98,200,4,Sacramento Kings,Indiana Pacers,Home Win (102-98),102-98,Four 12-minute quarters / 48 min,No,Sleep Train Arena,"Sacramento, CA",17317,Sacramento Kings team victory,"Sacramento Kings defeated Indiana Pacers 102-98 in Regular Season at Sleep Train Arena (Sacramento, CA).",SportsDataVerse hoopR / ESPN NBA Hidden API
892,270306027,2006-2007,2006,Regular Season,Regular Season,2007-03-06,Tuesday,00:00,Toronto Raptors,Washington Wizards,Washington Wizards,Toronto Raptors,129,109,238,20,Washington Wizards,Toronto Raptors,Home Win (129-109),129-109,Four 12-minute quarters / 48 min,No,Capital One Arena,"Washington, DC",15529,Washington Wizards team victory,"Washington Wizards defeated Toronto Raptors 129-109 in Regular Season at Capital One Arena (Washington, DC).",SportsDataVerse hoopR / ESPN NBA Hidden API
893,270306006,2006-2007,2006,Regular Season,Regular Season,2007-03-06,Tuesday,00:30,New Jersey Nets,Dallas Mavericks,Dallas Mavericks,New Jersey Nets,102,89,191,13,Dallas Mavericks,New Jersey Nets,Home Win (102-89),102-89,Four 12-minute quarters / 48 min,No,American Airlines Center,"Dallas, TX",20360,Dallas Mavericks team victory,"Dallas Mavericks defeated New Jersey Nets 102-89 in Regular Season at American Airlines Center (Dallas, TX).",SportsDataVerse hoopR / ESPN NBA Hidden API
894,270306018,2006-2007,2006,Regular Season,Regular Season,2007-03-06,Tuesday,00:30,Seattle SuperSonics,New York Knicks,New York Knicks,Seattle SuperSonics,99,100,199,1,Seattle SuperSonics,New York Knicks,Away Win (100-99),99-100,Four 12-minute quarters / 48 min,No,Madison Square Garden,"New York, NY",18930,Seattle SuperSonics team victory,"Seattle SuperSonics defeated New York Knicks 100-99 in Regular Season at Madison Square Garden (New York, NY).",SportsDataVerse hoopR / ESPN NBA Hidden API
895,270307001,2006-2007,2006,Regular Season,Regular Season,2007-03-07,Wednesday,00:00,Washington Wizards,Atlanta Hawks,Atlanta Hawks,Washington Wizards,100,97,197,3,Atlanta Hawks,Washington Wizards,Home Win (100-97),100-97,Four 12-minute quarters / 48 min,No,State Farm Arena,"Atlanta, GA",11921,Atlanta Hawks team victory,"Atlanta Hawks defeated Washington Wizards 100-97 in Regular Season at State Farm Arena (Atlanta, GA).",SportsDataVerse hoopR / ESPN NBA Hidden API
896,270307015,2006-2007,2006,Regular Season,Regular Season,2007-03-07,Wednesday,00:00,Los Angeles Lakers,Milwaukee Bucks,Milwaukee Bucks,Los Angeles Lakers,110,90,200,20,Milwaukee Bucks,Los Angeles Lakers,Home Win (110-90),110-90,Four 12-minute quarters / 48 min,No,BMO Harris Bradley Center,"Milwaukee, WI",17886,Milwaukee Bucks team victory,"Milwaukee Bucks defeated Los Angeles Lakers 110-90 in Regular Season at BMO Harris Bradley Center (Milwaukee, WI).",SportsDataVerse hoopR / ESPN NBA Hidden API
897,270307020,2006-2007,2006,Regular Season,Regular Season,2007-03-07,Wednesday,00:00,Seattle SuperSonics,Philadelphia 76ers,Philadelphia 76ers,Seattle SuperSonics,92,89,181,3,Philadelphia 76ers,Seattle SuperSonics,Home Win (92-89),92-89,Four 12-minute quarters / 48 min,No,Wells Fargo Center,"Philadelphia, PA",12902,Philadelphia 76ers team victory,"Philadelphia 76ers defeated Seattle SuperSonics 92-89 in Regular Season at Wells Fargo Center (Philadelphia, PA).",SportsDataVerse hoopR / ESPN NBA Hidden API
898,270307021,2006-2007,2006,Regular Season,Regular Season,2007-03-07,Wednesday,00:00,Charlotte Bobcats,Phoenix Suns,Phoenix Suns,Charlotte Bobcats,115,106,221,9,Phoenix Suns,Charlotte Bobcats,Home Win (115-106),115-106,Four 12-minute quarters / 48 min,Yes,Footprint Center,"Phoenix, AZ",18422,Phoenix Suns team victory (OT),"Phoenix Suns edged Charlotte Bobcats 115-106 in overtime at Footprint Center (Phoenix, AZ).",SportsDataVerse hoopR / ESPN NBA Hidden API
899,270307026,2006-2007,2006,Regular Season,Regular Season,2007-03-07,Wednesday,00:00,Indiana Pacers,Utah Jazz,Utah Jazz,Indiana Pacers,94,72,166,22,Utah Jazz,Indiana Pacers,Home Win (94-72),94-72,Four 12-minute quarters / 48 min,No,Vivint Arena,"Salt Lake City, UT",19911,Utah Jazz team victory,"Utah Jazz defeated Indiana Pacers 94-72 in Regular Season at Vivint Arena (Salt Lake City, UT).",SportsDataVerse hoopR / ESPN NBA Hidden API
900,270307028,2006-2007,2006,Regular Season,Regular Season,2007-03-07,Wednesday,00:00,Memphis Grizzlies,Toronto Raptors,Toronto Raptors,Memphis Grizzlies,94,87,181,7,Toronto Raptors,Memphis Grizzlies,Home Win (94-87),94-87,Four 12-minute quarters / 48 min,No,Scotiabank Arena,"Toronto, ON",16940,Toronto Raptors team victory,"Toronto Raptors defeated Memphis Grizzlies 94-87 in Regular Season at Scotiabank Arena (Toronto, ON).",SportsDataVerse hoopR / ESPN NBA Hidden API
901,270307002,2006-2007,2006,Regular Season,Regular Season,2007-03-07,Wednesday,00:30,Houston Rockets,Boston Celtics,Boston Celtics,Houston Rockets,80,111,191,31,Houston Rockets,Boston Celtics,Away Win (111-80),80-111,Four 12-minute quarters / 48 min,No,TD Garden,"Boston, MA",17004,Houston Rockets team victory,"Houston Rockets defeated Boston Celtics 111-80 in Regular Season at TD Garden (Boston, MA).",SportsDataVerse hoopR / ESPN NBA Hidden API
902,270307008,2006-2007,2006,Regular Season,Regular Season,2007-03-07,Wednesday,00:30,Cleveland Cavaliers,Detroit Pistons,Detroit Pistons,Cleveland Cavaliers,97,101,198,4,Cleveland Cavaliers,Detroit Pistons,Away Win (101-97),97-101,Four 12-minute quarters / 48 min,Yes,The Palace of Auburn Hills,"Detroit, MI",22076,Cleveland Cavaliers team victory (OT),"Cleveland Cavaliers edged Detroit Pistons 101-97 in overtime at The Palace of Auburn Hills (Detroit, MI).",SportsDataVerse hoopR / ESPN NBA Hidden API
903,270307009,2006-2007,2006,Regular Season,Regular Season,2007-03-07,Wednesday,00:30,Denver Nuggets,Golden State Warriors,Golden State Warriors,Denver Nuggets,110,96,206,14,Golden State Warriors,Denver Nuggets,Home Win (110-96),110-96,Four 12-minute quarters / 48 min,No,ORACLE Arena,"Oakland, CA",19596,Golden State Warriors team victory,"Golden State Warriors defeated Denver Nuggets 110-96 in Regular Season at ORACLE Arena (Oakland, CA).",SportsDataVerse hoopR / ESPN NBA Hidden API
904,270307014,2006-2007,2006,Regular Season,Regular Season,2007-03-07,Wednesday,00:30,Chicago Bulls,Miami Heat,Miami Heat,Chicago Bulls,103,70,173,33,Miami Heat,Chicago Bulls,Home Win (103-70),103-70,Four 12-minute quarters / 48 min,No,Kaseya Center,"Miami, FL",19600,Miami Heat team victory,"Miami Heat defeated Chicago Bulls 103-70 in Regular Season at Kaseya Center (Miami, FL).",SportsDataVerse hoopR / ESPN NBA Hidden API
905,270308023,2006-2007,2006,Regular Season,Regular Season,2007-03-08,Thursday,00:30,San Antonio Spurs,Sacramento Kings,Sacramento Kings,San Antonio Spurs,93,100,193,7,San Antonio Spurs,Sacramento Kings,Away Win (100-93),93-100,Four 12-minute quarters / 48 min,No,Sleep Train Arena,"Sacramento, CA",17317,San Antonio Spurs team victory,"San Antonio Spurs defeated Sacramento Kings 100-93 in Regular Season at Sleep Train Arena (Sacramento, CA).",SportsDataVerse hoopR / ESPN NBA Hidden API
906,270308019,2006-2007,2006,Regular Season,Regular Season,2007-03-08,Thursday,01:00,Chicago Bulls,Orlando Magic,Orlando Magic,Chicago Bulls,76,100,176,24,Chicago Bulls,Orlando Magic,Away Win (100-76),76-100,Four 12-minute quarters / 48 min,No,Amway Arena,"Orlando, FL",17451,Chicago Bulls team victory,"Chicago Bulls defeated Orlando Magic 100-76 in Regular Season at Amway Arena (Orlando, FL).",SportsDataVerse hoopR / ESPN NBA Hidden API
907,270309007,2006-2007,2006,Regular Season,Regular Season,2007-03-09,Friday,00:00,Detroit Pistons,Denver Nuggets,Denver Nuggets,Detroit Pistons,82,95,177,13,Detroit Pistons,Denver Nuggets,Away Win (95-82),82-95,Four 12-minute quarters / 48 min,No,Ball Arena,"Denver, CO",19790,Detroit Pistons team victory,"Detroit Pistons defeated Denver Nuggets 95-82 in Regular Season at Ball Arena (Denver, CO).",SportsDataVerse hoopR / ESPN NBA Hidden API
908,270309020,2006-2007,2006,Regular Season,Regular Season,2007-03-09,Friday,00:00,Los Angeles Lakers,Philadelphia 76ers,Philadelphia 76ers,Los Angeles Lakers,108,92,200,16,Philadelphia 76ers,Los Angeles Lakers,Home Win (108-92),108-92,Four 12-minute quarters / 48 min,No,Wells Fargo Center,"Philadelphia, PA",20577,Philadelphia 76ers team victory,"Philadelphia 76ers defeated Los Angeles Lakers 108-92 in Regular Season at Wells Fargo Center (Philadelphia, PA).",SportsDataVerse hoopR / ESPN NBA Hidden API
909,270309021,2006-2007,2006,Regular Season,Regular Season,2007-03-09,Friday,00:00,NO/Oklahoma City Hornets,Phoenix Suns,Phoenix Suns,NO/Oklahoma City Hornets,104,103,207,1,Phoenix Suns,NO/Oklahoma City Hornets,Home Win (104-103),104-103,Four 12-minute quarters / 48 min,No,Footprint Center,"Phoenix, AZ",18422,Phoenix Suns team victory,"Phoenix Suns defeated NO/Oklahoma City Hornets 104-103 in Regular Season at Footprint Center (Phoenix, AZ).",SportsDataVerse hoopR / ESPN NBA Hidden API
910,270309001,2006-2007,2006,Regular Season,Regular Season,2007-03-09,Friday,00:30,Memphis Grizzlies,Atlanta Hawks,Atlanta Hawks,Memphis Grizzlies,106,105,211,1,Atlanta Hawks,Memphis Grizzlies,Home Win (106-105),106-105,Four 12-minute quarters / 48 min,No,State Farm Arena,"Atlanta, GA",12257,Atlanta Hawks team victory,"Atlanta Hawks defeated Memphis Grizzlies 106-105 in Regular Season at State Farm Arena (Atlanta, GA).",SportsDataVerse hoopR / ESPN NBA Hidden API
911,270309002,2006-2007,2006,Regular Season,Regular Season,2007-03-09,Friday,00:30,Seattle SuperSonics,Boston Celtics,Boston Celtics,Seattle SuperSonics,118,103,221,15,Boston Celtics,Seattle SuperSonics,Home Win (118-103),118-103,Four 12-minute quarters / 48 min,No,TD Garden,"Boston, MA",18435,Boston Celtics team victory,"Boston Celtics defeated Seattle SuperSonics 118-103 in Regular Season at TD Garden (Boston, MA).",SportsDataVerse hoopR / ESPN NBA Hidden API
912,270309009,2006-2007,2006,Regular Season,Regular Season,2007-03-09,Friday,00:30,LA Clippers,Golden State Warriors,Golden State Warriors,LA Clippers,99,89,188,10,Golden State Warriors,LA Clippers,Home Win (99-89),99-89,Four 12-minute quarters / 48 min,No,ORACLE Arena,"Oakland, CA",18177,Golden State Warriors team victory,"Golden State Warriors defeated LA Clippers 99-89 in Regular Season at ORACLE Arena (Oakland, CA).",SportsDataVerse hoopR / ESPN NBA Hidden API
913,270309010,2006-2007,2006,Regular Season,Regular Season,2007-03-09,Friday,00:30,New Jersey Nets,Houston Rockets,Houston Rockets,New Jersey Nets,112,91,203,21,Houston Rockets,New Jersey Nets,Home Win (112-91),112-91,Four 12-minute quarters / 48 min,No,Toyota Center (Houston),"Houston, TX",18144,Houston Rockets team victory,"Houston Rockets defeated New Jersey Nets 112-91 in Regular Season at Toyota Center (Houston) (Houston, TX).",SportsDataVerse hoopR / ESPN NBA Hidden API
914,270309014,2006-2007,2006,Regular Season,Regular Season,2007-03-09,Friday,00:30,Minnesota Timberwolves,Miami Heat,Miami Heat,Minnesota Timberwolves,105,91,196,14,Miami Heat,Minnesota Timberwolves,Home Win (105-91),105-91,Four 12-minute quarters / 48 min,No,Kaseya Center,"Miami, FL",19600,Miami Heat team victory,"Miami Heat defeated Minnesota Timberwolves 105-91 in Regular Season at Kaseya Center (Miami, FL).",SportsDataVerse hoopR / ESPN NBA Hidden API
915,270310001,2006-2007,2006,Regular Season,Regular Season,2007-03-10,Saturday,00:00,Minnesota Timberwolves,Atlanta Hawks,Atlanta Hawks,Minnesota Timberwolves,99,93,192,6,Atlanta Hawks,Minnesota Timberwolves,Home Win (99-93),99-93,Four 12-minute quarters / 48 min,No,State Farm Arena,"Atlanta, GA",16927,Atlanta Hawks team victory,"Atlanta Hawks defeated Minnesota Timberwolves 99-93 in Regular Season at State Farm Arena (Atlanta, GA).",SportsDataVerse hoopR / ESPN NBA Hidden API
916,270310011,2006-2007,2006,Regular Season,Regular Season,2007-03-10,Saturday,00:00,Philadelphia 76ers,Indiana Pacers,Indiana Pacers,Philadelphia 76ers,96,100,196,4,Philadelphia 76ers,Indiana Pacers,Away Win (100-96),96-100,Four 12-minute quarters / 48 min,No,Gainbridge Fieldhouse,"Indianapolis, IN",14552,Philadelphia 76ers team victory,"Philadelphia 76ers defeated Indiana Pacers 100-96 in Regular Season at Gainbridge Fieldhouse (Indianapolis, IN).",SportsDataVerse hoopR / ESPN NBA Hidden API
917,270310024,2006-2007,2006,Regular Season,Regular Season,2007-03-10,Saturday,00:00,New Jersey Nets,San Antonio Spurs,San Antonio Spurs,New Jersey Nets,93,77,170,16,San Antonio Spurs,New Jersey Nets,Home Win (93-77),93-77,Four 12-minute quarters / 48 min,No,AT&T Center,"San Antonio, TX",18797,San Antonio Spurs team victory,"San Antonio Spurs defeated New Jersey Nets 93-77 in Regular Season at AT&T Center (San Antonio, TX).",SportsDataVerse hoopR / ESPN NBA Hidden API
918,270310026,2006-2007,2006,Regular Season,Regular Season,2007-03-10,Saturday,00:00,NO/Oklahoma City Hornets,Utah Jazz,Utah Jazz,NO/Oklahoma City Hornets,96,86,182,10,Utah Jazz,NO/Oklahoma City Hornets,Home Win (96-86),96-86,Four 12-minute quarters / 48 min,No,Vivint Arena,"Salt Lake City, UT",19911,Utah Jazz team victory,"Utah Jazz defeated NO/Oklahoma City Hornets 96-86 in Regular Season at Vivint Arena (Salt Lake City, UT).",SportsDataVerse hoopR / ESPN NBA Hidden API
919,270310027,2006-2007,2006,Regular Season,Regular Season,2007-03-10,Saturday,00:00,New York Knicks,Washington Wizards,Washington Wizards,New York Knicks,89,90,179,1,New York Knicks,Washington Wizards,Away Win (90-89),89-90,Four 12-minute quarters / 48 min,No,Capital One Arena,"Washington, DC",20173,New York Knicks team victory,"New York Knicks defeated Washington Wizards 90-89 in Regular Season at Capital One Arena (Washington, DC).",SportsDataVerse hoopR / ESPN NBA Hidden API
920,270310030,2006-2007,2006,Regular Season,Regular Season,2007-03-10,Saturday,00:00,Memphis Grizzlies,Charlotte Bobcats,Charlotte Bobcats,Memphis Grizzlies,107,115,222,8,Memphis Grizzlies,Charlotte Bobcats,Away Win (115-107),107-115,Four 12-minute quarters / 48 min,No,Spectrum Center,"Charlotte, NC",17106,Memphis Grizzlies team victory,"Memphis Grizzlies defeated Charlotte Bobcats 115-107 in Regular Season at Spectrum Center (Charlotte, NC).",SportsDataVerse hoopR / ESPN NBA Hidden API
921,270310015,2006-2007,2006,Regular Season,Regular Season,2007-03-10,Saturday,00:30,Cleveland Cavaliers,Milwaukee Bucks,Milwaukee Bucks,Cleveland Cavaliers,92,94,186,2,Cleveland Cavaliers,Milwaukee Bucks,Away Win (94-92),92-94,Four 12-minute quarters / 48 min,No,BMO Harris Bradley Center,"Milwaukee, WI",18081,Cleveland Cavaliers team victory,"Cleveland Cavaliers defeated Milwaukee Bucks 94-92 in Regular Season at BMO Harris Bradley Center (Milwaukee, WI).",SportsDataVerse hoopR / ESPN NBA Hidden API
922,270311012,2006-2007,2006,Regular Season,Regular Season,2007-03-11,Sunday,16:00,Detroit Pistons,LA Clippers,LA Clippers,Detroit Pistons,80,98,178,18,Detroit Pistons,LA Clippers,Away Win (98-80),80-98,Four 12-minute quarters / 48 min,No,crypto.com Arena,"Los Angeles, CA",18397,Detroit Pistons team victory,"Detroit Pistons defeated LA Clippers 98-80 in Regular Season at crypto.com Arena (Los Angeles, CA).",SportsDataVerse hoopR / ESPN NBA Hidden API
923,270311023,2006-2007,2006,Regular Season,Regular Season,2007-03-11,Sunday,16:30,Denver Nuggets,Sacramento Kings,Sacramento Kings,Denver Nuggets,101,113,214,12,Denver Nuggets,Sacramento Kings,Away Win (113-101),101-113,Four 12-minute quarters / 48 min,No,Sleep Train Arena,"Sacramento, CA",17317,Denver Nuggets team victory,"Denver Nuggets defeated Sacramento Kings 113-101 in Regular Season at Sleep Train Arena (Sacramento, CA).",SportsDataVerse hoopR / ESPN NBA Hidden API
924,270311028,2006-2007,2006,Regular Season,Regular Season,2007-03-11,Sunday,17:00,Seattle SuperSonics,Toronto Raptors,Toronto Raptors,Seattle SuperSonics,120,119,239,1,Toronto Raptors,Seattle SuperSonics,Home Win (120-119),120-119,Four 12-minute quarters / 48 min,Yes,Scotiabank Arena,"Toronto, ON",19800,Toronto Raptors team victory (OT),"Toronto Raptors edged Seattle SuperSonics 120-119 in overtime at Scotiabank Arena (Toronto, ON).",SportsDataVerse hoopR / ESPN NBA Hidden API
925,270311010,2006-2007,2006,Regular Season,Regular Season,2007-03-11,Sunday,21:30,Orlando Magic,Houston Rockets,Houston Rockets,Orlando Magic,103,92,195,11,Houston Rockets,Orlando Magic,Home Win (103-92),103-92,Four 12-minute quarters / 48 min,No,Toyota Center (Houston),"Houston, TX",18135,Houston Rockets team victory,"Houston Rockets defeated Orlando Magic 103-92 in Regular Season at Toyota Center (Houston) (Houston, TX).",SportsDataVerse hoopR / ESPN NBA Hidden API
926,270311002,2006-2007,2006,Regular Season,Regular Season,2007-03-11,Sunday,22:00,Chicago Bulls,Boston Celtics,Boston Celtics,Chicago Bulls,78,94,172,16,Chicago Bulls,Boston Celtics,Away Win (94-78),78-94,Four 12-minute quarters / 48 min,No,TD Garden,"Boston, MA",16602,Chicago Bulls team victory,"Chicago Bulls defeated Boston Celtics 94-78 in Regular Season at TD Garden (Boston, MA).",SportsDataVerse hoopR / ESPN NBA Hidden API
927,270311005,2006-2007,2006,Regular Season,Regular Season,2007-03-11,Sunday,22:00,Indiana Pacers,Cleveland Cavaliers,Cleveland Cavaliers,Indiana Pacers,99,88,187,11,Cleveland Cavaliers,Indiana Pacers,Home Win (99-88),99-88,Four 12-minute quarters / 48 min,No,Rocket Mortgage FieldHouse,"Cleveland, OH",20562,Cleveland Cavaliers team victory,"Cleveland Cavaliers defeated Indiana Pacers 99-88 in Regular Season at Rocket Mortgage FieldHouse (Cleveland, OH).",SportsDataVerse hoopR / ESPN NBA Hidden API
928,270311013,2006-2007,2006,Regular Season,Regular Season,2007-03-11,Sunday,22:00,Dallas Mavericks,Los Angeles Lakers,Los Angeles Lakers,Dallas Mavericks,72,108,180,36,Dallas Mavericks,Los Angeles Lakers,Away Win (108-72),72-108,Four 12-minute quarters / 48 min,No,crypto.com Arena,"Los Angeles, CA",18997,Dallas Mavericks team victory,"Dallas Mavericks defeated Los Angeles Lakers 108-72 in Regular Season at crypto.com Arena (Los Angeles, CA).",SportsDataVerse hoopR / ESPN NBA Hidden API
929,270311014,2006-2007,2006,Regular Season,Regular Season,2007-03-11,Sunday,22:00,Washington Wizards,Miami Heat,Miami Heat,Washington Wizards,106,104,210,2,Miami Heat,Washington Wizards,Home Win (106-104),106-104,Four 12-minute quarters / 48 min,No,Kaseya Center,"Miami, FL",19600,Miami Heat team victory,"Miami Heat defeated Washington Wizards 106-104 in Regular Season at Kaseya Center (Miami, FL).",SportsDataVerse hoopR / ESPN NBA Hidden API
930,270311022,2006-2007,2006,Regular Season,Regular Season,2007-03-11,Sunday,22:00,Golden State Warriors,Portland Trail Blazers,Portland Trail Blazers,Golden State Warriors,106,87,193,19,Portland Trail Blazers,Golden State Warriors,Home Win (106-87),106-87,Four 12-minute quarters / 48 min,No,Moda Center,"Portland, OR",14875,Portland Trail Blazers team victory,"Portland Trail Blazers defeated Golden State Warriors 106-87 in Regular Season at Moda Center (Portland, OR).",SportsDataVerse hoopR / ESPN NBA Hidden API
931,270312015,2006-2007,2006,Regular Season,Regular Season,2007-03-12,Monday,23:00,Toronto Raptors,Milwaukee Bucks,Milwaukee Bucks,Toronto Raptors,93,108,201,15,Toronto Raptors,Milwaukee Bucks,Away Win (108-93),93-108,Four 12-minute quarters / 48 min,No,BMO Harris Bradley Center,"Milwaukee, WI",13411,Toronto Raptors team victory,"Toronto Raptors defeated Milwaukee Bucks 108-93 in Regular Season at BMO Harris Bradley Center (Milwaukee, WI).",SportsDataVerse hoopR / ESPN NBA Hidden API
932,270312021,2006-2007,2006,Regular Season,Regular Season,2007-03-12,Monday,23:00,Houston Rockets,Phoenix Suns,Phoenix Suns,Houston Rockets,103,82,185,21,Phoenix Suns,Houston Rockets,Home Win (103-82),103-82,Four 12-minute quarters / 48 min,No,Footprint Center,"Phoenix, AZ",18422,Phoenix Suns team victory,"Phoenix Suns defeated Houston Rockets 103-82 in Regular Season at Footprint Center (Phoenix, AZ).",SportsDataVerse hoopR / ESPN NBA Hidden API
933,270312029,2006-2007,2006,Regular Season,Regular Season,2007-03-12,Monday,23:00,New Jersey Nets,Memphis Grizzlies,Memphis Grizzlies,New Jersey Nets,102,113,215,11,New Jersey Nets,Memphis Grizzlies,Away Win (113-102),102-113,Four 12-minute quarters / 48 min,No,FedExForum,"Memphis, TN",12165,New Jersey Nets team victory,"New Jersey Nets defeated Memphis Grizzlies 113-102 in Regular Season at FedExForum (Memphis, TN).",SportsDataVerse hoopR / ESPN NBA Hidden API
934,270312030,2006-2007,2006,Regular Season,Regular Season,2007-03-12,Monday,23:00,Orlando Magic,Charlotte Bobcats,Charlotte Bobcats,Orlando Magic,119,108,227,11,Charlotte Bobcats,Orlando Magic,Home Win (119-108),119-108,Four 12-minute quarters / 48 min,No,Spectrum Center,"Charlotte, NC",13762,Charlotte Bobcats team victory,"Charlotte Bobcats defeated Orlando Magic 119-108 in Regular Season at Spectrum Center (Charlotte, NC).",SportsDataVerse hoopR / ESPN NBA Hidden API
935,270312009,2006-2007,2006,Regular Season,Regular Season,2007-03-12,Monday,23:30,Dallas Mavericks,Golden State Warriors,Golden State Warriors,Dallas Mavericks,117,100,217,17,Golden State Warriors,Dallas Mavericks,Home Win (117-100),117-100,Four 12-minute quarters / 48 min,No,ORACLE Arena,"Oakland, CA",18377,Golden State Warriors team victory,"Golden State Warriors defeated Dallas Mavericks 117-100 in Regular Season at ORACLE Arena (Oakland, CA).",SportsDataVerse hoopR / ESPN NBA Hidden API
936,270313001,2006-2007,2006,Regular Season,Regular Season,2007-03-13,Tuesday,23:00,Philadelphia 76ers,Atlanta Hawks,Atlanta Hawks,Philadelphia 76ers,104,92,196,12,Atlanta Hawks,Philadelphia 76ers,Home Win (104-92),104-92,Four 12-minute quarters / 48 min,No,State Farm Arena,"Atlanta, GA",11066,Atlanta Hawks team victory,"Atlanta Hawks defeated Philadelphia 76ers 104-92 in Regular Season at State Farm Arena (Atlanta, GA).",SportsDataVerse hoopR / ESPN NBA Hidden API
937,270313003,2006-2007,2006,Regular Season,Regular Season,2007-03-13,Tuesday,23:00,New Jersey Nets,NO/Oklahoma City Hornets,NO/Oklahoma City Hornets,New Jersey Nets,108,112,220,4,New Jersey Nets,NO/Oklahoma City Hornets,Away Win (112-108),108-112,Four 12-minute quarters / 48 min,No,Paycom Center,"Oklahoma City, OK",16451,New Jersey Nets team victory,"New Jersey Nets defeated NO/Oklahoma City Hornets 112-108 in Regular Season at Paycom Center (Oklahoma City, OK).",SportsDataVerse hoopR / ESPN NBA Hidden API
938,270313005,2006-2007,2006,Regular Season,Regular Season,2007-03-13,Tuesday,23:00,Sacramento Kings,Cleveland Cavaliers,Cleveland Cavaliers,Sacramento Kings,124,100,224,24,Cleveland Cavaliers,Sacramento Kings,Home Win (124-100),124-100,Four 12-minute quarters / 48 min,No,Rocket Mortgage FieldHouse,"Cleveland, OH",20562,Cleveland Cavaliers team victory,"Cleveland Cavaliers defeated Sacramento Kings 124-100 in Regular Season at Rocket Mortgage FieldHouse (Cleveland, OH).",SportsDataVerse hoopR / ESPN NBA Hidden API
939,270313007,2006-2007,2006,Regular Season,Regular Season,2007-03-13,Tuesday,23:00,Portland Trail Blazers,Denver Nuggets,Denver Nuggets,Portland Trail Blazers,107,99,206,8,Denver Nuggets,Portland Trail Blazers,Home Win (107-99),107-99,Four 12-minute quarters / 48 min,No,Ball Arena,"Denver, CO",14867,Denver Nuggets team victory,"Denver Nuggets defeated Portland Trail Blazers 107-99 in Regular Season at Ball Arena (Denver, CO).",SportsDataVerse hoopR / ESPN NBA Hidden API
940,270313016,2006-2007,2006,Regular Season,Regular Season,2007-03-13,Tuesday,23:00,Indiana Pacers,Minnesota Timberwolves,Minnesota Timberwolves,Indiana Pacers,86,81,167,5,Minnesota Timberwolves,Indiana Pacers,Home Win (86-81),86-81,Four 12-minute quarters / 48 min,No,Target Center,"Minneapolis, MN",15232,Minnesota Timberwolves team victory,"Minnesota Timberwolves defeated Indiana Pacers 86-81 in Regular Season at Target Center (Minneapolis, MN).",SportsDataVerse hoopR / ESPN NBA Hidden API
941,270313024,2006-2007,2006,Regular Season,Regular Season,2007-03-13,Tuesday,23:00,LA Clippers,San Antonio Spurs,San Antonio Spurs,LA Clippers,93,84,177,9,San Antonio Spurs,LA Clippers,Home Win (93-84),93-84,Four 12-minute quarters / 48 min,No,AT&T Center,"San Antonio, TX",18797,San Antonio Spurs team victory,"San Antonio Spurs defeated LA Clippers 93-84 in Regular Season at AT&T Center (San Antonio, TX).",SportsDataVerse hoopR / ESPN NBA Hidden API
942,270313025,2006-2007,2006,Regular Season,Regular Season,2007-03-13,Tuesday,23:00,Detroit Pistons,Seattle SuperSonics,Seattle SuperSonics,Detroit Pistons,97,101,198,4,Detroit Pistons,Seattle SuperSonics,Away Win (101-97),97-101,Four 12-minute quarters / 48 min,No,KeyArena,"Seattle, WA",15960,Detroit Pistons team victory,"Detroit Pistons defeated Seattle SuperSonics 101-97 in Regular Season at KeyArena (Seattle, WA).",SportsDataVerse hoopR / ESPN NBA Hidden API
943,270313004,2006-2007,2006,Regular Season,Regular Season,2007-03-13,Tuesday,23:30,Boston Celtics,Chicago Bulls,Chicago Bulls,Boston Celtics,95,87,182,8,Chicago Bulls,Boston Celtics,Home Win (95-87),95-87,Four 12-minute quarters / 48 min,No,United Center,"Chicago, IL",22396,Chicago Bulls team victory,"Chicago Bulls defeated Boston Celtics 95-87 in Regular Season at United Center (Chicago, IL).",SportsDataVerse hoopR / ESPN NBA Hidden API
944,270313014,2006-2007,2006,Regular Season,Regular Season,2007-03-13,Tuesday,23:30,Utah Jazz,Miami Heat,Miami Heat,Utah Jazz,88,86,174,2,Miami Heat,Utah Jazz,Home Win (88-86),88-86,Four 12-minute quarters / 48 min,No,Kaseya Center,"Miami, FL",19600,Miami Heat team victory,"Miami Heat defeated Utah Jazz 88-86 in Regular Season at Kaseya Center (Miami, FL).",SportsDataVerse hoopR / ESPN NBA Hidden API
945,270314011,2006-2007,2006,Regular Season,Regular Season,2007-03-14,Wednesday,23:00,Washington Wizards,Indiana Pacers,Indiana Pacers,Washington Wizards,96,112,208,16,Washington Wizards,Indiana Pacers,Away Win (112-96),96-112,Four 12-minute quarters / 48 min,No,Gainbridge Fieldhouse,"Indianapolis, IN",15918,Washington Wizards team victory,"Washington Wizards defeated Indiana Pacers 112-96 in Regular Season at Gainbridge Fieldhouse (Indianapolis, IN).",SportsDataVerse hoopR / ESPN NBA Hidden API
946,270314019,2006-2007,2006,Regular Season,Regular Season,2007-03-14,Wednesday,23:00,Utah Jazz,Orlando Magic,Orlando Magic,Utah Jazz,101,90,191,11,Orlando Magic,Utah Jazz,Home Win (101-90),101-90,Four 12-minute quarters / 48 min,No,Amway Arena,"Orlando, FL",17154,Orlando Magic team victory,"Orlando Magic defeated Utah Jazz 101-90 in Regular Season at Amway Arena (Orlando, FL).",SportsDataVerse hoopR / ESPN NBA Hidden API
947,270314020,2006-2007,2006,Regular Season,Regular Season,2007-03-14,Wednesday,23:00,Chicago Bulls,Philadelphia 76ers,Philadelphia 76ers,Chicago Bulls,87,88,175,1,Chicago Bulls,Philadelphia 76ers,Away Win (88-87),87-88,Four 12-minute quarters / 48 min,No,Wells Fargo Center,"Philadelphia, PA",14855,Chicago Bulls team victory,"Chicago Bulls defeated Philadelphia 76ers 88-87 in Regular Season at Wells Fargo Center (Philadelphia, PA).",SportsDataVerse hoopR / ESPN NBA Hidden API
948,270314022,2006-2007,2006,Regular Season,Regular Season,2007-03-14,Wednesday,23:00,Detroit Pistons,Portland Trail Blazers,Portland Trail Blazers,Detroit Pistons,75,87,162,12,Detroit Pistons,Portland Trail Blazers,Away Win (87-75),75-87,Four 12-minute quarters / 48 min,No,Moda Center,"Portland, OR",19256,Detroit Pistons team victory,"Detroit Pistons defeated Portland Trail Blazers 87-75 in Regular Season at Moda Center (Portland, OR).",SportsDataVerse hoopR / ESPN NBA Hidden API
949,270314028,2006-2007,2006,Regular Season,Regular Season,2007-03-14,Wednesday,23:00,New York Knicks,Toronto Raptors,Toronto Raptors,New York Knicks,104,94,198,10,Toronto Raptors,New York Knicks,Home Win (104-94),104-94,Four 12-minute quarters / 48 min,No,Scotiabank Arena,"Toronto, ON",19800,Toronto Raptors team victory,"Toronto Raptors defeated New York Knicks 104-94 in Regular Season at Scotiabank Arena (Toronto, ON).",SportsDataVerse hoopR / ESPN NBA Hidden API
950,270314029,2006-2007,2006,Regular Season,Regular Season,2007-03-14,Wednesday,23:00,Cleveland Cavaliers,Memphis Grizzlies,Memphis Grizzlies,Cleveland Cavaliers,96,118,214,22,Cleveland Cavaliers,Memphis Grizzlies,Away Win (118-96),96-118,Four 12-minute quarters / 48 min,No,FedExForum,"Memphis, TN",14561,Cleveland Cavaliers team victory,"Cleveland Cavaliers defeated Memphis Grizzlies 118-96 in Regular Season at FedExForum (Memphis, TN).",SportsDataVerse hoopR / ESPN NBA Hidden API
951,270314030,2006-2007,2006,Regular Season,Regular Season,2007-03-14,Wednesday,23:00,Sacramento Kings,Charlotte Bobcats,Charlotte Bobcats,Sacramento Kings,111,108,219,3,Charlotte Bobcats,Sacramento Kings,Home Win (111-108),111-108,Four 12-minute quarters / 48 min,No,Spectrum Center,"Charlotte, NC",12848,Charlotte Bobcats team victory,"Charlotte Bobcats defeated Sacramento Kings 111-108 in Regular Season at Spectrum Center (Charlotte, NC).",SportsDataVerse hoopR / ESPN NBA Hidden API
952,270314002,2006-2007,2006,Regular Season,Regular Season,2007-03-14,Wednesday,23:30,Atlanta Hawks,Boston Celtics,Boston Celtics,Atlanta Hawks,109,88,197,21,Boston Celtics,Atlanta Hawks,Home Win (109-88),109-88,Four 12-minute quarters / 48 min,No,TD Garden,"Boston, MA",14834,Boston Celtics team victory,"Boston Celtics defeated Atlanta Hawks 109-88 in Regular Season at TD Garden (Boston, MA).",SportsDataVerse hoopR / ESPN NBA Hidden API
953,270314010,2006-2007,2006,Regular Season,Regular Season,2007-03-14,Wednesday,23:30,LA Clippers,Houston Rockets,Houston Rockets,LA Clippers,109,105,214,4,Houston Rockets,LA Clippers,Home Win (109-105),109-105,Four 12-minute quarters / 48 min,No,Toyota Center (Houston),"Houston, TX",18082,Houston Rockets team victory,"Houston Rockets defeated LA Clippers 109-105 in Regular Season at Toyota Center (Houston) (Houston, TX).",SportsDataVerse hoopR / ESPN NBA Hidden API
954,270314006,2006-2007,2006,Regular Season,Regular Season,2007-03-14,Wednesday,00:00,Phoenix Suns,Dallas Mavericks,Dallas Mavericks,Phoenix Suns,127,129,256,2,Phoenix Suns,Dallas Mavericks,Away Win (129-127),127-129,Four 12-minute quarters / 48 min,Yes,American Airlines Center,"Dallas, TX",20525,Phoenix Suns team victory (OT),"Phoenix Suns edged Dallas Mavericks 129-127 in overtime at American Airlines Center (Dallas, TX).",SportsDataVerse hoopR / ESPN NBA Hidden API
955,270315015,2006-2007,2006,Regular Season,Regular Season,2007-03-15,Thursday,23:00,San Antonio Spurs,Milwaukee Bucks,Milwaukee Bucks,San Antonio Spurs,101,90,191,11,Milwaukee Bucks,San Antonio Spurs,Home Win (101-90),101-90,Four 12-minute quarters / 48 min,No,BMO Harris Bradley Center,"Milwaukee, WI",13917,Milwaukee Bucks team victory,"Milwaukee Bucks defeated San Antonio Spurs 101-90 in Regular Season at BMO Harris Bradley Center (Milwaukee, WI).",SportsDataVerse hoopR / ESPN NBA Hidden API
956,270315017,2006-2007,2006,Regular Season,Regular Season,2007-03-15,Thursday,00:00,Miami Heat,New Jersey Nets,New Jersey Nets,Miami Heat,86,93,179,7,Miami Heat,New Jersey Nets,Away Win (93-86),86-93,Four 12-minute quarters / 48 min,No,IZOD Center,"East Rutherford, NJ",18227,Miami Heat team victory,"Miami Heat defeated New Jersey Nets 93-86 in Regular Season at IZOD Center (East Rutherford, NJ).",SportsDataVerse hoopR / ESPN NBA Hidden API
957,270315007,2006-2007,2006,Regular Season,Regular Season,2007-03-15,Thursday,00:30,Los Angeles Lakers,Denver Nuggets,Denver Nuggets,Los Angeles Lakers,113,86,199,27,Denver Nuggets,Los Angeles Lakers,Home Win (113-86),113-86,Four 12-minute quarters / 48 min,No,Ball Arena,"Denver, CO",19155,Denver Nuggets team victory,"Denver Nuggets defeated Los Angeles Lakers 113-86 in Regular Season at Ball Arena (Denver, CO).",SportsDataVerse hoopR / ESPN NBA Hidden API
958,270316020,2006-2007,2006,Regular Season,Regular Season,2007-03-16,Friday,23:00,Utah Jazz,Philadelphia 76ers,Philadelphia 76ers,Utah Jazz,89,88,177,1,Philadelphia 76ers,Utah Jazz,Home Win (89-88),89-88,Four 12-minute quarters / 48 min,No,Wells Fargo Center,"Philadelphia, PA",17117,Philadelphia 76ers team victory,"Philadelphia 76ers defeated Utah Jazz 89-88 in Regular Season at Wells Fargo Center (Philadelphia, PA).",SportsDataVerse hoopR / ESPN NBA Hidden API
959,270316021,2006-2007,2006,Regular Season,Regular Season,2007-03-16,Friday,23:00,Detroit Pistons,Phoenix Suns,Phoenix Suns,Detroit Pistons,83,105,188,22,Detroit Pistons,Phoenix Suns,Away Win (105-83),83-105,Four 12-minute quarters / 48 min,No,Footprint Center,"Phoenix, AZ",18422,Detroit Pistons team victory,"Detroit Pistons defeated Phoenix Suns 105-83 in Regular Season at Footprint Center (Phoenix, AZ).",SportsDataVerse hoopR / ESPN NBA Hidden API
960,270316028,2006-2007,2006,Regular Season,Regular Season,2007-03-16,Friday,23:00,Houston Rockets,Toronto Raptors,Toronto Raptors,Houston Rockets,100,114,214,14,Houston Rockets,Toronto Raptors,Away Win (114-100),100-114,Four 12-minute quarters / 48 min,No,Scotiabank Arena,"Toronto, ON",20102,Houston Rockets team victory,"Houston Rockets defeated Toronto Raptors 114-100 in Regular Season at Scotiabank Arena (Toronto, ON).",SportsDataVerse hoopR / ESPN NBA Hidden API
961,270316030,2006-2007,2006,Regular Season,Regular Season,2007-03-16,Friday,23:00,LA Clippers,Charlotte Bobcats,Charlotte Bobcats,LA Clippers,93,102,195,9,LA Clippers,Charlotte Bobcats,Away Win (102-93),93-102,Four 12-minute quarters / 48 min,No,Spectrum Center,"Charlotte, NC",17103,LA Clippers team victory,"LA Clippers defeated Charlotte Bobcats 102-93 in Regular Season at Spectrum Center (Charlotte, NC).",SportsDataVerse hoopR / ESPN NBA Hidden API
962,270316006,2006-2007,2006,Regular Season,Regular Season,2007-03-16,Friday,23:30,Boston Celtics,Dallas Mavericks,Dallas Mavericks,Boston Celtics,106,101,207,5,Dallas Mavericks,Boston Celtics,Home Win (106-101),106-101,Four 12-minute quarters / 48 min,No,American Airlines Center,"Dallas, TX",20428,Dallas Mavericks team victory,"Dallas Mavericks defeated Boston Celtics 106-101 in Regular Season at American Airlines Center (Dallas, TX).",SportsDataVerse hoopR / ESPN NBA Hidden API
963,270316009,2006-2007,2006,Regular Season,Regular Season,2007-03-16,Friday,23:30,Minnesota Timberwolves,Golden State Warriors,Golden State Warriors,Minnesota Timberwolves,106,86,192,20,Golden State Warriors,Minnesota Timberwolves,Home Win (106-86),106-86,Four 12-minute quarters / 48 min,No,ORACLE Arena,"Oakland, CA",18527,Golden State Warriors team victory,"Golden State Warriors defeated Minnesota Timberwolves 106-86 in Regular Season at ORACLE Arena (Oakland, CA).",SportsDataVerse hoopR / ESPN NBA Hidden API
964,270316013,2006-2007,2006,Regular Season,Regular Season,2007-03-16,Friday,23:30,Portland Trail Blazers,Los Angeles Lakers,Los Angeles Lakers,Portland Trail Blazers,116,111,227,5,Los Angeles Lakers,Portland Trail Blazers,Home Win (116-111),116-111,Four 12-minute quarters / 48 min,Yes,crypto.com Arena,"Los Angeles, CA",18997,Los Angeles Lakers team victory (OT),"Los Angeles Lakers edged Portland Trail Blazers 116-111 in overtime at crypto.com Arena (Los Angeles, CA).",SportsDataVerse hoopR / ESPN NBA Hidden API
965,270316014,2006-2007,2006,Regular Season,Regular Season,2007-03-16,Friday,23:30,Sacramento Kings,Miami Heat,Miami Heat,Sacramento Kings,103,97,200,6,Miami Heat,Sacramento Kings,Home Win (103-97),103-97,Four 12-minute quarters / 48 min,No,Kaseya Center,"Miami, FL",19600,Miami Heat team victory,"Miami Heat defeated Sacramento Kings 103-97 in Regular Season at Kaseya Center (Miami, FL).",SportsDataVerse hoopR / ESPN NBA Hidden API
966,270316018,2006-2007,2006,Regular Season,Regular Season,2007-03-16,Friday,23:30,NO/Oklahoma City Hornets,New York Knicks,New York Knicks,NO/Oklahoma City Hornets,90,92,182,2,NO/Oklahoma City Hornets,New York Knicks,Away Win (92-90),90-92,Four 12-minute quarters / 48 min,No,Madison Square Garden,"New York, NY",19763,NO/Oklahoma City Hornets team victory,"NO/Oklahoma City Hornets defeated New York Knicks 92-90 in Regular Season at Madison Square Garden (New York, NY).",SportsDataVerse hoopR / ESPN NBA Hidden API
967,270317011,2006-2007,2006,Regular Season,Regular Season,2007-03-17,Saturday,23:00,Atlanta Hawks,Indiana Pacers,Indiana Pacers,Atlanta Hawks,113,90,203,23,Indiana Pacers,Atlanta Hawks,Home Win (113-90),113-90,Four 12-minute quarters / 48 min,No,Gainbridge Fieldhouse,"Indianapolis, IN",14240,Indiana Pacers team victory,"Indiana Pacers defeated Atlanta Hawks 113-90 in Regular Season at Gainbridge Fieldhouse (Indianapolis, IN).",SportsDataVerse hoopR / ESPN NBA Hidden API
968,270317019,2006-2007,2006,Regular Season,Regular Season,2007-03-17,Saturday,23:00,Sacramento Kings,Orlando Magic,Orlando Magic,Sacramento Kings,83,95,178,12,Sacramento Kings,Orlando Magic,Away Win (95-83),83-95,Four 12-minute quarters / 48 min,No,Amway Arena,"Orlando, FL",17361,Sacramento Kings team victory,"Sacramento Kings defeated Orlando Magic 95-83 in Regular Season at Amway Arena (Orlando, FL).",SportsDataVerse hoopR / ESPN NBA Hidden API
969,270317024,2006-2007,2006,Regular Season,Regular Season,2007-03-17,Saturday,23:00,Boston Celtics,San Antonio Spurs,San Antonio Spurs,Boston Celtics,85,91,176,6,Boston Celtics,San Antonio Spurs,Away Win (91-85),85-91,Four 12-minute quarters / 48 min,No,AT&T Center,"San Antonio, TX",18797,Boston Celtics team victory,"Boston Celtics defeated San Antonio Spurs 91-85 in Regular Season at AT&T Center (San Antonio, TX).",SportsDataVerse hoopR / ESPN NBA Hidden API
970,270317025,2006-2007,2006,Regular Season,Regular Season,2007-03-17,Saturday,23:00,Golden State Warriors,Seattle SuperSonics,Seattle SuperSonics,Golden State Warriors,98,99,197,1,Golden State Warriors,Seattle SuperSonics,Away Win (99-98),98-99,Four 12-minute quarters / 48 min,No,KeyArena,"Seattle, WA",15742,Golden State Warriors team victory,"Golden State Warriors defeated Seattle SuperSonics 99-98 in Regular Season at KeyArena (Seattle, WA).",SportsDataVerse hoopR / ESPN NBA Hidden API
971,270317027,2006-2007,2006,Regular Season,Regular Season,2007-03-17,Saturday,23:00,NO/Oklahoma City Hornets,Washington Wizards,Washington Wizards,NO/Oklahoma City Hornets,125,103,228,22,Washington Wizards,NO/Oklahoma City Hornets,Home Win (125-103),125-103,Four 12-minute quarters / 48 min,No,Capital One Arena,"Washington, DC",20173,Washington Wizards team victory,"Washington Wizards defeated NO/Oklahoma City Hornets 125-103 in Regular Season at Capital One Arena (Washington, DC).",SportsDataVerse hoopR / ESPN NBA Hidden API
972,270317029,2006-2007,2006,Regular Season,Regular Season,2007-03-17,Saturday,23:00,Chicago Bulls,Memphis Grizzlies,Memphis Grizzlies,Chicago Bulls,104,103,207,1,Memphis Grizzlies,Chicago Bulls,Home Win (104-103),104-103,Four 12-minute quarters / 48 min,No,FedExForum,"Memphis, TN",14793,Memphis Grizzlies team victory,"Memphis Grizzlies defeated Chicago Bulls 104-103 in Regular Season at FedExForum (Memphis, TN).",SportsDataVerse hoopR / ESPN NBA Hidden API
973,270317005,2006-2007,2006,Regular Season,Regular Season,2007-03-17,Saturday,23:30,Utah Jazz,Cleveland Cavaliers,Cleveland Cavaliers,Utah Jazz,82,73,155,9,Cleveland Cavaliers,Utah Jazz,Home Win (82-73),82-73,Four 12-minute quarters / 48 min,No,Rocket Mortgage FieldHouse,"Cleveland, OH",20562,Cleveland Cavaliers team victory,"Cleveland Cavaliers defeated Utah Jazz 82-73 in Regular Season at Rocket Mortgage FieldHouse (Cleveland, OH).",SportsDataVerse hoopR / ESPN NBA Hidden API
974,270317015,2006-2007,2006,Regular Season,Regular Season,2007-03-17,Saturday,23:30,Charlotte Bobcats,Milwaukee Bucks,Milwaukee Bucks,Charlotte Bobcats,97,91,188,6,Milwaukee Bucks,Charlotte Bobcats,Home Win (97-91),97-91,Four 12-minute quarters / 48 min,No,BMO Harris Bradley Center,"Milwaukee, WI",16674,Milwaukee Bucks team victory,"Milwaukee Bucks defeated Charlotte Bobcats 97-91 in Regular Season at BMO Harris Bradley Center (Milwaukee, WI).",SportsDataVerse hoopR / ESPN NBA Hidden API
975,270317007,2006-2007,2006,Regular Season,Regular Season,2007-03-17,Saturday,00:00,Phoenix Suns,Denver Nuggets,Denver Nuggets,Phoenix Suns,131,107,238,24,Denver Nuggets,Phoenix Suns,Home Win (131-107),131-107,Four 12-minute quarters / 48 min,No,Ball Arena,"Denver, CO",19809,Denver Nuggets team victory,"Denver Nuggets defeated Phoenix Suns 131-107 in Regular Season at Ball Arena (Denver, CO).",SportsDataVerse hoopR / ESPN NBA Hidden API
976,270318018,2006-2007,2006,Regular Season,Regular Season,2007-03-18,Sunday,16:00,Toronto Raptors,New York Knicks,New York Knicks,Toronto Raptors,92,74,166,18,New York Knicks,Toronto Raptors,Home Win (92-74),92-74,Four 12-minute quarters / 48 min,No,Madison Square Garden,"New York, NY",19763,New York Knicks team victory,"New York Knicks defeated Toronto Raptors 92-74 in Regular Season at Madison Square Garden (New York, NY).",SportsDataVerse hoopR / ESPN NBA Hidden API
977,270318008,2006-2007,2006,Regular Season,Regular Season,2007-03-18,Sunday,19:30,Dallas Mavericks,Detroit Pistons,Detroit Pistons,Dallas Mavericks,88,92,180,4,Dallas Mavericks,Detroit Pistons,Away Win (92-88),88-92,Four 12-minute quarters / 48 min,No,The Palace of Auburn Hills,"Detroit, MI",22076,Dallas Mavericks team victory,"Dallas Mavericks defeated Detroit Pistons 92-88 in Regular Season at The Palace of Auburn Hills (Detroit, MI).",SportsDataVerse hoopR / ESPN NBA Hidden API
978,270318013,2006-2007,2006,Regular Season,Regular Season,2007-03-18,Sunday,21:00,Minnesota Timberwolves,Los Angeles Lakers,Los Angeles Lakers,Minnesota Timberwolves,109,102,211,7,Los Angeles Lakers,Minnesota Timberwolves,Home Win (109-102),109-102,Four 12-minute quarters / 48 min,No,crypto.com Arena,"Los Angeles, CA",18997,Los Angeles Lakers team victory,"Los Angeles Lakers defeated Minnesota Timberwolves 109-102 in Regular Season at crypto.com Arena (Los Angeles, CA).",SportsDataVerse hoopR / ESPN NBA Hidden API
979,270318014,2006-2007,2006,Regular Season,Regular Season,2007-03-18,Sunday,22:00,Orlando Magic,Miami Heat,Miami Heat,Orlando Magic,83,97,180,14,Orlando Magic,Miami Heat,Away Win (97-83),83-97,Four 12-minute quarters / 48 min,No,Kaseya Center,"Miami, FL",19600,Orlando Magic team victory,"Orlando Magic defeated Miami Heat 97-83 in Regular Season at Kaseya Center (Miami, FL).",SportsDataVerse hoopR / ESPN NBA Hidden API
980,270318017,2006-2007,2006,Regular Season,Regular Season,2007-03-18,Sunday,22:00,LA Clippers,New Jersey Nets,New Jersey Nets,LA Clippers,101,95,196,6,New Jersey Nets,LA Clippers,Home Win (101-95),101-95,Four 12-minute quarters / 48 min,No,IZOD Center,"East Rutherford, NJ",15050,New Jersey Nets team victory,"New Jersey Nets defeated LA Clippers 101-95 in Regular Season at IZOD Center (East Rutherford, NJ).",SportsDataVerse hoopR / ESPN NBA Hidden API
981,270318020,2006-2007,2006,Regular Season,Regular Season,2007-03-18,Sunday,22:00,Houston Rockets,Philadelphia 76ers,Philadelphia 76ers,Houston Rockets,74,124,198,50,Houston Rockets,Philadelphia 76ers,Away Win (124-74),74-124,Four 12-minute quarters / 48 min,No,Wells Fargo Center,"Philadelphia, PA",17872,Houston Rockets team victory,"Houston Rockets defeated Philadelphia 76ers 124-74 in Regular Season at Wells Fargo Center (Philadelphia, PA).",SportsDataVerse hoopR / ESPN NBA Hidden API
982,270318022,2006-2007,2006,Regular Season,Regular Season,2007-03-18,Sunday,22:00,Seattle SuperSonics,Portland Trail Blazers,Portland Trail Blazers,Seattle SuperSonics,77,95,172,18,Seattle SuperSonics,Portland Trail Blazers,Away Win (95-77),77-95,Four 12-minute quarters / 48 min,No,Moda Center,"Portland, OR",17215,Seattle SuperSonics team victory,"Seattle SuperSonics defeated Portland Trail Blazers 95-77 in Regular Season at Moda Center (Portland, OR).",SportsDataVerse hoopR / ESPN NBA Hidden API
983,270319001,2006-2007,2006,Regular Season,Regular Season,2007-03-19,Monday,23:00,Sacramento Kings,Atlanta Hawks,Atlanta Hawks,Sacramento Kings,99,76,175,23,Atlanta Hawks,Sacramento Kings,Home Win (99-76),99-76,Four 12-minute quarters / 48 min,No,State Farm Arena,"Atlanta, GA",13879,Atlanta Hawks team victory,"Atlanta Hawks defeated Sacramento Kings 99-76 in Regular Season at State Farm Arena (Atlanta, GA).",SportsDataVerse hoopR / ESPN NBA Hidden API
984,270319003,2006-2007,2006,Regular Season,Regular Season,2007-03-19,Monday,23:00,Boston Celtics,NO/Oklahoma City Hornets,NO/Oklahoma City Hornets,Boston Celtics,106,88,194,18,NO/Oklahoma City Hornets,Boston Celtics,Home Win (106-88),106-88,Four 12-minute quarters / 48 min,No,Paycom Center,"Oklahoma City, OK",19164,NO/Oklahoma City Hornets team victory,"NO/Oklahoma City Hornets defeated Boston Celtics 106-88 in Regular Season at Paycom Center (Oklahoma City, OK).",SportsDataVerse hoopR / ESPN NBA Hidden API
985,270320017,2006-2007,2006,Regular Season,Regular Season,2007-03-20,Tuesday,23:00,Denver Nuggets,New Jersey Nets,New Jersey Nets,Denver Nuggets,90,94,184,4,Denver Nuggets,New Jersey Nets,Away Win (94-90),90-94,Four 12-minute quarters / 48 min,No,IZOD Center,"East Rutherford, NJ",20032,Denver Nuggets team victory,"Denver Nuggets defeated New Jersey Nets 94-90 in Regular Season at IZOD Center (East Rutherford, NJ).",SportsDataVerse hoopR / ESPN NBA Hidden API
986,270320021,2006-2007,2006,Regular Season,Regular Season,2007-03-20,Tuesday,23:00,Minnesota Timberwolves,Phoenix Suns,Phoenix Suns,Minnesota Timberwolves,108,90,198,18,Phoenix Suns,Minnesota Timberwolves,Home Win (108-90),108-90,Four 12-minute quarters / 48 min,No,Footprint Center,"Phoenix, AZ",18422,Phoenix Suns team victory,"Phoenix Suns defeated Minnesota Timberwolves 108-90 in Regular Season at Footprint Center (Phoenix, AZ).",SportsDataVerse hoopR / ESPN NBA Hidden API
987,270320022,2006-2007,2006,Regular Season,Regular Season,2007-03-20,Tuesday,23:00,Washington Wizards,Portland Trail Blazers,Portland Trail Blazers,Washington Wizards,100,98,198,2,Portland Trail Blazers,Washington Wizards,Home Win (100-98),100-98,Four 12-minute quarters / 48 min,No,Moda Center,"Portland, OR",14708,Portland Trail Blazers team victory,"Portland Trail Blazers defeated Washington Wizards 100-98 in Regular Season at Moda Center (Portland, OR).",SportsDataVerse hoopR / ESPN NBA Hidden API
988,270320026,2006-2007,2006,Regular Season,Regular Season,2007-03-20,Tuesday,23:00,Golden State Warriors,Utah Jazz,Utah Jazz,Golden State Warriors,104,100,204,4,Utah Jazz,Golden State Warriors,Home Win (104-100),104-100,Four 12-minute quarters / 48 min,No,Vivint Arena,"Salt Lake City, UT",19759,Utah Jazz team victory,"Utah Jazz defeated Golden State Warriors 104-100 in Regular Season at Vivint Arena (Salt Lake City, UT).",SportsDataVerse hoopR / ESPN NBA Hidden API
989,270320029,2006-2007,2006,Regular Season,Regular Season,2007-03-20,Tuesday,23:00,NO/Oklahoma City Hornets,Memphis Grizzlies,Memphis Grizzlies,NO/Oklahoma City Hornets,103,114,217,11,NO/Oklahoma City Hornets,Memphis Grizzlies,Away Win (114-103),103-114,Four 12-minute quarters / 48 min,No,FedExForum,"Memphis, TN",10916,NO/Oklahoma City Hornets team victory,"NO/Oklahoma City Hornets defeated Memphis Grizzlies 114-103 in Regular Season at FedExForum (Memphis, TN).",SportsDataVerse hoopR / ESPN NBA Hidden API
990,270320030,2006-2007,2006,Regular Season,Regular Season,2007-03-20,Tuesday,23:00,Cleveland Cavaliers,Charlotte Bobcats,Charlotte Bobcats,Cleveland Cavaliers,108,100,208,8,Charlotte Bobcats,Cleveland Cavaliers,Home Win (108-100),108-100,Four 12-minute quarters / 48 min,Yes,Spectrum Center,"Charlotte, NC",17043,Charlotte Bobcats team victory (OT),"Charlotte Bobcats edged Cleveland Cavaliers 108-100 in overtime at Spectrum Center (Charlotte, NC).",SportsDataVerse hoopR / ESPN NBA Hidden API
991,270320004,2006-2007,2006,Regular Season,Regular Season,2007-03-20,Tuesday,23:30,LA Clippers,Chicago Bulls,Chicago Bulls,LA Clippers,89,103,192,14,LA Clippers,Chicago Bulls,Away Win (103-89),89-103,Four 12-minute quarters / 48 min,No,United Center,"Chicago, IL",22426,LA Clippers team victory,"LA Clippers defeated Chicago Bulls 103-89 in Regular Season at United Center (Chicago, IL).",SportsDataVerse hoopR / ESPN NBA Hidden API
992,270320008,2006-2007,2006,Regular Season,Regular Season,2007-03-20,Tuesday,23:30,Philadelphia 76ers,Detroit Pistons,Detroit Pistons,Philadelphia 76ers,96,75,171,21,Detroit Pistons,Philadelphia 76ers,Home Win (96-75),96-75,Four 12-minute quarters / 48 min,No,The Palace of Auburn Hills,"Detroit, MI",22076,Detroit Pistons team victory,"Detroit Pistons defeated Philadelphia 76ers 96-75 in Regular Season at The Palace of Auburn Hills (Detroit, MI).",SportsDataVerse hoopR / ESPN NBA Hidden API
993,270320018,2006-2007,2006,Regular Season,Regular Season,2007-03-20,Tuesday,23:30,Dallas Mavericks,New York Knicks,New York Knicks,Dallas Mavericks,77,92,169,15,Dallas Mavericks,New York Knicks,Away Win (92-77),77-92,Four 12-minute quarters / 48 min,No,Madison Square Garden,"New York, NY",19763,Dallas Mavericks team victory,"Dallas Mavericks defeated New York Knicks 92-77 in Regular Season at Madison Square Garden (New York, NY).",SportsDataVerse hoopR / ESPN NBA Hidden API
994,270320010,2006-2007,2006,Regular Season,Regular Season,2007-03-20,Tuesday,00:30,Indiana Pacers,Houston Rockets,Houston Rockets,Indiana Pacers,86,76,162,10,Houston Rockets,Indiana Pacers,Home Win (86-76),86-76,Four 12-minute quarters / 48 min,No,Toyota Center (Houston),"Houston, TX",12588,Houston Rockets team victory,"Houston Rockets defeated Indiana Pacers 86-76 in Regular Season at Toyota Center (Houston) (Houston, TX).",SportsDataVerse hoopR / ESPN NBA Hidden API
995,270321001,2006-2007,2006,Regular Season,Regular Season,2007-03-21,Wednesday,23:00,Miami Heat,Atlanta Hawks,Atlanta Hawks,Miami Heat,83,91,174,8,Miami Heat,Atlanta Hawks,Away Win (91-83),83-91,Four 12-minute quarters / 48 min,No,State Farm Arena,"Atlanta, GA",19089,Miami Heat team victory,"Miami Heat defeated Atlanta Hawks 91-83 in Regular Season at State Farm Arena (Atlanta, GA).",SportsDataVerse hoopR / ESPN NBA Hidden API
996,270321015,2006-2007,2006,Regular Season,Regular Season,2007-03-21,Wednesday,23:00,LA Clippers,Milwaukee Bucks,Milwaukee Bucks,LA Clippers,103,104,207,1,LA Clippers,Milwaukee Bucks,Away Win (104-103),103-104,Four 12-minute quarters / 48 min,No,BMO Harris Bradley Center,"Milwaukee, WI",14113,LA Clippers team victory,"LA Clippers defeated Milwaukee Bucks 104-103 in Regular Season at BMO Harris Bradley Center (Milwaukee, WI).",SportsDataVerse hoopR / ESPN NBA Hidden API
997,270321023,2006-2007,2006,Regular Season,Regular Season,2007-03-21,Wednesday,23:00,Minnesota Timberwolves,Sacramento Kings,Sacramento Kings,Minnesota Timberwolves,89,95,184,6,Minnesota Timberwolves,Sacramento Kings,Away Win (95-89),89-95,Four 12-minute quarters / 48 min,No,Sleep Train Arena,"Sacramento, CA",17317,Minnesota Timberwolves team victory,"Minnesota Timberwolves defeated Sacramento Kings 95-89 in Regular Season at Sleep Train Arena (Sacramento, CA).",SportsDataVerse hoopR / ESPN NBA Hidden API
998,270321024,2006-2007,2006,Regular Season,Regular Season,2007-03-21,Wednesday,23:00,Indiana Pacers,San Antonio Spurs,San Antonio Spurs,Indiana Pacers,90,72,162,18,San Antonio Spurs,Indiana Pacers,Home Win (90-72),90-72,Four 12-minute quarters / 48 min,No,AT&T Center,"San Antonio, TX",18580,San Antonio Spurs team victory,"San Antonio Spurs defeated Indiana Pacers 90-72 in Regular Season at AT&T Center (San Antonio, TX).",SportsDataVerse hoopR / ESPN NBA Hidden API
999,270321025,2006-2007,2006,Regular Season,Regular Season,2007-03-21,Wednesday,23:00,Washington Wizards,Seattle SuperSonics,Seattle SuperSonics,Washington Wizards,106,108,214,2,Washington Wizards,Seattle SuperSonics,Away Win (108-106),106-108,Four 12-minute quarters / 48 min,No,KeyArena,"Seattle, WA",15498,Washington Wizards team victory,"Washington Wizards defeated Seattle SuperSonics 108-106 in Regular Season at KeyArena (Seattle, WA).",SportsDataVerse hoopR / ESPN NBA Hidden API
1000,270321028,2006-2007,2006,Regular Season,Regular Season,2007-03-21,Wednesday,23:00,Orlando Magic,Toronto Raptors,Toronto Raptors,Orlando Magic,92,85,177,7,Toronto Raptors,Orlando Magic,Home Win (92-85),92-85,Four 12-minute quarters / 48 min,No,Scotiabank Arena,"Toronto, ON",18326,Toronto Raptors team victory,"Toronto Raptors defeated Orlando Magic 92-85 in Regular Season at Scotiabank Arena (Toronto, ON).",SportsDataVerse hoopR / ESPN NBA Hidden API
1001,270321002,2006-2007,2006,Regular Season,Regular Season,2007-03-21,Wednesday,23:30,Charlotte Bobcats,Boston Celtics,Boston Celtics,Charlotte Bobcats,84,92,176,8,Charlotte Bobcats,Boston Celtics,Away Win (92-84),84-92,Four 12-minute quarters / 48 min,No,TD Garden,"Boston, MA",14743,Charlotte Bobcats team victory,"Charlotte Bobcats defeated Boston Celtics 92-84 in Regular Season at TD Garden (Boston, MA).",SportsDataVerse hoopR / ESPN NBA Hidden API
1002,270321005,2006-2007,2006,Regular Season,Regular Season,2007-03-21,Wednesday,00:00,Dallas Mavericks,Cleveland Cavaliers,Cleveland Cavaliers,Dallas Mavericks,90,98,188,8,Dallas Mavericks,Cleveland Cavaliers,Away Win (98-90),90-98,Four 12-minute quarters / 48 min,No,Rocket Mortgage FieldHouse,"Cleveland, OH",20562,Dallas Mavericks team victory,"Dallas Mavericks defeated Cleveland Cavaliers 98-90 in Regular Season at Rocket Mortgage FieldHouse (Cleveland, OH).",SportsDataVerse hoopR / ESPN NBA Hidden API
1003,270322021,2006-2007,2006,Regular Season,Regular Season,2007-03-22,Thursday,23:00,Sacramento Kings,Phoenix Suns,Phoenix Suns,Sacramento Kings,118,100,218,18,Phoenix Suns,Sacramento Kings,Home Win (118-100),118-100,Four 12-minute quarters / 48 min,No,Footprint Center,"Phoenix, AZ",18422,Phoenix Suns team victory,"Phoenix Suns defeated Sacramento Kings 118-100 in Regular Season at Footprint Center (Phoenix, AZ).",SportsDataVerse hoopR / ESPN NBA Hidden API
1004,270322029,2006-2007,2006,Regular Season,Regular Season,2007-03-22,Thursday,23:00,Los Angeles Lakers,Memphis Grizzlies,Memphis Grizzlies,Los Angeles Lakers,119,121,240,2,Los Angeles Lakers,Memphis Grizzlies,Away Win (121-119),119-121,Four 12-minute quarters / 48 min,No,FedExForum,"Memphis, TN",16107,Los Angeles Lakers team victory,"Los Angeles Lakers defeated Memphis Grizzlies 121-119 in Regular Season at FedExForum (Memphis, TN).",SportsDataVerse hoopR / ESPN NBA Hidden API
1005,270322004,2006-2007,2006,Regular Season,Regular Season,2007-03-22,Thursday,23:30,Denver Nuggets,Chicago Bulls,Chicago Bulls,Denver Nuggets,109,108,217,1,Chicago Bulls,Denver Nuggets,Home Win (109-108),109-108,Four 12-minute quarters / 48 min,No,United Center,"Chicago, IL",22646,Chicago Bulls team victory,"Chicago Bulls defeated Denver Nuggets 109-108 in Regular Season at United Center (Chicago, IL).",SportsDataVerse hoopR / ESPN NBA Hidden API
1006,270322010,2006-2007,2006,Regular Season,Regular Season,2007-03-22,Thursday,23:30,Detroit Pistons,Houston Rockets,Houston Rockets,Detroit Pistons,91,85,176,6,Houston Rockets,Detroit Pistons,Home Win (91-85),91-85,Four 12-minute quarters / 48 min,No,Toyota Center (Houston),"Houston, TX",17345,Houston Rockets team victory,"Houston Rockets defeated Detroit Pistons 91-85 in Regular Season at Toyota Center (Houston) (Houston, TX).",SportsDataVerse hoopR / ESPN NBA Hidden API
1007,270322018,2006-2007,2006,Regular Season,Regular Season,2007-03-22,Thursday,23:30,Portland Trail Blazers,New York Knicks,New York Knicks,Portland Trail Blazers,86,92,178,6,Portland Trail Blazers,New York Knicks,Away Win (92-86),86-92,Four 12-minute quarters / 48 min,No,Madison Square Garden,"New York, NY",19237,Portland Trail Blazers team victory,"Portland Trail Blazers defeated New York Knicks 92-86 in Regular Season at Madison Square Garden (New York, NY).",SportsDataVerse hoopR / ESPN NBA Hidden API
1008,270323003,2006-2007,2006,Regular Season,Regular Season,2007-03-23,Friday,23:00,Los Angeles Lakers,NO/Oklahoma City Hornets,NO/Oklahoma City Hornets,Los Angeles Lakers,105,111,216,6,Los Angeles Lakers,NO/Oklahoma City Hornets,Away Win (111-105),105-111,Four 12-minute quarters / 48 min,No,Smoothie King Center,"New Orleans, LA",18535,Los Angeles Lakers team victory,"Los Angeles Lakers defeated NO/Oklahoma City Hornets 111-105 in Regular Season at Smoothie King Center (New Orleans, LA).",SportsDataVerse hoopR / ESPN NBA Hidden API
1009,270323011,2006-2007,2006,Regular Season,Regular Season,2007-03-23,Friday,23:00,Miami Heat,Indiana Pacers,Indiana Pacers,Miami Heat,95,70,165,25,Indiana Pacers,Miami Heat,Home Win (95-70),95-70,Four 12-minute quarters / 48 min,No,Gainbridge Fieldhouse,"Indianapolis, IN",17975,Indiana Pacers team victory,"Indiana Pacers defeated Miami Heat 95-70 in Regular Season at Gainbridge Fieldhouse (Indianapolis, IN).",SportsDataVerse hoopR / ESPN NBA Hidden API
1010,270323019,2006-2007,2006,Regular Season,Regular Season,2007-03-23,Friday,23:00,New Jersey Nets,Orlando Magic,Orlando Magic,New Jersey Nets,90,82,172,8,Orlando Magic,New Jersey Nets,Home Win (90-82),90-82,Four 12-minute quarters / 48 min,No,Amway Arena,"Orlando, FL",17451,Orlando Magic team victory,"Orlando Magic defeated New Jersey Nets 90-82 in Regular Season at Amway Arena (Orlando, FL).",SportsDataVerse hoopR / ESPN NBA Hidden API
1011,270323020,2006-2007,2006,Regular Season,Regular Season,2007-03-23,Friday,23:00,Charlotte Bobcats,Philadelphia 76ers,Philadelphia 76ers,Charlotte Bobcats,106,97,203,9,Philadelphia 76ers,Charlotte Bobcats,Home Win (106-97),106-97,Four 12-minute quarters / 48 min,No,Wells Fargo Center,"Philadelphia, PA",17104,Philadelphia 76ers team victory,"Philadelphia 76ers defeated Charlotte Bobcats 106-97 in Regular Season at Wells Fargo Center (Philadelphia, PA).",SportsDataVerse hoopR / ESPN NBA Hidden API
1012,270323024,2006-2007,2006,Regular Season,Regular Season,2007-03-23,Friday,23:00,Detroit Pistons,San Antonio Spurs,San Antonio Spurs,Detroit Pistons,90,89,179,1,San Antonio Spurs,Detroit Pistons,Home Win (90-89),90-89,Four 12-minute quarters / 48 min,No,AT&T Center,"San Antonio, TX",18797,San Antonio Spurs team victory,"San Antonio Spurs defeated Detroit Pistons 90-89 in Regular Season at AT&T Center (San Antonio, TX).",SportsDataVerse hoopR / ESPN NBA Hidden API
1013,270323028,2006-2007,2006,Regular Season,Regular Season,2007-03-23,Friday,23:00,Denver Nuggets,Toronto Raptors,Toronto Raptors,Denver Nuggets,121,94,215,27,Toronto Raptors,Denver Nuggets,Home Win (121-94),121-94,Four 12-minute quarters / 48 min,No,Scotiabank Arena,"Toronto, ON",20120,Toronto Raptors team victory,"Toronto Raptors defeated Denver Nuggets 121-94 in Regular Season at Scotiabank Arena (Toronto, ON).",SportsDataVerse hoopR / ESPN NBA Hidden API
1014,270323001,2006-2007,2006,Regular Season,Regular Season,2007-03-23,Friday,23:30,Portland Trail Blazers,Atlanta Hawks,Atlanta Hawks,Portland Trail Blazers,100,102,202,2,Portland Trail Blazers,Atlanta Hawks,Away Win (102-100),100-102,Four 12-minute quarters / 48 min,Yes,State Farm Arena,"Atlanta, GA",14884,Portland Trail Blazers team victory (OT),"Portland Trail Blazers edged Atlanta Hawks 102-100 in overtime at State Farm Arena (Atlanta, GA).",SportsDataVerse hoopR / ESPN NBA Hidden API
1015,270323002,2006-2007,2006,Regular Season,Regular Season,2007-03-23,Friday,23:30,Dallas Mavericks,Boston Celtics,Boston Celtics,Dallas Mavericks,95,109,204,14,Dallas Mavericks,Boston Celtics,Away Win (109-95),95-109,Four 12-minute quarters / 48 min,No,TD Garden,"Boston, MA",18113,Dallas Mavericks team victory,"Dallas Mavericks defeated Boston Celtics 109-95 in Regular Season at TD Garden (Boston, MA).",SportsDataVerse hoopR / ESPN NBA Hidden API
1016,270323005,2006-2007,2006,Regular Season,Regular Season,2007-03-23,Friday,23:30,New York Knicks,Cleveland Cavaliers,Cleveland Cavaliers,New York Knicks,90,68,158,22,Cleveland Cavaliers,New York Knicks,Home Win (90-68),90-68,Four 12-minute quarters / 48 min,No,Rocket Mortgage FieldHouse,"Cleveland, OH",20562,Cleveland Cavaliers team victory,"Cleveland Cavaliers defeated New York Knicks 90-68 in Regular Season at Rocket Mortgage FieldHouse (Cleveland, OH).",SportsDataVerse hoopR / ESPN NBA Hidden API
1017,270323009,2006-2007,2006,Regular Season,Regular Season,2007-03-23,Friday,23:30,Washington Wizards,Golden State Warriors,Golden State Warriors,Washington Wizards,135,128,263,7,Golden State Warriors,Washington Wizards,Home Win (135-128),135-128,Four 12-minute quarters / 48 min,No,ORACLE Arena,"Oakland, CA",19596,Golden State Warriors team victory,"Golden State Warriors defeated Washington Wizards 135-128 in Regular Season at ORACLE Arena (Oakland, CA).",SportsDataVerse hoopR / ESPN NBA Hidden API
1018,270323012,2006-2007,2006,Regular Season,Regular Season,2007-03-23,Friday,23:30,Utah Jazz,LA Clippers,LA Clippers,Utah Jazz,104,72,176,32,LA Clippers,Utah Jazz,Home Win (104-72),104-72,Four 12-minute quarters / 48 min,No,crypto.com Arena,"Los Angeles, CA",19389,LA Clippers team victory,"LA Clippers defeated Utah Jazz 104-72 in Regular Season at crypto.com Arena (Los Angeles, CA).",SportsDataVerse hoopR / ESPN NBA Hidden API
1019,270323025,2006-2007,2006,Regular Season,Regular Season,2007-03-23,Friday,23:30,Minnesota Timberwolves,Seattle SuperSonics,Seattle SuperSonics,Minnesota Timberwolves,85,82,167,3,Seattle SuperSonics,Minnesota Timberwolves,Home Win (85-82),85-82,Four 12-minute quarters / 48 min,No,KeyArena,"Seattle, WA",16794,Seattle SuperSonics team victory,"Seattle SuperSonics defeated Minnesota Timberwolves 85-82 in Regular Season at KeyArena (Seattle, WA).",SportsDataVerse hoopR / ESPN NBA Hidden API
1020,270324026,2006-2007,2006,Regular Season,Regular Season,2007-03-24,Saturday,23:00,Memphis Grizzlies,Utah Jazz,Utah Jazz,Memphis Grizzlies,118,108,226,10,Utah Jazz,Memphis Grizzlies,Home Win (118-108),118-108,Four 12-minute quarters / 48 min,No,Vivint Arena,"Salt Lake City, UT",19911,Utah Jazz team victory,"Utah Jazz defeated Memphis Grizzlies 118-108 in Regular Season at Vivint Arena (Salt Lake City, UT).",SportsDataVerse hoopR / ESPN NBA Hidden API
1021,270324030,2006-2007,2006,Regular Season,Regular Season,2007-03-24,Saturday,23:00,New Jersey Nets,Charlotte Bobcats,Charlotte Bobcats,New Jersey Nets,107,113,220,6,New Jersey Nets,Charlotte Bobcats,Away Win (113-107),107-113,Four 12-minute quarters / 48 min,Yes,Spectrum Center,"Charlotte, NC",18180,New Jersey Nets team victory (OT),"New Jersey Nets edged Charlotte Bobcats 113-107 in overtime at Spectrum Center (Charlotte, NC).",SportsDataVerse hoopR / ESPN NBA Hidden API
1022,270324012,2006-2007,2006,Regular Season,Regular Season,2007-03-24,Saturday,23:30,Washington Wizards,LA Clippers,LA Clippers,Washington Wizards,111,105,216,6,LA Clippers,Washington Wizards,Home Win (111-105),111-105,Four 12-minute quarters / 48 min,No,crypto.com Arena,"Los Angeles, CA",18331,LA Clippers team victory,"LA Clippers defeated Washington Wizards 111-105 in Regular Season at crypto.com Arena (Los Angeles, CA).",SportsDataVerse hoopR / ESPN NBA Hidden API
1023,270324014,2006-2007,2006,Regular Season,Regular Season,2007-03-24,Saturday,23:30,Philadelphia 76ers,Miami Heat,Miami Heat,Philadelphia 76ers,85,93,178,8,Philadelphia 76ers,Miami Heat,Away Win (93-85),85-93,Four 12-minute quarters / 48 min,No,Kaseya Center,"Miami, FL",19600,Philadelphia 76ers team victory,"Philadelphia 76ers defeated Miami Heat 93-85 in Regular Season at Kaseya Center (Miami, FL).",SportsDataVerse hoopR / ESPN NBA Hidden API
1024,270325023,2006-2007,2006,Regular Season,Regular Season,2007-03-25,Sunday,16:30,Phoenix Suns,Sacramento Kings,Sacramento Kings,Phoenix Suns,107,100,207,7,Sacramento Kings,Phoenix Suns,Home Win (107-100),107-100,Four 12-minute quarters / 48 min,No,Sleep Train Arena,"Sacramento, CA",17317,Sacramento Kings team victory,"Sacramento Kings defeated Phoenix Suns 107-100 in Regular Season at Sleep Train Arena (Sacramento, CA).",SportsDataVerse hoopR / ESPN NBA Hidden API
1025,270325001,2006-2007,2006,Regular Season,Regular Season,2007-03-25,Sunday,17:00,Dallas Mavericks,Atlanta Hawks,Atlanta Hawks,Dallas Mavericks,97,104,201,7,Dallas Mavericks,Atlanta Hawks,Away Win (104-97),97-104,Four 12-minute quarters / 48 min,No,State Farm Arena,"Atlanta, GA",19322,Dallas Mavericks team victory,"Dallas Mavericks defeated Atlanta Hawks 104-97 in Regular Season at State Farm Arena (Atlanta, GA).",SportsDataVerse hoopR / ESPN NBA Hidden API
1026,270325015,2006-2007,2006,Regular Season,Regular Season,2007-03-25,Sunday,18:30,Detroit Pistons,Milwaukee Bucks,Milwaukee Bucks,Detroit Pistons,95,121,216,26,Detroit Pistons,Milwaukee Bucks,Away Win (121-95),95-121,Four 12-minute quarters / 48 min,No,BMO Harris Bradley Center,"Milwaukee, WI",15369,Detroit Pistons team victory,"Detroit Pistons defeated Milwaukee Bucks 121-95 in Regular Season at BMO Harris Bradley Center (Milwaukee, WI).",SportsDataVerse hoopR / ESPN NBA Hidden API
1027,270325016,2006-2007,2006,Regular Season,Regular Season,2007-03-25,Sunday,18:30,Portland Trail Blazers,Minnesota Timberwolves,Minnesota Timberwolves,Portland Trail Blazers,94,93,187,1,Minnesota Timberwolves,Portland Trail Blazers,Home Win (94-93),94-93,Four 12-minute quarters / 48 min,No,Target Center,"Minneapolis, MN",16273,Minnesota Timberwolves team victory,"Minnesota Timberwolves defeated Portland Trail Blazers 94-93 in Regular Season at Target Center (Minneapolis, MN).",SportsDataVerse hoopR / ESPN NBA Hidden API
1028,270325011,2006-2007,2006,Regular Season,Regular Season,2007-03-25,Sunday,19:30,Chicago Bulls,Indiana Pacers,Indiana Pacers,Chicago Bulls,90,92,182,2,Chicago Bulls,Indiana Pacers,Away Win (92-90),90-92,Four 12-minute quarters / 48 min,No,Gainbridge Fieldhouse,"Indianapolis, IN",18165,Chicago Bulls team victory,"Chicago Bulls defeated Indiana Pacers 92-90 in Regular Season at Gainbridge Fieldhouse (Indianapolis, IN).",SportsDataVerse hoopR / ESPN NBA Hidden API
1029,270325013,2006-2007,2006,Regular Season,Regular Season,2007-03-25,Sunday,22:30,Golden State Warriors,Los Angeles Lakers,Los Angeles Lakers,Golden State Warriors,115,113,228,2,Los Angeles Lakers,Golden State Warriors,Home Win (115-113),115-113,Four 12-minute quarters / 48 min,No,crypto.com Arena,"Los Angeles, CA",18997,Los Angeles Lakers team victory,"Los Angeles Lakers defeated Golden State Warriors 115-113 in Regular Season at crypto.com Arena (Los Angeles, CA).",SportsDataVerse hoopR / ESPN NBA Hidden API
1030,270325003,2006-2007,2006,Regular Season,Regular Season,2007-03-25,Sunday,23:00,Houston Rockets,NO/Oklahoma City Hornets,NO/Oklahoma City Hornets,Houston Rockets,106,94,200,12,NO/Oklahoma City Hornets,Houston Rockets,Home Win (106-94),106-94,Four 12-minute quarters / 48 min,No,Paycom Center,"Oklahoma City, OK",19164,NO/Oklahoma City Hornets team victory,"NO/Oklahoma City Hornets defeated Houston Rockets 106-94 in Regular Season at Paycom Center (Oklahoma City, OK).",SportsDataVerse hoopR / ESPN NBA Hidden API
1031,270325005,2006-2007,2006,Regular Season,Regular Season,2007-03-25,Sunday,00:00,Denver Nuggets,Cleveland Cavaliers,Cleveland Cavaliers,Denver Nuggets,93,105,198,12,Denver Nuggets,Cleveland Cavaliers,Away Win (105-93),93-105,Four 12-minute quarters / 48 min,No,Rocket Mortgage FieldHouse,"Cleveland, OH",20562,Denver Nuggets team victory,"Denver Nuggets defeated Cleveland Cavaliers 105-93 in Regular Season at Rocket Mortgage FieldHouse (Cleveland, OH).",SportsDataVerse hoopR / ESPN NBA Hidden API
1032,270326021,2006-2007,2006,Regular Season,Regular Season,2007-03-26,Monday,23:00,Memphis Grizzlies,Phoenix Suns,Phoenix Suns,Memphis Grizzlies,105,87,192,18,Phoenix Suns,Memphis Grizzlies,Home Win (105-87),105-87,Four 12-minute quarters / 48 min,No,Footprint Center,"Phoenix, AZ",18422,Phoenix Suns team victory,"Phoenix Suns defeated Memphis Grizzlies 105-87 in Regular Season at Footprint Center (Phoenix, AZ).",SportsDataVerse hoopR / ESPN NBA Hidden API
1033,270326026,2006-2007,2006,Regular Season,Regular Season,2007-03-26,Monday,23:00,Washington Wizards,Utah Jazz,Utah Jazz,Washington Wizards,103,97,200,6,Utah Jazz,Washington Wizards,Home Win (103-97),103-97,Four 12-minute quarters / 48 min,No,Vivint Arena,"Salt Lake City, UT",19911,Utah Jazz team victory,"Utah Jazz defeated Washington Wizards 103-97 in Regular Season at Vivint Arena (Salt Lake City, UT).",SportsDataVerse hoopR / ESPN NBA Hidden API
1034,270326002,2006-2007,2006,Regular Season,Regular Season,2007-03-26,Monday,23:30,Toronto Raptors,Boston Celtics,Boston Celtics,Toronto Raptors,95,87,182,8,Boston Celtics,Toronto Raptors,Home Win (95-87),95-87,Four 12-minute quarters / 48 min,No,TD Garden,"Boston, MA",14708,Boston Celtics team victory,"Boston Celtics defeated Toronto Raptors 95-87 in Regular Season at TD Garden (Boston, MA).",SportsDataVerse hoopR / ESPN NBA Hidden API
1035,270326004,2006-2007,2006,Regular Season,Regular Season,2007-03-26,Monday,23:30,Portland Trail Blazers,Chicago Bulls,Chicago Bulls,Portland Trail Blazers,100,89,189,11,Chicago Bulls,Portland Trail Blazers,Home Win (100-89),100-89,Four 12-minute quarters / 48 min,No,United Center,"Chicago, IL",21834,Chicago Bulls team victory,"Chicago Bulls defeated Portland Trail Blazers 100-89 in Regular Season at United Center (Chicago, IL).",SportsDataVerse hoopR / ESPN NBA Hidden API
1036,270326008,2006-2007,2006,Regular Season,Regular Season,2007-03-26,Monday,23:30,Denver Nuggets,Detroit Pistons,Detroit Pistons,Denver Nuggets,113,109,222,4,Detroit Pistons,Denver Nuggets,Home Win (113-109),113-109,Four 12-minute quarters / 48 min,Yes,The Palace of Auburn Hills,"Detroit, MI",22076,Detroit Pistons team victory (OT),"Detroit Pistons edged Denver Nuggets 113-109 in overtime at The Palace of Auburn Hills (Detroit, MI).",SportsDataVerse hoopR / ESPN NBA Hidden API
1037,270326009,2006-2007,2006,Regular Season,Regular Season,2007-03-26,Monday,23:30,San Antonio Spurs,Golden State Warriors,Golden State Warriors,San Antonio Spurs,89,126,215,37,San Antonio Spurs,Golden State Warriors,Away Win (126-89),89-126,Four 12-minute quarters / 48 min,No,ORACLE Arena,"Oakland, CA",18207,San Antonio Spurs team victory,"San Antonio Spurs defeated Golden State Warriors 126-89 in Regular Season at ORACLE Arena (Oakland, CA).",SportsDataVerse hoopR / ESPN NBA Hidden API
1038,270326014,2006-2007,2006,Regular Season,Regular Season,2007-03-26,Monday,23:30,Atlanta Hawks,Miami Heat,Miami Heat,Atlanta Hawks,106,89,195,17,Miami Heat,Atlanta Hawks,Home Win (106-89),106-89,Four 12-minute quarters / 48 min,No,Kaseya Center,"Miami, FL",19600,Miami Heat team victory,"Miami Heat defeated Atlanta Hawks 106-89 in Regular Season at Kaseya Center (Miami, FL).",SportsDataVerse hoopR / ESPN NBA Hidden API
1039,270326018,2006-2007,2006,Regular Season,Regular Season,2007-03-26,Monday,23:30,Orlando Magic,New York Knicks,New York Knicks,Orlando Magic,89,94,183,5,Orlando Magic,New York Knicks,Away Win (94-89),89-94,Four 12-minute quarters / 48 min,No,Madison Square Garden,"New York, NY",19763,Orlando Magic team victory,"Orlando Magic defeated New York Knicks 94-89 in Regular Season at Madison Square Garden (New York, NY).",SportsDataVerse hoopR / ESPN NBA Hidden API
1040,270327003,2006-2007,2006,Regular Season,Regular Season,2007-03-27,Tuesday,23:00,Dallas Mavericks,NO/Oklahoma City Hornets,NO/Oklahoma City Hornets,Dallas Mavericks,89,105,194,16,Dallas Mavericks,NO/Oklahoma City Hornets,Away Win (105-89),89-105,Four 12-minute quarters / 48 min,No,Paycom Center,"Oklahoma City, OK",19164,Dallas Mavericks team victory,"Dallas Mavericks defeated NO/Oklahoma City Hornets 105-89 in Regular Season at Paycom Center (Oklahoma City, OK).",SportsDataVerse hoopR / ESPN NBA Hidden API
1041,270327011,2006-2007,2006,Regular Season,Regular Season,2007-03-27,Tuesday,23:00,Cleveland Cavaliers,Indiana Pacers,Indiana Pacers,Cleveland Cavaliers,94,105,199,11,Cleveland Cavaliers,Indiana Pacers,Away Win (105-94),94-105,Four 12-minute quarters / 48 min,No,Gainbridge Fieldhouse,"Indianapolis, IN",14024,Cleveland Cavaliers team victory,"Cleveland Cavaliers defeated Indiana Pacers 105-94 in Regular Season at Gainbridge Fieldhouse (Indianapolis, IN).",SportsDataVerse hoopR / ESPN NBA Hidden API
1042,270327016,2006-2007,2006,Regular Season,Regular Season,2007-03-27,Tuesday,23:00,Seattle SuperSonics,Minnesota Timberwolves,Minnesota Timberwolves,Seattle SuperSonics,106,114,220,8,Seattle SuperSonics,Minnesota Timberwolves,Away Win (114-106),106-114,Four 12-minute quarters / 48 min,No,Target Center,"Minneapolis, MN",15120,Seattle SuperSonics team victory,"Seattle SuperSonics defeated Minnesota Timberwolves 114-106 in Regular Season at Target Center (Minneapolis, MN).",SportsDataVerse hoopR / ESPN NBA Hidden API
1043,270327013,2006-2007,2006,Regular Season,Regular Season,2007-03-27,Tuesday,23:30,Memphis Grizzlies,Los Angeles Lakers,Los Angeles Lakers,Memphis Grizzlies,86,88,174,2,Memphis Grizzlies,Los Angeles Lakers,Away Win (88-86),86-88,Four 12-minute quarters / 48 min,No,crypto.com Arena,"Los Angeles, CA",18997,Memphis Grizzlies team victory,"Memphis Grizzlies defeated Los Angeles Lakers 88-86 in Regular Season at crypto.com Arena (Los Angeles, CA).",SportsDataVerse hoopR / ESPN NBA Hidden API
1044,270328007,2006-2007,2006,Regular Season,Regular Season,2007-03-28,Wednesday,23:00,Seattle SuperSonics,Denver Nuggets,Denver Nuggets,Seattle SuperSonics,97,100,197,3,Seattle SuperSonics,Denver Nuggets,Away Win (100-97),97-100,Four 12-minute quarters / 48 min,No,Ball Arena,"Denver, CO",16847,Seattle SuperSonics team victory,"Seattle SuperSonics defeated Denver Nuggets 100-97 in Regular Season at Ball Arena (Denver, CO).",SportsDataVerse hoopR / ESPN NBA Hidden API
1045,270328012,2006-2007,2006,Regular Season,Regular Season,2007-03-28,Wednesday,23:00,Houston Rockets,LA Clippers,LA Clippers,Houston Rockets,87,92,179,5,Houston Rockets,LA Clippers,Away Win (92-87),87-92,Four 12-minute quarters / 48 min,No,crypto.com Arena,"Los Angeles, CA",18605,Houston Rockets team victory,"Houston Rockets defeated LA Clippers 92-87 in Regular Season at crypto.com Arena (Los Angeles, CA).",SportsDataVerse hoopR / ESPN NBA Hidden API
1046,270328024,2006-2007,2006,Regular Season,Regular Season,2007-03-28,Wednesday,23:00,NO/Oklahoma City Hornets,San Antonio Spurs,San Antonio Spurs,NO/Oklahoma City Hornets,92,88,180,4,San Antonio Spurs,NO/Oklahoma City Hornets,Home Win (92-88),92-88,Four 12-minute quarters / 48 min,No,AT&T Center,"San Antonio, TX",18334,San Antonio Spurs team victory,"San Antonio Spurs defeated NO/Oklahoma City Hornets 92-88 in Regular Season at AT&T Center (San Antonio, TX).",SportsDataVerse hoopR / ESPN NBA Hidden API
1047,270328026,2006-2007,2006,Regular Season,Regular Season,2007-03-28,Wednesday,23:00,Minnesota Timberwolves,Utah Jazz,Utah Jazz,Minnesota Timberwolves,108,102,210,6,Utah Jazz,Minnesota Timberwolves,Home Win (108-102),108-102,Four 12-minute quarters / 48 min,No,Vivint Arena,"Salt Lake City, UT",19911,Utah Jazz team victory,"Utah Jazz defeated Minnesota Timberwolves 108-102 in Regular Season at Vivint Arena (Salt Lake City, UT).",SportsDataVerse hoopR / ESPN NBA Hidden API
1048,270328027,2006-2007,2006,Regular Season,Regular Season,2007-03-28,Wednesday,23:00,Philadelphia 76ers,Washington Wizards,Washington Wizards,Philadelphia 76ers,111,108,219,3,Washington Wizards,Philadelphia 76ers,Home Win (111-108),111-108,Four 12-minute quarters / 48 min,No,Capital One Arena,"Washington, DC",20173,Washington Wizards team victory,"Washington Wizards defeated Philadelphia 76ers 111-108 in Regular Season at Capital One Arena (Washington, DC).",SportsDataVerse hoopR / ESPN NBA Hidden API
1049,270328028,2006-2007,2006,Regular Season,Regular Season,2007-03-28,Wednesday,23:00,Miami Heat,Toronto Raptors,Toronto Raptors,Miami Heat,96,83,179,13,Toronto Raptors,Miami Heat,Home Win (96-83),96-83,Four 12-minute quarters / 48 min,No,Scotiabank Arena,"Toronto, ON",19800,Toronto Raptors team victory,"Toronto Raptors defeated Miami Heat 96-83 in Regular Season at Scotiabank Arena (Toronto, ON).",SportsDataVerse hoopR / ESPN NBA Hidden API
1050,270328030,2006-2007,2006,Regular Season,Regular Season,2007-03-28,Wednesday,23:00,Atlanta Hawks,Charlotte Bobcats,Charlotte Bobcats,Atlanta Hawks,101,87,188,14,Charlotte Bobcats,Atlanta Hawks,Home Win (101-87),101-87,Four 12-minute quarters / 48 min,No,Spectrum Center,"Charlotte, NC",14470,Charlotte Bobcats team victory,"Charlotte Bobcats defeated Atlanta Hawks 101-87 in Regular Season at Spectrum Center (Charlotte, NC).",SportsDataVerse hoopR / ESPN NBA Hidden API
1051,270328002,2006-2007,2006,Regular Season,Regular Season,2007-03-28,Wednesday,23:30,Orlando Magic,Boston Celtics,Boston Celtics,Orlando Magic,105,96,201,9,Boston Celtics,Orlando Magic,Home Win (105-96),105-96,Four 12-minute quarters / 48 min,Yes,TD Garden,"Boston, MA",16012,Boston Celtics team victory (OT),"Boston Celtics edged Orlando Magic 105-96 in overtime at TD Garden (Boston, MA).",SportsDataVerse hoopR / ESPN NBA Hidden API
1052,270328006,2006-2007,2006,Regular Season,Regular Season,2007-03-28,Wednesday,23:30,Milwaukee Bucks,Dallas Mavericks,Dallas Mavericks,Milwaukee Bucks,105,103,208,2,Dallas Mavericks,Milwaukee Bucks,Home Win (105-103),105-103,Four 12-minute quarters / 48 min,No,American Airlines Center,"Dallas, TX",20398,Dallas Mavericks team victory,"Dallas Mavericks defeated Milwaukee Bucks 105-103 in Regular Season at American Airlines Center (Dallas, TX).",SportsDataVerse hoopR / ESPN NBA Hidden API
1053,270328017,2006-2007,2006,Regular Season,Regular Season,2007-03-28,Wednesday,23:30,Indiana Pacers,New Jersey Nets,New Jersey Nets,Indiana Pacers,118,94,212,24,New Jersey Nets,Indiana Pacers,Home Win (118-94),118-94,Four 12-minute quarters / 48 min,No,IZOD Center,"East Rutherford, NJ",15104,New Jersey Nets team victory,"New Jersey Nets defeated Indiana Pacers 118-94 in Regular Season at IZOD Center (East Rutherford, NJ).",SportsDataVerse hoopR / ESPN NBA Hidden API
1054,270328018,2006-2007,2006,Regular Season,Regular Season,2007-03-28,Wednesday,23:30,Cleveland Cavaliers,New York Knicks,New York Knicks,Cleveland Cavaliers,97,93,190,4,New York Knicks,Cleveland Cavaliers,Home Win (97-93),97-93,Four 12-minute quarters / 48 min,No,Madison Square Garden,"New York, NY",19763,New York Knicks team victory,"New York Knicks defeated Cleveland Cavaliers 97-93 in Regular Season at Madison Square Garden (New York, NY).",SportsDataVerse hoopR / ESPN NBA Hidden API
1055,270329004,2006-2007,2006,Regular Season,Regular Season,2007-03-29,Thursday,23:00,Detroit Pistons,Chicago Bulls,Chicago Bulls,Detroit Pistons,83,81,164,2,Chicago Bulls,Detroit Pistons,Home Win (83-81),83-81,Four 12-minute quarters / 48 min,No,United Center,"Chicago, IL",22243,Chicago Bulls team victory,"Chicago Bulls defeated Detroit Pistons 83-81 in Regular Season at United Center (Chicago, IL).",SportsDataVerse hoopR / ESPN NBA Hidden API
1056,270329022,2006-2007,2006,Regular Season,Regular Season,2007-03-29,Thursday,23:00,Memphis Grizzlies,Portland Trail Blazers,Portland Trail Blazers,Memphis Grizzlies,92,96,188,4,Memphis Grizzlies,Portland Trail Blazers,Away Win (96-92),92-96,Four 12-minute quarters / 48 min,No,Moda Center,"Portland, OR",15618,Memphis Grizzlies team victory,"Memphis Grizzlies defeated Portland Trail Blazers 96-92 in Regular Season at Moda Center (Portland, OR).",SportsDataVerse hoopR / ESPN NBA Hidden API
1057,270329009,2006-2007,2006,Regular Season,Regular Season,2007-03-29,Thursday,23:30,Phoenix Suns,Golden State Warriors,Golden State Warriors,Phoenix Suns,124,119,243,5,Golden State Warriors,Phoenix Suns,Home Win (124-119),124-119,Four 12-minute quarters / 48 min,No,ORACLE Arena,"Oakland, CA",19596,Golden State Warriors team victory,"Golden State Warriors defeated Phoenix Suns 124-119 in Regular Season at ORACLE Arena (Oakland, CA).",SportsDataVerse hoopR / ESPN NBA Hidden API
1058,270330016,2006-2007,2006,Regular Season,Regular Season,2007-03-30,Friday,23:00,Miami Heat,Minnesota Timberwolves,Minnesota Timberwolves,Miami Heat,77,92,169,15,Miami Heat,Minnesota Timberwolves,Away Win (92-77),77-92,Four 12-minute quarters / 48 min,No,Target Center,"Minneapolis, MN",20056,Miami Heat team victory,"Miami Heat defeated Minnesota Timberwolves 92-77 in Regular Season at Target Center (Minneapolis, MN).",SportsDataVerse hoopR / ESPN NBA Hidden API
1059,270330020,2006-2007,2006,Regular Season,Regular Season,2007-03-30,Friday,23:00,Boston Celtics,Philadelphia 76ers,Philadelphia 76ers,Boston Celtics,88,82,170,6,Philadelphia 76ers,Boston Celtics,Home Win (88-82),88-82,Four 12-minute quarters / 48 min,No,Wells Fargo Center,"Philadelphia, PA",16213,Philadelphia 76ers team victory,"Philadelphia 76ers defeated Boston Celtics 88-82 in Regular Season at Wells Fargo Center (Philadelphia, PA).",SportsDataVerse hoopR / ESPN NBA Hidden API
1060,270330021,2006-2007,2006,Regular Season,Regular Season,2007-03-30,Friday,23:00,Denver Nuggets,Phoenix Suns,Phoenix Suns,Denver Nuggets,125,108,233,17,Phoenix Suns,Denver Nuggets,Home Win (125-108),125-108,Four 12-minute quarters / 48 min,No,Footprint Center,"Phoenix, AZ",18422,Phoenix Suns team victory,"Phoenix Suns defeated Denver Nuggets 125-108 in Regular Season at Footprint Center (Phoenix, AZ).",SportsDataVerse hoopR / ESPN NBA Hidden API
1061,270330024,2006-2007,2006,Regular Season,Regular Season,2007-03-30,Friday,23:00,Utah Jazz,San Antonio Spurs,San Antonio Spurs,Utah Jazz,102,93,195,9,San Antonio Spurs,Utah Jazz,Home Win (102-93),102-93,Four 12-minute quarters / 48 min,No,AT&T Center,"San Antonio, TX",18797,San Antonio Spurs team victory,"San Antonio Spurs defeated Utah Jazz 102-93 in Regular Season at AT&T Center (San Antonio, TX).",SportsDataVerse hoopR / ESPN NBA Hidden API
1062,270330027,2006-2007,2006,Regular Season,Regular Season,2007-03-30,Friday,23:00,Toronto Raptors,Washington Wizards,Washington Wizards,Toronto Raptors,118,123,241,5,Toronto Raptors,Washington Wizards,Away Win (123-118),118-123,Four 12-minute quarters / 48 min,Yes,Capital One Arena,"Washington, DC",20173,Toronto Raptors team victory (OT),"Toronto Raptors edged Washington Wizards 123-118 in overtime at Capital One Arena (Washington, DC).",SportsDataVerse hoopR / ESPN NBA Hidden API
1063,270330030,2006-2007,2006,Regular Season,Regular Season,2007-03-30,Friday,23:00,Milwaukee Bucks,Charlotte Bobcats,Charlotte Bobcats,Milwaukee Bucks,97,81,178,16,Charlotte Bobcats,Milwaukee Bucks,Home Win (97-81),97-81,Four 12-minute quarters / 48 min,No,Spectrum Center,"Charlotte, NC",14739,Charlotte Bobcats team victory,"Charlotte Bobcats defeated Milwaukee Bucks 97-81 in Regular Season at Spectrum Center (Charlotte, NC).",SportsDataVerse hoopR / ESPN NBA Hidden API
1064,270330006,2006-2007,2006,Regular Season,Regular Season,2007-03-30,Friday,23:30,New York Knicks,Dallas Mavericks,Dallas Mavericks,New York Knicks,105,103,208,2,Dallas Mavericks,New York Knicks,Home Win (105-103),105-103,Four 12-minute quarters / 48 min,No,American Airlines Center,"Dallas, TX",20468,Dallas Mavericks team victory,"Dallas Mavericks defeated New York Knicks 105-103 in Regular Season at American Airlines Center (Dallas, TX).",SportsDataVerse hoopR / ESPN NBA Hidden API
1065,270330013,2006-2007,2006,Regular Season,Regular Season,2007-03-30,Friday,23:30,Houston Rockets,Los Angeles Lakers,Los Angeles Lakers,Houston Rockets,104,107,211,3,Houston Rockets,Los Angeles Lakers,Away Win (107-104),104-107,Four 12-minute quarters / 48 min,Yes,crypto.com Arena,"Los Angeles, CA",18997,Houston Rockets team victory (OT),"Houston Rockets edged Los Angeles Lakers 107-104 in overtime at crypto.com Arena (Los Angeles, CA).",SportsDataVerse hoopR / ESPN NBA Hidden API
1066,270330023,2006-2007,2006,Regular Season,Regular Season,2007-03-30,Friday,23:30,LA Clippers,Sacramento Kings,Sacramento Kings,LA Clippers,101,105,206,4,LA Clippers,Sacramento Kings,Away Win (105-101),101-105,Four 12-minute quarters / 48 min,No,Sleep Train Arena,"Sacramento, CA",17317,LA Clippers team victory,"LA Clippers defeated Sacramento Kings 105-101 in Regular Season at Sleep Train Arena (Sacramento, CA).",SportsDataVerse hoopR / ESPN NBA Hidden API
1067,270330025,2006-2007,2006,Regular Season,Regular Season,2007-03-30,Friday,23:30,Memphis Grizzlies,Seattle SuperSonics,Seattle SuperSonics,Memphis Grizzlies,120,93,213,27,Seattle SuperSonics,Memphis Grizzlies,Home Win (120-93),120-93,Four 12-minute quarters / 48 min,No,KeyArena,"Seattle, WA",16469,Seattle SuperSonics team victory,"Seattle SuperSonics defeated Memphis Grizzlies 120-93 in Regular Season at KeyArena (Seattle, WA).",SportsDataVerse hoopR / ESPN NBA Hidden API
1068,270330008,2006-2007,2006,Regular Season,Regular Season,2007-03-30,Friday,00:00,New Jersey Nets,Detroit Pistons,Detroit Pistons,New Jersey Nets,110,105,215,5,Detroit Pistons,New Jersey Nets,Home Win (110-105),110-105,Four 12-minute quarters / 48 min,No,The Palace of Auburn Hills,"Detroit, MI",22076,Detroit Pistons team victory,"Detroit Pistons defeated New Jersey Nets 110-105 in Regular Season at The Palace of Auburn Hills (Detroit, MI).",SportsDataVerse hoopR / ESPN NBA Hidden API
1069,270330019,2006-2007,2006,Regular Season,Regular Season,2007-03-30,Friday,00:00,Indiana Pacers,Orlando Magic,Orlando Magic,Indiana Pacers,95,87,182,8,Orlando Magic,Indiana Pacers,Home Win (95-87),95-87,Four 12-minute quarters / 48 min,No,Amway Arena,"Orlando, FL",17451,Orlando Magic team victory,"Orlando Magic defeated Indiana Pacers 95-87 in Regular Season at Amway Arena (Orlando, FL).",SportsDataVerse hoopR / ESPN NBA Hidden API
1070,270331004,2006-2007,2006,Regular Season,Regular Season,2007-03-31,Saturday,18:00,Cleveland Cavaliers,Chicago Bulls,Chicago Bulls,Cleveland Cavaliers,108,112,220,4,Cleveland Cavaliers,Chicago Bulls,Away Win (112-108),108-112,Four 12-minute quarters / 48 min,Yes,United Center,"Chicago, IL",22960,Cleveland Cavaliers team victory (OT),"Cleveland Cavaliers edged Chicago Bulls 112-108 in overtime at United Center (Chicago, IL).",SportsDataVerse hoopR / ESPN NBA Hidden API
1071,270331003,2006-2007,2006,Regular Season,Regular Season,2007-03-31,Saturday,23:00,New York Knicks,NO/Oklahoma City Hornets,NO/Oklahoma City Hornets,New York Knicks,103,94,197,9,NO/Oklahoma City Hornets,New York Knicks,Home Win (103-94),103-94,Four 12-minute quarters / 48 min,Yes,Paycom Center,"Oklahoma City, OK",18521,NO/Oklahoma City Hornets team victory (OT),"NO/Oklahoma City Hornets edged New York Knicks 103-94 in overtime at Paycom Center (Oklahoma City, OK).",SportsDataVerse hoopR / ESPN NBA Hidden API
1072,270331022,2006-2007,2006,Regular Season,Regular Season,2007-03-31,Saturday,23:00,LA Clippers,Portland Trail Blazers,Portland Trail Blazers,LA Clippers,86,99,185,13,LA Clippers,Portland Trail Blazers,Away Win (99-86),86-99,Four 12-minute quarters / 48 min,No,Moda Center,"Portland, OR",18864,LA Clippers team victory,"LA Clippers defeated Portland Trail Blazers 99-86 in Regular Season at Moda Center (Portland, OR).",SportsDataVerse hoopR / ESPN NBA Hidden API
1073,270331017,2006-2007,2006,Regular Season,Regular Season,2007-03-31,Saturday,23:30,Philadelphia 76ers,New Jersey Nets,New Jersey Nets,Philadelphia 76ers,86,82,168,4,New Jersey Nets,Philadelphia 76ers,Home Win (86-82),86-82,Four 12-minute quarters / 48 min,No,IZOD Center,"East Rutherford, NJ",16703,New Jersey Nets team victory,"New Jersey Nets defeated Philadelphia 76ers 86-82 in Regular Season at IZOD Center (East Rutherford, NJ).",SportsDataVerse hoopR / ESPN NBA Hidden API
1074,270401009,2006-2007,2006,Regular Season,Regular Season,2007-04-01,Sunday,16:00,Memphis Grizzlies,Golden State Warriors,Golden State Warriors,Memphis Grizzlies,122,117,239,5,Golden State Warriors,Memphis Grizzlies,Home Win (122-117),122-117,Four 12-minute quarters / 48 min,No,ORACLE Arena,"Oakland, CA",17198,Golden State Warriors team victory,"Golden State Warriors defeated Memphis Grizzlies 122-117 in Regular Season at ORACLE Arena (Oakland, CA).",SportsDataVerse hoopR / ESPN NBA Hidden API
1075,270401021,2006-2007,2006,Regular Season,Regular Season,2007-04-01,Sunday,16:30,Dallas Mavericks,Phoenix Suns,Phoenix Suns,Dallas Mavericks,126,104,230,22,Phoenix Suns,Dallas Mavericks,Home Win (126-104),126-104,Four 12-minute quarters / 48 min,No,Footprint Center,"Phoenix, AZ",18422,Phoenix Suns team victory,"Phoenix Suns defeated Dallas Mavericks 126-104 in Regular Season at Footprint Center (Phoenix, AZ).",SportsDataVerse hoopR / ESPN NBA Hidden API
1076,270401008,2006-2007,2006,Regular Season,Regular Season,2007-04-01,Sunday,17:00,Miami Heat,Detroit Pistons,Detroit Pistons,Miami Heat,94,88,182,6,Detroit Pistons,Miami Heat,Home Win (94-88),94-88,Four 12-minute quarters / 48 min,No,The Palace of Auburn Hills,"Detroit, MI",22076,Detroit Pistons team victory,"Detroit Pistons defeated Miami Heat 94-88 in Regular Season at The Palace of Auburn Hills (Detroit, MI).",SportsDataVerse hoopR / ESPN NBA Hidden API
1077,270401001,2006-2007,2006,Regular Season,Regular Season,2007-04-01,Sunday,18:00,Chicago Bulls,Atlanta Hawks,Atlanta Hawks,Chicago Bulls,97,105,202,8,Chicago Bulls,Atlanta Hawks,Away Win (105-97),97-105,Four 12-minute quarters / 48 min,No,State Farm Arena,"Atlanta, GA",17687,Chicago Bulls team victory,"Chicago Bulls defeated Atlanta Hawks 105-97 in Regular Season at State Farm Arena (Atlanta, GA).",SportsDataVerse hoopR / ESPN NBA Hidden API
1078,270401015,2006-2007,2006,Regular Season,Regular Season,2007-04-01,Sunday,18:30,Washington Wizards,Milwaukee Bucks,Milwaukee Bucks,Washington Wizards,107,121,228,14,Washington Wizards,Milwaukee Bucks,Away Win (121-107),107-121,Four 12-minute quarters / 48 min,No,BMO Harris Bradley Center,"Milwaukee, WI",17152,Washington Wizards team victory,"Washington Wizards defeated Milwaukee Bucks 121-107 in Regular Season at BMO Harris Bradley Center (Milwaukee, WI).",SportsDataVerse hoopR / ESPN NBA Hidden API
1079,270401010,2006-2007,2006,Regular Season,Regular Season,2007-04-01,Sunday,21:00,Utah Jazz,Houston Rockets,Houston Rockets,Utah Jazz,83,86,169,3,Utah Jazz,Houston Rockets,Away Win (86-83),83-86,Four 12-minute quarters / 48 min,No,Toyota Center (Houston),"Houston, TX",18280,Utah Jazz team victory,"Utah Jazz defeated Houston Rockets 86-83 in Regular Season at Toyota Center (Houston) (Houston, TX).",SportsDataVerse hoopR / ESPN NBA Hidden API
1080,270401002,2006-2007,2006,Regular Season,Regular Season,2007-04-01,Sunday,22:00,Cleveland Cavaliers,Boston Celtics,Boston Celtics,Cleveland Cavaliers,98,96,194,2,Boston Celtics,Cleveland Cavaliers,Home Win (98-96),98-96,Four 12-minute quarters / 48 min,No,TD Garden,"Boston, MA",17204,Boston Celtics team victory,"Boston Celtics defeated Cleveland Cavaliers 98-96 in Regular Season at TD Garden (Boston, MA).",SportsDataVerse hoopR / ESPN NBA Hidden API
1081,270401019,2006-2007,2006,Regular Season,Regular Season,2007-04-01,Sunday,22:00,Minnesota Timberwolves,Orlando Magic,Orlando Magic,Minnesota Timberwolves,104,105,209,1,Minnesota Timberwolves,Orlando Magic,Away Win (105-104),104-105,Four 12-minute quarters / 48 min,Yes,Amway Arena,"Orlando, FL",17451,Minnesota Timberwolves team victory (OT),"Minnesota Timberwolves edged Orlando Magic 105-104 in overtime at Amway Arena (Orlando, FL).",SportsDataVerse hoopR / ESPN NBA Hidden API
1082,270401025,2006-2007,2006,Regular Season,Regular Season,2007-04-01,Sunday,22:00,Denver Nuggets,Seattle SuperSonics,Seattle SuperSonics,Denver Nuggets,103,114,217,11,Denver Nuggets,Seattle SuperSonics,Away Win (114-103),103-114,Four 12-minute quarters / 48 min,No,KeyArena,"Seattle, WA",16659,Denver Nuggets team victory,"Denver Nuggets defeated Seattle SuperSonics 114-103 in Regular Season at KeyArena (Seattle, WA).",SportsDataVerse hoopR / ESPN NBA Hidden API
1083,270401028,2006-2007,2006,Regular Season,Regular Season,2007-04-01,Sunday,22:00,Charlotte Bobcats,Toronto Raptors,Toronto Raptors,Charlotte Bobcats,107,94,201,13,Toronto Raptors,Charlotte Bobcats,Home Win (107-94),107-94,Four 12-minute quarters / 48 min,No,Scotiabank Arena,"Toronto, ON",19023,Toronto Raptors team victory,"Toronto Raptors defeated Charlotte Bobcats 107-94 in Regular Season at Scotiabank Arena (Toronto, ON).",SportsDataVerse hoopR / ESPN NBA Hidden API
1084,270401013,2006-2007,2006,Regular Season,Regular Season,2007-04-01,Sunday,22:30,Sacramento Kings,Los Angeles Lakers,Los Angeles Lakers,Sacramento Kings,126,103,229,23,Los Angeles Lakers,Sacramento Kings,Home Win (126-103),126-103,Four 12-minute quarters / 48 min,No,crypto.com Arena,"Los Angeles, CA",18997,Los Angeles Lakers team victory,"Los Angeles Lakers defeated Sacramento Kings 126-103 in Regular Season at crypto.com Arena (Los Angeles, CA).",SportsDataVerse hoopR / ESPN NBA Hidden API
1085,270401011,2006-2007,2006,Regular Season,Regular Season,2007-04-01,Sunday,23:00,San Antonio Spurs,Indiana Pacers,Indiana Pacers,San Antonio Spurs,100,99,199,1,Indiana Pacers,San Antonio Spurs,Home Win (100-99),100-99,Four 12-minute quarters / 48 min,No,Gainbridge Fieldhouse,"Indianapolis, IN",13447,Indiana Pacers team victory,"Indiana Pacers defeated San Antonio Spurs 100-99 in Regular Season at Gainbridge Fieldhouse (Indianapolis, IN).",SportsDataVerse hoopR / ESPN NBA Hidden API
1086,270403011,2006-2007,2006,Regular Season,Regular Season,2007-04-03,Tuesday,23:00,Detroit Pistons,Indiana Pacers,Indiana Pacers,Detroit Pistons,85,100,185,15,Detroit Pistons,Indiana Pacers,Away Win (100-85),85-100,Four 12-minute quarters / 48 min,No,Gainbridge Fieldhouse,"Indianapolis, IN",13112,Detroit Pistons team victory,"Detroit Pistons defeated Indiana Pacers 100-85 in Regular Season at Gainbridge Fieldhouse (Indianapolis, IN).",SportsDataVerse hoopR / ESPN NBA Hidden API
1087,270403015,2006-2007,2006,Regular Season,Regular Season,2007-04-03,Tuesday,23:00,NO/Oklahoma City Hornets,Milwaukee Bucks,Milwaukee Bucks,NO/Oklahoma City Hornets,101,119,220,18,NO/Oklahoma City Hornets,Milwaukee Bucks,Away Win (119-101),101-119,Four 12-minute quarters / 48 min,No,BMO Harris Bradley Center,"Milwaukee, WI",16013,NO/Oklahoma City Hornets team victory,"NO/Oklahoma City Hornets defeated Milwaukee Bucks 119-101 in Regular Season at BMO Harris Bradley Center (Milwaukee, WI).",SportsDataVerse hoopR / ESPN NBA Hidden API
1088,270403016,2006-2007,2006,Regular Season,Regular Season,2007-04-03,Tuesday,23:00,Cleveland Cavaliers,Minnesota Timberwolves,Minnesota Timberwolves,Cleveland Cavaliers,88,101,189,13,Cleveland Cavaliers,Minnesota Timberwolves,Away Win (101-88),88-101,Four 12-minute quarters / 48 min,No,Target Center,"Minneapolis, MN",16118,Cleveland Cavaliers team victory,"Cleveland Cavaliers defeated Minnesota Timberwolves 101-88 in Regular Season at Target Center (Minneapolis, MN).",SportsDataVerse hoopR / ESPN NBA Hidden API
1089,270403023,2006-2007,2006,Regular Season,Regular Season,2007-04-03,Tuesday,23:00,Dallas Mavericks,Sacramento Kings,Sacramento Kings,Dallas Mavericks,93,97,190,4,Dallas Mavericks,Sacramento Kings,Away Win (97-93),93-97,Four 12-minute quarters / 48 min,No,Sleep Train Arena,"Sacramento, CA",17317,Dallas Mavericks team victory,"Dallas Mavericks defeated Sacramento Kings 97-93 in Regular Season at Sleep Train Arena (Sacramento, CA).",SportsDataVerse hoopR / ESPN NBA Hidden API
1090,270403024,2006-2007,2006,Regular Season,Regular Season,2007-04-03,Tuesday,23:00,Seattle SuperSonics,San Antonio Spurs,San Antonio Spurs,Seattle SuperSonics,110,91,201,19,San Antonio Spurs,Seattle SuperSonics,Home Win (110-91),110-91,Four 12-minute quarters / 48 min,No,AT&T Center,"San Antonio, TX",18583,San Antonio Spurs team victory,"San Antonio Spurs defeated Seattle SuperSonics 110-91 in Regular Season at AT&T Center (San Antonio, TX).",SportsDataVerse hoopR / ESPN NBA Hidden API
1091,270403029,2006-2007,2006,Regular Season,Regular Season,2007-04-03,Tuesday,23:00,Phoenix Suns,Memphis Grizzlies,Memphis Grizzlies,Phoenix Suns,111,116,227,5,Phoenix Suns,Memphis Grizzlies,Away Win (116-111),111-116,Four 12-minute quarters / 48 min,No,FedExForum,"Memphis, TN",14863,Phoenix Suns team victory,"Phoenix Suns defeated Memphis Grizzlies 116-111 in Regular Season at FedExForum (Memphis, TN).",SportsDataVerse hoopR / ESPN NBA Hidden API
1092,270403030,2006-2007,2006,Regular Season,Regular Season,2007-04-03,Tuesday,23:00,Washington Wizards,Charlotte Bobcats,Charlotte Bobcats,Washington Wizards,122,102,224,20,Charlotte Bobcats,Washington Wizards,Home Win (122-102),122-102,Four 12-minute quarters / 48 min,No,Spectrum Center,"Charlotte, NC",14345,Charlotte Bobcats team victory,"Charlotte Bobcats defeated Washington Wizards 122-102 in Regular Season at Spectrum Center (Charlotte, NC).",SportsDataVerse hoopR / ESPN NBA Hidden API
1093,270403013,2006-2007,2006,Regular Season,Regular Season,2007-04-03,Tuesday,23:30,Denver Nuggets,Los Angeles Lakers,Los Angeles Lakers,Denver Nuggets,105,111,216,6,Denver Nuggets,Los Angeles Lakers,Away Win (111-105),105-111,Four 12-minute quarters / 48 min,No,crypto.com Arena,"Los Angeles, CA",18997,Denver Nuggets team victory,"Denver Nuggets defeated Los Angeles Lakers 111-105 in Regular Season at crypto.com Arena (Los Angeles, CA).",SportsDataVerse hoopR / ESPN NBA Hidden API
1094,270403014,2006-2007,2006,Regular Season,Regular Season,2007-04-03,Tuesday,23:30,Toronto Raptors,Miami Heat,Miami Heat,Toronto Raptors,92,89,181,3,Miami Heat,Toronto Raptors,Home Win (92-89),92-89,Four 12-minute quarters / 48 min,No,Kaseya Center,"Miami, FL",19600,Miami Heat team victory,"Miami Heat defeated Toronto Raptors 92-89 in Regular Season at Kaseya Center (Miami, FL).",SportsDataVerse hoopR / ESPN NBA Hidden API
1095,270404003,2006-2007,2006,Regular Season,Regular Season,2007-04-04,Wednesday,23:00,Seattle SuperSonics,NO/Oklahoma City Hornets,NO/Oklahoma City Hornets,Seattle SuperSonics,101,92,193,9,NO/Oklahoma City Hornets,Seattle SuperSonics,Home Win (101-92),101-92,Four 12-minute quarters / 48 min,Yes,Paycom Center,"Oklahoma City, OK",17021,NO/Oklahoma City Hornets team victory (OT),"NO/Oklahoma City Hornets edged Seattle SuperSonics 101-92 in overtime at Paycom Center (Oklahoma City, OK).",SportsDataVerse hoopR / ESPN NBA Hidden API
1096,270404015,2006-2007,2006,Regular Season,Regular Season,2007-04-04,Wednesday,23:00,Boston Celtics,Milwaukee Bucks,Milwaukee Bucks,Boston Celtics,98,89,187,9,Milwaukee Bucks,Boston Celtics,Home Win (98-89),98-89,Four 12-minute quarters / 48 min,No,BMO Harris Bradley Center,"Milwaukee, WI",15104,Milwaukee Bucks team victory,"Milwaukee Bucks defeated Boston Celtics 98-89 in Regular Season at BMO Harris Bradley Center (Milwaukee, WI).",SportsDataVerse hoopR / ESPN NBA Hidden API
1097,270404019,2006-2007,2006,Regular Season,Regular Season,2007-04-04,Wednesday,23:00,Toronto Raptors,Orlando Magic,Orlando Magic,Toronto Raptors,108,111,219,3,Toronto Raptors,Orlando Magic,Away Win (111-108),108-111,Four 12-minute quarters / 48 min,No,Amway Arena,"Orlando, FL",16911,Toronto Raptors team victory,"Toronto Raptors defeated Orlando Magic 111-108 in Regular Season at Amway Arena (Orlando, FL).",SportsDataVerse hoopR / ESPN NBA Hidden API
1098,270404022,2006-2007,2006,Regular Season,Regular Season,2007-04-04,Wednesday,23:00,Utah Jazz,Portland Trail Blazers,Portland Trail Blazers,Utah Jazz,94,89,183,5,Portland Trail Blazers,Utah Jazz,Home Win (94-89),94-89,Four 12-minute quarters / 48 min,No,Moda Center,"Portland, OR",16615,Portland Trail Blazers team victory,"Portland Trail Blazers defeated Utah Jazz 94-89 in Regular Season at Moda Center (Portland, OR).",SportsDataVerse hoopR / ESPN NBA Hidden API
1099,270404027,2006-2007,2006,Regular Season,Regular Season,2007-04-04,Wednesday,23:00,Charlotte Bobcats,Washington Wizards,Washington Wizards,Charlotte Bobcats,100,108,208,8,Charlotte Bobcats,Washington Wizards,Away Win (108-100),100-108,Four 12-minute quarters / 48 min,No,Capital One Arena,"Washington, DC",15292,Charlotte Bobcats team victory,"Charlotte Bobcats defeated Washington Wizards 108-100 in Regular Season at Capital One Arena (Washington, DC).",SportsDataVerse hoopR / ESPN NBA Hidden API
1100,270404008,2006-2007,2006,Regular Season,Regular Season,2007-04-04,Wednesday,23:30,Chicago Bulls,Detroit Pistons,Detroit Pistons,Chicago Bulls,88,106,194,18,Chicago Bulls,Detroit Pistons,Away Win (106-88),88-106,Four 12-minute quarters / 48 min,No,The Palace of Auburn Hills,"Detroit, MI",22076,Chicago Bulls team victory,"Chicago Bulls defeated Detroit Pistons 106-88 in Regular Season at The Palace of Auburn Hills (Detroit, MI).",SportsDataVerse hoopR / ESPN NBA Hidden API
1101,270404010,2006-2007,2006,Regular Season,Regular Season,2007-04-04,Wednesday,23:30,Golden State Warriors,Houston Rockets,Houston Rockets,Golden State Warriors,99,110,209,11,Golden State Warriors,Houston Rockets,Away Win (110-99),99-110,Four 12-minute quarters / 48 min,No,Toyota Center (Houston),"Houston, TX",13929,Golden State Warriors team victory,"Golden State Warriors defeated Houston Rockets 110-99 in Regular Season at Toyota Center (Houston) (Houston, TX).",SportsDataVerse hoopR / ESPN NBA Hidden API
1102,270404012,2006-2007,2006,Regular Season,Regular Season,2007-04-04,Wednesday,23:30,Los Angeles Lakers,LA Clippers,LA Clippers,Los Angeles Lakers,90,82,172,8,LA Clippers,Los Angeles Lakers,Home Win (90-82),90-82,Four 12-minute quarters / 48 min,No,crypto.com Arena,"Los Angeles, CA",20161,LA Clippers team victory,"LA Clippers defeated Los Angeles Lakers 90-82 in Regular Season at crypto.com Arena (Los Angeles, CA).",SportsDataVerse hoopR / ESPN NBA Hidden API
1103,270404017,2006-2007,2006,Regular Season,Regular Season,2007-04-04,Wednesday,23:30,Atlanta Hawks,New Jersey Nets,New Jersey Nets,Atlanta Hawks,101,86,187,15,New Jersey Nets,Atlanta Hawks,Home Win (101-86),101-86,Four 12-minute quarters / 48 min,No,IZOD Center,"East Rutherford, NJ",15082,New Jersey Nets team victory,"New Jersey Nets defeated Atlanta Hawks 101-86 in Regular Season at IZOD Center (East Rutherford, NJ).",SportsDataVerse hoopR / ESPN NBA Hidden API
1104,270404018,2006-2007,2006,Regular Season,Regular Season,2007-04-04,Wednesday,23:30,Philadelphia 76ers,New York Knicks,New York Knicks,Philadelphia 76ers,90,92,182,2,Philadelphia 76ers,New York Knicks,Away Win (92-90),90-92,Four 12-minute quarters / 48 min,No,Madison Square Garden,"New York, NY",19763,Philadelphia 76ers team victory,"Philadelphia 76ers defeated New York Knicks 92-90 in Regular Season at Madison Square Garden (New York, NY).",SportsDataVerse hoopR / ESPN NBA Hidden API
1105,270404007,2006-2007,2006,Regular Season,Regular Season,2007-04-04,Wednesday,00:00,Sacramento Kings,Denver Nuggets,Denver Nuggets,Sacramento Kings,120,115,235,5,Denver Nuggets,Sacramento Kings,Home Win (120-115),120-115,Four 12-minute quarters / 48 min,No,Ball Arena,"Denver, CO",16045,Denver Nuggets team victory,"Denver Nuggets defeated Sacramento Kings 120-115 in Regular Season at Ball Arena (Denver, CO).",SportsDataVerse hoopR / ESPN NBA Hidden API
1106,270405005,2006-2007,2006,Regular Season,Regular Season,2007-04-05,Thursday,23:00,Miami Heat,Cleveland Cavaliers,Cleveland Cavaliers,Miami Heat,90,94,184,4,Miami Heat,Cleveland Cavaliers,Away Win (94-90),90-94,Four 12-minute quarters / 48 min,Yes,Rocket Mortgage FieldHouse,"Cleveland, OH",20562,Miami Heat team victory (OT),"Miami Heat edged Cleveland Cavaliers 94-90 in overtime at Rocket Mortgage FieldHouse (Cleveland, OH).",SportsDataVerse hoopR / ESPN NBA Hidden API
1107,270405024,2006-2007,2006,Regular Season,Regular Season,2007-04-05,Thursday,00:30,Phoenix Suns,San Antonio Spurs,San Antonio Spurs,Phoenix Suns,92,85,177,7,San Antonio Spurs,Phoenix Suns,Home Win (92-85),92-85,Four 12-minute quarters / 48 min,No,AT&T Center,"San Antonio, TX",18797,San Antonio Spurs team victory,"San Antonio Spurs defeated Phoenix Suns 92-85 in Regular Season at AT&T Center (San Antonio, TX).",SportsDataVerse hoopR / ESPN NBA Hidden API
1108,270406003,2006-2007,2006,Regular Season,Regular Season,2007-04-06,Friday,23:00,Phoenix Suns,NO/Oklahoma City Hornets,NO/Oklahoma City Hornets,Phoenix Suns,95,103,198,8,Phoenix Suns,NO/Oklahoma City Hornets,Away Win (103-95),95-103,Four 12-minute quarters / 48 min,No,Paycom Center,"Oklahoma City, OK",19164,Phoenix Suns team victory,"Phoenix Suns defeated NO/Oklahoma City Hornets 103-95 in Regular Season at Paycom Center (Oklahoma City, OK).",SportsDataVerse hoopR / ESPN NBA Hidden API
1109,270406020,2006-2007,2006,Regular Season,Regular Season,2007-04-06,Friday,23:00,Toronto Raptors,Philadelphia 76ers,Philadelphia 76ers,Toronto Raptors,85,94,179,9,Toronto Raptors,Philadelphia 76ers,Away Win (94-85),85-94,Four 12-minute quarters / 48 min,No,Wells Fargo Center,"Philadelphia, PA",17566,Toronto Raptors team victory,"Toronto Raptors defeated Philadelphia 76ers 94-85 in Regular Season at Wells Fargo Center (Philadelphia, PA).",SportsDataVerse hoopR / ESPN NBA Hidden API
1110,270406023,2006-2007,2006,Regular Season,Regular Season,2007-04-06,Friday,23:00,Utah Jazz,Sacramento Kings,Sacramento Kings,Utah Jazz,107,103,210,4,Sacramento Kings,Utah Jazz,Home Win (107-103),107-103,Four 12-minute quarters / 48 min,No,Sleep Train Arena,"Sacramento, CA",17317,Sacramento Kings team victory,"Sacramento Kings defeated Utah Jazz 107-103 in Regular Season at Sleep Train Arena (Sacramento, CA).",SportsDataVerse hoopR / ESPN NBA Hidden API
1111,270406029,2006-2007,2006,Regular Season,Regular Season,2007-04-06,Friday,23:00,Golden State Warriors,Memphis Grizzlies,Memphis Grizzlies,Golden State Warriors,104,116,220,12,Golden State Warriors,Memphis Grizzlies,Away Win (116-104),104-116,Four 12-minute quarters / 48 min,No,FedExForum,"Memphis, TN",14087,Golden State Warriors team victory,"Golden State Warriors defeated Memphis Grizzlies 116-104 in Regular Season at FedExForum (Memphis, TN).",SportsDataVerse hoopR / ESPN NBA Hidden API
1112,270406030,2006-2007,2006,Regular Season,Regular Season,2007-04-06,Friday,23:00,Indiana Pacers,Charlotte Bobcats,Charlotte Bobcats,Indiana Pacers,102,112,214,10,Indiana Pacers,Charlotte Bobcats,Away Win (112-102),102-112,Four 12-minute quarters / 48 min,No,Spectrum Center,"Charlotte, NC",18939,Indiana Pacers team victory,"Indiana Pacers defeated Charlotte Bobcats 112-102 in Regular Season at Spectrum Center (Charlotte, NC).",SportsDataVerse hoopR / ESPN NBA Hidden API
1113,270406001,2006-2007,2006,Regular Season,Regular Season,2007-04-06,Friday,23:30,Milwaukee Bucks,Atlanta Hawks,Atlanta Hawks,Milwaukee Bucks,115,102,217,13,Atlanta Hawks,Milwaukee Bucks,Home Win (115-102),115-102,Four 12-minute quarters / 48 min,No,State Farm Arena,"Atlanta, GA",15020,Atlanta Hawks team victory,"Atlanta Hawks defeated Milwaukee Bucks 115-102 in Regular Season at State Farm Arena (Atlanta, GA).",SportsDataVerse hoopR / ESPN NBA Hidden API
1114,270406004,2006-2007,2006,Regular Season,Regular Season,2007-04-06,Friday,23:30,New Jersey Nets,Chicago Bulls,Chicago Bulls,New Jersey Nets,105,74,179,31,Chicago Bulls,New Jersey Nets,Home Win (105-74),105-74,Four 12-minute quarters / 48 min,No,United Center,"Chicago, IL",22612,Chicago Bulls team victory,"Chicago Bulls defeated New Jersey Nets 105-74 in Regular Season at United Center (Chicago, IL).",SportsDataVerse hoopR / ESPN NBA Hidden API
1115,270406010,2006-2007,2006,Regular Season,Regular Season,2007-04-06,Friday,23:30,Portland Trail Blazers,Houston Rockets,Houston Rockets,Portland Trail Blazers,78,85,163,7,Portland Trail Blazers,Houston Rockets,Away Win (85-78),78-85,Four 12-minute quarters / 48 min,No,Toyota Center (Houston),"Houston, TX",18138,Portland Trail Blazers team victory,"Portland Trail Blazers defeated Houston Rockets 85-78 in Regular Season at Toyota Center (Houston) (Houston, TX).",SportsDataVerse hoopR / ESPN NBA Hidden API
1116,270406018,2006-2007,2006,Regular Season,Regular Season,2007-04-06,Friday,23:30,Minnesota Timberwolves,New York Knicks,New York Knicks,Minnesota Timberwolves,94,99,193,5,Minnesota Timberwolves,New York Knicks,Away Win (99-94),94-99,Four 12-minute quarters / 48 min,No,Madison Square Garden,"New York, NY",19763,Minnesota Timberwolves team victory,"Minnesota Timberwolves defeated New York Knicks 99-94 in Regular Season at Madison Square Garden (New York, NY).",SportsDataVerse hoopR / ESPN NBA Hidden API
1117,270406025,2006-2007,2006,Regular Season,Regular Season,2007-04-06,Friday,23:30,Los Angeles Lakers,Seattle SuperSonics,Seattle SuperSonics,Los Angeles Lakers,109,112,221,3,Los Angeles Lakers,Seattle SuperSonics,Away Win (112-109),109-112,Four 12-minute quarters / 48 min,No,KeyArena,"Seattle, WA",17072,Los Angeles Lakers team victory,"Los Angeles Lakers defeated Seattle SuperSonics 112-109 in Regular Season at KeyArena (Seattle, WA).",SportsDataVerse hoopR / ESPN NBA Hidden API
1118,270406027,2006-2007,2006,Regular Season,Regular Season,2007-04-06,Friday,00:00,Cleveland Cavaliers,Washington Wizards,Washington Wizards,Cleveland Cavaliers,94,99,193,5,Cleveland Cavaliers,Washington Wizards,Away Win (99-94),94-99,Four 12-minute quarters / 48 min,No,Capital One Arena,"Washington, DC",20173,Cleveland Cavaliers team victory,"Cleveland Cavaliers defeated Washington Wizards 99-94 in Regular Season at Capital One Arena (Washington, DC).",SportsDataVerse hoopR / ESPN NBA Hidden API
1119,270406007,2006-2007,2006,Regular Season,Regular Season,2007-04-06,Friday,00:30,Dallas Mavericks,Denver Nuggets,Denver Nuggets,Dallas Mavericks,75,71,146,4,Denver Nuggets,Dallas Mavericks,Home Win (75-71),75-71,Four 12-minute quarters / 48 min,No,Ball Arena,"Denver, CO",19752,Denver Nuggets team victory,"Denver Nuggets defeated Dallas Mavericks 75-71 in Regular Season at Ball Arena (Denver, CO).",SportsDataVerse hoopR / ESPN NBA Hidden API
1120,270407011,2006-2007,2006,Regular Season,Regular Season,2007-04-07,Saturday,23:00,Boston Celtics,Indiana Pacers,Indiana Pacers,Boston Celtics,105,98,203,7,Indiana Pacers,Boston Celtics,Home Win (105-98),105-98,Four 12-minute quarters / 48 min,No,Gainbridge Fieldhouse,"Indianapolis, IN",17069,Indiana Pacers team victory,"Indiana Pacers defeated Boston Celtics 105-98 in Regular Season at Gainbridge Fieldhouse (Indianapolis, IN).",SportsDataVerse hoopR / ESPN NBA Hidden API
1121,270407016,2006-2007,2006,Regular Season,Regular Season,2007-04-07,Saturday,23:00,NO/Oklahoma City Hornets,Minnesota Timberwolves,Minnesota Timberwolves,NO/Oklahoma City Hornets,94,96,190,2,NO/Oklahoma City Hornets,Minnesota Timberwolves,Away Win (96-94),94-96,Four 12-minute quarters / 48 min,No,Target Center,"Minneapolis, MN",15907,NO/Oklahoma City Hornets team victory,"NO/Oklahoma City Hornets defeated Minnesota Timberwolves 96-94 in Regular Season at Target Center (Minneapolis, MN).",SportsDataVerse hoopR / ESPN NBA Hidden API
1122,270407019,2006-2007,2006,Regular Season,Regular Season,2007-04-07,Saturday,23:00,Memphis Grizzlies,Orlando Magic,Orlando Magic,Memphis Grizzlies,116,89,205,27,Orlando Magic,Memphis Grizzlies,Home Win (116-89),116-89,Four 12-minute quarters / 48 min,No,Amway Arena,"Orlando, FL",17233,Orlando Magic team victory,"Orlando Magic defeated Memphis Grizzlies 116-89 in Regular Season at Amway Arena (Orlando, FL).",SportsDataVerse hoopR / ESPN NBA Hidden API
1123,270407024,2006-2007,2006,Regular Season,Regular Season,2007-04-07,Saturday,23:00,Golden State Warriors,San Antonio Spurs,San Antonio Spurs,Golden State Warriors,112,99,211,13,San Antonio Spurs,Golden State Warriors,Home Win (112-99),112-99,Four 12-minute quarters / 48 min,No,AT&T Center,"San Antonio, TX",18797,San Antonio Spurs team victory,"San Antonio Spurs defeated Golden State Warriors 112-99 in Regular Season at AT&T Center (San Antonio, TX).",SportsDataVerse hoopR / ESPN NBA Hidden API
1124,270407026,2006-2007,2006,Regular Season,Regular Season,2007-04-07,Saturday,23:00,Seattle SuperSonics,Utah Jazz,Utah Jazz,Seattle SuperSonics,103,106,209,3,Seattle SuperSonics,Utah Jazz,Away Win (106-103),103-106,Four 12-minute quarters / 48 min,No,Vivint Arena,"Salt Lake City, UT",19911,Seattle SuperSonics team victory,"Seattle SuperSonics defeated Utah Jazz 106-103 in Regular Season at Vivint Arena (Salt Lake City, UT).",SportsDataVerse hoopR / ESPN NBA Hidden API
1125,270407012,2006-2007,2006,Regular Season,Regular Season,2007-04-07,Saturday,23:30,Denver Nuggets,LA Clippers,LA Clippers,Denver Nuggets,93,96,189,3,Denver Nuggets,LA Clippers,Away Win (96-93),93-96,Four 12-minute quarters / 48 min,No,crypto.com Arena,"Los Angeles, CA",19409,Denver Nuggets team victory,"Denver Nuggets defeated LA Clippers 96-93 in Regular Season at crypto.com Arena (Los Angeles, CA).",SportsDataVerse hoopR / ESPN NBA Hidden API
1126,270407015,2006-2007,2006,Regular Season,Regular Season,2007-04-07,Saturday,23:30,New York Knicks,Milwaukee Bucks,Milwaukee Bucks,New York Knicks,113,118,231,5,New York Knicks,Milwaukee Bucks,Away Win (118-113),113-118,Four 12-minute quarters / 48 min,Yes,BMO Harris Bradley Center,"Milwaukee, WI",17201,New York Knicks team victory (OT),"New York Knicks edged Milwaukee Bucks 118-113 in overtime at BMO Harris Bradley Center (Milwaukee, WI).",SportsDataVerse hoopR / ESPN NBA Hidden API
1127,270407017,2006-2007,2006,Regular Season,Regular Season,2007-04-07,Saturday,23:30,Washington Wizards,New Jersey Nets,New Jersey Nets,Washington Wizards,120,114,234,6,New Jersey Nets,Washington Wizards,Home Win (120-114),120-114,Four 12-minute quarters / 48 min,Yes,IZOD Center,"East Rutherford, NJ",19102,New Jersey Nets team victory (OT),"New Jersey Nets edged Washington Wizards 120-114 in overtime at IZOD Center (East Rutherford, NJ).",SportsDataVerse hoopR / ESPN NBA Hidden API
1128,270407006,2006-2007,2006,Regular Season,Regular Season,2007-04-07,Saturday,00:00,Portland Trail Blazers,Dallas Mavericks,Dallas Mavericks,Portland Trail Blazers,86,74,160,12,Dallas Mavericks,Portland Trail Blazers,Home Win (86-74),86-74,Four 12-minute quarters / 48 min,No,American Airlines Center,"Dallas, TX",20573,Dallas Mavericks team victory,"Dallas Mavericks defeated Portland Trail Blazers 86-74 in Regular Season at American Airlines Center (Dallas, TX).",SportsDataVerse hoopR / ESPN NBA Hidden API
1129,270408013,2006-2007,2006,Regular Season,Regular Season,2007-04-08,Sunday,16:30,Phoenix Suns,Los Angeles Lakers,Los Angeles Lakers,Phoenix Suns,107,115,222,8,Phoenix Suns,Los Angeles Lakers,Away Win (115-107),107-115,Four 12-minute quarters / 48 min,No,crypto.com Arena,"Los Angeles, CA",18997,Phoenix Suns team victory,"Phoenix Suns defeated Los Angeles Lakers 115-107 in Regular Season at crypto.com Arena (Los Angeles, CA).",SportsDataVerse hoopR / ESPN NBA Hidden API
1130,270408008,2006-2007,2006,Regular Season,Regular Season,2007-04-08,Sunday,17:00,Cleveland Cavaliers,Detroit Pistons,Detroit Pistons,Cleveland Cavaliers,87,82,169,5,Detroit Pistons,Cleveland Cavaliers,Home Win (87-82),87-82,Four 12-minute quarters / 48 min,No,The Palace of Auburn Hills,"Detroit, MI",22076,Detroit Pistons team victory,"Detroit Pistons defeated Cleveland Cavaliers 87-82 in Regular Season at The Palace of Auburn Hills (Detroit, MI).",SportsDataVerse hoopR / ESPN NBA Hidden API
1131,270408014,2006-2007,2006,Regular Season,Regular Season,2007-04-08,Sunday,22:00,Charlotte Bobcats,Miami Heat,Miami Heat,Charlotte Bobcats,103,111,214,8,Charlotte Bobcats,Miami Heat,Away Win (111-103),103-111,Four 12-minute quarters / 48 min,Yes,Kaseya Center,"Miami, FL",19600,Charlotte Bobcats team victory (OT),"Charlotte Bobcats edged Miami Heat 111-103 in overtime at Kaseya Center (Miami, FL).",SportsDataVerse hoopR / ESPN NBA Hidden API
1132,270408023,2006-2007,2006,Regular Season,Regular Season,2007-04-08,Sunday,22:00,Houston Rockets,Sacramento Kings,Sacramento Kings,Houston Rockets,106,112,218,6,Houston Rockets,Sacramento Kings,Away Win (112-106),106-112,Four 12-minute quarters / 48 min,No,Sleep Train Arena,"Sacramento, CA",17317,Houston Rockets team victory,"Houston Rockets defeated Sacramento Kings 112-106 in Regular Season at Sleep Train Arena (Sacramento, CA).",SportsDataVerse hoopR / ESPN NBA Hidden API
1133,270408028,2006-2007,2006,Regular Season,Regular Season,2007-04-08,Sunday,22:00,Chicago Bulls,Toronto Raptors,Toronto Raptors,Chicago Bulls,103,89,192,14,Toronto Raptors,Chicago Bulls,Home Win (103-89),103-89,Four 12-minute quarters / 48 min,No,Scotiabank Arena,"Toronto, ON",19800,Toronto Raptors team victory,"Toronto Raptors defeated Chicago Bulls 103-89 in Regular Season at Scotiabank Arena (Toronto, ON).",SportsDataVerse hoopR / ESPN NBA Hidden API
1134,270408020,2006-2007,2006,Regular Season,Regular Season,2007-04-08,Sunday,23:30,Atlanta Hawks,Philadelphia 76ers,Philadelphia 76ers,Atlanta Hawks,109,104,213,5,Philadelphia 76ers,Atlanta Hawks,Home Win (109-104),109-104,Four 12-minute quarters / 48 min,Yes,Wells Fargo Center,"Philadelphia, PA",13925,Philadelphia 76ers team victory (OT),"Philadelphia 76ers edged Atlanta Hawks 109-104 in overtime at Wells Fargo Center (Philadelphia, PA).",SportsDataVerse hoopR / ESPN NBA Hidden API
1135,270409007,2006-2007,2006,Regular Season,Regular Season,2007-04-09,Monday,23:00,Los Angeles Lakers,Denver Nuggets,Denver Nuggets,Los Angeles Lakers,115,111,226,4,Denver Nuggets,Los Angeles Lakers,Home Win (115-111),115-111,Four 12-minute quarters / 48 min,No,Ball Arena,"Denver, CO",19155,Denver Nuggets team victory,"Denver Nuggets defeated Los Angeles Lakers 115-111 in Regular Season at Ball Arena (Denver, CO).",SportsDataVerse hoopR / ESPN NBA Hidden API
1136,270409015,2006-2007,2006,Regular Season,Regular Season,2007-04-09,Monday,23:00,Orlando Magic,Milwaukee Bucks,Milwaukee Bucks,Orlando Magic,94,117,211,23,Orlando Magic,Milwaukee Bucks,Away Win (117-94),94-117,Four 12-minute quarters / 48 min,No,BMO Harris Bradley Center,"Milwaukee, WI",14416,Orlando Magic team victory,"Orlando Magic defeated Milwaukee Bucks 117-94 in Regular Season at BMO Harris Bradley Center (Milwaukee, WI).",SportsDataVerse hoopR / ESPN NBA Hidden API
1137,270409016,2006-2007,2006,Regular Season,Regular Season,2007-04-09,Monday,23:00,Toronto Raptors,Minnesota Timberwolves,Minnesota Timberwolves,Toronto Raptors,100,111,211,11,Toronto Raptors,Minnesota Timberwolves,Away Win (111-100),100-111,Four 12-minute quarters / 48 min,No,Target Center,"Minneapolis, MN",15561,Toronto Raptors team victory,"Toronto Raptors defeated Minnesota Timberwolves 111-100 in Regular Season at Target Center (Minneapolis, MN).",SportsDataVerse hoopR / ESPN NBA Hidden API
1138,270409024,2006-2007,2006,Regular Season,Regular Season,2007-04-09,Monday,23:00,Portland Trail Blazers,San Antonio Spurs,San Antonio Spurs,Portland Trail Blazers,112,96,208,16,San Antonio Spurs,Portland Trail Blazers,Home Win (112-96),112-96,Four 12-minute quarters / 48 min,No,AT&T Center,"San Antonio, TX",17852,San Antonio Spurs team victory,"San Antonio Spurs defeated Portland Trail Blazers 112-96 in Regular Season at AT&T Center (San Antonio, TX).",SportsDataVerse hoopR / ESPN NBA Hidden API
1139,270409025,2006-2007,2006,Regular Season,Regular Season,2007-04-09,Monday,23:00,Houston Rockets,Seattle SuperSonics,Seattle SuperSonics,Houston Rockets,90,95,185,5,Houston Rockets,Seattle SuperSonics,Away Win (95-90),90-95,Four 12-minute quarters / 48 min,No,KeyArena,"Seattle, WA",16004,Houston Rockets team victory,"Houston Rockets defeated Seattle SuperSonics 95-90 in Regular Season at KeyArena (Seattle, WA).",SportsDataVerse hoopR / ESPN NBA Hidden API
1140,270409006,2006-2007,2006,Regular Season,Regular Season,2007-04-09,Monday,23:30,LA Clippers,Dallas Mavericks,Dallas Mavericks,LA Clippers,96,86,182,10,Dallas Mavericks,LA Clippers,Home Win (96-86),96-86,Four 12-minute quarters / 48 min,No,American Airlines Center,"Dallas, TX",20402,Dallas Mavericks team victory,"Dallas Mavericks defeated LA Clippers 96-86 in Regular Season at American Airlines Center (Dallas, TX).",SportsDataVerse hoopR / ESPN NBA Hidden API
1141,270409009,2006-2007,2006,Regular Season,Regular Season,2007-04-09,Monday,23:30,Utah Jazz,Golden State Warriors,Golden State Warriors,Utah Jazz,126,102,228,24,Golden State Warriors,Utah Jazz,Home Win (126-102),126-102,Four 12-minute quarters / 48 min,No,ORACLE Arena,"Oakland, CA",17453,Golden State Warriors team victory,"Golden State Warriors defeated Utah Jazz 126-102 in Regular Season at ORACLE Arena (Oakland, CA).",SportsDataVerse hoopR / ESPN NBA Hidden API
1142,270410001,2006-2007,2006,Regular Season,Regular Season,2007-04-10,Tuesday,23:00,Boston Celtics,Atlanta Hawks,Atlanta Hawks,Boston Celtics,104,96,200,8,Atlanta Hawks,Boston Celtics,Home Win (104-96),104-96,Four 12-minute quarters / 48 min,No,State Farm Arena,"Atlanta, GA",13780,Atlanta Hawks team victory,"Atlanta Hawks defeated Boston Celtics 104-96 in Regular Season at State Farm Arena (Atlanta, GA).",SportsDataVerse hoopR / ESPN NBA Hidden API
1143,270410003,2006-2007,2006,Regular Season,Regular Season,2007-04-10,Tuesday,23:00,LA Clippers,NO/Oklahoma City Hornets,NO/Oklahoma City Hornets,LA Clippers,103,100,203,3,NO/Oklahoma City Hornets,LA Clippers,Home Win (103-100),103-100,Four 12-minute quarters / 48 min,Yes,Paycom Center,"Oklahoma City, OK",17704,NO/Oklahoma City Hornets team victory (OT),"NO/Oklahoma City Hornets edged LA Clippers 103-100 in overtime at Paycom Center (Oklahoma City, OK).",SportsDataVerse hoopR / ESPN NBA Hidden API
1144,270410020,2006-2007,2006,Regular Season,Regular Season,2007-04-10,Tuesday,23:00,Indiana Pacers,Philadelphia 76ers,Philadelphia 76ers,Indiana Pacers,90,86,176,4,Philadelphia 76ers,Indiana Pacers,Home Win (90-86),90-86,Four 12-minute quarters / 48 min,No,Wells Fargo Center,"Philadelphia, PA",18073,Philadelphia 76ers team victory,"Philadelphia 76ers defeated Indiana Pacers 90-86 in Regular Season at Wells Fargo Center (Philadelphia, PA).",SportsDataVerse hoopR / ESPN NBA Hidden API
1145,270410027,2006-2007,2006,Regular Season,Regular Season,2007-04-10,Tuesday,23:00,New Jersey Nets,Washington Wizards,Washington Wizards,New Jersey Nets,92,96,188,4,New Jersey Nets,Washington Wizards,Away Win (96-92),92-96,Four 12-minute quarters / 48 min,No,Capital One Arena,"Washington, DC",16224,New Jersey Nets team victory,"New Jersey Nets defeated Washington Wizards 96-92 in Regular Season at Capital One Arena (Washington, DC).",SportsDataVerse hoopR / ESPN NBA Hidden API
1146,270410029,2006-2007,2006,Regular Season,Regular Season,2007-04-10,Tuesday,23:00,Sacramento Kings,Memphis Grizzlies,Memphis Grizzlies,Sacramento Kings,100,112,212,12,Sacramento Kings,Memphis Grizzlies,Away Win (112-100),100-112,Four 12-minute quarters / 48 min,No,FedExForum,"Memphis, TN",11393,Sacramento Kings team victory,"Sacramento Kings defeated Memphis Grizzlies 112-100 in Regular Season at FedExForum (Memphis, TN).",SportsDataVerse hoopR / ESPN NBA Hidden API
1147,270410030,2006-2007,2006,Regular Season,Regular Season,2007-04-10,Tuesday,23:00,Miami Heat,Charlotte Bobcats,Charlotte Bobcats,Miami Heat,92,82,174,10,Charlotte Bobcats,Miami Heat,Home Win (92-82),92-82,Four 12-minute quarters / 48 min,No,Spectrum Center,"Charlotte, NC",17105,Charlotte Bobcats team victory,"Charlotte Bobcats defeated Miami Heat 92-82 in Regular Season at Spectrum Center (Charlotte, NC).",SportsDataVerse hoopR / ESPN NBA Hidden API
1148,270410004,2006-2007,2006,Regular Season,Regular Season,2007-04-10,Tuesday,23:30,New York Knicks,Chicago Bulls,Chicago Bulls,New York Knicks,98,69,167,29,Chicago Bulls,New York Knicks,Home Win (98-69),98-69,Four 12-minute quarters / 48 min,No,United Center,"Chicago, IL",22296,Chicago Bulls team victory,"Chicago Bulls defeated New York Knicks 98-69 in Regular Season at United Center (Chicago, IL).",SportsDataVerse hoopR / ESPN NBA Hidden API
1149,270411015,2006-2007,2006,Regular Season,Regular Season,2007-04-11,Wednesday,23:00,Indiana Pacers,Milwaukee Bucks,Milwaukee Bucks,Indiana Pacers,98,104,202,6,Indiana Pacers,Milwaukee Bucks,Away Win (104-98),98-104,Four 12-minute quarters / 48 min,No,BMO Harris Bradley Center,"Milwaukee, WI",14596,Indiana Pacers team victory,"Indiana Pacers defeated Milwaukee Bucks 104-98 in Regular Season at BMO Harris Bradley Center (Milwaukee, WI).",SportsDataVerse hoopR / ESPN NBA Hidden API
1150,270411016,2006-2007,2006,Regular Season,Regular Season,2007-04-11,Wednesday,23:00,Dallas Mavericks,Minnesota Timberwolves,Minnesota Timberwolves,Dallas Mavericks,88,105,193,17,Dallas Mavericks,Minnesota Timberwolves,Away Win (105-88),88-105,Four 12-minute quarters / 48 min,No,Target Center,"Minneapolis, MN",13671,Dallas Mavericks team victory,"Dallas Mavericks defeated Minnesota Timberwolves 105-88 in Regular Season at Target Center (Minneapolis, MN).",SportsDataVerse hoopR / ESPN NBA Hidden API
1151,270411021,2006-2007,2006,Regular Season,Regular Season,2007-04-11,Wednesday,23:00,Seattle SuperSonics,Phoenix Suns,Phoenix Suns,Seattle SuperSonics,109,91,200,18,Phoenix Suns,Seattle SuperSonics,Home Win (109-91),109-91,Four 12-minute quarters / 48 min,No,Footprint Center,"Phoenix, AZ",18422,Phoenix Suns team victory,"Phoenix Suns defeated Seattle SuperSonics 109-91 in Regular Season at Footprint Center (Phoenix, AZ).",SportsDataVerse hoopR / ESPN NBA Hidden API
1152,270411022,2006-2007,2006,Regular Season,Regular Season,2007-04-11,Wednesday,23:00,Houston Rockets,Portland Trail Blazers,Portland Trail Blazers,Houston Rockets,95,99,194,4,Houston Rockets,Portland Trail Blazers,Away Win (99-95),95-99,Four 12-minute quarters / 48 min,No,Moda Center,"Portland, OR",19980,Houston Rockets team victory,"Houston Rockets defeated Portland Trail Blazers 99-95 in Regular Season at Moda Center (Portland, OR).",SportsDataVerse hoopR / ESPN NBA Hidden API
1153,270411024,2006-2007,2006,Regular Season,Regular Season,2007-04-11,Wednesday,23:00,Sacramento Kings,San Antonio Spurs,San Antonio Spurs,Sacramento Kings,109,100,209,9,San Antonio Spurs,Sacramento Kings,Home Win (109-100),109-100,Four 12-minute quarters / 48 min,No,AT&T Center,"San Antonio, TX",18797,San Antonio Spurs team victory,"San Antonio Spurs defeated Sacramento Kings 109-100 in Regular Season at AT&T Center (San Antonio, TX).",SportsDataVerse hoopR / ESPN NBA Hidden API
1154,270411026,2006-2007,2006,Regular Season,Regular Season,2007-04-11,Wednesday,23:00,Denver Nuggets,Utah Jazz,Utah Jazz,Denver Nuggets,106,115,221,9,Denver Nuggets,Utah Jazz,Away Win (115-106),106-115,Four 12-minute quarters / 48 min,No,Vivint Arena,"Salt Lake City, UT",19911,Denver Nuggets team victory,"Denver Nuggets defeated Utah Jazz 115-106 in Regular Season at Vivint Arena (Salt Lake City, UT).",SportsDataVerse hoopR / ESPN NBA Hidden API
1155,270411002,2006-2007,2006,Regular Season,Regular Season,2007-04-11,Wednesday,23:30,Philadelphia 76ers,Boston Celtics,Boston Celtics,Philadelphia 76ers,94,102,196,8,Philadelphia 76ers,Boston Celtics,Away Win (102-94),94-102,Four 12-minute quarters / 48 min,No,TD Garden,"Boston, MA",15008,Philadelphia 76ers team victory,"Philadelphia 76ers defeated Boston Celtics 102-94 in Regular Season at TD Garden (Boston, MA).",SportsDataVerse hoopR / ESPN NBA Hidden API
1156,270411014,2006-2007,2006,Regular Season,Regular Season,2007-04-11,Wednesday,23:30,Washington Wizards,Miami Heat,Miami Heat,Washington Wizards,85,82,167,3,Miami Heat,Washington Wizards,Home Win (85-82),85-82,Four 12-minute quarters / 48 min,No,Kaseya Center,"Miami, FL",19600,Miami Heat team victory,"Miami Heat defeated Washington Wizards 85-82 in Regular Season at Kaseya Center (Miami, FL).",SportsDataVerse hoopR / ESPN NBA Hidden API
1157,270411008,2006-2007,2006,Regular Season,Regular Season,2007-04-11,Wednesday,00:00,Orlando Magic,Detroit Pistons,Detroit Pistons,Orlando Magic,104,99,203,5,Detroit Pistons,Orlando Magic,Home Win (104-99),104-99,Four 12-minute quarters / 48 min,No,The Palace of Auburn Hills,"Detroit, MI",22076,Detroit Pistons team victory,"Detroit Pistons defeated Orlando Magic 104-99 in Regular Season at The Palace of Auburn Hills (Detroit, MI).",SportsDataVerse hoopR / ESPN NBA Hidden API
1158,270412013,2006-2007,2006,Regular Season,Regular Season,2007-04-12,Thursday,23:30,LA Clippers,Los Angeles Lakers,Los Angeles Lakers,LA Clippers,110,118,228,8,LA Clippers,Los Angeles Lakers,Away Win (118-110),110-118,Four 12-minute quarters / 48 min,No,crypto.com Arena,"Los Angeles, CA",18997,LA Clippers team victory,"LA Clippers defeated Los Angeles Lakers 118-110 in Regular Season at crypto.com Arena (Los Angeles, CA).",SportsDataVerse hoopR / ESPN NBA Hidden API
1159,270412005,2006-2007,2006,Regular Season,Regular Season,2007-04-12,Thursday,00:00,New Jersey Nets,Cleveland Cavaliers,Cleveland Cavaliers,New Jersey Nets,94,76,170,18,Cleveland Cavaliers,New Jersey Nets,Home Win (94-76),94-76,Four 12-minute quarters / 48 min,No,Rocket Mortgage FieldHouse,"Cleveland, OH",20562,Cleveland Cavaliers team victory,"Cleveland Cavaliers defeated New Jersey Nets 94-76 in Regular Season at Rocket Mortgage FieldHouse (Cleveland, OH).",SportsDataVerse hoopR / ESPN NBA Hidden API
1160,270413003,2006-2007,2006,Regular Season,Regular Season,2007-04-13,Friday,23:00,Denver Nuggets,NO/Oklahoma City Hornets,NO/Oklahoma City Hornets,Denver Nuggets,105,107,212,2,Denver Nuggets,NO/Oklahoma City Hornets,Away Win (107-105),105-107,Four 12-minute quarters / 48 min,No,Paycom Center,"Oklahoma City, OK",19164,Denver Nuggets team victory,"Denver Nuggets defeated NO/Oklahoma City Hornets 107-105 in Regular Season at Paycom Center (Oklahoma City, OK).",SportsDataVerse hoopR / ESPN NBA Hidden API
1161,270413016,2006-2007,2006,Regular Season,Regular Season,2007-04-13,Friday,23:00,San Antonio Spurs,Minnesota Timberwolves,Minnesota Timberwolves,San Antonio Spurs,91,110,201,19,San Antonio Spurs,Minnesota Timberwolves,Away Win (110-91),91-110,Four 12-minute quarters / 48 min,No,Target Center,"Minneapolis, MN",19356,San Antonio Spurs team victory,"San Antonio Spurs defeated Minnesota Timberwolves 110-91 in Regular Season at Target Center (Minneapolis, MN).",SportsDataVerse hoopR / ESPN NBA Hidden API
1162,270413023,2006-2007,2006,Regular Season,Regular Season,2007-04-13,Friday,23:00,Golden State Warriors,Sacramento Kings,Sacramento Kings,Golden State Warriors,108,125,233,17,Golden State Warriors,Sacramento Kings,Away Win (125-108),108-125,Four 12-minute quarters / 48 min,No,Sleep Train Arena,"Sacramento, CA",17317,Golden State Warriors team victory,"Golden State Warriors defeated Sacramento Kings 125-108 in Regular Season at Sleep Train Arena (Sacramento, CA).",SportsDataVerse hoopR / ESPN NBA Hidden API
1163,270413028,2006-2007,2006,Regular Season,Regular Season,2007-04-13,Friday,23:00,Detroit Pistons,Toronto Raptors,Toronto Raptors,Detroit Pistons,87,84,171,3,Toronto Raptors,Detroit Pistons,Home Win (87-84),87-84,Four 12-minute quarters / 48 min,No,Scotiabank Arena,"Toronto, ON",19800,Toronto Raptors team victory,"Toronto Raptors defeated Detroit Pistons 87-84 in Regular Season at Scotiabank Arena (Toronto, ON).",SportsDataVerse hoopR / ESPN NBA Hidden API
1164,270413001,2006-2007,2006,Regular Season,Regular Season,2007-04-13,Friday,23:30,Washington Wizards,Atlanta Hawks,Atlanta Hawks,Washington Wizards,85,98,183,13,Washington Wizards,Atlanta Hawks,Away Win (98-85),85-98,Four 12-minute quarters / 48 min,No,State Farm Arena,"Atlanta, GA",16658,Washington Wizards team victory,"Washington Wizards defeated Atlanta Hawks 98-85 in Regular Season at State Farm Arena (Atlanta, GA).",SportsDataVerse hoopR / ESPN NBA Hidden API
1165,270413002,2006-2007,2006,Regular Season,Regular Season,2007-04-13,Friday,23:30,Milwaukee Bucks,Boston Celtics,Boston Celtics,Milwaukee Bucks,102,104,206,2,Milwaukee Bucks,Boston Celtics,Away Win (104-102),102-104,Four 12-minute quarters / 48 min,No,TD Garden,"Boston, MA",17759,Milwaukee Bucks team victory,"Milwaukee Bucks defeated Boston Celtics 104-102 in Regular Season at TD Garden (Boston, MA).",SportsDataVerse hoopR / ESPN NBA Hidden API
1166,270413004,2006-2007,2006,Regular Season,Regular Season,2007-04-13,Friday,23:30,Charlotte Bobcats,Chicago Bulls,Chicago Bulls,Charlotte Bobcats,100,81,181,19,Chicago Bulls,Charlotte Bobcats,Home Win (100-81),100-81,Four 12-minute quarters / 48 min,No,United Center,"Chicago, IL",22340,Chicago Bulls team victory,"Chicago Bulls defeated Charlotte Bobcats 100-81 in Regular Season at United Center (Chicago, IL).",SportsDataVerse hoopR / ESPN NBA Hidden API
1167,270413006,2006-2007,2006,Regular Season,Regular Season,2007-04-13,Friday,23:30,Utah Jazz,Dallas Mavericks,Dallas Mavericks,Utah Jazz,89,104,193,15,Utah Jazz,Dallas Mavericks,Away Win (104-89),89-104,Four 12-minute quarters / 48 min,No,American Airlines Center,"Dallas, TX",20411,Utah Jazz team victory,"Utah Jazz defeated Dallas Mavericks 104-89 in Regular Season at American Airlines Center (Dallas, TX).",SportsDataVerse hoopR / ESPN NBA Hidden API
1168,270413012,2006-2007,2006,Regular Season,Regular Season,2007-04-13,Friday,23:30,Portland Trail Blazers,LA Clippers,LA Clippers,Portland Trail Blazers,107,89,196,18,LA Clippers,Portland Trail Blazers,Home Win (107-89),107-89,Four 12-minute quarters / 48 min,No,crypto.com Arena,"Los Angeles, CA",19318,LA Clippers team victory,"LA Clippers defeated Portland Trail Blazers 107-89 in Regular Season at crypto.com Arena (Los Angeles, CA).",SportsDataVerse hoopR / ESPN NBA Hidden API
1169,270413017,2006-2007,2006,Regular Season,Regular Season,2007-04-13,Friday,23:30,New York Knicks,New Jersey Nets,New Jersey Nets,New York Knicks,100,86,186,14,New Jersey Nets,New York Knicks,Home Win (100-86),100-86,Four 12-minute quarters / 48 min,No,IZOD Center,"East Rutherford, NJ",20032,New Jersey Nets team victory,"New Jersey Nets defeated New York Knicks 100-86 in Regular Season at IZOD Center (East Rutherford, NJ).",SportsDataVerse hoopR / ESPN NBA Hidden API
1170,270413021,2006-2007,2006,Regular Season,Regular Season,2007-04-13,Friday,23:30,Los Angeles Lakers,Phoenix Suns,Phoenix Suns,Los Angeles Lakers,93,85,178,8,Phoenix Suns,Los Angeles Lakers,Home Win (93-85),93-85,Four 12-minute quarters / 48 min,No,Footprint Center,"Phoenix, AZ",18422,Phoenix Suns team victory,"Phoenix Suns defeated Los Angeles Lakers 93-85 in Regular Season at Footprint Center (Phoenix, AZ).",SportsDataVerse hoopR / ESPN NBA Hidden API
1171,270413014,2006-2007,2006,Regular Season,Regular Season,2007-04-13,Friday,00:00,Indiana Pacers,Miami Heat,Miami Heat,Indiana Pacers,100,96,196,4,Miami Heat,Indiana Pacers,Home Win (100-96),100-96,Four 12-minute quarters / 48 min,No,Kaseya Center,"Miami, FL",19600,Miami Heat team victory,"Miami Heat defeated Indiana Pacers 100-96 in Regular Season at Kaseya Center (Miami, FL).",SportsDataVerse hoopR / ESPN NBA Hidden API
1172,270414020,2006-2007,2006,Regular Season,Regular Season,2007-04-14,Saturday,19:00,Orlando Magic,Philadelphia 76ers,Philadelphia 76ers,Orlando Magic,87,104,191,17,Orlando Magic,Philadelphia 76ers,Away Win (104-87),87-104,Four 12-minute quarters / 48 min,No,Wells Fargo Center,"Philadelphia, PA",18588,Orlando Magic team victory,"Orlando Magic defeated Philadelphia 76ers 104-87 in Regular Season at Wells Fargo Center (Philadelphia, PA).",SportsDataVerse hoopR / ESPN NBA Hidden API
1173,270414022,2006-2007,2006,Regular Season,Regular Season,2007-04-14,Saturday,23:00,Seattle SuperSonics,Portland Trail Blazers,Portland Trail Blazers,Seattle SuperSonics,108,102,210,6,Portland Trail Blazers,Seattle SuperSonics,Home Win (108-102),108-102,Four 12-minute quarters / 48 min,No,Moda Center,"Portland, OR",19980,Portland Trail Blazers team victory,"Portland Trail Blazers defeated Seattle SuperSonics 108-102 in Regular Season at Moda Center (Portland, OR).",SportsDataVerse hoopR / ESPN NBA Hidden API
1174,270414026,2006-2007,2006,Regular Season,Regular Season,2007-04-14,Saturday,23:00,Phoenix Suns,Utah Jazz,Utah Jazz,Phoenix Suns,98,126,224,28,Phoenix Suns,Utah Jazz,Away Win (126-98),98-126,Four 12-minute quarters / 48 min,No,Vivint Arena,"Salt Lake City, UT",19911,Phoenix Suns team victory,"Phoenix Suns defeated Utah Jazz 126-98 in Regular Season at Vivint Arena (Salt Lake City, UT).",SportsDataVerse hoopR / ESPN NBA Hidden API
1175,270414029,2006-2007,2006,Regular Season,Regular Season,2007-04-14,Saturday,23:00,Denver Nuggets,Memphis Grizzlies,Memphis Grizzlies,Denver Nuggets,133,118,251,15,Memphis Grizzlies,Denver Nuggets,Home Win (133-118),133-118,Four 12-minute quarters / 48 min,No,FedExForum,"Memphis, TN",18119,Memphis Grizzlies team victory,"Memphis Grizzlies defeated Denver Nuggets 133-118 in Regular Season at FedExForum (Memphis, TN).",SportsDataVerse hoopR / ESPN NBA Hidden API
1176,270414005,2006-2007,2006,Regular Season,Regular Season,2007-04-14,Saturday,23:30,Atlanta Hawks,Cleveland Cavaliers,Cleveland Cavaliers,Atlanta Hawks,110,76,186,34,Cleveland Cavaliers,Atlanta Hawks,Home Win (110-76),110-76,Four 12-minute quarters / 48 min,No,Rocket Mortgage FieldHouse,"Cleveland, OH",20562,Cleveland Cavaliers team victory,"Cleveland Cavaliers defeated Atlanta Hawks 110-76 in Regular Season at Rocket Mortgage FieldHouse (Cleveland, OH).",SportsDataVerse hoopR / ESPN NBA Hidden API
1177,270414010,2006-2007,2006,Regular Season,Regular Season,2007-04-14,Saturday,23:30,NO/Oklahoma City Hornets,Houston Rockets,Houston Rockets,NO/Oklahoma City Hornets,123,112,235,11,Houston Rockets,NO/Oklahoma City Hornets,Home Win (123-112),123-112,Four 12-minute quarters / 48 min,No,Toyota Center (Houston),"Houston, TX",18238,Houston Rockets team victory,"Houston Rockets defeated NO/Oklahoma City Hornets 123-112 in Regular Season at Toyota Center (Houston) (Houston, TX).",SportsDataVerse hoopR / ESPN NBA Hidden API
1178,270414015,2006-2007,2006,Regular Season,Regular Season,2007-04-14,Saturday,23:30,Charlotte Bobcats,Milwaukee Bucks,Milwaukee Bucks,Charlotte Bobcats,92,113,205,21,Charlotte Bobcats,Milwaukee Bucks,Away Win (113-92),92-113,Four 12-minute quarters / 48 min,No,BMO Harris Bradley Center,"Milwaukee, WI",17976,Charlotte Bobcats team victory,"Charlotte Bobcats defeated Milwaukee Bucks 113-92 in Regular Season at BMO Harris Bradley Center (Milwaukee, WI).",SportsDataVerse hoopR / ESPN NBA Hidden API
1179,270415009,2006-2007,2006,Regular Season,Regular Season,2007-04-15,Sunday,16:30,Minnesota Timberwolves,Golden State Warriors,Golden State Warriors,Minnesota Timberwolves,121,108,229,13,Golden State Warriors,Minnesota Timberwolves,Home Win (121-108),121-108,Four 12-minute quarters / 48 min,No,ORACLE Arena,"Oakland, CA",18223,Golden State Warriors team victory,"Golden State Warriors defeated Minnesota Timberwolves 121-108 in Regular Season at ORACLE Arena (Oakland, CA).",SportsDataVerse hoopR / ESPN NBA Hidden API
1180,270415012,2006-2007,2006,Regular Season,Regular Season,2007-04-15,Sunday,16:30,Sacramento Kings,LA Clippers,LA Clippers,Sacramento Kings,100,105,205,5,Sacramento Kings,LA Clippers,Away Win (105-100),100-105,Four 12-minute quarters / 48 min,No,crypto.com Arena,"Los Angeles, CA",19060,Sacramento Kings team victory,"Sacramento Kings defeated LA Clippers 105-100 in Regular Season at crypto.com Arena (Los Angeles, CA).",SportsDataVerse hoopR / ESPN NBA Hidden API
1181,270415027,2006-2007,2006,Regular Season,Regular Season,2007-04-15,Sunday,17:00,Chicago Bulls,Washington Wizards,Washington Wizards,Chicago Bulls,68,101,169,33,Chicago Bulls,Washington Wizards,Away Win (101-68),68-101,Four 12-minute quarters / 48 min,No,Capital One Arena,"Washington, DC",20173,Chicago Bulls team victory,"Chicago Bulls defeated Washington Wizards 101-68 in Regular Season at Capital One Arena (Washington, DC).",SportsDataVerse hoopR / ESPN NBA Hidden API
1182,270415006,2006-2007,2006,Regular Season,Regular Season,2007-04-15,Sunday,18:30,San Antonio Spurs,Dallas Mavericks,Dallas Mavericks,San Antonio Spurs,91,86,177,5,Dallas Mavericks,San Antonio Spurs,Home Win (91-86),91-86,Four 12-minute quarters / 48 min,No,American Airlines Center,"Dallas, TX",20444,Dallas Mavericks team victory,"Dallas Mavericks defeated San Antonio Spurs 91-86 in Regular Season at American Airlines Center (Dallas, TX).",SportsDataVerse hoopR / ESPN NBA Hidden API
1183,270415011,2006-2007,2006,Regular Season,Regular Season,2007-04-15,Sunday,19:30,New Jersey Nets,Indiana Pacers,Indiana Pacers,New Jersey Nets,107,111,218,4,New Jersey Nets,Indiana Pacers,Away Win (111-107),107-111,Four 12-minute quarters / 48 min,No,Gainbridge Fieldhouse,"Indianapolis, IN",18165,New Jersey Nets team victory,"New Jersey Nets defeated Indiana Pacers 111-107 in Regular Season at Gainbridge Fieldhouse (Indianapolis, IN).",SportsDataVerse hoopR / ESPN NBA Hidden API
1184,270415008,2006-2007,2006,Regular Season,Regular Season,2007-04-15,Sunday,22:00,Philadelphia 76ers,Detroit Pistons,Detroit Pistons,Philadelphia 76ers,91,102,193,11,Philadelphia 76ers,Detroit Pistons,Away Win (102-91),91-102,Four 12-minute quarters / 48 min,No,The Palace of Auburn Hills,"Detroit, MI",22076,Philadelphia 76ers team victory,"Philadelphia 76ers defeated Detroit Pistons 102-91 in Regular Season at The Palace of Auburn Hills (Detroit, MI).",SportsDataVerse hoopR / ESPN NBA Hidden API
1185,270415019,2006-2007,2006,Regular Season,Regular Season,2007-04-15,Sunday,22:00,Boston Celtics,Orlando Magic,Orlando Magic,Boston Celtics,88,86,174,2,Orlando Magic,Boston Celtics,Home Win (88-86),88-86,Four 12-minute quarters / 48 min,No,Amway Arena,"Orlando, FL",17451,Orlando Magic team victory,"Orlando Magic defeated Boston Celtics 88-86 in Regular Season at Amway Arena (Orlando, FL).",SportsDataVerse hoopR / ESPN NBA Hidden API
1186,270415028,2006-2007,2006,Regular Season,Regular Season,2007-04-15,Sunday,22:00,New York Knicks,Toronto Raptors,Toronto Raptors,New York Knicks,107,105,212,2,Toronto Raptors,New York Knicks,Home Win (107-105),107-105,Four 12-minute quarters / 48 min,No,Scotiabank Arena,"Toronto, ON",19800,Toronto Raptors team victory,"Toronto Raptors defeated New York Knicks 107-105 in Regular Season at Scotiabank Arena (Toronto, ON).",SportsDataVerse hoopR / ESPN NBA Hidden API
1187,270415013,2006-2007,2006,Regular Season,Regular Season,2007-04-15,Sunday,22:30,Seattle SuperSonics,Los Angeles Lakers,Los Angeles Lakers,Seattle SuperSonics,109,98,207,11,Los Angeles Lakers,Seattle SuperSonics,Home Win (109-98),109-98,Four 12-minute quarters / 48 min,No,crypto.com Arena,"Los Angeles, CA",18997,Los Angeles Lakers team victory,"Los Angeles Lakers defeated Seattle SuperSonics 109-98 in Regular Season at crypto.com Arena (Los Angeles, CA).",SportsDataVerse hoopR / ESPN NBA Hidden API
1188,270416007,2006-2007,2006,Regular Season,Regular Season,2007-04-16,Monday,23:00,Minnesota Timberwolves,Denver Nuggets,Denver Nuggets,Minnesota Timberwolves,122,107,229,15,Denver Nuggets,Minnesota Timberwolves,Home Win (122-107),122-107,Four 12-minute quarters / 48 min,No,Ball Arena,"Denver, CO",18080,Denver Nuggets team victory,"Denver Nuggets defeated Minnesota Timberwolves 122-107 in Regular Season at Ball Arena (Denver, CO).",SportsDataVerse hoopR / ESPN NBA Hidden API
1189,270416015,2006-2007,2006,Regular Season,Regular Season,2007-04-16,Monday,23:00,Atlanta Hawks,Milwaukee Bucks,Milwaukee Bucks,Atlanta Hawks,102,96,198,6,Milwaukee Bucks,Atlanta Hawks,Home Win (102-96),102-96,Four 12-minute quarters / 48 min,No,BMO Harris Bradley Center,"Milwaukee, WI",15613,Milwaukee Bucks team victory,"Milwaukee Bucks defeated Atlanta Hawks 102-96 in Regular Season at BMO Harris Bradley Center (Milwaukee, WI).",SportsDataVerse hoopR / ESPN NBA Hidden API
1190,270416023,2006-2007,2006,Regular Season,Regular Season,2007-04-16,Monday,23:00,NO/Oklahoma City Hornets,Sacramento Kings,Sacramento Kings,NO/Oklahoma City Hornets,118,125,243,7,NO/Oklahoma City Hornets,Sacramento Kings,Away Win (125-118),118-125,Four 12-minute quarters / 48 min,No,Sleep Train Arena,"Sacramento, CA",17317,NO/Oklahoma City Hornets team victory,"NO/Oklahoma City Hornets defeated Sacramento Kings 125-118 in Regular Season at Sleep Train Arena (Sacramento, CA).",SportsDataVerse hoopR / ESPN NBA Hidden API
1191,270416026,2006-2007,2006,Regular Season,Regular Season,2007-04-16,Monday,23:00,Portland Trail Blazers,Utah Jazz,Utah Jazz,Portland Trail Blazers,130,93,223,37,Utah Jazz,Portland Trail Blazers,Home Win (130-93),130-93,Four 12-minute quarters / 48 min,No,Vivint Arena,"Salt Lake City, UT",19911,Utah Jazz team victory,"Utah Jazz defeated Portland Trail Blazers 130-93 in Regular Season at Vivint Arena (Salt Lake City, UT).",SportsDataVerse hoopR / ESPN NBA Hidden API
1192,270416029,2006-2007,2006,Regular Season,Regular Season,2007-04-16,Monday,23:00,San Antonio Spurs,Memphis Grizzlies,Memphis Grizzlies,San Antonio Spurs,101,91,192,10,Memphis Grizzlies,San Antonio Spurs,Home Win (101-91),101-91,Four 12-minute quarters / 48 min,No,FedExForum,"Memphis, TN",13345,Memphis Grizzlies team victory,"Memphis Grizzlies defeated San Antonio Spurs 101-91 in Regular Season at FedExForum (Memphis, TN).",SportsDataVerse hoopR / ESPN NBA Hidden API
1193,270416010,2006-2007,2006,Regular Season,Regular Season,2007-04-16,Monday,23:30,Phoenix Suns,Houston Rockets,Houston Rockets,Phoenix Suns,120,117,237,3,Houston Rockets,Phoenix Suns,Home Win (120-117),120-117,Four 12-minute quarters / 48 min,No,Toyota Center (Houston),"Houston, TX",18375,Houston Rockets team victory,"Houston Rockets defeated Phoenix Suns 120-117 in Regular Season at Toyota Center (Houston) (Houston, TX).",SportsDataVerse hoopR / ESPN NBA Hidden API
1194,270416014,2006-2007,2006,Regular Season,Regular Season,2007-04-16,Monday,23:30,Boston Celtics,Miami Heat,Miami Heat,Boston Celtics,89,91,180,2,Boston Celtics,Miami Heat,Away Win (91-89),89-91,Four 12-minute quarters / 48 min,No,Kaseya Center,"Miami, FL",19600,Boston Celtics team victory,"Boston Celtics defeated Miami Heat 91-89 in Regular Season at Kaseya Center (Miami, FL).",SportsDataVerse hoopR / ESPN NBA Hidden API
1195,270416018,2006-2007,2006,Regular Season,Regular Season,2007-04-16,Monday,23:30,New Jersey Nets,New York Knicks,New York Knicks,New Jersey Nets,95,104,199,9,New Jersey Nets,New York Knicks,Away Win (104-95),95-104,Four 12-minute quarters / 48 min,No,Madison Square Garden,"New York, NY",19763,New Jersey Nets team victory,"New Jersey Nets defeated New York Knicks 104-95 in Regular Season at Madison Square Garden (New York, NY).",SportsDataVerse hoopR / ESPN NBA Hidden API
1196,270417001,2006-2007,2006,Regular Season,Regular Season,2007-04-17,Tuesday,23:00,Indiana Pacers,Atlanta Hawks,Atlanta Hawks,Indiana Pacers,118,102,220,16,Atlanta Hawks,Indiana Pacers,Home Win (118-102),118-102,Four 12-minute quarters / 48 min,No,State Farm Arena,"Atlanta, GA",16051,Atlanta Hawks team victory,"Atlanta Hawks defeated Indiana Pacers 118-102 in Regular Season at State Farm Arena (Atlanta, GA).",SportsDataVerse hoopR / ESPN NBA Hidden API
1197,270417020,2006-2007,2006,Regular Season,Regular Season,2007-04-17,Tuesday,23:00,Cleveland Cavaliers,Philadelphia 76ers,Philadelphia 76ers,Cleveland Cavaliers,92,98,190,6,Cleveland Cavaliers,Philadelphia 76ers,Away Win (98-92),92-98,Four 12-minute quarters / 48 min,No,Wells Fargo Center,"Philadelphia, PA",17693,Cleveland Cavaliers team victory,"Cleveland Cavaliers defeated Philadelphia 76ers 98-92 in Regular Season at Wells Fargo Center (Philadelphia, PA).",SportsDataVerse hoopR / ESPN NBA Hidden API
1198,270417021,2006-2007,2006,Regular Season,Regular Season,2007-04-17,Tuesday,23:00,LA Clippers,Phoenix Suns,Phoenix Suns,LA Clippers,99,103,202,4,LA Clippers,Phoenix Suns,Away Win (103-99),99-103,Four 12-minute quarters / 48 min,No,Footprint Center,"Phoenix, AZ",18422,LA Clippers team victory,"LA Clippers defeated Phoenix Suns 103-99 in Regular Season at Footprint Center (Phoenix, AZ).",SportsDataVerse hoopR / ESPN NBA Hidden API
1199,270417027,2006-2007,2006,Regular Season,Regular Season,2007-04-17,Tuesday,23:00,Orlando Magic,Washington Wizards,Washington Wizards,Orlando Magic,89,95,184,6,Orlando Magic,Washington Wizards,Away Win (95-89),89-95,Four 12-minute quarters / 48 min,No,Capital One Arena,"Washington, DC",15844,Orlando Magic team victory,"Orlando Magic defeated Washington Wizards 95-89 in Regular Season at Capital One Arena (Washington, DC).",SportsDataVerse hoopR / ESPN NBA Hidden API
1200,270417008,2006-2007,2006,Regular Season,Regular Season,2007-04-17,Tuesday,23:30,Toronto Raptors,Detroit Pistons,Detroit Pistons,Toronto Raptors,100,84,184,16,Detroit Pistons,Toronto Raptors,Home Win (100-84),100-84,Four 12-minute quarters / 48 min,No,The Palace of Auburn Hills,"Detroit, MI",22076,Detroit Pistons team victory,"Detroit Pistons defeated Toronto Raptors 100-84 in Regular Season at The Palace of Auburn Hills (Detroit, MI).",SportsDataVerse hoopR / ESPN NBA Hidden API
1201,270417009,2006-2007,2006,Regular Season,Regular Season,2007-04-17,Tuesday,23:30,Dallas Mavericks,Golden State Warriors,Golden State Warriors,Dallas Mavericks,111,82,193,29,Golden State Warriors,Dallas Mavericks,Home Win (111-82),111-82,Four 12-minute quarters / 48 min,No,ORACLE Arena,"Oakland, CA",20073,Golden State Warriors team victory,"Golden State Warriors defeated Dallas Mavericks 111-82 in Regular Season at ORACLE Arena (Oakland, CA).",SportsDataVerse hoopR / ESPN NBA Hidden API
1202,270418005,2006-2007,2006,Regular Season,Regular Season,2007-04-18,Wednesday,23:00,Milwaukee Bucks,Cleveland Cavaliers,Cleveland Cavaliers,Milwaukee Bucks,109,96,205,13,Cleveland Cavaliers,Milwaukee Bucks,Home Win (109-96),109-96,Four 12-minute quarters / 48 min,No,Rocket Mortgage FieldHouse,"Cleveland, OH",20562,Cleveland Cavaliers team victory,"Cleveland Cavaliers defeated Milwaukee Bucks 109-96 in Regular Season at Rocket Mortgage FieldHouse (Cleveland, OH).",SportsDataVerse hoopR / ESPN NBA Hidden API
1203,270418016,2006-2007,2006,Regular Season,Regular Season,2007-04-18,Wednesday,23:00,Memphis Grizzlies,Minnesota Timberwolves,Minnesota Timberwolves,Memphis Grizzlies,94,116,210,22,Memphis Grizzlies,Minnesota Timberwolves,Away Win (116-94),94-116,Four 12-minute quarters / 48 min,No,Target Center,"Minneapolis, MN",14977,Memphis Grizzlies team victory,"Memphis Grizzlies defeated Minnesota Timberwolves 116-94 in Regular Season at Target Center (Minneapolis, MN).",SportsDataVerse hoopR / ESPN NBA Hidden API
1204,270418019,2006-2007,2006,Regular Season,Regular Season,2007-04-18,Wednesday,23:00,Miami Heat,Orlando Magic,Orlando Magic,Miami Heat,94,68,162,26,Orlando Magic,Miami Heat,Home Win (94-68),94-68,Four 12-minute quarters / 48 min,No,Amway Arena,"Orlando, FL",17451,Orlando Magic team victory,"Orlando Magic defeated Miami Heat 94-68 in Regular Season at Amway Arena (Orlando, FL).",SportsDataVerse hoopR / ESPN NBA Hidden API
1205,270418022,2006-2007,2006,Regular Season,Regular Season,2007-04-18,Wednesday,23:00,Golden State Warriors,Portland Trail Blazers,Portland Trail Blazers,Golden State Warriors,98,120,218,22,Golden State Warriors,Portland Trail Blazers,Away Win (120-98),98-120,Four 12-minute quarters / 48 min,No,Moda Center,"Portland, OR",19455,Golden State Warriors team victory,"Golden State Warriors defeated Portland Trail Blazers 120-98 in Regular Season at Moda Center (Portland, OR).",SportsDataVerse hoopR / ESPN NBA Hidden API
1206,270418023,2006-2007,2006,Regular Season,Regular Season,2007-04-18,Wednesday,23:00,Los Angeles Lakers,Sacramento Kings,Sacramento Kings,Los Angeles Lakers,106,117,223,11,Los Angeles Lakers,Sacramento Kings,Away Win (117-106),106-117,Four 12-minute quarters / 48 min,No,Sleep Train Arena,"Sacramento, CA",17317,Los Angeles Lakers team victory,"Los Angeles Lakers defeated Sacramento Kings 117-106 in Regular Season at Sleep Train Arena (Sacramento, CA).",SportsDataVerse hoopR / ESPN NBA Hidden API
1207,270418024,2006-2007,2006,Regular Season,Regular Season,2007-04-18,Wednesday,23:00,Denver Nuggets,San Antonio Spurs,San Antonio Spurs,Denver Nuggets,77,100,177,23,Denver Nuggets,San Antonio Spurs,Away Win (100-77),77-100,Four 12-minute quarters / 48 min,No,AT&T Center,"San Antonio, TX",18797,Denver Nuggets team victory,"Denver Nuggets defeated San Antonio Spurs 100-77 in Regular Season at AT&T Center (San Antonio, TX).",SportsDataVerse hoopR / ESPN NBA Hidden API
1208,270418025,2006-2007,2006,Regular Season,Regular Season,2007-04-18,Wednesday,23:00,Dallas Mavericks,Seattle SuperSonics,Seattle SuperSonics,Dallas Mavericks,75,106,181,31,Dallas Mavericks,Seattle SuperSonics,Away Win (106-75),75-106,Four 12-minute quarters / 48 min,No,KeyArena,"Seattle, WA",16117,Dallas Mavericks team victory,"Dallas Mavericks defeated Seattle SuperSonics 106-75 in Regular Season at KeyArena (Seattle, WA).",SportsDataVerse hoopR / ESPN NBA Hidden API
1209,270418026,2006-2007,2006,Regular Season,Regular Season,2007-04-18,Wednesday,23:00,Houston Rockets,Utah Jazz,Utah Jazz,Houston Rockets,101,91,192,10,Utah Jazz,Houston Rockets,Home Win (101-91),101-91,Four 12-minute quarters / 48 min,No,Vivint Arena,"Salt Lake City, UT",19911,Utah Jazz team victory,"Utah Jazz defeated Houston Rockets 101-91 in Regular Season at Vivint Arena (Salt Lake City, UT).",SportsDataVerse hoopR / ESPN NBA Hidden API
1210,270418028,2006-2007,2006,Regular Season,Regular Season,2007-04-18,Wednesday,23:00,Philadelphia 76ers,Toronto Raptors,Toronto Raptors,Philadelphia 76ers,119,122,241,3,Philadelphia 76ers,Toronto Raptors,Away Win (122-119),119-122,Four 12-minute quarters / 48 min,No,Scotiabank Arena,"Toronto, ON",19800,Philadelphia 76ers team victory,"Philadelphia 76ers defeated Toronto Raptors 122-119 in Regular Season at Scotiabank Arena (Toronto, ON).",SportsDataVerse hoopR / ESPN NBA Hidden API
1211,270418030,2006-2007,2006,Regular Season,Regular Season,2007-04-18,Wednesday,23:00,New York Knicks,Charlotte Bobcats,Charlotte Bobcats,New York Knicks,93,94,187,1,New York Knicks,Charlotte Bobcats,Away Win (94-93),93-94,Four 12-minute quarters / 48 min,No,Spectrum Center,"Charlotte, NC",17223,New York Knicks team victory,"New York Knicks defeated Charlotte Bobcats 94-93 in Regular Season at Spectrum Center (Charlotte, NC).",SportsDataVerse hoopR / ESPN NBA Hidden API
1212,270418002,2006-2007,2006,Regular Season,Regular Season,2007-04-18,Wednesday,23:30,Detroit Pistons,Boston Celtics,Boston Celtics,Detroit Pistons,89,91,180,2,Detroit Pistons,Boston Celtics,Away Win (91-89),89-91,Four 12-minute quarters / 48 min,No,TD Garden,"Boston, MA",17215,Detroit Pistons team victory,"Detroit Pistons defeated Boston Celtics 91-89 in Regular Season at TD Garden (Boston, MA).",SportsDataVerse hoopR / ESPN NBA Hidden API
1213,270418012,2006-2007,2006,Regular Season,Regular Season,2007-04-18,Wednesday,23:30,NO/Oklahoma City Hornets,LA Clippers,LA Clippers,NO/Oklahoma City Hornets,83,86,169,3,NO/Oklahoma City Hornets,LA Clippers,Away Win (86-83),83-86,Four 12-minute quarters / 48 min,No,crypto.com Arena,"Los Angeles, CA",18392,NO/Oklahoma City Hornets team victory,"NO/Oklahoma City Hornets defeated LA Clippers 86-83 in Regular Season at crypto.com Arena (Los Angeles, CA).",SportsDataVerse hoopR / ESPN NBA Hidden API
1214,270418017,2006-2007,2006,Regular Season,Regular Season,2007-04-18,Wednesday,23:30,Chicago Bulls,New Jersey Nets,New Jersey Nets,Chicago Bulls,106,97,203,9,New Jersey Nets,Chicago Bulls,Home Win (106-97),106-97,Four 12-minute quarters / 48 min,No,IZOD Center,"East Rutherford, NJ",15108,New Jersey Nets team victory,"New Jersey Nets defeated Chicago Bulls 106-97 in Regular Season at IZOD Center (East Rutherford, NJ).",SportsDataVerse hoopR / ESPN NBA Hidden API
1215,270418011,2006-2007,2006,Regular Season,Regular Season,2007-04-18,Wednesday,00:00,Washington Wizards,Indiana Pacers,Indiana Pacers,Washington Wizards,95,98,193,3,Washington Wizards,Indiana Pacers,Away Win (98-95),95-98,Four 12-minute quarters / 48 min,No,Gainbridge Fieldhouse,"Indianapolis, IN",14040,Washington Wizards team victory,"Washington Wizards defeated Indiana Pacers 98-95 in Regular Season at Gainbridge Fieldhouse (Indianapolis, IN).",SportsDataVerse hoopR / ESPN NBA Hidden API
1216,270421028,2006-2007,2006,Playoffs,PLAYOFFS,2007-04-21,Saturday,16:30,New Jersey Nets,Toronto Raptors,Toronto Raptors,New Jersey Nets,91,96,187,5,New Jersey Nets,Toronto Raptors,Away Win (96-91),91-96,Four 12-minute quarters / 48 min,No,Scotiabank Arena,"Toronto, ON",20330,New Jersey Nets team victory,"New Jersey Nets defeated Toronto Raptors 96-91 in PLAYOFFS at Scotiabank Arena (Toronto, ON).",SportsDataVerse hoopR / ESPN NBA Hidden API
1217,270421004,2006-2007,2006,Playoffs,PLAYOFFS,2007-04-21,Saturday,18:00,Miami Heat,Chicago Bulls,Chicago Bulls,Miami Heat,96,91,187,5,Chicago Bulls,Miami Heat,Home Win (96-91),96-91,Four 12-minute quarters / 48 min,No,United Center,"Chicago, IL",22183,Chicago Bulls team victory,"Chicago Bulls defeated Miami Heat 96-91 in PLAYOFFS at United Center (Chicago, IL).",SportsDataVerse hoopR / ESPN NBA Hidden API
1218,270421008,2006-2007,2006,Playoffs,PLAYOFFS,2007-04-21,Saturday,23:00,Orlando Magic,Detroit Pistons,Detroit Pistons,Orlando Magic,100,92,192,8,Detroit Pistons,Orlando Magic,Home Win (100-92),100-92,Four 12-minute quarters / 48 min,No,The Palace of Auburn Hills,"Detroit, MI",22076,Detroit Pistons team victory,"Detroit Pistons defeated Orlando Magic 100-92 in PLAYOFFS at The Palace of Auburn Hills (Detroit, MI).",SportsDataVerse hoopR / ESPN NBA Hidden API
1219,270421010,2006-2007,2006,Playoffs,PLAYOFFS,2007-04-21,Saturday,00:30,Utah Jazz,Houston Rockets,Houston Rockets,Utah Jazz,84,75,159,9,Houston Rockets,Utah Jazz,Home Win (84-75),84-75,Four 12-minute quarters / 48 min,No,Toyota Center (Houston),"Houston, TX",18195,Houston Rockets team victory,"Houston Rockets defeated Utah Jazz 84-75 in PLAYOFFS at Toyota Center (Houston) (Houston, TX).",SportsDataVerse hoopR / ESPN NBA Hidden API
1220,270422021,2006-2007,2006,Playoffs,PLAYOFFS,2007-04-22,Sunday,16:00,Los Angeles Lakers,Phoenix Suns,Phoenix Suns,Los Angeles Lakers,95,87,182,8,Phoenix Suns,Los Angeles Lakers,Home Win (95-87),95-87,Four 12-minute quarters / 48 min,No,Footprint Center,"Phoenix, AZ",18422,Phoenix Suns team victory,"Phoenix Suns defeated Los Angeles Lakers 95-87 in PLAYOFFS at Footprint Center (Phoenix, AZ).",SportsDataVerse hoopR / ESPN NBA Hidden API
1221,270422005,2006-2007,2006,Playoffs,PLAYOFFS,2007-04-22,Sunday,16:30,Washington Wizards,Cleveland Cavaliers,Cleveland Cavaliers,Washington Wizards,97,82,179,15,Cleveland Cavaliers,Washington Wizards,Home Win (97-82),97-82,Four 12-minute quarters / 48 min,No,Rocket Mortgage FieldHouse,"Cleveland, OH",20562,Cleveland Cavaliers team victory,"Cleveland Cavaliers defeated Washington Wizards 97-82 in PLAYOFFS at Rocket Mortgage FieldHouse (Cleveland, OH).",SportsDataVerse hoopR / ESPN NBA Hidden API
1222,270422024,2006-2007,2006,Playoffs,PLAYOFFS,2007-04-22,Sunday,22:00,Denver Nuggets,San Antonio Spurs,San Antonio Spurs,Denver Nuggets,89,95,184,6,Denver Nuggets,San Antonio Spurs,Away Win (95-89),89-95,Four 12-minute quarters / 48 min,No,AT&T Center,"San Antonio, TX",18797,Denver Nuggets team victory,"Denver Nuggets defeated San Antonio Spurs 95-89 in PLAYOFFS at AT&T Center (San Antonio, TX).",SportsDataVerse hoopR / ESPN NBA Hidden API
1223,270422006,2006-2007,2006,Playoffs,PLAYOFFS,2007-04-22,Sunday,00:30,Golden State Warriors,Dallas Mavericks,Dallas Mavericks,Golden State Warriors,85,97,182,12,Golden State Warriors,Dallas Mavericks,Away Win (97-85),85-97,Four 12-minute quarters / 48 min,No,American Airlines Center,"Dallas, TX",20732,Golden State Warriors team victory,"Golden State Warriors defeated Dallas Mavericks 97-85 in PLAYOFFS at American Airlines Center (Dallas, TX).",SportsDataVerse hoopR / ESPN NBA Hidden API
1224,270423008,2006-2007,2006,Playoffs,PLAYOFFS,2007-04-23,Monday,23:00,Orlando Magic,Detroit Pistons,Detroit Pistons,Orlando Magic,98,90,188,8,Detroit Pistons,Orlando Magic,Home Win (98-90),98-90,Four 12-minute quarters / 48 min,No,The Palace of Auburn Hills,"Detroit, MI",22076,Detroit Pistons team victory,"Detroit Pistons defeated Orlando Magic 98-90 in PLAYOFFS at The Palace of Auburn Hills (Detroit, MI).",SportsDataVerse hoopR / ESPN NBA Hidden API
1225,270423010,2006-2007,2006,Playoffs,PLAYOFFS,2007-04-23,Monday,00:30,Utah Jazz,Houston Rockets,Houston Rockets,Utah Jazz,98,90,188,8,Houston Rockets,Utah Jazz,Home Win (98-90),98-90,Four 12-minute quarters / 48 min,No,Toyota Center (Houston),"Houston, TX",18206,Houston Rockets team victory,"Houston Rockets defeated Utah Jazz 98-90 in PLAYOFFS at Toyota Center (Houston) (Houston, TX).",SportsDataVerse hoopR / ESPN NBA Hidden API
1226,270424004,2006-2007,2006,Playoffs,PLAYOFFS,2007-04-24,Tuesday,23:00,Miami Heat,Chicago Bulls,Chicago Bulls,Miami Heat,107,89,196,18,Chicago Bulls,Miami Heat,Home Win (107-89),107-89,Four 12-minute quarters / 48 min,No,United Center,"Chicago, IL",23097,Chicago Bulls team victory,"Chicago Bulls defeated Miami Heat 107-89 in PLAYOFFS at United Center (Chicago, IL).",SportsDataVerse hoopR / ESPN NBA Hidden API
1227,270424028,2006-2007,2006,Playoffs,PLAYOFFS,2007-04-24,Tuesday,23:00,New Jersey Nets,Toronto Raptors,Toronto Raptors,New Jersey Nets,89,83,172,6,Toronto Raptors,New Jersey Nets,Home Win (89-83),89-83,Four 12-minute quarters / 48 min,No,Scotiabank Arena,"Toronto, ON",20239,Toronto Raptors team victory,"Toronto Raptors defeated New Jersey Nets 89-83 in PLAYOFFS at Scotiabank Arena (Toronto, ON).",SportsDataVerse hoopR / ESPN NBA Hidden API
1228,270424021,2006-2007,2006,Playoffs,PLAYOFFS,2007-04-24,Tuesday,23:30,Los Angeles Lakers,Phoenix Suns,Phoenix Suns,Los Angeles Lakers,126,98,224,28,Phoenix Suns,Los Angeles Lakers,Home Win (126-98),126-98,Four 12-minute quarters / 48 min,No,Footprint Center,"Phoenix, AZ",18422,Phoenix Suns team victory,"Phoenix Suns defeated Los Angeles Lakers 126-98 in PLAYOFFS at Footprint Center (Phoenix, AZ).",SportsDataVerse hoopR / ESPN NBA Hidden API
1229,270425024,2006-2007,2006,Playoffs,PLAYOFFS,2007-04-25,Wednesday,22:00,Denver Nuggets,San Antonio Spurs,San Antonio Spurs,Denver Nuggets,97,88,185,9,San Antonio Spurs,Denver Nuggets,Home Win (97-88),97-88,Four 12-minute quarters / 48 min,No,AT&T Center,"San Antonio, TX",18797,San Antonio Spurs team victory,"San Antonio Spurs defeated Denver Nuggets 97-88 in PLAYOFFS at AT&T Center (San Antonio, TX).",SportsDataVerse hoopR / ESPN NBA Hidden API
1230,270425005,2006-2007,2006,Playoffs,PLAYOFFS,2007-04-25,Wednesday,00:00,Washington Wizards,Cleveland Cavaliers,Cleveland Cavaliers,Washington Wizards,109,102,211,7,Cleveland Cavaliers,Washington Wizards,Home Win (109-102),109-102,Four 12-minute quarters / 48 min,No,Rocket Mortgage FieldHouse,"Cleveland, OH",20562,Cleveland Cavaliers team victory,"Cleveland Cavaliers defeated Washington Wizards 109-102 in PLAYOFFS at Rocket Mortgage FieldHouse (Cleveland, OH).",SportsDataVerse hoopR / ESPN NBA Hidden API
1231,270425006,2006-2007,2006,Playoffs,PLAYOFFS,2007-04-25,Wednesday,00:30,Golden State Warriors,Dallas Mavericks,Dallas Mavericks,Golden State Warriors,112,99,211,13,Dallas Mavericks,Golden State Warriors,Home Win (112-99),112-99,Four 12-minute quarters / 48 min,No,American Airlines Center,"Dallas, TX",20867,Dallas Mavericks team victory,"Dallas Mavericks defeated Golden State Warriors 112-99 in PLAYOFFS at American Airlines Center (Dallas, TX).",SportsDataVerse hoopR / ESPN NBA Hidden API
1232,270426026,2006-2007,2006,Playoffs,PLAYOFFS,2007-04-26,Thursday,23:00,Houston Rockets,Utah Jazz,Utah Jazz,Houston Rockets,81,67,148,14,Utah Jazz,Houston Rockets,Home Win (81-67),81-67,Four 12-minute quarters / 48 min,No,Vivint Arena,"Salt Lake City, UT",19911,Utah Jazz team victory,"Utah Jazz defeated Houston Rockets 81-67 in PLAYOFFS at Vivint Arena (Salt Lake City, UT).",SportsDataVerse hoopR / ESPN NBA Hidden API
1233,270426013,2006-2007,2006,Playoffs,PLAYOFFS,2007-04-26,Thursday,23:30,Phoenix Suns,Los Angeles Lakers,Los Angeles Lakers,Phoenix Suns,95,89,184,6,Los Angeles Lakers,Phoenix Suns,Home Win (95-89),95-89,Four 12-minute quarters / 48 min,No,crypto.com Arena,"Los Angeles, CA",18997,Los Angeles Lakers team victory,"Los Angeles Lakers defeated Phoenix Suns 95-89 in PLAYOFFS at crypto.com Arena (Los Angeles, CA).",SportsDataVerse hoopR / ESPN NBA Hidden API
1234,270426019,2006-2007,2006,Playoffs,PLAYOFFS,2007-04-26,Thursday,00:00,Detroit Pistons,Orlando Magic,Orlando Magic,Detroit Pistons,77,93,170,16,Detroit Pistons,Orlando Magic,Away Win (93-77),77-93,Four 12-minute quarters / 48 min,No,Amway Arena,"Orlando, FL",17451,Detroit Pistons team victory,"Detroit Pistons defeated Orlando Magic 93-77 in PLAYOFFS at Amway Arena (Orlando, FL).",SportsDataVerse hoopR / ESPN NBA Hidden API
1235,270427017,2006-2007,2006,Playoffs,PLAYOFFS,2007-04-27,Friday,23:00,Toronto Raptors,New Jersey Nets,New Jersey Nets,Toronto Raptors,102,89,191,13,New Jersey Nets,Toronto Raptors,Home Win (102-89),102-89,Four 12-minute quarters / 48 min,No,IZOD Center,"East Rutherford, NJ",17147,New Jersey Nets team victory,"New Jersey Nets defeated Toronto Raptors 102-89 in PLAYOFFS at IZOD Center (East Rutherford, NJ).",SportsDataVerse hoopR / ESPN NBA Hidden API
1236,270427009,2006-2007,2006,Playoffs,PLAYOFFS,2007-04-27,Friday,23:30,Dallas Mavericks,Golden State Warriors,Golden State Warriors,Dallas Mavericks,109,91,200,18,Golden State Warriors,Dallas Mavericks,Home Win (109-91),109-91,Four 12-minute quarters / 48 min,No,ORACLE Arena,"Oakland, CA",20629,Golden State Warriors team victory,"Golden State Warriors defeated Dallas Mavericks 109-91 in PLAYOFFS at ORACLE Arena (Oakland, CA).",SportsDataVerse hoopR / ESPN NBA Hidden API
1237,270427014,2006-2007,2006,Playoffs,PLAYOFFS,2007-04-27,Friday,00:00,Chicago Bulls,Miami Heat,Miami Heat,Chicago Bulls,96,104,200,8,Chicago Bulls,Miami Heat,Away Win (104-96),96-104,Four 12-minute quarters / 48 min,No,Kaseya Center,"Miami, FL",20280,Chicago Bulls team victory,"Chicago Bulls defeated Miami Heat 104-96 in PLAYOFFS at Kaseya Center (Miami, FL).",SportsDataVerse hoopR / ESPN NBA Hidden API
1238,270428019,2006-2007,2006,Playoffs,PLAYOFFS,2007-04-28,Saturday,19:00,Detroit Pistons,Orlando Magic,Orlando Magic,Detroit Pistons,93,97,190,4,Detroit Pistons,Orlando Magic,Away Win (97-93),93-97,Four 12-minute quarters / 48 min,No,Amway Arena,"Orlando, FL",17451,Detroit Pistons team victory,"Detroit Pistons defeated Orlando Magic 97-93 in PLAYOFFS at Amway Arena (Orlando, FL).",SportsDataVerse hoopR / ESPN NBA Hidden API
1239,270428027,2006-2007,2006,Playoffs,PLAYOFFS,2007-04-28,Saturday,21:30,Cleveland Cavaliers,Washington Wizards,Washington Wizards,Cleveland Cavaliers,92,98,190,6,Cleveland Cavaliers,Washington Wizards,Away Win (98-92),92-98,Four 12-minute quarters / 48 min,No,Capital One Arena,"Washington, DC",20173,Cleveland Cavaliers team victory,"Cleveland Cavaliers defeated Washington Wizards 98-92 in PLAYOFFS at Capital One Arena (Washington, DC).",SportsDataVerse hoopR / ESPN NBA Hidden API
1240,270428007,2006-2007,2006,Playoffs,PLAYOFFS,2007-04-28,Saturday,22:00,San Antonio Spurs,Denver Nuggets,Denver Nuggets,San Antonio Spurs,91,96,187,5,San Antonio Spurs,Denver Nuggets,Away Win (96-91),91-96,Four 12-minute quarters / 48 min,No,Ball Arena,"Denver, CO",19951,San Antonio Spurs team victory,"San Antonio Spurs defeated Denver Nuggets 96-91 in PLAYOFFS at Ball Arena (Denver, CO).",SportsDataVerse hoopR / ESPN NBA Hidden API
1241,270428026,2006-2007,2006,Playoffs,PLAYOFFS,2007-04-28,Saturday,00:30,Houston Rockets,Utah Jazz,Utah Jazz,Houston Rockets,98,85,183,13,Utah Jazz,Houston Rockets,Home Win (98-85),98-85,Four 12-minute quarters / 48 min,No,Vivint Arena,"Salt Lake City, UT",19911,Utah Jazz team victory,"Utah Jazz defeated Houston Rockets 98-85 in PLAYOFFS at Vivint Arena (Salt Lake City, UT).",SportsDataVerse hoopR / ESPN NBA Hidden API
1242,270429013,2006-2007,2006,Playoffs,PLAYOFFS,2007-04-29,Sunday,16:30,Phoenix Suns,Los Angeles Lakers,Los Angeles Lakers,Phoenix Suns,100,113,213,13,Phoenix Suns,Los Angeles Lakers,Away Win (113-100),100-113,Four 12-minute quarters / 48 min,No,crypto.com Arena,"Los Angeles, CA",18997,Phoenix Suns team victory,"Phoenix Suns defeated Los Angeles Lakers 113-100 in PLAYOFFS at crypto.com Arena (Los Angeles, CA).",SportsDataVerse hoopR / ESPN NBA Hidden API
1243,270429014,2006-2007,2006,Playoffs,PLAYOFFS,2007-04-29,Sunday,17:00,Chicago Bulls,Miami Heat,Miami Heat,Chicago Bulls,79,92,171,13,Chicago Bulls,Miami Heat,Away Win (92-79),79-92,Four 12-minute quarters / 48 min,No,Kaseya Center,"Miami, FL",20283,Chicago Bulls team victory,"Chicago Bulls defeated Miami Heat 92-79 in PLAYOFFS at Kaseya Center (Miami, FL).",SportsDataVerse hoopR / ESPN NBA Hidden API
1244,270429009,2006-2007,2006,Playoffs,PLAYOFFS,2007-04-29,Sunday,23:00,Dallas Mavericks,Golden State Warriors,Golden State Warriors,Dallas Mavericks,103,99,202,4,Golden State Warriors,Dallas Mavericks,Home Win (103-99),103-99,Four 12-minute quarters / 48 min,No,ORACLE Arena,"Oakland, CA",20672,Golden State Warriors team victory,"Golden State Warriors defeated Dallas Mavericks 103-99 in PLAYOFFS at ORACLE Arena (Oakland, CA).",SportsDataVerse hoopR / ESPN NBA Hidden API
1245,270429017,2006-2007,2006,Playoffs,PLAYOFFS,2007-04-29,Sunday,23:30,Toronto Raptors,New Jersey Nets,New Jersey Nets,Toronto Raptors,102,81,183,21,New Jersey Nets,Toronto Raptors,Home Win (102-81),102-81,Four 12-minute quarters / 48 min,No,IZOD Center,"East Rutherford, NJ",20032,New Jersey Nets team victory,"New Jersey Nets defeated Toronto Raptors 102-81 in PLAYOFFS at IZOD Center (East Rutherford, NJ).",SportsDataVerse hoopR / ESPN NBA Hidden API
1246,270430010,2006-2007,2006,Playoffs,PLAYOFFS,2007-04-30,Monday,23:00,Utah Jazz,Houston Rockets,Houston Rockets,Utah Jazz,96,92,188,4,Houston Rockets,Utah Jazz,Home Win (96-92),96-92,Four 12-minute quarters / 48 min,No,Toyota Center (Houston),"Houston, TX",18314,Houston Rockets team victory,"Houston Rockets defeated Utah Jazz 96-92 in PLAYOFFS at Toyota Center (Houston) (Houston, TX).",SportsDataVerse hoopR / ESPN NBA Hidden API
1247,270430027,2006-2007,2006,Playoffs,PLAYOFFS,2007-04-30,Monday,23:00,Cleveland Cavaliers,Washington Wizards,Washington Wizards,Cleveland Cavaliers,90,97,187,7,Cleveland Cavaliers,Washington Wizards,Away Win (97-90),90-97,Four 12-minute quarters / 48 min,No,Capital One Arena,"Washington, DC",20173,Cleveland Cavaliers team victory,"Cleveland Cavaliers defeated Washington Wizards 97-90 in PLAYOFFS at Capital One Arena (Washington, DC).",SportsDataVerse hoopR / ESPN NBA Hidden API
1248,270430007,2006-2007,2006,Playoffs,PLAYOFFS,2007-04-30,Monday,00:30,San Antonio Spurs,Denver Nuggets,Denver Nuggets,San Antonio Spurs,89,96,185,7,San Antonio Spurs,Denver Nuggets,Away Win (96-89),89-96,Four 12-minute quarters / 48 min,No,Ball Arena,"Denver, CO",19644,San Antonio Spurs team victory,"San Antonio Spurs defeated Denver Nuggets 96-89 in PLAYOFFS at Ball Arena (Denver, CO).",SportsDataVerse hoopR / ESPN NBA Hidden API
1249,270501028,2006-2007,2006,Playoffs,PLAYOFFS,2007-05-01,Tuesday,23:00,New Jersey Nets,Toronto Raptors,Toronto Raptors,New Jersey Nets,98,96,194,2,Toronto Raptors,New Jersey Nets,Home Win (98-96),98-96,Four 12-minute quarters / 48 min,No,Scotiabank Arena,"Toronto, ON",20511,Toronto Raptors team victory,"Toronto Raptors defeated New Jersey Nets 98-96 in PLAYOFFS at Scotiabank Arena (Toronto, ON).",SportsDataVerse hoopR / ESPN NBA Hidden API
1250,270501006,2006-2007,2006,Playoffs,PLAYOFFS,2007-05-01,Tuesday,00:30,Golden State Warriors,Dallas Mavericks,Dallas Mavericks,Golden State Warriors,118,112,230,6,Dallas Mavericks,Golden State Warriors,Home Win (118-112),118-112,Four 12-minute quarters / 48 min,No,American Airlines Center,"Dallas, TX",21041,Dallas Mavericks team victory,"Dallas Mavericks defeated Golden State Warriors 118-112 in PLAYOFFS at American Airlines Center (Dallas, TX).",SportsDataVerse hoopR / ESPN NBA Hidden API
1251,270502024,2006-2007,2006,Playoffs,PLAYOFFS,2007-05-02,Wednesday,23:00,Denver Nuggets,San Antonio Spurs,San Antonio Spurs,Denver Nuggets,93,78,171,15,San Antonio Spurs,Denver Nuggets,Home Win (93-78),93-78,Four 12-minute quarters / 48 min,No,AT&T Center,"San Antonio, TX",18797,San Antonio Spurs team victory,"San Antonio Spurs defeated Denver Nuggets 93-78 in PLAYOFFS at AT&T Center (San Antonio, TX).",SportsDataVerse hoopR / ESPN NBA Hidden API
1252,270502021,2006-2007,2006,Playoffs,PLAYOFFS,2007-05-02,Wednesday,23:30,Los Angeles Lakers,Phoenix Suns,Phoenix Suns,Los Angeles Lakers,119,110,229,9,Phoenix Suns,Los Angeles Lakers,Home Win (119-110),119-110,Four 12-minute quarters / 48 min,No,Footprint Center,"Phoenix, AZ",18422,Phoenix Suns team victory,"Phoenix Suns defeated Los Angeles Lakers 119-110 in PLAYOFFS at Footprint Center (Phoenix, AZ).",SportsDataVerse hoopR / ESPN NBA Hidden API
1253,270503026,2006-2007,2006,Playoffs,PLAYOFFS,2007-05-03,Thursday,22:00,Houston Rockets,Utah Jazz,Utah Jazz,Houston Rockets,94,82,176,12,Utah Jazz,Houston Rockets,Home Win (94-82),94-82,Four 12-minute quarters / 48 min,No,Vivint Arena,"Salt Lake City, UT",19911,Utah Jazz team victory,"Utah Jazz defeated Houston Rockets 94-82 in PLAYOFFS at Vivint Arena (Salt Lake City, UT).",SportsDataVerse hoopR / ESPN NBA Hidden API
1254,270503009,2006-2007,2006,Playoffs,PLAYOFFS,2007-05-03,Thursday,23:30,Dallas Mavericks,Golden State Warriors,Golden State Warriors,Dallas Mavericks,111,86,197,25,Golden State Warriors,Dallas Mavericks,Home Win (111-86),111-86,Four 12-minute quarters / 48 min,No,ORACLE Arena,"Oakland, CA",20677,Golden State Warriors team victory,"Golden State Warriors defeated Dallas Mavericks 111-86 in PLAYOFFS at ORACLE Arena (Oakland, CA).",SportsDataVerse hoopR / ESPN NBA Hidden API
1255,270504017,2006-2007,2006,Playoffs,PLAYOFFS,2007-05-04,Friday,00:00,Toronto Raptors,New Jersey Nets,New Jersey Nets,Toronto Raptors,98,97,195,1,New Jersey Nets,Toronto Raptors,Home Win (98-97),98-97,Four 12-minute quarters / 48 min,No,IZOD Center,"East Rutherford, NJ",17242,New Jersey Nets team victory,"New Jersey Nets defeated Toronto Raptors 98-97 in PLAYOFFS at IZOD Center (East Rutherford, NJ).",SportsDataVerse hoopR / ESPN NBA Hidden API
1256,270505008,2006-2007,2006,Playoffs,PLAYOFFS,2007-05-05,Saturday,23:00,Chicago Bulls,Detroit Pistons,Detroit Pistons,Chicago Bulls,95,69,164,26,Detroit Pistons,Chicago Bulls,Home Win (95-69),95-69,Four 12-minute quarters / 48 min,No,The Palace of Auburn Hills,"Detroit, MI",22076,Detroit Pistons team victory,"Detroit Pistons defeated Chicago Bulls 95-69 in PLAYOFFS at The Palace of Auburn Hills (Detroit, MI).",SportsDataVerse hoopR / ESPN NBA Hidden API
1257,270505010,2006-2007,2006,Playoffs,PLAYOFFS,2007-05-05,Saturday,00:30,Utah Jazz,Houston Rockets,Houston Rockets,Utah Jazz,99,103,202,4,Utah Jazz,Houston Rockets,Away Win (103-99),99-103,Four 12-minute quarters / 48 min,No,Toyota Center (Houston),"Houston, TX",18307,Utah Jazz team victory,"Utah Jazz defeated Houston Rockets 103-99 in PLAYOFFS at Toyota Center (Houston) (Houston, TX).",SportsDataVerse hoopR / ESPN NBA Hidden API
1258,270506021,2006-2007,2006,Playoffs,PLAYOFFS,2007-05-06,Sunday,16:30,San Antonio Spurs,Phoenix Suns,Phoenix Suns,San Antonio Spurs,106,111,217,5,San Antonio Spurs,Phoenix Suns,Away Win (111-106),106-111,Four 12-minute quarters / 48 min,No,Footprint Center,"Phoenix, AZ",18422,San Antonio Spurs team victory,"San Antonio Spurs defeated Phoenix Suns 111-106 in PLAYOFFS at Footprint Center (Phoenix, AZ).",SportsDataVerse hoopR / ESPN NBA Hidden API
1259,270506005,2006-2007,2006,Playoffs,PLAYOFFS,2007-05-06,Sunday,17:00,New Jersey Nets,Cleveland Cavaliers,Cleveland Cavaliers,New Jersey Nets,81,77,158,4,Cleveland Cavaliers,New Jersey Nets,Home Win (81-77),81-77,Four 12-minute quarters / 48 min,No,Rocket Mortgage FieldHouse,"Cleveland, OH",20562,Cleveland Cavaliers team victory,"Cleveland Cavaliers defeated New Jersey Nets 81-77 in PLAYOFFS at Rocket Mortgage FieldHouse (Cleveland, OH).",SportsDataVerse hoopR / ESPN NBA Hidden API
1260,270507008,2006-2007,2006,Playoffs,PLAYOFFS,2007-05-07,Monday,00:00,Chicago Bulls,Detroit Pistons,Detroit Pistons,Chicago Bulls,108,87,195,21,Detroit Pistons,Chicago Bulls,Home Win (108-87),108-87,Four 12-minute quarters / 48 min,No,The Palace of Auburn Hills,"Detroit, MI",22076,Detroit Pistons team victory,"Detroit Pistons defeated Chicago Bulls 108-87 in PLAYOFFS at The Palace of Auburn Hills (Detroit, MI).",SportsDataVerse hoopR / ESPN NBA Hidden API
1261,270507026,2006-2007,2006,Playoffs,PLAYOFFS,2007-05-07,Monday,00:30,Golden State Warriors,Utah Jazz,Utah Jazz,Golden State Warriors,116,112,228,4,Utah Jazz,Golden State Warriors,Home Win (116-112),116-112,Four 12-minute quarters / 48 min,No,Vivint Arena,"Salt Lake City, UT",19911,Utah Jazz team victory,"Utah Jazz defeated Golden State Warriors 116-112 in PLAYOFFS at Vivint Arena (Salt Lake City, UT).",SportsDataVerse hoopR / ESPN NBA Hidden API
1262,270508021,2006-2007,2006,Playoffs,PLAYOFFS,2007-05-08,Tuesday,23:30,San Antonio Spurs,Phoenix Suns,Phoenix Suns,San Antonio Spurs,101,81,182,20,Phoenix Suns,San Antonio Spurs,Home Win (101-81),101-81,Four 12-minute quarters / 48 min,No,Footprint Center,"Phoenix, AZ",18422,Phoenix Suns team victory,"Phoenix Suns defeated San Antonio Spurs 101-81 in PLAYOFFS at Footprint Center (Phoenix, AZ).",SportsDataVerse hoopR / ESPN NBA Hidden API
1263,270508005,2006-2007,2006,Playoffs,PLAYOFFS,2007-05-08,Tuesday,00:00,New Jersey Nets,Cleveland Cavaliers,Cleveland Cavaliers,New Jersey Nets,102,92,194,10,Cleveland Cavaliers,New Jersey Nets,Home Win (102-92),102-92,Four 12-minute quarters / 48 min,No,Rocket Mortgage FieldHouse,"Cleveland, OH",20562,Cleveland Cavaliers team victory,"Cleveland Cavaliers defeated New Jersey Nets 102-92 in PLAYOFFS at Rocket Mortgage FieldHouse (Cleveland, OH).",SportsDataVerse hoopR / ESPN NBA Hidden API
1264,270509026,2006-2007,2006,Playoffs,PLAYOFFS,2007-05-09,Wednesday,23:00,Golden State Warriors,Utah Jazz,Utah Jazz,Golden State Warriors,127,117,244,10,Utah Jazz,Golden State Warriors,Home Win (127-117),127-117,Four 12-minute quarters / 48 min,Yes,Vivint Arena,"Salt Lake City, UT",19911,Utah Jazz team victory (OT),"Utah Jazz edged Golden State Warriors 127-117 in overtime at Vivint Arena (Salt Lake City, UT).",SportsDataVerse hoopR / ESPN NBA Hidden API
1265,270510004,2006-2007,2006,Playoffs,PLAYOFFS,2007-05-10,Thursday,00:00,Detroit Pistons,Chicago Bulls,Chicago Bulls,Detroit Pistons,74,81,155,7,Detroit Pistons,Chicago Bulls,Away Win (81-74),74-81,Four 12-minute quarters / 48 min,No,United Center,"Chicago, IL",23462,Detroit Pistons team victory,"Detroit Pistons defeated Chicago Bulls 81-74 in PLAYOFFS at United Center (Chicago, IL).",SportsDataVerse hoopR / ESPN NBA Hidden API
1266,270511009,2006-2007,2006,Playoffs,PLAYOFFS,2007-05-11,Friday,22:00,Utah Jazz,Golden State Warriors,Golden State Warriors,Utah Jazz,125,105,230,20,Golden State Warriors,Utah Jazz,Home Win (125-105),125-105,Four 12-minute quarters / 48 min,No,ORACLE Arena,"Oakland, CA",20655,Golden State Warriors team victory,"Golden State Warriors defeated Utah Jazz 125-105 in PLAYOFFS at ORACLE Arena (Oakland, CA).",SportsDataVerse hoopR / ESPN NBA Hidden API
1267,270512017,2006-2007,2006,Playoffs,PLAYOFFS,2007-05-12,Saturday,21:00,Cleveland Cavaliers,New Jersey Nets,New Jersey Nets,Cleveland Cavaliers,96,85,181,11,New Jersey Nets,Cleveland Cavaliers,Home Win (96-85),96-85,Four 12-minute quarters / 48 min,No,IZOD Center,"East Rutherford, NJ",20032,New Jersey Nets team victory,"New Jersey Nets defeated Cleveland Cavaliers 96-85 in PLAYOFFS at IZOD Center (East Rutherford, NJ).",SportsDataVerse hoopR / ESPN NBA Hidden API
1268,270512024,2006-2007,2006,Playoffs,PLAYOFFS,2007-05-12,Saturday,23:00,Phoenix Suns,San Antonio Spurs,San Antonio Spurs,Phoenix Suns,108,101,209,7,San Antonio Spurs,Phoenix Suns,Home Win (108-101),108-101,Four 12-minute quarters / 48 min,No,AT&T Center,"San Antonio, TX",18797,San Antonio Spurs team victory,"San Antonio Spurs defeated Phoenix Suns 108-101 in PLAYOFFS at AT&T Center (San Antonio, TX).",SportsDataVerse hoopR / ESPN NBA Hidden API
1269,270513004,2006-2007,2006,Playoffs,PLAYOFFS,2007-05-13,Sunday,18:30,Detroit Pistons,Chicago Bulls,Chicago Bulls,Detroit Pistons,102,87,189,15,Chicago Bulls,Detroit Pistons,Home Win (102-87),102-87,Four 12-minute quarters / 48 min,No,United Center,"Chicago, IL",23099,Chicago Bulls team victory,"Chicago Bulls defeated Detroit Pistons 102-87 in PLAYOFFS at United Center (Chicago, IL).",SportsDataVerse hoopR / ESPN NBA Hidden API
1270,270513009,2006-2007,2006,Playoffs,PLAYOFFS,2007-05-13,Sunday,22:00,Utah Jazz,Golden State Warriors,Golden State Warriors,Utah Jazz,101,115,216,14,Utah Jazz,Golden State Warriors,Away Win (115-101),101-115,Four 12-minute quarters / 48 min,No,ORACLE Arena,"Oakland, CA",20679,Utah Jazz team victory,"Utah Jazz defeated Golden State Warriors 115-101 in PLAYOFFS at ORACLE Arena (Oakland, CA).",SportsDataVerse hoopR / ESPN NBA Hidden API
1271,270514017,2006-2007,2006,Playoffs,PLAYOFFS,2007-05-14,Monday,23:00,Cleveland Cavaliers,New Jersey Nets,New Jersey Nets,Cleveland Cavaliers,85,87,172,2,Cleveland Cavaliers,New Jersey Nets,Away Win (87-85),85-87,Four 12-minute quarters / 48 min,No,IZOD Center,"East Rutherford, NJ",20032,Cleveland Cavaliers team victory,"Cleveland Cavaliers defeated New Jersey Nets 87-85 in PLAYOFFS at IZOD Center (East Rutherford, NJ).",SportsDataVerse hoopR / ESPN NBA Hidden API
1272,270514024,2006-2007,2006,Playoffs,PLAYOFFS,2007-05-14,Monday,00:30,Phoenix Suns,San Antonio Spurs,San Antonio Spurs,Phoenix Suns,98,104,202,6,Phoenix Suns,San Antonio Spurs,Away Win (104-98),98-104,Four 12-minute quarters / 48 min,No,AT&T Center,"San Antonio, TX",18797,Phoenix Suns team victory,"Phoenix Suns defeated San Antonio Spurs 104-98 in PLAYOFFS at AT&T Center (San Antonio, TX).",SportsDataVerse hoopR / ESPN NBA Hidden API
1273,270515008,2006-2007,2006,Playoffs,PLAYOFFS,2007-05-15,Tuesday,00:00,Chicago Bulls,Detroit Pistons,Detroit Pistons,Chicago Bulls,92,108,200,16,Chicago Bulls,Detroit Pistons,Away Win (108-92),92-108,Four 12-minute quarters / 48 min,No,The Palace of Auburn Hills,"Detroit, MI",22076,Chicago Bulls team victory,"Chicago Bulls defeated Detroit Pistons 108-92 in PLAYOFFS at The Palace of Auburn Hills (Detroit, MI).",SportsDataVerse hoopR / ESPN NBA Hidden API
1274,270515026,2006-2007,2006,Playoffs,PLAYOFFS,2007-05-15,Tuesday,00:30,Golden State Warriors,Utah Jazz,Utah Jazz,Golden State Warriors,100,87,187,13,Utah Jazz,Golden State Warriors,Home Win (100-87),100-87,Four 12-minute quarters / 48 min,No,Vivint Arena,"Salt Lake City, UT",19911,Utah Jazz team victory,"Utah Jazz defeated Golden State Warriors 100-87 in PLAYOFFS at Vivint Arena (Salt Lake City, UT).",SportsDataVerse hoopR / ESPN NBA Hidden API
1275,270516021,2006-2007,2006,Playoffs,PLAYOFFS,2007-05-16,Wednesday,23:30,San Antonio Spurs,Phoenix Suns,Phoenix Suns,San Antonio Spurs,85,88,173,3,San Antonio Spurs,Phoenix Suns,Away Win (88-85),85-88,Four 12-minute quarters / 48 min,No,Footprint Center,"Phoenix, AZ",18422,San Antonio Spurs team victory,"San Antonio Spurs defeated Phoenix Suns 88-85 in PLAYOFFS at Footprint Center (Phoenix, AZ).",SportsDataVerse hoopR / ESPN NBA Hidden API
1276,270516005,2006-2007,2006,Playoffs,PLAYOFFS,2007-05-16,Wednesday,00:00,New Jersey Nets,Cleveland Cavaliers,Cleveland Cavaliers,New Jersey Nets,72,83,155,11,New Jersey Nets,Cleveland Cavaliers,Away Win (83-72),72-83,Four 12-minute quarters / 48 min,No,Rocket Mortgage FieldHouse,"Cleveland, OH",20562,New Jersey Nets team victory,"New Jersey Nets defeated Cleveland Cavaliers 83-72 in PLAYOFFS at Rocket Mortgage FieldHouse (Cleveland, OH).",SportsDataVerse hoopR / ESPN NBA Hidden API
1277,270517004,2006-2007,2006,Playoffs,PLAYOFFS,2007-05-17,Thursday,23:00,Detroit Pistons,Chicago Bulls,Chicago Bulls,Detroit Pistons,85,95,180,10,Detroit Pistons,Chicago Bulls,Away Win (95-85),85-95,Four 12-minute quarters / 48 min,No,United Center,"Chicago, IL",23030,Detroit Pistons team victory,"Detroit Pistons defeated Chicago Bulls 95-85 in PLAYOFFS at United Center (Chicago, IL).",SportsDataVerse hoopR / ESPN NBA Hidden API
1278,270518017,2006-2007,2006,Playoffs,PLAYOFFS,2007-05-18,Friday,23:00,Cleveland Cavaliers,New Jersey Nets,New Jersey Nets,Cleveland Cavaliers,72,88,160,16,Cleveland Cavaliers,New Jersey Nets,Away Win (88-72),72-88,Four 12-minute quarters / 48 min,No,IZOD Center,"East Rutherford, NJ",20032,Cleveland Cavaliers team victory,"Cleveland Cavaliers defeated New Jersey Nets 88-72 in PLAYOFFS at IZOD Center (East Rutherford, NJ).",SportsDataVerse hoopR / ESPN NBA Hidden API
1279,270518024,2006-2007,2006,Playoffs,PLAYOFFS,2007-05-18,Friday,00:30,Phoenix Suns,San Antonio Spurs,San Antonio Spurs,Phoenix Suns,114,106,220,8,San Antonio Spurs,Phoenix Suns,Home Win (114-106),114-106,Four 12-minute quarters / 48 min,No,AT&T Center,"San Antonio, TX",18797,San Antonio Spurs team victory,"San Antonio Spurs defeated Phoenix Suns 114-106 in PLAYOFFS at AT&T Center (San Antonio, TX).",SportsDataVerse hoopR / ESPN NBA Hidden API
1280,270520024,2006-2007,2006,Playoffs,PLAYOFFS,2007-05-20,Sunday,18:30,Utah Jazz,San Antonio Spurs,San Antonio Spurs,Utah Jazz,108,100,208,8,San Antonio Spurs,Utah Jazz,Home Win (108-100),108-100,Four 12-minute quarters / 48 min,No,AT&T Center,"San Antonio, TX",18300,San Antonio Spurs team victory,"San Antonio Spurs defeated Utah Jazz 108-100 in PLAYOFFS at AT&T Center (San Antonio, TX).",SportsDataVerse hoopR / ESPN NBA Hidden API
1281,270521008,2006-2007,2006,Playoffs,PLAYOFFS,2007-05-21,Monday,00:00,Cleveland Cavaliers,Detroit Pistons,Detroit Pistons,Cleveland Cavaliers,79,76,155,3,Detroit Pistons,Cleveland Cavaliers,Home Win (79-76),79-76,Four 12-minute quarters / 48 min,No,The Palace of Auburn Hills,"Detroit, MI",22076,Detroit Pistons team victory,"Detroit Pistons defeated Cleveland Cavaliers 79-76 in PLAYOFFS at The Palace of Auburn Hills (Detroit, MI).",SportsDataVerse hoopR / ESPN NBA Hidden API
1282,270522024,2006-2007,2006,Playoffs,PLAYOFFS,2007-05-22,Tuesday,00:00,Utah Jazz,San Antonio Spurs,San Antonio Spurs,Utah Jazz,105,96,201,9,San Antonio Spurs,Utah Jazz,Home Win (105-96),105-96,Four 12-minute quarters / 48 min,No,AT&T Center,"San Antonio, TX",18797,San Antonio Spurs team victory,"San Antonio Spurs defeated Utah Jazz 105-96 in PLAYOFFS at AT&T Center (San Antonio, TX).",SportsDataVerse hoopR / ESPN NBA Hidden API
1283,270524008,2006-2007,2006,Playoffs,PLAYOFFS,2007-05-24,Thursday,00:00,Cleveland Cavaliers,Detroit Pistons,Detroit Pistons,Cleveland Cavaliers,79,76,155,3,Detroit Pistons,Cleveland Cavaliers,Home Win (79-76),79-76,Four 12-minute quarters / 48 min,No,The Palace of Auburn Hills,"Detroit, MI",22076,Detroit Pistons team victory,"Detroit Pistons defeated Cleveland Cavaliers 79-76 in PLAYOFFS at The Palace of Auburn Hills (Detroit, MI).",SportsDataVerse hoopR / ESPN NBA Hidden API
1284,270526026,2006-2007,2006,Playoffs,PLAYOFFS,2007-05-26,Saturday,22:30,San Antonio Spurs,Utah Jazz,Utah Jazz,San Antonio Spurs,109,83,192,26,Utah Jazz,San Antonio Spurs,Home Win (109-83),109-83,Four 12-minute quarters / 48 min,No,Vivint Arena,"Salt Lake City, UT",19911,Utah Jazz team victory,"Utah Jazz defeated San Antonio Spurs 109-83 in PLAYOFFS at Vivint Arena (Salt Lake City, UT).",SportsDataVerse hoopR / ESPN NBA Hidden API
1285,270527005,2006-2007,2006,Playoffs,PLAYOFFS,2007-05-27,Sunday,00:30,Detroit Pistons,Cleveland Cavaliers,Cleveland Cavaliers,Detroit Pistons,88,82,170,6,Cleveland Cavaliers,Detroit Pistons,Home Win (88-82),88-82,Four 12-minute quarters / 48 min,No,Rocket Mortgage FieldHouse,"Cleveland, OH",20562,Cleveland Cavaliers team victory,"Cleveland Cavaliers defeated Detroit Pistons 88-82 in PLAYOFFS at Rocket Mortgage FieldHouse (Cleveland, OH).",SportsDataVerse hoopR / ESPN NBA Hidden API
1286,270528026,2006-2007,2006,Playoffs,PLAYOFFS,2007-05-28,Monday,23:00,San Antonio Spurs,Utah Jazz,Utah Jazz,San Antonio Spurs,79,91,170,12,San Antonio Spurs,Utah Jazz,Away Win (91-79),79-91,Four 12-minute quarters / 48 min,No,Vivint Arena,"Salt Lake City, UT",19911,San Antonio Spurs team victory,"San Antonio Spurs defeated Utah Jazz 91-79 in PLAYOFFS at Vivint Arena (Salt Lake City, UT).",SportsDataVerse hoopR / ESPN NBA Hidden API
1287,270529005,2006-2007,2006,Playoffs,PLAYOFFS,2007-05-29,Tuesday,00:00,Detroit Pistons,Cleveland Cavaliers,Cleveland Cavaliers,Detroit Pistons,91,87,178,4,Cleveland Cavaliers,Detroit Pistons,Home Win (91-87),91-87,Four 12-minute quarters / 48 min,No,Rocket Mortgage FieldHouse,"Cleveland, OH",20562,Cleveland Cavaliers team victory,"Cleveland Cavaliers defeated Detroit Pistons 91-87 in PLAYOFFS at Rocket Mortgage FieldHouse (Cleveland, OH).",SportsDataVerse hoopR / ESPN NBA Hidden API
1288,270530024,2006-2007,2006,Playoffs,PLAYOFFS,2007-05-30,Wednesday,00:00,Utah Jazz,San Antonio Spurs,San Antonio Spurs,Utah Jazz,109,84,193,25,San Antonio Spurs,Utah Jazz,Home Win (109-84),109-84,Four 12-minute quarters / 48 min,No,AT&T Center,"San Antonio, TX",18797,San Antonio Spurs team victory,"San Antonio Spurs defeated Utah Jazz 109-84 in PLAYOFFS at AT&T Center (San Antonio, TX).",SportsDataVerse hoopR / ESPN NBA Hidden API
1289,270531008,2006-2007,2006,Playoffs,PLAYOFFS,2007-05-31,Thursday,00:00,Cleveland Cavaliers,Detroit Pistons,Detroit Pistons,Cleveland Cavaliers,107,109,216,2,Cleveland Cavaliers,Detroit Pistons,Away Win (109-107),107-109,Four 12-minute quarters / 48 min,Yes,The Palace of Auburn Hills,"Detroit, MI",22076,Cleveland Cavaliers team victory (OT),"Cleveland Cavaliers edged Detroit Pistons 109-107 in overtime at The Palace of Auburn Hills (Detroit, MI).",SportsDataVerse hoopR / ESPN NBA Hidden API
1290,270602005,2006-2007,2006,Playoffs,PLAYOFFS,2007-06-02,Saturday,00:30,Detroit Pistons,Cleveland Cavaliers,Cleveland Cavaliers,Detroit Pistons,98,82,180,16,Cleveland Cavaliers,Detroit Pistons,Home Win (98-82),98-82,Four 12-minute quarters / 48 min,No,Rocket Mortgage FieldHouse,"Cleveland, OH",20562,Cleveland Cavaliers team victory,"Cleveland Cavaliers defeated Detroit Pistons 98-82 in PLAYOFFS at Rocket Mortgage FieldHouse (Cleveland, OH).",SportsDataVerse hoopR / ESPN NBA Hidden API
1291,270607024,2006-2007,2006,Finals,FINALS,2007-06-07,Thursday,00:00,Cleveland Cavaliers,San Antonio Spurs,San Antonio Spurs,Cleveland Cavaliers,85,76,161,9,San Antonio Spurs,Cleveland Cavaliers,Home Win (85-76),85-76,Four 12-minute quarters / 48 min,No,AT&T Center,"San Antonio, TX",18797,San Antonio Spurs team victory,"San Antonio Spurs defeated Cleveland Cavaliers 85-76 in FINALS at AT&T Center (San Antonio, TX).",SportsDataVerse hoopR / ESPN NBA Hidden API
1292,270610024,2006-2007,2006,Finals,FINALS,2007-06-10,Sunday,00:00,Cleveland Cavaliers,San Antonio Spurs,San Antonio Spurs,Cleveland Cavaliers,103,92,195,11,San Antonio Spurs,Cleveland Cavaliers,Home Win (103-92),103-92,Four 12-minute quarters / 48 min,No,AT&T Center,"San Antonio, TX",18797,San Antonio Spurs team victory,"San Antonio Spurs defeated Cleveland Cavaliers 103-92 in FINALS at AT&T Center (San Antonio, TX).",SportsDataVerse hoopR / ESPN NBA Hidden API
1293,270612005,2006-2007,2006,Finals,FINALS,2007-06-12,Tuesday,01:00,San Antonio Spurs,Cleveland Cavaliers,Cleveland Cavaliers,San Antonio Spurs,72,75,147,3,San Antonio Spurs,Cleveland Cavaliers,Away Win (75-72),72-75,Four 12-minute quarters / 48 min,No,Rocket Mortgage FieldHouse,"Cleveland, OH",20562,San Antonio Spurs team victory,"San Antonio Spurs defeated Cleveland Cavaliers 75-72 in FINALS at Rocket Mortgage FieldHouse (Cleveland, OH).",SportsDataVerse hoopR / ESPN NBA Hidden API
1294,270614005,2006-2007,2006,Finals,FINALS,2007-06-14,Thursday,01:00,San Antonio Spurs,Cleveland Cavaliers,Cleveland Cavaliers,San Antonio Spurs,82,83,165,1,San Antonio Spurs,Cleveland Cavaliers,Away Win (83-82),82-83,Four 12-minute quarters / 48 min,No,Rocket Mortgage FieldHouse,"Cleveland, OH",20562,San Antonio Spurs team victory,"San Antonio Spurs defeated Cleveland Cavaliers 83-82 in FINALS at Rocket Mortgage FieldHouse (Cleveland, OH).",SportsDataVerse hoopR / ESPN NBA Hidden API
