Game Number,Game ID,Season,Season Year,"Game Type (Pre-Season, Regular Season, Play-In, Playoffs, Conference Finals, Finals, Not applicable)",Round / Stage,Date,Day of Week,Start Time,Team A,Team B,Home,Away,Home Score,Away Score,Total Points,Winning Margin,Winning Team,Losing Team,Result,Game Score,Period Format,Overtime,Venue,City,Attendance,Notable Players,A Succint one line game comment to summarise that game,Primary Data Source
1,400539461,2014,2014,Regular Season,Regular Season,2014-05-16,Friday,23:00,New York Liberty,Connecticut Sun,Connecticut Sun,New York Liberty,54,75,129,21,New York Liberty,Connecticut Sun,Away Win (75-54),54-75,Four 10-minute quarters,No,Mohegan Sun Arena,"Uncasville, CT",6039,New York Liberty team victory,"New York Liberty defeated Connecticut Sun 75-54 in Regular Season at Mohegan Sun Arena (Uncasville, CT).",SportsDataVerse wehoop / ESPN WNBA Hidden API
2,400539462,2014,2014,Regular Season,Regular Season,2014-05-16,Friday,23:00,Minnesota Lynx,Washington Mystics,Washington Mystics,Minnesota Lynx,77,89,166,12,Minnesota Lynx,Washington Mystics,Away Win (89-77),77-89,Four 10-minute quarters,No,Capital One Arena,"Washington, DC",7395,Minnesota Lynx team victory,"Minnesota Lynx defeated Washington Mystics 89-77 in Regular Season at Capital One Arena (Washington, DC).",SportsDataVerse wehoop / ESPN WNBA Hidden API
3,400539463,2014,2014,Regular Season,Regular Season,2014-05-16,Friday,23:30,San Antonio Stars,Atlanta Dream,Atlanta Dream,San Antonio Stars,79,75,154,4,Atlanta Dream,San Antonio Stars,Home Win (79-75),79-75,Four 10-minute quarters,No,State Farm Arena,"Atlanta, GA",4575,Atlanta Dream team victory,"Atlanta Dream defeated San Antonio Stars 79-75 in Regular Season at State Farm Arena (Atlanta, GA).",SportsDataVerse wehoop / ESPN WNBA Hidden API
4,400539464,2014,2014,Regular Season,Regular Season,2014-05-16,Friday,00:30,Indiana Fever,Chicago Sky,Chicago Sky,Indiana Fever,74,71,145,3,Chicago Sky,Indiana Fever,Home Win (74-71),74-71,Four 10-minute quarters,No,Allstate Arena,"Glenview, IL",6721,Chicago Sky team victory,"Chicago Sky defeated Indiana Fever 74-71 in Regular Season at Allstate Arena (Glenview, IL).",SportsDataVerse wehoop / ESPN WNBA Hidden API
5,400539465,2014,2014,Regular Season,Regular Season,2014-05-16,Friday,02:00,Los Angeles Sparks,Seattle Storm,Seattle Storm,Los Angeles Sparks,69,80,149,11,Los Angeles Sparks,Seattle Storm,Away Win (80-69),69-80,Four 10-minute quarters,No,KeyArena,"Seattle, WA",8749,Los Angeles Sparks team victory,"Los Angeles Sparks defeated Seattle Storm 80-69 in Regular Season at KeyArena (Seattle, WA).",SportsDataVerse wehoop / ESPN WNBA Hidden API
6,400539466,2014,2014,Regular Season,Regular Season,2014-05-17,Saturday,23:00,Atlanta Dream,Indiana Fever,Indiana Fever,Atlanta Dream,88,90,178,2,Atlanta Dream,Indiana Fever,Away Win (90-88),88-90,Four 10-minute quarters,Yes,Gainbridge Fieldhouse,"Indianapolis, IN",8275,Atlanta Dream team victory (OT),"Atlanta Dream edged Indiana Fever 90-88 in overtime at Gainbridge Fieldhouse (Indianapolis, IN).",SportsDataVerse wehoop / ESPN WNBA Hidden API
7,400539467,2014,2014,Regular Season,Regular Season,2014-05-17,Saturday,00:00,Chicago Sky,New York Liberty,New York Liberty,Chicago Sky,65,79,144,14,Chicago Sky,New York Liberty,Away Win (79-65),65-79,Four 10-minute quarters,No,Madison Square Garden,"New York, NY",9131,Chicago Sky team victory,"Chicago Sky defeated New York Liberty 79-65 in Regular Season at Madison Square Garden (New York, NY).",SportsDataVerse wehoop / ESPN WNBA Hidden API
8,400539468,2014,2014,Regular Season,Regular Season,2014-05-17,Saturday,00:00,Tulsa Shock,San Antonio Stars,San Antonio Stars,Tulsa Shock,80,76,156,4,San Antonio Stars,Tulsa Shock,Home Win (80-76),80-76,Four 10-minute quarters,No,AT&T Center,"San Antonio, TX",7665,San Antonio Stars team victory,"San Antonio Stars defeated Tulsa Shock 80-76 in Regular Season at AT&T Center (San Antonio, TX).",SportsDataVerse wehoop / ESPN WNBA Hidden API
9,400539469,2014,2014,Regular Season,Regular Season,2014-05-17,Saturday,02:00,Seattle Storm,Phoenix Mercury,Phoenix Mercury,Seattle Storm,81,64,145,17,Phoenix Mercury,Seattle Storm,Home Win (81-64),81-64,Four 10-minute quarters,No,Footprint Center,"Phoenix, AZ",10200,Phoenix Mercury team victory,"Phoenix Mercury defeated Seattle Storm 81-64 in Regular Season at Footprint Center (Phoenix, AZ).",SportsDataVerse wehoop / ESPN WNBA Hidden API
10,400539470,2014,2014,Regular Season,Regular Season,2014-05-18,Sunday,21:00,Connecticut Sun,Minnesota Lynx,Minnesota Lynx,Connecticut Sun,90,87,177,3,Minnesota Lynx,Connecticut Sun,Home Win (90-87),90-87,Four 10-minute quarters,Yes,Target Center,"Minneapolis, MN",9434,Minnesota Lynx team victory (OT),"Minnesota Lynx edged Connecticut Sun 90-87 in overtime at Target Center (Minneapolis, MN).",SportsDataVerse wehoop / ESPN WNBA Hidden API
11,400539471,2014,2014,Regular Season,Regular Season,2014-05-18,Sunday,01:00,Phoenix Mercury,Los Angeles Sparks,Los Angeles Sparks,Phoenix Mercury,69,74,143,5,Phoenix Mercury,Los Angeles Sparks,Away Win (74-69),69-74,Four 10-minute quarters,No,crypto.com Arena,"Los Angeles, CA",10138,Phoenix Mercury team victory,"Phoenix Mercury defeated Los Angeles Sparks 74-69 in Regular Season at crypto.com Arena (Los Angeles, CA).",SportsDataVerse wehoop / ESPN WNBA Hidden API
12,400539472,2014,2014,Regular Season,Regular Season,2014-05-21,Wednesday,16:30,Connecticut Sun,Chicago Sky,Chicago Sky,Connecticut Sun,78,68,146,10,Chicago Sky,Connecticut Sun,Home Win (78-68),78-68,Four 10-minute quarters,No,Allstate Arena,"Glenview, IL",4951,Chicago Sky team victory,"Chicago Sky defeated Connecticut Sun 78-68 in Regular Season at Allstate Arena (Glenview, IL).",SportsDataVerse wehoop / ESPN WNBA Hidden API
13,400539473,2014,2014,Regular Season,Regular Season,2014-05-23,Friday,23:00,Seattle Storm,Connecticut Sun,Connecticut Sun,Seattle Storm,71,59,130,12,Connecticut Sun,Seattle Storm,Home Win (71-59),71-59,Four 10-minute quarters,No,Mohegan Sun Arena,"Uncasville, CT",6573,Connecticut Sun team victory,"Connecticut Sun defeated Seattle Storm 71-59 in Regular Season at Mohegan Sun Arena (Uncasville, CT).",SportsDataVerse wehoop / ESPN WNBA Hidden API
14,400539474,2014,2014,Regular Season,Regular Season,2014-05-23,Friday,23:00,Washington Mystics,Indiana Fever,Indiana Fever,Washington Mystics,63,79,142,16,Washington Mystics,Indiana Fever,Away Win (79-63),63-79,Four 10-minute quarters,No,Gainbridge Fieldhouse,"Indianapolis, IN",5632,Washington Mystics team victory,"Washington Mystics defeated Indiana Fever 79-63 in Regular Season at Gainbridge Fieldhouse (Indianapolis, IN).",SportsDataVerse wehoop / ESPN WNBA Hidden API
15,400539475,2014,2014,Regular Season,Regular Season,2014-05-23,Friday,00:00,Minnesota Lynx,Tulsa Shock,Tulsa Shock,Minnesota Lynx,93,94,187,1,Minnesota Lynx,Tulsa Shock,Away Win (94-93),93-94,Four 10-minute quarters,No,BOK Center,"Tulsa, OK",6845,Minnesota Lynx team victory,"Minnesota Lynx defeated Tulsa Shock 94-93 in Regular Season at BOK Center (Tulsa, OK).",SportsDataVerse wehoop / ESPN WNBA Hidden API
16,400539476,2014,2014,Regular Season,Regular Season,2014-05-23,Friday,02:00,San Antonio Stars,Phoenix Mercury,Phoenix Mercury,San Antonio Stars,74,78,152,4,San Antonio Stars,Phoenix Mercury,Away Win (78-74),74-78,Four 10-minute quarters,No,Footprint Center,"Phoenix, AZ",9171,San Antonio Stars team victory,"San Antonio Stars defeated Phoenix Mercury 78-74 in Regular Season at Footprint Center (Phoenix, AZ).",SportsDataVerse wehoop / ESPN WNBA Hidden API
17,400539477,2014,2014,Regular Season,Regular Season,2014-05-24,Saturday,23:00,Seattle Storm,Washington Mystics,Washington Mystics,Seattle Storm,65,73,138,8,Seattle Storm,Washington Mystics,Away Win (73-65),65-73,Four 10-minute quarters,No,Capital One Arena,"Washington, DC",5847,Seattle Storm team victory,"Seattle Storm defeated Washington Mystics 73-65 in Regular Season at Capital One Arena (Washington, DC).",SportsDataVerse wehoop / ESPN WNBA Hidden API
18,400539478,2014,2014,Regular Season,Regular Season,2014-05-24,Saturday,00:00,Atlanta Dream,Chicago Sky,Chicago Sky,Atlanta Dream,87,73,160,14,Chicago Sky,Atlanta Dream,Home Win (87-73),87-73,Four 10-minute quarters,No,Allstate Arena,"Glenview, IL",4136,Chicago Sky team victory,"Chicago Sky defeated Atlanta Dream 87-73 in Regular Season at Allstate Arena (Glenview, IL).",SportsDataVerse wehoop / ESPN WNBA Hidden API
19,400539479,2014,2014,Regular Season,Regular Season,2014-05-24,Saturday,00:00,New York Liberty,Minnesota Lynx,Minnesota Lynx,New York Liberty,87,82,169,5,Minnesota Lynx,New York Liberty,Home Win (87-82),87-82,Four 10-minute quarters,No,Target Center,"Minneapolis, MN",8323,Minnesota Lynx team victory,"Minnesota Lynx defeated New York Liberty 87-82 in Regular Season at Target Center (Minneapolis, MN).",SportsDataVerse wehoop / ESPN WNBA Hidden API
20,400539480,2014,2014,Regular Season,Regular Season,2014-05-25,Sunday,19:30,San Antonio Stars,Los Angeles Sparks,Los Angeles Sparks,San Antonio Stars,83,62,145,21,Los Angeles Sparks,San Antonio Stars,Home Win (83-62),83-62,Four 10-minute quarters,No,crypto.com Arena,"Los Angeles, CA",5317,Los Angeles Sparks team victory,"Los Angeles Sparks defeated San Antonio Stars 83-62 in Regular Season at crypto.com Arena (Los Angeles, CA).",SportsDataVerse wehoop / ESPN WNBA Hidden API
21,400539481,2014,2014,Regular Season,Regular Season,2014-05-25,Sunday,22:00,Indiana Fever,Atlanta Dream,Atlanta Dream,Indiana Fever,77,82,159,5,Indiana Fever,Atlanta Dream,Away Win (82-77),77-82,Four 10-minute quarters,Yes,State Farm Arena,"Atlanta, GA",5517,Indiana Fever team victory (OT),"Indiana Fever edged Atlanta Dream 82-77 in overtime at State Farm Arena (Atlanta, GA).",SportsDataVerse wehoop / ESPN WNBA Hidden API
22,400539482,2014,2014,Regular Season,Regular Season,2014-05-26,Monday,19:30,Minnesota Lynx,Chicago Sky,Chicago Sky,Minnesota Lynx,72,75,147,3,Minnesota Lynx,Chicago Sky,Away Win (75-72),72-75,Four 10-minute quarters,No,Allstate Arena,"Glenview, IL",6058,Minnesota Lynx team victory,"Minnesota Lynx defeated Chicago Sky 75-72 in Regular Season at Allstate Arena (Glenview, IL).",SportsDataVerse wehoop / ESPN WNBA Hidden API
23,400539483,2014,2014,Regular Season,Regular Season,2014-05-27,Tuesday,23:00,Seattle Storm,New York Liberty,New York Liberty,Seattle Storm,70,64,134,6,New York Liberty,Seattle Storm,Home Win (70-64),70-64,Four 10-minute quarters,No,Madison Square Garden,"New York, NY",7259,New York Liberty team victory,"New York Liberty defeated Seattle Storm 70-64 in Regular Season at Madison Square Garden (New York, NY).",SportsDataVerse wehoop / ESPN WNBA Hidden API
24,400539484,2014,2014,Regular Season,Regular Season,2014-05-28,Wednesday,00:00,Tulsa Shock,San Antonio Stars,San Antonio Stars,Tulsa Shock,82,79,161,3,San Antonio Stars,Tulsa Shock,Home Win (82-79),82-79,Four 10-minute quarters,No,AT&T Center,"San Antonio, TX",5286,San Antonio Stars team victory,"San Antonio Stars defeated Tulsa Shock 82-79 in Regular Season at AT&T Center (San Antonio, TX).",SportsDataVerse wehoop / ESPN WNBA Hidden API
25,400539485,2014,2014,Regular Season,Regular Season,2014-05-29,Thursday,23:00,Connecticut Sun,Indiana Fever,Indiana Fever,Connecticut Sun,79,65,144,14,Indiana Fever,Connecticut Sun,Home Win (79-65),79-65,Four 10-minute quarters,No,Gainbridge Fieldhouse,"Indianapolis, IN",6305,Indiana Fever team victory,"Indiana Fever defeated Connecticut Sun 79-65 in Regular Season at Gainbridge Fieldhouse (Indianapolis, IN).",SportsDataVerse wehoop / ESPN WNBA Hidden API
26,400539486,2014,2014,Regular Season,Regular Season,2014-05-30,Friday,23:00,New York Liberty,Washington Mystics,Washington Mystics,New York Liberty,68,60,128,8,Washington Mystics,New York Liberty,Home Win (68-60),68-60,Four 10-minute quarters,No,Capital One Arena,"Washington, DC",7395,Washington Mystics team victory,"Washington Mystics defeated New York Liberty 68-60 in Regular Season at Capital One Arena (Washington, DC).",SportsDataVerse wehoop / ESPN WNBA Hidden API
27,400539487,2014,2014,Regular Season,Regular Season,2014-05-30,Friday,23:30,Seattle Storm,Atlanta Dream,Atlanta Dream,Seattle Storm,80,69,149,11,Atlanta Dream,Seattle Storm,Home Win (80-69),80-69,Four 10-minute quarters,No,State Farm Arena,"Atlanta, GA",5486,Atlanta Dream team victory,"Atlanta Dream defeated Seattle Storm 80-69 in Regular Season at State Farm Arena (Atlanta, GA).",SportsDataVerse wehoop / ESPN WNBA Hidden API
28,400539488,2014,2014,Regular Season,Regular Season,2014-05-30,Friday,00:00,San Antonio Stars,Minnesota Lynx,Minnesota Lynx,San Antonio Stars,88,72,160,16,Minnesota Lynx,San Antonio Stars,Home Win (88-72),88-72,Four 10-minute quarters,No,Target Center,"Minneapolis, MN",8734,Minnesota Lynx team victory,"Minnesota Lynx defeated San Antonio Stars 88-72 in Regular Season at Target Center (Minneapolis, MN).",SportsDataVerse wehoop / ESPN WNBA Hidden API
29,400539489,2014,2014,Regular Season,Regular Season,2014-05-30,Friday,00:30,Connecticut Sun,Chicago Sky,Chicago Sky,Connecticut Sun,101,82,183,19,Chicago Sky,Connecticut Sun,Home Win (101-82),101-82,Four 10-minute quarters,No,Allstate Arena,"Glenview, IL",5693,Chicago Sky team victory,"Chicago Sky defeated Connecticut Sun 101-82 in Regular Season at Allstate Arena (Glenview, IL).",SportsDataVerse wehoop / ESPN WNBA Hidden API
30,400539490,2014,2014,Regular Season,Regular Season,2014-05-30,Friday,02:00,Tulsa Shock,Phoenix Mercury,Phoenix Mercury,Tulsa Shock,100,78,178,22,Phoenix Mercury,Tulsa Shock,Home Win (100-78),100-78,Four 10-minute quarters,No,Footprint Center,"Phoenix, AZ",7923,Phoenix Mercury team victory,"Phoenix Mercury defeated Tulsa Shock 100-78 in Regular Season at Footprint Center (Phoenix, AZ).",SportsDataVerse wehoop / ESPN WNBA Hidden API
31,400539491,2014,2014,Regular Season,Regular Season,2014-05-31,Saturday,23:00,New York Liberty,Indiana Fever,Indiana Fever,New York Liberty,70,66,136,4,Indiana Fever,New York Liberty,Home Win (70-66),70-66,Four 10-minute quarters,No,Gainbridge Fieldhouse,"Indianapolis, IN",7025,Indiana Fever team victory,"Indiana Fever defeated New York Liberty 70-66 in Regular Season at Gainbridge Fieldhouse (Indianapolis, IN).",SportsDataVerse wehoop / ESPN WNBA Hidden API
32,400539492,2014,2014,Regular Season,Regular Season,2014-06-01,Sunday,19:00,Atlanta Dream,Connecticut Sun,Connecticut Sun,Atlanta Dream,85,76,161,9,Connecticut Sun,Atlanta Dream,Home Win (85-76),85-76,Four 10-minute quarters,No,Mohegan Sun Arena,"Uncasville, CT",6071,Connecticut Sun team victory,"Connecticut Sun defeated Atlanta Dream 85-76 in Regular Season at Mohegan Sun Arena (Uncasville, CT).",SportsDataVerse wehoop / ESPN WNBA Hidden API
33,400539493,2014,2014,Regular Season,Regular Season,2014-06-01,Sunday,20:00,Los Angeles Sparks,Washington Mystics,Washington Mystics,Los Angeles Sparks,92,84,176,8,Washington Mystics,Los Angeles Sparks,Home Win (92-84),92-84,Four 10-minute quarters,Yes,Capital One Arena,"Washington, DC",5828,Washington Mystics team victory (OT),"Washington Mystics edged Los Angeles Sparks 92-84 in overtime at Capital One Arena (Washington, DC).",SportsDataVerse wehoop / ESPN WNBA Hidden API
34,400539494,2014,2014,Regular Season,Regular Season,2014-06-01,Sunday,20:30,Minnesota Lynx,San Antonio Stars,San Antonio Stars,Minnesota Lynx,79,87,166,8,Minnesota Lynx,San Antonio Stars,Away Win (87-79),79-87,Four 10-minute quarters,No,AT&T Center,"San Antonio, TX",5098,Minnesota Lynx team victory,"Minnesota Lynx defeated San Antonio Stars 87-79 in Regular Season at AT&T Center (San Antonio, TX).",SportsDataVerse wehoop / ESPN WNBA Hidden API
35,400539495,2014,2014,Regular Season,Regular Season,2014-06-01,Sunday,01:00,Tulsa Shock,Seattle Storm,Seattle Storm,Tulsa Shock,62,60,122,2,Seattle Storm,Tulsa Shock,Home Win (62-60),62-60,Four 10-minute quarters,No,KeyArena,"Seattle, WA",6128,Seattle Storm team victory,"Seattle Storm defeated Tulsa Shock 62-60 in Regular Season at KeyArena (Seattle, WA).",SportsDataVerse wehoop / ESPN WNBA Hidden API
36,400539496,2014,2014,Regular Season,Regular Season,2014-06-03,Tuesday,23:00,Los Angeles Sparks,Atlanta Dream,Atlanta Dream,Los Angeles Sparks,93,85,178,8,Atlanta Dream,Los Angeles Sparks,Home Win (93-85),93-85,Four 10-minute quarters,No,State Farm Arena,"Atlanta, GA",5409,Atlanta Dream team victory,"Atlanta Dream defeated Los Angeles Sparks 93-85 in Regular Season at State Farm Arena (Atlanta, GA).",SportsDataVerse wehoop / ESPN WNBA Hidden API
37,400539497,2014,2014,Regular Season,Regular Season,2014-06-03,Tuesday,02:00,Seattle Storm,Phoenix Mercury,Phoenix Mercury,Seattle Storm,87,72,159,15,Phoenix Mercury,Seattle Storm,Home Win (87-72),87-72,Four 10-minute quarters,No,Footprint Center,"Phoenix, AZ",8206,Phoenix Mercury team victory,"Phoenix Mercury defeated Seattle Storm 87-72 in Regular Season at Footprint Center (Phoenix, AZ).",SportsDataVerse wehoop / ESPN WNBA Hidden API
38,400539498,2014,2014,Regular Season,Regular Season,2014-06-05,Thursday,23:00,Washington Mystics,Connecticut Sun,Connecticut Sun,Washington Mystics,66,74,140,8,Washington Mystics,Connecticut Sun,Away Win (74-66),66-74,Four 10-minute quarters,No,Mohegan Sun Arena,"Uncasville, CT",5014,Washington Mystics team victory,"Washington Mystics defeated Connecticut Sun 74-66 in Regular Season at Mohegan Sun Arena (Uncasville, CT).",SportsDataVerse wehoop / ESPN WNBA Hidden API
39,400539499,2014,2014,Regular Season,Regular Season,2014-06-05,Thursday,23:00,San Antonio Stars,New York Liberty,New York Liberty,San Antonio Stars,75,87,162,12,San Antonio Stars,New York Liberty,Away Win (87-75),75-87,Four 10-minute quarters,No,Madison Square Garden,"New York, NY",7983,San Antonio Stars team victory,"San Antonio Stars defeated New York Liberty 87-75 in Regular Season at Madison Square Garden (New York, NY).",SportsDataVerse wehoop / ESPN WNBA Hidden API
40,400539500,2014,2014,Regular Season,Regular Season,2014-06-06,Friday,23:00,Indiana Fever,Washington Mystics,Washington Mystics,Indiana Fever,61,64,125,3,Indiana Fever,Washington Mystics,Away Win (64-61),61-64,Four 10-minute quarters,No,Capital One Arena,"Washington, DC",7155,Indiana Fever team victory,"Indiana Fever defeated Washington Mystics 64-61 in Regular Season at Capital One Arena (Washington, DC).",SportsDataVerse wehoop / ESPN WNBA Hidden API
41,400539501,2014,2014,Regular Season,Regular Season,2014-06-06,Friday,00:00,Phoenix Mercury,Tulsa Shock,Tulsa Shock,Phoenix Mercury,94,78,172,16,Tulsa Shock,Phoenix Mercury,Home Win (94-78),94-78,Four 10-minute quarters,No,BOK Center,"Tulsa, OK",4975,Tulsa Shock team victory,"Tulsa Shock defeated Phoenix Mercury 94-78 in Regular Season at BOK Center (Tulsa, OK).",SportsDataVerse wehoop / ESPN WNBA Hidden API
42,400539502,2014,2014,Regular Season,Regular Season,2014-06-06,Friday,00:30,Los Angeles Sparks,Chicago Sky,Chicago Sky,Los Angeles Sparks,88,102,190,14,Los Angeles Sparks,Chicago Sky,Away Win (102-88),88-102,Four 10-minute quarters,No,Allstate Arena,"Glenview, IL",6681,Los Angeles Sparks team victory,"Los Angeles Sparks defeated Chicago Sky 102-88 in Regular Season at Allstate Arena (Glenview, IL).",SportsDataVerse wehoop / ESPN WNBA Hidden API
43,400539503,2014,2014,Regular Season,Regular Season,2014-06-06,Friday,02:00,Minnesota Lynx,Seattle Storm,Seattle Storm,Minnesota Lynx,65,62,127,3,Seattle Storm,Minnesota Lynx,Home Win (65-62),65-62,Four 10-minute quarters,No,KeyArena,"Seattle, WA",6836,Seattle Storm team victory,"Seattle Storm defeated Minnesota Lynx 65-62 in Regular Season at KeyArena (Seattle, WA).",SportsDataVerse wehoop / ESPN WNBA Hidden API
44,400539504,2014,2014,Regular Season,Regular Season,2014-06-07,Saturday,23:00,Chicago Sky,Atlanta Dream,Atlanta Dream,Chicago Sky,97,59,156,38,Atlanta Dream,Chicago Sky,Home Win (97-59),97-59,Four 10-minute quarters,No,State Farm Arena,"Atlanta, GA",5458,Atlanta Dream team victory,"Atlanta Dream defeated Chicago Sky 97-59 in Regular Season at State Farm Arena (Atlanta, GA).",SportsDataVerse wehoop / ESPN WNBA Hidden API
45,400539505,2014,2014,Regular Season,Regular Season,2014-06-07,Saturday,23:00,Indiana Fever,Connecticut Sun,Connecticut Sun,Indiana Fever,88,71,159,17,Connecticut Sun,Indiana Fever,Home Win (88-71),88-71,Four 10-minute quarters,No,Mohegan Sun Arena,"Uncasville, CT",5105,Connecticut Sun team victory,"Connecticut Sun defeated Indiana Fever 88-71 in Regular Season at Mohegan Sun Arena (Uncasville, CT).",SportsDataVerse wehoop / ESPN WNBA Hidden API
46,400539506,2014,2014,Regular Season,Regular Season,2014-06-07,Saturday,00:00,Phoenix Mercury,San Antonio Stars,San Antonio Stars,Phoenix Mercury,79,91,170,12,Phoenix Mercury,San Antonio Stars,Away Win (91-79),79-91,Four 10-minute quarters,Yes,AT&T Center,"San Antonio, TX",5808,Phoenix Mercury team victory (OT),"Phoenix Mercury edged San Antonio Stars 91-79 in overtime at AT&T Center (San Antonio, TX).",SportsDataVerse wehoop / ESPN WNBA Hidden API
47,400539507,2014,2014,Regular Season,Regular Season,2014-06-08,Sunday,19:00,Washington Mystics,New York Liberty,New York Liberty,Washington Mystics,81,64,145,17,New York Liberty,Washington Mystics,Home Win (81-64),81-64,Four 10-minute quarters,No,Madison Square Garden,"New York, NY",8747,New York Liberty team victory,"New York Liberty defeated Washington Mystics 81-64 in Regular Season at Madison Square Garden (New York, NY).",SportsDataVerse wehoop / ESPN WNBA Hidden API
48,400539508,2014,2014,Regular Season,Regular Season,2014-06-08,Sunday,19:30,Minnesota Lynx,Los Angeles Sparks,Los Angeles Sparks,Minnesota Lynx,72,85,157,13,Minnesota Lynx,Los Angeles Sparks,Away Win (85-72),72-85,Four 10-minute quarters,No,crypto.com Arena,"Los Angeles, CA",8770,Minnesota Lynx team victory,"Minnesota Lynx defeated Los Angeles Sparks 85-72 in Regular Season at crypto.com Arena (Los Angeles, CA).",SportsDataVerse wehoop / ESPN WNBA Hidden API
49,400539509,2014,2014,Regular Season,Regular Season,2014-06-10,Tuesday,16:30,New York Liberty,Tulsa Shock,Tulsa Shock,New York Liberty,72,57,129,15,Tulsa Shock,New York Liberty,Home Win (72-57),72-57,Four 10-minute quarters,No,BOK Center,"Tulsa, OK",4542,Tulsa Shock team victory,"Tulsa Shock defeated New York Liberty 72-57 in Regular Season at BOK Center (Tulsa, OK).",SportsDataVerse wehoop / ESPN WNBA Hidden API
50,400539510,2014,2014,Regular Season,Regular Season,2014-06-10,Tuesday,23:00,Phoenix Mercury,Washington Mystics,Washington Mystics,Phoenix Mercury,66,81,147,15,Phoenix Mercury,Washington Mystics,Away Win (81-66),66-81,Four 10-minute quarters,No,Capital One Arena,"Washington, DC",7281,Phoenix Mercury team victory,"Phoenix Mercury defeated Washington Mystics 81-66 in Regular Season at Capital One Arena (Washington, DC).",SportsDataVerse wehoop / ESPN WNBA Hidden API
51,400539511,2014,2014,Regular Season,Regular Season,2014-06-10,Tuesday,00:00,Seattle Storm,Chicago Sky,Chicago Sky,Seattle Storm,76,80,156,4,Seattle Storm,Chicago Sky,Away Win (80-76),76-80,Four 10-minute quarters,No,Allstate Arena,"Glenview, IL",3958,Seattle Storm team victory,"Seattle Storm defeated Chicago Sky 80-76 in Regular Season at Allstate Arena (Glenview, IL).",SportsDataVerse wehoop / ESPN WNBA Hidden API
52,400539512,2014,2014,Regular Season,Regular Season,2014-06-11,Wednesday,23:00,Seattle Storm,Indiana Fever,Indiana Fever,Seattle Storm,76,68,144,8,Indiana Fever,Seattle Storm,Home Win (76-68),76-68,Four 10-minute quarters,No,Gainbridge Fieldhouse,"Indianapolis, IN",7925,Indiana Fever team victory,"Indiana Fever defeated Seattle Storm 76-68 in Regular Season at Gainbridge Fieldhouse (Indianapolis, IN).",SportsDataVerse wehoop / ESPN WNBA Hidden API
53,400539513,2014,2014,Regular Season,Regular Season,2014-06-12,Thursday,23:00,Phoenix Mercury,Connecticut Sun,Connecticut Sun,Phoenix Mercury,96,95,191,1,Connecticut Sun,Phoenix Mercury,Home Win (96-95),96-95,Four 10-minute quarters,No,Mohegan Sun Arena,"Uncasville, CT",5760,Connecticut Sun team victory,"Connecticut Sun defeated Phoenix Mercury 96-95 in Regular Season at Mohegan Sun Arena (Uncasville, CT).",SportsDataVerse wehoop / ESPN WNBA Hidden API
54,400539514,2014,2014,Regular Season,Regular Season,2014-06-13,Friday,23:00,Chicago Sky,Washington Mystics,Washington Mystics,Chicago Sky,79,68,147,11,Washington Mystics,Chicago Sky,Home Win (79-68),79-68,Four 10-minute quarters,No,Capital One Arena,"Washington, DC",7198,Washington Mystics team victory,"Washington Mystics defeated Chicago Sky 79-68 in Regular Season at Capital One Arena (Washington, DC).",SportsDataVerse wehoop / ESPN WNBA Hidden API
55,400539515,2014,2014,Regular Season,Regular Season,2014-06-13,Friday,23:30,Minnesota Lynx,Atlanta Dream,Atlanta Dream,Minnesota Lynx,85,82,167,3,Atlanta Dream,Minnesota Lynx,Home Win (85-82),85-82,Four 10-minute quarters,No,State Farm Arena,"Atlanta, GA",6684,Atlanta Dream team victory,"Atlanta Dream defeated Minnesota Lynx 85-82 in Regular Season at State Farm Arena (Atlanta, GA).",SportsDataVerse wehoop / ESPN WNBA Hidden API
56,400539516,2014,2014,Regular Season,Regular Season,2014-06-13,Friday,23:30,Connecticut Sun,New York Liberty,New York Liberty,Connecticut Sun,75,83,158,8,Connecticut Sun,New York Liberty,Away Win (83-75),75-83,Four 10-minute quarters,No,Madison Square Garden,"New York, NY",7911,Connecticut Sun team victory,"Connecticut Sun defeated New York Liberty 83-75 in Regular Season at Madison Square Garden (New York, NY).",SportsDataVerse wehoop / ESPN WNBA Hidden API
57,400539517,2014,2014,Regular Season,Regular Season,2014-06-13,Friday,00:00,Seattle Storm,San Antonio Stars,San Antonio Stars,Seattle Storm,72,79,151,7,Seattle Storm,San Antonio Stars,Away Win (79-72),72-79,Four 10-minute quarters,No,AT&T Center,"San Antonio, TX",5012,Seattle Storm team victory,"Seattle Storm defeated San Antonio Stars 79-72 in Regular Season at AT&T Center (San Antonio, TX).",SportsDataVerse wehoop / ESPN WNBA Hidden API
58,400539518,2014,2014,Regular Season,Regular Season,2014-06-13,Friday,00:00,Los Angeles Sparks,Tulsa Shock,Tulsa Shock,Los Angeles Sparks,69,67,136,2,Tulsa Shock,Los Angeles Sparks,Home Win (69-67),69-67,Four 10-minute quarters,No,BOK Center,"Tulsa, OK",5058,Tulsa Shock team victory,"Tulsa Shock defeated Los Angeles Sparks 69-67 in Regular Season at BOK Center (Tulsa, OK).",SportsDataVerse wehoop / ESPN WNBA Hidden API
59,400539519,2014,2014,Regular Season,Regular Season,2014-06-14,Saturday,00:00,Los Angeles Sparks,San Antonio Stars,San Antonio Stars,Los Angeles Sparks,101,74,175,27,San Antonio Stars,Los Angeles Sparks,Home Win (101-74),101-74,Four 10-minute quarters,No,AT&T Center,"San Antonio, TX",6242,San Antonio Stars team victory,"San Antonio Stars defeated Los Angeles Sparks 101-74 in Regular Season at AT&T Center (San Antonio, TX).",SportsDataVerse wehoop / ESPN WNBA Hidden API
60,400539520,2014,2014,Regular Season,Regular Season,2014-06-15,Sunday,17:00,Phoenix Mercury,Minnesota Lynx,Minnesota Lynx,Phoenix Mercury,72,80,152,8,Phoenix Mercury,Minnesota Lynx,Away Win (80-72),72-80,Four 10-minute quarters,No,Target Center,"Minneapolis, MN",8957,Phoenix Mercury team victory,"Phoenix Mercury defeated Minnesota Lynx 80-72 in Regular Season at Target Center (Minneapolis, MN).",SportsDataVerse wehoop / ESPN WNBA Hidden API
61,400539521,2014,2014,Regular Season,Regular Season,2014-06-15,Sunday,17:00,New York Liberty,Connecticut Sun,Connecticut Sun,New York Liberty,76,72,148,4,Connecticut Sun,New York Liberty,Home Win (76-72),76-72,Four 10-minute quarters,No,Mohegan Sun Arena,"Uncasville, CT",5480,Connecticut Sun team victory,"Connecticut Sun defeated New York Liberty 76-72 in Regular Season at Mohegan Sun Arena (Uncasville, CT).",SportsDataVerse wehoop / ESPN WNBA Hidden API
62,400539522,2014,2014,Regular Season,Regular Season,2014-06-15,Sunday,20:00,Atlanta Dream,Washington Mystics,Washington Mystics,Atlanta Dream,67,75,142,8,Atlanta Dream,Washington Mystics,Away Win (75-67),67-75,Four 10-minute quarters,No,Capital One Arena,"Washington, DC",7229,Atlanta Dream team victory,"Atlanta Dream defeated Washington Mystics 75-67 in Regular Season at Capital One Arena (Washington, DC).",SportsDataVerse wehoop / ESPN WNBA Hidden API
63,400539523,2014,2014,Regular Season,Regular Season,2014-06-15,Sunday,20:30,Seattle Storm,Tulsa Shock,Tulsa Shock,Seattle Storm,85,79,164,6,Tulsa Shock,Seattle Storm,Home Win (85-79),85-79,Four 10-minute quarters,No,BOK Center,"Tulsa, OK",4141,Tulsa Shock team victory,"Tulsa Shock defeated Seattle Storm 85-79 in Regular Season at BOK Center (Tulsa, OK).",SportsDataVerse wehoop / ESPN WNBA Hidden API
64,400539524,2014,2014,Regular Season,Regular Season,2014-06-17,Tuesday,23:00,Indiana Fever,Connecticut Sun,Connecticut Sun,Indiana Fever,89,67,156,22,Connecticut Sun,Indiana Fever,Home Win (89-67),89-67,Four 10-minute quarters,No,Mohegan Sun Arena,"Uncasville, CT",4356,Connecticut Sun team victory,"Connecticut Sun defeated Indiana Fever 89-67 in Regular Season at Mohegan Sun Arena (Uncasville, CT).",SportsDataVerse wehoop / ESPN WNBA Hidden API
65,400539525,2014,2014,Regular Season,Regular Season,2014-06-17,Tuesday,02:30,Minnesota Lynx,Los Angeles Sparks,Los Angeles Sparks,Minnesota Lynx,77,94,171,17,Minnesota Lynx,Los Angeles Sparks,Away Win (94-77),77-94,Four 10-minute quarters,No,crypto.com Arena,"Los Angeles, CA",9636,Minnesota Lynx team victory,"Minnesota Lynx defeated Los Angeles Sparks 94-77 in Regular Season at crypto.com Arena (Los Angeles, CA).",SportsDataVerse wehoop / ESPN WNBA Hidden API
66,400539526,2014,2014,Regular Season,Regular Season,2014-06-18,Wednesday,16:00,Washington Mystics,Atlanta Dream,Atlanta Dream,Washington Mystics,83,73,156,10,Atlanta Dream,Washington Mystics,Home Win (83-73),83-73,Four 10-minute quarters,No,State Farm Arena,"Atlanta, GA",8895,Atlanta Dream team victory,"Atlanta Dream defeated Washington Mystics 83-73 in Regular Season at State Farm Arena (Atlanta, GA).",SportsDataVerse wehoop / ESPN WNBA Hidden API
67,400539527,2014,2014,Regular Season,Regular Season,2014-06-18,Wednesday,16:30,New York Liberty,Chicago Sky,Chicago Sky,New York Liberty,105,100,205,5,Chicago Sky,New York Liberty,Home Win (105-100),105-100,Four 10-minute quarters,Yes,Allstate Arena,"Glenview, IL",6716,Chicago Sky team victory (OT),"Chicago Sky edged New York Liberty 105-100 in overtime at Allstate Arena (Glenview, IL).",SportsDataVerse wehoop / ESPN WNBA Hidden API
68,400539528,2014,2014,Regular Season,Regular Season,2014-06-18,Wednesday,02:00,Minnesota Lynx,Phoenix Mercury,Phoenix Mercury,Minnesota Lynx,92,79,171,13,Phoenix Mercury,Minnesota Lynx,Home Win (92-79),92-79,Four 10-minute quarters,No,Footprint Center,"Phoenix, AZ",8963,Phoenix Mercury team victory,"Phoenix Mercury defeated Minnesota Lynx 92-79 in Regular Season at Footprint Center (Phoenix, AZ).",SportsDataVerse wehoop / ESPN WNBA Hidden API
69,400539529,2014,2014,Regular Season,Regular Season,2014-06-19,Thursday,02:00,San Antonio Stars,Seattle Storm,Seattle Storm,San Antonio Stars,82,87,169,5,San Antonio Stars,Seattle Storm,Away Win (87-82),82-87,Four 10-minute quarters,Yes,KeyArena,"Seattle, WA",5376,San Antonio Stars team victory (OT),"San Antonio Stars edged Seattle Storm 87-82 in overtime at KeyArena (Seattle, WA).",SportsDataVerse wehoop / ESPN WNBA Hidden API
70,400539530,2014,2014,Regular Season,Regular Season,2014-06-19,Thursday,02:30,Tulsa Shock,Los Angeles Sparks,Los Angeles Sparks,Tulsa Shock,87,77,164,10,Los Angeles Sparks,Tulsa Shock,Home Win (87-77),87-77,Four 10-minute quarters,No,crypto.com Arena,"Los Angeles, CA",8953,Los Angeles Sparks team victory,"Los Angeles Sparks defeated Tulsa Shock 87-77 in Regular Season at crypto.com Arena (Los Angeles, CA).",SportsDataVerse wehoop / ESPN WNBA Hidden API
71,400539531,2014,2014,Regular Season,Regular Season,2014-06-20,Friday,23:30,New York Liberty,Atlanta Dream,Atlanta Dream,New York Liberty,85,64,149,21,Atlanta Dream,New York Liberty,Home Win (85-64),85-64,Four 10-minute quarters,No,State Farm Arena,"Atlanta, GA",6129,Atlanta Dream team victory,"Atlanta Dream defeated New York Liberty 85-64 in Regular Season at State Farm Arena (Atlanta, GA).",SportsDataVerse wehoop / ESPN WNBA Hidden API
72,400539532,2014,2014,Regular Season,Regular Season,2014-06-20,Friday,00:00,Washington Mystics,Minnesota Lynx,Minnesota Lynx,Washington Mystics,75,65,140,10,Minnesota Lynx,Washington Mystics,Home Win (75-65),75-65,Four 10-minute quarters,No,Target Center,"Minneapolis, MN",8813,Minnesota Lynx team victory,"Minnesota Lynx defeated Washington Mystics 75-65 in Regular Season at Target Center (Minneapolis, MN).",SportsDataVerse wehoop / ESPN WNBA Hidden API
73,400539533,2014,2014,Regular Season,Regular Season,2014-06-20,Friday,00:30,Indiana Fever,Chicago Sky,Chicago Sky,Indiana Fever,75,83,158,8,Indiana Fever,Chicago Sky,Away Win (83-75),75-83,Four 10-minute quarters,No,Allstate Arena,"Glenview, IL",6488,Indiana Fever team victory,"Indiana Fever defeated Chicago Sky 83-75 in Regular Season at Allstate Arena (Glenview, IL).",SportsDataVerse wehoop / ESPN WNBA Hidden API
74,400539534,2014,2014,Regular Season,Regular Season,2014-06-20,Friday,02:00,Tulsa Shock,Phoenix Mercury,Phoenix Mercury,Tulsa Shock,91,80,171,11,Phoenix Mercury,Tulsa Shock,Home Win (91-80),91-80,Four 10-minute quarters,No,Footprint Center,"Phoenix, AZ",9098,Phoenix Mercury team victory,"Phoenix Mercury defeated Tulsa Shock 91-80 in Regular Season at Footprint Center (Phoenix, AZ).",SportsDataVerse wehoop / ESPN WNBA Hidden API
75,400539535,2014,2014,Regular Season,Regular Season,2014-06-22,Sunday,17:00,Tulsa Shock,Chicago Sky,Chicago Sky,Tulsa Shock,99,105,204,6,Tulsa Shock,Chicago Sky,Away Win (105-99),99-105,Four 10-minute quarters,Yes,Allstate Arena,"Glenview, IL",6711,Tulsa Shock team victory (OT),"Tulsa Shock edged Chicago Sky 105-99 in overtime at Allstate Arena (Glenview, IL).",SportsDataVerse wehoop / ESPN WNBA Hidden API
76,400539536,2014,2014,Regular Season,Regular Season,2014-06-22,Sunday,19:00,Atlanta Dream,New York Liberty,New York Liberty,Atlanta Dream,85,78,163,7,New York Liberty,Atlanta Dream,Home Win (85-78),85-78,Four 10-minute quarters,No,Madison Square Garden,"New York, NY",8112,New York Liberty team victory,"New York Liberty defeated Atlanta Dream 85-78 in Regular Season at Madison Square Garden (New York, NY).",SportsDataVerse wehoop / ESPN WNBA Hidden API
77,400539537,2014,2014,Regular Season,Regular Season,2014-06-22,Sunday,19:30,San Antonio Stars,Los Angeles Sparks,Los Angeles Sparks,San Antonio Stars,69,72,141,3,San Antonio Stars,Los Angeles Sparks,Away Win (72-69),69-72,Four 10-minute quarters,No,crypto.com Arena,"Los Angeles, CA",7751,San Antonio Stars team victory,"San Antonio Stars defeated Los Angeles Sparks 72-69 in Regular Season at crypto.com Arena (Los Angeles, CA).",SportsDataVerse wehoop / ESPN WNBA Hidden API
78,400539538,2014,2014,Regular Season,Regular Season,2014-06-22,Sunday,23:00,Indiana Fever,Minnesota Lynx,Minnesota Lynx,Indiana Fever,83,77,160,6,Minnesota Lynx,Indiana Fever,Home Win (83-77),83-77,Four 10-minute quarters,No,Target Center,"Minneapolis, MN",8704,Minnesota Lynx team victory,"Minnesota Lynx defeated Indiana Fever 83-77 in Regular Season at Target Center (Minneapolis, MN).",SportsDataVerse wehoop / ESPN WNBA Hidden API
79,400539539,2014,2014,Regular Season,Regular Season,2014-06-22,Sunday,01:00,Washington Mystics,Seattle Storm,Seattle Storm,Washington Mystics,89,86,175,3,Seattle Storm,Washington Mystics,Home Win (89-86),89-86,Four 10-minute quarters,Yes,KeyArena,"Seattle, WA",5421,Seattle Storm team victory (OT),"Seattle Storm edged Washington Mystics 89-86 in overtime at KeyArena (Seattle, WA).",SportsDataVerse wehoop / ESPN WNBA Hidden API
80,400539540,2014,2014,Regular Season,Regular Season,2014-06-24,Tuesday,16:30,Washington Mystics,San Antonio Stars,San Antonio Stars,Washington Mystics,70,81,151,11,Washington Mystics,San Antonio Stars,Away Win (81-70),70-81,Four 10-minute quarters,No,AT&T Center,"San Antonio, TX",10973,Washington Mystics team victory,"Washington Mystics defeated San Antonio Stars 81-70 in Regular Season at AT&T Center (San Antonio, TX).",SportsDataVerse wehoop / ESPN WNBA Hidden API
81,400539541,2014,2014,Regular Season,Regular Season,2014-06-24,Tuesday,19:30,Seattle Storm,Los Angeles Sparks,Los Angeles Sparks,Seattle Storm,65,57,122,8,Los Angeles Sparks,Seattle Storm,Home Win (65-57),65-57,Four 10-minute quarters,No,crypto.com Arena,"Los Angeles, CA",8593,Los Angeles Sparks team victory,"Los Angeles Sparks defeated Seattle Storm 65-57 in Regular Season at crypto.com Arena (Los Angeles, CA).",SportsDataVerse wehoop / ESPN WNBA Hidden API
82,400539542,2014,2014,Regular Season,Regular Season,2014-06-25,Wednesday,23:00,Chicago Sky,Connecticut Sun,Connecticut Sun,Chicago Sky,79,69,148,10,Connecticut Sun,Chicago Sky,Home Win (79-69),79-69,Four 10-minute quarters,No,Mohegan Sun Arena,"Uncasville, CT",5881,Connecticut Sun team victory,"Connecticut Sun defeated Chicago Sky 79-69 in Regular Season at Mohegan Sun Arena (Uncasville, CT).",SportsDataVerse wehoop / ESPN WNBA Hidden API
83,400539543,2014,2014,Regular Season,Regular Season,2014-06-25,Wednesday,23:00,Tulsa Shock,Indiana Fever,Indiana Fever,Tulsa Shock,102,107,209,5,Tulsa Shock,Indiana Fever,Away Win (107-102),102-107,Four 10-minute quarters,Yes,Gainbridge Fieldhouse,"Indianapolis, IN",7367,Tulsa Shock team victory (OT),"Tulsa Shock edged Indiana Fever 107-102 in overtime at Gainbridge Fieldhouse (Indianapolis, IN).",SportsDataVerse wehoop / ESPN WNBA Hidden API
84,400539544,2014,2014,Regular Season,Regular Season,2014-06-26,Thursday,00:00,Atlanta Dream,San Antonio Stars,San Antonio Stars,Atlanta Dream,79,81,160,2,Atlanta Dream,San Antonio Stars,Away Win (81-79),79-81,Four 10-minute quarters,No,AT&T Center,"San Antonio, TX",6371,Atlanta Dream team victory,"Atlanta Dream defeated San Antonio Stars 81-79 in Regular Season at AT&T Center (San Antonio, TX).",SportsDataVerse wehoop / ESPN WNBA Hidden API
85,400539545,2014,2014,Regular Season,Regular Season,2014-06-27,Friday,23:00,Phoenix Mercury,Indiana Fever,Indiana Fever,Phoenix Mercury,76,81,157,5,Phoenix Mercury,Indiana Fever,Away Win (81-76),76-81,Four 10-minute quarters,No,Gainbridge Fieldhouse,"Indianapolis, IN",7762,Phoenix Mercury team victory,"Phoenix Mercury defeated Indiana Fever 81-76 in Regular Season at Gainbridge Fieldhouse (Indianapolis, IN).",SportsDataVerse wehoop / ESPN WNBA Hidden API
86,400539546,2014,2014,Regular Season,Regular Season,2014-06-27,Friday,23:00,Connecticut Sun,Washington Mystics,Washington Mystics,Connecticut Sun,69,63,132,6,Washington Mystics,Connecticut Sun,Home Win (69-63),69-63,Four 10-minute quarters,No,Capital One Arena,"Washington, DC",7119,Washington Mystics team victory,"Washington Mystics defeated Connecticut Sun 69-63 in Regular Season at Capital One Arena (Washington, DC).",SportsDataVerse wehoop / ESPN WNBA Hidden API
87,400539547,2014,2014,Regular Season,Regular Season,2014-06-27,Friday,23:30,Chicago Sky,New York Liberty,New York Liberty,Chicago Sky,69,73,142,4,Chicago Sky,New York Liberty,Away Win (73-69),69-73,Four 10-minute quarters,No,Madison Square Garden,"New York, NY",7911,Chicago Sky team victory,"Chicago Sky defeated New York Liberty 73-69 in Regular Season at Madison Square Garden (New York, NY).",SportsDataVerse wehoop / ESPN WNBA Hidden API
88,400539548,2014,2014,Regular Season,Regular Season,2014-06-27,Friday,02:00,Minnesota Lynx,Seattle Storm,Seattle Storm,Minnesota Lynx,81,71,152,10,Seattle Storm,Minnesota Lynx,Home Win (81-71),81-71,Four 10-minute quarters,No,KeyArena,"Seattle, WA",6547,Seattle Storm team victory,"Seattle Storm defeated Minnesota Lynx 81-71 in Regular Season at KeyArena (Seattle, WA).",SportsDataVerse wehoop / ESPN WNBA Hidden API
89,400539549,2014,2014,Regular Season,Regular Season,2014-06-28,Saturday,22:00,Los Angeles Sparks,Tulsa Shock,Tulsa Shock,Los Angeles Sparks,89,92,181,3,Los Angeles Sparks,Tulsa Shock,Away Win (92-89),89-92,Four 10-minute quarters,Yes,BOK Center,"Tulsa, OK",5136,Los Angeles Sparks team victory (OT),"Los Angeles Sparks edged Tulsa Shock 92-89 in overtime at BOK Center (Tulsa, OK).",SportsDataVerse wehoop / ESPN WNBA Hidden API
90,400539550,2014,2014,Regular Season,Regular Season,2014-06-29,Sunday,19:00,Connecticut Sun,New York Liberty,New York Liberty,Connecticut Sun,67,65,132,2,New York Liberty,Connecticut Sun,Home Win (67-65),67-65,Four 10-minute quarters,No,Madison Square Garden,"New York, NY",7023,New York Liberty team victory,"New York Liberty defeated Connecticut Sun 67-65 in Regular Season at Madison Square Garden (New York, NY).",SportsDataVerse wehoop / ESPN WNBA Hidden API
91,400539551,2014,2014,Regular Season,Regular Season,2014-06-29,Sunday,20:00,San Antonio Stars,Washington Mystics,Washington Mystics,San Antonio Stars,65,73,138,8,San Antonio Stars,Washington Mystics,Away Win (73-65),65-73,Four 10-minute quarters,No,Capital One Arena,"Washington, DC",7203,San Antonio Stars team victory,"San Antonio Stars defeated Washington Mystics 73-65 in Regular Season at Capital One Arena (Washington, DC).",SportsDataVerse wehoop / ESPN WNBA Hidden API
92,400539552,2014,2014,Regular Season,Regular Season,2014-06-29,Sunday,20:30,Phoenix Mercury,Tulsa Shock,Tulsa Shock,Phoenix Mercury,77,80,157,3,Phoenix Mercury,Tulsa Shock,Away Win (80-77),77-80,Four 10-minute quarters,No,BOK Center,"Tulsa, OK",5939,Phoenix Mercury team victory,"Phoenix Mercury defeated Tulsa Shock 80-77 in Regular Season at BOK Center (Tulsa, OK).",SportsDataVerse wehoop / ESPN WNBA Hidden API
93,400539553,2014,2014,Regular Season,Regular Season,2014-06-29,Sunday,22:00,Atlanta Dream,Indiana Fever,Indiana Fever,Atlanta Dream,68,76,144,8,Atlanta Dream,Indiana Fever,Away Win (76-68),68-76,Four 10-minute quarters,No,Gainbridge Fieldhouse,"Indianapolis, IN",8014,Atlanta Dream team victory,"Atlanta Dream defeated Indiana Fever 76-68 in Regular Season at Gainbridge Fieldhouse (Indianapolis, IN).",SportsDataVerse wehoop / ESPN WNBA Hidden API
94,400539554,2014,2014,Regular Season,Regular Season,2014-06-29,Sunday,23:00,Seattle Storm,Minnesota Lynx,Minnesota Lynx,Seattle Storm,74,69,143,5,Minnesota Lynx,Seattle Storm,Home Win (74-69),74-69,Four 10-minute quarters,No,Target Center,"Minneapolis, MN",8814,Minnesota Lynx team victory,"Minnesota Lynx defeated Seattle Storm 74-69 in Regular Season at Target Center (Minneapolis, MN).",SportsDataVerse wehoop / ESPN WNBA Hidden API
95,400539555,2014,2014,Regular Season,Regular Season,2014-07-01,Tuesday,23:00,San Antonio Stars,Connecticut Sun,Connecticut Sun,San Antonio Stars,71,74,145,3,San Antonio Stars,Connecticut Sun,Away Win (74-71),71-74,Four 10-minute quarters,No,Mohegan Sun Arena,"Uncasville, CT",4873,San Antonio Stars team victory,"San Antonio Stars defeated Connecticut Sun 74-71 in Regular Season at Mohegan Sun Arena (Uncasville, CT).",SportsDataVerse wehoop / ESPN WNBA Hidden API
96,400539556,2014,2014,Regular Season,Regular Season,2014-07-01,Tuesday,23:00,Tulsa Shock,New York Liberty,New York Liberty,Tulsa Shock,90,74,164,16,New York Liberty,Tulsa Shock,Home Win (90-74),90-74,Four 10-minute quarters,No,Madison Square Garden,"New York, NY",7414,New York Liberty team victory,"New York Liberty defeated Tulsa Shock 90-74 in Regular Season at Madison Square Garden (New York, NY).",SportsDataVerse wehoop / ESPN WNBA Hidden API
97,400539557,2014,2014,Regular Season,Regular Season,2014-07-01,Tuesday,00:00,Indiana Fever,Atlanta Dream,Atlanta Dream,Indiana Fever,70,77,147,7,Indiana Fever,Atlanta Dream,Away Win (77-70),70-77,Four 10-minute quarters,No,State Farm Arena,"Atlanta, GA",5037,Indiana Fever team victory,"Indiana Fever defeated Atlanta Dream 77-70 in Regular Season at State Farm Arena (Atlanta, GA).",SportsDataVerse wehoop / ESPN WNBA Hidden API
98,400539558,2014,2014,Regular Season,Regular Season,2014-07-01,Tuesday,02:00,Chicago Sky,Los Angeles Sparks,Los Angeles Sparks,Chicago Sky,83,90,173,7,Chicago Sky,Los Angeles Sparks,Away Win (90-83),83-90,Four 10-minute quarters,No,crypto.com Arena,"Los Angeles, CA",7201,Chicago Sky team victory,"Chicago Sky defeated Los Angeles Sparks 90-83 in Regular Season at crypto.com Arena (Los Angeles, CA).",SportsDataVerse wehoop / ESPN WNBA Hidden API
99,400539559,2014,2014,Regular Season,Regular Season,2014-07-02,Wednesday,23:00,Indiana Fever,Washington Mystics,Washington Mystics,Indiana Fever,77,80,157,3,Indiana Fever,Washington Mystics,Away Win (80-77),77-80,Four 10-minute quarters,No,Capital One Arena,"Washington, DC",7096,Indiana Fever team victory,"Indiana Fever defeated Washington Mystics 80-77 in Regular Season at Capital One Arena (Washington, DC).",SportsDataVerse wehoop / ESPN WNBA Hidden API
100,400539560,2014,2014,Regular Season,Regular Season,2014-07-02,Wednesday,02:00,Chicago Sky,Phoenix Mercury,Phoenix Mercury,Chicago Sky,87,69,156,18,Phoenix Mercury,Chicago Sky,Home Win (87-69),87-69,Four 10-minute quarters,No,Footprint Center,"Phoenix, AZ",7845,Phoenix Mercury team victory,"Phoenix Mercury defeated Chicago Sky 87-69 in Regular Season at Footprint Center (Phoenix, AZ).",SportsDataVerse wehoop / ESPN WNBA Hidden API
101,400539561,2014,2014,Regular Season,Regular Season,2014-07-03,Thursday,23:00,Tulsa Shock,Connecticut Sun,Connecticut Sun,Tulsa Shock,83,96,179,13,Tulsa Shock,Connecticut Sun,Away Win (96-83),83-96,Four 10-minute quarters,No,Mohegan Sun Arena,"Uncasville, CT",5396,Tulsa Shock team victory,"Tulsa Shock defeated Connecticut Sun 96-83 in Regular Season at Mohegan Sun Arena (Uncasville, CT).",SportsDataVerse wehoop / ESPN WNBA Hidden API
102,400539562,2014,2014,Regular Season,Regular Season,2014-07-03,Thursday,00:00,San Antonio Stars,Minnesota Lynx,Minnesota Lynx,San Antonio Stars,91,84,175,7,Minnesota Lynx,San Antonio Stars,Home Win (91-84),91-84,Four 10-minute quarters,No,Target Center,"Minneapolis, MN",7622,Minnesota Lynx team victory,"Minnesota Lynx defeated San Antonio Stars 91-84 in Regular Season at Target Center (Minneapolis, MN).",SportsDataVerse wehoop / ESPN WNBA Hidden API
103,400539563,2014,2014,Regular Season,Regular Season,2014-07-03,Thursday,02:00,Los Angeles Sparks,Seattle Storm,Seattle Storm,Los Angeles Sparks,56,70,126,14,Los Angeles Sparks,Seattle Storm,Away Win (70-56),56-70,Four 10-minute quarters,No,KeyArena,"Seattle, WA",5288,Los Angeles Sparks team victory,"Los Angeles Sparks defeated Seattle Storm 70-56 in Regular Season at KeyArena (Seattle, WA).",SportsDataVerse wehoop / ESPN WNBA Hidden API
104,400539564,2014,2014,Regular Season,Regular Season,2014-07-05,Saturday,21:00,San Antonio Stars,Indiana Fever,Indiana Fever,San Antonio Stars,70,71,141,1,San Antonio Stars,Indiana Fever,Away Win (71-70),70-71,Four 10-minute quarters,No,Gainbridge Fieldhouse,"Indianapolis, IN",8531,San Antonio Stars team victory,"San Antonio Stars defeated Indiana Fever 71-70 in Regular Season at Gainbridge Fieldhouse (Indianapolis, IN).",SportsDataVerse wehoop / ESPN WNBA Hidden API
105,400539565,2014,2014,Regular Season,Regular Season,2014-07-05,Saturday,23:00,Washington Mystics,Atlanta Dream,Atlanta Dream,Washington Mystics,86,73,159,13,Atlanta Dream,Washington Mystics,Home Win (86-73),86-73,Four 10-minute quarters,No,State Farm Arena,"Atlanta, GA",6382,Atlanta Dream team victory,"Atlanta Dream defeated Washington Mystics 86-73 in Regular Season at State Farm Arena (Atlanta, GA).",SportsDataVerse wehoop / ESPN WNBA Hidden API
106,400539566,2014,2014,Regular Season,Regular Season,2014-07-05,Saturday,00:00,Connecticut Sun,Tulsa Shock,Tulsa Shock,Connecticut Sun,76,78,154,2,Connecticut Sun,Tulsa Shock,Away Win (78-76),76-78,Four 10-minute quarters,No,BOK Center,"Tulsa, OK",5943,Connecticut Sun team victory,"Connecticut Sun defeated Tulsa Shock 78-76 in Regular Season at BOK Center (Tulsa, OK).",SportsDataVerse wehoop / ESPN WNBA Hidden API
107,400539567,2014,2014,Regular Season,Regular Season,2014-07-05,Saturday,02:00,Chicago Sky,Seattle Storm,Seattle Storm,Chicago Sky,80,73,153,7,Seattle Storm,Chicago Sky,Home Win (80-73),80-73,Four 10-minute quarters,No,KeyArena,"Seattle, WA",6387,Seattle Storm team victory,"Seattle Storm defeated Chicago Sky 80-73 in Regular Season at KeyArena (Seattle, WA).",SportsDataVerse wehoop / ESPN WNBA Hidden API
108,400539568,2014,2014,Regular Season,Regular Season,2014-07-06,Sunday,18:00,Minnesota Lynx,New York Liberty,New York Liberty,Minnesota Lynx,87,80,167,7,New York Liberty,Minnesota Lynx,Home Win (87-80),87-80,Four 10-minute quarters,No,Madison Square Garden,"New York, NY",8151,New York Liberty team victory,"New York Liberty defeated Minnesota Lynx 87-80 in Regular Season at Madison Square Garden (New York, NY).",SportsDataVerse wehoop / ESPN WNBA Hidden API
109,400539569,2014,2014,Regular Season,Regular Season,2014-07-06,Sunday,20:00,Phoenix Mercury,Los Angeles Sparks,Los Angeles Sparks,Phoenix Mercury,89,94,183,5,Phoenix Mercury,Los Angeles Sparks,Away Win (94-89),89-94,Four 10-minute quarters,No,crypto.com Arena,"Los Angeles, CA",8064,Phoenix Mercury team victory,"Phoenix Mercury defeated Los Angeles Sparks 94-89 in Regular Season at crypto.com Arena (Los Angeles, CA).",SportsDataVerse wehoop / ESPN WNBA Hidden API
110,400539570,2014,2014,Regular Season,Regular Season,2014-07-08,Tuesday,23:00,Connecticut Sun,Atlanta Dream,Atlanta Dream,Connecticut Sun,83,71,154,12,Atlanta Dream,Connecticut Sun,Home Win (83-71),83-71,Four 10-minute quarters,No,McCamish Pavilion,"Atlanta, GA",3496,Atlanta Dream team victory,"Atlanta Dream defeated Connecticut Sun 83-71 in Regular Season at McCamish Pavilion (Atlanta, GA).",SportsDataVerse wehoop / ESPN WNBA Hidden API
111,400539571,2014,2014,Regular Season,Regular Season,2014-07-08,Tuesday,00:00,Indiana Fever,Tulsa Shock,Tulsa Shock,Indiana Fever,76,78,154,2,Indiana Fever,Tulsa Shock,Away Win (78-76),76-78,Four 10-minute quarters,No,BOK Center,"Tulsa, OK",4107,Indiana Fever team victory,"Indiana Fever defeated Tulsa Shock 78-76 in Regular Season at BOK Center (Tulsa, OK).",SportsDataVerse wehoop / ESPN WNBA Hidden API
112,400539572,2014,2014,Regular Season,Regular Season,2014-07-08,Tuesday,01:00,Los Angeles Sparks,Minnesota Lynx,Minnesota Lynx,Los Angeles Sparks,83,72,155,11,Minnesota Lynx,Los Angeles Sparks,Home Win (83-72),83-72,Four 10-minute quarters,No,Target Center,"Minneapolis, MN",7920,Minnesota Lynx team victory,"Minnesota Lynx defeated Los Angeles Sparks 83-72 in Regular Season at Target Center (Minneapolis, MN).",SportsDataVerse wehoop / ESPN WNBA Hidden API
113,400539573,2014,2014,Regular Season,Regular Season,2014-07-09,Wednesday,16:30,Washington Mystics,Chicago Sky,Chicago Sky,Washington Mystics,65,72,137,7,Washington Mystics,Chicago Sky,Away Win (72-65),65-72,Four 10-minute quarters,No,Allstate Arena,"Glenview, IL",16402,Washington Mystics team victory,"Washington Mystics defeated Chicago Sky 72-65 in Regular Season at Allstate Arena (Glenview, IL).",SportsDataVerse wehoop / ESPN WNBA Hidden API
114,400539574,2014,2014,Regular Season,Regular Season,2014-07-09,Wednesday,19:30,Seattle Storm,Phoenix Mercury,Phoenix Mercury,Seattle Storm,78,58,136,20,Phoenix Mercury,Seattle Storm,Home Win (78-58),78-58,Four 10-minute quarters,No,Footprint Center,"Phoenix, AZ",9155,Phoenix Mercury team victory,"Phoenix Mercury defeated Seattle Storm 78-58 in Regular Season at Footprint Center (Phoenix, AZ).",SportsDataVerse wehoop / ESPN WNBA Hidden API
115,400539575,2014,2014,Regular Season,Regular Season,2014-07-09,Wednesday,00:00,New York Liberty,San Antonio Stars,San Antonio Stars,New York Liberty,80,66,146,14,San Antonio Stars,New York Liberty,Home Win (80-66),80-66,Four 10-minute quarters,No,AT&T Center,"San Antonio, TX",5917,San Antonio Stars team victory,"San Antonio Stars defeated New York Liberty 80-66 in Regular Season at AT&T Center (San Antonio, TX).",SportsDataVerse wehoop / ESPN WNBA Hidden API
116,400539576,2014,2014,Regular Season,Regular Season,2014-07-10,Thursday,16:00,Connecticut Sun,Indiana Fever,Indiana Fever,Connecticut Sun,72,68,140,4,Indiana Fever,Connecticut Sun,Home Win (72-68),72-68,Four 10-minute quarters,No,Gainbridge Fieldhouse,"Indianapolis, IN",10440,Indiana Fever team victory,"Indiana Fever defeated Connecticut Sun 72-68 in Regular Season at Gainbridge Fieldhouse (Indianapolis, IN).",SportsDataVerse wehoop / ESPN WNBA Hidden API
117,400539577,2014,2014,Regular Season,Regular Season,2014-07-10,Thursday,00:00,Minnesota Lynx,Tulsa Shock,Tulsa Shock,Minnesota Lynx,85,91,176,6,Minnesota Lynx,Tulsa Shock,Away Win (91-85),85-91,Four 10-minute quarters,No,BOK Center,"Tulsa, OK",4961,Minnesota Lynx team victory,"Minnesota Lynx defeated Tulsa Shock 91-85 in Regular Season at BOK Center (Tulsa, OK).",SportsDataVerse wehoop / ESPN WNBA Hidden API
118,400539578,2014,2014,Regular Season,Regular Season,2014-07-11,Friday,23:30,Los Angeles Sparks,New York Liberty,New York Liberty,Los Angeles Sparks,54,68,122,14,Los Angeles Sparks,New York Liberty,Away Win (68-54),54-68,Four 10-minute quarters,No,Madison Square Garden,"New York, NY",9632,Los Angeles Sparks team victory,"Los Angeles Sparks defeated New York Liberty 68-54 in Regular Season at Madison Square Garden (New York, NY).",SportsDataVerse wehoop / ESPN WNBA Hidden API
119,400539579,2014,2014,Regular Season,Regular Season,2014-07-11,Friday,00:00,Seattle Storm,San Antonio Stars,San Antonio Stars,Seattle Storm,67,88,155,21,Seattle Storm,San Antonio Stars,Away Win (88-67),67-88,Four 10-minute quarters,No,AT&T Center,"San Antonio, TX",12117,Seattle Storm team victory,"Seattle Storm defeated San Antonio Stars 88-67 in Regular Season at AT&T Center (San Antonio, TX).",SportsDataVerse wehoop / ESPN WNBA Hidden API
120,400539580,2014,2014,Regular Season,Regular Season,2014-07-11,Friday,00:30,Phoenix Mercury,Chicago Sky,Chicago Sky,Phoenix Mercury,66,72,138,6,Phoenix Mercury,Chicago Sky,Away Win (72-66),66-72,Four 10-minute quarters,No,Allstate Arena,"Glenview, IL",7076,Phoenix Mercury team victory,"Phoenix Mercury defeated Chicago Sky 72-66 in Regular Season at Allstate Arena (Glenview, IL).",SportsDataVerse wehoop / ESPN WNBA Hidden API
121,400539581,2014,2014,Regular Season,Regular Season,2014-07-12,Saturday,23:00,Atlanta Dream,Indiana Fever,Indiana Fever,Atlanta Dream,74,93,167,19,Atlanta Dream,Indiana Fever,Away Win (93-74),74-93,Four 10-minute quarters,No,Gainbridge Fieldhouse,"Indianapolis, IN",8562,Atlanta Dream team victory,"Atlanta Dream defeated Indiana Fever 93-74 in Regular Season at Gainbridge Fieldhouse (Indianapolis, IN).",SportsDataVerse wehoop / ESPN WNBA Hidden API
122,400539582,2014,2014,Regular Season,Regular Season,2014-07-12,Saturday,00:00,Washington Mystics,Tulsa Shock,Tulsa Shock,Washington Mystics,74,91,165,17,Washington Mystics,Tulsa Shock,Away Win (91-74),74-91,Four 10-minute quarters,No,BOK Center,"Tulsa, OK",5958,Washington Mystics team victory,"Washington Mystics defeated Tulsa Shock 91-74 in Regular Season at BOK Center (Tulsa, OK).",SportsDataVerse wehoop / ESPN WNBA Hidden API
123,400539583,2014,2014,Regular Season,Regular Season,2014-07-13,Sunday,17:00,Los Angeles Sparks,Connecticut Sun,Connecticut Sun,Los Angeles Sparks,64,90,154,26,Los Angeles Sparks,Connecticut Sun,Away Win (90-64),64-90,Four 10-minute quarters,No,Mohegan Sun Arena,"Uncasville, CT",6817,Los Angeles Sparks team victory,"Los Angeles Sparks defeated Connecticut Sun 90-64 in Regular Season at Mohegan Sun Arena (Uncasville, CT).",SportsDataVerse wehoop / ESPN WNBA Hidden API
124,400539584,2014,2014,Regular Season,Regular Season,2014-07-13,Sunday,19:00,Seattle Storm,Minnesota Lynx,Minnesota Lynx,Seattle Storm,77,60,137,17,Minnesota Lynx,Seattle Storm,Home Win (77-60),77-60,Four 10-minute quarters,No,Target Center,"Minneapolis, MN",9114,Minnesota Lynx team victory,"Minnesota Lynx defeated Seattle Storm 77-60 in Regular Season at Target Center (Minneapolis, MN).",SportsDataVerse wehoop / ESPN WNBA Hidden API
125,400539585,2014,2014,Regular Season,Regular Season,2014-07-13,Sunday,22:00,San Antonio Stars,Phoenix Mercury,Phoenix Mercury,San Antonio Stars,90,61,151,29,Phoenix Mercury,San Antonio Stars,Home Win (90-61),90-61,Four 10-minute quarters,No,Footprint Center,"Phoenix, AZ",9044,Phoenix Mercury team victory,"Phoenix Mercury defeated San Antonio Stars 90-61 in Regular Season at Footprint Center (Phoenix, AZ).",SportsDataVerse wehoop / ESPN WNBA Hidden API
126,400539587,2014,2014,Regular Season,Regular Season,2014-07-15,Tuesday,19:00,Connecticut Sun,Seattle Storm,Seattle Storm,Connecticut Sun,63,86,149,23,Connecticut Sun,Seattle Storm,Away Win (86-63),63-86,Four 10-minute quarters,No,KeyArena,"Seattle, WA",8782,Connecticut Sun team victory,"Connecticut Sun defeated Seattle Storm 86-63 in Regular Season at KeyArena (Seattle, WA).",SportsDataVerse wehoop / ESPN WNBA Hidden API
127,400539588,2014,2014,Regular Season,Regular Season,2014-07-15,Tuesday,00:00,Los Angeles Sparks,Indiana Fever,Indiana Fever,Los Angeles Sparks,78,86,164,8,Los Angeles Sparks,Indiana Fever,Away Win (86-78),78-86,Four 10-minute quarters,No,Gainbridge Fieldhouse,"Indianapolis, IN",7835,Los Angeles Sparks team victory,"Los Angeles Sparks defeated Indiana Fever 86-78 in Regular Season at Gainbridge Fieldhouse (Indianapolis, IN).",SportsDataVerse wehoop / ESPN WNBA Hidden API
128,400539589,2014,2014,Regular Season,Regular Season,2014-07-15,Tuesday,02:00,Washington Mystics,Phoenix Mercury,Phoenix Mercury,Washington Mystics,90,78,168,12,Phoenix Mercury,Washington Mystics,Home Win (90-78),90-78,Four 10-minute quarters,No,Footprint Center,"Phoenix, AZ",8229,Phoenix Mercury team victory,"Phoenix Mercury defeated Washington Mystics 90-78 in Regular Season at Footprint Center (Phoenix, AZ).",SportsDataVerse wehoop / ESPN WNBA Hidden API
129,400539590,2014,2014,Regular Season,Regular Season,2014-07-16,Wednesday,15:00,Atlanta Dream,New York Liberty,New York Liberty,Atlanta Dream,77,75,152,2,New York Liberty,Atlanta Dream,Home Win (77-75),77-75,Four 10-minute quarters,No,Madison Square Garden,"New York, NY",17252,New York Liberty team victory,"New York Liberty defeated Atlanta Dream 77-75 in Regular Season at Madison Square Garden (New York, NY).",SportsDataVerse wehoop / ESPN WNBA Hidden API
130,400539591,2014,2014,Regular Season,Regular Season,2014-07-16,Wednesday,17:00,Tulsa Shock,Minnesota Lynx,Minnesota Lynx,Tulsa Shock,93,82,175,11,Minnesota Lynx,Tulsa Shock,Home Win (93-82),93-82,Four 10-minute quarters,No,Target Center,"Minneapolis, MN",16413,Minnesota Lynx team victory,"Minnesota Lynx defeated Tulsa Shock 93-82 in Regular Season at Target Center (Minneapolis, MN).",SportsDataVerse wehoop / ESPN WNBA Hidden API
131,400539592,2014,2014,Regular Season,Regular Season,2014-07-17,Thursday,16:30,San Antonio Stars,Tulsa Shock,Tulsa Shock,San Antonio Stars,95,90,185,5,Tulsa Shock,San Antonio Stars,Home Win (95-90),95-90,Four 10-minute quarters,No,BOK Center,"Tulsa, OK",6165,Tulsa Shock team victory,"Tulsa Shock defeated San Antonio Stars 95-90 in Regular Season at BOK Center (Tulsa, OK).",SportsDataVerse wehoop / ESPN WNBA Hidden API
132,400539593,2014,2014,Regular Season,Regular Season,2014-07-17,Thursday,23:00,Chicago Sky,Indiana Fever,Indiana Fever,Chicago Sky,82,64,146,18,Indiana Fever,Chicago Sky,Home Win (82-64),82-64,Four 10-minute quarters,No,Gainbridge Fieldhouse,"Indianapolis, IN",8333,Indiana Fever team victory,"Indiana Fever defeated Chicago Sky 82-64 in Regular Season at Gainbridge Fieldhouse (Indianapolis, IN).",SportsDataVerse wehoop / ESPN WNBA Hidden API
133,400539594,2014,2014,Regular Season,Regular Season,2014-07-17,Thursday,02:00,Connecticut Sun,Phoenix Mercury,Phoenix Mercury,Connecticut Sun,101,85,186,16,Phoenix Mercury,Connecticut Sun,Home Win (101-85),101-85,Four 10-minute quarters,No,Footprint Center,"Phoenix, AZ",9400,Phoenix Mercury team victory,"Phoenix Mercury defeated Connecticut Sun 101-85 in Regular Season at Footprint Center (Phoenix, AZ).",SportsDataVerse wehoop / ESPN WNBA Hidden API
134,400539595,2014,2014,Regular Season,Regular Season,2014-07-17,Thursday,02:30,Washington Mystics,Los Angeles Sparks,Los Angeles Sparks,Washington Mystics,75,79,154,4,Washington Mystics,Los Angeles Sparks,Away Win (79-75),75-79,Four 10-minute quarters,No,crypto.com Arena,"Los Angeles, CA",7240,Washington Mystics team victory,"Washington Mystics defeated Los Angeles Sparks 79-75 in Regular Season at crypto.com Arena (Los Angeles, CA).",SportsDataVerse wehoop / ESPN WNBA Hidden API
135,400562214,2014,2014,Not applicable,All-Star Game,2014-07-19,Saturday,19:30,EAST,WEST,WEST,EAST,124,125,249,1,EAST,WEST,Away Win (125-124),124-125,Four 10-minute quarters,Yes,Footprint Center,"Phoenix, AZ",14685,EAST team victory (OT),"EAST edged WEST 125-124 in overtime at Footprint Center (Phoenix, AZ).",SportsDataVerse wehoop / ESPN WNBA Hidden API
136,400539596,2014,2014,Regular Season,Regular Season,2014-07-22,Tuesday,00:00,Indiana Fever,Chicago Sky,Chicago Sky,Indiana Fever,60,57,117,3,Chicago Sky,Indiana Fever,Home Win (60-57),60-57,Four 10-minute quarters,No,Allstate Arena,"Glenview, IL",5891,Chicago Sky team victory,"Chicago Sky defeated Indiana Fever 60-57 in Regular Season at Allstate Arena (Glenview, IL).",SportsDataVerse wehoop / ESPN WNBA Hidden API
137,400539597,2014,2014,Regular Season,Regular Season,2014-07-22,Tuesday,00:00,Tulsa Shock,San Antonio Stars,San Antonio Stars,Tulsa Shock,95,93,188,2,San Antonio Stars,Tulsa Shock,Home Win (95-93),95-93,Four 10-minute quarters,No,AT&T Center,"San Antonio, TX",6041,San Antonio Stars team victory,"San Antonio Stars defeated Tulsa Shock 95-93 in Regular Season at AT&T Center (San Antonio, TX).",SportsDataVerse wehoop / ESPN WNBA Hidden API
138,400539599,2014,2014,Regular Season,Regular Season,2014-07-22,Tuesday,00:00,Atlanta Dream,Minnesota Lynx,Minnesota Lynx,Atlanta Dream,112,108,220,4,Minnesota Lynx,Atlanta Dream,Home Win (112-108),112-108,Four 10-minute quarters,Yes,Target Center,"Minneapolis, MN",9332,Minnesota Lynx team victory (OT),"Minnesota Lynx edged Atlanta Dream 112-108 in overtime at Target Center (Minneapolis, MN).",SportsDataVerse wehoop / ESPN WNBA Hidden API
139,400539598,2014,2014,Regular Season,Regular Season,2014-07-22,Tuesday,02:00,Phoenix Mercury,Seattle Storm,Seattle Storm,Phoenix Mercury,71,89,160,18,Phoenix Mercury,Seattle Storm,Away Win (89-71),71-89,Four 10-minute quarters,No,KeyArena,"Seattle, WA",7429,Phoenix Mercury team victory,"Phoenix Mercury defeated Seattle Storm 89-71 in Regular Season at KeyArena (Seattle, WA).",SportsDataVerse wehoop / ESPN WNBA Hidden API
140,400539600,2014,2014,Regular Season,Regular Season,2014-07-23,Wednesday,15:30,Connecticut Sun,Washington Mystics,Washington Mystics,Connecticut Sun,89,75,164,14,Washington Mystics,Connecticut Sun,Home Win (89-75),89-75,Four 10-minute quarters,No,Capital One Arena,"Washington, DC",16028,Washington Mystics team victory,"Washington Mystics defeated Connecticut Sun 89-75 in Regular Season at Capital One Arena (Washington, DC).",SportsDataVerse wehoop / ESPN WNBA Hidden API
141,400539601,2014,2014,Regular Season,Regular Season,2014-07-23,Wednesday,02:30,New York Liberty,Los Angeles Sparks,Los Angeles Sparks,New York Liberty,64,66,130,2,New York Liberty,Los Angeles Sparks,Away Win (66-64),64-66,Four 10-minute quarters,No,crypto.com Arena,"Los Angeles, CA",9089,New York Liberty team victory,"New York Liberty defeated Los Angeles Sparks 66-64 in Regular Season at crypto.com Arena (Los Angeles, CA).",SportsDataVerse wehoop / ESPN WNBA Hidden API
142,400539602,2014,2014,Regular Season,Regular Season,2014-07-24,Thursday,02:00,New York Liberty,Seattle Storm,Seattle Storm,New York Liberty,80,84,164,4,New York Liberty,Seattle Storm,Away Win (84-80),80-84,Four 10-minute quarters,Yes,KeyArena,"Seattle, WA",4863,New York Liberty team victory (OT),"New York Liberty edged Seattle Storm 84-80 in overtime at KeyArena (Seattle, WA).",SportsDataVerse wehoop / ESPN WNBA Hidden API
143,400539603,2014,2014,Regular Season,Regular Season,2014-07-24,Thursday,02:30,Phoenix Mercury,Los Angeles Sparks,Los Angeles Sparks,Phoenix Mercury,73,93,166,20,Phoenix Mercury,Los Angeles Sparks,Away Win (93-73),73-93,Four 10-minute quarters,No,crypto.com Arena,"Los Angeles, CA",10047,Phoenix Mercury team victory,"Phoenix Mercury defeated Los Angeles Sparks 93-73 in Regular Season at crypto.com Arena (Los Angeles, CA).",SportsDataVerse wehoop / ESPN WNBA Hidden API
144,400539604,2014,2014,Regular Season,Regular Season,2014-07-25,Friday,23:00,Tulsa Shock,Washington Mystics,Washington Mystics,Tulsa Shock,82,77,159,5,Washington Mystics,Tulsa Shock,Home Win (82-77),82-77,Four 10-minute quarters,No,Capital One Arena,"Washington, DC",8616,Washington Mystics team victory,"Washington Mystics defeated Tulsa Shock 82-77 in Regular Season at Capital One Arena (Washington, DC).",SportsDataVerse wehoop / ESPN WNBA Hidden API
145,400539605,2014,2014,Regular Season,Regular Season,2014-07-25,Friday,23:30,Chicago Sky,Atlanta Dream,Atlanta Dream,Chicago Sky,75,79,154,4,Chicago Sky,Atlanta Dream,Away Win (79-75),75-79,Four 10-minute quarters,No,McCamish Pavilion,"Atlanta, GA",4544,Chicago Sky team victory,"Chicago Sky defeated Atlanta Dream 79-75 in Regular Season at McCamish Pavilion (Atlanta, GA).",SportsDataVerse wehoop / ESPN WNBA Hidden API
146,400539606,2014,2014,Regular Season,Regular Season,2014-07-25,Friday,00:00,San Antonio Stars,Minnesota Lynx,Minnesota Lynx,San Antonio Stars,88,78,166,10,Minnesota Lynx,San Antonio Stars,Home Win (88-78),88-78,Four 10-minute quarters,No,Target Center,"Minneapolis, MN",9104,Minnesota Lynx team victory,"Minnesota Lynx defeated San Antonio Stars 88-78 in Regular Season at Target Center (Minneapolis, MN).",SportsDataVerse wehoop / ESPN WNBA Hidden API
147,400539609,2014,2014,Regular Season,Regular Season,2014-07-26,Saturday,20:00,Los Angeles Sparks,Seattle Storm,Seattle Storm,Los Angeles Sparks,69,77,146,8,Los Angeles Sparks,Seattle Storm,Away Win (77-69),69-77,Four 10-minute quarters,No,KeyArena,"Seattle, WA",5546,Los Angeles Sparks team victory,"Los Angeles Sparks defeated Seattle Storm 77-69 in Regular Season at KeyArena (Seattle, WA).",SportsDataVerse wehoop / ESPN WNBA Hidden API
148,400539607,2014,2014,Regular Season,Regular Season,2014-07-26,Saturday,00:00,Indiana Fever,San Antonio Stars,San Antonio Stars,Indiana Fever,68,75,143,7,Indiana Fever,San Antonio Stars,Away Win (75-68),68-75,Four 10-minute quarters,No,AT&T Center,"San Antonio, TX",7649,Indiana Fever team victory,"Indiana Fever defeated San Antonio Stars 75-68 in Regular Season at AT&T Center (San Antonio, TX).",SportsDataVerse wehoop / ESPN WNBA Hidden API
149,400539608,2014,2014,Regular Season,Regular Season,2014-07-26,Saturday,02:00,New York Liberty,Phoenix Mercury,Phoenix Mercury,New York Liberty,78,63,141,15,Phoenix Mercury,New York Liberty,Home Win (78-63),78-63,Four 10-minute quarters,No,Footprint Center,"Phoenix, AZ",9527,Phoenix Mercury team victory,"Phoenix Mercury defeated New York Liberty 78-63 in Regular Season at Footprint Center (Phoenix, AZ).",SportsDataVerse wehoop / ESPN WNBA Hidden API
150,400539610,2014,2014,Regular Season,Regular Season,2014-07-27,Sunday,19:00,Minnesota Lynx,Connecticut Sun,Connecticut Sun,Minnesota Lynx,65,76,141,11,Minnesota Lynx,Connecticut Sun,Away Win (76-65),65-76,Four 10-minute quarters,No,Mohegan Sun Arena,"Uncasville, CT",8019,Minnesota Lynx team victory,"Minnesota Lynx defeated Connecticut Sun 76-65 in Regular Season at Mohegan Sun Arena (Uncasville, CT).",SportsDataVerse wehoop / ESPN WNBA Hidden API
151,400539611,2014,2014,Regular Season,Regular Season,2014-07-27,Sunday,20:00,Atlanta Dream,Washington Mystics,Washington Mystics,Atlanta Dream,77,67,144,10,Washington Mystics,Atlanta Dream,Home Win (77-67),77-67,Four 10-minute quarters,No,Capital One Arena,"Washington, DC",8137,Washington Mystics team victory,"Washington Mystics defeated Atlanta Dream 77-67 in Regular Season at Capital One Arena (Washington, DC).",SportsDataVerse wehoop / ESPN WNBA Hidden API
152,400539612,2014,2014,Regular Season,Regular Season,2014-07-27,Sunday,20:30,Chicago Sky,Tulsa Shock,Tulsa Shock,Chicago Sky,79,69,148,10,Tulsa Shock,Chicago Sky,Home Win (79-69),79-69,Four 10-minute quarters,No,BOK Center,"Tulsa, OK",5540,Tulsa Shock team victory,"Tulsa Shock defeated Chicago Sky 79-69 in Regular Season at BOK Center (Tulsa, OK).",SportsDataVerse wehoop / ESPN WNBA Hidden API
153,400539613,2014,2014,Regular Season,Regular Season,2014-07-28,Monday,02:30,Indiana Fever,Los Angeles Sparks,Los Angeles Sparks,Indiana Fever,77,73,150,4,Los Angeles Sparks,Indiana Fever,Home Win (77-73),77-73,Four 10-minute quarters,No,crypto.com Arena,"Los Angeles, CA",6413,Los Angeles Sparks team victory,"Los Angeles Sparks defeated Indiana Fever 77-73 in Regular Season at crypto.com Arena (Los Angeles, CA).",SportsDataVerse wehoop / ESPN WNBA Hidden API
154,400539614,2014,2014,Regular Season,Regular Season,2014-07-29,Tuesday,16:00,Connecticut Sun,Atlanta Dream,Atlanta Dream,Connecticut Sun,89,80,169,9,Atlanta Dream,Connecticut Sun,Home Win (89-80),89-80,Four 10-minute quarters,No,State Farm Arena,"Atlanta, GA",4308,Atlanta Dream team victory,"Atlanta Dream defeated Connecticut Sun 89-80 in Regular Season at State Farm Arena (Atlanta, GA).",SportsDataVerse wehoop / ESPN WNBA Hidden API
155,400539615,2014,2014,Regular Season,Regular Season,2014-07-29,Tuesday,23:00,Washington Mystics,New York Liberty,New York Liberty,Washington Mystics,80,76,156,4,New York Liberty,Washington Mystics,Home Win (80-76),80-76,Four 10-minute quarters,Yes,Madison Square Garden,"New York, NY",8946,New York Liberty team victory (OT),"New York Liberty edged Washington Mystics 80-76 in overtime at Madison Square Garden (New York, NY).",SportsDataVerse wehoop / ESPN WNBA Hidden API
156,400539616,2014,2014,Regular Season,Regular Season,2014-07-29,Tuesday,00:00,Chicago Sky,San Antonio Stars,San Antonio Stars,Chicago Sky,92,74,166,18,San Antonio Stars,Chicago Sky,Home Win (92-74),92-74,Four 10-minute quarters,No,AT&T Center,"San Antonio, TX",8986,San Antonio Stars team victory,"San Antonio Stars defeated Chicago Sky 92-74 in Regular Season at AT&T Center (San Antonio, TX).",SportsDataVerse wehoop / ESPN WNBA Hidden API
157,400539617,2014,2014,Regular Season,Regular Season,2014-07-29,Tuesday,00:00,Seattle Storm,Tulsa Shock,Tulsa Shock,Seattle Storm,80,74,154,6,Tulsa Shock,Seattle Storm,Home Win (80-74),80-74,Four 10-minute quarters,No,BOK Center,"Tulsa, OK",4735,Tulsa Shock team victory,"Tulsa Shock defeated Seattle Storm 80-74 in Regular Season at BOK Center (Tulsa, OK).",SportsDataVerse wehoop / ESPN WNBA Hidden API
158,400539618,2014,2014,Regular Season,Regular Season,2014-07-29,Tuesday,02:00,Los Angeles Sparks,Phoenix Mercury,Phoenix Mercury,Los Angeles Sparks,90,69,159,21,Phoenix Mercury,Los Angeles Sparks,Home Win (90-69),90-69,Four 10-minute quarters,No,Footprint Center,"Phoenix, AZ",8983,Phoenix Mercury team victory,"Phoenix Mercury defeated Los Angeles Sparks 90-69 in Regular Season at Footprint Center (Phoenix, AZ).",SportsDataVerse wehoop / ESPN WNBA Hidden API
159,400539619,2014,2014,Regular Season,Regular Season,2014-07-31,Thursday,00:00,New York Liberty,Chicago Sky,Chicago Sky,New York Liberty,87,74,161,13,Chicago Sky,New York Liberty,Home Win (87-74),87-74,Four 10-minute quarters,No,Allstate Arena,"Glenview, IL",6043,Chicago Sky team victory,"Chicago Sky defeated New York Liberty 87-74 in Regular Season at Allstate Arena (Glenview, IL).",SportsDataVerse wehoop / ESPN WNBA Hidden API
160,400539620,2014,2014,Regular Season,Regular Season,2014-07-31,Thursday,00:00,Phoenix Mercury,Minnesota Lynx,Minnesota Lynx,Phoenix Mercury,75,67,142,8,Minnesota Lynx,Phoenix Mercury,Home Win (75-67),75-67,Four 10-minute quarters,No,Target Center,"Minneapolis, MN",9513,Minnesota Lynx team victory,"Minnesota Lynx defeated Phoenix Mercury 75-67 in Regular Season at Target Center (Minneapolis, MN).",SportsDataVerse wehoop / ESPN WNBA Hidden API
161,400539621,2014,2014,Regular Season,Regular Season,2014-07-31,Thursday,00:00,Atlanta Dream,Tulsa Shock,Tulsa Shock,Atlanta Dream,75,85,160,10,Atlanta Dream,Tulsa Shock,Away Win (85-75),75-85,Four 10-minute quarters,No,BOK Center,"Tulsa, OK",6841,Atlanta Dream team victory,"Atlanta Dream defeated Tulsa Shock 85-75 in Regular Season at BOK Center (Tulsa, OK).",SportsDataVerse wehoop / ESPN WNBA Hidden API
162,400539622,2014,2014,Regular Season,Regular Season,2014-07-31,Thursday,02:00,Indiana Fever,Seattle Storm,Seattle Storm,Indiana Fever,67,76,143,9,Indiana Fever,Seattle Storm,Away Win (76-67),67-76,Four 10-minute quarters,No,KeyArena,"Seattle, WA",6179,Indiana Fever team victory,"Indiana Fever defeated Seattle Storm 76-67 in Regular Season at KeyArena (Seattle, WA).",SportsDataVerse wehoop / ESPN WNBA Hidden API
163,400539623,2014,2014,Regular Season,Regular Season,2014-08-01,Friday,00:00,Connecticut Sun,San Antonio Stars,San Antonio Stars,Connecticut Sun,79,89,168,10,Connecticut Sun,San Antonio Stars,Away Win (89-79),79-89,Four 10-minute quarters,No,AT&T Center,"San Antonio, TX",8816,Connecticut Sun team victory,"Connecticut Sun defeated San Antonio Stars 89-79 in Regular Season at AT&T Center (San Antonio, TX).",SportsDataVerse wehoop / ESPN WNBA Hidden API
164,400539624,2014,2014,Regular Season,Regular Season,2014-08-02,Saturday,00:00,Minnesota Lynx,Tulsa Shock,Tulsa Shock,Minnesota Lynx,75,84,159,9,Minnesota Lynx,Tulsa Shock,Away Win (84-75),75-84,Four 10-minute quarters,No,BOK Center,"Tulsa, OK",6339,Minnesota Lynx team victory,"Minnesota Lynx defeated Tulsa Shock 84-75 in Regular Season at BOK Center (Tulsa, OK).",SportsDataVerse wehoop / ESPN WNBA Hidden API
165,400539625,2014,2014,Regular Season,Regular Season,2014-08-02,Saturday,02:00,Indiana Fever,Phoenix Mercury,Phoenix Mercury,Indiana Fever,79,69,148,10,Phoenix Mercury,Indiana Fever,Home Win (79-69),79-69,Four 10-minute quarters,No,Footprint Center,"Phoenix, AZ",9239,Phoenix Mercury team victory,"Phoenix Mercury defeated Indiana Fever 79-69 in Regular Season at Footprint Center (Phoenix, AZ).",SportsDataVerse wehoop / ESPN WNBA Hidden API
166,400539626,2014,2014,Regular Season,Regular Season,2014-08-03,Sunday,19:00,New York Liberty,Atlanta Dream,Atlanta Dream,New York Liberty,76,83,159,7,New York Liberty,Atlanta Dream,Away Win (83-76),76-83,Four 10-minute quarters,No,State Farm Arena,"Atlanta, GA",6547,New York Liberty team victory,"New York Liberty defeated Atlanta Dream 83-76 in Regular Season at State Farm Arena (Atlanta, GA).",SportsDataVerse wehoop / ESPN WNBA Hidden API
167,400539627,2014,2014,Regular Season,Regular Season,2014-08-03,Sunday,19:30,Connecticut Sun,Los Angeles Sparks,Los Angeles Sparks,Connecticut Sun,70,69,139,1,Los Angeles Sparks,Connecticut Sun,Home Win (70-69),70-69,Four 10-minute quarters,No,crypto.com Arena,"Los Angeles, CA",8110,Los Angeles Sparks team victory,"Los Angeles Sparks defeated Connecticut Sun 70-69 in Regular Season at crypto.com Arena (Los Angeles, CA).",SportsDataVerse wehoop / ESPN WNBA Hidden API
168,400539628,2014,2014,Regular Season,Regular Season,2014-08-03,Sunday,22:00,Washington Mystics,Chicago Sky,Chicago Sky,Washington Mystics,76,65,141,11,Chicago Sky,Washington Mystics,Home Win (76-65),76-65,Four 10-minute quarters,No,Allstate Arena,"Glenview, IL",6107,Chicago Sky team victory,"Chicago Sky defeated Washington Mystics 76-65 in Regular Season at Allstate Arena (Glenview, IL).",SportsDataVerse wehoop / ESPN WNBA Hidden API
169,400539629,2014,2014,Regular Season,Regular Season,2014-08-03,Sunday,01:00,San Antonio Stars,Seattle Storm,Seattle Storm,San Antonio Stars,71,65,136,6,Seattle Storm,San Antonio Stars,Home Win (71-65),71-65,Four 10-minute quarters,No,KeyArena,"Seattle, WA",5736,Seattle Storm team victory,"Seattle Storm defeated San Antonio Stars 71-65 in Regular Season at KeyArena (Seattle, WA).",SportsDataVerse wehoop / ESPN WNBA Hidden API
170,400539630,2014,2014,Regular Season,Regular Season,2014-08-05,Tuesday,23:00,Chicago Sky,Connecticut Sun,Connecticut Sun,Chicago Sky,66,82,148,16,Chicago Sky,Connecticut Sun,Away Win (82-66),66-82,Four 10-minute quarters,No,Mohegan Sun Arena,"Uncasville, CT",5343,Chicago Sky team victory,"Chicago Sky defeated Connecticut Sun 82-66 in Regular Season at Mohegan Sun Arena (Uncasville, CT).",SportsDataVerse wehoop / ESPN WNBA Hidden API
171,400539631,2014,2014,Regular Season,Regular Season,2014-08-05,Tuesday,23:00,Minnesota Lynx,Indiana Fever,Indiana Fever,Minnesota Lynx,64,66,130,2,Minnesota Lynx,Indiana Fever,Away Win (66-64),64-66,Four 10-minute quarters,No,Gainbridge Fieldhouse,"Indianapolis, IN",6556,Minnesota Lynx team victory,"Minnesota Lynx defeated Indiana Fever 66-64 in Regular Season at Gainbridge Fieldhouse (Indianapolis, IN).",SportsDataVerse wehoop / ESPN WNBA Hidden API
172,400539632,2014,2014,Regular Season,Regular Season,2014-08-05,Tuesday,23:00,New York Liberty,Washington Mystics,Washington Mystics,New York Liberty,79,46,125,33,Washington Mystics,New York Liberty,Home Win (79-46),79-46,Four 10-minute quarters,No,Capital One Arena,"Washington, DC",7105,Washington Mystics team victory,"Washington Mystics defeated New York Liberty 79-46 in Regular Season at Capital One Arena (Washington, DC).",SportsDataVerse wehoop / ESPN WNBA Hidden API
173,400539633,2014,2014,Regular Season,Regular Season,2014-08-05,Tuesday,02:00,Atlanta Dream,Phoenix Mercury,Phoenix Mercury,Atlanta Dream,75,67,142,8,Phoenix Mercury,Atlanta Dream,Home Win (75-67),75-67,Four 10-minute quarters,No,Footprint Center,"Phoenix, AZ",12346,Phoenix Mercury team victory,"Phoenix Mercury defeated Atlanta Dream 75-67 in Regular Season at Footprint Center (Phoenix, AZ).",SportsDataVerse wehoop / ESPN WNBA Hidden API
174,400539634,2014,2014,Regular Season,Regular Season,2014-08-05,Tuesday,02:30,Tulsa Shock,Los Angeles Sparks,Los Angeles Sparks,Tulsa Shock,90,96,186,6,Tulsa Shock,Los Angeles Sparks,Away Win (96-90),90-96,Four 10-minute quarters,No,crypto.com Arena,"Los Angeles, CA",7832,Tulsa Shock team victory,"Tulsa Shock defeated Los Angeles Sparks 96-90 in Regular Season at crypto.com Arena (Los Angeles, CA).",SportsDataVerse wehoop / ESPN WNBA Hidden API
175,400539635,2014,2014,Regular Season,Regular Season,2014-08-07,Thursday,00:00,Chicago Sky,Minnesota Lynx,Minnesota Lynx,Chicago Sky,74,64,138,10,Minnesota Lynx,Chicago Sky,Home Win (74-64),74-64,Four 10-minute quarters,No,Target Center,"Minneapolis, MN",9222,Minnesota Lynx team victory,"Minnesota Lynx defeated Chicago Sky 74-64 in Regular Season at Target Center (Minneapolis, MN).",SportsDataVerse wehoop / ESPN WNBA Hidden API
176,400539636,2014,2014,Regular Season,Regular Season,2014-08-07,Thursday,00:00,Phoenix Mercury,San Antonio Stars,San Antonio Stars,Phoenix Mercury,73,78,151,5,Phoenix Mercury,San Antonio Stars,Away Win (78-73),73-78,Four 10-minute quarters,Yes,AT&T Center,"San Antonio, TX",7022,Phoenix Mercury team victory (OT),"Phoenix Mercury edged San Antonio Stars 78-73 in overtime at AT&T Center (San Antonio, TX).",SportsDataVerse wehoop / ESPN WNBA Hidden API
177,400539637,2014,2014,Regular Season,Regular Season,2014-08-07,Thursday,02:00,Atlanta Dream,Seattle Storm,Seattle Storm,Atlanta Dream,88,68,156,20,Seattle Storm,Atlanta Dream,Home Win (88-68),88-68,Four 10-minute quarters,No,KeyArena,"Seattle, WA",9686,Seattle Storm team victory,"Seattle Storm defeated Atlanta Dream 88-68 in Regular Season at KeyArena (Seattle, WA).",SportsDataVerse wehoop / ESPN WNBA Hidden API
178,400539638,2014,2014,Regular Season,Regular Season,2014-08-08,Friday,23:00,Washington Mystics,Indiana Fever,Indiana Fever,Washington Mystics,61,74,135,13,Washington Mystics,Indiana Fever,Away Win (74-61),61-74,Four 10-minute quarters,No,Gainbridge Fieldhouse,"Indianapolis, IN",7089,Washington Mystics team victory,"Washington Mystics defeated Indiana Fever 74-61 in Regular Season at Gainbridge Fieldhouse (Indianapolis, IN).",SportsDataVerse wehoop / ESPN WNBA Hidden API
179,400539639,2014,2014,Regular Season,Regular Season,2014-08-08,Friday,23:30,Connecticut Sun,New York Liberty,New York Liberty,Connecticut Sun,71,66,137,5,New York Liberty,Connecticut Sun,Home Win (71-66),71-66,Four 10-minute quarters,No,Madison Square Garden,"New York, NY",9125,New York Liberty team victory,"New York Liberty defeated Connecticut Sun 71-66 in Regular Season at Madison Square Garden (New York, NY).",SportsDataVerse wehoop / ESPN WNBA Hidden API
180,400539640,2014,2014,Regular Season,Regular Season,2014-08-08,Friday,00:00,San Antonio Stars,Tulsa Shock,Tulsa Shock,San Antonio Stars,79,62,141,17,Tulsa Shock,San Antonio Stars,Home Win (79-62),79-62,Four 10-minute quarters,No,BOK Center,"Tulsa, OK",6990,Tulsa Shock team victory,"Tulsa Shock defeated San Antonio Stars 79-62 in Regular Season at BOK Center (Tulsa, OK).",SportsDataVerse wehoop / ESPN WNBA Hidden API
181,400539641,2014,2014,Regular Season,Regular Season,2014-08-08,Friday,02:30,Atlanta Dream,Los Angeles Sparks,Los Angeles Sparks,Atlanta Dream,80,77,157,3,Los Angeles Sparks,Atlanta Dream,Home Win (80-77),80-77,Four 10-minute quarters,Yes,crypto.com Arena,"Los Angeles, CA",8100,Los Angeles Sparks team victory (OT),"Los Angeles Sparks edged Atlanta Dream 80-77 in overtime at crypto.com Arena (Los Angeles, CA).",SportsDataVerse wehoop / ESPN WNBA Hidden API
182,400539642,2014,2014,Regular Season,Regular Season,2014-08-09,Saturday,02:00,Minnesota Lynx,Phoenix Mercury,Phoenix Mercury,Minnesota Lynx,82,80,162,2,Phoenix Mercury,Minnesota Lynx,Home Win (82-80),82-80,Four 10-minute quarters,No,Footprint Center,"Phoenix, AZ",12379,Phoenix Mercury team victory,"Phoenix Mercury defeated Minnesota Lynx 82-80 in Regular Season at Footprint Center (Phoenix, AZ).",SportsDataVerse wehoop / ESPN WNBA Hidden API
183,400539644,2014,2014,Regular Season,Regular Season,2014-08-10,Sunday,19:00,Indiana Fever,New York Liberty,New York Liberty,Indiana Fever,76,90,166,14,Indiana Fever,New York Liberty,Away Win (90-76),76-90,Four 10-minute quarters,No,Madison Square Garden,"New York, NY",8482,Indiana Fever team victory,"Indiana Fever defeated New York Liberty 90-76 in Regular Season at Madison Square Garden (New York, NY).",SportsDataVerse wehoop / ESPN WNBA Hidden API
184,400539643,2014,2014,Regular Season,Regular Season,2014-08-10,Sunday,20:00,Washington Mystics,Connecticut Sun,Connecticut Sun,Washington Mystics,89,81,170,8,Connecticut Sun,Washington Mystics,Home Win (89-81),89-81,Four 10-minute quarters,Yes,Mohegan Sun Arena,"Uncasville, CT",7348,Connecticut Sun team victory (OT),"Connecticut Sun edged Washington Mystics 89-81 in overtime at Mohegan Sun Arena (Uncasville, CT).",SportsDataVerse wehoop / ESPN WNBA Hidden API
185,400539645,2014,2014,Regular Season,Regular Season,2014-08-10,Sunday,20:30,Los Angeles Sparks,San Antonio Stars,San Antonio Stars,Los Angeles Sparks,82,76,158,6,San Antonio Stars,Los Angeles Sparks,Home Win (82-76),82-76,Four 10-minute quarters,No,AT&T Center,"San Antonio, TX",9573,San Antonio Stars team victory,"San Antonio Stars defeated Los Angeles Sparks 82-76 in Regular Season at AT&T Center (San Antonio, TX).",SportsDataVerse wehoop / ESPN WNBA Hidden API
186,400539646,2014,2014,Regular Season,Regular Season,2014-08-10,Sunday,22:00,Atlanta Dream,Chicago Sky,Chicago Sky,Atlanta Dream,80,69,149,11,Chicago Sky,Atlanta Dream,Home Win (80-69),80-69,Four 10-minute quarters,No,Allstate Arena,"Glenview, IL",6021,Chicago Sky team victory,"Chicago Sky defeated Atlanta Dream 80-69 in Regular Season at Allstate Arena (Glenview, IL).",SportsDataVerse wehoop / ESPN WNBA Hidden API
187,400539647,2014,2014,Regular Season,Regular Season,2014-08-10,Sunday,01:00,Tulsa Shock,Seattle Storm,Seattle Storm,Tulsa Shock,74,68,142,6,Seattle Storm,Tulsa Shock,Home Win (74-68),74-68,Four 10-minute quarters,No,KeyArena,"Seattle, WA",6079,Seattle Storm team victory,"Seattle Storm defeated Tulsa Shock 74-68 in Regular Season at KeyArena (Seattle, WA).",SportsDataVerse wehoop / ESPN WNBA Hidden API
188,400539648,2014,2014,Regular Season,Regular Season,2014-08-12,Tuesday,23:00,Phoenix Mercury,New York Liberty,New York Liberty,Phoenix Mercury,64,76,140,12,Phoenix Mercury,New York Liberty,Away Win (76-64),64-76,Four 10-minute quarters,No,Madison Square Garden,"New York, NY",9617,Phoenix Mercury team victory,"Phoenix Mercury defeated New York Liberty 76-64 in Regular Season at Madison Square Garden (New York, NY).",SportsDataVerse wehoop / ESPN WNBA Hidden API
189,400539649,2014,2014,Regular Season,Regular Season,2014-08-12,Tuesday,00:00,Los Angeles Sparks,Minnesota Lynx,Minnesota Lynx,Los Angeles Sparks,63,71,134,8,Los Angeles Sparks,Minnesota Lynx,Away Win (71-63),63-71,Four 10-minute quarters,No,Target Center,"Minneapolis, MN",9132,Los Angeles Sparks team victory,"Los Angeles Sparks defeated Minnesota Lynx 71-63 in Regular Season at Target Center (Minneapolis, MN).",SportsDataVerse wehoop / ESPN WNBA Hidden API
190,400539650,2014,2014,Regular Season,Regular Season,2014-08-13,Wednesday,15:30,Chicago Sky,Washington Mystics,Washington Mystics,Chicago Sky,69,72,141,3,Chicago Sky,Washington Mystics,Away Win (72-69),69-72,Four 10-minute quarters,No,Capital One Arena,"Washington, DC",16117,Chicago Sky team victory,"Chicago Sky defeated Washington Mystics 72-69 in Regular Season at Capital One Arena (Washington, DC).",SportsDataVerse wehoop / ESPN WNBA Hidden API
191,400539651,2014,2014,Regular Season,Regular Season,2014-08-13,Wednesday,23:00,Phoenix Mercury,Atlanta Dream,Atlanta Dream,Phoenix Mercury,96,82,178,14,Atlanta Dream,Phoenix Mercury,Home Win (96-82),96-82,Four 10-minute quarters,No,State Farm Arena,"Atlanta, GA",7663,Atlanta Dream team victory,"Atlanta Dream defeated Phoenix Mercury 96-82 in Regular Season at State Farm Arena (Atlanta, GA).",SportsDataVerse wehoop / ESPN WNBA Hidden API
192,400539652,2014,2014,Regular Season,Regular Season,2014-08-14,Thursday,23:00,New York Liberty,Indiana Fever,Indiana Fever,New York Liberty,76,63,139,13,Indiana Fever,New York Liberty,Home Win (76-63),76-63,Four 10-minute quarters,No,Gainbridge Fieldhouse,"Indianapolis, IN",8030,Indiana Fever team victory,"Indiana Fever defeated New York Liberty 76-63 in Regular Season at Gainbridge Fieldhouse (Indianapolis, IN).",SportsDataVerse wehoop / ESPN WNBA Hidden API
193,400539653,2014,2014,Regular Season,Regular Season,2014-08-15,Friday,23:00,Washington Mystics,Connecticut Sun,Connecticut Sun,Washington Mystics,67,71,138,4,Washington Mystics,Connecticut Sun,Away Win (71-67),67-71,Four 10-minute quarters,No,Mohegan Sun Arena,"Uncasville, CT",5898,Washington Mystics team victory,"Washington Mystics defeated Connecticut Sun 71-67 in Regular Season at Mohegan Sun Arena (Uncasville, CT).",SportsDataVerse wehoop / ESPN WNBA Hidden API
194,400539654,2014,2014,Regular Season,Regular Season,2014-08-15,Friday,23:30,Tulsa Shock,Atlanta Dream,Atlanta Dream,Tulsa Shock,92,76,168,16,Atlanta Dream,Tulsa Shock,Home Win (92-76),92-76,Four 10-minute quarters,No,State Farm Arena,"Atlanta, GA",9439,Atlanta Dream team victory,"Atlanta Dream defeated Tulsa Shock 92-76 in Regular Season at State Farm Arena (Atlanta, GA).",SportsDataVerse wehoop / ESPN WNBA Hidden API
195,400539655,2014,2014,Regular Season,Regular Season,2014-08-15,Friday,00:00,Minnesota Lynx,San Antonio Stars,San Antonio Stars,Minnesota Lynx,92,76,168,16,San Antonio Stars,Minnesota Lynx,Home Win (92-76),92-76,Four 10-minute quarters,No,AT&T Center,"San Antonio, TX",12659,San Antonio Stars team victory,"San Antonio Stars defeated Minnesota Lynx 92-76 in Regular Season at AT&T Center (San Antonio, TX).",SportsDataVerse wehoop / ESPN WNBA Hidden API
196,400539656,2014,2014,Regular Season,Regular Season,2014-08-15,Friday,02:30,Seattle Storm,Los Angeles Sparks,Los Angeles Sparks,Seattle Storm,77,65,142,12,Los Angeles Sparks,Seattle Storm,Home Win (77-65),77-65,Four 10-minute quarters,No,crypto.com Arena,"Los Angeles, CA",9647,Los Angeles Sparks team victory,"Los Angeles Sparks defeated Seattle Storm 77-65 in Regular Season at crypto.com Arena (Los Angeles, CA).",SportsDataVerse wehoop / ESPN WNBA Hidden API
197,400539657,2014,2014,Regular Season,Regular Season,2014-08-16,Saturday,23:00,Chicago Sky,Indiana Fever,Indiana Fever,Chicago Sky,71,67,138,4,Indiana Fever,Chicago Sky,Home Win (71-67),71-67,Four 10-minute quarters,No,Gainbridge Fieldhouse,"Indianapolis, IN",10625,Indiana Fever team victory,"Indiana Fever defeated Chicago Sky 71-67 in Regular Season at Gainbridge Fieldhouse (Indianapolis, IN).",SportsDataVerse wehoop / ESPN WNBA Hidden API
198,400539658,2014,2014,Regular Season,Regular Season,2014-08-16,Saturday,23:00,New York Liberty,Washington Mystics,Washington Mystics,New York Liberty,61,73,134,12,New York Liberty,Washington Mystics,Away Win (73-61),61-73,Four 10-minute quarters,No,Capital One Arena,"Washington, DC",9664,New York Liberty team victory,"New York Liberty defeated Washington Mystics 73-61 in Regular Season at Capital One Arena (Washington, DC).",SportsDataVerse wehoop / ESPN WNBA Hidden API
199,400544875,2014,2014,Regular Season,Regular Season,2014-08-16,Saturday,00:00,Tulsa Shock,Minnesota Lynx,Minnesota Lynx,Tulsa Shock,80,63,143,17,Minnesota Lynx,Tulsa Shock,Home Win (80-63),80-63,Four 10-minute quarters,No,Target Center,"Minneapolis, MN",9505,Minnesota Lynx team victory,"Minnesota Lynx defeated Tulsa Shock 80-63 in Regular Season at Target Center (Minneapolis, MN).",SportsDataVerse wehoop / ESPN WNBA Hidden API
200,400539659,2014,2014,Regular Season,Regular Season,2014-08-16,Saturday,02:00,Los Angeles Sparks,Phoenix Mercury,Phoenix Mercury,Los Angeles Sparks,76,69,145,7,Phoenix Mercury,Los Angeles Sparks,Home Win (76-69),76-69,Four 10-minute quarters,No,Footprint Center,"Phoenix, AZ",12756,Phoenix Mercury team victory,"Phoenix Mercury defeated Los Angeles Sparks 76-69 in Regular Season at Footprint Center (Phoenix, AZ).",SportsDataVerse wehoop / ESPN WNBA Hidden API
201,400539660,2014,2014,Regular Season,Regular Season,2014-08-17,Sunday,17:00,Atlanta Dream,Connecticut Sun,Connecticut Sun,Atlanta Dream,84,55,139,29,Connecticut Sun,Atlanta Dream,Home Win (84-55),84-55,Four 10-minute quarters,No,Mohegan Sun Arena,"Uncasville, CT",7689,Connecticut Sun team victory,"Connecticut Sun defeated Atlanta Dream 84-55 in Regular Season at Mohegan Sun Arena (Uncasville, CT).",SportsDataVerse wehoop / ESPN WNBA Hidden API
202,400539661,2014,2014,Regular Season,Regular Season,2014-08-17,Sunday,22:00,San Antonio Stars,Chicago Sky,Chicago Sky,San Antonio Stars,72,84,156,12,San Antonio Stars,Chicago Sky,Away Win (84-72),72-84,Four 10-minute quarters,No,Allstate Arena,"Glenview, IL",7987,San Antonio Stars team victory,"San Antonio Stars defeated Chicago Sky 84-72 in Regular Season at Allstate Arena (Glenview, IL).",SportsDataVerse wehoop / ESPN WNBA Hidden API
203,400539662,2014,2014,Regular Season,Regular Season,2014-08-17,Sunday,22:00,Indiana Fever,New York Liberty,New York Liberty,Indiana Fever,73,61,134,12,New York Liberty,Indiana Fever,Home Win (73-61),73-61,Four 10-minute quarters,No,Madison Square Garden,"New York, NY",9432,New York Liberty team victory,"New York Liberty defeated Indiana Fever 73-61 in Regular Season at Madison Square Garden (New York, NY).",SportsDataVerse wehoop / ESPN WNBA Hidden API
204,400539664,2014,2014,Regular Season,Regular Season,2014-08-17,Sunday,01:00,Phoenix Mercury,Seattle Storm,Seattle Storm,Phoenix Mercury,65,78,143,13,Phoenix Mercury,Seattle Storm,Away Win (78-65),65-78,Four 10-minute quarters,No,KeyArena,"Seattle, WA",9149,Phoenix Mercury team victory,"Phoenix Mercury defeated Seattle Storm 78-65 in Regular Season at KeyArena (Seattle, WA).",SportsDataVerse wehoop / ESPN WNBA Hidden API
205,400580070,2014,2014,Conference Finals,EASTERN CONFERENCE SEMIFINALS - GAME 1,2014-08-21,Thursday,23:00,Washington Mystics,Indiana Fever,Indiana Fever,Washington Mystics,78,73,151,5,Indiana Fever,Washington Mystics,Home Win (78-73),78-73,Four 10-minute quarters,No,Gainbridge Fieldhouse,"Indianapolis, IN",5576,Indiana Fever team victory,"Indiana Fever defeated Washington Mystics 78-73 in EASTERN CONFERENCE SEMIFINALS - GAME 1 at Gainbridge Fieldhouse (Indianapolis, IN).",SportsDataVerse wehoop / ESPN WNBA Hidden API
206,400578287,2014,2014,Conference Finals,WESTERN CONFERENCE SEMIFINALS - GAME 1,2014-08-21,Thursday,01:00,San Antonio Stars,Minnesota Lynx,Minnesota Lynx,San Antonio Stars,88,84,172,4,Minnesota Lynx,San Antonio Stars,Home Win (88-84),88-84,Four 10-minute quarters,No,Target Center,"Minneapolis, MN",8523,Minnesota Lynx team victory,"Minnesota Lynx defeated San Antonio Stars 88-84 in WESTERN CONFERENCE SEMIFINALS - GAME 1 at Target Center (Minneapolis, MN).",SportsDataVerse wehoop / ESPN WNBA Hidden API
207,400580067,2014,2014,Conference Finals,EASTERN CONFERENCE SEMIFINALS - GAME 1,2014-08-22,Friday,23:30,Chicago Sky,Atlanta Dream,Atlanta Dream,Chicago Sky,77,80,157,3,Chicago Sky,Atlanta Dream,Away Win (80-77),77-80,Four 10-minute quarters,No,State Farm Arena,"Atlanta, GA",5985,Chicago Sky team victory,"Chicago Sky defeated Atlanta Dream 80-77 in EASTERN CONFERENCE SEMIFINALS - GAME 1 at State Farm Arena (Atlanta, GA).",SportsDataVerse wehoop / ESPN WNBA Hidden API
208,400578290,2014,2014,Conference Finals,WESTERN CONFERENCE SEMIFINALS - GAME 1,2014-08-22,Friday,02:00,Los Angeles Sparks,Phoenix Mercury,Phoenix Mercury,Los Angeles Sparks,75,72,147,3,Phoenix Mercury,Los Angeles Sparks,Home Win (75-72),75-72,Four 10-minute quarters,No,Footprint Center,"Phoenix, AZ",11591,Phoenix Mercury team victory,"Phoenix Mercury defeated Los Angeles Sparks 75-72 in WESTERN CONFERENCE SEMIFINALS - GAME 1 at Footprint Center (Phoenix, AZ).",SportsDataVerse wehoop / ESPN WNBA Hidden API
209,400580071,2014,2014,Conference Finals,EASTERN CONFERENCE SEMIFINALS - GAME 2,2014-08-23,Saturday,21:00,Indiana Fever,Washington Mystics,Washington Mystics,Indiana Fever,76,81,157,5,Indiana Fever,Washington Mystics,Away Win (81-76),76-81,Four 10-minute quarters,Yes,Capital One Arena,"Washington, DC",6124,Indiana Fever team victory (OT),"Indiana Fever edged Washington Mystics 81-76 in overtime at Capital One Arena (Washington, DC).",SportsDataVerse wehoop / ESPN WNBA Hidden API
210,400578288,2014,2014,Conference Finals,WESTERN CONFERENCE SEMIFINALS - GAME 2,2014-08-23,Saturday,23:00,Minnesota Lynx,San Antonio Stars,San Antonio Stars,Minnesota Lynx,89,94,183,5,Minnesota Lynx,San Antonio Stars,Away Win (94-89),89-94,Four 10-minute quarters,No,AT&T Center,"San Antonio, TX",7085,Minnesota Lynx team victory,"Minnesota Lynx defeated San Antonio Stars 94-89 in WESTERN CONFERENCE SEMIFINALS - GAME 2 at AT&T Center (San Antonio, TX).",SportsDataVerse wehoop / ESPN WNBA Hidden API
211,400580068,2014,2014,Conference Finals,EASTERN CONFERENCE SEMIFINALS - GAME 2,2014-08-24,Sunday,23:00,Atlanta Dream,Chicago Sky,Chicago Sky,Atlanta Dream,83,92,175,9,Atlanta Dream,Chicago Sky,Away Win (92-83),83-92,Four 10-minute quarters,No,Allstate Arena,"Glenview, IL",4546,Atlanta Dream team victory,"Atlanta Dream defeated Chicago Sky 92-83 in EASTERN CONFERENCE SEMIFINALS - GAME 2 at Allstate Arena (Glenview, IL).",SportsDataVerse wehoop / ESPN WNBA Hidden API
212,400578291,2014,2014,Conference Finals,WESTERN CONFERENCE SEMIFINALS - GAME 2,2014-08-24,Sunday,01:00,Phoenix Mercury,Los Angeles Sparks,Los Angeles Sparks,Phoenix Mercury,68,93,161,25,Phoenix Mercury,Los Angeles Sparks,Away Win (93-68),68-93,Four 10-minute quarters,No,crypto.com Arena,"Los Angeles, CA",7449,Phoenix Mercury team victory,"Phoenix Mercury defeated Los Angeles Sparks 93-68 in WESTERN CONFERENCE SEMIFINALS - GAME 2 at crypto.com Arena (Los Angeles, CA).",SportsDataVerse wehoop / ESPN WNBA Hidden API
213,400580069,2014,2014,Conference Finals,EASTERN CONFERENCE SEMIFINALS - GAME 3,2014-08-26,Tuesday,23:30,Chicago Sky,Atlanta Dream,Atlanta Dream,Chicago Sky,80,81,161,1,Chicago Sky,Atlanta Dream,Away Win (81-80),80-81,Four 10-minute quarters,No,State Farm Arena,"Atlanta, GA",4829,Chicago Sky team victory,"Chicago Sky defeated Atlanta Dream 81-80 in EASTERN CONFERENCE SEMIFINALS - GAME 3 at State Farm Arena (Atlanta, GA).",SportsDataVerse wehoop / ESPN WNBA Hidden API
214,400581627,2014,2014,Conference Finals,WESTERN CONFERENCE FINALS - GAME 1,2014-08-29,Friday,02:00,Minnesota Lynx,Phoenix Mercury,Phoenix Mercury,Minnesota Lynx,85,71,156,14,Phoenix Mercury,Minnesota Lynx,Home Win (85-71),85-71,Four 10-minute quarters,No,Footprint Center,"Phoenix, AZ",10376,Phoenix Mercury team victory,"Phoenix Mercury defeated Minnesota Lynx 85-71 in WESTERN CONFERENCE FINALS - GAME 1 at Footprint Center (Phoenix, AZ).",SportsDataVerse wehoop / ESPN WNBA Hidden API
215,400581821,2014,2014,Conference Finals,EASTERN CONFERENCE FINALS - GAME 1,2014-08-30,Saturday,23:00,Chicago Sky,Indiana Fever,Indiana Fever,Chicago Sky,77,70,147,7,Indiana Fever,Chicago Sky,Home Win (77-70),77-70,Four 10-minute quarters,No,Gainbridge Fieldhouse,"Indianapolis, IN",7557,Indiana Fever team victory,"Indiana Fever defeated Chicago Sky 77-70 in EASTERN CONFERENCE FINALS - GAME 1 at Gainbridge Fieldhouse (Indianapolis, IN).",SportsDataVerse wehoop / ESPN WNBA Hidden API
216,400581628,2014,2014,Conference Finals,WESTERN CONFERENCE FINALS - GAME 2,2014-08-31,Sunday,19:30,Phoenix Mercury,Minnesota Lynx,Minnesota Lynx,Phoenix Mercury,82,77,159,5,Minnesota Lynx,Phoenix Mercury,Home Win (82-77),82-77,Four 10-minute quarters,No,Target Center,"Minneapolis, MN",10513,Minnesota Lynx team victory,"Minnesota Lynx defeated Phoenix Mercury 82-77 in WESTERN CONFERENCE FINALS - GAME 2 at Target Center (Minneapolis, MN).",SportsDataVerse wehoop / ESPN WNBA Hidden API
217,400581822,2014,2014,Conference Finals,EASTERN CONFERENCE FINALS - GAME 2,2014-09-01,Monday,20:00,Indiana Fever,Chicago Sky,Chicago Sky,Indiana Fever,86,84,170,2,Chicago Sky,Indiana Fever,Home Win (86-84),86-84,Four 10-minute quarters,Yes,Allstate Arena,"Glenview, IL",6019,Chicago Sky team victory (OT),"Chicago Sky edged Indiana Fever 86-84 in overtime at Allstate Arena (Glenview, IL).",SportsDataVerse wehoop / ESPN WNBA Hidden API
218,400581629,2014,2014,Conference Finals,WESTERN CONFERENCE FINALS - GAME 3,2014-09-02,Tuesday,02:00,Minnesota Lynx,Phoenix Mercury,Phoenix Mercury,Minnesota Lynx,96,78,174,18,Phoenix Mercury,Minnesota Lynx,Home Win (96-78),96-78,Four 10-minute quarters,No,Footprint Center,"Phoenix, AZ",9749,Phoenix Mercury team victory,"Phoenix Mercury defeated Minnesota Lynx 96-78 in WESTERN CONFERENCE FINALS - GAME 3 at Footprint Center (Phoenix, AZ).",SportsDataVerse wehoop / ESPN WNBA Hidden API
219,400581823,2014,2014,Conference Finals,EASTERN CONFERENCE FINALS - GAME 3,2014-09-03,Wednesday,23:00,Chicago Sky,Indiana Fever,Indiana Fever,Chicago Sky,62,75,137,13,Chicago Sky,Indiana Fever,Away Win (75-62),62-75,Four 10-minute quarters,No,Gainbridge Fieldhouse,"Indianapolis, IN",7705,Chicago Sky team victory,"Chicago Sky defeated Indiana Fever 75-62 in EASTERN CONFERENCE FINALS - GAME 3 at Gainbridge Fieldhouse (Indianapolis, IN).",SportsDataVerse wehoop / ESPN WNBA Hidden API
220,400582773,2014,2014,Finals,WNBA FINALS - GAME 1,2014-09-07,Sunday,19:30,Chicago Sky,Phoenix Mercury,Phoenix Mercury,Chicago Sky,83,62,145,21,Phoenix Mercury,Chicago Sky,Home Win (83-62),83-62,Four 10-minute quarters,No,Footprint Center,"Phoenix, AZ",13263,Phoenix Mercury team victory,"Phoenix Mercury defeated Chicago Sky 83-62 in WNBA FINALS - GAME 1 at Footprint Center (Phoenix, AZ).",SportsDataVerse wehoop / ESPN WNBA Hidden API
221,400582774,2014,2014,Finals,WNBA FINALS - GAME 2,2014-09-09,Tuesday,01:00,Chicago Sky,Phoenix Mercury,Phoenix Mercury,Chicago Sky,97,68,165,29,Phoenix Mercury,Chicago Sky,Home Win (97-68),97-68,Four 10-minute quarters,No,Footprint Center,"Phoenix, AZ",13348,Phoenix Mercury team victory,"Phoenix Mercury defeated Chicago Sky 97-68 in WNBA FINALS - GAME 2 at Footprint Center (Phoenix, AZ).",SportsDataVerse wehoop / ESPN WNBA Hidden API
222,400582775,2014,2014,Finals,WNBA FINALS - GAME 3,2014-09-12,Friday,00:00,Phoenix Mercury,Chicago Sky,Chicago Sky,Phoenix Mercury,82,87,169,5,Phoenix Mercury,Chicago Sky,Away Win (87-82),82-87,Four 10-minute quarters,No,Allstate Arena,"Glenview, IL",7365,Phoenix Mercury team victory,"Phoenix Mercury defeated Chicago Sky 87-82 in WNBA FINALS - GAME 3 at Allstate Arena (Glenview, IL).",SportsDataVerse wehoop / ESPN WNBA Hidden API
