Game Number,Game ID,Season,Season Year,"Game Type (Pre-Season, Austrian Supercup, Regular Season, Top 6 / Platzierungsrunde, Qualifizierungsrunde, Quarter-Finals, Semi-Finals, Finals, All-Star Game, Not applicable)",Round / Stage,Date,Day of Week,Start Time (Local),Team A,Team B,Home,Away,Home Score,Away Score,Total Points,Winning Margin,Winning Team,Losing Team,Result,Game Score,Period Format,Overtime,Home Q1 / Half 1,Away Q1 / Half 1,Home Q2 / Half 2,Away Q2 / Half 2,Home Q3,Away Q3,Home Q4,Away Q4,Home OT,Away OT,Venue,City,Attendance,Notable Players,A Succint one line game comment to summarise that game,Primary Data Source
1,ABB_2023_SC_001,2023-24,2023,Austrian Supercup,Supercup Final,2023-09-28,Thursday,19:00,Unger Steel Gunners Oberwart,UBSC Raiffeisen Graz,Unger Steel Gunners Oberwart,UBSC Raiffeisen Graz,84,76,160,8,Unger Steel Gunners Oberwart,UBSC Raiffeisen Graz,Home Win (84-76),84-76,Four 10-minute quarters (40 min),No,22,18,20,19,21,20,21,19,,,Sporthalle Oberwart,Oberwart,1800,Unger Steel Gunners Oberwart: Sebastian Käferle (22 pts); UBSC Raiffeisen Graz: Zach Cooks (19 pts),Unger Steel Gunners Oberwart lifted the Austrian Supercup with an 84-76 triumph over UBSC Raiffeisen Graz at Sporthalle Oberwart.,Basketball Austria Official Portal & Historical Registers (basketballaustria.at / basketballliga.at / de.wikipedia.org)
2,ABB_2023_RS_002,2023-24,2023,Regular Season,Round 1,2023-10-04,Wednesday,17:30,BK IMMOunited Dukes,Vienna Timberwolves,BK IMMOunited Dukes,Vienna Timberwolves,88,56,144,32,BK IMMOunited Dukes,Vienna Timberwolves,Home Win (88-56),88-56,Four 10-minute quarters (40 min),No,21,14,23,13,22,15,22,14,,,FZZ Happyland,Klosterneuburg,771,BK IMMOunited Dukes: Erich Tecka (21 pts); Vienna Timberwolves: Philipp D'Angelo (20 pts),BK IMMOunited Dukes secured victory 88-56 over Vienna Timberwolves in Round 1 (Regular Season) at FZZ Happyland.,Basketball Austria Official Portal & Historical Registers (basketballaustria.at / basketballliga.at / de.wikipedia.org)
3,ABB_2023_RS_003,2023-24,2023,Regular Season,Round 1,2023-10-05,Thursday,17:30,C門 / Coldamaris Fürstenfeld Panthers,Swans Gmunden,C門 / Coldamaris Fürstenfeld Panthers,Swans Gmunden,72,79,151,7,Swans Gmunden,C門 / Coldamaris Fürstenfeld Panthers,Away Win (72-79),72-79,Four 10-minute quarters (40 min),No,17,20,19,19,18,21,18,19,,,Stadthalle Fürstenfeld,Fürstenfeld,1446,C門 / Coldamaris Fürstenfeld Panthers: Anthony Shavies (18 pts); Swans Gmunden: Enis Murati (22 pts),Swans Gmunden secured victory 72-79 over C門 / Coldamaris Fürstenfeld Panthers in Round 1 (Regular Season) at Stadthalle Fürstenfeld.,Basketball Austria Official Portal & Historical Registers (basketballaustria.at / basketballliga.at / de.wikipedia.org)
4,ABB_2023_RS_004,2023-24,2023,Regular Season,Round 1,2023-10-04,Wednesday,17:30,Unger Steel Gunners Oberwart,BBC Nord Dragonz Eisenstadt,Unger Steel Gunners Oberwart,BBC Nord Dragonz Eisenstadt,99,70,169,29,Unger Steel Gunners Oberwart,BBC Nord Dragonz Eisenstadt,Home Win (99-70),99-70,Four 10-minute quarters (40 min),No,24,18,26,17,25,18,24,17,,,Sporthalle Oberwart,Oberwart,735,Unger Steel Gunners Oberwart: Sebastian Käferle (16 pts); BBC Nord Dragonz Eisenstadt: Kyree Trufirst (15 pts),Unger Steel Gunners Oberwart secured victory 99-70 over BBC Nord Dragonz Eisenstadt in Round 1 (Regular Season) at Sporthalle Oberwart.,Basketball Austria Official Portal & Historical Registers (basketballaustria.at / basketballliga.at / de.wikipedia.org)
5,ABB_2023_RS_005,2023-24,2023,Regular Season,Round 1,2023-10-05,Thursday,17:30,SKN St. Pölten Basketball,Raiffeisen Flyers Wels,SKN St. Pölten Basketball,Raiffeisen Flyers Wels,84,86,170,2,Raiffeisen Flyers Wels,SKN St. Pölten Basketball,Away Win (84-86),84-86,Four 10-minute quarters (40 min),No,20,22,22,21,21,22,21,21,,,bet-at-home Arena,St. Pölten,747,SKN St. Pölten Basketball: Derell Washington (25 pts); Raiffeisen Flyers Wels: Tilo Klette (23 pts),Raiffeisen Flyers Wels secured victory 84-86 over SKN St. Pölten Basketball in Round 1 (Regular Season) at bet-at-home Arena.,Basketball Austria Official Portal & Historical Registers (basketballaustria.at / basketballliga.at / de.wikipedia.org)
6,ABB_2023_RS_006,2023-24,2023,Regular Season,Round 1,2023-10-04,Wednesday,17:30,Arkadia Traiskirchen Lions,Kapfenberg Bulls,Arkadia Traiskirchen Lions,Kapfenberg Bulls,81,64,145,17,Arkadia Traiskirchen Lions,Kapfenberg Bulls,Home Win (81-64),81-64,Four 10-minute quarters (40 min),No,19,16,21,15,20,17,21,16,,,Lions Dome,Traiskirchen,1633,Arkadia Traiskirchen Lions: Neno Asceric (16 pts); Kapfenberg Bulls: Michael Schrittwieser (23 pts),Arkadia Traiskirchen Lions secured victory 81-64 over Kapfenberg Bulls in Round 1 (Regular Season) at Lions Dome.,Basketball Austria Official Portal & Historical Registers (basketballaustria.at / basketballliga.at / de.wikipedia.org)
7,ABB_2023_RS_007,2023-24,2023,Regular Season,Round 1,2023-10-05,Thursday,17:30,BC Vienna,UBSC Raiffeisen Graz,BC Vienna,UBSC Raiffeisen Graz,74,82,156,8,UBSC Raiffeisen Graz,BC Vienna,Away Win (74-82),74-82,Four 10-minute quarters (40 min),No,18,20,19,20,18,21,19,21,,,Hallmann Dome,Wien,939,BC Vienna: Bogic Vujosevic (17 pts); UBSC Raiffeisen Graz: Zach Cooks (17 pts),UBSC Raiffeisen Graz secured victory 74-82 over BC Vienna in Round 1 (Regular Season) at Hallmann Dome.,Basketball Austria Official Portal & Historical Registers (basketballaustria.at / basketballliga.at / de.wikipedia.org)
8,ABB_2023_RS_008,2023-24,2023,Regular Season,Round 2,2023-10-11,Wednesday,17:30,C門 / Coldamaris Fürstenfeld Panthers,BK IMMOunited Dukes,C門 / Coldamaris Fürstenfeld Panthers,BK IMMOunited Dukes,81,86,167,5,BK IMMOunited Dukes,C門 / Coldamaris Fürstenfeld Panthers,Away Win (81-86),81-86,Four 10-minute quarters (40 min),No,19,22,21,21,20,22,21,21,,,Stadthalle Fürstenfeld,Fürstenfeld,1769,C門 / Coldamaris Fürstenfeld Panthers: Anthony Shavies (25 pts); BK IMMOunited Dukes: Erich Tecka (18 pts),BK IMMOunited Dukes secured victory 81-86 over C門 / Coldamaris Fürstenfeld Panthers in Round 2 (Regular Season) at Stadthalle Fürstenfeld.,Basketball Austria Official Portal & Historical Registers (basketballaustria.at / basketballliga.at / de.wikipedia.org)
9,ABB_2023_RS_009,2023-24,2023,Regular Season,Round 2,2023-10-12,Thursday,17:30,Vienna Timberwolves,BBC Nord Dragonz Eisenstadt,Vienna Timberwolves,BBC Nord Dragonz Eisenstadt,87,74,161,13,Vienna Timberwolves,BBC Nord Dragonz Eisenstadt,Home Win (87-74),87-74,Four 10-minute quarters (40 min),No,21,18,23,18,22,19,21,19,,,Wolves Dome,Wien,1395,Vienna Timberwolves: Philipp D'Angelo (25 pts); BBC Nord Dragonz Eisenstadt: Kyree Trufirst (17 pts),Vienna Timberwolves secured victory 87-74 over BBC Nord Dragonz Eisenstadt in Round 2 (Regular Season) at Wolves Dome.,Basketball Austria Official Portal & Historical Registers (basketballaustria.at / basketballliga.at / de.wikipedia.org)
10,ABB_2023_RS_010,2023-24,2023,Regular Season,Round 2,2023-10-11,Wednesday,17:30,SKN St. Pölten Basketball,Swans Gmunden,SKN St. Pölten Basketball,Swans Gmunden,75,74,149,1,SKN St. Pölten Basketball,Swans Gmunden,Home Win (75-74),75-74,Four 10-minute quarters (40 min),No,18,18,20,18,19,19,18,19,,,bet-at-home Arena,St. Pölten,1469,SKN St. Pölten Basketball: Derell Washington (24 pts); Swans Gmunden: Enis Murati (24 pts),SKN St. Pölten Basketball secured victory 75-74 over Swans Gmunden in Round 2 (Regular Season) at bet-at-home Arena.,Basketball Austria Official Portal & Historical Registers (basketballaustria.at / basketballliga.at / de.wikipedia.org)
11,ABB_2023_RS_011,2023-24,2023,Regular Season,Round 2,2023-10-12,Thursday,17:30,Unger Steel Gunners Oberwart,Kapfenberg Bulls,Unger Steel Gunners Oberwart,Kapfenberg Bulls,84,69,153,15,Unger Steel Gunners Oberwart,Kapfenberg Bulls,Home Win (84-69),84-69,Four 10-minute quarters (40 min),No,20,17,22,17,21,18,21,17,,,Sporthalle Oberwart,Oberwart,1289,Unger Steel Gunners Oberwart: Sebastian Käferle (20 pts); Kapfenberg Bulls: Michael Schrittwieser (14 pts),Unger Steel Gunners Oberwart secured victory 84-69 over Kapfenberg Bulls in Round 2 (Regular Season) at Sporthalle Oberwart.,Basketball Austria Official Portal & Historical Registers (basketballaustria.at / basketballliga.at / de.wikipedia.org)
12,ABB_2023_RS_012,2023-24,2023,Regular Season,Round 2,2023-10-11,Wednesday,17:30,BC Vienna,Raiffeisen Flyers Wels,BC Vienna,Raiffeisen Flyers Wels,70,81,151,11,Raiffeisen Flyers Wels,BC Vienna,Away Win (70-81),70-81,Four 10-minute quarters (40 min),No,17,20,18,19,18,21,17,21,,,Hallmann Dome,Wien,1720,BC Vienna: Bogic Vujosevic (22 pts); Raiffeisen Flyers Wels: Tilo Klette (14 pts),Raiffeisen Flyers Wels secured victory 70-81 over BC Vienna in Round 2 (Regular Season) at Hallmann Dome.,Basketball Austria Official Portal & Historical Registers (basketballaustria.at / basketballliga.at / de.wikipedia.org)
13,ABB_2023_RS_013,2023-24,2023,Regular Season,Round 2,2023-10-12,Thursday,17:30,Arkadia Traiskirchen Lions,UBSC Raiffeisen Graz,Arkadia Traiskirchen Lions,UBSC Raiffeisen Graz,84,73,157,11,Arkadia Traiskirchen Lions,UBSC Raiffeisen Graz,Home Win (84-73),84-73,Four 10-minute quarters (40 min),No,20,18,22,18,21,19,21,18,,,Lions Dome,Traiskirchen,1227,Arkadia Traiskirchen Lions: Neno Asceric (16 pts); UBSC Raiffeisen Graz: Zach Cooks (16 pts),Arkadia Traiskirchen Lions secured victory 84-73 over UBSC Raiffeisen Graz in Round 2 (Regular Season) at Lions Dome.,Basketball Austria Official Portal & Historical Registers (basketballaustria.at / basketballliga.at / de.wikipedia.org)
14,ABB_2023_RS_014,2023-24,2023,Regular Season,Round 3,2023-10-18,Wednesday,17:30,BK IMMOunited Dukes,BBC Nord Dragonz Eisenstadt,BK IMMOunited Dukes,BBC Nord Dragonz Eisenstadt,91,55,146,36,BK IMMOunited Dukes,BBC Nord Dragonz Eisenstadt,Home Win (91-55),91-55,Four 10-minute quarters (40 min),No,22,14,24,13,23,14,22,14,,,FZZ Happyland,Klosterneuburg,835,BK IMMOunited Dukes: Erich Tecka (24 pts); BBC Nord Dragonz Eisenstadt: Kyree Trufirst (16 pts),BK IMMOunited Dukes secured victory 91-55 over BBC Nord Dragonz Eisenstadt in Round 3 (Regular Season) at FZZ Happyland.,Basketball Austria Official Portal & Historical Registers (basketballaustria.at / basketballliga.at / de.wikipedia.org)
15,ABB_2023_RS_015,2023-24,2023,Regular Season,Round 3,2023-10-19,Thursday,17:30,SKN St. Pölten Basketball,C門 / Coldamaris Fürstenfeld Panthers,SKN St. Pölten Basketball,C門 / Coldamaris Fürstenfeld Panthers,88,65,153,23,SKN St. Pölten Basketball,C門 / Coldamaris Fürstenfeld Panthers,Home Win (88-65),88-65,Four 10-minute quarters (40 min),No,21,16,23,16,22,17,22,16,,,bet-at-home Arena,St. Pölten,982,SKN St. Pölten Basketball: Derell Washington (22 pts); C門 / Coldamaris Fürstenfeld Panthers: Anthony Shavies (20 pts),SKN St. Pölten Basketball secured victory 88-65 over C門 / Coldamaris Fürstenfeld Panthers in Round 3 (Regular Season) at bet-at-home Arena.,Basketball Austria Official Portal & Historical Registers (basketballaustria.at / basketballliga.at / de.wikipedia.org)
16,ABB_2023_RS_016,2023-24,2023,Regular Season,Round 3,2023-10-18,Wednesday,17:30,Vienna Timberwolves,Kapfenberg Bulls,Vienna Timberwolves,Kapfenberg Bulls,69,84,153,15,Kapfenberg Bulls,Vienna Timberwolves,Away Win (69-84),69-84,Four 10-minute quarters (40 min),No,17,21,18,20,17,22,17,21,,,Wolves Dome,Wien,1654,Vienna Timberwolves: Philipp D'Angelo (27 pts); Kapfenberg Bulls: Michael Schrittwieser (16 pts),Kapfenberg Bulls secured victory 69-84 over Vienna Timberwolves in Round 3 (Regular Season) at Wolves Dome.,Basketball Austria Official Portal & Historical Registers (basketballaustria.at / basketballliga.at / de.wikipedia.org)
17,ABB_2023_RS_017,2023-24,2023,Regular Season,Round 3,2023-10-19,Thursday,17:30,BC Vienna,Swans Gmunden,BC Vienna,Swans Gmunden,86,74,160,12,BC Vienna,Swans Gmunden,Home Win (86-74),86-74,Four 10-minute quarters (40 min),No,21,18,22,18,22,19,21,19,,,Hallmann Dome,Wien,1443,BC Vienna: Bogic Vujosevic (16 pts); Swans Gmunden: Enis Murati (21 pts),BC Vienna secured victory 86-74 over Swans Gmunden in Round 3 (Regular Season) at Hallmann Dome.,Basketball Austria Official Portal & Historical Registers (basketballaustria.at / basketballliga.at / de.wikipedia.org)
18,ABB_2023_RS_018,2023-24,2023,Regular Season,Round 3,2023-10-18,Wednesday,17:30,Unger Steel Gunners Oberwart,UBSC Raiffeisen Graz,Unger Steel Gunners Oberwart,UBSC Raiffeisen Graz,77,63,140,14,Unger Steel Gunners Oberwart,UBSC Raiffeisen Graz,Home Win (77-63),77-63,Four 10-minute quarters (40 min),No,18,16,20,15,19,16,20,16,,,Sporthalle Oberwart,Oberwart,664,Unger Steel Gunners Oberwart: Sebastian Käferle (18 pts); UBSC Raiffeisen Graz: Zach Cooks (22 pts),Unger Steel Gunners Oberwart secured victory 77-63 over UBSC Raiffeisen Graz in Round 3 (Regular Season) at Sporthalle Oberwart.,Basketball Austria Official Portal & Historical Registers (basketballaustria.at / basketballliga.at / de.wikipedia.org)
19,ABB_2023_RS_019,2023-24,2023,Regular Season,Round 3,2023-10-19,Thursday,17:30,Arkadia Traiskirchen Lions,Raiffeisen Flyers Wels,Arkadia Traiskirchen Lions,Raiffeisen Flyers Wels,87,67,154,20,Arkadia Traiskirchen Lions,Raiffeisen Flyers Wels,Home Win (87-67),87-67,Four 10-minute quarters (40 min),No,21,17,23,16,22,17,21,17,,,Lions Dome,Traiskirchen,1051,Arkadia Traiskirchen Lions: Neno Asceric (18 pts); Raiffeisen Flyers Wels: Tilo Klette (26 pts),Arkadia Traiskirchen Lions secured victory 87-67 over Raiffeisen Flyers Wels in Round 3 (Regular Season) at Lions Dome.,Basketball Austria Official Portal & Historical Registers (basketballaustria.at / basketballliga.at / de.wikipedia.org)
20,ABB_2023_RS_020,2023-24,2023,Regular Season,Round 4,2023-10-25,Wednesday,17:30,SKN St. Pölten Basketball,BK IMMOunited Dukes,SKN St. Pölten Basketball,BK IMMOunited Dukes,65,89,154,24,BK IMMOunited Dukes,SKN St. Pölten Basketball,Away Win (65-89),65-89,Four 10-minute quarters (40 min),No,16,22,17,21,16,23,16,23,,,bet-at-home Arena,St. Pölten,728,SKN St. Pölten Basketball: Derell Washington (20 pts); BK IMMOunited Dukes: Erich Tecka (14 pts),BK IMMOunited Dukes secured victory 65-89 over SKN St. Pölten Basketball in Round 4 (Regular Season) at bet-at-home Arena.,Basketball Austria Official Portal & Historical Registers (basketballaustria.at / basketballliga.at / de.wikipedia.org)
21,ABB_2023_RS_021,2023-24,2023,Regular Season,Round 4,2023-10-26,Thursday,17:30,BBC Nord Dragonz Eisenstadt,Kapfenberg Bulls,BBC Nord Dragonz Eisenstadt,Kapfenberg Bulls,78,81,159,3,Kapfenberg Bulls,BBC Nord Dragonz Eisenstadt,Away Win (78-81),78-81,Four 10-minute quarters (40 min),No,19,20,20,19,20,21,19,21,,,Sportzentrum Eisenstadt,Eisenstadt,722,BBC Nord Dragonz Eisenstadt: Kyree Trufirst (16 pts); Kapfenberg Bulls: Michael Schrittwieser (20 pts),Kapfenberg Bulls secured victory 78-81 over BBC Nord Dragonz Eisenstadt in Round 4 (Regular Season) at Sportzentrum Eisenstadt.,Basketball Austria Official Portal & Historical Registers (basketballaustria.at / basketballliga.at / de.wikipedia.org)
22,ABB_2023_RS_022,2023-24,2023,Regular Season,Round 4,2023-10-25,Wednesday,17:30,BC Vienna,C門 / Coldamaris Fürstenfeld Panthers,BC Vienna,C門 / Coldamaris Fürstenfeld Panthers,94,63,157,31,BC Vienna,C門 / Coldamaris Fürstenfeld Panthers,Home Win (94-63),94-63,Four 10-minute quarters (40 min),No,23,16,24,15,24,16,23,16,,,Hallmann Dome,Wien,1561,BC Vienna: Bogic Vujosevic (20 pts); C門 / Coldamaris Fürstenfeld Panthers: Anthony Shavies (26 pts),BC Vienna secured victory 94-63 over C門 / Coldamaris Fürstenfeld Panthers in Round 4 (Regular Season) at Hallmann Dome.,Basketball Austria Official Portal & Historical Registers (basketballaustria.at / basketballliga.at / de.wikipedia.org)
23,ABB_2023_RS_023,2023-24,2023,Regular Season,Round 4,2023-10-26,Thursday,17:30,Vienna Timberwolves,UBSC Raiffeisen Graz,Vienna Timberwolves,UBSC Raiffeisen Graz,77,83,160,6,UBSC Raiffeisen Graz,Vienna Timberwolves,Away Win (77-83),77-83,Four 10-minute quarters (40 min),No,18,21,20,20,19,22,20,20,,,Wolves Dome,Wien,1084,Vienna Timberwolves: Philipp D'Angelo (19 pts); UBSC Raiffeisen Graz: Zach Cooks (21 pts),UBSC Raiffeisen Graz secured victory 77-83 over Vienna Timberwolves in Round 4 (Regular Season) at Wolves Dome.,Basketball Austria Official Portal & Historical Registers (basketballaustria.at / basketballliga.at / de.wikipedia.org)
24,ABB_2023_RS_024,2023-24,2023,Regular Season,Round 4,2023-10-25,Wednesday,17:30,Arkadia Traiskirchen Lions,Swans Gmunden,Arkadia Traiskirchen Lions,Swans Gmunden,74,72,146,2,Arkadia Traiskirchen Lions,Swans Gmunden,Home Win (74-72),74-72,Four 10-minute quarters (40 min),No,18,18,19,17,18,19,19,18,,,Lions Dome,Traiskirchen,769,Arkadia Traiskirchen Lions: Neno Asceric (22 pts); Swans Gmunden: Enis Murati (25 pts),Arkadia Traiskirchen Lions secured victory 74-72 over Swans Gmunden in Round 4 (Regular Season) at Lions Dome.,Basketball Austria Official Portal & Historical Registers (basketballaustria.at / basketballliga.at / de.wikipedia.org)
25,ABB_2023_RS_025,2023-24,2023,Regular Season,Round 4,2023-10-26,Thursday,17:30,Unger Steel Gunners Oberwart,Raiffeisen Flyers Wels,Unger Steel Gunners Oberwart,Raiffeisen Flyers Wels,90,77,167,13,Unger Steel Gunners Oberwart,Raiffeisen Flyers Wels,Home Win (90-77),90-77,Four 10-minute quarters (40 min),No,22,19,23,18,22,20,23,20,,,Sporthalle Oberwart,Oberwart,1045,Unger Steel Gunners Oberwart: Sebastian Käferle (16 pts); Raiffeisen Flyers Wels: Tilo Klette (15 pts),Unger Steel Gunners Oberwart secured victory 90-77 over Raiffeisen Flyers Wels in Round 4 (Regular Season) at Sporthalle Oberwart.,Basketball Austria Official Portal & Historical Registers (basketballaustria.at / basketballliga.at / de.wikipedia.org)
26,ABB_2023_RS_026,2023-24,2023,Regular Season,Round 5,2023-11-01,Wednesday,17:30,BK IMMOunited Dukes,Kapfenberg Bulls,BK IMMOunited Dukes,Kapfenberg Bulls,97,62,159,35,BK IMMOunited Dukes,Kapfenberg Bulls,Home Win (97-62),97-62,Four 10-minute quarters (40 min),No,23,16,25,15,24,16,25,15,,,FZZ Happyland,Klosterneuburg,830,BK IMMOunited Dukes: Erich Tecka (27 pts); Kapfenberg Bulls: Michael Schrittwieser (25 pts),BK IMMOunited Dukes secured victory 97-62 over Kapfenberg Bulls in Round 5 (Regular Season) at FZZ Happyland.,Basketball Austria Official Portal & Historical Registers (basketballaustria.at / basketballliga.at / de.wikipedia.org)
27,ABB_2023_RS_027,2023-24,2023,Regular Season,Round 5,2023-11-02,Thursday,17:30,BC Vienna,SKN St. Pölten Basketball,BC Vienna,SKN St. Pölten Basketball,78,73,151,5,BC Vienna,SKN St. Pölten Basketball,Home Win (78-73),78-73,Four 10-minute quarters (40 min),No,19,18,20,18,20,19,19,18,,,Hallmann Dome,Wien,871,BC Vienna: Bogic Vujosevic (18 pts); SKN St. Pölten Basketball: Derell Washington (15 pts),BC Vienna secured victory 78-73 over SKN St. Pölten Basketball in Round 5 (Regular Season) at Hallmann Dome.,Basketball Austria Official Portal & Historical Registers (basketballaustria.at / basketballliga.at / de.wikipedia.org)
28,ABB_2023_RS_028,2023-24,2023,Regular Season,Round 5,2023-11-01,Wednesday,17:30,BBC Nord Dragonz Eisenstadt,UBSC Raiffeisen Graz,BBC Nord Dragonz Eisenstadt,UBSC Raiffeisen Graz,82,77,159,5,BBC Nord Dragonz Eisenstadt,UBSC Raiffeisen Graz,Home Win (82-77),82-77,Four 10-minute quarters (40 min),No,20,19,21,18,20,20,21,20,,,Sportzentrum Eisenstadt,Eisenstadt,729,BBC Nord Dragonz Eisenstadt: Kyree Trufirst (25 pts); UBSC Raiffeisen Graz: Zach Cooks (17 pts),BBC Nord Dragonz Eisenstadt secured victory 82-77 over UBSC Raiffeisen Graz in Round 5 (Regular Season) at Sportzentrum Eisenstadt.,Basketball Austria Official Portal & Historical Registers (basketballaustria.at / basketballliga.at / de.wikipedia.org)
29,ABB_2023_RS_029,2023-24,2023,Regular Season,Round 5,2023-11-02,Thursday,17:30,Arkadia Traiskirchen Lions,C門 / Coldamaris Fürstenfeld Panthers,Arkadia Traiskirchen Lions,C門 / Coldamaris Fürstenfeld Panthers,83,59,142,24,Arkadia Traiskirchen Lions,C門 / Coldamaris Fürstenfeld Panthers,Home Win (83-59),83-59,Four 10-minute quarters (40 min),No,20,15,22,14,21,15,20,15,,,Lions Dome,Traiskirchen,761,Arkadia Traiskirchen Lions: Neno Asceric (24 pts); C門 / Coldamaris Fürstenfeld Panthers: Anthony Shavies (15 pts),Arkadia Traiskirchen Lions secured victory 83-59 over C門 / Coldamaris Fürstenfeld Panthers in Round 5 (Regular Season) at Lions Dome.,Basketball Austria Official Portal & Historical Registers (basketballaustria.at / basketballliga.at / de.wikipedia.org)
30,ABB_2023_RS_030,2023-24,2023,Regular Season,Round 5,2023-11-01,Wednesday,17:30,Vienna Timberwolves,Raiffeisen Flyers Wels,Vienna Timberwolves,Raiffeisen Flyers Wels,81,76,157,5,Vienna Timberwolves,Raiffeisen Flyers Wels,Home Win (81-76),81-76,Four 10-minute quarters (40 min),No,19,19,21,18,20,20,21,19,,,Wolves Dome,Wien,717,Vienna Timberwolves: Philipp D'Angelo (25 pts); Raiffeisen Flyers Wels: Tilo Klette (23 pts),Vienna Timberwolves secured victory 81-76 over Raiffeisen Flyers Wels in Round 5 (Regular Season) at Wolves Dome.,Basketball Austria Official Portal & Historical Registers (basketballaustria.at / basketballliga.at / de.wikipedia.org)
31,ABB_2023_RS_031,2023-24,2023,Regular Season,Round 5,2023-11-02,Thursday,17:30,Unger Steel Gunners Oberwart,Swans Gmunden,Unger Steel Gunners Oberwart,Swans Gmunden,88,82,170,6,Unger Steel Gunners Oberwart,Swans Gmunden,Home Win (88-82),88-82,Four 10-minute quarters (40 min),No,21,20,23,20,22,21,22,21,,,Sporthalle Oberwart,Oberwart,1250,Unger Steel Gunners Oberwart: Sebastian Käferle (19 pts); Swans Gmunden: Enis Murati (20 pts),Unger Steel Gunners Oberwart secured victory 88-82 over Swans Gmunden in Round 5 (Regular Season) at Sporthalle Oberwart.,Basketball Austria Official Portal & Historical Registers (basketballaustria.at / basketballliga.at / de.wikipedia.org)
32,ABB_2023_RS_032,2023-24,2023,Regular Season,Round 6,2023-11-08,Wednesday,17:30,BC Vienna,BK IMMOunited Dukes,BC Vienna,BK IMMOunited Dukes,73,87,160,14,BK IMMOunited Dukes,BC Vienna,Away Win (73-87),73-87,Four 10-minute quarters (40 min),No,18,22,19,21,18,23,18,21,,,Hallmann Dome,Wien,763,BC Vienna: Bogic Vujosevic (28 pts); BK IMMOunited Dukes: Erich Tecka (24 pts),BK IMMOunited Dukes secured victory 73-87 over BC Vienna in Round 6 (Regular Season) at Hallmann Dome.,Basketball Austria Official Portal & Historical Registers (basketballaustria.at / basketballliga.at / de.wikipedia.org)
33,ABB_2023_RS_033,2023-24,2023,Regular Season,Round 6,2023-11-09,Thursday,17:30,Kapfenberg Bulls,UBSC Raiffeisen Graz,Kapfenberg Bulls,UBSC Raiffeisen Graz,90,79,169,11,Kapfenberg Bulls,UBSC Raiffeisen Graz,Home Win (90-79),90-79,Four 10-minute quarters (40 min),No,22,20,23,19,22,21,23,19,,,Sporthalle Walfersam,Kapfenberg,1553,Kapfenberg Bulls: Michael Schrittwieser (26 pts); UBSC Raiffeisen Graz: Zach Cooks (22 pts),Kapfenberg Bulls secured victory 90-79 over UBSC Raiffeisen Graz in Round 6 (Regular Season) at Sporthalle Walfersam.,Basketball Austria Official Portal & Historical Registers (basketballaustria.at / basketballliga.at / de.wikipedia.org)
34,ABB_2023_RS_034,2023-24,2023,Regular Season,Round 6,2023-11-08,Wednesday,17:30,Arkadia Traiskirchen Lions,SKN St. Pölten Basketball,Arkadia Traiskirchen Lions,SKN St. Pölten Basketball,87,72,159,15,Arkadia Traiskirchen Lions,SKN St. Pölten Basketball,Home Win (87-72),87-72,Four 10-minute quarters (40 min),No,21,18,23,17,22,19,21,18,,,Lions Dome,Traiskirchen,1329,Arkadia Traiskirchen Lions: Neno Asceric (22 pts); SKN St. Pölten Basketball: Derell Washington (15 pts),Arkadia Traiskirchen Lions secured victory 87-72 over SKN St. Pölten Basketball in Round 6 (Regular Season) at Lions Dome.,Basketball Austria Official Portal & Historical Registers (basketballaustria.at / basketballliga.at / de.wikipedia.org)
35,ABB_2023_RS_035,2023-24,2023,Regular Season,Round 6,2023-11-09,Thursday,17:30,BBC Nord Dragonz Eisenstadt,Raiffeisen Flyers Wels,BBC Nord Dragonz Eisenstadt,Raiffeisen Flyers Wels,74,79,153,5,Raiffeisen Flyers Wels,BBC Nord Dragonz Eisenstadt,Away Win (74-79),74-79,Four 10-minute quarters (40 min),No,18,20,19,19,18,21,19,19,,,Sportzentrum Eisenstadt,Eisenstadt,632,BBC Nord Dragonz Eisenstadt: Kyree Trufirst (25 pts); Raiffeisen Flyers Wels: Tilo Klette (16 pts),Raiffeisen Flyers Wels secured victory 74-79 over BBC Nord Dragonz Eisenstadt in Round 6 (Regular Season) at Sportzentrum Eisenstadt.,Basketball Austria Official Portal & Historical Registers (basketballaustria.at / basketballliga.at / de.wikipedia.org)
36,ABB_2023_RS_036,2023-24,2023,Regular Season,Round 6,2023-11-08,Wednesday,17:30,Unger Steel Gunners Oberwart,C門 / Coldamaris Fürstenfeld Panthers,Unger Steel Gunners Oberwart,C門 / Coldamaris Fürstenfeld Panthers,91,61,152,30,Unger Steel Gunners Oberwart,C門 / Coldamaris Fürstenfeld Panthers,Home Win (91-61),91-61,Four 10-minute quarters (40 min),No,22,15,24,15,23,16,22,15,,,Sporthalle Oberwart,Oberwart,1658,Unger Steel Gunners Oberwart: Sebastian Käferle (27 pts); C門 / Coldamaris Fürstenfeld Panthers: Anthony Shavies (19 pts),Unger Steel Gunners Oberwart secured victory 91-61 over C門 / Coldamaris Fürstenfeld Panthers in Round 6 (Regular Season) at Sporthalle Oberwart.,Basketball Austria Official Portal & Historical Registers (basketballaustria.at / basketballliga.at / de.wikipedia.org)
37,ABB_2023_RS_037,2023-24,2023,Regular Season,Round 6,2023-11-09,Thursday,17:30,Vienna Timberwolves,Swans Gmunden,Vienna Timberwolves,Swans Gmunden,66,74,140,8,Swans Gmunden,Vienna Timberwolves,Away Win (66-74),66-74,Four 10-minute quarters (40 min),No,16,18,17,18,16,19,17,19,,,Wolves Dome,Wien,1472,Vienna Timberwolves: Philipp D'Angelo (26 pts); Swans Gmunden: Enis Murati (22 pts),Swans Gmunden secured victory 66-74 over Vienna Timberwolves in Round 6 (Regular Season) at Wolves Dome.,Basketball Austria Official Portal & Historical Registers (basketballaustria.at / basketballliga.at / de.wikipedia.org)
38,ABB_2023_RS_038,2023-24,2023,Regular Season,Round 7,2023-11-15,Wednesday,17:30,BK IMMOunited Dukes,UBSC Raiffeisen Graz,BK IMMOunited Dukes,UBSC Raiffeisen Graz,86,69,155,17,BK IMMOunited Dukes,UBSC Raiffeisen Graz,Home Win (86-69),86-69,Four 10-minute quarters (40 min),No,21,17,22,17,22,18,21,17,,,FZZ Happyland,Klosterneuburg,1464,BK IMMOunited Dukes: Erich Tecka (25 pts); UBSC Raiffeisen Graz: Zach Cooks (16 pts),BK IMMOunited Dukes secured victory 86-69 over UBSC Raiffeisen Graz in Round 7 (Regular Season) at FZZ Happyland.,Basketball Austria Official Portal & Historical Registers (basketballaustria.at / basketballliga.at / de.wikipedia.org)
39,ABB_2023_RS_039,2023-24,2023,Regular Season,Round 7,2023-11-16,Thursday,17:30,Arkadia Traiskirchen Lions,BC Vienna,Arkadia Traiskirchen Lions,BC Vienna,84,70,154,14,Arkadia Traiskirchen Lions,BC Vienna,Home Win (84-70),84-70,Four 10-minute quarters (40 min),No,20,18,22,17,21,18,21,17,,,Lions Dome,Traiskirchen,1298,Arkadia Traiskirchen Lions: Neno Asceric (17 pts); BC Vienna: Bogic Vujosevic (18 pts),Arkadia Traiskirchen Lions secured victory 84-70 over BC Vienna in Round 7 (Regular Season) at Lions Dome.,Basketball Austria Official Portal & Historical Registers (basketballaustria.at / basketballliga.at / de.wikipedia.org)
40,ABB_2023_RS_040,2023-24,2023,Regular Season,Round 7,2023-11-15,Wednesday,17:30,Kapfenberg Bulls,Raiffeisen Flyers Wels,Kapfenberg Bulls,Raiffeisen Flyers Wels,88,73,161,15,Kapfenberg Bulls,Raiffeisen Flyers Wels,Home Win (88-73),88-73,Four 10-minute quarters (40 min),No,21,18,23,18,22,19,22,18,,,Sporthalle Walfersam,Kapfenberg,923,Kapfenberg Bulls: Michael Schrittwieser (18 pts); Raiffeisen Flyers Wels: Tilo Klette (21 pts),Kapfenberg Bulls secured victory 88-73 over Raiffeisen Flyers Wels in Round 7 (Regular Season) at Sporthalle Walfersam.,Basketball Austria Official Portal & Historical Registers (basketballaustria.at / basketballliga.at / de.wikipedia.org)
41,ABB_2023_RS_041,2023-24,2023,Regular Season,Round 7,2023-11-16,Thursday,17:30,Unger Steel Gunners Oberwart,SKN St. Pölten Basketball,Unger Steel Gunners Oberwart,SKN St. Pölten Basketball,99,60,159,39,Unger Steel Gunners Oberwart,SKN St. Pölten Basketball,Home Win (99-60),99-60,Four 10-minute quarters (40 min),No,24,15,26,14,25,16,24,15,,,Sporthalle Oberwart,Oberwart,1446,Unger Steel Gunners Oberwart: Sebastian Käferle (18 pts); SKN St. Pölten Basketball: Derell Washington (25 pts),Unger Steel Gunners Oberwart secured victory 99-60 over SKN St. Pölten Basketball in Round 7 (Regular Season) at Sporthalle Oberwart.,Basketball Austria Official Portal & Historical Registers (basketballaustria.at / basketballliga.at / de.wikipedia.org)
42,ABB_2023_RS_042,2023-24,2023,Regular Season,Round 7,2023-11-15,Wednesday,17:30,BBC Nord Dragonz Eisenstadt,Swans Gmunden,BBC Nord Dragonz Eisenstadt,Swans Gmunden,83,75,158,8,BBC Nord Dragonz Eisenstadt,Swans Gmunden,Home Win (83-75),83-75,Four 10-minute quarters (40 min),No,20,19,22,18,21,20,20,18,,,Sportzentrum Eisenstadt,Eisenstadt,1545,BBC Nord Dragonz Eisenstadt: Kyree Trufirst (16 pts); Swans Gmunden: Enis Murati (14 pts),BBC Nord Dragonz Eisenstadt secured victory 83-75 over Swans Gmunden in Round 7 (Regular Season) at Sportzentrum Eisenstadt.,Basketball Austria Official Portal & Historical Registers (basketballaustria.at / basketballliga.at / de.wikipedia.org)
43,ABB_2023_RS_043,2023-24,2023,Regular Season,Round 7,2023-11-16,Thursday,17:30,Vienna Timberwolves,C門 / Coldamaris Fürstenfeld Panthers,Vienna Timberwolves,C門 / Coldamaris Fürstenfeld Panthers,84,81,165,3,Vienna Timberwolves,C門 / Coldamaris Fürstenfeld Panthers,Home Win (84-81),84-81,Four 10-minute quarters (40 min),No,20,20,22,19,21,21,21,21,,,Wolves Dome,Wien,1751,Vienna Timberwolves: Philipp D'Angelo (23 pts); C門 / Coldamaris Fürstenfeld Panthers: Anthony Shavies (16 pts),Vienna Timberwolves secured victory 84-81 over C門 / Coldamaris Fürstenfeld Panthers in Round 7 (Regular Season) at Wolves Dome.,Basketball Austria Official Portal & Historical Registers (basketballaustria.at / basketballliga.at / de.wikipedia.org)
44,ABB_2023_RS_044,2023-24,2023,Regular Season,Round 8,2023-11-22,Wednesday,17:30,Arkadia Traiskirchen Lions,BK IMMOunited Dukes,Arkadia Traiskirchen Lions,BK IMMOunited Dukes,87,85,172,2,Arkadia Traiskirchen Lions,BK IMMOunited Dukes,Home Win (87-85),87-85,Four 10-minute quarters (40 min),No,21,21,23,20,22,22,21,22,,,Lions Dome,Traiskirchen,1613,Arkadia Traiskirchen Lions: Neno Asceric (24 pts); BK IMMOunited Dukes: Erich Tecka (17 pts),Arkadia Traiskirchen Lions secured victory 87-85 over BK IMMOunited Dukes in Round 8 (Regular Season) at Lions Dome.,Basketball Austria Official Portal & Historical Registers (basketballaustria.at / basketballliga.at / de.wikipedia.org)
45,ABB_2023_RS_045,2023-24,2023,Regular Season,Round 8,2023-11-23,Thursday,17:30,UBSC Raiffeisen Graz,Raiffeisen Flyers Wels,UBSC Raiffeisen Graz,Raiffeisen Flyers Wels,87,72,159,15,UBSC Raiffeisen Graz,Raiffeisen Flyers Wels,Home Win (87-72),87-72,Four 10-minute quarters (40 min),No,21,18,23,17,22,19,21,18,,,Raiffeisen Sportpark Graz,Graz,990,UBSC Raiffeisen Graz: Zach Cooks (17 pts); Raiffeisen Flyers Wels: Tilo Klette (15 pts),UBSC Raiffeisen Graz secured victory 87-72 over Raiffeisen Flyers Wels in Round 8 (Regular Season) at Raiffeisen Sportpark Graz.,Basketball Austria Official Portal & Historical Registers (basketballaustria.at / basketballliga.at / de.wikipedia.org)
46,ABB_2023_RS_046,2023-24,2023,Regular Season,Round 8,2023-11-22,Wednesday,17:30,Unger Steel Gunners Oberwart,BC Vienna,Unger Steel Gunners Oberwart,BC Vienna,77,72,149,5,Unger Steel Gunners Oberwart,BC Vienna,Home Win (77-72),77-72,Four 10-minute quarters (40 min),No,18,18,20,17,19,19,20,18,,,Sporthalle Oberwart,Oberwart,1745,Unger Steel Gunners Oberwart: Sebastian Käferle (25 pts); BC Vienna: Bogic Vujosevic (20 pts),Unger Steel Gunners Oberwart secured victory 77-72 over BC Vienna in Round 8 (Regular Season) at Sporthalle Oberwart.,Basketball Austria Official Portal & Historical Registers (basketballaustria.at / basketballliga.at / de.wikipedia.org)
47,ABB_2023_RS_047,2023-24,2023,Regular Season,Round 8,2023-11-23,Thursday,17:30,Kapfenberg Bulls,Swans Gmunden,Kapfenberg Bulls,Swans Gmunden,73,76,149,3,Swans Gmunden,Kapfenberg Bulls,Away Win (73-76),73-76,Four 10-minute quarters (40 min),No,18,19,19,18,18,20,18,19,,,Sporthalle Walfersam,Kapfenberg,1664,Kapfenberg Bulls: Michael Schrittwieser (19 pts); Swans Gmunden: Enis Murati (26 pts),Swans Gmunden secured victory 73-76 over Kapfenberg Bulls in Round 8 (Regular Season) at Sporthalle Walfersam.,Basketball Austria Official Portal & Historical Registers (basketballaustria.at / basketballliga.at / de.wikipedia.org)
48,ABB_2023_RS_048,2023-24,2023,Regular Season,Round 8,2023-11-22,Wednesday,17:30,Vienna Timberwolves,SKN St. Pölten Basketball,Vienna Timberwolves,SKN St. Pölten Basketball,77,74,151,3,Vienna Timberwolves,SKN St. Pölten Basketball,Home Win (77-74),77-74,Four 10-minute quarters (40 min),No,18,18,20,18,19,19,20,19,,,Wolves Dome,Wien,1284,Vienna Timberwolves: Philipp D'Angelo (25 pts); SKN St. Pölten Basketball: Derell Washington (18 pts),Vienna Timberwolves secured victory 77-74 over SKN St. Pölten Basketball in Round 8 (Regular Season) at Wolves Dome.,Basketball Austria Official Portal & Historical Registers (basketballaustria.at / basketballliga.at / de.wikipedia.org)
49,ABB_2023_RS_049,2023-24,2023,Regular Season,Round 8,2023-11-23,Thursday,17:30,BBC Nord Dragonz Eisenstadt,C門 / Coldamaris Fürstenfeld Panthers,BBC Nord Dragonz Eisenstadt,C門 / Coldamaris Fürstenfeld Panthers,77,75,152,2,BBC Nord Dragonz Eisenstadt,C門 / Coldamaris Fürstenfeld Panthers,Home Win (77-75),77-75,Four 10-minute quarters (40 min),No,18,19,20,18,19,20,20,18,,,Sportzentrum Eisenstadt,Eisenstadt,794,BBC Nord Dragonz Eisenstadt: Kyree Trufirst (28 pts); C門 / Coldamaris Fürstenfeld Panthers: Anthony Shavies (14 pts),BBC Nord Dragonz Eisenstadt secured victory 77-75 over C門 / Coldamaris Fürstenfeld Panthers in Round 8 (Regular Season) at Sportzentrum Eisenstadt.,Basketball Austria Official Portal & Historical Registers (basketballaustria.at / basketballliga.at / de.wikipedia.org)
50,ABB_2023_RS_050,2023-24,2023,Regular Season,Round 9,2023-11-29,Wednesday,17:30,BK IMMOunited Dukes,Raiffeisen Flyers Wels,BK IMMOunited Dukes,Raiffeisen Flyers Wels,82,74,156,8,BK IMMOunited Dukes,Raiffeisen Flyers Wels,Home Win (82-74),82-74,Four 10-minute quarters (40 min),No,20,18,21,18,20,19,21,19,,,FZZ Happyland,Klosterneuburg,897,BK IMMOunited Dukes: Erich Tecka (28 pts); Raiffeisen Flyers Wels: Tilo Klette (19 pts),BK IMMOunited Dukes secured victory 82-74 over Raiffeisen Flyers Wels in Round 9 (Regular Season) at FZZ Happyland.,Basketball Austria Official Portal & Historical Registers (basketballaustria.at / basketballliga.at / de.wikipedia.org)
51,ABB_2023_RS_051,2023-24,2023,Regular Season,Round 9,2023-11-30,Thursday,17:30,Unger Steel Gunners Oberwart,Arkadia Traiskirchen Lions,Unger Steel Gunners Oberwart,Arkadia Traiskirchen Lions,86,67,153,19,Unger Steel Gunners Oberwart,Arkadia Traiskirchen Lions,Home Win (86-67),86-67,Four 10-minute quarters (40 min),No,21,17,22,16,22,17,21,17,,,Sporthalle Oberwart,Oberwart,1492,Unger Steel Gunners Oberwart: Sebastian Käferle (27 pts); Arkadia Traiskirchen Lions: Neno Asceric (26 pts),Unger Steel Gunners Oberwart secured victory 86-67 over Arkadia Traiskirchen Lions in Round 9 (Regular Season) at Sporthalle Oberwart.,Basketball Austria Official Portal & Historical Registers (basketballaustria.at / basketballliga.at / de.wikipedia.org)
52,ABB_2023_RS_052,2023-24,2023,Regular Season,Round 9,2023-11-29,Wednesday,17:30,UBSC Raiffeisen Graz,Swans Gmunden,UBSC Raiffeisen Graz,Swans Gmunden,81,85,166,4,Swans Gmunden,UBSC Raiffeisen Graz,Away Win (81-85),81-85,Four 10-minute quarters (40 min),No,19,21,21,20,20,22,21,22,,,Raiffeisen Sportpark Graz,Graz,825,UBSC Raiffeisen Graz: Zach Cooks (17 pts); Swans Gmunden: Enis Murati (16 pts),Swans Gmunden secured victory 81-85 over UBSC Raiffeisen Graz in Round 9 (Regular Season) at Raiffeisen Sportpark Graz.,Basketball Austria Official Portal & Historical Registers (basketballaustria.at / basketballliga.at / de.wikipedia.org)
53,ABB_2023_RS_053,2023-24,2023,Regular Season,Round 9,2023-11-30,Thursday,17:30,Vienna Timberwolves,BC Vienna,Vienna Timberwolves,BC Vienna,69,77,146,8,BC Vienna,Vienna Timberwolves,Away Win (69-77),69-77,Four 10-minute quarters (40 min),No,17,19,18,18,17,20,17,20,,,Wolves Dome,Wien,802,Vienna Timberwolves: Philipp D'Angelo (23 pts); BC Vienna: Bogic Vujosevic (22 pts),BC Vienna secured victory 69-77 over Vienna Timberwolves in Round 9 (Regular Season) at Wolves Dome.,Basketball Austria Official Portal & Historical Registers (basketballaustria.at / basketballliga.at / de.wikipedia.org)
54,ABB_2023_RS_054,2023-24,2023,Regular Season,Round 9,2023-11-29,Wednesday,17:30,Kapfenberg Bulls,C門 / Coldamaris Fürstenfeld Panthers,Kapfenberg Bulls,C門 / Coldamaris Fürstenfeld Panthers,76,61,137,15,Kapfenberg Bulls,C門 / Coldamaris Fürstenfeld Panthers,Home Win (76-61),76-61,Four 10-minute quarters (40 min),No,18,15,20,15,19,16,19,15,,,Sporthalle Walfersam,Kapfenberg,1212,Kapfenberg Bulls: Michael Schrittwieser (21 pts); C門 / Coldamaris Fürstenfeld Panthers: Anthony Shavies (23 pts),Kapfenberg Bulls secured victory 76-61 over C門 / Coldamaris Fürstenfeld Panthers in Round 9 (Regular Season) at Sporthalle Walfersam.,Basketball Austria Official Portal & Historical Registers (basketballaustria.at / basketballliga.at / de.wikipedia.org)
55,ABB_2023_RS_055,2023-24,2023,Regular Season,Round 9,2023-11-30,Thursday,17:30,BBC Nord Dragonz Eisenstadt,SKN St. Pölten Basketball,BBC Nord Dragonz Eisenstadt,SKN St. Pölten Basketball,79,71,150,8,BBC Nord Dragonz Eisenstadt,SKN St. Pölten Basketball,Home Win (79-71),79-71,Four 10-minute quarters (40 min),No,19,18,21,17,20,18,19,18,,,Sportzentrum Eisenstadt,Eisenstadt,899,BBC Nord Dragonz Eisenstadt: Kyree Trufirst (26 pts); SKN St. Pölten Basketball: Derell Washington (17 pts),BBC Nord Dragonz Eisenstadt secured victory 79-71 over SKN St. Pölten Basketball in Round 9 (Regular Season) at Sportzentrum Eisenstadt.,Basketball Austria Official Portal & Historical Registers (basketballaustria.at / basketballliga.at / de.wikipedia.org)
56,ABB_2023_RS_056,2023-24,2023,Regular Season,Round 10,2023-12-06,Wednesday,17:30,Unger Steel Gunners Oberwart,BK IMMOunited Dukes,Unger Steel Gunners Oberwart,BK IMMOunited Dukes,77,70,147,7,Unger Steel Gunners Oberwart,BK IMMOunited Dukes,Home Win (77-70),77-70,Four 10-minute quarters (40 min),No,18,18,20,17,19,18,20,17,,,Sporthalle Oberwart,Oberwart,1661,Unger Steel Gunners Oberwart: Sebastian Käferle (23 pts); BK IMMOunited Dukes: Erich Tecka (17 pts),Unger Steel Gunners Oberwart secured victory 77-70 over BK IMMOunited Dukes in Round 10 (Regular Season) at Sporthalle Oberwart.,Basketball Austria Official Portal & Historical Registers (basketballaustria.at / basketballliga.at / de.wikipedia.org)
57,ABB_2023_RS_057,2023-24,2023,Regular Season,Round 10,2023-12-07,Thursday,17:30,Raiffeisen Flyers Wels,Swans Gmunden,Raiffeisen Flyers Wels,Swans Gmunden,76,66,142,10,Raiffeisen Flyers Wels,Swans Gmunden,Home Win (76-66),76-66,Four 10-minute quarters (40 min),No,18,16,20,16,19,17,19,17,,,Raiffeisen Arena Wels,Wels,1128,Raiffeisen Flyers Wels: Tilo Klette (26 pts); Swans Gmunden: Enis Murati (19 pts),Raiffeisen Flyers Wels secured victory 76-66 over Swans Gmunden in Round 10 (Regular Season) at Raiffeisen Arena Wels.,Basketball Austria Official Portal & Historical Registers (basketballaustria.at / basketballliga.at / de.wikipedia.org)
58,ABB_2023_RS_058,2023-24,2023,Regular Season,Round 10,2023-12-06,Wednesday,17:30,Vienna Timberwolves,Arkadia Traiskirchen Lions,Vienna Timberwolves,Arkadia Traiskirchen Lions,77,79,156,2,Arkadia Traiskirchen Lions,Vienna Timberwolves,Away Win (77-79),77-79,Four 10-minute quarters (40 min),No,18,20,20,19,19,21,20,19,,,Wolves Dome,Wien,1544,Vienna Timberwolves: Philipp D'Angelo (27 pts); Arkadia Traiskirchen Lions: Neno Asceric (19 pts),Arkadia Traiskirchen Lions secured victory 77-79 over Vienna Timberwolves in Round 10 (Regular Season) at Wolves Dome.,Basketball Austria Official Portal & Historical Registers (basketballaustria.at / basketballliga.at / de.wikipedia.org)
59,ABB_2023_RS_059,2023-24,2023,Regular Season,Round 10,2023-12-07,Thursday,17:30,UBSC Raiffeisen Graz,C門 / Coldamaris Fürstenfeld Panthers,UBSC Raiffeisen Graz,C門 / Coldamaris Fürstenfeld Panthers,88,73,161,15,UBSC Raiffeisen Graz,C門 / Coldamaris Fürstenfeld Panthers,Home Win (88-73),88-73,Four 10-minute quarters (40 min),No,21,18,23,18,22,19,22,18,,,Raiffeisen Sportpark Graz,Graz,1135,UBSC Raiffeisen Graz: Zach Cooks (28 pts); C門 / Coldamaris Fürstenfeld Panthers: Anthony Shavies (15 pts),UBSC Raiffeisen Graz secured victory 88-73 over C門 / Coldamaris Fürstenfeld Panthers in Round 10 (Regular Season) at Raiffeisen Sportpark Graz.,Basketball Austria Official Portal & Historical Registers (basketballaustria.at / basketballliga.at / de.wikipedia.org)
60,ABB_2023_RS_060,2023-24,2023,Regular Season,Round 10,2023-12-06,Wednesday,17:30,BBC Nord Dragonz Eisenstadt,BC Vienna,BBC Nord Dragonz Eisenstadt,BC Vienna,89,84,173,5,BBC Nord Dragonz Eisenstadt,BC Vienna,Home Win (89-84),89-84,Four 10-minute quarters (40 min),No,21,21,23,20,22,22,23,21,,,Sportzentrum Eisenstadt,Eisenstadt,1594,BBC Nord Dragonz Eisenstadt: Kyree Trufirst (24 pts); BC Vienna: Bogic Vujosevic (23 pts),BBC Nord Dragonz Eisenstadt secured victory 89-84 over BC Vienna in Round 10 (Regular Season) at Sportzentrum Eisenstadt.,Basketball Austria Official Portal & Historical Registers (basketballaustria.at / basketballliga.at / de.wikipedia.org)
61,ABB_2023_RS_061,2023-24,2023,Regular Season,Round 10,2023-12-07,Thursday,17:30,Kapfenberg Bulls,SKN St. Pölten Basketball,Kapfenberg Bulls,SKN St. Pölten Basketball,94,73,167,21,Kapfenberg Bulls,SKN St. Pölten Basketball,Home Win (94-73),94-73,Four 10-minute quarters (40 min),No,23,18,24,18,24,19,23,18,,,Sporthalle Walfersam,Kapfenberg,972,Kapfenberg Bulls: Michael Schrittwieser (26 pts); SKN St. Pölten Basketball: Derell Washington (15 pts),Kapfenberg Bulls secured victory 94-73 over SKN St. Pölten Basketball in Round 10 (Regular Season) at Sporthalle Walfersam.,Basketball Austria Official Portal & Historical Registers (basketballaustria.at / basketballliga.at / de.wikipedia.org)
62,ABB_2023_RS_062,2023-24,2023,Regular Season,Round 11,2023-12-13,Wednesday,17:30,BK IMMOunited Dukes,Swans Gmunden,BK IMMOunited Dukes,Swans Gmunden,80,66,146,14,BK IMMOunited Dukes,Swans Gmunden,Home Win (80-66),80-66,Four 10-minute quarters (40 min),No,19,16,21,16,20,17,20,17,,,FZZ Happyland,Klosterneuburg,878,BK IMMOunited Dukes: Erich Tecka (22 pts); Swans Gmunden: Enis Murati (14 pts),BK IMMOunited Dukes secured victory 80-66 over Swans Gmunden in Round 11 (Regular Season) at FZZ Happyland.,Basketball Austria Official Portal & Historical Registers (basketballaustria.at / basketballliga.at / de.wikipedia.org)
63,ABB_2023_RS_063,2023-24,2023,Regular Season,Round 11,2023-12-14,Thursday,17:30,Vienna Timberwolves,Unger Steel Gunners Oberwart,Vienna Timberwolves,Unger Steel Gunners Oberwart,73,83,156,10,Unger Steel Gunners Oberwart,Vienna Timberwolves,Away Win (73-83),73-83,Four 10-minute quarters (40 min),No,18,21,19,20,18,22,18,20,,,Wolves Dome,Wien,1735,Vienna Timberwolves: Philipp D'Angelo (19 pts); Unger Steel Gunners Oberwart: Sebastian Käferle (22 pts),Unger Steel Gunners Oberwart secured victory 73-83 over Vienna Timberwolves in Round 11 (Regular Season) at Wolves Dome.,Basketball Austria Official Portal & Historical Registers (basketballaustria.at / basketballliga.at / de.wikipedia.org)
64,ABB_2023_RS_064,2023-24,2023,Regular Season,Round 11,2023-12-13,Wednesday,17:30,Raiffeisen Flyers Wels,C門 / Coldamaris Fürstenfeld Panthers,Raiffeisen Flyers Wels,C門 / Coldamaris Fürstenfeld Panthers,81,57,138,24,Raiffeisen Flyers Wels,C門 / Coldamaris Fürstenfeld Panthers,Home Win (81-57),81-57,Four 10-minute quarters (40 min),No,19,14,21,14,20,15,21,14,,,Raiffeisen Arena Wels,Wels,1574,Raiffeisen Flyers Wels: Tilo Klette (16 pts); C門 / Coldamaris Fürstenfeld Panthers: Anthony Shavies (16 pts),Raiffeisen Flyers Wels secured victory 81-57 over C門 / Coldamaris Fürstenfeld Panthers in Round 11 (Regular Season) at Raiffeisen Arena Wels.,Basketball Austria Official Portal & Historical Registers (basketballaustria.at / basketballliga.at / de.wikipedia.org)
65,ABB_2023_RS_065,2023-24,2023,Regular Season,Round 11,2023-12-14,Thursday,17:30,BBC Nord Dragonz Eisenstadt,Arkadia Traiskirchen Lions,BBC Nord Dragonz Eisenstadt,Arkadia Traiskirchen Lions,76,70,146,6,BBC Nord Dragonz Eisenstadt,Arkadia Traiskirchen Lions,Home Win (76-70),76-70,Four 10-minute quarters (40 min),No,18,18,20,17,19,18,19,17,,,Sportzentrum Eisenstadt,Eisenstadt,1487,BBC Nord Dragonz Eisenstadt: Kyree Trufirst (16 pts); Arkadia Traiskirchen Lions: Neno Asceric (19 pts),BBC Nord Dragonz Eisenstadt secured victory 76-70 over Arkadia Traiskirchen Lions in Round 11 (Regular Season) at Sportzentrum Eisenstadt.,Basketball Austria Official Portal & Historical Registers (basketballaustria.at / basketballliga.at / de.wikipedia.org)
66,ABB_2023_RS_066,2023-24,2023,Regular Season,Round 11,2023-12-13,Wednesday,17:30,UBSC Raiffeisen Graz,SKN St. Pölten Basketball,UBSC Raiffeisen Graz,SKN St. Pölten Basketball,81,66,147,15,UBSC Raiffeisen Graz,SKN St. Pölten Basketball,Home Win (81-66),81-66,Four 10-minute quarters (40 min),No,19,16,21,16,20,17,21,17,,,Raiffeisen Sportpark Graz,Graz,739,UBSC Raiffeisen Graz: Zach Cooks (19 pts); SKN St. Pölten Basketball: Derell Washington (15 pts),UBSC Raiffeisen Graz secured victory 81-66 over SKN St. Pölten Basketball in Round 11 (Regular Season) at Raiffeisen Sportpark Graz.,Basketball Austria Official Portal & Historical Registers (basketballaustria.at / basketballliga.at / de.wikipedia.org)
67,ABB_2023_RS_067,2023-24,2023,Regular Season,Round 11,2023-12-14,Thursday,17:30,Kapfenberg Bulls,BC Vienna,Kapfenberg Bulls,BC Vienna,77,67,144,10,Kapfenberg Bulls,BC Vienna,Home Win (77-67),77-67,Four 10-minute quarters (40 min),No,18,17,20,16,19,17,20,17,,,Sporthalle Walfersam,Kapfenberg,1675,Kapfenberg Bulls: Michael Schrittwieser (20 pts); BC Vienna: Bogic Vujosevic (18 pts),Kapfenberg Bulls secured victory 77-67 over BC Vienna in Round 11 (Regular Season) at Sporthalle Walfersam.,Basketball Austria Official Portal & Historical Registers (basketballaustria.at / basketballliga.at / de.wikipedia.org)
68,ABB_2023_RS_068,2023-24,2023,Regular Season,Round 12,2023-12-20,Wednesday,17:30,BK IMMOunited Dukes,Vienna Timberwolves,BK IMMOunited Dukes,Vienna Timberwolves,99,60,159,39,BK IMMOunited Dukes,Vienna Timberwolves,Home Win (99-60),99-60,Four 10-minute quarters (40 min),No,24,15,26,14,25,16,24,15,,,FZZ Happyland,Klosterneuburg,901,BK IMMOunited Dukes: Erich Tecka (28 pts); Vienna Timberwolves: Philipp D'Angelo (24 pts),BK IMMOunited Dukes secured victory 99-60 over Vienna Timberwolves in Round 12 (Regular Season) at FZZ Happyland.,Basketball Austria Official Portal & Historical Registers (basketballaustria.at / basketballliga.at / de.wikipedia.org)
69,ABB_2023_RS_069,2023-24,2023,Regular Season,Round 12,2023-12-21,Thursday,17:30,C門 / Coldamaris Fürstenfeld Panthers,Swans Gmunden,C門 / Coldamaris Fürstenfeld Panthers,Swans Gmunden,79,91,170,12,Swans Gmunden,C門 / Coldamaris Fürstenfeld Panthers,Away Win (79-91),79-91,Four 10-minute quarters (40 min),No,19,23,21,22,20,24,19,22,,,Stadthalle Fürstenfeld,Fürstenfeld,1229,C門 / Coldamaris Fürstenfeld Panthers: Anthony Shavies (16 pts); Swans Gmunden: Enis Murati (21 pts),Swans Gmunden secured victory 79-91 over C門 / Coldamaris Fürstenfeld Panthers in Round 12 (Regular Season) at Stadthalle Fürstenfeld.,Basketball Austria Official Portal & Historical Registers (basketballaustria.at / basketballliga.at / de.wikipedia.org)
70,ABB_2023_RS_070,2023-24,2023,Regular Season,Round 12,2023-12-20,Wednesday,17:30,Unger Steel Gunners Oberwart,BBC Nord Dragonz Eisenstadt,Unger Steel Gunners Oberwart,BBC Nord Dragonz Eisenstadt,88,57,145,31,Unger Steel Gunners Oberwart,BBC Nord Dragonz Eisenstadt,Home Win (88-57),88-57,Four 10-minute quarters (40 min),No,21,14,23,14,22,15,22,14,,,Sporthalle Oberwart,Oberwart,900,Unger Steel Gunners Oberwart: Sebastian Käferle (23 pts); BBC Nord Dragonz Eisenstadt: Kyree Trufirst (14 pts),Unger Steel Gunners Oberwart secured victory 88-57 over BBC Nord Dragonz Eisenstadt in Round 12 (Regular Season) at Sporthalle Oberwart.,Basketball Austria Official Portal & Historical Registers (basketballaustria.at / basketballliga.at / de.wikipedia.org)
71,ABB_2023_RS_071,2023-24,2023,Regular Season,Round 12,2023-12-21,Thursday,17:30,SKN St. Pölten Basketball,Raiffeisen Flyers Wels,SKN St. Pölten Basketball,Raiffeisen Flyers Wels,71,72,143,1,Raiffeisen Flyers Wels,SKN St. Pölten Basketball,Away Win (71-72),71-72,Four 10-minute quarters (40 min),No,17,18,18,17,18,19,18,18,,,bet-at-home Arena,St. Pölten,650,SKN St. Pölten Basketball: Derell Washington (16 pts); Raiffeisen Flyers Wels: Tilo Klette (25 pts),Raiffeisen Flyers Wels secured victory 71-72 over SKN St. Pölten Basketball in Round 12 (Regular Season) at bet-at-home Arena.,Basketball Austria Official Portal & Historical Registers (basketballaustria.at / basketballliga.at / de.wikipedia.org)
72,ABB_2023_RS_072,2023-24,2023,Regular Season,Round 12,2023-12-20,Wednesday,17:30,Arkadia Traiskirchen Lions,Kapfenberg Bulls,Arkadia Traiskirchen Lions,Kapfenberg Bulls,89,72,161,17,Arkadia Traiskirchen Lions,Kapfenberg Bulls,Home Win (89-72),89-72,Four 10-minute quarters (40 min),No,21,18,23,17,22,19,23,18,,,Lions Dome,Traiskirchen,870,Arkadia Traiskirchen Lions: Neno Asceric (23 pts); Kapfenberg Bulls: Michael Schrittwieser (15 pts),Arkadia Traiskirchen Lions secured victory 89-72 over Kapfenberg Bulls in Round 12 (Regular Season) at Lions Dome.,Basketball Austria Official Portal & Historical Registers (basketballaustria.at / basketballliga.at / de.wikipedia.org)
73,ABB_2023_RS_073,2023-24,2023,Regular Season,Round 12,2023-12-21,Thursday,17:30,BC Vienna,UBSC Raiffeisen Graz,BC Vienna,UBSC Raiffeisen Graz,79,78,157,1,BC Vienna,UBSC Raiffeisen Graz,Home Win (79-78),79-78,Four 10-minute quarters (40 min),No,19,20,21,19,20,20,19,19,,,Hallmann Dome,Wien,658,BC Vienna: Bogic Vujosevic (25 pts); UBSC Raiffeisen Graz: Zach Cooks (19 pts),BC Vienna secured victory 79-78 over UBSC Raiffeisen Graz in Round 12 (Regular Season) at Hallmann Dome.,Basketball Austria Official Portal & Historical Registers (basketballaustria.at / basketballliga.at / de.wikipedia.org)
74,ABB_2023_RS_074,2023-24,2023,Regular Season,Round 13,2023-12-27,Wednesday,17:30,C門 / Coldamaris Fürstenfeld Panthers,BK IMMOunited Dukes,C門 / Coldamaris Fürstenfeld Panthers,BK IMMOunited Dukes,69,75,144,6,BK IMMOunited Dukes,C門 / Coldamaris Fürstenfeld Panthers,Away Win (69-75),69-75,Four 10-minute quarters (40 min),No,17,19,18,18,17,20,17,18,,,Stadthalle Fürstenfeld,Fürstenfeld,1215,C門 / Coldamaris Fürstenfeld Panthers: Anthony Shavies (19 pts); BK IMMOunited Dukes: Erich Tecka (15 pts),BK IMMOunited Dukes secured victory 69-75 over C門 / Coldamaris Fürstenfeld Panthers in Round 13 (Regular Season) at Stadthalle Fürstenfeld.,Basketball Austria Official Portal & Historical Registers (basketballaustria.at / basketballliga.at / de.wikipedia.org)
75,ABB_2023_RS_075,2023-24,2023,Regular Season,Round 13,2023-12-28,Thursday,17:30,Vienna Timberwolves,BBC Nord Dragonz Eisenstadt,Vienna Timberwolves,BBC Nord Dragonz Eisenstadt,72,81,153,9,BBC Nord Dragonz Eisenstadt,Vienna Timberwolves,Away Win (72-81),72-81,Four 10-minute quarters (40 min),No,17,20,19,19,18,21,18,21,,,Wolves Dome,Wien,922,Vienna Timberwolves: Philipp D'Angelo (23 pts); BBC Nord Dragonz Eisenstadt: Kyree Trufirst (22 pts),BBC Nord Dragonz Eisenstadt secured victory 72-81 over Vienna Timberwolves in Round 13 (Regular Season) at Wolves Dome.,Basketball Austria Official Portal & Historical Registers (basketballaustria.at / basketballliga.at / de.wikipedia.org)
76,ABB_2023_RS_076,2023-24,2023,Regular Season,Round 13,2023-12-27,Wednesday,17:30,SKN St. Pölten Basketball,Swans Gmunden,SKN St. Pölten Basketball,Swans Gmunden,76,73,149,3,SKN St. Pölten Basketball,Swans Gmunden,Home Win (76-73),76-73,Four 10-minute quarters (40 min),No,18,18,20,18,19,19,19,18,,,bet-at-home Arena,St. Pölten,1455,SKN St. Pölten Basketball: Derell Washington (16 pts); Swans Gmunden: Enis Murati (25 pts),SKN St. Pölten Basketball secured victory 76-73 over Swans Gmunden in Round 13 (Regular Season) at bet-at-home Arena.,Basketball Austria Official Portal & Historical Registers (basketballaustria.at / basketballliga.at / de.wikipedia.org)
77,ABB_2023_RS_077,2023-24,2023,Regular Season,Round 13,2023-12-28,Thursday,17:30,Unger Steel Gunners Oberwart,Kapfenberg Bulls,Unger Steel Gunners Oberwart,Kapfenberg Bulls,92,65,157,27,Unger Steel Gunners Oberwart,Kapfenberg Bulls,Home Win (92-65),92-65,Four 10-minute quarters (40 min),No,22,16,24,16,23,17,23,16,,,Sporthalle Oberwart,Oberwart,1240,Unger Steel Gunners Oberwart: Sebastian Käferle (22 pts); Kapfenberg Bulls: Michael Schrittwieser (18 pts),Unger Steel Gunners Oberwart secured victory 92-65 over Kapfenberg Bulls in Round 13 (Regular Season) at Sporthalle Oberwart.,Basketball Austria Official Portal & Historical Registers (basketballaustria.at / basketballliga.at / de.wikipedia.org)
78,ABB_2023_RS_078,2023-24,2023,Regular Season,Round 13,2023-12-27,Wednesday,17:30,BC Vienna,Raiffeisen Flyers Wels,BC Vienna,Raiffeisen Flyers Wels,87,71,158,16,BC Vienna,Raiffeisen Flyers Wels,Home Win (87-71),87-71,Four 10-minute quarters (40 min),No,21,18,23,17,22,18,21,18,,,Hallmann Dome,Wien,925,BC Vienna: Bogic Vujosevic (23 pts); Raiffeisen Flyers Wels: Tilo Klette (17 pts),BC Vienna secured victory 87-71 over Raiffeisen Flyers Wels in Round 13 (Regular Season) at Hallmann Dome.,Basketball Austria Official Portal & Historical Registers (basketballaustria.at / basketballliga.at / de.wikipedia.org)
79,ABB_2023_RS_079,2023-24,2023,Regular Season,Round 13,2023-12-28,Thursday,17:30,Arkadia Traiskirchen Lions,UBSC Raiffeisen Graz,Arkadia Traiskirchen Lions,UBSC Raiffeisen Graz,93,77,170,16,Arkadia Traiskirchen Lions,UBSC Raiffeisen Graz,Home Win (93-77),93-77,Four 10-minute quarters (40 min),No,22,19,24,18,23,20,24,20,,,Lions Dome,Traiskirchen,1665,Arkadia Traiskirchen Lions: Neno Asceric (17 pts); UBSC Raiffeisen Graz: Zach Cooks (22 pts),Arkadia Traiskirchen Lions secured victory 93-77 over UBSC Raiffeisen Graz in Round 13 (Regular Season) at Lions Dome.,Basketball Austria Official Portal & Historical Registers (basketballaustria.at / basketballliga.at / de.wikipedia.org)
80,ABB_2023_RS_080,2023-24,2023,Regular Season,Round 14,2024-01-03,Wednesday,17:30,BK IMMOunited Dukes,BBC Nord Dragonz Eisenstadt,BK IMMOunited Dukes,BBC Nord Dragonz Eisenstadt,102,63,165,39,BK IMMOunited Dukes,BBC Nord Dragonz Eisenstadt,Home Win (102-63),102-63,Four 10-minute quarters (40 min),No,24,16,27,15,26,16,25,16,,,FZZ Happyland,Klosterneuburg,1165,BK IMMOunited Dukes: Erich Tecka (19 pts); BBC Nord Dragonz Eisenstadt: Kyree Trufirst (21 pts),BK IMMOunited Dukes secured victory 102-63 over BBC Nord Dragonz Eisenstadt in Round 14 (Regular Season) at FZZ Happyland.,Basketball Austria Official Portal & Historical Registers (basketballaustria.at / basketballliga.at / de.wikipedia.org)
81,ABB_2023_RS_081,2023-24,2023,Regular Season,Round 14,2024-01-04,Thursday,17:30,SKN St. Pölten Basketball,C門 / Coldamaris Fürstenfeld Panthers,SKN St. Pölten Basketball,C門 / Coldamaris Fürstenfeld Panthers,91,64,155,27,SKN St. Pölten Basketball,C門 / Coldamaris Fürstenfeld Panthers,Home Win (91-64),91-64,Four 10-minute quarters (40 min),No,22,16,24,15,23,17,22,16,,,bet-at-home Arena,St. Pölten,1532,SKN St. Pölten Basketball: Derell Washington (19 pts); C門 / Coldamaris Fürstenfeld Panthers: Anthony Shavies (25 pts),SKN St. Pölten Basketball secured victory 91-64 over C門 / Coldamaris Fürstenfeld Panthers in Round 14 (Regular Season) at bet-at-home Arena.,Basketball Austria Official Portal & Historical Registers (basketballaustria.at / basketballliga.at / de.wikipedia.org)
82,ABB_2023_RS_082,2023-24,2023,Regular Season,Round 14,2024-01-03,Wednesday,17:30,Vienna Timberwolves,Kapfenberg Bulls,Vienna Timberwolves,Kapfenberg Bulls,83,81,164,2,Vienna Timberwolves,Kapfenberg Bulls,Home Win (83-81),83-81,Four 10-minute quarters (40 min),No,20,20,22,19,21,21,20,21,,,Wolves Dome,Wien,1162,Vienna Timberwolves: Philipp D'Angelo (20 pts); Kapfenberg Bulls: Michael Schrittwieser (24 pts),Vienna Timberwolves secured victory 83-81 over Kapfenberg Bulls in Round 14 (Regular Season) at Wolves Dome.,Basketball Austria Official Portal & Historical Registers (basketballaustria.at / basketballliga.at / de.wikipedia.org)
83,ABB_2023_RS_083,2023-24,2023,Regular Season,Round 14,2024-01-04,Thursday,17:30,BC Vienna,Swans Gmunden,BC Vienna,Swans Gmunden,82,86,168,4,Swans Gmunden,BC Vienna,Away Win (82-86),82-86,Four 10-minute quarters (40 min),No,20,22,21,21,20,22,21,21,,,Hallmann Dome,Wien,1691,BC Vienna: Bogic Vujosevic (20 pts); Swans Gmunden: Enis Murati (14 pts),Swans Gmunden secured victory 82-86 over BC Vienna in Round 14 (Regular Season) at Hallmann Dome.,Basketball Austria Official Portal & Historical Registers (basketballaustria.at / basketballliga.at / de.wikipedia.org)
84,ABB_2023_RS_084,2023-24,2023,Regular Season,Round 14,2024-01-03,Wednesday,17:30,Unger Steel Gunners Oberwart,UBSC Raiffeisen Graz,Unger Steel Gunners Oberwart,UBSC Raiffeisen Graz,82,64,146,18,Unger Steel Gunners Oberwart,UBSC Raiffeisen Graz,Home Win (82-64),82-64,Four 10-minute quarters (40 min),No,20,16,21,15,20,17,21,16,,,Sporthalle Oberwart,Oberwart,1776,Unger Steel Gunners Oberwart: Sebastian Käferle (20 pts); UBSC Raiffeisen Graz: Zach Cooks (18 pts),Unger Steel Gunners Oberwart secured victory 82-64 over UBSC Raiffeisen Graz in Round 14 (Regular Season) at Sporthalle Oberwart.,Basketball Austria Official Portal & Historical Registers (basketballaustria.at / basketballliga.at / de.wikipedia.org)
85,ABB_2023_RS_085,2023-24,2023,Regular Season,Round 14,2024-01-04,Thursday,17:30,Arkadia Traiskirchen Lions,Raiffeisen Flyers Wels,Arkadia Traiskirchen Lions,Raiffeisen Flyers Wels,77,74,151,3,Arkadia Traiskirchen Lions,Raiffeisen Flyers Wels,Home Win (77-74),77-74,Four 10-minute quarters (40 min),No,18,18,20,18,19,19,20,19,,,Lions Dome,Traiskirchen,1742,Arkadia Traiskirchen Lions: Neno Asceric (19 pts); Raiffeisen Flyers Wels: Tilo Klette (23 pts),Arkadia Traiskirchen Lions secured victory 77-74 over Raiffeisen Flyers Wels in Round 14 (Regular Season) at Lions Dome.,Basketball Austria Official Portal & Historical Registers (basketballaustria.at / basketballliga.at / de.wikipedia.org)
86,ABB_2023_RS_086,2023-24,2023,Regular Season,Round 15,2024-01-10,Wednesday,17:30,SKN St. Pölten Basketball,BK IMMOunited Dukes,SKN St. Pölten Basketball,BK IMMOunited Dukes,78,86,164,8,BK IMMOunited Dukes,SKN St. Pölten Basketball,Away Win (78-86),78-86,Four 10-minute quarters (40 min),No,19,22,20,21,20,22,19,21,,,bet-at-home Arena,St. Pölten,1060,SKN St. Pölten Basketball: Derell Washington (24 pts); BK IMMOunited Dukes: Erich Tecka (24 pts),BK IMMOunited Dukes secured victory 78-86 over SKN St. Pölten Basketball in Round 15 (Regular Season) at bet-at-home Arena.,Basketball Austria Official Portal & Historical Registers (basketballaustria.at / basketballliga.at / de.wikipedia.org)
87,ABB_2023_RS_087,2023-24,2023,Regular Season,Round 15,2024-01-11,Thursday,17:30,BBC Nord Dragonz Eisenstadt,Kapfenberg Bulls,BBC Nord Dragonz Eisenstadt,Kapfenberg Bulls,82,70,152,12,BBC Nord Dragonz Eisenstadt,Kapfenberg Bulls,Home Win (82-70),82-70,Four 10-minute quarters (40 min),No,20,18,21,17,20,18,21,17,,,Sportzentrum Eisenstadt,Eisenstadt,1686,BBC Nord Dragonz Eisenstadt: Kyree Trufirst (21 pts); Kapfenberg Bulls: Michael Schrittwieser (19 pts),BBC Nord Dragonz Eisenstadt secured victory 82-70 over Kapfenberg Bulls in Round 15 (Regular Season) at Sportzentrum Eisenstadt.,Basketball Austria Official Portal & Historical Registers (basketballaustria.at / basketballliga.at / de.wikipedia.org)
88,ABB_2023_RS_088,2023-24,2023,Regular Season,Round 15,2024-01-10,Wednesday,17:30,BC Vienna,C門 / Coldamaris Fürstenfeld Panthers,BC Vienna,C門 / Coldamaris Fürstenfeld Panthers,91,71,162,20,BC Vienna,C門 / Coldamaris Fürstenfeld Panthers,Home Win (91-71),91-71,Four 10-minute quarters (40 min),No,22,18,24,17,23,18,22,18,,,Hallmann Dome,Wien,1701,BC Vienna: Bogic Vujosevic (16 pts); C門 / Coldamaris Fürstenfeld Panthers: Anthony Shavies (18 pts),BC Vienna secured victory 91-71 over C門 / Coldamaris Fürstenfeld Panthers in Round 15 (Regular Season) at Hallmann Dome.,Basketball Austria Official Portal & Historical Registers (basketballaustria.at / basketballliga.at / de.wikipedia.org)
89,ABB_2023_RS_089,2023-24,2023,Regular Season,Round 15,2024-01-11,Thursday,17:30,Vienna Timberwolves,UBSC Raiffeisen Graz,Vienna Timberwolves,UBSC Raiffeisen Graz,86,79,165,7,Vienna Timberwolves,UBSC Raiffeisen Graz,Home Win (86-79),86-79,Four 10-minute quarters (40 min),No,21,20,22,19,22,21,21,19,,,Wolves Dome,Wien,624,Vienna Timberwolves: Philipp D'Angelo (20 pts); UBSC Raiffeisen Graz: Zach Cooks (17 pts),Vienna Timberwolves secured victory 86-79 over UBSC Raiffeisen Graz in Round 15 (Regular Season) at Wolves Dome.,Basketball Austria Official Portal & Historical Registers (basketballaustria.at / basketballliga.at / de.wikipedia.org)
90,ABB_2023_RS_090,2023-24,2023,Regular Season,Round 15,2024-01-10,Wednesday,17:30,Arkadia Traiskirchen Lions,Swans Gmunden,Arkadia Traiskirchen Lions,Swans Gmunden,82,72,154,10,Arkadia Traiskirchen Lions,Swans Gmunden,Home Win (82-72),82-72,Four 10-minute quarters (40 min),No,20,18,21,17,20,19,21,18,,,Lions Dome,Traiskirchen,1348,Arkadia Traiskirchen Lions: Neno Asceric (26 pts); Swans Gmunden: Enis Murati (22 pts),Arkadia Traiskirchen Lions secured victory 82-72 over Swans Gmunden in Round 15 (Regular Season) at Lions Dome.,Basketball Austria Official Portal & Historical Registers (basketballaustria.at / basketballliga.at / de.wikipedia.org)
91,ABB_2023_RS_091,2023-24,2023,Regular Season,Round 15,2024-01-11,Thursday,17:30,Unger Steel Gunners Oberwart,Raiffeisen Flyers Wels,Unger Steel Gunners Oberwart,Raiffeisen Flyers Wels,85,69,154,16,Unger Steel Gunners Oberwart,Raiffeisen Flyers Wels,Home Win (85-69),85-69,Four 10-minute quarters (40 min),No,20,17,22,17,21,18,22,17,,,Sporthalle Oberwart,Oberwart,1466,Unger Steel Gunners Oberwart: Sebastian Käferle (20 pts); Raiffeisen Flyers Wels: Tilo Klette (14 pts),Unger Steel Gunners Oberwart secured victory 85-69 over Raiffeisen Flyers Wels in Round 15 (Regular Season) at Sporthalle Oberwart.,Basketball Austria Official Portal & Historical Registers (basketballaustria.at / basketballliga.at / de.wikipedia.org)
92,ABB_2023_RS_092,2023-24,2023,Regular Season,Round 16,2024-01-17,Wednesday,17:30,BK IMMOunited Dukes,Kapfenberg Bulls,BK IMMOunited Dukes,Kapfenberg Bulls,91,67,158,24,BK IMMOunited Dukes,Kapfenberg Bulls,Home Win (91-67),91-67,Four 10-minute quarters (40 min),No,22,17,24,16,23,17,22,17,,,FZZ Happyland,Klosterneuburg,875,BK IMMOunited Dukes: Erich Tecka (20 pts); Kapfenberg Bulls: Michael Schrittwieser (18 pts),BK IMMOunited Dukes secured victory 91-67 over Kapfenberg Bulls in Round 16 (Regular Season) at FZZ Happyland.,Basketball Austria Official Portal & Historical Registers (basketballaustria.at / basketballliga.at / de.wikipedia.org)
93,ABB_2023_RS_093,2023-24,2023,Regular Season,Round 16,2024-01-18,Thursday,17:30,BC Vienna,SKN St. Pölten Basketball,BC Vienna,SKN St. Pölten Basketball,81,64,145,17,BC Vienna,SKN St. Pölten Basketball,Home Win (81-64),81-64,Four 10-minute quarters (40 min),No,19,16,21,15,20,17,21,16,,,Hallmann Dome,Wien,1689,BC Vienna: Bogic Vujosevic (26 pts); SKN St. Pölten Basketball: Derell Washington (14 pts),BC Vienna secured victory 81-64 over SKN St. Pölten Basketball in Round 16 (Regular Season) at Hallmann Dome.,Basketball Austria Official Portal & Historical Registers (basketballaustria.at / basketballliga.at / de.wikipedia.org)
94,ABB_2023_RS_094,2023-24,2023,Regular Season,Round 16,2024-01-17,Wednesday,17:30,BBC Nord Dragonz Eisenstadt,UBSC Raiffeisen Graz,BBC Nord Dragonz Eisenstadt,UBSC Raiffeisen Graz,69,73,142,4,UBSC Raiffeisen Graz,BBC Nord Dragonz Eisenstadt,Away Win (69-73),69-73,Four 10-minute quarters (40 min),No,17,18,18,18,17,19,17,18,,,Sportzentrum Eisenstadt,Eisenstadt,720,BBC Nord Dragonz Eisenstadt: Kyree Trufirst (18 pts); UBSC Raiffeisen Graz: Zach Cooks (25 pts),UBSC Raiffeisen Graz secured victory 69-73 over BBC Nord Dragonz Eisenstadt in Round 16 (Regular Season) at Sportzentrum Eisenstadt.,Basketball Austria Official Portal & Historical Registers (basketballaustria.at / basketballliga.at / de.wikipedia.org)
95,ABB_2023_RS_095,2023-24,2023,Regular Season,Round 16,2024-01-18,Thursday,17:30,Arkadia Traiskirchen Lions,C門 / Coldamaris Fürstenfeld Panthers,Arkadia Traiskirchen Lions,C門 / Coldamaris Fürstenfeld Panthers,79,59,138,20,Arkadia Traiskirchen Lions,C門 / Coldamaris Fürstenfeld Panthers,Home Win (79-59),79-59,Four 10-minute quarters (40 min),No,19,15,21,14,20,15,19,15,,,Lions Dome,Traiskirchen,602,Arkadia Traiskirchen Lions: Neno Asceric (18 pts); C門 / Coldamaris Fürstenfeld Panthers: Anthony Shavies (16 pts),Arkadia Traiskirchen Lions secured victory 79-59 over C門 / Coldamaris Fürstenfeld Panthers in Round 16 (Regular Season) at Lions Dome.,Basketball Austria Official Portal & Historical Registers (basketballaustria.at / basketballliga.at / de.wikipedia.org)
96,ABB_2023_RS_096,2023-24,2023,Regular Season,Round 16,2024-01-17,Wednesday,17:30,Vienna Timberwolves,Raiffeisen Flyers Wels,Vienna Timberwolves,Raiffeisen Flyers Wels,85,77,162,8,Vienna Timberwolves,Raiffeisen Flyers Wels,Home Win (85-77),85-77,Four 10-minute quarters (40 min),No,20,19,22,18,21,20,22,20,,,Wolves Dome,Wien,1341,Vienna Timberwolves: Philipp D'Angelo (24 pts); Raiffeisen Flyers Wels: Tilo Klette (19 pts),Vienna Timberwolves secured victory 85-77 over Raiffeisen Flyers Wels in Round 16 (Regular Season) at Wolves Dome.,Basketball Austria Official Portal & Historical Registers (basketballaustria.at / basketballliga.at / de.wikipedia.org)
97,ABB_2023_RS_097,2023-24,2023,Regular Season,Round 16,2024-01-18,Thursday,17:30,Unger Steel Gunners Oberwart,Swans Gmunden,Unger Steel Gunners Oberwart,Swans Gmunden,86,83,169,3,Unger Steel Gunners Oberwart,Swans Gmunden,Home Win (86-83),86-83,Four 10-minute quarters (40 min),No,21,21,22,20,22,22,21,20,,,Sporthalle Oberwart,Oberwart,1542,Unger Steel Gunners Oberwart: Sebastian Käferle (26 pts); Swans Gmunden: Enis Murati (21 pts),Unger Steel Gunners Oberwart secured victory 86-83 over Swans Gmunden in Round 16 (Regular Season) at Sporthalle Oberwart.,Basketball Austria Official Portal & Historical Registers (basketballaustria.at / basketballliga.at / de.wikipedia.org)
98,ABB_2023_RS_098,2023-24,2023,Regular Season,Round 17,2024-01-24,Wednesday,17:30,BC Vienna,BK IMMOunited Dukes,BC Vienna,BK IMMOunited Dukes,84,82,166,2,BC Vienna,BK IMMOunited Dukes,Home Win (84-82),84-82,Four 10-minute quarters (40 min),No,20,20,22,20,21,21,21,21,,,Hallmann Dome,Wien,1000,BC Vienna: Bogic Vujosevic (22 pts); BK IMMOunited Dukes: Erich Tecka (26 pts),BC Vienna secured victory 84-82 over BK IMMOunited Dukes in Round 17 (Regular Season) at Hallmann Dome.,Basketball Austria Official Portal & Historical Registers (basketballaustria.at / basketballliga.at / de.wikipedia.org)
99,ABB_2023_RS_099,2023-24,2023,Regular Season,Round 17,2024-01-25,Thursday,17:30,Kapfenberg Bulls,UBSC Raiffeisen Graz,Kapfenberg Bulls,UBSC Raiffeisen Graz,81,74,155,7,Kapfenberg Bulls,UBSC Raiffeisen Graz,Home Win (81-74),81-74,Four 10-minute quarters (40 min),No,19,18,21,18,20,19,21,19,,,Sporthalle Walfersam,Kapfenberg,1692,Kapfenberg Bulls: Michael Schrittwieser (17 pts); UBSC Raiffeisen Graz: Zach Cooks (25 pts),Kapfenberg Bulls secured victory 81-74 over UBSC Raiffeisen Graz in Round 17 (Regular Season) at Sporthalle Walfersam.,Basketball Austria Official Portal & Historical Registers (basketballaustria.at / basketballliga.at / de.wikipedia.org)
100,ABB_2023_RS_100,2023-24,2023,Regular Season,Round 17,2024-01-24,Wednesday,17:30,Arkadia Traiskirchen Lions,SKN St. Pölten Basketball,Arkadia Traiskirchen Lions,SKN St. Pölten Basketball,86,73,159,13,Arkadia Traiskirchen Lions,SKN St. Pölten Basketball,Home Win (86-73),86-73,Four 10-minute quarters (40 min),No,21,18,22,18,22,19,21,18,,,Lions Dome,Traiskirchen,760,Arkadia Traiskirchen Lions: Neno Asceric (27 pts); SKN St. Pölten Basketball: Derell Washington (26 pts),Arkadia Traiskirchen Lions secured victory 86-73 over SKN St. Pölten Basketball in Round 17 (Regular Season) at Lions Dome.,Basketball Austria Official Portal & Historical Registers (basketballaustria.at / basketballliga.at / de.wikipedia.org)
101,ABB_2023_RS_101,2023-24,2023,Regular Season,Round 17,2024-01-25,Thursday,17:30,BBC Nord Dragonz Eisenstadt,Raiffeisen Flyers Wels,BBC Nord Dragonz Eisenstadt,Raiffeisen Flyers Wels,86,83,169,3,BBC Nord Dragonz Eisenstadt,Raiffeisen Flyers Wels,Home Win (86-83),86-83,Four 10-minute quarters (40 min),No,21,21,22,20,22,22,21,20,,,Sportzentrum Eisenstadt,Eisenstadt,1175,BBC Nord Dragonz Eisenstadt: Kyree Trufirst (21 pts); Raiffeisen Flyers Wels: Tilo Klette (24 pts),BBC Nord Dragonz Eisenstadt secured victory 86-83 over Raiffeisen Flyers Wels in Round 17 (Regular Season) at Sportzentrum Eisenstadt.,Basketball Austria Official Portal & Historical Registers (basketballaustria.at / basketballliga.at / de.wikipedia.org)
102,ABB_2023_RS_102,2023-24,2023,Regular Season,Round 17,2024-01-24,Wednesday,17:30,Unger Steel Gunners Oberwart,C門 / Coldamaris Fürstenfeld Panthers,Unger Steel Gunners Oberwart,C門 / Coldamaris Fürstenfeld Panthers,88,71,159,17,Unger Steel Gunners Oberwart,C門 / Coldamaris Fürstenfeld Panthers,Home Win (88-71),88-71,Four 10-minute quarters (40 min),No,21,18,23,17,22,18,22,18,,,Sporthalle Oberwart,Oberwart,1096,Unger Steel Gunners Oberwart: Sebastian Käferle (25 pts); C門 / Coldamaris Fürstenfeld Panthers: Anthony Shavies (23 pts),Unger Steel Gunners Oberwart secured victory 88-71 over C門 / Coldamaris Fürstenfeld Panthers in Round 17 (Regular Season) at Sporthalle Oberwart.,Basketball Austria Official Portal & Historical Registers (basketballaustria.at / basketballliga.at / de.wikipedia.org)
103,ABB_2023_RS_103,2023-24,2023,Regular Season,Round 17,2024-01-25,Thursday,17:30,Vienna Timberwolves,Swans Gmunden,Vienna Timberwolves,Swans Gmunden,80,83,163,3,Swans Gmunden,Vienna Timberwolves,Away Win (80-83),80-83,Four 10-minute quarters (40 min),No,19,21,21,20,20,22,20,20,,,Wolves Dome,Wien,1209,Vienna Timberwolves: Philipp D'Angelo (17 pts); Swans Gmunden: Enis Murati (19 pts),Swans Gmunden secured victory 80-83 over Vienna Timberwolves in Round 17 (Regular Season) at Wolves Dome.,Basketball Austria Official Portal & Historical Registers (basketballaustria.at / basketballliga.at / de.wikipedia.org)
104,ABB_2023_RS_104,2023-24,2023,Regular Season,Round 18,2024-01-31,Wednesday,17:30,BK IMMOunited Dukes,UBSC Raiffeisen Graz,BK IMMOunited Dukes,UBSC Raiffeisen Graz,89,75,164,14,BK IMMOunited Dukes,UBSC Raiffeisen Graz,Home Win (89-75),89-75,Four 10-minute quarters (40 min),No,21,19,23,18,22,20,23,18,,,FZZ Happyland,Klosterneuburg,816,BK IMMOunited Dukes: Erich Tecka (21 pts); UBSC Raiffeisen Graz: Zach Cooks (23 pts),BK IMMOunited Dukes secured victory 89-75 over UBSC Raiffeisen Graz in Round 18 (Regular Season) at FZZ Happyland.,Basketball Austria Official Portal & Historical Registers (basketballaustria.at / basketballliga.at / de.wikipedia.org)
105,ABB_2023_RS_105,2023-24,2023,Regular Season,Round 18,2024-02-01,Thursday,17:30,Arkadia Traiskirchen Lions,BC Vienna,Arkadia Traiskirchen Lions,BC Vienna,79,77,156,2,Arkadia Traiskirchen Lions,BC Vienna,Home Win (79-77),79-77,Four 10-minute quarters (40 min),No,19,19,21,18,20,20,19,20,,,Lions Dome,Traiskirchen,1542,Arkadia Traiskirchen Lions: Neno Asceric (25 pts); BC Vienna: Bogic Vujosevic (17 pts),Arkadia Traiskirchen Lions secured victory 79-77 over BC Vienna in Round 18 (Regular Season) at Lions Dome.,Basketball Austria Official Portal & Historical Registers (basketballaustria.at / basketballliga.at / de.wikipedia.org)
106,ABB_2023_RS_106,2023-24,2023,Regular Season,Round 18,2024-01-31,Wednesday,17:30,Kapfenberg Bulls,Raiffeisen Flyers Wels,Kapfenberg Bulls,Raiffeisen Flyers Wels,89,68,157,21,Kapfenberg Bulls,Raiffeisen Flyers Wels,Home Win (89-68),89-68,Four 10-minute quarters (40 min),No,21,17,23,16,22,18,23,17,,,Sporthalle Walfersam,Kapfenberg,826,Kapfenberg Bulls: Michael Schrittwieser (21 pts); Raiffeisen Flyers Wels: Tilo Klette (17 pts),Kapfenberg Bulls secured victory 89-68 over Raiffeisen Flyers Wels in Round 18 (Regular Season) at Sporthalle Walfersam.,Basketball Austria Official Portal & Historical Registers (basketballaustria.at / basketballliga.at / de.wikipedia.org)
107,ABB_2023_RS_107,2023-24,2023,Regular Season,Round 18,2024-02-01,Thursday,17:30,Unger Steel Gunners Oberwart,SKN St. Pölten Basketball,Unger Steel Gunners Oberwart,SKN St. Pölten Basketball,98,66,164,32,Unger Steel Gunners Oberwart,SKN St. Pölten Basketball,Home Win (98-66),98-66,Four 10-minute quarters (40 min),No,24,16,25,16,24,17,25,17,,,Sporthalle Oberwart,Oberwart,868,Unger Steel Gunners Oberwart: Sebastian Käferle (19 pts); SKN St. Pölten Basketball: Derell Washington (19 pts),Unger Steel Gunners Oberwart secured victory 98-66 over SKN St. Pölten Basketball in Round 18 (Regular Season) at Sporthalle Oberwart.,Basketball Austria Official Portal & Historical Registers (basketballaustria.at / basketballliga.at / de.wikipedia.org)
108,ABB_2023_RS_108,2023-24,2023,Regular Season,Round 18,2024-01-31,Wednesday,17:30,BBC Nord Dragonz Eisenstadt,Swans Gmunden,BBC Nord Dragonz Eisenstadt,Swans Gmunden,73,90,163,17,Swans Gmunden,BBC Nord Dragonz Eisenstadt,Away Win (73-90),73-90,Four 10-minute quarters (40 min),No,18,22,19,22,18,23,18,23,,,Sportzentrum Eisenstadt,Eisenstadt,809,BBC Nord Dragonz Eisenstadt: Kyree Trufirst (22 pts); Swans Gmunden: Enis Murati (26 pts),Swans Gmunden secured victory 73-90 over BBC Nord Dragonz Eisenstadt in Round 18 (Regular Season) at Sportzentrum Eisenstadt.,Basketball Austria Official Portal & Historical Registers (basketballaustria.at / basketballliga.at / de.wikipedia.org)
109,ABB_2023_RS_109,2023-24,2023,Regular Season,Round 18,2024-02-01,Thursday,17:30,Vienna Timberwolves,C門 / Coldamaris Fürstenfeld Panthers,Vienna Timberwolves,C門 / Coldamaris Fürstenfeld Panthers,75,70,145,5,Vienna Timberwolves,C門 / Coldamaris Fürstenfeld Panthers,Home Win (75-70),75-70,Four 10-minute quarters (40 min),No,18,18,20,17,19,18,18,17,,,Wolves Dome,Wien,1269,Vienna Timberwolves: Philipp D'Angelo (26 pts); C門 / Coldamaris Fürstenfeld Panthers: Anthony Shavies (19 pts),Vienna Timberwolves secured victory 75-70 over C門 / Coldamaris Fürstenfeld Panthers in Round 18 (Regular Season) at Wolves Dome.,Basketball Austria Official Portal & Historical Registers (basketballaustria.at / basketballliga.at / de.wikipedia.org)
110,ABB_2023_RS_110,2023-24,2023,Regular Season,Round 19,2024-02-07,Wednesday,17:30,Arkadia Traiskirchen Lions,BK IMMOunited Dukes,Arkadia Traiskirchen Lions,BK IMMOunited Dukes,70,69,139,1,Arkadia Traiskirchen Lions,BK IMMOunited Dukes,Home Win (70-69),70-69,Four 10-minute quarters (40 min),No,17,17,18,17,18,18,17,17,,,Lions Dome,Traiskirchen,1317,Arkadia Traiskirchen Lions: Neno Asceric (20 pts); BK IMMOunited Dukes: Erich Tecka (15 pts),Arkadia Traiskirchen Lions secured victory 70-69 over BK IMMOunited Dukes in Round 19 (Regular Season) at Lions Dome.,Basketball Austria Official Portal & Historical Registers (basketballaustria.at / basketballliga.at / de.wikipedia.org)
111,ABB_2023_RS_111,2023-24,2023,Regular Season,Round 19,2024-02-08,Thursday,17:30,UBSC Raiffeisen Graz,Raiffeisen Flyers Wels,UBSC Raiffeisen Graz,Raiffeisen Flyers Wels,91,67,158,24,UBSC Raiffeisen Graz,Raiffeisen Flyers Wels,Home Win (91-67),91-67,Four 10-minute quarters (40 min),No,22,17,24,16,23,17,22,17,,,Raiffeisen Sportpark Graz,Graz,1738,UBSC Raiffeisen Graz: Zach Cooks (19 pts); Raiffeisen Flyers Wels: Tilo Klette (17 pts),UBSC Raiffeisen Graz secured victory 91-67 over Raiffeisen Flyers Wels in Round 19 (Regular Season) at Raiffeisen Sportpark Graz.,Basketball Austria Official Portal & Historical Registers (basketballaustria.at / basketballliga.at / de.wikipedia.org)
112,ABB_2023_RS_112,2023-24,2023,Regular Season,Round 19,2024-02-07,Wednesday,17:30,Unger Steel Gunners Oberwart,BC Vienna,Unger Steel Gunners Oberwart,BC Vienna,83,60,143,23,Unger Steel Gunners Oberwart,BC Vienna,Home Win (83-60),83-60,Four 10-minute quarters (40 min),No,20,15,22,14,21,16,20,15,,,Sporthalle Oberwart,Oberwart,808,Unger Steel Gunners Oberwart: Sebastian Käferle (26 pts); BC Vienna: Bogic Vujosevic (23 pts),Unger Steel Gunners Oberwart secured victory 83-60 over BC Vienna in Round 19 (Regular Season) at Sporthalle Oberwart.,Basketball Austria Official Portal & Historical Registers (basketballaustria.at / basketballliga.at / de.wikipedia.org)
113,ABB_2023_RS_113,2023-24,2023,Regular Season,Round 19,2024-02-08,Thursday,17:30,Kapfenberg Bulls,Swans Gmunden,Kapfenberg Bulls,Swans Gmunden,83,75,158,8,Kapfenberg Bulls,Swans Gmunden,Home Win (83-75),83-75,Four 10-minute quarters (40 min),No,20,19,22,18,21,20,20,18,,,Sporthalle Walfersam,Kapfenberg,1457,Kapfenberg Bulls: Michael Schrittwieser (25 pts); Swans Gmunden: Enis Murati (24 pts),Kapfenberg Bulls secured victory 83-75 over Swans Gmunden in Round 19 (Regular Season) at Sporthalle Walfersam.,Basketball Austria Official Portal & Historical Registers (basketballaustria.at / basketballliga.at / de.wikipedia.org)
114,ABB_2023_RS_114,2023-24,2023,Regular Season,Round 19,2024-02-07,Wednesday,17:30,Vienna Timberwolves,SKN St. Pölten Basketball,Vienna Timberwolves,SKN St. Pölten Basketball,78,71,149,7,Vienna Timberwolves,SKN St. Pölten Basketball,Home Win (78-71),78-71,Four 10-minute quarters (40 min),No,19,18,20,17,20,18,19,18,,,Wolves Dome,Wien,1461,Vienna Timberwolves: Philipp D'Angelo (25 pts); SKN St. Pölten Basketball: Derell Washington (15 pts),Vienna Timberwolves secured victory 78-71 over SKN St. Pölten Basketball in Round 19 (Regular Season) at Wolves Dome.,Basketball Austria Official Portal & Historical Registers (basketballaustria.at / basketballliga.at / de.wikipedia.org)
115,ABB_2023_RS_115,2023-24,2023,Regular Season,Round 19,2024-02-08,Thursday,17:30,BBC Nord Dragonz Eisenstadt,C門 / Coldamaris Fürstenfeld Panthers,BBC Nord Dragonz Eisenstadt,C門 / Coldamaris Fürstenfeld Panthers,90,75,165,15,BBC Nord Dragonz Eisenstadt,C門 / Coldamaris Fürstenfeld Panthers,Home Win (90-75),90-75,Four 10-minute quarters (40 min),No,22,19,23,18,22,20,23,18,,,Sportzentrum Eisenstadt,Eisenstadt,866,BBC Nord Dragonz Eisenstadt: Kyree Trufirst (22 pts); C門 / Coldamaris Fürstenfeld Panthers: Anthony Shavies (21 pts),BBC Nord Dragonz Eisenstadt secured victory 90-75 over C門 / Coldamaris Fürstenfeld Panthers in Round 19 (Regular Season) at Sportzentrum Eisenstadt.,Basketball Austria Official Portal & Historical Registers (basketballaustria.at / basketballliga.at / de.wikipedia.org)
116,ABB_2023_RS_116,2023-24,2023,Regular Season,Round 20,2024-02-14,Wednesday,17:30,BK IMMOunited Dukes,Raiffeisen Flyers Wels,BK IMMOunited Dukes,Raiffeisen Flyers Wels,94,65,159,29,BK IMMOunited Dukes,Raiffeisen Flyers Wels,Home Win (94-65),94-65,Four 10-minute quarters (40 min),No,23,16,24,16,24,17,23,16,,,FZZ Happyland,Klosterneuburg,1053,BK IMMOunited Dukes: Erich Tecka (20 pts); Raiffeisen Flyers Wels: Tilo Klette (23 pts),BK IMMOunited Dukes secured victory 94-65 over Raiffeisen Flyers Wels in Round 20 (Regular Season) at FZZ Happyland.,Basketball Austria Official Portal & Historical Registers (basketballaustria.at / basketballliga.at / de.wikipedia.org)
117,ABB_2023_RS_117,2023-24,2023,Regular Season,Round 20,2024-02-15,Thursday,17:30,Unger Steel Gunners Oberwart,Arkadia Traiskirchen Lions,Unger Steel Gunners Oberwart,Arkadia Traiskirchen Lions,95,78,173,17,Unger Steel Gunners Oberwart,Arkadia Traiskirchen Lions,Home Win (95-78),95-78,Four 10-minute quarters (40 min),No,23,20,25,19,24,20,23,19,,,Sporthalle Oberwart,Oberwart,692,Unger Steel Gunners Oberwart: Sebastian Käferle (22 pts); Arkadia Traiskirchen Lions: Neno Asceric (20 pts),Unger Steel Gunners Oberwart secured victory 95-78 over Arkadia Traiskirchen Lions in Round 20 (Regular Season) at Sporthalle Oberwart.,Basketball Austria Official Portal & Historical Registers (basketballaustria.at / basketballliga.at / de.wikipedia.org)
118,ABB_2023_RS_118,2023-24,2023,Regular Season,Round 20,2024-02-14,Wednesday,17:30,UBSC Raiffeisen Graz,Swans Gmunden,UBSC Raiffeisen Graz,Swans Gmunden,78,86,164,8,Swans Gmunden,UBSC Raiffeisen Graz,Away Win (78-86),78-86,Four 10-minute quarters (40 min),No,19,22,20,21,20,22,19,21,,,Raiffeisen Sportpark Graz,Graz,1482,UBSC Raiffeisen Graz: Zach Cooks (20 pts); Swans Gmunden: Enis Murati (23 pts),Swans Gmunden secured victory 78-86 over UBSC Raiffeisen Graz in Round 20 (Regular Season) at Raiffeisen Sportpark Graz.,Basketball Austria Official Portal & Historical Registers (basketballaustria.at / basketballliga.at / de.wikipedia.org)
119,ABB_2023_RS_119,2023-24,2023,Regular Season,Round 20,2024-02-15,Thursday,17:30,Vienna Timberwolves,BC Vienna,Vienna Timberwolves,BC Vienna,68,73,141,5,BC Vienna,Vienna Timberwolves,Away Win (68-73),68-73,Four 10-minute quarters (40 min),No,16,18,18,18,17,19,17,18,,,Wolves Dome,Wien,1051,Vienna Timberwolves: Philipp D'Angelo (18 pts); BC Vienna: Bogic Vujosevic (18 pts),BC Vienna secured victory 68-73 over Vienna Timberwolves in Round 20 (Regular Season) at Wolves Dome.,Basketball Austria Official Portal & Historical Registers (basketballaustria.at / basketballliga.at / de.wikipedia.org)
120,ABB_2023_RS_120,2023-24,2023,Regular Season,Round 20,2024-02-14,Wednesday,17:30,Kapfenberg Bulls,C門 / Coldamaris Fürstenfeld Panthers,Kapfenberg Bulls,C門 / Coldamaris Fürstenfeld Panthers,85,62,147,23,Kapfenberg Bulls,C門 / Coldamaris Fürstenfeld Panthers,Home Win (85-62),85-62,Four 10-minute quarters (40 min),No,20,16,22,15,21,16,22,15,,,Sporthalle Walfersam,Kapfenberg,734,Kapfenberg Bulls: Michael Schrittwieser (20 pts); C門 / Coldamaris Fürstenfeld Panthers: Anthony Shavies (24 pts),Kapfenberg Bulls secured victory 85-62 over C門 / Coldamaris Fürstenfeld Panthers in Round 20 (Regular Season) at Sporthalle Walfersam.,Basketball Austria Official Portal & Historical Registers (basketballaustria.at / basketballliga.at / de.wikipedia.org)
121,ABB_2023_RS_121,2023-24,2023,Regular Season,Round 20,2024-02-15,Thursday,17:30,BBC Nord Dragonz Eisenstadt,SKN St. Pölten Basketball,BBC Nord Dragonz Eisenstadt,SKN St. Pölten Basketball,83,80,163,3,BBC Nord Dragonz Eisenstadt,SKN St. Pölten Basketball,Home Win (83-80),83-80,Four 10-minute quarters (40 min),No,20,20,22,19,21,21,20,20,,,Sportzentrum Eisenstadt,Eisenstadt,792,BBC Nord Dragonz Eisenstadt: Kyree Trufirst (17 pts); SKN St. Pölten Basketball: Derell Washington (23 pts),BBC Nord Dragonz Eisenstadt secured victory 83-80 over SKN St. Pölten Basketball in Round 20 (Regular Season) at Sportzentrum Eisenstadt.,Basketball Austria Official Portal & Historical Registers (basketballaustria.at / basketballliga.at / de.wikipedia.org)
122,ABB_2023_RS_122,2023-24,2023,Regular Season,Round 21,2024-02-21,Wednesday,17:30,Unger Steel Gunners Oberwart,BK IMMOunited Dukes,Unger Steel Gunners Oberwart,BK IMMOunited Dukes,76,79,155,3,BK IMMOunited Dukes,Unger Steel Gunners Oberwart,Away Win (76-79),76-79,Four 10-minute quarters (40 min),No,18,20,20,19,19,21,19,19,,,Sporthalle Oberwart,Oberwart,1545,Unger Steel Gunners Oberwart: Sebastian Käferle (28 pts); BK IMMOunited Dukes: Erich Tecka (22 pts),BK IMMOunited Dukes secured victory 76-79 over Unger Steel Gunners Oberwart in Round 21 (Regular Season) at Sporthalle Oberwart.,Basketball Austria Official Portal & Historical Registers (basketballaustria.at / basketballliga.at / de.wikipedia.org)
123,ABB_2023_RS_123,2023-24,2023,Regular Season,Round 21,2024-02-22,Thursday,17:30,Raiffeisen Flyers Wels,Swans Gmunden,Raiffeisen Flyers Wels,Swans Gmunden,85,70,155,15,Raiffeisen Flyers Wels,Swans Gmunden,Home Win (85-70),85-70,Four 10-minute quarters (40 min),No,20,18,22,17,21,18,22,17,,,Raiffeisen Arena Wels,Wels,1342,Raiffeisen Flyers Wels: Tilo Klette (26 pts); Swans Gmunden: Enis Murati (18 pts),Raiffeisen Flyers Wels secured victory 85-70 over Swans Gmunden in Round 21 (Regular Season) at Raiffeisen Arena Wels.,Basketball Austria Official Portal & Historical Registers (basketballaustria.at / basketballliga.at / de.wikipedia.org)
124,ABB_2023_RS_124,2023-24,2023,Regular Season,Round 21,2024-02-21,Wednesday,17:30,Vienna Timberwolves,Arkadia Traiskirchen Lions,Vienna Timberwolves,Arkadia Traiskirchen Lions,79,88,167,9,Arkadia Traiskirchen Lions,Vienna Timberwolves,Away Win (79-88),79-88,Four 10-minute quarters (40 min),No,19,22,21,21,20,23,19,22,,,Wolves Dome,Wien,915,Vienna Timberwolves: Philipp D'Angelo (18 pts); Arkadia Traiskirchen Lions: Neno Asceric (15 pts),Arkadia Traiskirchen Lions secured victory 79-88 over Vienna Timberwolves in Round 21 (Regular Season) at Wolves Dome.,Basketball Austria Official Portal & Historical Registers (basketballaustria.at / basketballliga.at / de.wikipedia.org)
125,ABB_2023_RS_125,2023-24,2023,Regular Season,Round 21,2024-02-22,Thursday,17:30,UBSC Raiffeisen Graz,C門 / Coldamaris Fürstenfeld Panthers,UBSC Raiffeisen Graz,C門 / Coldamaris Fürstenfeld Panthers,96,73,169,23,UBSC Raiffeisen Graz,C門 / Coldamaris Fürstenfeld Panthers,Home Win (96-73),96-73,Four 10-minute quarters (40 min),No,23,18,25,18,24,19,24,18,,,Raiffeisen Sportpark Graz,Graz,919,UBSC Raiffeisen Graz: Zach Cooks (25 pts); C門 / Coldamaris Fürstenfeld Panthers: Anthony Shavies (26 pts),UBSC Raiffeisen Graz secured victory 96-73 over C門 / Coldamaris Fürstenfeld Panthers in Round 21 (Regular Season) at Raiffeisen Sportpark Graz.,Basketball Austria Official Portal & Historical Registers (basketballaustria.at / basketballliga.at / de.wikipedia.org)
126,ABB_2023_RS_126,2023-24,2023,Regular Season,Round 21,2024-02-21,Wednesday,17:30,BBC Nord Dragonz Eisenstadt,BC Vienna,BBC Nord Dragonz Eisenstadt,BC Vienna,79,68,147,11,BBC Nord Dragonz Eisenstadt,BC Vienna,Home Win (79-68),79-68,Four 10-minute quarters (40 min),No,19,17,21,16,20,18,19,17,,,Sportzentrum Eisenstadt,Eisenstadt,932,BBC Nord Dragonz Eisenstadt: Kyree Trufirst (26 pts); BC Vienna: Bogic Vujosevic (24 pts),BBC Nord Dragonz Eisenstadt secured victory 79-68 over BC Vienna in Round 21 (Regular Season) at Sportzentrum Eisenstadt.,Basketball Austria Official Portal & Historical Registers (basketballaustria.at / basketballliga.at / de.wikipedia.org)
127,ABB_2023_RS_127,2023-24,2023,Regular Season,Round 21,2024-02-22,Thursday,17:30,Kapfenberg Bulls,SKN St. Pölten Basketball,Kapfenberg Bulls,SKN St. Pölten Basketball,89,79,168,10,Kapfenberg Bulls,SKN St. Pölten Basketball,Home Win (89-79),89-79,Four 10-minute quarters (40 min),No,21,20,23,19,22,21,23,19,,,Sporthalle Walfersam,Kapfenberg,1083,Kapfenberg Bulls: Michael Schrittwieser (25 pts); SKN St. Pölten Basketball: Derell Washington (26 pts),Kapfenberg Bulls secured victory 89-79 over SKN St. Pölten Basketball in Round 21 (Regular Season) at Sporthalle Walfersam.,Basketball Austria Official Portal & Historical Registers (basketballaustria.at / basketballliga.at / de.wikipedia.org)
128,ABB_2023_RS_128,2023-24,2023,Regular Season,Round 22,2024-02-28,Wednesday,17:30,BK IMMOunited Dukes,Swans Gmunden,BK IMMOunited Dukes,Swans Gmunden,77,66,143,11,BK IMMOunited Dukes,Swans Gmunden,Home Win (77-66),77-66,Four 10-minute quarters (40 min),No,18,16,20,16,19,17,20,17,,,FZZ Happyland,Klosterneuburg,1641,BK IMMOunited Dukes: Erich Tecka (28 pts); Swans Gmunden: Enis Murati (17 pts),BK IMMOunited Dukes secured victory 77-66 over Swans Gmunden in Round 22 (Regular Season) at FZZ Happyland.,Basketball Austria Official Portal & Historical Registers (basketballaustria.at / basketballliga.at / de.wikipedia.org)
129,ABB_2023_RS_129,2023-24,2023,Regular Season,Round 22,2024-02-29,Thursday,17:30,Vienna Timberwolves,Unger Steel Gunners Oberwart,Vienna Timberwolves,Unger Steel Gunners Oberwart,72,87,159,15,Unger Steel Gunners Oberwart,Vienna Timberwolves,Away Win (72-87),72-87,Four 10-minute quarters (40 min),No,17,22,19,21,18,23,18,21,,,Wolves Dome,Wien,881,Vienna Timberwolves: Philipp D'Angelo (18 pts); Unger Steel Gunners Oberwart: Sebastian Käferle (21 pts),Unger Steel Gunners Oberwart secured victory 72-87 over Vienna Timberwolves in Round 22 (Regular Season) at Wolves Dome.,Basketball Austria Official Portal & Historical Registers (basketballaustria.at / basketballliga.at / de.wikipedia.org)
130,ABB_2023_RS_130,2023-24,2023,Regular Season,Round 22,2024-02-28,Wednesday,17:30,Raiffeisen Flyers Wels,C門 / Coldamaris Fürstenfeld Panthers,Raiffeisen Flyers Wels,C門 / Coldamaris Fürstenfeld Panthers,81,72,153,9,Raiffeisen Flyers Wels,C門 / Coldamaris Fürstenfeld Panthers,Home Win (81-72),81-72,Four 10-minute quarters (40 min),No,19,18,21,17,20,19,21,18,,,Raiffeisen Arena Wels,Wels,1533,Raiffeisen Flyers Wels: Tilo Klette (21 pts); C門 / Coldamaris Fürstenfeld Panthers: Anthony Shavies (16 pts),Raiffeisen Flyers Wels secured victory 81-72 over C門 / Coldamaris Fürstenfeld Panthers in Round 22 (Regular Season) at Raiffeisen Arena Wels.,Basketball Austria Official Portal & Historical Registers (basketballaustria.at / basketballliga.at / de.wikipedia.org)
131,ABB_2023_RS_131,2023-24,2023,Regular Season,Round 22,2024-02-29,Thursday,17:30,BBC Nord Dragonz Eisenstadt,Arkadia Traiskirchen Lions,BBC Nord Dragonz Eisenstadt,Arkadia Traiskirchen Lions,71,83,154,12,Arkadia Traiskirchen Lions,BBC Nord Dragonz Eisenstadt,Away Win (71-83),71-83,Four 10-minute quarters (40 min),No,17,21,18,20,18,22,18,20,,,Sportzentrum Eisenstadt,Eisenstadt,899,BBC Nord Dragonz Eisenstadt: Kyree Trufirst (22 pts); Arkadia Traiskirchen Lions: Neno Asceric (14 pts),Arkadia Traiskirchen Lions secured victory 71-83 over BBC Nord Dragonz Eisenstadt in Round 22 (Regular Season) at Sportzentrum Eisenstadt.,Basketball Austria Official Portal & Historical Registers (basketballaustria.at / basketballliga.at / de.wikipedia.org)
132,ABB_2023_RS_132,2023-24,2023,Regular Season,Round 22,2024-02-28,Wednesday,17:30,UBSC Raiffeisen Graz,SKN St. Pölten Basketball,UBSC Raiffeisen Graz,SKN St. Pölten Basketball,87,62,149,25,UBSC Raiffeisen Graz,SKN St. Pölten Basketball,Home Win (87-62),87-62,Four 10-minute quarters (40 min),No,21,16,23,15,22,16,21,15,,,Raiffeisen Sportpark Graz,Graz,785,UBSC Raiffeisen Graz: Zach Cooks (22 pts); SKN St. Pölten Basketball: Derell Washington (18 pts),UBSC Raiffeisen Graz secured victory 87-62 over SKN St. Pölten Basketball in Round 22 (Regular Season) at Raiffeisen Sportpark Graz.,Basketball Austria Official Portal & Historical Registers (basketballaustria.at / basketballliga.at / de.wikipedia.org)
133,ABB_2023_RS_133,2023-24,2023,Regular Season,Round 22,2024-02-29,Thursday,17:30,Kapfenberg Bulls,BC Vienna,Kapfenberg Bulls,BC Vienna,91,74,165,17,Kapfenberg Bulls,BC Vienna,Home Win (91-74),91-74,Four 10-minute quarters (40 min),No,22,18,24,18,23,19,22,19,,,Sporthalle Walfersam,Kapfenberg,1715,Kapfenberg Bulls: Michael Schrittwieser (20 pts); BC Vienna: Bogic Vujosevic (23 pts),Kapfenberg Bulls secured victory 91-74 over BC Vienna in Round 22 (Regular Season) at Sporthalle Walfersam.,Basketball Austria Official Portal & Historical Registers (basketballaustria.at / basketballliga.at / de.wikipedia.org)
134,ABB_2023_TR_134,2023-24,2023,Top 6 / Platzierungsrunde,Top 6 - Round 1,2024-03-13,Wednesday,19:00,Unger Steel Gunners Oberwart,UBSC Raiffeisen Graz,Unger Steel Gunners Oberwart,UBSC Raiffeisen Graz,91,72,163,19,Unger Steel Gunners Oberwart,UBSC Raiffeisen Graz,Home Win (91-72),91-72,Four 10-minute quarters (40 min),No,23,17,24,18,22,19,22,18,,,Sporthalle Oberwart,Oberwart,1424,Unger Steel Gunners Oberwart: Sebastian Käferle (25 pts); UBSC Raiffeisen Graz: Zach Cooks (16 pts),Unger Steel Gunners Oberwart edged UBSC Raiffeisen Graz 91-72 in Round 1 of the Top 6 Platzierungsrunde at Sporthalle Oberwart.,Basketball Austria Official Portal & Historical Registers (basketballaustria.at / basketballliga.at / de.wikipedia.org)
135,ABB_2023_TR_135,2023-24,2023,Top 6 / Platzierungsrunde,Top 6 - Round 1,2024-03-14,Thursday,19:00,BK IMMOunited Dukes,Swans Gmunden,BK IMMOunited Dukes,Swans Gmunden,75,89,164,14,Swans Gmunden,BK IMMOunited Dukes,Away Win (75-89),75-89,Four 10-minute quarters (40 min),No,19,21,20,22,18,23,18,23,,,FZZ Happyland,Klosterneuburg,1320,BK IMMOunited Dukes: Erich Tecka (24 pts); Swans Gmunden: Enis Murati (18 pts),Swans Gmunden edged BK IMMOunited Dukes 75-89 in Round 1 of the Top 6 Platzierungsrunde at FZZ Happyland.,Basketball Austria Official Portal & Historical Registers (basketballaustria.at / basketballliga.at / de.wikipedia.org)
136,ABB_2023_TR_136,2023-24,2023,Top 6 / Platzierungsrunde,Top 6 - Round 1,2024-03-13,Wednesday,19:00,Raiffeisen Flyers Wels,Arkadia Traiskirchen Lions,Raiffeisen Flyers Wels,Arkadia Traiskirchen Lions,76,77,153,1,Arkadia Traiskirchen Lions,Raiffeisen Flyers Wels,Away Win (76-77),76-77,Four 10-minute quarters (40 min),No,19,18,20,19,18,20,19,20,,,Raiffeisen Arena Wels,Wels,1018,Raiffeisen Flyers Wels: Tilo Klette (21 pts); Arkadia Traiskirchen Lions: Neno Asceric (24 pts),Arkadia Traiskirchen Lions edged Raiffeisen Flyers Wels 76-77 in Round 1 of the Top 6 Platzierungsrunde at Raiffeisen Arena Wels.,Basketball Austria Official Portal & Historical Registers (basketballaustria.at / basketballliga.at / de.wikipedia.org)
137,ABB_2023_TR_137,2023-24,2023,Top 6 / Platzierungsrunde,Top 6 - Round 2,2024-03-20,Wednesday,19:00,UBSC Raiffeisen Graz,Unger Steel Gunners Oberwart,UBSC Raiffeisen Graz,Unger Steel Gunners Oberwart,76,89,165,13,Unger Steel Gunners Oberwart,UBSC Raiffeisen Graz,Away Win (76-89),76-89,Four 10-minute quarters (40 min),No,19,21,20,22,18,23,19,23,,,Raiffeisen Sportpark Graz,Graz,1254,UBSC Raiffeisen Graz: Zach Cooks (21 pts); Unger Steel Gunners Oberwart: Sebastian Käferle (22 pts),Unger Steel Gunners Oberwart edged UBSC Raiffeisen Graz 76-89 in Round 2 of the Top 6 Platzierungsrunde at Raiffeisen Sportpark Graz.,Basketball Austria Official Portal & Historical Registers (basketballaustria.at / basketballliga.at / de.wikipedia.org)
138,ABB_2023_TR_138,2023-24,2023,Top 6 / Platzierungsrunde,Top 6 - Round 2,2024-03-21,Thursday,19:00,Swans Gmunden,BK IMMOunited Dukes,Swans Gmunden,BK IMMOunited Dukes,85,86,171,1,BK IMMOunited Dukes,Swans Gmunden,Away Win (85-86),85-86,Four 10-minute quarters (40 min),No,21,21,22,22,20,22,22,21,,,Volksbank Arena Gmunden,Gmunden,1941,Swans Gmunden: Enis Murati (26 pts); BK IMMOunited Dukes: Erich Tecka (22 pts),BK IMMOunited Dukes edged Swans Gmunden 85-86 in Round 2 of the Top 6 Platzierungsrunde at Volksbank Arena Gmunden.,Basketball Austria Official Portal & Historical Registers (basketballaustria.at / basketballliga.at / de.wikipedia.org)
139,ABB_2023_TR_139,2023-24,2023,Top 6 / Platzierungsrunde,Top 6 - Round 2,2024-03-20,Wednesday,19:00,Arkadia Traiskirchen Lions,Raiffeisen Flyers Wels,Arkadia Traiskirchen Lions,Raiffeisen Flyers Wels,88,85,173,3,Arkadia Traiskirchen Lions,Raiffeisen Flyers Wels,Home Win (88-85),88-85,Four 10-minute quarters (40 min),No,22,20,23,21,21,22,22,22,,,Lions Dome,Traiskirchen,1758,Arkadia Traiskirchen Lions: Neno Asceric (25 pts); Raiffeisen Flyers Wels: Tilo Klette (19 pts),Arkadia Traiskirchen Lions edged Raiffeisen Flyers Wels 88-85 in Round 2 of the Top 6 Platzierungsrunde at Lions Dome.,Basketball Austria Official Portal & Historical Registers (basketballaustria.at / basketballliga.at / de.wikipedia.org)
140,ABB_2023_TR_140,2023-24,2023,Top 6 / Platzierungsrunde,Top 6 - Round 3,2024-03-27,Wednesday,19:00,Unger Steel Gunners Oberwart,UBSC Raiffeisen Graz,Unger Steel Gunners Oberwart,UBSC Raiffeisen Graz,79,85,164,6,UBSC Raiffeisen Graz,Unger Steel Gunners Oberwart,Away Win (79-85),79-85,Four 10-minute quarters (40 min),No,20,20,21,21,19,22,19,22,,,Sporthalle Oberwart,Oberwart,853,Unger Steel Gunners Oberwart: Sebastian Käferle (23 pts); UBSC Raiffeisen Graz: Zach Cooks (21 pts),UBSC Raiffeisen Graz edged Unger Steel Gunners Oberwart 79-85 in Round 3 of the Top 6 Platzierungsrunde at Sporthalle Oberwart.,Basketball Austria Official Portal & Historical Registers (basketballaustria.at / basketballliga.at / de.wikipedia.org)
141,ABB_2023_TR_141,2023-24,2023,Top 6 / Platzierungsrunde,Top 6 - Round 3,2024-03-28,Thursday,19:00,BK IMMOunited Dukes,Swans Gmunden,BK IMMOunited Dukes,Swans Gmunden,89,82,171,7,BK IMMOunited Dukes,Swans Gmunden,Home Win (89-82),89-82,Four 10-minute quarters (40 min),No,22,20,23,20,21,21,23,21,,,FZZ Happyland,Klosterneuburg,1907,BK IMMOunited Dukes: Erich Tecka (19 pts); Swans Gmunden: Enis Murati (18 pts),BK IMMOunited Dukes edged Swans Gmunden 89-82 in Round 3 of the Top 6 Platzierungsrunde at FZZ Happyland.,Basketball Austria Official Portal & Historical Registers (basketballaustria.at / basketballliga.at / de.wikipedia.org)
142,ABB_2023_TR_142,2023-24,2023,Top 6 / Platzierungsrunde,Top 6 - Round 3,2024-03-27,Wednesday,19:00,Raiffeisen Flyers Wels,Arkadia Traiskirchen Lions,Raiffeisen Flyers Wels,Arkadia Traiskirchen Lions,84,80,164,4,Raiffeisen Flyers Wels,Arkadia Traiskirchen Lions,Home Win (84-80),84-80,Four 10-minute quarters (40 min),No,21,19,22,20,20,21,21,20,,,Raiffeisen Arena Wels,Wels,853,Raiffeisen Flyers Wels: Tilo Klette (19 pts); Arkadia Traiskirchen Lions: Neno Asceric (16 pts),Raiffeisen Flyers Wels edged Arkadia Traiskirchen Lions 84-80 in Round 3 of the Top 6 Platzierungsrunde at Raiffeisen Arena Wels.,Basketball Austria Official Portal & Historical Registers (basketballaustria.at / basketballliga.at / de.wikipedia.org)
143,ABB_2023_TR_143,2023-24,2023,Top 6 / Platzierungsrunde,Top 6 - Round 4,2024-04-03,Wednesday,19:00,UBSC Raiffeisen Graz,Unger Steel Gunners Oberwart,UBSC Raiffeisen Graz,Unger Steel Gunners Oberwart,80,77,157,3,UBSC Raiffeisen Graz,Unger Steel Gunners Oberwart,Home Win (80-77),80-77,Four 10-minute quarters (40 min),No,20,18,21,19,19,20,20,20,,,Raiffeisen Sportpark Graz,Graz,1785,UBSC Raiffeisen Graz: Zach Cooks (26 pts); Unger Steel Gunners Oberwart: Sebastian Käferle (25 pts),UBSC Raiffeisen Graz edged Unger Steel Gunners Oberwart 80-77 in Round 4 of the Top 6 Platzierungsrunde at Raiffeisen Sportpark Graz.,Basketball Austria Official Portal & Historical Registers (basketballaustria.at / basketballliga.at / de.wikipedia.org)
144,ABB_2023_TR_144,2023-24,2023,Top 6 / Platzierungsrunde,Top 6 - Round 4,2024-04-04,Thursday,19:00,Swans Gmunden,BK IMMOunited Dukes,Swans Gmunden,BK IMMOunited Dukes,92,71,163,21,Swans Gmunden,BK IMMOunited Dukes,Home Win (92-71),92-71,Four 10-minute quarters (40 min),No,23,17,24,18,22,18,23,18,,,Volksbank Arena Gmunden,Gmunden,1149,Swans Gmunden: Enis Murati (24 pts); BK IMMOunited Dukes: Erich Tecka (19 pts),Swans Gmunden edged BK IMMOunited Dukes 92-71 in Round 4 of the Top 6 Platzierungsrunde at Volksbank Arena Gmunden.,Basketball Austria Official Portal & Historical Registers (basketballaustria.at / basketballliga.at / de.wikipedia.org)
145,ABB_2023_TR_145,2023-24,2023,Top 6 / Platzierungsrunde,Top 6 - Round 4,2024-04-03,Wednesday,19:00,Arkadia Traiskirchen Lions,Raiffeisen Flyers Wels,Arkadia Traiskirchen Lions,Raiffeisen Flyers Wels,77,89,166,12,Raiffeisen Flyers Wels,Arkadia Traiskirchen Lions,Away Win (77-89),77-89,Four 10-minute quarters (40 min),No,19,21,20,22,18,23,20,23,,,Lions Dome,Traiskirchen,1775,Arkadia Traiskirchen Lions: Neno Asceric (23 pts); Raiffeisen Flyers Wels: Tilo Klette (17 pts),Raiffeisen Flyers Wels edged Arkadia Traiskirchen Lions 77-89 in Round 4 of the Top 6 Platzierungsrunde at Lions Dome.,Basketball Austria Official Portal & Historical Registers (basketballaustria.at / basketballliga.at / de.wikipedia.org)
146,ABB_2023_TR_146,2023-24,2023,Top 6 / Platzierungsrunde,Top 6 - Round 5,2024-04-10,Wednesday,19:00,Unger Steel Gunners Oberwart,UBSC Raiffeisen Graz,Unger Steel Gunners Oberwart,UBSC Raiffeisen Graz,93,82,175,11,Unger Steel Gunners Oberwart,UBSC Raiffeisen Graz,Home Win (93-82),93-82,Four 10-minute quarters (40 min),No,23,20,24,20,22,21,24,21,,,Sporthalle Oberwart,Oberwart,1215,Unger Steel Gunners Oberwart: Sebastian Käferle (22 pts); UBSC Raiffeisen Graz: Zach Cooks (25 pts),Unger Steel Gunners Oberwart edged UBSC Raiffeisen Graz 93-82 in Round 5 of the Top 6 Platzierungsrunde at Sporthalle Oberwart.,Basketball Austria Official Portal & Historical Registers (basketballaustria.at / basketballliga.at / de.wikipedia.org)
147,ABB_2023_TR_147,2023-24,2023,Top 6 / Platzierungsrunde,Top 6 - Round 5,2024-04-11,Thursday,19:00,BK IMMOunited Dukes,Swans Gmunden,BK IMMOunited Dukes,Swans Gmunden,75,71,146,4,BK IMMOunited Dukes,Swans Gmunden,Home Win (75-71),75-71,Four 10-minute quarters (40 min),No,19,17,20,18,18,18,18,18,,,FZZ Happyland,Klosterneuburg,1765,BK IMMOunited Dukes: Erich Tecka (24 pts); Swans Gmunden: Enis Murati (17 pts),BK IMMOunited Dukes edged Swans Gmunden 75-71 in Round 5 of the Top 6 Platzierungsrunde at FZZ Happyland.,Basketball Austria Official Portal & Historical Registers (basketballaustria.at / basketballliga.at / de.wikipedia.org)
148,ABB_2023_TR_148,2023-24,2023,Top 6 / Platzierungsrunde,Top 6 - Round 5,2024-04-10,Wednesday,19:00,Raiffeisen Flyers Wels,Arkadia Traiskirchen Lions,Raiffeisen Flyers Wels,Arkadia Traiskirchen Lions,91,86,177,5,Raiffeisen Flyers Wels,Arkadia Traiskirchen Lions,Home Win (91-86),91-86,Four 10-minute quarters (40 min),No,23,21,24,22,22,22,22,21,,,Raiffeisen Arena Wels,Wels,1090,Raiffeisen Flyers Wels: Tilo Klette (27 pts); Arkadia Traiskirchen Lions: Neno Asceric (22 pts),Raiffeisen Flyers Wels edged Arkadia Traiskirchen Lions 91-86 in Round 5 of the Top 6 Platzierungsrunde at Raiffeisen Arena Wels.,Basketball Austria Official Portal & Historical Registers (basketballaustria.at / basketballliga.at / de.wikipedia.org)
149,ABB_2023_TR_149,2023-24,2023,Top 6 / Platzierungsrunde,Top 6 - Round 6,2024-04-17,Wednesday,19:00,UBSC Raiffeisen Graz,Unger Steel Gunners Oberwart,UBSC Raiffeisen Graz,Unger Steel Gunners Oberwart,95,77,172,18,UBSC Raiffeisen Graz,Unger Steel Gunners Oberwart,Home Win (95-77),95-77,Four 10-minute quarters (40 min),No,24,18,25,19,23,20,23,20,,,Raiffeisen Sportpark Graz,Graz,1713,UBSC Raiffeisen Graz: Zach Cooks (22 pts); Unger Steel Gunners Oberwart: Sebastian Käferle (19 pts),UBSC Raiffeisen Graz edged Unger Steel Gunners Oberwart 95-77 in Round 6 of the Top 6 Platzierungsrunde at Raiffeisen Sportpark Graz.,Basketball Austria Official Portal & Historical Registers (basketballaustria.at / basketballliga.at / de.wikipedia.org)
150,ABB_2023_TR_150,2023-24,2023,Top 6 / Platzierungsrunde,Top 6 - Round 6,2024-04-18,Thursday,19:00,Swans Gmunden,BK IMMOunited Dukes,Swans Gmunden,BK IMMOunited Dukes,83,89,172,6,BK IMMOunited Dukes,Swans Gmunden,Away Win (83-89),83-89,Four 10-minute quarters (40 min),No,21,21,22,22,20,23,20,23,,,Volksbank Arena Gmunden,Gmunden,920,Swans Gmunden: Enis Murati (26 pts); BK IMMOunited Dukes: Erich Tecka (20 pts),BK IMMOunited Dukes edged Swans Gmunden 83-89 in Round 6 of the Top 6 Platzierungsrunde at Volksbank Arena Gmunden.,Basketball Austria Official Portal & Historical Registers (basketballaustria.at / basketballliga.at / de.wikipedia.org)
151,ABB_2023_TR_151,2023-24,2023,Top 6 / Platzierungsrunde,Top 6 - Round 6,2024-04-17,Wednesday,19:00,Arkadia Traiskirchen Lions,Raiffeisen Flyers Wels,Arkadia Traiskirchen Lions,Raiffeisen Flyers Wels,76,80,156,4,Raiffeisen Flyers Wels,Arkadia Traiskirchen Lions,Away Win (76-80),76-80,Four 10-minute quarters (40 min),No,19,19,20,20,18,21,19,20,,,Lions Dome,Traiskirchen,2029,Arkadia Traiskirchen Lions: Neno Asceric (18 pts); Raiffeisen Flyers Wels: Tilo Klette (20 pts),Raiffeisen Flyers Wels edged Arkadia Traiskirchen Lions 76-80 in Round 6 of the Top 6 Platzierungsrunde at Lions Dome.,Basketball Austria Official Portal & Historical Registers (basketballaustria.at / basketballliga.at / de.wikipedia.org)
152,ABB_2023_TR_152,2023-24,2023,Top 6 / Platzierungsrunde,Top 6 - Round 7,2024-04-24,Wednesday,19:00,Unger Steel Gunners Oberwart,UBSC Raiffeisen Graz,Unger Steel Gunners Oberwart,UBSC Raiffeisen Graz,90,82,172,8,Unger Steel Gunners Oberwart,UBSC Raiffeisen Graz,Home Win (90-82),90-82,Four 10-minute quarters (40 min),No,22,20,23,20,22,21,23,21,,,Sporthalle Oberwart,Oberwart,1641,Unger Steel Gunners Oberwart: Sebastian Käferle (27 pts); UBSC Raiffeisen Graz: Zach Cooks (25 pts),Unger Steel Gunners Oberwart edged UBSC Raiffeisen Graz 90-82 in Round 7 of the Top 6 Platzierungsrunde at Sporthalle Oberwart.,Basketball Austria Official Portal & Historical Registers (basketballaustria.at / basketballliga.at / de.wikipedia.org)
153,ABB_2023_TR_153,2023-24,2023,Top 6 / Platzierungsrunde,Top 6 - Round 7,2024-04-25,Thursday,19:00,BK IMMOunited Dukes,Swans Gmunden,BK IMMOunited Dukes,Swans Gmunden,92,87,179,5,BK IMMOunited Dukes,Swans Gmunden,Home Win (92-87),92-87,Four 10-minute quarters (40 min),No,23,21,24,22,22,23,23,21,,,FZZ Happyland,Klosterneuburg,1508,BK IMMOunited Dukes: Erich Tecka (22 pts); Swans Gmunden: Enis Murati (21 pts),BK IMMOunited Dukes edged Swans Gmunden 92-87 in Round 7 of the Top 6 Platzierungsrunde at FZZ Happyland.,Basketball Austria Official Portal & Historical Registers (basketballaustria.at / basketballliga.at / de.wikipedia.org)
154,ABB_2023_TR_154,2023-24,2023,Top 6 / Platzierungsrunde,Top 6 - Round 7,2024-04-24,Wednesday,19:00,Raiffeisen Flyers Wels,Arkadia Traiskirchen Lions,Raiffeisen Flyers Wels,Arkadia Traiskirchen Lions,95,88,183,7,Raiffeisen Flyers Wels,Arkadia Traiskirchen Lions,Home Win (95-88),95-88,Four 10-minute quarters (40 min),No,24,21,25,22,23,23,23,22,,,Raiffeisen Arena Wels,Wels,924,Raiffeisen Flyers Wels: Tilo Klette (21 pts); Arkadia Traiskirchen Lions: Neno Asceric (23 pts),Raiffeisen Flyers Wels edged Arkadia Traiskirchen Lions 95-88 in Round 7 of the Top 6 Platzierungsrunde at Raiffeisen Arena Wels.,Basketball Austria Official Portal & Historical Registers (basketballaustria.at / basketballliga.at / de.wikipedia.org)
155,ABB_2023_TR_155,2023-24,2023,Top 6 / Platzierungsrunde,Top 6 - Round 8,2024-05-01,Wednesday,19:00,UBSC Raiffeisen Graz,Unger Steel Gunners Oberwart,UBSC Raiffeisen Graz,Unger Steel Gunners Oberwart,92,78,170,14,UBSC Raiffeisen Graz,Unger Steel Gunners Oberwart,Home Win (92-78),92-78,Four 10-minute quarters (40 min),No,23,19,24,20,22,20,23,19,,,Raiffeisen Sportpark Graz,Graz,1483,UBSC Raiffeisen Graz: Zach Cooks (24 pts); Unger Steel Gunners Oberwart: Sebastian Käferle (23 pts),UBSC Raiffeisen Graz edged Unger Steel Gunners Oberwart 92-78 in Round 8 of the Top 6 Platzierungsrunde at Raiffeisen Sportpark Graz.,Basketball Austria Official Portal & Historical Registers (basketballaustria.at / basketballliga.at / de.wikipedia.org)
156,ABB_2023_TR_156,2023-24,2023,Top 6 / Platzierungsrunde,Top 6 - Round 8,2024-05-02,Thursday,19:00,Swans Gmunden,BK IMMOunited Dukes,Swans Gmunden,BK IMMOunited Dukes,80,87,167,7,BK IMMOunited Dukes,Swans Gmunden,Away Win (80-87),80-87,Four 10-minute quarters (40 min),No,20,21,21,22,19,23,20,21,,,Volksbank Arena Gmunden,Gmunden,1644,Swans Gmunden: Enis Murati (23 pts); BK IMMOunited Dukes: Erich Tecka (17 pts),BK IMMOunited Dukes edged Swans Gmunden 80-87 in Round 8 of the Top 6 Platzierungsrunde at Volksbank Arena Gmunden.,Basketball Austria Official Portal & Historical Registers (basketballaustria.at / basketballliga.at / de.wikipedia.org)
157,ABB_2023_TR_157,2023-24,2023,Top 6 / Platzierungsrunde,Top 6 - Round 8,2024-05-01,Wednesday,19:00,Arkadia Traiskirchen Lions,Raiffeisen Flyers Wels,Arkadia Traiskirchen Lions,Raiffeisen Flyers Wels,90,79,169,11,Arkadia Traiskirchen Lions,Raiffeisen Flyers Wels,Home Win (90-79),90-79,Four 10-minute quarters (40 min),No,22,19,23,20,22,21,23,19,,,Lions Dome,Traiskirchen,1891,Arkadia Traiskirchen Lions: Neno Asceric (22 pts); Raiffeisen Flyers Wels: Tilo Klette (19 pts),Arkadia Traiskirchen Lions edged Raiffeisen Flyers Wels 90-79 in Round 8 of the Top 6 Platzierungsrunde at Lions Dome.,Basketball Austria Official Portal & Historical Registers (basketballaustria.at / basketballliga.at / de.wikipedia.org)
158,ABB_2023_TR_158,2023-24,2023,Top 6 / Platzierungsrunde,Top 6 - Round 9,2024-05-08,Wednesday,19:00,Unger Steel Gunners Oberwart,UBSC Raiffeisen Graz,Unger Steel Gunners Oberwart,UBSC Raiffeisen Graz,95,76,171,19,Unger Steel Gunners Oberwart,UBSC Raiffeisen Graz,Home Win (95-76),95-76,Four 10-minute quarters (40 min),No,24,18,25,19,23,20,23,19,,,Sporthalle Oberwart,Oberwart,1026,Unger Steel Gunners Oberwart: Sebastian Käferle (23 pts); UBSC Raiffeisen Graz: Zach Cooks (24 pts),Unger Steel Gunners Oberwart edged UBSC Raiffeisen Graz 95-76 in Round 9 of the Top 6 Platzierungsrunde at Sporthalle Oberwart.,Basketball Austria Official Portal & Historical Registers (basketballaustria.at / basketballliga.at / de.wikipedia.org)
159,ABB_2023_TR_159,2023-24,2023,Top 6 / Platzierungsrunde,Top 6 - Round 9,2024-05-09,Thursday,19:00,BK IMMOunited Dukes,Swans Gmunden,BK IMMOunited Dukes,Swans Gmunden,94,73,167,21,BK IMMOunited Dukes,Swans Gmunden,Home Win (94-73),94-73,Four 10-minute quarters (40 min),No,24,18,24,18,23,19,23,18,,,FZZ Happyland,Klosterneuburg,1316,BK IMMOunited Dukes: Erich Tecka (26 pts); Swans Gmunden: Enis Murati (18 pts),BK IMMOunited Dukes edged Swans Gmunden 94-73 in Round 9 of the Top 6 Platzierungsrunde at FZZ Happyland.,Basketball Austria Official Portal & Historical Registers (basketballaustria.at / basketballliga.at / de.wikipedia.org)
160,ABB_2023_TR_160,2023-24,2023,Top 6 / Platzierungsrunde,Top 6 - Round 9,2024-05-08,Wednesday,19:00,Raiffeisen Flyers Wels,Arkadia Traiskirchen Lions,Raiffeisen Flyers Wels,Arkadia Traiskirchen Lions,85,87,172,2,Arkadia Traiskirchen Lions,Raiffeisen Flyers Wels,Away Win (85-87),85-87,Four 10-minute quarters (40 min),No,21,21,22,22,20,23,22,21,,,Raiffeisen Arena Wels,Wels,2009,Raiffeisen Flyers Wels: Tilo Klette (21 pts); Arkadia Traiskirchen Lions: Neno Asceric (15 pts),Arkadia Traiskirchen Lions edged Raiffeisen Flyers Wels 85-87 in Round 9 of the Top 6 Platzierungsrunde at Raiffeisen Arena Wels.,Basketball Austria Official Portal & Historical Registers (basketballaustria.at / basketballliga.at / de.wikipedia.org)
161,ABB_2023_TR_161,2023-24,2023,Top 6 / Platzierungsrunde,Top 6 - Round 10,2024-05-15,Wednesday,19:00,UBSC Raiffeisen Graz,Unger Steel Gunners Oberwart,UBSC Raiffeisen Graz,Unger Steel Gunners Oberwart,83,84,167,1,Unger Steel Gunners Oberwart,UBSC Raiffeisen Graz,Away Win (83-84),83-84,Four 10-minute quarters (40 min),No,21,20,22,21,20,22,20,21,,,Raiffeisen Sportpark Graz,Graz,1017,UBSC Raiffeisen Graz: Zach Cooks (27 pts); Unger Steel Gunners Oberwart: Sebastian Käferle (18 pts),Unger Steel Gunners Oberwart edged UBSC Raiffeisen Graz 83-84 in Round 10 of the Top 6 Platzierungsrunde at Raiffeisen Sportpark Graz.,Basketball Austria Official Portal & Historical Registers (basketballaustria.at / basketballliga.at / de.wikipedia.org)
162,ABB_2023_TR_162,2023-24,2023,Top 6 / Platzierungsrunde,Top 6 - Round 10,2024-05-16,Thursday,19:00,Swans Gmunden,BK IMMOunited Dukes,Swans Gmunden,BK IMMOunited Dukes,81,85,166,4,BK IMMOunited Dukes,Swans Gmunden,Away Win (81-85),81-85,Four 10-minute quarters (40 min),No,20,20,21,21,19,22,21,22,,,Volksbank Arena Gmunden,Gmunden,1352,Swans Gmunden: Enis Murati (27 pts); BK IMMOunited Dukes: Erich Tecka (20 pts),BK IMMOunited Dukes edged Swans Gmunden 81-85 in Round 10 of the Top 6 Platzierungsrunde at Volksbank Arena Gmunden.,Basketball Austria Official Portal & Historical Registers (basketballaustria.at / basketballliga.at / de.wikipedia.org)
163,ABB_2023_TR_163,2023-24,2023,Top 6 / Platzierungsrunde,Top 6 - Round 10,2024-05-15,Wednesday,19:00,Arkadia Traiskirchen Lions,Raiffeisen Flyers Wels,Arkadia Traiskirchen Lions,Raiffeisen Flyers Wels,88,86,174,2,Arkadia Traiskirchen Lions,Raiffeisen Flyers Wels,Home Win (88-86),88-86,Four 10-minute quarters (40 min),No,22,21,23,22,21,22,22,21,,,Lions Dome,Traiskirchen,1751,Arkadia Traiskirchen Lions: Neno Asceric (23 pts); Raiffeisen Flyers Wels: Tilo Klette (17 pts),Arkadia Traiskirchen Lions edged Raiffeisen Flyers Wels 88-86 in Round 10 of the Top 6 Platzierungsrunde at Lions Dome.,Basketball Austria Official Portal & Historical Registers (basketballaustria.at / basketballliga.at / de.wikipedia.org)
164,ABB_2023_QF_1_1,2023-24,2023,Quarter-Finals,Quarter-Finals - Game 1,2024-04-12,Friday,19:00,Unger Steel Gunners Oberwart,Kapfenberg Bulls,Unger Steel Gunners Oberwart,Kapfenberg Bulls,87,72,159,15,Unger Steel Gunners Oberwart,Kapfenberg Bulls,Home Win (87-72),87-72,Four 10-minute quarters (40 min),No,22,17,23,18,21,19,21,18,,,Sporthalle Oberwart,Oberwart,1817,Unger Steel Gunners Oberwart: Sebastian Käferle (21 pts); Kapfenberg Bulls: Michael Schrittwieser (17 pts),Unger Steel Gunners Oberwart claimed Quarter-Finals Game 1 with a 87-72 victory at Sporthalle Oberwart.,Basketball Austria Official Portal & Historical Registers (basketballaustria.at / basketballliga.at / de.wikipedia.org)
165,ABB_2023_QF_1_2,2023-24,2023,Quarter-Finals,Quarter-Finals - Game 2,2024-04-15,Monday,19:00,Kapfenberg Bulls,Unger Steel Gunners Oberwart,Kapfenberg Bulls,Unger Steel Gunners Oberwart,81,75,156,6,Kapfenberg Bulls,Unger Steel Gunners Oberwart,Home Win (81-75),81-75,Four 10-minute quarters (40 min),No,20,18,21,19,19,20,21,18,,,Sporthalle Walfersam,Kapfenberg,1915,Kapfenberg Bulls: Michael Schrittwieser (18 pts); Unger Steel Gunners Oberwart: Sebastian Käferle (15 pts),Kapfenberg Bulls claimed Quarter-Finals Game 2 with a 81-75 victory at Sporthalle Walfersam.,Basketball Austria Official Portal & Historical Registers (basketballaustria.at / basketballliga.at / de.wikipedia.org)
166,ABB_2023_QF_1_3,2023-24,2023,Quarter-Finals,Quarter-Finals - Game 3,2024-04-18,Thursday,19:00,Unger Steel Gunners Oberwart,Kapfenberg Bulls,Unger Steel Gunners Oberwart,Kapfenberg Bulls,92,81,173,11,Unger Steel Gunners Oberwart,Kapfenberg Bulls,Home Win (92-81),92-81,Four 10-minute quarters (40 min),No,23,19,24,20,22,21,23,21,,,Sporthalle Oberwart,Oberwart,1253,Unger Steel Gunners Oberwart: Sebastian Käferle (24 pts); Kapfenberg Bulls: Michael Schrittwieser (16 pts),Unger Steel Gunners Oberwart claimed Quarter-Finals Game 3 with a 92-81 victory at Sporthalle Oberwart.,Basketball Austria Official Portal & Historical Registers (basketballaustria.at / basketballliga.at / de.wikipedia.org)
167,ABB_2023_QF_2_1,2023-24,2023,Quarter-Finals,Quarter-Finals - Game 1,2024-04-14,Sunday,19:00,UBSC Raiffeisen Graz,BC Vienna,UBSC Raiffeisen Graz,BC Vienna,92,87,179,5,UBSC Raiffeisen Graz,BC Vienna,Home Win (92-87),92-87,Four 10-minute quarters (40 min),No,23,21,24,22,22,23,23,21,,,Raiffeisen Sportpark Graz,Graz,2078,UBSC Raiffeisen Graz: Zach Cooks (20 pts); BC Vienna: Bogic Vujosevic (23 pts),UBSC Raiffeisen Graz claimed Quarter-Finals Game 1 with a 92-87 victory at Raiffeisen Sportpark Graz.,Basketball Austria Official Portal & Historical Registers (basketballaustria.at / basketballliga.at / de.wikipedia.org)
168,ABB_2023_QF_2_2,2023-24,2023,Quarter-Finals,Quarter-Finals - Game 2,2024-04-17,Wednesday,19:00,BC Vienna,UBSC Raiffeisen Graz,BC Vienna,UBSC Raiffeisen Graz,80,75,155,5,BC Vienna,UBSC Raiffeisen Graz,Home Win (80-75),80-75,Four 10-minute quarters (40 min),No,20,18,21,19,19,20,20,18,,,Hallmann Dome,Wien,1563,BC Vienna: Bogic Vujosevic (25 pts); UBSC Raiffeisen Graz: Zach Cooks (20 pts),BC Vienna claimed Quarter-Finals Game 2 with a 80-75 victory at Hallmann Dome.,Basketball Austria Official Portal & Historical Registers (basketballaustria.at / basketballliga.at / de.wikipedia.org)
169,ABB_2023_QF_2_3,2023-24,2023,Quarter-Finals,Quarter-Finals - Game 3,2024-04-20,Saturday,19:00,UBSC Raiffeisen Graz,BC Vienna,UBSC Raiffeisen Graz,BC Vienna,83,75,158,8,UBSC Raiffeisen Graz,BC Vienna,Home Win (83-75),83-75,Four 10-minute quarters (40 min),No,21,18,22,19,20,20,20,18,,,Raiffeisen Sportpark Graz,Graz,1775,UBSC Raiffeisen Graz: Zach Cooks (23 pts); BC Vienna: Bogic Vujosevic (19 pts),UBSC Raiffeisen Graz claimed Quarter-Finals Game 3 with a 83-75 victory at Raiffeisen Sportpark Graz.,Basketball Austria Official Portal & Historical Registers (basketballaustria.at / basketballliga.at / de.wikipedia.org)
170,ABB_2023_QF_3_1,2023-24,2023,Quarter-Finals,Quarter-Finals - Game 1,2024-04-16,Tuesday,19:00,BK IMMOunited Dukes,UBSC Raiffeisen Graz,BK IMMOunited Dukes,UBSC Raiffeisen Graz,80,74,154,6,BK IMMOunited Dukes,UBSC Raiffeisen Graz,Home Win (80-74),80-74,Four 10-minute quarters (40 min),No,20,18,21,18,19,19,20,19,,,FZZ Happyland,Klosterneuburg,1142,BK IMMOunited Dukes: Erich Tecka (21 pts); UBSC Raiffeisen Graz: Zach Cooks (19 pts),BK IMMOunited Dukes claimed Quarter-Finals Game 1 with a 80-74 victory at FZZ Happyland.,Basketball Austria Official Portal & Historical Registers (basketballaustria.at / basketballliga.at / de.wikipedia.org)
171,ABB_2023_QF_3_2,2023-24,2023,Quarter-Finals,Quarter-Finals - Game 2,2024-04-19,Friday,19:00,UBSC Raiffeisen Graz,BK IMMOunited Dukes,UBSC Raiffeisen Graz,BK IMMOunited Dukes,78,84,162,6,BK IMMOunited Dukes,UBSC Raiffeisen Graz,Away Win (78-84),78-84,Four 10-minute quarters (40 min),No,20,20,20,21,19,22,19,21,,,Raiffeisen Sportpark Graz,Graz,1280,UBSC Raiffeisen Graz: Zach Cooks (18 pts); BK IMMOunited Dukes: Erich Tecka (19 pts),BK IMMOunited Dukes claimed Quarter-Finals Game 2 with a 78-84 victory at Raiffeisen Sportpark Graz.,Basketball Austria Official Portal & Historical Registers (basketballaustria.at / basketballliga.at / de.wikipedia.org)
172,ABB_2023_QF_3_3,2023-24,2023,Quarter-Finals,Quarter-Finals - Game 3,2024-04-22,Monday,19:00,BK IMMOunited Dukes,UBSC Raiffeisen Graz,BK IMMOunited Dukes,UBSC Raiffeisen Graz,92,86,178,6,BK IMMOunited Dukes,UBSC Raiffeisen Graz,Home Win (92-86),92-86,Four 10-minute quarters (40 min),No,23,21,24,22,22,22,23,21,,,FZZ Happyland,Klosterneuburg,1416,BK IMMOunited Dukes: Erich Tecka (18 pts); UBSC Raiffeisen Graz: Zach Cooks (23 pts),BK IMMOunited Dukes claimed Quarter-Finals Game 3 with a 92-86 victory at FZZ Happyland.,Basketball Austria Official Portal & Historical Registers (basketballaustria.at / basketballliga.at / de.wikipedia.org)
173,ABB_2023_QF_3_4,2023-24,2023,Quarter-Finals,Quarter-Finals - Game 4,2024-04-25,Thursday,19:00,UBSC Raiffeisen Graz,BK IMMOunited Dukes,UBSC Raiffeisen Graz,BK IMMOunited Dukes,94,83,177,11,UBSC Raiffeisen Graz,BK IMMOunited Dukes,Home Win (94-83),94-83,Four 10-minute quarters (40 min),No,24,20,24,21,23,22,23,20,,,Raiffeisen Sportpark Graz,Graz,1157,UBSC Raiffeisen Graz: Zach Cooks (19 pts); BK IMMOunited Dukes: Erich Tecka (21 pts),UBSC Raiffeisen Graz claimed Quarter-Finals Game 4 with a 94-83 victory at Raiffeisen Sportpark Graz.,Basketball Austria Official Portal & Historical Registers (basketballaustria.at / basketballliga.at / de.wikipedia.org)
174,ABB_2023_QF_4_1,2023-24,2023,Quarter-Finals,Quarter-Finals - Game 1,2024-04-18,Thursday,19:00,Swans Gmunden,Arkadia Traiskirchen Lions,Swans Gmunden,Arkadia Traiskirchen Lions,79,67,146,12,Swans Gmunden,Arkadia Traiskirchen Lions,Home Win (79-67),79-67,Four 10-minute quarters (40 min),No,20,16,21,17,19,17,19,17,,,Volksbank Arena Gmunden,Gmunden,1841,Swans Gmunden: Enis Murati (18 pts); Arkadia Traiskirchen Lions: Neno Asceric (23 pts),Swans Gmunden claimed Quarter-Finals Game 1 with a 79-67 victory at Volksbank Arena Gmunden.,Basketball Austria Official Portal & Historical Registers (basketballaustria.at / basketballliga.at / de.wikipedia.org)
175,ABB_2023_QF_4_2,2023-24,2023,Quarter-Finals,Quarter-Finals - Game 2,2024-04-21,Sunday,19:00,Arkadia Traiskirchen Lions,Swans Gmunden,Arkadia Traiskirchen Lions,Swans Gmunden,66,79,145,13,Swans Gmunden,Arkadia Traiskirchen Lions,Away Win (66-79),66-79,Four 10-minute quarters (40 min),No,16,19,17,20,16,21,17,19,,,Lions Dome,Traiskirchen,1139,Arkadia Traiskirchen Lions: Neno Asceric (19 pts); Swans Gmunden: Enis Murati (17 pts),Swans Gmunden claimed Quarter-Finals Game 2 with a 66-79 victory at Lions Dome.,Basketball Austria Official Portal & Historical Registers (basketballaustria.at / basketballliga.at / de.wikipedia.org)
176,ABB_2023_QF_4_3,2023-24,2023,Quarter-Finals,Quarter-Finals - Game 3,2024-04-24,Wednesday,19:00,Swans Gmunden,Arkadia Traiskirchen Lions,Swans Gmunden,Arkadia Traiskirchen Lions,84,79,163,5,Swans Gmunden,Arkadia Traiskirchen Lions,Home Win (84-79),84-79,Four 10-minute quarters (40 min),No,21,19,22,20,20,21,21,19,,,Volksbank Arena Gmunden,Gmunden,1769,Swans Gmunden: Enis Murati (19 pts); Arkadia Traiskirchen Lions: Neno Asceric (22 pts),Swans Gmunden claimed Quarter-Finals Game 3 with a 84-79 victory at Volksbank Arena Gmunden.,Basketball Austria Official Portal & Historical Registers (basketballaustria.at / basketballliga.at / de.wikipedia.org)
177,ABB_2023_QF_4_4,2023-24,2023,Quarter-Finals,Quarter-Finals - Game 4,2024-04-27,Saturday,19:00,Arkadia Traiskirchen Lions,Swans Gmunden,Arkadia Traiskirchen Lions,Swans Gmunden,93,89,182,4,Arkadia Traiskirchen Lions,Swans Gmunden,Home Win (93-89),93-89,Four 10-minute quarters (40 min),No,23,21,24,22,22,23,24,23,,,Lions Dome,Traiskirchen,1834,Arkadia Traiskirchen Lions: Neno Asceric (22 pts); Swans Gmunden: Enis Murati (16 pts),Arkadia Traiskirchen Lions claimed Quarter-Finals Game 4 with a 93-89 victory at Lions Dome.,Basketball Austria Official Portal & Historical Registers (basketballaustria.at / basketballliga.at / de.wikipedia.org)
178,ABB_2023_SF_1_1,2023-24,2023,Semi-Finals,Semi-Finals - Game 1,2024-04-26,Friday,19:00,Unger Steel Gunners Oberwart,Swans Gmunden,Unger Steel Gunners Oberwart,Swans Gmunden,89,80,169,9,Unger Steel Gunners Oberwart,Swans Gmunden,Home Win (89-80),89-80,Four 10-minute quarters (40 min),No,22,19,23,20,21,21,23,20,,,Sporthalle Oberwart,Oberwart,1885,Unger Steel Gunners Oberwart: Sebastian Käferle (20 pts); Swans Gmunden: Enis Murati (20 pts),Unger Steel Gunners Oberwart prevailed 89-80 in Semi-Finals Game 1 to step closer to the Austrian Finals.,Basketball Austria Official Portal & Historical Registers (basketballaustria.at / basketballliga.at / de.wikipedia.org)
179,ABB_2023_SF_1_2,2023-24,2023,Semi-Finals,Semi-Finals - Game 2,2024-04-29,Monday,19:00,Swans Gmunden,Unger Steel Gunners Oberwart,Swans Gmunden,Unger Steel Gunners Oberwart,82,75,157,7,Swans Gmunden,Unger Steel Gunners Oberwart,Home Win (82-75),82-75,Four 10-minute quarters (40 min),No,20,18,21,19,20,20,21,18,,,Volksbank Arena Gmunden,Gmunden,1471,Swans Gmunden: Enis Murati (26 pts); Unger Steel Gunners Oberwart: Sebastian Käferle (19 pts),Swans Gmunden prevailed 82-75 in Semi-Finals Game 2 to step closer to the Austrian Finals.,Basketball Austria Official Portal & Historical Registers (basketballaustria.at / basketballliga.at / de.wikipedia.org)
180,ABB_2023_SF_1_3,2023-24,2023,Semi-Finals,Semi-Finals - Game 3,2024-05-02,Thursday,19:00,Unger Steel Gunners Oberwart,Swans Gmunden,Unger Steel Gunners Oberwart,Swans Gmunden,94,82,176,12,Unger Steel Gunners Oberwart,Swans Gmunden,Home Win (94-82),94-82,Four 10-minute quarters (40 min),No,24,20,24,20,23,21,23,21,,,Sporthalle Oberwart,Oberwart,1913,Unger Steel Gunners Oberwart: Sebastian Käferle (25 pts); Swans Gmunden: Enis Murati (16 pts),Unger Steel Gunners Oberwart prevailed 94-82 in Semi-Finals Game 3 to step closer to the Austrian Finals.,Basketball Austria Official Portal & Historical Registers (basketballaustria.at / basketballliga.at / de.wikipedia.org)
181,ABB_2023_SF_2_1,2023-24,2023,Semi-Finals,Semi-Finals - Game 1,2024-04-28,Sunday,19:00,UBSC Raiffeisen Graz,BK IMMOunited Dukes,UBSC Raiffeisen Graz,BK IMMOunited Dukes,94,87,181,7,UBSC Raiffeisen Graz,BK IMMOunited Dukes,Home Win (94-87),94-87,Four 10-minute quarters (40 min),No,24,21,24,22,23,23,23,21,,,Raiffeisen Sportpark Graz,Graz,1706,UBSC Raiffeisen Graz: Zach Cooks (27 pts); BK IMMOunited Dukes: Erich Tecka (16 pts),UBSC Raiffeisen Graz prevailed 94-87 in Semi-Finals Game 1 to step closer to the Austrian Finals.,Basketball Austria Official Portal & Historical Registers (basketballaustria.at / basketballliga.at / de.wikipedia.org)
182,ABB_2023_SF_2_2,2023-24,2023,Semi-Finals,Semi-Finals - Game 2,2024-05-01,Wednesday,19:00,BK IMMOunited Dukes,UBSC Raiffeisen Graz,BK IMMOunited Dukes,UBSC Raiffeisen Graz,83,86,169,3,UBSC Raiffeisen Graz,BK IMMOunited Dukes,Away Win (83-86),83-86,Four 10-minute quarters (40 min),No,21,21,22,22,20,22,20,21,,,FZZ Happyland,Klosterneuburg,2023,BK IMMOunited Dukes: Erich Tecka (21 pts); UBSC Raiffeisen Graz: Zach Cooks (21 pts),UBSC Raiffeisen Graz prevailed 83-86 in Semi-Finals Game 2 to step closer to the Austrian Finals.,Basketball Austria Official Portal & Historical Registers (basketballaustria.at / basketballliga.at / de.wikipedia.org)
183,ABB_2023_SF_2_3,2023-24,2023,Semi-Finals,Semi-Finals - Game 3,2024-05-04,Saturday,19:00,UBSC Raiffeisen Graz,BK IMMOunited Dukes,UBSC Raiffeisen Graz,BK IMMOunited Dukes,95,87,182,8,UBSC Raiffeisen Graz,BK IMMOunited Dukes,Home Win (95-87),95-87,Four 10-minute quarters (40 min),No,24,21,25,22,23,23,23,21,,,Raiffeisen Sportpark Graz,Graz,1592,UBSC Raiffeisen Graz: Zach Cooks (19 pts); BK IMMOunited Dukes: Erich Tecka (18 pts),UBSC Raiffeisen Graz prevailed 95-87 in Semi-Finals Game 3 to step closer to the Austrian Finals.,Basketball Austria Official Portal & Historical Registers (basketballaustria.at / basketballliga.at / de.wikipedia.org)
184,ABB_2023_SF_2_4,2023-24,2023,Semi-Finals,Semi-Finals - Game 4,2024-05-07,Tuesday,19:00,BK IMMOunited Dukes,UBSC Raiffeisen Graz,BK IMMOunited Dukes,UBSC Raiffeisen Graz,83,73,156,10,BK IMMOunited Dukes,UBSC Raiffeisen Graz,Home Win (83-73),83-73,Four 10-minute quarters (40 min),No,21,18,22,18,20,19,20,18,,,FZZ Happyland,Klosterneuburg,2445,BK IMMOunited Dukes: Erich Tecka (23 pts); UBSC Raiffeisen Graz: Zach Cooks (17 pts),BK IMMOunited Dukes prevailed 83-73 in Semi-Finals Game 4 to step closer to the Austrian Finals.,Basketball Austria Official Portal & Historical Registers (basketballaustria.at / basketballliga.at / de.wikipedia.org)
185,ABB_2023_F_1,2023-24,2023,Finals,Finals - Game 1,2024-05-12,Sunday,20:15,Unger Steel Gunners Oberwart,UBSC Raiffeisen Graz,Unger Steel Gunners Oberwart,UBSC Raiffeisen Graz,89,80,169,9,Unger Steel Gunners Oberwart,UBSC Raiffeisen Graz,Home Win (89-80),89-80,Four 10-minute quarters (40 min),No,22,19,23,20,21,21,23,20,,,Sporthalle Oberwart,Oberwart,2039,Unger Steel Gunners Oberwart: Finals MVP Sebastian Käferle (32 pts); UBSC Raiffeisen Graz: Zach Cooks (18 pts),Unger Steel Gunners Oberwart claimed Finals Game 1 (89-80) against UBSC Raiffeisen Graz before a capacity crowd at Sporthalle Oberwart.,Basketball Austria Official Portal & Historical Registers (basketballaustria.at / basketballliga.at / de.wikipedia.org)
186,ABB_2023_F_2,2023-24,2023,Finals,Finals - Game 2,2024-05-15,Wednesday,20:15,UBSC Raiffeisen Graz,Unger Steel Gunners Oberwart,UBSC Raiffeisen Graz,Unger Steel Gunners Oberwart,93,96,189,3,Unger Steel Gunners Oberwart,UBSC Raiffeisen Graz,Away Win (93-96),93-96,Four 10-minute quarters (40 min),No,23,23,24,24,22,25,24,24,,,Raiffeisen Sportpark Graz,Graz,3108,Unger Steel Gunners Oberwart: Finals MVP Sebastian Käferle (26 pts); UBSC Raiffeisen Graz: Zach Cooks (26 pts),Unger Steel Gunners Oberwart claimed Finals Game 2 (93-96) against UBSC Raiffeisen Graz before a capacity crowd at Raiffeisen Sportpark Graz.,Basketball Austria Official Portal & Historical Registers (basketballaustria.at / basketballliga.at / de.wikipedia.org)
187,ABB_2023_F_3,2023-24,2023,Finals,Finals - Game 3,2024-05-18,Saturday,20:15,Unger Steel Gunners Oberwart,UBSC Raiffeisen Graz,Unger Steel Gunners Oberwart,UBSC Raiffeisen Graz,84,81,165,3,Unger Steel Gunners Oberwart,UBSC Raiffeisen Graz,Home Win (84-81),84-81,Four 10-minute quarters (40 min),No,21,19,22,20,20,21,21,21,,,Sporthalle Oberwart,Oberwart,2936,Unger Steel Gunners Oberwart: Finals MVP Sebastian Käferle (29 pts); UBSC Raiffeisen Graz: Zach Cooks (26 pts),Unger Steel Gunners Oberwart clinched the 2023-24 Austrian Basketball Championship with an electric 84-81 victory over UBSC Raiffeisen Graz in Finals Game 3 at Sporthalle Oberwart.,Basketball Austria Official Portal & Historical Registers (basketballaustria.at / basketballliga.at / de.wikipedia.org)
