Game Number,Game ID,Season,Season Year,Season Code,Season Phase,Game Type,Round / Stage,Date,Day of Week,Start Time (CET/CEST),UTC Date,Team A,Team B,Home,Away,Home Team Code,Away Team Code,Venue,City / Address,Capacity,Attendance,Home Score,Away Score,Total Points,Winning Margin,Winning Team,Losing Team,Result,Game Score,Overtime,Home Q1,Away Q1,Home Q2,Away Q2,Home Q3,Away Q3,Home Q4,Away Q4,Home OT,Away OT,Game Status,Cancellation Reason,Lead Referee,Referee 2,Referee 3,Notable Players,A Succint one line game comment to summarise that game,Primary Data Source
1,E2011_5,2011-12,2011,E2011,Regular Season,Regular Season,Round 1,2011-10-17,Monday,20:45,2011-10-17T18:45:00Z,CSKA Moscow,Zalgiris Kaunas,Zalgiris Kaunas,CSKA Moscow,ZAL,CSK,ZALGIRIO ARENA,"Karaliaus Mindaugo Av. 50, 44287 Kaunas",14502,14547,74,87,161,13,CSKA Moscow,Zalgiris Kaunas,Away Win (87-74),74-87,No,16,25,15,19,21,23,22,20,,,Played,,"CHRISTODOULOU, CHRISTOS","LATISEVS, OLEGS","VOJINOVIC, MILIJA",CSKA Moscow team victory,CSKA Moscow defeated Zalgiris Kaunas 74-87 in Round 1 (Regular Season).,Euroleague Basketball Official API (api-live.euroleague.net / live.euroleague.net)
2,E2011_12,2011-12,2011,E2011,Regular Season,Regular Season,Round 1,2011-10-19,Wednesday,18:00,2011-10-19T16:00:00Z,Montepaschi Siena,Unics Kazan,Unics Kazan,Montepaschi Siena,UNK,SIE,BASKET HALL KAZAN,"Spartakovskaya Street 1, 420107 Kazan",7500,4584,71,79,150,8,Montepaschi Siena,Unics Kazan,Away Win (79-71),71-79,No,24,20,20,23,11,21,16,15,,,Played,,"BELOSEVIC, ILIJA","BOLTAUZER, MATEJ","TRAWICKI, TOMASZ",Montepaschi Siena team victory,Montepaschi Siena defeated Unics Kazan 71-79 in Round 1 (Regular Season).,Euroleague Basketball Official API (api-live.euroleague.net / live.euroleague.net)
3,E2011_3,2011-12,2011,E2011,Regular Season,Regular Season,Round 1,2011-10-19,Wednesday,19:00,2011-10-19T17:00:00Z,Caja Laboral,Fenerbahce Ulker,Fenerbahce Ulker,Caja Laboral,ULK,BAS,ABDI IPEKCI ARENA,"10, Yil Caddesi Zeytinburnu, 34760 Istanbul",11300,6337,66,69,135,3,Caja Laboral,Fenerbahce Ulker,Away Win (69-66),66-69,No,20,12,16,22,12,19,18,16,,,Played,,"LAMONICA, LUIGI","JOVCIC, MILIVOJE","FOUFIS, IOANNIS",Caja Laboral team victory,Caja Laboral defeated Fenerbahce Ulker 66-69 in Round 1 (Regular Season).,Euroleague Basketball Official API (api-live.euroleague.net / live.euroleague.net)
4,E2011_1,2011-12,2011,E2011,Regular Season,Regular Season,Round 1,2011-10-19,Wednesday,20:45,2011-10-19T18:45:00Z,SLUC Nancy,Bennet Cantu,Bennet Cantu,SLUC Nancy,CTU,NAN,PALADESIO,,6200,4074,80,69,149,11,Bennet Cantu,SLUC Nancy,Home Win (80-69),80-69,No,17,21,27,23,13,8,23,17,,,Played,,"PUKL,SASA","RYZHYK, BORYS","PEREA, OSCAR",Bennet Cantu team victory,Bennet Cantu defeated SLUC Nancy 80-69 in Round 1 (Regular Season).,Euroleague Basketball Official API (api-live.euroleague.net / live.euroleague.net)
5,E2011_11,2011-12,2011,E2011,Regular Season,Regular Season,Round 1,2011-10-19,Wednesday,20:45,2011-10-19T18:45:00Z,Galatasaray Medical Park,Asseco Prokom Gdynia,Asseco Prokom Gdynia,Galatasaray Medical Park,SOP,GAL,GDYNIA SPORTS ARENA,"ul. Kazimierza Górskiego 8, 81-302 Gdynia, Poland ",5000,3242,72,76,148,4,Galatasaray Medical Park,Asseco Prokom Gdynia,Away Win (76-72),72-76,No,19,21,18,11,11,27,24,17,,,Played,,"MARTIN, JOSE","CONDE, ANTONIO","MAESTRE, NICOLA",Galatasaray Medical Park team victory,Galatasaray Medical Park defeated Asseco Prokom Gdynia 72-76 in Round 1 (Regular Season).,Euroleague Basketball Official API (api-live.euroleague.net / live.euroleague.net)
6,E2011_7,2011-12,2011,E2011,Regular Season,Regular Season,Round 1,2011-10-20,Thursday,19:00,2011-10-20T17:00:00Z,Anadolu Efes Istanbul,Partizan mt:s Belgrade,Partizan mt:s Belgrade,Anadolu Efes Istanbul,PAR,IST,PIONIR,,6500,6560,73,84,157,11,Anadolu Efes Istanbul,Partizan mt:s Belgrade,Away Win (84-73),73-84,No,28,27,17,21,6,20,22,16,,,Played,,"CEREBUCH, GUERRINO","BULTO, VICENTE","ANASTOPOULOS, PANAGIOTIS",Anadolu Efes Istanbul team victory,Anadolu Efes Istanbul defeated Partizan mt:s Belgrade 73-84 in Round 1 (Regular Season).,Euroleague Basketball Official API (api-live.euroleague.net / live.euroleague.net)
7,E2011_8,2011-12,2011,E2011,Regular Season,Regular Season,Round 1,2011-10-20,Thursday,20:30,2011-10-20T18:30:00Z,Real Madrid,Belgacom Spirou Charleroi,Belgacom Spirou Charleroi,Real Madrid,CHA,MAD,RTL SPIROUDOME,,6000,5012,76,100,176,24,Real Madrid,Belgacom Spirou Charleroi,Away Win (100-76),76-100,No,16,23,21,22,18,26,21,29,,,Played,,"ANKARALI, RECEP","LOTTERMOSER, ROBERT","LAURINAVICIUS, JURGIS",Real Madrid team victory,Real Madrid defeated Belgacom Spirou Charleroi 76-100 in Round 1 (Regular Season).,Euroleague Basketball Official API (api-live.euroleague.net / live.euroleague.net)
8,E2011_4,2011-12,2011,E2011,Regular Season,Regular Season,Round 1,2011-10-20,Thursday,20:45,2011-10-20T18:45:00Z,Unicaja Malaga,Panathinaikos Athens,Panathinaikos Athens,Unicaja Malaga,PAN,MAL,OAKA,"37 Kifisias Avenue, 15123 Marousi",18310,7052,98,77,175,21,Panathinaikos Athens,Unicaja Malaga,Home Win (98-77),98-77,No,25,16,27,33,25,12,21,16,,,Played,,"ZIEMBLICKI, GRZEGORZ","VYKLICKY, ROBERT","VOJINOVIC, RADOMIR",Panathinaikos Athens team victory,Panathinaikos Athens defeated Unicaja Malaga 98-77 in Round 1 (Regular Season).,Euroleague Basketball Official API (api-live.euroleague.net / live.euroleague.net)
9,E2011_9,2011-12,2011,E2011,Regular Season,Regular Season,Round 1,2011-10-20,Thursday,20:45,2011-10-20T18:45:00Z,Maccabi Electra Tel Aviv,EA7 Emporio Armani,EA7 Emporio Armani,Maccabi Electra Tel Aviv,MIL,TEL,MEDIOLANUM FORUM ,"Via G. Di Vittorio 6, 20090 Assago",11200,5502,89,82,171,7,EA7 Emporio Armani,Maccabi Electra Tel Aviv,Home Win (89-82),89-82,No,14,19,27,19,24,14,24,30,,,Played,,"HIERREZUELO, DANIEL","VIATOR, EDDIE","SHULGA, BORIS",EA7 Emporio Armani team victory,EA7 Emporio Armani defeated Maccabi Electra Tel Aviv 89-82 in Round 1 (Regular Season).,Euroleague Basketball Official API (api-live.euroleague.net / live.euroleague.net)
10,E2011_10,2011-12,2011,E2011,Regular Season,Regular Season,Round 1,2011-10-20,Thursday,20:45,2011-10-20T18:45:00Z,FC Barcelona Regal,Union Olimpija Ljubljana,Union Olimpija Ljubljana,FC Barcelona Regal,LJU,BAR,ARENA STOZICE,"Vojkova Cesta 100, 1000 Ljubljana, Slovenia",12500,9061,64,86,150,22,FC Barcelona Regal,Union Olimpija Ljubljana,Away Win (86-64),64-86,No,19,24,11,17,21,20,13,25,,,Played,,"ROCHA, FERNANDO","SAHIN, TOLGA","NURAN, RUSTU",FC Barcelona Regal team victory,FC Barcelona Regal defeated Union Olimpija Ljubljana 64-86 in Round 1 (Regular Season).,Euroleague Basketball Official API (api-live.euroleague.net / live.euroleague.net)
11,E2011_6,2011-12,2011,E2011,Regular Season,Regular Season,Round 1,2011-10-20,Thursday,21:00,2011-10-20T19:00:00Z,Zagreb,Brose Baskets,Brose Baskets,Zagreb,BAM,ZAG,STECHERT ARENA,,6800,6000,96,65,161,31,Brose Baskets,Zagreb,Home Win (96-65),96-65,No,26,16,26,14,28,20,16,15,,,Played,,"GARCIA, JUAN CARLOS","JASEVICIUS, TOMAS","PILOIDIS, ANASTASIOS",Brose Baskets team victory,Brose Baskets defeated Zagreb 96-65 in Round 1 (Regular Season).,Euroleague Basketball Official API (api-live.euroleague.net / live.euroleague.net)
12,E2011_2,2011-12,2011,E2011,Regular Season,Regular Season,Round 1,2011-10-21,Friday,20:30,2011-10-21T18:30:00Z,Olympiacos Piraeus,Gescrap Bilbao Basket,Gescrap Bilbao Basket,Olympiacos Piraeus,BIL,OLY,BILBAO ARENA,"Avenida Askatasuna 13, 48013 Bilbao",8800,8432,76,61,137,15,Gescrap Bilbao Basket,Olympiacos Piraeus,Home Win (76-61),76-61,No,18,11,19,20,23,18,16,12,,,Played,,"JUNGEBRAND, CARL","JAVOR, DAMIR","MANTYLA, PETRI",Gescrap Bilbao Basket team victory,Gescrap Bilbao Basket defeated Olympiacos Piraeus 76-61 in Round 1 (Regular Season).,Euroleague Basketball Official API (api-live.euroleague.net / live.euroleague.net)
13,E2011_18,2011-12,2011,E2011,Regular Season,Regular Season,Round 2,2011-10-25,Tuesday,20:45,2011-10-25T18:45:00Z,Zalgiris Kaunas,Unicaja Malaga,Unicaja Malaga,Zalgiris Kaunas,MAL,ZAL,PALACIO DE LOS DEPORTES J.M. MARTIN CARPENA,"c/ Miguel Merida Nicolich 2, Malaga",10233,10399,85,78,163,7,Unicaja Malaga,Zalgiris Kaunas,Home Win (85-78),85-78,Yes (1 OT),22,19,8,20,19,13,18,15,18,11,Played,,"HERCEG, SINISA","SABETTA, ENRICO","GELLER, RENAUD",Unicaja Malaga team victory,Unicaja Malaga defeated Zalgiris Kaunas 85-78 in Round 2 (Regular Season).,Euroleague Basketball Official API (api-live.euroleague.net / live.euroleague.net)
14,E2011_17,2011-12,2011,E2011,Regular Season,Regular Season,Round 2,2011-10-26,Wednesday,18:15,2011-10-26T16:15:00Z,Brose Baskets,CSKA Moscow,CSKA Moscow,Brose Baskets,CSK,BAM,USH CSKA,"39 bld.3 Leningradskiy Prospect, Moscow, Russia",5113,4505,94,74,168,20,CSKA Moscow,Brose Baskets,Home Win (94-74),94-74,No,24,14,23,16,24,22,23,22,,,Played,,"DOZAI, SRDAN","SHEMMESH, SEFFI","JURAS, MARKO",CSKA Moscow team victory,CSKA Moscow defeated Brose Baskets 94-74 in Round 2 (Regular Season).,Euroleague Basketball Official API (api-live.euroleague.net / live.euroleague.net)
15,E2011_16,2011-12,2011,E2011,Regular Season,Regular Season,Round 2,2011-10-26,Wednesday,19:00,2011-10-26T17:00:00Z,Panathinaikos Athens,Zagreb,Zagreb,Panathinaikos Athens,ZAG,PAN,ARENA ZAGREB,,16200,5121,62,81,143,19,Panathinaikos Athens,Zagreb,Away Win (81-62),62-81,No,14,24,8,21,11,16,29,20,,,Played,,"GARCIA, JOSE RAMON","CMIKIEWICZ, MAREK","BIRICIK, MURAT",Panathinaikos Athens team victory,Panathinaikos Athens defeated Zagreb 62-81 in Round 2 (Regular Season).,Euroleague Basketball Official API (api-live.euroleague.net / live.euroleague.net)
16,E2011_21,2011-12,2011,E2011,Regular Season,Regular Season,Round 2,2011-10-26,Wednesday,19:30,2011-10-26T17:30:00Z,Belgacom Spirou Charleroi,Anadolu Efes Istanbul,Anadolu Efes Istanbul,Belgacom Spirou Charleroi,IST,CHA,ABDI IPEKCI ARENA,"10, Yil Caddesi Zeytinburnu, 34760 Istanbul",11300,3450,79,80,159,1,Belgacom Spirou Charleroi,Anadolu Efes Istanbul,Away Win (80-79),79-80,No,15,24,17,14,24,22,23,20,,,Played,,"PEREZ, EMILIO","MIKHAYLOV, SERGEY","ZASHCHUK, SERGEY",Belgacom Spirou Charleroi team victory,Belgacom Spirou Charleroi defeated Anadolu Efes Istanbul 79-80 in Round 2 (Regular Season).,Euroleague Basketball Official API (api-live.euroleague.net / live.euroleague.net)
17,E2011_13,2011-12,2011,E2011,Regular Season,Regular Season,Round 2,2011-10-26,Wednesday,20:00,2011-10-26T18:00:00Z,Bennet Cantu,Caja Laboral,Caja Laboral,Bennet Cantu,BAS,CTU,IRADIER ARENA,,8190,7923,81,69,150,12,Caja Laboral,Bennet Cantu,Home Win (81-69),81-69,No,26,27,18,17,17,15,20,10,,,Played,,"CHRISTODOULOU, CHRISTOS","ZAMOJSKI, JAKUB","RUTESIC, ZDRAVKO",Caja Laboral team victory,Caja Laboral defeated Bennet Cantu 81-69 in Round 2 (Regular Season).,Euroleague Basketball Official API (api-live.euroleague.net / live.euroleague.net)
18,E2011_23,2011-12,2011,E2011,Regular Season,Regular Season,Round 2,2011-10-27,Thursday,19:00,2011-10-27T17:00:00Z,Unics Kazan,Galatasaray Medical Park,Galatasaray Medical Park,Unics Kazan,GAL,UNK,ABDI IPEKCI SPORTS HALL,"10, Yil Caddesi Zeytinburnu, 34760 Istanbul",10500,6335,64,68,132,4,Unics Kazan,Galatasaray Medical Park,Away Win (68-64),64-68,No,21,12,14,16,15,17,14,23,,,Played,,"SUTULOVIC, ZORAN","MATTIOLI, GIANLUCA","MARICIC, SASA",Unics Kazan team victory,Unics Kazan defeated Galatasaray Medical Park 64-68 in Round 2 (Regular Season).,Euroleague Basketball Official API (api-live.euroleague.net / live.euroleague.net)
19,E2011_22,2011-12,2011,E2011,Regular Season,Regular Season,Round 2,2011-10-27,Thursday,20:00,2011-10-27T18:00:00Z,Union Olimpija Ljubljana,Montepaschi Siena,Montepaschi Siena,Union Olimpija Ljubljana,SIE,LJU,PALAESTRA,,6000,4838,79,57,136,22,Montepaschi Siena,Union Olimpija Ljubljana,Home Win (79-57),79-57,No,26,4,12,25,23,11,18,17,,,Played,,"PEREZ, MIGUEL ANGEL","PEREA, OSCAR","KOWALSKI, MARCIN",Montepaschi Siena team victory,Montepaschi Siena defeated Union Olimpija Ljubljana 79-57 in Round 2 (Regular Season).,Euroleague Basketball Official API (api-live.euroleague.net / live.euroleague.net)
20,E2011_14,2011-12,2011,E2011,Regular Season,Regular Season,Round 2,2011-10-27,Thursday,20:45,2011-10-27T18:45:00Z,Fenerbahce Ulker,Olympiacos Piraeus,Olympiacos Piraeus,Fenerbahce Ulker,OLY,ULK,PEACE AND FRIENDSHIP STADIUM,"Ethnarchou Makariou Av., Piraeus",11039,3775,81,74,155,7,Olympiacos Piraeus,Fenerbahce Ulker,Home Win (81-74),81-74,No,12,14,14,23,27,17,28,20,,,Played,,"HIERREZUELO, DANIEL","TAURINO, PAOLO","CHEBYSHEV, SERGIY",Olympiacos Piraeus team victory,Olympiacos Piraeus defeated Fenerbahce Ulker 81-74 in Round 2 (Regular Season).,Euroleague Basketball Official API (api-live.euroleague.net / live.euroleague.net)
21,E2011_15,2011-12,2011,E2011,Regular Season,Regular Season,Round 2,2011-10-27,Thursday,20:45,2011-10-27T18:45:00Z,Gescrap Bilbao Basket,SLUC Nancy,SLUC Nancy,Gescrap Bilbao Basket,NAN,BIL,PALAIS DES SPORTS JEAN WEILLE,,6027,5613,87,73,160,14,SLUC Nancy,Gescrap Bilbao Basket,Home Win (87-73),87-73,No,17,18,21,20,23,20,26,15,,,Played,,"MUHVIC, DUBRAVKO","KRAUSE, OLIVER","KALPAKAS, APOSTOLOS",SLUC Nancy team victory,SLUC Nancy defeated Gescrap Bilbao Basket 87-73 in Round 2 (Regular Season).,Euroleague Basketball Official API (api-live.euroleague.net / live.euroleague.net)
22,E2011_20,2011-12,2011,E2011,Regular Season,Regular Season,Round 2,2011-10-27,Thursday,20:45,2011-10-27T18:45:00Z,EA7 Emporio Armani,Real Madrid,Real Madrid,EA7 Emporio Armani,MAD,MIL,MADRID CAJA MAGICA,,12442,12155,85,78,163,7,Real Madrid,EA7 Emporio Armani,Home Win (85-78),85-78,No,14,18,22,21,27,23,22,16,,,Played,,"JUNGEBRAND, CARL","LATISEVS, OLEGS","LOPES, LUIS",Real Madrid team victory,Real Madrid defeated EA7 Emporio Armani 85-78 in Round 2 (Regular Season).,Euroleague Basketball Official API (api-live.euroleague.net / live.euroleague.net)
23,E2011_24,2011-12,2011,E2011,Regular Season,Regular Season,Round 2,2011-10-27,Thursday,20:45,2011-10-27T18:45:00Z,Asseco Prokom Gdynia,FC Barcelona Regal,FC Barcelona Regal,Asseco Prokom Gdynia,BAR,SOP,PALAU BLAUGRANA,"Aristides Maillol Av S/N, 08028 Barcelona",7585,3724,88,61,149,27,FC Barcelona Regal,Asseco Prokom Gdynia,Home Win (88-61),88-61,No,23,18,24,18,17,10,24,15,,,Played,,"RADOVIC, SRETEN","CHIARI, ROBERTO","REITER, MORITZ",FC Barcelona Regal team victory,FC Barcelona Regal defeated Asseco Prokom Gdynia 88-61 in Round 2 (Regular Season).,Euroleague Basketball Official API (api-live.euroleague.net / live.euroleague.net)
24,E2011_19,2011-12,2011,E2011,Regular Season,Regular Season,Round 2,2011-10-27,Thursday,21:00,2011-10-27T19:00:00Z,Partizan mt:s Belgrade,Maccabi Electra Tel Aviv,Maccabi Electra Tel Aviv,Partizan mt:s Belgrade,TEL,PAR,NOKIA ARENA,,11060,11060,70,66,136,4,Maccabi Electra Tel Aviv,Partizan mt:s Belgrade,Home Win (70-66),70-66,No,19,12,22,17,15,11,14,26,,,Played,,"GKONTAS, SPIROS","CONDE, ANTONIO","CIULIN, MARIUS",Maccabi Electra Tel Aviv team victory,Maccabi Electra Tel Aviv defeated Partizan mt:s Belgrade 70-66 in Round 2 (Regular Season).,Euroleague Basketball Official API (api-live.euroleague.net / live.euroleague.net)
25,E2011_27,2011-12,2011,E2011,Regular Season,Regular Season,Round 3,2011-11-02,Wednesday,20:00,2011-11-02T19:00:00Z,Olympiacos Piraeus,Caja Laboral,Caja Laboral,Olympiacos Piraeus,BAS,OLY,IRADIER ARENA,,8190,8252,81,79,160,2,Caja Laboral,Olympiacos Piraeus,Home Win (81-79),81-79,No,13,22,19,18,28,26,21,13,,,Played,,"ZIEMBLICKI, GRZEGORZ","LOTTERMOSER, ROBERT","JASEVICIUS, TOMAS",Caja Laboral team victory,Caja Laboral defeated Olympiacos Piraeus 81-79 in Round 3 (Regular Season).,Euroleague Basketball Official API (api-live.euroleague.net / live.euroleague.net)
26,E2011_30,2011-12,2011,E2011,Regular Season,Regular Season,Round 3,2011-11-02,Wednesday,20:45,2011-11-02T19:45:00Z,CSKA Moscow,Zagreb,Zagreb,CSKA Moscow,ZAG,CSK,ARENA ZAGREB,,16200,4003,47,89,136,42,CSKA Moscow,Zagreb,Away Win (89-47),47-89,No,13,22,11,23,11,21,12,23,,,Played,,"HIERREZUELO, DANIEL","SAHIN, TOLGA","RUTESIC, ZDRAVKO",CSKA Moscow team victory,CSKA Moscow defeated Zagreb 47-89 in Round 3 (Regular Season).,Euroleague Basketball Official API (api-live.euroleague.net / live.euroleague.net)
27,E2011_34,2011-12,2011,E2011,Regular Season,Regular Season,Round 3,2011-11-02,Wednesday,20:45,2011-11-02T19:45:00Z,Asseco Prokom Gdynia,Union Olimpija Ljubljana,Union Olimpija Ljubljana,Asseco Prokom Gdynia,LJU,SOP,ARENA STOZICE,"Vojkova Cesta 100, 1000 Ljubljana, Slovenia",12500,6350,70,62,132,8,Union Olimpija Ljubljana,Asseco Prokom Gdynia,Home Win (70-62),70-62,No,25,16,15,17,18,14,12,15,,,Played,,"JUNGEBRAND, CARL","SHEMMESH, SEFFI","SHULGA, BORIS",Union Olimpija Ljubljana team victory,Union Olimpija Ljubljana defeated Asseco Prokom Gdynia 70-62 in Round 3 (Regular Season).,Euroleague Basketball Official API (api-live.euroleague.net / live.euroleague.net)
28,E2011_36,2011-12,2011,E2011,Regular Season,Regular Season,Round 3,2011-11-02,Wednesday,20:45,2011-11-02T19:45:00Z,Galatasaray Medical Park,Montepaschi Siena,Montepaschi Siena,Galatasaray Medical Park,SIE,GAL,PALAESTRA,,6000,4897,103,77,180,26,Montepaschi Siena,Galatasaray Medical Park,Home Win (103-77),103-77,No,30,16,20,21,26,17,27,23,,,Played,,"CHRISTODOULOU, CHRISTOS","JOVCIC, MILIVOJE","ANASTOPOULOS, PANAGIOTIS",Montepaschi Siena team victory,Montepaschi Siena defeated Galatasaray Medical Park 103-77 in Round 3 (Regular Season).,Euroleague Basketball Official API (api-live.euroleague.net / live.euroleague.net)
29,E2011_35,2011-12,2011,E2011,Regular Season,Regular Season,Round 3,2011-11-03,Thursday,17:00,2011-11-03T16:00:00Z,FC Barcelona Regal,Unics Kazan,Unics Kazan,FC Barcelona Regal,UNK,BAR,BASKET HALL KAZAN,"Spartakovskaya Street 1, 420107 Kazan",7500,7226,65,93,158,28,FC Barcelona Regal,Unics Kazan,Away Win (93-65),65-93,No,14,23,18,21,16,25,17,24,,,Played,,"LAMONICA, LUIGI","TAURINO, PAOLO","HERCEG, SINISA",FC Barcelona Regal team victory,FC Barcelona Regal defeated Unics Kazan 65-93 in Round 3 (Regular Season).,Euroleague Basketball Official API (api-live.euroleague.net / live.euroleague.net)
30,E2011_26,2011-12,2011,E2011,Regular Season,Regular Season,Round 3,2011-11-03,Thursday,18:45,2011-11-03T17:45:00Z,SLUC Nancy,Fenerbahce Ulker,Fenerbahce Ulker,SLUC Nancy,ULK,NAN,ABDI IPEKCI ARENA,"10, Yil Caddesi Zeytinburnu, 34760 Istanbul",11300,5600,90,86,176,4,Fenerbahce Ulker,SLUC Nancy,Home Win (90-86),90-86,No,23,17,32,17,15,27,20,25,,,Played,,"SUTULOVIC, ZORAN","DOZAI, SRDAN","MIKHAYLOV, SERGEY",Fenerbahce Ulker team victory,Fenerbahce Ulker defeated SLUC Nancy 90-86 in Round 3 (Regular Season).,Euroleague Basketball Official API (api-live.euroleague.net / live.euroleague.net)
31,E2011_25,2011-12,2011,E2011,Regular Season,Regular Season,Round 3,2011-11-03,Thursday,20:45,2011-11-03T19:45:00Z,Gescrap Bilbao Basket,Bennet Cantu,Bennet Cantu,Gescrap Bilbao Basket,CTU,BIL,PALADESIO,,6200,4291,78,69,147,9,Bennet Cantu,Gescrap Bilbao Basket,Home Win (78-69),78-69,No,18,15,24,16,18,19,18,19,,,Played,,"ANKARALI, RECEP","BOLTAUZER, MATEJ","MAESTRE, NICOLA",Bennet Cantu team victory,Bennet Cantu defeated Gescrap Bilbao Basket 78-69 in Round 3 (Regular Season).,Euroleague Basketball Official API (api-live.euroleague.net / live.euroleague.net)
32,E2011_31,2011-12,2011,E2011,Regular Season,Regular Season,Round 3,2011-11-03,Thursday,20:45,2011-11-03T19:45:00Z,Belgacom Spirou Charleroi,Partizan mt:s Belgrade,Partizan mt:s Belgrade,Belgacom Spirou Charleroi,PAR,CHA,PIONIR,,6500,6507,91,81,172,10,Partizan mt:s Belgrade,Belgacom Spirou Charleroi,Home Win (91-81),91-81,No,22,17,30,27,21,26,18,11,,,Played,,"GARCIA, JUAN CARLOS","CMIKIEWICZ, MAREK","KOROMILAS, ELIAS",Partizan mt:s Belgrade team victory,Partizan mt:s Belgrade defeated Belgacom Spirou Charleroi 91-81 in Round 3 (Regular Season).,Euroleague Basketball Official API (api-live.euroleague.net / live.euroleague.net)
33,E2011_32,2011-12,2011,E2011,Regular Season,Regular Season,Round 3,2011-11-03,Thursday,20:45,2011-11-03T19:45:00Z,Anadolu Efes Istanbul,EA7 Emporio Armani,EA7 Emporio Armani,Anadolu Efes Istanbul,MIL,IST,MEDIOLANUM FORUM ,"Via G. Di Vittorio 6, 20090 Assago",11200,2724,54,62,116,8,Anadolu Efes Istanbul,EA7 Emporio Armani,Away Win (62-54),54-62,No,9,22,12,11,15,14,18,15,,,Played,,"MARTIN, JOSE","GKONTAS, SPIROS","JAVOR, DAMIR",Anadolu Efes Istanbul team victory,Anadolu Efes Istanbul defeated EA7 Emporio Armani 54-62 in Round 3 (Regular Season).,Euroleague Basketball Official API (api-live.euroleague.net / live.euroleague.net)
34,E2011_33,2011-12,2011,E2011,Regular Season,Regular Season,Round 3,2011-11-03,Thursday,20:45,2011-11-03T19:45:00Z,Real Madrid,Maccabi Electra Tel Aviv,Maccabi Electra Tel Aviv,Real Madrid,TEL,MAD,NOKIA ARENA,,11060,11060,88,82,170,6,Maccabi Electra Tel Aviv,Real Madrid,Home Win (88-82),88-82,No,21,21,25,20,28,21,14,20,,,Played,,"BELOSEVIC, ILIJA","ROCHA, FERNANDO","PILOIDIS, ANASTASIOS",Maccabi Electra Tel Aviv team victory,Maccabi Electra Tel Aviv defeated Real Madrid 88-82 in Round 3 (Regular Season).,Euroleague Basketball Official API (api-live.euroleague.net / live.euroleague.net)
35,E2011_29,2011-12,2011,E2011,Regular Season,Regular Season,Round 3,2011-11-03,Thursday,21:00,2011-11-03T20:00:00Z,Unicaja Malaga,Brose Baskets,Brose Baskets,Unicaja Malaga,BAM,MAL,STECHERT ARENA,,6800,6059,78,79,157,1,Unicaja Malaga,Brose Baskets,Away Win (79-78),78-79,No,27,22,11,20,23,21,17,16,,,Played,,"RYZHYK, BORYS","RADOVIC, SRETEN","MANTYLA, PETRI",Unicaja Malaga team victory,Unicaja Malaga defeated Brose Baskets 78-79 in Round 3 (Regular Season).,Euroleague Basketball Official API (api-live.euroleague.net / live.euroleague.net)
36,E2011_28,2011-12,2011,E2011,Regular Season,Regular Season,Round 3,2011-11-04,Friday,20:45,2011-11-04T19:45:00Z,Zalgiris Kaunas,Panathinaikos Athens,Panathinaikos Athens,Zalgiris Kaunas,PAN,ZAL,OAKA,"37 Kifisias Avenue, 15123 Marousi",18310,6488,92,75,167,17,Panathinaikos Athens,Zalgiris Kaunas,Home Win (92-75),92-75,No,25,21,13,21,26,13,28,20,,,Played,,"PUKL,SASA","PEREZ, EMILIO","NURAN, RUSTU",Panathinaikos Athens team victory,Panathinaikos Athens defeated Zalgiris Kaunas 92-75 in Round 3 (Regular Season).,Euroleague Basketball Official API (api-live.euroleague.net / live.euroleague.net)
37,E2011_46,2011-12,2011,E2011,Regular Season,Regular Season,Round 4,2011-11-09,Wednesday,19:00,2011-11-09T18:00:00Z,Galatasaray Medical Park,Union Olimpija Ljubljana,Union Olimpija Ljubljana,Galatasaray Medical Park,LJU,GAL,ARENA STOZICE,"Vojkova Cesta 100, 1000 Ljubljana, Slovenia",12500,7336,70,79,149,9,Galatasaray Medical Park,Union Olimpija Ljubljana,Away Win (79-70),70-79,No,23,27,14,17,19,13,14,22,,,Played,,"GARCIA, JUAN CARLOS","VYKLICKY, ROBERT","FOUFIS, IOANNIS",Galatasaray Medical Park team victory,Galatasaray Medical Park defeated Union Olimpija Ljubljana 70-79 in Round 4 (Regular Season).,Euroleague Basketball Official API (api-live.euroleague.net / live.euroleague.net)
38,E2011_37,2011-12,2011,E2011,Regular Season,Regular Season,Round 4,2011-11-09,Wednesday,20:45,2011-11-09T19:45:00Z,Olympiacos Piraeus,Bennet Cantu,Bennet Cantu,Olympiacos Piraeus,CTU,OLY,PALADESIO,,6200,5330,64,63,127,1,Bennet Cantu,Olympiacos Piraeus,Home Win (64-63),64-63,No,12,16,19,18,14,15,19,14,,,Played,,"PEREZ, EMILIO","CONDE, ANTONIO","TRAWICKI, TOMASZ",Bennet Cantu team victory,Bennet Cantu defeated Olympiacos Piraeus 64-63 in Round 4 (Regular Season).,Euroleague Basketball Official API (api-live.euroleague.net / live.euroleague.net)
39,E2011_39,2011-12,2011,E2011,Regular Season,Regular Season,Round 4,2011-11-09,Wednesday,20:45,2011-11-09T19:45:00Z,Fenerbahce Ulker,Gescrap Bilbao Basket,Gescrap Bilbao Basket,Fenerbahce Ulker,BIL,ULK,BILBAO ARENA,"Avenida Askatasuna 13, 48013 Bilbao",8800,7532,70,73,143,3,Fenerbahce Ulker,Gescrap Bilbao Basket,Away Win (73-70),70-73,No,21,26,15,6,22,21,12,20,,,Played,,"BELOSEVIC, ILIJA","ZAMOJSKI, JAKUB","SABETTA, ENRICO",Fenerbahce Ulker team victory,Fenerbahce Ulker defeated Gescrap Bilbao Basket 70-73 in Round 4 (Regular Season).,Euroleague Basketball Official API (api-live.euroleague.net / live.euroleague.net)
40,E2011_41,2011-12,2011,E2011,Regular Season,Regular Season,Round 4,2011-11-09,Wednesday,20:45,2011-11-09T19:45:00Z,Zagreb,Unicaja Malaga,Unicaja Malaga,Zagreb,MAL,ZAG,PALACIO DE LOS DEPORTES J.M. MARTIN CARPENA,"c/ Miguel Merida Nicolich 2, Malaga",10233,7350,99,85,184,14,Unicaja Malaga,Zagreb,Home Win (99-85),99-85,No,19,27,30,14,24,16,26,28,,,Played,,"JOVCIC, MILIVOJE","LOPES, LUIS","KOWALSKI, MARCIN",Unicaja Malaga team victory,Unicaja Malaga defeated Zagreb 99-85 in Round 4 (Regular Season).,Euroleague Basketball Official API (api-live.euroleague.net / live.euroleague.net)
41,E2011_48,2011-12,2011,E2011,Regular Season,Regular Season,Round 4,2011-11-09,Wednesday,20:45,2011-11-09T19:45:00Z,Unics Kazan,Asseco Prokom Gdynia,Asseco Prokom Gdynia,Unics Kazan,SOP,UNK,GDYNIA SPORTS ARENA,"ul. Kazimierza Górskiego 8, 81-302 Gdynia, Poland ",5000,2721,68,72,140,4,Unics Kazan,Asseco Prokom Gdynia,Away Win (72-68),68-72,No,12,17,18,12,16,16,22,27,,,Played,,"CEREBUCH, GUERRINO","ANKARALI, RECEP","LAURINAVICIUS, JURGIS",Unics Kazan team victory,Unics Kazan defeated Asseco Prokom Gdynia 68-72 in Round 4 (Regular Season).,Euroleague Basketball Official API (api-live.euroleague.net / live.euroleague.net)
42,E2011_42,2011-12,2011,E2011,Regular Season,Regular Season,Round 4,2011-11-10,Thursday,18:45,2011-11-10T17:45:00Z,Brose Baskets,Zalgiris Kaunas,Zalgiris Kaunas,Brose Baskets,ZAL,BAM,ZALGIRIO ARENA,"Karaliaus Mindaugo Av. 50, 44287 Kaunas",14502,12323,81,70,151,11,Zalgiris Kaunas,Brose Baskets,Home Win (81-70),81-70,No,28,21,18,22,14,10,21,17,,,Played,,"PEREZ, MIGUEL ANGEL","SHULGA, BORIS","KALPAKAS, APOSTOLOS",Zalgiris Kaunas team victory,Zalgiris Kaunas defeated Brose Baskets 81-70 in Round 4 (Regular Season).,Euroleague Basketball Official API (api-live.euroleague.net / live.euroleague.net)
43,E2011_44,2011-12,2011,E2011,Regular Season,Regular Season,Round 4,2011-11-10,Thursday,19:00,2011-11-10T18:00:00Z,Maccabi Electra Tel Aviv,Anadolu Efes Istanbul,Anadolu Efes Istanbul,Maccabi Electra Tel Aviv,IST,TEL,SINAN ERDEM DOME,,14868,8050,72,79,151,7,Maccabi Electra Tel Aviv,Anadolu Efes Istanbul,Away Win (79-72),72-79,No,13,14,22,24,18,21,19,20,,,Played,,"PUKL,SASA","LOTTERMOSER, ROBERT","KOROMILAS, ELIAS",Maccabi Electra Tel Aviv team victory,Maccabi Electra Tel Aviv defeated Anadolu Efes Istanbul 72-79 in Round 4 (Regular Season).,Euroleague Basketball Official API (api-live.euroleague.net / live.euroleague.net)
44,E2011_45,2011-12,2011,E2011,Regular Season,Regular Season,Round 4,2011-11-10,Thursday,20:30,2011-11-10T19:30:00Z,EA7 Emporio Armani,Belgacom Spirou Charleroi,Belgacom Spirou Charleroi,EA7 Emporio Armani,CHA,MIL,RTL SPIROUDOME,,6000,5000,76,81,157,5,EA7 Emporio Armani,Belgacom Spirou Charleroi,Away Win (81-76),76-81,No,11,14,23,16,24,23,18,28,,,Played,,"BULTO, VICENTE","ROCHA, FERNANDO","VOJINOVIC, RADOMIR",EA7 Emporio Armani team victory,EA7 Emporio Armani defeated Belgacom Spirou Charleroi 76-81 in Round 4 (Regular Season).,Euroleague Basketball Official API (api-live.euroleague.net / live.euroleague.net)
45,E2011_38,2011-12,2011,E2011,Regular Season,Regular Season,Round 4,2011-11-10,Thursday,20:45,2011-11-10T19:45:00Z,Caja Laboral,SLUC Nancy,SLUC Nancy,Caja Laboral,NAN,BAS,PALAIS DES SPORTS JEAN WEILLE,,6027,6027,90,85,175,5,SLUC Nancy,Caja Laboral,Home Win (90-85),90-85,No,28,20,21,27,21,17,20,21,,,Played,,"GKONTAS, SPIROS","LATISEVS, OLEGS","GELLER, RENAUD",SLUC Nancy team victory,SLUC Nancy defeated Caja Laboral 90-85 in Round 4 (Regular Season).,Euroleague Basketball Official API (api-live.euroleague.net / live.euroleague.net)
46,E2011_43,2011-12,2011,E2011,Regular Season,Regular Season,Round 4,2011-11-10,Thursday,20:45,2011-11-10T19:45:00Z,Real Madrid,Partizan mt:s Belgrade,Partizan mt:s Belgrade,Real Madrid,PAR,MAD,PIONIR,,6500,7020,80,79,159,1,Partizan mt:s Belgrade,Real Madrid,Home Win (80-79),80-79,No,22,16,23,24,12,21,23,18,,,Played,,"CHRISTODOULOU, CHRISTOS","RYZHYK, BORYS","MATTIOLI, GIANLUCA",Partizan mt:s Belgrade team victory,Partizan mt:s Belgrade defeated Real Madrid 80-79 in Round 4 (Regular Season).,Euroleague Basketball Official API (api-live.euroleague.net / live.euroleague.net)
47,E2011_47,2011-12,2011,E2011,Regular Season,Regular Season,Round 4,2011-11-10,Thursday,20:45,2011-11-10T19:45:00Z,Montepaschi Siena,FC Barcelona Regal,FC Barcelona Regal,Montepaschi Siena,BAR,SIE,PALAU BLAUGRANA,"Aristides Maillol Av S/N, 08028 Barcelona",7585,6926,92,75,167,17,FC Barcelona Regal,Montepaschi Siena,Home Win (92-75),92-75,No,24,12,16,16,23,22,29,25,,,Played,,"ZIEMBLICKI, GRZEGORZ","VIATOR, EDDIE","VOJINOVIC, MILIJA",FC Barcelona Regal team victory,FC Barcelona Regal defeated Montepaschi Siena 92-75 in Round 4 (Regular Season).,Euroleague Basketball Official API (api-live.euroleague.net / live.euroleague.net)
48,E2011_40,2011-12,2011,E2011,Regular Season,Regular Season,Round 4,2011-11-10,Thursday,21:00,2011-11-10T20:00:00Z,CSKA Moscow,Panathinaikos Athens,Panathinaikos Athens,CSKA Moscow,PAN,CSK,OAKA,"37 Kifisias Avenue, 15123 Marousi",18310,10874,76,78,154,2,CSKA Moscow,Panathinaikos Athens,Away Win (78-76),76-78,Yes (1 OT),22,19,19,13,16,22,14,17,5,7,Played,,"LAMONICA, LUIGI","BOLTAUZER, MATEJ","CHIARI, ROBERTO",CSKA Moscow team victory,CSKA Moscow defeated Panathinaikos Athens 76-78 in Round 4 (Regular Season).,Euroleague Basketball Official API (api-live.euroleague.net / live.euroleague.net)
49,E2011_54,2011-12,2011,E2011,Regular Season,Regular Season,Round 5,2011-11-16,Wednesday,17:15,2011-11-16T16:15:00Z,Unicaja Malaga,CSKA Moscow,CSKA Moscow,Unicaja Malaga,CSK,MAL,USH CSKA,"39 bld.3 Leningradskiy Prospect, Moscow, Russia",5113,4996,77,66,143,11,CSKA Moscow,Unicaja Malaga,Home Win (77-66),77-66,No,12,14,22,15,28,12,15,25,,,Played,,"BELOSEVIC, ILIJA","JASEVICIUS, TOMAS","FOUFIS, IOANNIS",CSKA Moscow team victory,CSKA Moscow defeated Unicaja Malaga 77-66 in Round 5 (Regular Season).,Euroleague Basketball Official API (api-live.euroleague.net / live.euroleague.net)
50,E2011_49,2011-12,2011,E2011,Regular Season,Regular Season,Round 5,2011-11-16,Wednesday,19:15,2011-11-16T18:15:00Z,Bennet Cantu,Fenerbahce Ulker,Fenerbahce Ulker,Bennet Cantu,ULK,CTU,SINAN ERDEM DOME,,14868,8355,85,83,168,2,Fenerbahce Ulker,Bennet Cantu,Home Win (85-83),85-83,Yes (1 OT),17,19,15,16,24,17,17,21,12,10,Played,,"GARCIA, JOSE RAMON","VIATOR, EDDIE","REITER, MORITZ",Fenerbahce Ulker team victory,Fenerbahce Ulker defeated Bennet Cantu 85-83 in Round 5 (Regular Season).,Euroleague Basketball Official API (api-live.euroleague.net / live.euroleague.net)
51,E2011_50,2011-12,2011,E2011,Regular Season,Regular Season,Round 5,2011-11-16,Wednesday,20:30,2011-11-16T19:30:00Z,Gescrap Bilbao Basket,Caja Laboral,Caja Laboral,Gescrap Bilbao Basket,BAS,BIL,IRADIER ARENA,,8190,8460,84,89,173,5,Gescrap Bilbao Basket,Caja Laboral,Away Win (89-84),84-89,No,17,25,19,16,26,25,22,23,,,Played,,"CEREBUCH, GUERRINO","VOJINOVIC, MILIJA","ANASTOPOULOS, PANAGIOTIS",Gescrap Bilbao Basket team victory,Gescrap Bilbao Basket defeated Caja Laboral 84-89 in Round 5 (Regular Season).,Euroleague Basketball Official API (api-live.euroleague.net / live.euroleague.net)
52,E2011_53,2011-12,2011,E2011,Regular Season,Regular Season,Round 5,2011-11-16,Wednesday,20:45,2011-11-16T19:45:00Z,Zalgiris Kaunas,Zagreb,Zagreb,Zalgiris Kaunas,ZAG,ZAL,ARENA ZAGREB,,16200,3897,80,78,158,2,Zagreb,Zalgiris Kaunas,Home Win (80-78),80-78,No,21,20,19,16,17,24,23,18,,,Played,,"BULTO, VICENTE","SHEMMESH, SEFFI","KOROMILAS, ELIAS",Zagreb team victory,Zagreb defeated Zalgiris Kaunas 80-78 in Round 5 (Regular Season).,Euroleague Basketball Official API (api-live.euroleague.net / live.euroleague.net)
53,E2011_51,2011-12,2011,E2011,Regular Season,Regular Season,Round 5,2011-11-16,Wednesday,21:00,2011-11-16T20:00:00Z,SLUC Nancy,Olympiacos Piraeus,Olympiacos Piraeus,SLUC Nancy,OLY,NAN,PEACE AND FRIENDSHIP STADIUM,"Ethnarchou Makariou Av., Piraeus",11039,3500,91,78,169,13,Olympiacos Piraeus,SLUC Nancy,Home Win (91-78),91-78,No,30,22,10,14,27,16,24,26,,,Played,,"MARTIN, JOSE","CMIKIEWICZ, MAREK","RUTESIC, ZDRAVKO",Olympiacos Piraeus team victory,Olympiacos Piraeus defeated SLUC Nancy 91-78 in Round 5 (Regular Season).,Euroleague Basketball Official API (api-live.euroleague.net / live.euroleague.net)
54,E2011_58,2011-12,2011,E2011,Regular Season,Regular Season,Round 5,2011-11-17,Thursday,17:00,2011-11-17T16:00:00Z,Union Olimpija Ljubljana,Unics Kazan,Unics Kazan,Union Olimpija Ljubljana,UNK,LJU,BASKET HALL KAZAN,"Spartakovskaya Street 1, 420107 Kazan",7500,3984,81,51,132,30,Unics Kazan,Union Olimpija Ljubljana,Home Win (81-51),81-51,No,18,20,21,14,22,5,20,12,,,Played,,"RYZHYK, BORYS","DOZAI, SRDAN","KRAUSE, OLIVER",Unics Kazan team victory,Unics Kazan defeated Union Olimpija Ljubljana 81-51 in Round 5 (Regular Season).,Euroleague Basketball Official API (api-live.euroleague.net / live.euroleague.net)
55,E2011_60,2011-12,2011,E2011,Regular Season,Regular Season,Round 5,2011-11-17,Thursday,19:00,2011-11-17T18:00:00Z,FC Barcelona Regal,Galatasaray Medical Park,Galatasaray Medical Park,FC Barcelona Regal,GAL,BAR,ABDI IPEKCI SPORTS HALL,"10, Yil Caddesi Zeytinburnu, 34760 Istanbul",10500,11300,66,70,136,4,FC Barcelona Regal,Galatasaray Medical Park,Away Win (70-66),66-70,No,19,19,10,25,19,17,18,9,,,Played,,"PUKL,SASA","LOTTERMOSER, ROBERT","SHULGA, BORIS",FC Barcelona Regal team victory,FC Barcelona Regal defeated Galatasaray Medical Park 66-70 in Round 5 (Regular Season).,Euroleague Basketball Official API (api-live.euroleague.net / live.euroleague.net)
56,E2011_56,2011-12,2011,E2011,Regular Season,Regular Season,Round 5,2011-11-17,Thursday,20:00,2011-11-17T19:00:00Z,Belgacom Spirou Charleroi,Maccabi Electra Tel Aviv,Maccabi Electra Tel Aviv,Belgacom Spirou Charleroi,TEL,CHA,NOKIA ARENA,,11060,11060,69,59,128,10,Maccabi Electra Tel Aviv,Belgacom Spirou Charleroi,Home Win (69-59),69-59,No,22,11,13,24,15,19,19,5,,,Played,,"TAURINO, PAOLO","HERCEG, SINISA","CHIARI, ROBERTO",Maccabi Electra Tel Aviv team victory,Maccabi Electra Tel Aviv defeated Belgacom Spirou Charleroi 69-59 in Round 5 (Regular Season).,Euroleague Basketball Official API (api-live.euroleague.net / live.euroleague.net)
57,E2011_59,2011-12,2011,E2011,Regular Season,Regular Season,Round 5,2011-11-17,Thursday,20:00,2011-11-17T19:00:00Z,Asseco Prokom Gdynia,Montepaschi Siena,Montepaschi Siena,Asseco Prokom Gdynia,SIE,SOP,PALAESTRA,,6000,4693,84,73,157,11,Montepaschi Siena,Asseco Prokom Gdynia,Home Win (84-73),84-73,No,16,15,16,16,33,20,19,22,,,Played,,"GARCIA, JUAN CARLOS","MAESTRE, NICOLA","NURAN, RUSTU",Montepaschi Siena team victory,Montepaschi Siena defeated Asseco Prokom Gdynia 84-73 in Round 5 (Regular Season).,Euroleague Basketball Official API (api-live.euroleague.net / live.euroleague.net)
58,E2011_52,2011-12,2011,E2011,Regular Season,Regular Season,Round 5,2011-11-17,Thursday,20:45,2011-11-17T19:45:00Z,Panathinaikos Athens,Brose Baskets,Brose Baskets,Panathinaikos Athens,BAM,PAN,STECHERT ARENA,,6800,5800,79,76,155,3,Brose Baskets,Panathinaikos Athens,Home Win (79-76),79-76,No,16,19,21,21,23,19,19,17,,,Played,,"JUNGEBRAND, CARL","SAHIN, TOLGA","LATISEVS, OLEGS",Brose Baskets team victory,Brose Baskets defeated Panathinaikos Athens 79-76 in Round 5 (Regular Season).,Euroleague Basketball Official API (api-live.euroleague.net / live.euroleague.net)
59,E2011_55,2011-12,2011,E2011,Regular Season,Regular Season,Round 5,2011-11-17,Thursday,20:45,2011-11-17T19:45:00Z,Partizan mt:s Belgrade,EA7 Emporio Armani,EA7 Emporio Armani,Partizan mt:s Belgrade,MIL,PAR,MEDIOLANUM FORUM ,"Via G. Di Vittorio 6, 20090 Assago",11200,4463,65,69,134,4,Partizan mt:s Belgrade,EA7 Emporio Armani,Away Win (69-65),65-69,No,12,14,19,5,25,20,9,30,,,Played,,"PEREZ, EMILIO","ZAMOJSKI, JAKUB","PILOIDIS, ANASTASIOS",Partizan mt:s Belgrade team victory,Partizan mt:s Belgrade defeated EA7 Emporio Armani 65-69 in Round 5 (Regular Season).,Euroleague Basketball Official API (api-live.euroleague.net / live.euroleague.net)
60,E2011_57,2011-12,2011,E2011,Regular Season,Regular Season,Round 5,2011-11-17,Thursday,20:45,2011-11-17T19:45:00Z,Anadolu Efes Istanbul,Real Madrid,Real Madrid,Anadolu Efes Istanbul,MAD,IST,MADRID CAJA MAGICA,,12442,11721,104,84,188,20,Real Madrid,Anadolu Efes Istanbul,Home Win (104-84),104-84,No,24,18,26,18,31,26,23,22,,,Played,,"LAMONICA, LUIGI","BOLTAUZER, MATEJ","MANTYLA, PETRI",Real Madrid team victory,Real Madrid defeated Anadolu Efes Istanbul 104-84 in Round 5 (Regular Season).,Euroleague Basketball Official API (api-live.euroleague.net / live.euroleague.net)
61,E2011_65,2011-12,2011,E2011,Regular Season,Regular Season,Round 6,2011-11-23,Wednesday,17:15,2011-11-23T16:15:00Z,Zalgiris Kaunas,CSKA Moscow,CSKA Moscow,Zalgiris Kaunas,CSK,ZAL,USH CSKA,"39 bld.3 Leningradskiy Prospect, Moscow, Russia",5113,4458,95,82,177,13,CSKA Moscow,Zalgiris Kaunas,Home Win (95-82),95-82,No,24,25,27,20,22,21,22,16,,,Played,,"PUKL,SASA","LOTTERMOSER, ROBERT","KOWALSKI, MARCIN",CSKA Moscow team victory,CSKA Moscow defeated Zalgiris Kaunas 95-82 in Round 6 (Regular Season).,Euroleague Basketball Official API (api-live.euroleague.net / live.euroleague.net)
62,E2011_62,2011-12,2011,E2011,Regular Season,Regular Season,Round 6,2011-11-23,Wednesday,18:00,2011-11-23T17:00:00Z,Gescrap Bilbao Basket,Olympiacos Piraeus,Olympiacos Piraeus,Gescrap Bilbao Basket,OLY,BIL,PEACE AND FRIENDSHIP STADIUM,"Ethnarchou Makariou Av., Piraeus",11039,3000,88,81,169,7,Olympiacos Piraeus,Gescrap Bilbao Basket,Home Win (88-81),88-81,No,27,24,18,18,15,19,28,20,,,Played,,"LAMONICA, LUIGI","VIATOR, EDDIE","VOJINOVIC, RADOMIR",Olympiacos Piraeus team victory,Olympiacos Piraeus defeated Gescrap Bilbao Basket 88-81 in Round 6 (Regular Season).,Euroleague Basketball Official API (api-live.euroleague.net / live.euroleague.net)
63,E2011_67,2011-12,2011,E2011,Regular Season,Regular Season,Round 6,2011-11-23,Wednesday,19:00,2011-11-23T18:00:00Z,Partizan mt:s Belgrade,Anadolu Efes Istanbul,Anadolu Efes Istanbul,Partizan mt:s Belgrade,IST,PAR,SINAN ERDEM DOME,,14868,11200,67,58,125,9,Anadolu Efes Istanbul,Partizan mt:s Belgrade,Home Win (67-58),67-58,No,15,17,15,11,19,8,18,22,,,Played,,"GARCIA, JUAN CARLOS","TAURINO, PAOLO","SHULGA, BORIS",Anadolu Efes Istanbul team victory,Anadolu Efes Istanbul defeated Partizan mt:s Belgrade 67-58 in Round 6 (Regular Season).,Euroleague Basketball Official API (api-live.euroleague.net / live.euroleague.net)
64,E2011_72,2011-12,2011,E2011,Regular Season,Regular Season,Round 6,2011-11-23,Wednesday,20:45,2011-11-23T19:45:00Z,Unics Kazan,Montepaschi Siena,Montepaschi Siena,Unics Kazan,SIE,UNK,PALAESTRA,,6000,4868,73,79,152,6,Unics Kazan,Montepaschi Siena,Away Win (79-73),73-79,No,16,21,25,20,20,16,12,22,,,Played,,"GARCIA, JOSE RAMON","CONDE, ANTONIO","JURAS, MARKO",Unics Kazan team victory,Unics Kazan defeated Montepaschi Siena 73-79 in Round 6 (Regular Season).,Euroleague Basketball Official API (api-live.euroleague.net / live.euroleague.net)
65,E2011_68,2011-12,2011,E2011,Regular Season,Regular Season,Round 6,2011-11-24,Thursday,19:00,2011-11-24T18:00:00Z,Belgacom Spirou Charleroi,Real Madrid,Real Madrid,Belgacom Spirou Charleroi,MAD,CHA,MADRID CAJA MAGICA,,12442,8147,93,89,182,4,Real Madrid,Belgacom Spirou Charleroi,Home Win (93-89),93-89,No,21,27,27,19,22,23,23,20,,,Played,,"RADOVIC, SRETEN","KALPAKAS, APOSTOLOS","LOPES, LUIS",Real Madrid team victory,Real Madrid defeated Belgacom Spirou Charleroi 93-89 in Round 6 (Regular Season).,Euroleague Basketball Official API (api-live.euroleague.net / live.euroleague.net)
66,E2011_71,2011-12,2011,E2011,Regular Season,Regular Season,Round 6,2011-11-24,Thursday,19:00,2011-11-24T18:00:00Z,Asseco Prokom Gdynia,Galatasaray Medical Park,Galatasaray Medical Park,Asseco Prokom Gdynia,GAL,SOP,ABDI IPEKCI SPORTS HALL,"10, Yil Caddesi Zeytinburnu, 34760 Istanbul",10500,4585,78,76,154,2,Galatasaray Medical Park,Asseco Prokom Gdynia,Home Win (78-76),78-76,Yes (1 OT),12,14,22,17,12,26,24,13,8,6,Played,,"HIERREZUELO, DANIEL","HERCEG, SINISA","MIKHAYLOV, SERGEY",Galatasaray Medical Park team victory,Galatasaray Medical Park defeated Asseco Prokom Gdynia 78-76 in Round 6 (Regular Season).,Euroleague Basketball Official API (api-live.euroleague.net / live.euroleague.net)
67,E2011_69,2011-12,2011,E2011,Regular Season,Regular Season,Round 6,2011-11-24,Thursday,20:00,2011-11-24T19:00:00Z,EA7 Emporio Armani,Maccabi Electra Tel Aviv,Maccabi Electra Tel Aviv,EA7 Emporio Armani,TEL,MIL,NOKIA ARENA,,11060,11060,85,76,161,9,Maccabi Electra Tel Aviv,EA7 Emporio Armani,Home Win (85-76),85-76,No,25,14,27,24,15,24,18,14,,,Played,,"CHRISTODOULOU, CHRISTOS","BOLTAUZER, MATEJ","KRAUSE, OLIVER",Maccabi Electra Tel Aviv team victory,Maccabi Electra Tel Aviv defeated EA7 Emporio Armani 85-76 in Round 6 (Regular Season).,Euroleague Basketball Official API (api-live.euroleague.net / live.euroleague.net)
68,E2011_61,2011-12,2011,E2011,Regular Season,Regular Season,Round 6,2011-11-24,Thursday,20:45,2011-11-24T19:45:00Z,Bennet Cantu,SLUC Nancy,SLUC Nancy,Bennet Cantu,NAN,CTU,PALAIS DES SPORTS JEAN WEILLE,,6027,5750,76,75,151,1,SLUC Nancy,Bennet Cantu,Home Win (76-75),76-75,No,16,20,29,13,11,29,20,13,,,Played,,"ROCHA, FERNANDO","JOVCIC, MILIVOJE","LAURINAVICIUS, JURGIS",SLUC Nancy team victory,SLUC Nancy defeated Bennet Cantu 76-75 in Round 6 (Regular Season).,Euroleague Basketball Official API (api-live.euroleague.net / live.euroleague.net)
69,E2011_63,2011-12,2011,E2011,Regular Season,Regular Season,Round 6,2011-11-24,Thursday,20:45,2011-11-24T19:45:00Z,Fenerbahce Ulker,Caja Laboral,Caja Laboral,Fenerbahce Ulker,BAS,ULK,IRADIER ARENA,,8190,8144,90,85,175,5,Caja Laboral,Fenerbahce Ulker,Home Win (90-85),90-85,Yes (1 OT),16,14,22,28,16,18,19,13,17,12,Played,,"JUNGEBRAND, CARL","RYZHYK, BORYS","MAESTRE, NICOLA",Caja Laboral team victory,Caja Laboral defeated Fenerbahce Ulker 90-85 in Round 6 (Regular Season).,Euroleague Basketball Official API (api-live.euroleague.net / live.euroleague.net)
70,E2011_64,2011-12,2011,E2011,Regular Season,Regular Season,Round 6,2011-11-24,Thursday,20:45,2011-11-24T19:45:00Z,Panathinaikos Athens,Unicaja Malaga,Unicaja Malaga,Panathinaikos Athens,MAL,PAN,PALACIO DE LOS DEPORTES J.M. MARTIN CARPENA,"c/ Miguel Merida Nicolich 2, Malaga",10233,9000,76,77,153,1,Panathinaikos Athens,Unicaja Malaga,Away Win (77-76),76-77,No,17,27,26,18,14,13,19,19,,,Played,,"CEREBUCH, GUERRINO","DOZAI, SRDAN","TRAWICKI, TOMASZ",Panathinaikos Athens team victory,Panathinaikos Athens defeated Unicaja Malaga 76-77 in Round 6 (Regular Season).,Euroleague Basketball Official API (api-live.euroleague.net / live.euroleague.net)
71,E2011_70,2011-12,2011,E2011,Regular Season,Regular Season,Round 6,2011-11-24,Thursday,20:45,2011-11-24T19:45:00Z,Union Olimpija Ljubljana,FC Barcelona Regal,FC Barcelona Regal,Union Olimpija Ljubljana,BAR,LJU,PALAU BLAUGRANA,"Aristides Maillol Av S/N, 08028 Barcelona",7585,4455,72,46,118,26,FC Barcelona Regal,Union Olimpija Ljubljana,Home Win (72-46),72-46,No,23,16,17,10,23,6,9,14,,,Played,,"ANKARALI, RECEP","RUTESIC, ZDRAVKO","SILVA, SERGIO",FC Barcelona Regal team victory,FC Barcelona Regal defeated Union Olimpija Ljubljana 72-46 in Round 6 (Regular Season).,Euroleague Basketball Official API (api-live.euroleague.net / live.euroleague.net)
72,E2011_66,2011-12,2011,E2011,Regular Season,Regular Season,Round 6,2011-11-24,Thursday,21:00,2011-11-24T20:00:00Z,Brose Baskets,Zagreb,Zagreb,Brose Baskets,ZAG,BAM,ARENA ZAGREB,,16200,4704,86,74,160,12,Zagreb,Brose Baskets,Home Win (86-74),86-74,No,21,20,15,14,26,24,24,16,,,Played,,"PEREZ, EMILIO","VOJINOVIC, MILIJA","CHEBYSHEV, SERGIY",Zagreb team victory,Zagreb defeated Brose Baskets 86-74 in Round 6 (Regular Season).,Euroleague Basketball Official API (api-live.euroleague.net / live.euroleague.net)
73,E2011_78,2011-12,2011,E2011,Regular Season,Regular Season,Round 7,2011-11-30,Wednesday,18:45,2011-11-30T17:45:00Z,Unicaja Malaga,Zalgiris Kaunas,Zalgiris Kaunas,Unicaja Malaga,ZAL,MAL,ZALGIRIO ARENA,"Karaliaus Mindaugo Av. 50, 44287 Kaunas",14502,12415,67,65,132,2,Zalgiris Kaunas,Unicaja Malaga,Home Win (67-65),67-65,No,19,11,16,13,15,18,17,23,,,Played,,"MUHVIC, DUBRAVKO","CMIKIEWICZ, MAREK","ANASTOPOULOS, PANAGIOTIS",Zalgiris Kaunas team victory,Zalgiris Kaunas defeated Unicaja Malaga 67-65 in Round 7 (Regular Season).,Euroleague Basketball Official API (api-live.euroleague.net / live.euroleague.net)
74,E2011_81,2011-12,2011,E2011,Regular Season,Regular Season,Round 7,2011-11-30,Wednesday,20:30,2011-11-30T19:30:00Z,Anadolu Efes Istanbul,Belgacom Spirou Charleroi,Belgacom Spirou Charleroi,Anadolu Efes Istanbul,CHA,IST,RTL SPIROUDOME,,6000,5000,62,66,128,4,Anadolu Efes Istanbul,Belgacom Spirou Charleroi,Away Win (66-62),62-66,No,14,18,8,19,21,15,19,14,,,Played,,"HIERREZUELO, DANIEL","JASEVICIUS, TOMAS","JURAS, MARKO",Anadolu Efes Istanbul team victory,Anadolu Efes Istanbul defeated Belgacom Spirou Charleroi 62-66 in Round 7 (Regular Season).,Euroleague Basketball Official API (api-live.euroleague.net / live.euroleague.net)
75,E2011_77,2011-12,2011,E2011,Regular Season,Regular Season,Round 7,2011-11-30,Wednesday,20:45,2011-11-30T19:45:00Z,CSKA Moscow,Brose Baskets,Brose Baskets,CSKA Moscow,BAM,CSK,STECHERT ARENA,,6800,5800,78,81,159,3,CSKA Moscow,Brose Baskets,Away Win (81-78),78-81,No,18,25,19,19,25,23,16,14,,,Played,,"GARCIA, JOSE RAMON","ZAMOJSKI, JAKUB","CONDE, ANTONIO",CSKA Moscow team victory,CSKA Moscow defeated Brose Baskets 78-81 in Round 7 (Regular Season).,Euroleague Basketball Official API (api-live.euroleague.net / live.euroleague.net)
76,E2011_75,2011-12,2011,E2011,Regular Season,Regular Season,Round 7,2011-11-30,Wednesday,21:00,2011-11-30T20:00:00Z,SLUC Nancy,Gescrap Bilbao Basket,Gescrap Bilbao Basket,SLUC Nancy,BIL,NAN,BILBAO ARENA,"Avenida Askatasuna 13, 48013 Bilbao",8800,7460,97,75,172,22,Gescrap Bilbao Basket,SLUC Nancy,Home Win (97-75),97-75,No,22,22,18,17,29,23,28,13,,,Played,,"LOTTERMOSER, ROBERT","DOZAI, SRDAN","LUCIS, OSKARS",Gescrap Bilbao Basket team victory,Gescrap Bilbao Basket defeated SLUC Nancy 97-75 in Round 7 (Regular Season).,Euroleague Basketball Official API (api-live.euroleague.net / live.euroleague.net)
77,E2011_76,2011-12,2011,E2011,Regular Season,Regular Season,Round 7,2011-11-30,Wednesday,21:00,2011-11-30T20:00:00Z,Zagreb,Panathinaikos Athens,Panathinaikos Athens,Zagreb,PAN,ZAG,OAKA,"37 Kifisias Avenue, 15123 Marousi",18310,4797,94,76,170,18,Panathinaikos Athens,Zagreb,Home Win (94-76),94-76,No,24,22,24,27,23,13,23,14,,,Played,,"ANKARALI, RECEP","KRAUSE, OLIVER","MILOJEVIC, ALEKSANDAR",Panathinaikos Athens team victory,Panathinaikos Athens defeated Zagreb 94-76 in Round 7 (Regular Season).,Euroleague Basketball Official API (api-live.euroleague.net / live.euroleague.net)
78,E2011_83,2011-12,2011,E2011,Regular Season,Regular Season,Round 7,2011-12-01,Thursday,16:00,2011-12-01T15:00:00Z,Galatasaray Medical Park,Unics Kazan,Unics Kazan,Galatasaray Medical Park,UNK,GAL,BASKET HALL KAZAN,"Spartakovskaya Street 1, 420107 Kazan",7500,3960,72,61,133,11,Unics Kazan,Galatasaray Medical Park,Home Win (72-61),72-61,No,21,23,14,11,22,15,15,12,,,Played,,"BELOSEVIC, ILIJA","VIATOR, EDDIE","JAVOR, DAMIR",Unics Kazan team victory,Unics Kazan defeated Galatasaray Medical Park 72-61 in Round 7 (Regular Season).,Euroleague Basketball Official API (api-live.euroleague.net / live.euroleague.net)
79,E2011_74,2011-12,2011,E2011,Regular Season,Regular Season,Round 7,2011-12-01,Thursday,19:00,2011-12-01T18:00:00Z,Olympiacos Piraeus,Fenerbahce Ulker,Fenerbahce Ulker,Olympiacos Piraeus,ULK,OLY,SINAN ERDEM DOME,,14868,14680,86,70,156,16,Fenerbahce Ulker,Olympiacos Piraeus,Home Win (86-70),86-70,No,16,17,26,19,17,20,27,14,,,Played,,"CEREBUCH, GUERRINO","PEREZ, MIGUEL ANGEL","BULTO, VICENTE",Fenerbahce Ulker team victory,Fenerbahce Ulker defeated Olympiacos Piraeus 86-70 in Round 7 (Regular Season).,Euroleague Basketball Official API (api-live.euroleague.net / live.euroleague.net)
80,E2011_82,2011-12,2011,E2011,Regular Season,Regular Season,Round 7,2011-12-01,Thursday,19:00,2011-12-01T18:00:00Z,Montepaschi Siena,Union Olimpija Ljubljana,Union Olimpija Ljubljana,Montepaschi Siena,LJU,SIE,ARENA STOZICE,"Vojkova Cesta 100, 1000 Ljubljana, Slovenia",12500,5949,57,63,120,6,Montepaschi Siena,Union Olimpija Ljubljana,Away Win (63-57),57-63,No,15,21,18,16,16,16,8,10,,,Played,,"RADOVIC, SRETEN","CIULIN, MARIUS","CHEBYSHEV, SERGIY",Montepaschi Siena team victory,Montepaschi Siena defeated Union Olimpija Ljubljana 57-63 in Round 7 (Regular Season).,Euroleague Basketball Official API (api-live.euroleague.net / live.euroleague.net)
81,E2011_73,2011-12,2011,E2011,Regular Season,Regular Season,Round 7,2011-12-01,Thursday,20:45,2011-12-01T19:45:00Z,Caja Laboral,Bennet Cantu,Bennet Cantu,Caja Laboral,CTU,BAS,PALADESIO,,6200,6004,71,68,139,3,Bennet Cantu,Caja Laboral,Home Win (71-68),71-68,No,12,21,23,9,17,6,19,32,,,Played,,"CHRISTODOULOU, CHRISTOS","BOLTAUZER, MATEJ","LOPES, LUIS",Bennet Cantu team victory,Bennet Cantu defeated Caja Laboral 71-68 in Round 7 (Regular Season).,Euroleague Basketball Official API (api-live.euroleague.net / live.euroleague.net)
82,E2011_79,2011-12,2011,E2011,Regular Season,Regular Season,Round 7,2011-12-01,Thursday,20:45,2011-12-01T19:45:00Z,Maccabi Electra Tel Aviv,Partizan mt:s Belgrade,Partizan mt:s Belgrade,Maccabi Electra Tel Aviv,PAR,TEL,PIONIR,,6500,7036,74,71,145,3,Partizan mt:s Belgrade,Maccabi Electra Tel Aviv,Home Win (74-71),74-71,No,24,17,15,20,15,11,20,23,,,Played,,"JUNGEBRAND, CARL","RYZHYK, BORYS","MAESTRE, NICOLA",Partizan mt:s Belgrade team victory,Partizan mt:s Belgrade defeated Maccabi Electra Tel Aviv 74-71 in Round 7 (Regular Season).,Euroleague Basketball Official API (api-live.euroleague.net / live.euroleague.net)
83,E2011_80,2011-12,2011,E2011,Regular Season,Regular Season,Round 7,2011-12-01,Thursday,20:45,2011-12-01T19:45:00Z,Real Madrid,EA7 Emporio Armani,EA7 Emporio Armani,Real Madrid,MIL,MAD,MEDIOLANUM FORUM ,"Via G. Di Vittorio 6, 20090 Assago",11200,4517,65,72,137,7,Real Madrid,EA7 Emporio Armani,Away Win (72-65),65-72,No,15,20,15,16,17,17,18,19,,,Played,,"ZIEMBLICKI, GRZEGORZ","JOVCIC, MILIVOJE","VOJINOVIC, MILIJA",Real Madrid team victory,Real Madrid defeated EA7 Emporio Armani 65-72 in Round 7 (Regular Season).,Euroleague Basketball Official API (api-live.euroleague.net / live.euroleague.net)
84,E2011_84,2011-12,2011,E2011,Regular Season,Regular Season,Round 7,2011-12-01,Thursday,20:45,2011-12-01T19:45:00Z,FC Barcelona Regal,Asseco Prokom Gdynia,Asseco Prokom Gdynia,FC Barcelona Regal,SOP,BAR,GDYNIA SPORTS ARENA,"ul. Kazimierza Górskiego 8, 81-302 Gdynia, Poland ",5000,4950,45,76,121,31,FC Barcelona Regal,Asseco Prokom Gdynia,Away Win (76-45),45-76,No,14,14,12,22,4,23,15,17,,,Played,,"ROCHA, FERNANDO","GKONTAS, SPIROS","MANTYLA, PETRI",FC Barcelona Regal team victory,FC Barcelona Regal defeated Asseco Prokom Gdynia 45-76 in Round 7 (Regular Season).,Euroleague Basketball Official API (api-live.euroleague.net / live.euroleague.net)
85,E2011_90,2011-12,2011,E2011,Regular Season,Regular Season,Round 8,2011-12-07,Wednesday,17:15,2011-12-07T16:15:00Z,Zagreb,CSKA Moscow,CSKA Moscow,Zagreb,CSK,ZAG,USH CSKA,"39 bld.3 Leningradskiy Prospect, Moscow, Russia",5113,4100,87,74,161,13,CSKA Moscow,Zagreb,Home Win (87-74),87-74,No,18,23,25,11,17,24,27,16,,,Played,,"ZIEMBLICKI, GRZEGORZ","JAVOR, DAMIR","SHEMMESH, SEFFI",CSKA Moscow team victory,CSKA Moscow defeated Zagreb 87-74 in Round 8 (Regular Season).,Euroleague Basketball Official API (api-live.euroleague.net / live.euroleague.net)
86,E2011_88,2011-12,2011,E2011,Regular Season,Regular Season,Round 8,2011-12-07,Wednesday,18:45,2011-12-07T17:45:00Z,Panathinaikos Athens,Zalgiris Kaunas,Zalgiris Kaunas,Panathinaikos Athens,ZAL,PAN,ZALGIRIO ARENA,"Karaliaus Mindaugo Av. 50, 44287 Kaunas",14502,14212,59,94,153,35,Panathinaikos Athens,Zalgiris Kaunas,Away Win (94-59),59-94,No,14,15,5,26,19,24,21,29,,,Played,,"HIERREZUELO, DANIEL","RADOVIC, SRETEN","MANTYLA, PETRI",Panathinaikos Athens team victory,Panathinaikos Athens defeated Zalgiris Kaunas 59-94 in Round 8 (Regular Season).,Euroleague Basketball Official API (api-live.euroleague.net / live.euroleague.net)
87,E2011_92,2011-12,2011,E2011,Regular Season,Regular Season,Round 8,2011-12-07,Wednesday,19:00,2011-12-07T18:00:00Z,EA7 Emporio Armani,Anadolu Efes Istanbul,Anadolu Efes Istanbul,EA7 Emporio Armani,IST,MIL,SINAN ERDEM DOME,,14868,6200,84,70,154,14,Anadolu Efes Istanbul,EA7 Emporio Armani,Home Win (84-70),84-70,No,22,13,23,14,21,25,18,18,,,Played,,"BELOSEVIC, ILIJA","CONDE, ANTONIO","ANASTOPOULOS, PANAGIOTIS",Anadolu Efes Istanbul team victory,Anadolu Efes Istanbul defeated EA7 Emporio Armani 84-70 in Round 8 (Regular Season).,Euroleague Basketball Official API (api-live.euroleague.net / live.euroleague.net)
88,E2011_85,2011-12,2011,E2011,Regular Season,Regular Season,Round 8,2011-12-07,Wednesday,20:30,2011-12-07T19:30:00Z,Bennet Cantu,Gescrap Bilbao Basket,Gescrap Bilbao Basket,Bennet Cantu,BIL,CTU,BILBAO ARENA,"Avenida Askatasuna 13, 48013 Bilbao",8800,8169,64,67,131,3,Bennet Cantu,Gescrap Bilbao Basket,Away Win (67-64),64-67,No,14,17,13,23,20,14,17,13,,,Played,,"JUNGEBRAND, CARL","HERCEG, SINISA","GELLER, RENAUD",Bennet Cantu team victory,Bennet Cantu defeated Gescrap Bilbao Basket 64-67 in Round 8 (Regular Season).,Euroleague Basketball Official API (api-live.euroleague.net / live.euroleague.net)
89,E2011_94,2011-12,2011,E2011,Regular Season,Regular Season,Round 8,2011-12-07,Wednesday,20:45,2011-12-07T19:45:00Z,Union Olimpija Ljubljana,Asseco Prokom Gdynia,Asseco Prokom Gdynia,Union Olimpija Ljubljana,SOP,LJU,GDYNIA SPORTS ARENA,"ul. Kazimierza Górskiego 8, 81-302 Gdynia, Poland ",5000,2700,67,52,119,15,Asseco Prokom Gdynia,Union Olimpija Ljubljana,Home Win (67-52),67-52,No,13,15,14,15,23,3,17,19,,,Played,,"MUHVIC, DUBRAVKO","KALPAKAS, APOSTOLOS","CHIARI, ROBERTO",Asseco Prokom Gdynia team victory,Asseco Prokom Gdynia defeated Union Olimpija Ljubljana 67-52 in Round 8 (Regular Season).,Euroleague Basketball Official API (api-live.euroleague.net / live.euroleague.net)
90,E2011_86,2011-12,2011,E2011,Regular Season,Regular Season,Round 8,2011-12-07,Wednesday,21:00,2011-12-07T20:00:00Z,Fenerbahce Ulker,SLUC Nancy,SLUC Nancy,Fenerbahce Ulker,NAN,ULK,PALAIS DES SPORTS JEAN WEILLE,,6027,6027,53,73,126,20,Fenerbahce Ulker,SLUC Nancy,Away Win (73-53),53-73,No,15,22,10,10,15,17,13,24,,,Played,,"TAURINO, PAOLO","BOLTAUZER, MATEJ","GARCIA, JUAN CARLOS",Fenerbahce Ulker team victory,Fenerbahce Ulker defeated SLUC Nancy 53-73 in Round 8 (Regular Season).,Euroleague Basketball Official API (api-live.euroleague.net / live.euroleague.net)
91,E2011_89,2011-12,2011,E2011,Regular Season,Regular Season,Round 8,2011-12-08,Thursday,19:00,2011-12-08T18:00:00Z,Brose Baskets,Unicaja Malaga,Unicaja Malaga,Brose Baskets,MAL,BAM,PALACIO DE LOS DEPORTES J.M. MARTIN CARPENA,"c/ Miguel Merida Nicolich 2, Malaga",10233,9000,79,90,169,11,Brose Baskets,Unicaja Malaga,Away Win (90-79),79-90,No,23,24,17,22,21,21,18,23,,,Played,,"LAMONICA, LUIGI","GKONTAS, SPIROS","SILVA, SERGIO",Brose Baskets team victory,Brose Baskets defeated Unicaja Malaga 79-90 in Round 8 (Regular Season).,Euroleague Basketball Official API (api-live.euroleague.net / live.euroleague.net)
92,E2011_96,2011-12,2011,E2011,Regular Season,Regular Season,Round 8,2011-12-08,Thursday,19:00,2011-12-08T18:00:00Z,Montepaschi Siena,Galatasaray Medical Park,Galatasaray Medical Park,Montepaschi Siena,GAL,SIE,ABDI IPEKCI SPORTS HALL,"10, Yil Caddesi Zeytinburnu, 34760 Istanbul",10500,11300,63,67,130,4,Montepaschi Siena,Galatasaray Medical Park,Away Win (67-63),63-67,No,18,19,15,13,10,18,20,17,,,Played,,"ARTEAGA, JUAN CARLOS","RYZHYK, BORYS","PILOIDIS, ANASTASIOS",Montepaschi Siena team victory,Montepaschi Siena defeated Galatasaray Medical Park 63-67 in Round 8 (Regular Season).,Euroleague Basketball Official API (api-live.euroleague.net / live.euroleague.net)
93,E2011_91,2011-12,2011,E2011,Regular Season,Regular Season,Round 8,2011-12-08,Thursday,20:30,2011-12-08T19:30:00Z,Partizan mt:s Belgrade,Belgacom Spirou Charleroi,Belgacom Spirou Charleroi,Partizan mt:s Belgrade,CHA,PAR,RTL SPIROUDOME,,6000,5000,84,79,163,5,Belgacom Spirou Charleroi,Partizan mt:s Belgrade,Home Win (84-79),84-79,No,13,18,24,20,32,23,15,18,,,Played,,"MARTIN, JOSE","ZAMOJSKI, JAKUB","PEREZ, EMILIO",Belgacom Spirou Charleroi team victory,Belgacom Spirou Charleroi defeated Partizan mt:s Belgrade 84-79 in Round 8 (Regular Season).,Euroleague Basketball Official API (api-live.euroleague.net / live.euroleague.net)
94,E2011_93,2011-12,2011,E2011,Regular Season,Regular Season,Round 8,2011-12-08,Thursday,20:45,2011-12-08T19:45:00Z,Maccabi Electra Tel Aviv,Real Madrid,Real Madrid,Maccabi Electra Tel Aviv,MAD,TEL,MADRID CAJA MAGICA,,12442,11482,88,64,152,24,Real Madrid,Maccabi Electra Tel Aviv,Home Win (88-64),88-64,No,22,15,26,25,18,11,22,13,,,Played,,"CEREBUCH, GUERRINO","LOTTERMOSER, ROBERT","NURAN, RUSTU",Real Madrid team victory,Real Madrid defeated Maccabi Electra Tel Aviv 88-64 in Round 8 (Regular Season).,Euroleague Basketball Official API (api-live.euroleague.net / live.euroleague.net)
95,E2011_95,2011-12,2011,E2011,Regular Season,Regular Season,Round 8,2011-12-08,Thursday,20:45,2011-12-08T19:45:00Z,Unics Kazan,FC Barcelona Regal,FC Barcelona Regal,Unics Kazan,BAR,UNK,PALAU BLAUGRANA,"Aristides Maillol Av S/N, 08028 Barcelona",7585,4676,63,50,113,13,FC Barcelona Regal,Unics Kazan,Home Win (63-50),63-50,No,21,15,12,13,14,15,16,7,,,Played,,"PUKL,SASA","VOJINOVIC, MILIJA","KOROMILAS, ELIAS",FC Barcelona Regal team victory,FC Barcelona Regal defeated Unics Kazan 63-50 in Round 8 (Regular Season).,Euroleague Basketball Official API (api-live.euroleague.net / live.euroleague.net)
96,E2011_87,2011-12,2011,E2011,Regular Season,Regular Season,Round 8,2011-12-08,Thursday,21:00,2011-12-08T20:00:00Z,Caja Laboral,Olympiacos Piraeus,Olympiacos Piraeus,Caja Laboral,OLY,BAS,PEACE AND FRIENDSHIP STADIUM,"Ethnarchou Makariou Av., Piraeus",11039,4000,84,82,166,2,Olympiacos Piraeus,Caja Laboral,Home Win (84-82),84-82,No,19,26,27,15,19,21,19,20,,,Played,,"ROCHA, FERNANDO","SAHIN, TOLGA","LATISEVS, OLEGS",Olympiacos Piraeus team victory,Olympiacos Piraeus defeated Caja Laboral 84-82 in Round 8 (Regular Season).,Euroleague Basketball Official API (api-live.euroleague.net / live.euroleague.net)
97,E2011_100,2011-12,2011,E2011,Regular Season,Regular Season,Round 9,2011-12-14,Wednesday,17:15,2011-12-14T16:15:00Z,Panathinaikos Athens,CSKA Moscow,CSKA Moscow,Panathinaikos Athens,CSK,PAN,USH CSKA,"39 bld.3 Leningradskiy Prospect, Moscow, Russia",5113,5000,91,75,166,16,CSKA Moscow,Panathinaikos Athens,Home Win (91-75),91-75,No,26,24,21,25,28,14,16,12,,,Played,,"JUNGEBRAND, CARL","PEREZ, MIGUEL ANGEL","SAHIN, TOLGA",CSKA Moscow team victory,CSKA Moscow defeated Panathinaikos Athens 91-75 in Round 9 (Regular Season).,Euroleague Basketball Official API (api-live.euroleague.net / live.euroleague.net)
98,E2011_106,2011-12,2011,E2011,Regular Season,Regular Season,Round 9,2011-12-14,Wednesday,18:15,2011-12-14T17:15:00Z,Union Olimpija Ljubljana,Galatasaray Medical Park,Galatasaray Medical Park,Union Olimpija Ljubljana,GAL,LJU,ABDI IPEKCI SPORTS HALL,"10, Yil Caddesi Zeytinburnu, 34760 Istanbul",10500,5890,80,59,139,21,Galatasaray Medical Park,Union Olimpija Ljubljana,Home Win (80-59),80-59,No,18,16,21,19,20,9,21,15,,,Played,,"CONDE, ANTONIO","CMIKIEWICZ, MAREK","JURAS, MARKO",Galatasaray Medical Park team victory,Galatasaray Medical Park defeated Union Olimpija Ljubljana 80-59 in Round 9 (Regular Season).,Euroleague Basketball Official API (api-live.euroleague.net / live.euroleague.net)
99,E2011_101,2011-12,2011,E2011,Regular Season,Regular Season,Round 9,2011-12-14,Wednesday,20:45,2011-12-14T19:45:00Z,Unicaja Malaga,Zagreb,Zagreb,Unicaja Malaga,ZAG,MAL,ARENA ZAGREB,,16200,3000,67,82,149,15,Unicaja Malaga,Zagreb,Away Win (82-67),67-82,No,22,20,17,25,13,20,15,17,,,Played,,"TAURINO, PAOLO","ZAMOJSKI, JAKUB","RUTESIC, ZDRAVKO",Unicaja Malaga team victory,Unicaja Malaga defeated Zagreb 67-82 in Round 9 (Regular Season).,Euroleague Basketball Official API (api-live.euroleague.net / live.euroleague.net)
100,E2011_103,2011-12,2011,E2011,Regular Season,Regular Season,Round 9,2011-12-14,Wednesday,20:45,2011-12-14T19:45:00Z,Partizan mt:s Belgrade,Real Madrid,Real Madrid,Partizan mt:s Belgrade,MAD,PAR,MADRID CAJA MAGICA,,12442,6237,101,83,184,18,Real Madrid,Partizan mt:s Belgrade,Home Win (101-83),101-83,No,27,15,25,22,24,19,25,27,,,Played,,"ANKARALI, RECEP","ROCHA, FERNANDO","JAVOR, DAMIR",Real Madrid team victory,Real Madrid defeated Partizan mt:s Belgrade 101-83 in Round 9 (Regular Season).,Euroleague Basketball Official API (api-live.euroleague.net / live.euroleague.net)
101,E2011_105,2011-12,2011,E2011,Regular Season,Regular Season,Round 9,2011-12-14,Wednesday,20:45,2011-12-14T19:45:00Z,Belgacom Spirou Charleroi,EA7 Emporio Armani,EA7 Emporio Armani,Belgacom Spirou Charleroi,MIL,CHA,MEDIOLANUM FORUM ,"Via G. Di Vittorio 6, 20090 Assago",11200,3000,88,53,141,35,EA7 Emporio Armani,Belgacom Spirou Charleroi,Home Win (88-53),88-53,No,23,18,25,12,17,16,23,7,,,Played,,"RADOVIC, SRETEN","GARCIA, JUAN CARLOS","LATISEVS, OLEGS",EA7 Emporio Armani team victory,EA7 Emporio Armani defeated Belgacom Spirou Charleroi 88-53 in Round 9 (Regular Season).,Euroleague Basketball Official API (api-live.euroleague.net / live.euroleague.net)
102,E2011_98,2011-12,2011,E2011,Regular Season,Regular Season,Round 9,2011-12-14,Wednesday,21:00,2011-12-14T20:00:00Z,SLUC Nancy,Caja Laboral,Caja Laboral,SLUC Nancy,BAS,NAN,IRADIER ARENA,,8190,7943,90,55,145,35,Caja Laboral,SLUC Nancy,Home Win (90-55),90-55,No,22,11,20,10,29,9,19,25,,,Played,,"LAMONICA, LUIGI","JASEVICIUS, TOMAS","SILVA, SERGIO",Caja Laboral team victory,Caja Laboral defeated SLUC Nancy 90-55 in Round 9 (Regular Season).,Euroleague Basketball Official API (api-live.euroleague.net / live.euroleague.net)
103,E2011_108,2011-12,2011,E2011,Regular Season,Regular Season,Round 9,2011-12-15,Thursday,17:00,2011-12-15T16:00:00Z,Asseco Prokom Gdynia,Unics Kazan,Unics Kazan,Asseco Prokom Gdynia,UNK,SOP,BASKET HALL KAZAN,"Spartakovskaya Street 1, 420107 Kazan",7500,4000,68,41,109,27,Unics Kazan,Asseco Prokom Gdynia,Home Win (68-41),68-41,No,19,6,16,5,19,16,14,14,,,Played,,"BOLTAUZER, MATEJ","HERCEG, SINISA","CIULIN, MARIUS",Unics Kazan team victory,Unics Kazan defeated Asseco Prokom Gdynia 68-41 in Round 9 (Regular Season).,Euroleague Basketball Official API (api-live.euroleague.net / live.euroleague.net)
104,E2011_99,2011-12,2011,E2011,Regular Season,Regular Season,Round 9,2011-12-15,Thursday,19:00,2011-12-15T18:00:00Z,Gescrap Bilbao Basket,Fenerbahce Ulker,Fenerbahce Ulker,Gescrap Bilbao Basket,ULK,BIL,SINAN ERDEM DOME,,14868,11280,70,80,150,10,Gescrap Bilbao Basket,Fenerbahce Ulker,Away Win (80-70),70-80,No,14,25,19,19,17,23,20,13,,,Played,,"PUKL,SASA","RYZHYK, BORYS","VOJINOVIC, MILIJA",Gescrap Bilbao Basket team victory,Gescrap Bilbao Basket defeated Fenerbahce Ulker 70-80 in Round 9 (Regular Season).,Euroleague Basketball Official API (api-live.euroleague.net / live.euroleague.net)
105,E2011_97,2011-12,2011,E2011,Regular Season,Regular Season,Round 9,2011-12-15,Thursday,20:00,2011-12-15T19:00:00Z,Bennet Cantu,Olympiacos Piraeus,Olympiacos Piraeus,Bennet Cantu,OLY,CTU,PEACE AND FRIENDSHIP STADIUM,"Ethnarchou Makariou Av., Piraeus",11039,4000,86,61,147,25,Olympiacos Piraeus,Bennet Cantu,Home Win (86-61),86-61,No,18,12,20,17,25,15,23,17,,,Played,,"ARTEAGA, JUAN CARLOS","PEREZ, EMILIO","SHULGA, BORIS",Olympiacos Piraeus team victory,Olympiacos Piraeus defeated Bennet Cantu 86-61 in Round 9 (Regular Season).,Euroleague Basketball Official API (api-live.euroleague.net / live.euroleague.net)
106,E2011_102,2011-12,2011,E2011,Regular Season,Regular Season,Round 9,2011-12-15,Thursday,20:00,2011-12-15T19:00:00Z,Zalgiris Kaunas,Brose Baskets,Brose Baskets,Zalgiris Kaunas,BAM,ZAL,STECHERT ARENA,,6800,6800,68,82,150,14,Zalgiris Kaunas,Brose Baskets,Away Win (82-68),68-82,No,13,20,17,24,19,14,19,24,,,Played,,"MARTIN, JOSE","BULTO, VICENTE","MAESTRE, NICOLA",Zalgiris Kaunas team victory,Zalgiris Kaunas defeated Brose Baskets 68-82 in Round 9 (Regular Season).,Euroleague Basketball Official API (api-live.euroleague.net / live.euroleague.net)
107,E2011_104,2011-12,2011,E2011,Regular Season,Regular Season,Round 9,2011-12-15,Thursday,20:45,2011-12-15T19:45:00Z,Anadolu Efes Istanbul,Maccabi Electra Tel Aviv,Maccabi Electra Tel Aviv,Anadolu Efes Istanbul,TEL,IST,NOKIA ARENA,,11060,11060,96,57,153,39,Maccabi Electra Tel Aviv,Anadolu Efes Istanbul,Home Win (96-57),96-57,No,17,20,19,11,29,15,31,11,,,Played,,"ZIEMBLICKI, GRZEGORZ","JOVCIC, MILIVOJE","DOZAI, SRDAN",Maccabi Electra Tel Aviv team victory,Maccabi Electra Tel Aviv defeated Anadolu Efes Istanbul 96-57 in Round 9 (Regular Season).,Euroleague Basketball Official API (api-live.euroleague.net / live.euroleague.net)
108,E2011_107,2011-12,2011,E2011,Regular Season,Regular Season,Round 9,2011-12-15,Thursday,20:45,2011-12-15T19:45:00Z,FC Barcelona Regal,Montepaschi Siena,Montepaschi Siena,FC Barcelona Regal,SIE,BAR,PALAESTRA,,6000,4852,77,74,151,3,Montepaschi Siena,FC Barcelona Regal,Home Win (77-74),77-74,No,23,20,13,15,11,24,30,15,,,Played,,"BELOSEVIC, ILIJA","LOTTERMOSER, ROBERT","VIATOR, EDDIE",Montepaschi Siena team victory,Montepaschi Siena defeated FC Barcelona Regal 77-74 in Round 9 (Regular Season).,Euroleague Basketball Official API (api-live.euroleague.net / live.euroleague.net)
109,E2011_112,2011-12,2011,E2011,Regular Season,Regular Season,Round 10,2011-12-21,Wednesday,20:00,2011-12-21T19:00:00Z,Brose Baskets,Panathinaikos Athens,Panathinaikos Athens,Brose Baskets,PAN,BAM,OAKA,"37 Kifisias Avenue, 15123 Marousi",18310,6000,71,66,137,5,Panathinaikos Athens,Brose Baskets,Home Win (71-66),71-66,No,12,22,18,16,26,15,15,13,,,Played,,"PEREZ, EMILIO","MUHVIC, DUBRAVKO","PEREA, OSCAR",Panathinaikos Athens team victory,Panathinaikos Athens defeated Brose Baskets 71-66 in Round 10 (Regular Season).,Euroleague Basketball Official API (api-live.euroleague.net / live.euroleague.net)
110,E2011_113,2011-12,2011,E2011,Regular Season,Regular Season,Round 10,2011-12-21,Wednesday,20:00,2011-12-21T19:00:00Z,Zagreb,Zalgiris Kaunas,Zalgiris Kaunas,Zagreb,ZAL,ZAG,ZALGIRIO ARENA,"Karaliaus Mindaugo Av. 50, 44287 Kaunas",14502,14547,87,76,163,11,Zalgiris Kaunas,Zagreb,Home Win (87-76),87-76,No,28,18,18,11,20,21,21,26,,,Played,,"ANKARALI, RECEP","CHEBYSHEV, SERGIY","CIULIN, MARIUS",Zalgiris Kaunas team victory,Zalgiris Kaunas defeated Zagreb 87-76 in Round 10 (Regular Season).,Euroleague Basketball Official API (api-live.euroleague.net / live.euroleague.net)
111,E2011_114,2011-12,2011,E2011,Regular Season,Regular Season,Round 10,2011-12-21,Wednesday,20:00,2011-12-21T19:00:00Z,CSKA Moscow,Unicaja Malaga,Unicaja Malaga,CSKA Moscow,MAL,CSK,PALACIO DE LOS DEPORTES J.M. MARTIN CARPENA,"c/ Miguel Merida Nicolich 2, Malaga",10233,7300,83,91,174,8,CSKA Moscow,Unicaja Malaga,Away Win (91-83),83-91,No,23,22,18,22,22,27,20,20,,,Played,,"PUKL,SASA","ROCHA, FERNANDO","KOROMILAS, ELIAS",CSKA Moscow team victory,CSKA Moscow defeated Unicaja Malaga 83-91 in Round 10 (Regular Season).,Euroleague Basketball Official API (api-live.euroleague.net / live.euroleague.net)
112,E2011_118,2011-12,2011,E2011,Regular Season,Regular Season,Round 10,2011-12-21,Wednesday,20:45,2011-12-21T19:45:00Z,Unics Kazan,Union Olimpija Ljubljana,Union Olimpija Ljubljana,Unics Kazan,LJU,UNK,ARENA STOZICE,"Vojkova Cesta 100, 1000 Ljubljana, Slovenia",12500,3500,63,76,139,13,Unics Kazan,Union Olimpija Ljubljana,Away Win (76-63),63-76,No,11,25,18,16,12,13,22,22,,,Played,,"CEREBUCH, GUERRINO","KOWALSKI, MARCIN","ANASTOPOULOS, PANAGIOTIS",Unics Kazan team victory,Unics Kazan defeated Union Olimpija Ljubljana 63-76 in Round 10 (Regular Season).,Euroleague Basketball Official API (api-live.euroleague.net / live.euroleague.net)
113,E2011_119,2011-12,2011,E2011,Regular Season,Regular Season,Round 10,2011-12-21,Wednesday,20:45,2011-12-21T19:45:00Z,Montepaschi Siena,Asseco Prokom Gdynia,Asseco Prokom Gdynia,Montepaschi Siena,SOP,SIE,GDYNIA SPORTS ARENA,"ul. Kazimierza Górskiego 8, 81-302 Gdynia, Poland ",5000,2800,53,79,132,26,Montepaschi Siena,Asseco Prokom Gdynia,Away Win (79-53),53-79,No,16,18,7,19,21,13,9,29,,,Played,,"GARCIA, JOSE RAMON","DOZAI, SRDAN","VOJINOVIC, RADOMIR",Montepaschi Siena team victory,Montepaschi Siena defeated Asseco Prokom Gdynia 53-79 in Round 10 (Regular Season).,Euroleague Basketball Official API (api-live.euroleague.net / live.euroleague.net)
114,E2011_120,2011-12,2011,E2011,Regular Season,Regular Season,Round 10,2011-12-21,Wednesday,20:45,2011-12-21T19:45:00Z,Galatasaray Medical Park,FC Barcelona Regal,FC Barcelona Regal,Galatasaray Medical Park,BAR,GAL,PALAU BLAUGRANA,"Aristides Maillol Av S/N, 08028 Barcelona",7585,3446,79,50,129,29,FC Barcelona Regal,Galatasaray Medical Park,Home Win (79-50),79-50,No,23,13,28,17,17,11,11,9,,,Played,,"JUNGEBRAND, CARL","GKONTAS, SPIROS","TRAWICKI, TOMASZ",FC Barcelona Regal team victory,FC Barcelona Regal defeated Galatasaray Medical Park 79-50 in Round 10 (Regular Season).,Euroleague Basketball Official API (api-live.euroleague.net / live.euroleague.net)
115,E2011_117,2011-12,2011,E2011,Regular Season,Regular Season,Round 10,2011-12-22,Thursday,18:15,2011-12-22T17:15:00Z,Real Madrid,Anadolu Efes Istanbul,Anadolu Efes Istanbul,Real Madrid,IST,MAD,SINAN ERDEM DOME,,14868,7200,66,75,141,9,Real Madrid,Anadolu Efes Istanbul,Away Win (75-66),66-75,No,21,15,22,21,13,21,10,18,,,Played,,"RADOVIC, SRETEN","TAURINO, PAOLO","VOJINOVIC, MILIJA",Real Madrid team victory,Real Madrid defeated Anadolu Efes Istanbul 66-75 in Round 10 (Regular Season).,Euroleague Basketball Official API (api-live.euroleague.net / live.euroleague.net)
116,E2011_109,2011-12,2011,E2011,Regular Season,Regular Season,Round 10,2011-12-22,Thursday,20:00,2011-12-22T19:00:00Z,Fenerbahce Ulker,Bennet Cantu,Bennet Cantu,Fenerbahce Ulker,CTU,ULK,PALADESIO,,6200,6067,76,83,159,7,Fenerbahce Ulker,Bennet Cantu,Away Win (83-76),76-83,No,16,17,15,14,24,24,21,28,,,Played,,"MARTIN, JOSE","JOVCIC, MILIVOJE","LOPES, LUIS",Fenerbahce Ulker team victory,Fenerbahce Ulker defeated Bennet Cantu 76-83 in Round 10 (Regular Season).,Euroleague Basketball Official API (api-live.euroleague.net / live.euroleague.net)
117,E2011_110,2011-12,2011,E2011,Regular Season,Regular Season,Round 10,2011-12-22,Thursday,20:00,2011-12-22T19:00:00Z,Caja Laboral,Gescrap Bilbao Basket,Gescrap Bilbao Basket,Caja Laboral,BIL,BAS,BILBAO ARENA,"Avenida Askatasuna 13, 48013 Bilbao",8800,10014,77,72,149,5,Gescrap Bilbao Basket,Caja Laboral,Home Win (77-72),77-72,No,20,20,20,14,18,18,19,20,,,Played,,"ZIEMBLICKI, GRZEGORZ","MAESTRE, NICOLA","VIATOR, EDDIE",Gescrap Bilbao Basket team victory,Gescrap Bilbao Basket defeated Caja Laboral 77-72 in Round 10 (Regular Season).,Euroleague Basketball Official API (api-live.euroleague.net / live.euroleague.net)
118,E2011_111,2011-12,2011,E2011,Regular Season,Regular Season,Round 10,2011-12-22,Thursday,20:00,2011-12-22T19:00:00Z,Olympiacos Piraeus,SLUC Nancy,SLUC Nancy,Olympiacos Piraeus,NAN,OLY,PALAIS DES SPORTS JEAN WEILLE,,6027,5268,74,79,153,5,Olympiacos Piraeus,SLUC Nancy,Away Win (79-74),74-79,No,27,21,17,26,20,14,10,18,,,Played,,"HIERREZUELO, DANIEL","RYZHYK, BORYS","ZAMOJSKI, JAKUB",Olympiacos Piraeus team victory,Olympiacos Piraeus defeated SLUC Nancy 74-79 in Round 10 (Regular Season).,Euroleague Basketball Official API (api-live.euroleague.net / live.euroleague.net)
119,E2011_115,2011-12,2011,E2011,Regular Season,Regular Season,Round 10,2011-12-22,Thursday,20:45,2011-12-22T19:45:00Z,EA7 Emporio Armani,Partizan mt:s Belgrade,Partizan mt:s Belgrade,EA7 Emporio Armani,PAR,MIL,PIONIR,,6500,7500,66,72,138,6,EA7 Emporio Armani,Partizan mt:s Belgrade,Away Win (72-66),66-72,No,18,14,18,15,14,22,16,21,,,Played,,"ARTEAGA, JUAN CARLOS","CHRISTODOULOU, CHRISTOS","LOTTERMOSER, ROBERT",EA7 Emporio Armani team victory,EA7 Emporio Armani defeated Partizan mt:s Belgrade 66-72 in Round 10 (Regular Season).,Euroleague Basketball Official API (api-live.euroleague.net / live.euroleague.net)
120,E2011_116,2011-12,2011,E2011,Regular Season,Regular Season,Round 10,2011-12-22,Thursday,20:45,2011-12-22T19:45:00Z,Maccabi Electra Tel Aviv,Belgacom Spirou Charleroi,Belgacom Spirou Charleroi,Maccabi Electra Tel Aviv,CHA,TEL,RTL SPIROUDOME,,6000,5500,69,86,155,17,Maccabi Electra Tel Aviv,Belgacom Spirou Charleroi,Away Win (86-69),69-86,No,16,22,18,16,15,30,20,18,,,Played,,"PEREZ, MIGUEL ANGEL","SAHIN, TOLGA","PILOIDIS, ANASTASIOS",Maccabi Electra Tel Aviv team victory,Maccabi Electra Tel Aviv defeated Belgacom Spirou Charleroi 69-86 in Round 10 (Regular Season).,Euroleague Basketball Official API (api-live.euroleague.net / live.euroleague.net)
121,E2011_125,2011-12,2011,E2011,Top 16,Top 16,Round 11,2012-01-18,Wednesday,17:00,2012-01-18T16:00:00Z,Fenerbahce Ulker,Unics Kazan,Unics Kazan,Fenerbahce Ulker,UNK,ULK,BASKET HALL KAZAN,"Spartakovskaya Street 1, 420107 Kazan",7500,5000,76,71,147,5,Unics Kazan,Fenerbahce Ulker,Home Win (76-71),76-71,No,15,18,9,23,29,15,23,15,,,Played,,"GARCIA, JUAN CARLOS","VIATOR, EDDIE","JAVOR, DAMIR",Unics Kazan team victory,Unics Kazan defeated Fenerbahce Ulker 76-71 in Round 11 (Top 16).,Euroleague Basketball Official API (api-live.euroleague.net / live.euroleague.net)
122,E2011_121,2011-12,2011,E2011,Top 16,Top 16,Round 11,2012-01-18,Wednesday,20:45,2012-01-18T19:45:00Z,CSKA Moscow,Olympiacos Piraeus,Olympiacos Piraeus,CSKA Moscow,OLY,CSK,PEACE AND FRIENDSHIP STADIUM,"Ethnarchou Makariou Av., Piraeus",11039,6500,78,86,164,8,CSKA Moscow,Olympiacos Piraeus,Away Win (86-78),78-86,No,21,22,23,18,14,22,20,24,,,Played,,"MARTIN, JOSE","LOTTERMOSER, ROBERT","RUTESIC, ZDRAVKO",CSKA Moscow team victory,CSKA Moscow defeated Olympiacos Piraeus 78-86 in Round 11 (Top 16).,Euroleague Basketball Official API (api-live.euroleague.net / live.euroleague.net)
123,E2011_124,2011-12,2011,E2011,Top 16,Top 16,Round 11,2012-01-18,Wednesday,20:45,2012-01-18T19:45:00Z,Gescrap Bilbao Basket,Montepaschi Siena,Montepaschi Siena,Gescrap Bilbao Basket,SIE,BIL,PALAESTRA,,6000,4153,81,67,148,14,Montepaschi Siena,Gescrap Bilbao Basket,Home Win (81-67),81-67,No,14,18,18,14,24,17,25,18,,,Played,,"RADOVIC, SRETEN","ZAMOJSKI, JAKUB","LATISEVS, OLEGS",Montepaschi Siena team victory,Montepaschi Siena defeated Gescrap Bilbao Basket 81-67 in Round 11 (Top 16).,Euroleague Basketball Official API (api-live.euroleague.net / live.euroleague.net)
124,E2011_128,2011-12,2011,E2011,Top 16,Top 16,Round 11,2012-01-19,Thursday,18:45,2012-01-19T17:45:00Z,Maccabi Electra Tel Aviv,Zalgiris Kaunas,Zalgiris Kaunas,Maccabi Electra Tel Aviv,ZAL,TEL,ZALGIRIO ARENA,"Karaliaus Mindaugo Av. 50, 44287 Kaunas",14502,14050,76,84,160,8,Maccabi Electra Tel Aviv,Zalgiris Kaunas,Away Win (84-76),76-84,No,16,23,21,25,24,16,15,20,,,Played,,"LAMONICA, LUIGI","PEREZ, EMILIO","TRAWICKI, TOMASZ",Maccabi Electra Tel Aviv team victory,Maccabi Electra Tel Aviv defeated Zalgiris Kaunas 76-84 in Round 11 (Top 16).,Euroleague Basketball Official API (api-live.euroleague.net / live.euroleague.net)
125,E2011_122,2011-12,2011,E2011,Top 16,Top 16,Round 11,2012-01-19,Thursday,19:30,2012-01-19T18:30:00Z,Galatasaray Medical Park,Anadolu Efes Istanbul,Anadolu Efes Istanbul,Galatasaray Medical Park,IST,GAL,SINAN ERDEM DOME,,14868,9600,68,62,130,6,Anadolu Efes Istanbul,Galatasaray Medical Park,Home Win (68-62),68-62,No,29,19,16,15,15,18,8,10,,,Played,,"HIERREZUELO, DANIEL","BOLTAUZER, MATEJ","SHULGA, BORIS",Anadolu Efes Istanbul team victory,Anadolu Efes Istanbul defeated Galatasaray Medical Park 68-62 in Round 11 (Top 16).,Euroleague Basketball Official API (api-live.euroleague.net / live.euroleague.net)
126,E2011_123,2011-12,2011,E2011,Top 16,Top 16,Round 11,2012-01-19,Thursday,20:45,2012-01-19T19:45:00Z,Real Madrid,Unicaja Malaga,Unicaja Malaga,Real Madrid,MAL,MAD,PALACIO DE LOS DEPORTES J.M. MARTIN CARPENA,"c/ Miguel Merida Nicolich 2, Malaga",10233,10900,80,81,161,1,Real Madrid,Unicaja Malaga,Away Win (81-80),80-81,No,20,15,19,22,19,25,22,19,,,Played,,"CHRISTODOULOU, CHRISTOS","MUHVIC, DUBRAVKO","LOPES, LUIS",Real Madrid team victory,Real Madrid defeated Unicaja Malaga 80-81 in Round 11 (Top 16).,Euroleague Basketball Official API (api-live.euroleague.net / live.euroleague.net)
127,E2011_126,2011-12,2011,E2011,Top 16,Top 16,Round 11,2012-01-19,Thursday,20:45,2012-01-19T19:45:00Z,Panathinaikos Athens,EA7 Emporio Armani,EA7 Emporio Armani,Panathinaikos Athens,MIL,PAN,MEDIOLANUM FORUM ,"Via G. Di Vittorio 6, 20090 Assago",11200,5200,57,78,135,21,Panathinaikos Athens,EA7 Emporio Armani,Away Win (78-57),57-78,No,10,24,13,19,10,15,24,20,,,Played,,"PUKL,SASA","RYZHYK, ROMAN","MANTYLA, PETRI",Panathinaikos Athens team victory,Panathinaikos Athens defeated EA7 Emporio Armani 57-78 in Round 11 (Top 16).,Euroleague Basketball Official API (api-live.euroleague.net / live.euroleague.net)
128,E2011_127,2011-12,2011,E2011,Top 16,Top 16,Round 11,2012-01-19,Thursday,20:45,2012-01-19T19:45:00Z,Bennet Cantu,FC Barcelona Regal,FC Barcelona Regal,Bennet Cantu,BAR,CTU,PALAU BLAUGRANA,"Aristides Maillol Av S/N, 08028 Barcelona",7585,4829,65,60,125,5,FC Barcelona Regal,Bennet Cantu,Home Win (65-60),65-60,No,15,18,13,12,21,19,16,11,,,Played,,"ZIEMBLICKI, GRZEGORZ","VOJINOVIC, MILIJA","KOROMILAS, ELIAS",FC Barcelona Regal team victory,FC Barcelona Regal defeated Bennet Cantu 65-60 in Round 11 (Top 16).,Euroleague Basketball Official API (api-live.euroleague.net / live.euroleague.net)
129,E2011_130,2011-12,2011,E2011,Top 16,Top 16,Round 12,2012-01-25,Wednesday,17:15,2012-01-25T16:15:00Z,Anadolu Efes Istanbul,CSKA Moscow,CSKA Moscow,Anadolu Efes Istanbul,CSK,IST,USH CSKA,"39 bld.3 Leningradskiy Prospect, Moscow, Russia",5113,4400,96,68,164,28,CSKA Moscow,Anadolu Efes Istanbul,Home Win (96-68),96-68,No,23,21,25,15,26,17,22,15,,,Played,,"CEREBUCH, GUERRINO","BULTO, VICENTE","HERCEG, SINISA",CSKA Moscow team victory,CSKA Moscow defeated Anadolu Efes Istanbul 96-68 in Round 12 (Top 16).,Euroleague Basketball Official API (api-live.euroleague.net / live.euroleague.net)
130,E2011_132,2011-12,2011,E2011,Top 16,Top 16,Round 12,2012-01-25,Wednesday,20:00,2012-01-25T19:00:00Z,Montepaschi Siena,Real Madrid,Real Madrid,Montepaschi Siena,MAD,SIE,PAB. DEP. COMUNIDAD DE MADRID,,11000,8431,69,88,157,19,Montepaschi Siena,Real Madrid,Away Win (88-69),69-88,No,15,31,19,16,14,18,21,23,,,Played,,"JUNGEBRAND, CARL","ANKARALI, RECEP","GKONTAS, SPIROS",Montepaschi Siena team victory,Montepaschi Siena defeated Real Madrid 69-88 in Round 12 (Top 16).,Euroleague Basketball Official API (api-live.euroleague.net / live.euroleague.net)
131,E2011_134,2011-12,2011,E2011,Top 16,Top 16,Round 12,2012-01-25,Wednesday,20:00,2012-01-25T19:00:00Z,EA7 Emporio Armani,Fenerbahce Ulker,Fenerbahce Ulker,EA7 Emporio Armani,ULK,MIL,FENERBAHCE ULKER SPORTS ARENA,"Barbaros Mah. Ihlamur Sok. Batı Ataşehir, 34764 Istanbul, Turkiye ",14868,12191,65,63,128,2,Fenerbahce Ulker,EA7 Emporio Armani,Home Win (65-63),65-63,No,12,10,18,18,16,15,19,20,,,Played,,"PEREZ, MIGUEL ANGEL","ROCHA, FERNANDO","VYKLICKY, ROBERT",Fenerbahce Ulker team victory,Fenerbahce Ulker defeated EA7 Emporio Armani 65-63 in Round 12 (Top 16).,Euroleague Basketball Official API (api-live.euroleague.net / live.euroleague.net)
132,E2011_131,2011-12,2011,E2011,Top 16,Top 16,Round 12,2012-01-25,Wednesday,20:30,2012-01-25T19:30:00Z,Unicaja Malaga,Gescrap Bilbao Basket,Gescrap Bilbao Basket,Unicaja Malaga,BIL,MAL,BILBAO ARENA,"Avenida Askatasuna 13, 48013 Bilbao",8800,8004,85,70,155,15,Gescrap Bilbao Basket,Unicaja Malaga,Home Win (85-70),85-70,No,22,17,14,17,22,18,27,18,,,Played,,"SUTULOVIC, ZORAN","SAHIN, TOLGA","PILOIDIS, ANASTASIOS",Gescrap Bilbao Basket team victory,Gescrap Bilbao Basket defeated Unicaja Malaga 85-70 in Round 12 (Top 16).,Euroleague Basketball Official API (api-live.euroleague.net / live.euroleague.net)
133,E2011_133,2011-12,2011,E2011,Top 16,Top 16,Round 12,2012-01-25,Wednesday,20:45,2012-01-25T19:45:00Z,Unics Kazan,Panathinaikos Athens,Panathinaikos Athens,Unics Kazan,PAN,UNK,OAKA,"37 Kifisias Avenue, 15123 Marousi",18310,8500,83,89,172,6,Unics Kazan,Panathinaikos Athens,Away Win (89-83),83-89,No,22,17,20,24,14,22,27,26,,,Played,,"HIERREZUELO, DANIEL","CONDE, ANTONIO","VOJINOVIC, RADOMIR",Unics Kazan team victory,Unics Kazan defeated Panathinaikos Athens 83-89 in Round 12 (Top 16).,Euroleague Basketball Official API (api-live.euroleague.net / live.euroleague.net)
134,E2011_136,2011-12,2011,E2011,Top 16,Top 16,Round 12,2012-01-25,Wednesday,20:45,2012-01-25T19:45:00Z,Zalgiris Kaunas,Bennet Cantu,Bennet Cantu,Zalgiris Kaunas,CTU,ZAL,PALADESIO,,6200,5125,79,78,157,1,Bennet Cantu,Zalgiris Kaunas,Home Win (79-78),79-78,No,21,17,11,19,17,23,30,19,,,Played,,"GARCIA, JOSE RAMON","DOZAI, SRDAN","NURAN, RUSTU",Bennet Cantu team victory,Bennet Cantu defeated Zalgiris Kaunas 79-78 in Round 12 (Top 16).,Euroleague Basketball Official API (api-live.euroleague.net / live.euroleague.net)
135,E2011_129,2011-12,2011,E2011,Top 16,Top 16,Round 12,2012-01-26,Thursday,19:00,2012-01-26T18:00:00Z,Olympiacos Piraeus,Galatasaray Medical Park,Galatasaray Medical Park,Olympiacos Piraeus,GAL,OLY,ABDI IPEKCI SPORTS HALL,"10, Yil Caddesi Zeytinburnu, 34760 Istanbul",10500,11300,78,77,155,1,Galatasaray Medical Park,Olympiacos Piraeus,Home Win (78-77),78-77,Yes (1 OT),15,15,27,13,15,19,12,22,9,8,Played,,"ARTEAGA, JUAN CARLOS","TAURINO, PAOLO","PEREZ, EMILIO",Galatasaray Medical Park team victory,Galatasaray Medical Park defeated Olympiacos Piraeus 78-77 in Round 12 (Top 16).,Euroleague Basketball Official API (api-live.euroleague.net / live.euroleague.net)
136,E2011_135,2011-12,2011,E2011,Top 16,Top 16,Round 12,2012-01-26,Thursday,20:45,2012-01-26T19:45:00Z,FC Barcelona Regal,Maccabi Electra Tel Aviv,Maccabi Electra Tel Aviv,FC Barcelona Regal,TEL,BAR,NOKIA ARENA,,11060,11060,57,71,128,14,FC Barcelona Regal,Maccabi Electra Tel Aviv,Away Win (71-57),57-71,No,19,12,10,17,13,15,15,27,,,Played,,"CHRISTODOULOU, CHRISTOS","JOVCIC, MILIVOJE","ANASTOPOULOS, PANAGIOTIS",FC Barcelona Regal team victory,FC Barcelona Regal defeated Maccabi Electra Tel Aviv 57-71 in Round 12 (Top 16).,Euroleague Basketball Official API (api-live.euroleague.net / live.euroleague.net)
137,E2011_142,2011-12,2011,E2011,Top 16,Top 16,Round 13,2012-02-01,Wednesday,17:00,2012-02-01T16:00:00Z,EA7 Emporio Armani,Unics Kazan,Unics Kazan,EA7 Emporio Armani,UNK,MIL,BASKET HALL KAZAN,"Spartakovskaya Street 1, 420107 Kazan",7500,5000,59,44,103,15,Unics Kazan,EA7 Emporio Armani,Home Win (59-44),59-44,No,20,12,16,8,9,7,14,17,,,Played,,"MARTIN, JOSE","GKONTAS, SPIROS","VOJINOVIC, MILIJA",Unics Kazan team victory,Unics Kazan defeated EA7 Emporio Armani 59-44 in Round 13 (Top 16).,Euroleague Basketball Official API (api-live.euroleague.net / live.euroleague.net)
138,E2011_138,2011-12,2011,E2011,Top 16,Top 16,Round 13,2012-02-01,Wednesday,19:45,2012-02-01T18:45:00Z,Anadolu Efes Istanbul,Olympiacos Piraeus,Olympiacos Piraeus,Anadolu Efes Istanbul,OLY,IST,PEACE AND FRIENDSHIP STADIUM,"Ethnarchou Makariou Av., Piraeus",11039,3500,83,65,148,18,Olympiacos Piraeus,Anadolu Efes Istanbul,Home Win (83-65),83-65,No,20,12,21,24,12,17,30,12,,,Played,,"JUNGEBRAND, CARL","RYZHYK, BORYS","VIATOR, EDDIE",Olympiacos Piraeus team victory,Olympiacos Piraeus defeated Anadolu Efes Istanbul 83-65 in Round 13 (Top 16).,Euroleague Basketball Official API (api-live.euroleague.net / live.euroleague.net)
139,E2011_139,2011-12,2011,E2011,Top 16,Top 16,Round 13,2012-02-01,Wednesday,20:45,2012-02-01T19:45:00Z,Gescrap Bilbao Basket,Real Madrid,Real Madrid,Gescrap Bilbao Basket,MAD,BIL,PAB. DEP. COMUNIDAD DE MADRID,,11000,,89,73,162,16,Real Madrid,Gescrap Bilbao Basket,Home Win (89-73),89-73,No,26,16,24,20,19,19,20,18,,,Played,,"PUKL,SASA","JOVCIC, MILIVOJE","LOTTERMOSER, ROBERT",Real Madrid team victory,Real Madrid defeated Gescrap Bilbao Basket 89-73 in Round 13 (Top 16).,Euroleague Basketball Official API (api-live.euroleague.net / live.euroleague.net)
140,E2011_137,2011-12,2011,E2011,Top 16,Top 16,Round 13,2012-02-02,Thursday,17:15,2012-02-02T16:15:00Z,Galatasaray Medical Park,CSKA Moscow,CSKA Moscow,Galatasaray Medical Park,CSK,GAL,USH CSKA,"39 bld.3 Leningradskiy Prospect, Moscow, Russia",5113,4560,85,70,155,15,CSKA Moscow,Galatasaray Medical Park,Home Win (85-70),85-70,No,19,12,25,25,22,15,19,18,,,Played,,"BELOSEVIC, ILIJA","MUHVIC, DUBRAVKO","ZAMOJSKI, JAKUB",CSKA Moscow team victory,CSKA Moscow defeated Galatasaray Medical Park 85-70 in Round 13 (Top 16).,Euroleague Basketball Official API (api-live.euroleague.net / live.euroleague.net)
141,E2011_141,2011-12,2011,E2011,Top 16,Top 16,Round 13,2012-02-02,Thursday,19:30,2012-02-02T18:30:00Z,Panathinaikos Athens,Fenerbahce Ulker,Fenerbahce Ulker,Panathinaikos Athens,ULK,PAN,FENERBAHCE ULKER SPORTS ARENA,"Barbaros Mah. Ihlamur Sok. Batı Ataşehir, 34764 Istanbul, Turkiye ",14868,11917,56,77,133,21,Panathinaikos Athens,Fenerbahce Ulker,Away Win (77-56),56-77,No,9,24,13,12,21,22,13,19,,,Played,,"LAMONICA, LUIGI","RYZHYK, BORYS","LATISEVS, OLEGS",Panathinaikos Athens team victory,Panathinaikos Athens defeated Fenerbahce Ulker 56-77 in Round 13 (Top 16).,Euroleague Basketball Official API (api-live.euroleague.net / live.euroleague.net)
142,E2011_140,2011-12,2011,E2011,Top 16,Top 16,Round 13,2012-02-02,Thursday,20:45,2012-02-02T19:45:00Z,Montepaschi Siena,Unicaja Malaga,Unicaja Malaga,Montepaschi Siena,MAL,SIE,PALACIO DE LOS DEPORTES J.M. MARTIN CARPENA,"c/ Miguel Merida Nicolich 2, Malaga",10233,9500,68,91,159,23,Montepaschi Siena,Unicaja Malaga,Away Win (91-68),68-91,No,19,27,21,23,17,21,11,20,,,Played,,"ZIEMBLICKI, GRZEGORZ","BOLTAUZER, MATEJ","ROCHA, FERNANDO",Montepaschi Siena team victory,Montepaschi Siena defeated Unicaja Malaga 68-91 in Round 13 (Top 16).,Euroleague Basketball Official API (api-live.euroleague.net / live.euroleague.net)
143,E2011_143,2011-12,2011,E2011,Top 16,Top 16,Round 13,2012-02-02,Thursday,20:45,2012-02-02T19:45:00Z,Maccabi Electra Tel Aviv,Bennet Cantu,Bennet Cantu,Maccabi Electra Tel Aviv,CTU,TEL,PALADESIO,,6200,6133,82,74,156,8,Bennet Cantu,Maccabi Electra Tel Aviv,Home Win (82-74),82-74,No,23,20,26,24,17,16,16,14,,,Played,,"ARTEAGA, JUAN CARLOS","ANKARALI, RECEP","RADOVIC, SRETEN",Bennet Cantu team victory,Bennet Cantu defeated Maccabi Electra Tel Aviv 82-74 in Round 13 (Top 16).,Euroleague Basketball Official API (api-live.euroleague.net / live.euroleague.net)
144,E2011_144,2011-12,2011,E2011,Top 16,Top 16,Round 13,2012-02-02,Thursday,20:45,2012-02-02T19:45:00Z,Zalgiris Kaunas,FC Barcelona Regal,FC Barcelona Regal,Zalgiris Kaunas,BAR,ZAL,PALAU BLAUGRANA,"Aristides Maillol Av S/N, 08028 Barcelona",7585,3565,94,80,174,14,FC Barcelona Regal,Zalgiris Kaunas,Home Win (94-80),94-80,No,23,18,19,25,21,16,31,21,,,Played,,"CEREBUCH, GUERRINO","SAHIN, TOLGA","JAVOR, DAMIR",FC Barcelona Regal team victory,FC Barcelona Regal defeated Zalgiris Kaunas 94-80 in Round 13 (Top 16).,Euroleague Basketball Official API (api-live.euroleague.net / live.euroleague.net)
145,E2011_146,2011-12,2011,E2011,Top 16,Top 16,Round 14,2012-02-08,Wednesday,19:30,2012-02-08T18:30:00Z,Olympiacos Piraeus,Anadolu Efes Istanbul,Anadolu Efes Istanbul,Olympiacos Piraeus,IST,OLY,SINAN ERDEM DOME,,14868,8426,65,67,132,2,Olympiacos Piraeus,Anadolu Efes Istanbul,Away Win (67-65),65-67,No,9,16,23,21,10,11,23,19,,,Played,,"LAMONICA, LUIGI","GARCIA, JUAN CARLOS","PEREZ, MIGUEL ANGEL",Olympiacos Piraeus team victory,Olympiacos Piraeus defeated Anadolu Efes Istanbul 65-67 in Round 14 (Top 16).,Euroleague Basketball Official API (api-live.euroleague.net / live.euroleague.net)
146,E2011_148,2011-12,2011,E2011,Top 16,Top 16,Round 14,2012-02-08,Wednesday,20:00,2012-02-08T19:00:00Z,Unicaja Malaga,Montepaschi Siena,Montepaschi Siena,Unicaja Malaga,SIE,MAL,PALAESTRA,,6000,4427,84,69,153,15,Montepaschi Siena,Unicaja Malaga,Home Win (84-69),84-69,No,23,19,29,27,15,14,17,9,,,Played,,"CHRISTODOULOU, CHRISTOS","VIATOR, EDDIE","VOJINOVIC, RADOMIR",Montepaschi Siena team victory,Montepaschi Siena defeated Unicaja Malaga 84-69 in Round 14 (Top 16).,Euroleague Basketball Official API (api-live.euroleague.net / live.euroleague.net)
147,E2011_147,2011-12,2011,E2011,Top 16,Top 16,Round 14,2012-02-08,Wednesday,20:30,2012-02-08T19:30:00Z,Real Madrid,Gescrap Bilbao Basket,Gescrap Bilbao Basket,Real Madrid,BIL,MAD,BILBAO ARENA,"Avenida Askatasuna 13, 48013 Bilbao",8800,9158,93,69,162,24,Gescrap Bilbao Basket,Real Madrid,Home Win (93-69),93-69,No,34,14,18,12,20,25,21,18,,,Played,,"CEREBUCH, GUERRINO","BOLTAUZER, MATEJ","VOJINOVIC, MILIJA",Gescrap Bilbao Basket team victory,Gescrap Bilbao Basket defeated Real Madrid 93-69 in Round 14 (Top 16).,Euroleague Basketball Official API (api-live.euroleague.net / live.euroleague.net)
148,E2011_150,2011-12,2011,E2011,Top 16,Top 16,Round 14,2012-02-08,Wednesday,20:45,2012-02-08T19:45:00Z,Unics Kazan,EA7 Emporio Armani,EA7 Emporio Armani,Unics Kazan,MIL,UNK,MEDIOLANUM FORUM ,"Via G. Di Vittorio 6, 20090 Assago",11200,2400,63,58,121,5,EA7 Emporio Armani,Unics Kazan,Home Win (63-58),63-58,No,20,13,12,15,17,15,14,15,,,Played,,"ARTEAGA, JUAN CARLOS","RADOVIC, SRETEN","SILVA, SERGIO",EA7 Emporio Armani team victory,EA7 Emporio Armani defeated Unics Kazan 63-58 in Round 14 (Top 16).,Euroleague Basketball Official API (api-live.euroleague.net / live.euroleague.net)
149,E2011_152,2011-12,2011,E2011,Top 16,Top 16,Round 14,2012-02-09,Thursday,18:45,2012-02-09T17:45:00Z,FC Barcelona Regal,Zalgiris Kaunas,Zalgiris Kaunas,FC Barcelona Regal,ZAL,BAR,ZALGIRIO ARENA,"Karaliaus Mindaugo Av. 50, 44287 Kaunas",14502,13610,58,67,125,9,FC Barcelona Regal,Zalgiris Kaunas,Away Win (67-58),58-67,No,19,13,13,17,11,17,15,20,,,Played,,"JUNGEBRAND, CARL","RYZHYK, BORYS","GELLER, RENAUD",FC Barcelona Regal team victory,FC Barcelona Regal defeated Zalgiris Kaunas 58-67 in Round 14 (Top 16).,Euroleague Basketball Official API (api-live.euroleague.net / live.euroleague.net)
150,E2011_145,2011-12,2011,E2011,Top 16,Top 16,Round 14,2012-02-09,Thursday,19:00,2012-02-09T18:00:00Z,CSKA Moscow,Galatasaray Medical Park,Galatasaray Medical Park,CSKA Moscow,GAL,CSK,ABDI IPEKCI SPORTS HALL,"10, Yil Caddesi Zeytinburnu, 34760 Istanbul",10500,11300,68,64,132,4,Galatasaray Medical Park,CSKA Moscow,Home Win (68-64),68-64,No,15,13,16,23,24,18,13,10,,,Played,,"MARTIN, JOSE","CONDE, ANTONIO","CHIARI, ROBERTO",Galatasaray Medical Park team victory,Galatasaray Medical Park defeated CSKA Moscow 68-64 in Round 14 (Top 16).,Euroleague Basketball Official API (api-live.euroleague.net / live.euroleague.net)
151,E2011_151,2011-12,2011,E2011,Top 16,Top 16,Round 14,2012-02-09,Thursday,20:05,2012-02-09T19:05:00Z,Bennet Cantu,Maccabi Electra Tel Aviv,Maccabi Electra Tel Aviv,Bennet Cantu,TEL,CTU,NOKIA ARENA,,11060,11060,75,60,135,15,Maccabi Electra Tel Aviv,Bennet Cantu,Home Win (75-60),75-60,No,17,14,22,27,23,5,13,14,,,Played,,"BELOSEVIC, ILIJA","GKONTAS, SPIROS","VYKLICKY, ROBERT",Maccabi Electra Tel Aviv team victory,Maccabi Electra Tel Aviv defeated Bennet Cantu 75-60 in Round 14 (Top 16).,Euroleague Basketball Official API (api-live.euroleague.net / live.euroleague.net)
152,E2011_149,2011-12,2011,E2011,Top 16,Top 16,Round 14,2012-02-09,Thursday,20:45,2012-02-09T19:45:00Z,Fenerbahce Ulker,Panathinaikos Athens,Panathinaikos Athens,Fenerbahce Ulker,PAN,ULK,OAKA,"37 Kifisias Avenue, 15123 Marousi",18310,12500,72,62,134,10,Panathinaikos Athens,Fenerbahce Ulker,Home Win (72-62),72-62,No,24,13,16,14,18,16,14,19,,,Played,,"ZIEMBLICKI, GRZEGORZ","LOTTERMOSER, ROBERT","SHULGA, BORIS",Panathinaikos Athens team victory,Panathinaikos Athens defeated Fenerbahce Ulker 72-62 in Round 14 (Top 16).,Euroleague Basketball Official API (api-live.euroleague.net / live.euroleague.net)
153,E2011_153,2011-12,2011,E2011,Top 16,Top 16,Round 15,2012-02-22,Wednesday,17:15,2012-02-22T16:15:00Z,Olympiacos Piraeus,CSKA Moscow,CSKA Moscow,Olympiacos Piraeus,CSK,OLY,USH CSKA,"39 bld.3 Leningradskiy Prospect, Moscow, Russia",5113,5000,96,64,160,32,CSKA Moscow,Olympiacos Piraeus,Home Win (96-64),96-64,No,30,16,24,10,18,18,24,20,,,Played,,"BOLTAUZER, MATEJ","GARCIA, JOSE RAMON","SAHIN, TOLGA",CSKA Moscow team victory,CSKA Moscow defeated Olympiacos Piraeus 96-64 in Round 15 (Top 16).,Euroleague Basketball Official API (api-live.euroleague.net / live.euroleague.net)
154,E2011_156,2011-12,2011,E2011,Top 16,Top 16,Round 15,2012-02-22,Wednesday,19:00,2012-02-22T18:00:00Z,Montepaschi Siena,Gescrap Bilbao Basket,Gescrap Bilbao Basket,Montepaschi Siena,BIL,SIE,BILBAO ARENA,"Avenida Askatasuna 13, 48013 Bilbao",8800,9922,60,59,119,1,Gescrap Bilbao Basket,Montepaschi Siena,Home Win (60-59),60-59,No,7,8,14,14,18,17,21,20,,,Played,,"MUHVIC, DUBRAVKO","RYZHYK, BORYS","LOPES, LUIS",Gescrap Bilbao Basket team victory,Gescrap Bilbao Basket defeated Montepaschi Siena 60-59 in Round 15 (Top 16).,Euroleague Basketball Official API (api-live.euroleague.net / live.euroleague.net)
155,E2011_154,2011-12,2011,E2011,Top 16,Top 16,Round 15,2012-02-22,Wednesday,19:30,2012-02-22T18:30:00Z,Anadolu Efes Istanbul,Galatasaray Medical Park,Galatasaray Medical Park,Anadolu Efes Istanbul,GAL,IST,ABDI IPEKCI SPORTS HALL,"10, Yil Caddesi Zeytinburnu, 34760 Istanbul",10500,11300,64,56,120,8,Galatasaray Medical Park,Anadolu Efes Istanbul,Home Win (64-56),64-56,No,20,13,19,19,11,13,14,11,,,Played,,"ZIEMBLICKI, GRZEGORZ","VOJINOVIC, MILIJA","LATISEVS, OLEGS",Galatasaray Medical Park team victory,Galatasaray Medical Park defeated Anadolu Efes Istanbul 64-56 in Round 15 (Top 16).,Euroleague Basketball Official API (api-live.euroleague.net / live.euroleague.net)
156,E2011_157,2011-12,2011,E2011,Top 16,Top 16,Round 15,2012-02-23,Thursday,19:00,2012-02-23T18:00:00Z,Unics Kazan,Fenerbahce Ulker,Fenerbahce Ulker,Unics Kazan,ULK,UNK,FENERBAHCE ULKER SPORTS ARENA,"Barbaros Mah. Ihlamur Sok. Batı Ataşehir, 34764 Istanbul, Turkiye ",14868,11870,94,87,181,7,Fenerbahce Ulker,Unics Kazan,Home Win (94-87),94-87,Yes (1 OT),21,26,21,18,13,24,24,11,15,8,Played,,"PUKL,SASA","JOVCIC, MILIVOJE","BULTO, VICENTE",Fenerbahce Ulker team victory,Fenerbahce Ulker defeated Unics Kazan 94-87 in Round 15 (Top 16).,Euroleague Basketball Official API (api-live.euroleague.net / live.euroleague.net)
157,E2011_160,2011-12,2011,E2011,Top 16,Top 16,Round 15,2012-02-23,Thursday,20:05,2012-02-23T19:05:00Z,Zalgiris Kaunas,Maccabi Electra Tel Aviv,Maccabi Electra Tel Aviv,Zalgiris Kaunas,TEL,ZAL,NOKIA ARENA,,11060,11060,70,66,136,4,Maccabi Electra Tel Aviv,Zalgiris Kaunas,Home Win (70-66),70-66,No,11,25,22,12,11,12,26,17,,,Played,,"HIERREZUELO, DANIEL","ZAMOJSKI, JAKUB","KOROMILAS, ELIAS",Maccabi Electra Tel Aviv team victory,Maccabi Electra Tel Aviv defeated Zalgiris Kaunas 70-66 in Round 15 (Top 16).,Euroleague Basketball Official API (api-live.euroleague.net / live.euroleague.net)
158,E2011_155,2011-12,2011,E2011,Top 16,Top 16,Round 15,2012-02-23,Thursday,20:45,2012-02-23T19:45:00Z,Unicaja Malaga,Real Madrid,Real Madrid,Unicaja Malaga,MAD,MAL,PAB. DEP. COMUNIDAD DE MADRID,,11000,7342,86,65,151,21,Real Madrid,Unicaja Malaga,Home Win (86-65),86-65,No,14,22,27,19,18,12,27,12,,,Played,,"BELOSEVIC, ILIJA","RADOVIC, SRETEN","ANASTOPOULOS, PANAGIOTIS",Real Madrid team victory,Real Madrid defeated Unicaja Malaga 86-65 in Round 15 (Top 16).,Euroleague Basketball Official API (api-live.euroleague.net / live.euroleague.net)
159,E2011_159,2011-12,2011,E2011,Top 16,Top 16,Round 15,2012-02-23,Thursday,20:45,2012-02-23T19:45:00Z,FC Barcelona Regal,Bennet Cantu,Bennet Cantu,FC Barcelona Regal,CTU,BAR,PALADESIO,,6200,6289,62,63,125,1,FC Barcelona Regal,Bennet Cantu,Away Win (63-62),62-63,No,18,18,15,17,17,17,12,11,,,Played,,"CHRISTODOULOU, CHRISTOS","LOTTERMOSER, ROBERT","PILOIDIS, ANASTASIOS",FC Barcelona Regal team victory,FC Barcelona Regal defeated Bennet Cantu 62-63 in Round 15 (Top 16).,Euroleague Basketball Official API (api-live.euroleague.net / live.euroleague.net)
160,E2011_158,2011-12,2011,E2011,Top 16,Top 16,Round 15,2012-02-23,Thursday,21:00,2012-02-23T20:00:00Z,EA7 Emporio Armani,Panathinaikos Athens,Panathinaikos Athens,EA7 Emporio Armani,PAN,MIL,OAKA,"37 Kifisias Avenue, 15123 Marousi",18310,11000,58,67,125,9,EA7 Emporio Armani,Panathinaikos Athens,Away Win (67-58),58-67,No,11,16,21,18,14,19,12,14,,,Played,,"JUNGEBRAND, CARL","GARCIA, JUAN CARLOS","JAVOR, DAMIR",EA7 Emporio Armani team victory,EA7 Emporio Armani defeated Panathinaikos Athens 58-67 in Round 15 (Top 16).,Euroleague Basketball Official API (api-live.euroleague.net / live.euroleague.net)
161,E2011_165,2011-12,2011,E2011,Top 16,Top 16,Round 16,2012-02-29,Wednesday,18:30,2012-02-29T17:30:00Z,Panathinaikos Athens,Unics Kazan,Unics Kazan,Panathinaikos Athens,UNK,PAN,BASKET HALL KAZAN,"Spartakovskaya Street 1, 420107 Kazan",7500,6500,63,68,131,5,Panathinaikos Athens,Unics Kazan,Away Win (68-63),63-68,No,21,22,17,18,10,12,15,16,,,Played,,"LAMONICA, LUIGI","BOLTAUZER, MATEJ","LATISEVS, OLEGS",Panathinaikos Athens team victory,Panathinaikos Athens defeated Unics Kazan 63-68 in Round 16 (Top 16).,Euroleague Basketball Official API (api-live.euroleague.net / live.euroleague.net)
162,E2011_166,2011-12,2011,E2011,Top 16,Top 16,Round 16,2012-02-29,Wednesday,18:30,2012-02-29T17:30:00Z,Fenerbahce Ulker,EA7 Emporio Armani,EA7 Emporio Armani,Fenerbahce Ulker,MIL,ULK,MEDIOLANUM FORUM ,"Via G. Di Vittorio 6, 20090 Assago",11200,2500,85,72,157,13,EA7 Emporio Armani,Fenerbahce Ulker,Home Win (85-72),85-72,No,20,21,26,19,20,15,19,17,,,Played,,"MARTIN, JOSE","BELOSEVIC, ILIJA","VOJINOVIC, MILIJA",EA7 Emporio Armani team victory,EA7 Emporio Armani defeated Fenerbahce Ulker 85-72 in Round 16 (Top 16).,Euroleague Basketball Official API (api-live.euroleague.net / live.euroleague.net)
163,E2011_168,2011-12,2011,E2011,Top 16,Top 16,Round 16,2012-02-29,Wednesday,18:45,2012-02-29T17:45:00Z,Bennet Cantu,Zalgiris Kaunas,Zalgiris Kaunas,Bennet Cantu,ZAL,CTU,ZALGIRIO ARENA,"Karaliaus Mindaugo Av. 50, 44287 Kaunas",14502,9150,71,77,148,6,Bennet Cantu,Zalgiris Kaunas,Away Win (77-71),71-77,No,23,18,12,21,15,11,21,27,,,Played,,"RADOVIC, SRETEN","CONDE, ANTONIO","MANTYLA, PETRI",Bennet Cantu team victory,Bennet Cantu defeated Zalgiris Kaunas 71-77 in Round 16 (Top 16).,Euroleague Basketball Official API (api-live.euroleague.net / live.euroleague.net)
164,E2011_167,2011-12,2011,E2011,Top 16,Top 16,Round 16,2012-02-29,Wednesday,20:45,2012-02-29T19:45:00Z,Maccabi Electra Tel Aviv,FC Barcelona Regal,FC Barcelona Regal,Maccabi Electra Tel Aviv,BAR,TEL,PALAU BLAUGRANA,"Aristides Maillol Av S/N, 08028 Barcelona",7585,4624,70,67,137,3,FC Barcelona Regal,Maccabi Electra Tel Aviv,Home Win (70-67),70-67,No,19,21,15,12,17,11,19,23,,,Played,,"ANKARALI, RECEP","JOVCIC, MILIVOJE","SAHIN, TOLGA",FC Barcelona Regal team victory,FC Barcelona Regal defeated Maccabi Electra Tel Aviv 70-67 in Round 16 (Top 16).,Euroleague Basketball Official API (api-live.euroleague.net / live.euroleague.net)
165,E2011_162,2011-12,2011,E2011,Top 16,Top 16,Round 16,2012-03-01,Thursday,18:45,2012-03-01T17:45:00Z,CSKA Moscow,Anadolu Efes Istanbul,Anadolu Efes Istanbul,CSKA Moscow,IST,CSK,ABDI IPEKCI ARENA,"10, Yil Caddesi Zeytinburnu, 34760 Istanbul",11300,4800,65,82,147,17,CSKA Moscow,Anadolu Efes Istanbul,Away Win (82-65),65-82,No,20,22,17,25,17,17,11,18,,,Played,,"JUNGEBRAND, CARL","PEREZ, EMILIO","VIATOR, EDDIE",CSKA Moscow team victory,CSKA Moscow defeated Anadolu Efes Istanbul 65-82 in Round 16 (Top 16).,Euroleague Basketball Official API (api-live.euroleague.net / live.euroleague.net)
166,E2011_161,2011-12,2011,E2011,Top 16,Top 16,Round 16,2012-03-01,Thursday,20:45,2012-03-01T19:45:00Z,Galatasaray Medical Park,Olympiacos Piraeus,Olympiacos Piraeus,Galatasaray Medical Park,OLY,GAL,PEACE AND FRIENDSHIP STADIUM,"Ethnarchou Makariou Av., Piraeus",11039,7000,88,81,169,7,Olympiacos Piraeus,Galatasaray Medical Park,Home Win (88-81),88-81,No,24,14,19,21,24,23,21,23,,,Played,,"ARTEAGA, JUAN CARLOS","CEREBUCH, GUERRINO","BULTO, VICENTE",Olympiacos Piraeus team victory,Olympiacos Piraeus defeated Galatasaray Medical Park 88-81 in Round 16 (Top 16).,Euroleague Basketball Official API (api-live.euroleague.net / live.euroleague.net)
167,E2011_163,2011-12,2011,E2011,Top 16,Top 16,Round 16,2012-03-01,Thursday,20:45,2012-03-01T19:45:00Z,Gescrap Bilbao Basket,Unicaja Malaga,Unicaja Malaga,Gescrap Bilbao Basket,MAL,BIL,PALACIO DE LOS DEPORTES J.M. MARTIN CARPENA,"c/ Miguel Merida Nicolich 2, Malaga",10233,4000,55,59,114,4,Gescrap Bilbao Basket,Unicaja Malaga,Away Win (59-55),55-59,No,16,15,6,9,14,18,19,17,,,Played,,"ZIEMBLICKI, GRZEGORZ","TAURINO, PAOLO","VYKLICKY, ROBERT",Gescrap Bilbao Basket team victory,Gescrap Bilbao Basket defeated Unicaja Malaga 55-59 in Round 16 (Top 16).,Euroleague Basketball Official API (api-live.euroleague.net / live.euroleague.net)
168,E2011_164,2011-12,2011,E2011,Top 16,Top 16,Round 16,2012-03-01,Thursday,20:45,2012-03-01T19:45:00Z,Real Madrid,Montepaschi Siena,Montepaschi Siena,Real Madrid,SIE,MAD,PALAESTRA,,6000,5055,90,102,192,12,Real Madrid,Montepaschi Siena,Away Win (102-90),90-102,No,28,26,25,26,22,24,15,26,,,Played,,"PUKL,SASA","DOZAI, SRDAN","LOTTERMOSER, ROBERT",Real Madrid team victory,Real Madrid defeated Montepaschi Siena 90-102 in Round 16 (Top 16).,Euroleague Basketball Official API (api-live.euroleague.net / live.euroleague.net)
169,E2011_172,2011-12,2011,E2011,Playoffs,Quarter-Finals / Playoffs,Round 17,2012-03-20,Tuesday,19:00,2012-03-20T18:00:00Z,Unics Kazan,FC Barcelona Regal,FC Barcelona Regal,Unics Kazan,BAR,UNK,PALAU BLAUGRANA,"Aristides Maillol Av S/N, 08028 Barcelona",7585,5863,78,66,144,12,FC Barcelona Regal,Unics Kazan,Home Win (78-66),78-66,No,22,14,23,19,17,20,16,13,,,Played,,"JUNGEBRAND, CARL","GKONTAS, SPIROS","VYKLICKY, ROBERT",FC Barcelona Regal team victory,FC Barcelona Regal beat Unics Kazan 78-66 in Round 17 (PLAYOFF D).,Euroleague Basketball Official API (api-live.euroleague.net / live.euroleague.net)
170,E2011_171,2011-12,2011,E2011,Playoffs,Quarter-Finals / Playoffs,Round 17,2012-03-20,Tuesday,21:00,2012-03-20T20:00:00Z,Maccabi Electra Tel Aviv,Panathinaikos Athens,Panathinaikos Athens,Maccabi Electra Tel Aviv,PAN,TEL,OAKA,"37 Kifisias Avenue, 15123 Marousi",18310,18000,93,73,166,20,Panathinaikos Athens,Maccabi Electra Tel Aviv,Home Win (93-73),93-73,No,28,18,27,16,24,18,14,21,,,Played,,"PUKL,SASA","BULTO, VICENTE","LOTTERMOSER, ROBERT",Panathinaikos Athens team victory,Panathinaikos Athens beat Maccabi Electra Tel Aviv 93-73 in Round 17 (PLAYOFF C).,Euroleague Basketball Official API (api-live.euroleague.net / live.euroleague.net)
171,E2011_169,2011-12,2011,E2011,Playoffs,Quarter-Finals / Playoffs,Round 17,2012-03-21,Wednesday,17:15,2012-03-21T16:15:00Z,Gescrap Bilbao Basket,CSKA Moscow,CSKA Moscow,Gescrap Bilbao Basket,CSK,BIL,USH CSKA,"39 bld.3 Leningradskiy Prospect, Moscow, Russia",5113,4625,98,71,169,27,CSKA Moscow,Gescrap Bilbao Basket,Home Win (98-71),98-71,No,27,26,23,14,34,11,14,20,,,Played,,"BELOSEVIC, ILIJA","DOZAI, SRDAN","ANASTOPOULOS, PANAGIOTIS",CSKA Moscow team victory,CSKA Moscow beat Gescrap Bilbao Basket 98-71 in Round 17 (PLAYOFF A).,Euroleague Basketball Official API (api-live.euroleague.net / live.euroleague.net)
172,E2011_170,2011-12,2011,E2011,Playoffs,Quarter-Finals / Playoffs,Round 17,2012-03-21,Wednesday,20:45,2012-03-21T19:45:00Z,Olympiacos Piraeus,Montepaschi Siena,Montepaschi Siena,Olympiacos Piraeus,SIE,OLY,PALAESTRA,,6000,4768,75,82,157,7,Olympiacos Piraeus,Montepaschi Siena,Away Win (82-75),75-82,No,26,21,22,21,18,16,9,24,,,Played,,"MARTIN, JOSE","CONDE, ANTONIO","LATISEVS, OLEGS",Olympiacos Piraeus team victory,Olympiacos Piraeus beat Montepaschi Siena 75-82 in Round 17 (PLAYOFF B).,Euroleague Basketball Official API (api-live.euroleague.net / live.euroleague.net)
173,E2011_175,2011-12,2011,E2011,Playoffs,Quarter-Finals / Playoffs,Round 18,2012-03-22,Thursday,20:00,2012-03-22T19:00:00Z,Maccabi Electra Tel Aviv,Panathinaikos Athens,Panathinaikos Athens,Maccabi Electra Tel Aviv,PAN,TEL,OAKA,"37 Kifisias Avenue, 15123 Marousi",18310,18000,92,94,186,2,Maccabi Electra Tel Aviv,Panathinaikos Athens,Away Win (94-92),92-94,Yes (1 OT),24,20,19,21,15,20,25,22,9,11,Played,,"ZIEMBLICKI, GRZEGORZ","HIERREZUELO, DANIEL","PEREZ, EMILIO",Maccabi Electra Tel Aviv team victory,Maccabi Electra Tel Aviv beat Panathinaikos Athens 92-94 in Round 18 (PLAYOFF C).,Euroleague Basketball Official API (api-live.euroleague.net / live.euroleague.net)
174,E2011_176,2011-12,2011,E2011,Playoffs,Quarter-Finals / Playoffs,Round 18,2012-03-22,Thursday,20:45,2012-03-22T19:45:00Z,Unics Kazan,FC Barcelona Regal,FC Barcelona Regal,Unics Kazan,BAR,UNK,PALAU BLAUGRANA,"Aristides Maillol Av S/N, 08028 Barcelona",7585,5073,66,63,129,3,FC Barcelona Regal,Unics Kazan,Home Win (66-63),66-63,No,17,13,16,17,18,18,15,15,,,Played,,"LAMONICA, LUIGI","RYZHYK, BORYS","VOJINOVIC, MILIJA",FC Barcelona Regal team victory,FC Barcelona Regal beat Unics Kazan 66-63 in Round 18 (PLAYOFF D).,Euroleague Basketball Official API (api-live.euroleague.net / live.euroleague.net)
175,E2011_173,2011-12,2011,E2011,Playoffs,Quarter-Finals / Playoffs,Round 18,2012-03-23,Friday,17:15,2012-03-23T16:15:00Z,Gescrap Bilbao Basket,CSKA Moscow,CSKA Moscow,Gescrap Bilbao Basket,CSK,BIL,USH CSKA,"39 bld.3 Leningradskiy Prospect, Moscow, Russia",5113,4900,79,60,139,19,CSKA Moscow,Gescrap Bilbao Basket,Home Win (79-60),79-60,No,26,15,15,21,17,16,21,8,,,Played,,"MUHVIC, DUBRAVKO","VIATOR, EDDIE","PILOIDIS, ANASTASIOS",CSKA Moscow team victory,CSKA Moscow beat Gescrap Bilbao Basket 79-60 in Round 18 (PLAYOFF A).,Euroleague Basketball Official API (api-live.euroleague.net / live.euroleague.net)
176,E2011_174,2011-12,2011,E2011,Playoffs,Quarter-Finals / Playoffs,Round 18,2012-03-23,Friday,20:45,2012-03-23T19:45:00Z,Olympiacos Piraeus,Montepaschi Siena,Montepaschi Siena,Olympiacos Piraeus,SIE,OLY,PALAESTRA,,6000,5061,81,80,161,1,Montepaschi Siena,Olympiacos Piraeus,Home Win (81-80),81-80,No,22,18,26,17,19,18,14,27,,,Played,,"ARTEAGA, JUAN CARLOS","RADOVIC, SRETEN","BOLTAUZER, MATEJ",Montepaschi Siena team victory,Montepaschi Siena beat Olympiacos Piraeus 81-80 in Round 18 (PLAYOFF B).,Euroleague Basketball Official API (api-live.euroleague.net / live.euroleague.net)
177,E2011_180,2011-12,2011,E2011,Playoffs,Quarter-Finals / Playoffs,Round 19,2012-03-27,Tuesday,18:00,2012-03-27T16:00:00Z,FC Barcelona Regal,Unics Kazan,Unics Kazan,FC Barcelona Regal,UNK,BAR,BASKET HALL KAZAN,"Spartakovskaya Street 1, 420107 Kazan",7500,5000,56,67,123,11,FC Barcelona Regal,Unics Kazan,Away Win (67-56),56-67,No,19,17,15,11,11,18,11,21,,,Played,,"CHRISTODOULOU, CHRISTOS","JOVCIC, MILIVOJE","SAHIN, TOLGA",FC Barcelona Regal team victory,FC Barcelona Regal beat Unics Kazan 56-67 in Round 19 (PLAYOFF D).,Euroleague Basketball Official API (api-live.euroleague.net / live.euroleague.net)
178,E2011_179,2011-12,2011,E2011,Playoffs,Quarter-Finals / Playoffs,Round 19,2012-03-27,Tuesday,20:45,2012-03-27T18:45:00Z,Panathinaikos Athens,Maccabi Electra Tel Aviv,Maccabi Electra Tel Aviv,Panathinaikos Athens,TEL,PAN,NOKIA ARENA,,11060,11060,65,62,127,3,Maccabi Electra Tel Aviv,Panathinaikos Athens,Home Win (65-62),65-62,No,24,13,17,15,9,16,15,18,,,Played,,"LAMONICA, LUIGI","MARTIN, JOSE","ANKARALI, RECEP",Maccabi Electra Tel Aviv team victory,Maccabi Electra Tel Aviv beat Panathinaikos Athens 65-62 in Round 19 (PLAYOFF C).,Euroleague Basketball Official API (api-live.euroleague.net / live.euroleague.net)
179,E2011_177,2011-12,2011,E2011,Playoffs,Quarter-Finals / Playoffs,Round 19,2012-03-28,Wednesday,19:00,2012-03-28T17:00:00Z,CSKA Moscow,Gescrap Bilbao Basket,Gescrap Bilbao Basket,CSKA Moscow,BIL,CSK,BILBAO ARENA,"Avenida Askatasuna 13, 48013 Bilbao",8800,10014,94,81,175,13,Gescrap Bilbao Basket,CSKA Moscow,Home Win (94-81),94-81,No,25,24,22,16,24,17,23,24,,,Played,,"CEREBUCH, GUERRINO","ROCHA, FERNANDO","KOROMILAS, ELIAS",Gescrap Bilbao Basket team victory,Gescrap Bilbao Basket beat CSKA Moscow 94-81 in Round 19 (PLAYOFF A).,Euroleague Basketball Official API (api-live.euroleague.net / live.euroleague.net)
180,E2011_178,2011-12,2011,E2011,Playoffs,Quarter-Finals / Playoffs,Round 19,2012-03-28,Wednesday,20:00,2012-03-28T18:00:00Z,Montepaschi Siena,Olympiacos Piraeus,Olympiacos Piraeus,Montepaschi Siena,OLY,SIE,PEACE AND FRIENDSHIP STADIUM,"Ethnarchou Makariou Av., Piraeus",11039,12000,75,55,130,20,Olympiacos Piraeus,Montepaschi Siena,Home Win (75-55),75-55,No,14,12,18,9,16,9,27,25,,,Played,,"ZIEMBLICKI, GRZEGORZ","LOTTERMOSER, ROBERT","PEREZ, EMILIO",Olympiacos Piraeus team victory,Olympiacos Piraeus beat Montepaschi Siena 75-55 in Round 19 (PLAYOFF B).,Euroleague Basketball Official API (api-live.euroleague.net / live.euroleague.net)
181,E2011_183,2011-12,2011,E2011,Playoffs,Quarter-Finals / Playoffs,Round 20,2012-03-29,Thursday,21:05,2012-03-29T19:05:00Z,Panathinaikos Athens,Maccabi Electra Tel Aviv,Maccabi Electra Tel Aviv,Panathinaikos Athens,TEL,PAN,NOKIA ARENA,,11060,11060,69,78,147,9,Panathinaikos Athens,Maccabi Electra Tel Aviv,Away Win (78-69),69-78,No,19,17,17,24,14,13,19,24,,,Played,,"JUNGEBRAND, CARL","RYZHYK, BORYS","GARCIA, JUAN CARLOS",Panathinaikos Athens team victory,Panathinaikos Athens beat Maccabi Electra Tel Aviv 69-78 in Round 20 (PLAYOFF C).,Euroleague Basketball Official API (api-live.euroleague.net / live.euroleague.net)
182,E2011_181,2011-12,2011,E2011,Playoffs,Quarter-Finals / Playoffs,Round 20,2012-03-30,Friday,20:30,2012-03-30T18:30:00Z,CSKA Moscow,Gescrap Bilbao Basket,Gescrap Bilbao Basket,CSKA Moscow,BIL,CSK,BILBAO ARENA,"Avenida Askatasuna 13, 48013 Bilbao",8800,10014,71,73,144,2,CSKA Moscow,Gescrap Bilbao Basket,Away Win (73-71),71-73,No,15,21,13,18,19,17,24,17,,,Played,,"PUKL,SASA","ZAMOJSKI, JAKUB","JAVOR, DAMIR",CSKA Moscow team victory,CSKA Moscow beat Gescrap Bilbao Basket 71-73 in Round 20 (PLAYOFF A).,Euroleague Basketball Official API (api-live.euroleague.net / live.euroleague.net)
183,E2011_182,2011-12,2011,E2011,Playoffs,Quarter-Finals / Playoffs,Round 20,2012-03-30,Friday,20:45,2012-03-30T18:45:00Z,Montepaschi Siena,Olympiacos Piraeus,Olympiacos Piraeus,Montepaschi Siena,OLY,SIE,PEACE AND FRIENDSHIP STADIUM,"Ethnarchou Makariou Av., Piraeus",11039,12000,76,69,145,7,Olympiacos Piraeus,Montepaschi Siena,Home Win (76-69),76-69,No,21,21,17,18,16,16,22,14,,,Played,,"ARTEAGA, JUAN CARLOS","BULTO, VICENTE","VIATOR, EDDIE",Olympiacos Piraeus team victory,Olympiacos Piraeus beat Montepaschi Siena 76-69 in Round 20 (PLAYOFF B).,Euroleague Basketball Official API (api-live.euroleague.net / live.euroleague.net)
184,E2011_184,2011-12,2011,E2011,Playoffs,Quarter-Finals / Playoffs,Round 21,2012-04-05,Thursday,20:45,2012-04-05T18:45:00Z,Maccabi Electra Tel Aviv,Panathinaikos Athens,Panathinaikos Athens,Maccabi Electra Tel Aviv,PAN,TEL,OAKA,"37 Kifisias Avenue, 15123 Marousi",18310,18000,86,85,171,1,Panathinaikos Athens,Maccabi Electra Tel Aviv,Home Win (86-85),86-85,No,18,20,23,12,21,21,24,32,,,Played,,"CEREBUCH, GUERRINO","RADOVIC, SRETEN","SAHIN, TOLGA",Panathinaikos Athens team victory,Panathinaikos Athens beat Maccabi Electra Tel Aviv 86-85 in Round 21 (PLAYOFF C).,Euroleague Basketball Official API (api-live.euroleague.net / live.euroleague.net)
185,E2011_185,2011-12,2011,E2011,Final Four,Final Four Semifinal,Round 22,2012-05-11,Friday,17:00,2012-05-11T15:00:00Z,Panathinaikos Athens,CSKA Moscow,CSKA Moscow,Panathinaikos Athens,CSK,PAN,SINAN ERDEM DOME,,14868,15262,66,64,130,2,CSKA Moscow,Panathinaikos Athens,Home Win (66-64),66-64,No,15,29,17,5,19,21,15,9,,,Played,,"JUNGEBRAND, CARL","MARTIN, JOSE","RADOVIC, SRETEN",CSKA Moscow team victory,CSKA Moscow defeated Panathinaikos Athens 66-64 in Final Four (Final Four Semifinal) at SINAN ERDEM DOME.,Euroleague Basketball Official API (api-live.euroleague.net / live.euroleague.net)
186,E2011_186,2011-12,2011,E2011,Final Four,Final Four Semifinal,Round 22,2012-05-11,Friday,20:00,2012-05-11T18:00:00Z,FC Barcelona Regal,Olympiacos Piraeus,Olympiacos Piraeus,FC Barcelona Regal,OLY,BAR,SINAN ERDEM DOME,,14868,15262,68,64,132,4,Olympiacos Piraeus,FC Barcelona Regal,Home Win (68-64),68-64,No,17,11,16,18,17,18,18,17,,,Played,,"LAMONICA, LUIGI","LOTTERMOSER, ROBERT","SAHIN, TOLGA",Olympiacos Piraeus team victory,Olympiacos Piraeus defeated FC Barcelona Regal 68-64 in Final Four (Final Four Semifinal) at SINAN ERDEM DOME.,Euroleague Basketball Official API (api-live.euroleague.net / live.euroleague.net)
187,E2011_187,2011-12,2011,E2011,Final Four,Third Place Game,Round 23,2012-05-13,Sunday,17:00,2012-05-13T15:00:00Z,FC Barcelona Regal,Panathinaikos Athens,Panathinaikos Athens,FC Barcelona Regal,PAN,BAR,SINAN ERDEM DOME,,14868,15262,69,74,143,5,FC Barcelona Regal,Panathinaikos Athens,Away Win (74-69),69-74,No,20,21,17,27,15,10,17,16,,,Played,,"ANKARALI, RECEP","LOTTERMOSER, ROBERT","LATISEVS, OLEGS",FC Barcelona Regal team victory,FC Barcelona Regal defeated Panathinaikos Athens 69-74 in Round 23 (Third Place Game).,Euroleague Basketball Official API (api-live.euroleague.net / live.euroleague.net)
188,E2011_188,2011-12,2011,E2011,Final Four,Championship Game,Round 23,2012-05-13,Sunday,20:00,2012-05-13T18:00:00Z,Olympiacos Piraeus,CSKA Moscow,CSKA Moscow,Olympiacos Piraeus,CSK,OLY,SINAN ERDEM DOME,,14868,15550,61,62,123,1,Olympiacos Piraeus,CSKA Moscow,Away Win (62-61),61-62,No,10,7,24,13,19,20,8,22,,,Played,,"LAMONICA, LUIGI","MARTIN, JOSE","SAHIN, TOLGA",Olympiacos Piraeus team victory,Olympiacos Piraeus crowned EuroLeague Champions after defeating CSKA Moscow 61-62 at SINAN ERDEM DOME.,Euroleague Basketball Official API (api-live.euroleague.net / live.euroleague.net)
