Game Number,Game ID,Season,Season Year,Season Code,Season Phase,Game Type,Round / Stage,Date,Day of Week,Start Time (CET/CEST),UTC Date,Team A,Team B,Home,Away,Home Team Code,Away Team Code,Venue,City / Address,Capacity,Attendance,Home Score,Away Score,Total Points,Winning Margin,Winning Team,Losing Team,Result,Game Score,Overtime,Home Q1,Away Q1,Home Q2,Away Q2,Home Q3,Away Q3,Home Q4,Away Q4,Home OT,Away OT,Game Status,Cancellation Reason,Lead Referee,Referee 2,Referee 3,Notable Players,A Succint one line game comment to summarise that game,Primary Data Source
1,E2015_9,2015-16,2015,E2015,Regular Season,Regular Season,Round 1,2015-10-15,Thursday,18:00,2015-10-15T16:00:00Z,FC Barcelona Lassa,Pinar Karsiyaka,Pinar Karsiyaka,FC Barcelona Lassa,KSK,BAR,KARSIYAKA ARENA,,5000,4579,71,62,133,9,Pinar Karsiyaka,FC Barcelona Lassa,Home Win (71-62),71-62,No,18,18,11,9,25,11,17,24,,,Played,,"LAMONICA, LUIGI","HERCEG, SINISA","PETEK, SASO",Pinar Karsiyaka team victory,Pinar Karsiyaka defeated FC Barcelona Lassa 71-62 in Round 1 (Regular Season).,Euroleague Basketball Official API (api-live.euroleague.net / live.euroleague.net)
2,E2015_2,2015-16,2015,E2015,Regular Season,Regular Season,Round 1,2015-10-15,Thursday,19:00,2015-10-15T17:00:00Z,Strasbourg,Crvena Zvezda Telekom Belgrade,Crvena Zvezda Telekom Belgrade,Strasbourg,RED,STR,KOMBANK ARENA,"Bulevar Arsenija Carnojevica 58, 11070 Belgrade - Serbia",18212,14338,81,59,140,22,Crvena Zvezda Telekom Belgrade,Strasbourg,Home Win (81-59),81-59,No,19,20,24,12,19,16,19,11,,,Played,,"HIERREZUELO, DANIEL","ZAMOJSKI, JAKUB","HALLIKO, AARE",Crvena Zvezda Telekom Belgrade team victory,Crvena Zvezda Telekom Belgrade defeated Strasbourg 81-59 in Round 1 (Regular Season).,Euroleague Basketball Official API (api-live.euroleague.net / live.euroleague.net)
3,E2015_12,2015-16,2015,E2015,Regular Season,Regular Season,Round 1,2015-10-15,Thursday,19:00,2015-10-15T17:00:00Z,Maccabi FOX Tel Aviv,CSKA Moscow,CSKA Moscow,Maccabi FOX Tel Aviv,CSK,TEL,USH CSKA,"39 bld.3 Leningradskiy Prospect, Moscow, Russia",5113,4831,100,69,169,31,CSKA Moscow,Maccabi FOX Tel Aviv,Home Win (100-69),100-69,No,29,20,15,9,29,19,27,21,,,Played,,"LOTTERMOSER, ROBERT","LATISEVS, OLEGS","SAHIN, TOLGA",CSKA Moscow team victory,CSKA Moscow defeated Maccabi FOX Tel Aviv 100-69 in Round 1 (Regular Season).,Euroleague Basketball Official API (api-live.euroleague.net / live.euroleague.net)
4,E2015_11,2015-16,2015,E2015,Regular Season,Regular Season,Round 1,2015-10-15,Thursday,20:00,2015-10-15T18:00:00Z,Dinamo Banco di Sardegna Sassari,Darussafaka Dogus Istanbul,Darussafaka Dogus Istanbul,Dinamo Banco di Sardegna Sassari,DAR,SAS,AYHAN SAHENK SPORTS HALL,,3509,4755,83,74,157,9,Darussafaka Dogus Istanbul,Dinamo Banco di Sardegna Sassari,Home Win (83-74),83-74,Yes (1 OT),15,19,17,12,14,19,20,16,17,8,Played,,"ROCHA, FERNANDO","JIMENEZ, BENJAMIN","ROMANO, DAVID",Darussafaka Dogus Istanbul team victory,Darussafaka Dogus Istanbul defeated Dinamo Banco di Sardegna Sassari 83-74 in Round 1 (Regular Season).,Euroleague Basketball Official API (api-live.euroleague.net / live.euroleague.net)
5,E2015_5,2015-16,2015,E2015,Regular Season,Regular Season,Round 1,2015-10-15,Thursday,20:45,2015-10-15T18:45:00Z,Cedevita Zagreb,Olympiacos Piraeus,Olympiacos Piraeus,Cedevita Zagreb,OLY,CED,HERAKLION ARENA,,5190,5006,76,61,137,15,Olympiacos Piraeus,Cedevita Zagreb,Home Win (76-61),76-61,No,21,20,17,15,19,13,19,13,,,Played,,"PEREZ, MIGUEL ANGEL","PATERNICO, CARMELO","CMIKIEWICZ, MAREK",Olympiacos Piraeus team victory,Olympiacos Piraeus defeated Cedevita Zagreb 76-61 in Round 1 (Regular Season).,Euroleague Basketball Official API (api-live.euroleague.net / live.euroleague.net)
6,E2015_10,2015-16,2015,E2015,Regular Season,Regular Season,Round 1,2015-10-15,Thursday,20:45,2015-10-15T18:45:00Z,Brose Baskets Bamberg,Unicaja Malaga,Unicaja Malaga,Brose Baskets Bamberg,MAL,BAM,MARTIN CARPENA,"c/ Miguel Merida Nicolich 2, Malaga",10642,6031,76,71,147,5,Unicaja Malaga,Brose Baskets Bamberg,Home Win (76-71),76-71,No,18,18,18,16,27,15,13,22,,,Played,,"VIATOR, EDDIE","FOUFIS, IOANNIS","HORDOV, TOMISLAV ",Unicaja Malaga team victory,Unicaja Malaga defeated Brose Baskets Bamberg 76-71 in Round 1 (Regular Season).,Euroleague Basketball Official API (api-live.euroleague.net / live.euroleague.net)
7,E2015_8,2015-16,2015,E2015,Regular Season,Regular Season,Round 1,2015-10-16,Friday,17:00,2015-10-16T15:00:00Z,Panathinaikos Athens,Lokomotiv Kuban Krasnodar,Lokomotiv Kuban Krasnodar,Panathinaikos Athens,TIV,PAN,BASKET HALL,"Prigorodnaya str. 24, 350000 Krasnodar",7000,5778,81,70,151,11,Lokomotiv Kuban Krasnodar,Panathinaikos Athens,Home Win (81-70),81-70,No,17,21,28,20,18,20,18,9,,,Played,,"RYZHYK, BORYS","VOJINOVIC, MILIJA","MANTYLA, PETRI",Lokomotiv Kuban Krasnodar team victory,Lokomotiv Kuban Krasnodar defeated Panathinaikos Athens 81-70 in Round 1 (Regular Season).,Euroleague Basketball Official API (api-live.euroleague.net / live.euroleague.net)
8,E2015_3,2015-16,2015,E2015,Regular Season,Regular Season,Round 1,2015-10-16,Friday,18:45,2015-10-16T16:45:00Z,FC Bayern Munich,Fenerbahce Ulker,Fenerbahce Ulker,FC Bayern Munich,ULK,MUN,ULKER SPORTS AND EVENT HALL,"Barbaros Mah. Ihlamur Sok. Batı Ataşehir, 34764 Istanbul, Turkiye ",13000,10085,74,67,141,7,Fenerbahce Ulker,FC Bayern Munich,Home Win (74-67),74-67,No,10,20,20,19,22,20,22,8,,,Played,,"CHRISTODOULOU, CHRISTOS","BOLTAUZER, MATEJ","PASTUSIAK, PIOTR",Fenerbahce Ulker team victory,Fenerbahce Ulker defeated FC Bayern Munich 74-67 in Round 1 (Regular Season).,Euroleague Basketball Official API (api-live.euroleague.net / live.euroleague.net)
9,E2015_1,2015-16,2015,E2015,Regular Season,Regular Season,Round 1,2015-10-16,Friday,19:00,2015-10-16T17:00:00Z,Real Madrid,Khimki Moscow Region,Khimki Moscow Region,Real Madrid,KHI,MAD,BASKETBALL CENTER OF MOSCOW REGION,"Kirov Str. 27 141400 Khimki, Moscow Region - Russian Federation",5000,3507,84,70,154,14,Khimki Moscow Region,Real Madrid,Home Win (84-70),84-70,No,21,14,22,18,18,17,23,21,,,Played,,"RADOVIC, SRETEN","JAVOR, DAMIR","KOWALSKI, MARCIN",Khimki Moscow Region team victory,Khimki Moscow Region defeated Real Madrid 84-70 in Round 1 (Regular Season).,Euroleague Basketball Official API (api-live.euroleague.net / live.euroleague.net)
10,E2015_7,2015-16,2015,E2015,Regular Season,Regular Season,Round 1,2015-10-16,Friday,19:00,2015-10-16T17:00:00Z,Zalgiris Kaunas,Stelmet Zielona Gora,Stelmet Zielona Gora,Zalgiris Kaunas,GSS,ZAL,CENTRUM REKREACYJNO SPORTOWE,"Sulechowska 41 Street, 65-119 Zielona Gora",5023,3482,62,66,128,4,Zalgiris Kaunas,Stelmet Zielona Gora,Away Win (66-62),62-66,No,17,15,18,19,18,12,9,20,,,Played,,"JOVCIC, MILIVOJE","ANASTOPOULOS, PANAGIOTIS","KARTAL, ERSAN",Zalgiris Kaunas team victory,Zalgiris Kaunas defeated Stelmet Zielona Gora 62-66 in Round 1 (Regular Season).,Euroleague Basketball Official API (api-live.euroleague.net / live.euroleague.net)
11,E2015_4,2015-16,2015,E2015,Regular Season,Regular Season,Round 1,2015-10-16,Friday,20:45,2015-10-16T18:45:00Z,Laboral Kutxa Vitoria Gasteiz,EA7 Emporio Armani Milan,EA7 Emporio Armani Milan,Laboral Kutxa Vitoria Gasteiz,MIL,BAS,MEDIOLANUM FORUM,"Via G. Di Vittorio 6, 20090 Assago",12627,7208,78,76,154,2,EA7 Emporio Armani Milan,Laboral Kutxa Vitoria Gasteiz,Home Win (78-76),78-76,No,17,23,21,13,23,10,17,30,,,Played,,"BELOSEVIC, ILIJA","KOROMILAS, ELIAS","BISSANG, JOSEPH",EA7 Emporio Armani Milan team victory,EA7 Emporio Armani Milan defeated Laboral Kutxa Vitoria Gasteiz 78-76 in Round 1 (Regular Season).,Euroleague Basketball Official API (api-live.euroleague.net / live.euroleague.net)
12,E2015_6,2015-16,2015,E2015,Regular Season,Regular Season,Round 1,2015-10-16,Friday,20:45,2015-10-16T18:45:00Z,Anadolu Efes Istanbul,Limoges CSP,Limoges CSP,Anadolu Efes Istanbul,LMG,IST,PALAIS DES SPORTS DE BEAUBLANC,"Boulevard Beaublanc 23, 87100, Limoges, France",5516,4871,77,89,166,12,Anadolu Efes Istanbul,Limoges CSP,Away Win (89-77),77-89,No,17,30,20,17,19,21,21,21,,,Played,,"PUKL,SASA","GKONTAS, SPIROS","KOLJENSIC, MILOS ",Anadolu Efes Istanbul team victory,Anadolu Efes Istanbul defeated Limoges CSP 77-89 in Round 1 (Regular Season).,Euroleague Basketball Official API (api-live.euroleague.net / live.euroleague.net)
13,E2015_16,2015-16,2015,E2015,Regular Season,Regular Season,Round 2,2015-10-22,Thursday,19:00,2015-10-22T17:00:00Z,EA7 Emporio Armani Milan,Anadolu Efes Istanbul,Anadolu Efes Istanbul,EA7 Emporio Armani Milan,IST,MIL,ABDI IPEKCI ARENA,"10, Yil Caddesi Zeytinburnu, 34760 Istanbul",11300,5317,89,73,162,16,Anadolu Efes Istanbul,EA7 Emporio Armani Milan,Home Win (89-73),89-73,No,21,20,22,22,26,21,20,10,,,Played,,"LOTTERMOSER, ROBERT","VIATOR, EDDIE","PERUGA, CARLOS",Anadolu Efes Istanbul team victory,Anadolu Efes Istanbul defeated EA7 Emporio Armani Milan 89-73 in Round 2 (Regular Season).,Euroleague Basketball Official API (api-live.euroleague.net / live.euroleague.net)
14,E2015_17,2015-16,2015,E2015,Regular Season,Regular Season,Round 2,2015-10-22,Thursday,19:30,2015-10-22T17:30:00Z,Limoges CSP,Cedevita Zagreb,Cedevita Zagreb,Limoges CSP,CED,LMG,DRAZEN PETROVIC ZAGREB,"Savska 30, 10000 Zagreb, Croatia",5500,2556,80,84,164,4,Limoges CSP,Cedevita Zagreb,Away Win (84-80),80-84,No,19,27,13,17,22,15,26,25,,,Played,,"PEREZ, EMILIO","FOUFIS, IOANNIS","ZASHCHUK, SERGEY",Limoges CSP team victory,Limoges CSP defeated Cedevita Zagreb 80-84 in Round 2 (Regular Season).,Euroleague Basketball Official API (api-live.euroleague.net / live.euroleague.net)
15,E2015_22,2015-16,2015,E2015,Regular Season,Regular Season,Round 2,2015-10-22,Thursday,20:05,2015-10-22T18:05:00Z,Unicaja Malaga,Maccabi FOX Tel Aviv,Maccabi FOX Tel Aviv,Unicaja Malaga,TEL,MAL,MENORA MIVTACHIM ARENA,"51, Igal Alon, 67062 Tel Aviv",11192,11060,82,93,175,11,Unicaja Malaga,Maccabi FOX Tel Aviv,Away Win (93-82),82-93,No,21,24,26,23,16,21,19,25,,,Played,,"BELOSEVIC, ILIJA","JAVOR, DAMIR","PASTUSIAK, PIOTR",Unicaja Malaga team victory,Unicaja Malaga defeated Maccabi FOX Tel Aviv 82-93 in Round 2 (Regular Season).,Euroleague Basketball Official API (api-live.euroleague.net / live.euroleague.net)
16,E2015_13,2015-16,2015,E2015,Regular Season,Regular Season,Round 2,2015-10-22,Thursday,20:45,2015-10-22T18:45:00Z,Khimki Moscow Region,FC Bayern Munich,FC Bayern Munich,Khimki Moscow Region,MUN,KHI,AUDI DOME,"Grasweg 74, 81373 Munich",6500,5869,69,60,129,9,FC Bayern Munich,Khimki Moscow Region,Home Win (69-60),69-60,No,22,16,23,15,14,20,10,9,,,Played,,"GARCIA, JUAN CARLOS","ANASTOPOULOS, PANAGIOTIS","PETEK, SASO",FC Bayern Munich team victory,FC Bayern Munich defeated Khimki Moscow Region 69-60 in Round 2 (Regular Season).,Euroleague Basketball Official API (api-live.euroleague.net / live.euroleague.net)
17,E2015_20,2015-16,2015,E2015,Regular Season,Regular Season,Round 2,2015-10-22,Thursday,21:00,2015-10-22T19:00:00Z,Pinar Karsiyaka,Panathinaikos Athens,Panathinaikos Athens,Pinar Karsiyaka,PAN,KSK,OLYMPIC SPORTS CENTER ATHENS,"37 Kifisias Avenue, 15123 Marousi",18200,4515,85,73,158,12,Panathinaikos Athens,Pinar Karsiyaka,Home Win (85-73),85-73,No,30,15,17,19,17,18,21,21,,,Played,,"RADOVIC, SRETEN","ZAMOJSKI, JAKUB","JIMENEZ, BENJAMIN",Panathinaikos Athens team victory,Panathinaikos Athens defeated Pinar Karsiyaka 85-73 in Round 2 (Regular Season).,Euroleague Basketball Official API (api-live.euroleague.net / live.euroleague.net)
18,E2015_15,2015-16,2015,E2015,Regular Season,Regular Season,Round 2,2015-10-22,Thursday,22:00,2015-10-22T20:00:00Z,Crvena Zvezda Telekom Belgrade,Real Madrid,Real Madrid,Crvena Zvezda Telekom Belgrade,MAD,RED,BARCLAYCARD CENTER,"Avenida de Felipe II 1, 28009, Madrid",13109,11486,98,71,169,27,Real Madrid,Crvena Zvezda Telekom Belgrade,Home Win (98-71),98-71,No,22,6,34,14,26,21,16,30,,,Played,,"ROCHA, FERNANDO","GKONTAS, SPIROS","ROMANO, DAVID",Real Madrid team victory,Real Madrid defeated Crvena Zvezda Telekom Belgrade 98-71 in Round 2 (Regular Season).,Euroleague Basketball Official API (api-live.euroleague.net / live.euroleague.net)
19,E2015_21,2015-16,2015,E2015,Regular Season,Regular Season,Round 2,2015-10-23,Friday,18:45,2015-10-23T16:45:00Z,Lokomotiv Kuban Krasnodar,Zalgiris Kaunas,Zalgiris Kaunas,Lokomotiv Kuban Krasnodar,ZAL,TIV,ZALGIRIO ARENA,"Karaliaus Mindaugo Av. 50, 44287 Kaunas",15442,10488,74,76,150,2,Lokomotiv Kuban Krasnodar,Zalgiris Kaunas,Away Win (76-74),74-76,No,31,27,9,16,17,17,17,16,,,Played,,"PUKL,SASA","LATISEVS, OLEGS","CMIKIEWICZ, MAREK",Lokomotiv Kuban Krasnodar team victory,Lokomotiv Kuban Krasnodar defeated Zalgiris Kaunas 74-76 in Round 2 (Regular Season).,Euroleague Basketball Official API (api-live.euroleague.net / live.euroleague.net)
20,E2015_24,2015-16,2015,E2015,Regular Season,Regular Season,Round 2,2015-10-23,Friday,20:00,2015-10-23T18:00:00Z,Darussafaka Dogus Istanbul,Brose Baskets Bamberg,Brose Baskets Bamberg,Darussafaka Dogus Istanbul,BAM,DAR,BROSE ARENA,"Forchheimer Str.15, Bamberg",5700,6800,86,76,162,10,Brose Baskets Bamberg,Darussafaka Dogus Istanbul,Home Win (86-76),86-76,No,20,13,16,14,31,29,19,20,,,Played,,"LAMONICA, LUIGI","BOLTAUZER, MATEJ","KOLJENSIC, MILOS ",Brose Baskets Bamberg team victory,Brose Baskets Bamberg defeated Darussafaka Dogus Istanbul 86-76 in Round 2 (Regular Season).,Euroleague Basketball Official API (api-live.euroleague.net / live.euroleague.net)
21,E2015_18,2015-16,2015,E2015,Regular Season,Regular Season,Round 2,2015-10-23,Friday,20:30,2015-10-23T18:30:00Z,Olympiacos Piraeus,Laboral Kutxa Vitoria Gasteiz,Laboral Kutxa Vitoria Gasteiz,Olympiacos Piraeus,BAS,OLY,FERNANDO BUESA ARENA,"Ctra.  Zurbano s/n, 01013 Vitoria",15504,10826,96,89,185,7,Laboral Kutxa Vitoria Gasteiz,Olympiacos Piraeus,Home Win (96-89),96-89,Yes (1 OT),21,18,27,21,21,24,11,17,16,9,Played,,"RYZHYK, BORYS","SAHIN, TOLGA","VOJINOVIC, MILIJA",Laboral Kutxa Vitoria Gasteiz team victory,Laboral Kutxa Vitoria Gasteiz defeated Olympiacos Piraeus 96-89 in Round 2 (Regular Season).,Euroleague Basketball Official API (api-live.euroleague.net / live.euroleague.net)
22,E2015_14,2015-16,2015,E2015,Regular Season,Regular Season,Round 2,2015-10-23,Friday,20:45,2015-10-23T18:45:00Z,Fenerbahce Ulker,Strasbourg,Strasbourg,Fenerbahce Ulker,STR,ULK,RHENUS SPORT,"Boulevard de Dresde, 67000 Strasbourg-Wacken",6093,6112,91,70,161,21,Strasbourg,Fenerbahce Ulker,Home Win (91-70),91-70,No,21,24,28,17,16,17,26,12,,,Played,,"PEREZ, MIGUEL ANGEL","DOZAI, SRDAN","OBRADOVIC, PETAR",Strasbourg team victory,Strasbourg defeated Fenerbahce Ulker 91-70 in Round 2 (Regular Season).,Euroleague Basketball Official API (api-live.euroleague.net / live.euroleague.net)
23,E2015_23,2015-16,2015,E2015,Regular Season,Regular Season,Round 2,2015-10-23,Friday,20:45,2015-10-23T18:45:00Z,CSKA Moscow,Dinamo Banco di Sardegna Sassari,Dinamo Banco di Sardegna Sassari,CSKA Moscow,SAS,CSK,PALASERRADIMIGNI,"Piazzale Segni, 07100 Sassari, Italy",5000,4005,78,107,185,29,CSKA Moscow,Dinamo Banco di Sardegna Sassari,Away Win (107-78),78-107,No,26,25,15,35,22,19,15,28,,,Played,,"HIERREZUELO, DANIEL","KOROMILAS, ELIAS","JOVCIC, MILIVOJE",CSKA Moscow team victory,CSKA Moscow defeated Dinamo Banco di Sardegna Sassari 78-107 in Round 2 (Regular Season).,Euroleague Basketball Official API (api-live.euroleague.net / live.euroleague.net)
24,E2015_19,2015-16,2015,E2015,Regular Season,Regular Season,Round 2,2015-10-23,Friday,21:00,2015-10-23T19:00:00Z,Stelmet Zielona Gora,FC Barcelona Lassa,FC Barcelona Lassa,Stelmet Zielona Gora,BAR,GSS,PALAU BLAUGRANA,"Aristides Maillol Av S/N, 08028 Barcelona",7585,7089,78,72,150,6,FC Barcelona Lassa,Stelmet Zielona Gora,Home Win (78-72),78-72,No,19,20,24,17,21,20,14,15,,,Played,,"CHRISTODOULOU, CHRISTOS","MANTYLA, PETRI","HORDOV, TOMISLAV ",FC Barcelona Lassa team victory,FC Barcelona Lassa defeated Stelmet Zielona Gora 78-72 in Round 2 (Regular Season).,Euroleague Basketball Official API (api-live.euroleague.net / live.euroleague.net)
25,E2015_32,2015-16,2015,E2015,Regular Season,Regular Season,Round 3,2015-10-29,Thursday,17:45,2015-10-29T16:45:00Z,Zalgiris Kaunas,Pinar Karsiyaka,Pinar Karsiyaka,Zalgiris Kaunas,KSK,ZAL,KARSIYAKA ARENA,,5000,4062,66,68,134,2,Zalgiris Kaunas,Pinar Karsiyaka,Away Win (68-66),66-68,No,15,23,18,15,19,20,14,10,,,Played,,"PEREZ, EMILIO","RYZHYK, BORYS","PASTUSIAK, PIOTR",Zalgiris Kaunas team victory,Zalgiris Kaunas defeated Pinar Karsiyaka 66-68 in Round 3 (Regular Season).,Euroleague Basketball Official API (api-live.euroleague.net / live.euroleague.net)
26,E2015_35,2015-16,2015,E2015,Regular Season,Regular Season,Round 3,2015-10-29,Thursday,18:00,2015-10-29T17:00:00Z,Brose Baskets Bamberg,CSKA Moscow,CSKA Moscow,Brose Baskets Bamberg,CSK,BAM,USH CSKA,"39 bld.3 Leningradskiy Prospect, Moscow, Russia",5113,4421,83,77,160,6,CSKA Moscow,Brose Baskets Bamberg,Home Win (83-77),83-77,No,16,15,21,13,21,21,25,28,,,Played,,"ROCHA, FERNANDO","CORTES, CARLOS","VOJINOVIC, MILIJA",CSKA Moscow team victory,CSKA Moscow defeated Brose Baskets Bamberg 83-77 in Round 3 (Regular Season).,Euroleague Basketball Official API (api-live.euroleague.net / live.euroleague.net)
27,E2015_30,2015-16,2015,E2015,Regular Season,Regular Season,Round 3,2015-10-29,Thursday,19:45,2015-10-29T18:45:00Z,Cedevita Zagreb,Anadolu Efes Istanbul,Anadolu Efes Istanbul,Cedevita Zagreb,IST,CED,ABDI IPEKCI ARENA,"10, Yil Caddesi Zeytinburnu, 34760 Istanbul",11300,3659,75,81,156,6,Cedevita Zagreb,Anadolu Efes Istanbul,Away Win (81-75),75-81,No,25,21,16,15,17,18,17,27,,,Played,,"HIERREZUELO, DANIEL","SHULGA, BORIS","PETEK, SASO",Cedevita Zagreb team victory,Cedevita Zagreb defeated Anadolu Efes Istanbul 75-81 in Round 3 (Regular Season).,Euroleague Basketball Official API (api-live.euroleague.net / live.euroleague.net)
28,E2015_36,2015-16,2015,E2015,Regular Season,Regular Season,Round 3,2015-10-29,Thursday,20:05,2015-10-29T19:05:00Z,Dinamo Banco di Sardegna Sassari,Maccabi FOX Tel Aviv,Maccabi FOX Tel Aviv,Dinamo Banco di Sardegna Sassari,TEL,SAS,MENORA MIVTACHIM ARENA,"51, Igal Alon, 67062 Tel Aviv",11192,11060,79,63,142,16,Maccabi FOX Tel Aviv,Dinamo Banco di Sardegna Sassari,Home Win (79-63),79-63,No,15,17,20,16,22,14,22,16,,,Played,,"CHRISTODOULOU, CHRISTOS","GARCIA, JUAN CARLOS","ZASHCHUK, SERGEY",Maccabi FOX Tel Aviv team victory,Maccabi FOX Tel Aviv defeated Dinamo Banco di Sardegna Sassari 79-63 in Round 3 (Regular Season).,Euroleague Basketball Official API (api-live.euroleague.net / live.euroleague.net)
29,E2015_29,2015-16,2015,E2015,Regular Season,Regular Season,Round 3,2015-10-29,Thursday,20:30,2015-10-29T19:30:00Z,Laboral Kutxa Vitoria Gasteiz,Limoges CSP,Limoges CSP,Laboral Kutxa Vitoria Gasteiz,LMG,BAS,PALAIS DES SPORTS DE BEAUBLANC,"Boulevard Beaublanc 23, 87100, Limoges, France",5516,4886,71,107,178,36,Laboral Kutxa Vitoria Gasteiz,Limoges CSP,Away Win (107-71),71-107,No,12,26,22,34,21,18,16,29,,,Played,,"JAVOR, DAMIR","ANASTOPOULOS, PANAGIOTIS","DOZAI, SRDAN",Laboral Kutxa Vitoria Gasteiz team victory,Laboral Kutxa Vitoria Gasteiz defeated Limoges CSP 71-107 in Round 3 (Regular Season).,Euroleague Basketball Official API (api-live.euroleague.net / live.euroleague.net)
30,E2015_33,2015-16,2015,E2015,Regular Season,Regular Season,Round 3,2015-10-29,Thursday,21:00,2015-10-29T20:00:00Z,Panathinaikos Athens,FC Barcelona Lassa,FC Barcelona Lassa,Panathinaikos Athens,BAR,PAN,PALAU BLAUGRANA,"Aristides Maillol Av S/N, 08028 Barcelona",7585,6141,77,52,129,25,FC Barcelona Lassa,Panathinaikos Athens,Home Win (77-52),77-52,No,17,11,25,17,13,15,22,9,,,Played,,"PUKL,SASA","VIATOR, EDDIE","LATISEVS, OLEGS",FC Barcelona Lassa team victory,FC Barcelona Lassa defeated Panathinaikos Athens 77-52 in Round 3 (Regular Season).,Euroleague Basketball Official API (api-live.euroleague.net / live.euroleague.net)
31,E2015_25,2015-16,2015,E2015,Regular Season,Regular Season,Round 3,2015-10-30,Friday,18:00,2015-10-30T17:00:00Z,Crvena Zvezda Telekom Belgrade,Khimki Moscow Region,Khimki Moscow Region,Crvena Zvezda Telekom Belgrade,KHI,RED,KRYLATSKOYE SPORTS PALACE,Ostrovanaya Street 7,5000,2000,91,53,144,38,Khimki Moscow Region,Crvena Zvezda Telekom Belgrade,Home Win (91-53),91-53,No,22,17,29,13,20,9,20,14,,,Played,,"LOTTERMOSER, ROBERT","KOROMILAS, ELIAS","HORDOV, TOMISLAV ",Khimki Moscow Region team victory,Khimki Moscow Region defeated Crvena Zvezda Telekom Belgrade 91-53 in Round 3 (Regular Season).,Euroleague Basketball Official API (api-live.euroleague.net / live.euroleague.net)
32,E2015_26,2015-16,2015,E2015,Regular Season,Regular Season,Round 3,2015-10-30,Friday,18:00,2015-10-30T17:00:00Z,Real Madrid,Fenerbahce Ulker,Fenerbahce Ulker,Real Madrid,ULK,MAD,ULKER SPORTS AND EVENT HALL,"Barbaros Mah. Ihlamur Sok. Batı Ataşehir, 34764 Istanbul, Turkiye ",13000,12886,77,66,143,11,Fenerbahce Ulker,Real Madrid,Home Win (77-66),77-66,No,20,18,19,14,24,24,14,10,,,Played,,"LAMONICA, LUIGI","JOVCIC, MILIVOJE","HERCEG, SINISA",Fenerbahce Ulker team victory,Fenerbahce Ulker defeated Real Madrid 77-66 in Round 3 (Regular Season).,Euroleague Basketball Official API (api-live.euroleague.net / live.euroleague.net)
33,E2015_27,2015-16,2015,E2015,Regular Season,Regular Season,Round 3,2015-10-30,Friday,20:00,2015-10-30T19:00:00Z,Strasbourg,FC Bayern Munich,FC Bayern Munich,Strasbourg,MUN,STR,AUDI DOME,"Grasweg 74, 81373 Munich",6500,6344,76,61,137,15,FC Bayern Munich,Strasbourg,Home Win (76-61),76-61,No,18,12,13,17,23,18,22,14,,,Played,,"BULTO, VICENTE","PATERNICO, CARMELO","PILOIDIS, ANASTASIOS",FC Bayern Munich team victory,FC Bayern Munich defeated Strasbourg 76-61 in Round 3 (Regular Season).,Euroleague Basketball Official API (api-live.euroleague.net / live.euroleague.net)
34,E2015_31,2015-16,2015,E2015,Regular Season,Regular Season,Round 3,2015-10-30,Friday,20:00,2015-10-30T19:00:00Z,Lokomotiv Kuban Krasnodar,Stelmet Zielona Gora,Stelmet Zielona Gora,Lokomotiv Kuban Krasnodar,GSS,TIV,CENTRUM REKREACYJNO SPORTOWE,"Sulechowska 41 Street, 65-119 Zielona Gora",5023,3174,75,83,158,8,Lokomotiv Kuban Krasnodar,Stelmet Zielona Gora,Away Win (83-75),75-83,No,15,13,23,27,19,19,18,24,,,Played,,"GKONTAS, SPIROS","ANKARALI, RECEP","KOLJENSIC, MILOS ",Lokomotiv Kuban Krasnodar team victory,Lokomotiv Kuban Krasnodar defeated Stelmet Zielona Gora 75-83 in Round 3 (Regular Season).,Euroleague Basketball Official API (api-live.euroleague.net / live.euroleague.net)
35,E2015_34,2015-16,2015,E2015,Regular Season,Regular Season,Round 3,2015-10-30,Friday,20:00,2015-10-30T19:00:00Z,Darussafaka Dogus Istanbul,Unicaja Malaga,Unicaja Malaga,Darussafaka Dogus Istanbul,MAL,DAR,MARTIN CARPENA,"c/ Miguel Merida Nicolich 2, Malaga",10642,5761,81,69,150,12,Unicaja Malaga,Darussafaka Dogus Istanbul,Home Win (81-69),81-69,No,16,20,28,17,20,16,17,16,,,Played,,"RADOVIC, SRETEN","MANTYLA, PETRI","KOWALSKI, MARCIN",Unicaja Malaga team victory,Unicaja Malaga defeated Darussafaka Dogus Istanbul 81-69 in Round 3 (Regular Season).,Euroleague Basketball Official API (api-live.euroleague.net / live.euroleague.net)
36,E2015_28,2015-16,2015,E2015,Regular Season,Regular Season,Round 3,2015-10-30,Friday,20:45,2015-10-30T19:45:00Z,Olympiacos Piraeus,EA7 Emporio Armani Milan,EA7 Emporio Armani Milan,Olympiacos Piraeus,MIL,OLY,MEDIOLANUM FORUM,"Via G. Di Vittorio 6, 20090 Assago",12627,11192,66,71,137,5,Olympiacos Piraeus,EA7 Emporio Armani Milan,Away Win (71-66),66-71,No,23,20,14,19,17,13,12,19,,,Played,,"BOLTAUZER, MATEJ","ZAMOJSKI, JAKUB","JURAS, MARKO",Olympiacos Piraeus team victory,Olympiacos Piraeus defeated EA7 Emporio Armani Milan 66-71 in Round 3 (Regular Season).,Euroleague Basketball Official API (api-live.euroleague.net / live.euroleague.net)
37,E2015_37,2015-16,2015,E2015,Regular Season,Regular Season,Round 4,2015-11-05,Thursday,17:00,2015-11-05T16:00:00Z,Strasbourg,Khimki Moscow Region,Khimki Moscow Region,Strasbourg,KHI,STR,KRYLATSKOYE SPORTS PALACE,Ostrovanaya Street 7,5000,1500,88,62,150,26,Khimki Moscow Region,Strasbourg,Home Win (88-62),88-62,No,23,15,16,11,25,14,24,22,,,Played,,"BELOSEVIC, ILIJA","CORTES, CARLOS","KARTAL, ERSAN",Khimki Moscow Region team victory,Khimki Moscow Region defeated Strasbourg 88-62 in Round 4 (Regular Season).,Euroleague Basketball Official API (api-live.euroleague.net / live.euroleague.net)
38,E2015_47,2015-16,2015,E2015,Regular Season,Regular Season,Round 4,2015-11-05,Thursday,19:00,2015-11-05T18:00:00Z,Maccabi FOX Tel Aviv,Brose Baskets Bamberg,Brose Baskets Bamberg,Maccabi FOX Tel Aviv,BAM,TEL,BROSE ARENA,"Forchheimer Str.15, Bamberg",5700,6800,77,66,143,11,Brose Baskets Bamberg,Maccabi FOX Tel Aviv,Home Win (77-66),77-66,No,23,22,19,13,9,22,26,9,,,Played,,"RYZHYK, BORYS","PILOIDIS, ANASTASIOS","CMIKIEWICZ, MAREK",Brose Baskets Bamberg team victory,Brose Baskets Bamberg defeated Maccabi FOX Tel Aviv 77-66 in Round 4 (Regular Season).,Euroleague Basketball Official API (api-live.euroleague.net / live.euroleague.net)
39,E2015_48,2015-16,2015,E2015,Regular Season,Regular Season,Round 4,2015-11-05,Thursday,19:00,2015-11-05T18:00:00Z,CSKA Moscow,Darussafaka Dogus Istanbul,Darussafaka Dogus Istanbul,CSKA Moscow,DAR,CSK,VOLKSWAGEN ARENA ,"Huzur Mah. Maslak Ayazaga Cad. No 4A - Sariyer, 34396 Istanbul (Turkey)",5000,3291,75,80,155,5,CSKA Moscow,Darussafaka Dogus Istanbul,Away Win (80-75),75-80,No,19,24,24,24,9,22,23,10,,,Played,,"PEREZ, MIGUEL ANGEL","SHULGA, BORIS","PASTUSIAK, PIOTR",CSKA Moscow team victory,CSKA Moscow defeated Darussafaka Dogus Istanbul 75-80 in Round 4 (Regular Season).,Euroleague Basketball Official API (api-live.euroleague.net / live.euroleague.net)
40,E2015_38,2015-16,2015,E2015,Regular Season,Regular Season,Round 4,2015-11-05,Thursday,20:45,2015-11-05T19:45:00Z,FC Bayern Munich,Real Madrid,Real Madrid,FC Bayern Munich,MAD,MUN,BARCLAYCARD CENTER,"Avenida de Felipe II 1, 28009, Madrid",13109,9037,101,99,200,2,Real Madrid,FC Bayern Munich,Home Win (101-99),101-99,No,33,20,18,31,22,30,28,18,,,Played,,"KOROMILAS, ELIAS","ZAMOJSKI, JAKUB","SAHIN, TOLGA",Real Madrid team victory,Real Madrid defeated FC Bayern Munich 101-99 in Round 4 (Regular Season).,Euroleague Basketball Official API (api-live.euroleague.net / live.euroleague.net)
41,E2015_40,2015-16,2015,E2015,Regular Season,Regular Season,Round 4,2015-11-05,Thursday,20:45,2015-11-05T19:45:00Z,Cedevita Zagreb,EA7 Emporio Armani Milan,EA7 Emporio Armani Milan,Cedevita Zagreb,MIL,CED,MEDIOLANUM FORUM,"Via G. Di Vittorio 6, 20090 Assago",12627,7174,68,77,145,9,Cedevita Zagreb,EA7 Emporio Armani Milan,Away Win (77-68),68-77,No,11,21,19,14,20,14,18,28,,,Played,,"CHRISTODOULOU, CHRISTOS","BULTO, VICENTE","PUTENKO, ILYA",Cedevita Zagreb team victory,Cedevita Zagreb defeated EA7 Emporio Armani Milan 68-77 in Round 4 (Regular Season).,Euroleague Basketball Official API (api-live.euroleague.net / live.euroleague.net)
42,E2015_41,2015-16,2015,E2015,Regular Season,Regular Season,Round 4,2015-11-05,Thursday,20:45,2015-11-05T19:45:00Z,Anadolu Efes Istanbul,Laboral Kutxa Vitoria Gasteiz,Laboral Kutxa Vitoria Gasteiz,Anadolu Efes Istanbul,BAS,IST,FERNANDO BUESA ARENA,"Ctra.  Zurbano s/n, 01013 Vitoria",15504,8366,92,90,182,2,Laboral Kutxa Vitoria Gasteiz,Anadolu Efes Istanbul,Home Win (92-90),92-90,Yes (1 OT),16,18,12,15,24,24,29,24,11,9,Played,,"ROCHA, FERNANDO","LATISEVS, OLEGS","LANZARINI, SAVERIO ",Laboral Kutxa Vitoria Gasteiz team victory,Laboral Kutxa Vitoria Gasteiz defeated Anadolu Efes Istanbul 92-90 in Round 4 (Regular Season).,Euroleague Basketball Official API (api-live.euroleague.net / live.euroleague.net)
43,E2015_42,2015-16,2015,E2015,Regular Season,Regular Season,Round 4,2015-11-05,Thursday,20:45,2015-11-05T19:45:00Z,Limoges CSP,Olympiacos Piraeus,Olympiacos Piraeus,Limoges CSP,OLY,LMG,PEACE AND FRIENDSHIP STADIUM,"Ethnarchou Makariou Av., Piraeus",11640,7243,75,49,124,26,Olympiacos Piraeus,Limoges CSP,Home Win (75-49),75-49,No,16,17,12,12,23,13,24,7,,,Played,,"GARCIA, JUAN CARLOS","PETEK, SASO","HALLIKO, AARE",Olympiacos Piraeus team victory,Olympiacos Piraeus defeated Limoges CSP 75-49 in Round 4 (Regular Season).,Euroleague Basketball Official API (api-live.euroleague.net / live.euroleague.net)
44,E2015_45,2015-16,2015,E2015,Regular Season,Regular Season,Round 4,2015-11-06,Friday,18:00,2015-11-06T17:00:00Z,Pinar Karsiyaka,Lokomotiv Kuban Krasnodar,Lokomotiv Kuban Krasnodar,Pinar Karsiyaka,TIV,KSK,BASKET HALL,"Prigorodnaya str. 24, 350000 Krasnodar",7000,3751,72,53,125,19,Lokomotiv Kuban Krasnodar,Pinar Karsiyaka,Home Win (72-53),72-53,No,17,21,13,14,22,7,20,11,,,Played,,"BOLTAUZER, MATEJ","JURAS, MARKO","KOWALSKI, MARCIN",Lokomotiv Kuban Krasnodar team victory,Lokomotiv Kuban Krasnodar defeated Pinar Karsiyaka 72-53 in Round 4 (Regular Season).,Euroleague Basketball Official API (api-live.euroleague.net / live.euroleague.net)
45,E2015_44,2015-16,2015,E2015,Regular Season,Regular Season,Round 4,2015-11-06,Friday,18:45,2015-11-06T17:45:00Z,FC Barcelona Lassa,Zalgiris Kaunas,Zalgiris Kaunas,FC Barcelona Lassa,ZAL,BAR,ZALGIRIO ARENA,"Karaliaus Mindaugo Av. 50, 44287 Kaunas",15442,14790,78,85,163,7,FC Barcelona Lassa,Zalgiris Kaunas,Away Win (85-78),78-85,No,23,22,16,23,18,22,21,18,,,Played,,"LOTTERMOSER, ROBERT","PATERNICO, CARMELO","BALAK, AMIT",FC Barcelona Lassa team victory,FC Barcelona Lassa defeated Zalgiris Kaunas 78-85 in Round 4 (Regular Season).,Euroleague Basketball Official API (api-live.euroleague.net / live.euroleague.net)
46,E2015_43,2015-16,2015,E2015,Regular Season,Regular Season,Round 4,2015-11-06,Friday,19:00,2015-11-06T18:00:00Z,Panathinaikos Athens,Stelmet Zielona Gora,Stelmet Zielona Gora,Panathinaikos Athens,GSS,PAN,CENTRUM REKREACYJNO SPORTOWE,"Sulechowska 41 Street, 65-119 Zielona Gora",5023,3572,71,68,139,3,Stelmet Zielona Gora,Panathinaikos Athens,Home Win (71-68),71-68,No,19,15,21,18,17,16,14,19,,,Played,,"LAMONICA, LUIGI","PERUGA, CARLOS","RODSAND, TORKILD",Stelmet Zielona Gora team victory,Stelmet Zielona Gora defeated Panathinaikos Athens 71-68 in Round 4 (Regular Season).,Euroleague Basketball Official API (api-live.euroleague.net / live.euroleague.net)
47,E2015_39,2015-16,2015,E2015,Regular Season,Regular Season,Round 4,2015-11-06,Friday,20:00,2015-11-06T19:00:00Z,Fenerbahce Ulker,Crvena Zvezda Telekom Belgrade,Crvena Zvezda Telekom Belgrade,Fenerbahce Ulker,RED,ULK,KOMBANK ARENA,"Bulevar Arsenija Carnojevica 58, 11070 Belgrade - Serbia",18212,16203,60,74,134,14,Fenerbahce Ulker,Crvena Zvezda Telekom Belgrade,Away Win (74-60),60-74,No,19,25,12,20,11,14,18,15,,,Played,,"PEREZ, EMILIO","BISSANG, JOSEPH","PAPAPETROU, PETROS",Fenerbahce Ulker team victory,Fenerbahce Ulker defeated Crvena Zvezda Telekom Belgrade 60-74 in Round 4 (Regular Season).,Euroleague Basketball Official API (api-live.euroleague.net / live.euroleague.net)
48,E2015_46,2015-16,2015,E2015,Regular Season,Regular Season,Round 4,2015-11-06,Friday,20:45,2015-11-06T19:45:00Z,Dinamo Banco di Sardegna Sassari,Unicaja Malaga,Unicaja Malaga,Dinamo Banco di Sardegna Sassari,MAL,SAS,MARTIN CARPENA,"c/ Miguel Merida Nicolich 2, Malaga",10642,6613,80,62,142,18,Unicaja Malaga,Dinamo Banco di Sardegna Sassari,Home Win (80-62),80-62,No,20,16,16,21,24,7,20,18,,,Played,,"PUKL,SASA","ANASTOPOULOS, PANAGIOTIS","HERCEG, SINISA",Unicaja Malaga team victory,Unicaja Malaga defeated Dinamo Banco di Sardegna Sassari 80-62 in Round 4 (Regular Season).,Euroleague Basketball Official API (api-live.euroleague.net / live.euroleague.net)
49,E2015_53,2015-16,2015,E2015,Regular Season,Regular Season,Round 5,2015-11-12,Thursday,19:00,2015-11-12T18:00:00Z,Olympiacos Piraeus,Anadolu Efes Istanbul,Anadolu Efes Istanbul,Olympiacos Piraeus,IST,OLY,ABDI IPEKCI ARENA,"10, Yil Caddesi Zeytinburnu, 34760 Istanbul",11300,8165,87,91,178,4,Olympiacos Piraeus,Anadolu Efes Istanbul,Away Win (91-87),87-91,Yes (1 OT),13,20,17,16,24,18,22,22,11,15,Played,,"PUKL,SASA","CORTES, CARLOS","ZASHCHUK, SERGEY",Olympiacos Piraeus team victory,Olympiacos Piraeus defeated Anadolu Efes Istanbul 87-91 in Round 5 (Regular Season).,Euroleague Basketball Official API (api-live.euroleague.net / live.euroleague.net)
50,E2015_59,2015-16,2015,E2015,Regular Season,Regular Season,Round 5,2015-11-12,Thursday,20:15,2015-11-12T19:15:00Z,Darussafaka Dogus Istanbul,Maccabi FOX Tel Aviv,Maccabi FOX Tel Aviv,Darussafaka Dogus Istanbul,TEL,DAR,MENORA MIVTACHIM ARENA,"51, Igal Alon, 67062 Tel Aviv",11192,11060,73,84,157,11,Darussafaka Dogus Istanbul,Maccabi FOX Tel Aviv,Away Win (84-73),73-84,No,20,20,19,17,14,23,20,24,,,Played,,"LATISEVS, OLEGS","PEREZ, EMILIO","JURAS, MARKO",Darussafaka Dogus Istanbul team victory,Darussafaka Dogus Istanbul defeated Maccabi FOX Tel Aviv 73-84 in Round 5 (Regular Season).,Euroleague Basketball Official API (api-live.euroleague.net / live.euroleague.net)
51,E2015_52,2015-16,2015,E2015,Regular Season,Regular Season,Round 5,2015-11-12,Thursday,20:30,2015-11-12T19:30:00Z,EA7 Emporio Armani Milan,Limoges CSP,Limoges CSP,EA7 Emporio Armani Milan,LMG,MIL,LE PALIO,,5200,3446,74,65,139,9,Limoges CSP,EA7 Emporio Armani Milan,Home Win (74-65),74-65,No,19,21,20,9,17,16,18,19,,,Played,,"JOVCIC, MILIVOJE","JIMENEZ, BENJAMIN","PASTUSIAK, PIOTR",Limoges CSP team victory,Limoges CSP defeated EA7 Emporio Armani Milan 74-65 in Round 5 (Regular Season).,Euroleague Basketball Official API (api-live.euroleague.net / live.euroleague.net)
52,E2015_50,2015-16,2015,E2015,Regular Season,Regular Season,Round 5,2015-11-12,Thursday,20:45,2015-11-12T19:45:00Z,Crvena Zvezda Telekom Belgrade,FC Bayern Munich,FC Bayern Munich,Crvena Zvezda Telekom Belgrade,MUN,RED,AUDI DOME,"Grasweg 74, 81373 Munich",6500,6171,79,90,169,11,Crvena Zvezda Telekom Belgrade,FC Bayern Munich,Away Win (90-79),79-90,No,19,19,24,19,23,25,13,27,,,Played,,"LAMONICA, LUIGI","CONDE, ANTONIO","LAURINAVICIUS, JURGIS",Crvena Zvezda Telekom Belgrade team victory,Crvena Zvezda Telekom Belgrade defeated FC Bayern Munich 79-90 in Round 5 (Regular Season).,Euroleague Basketball Official API (api-live.euroleague.net / live.euroleague.net)
53,E2015_56,2015-16,2015,E2015,Regular Season,Regular Season,Round 5,2015-11-12,Thursday,20:45,2015-11-12T19:45:00Z,Lokomotiv Kuban Krasnodar,FC Barcelona Lassa,FC Barcelona Lassa,Lokomotiv Kuban Krasnodar,BAR,TIV,PALAU BLAUGRANA,"Aristides Maillol Av S/N, 08028 Barcelona",7585,4867,72,68,140,4,FC Barcelona Lassa,Lokomotiv Kuban Krasnodar,Home Win (72-68),72-68,No,18,16,19,15,11,18,24,19,,,Played,,"BELOSEVIC, ILIJA","KOROMILAS, ELIAS","BISSANG, JOSEPH",FC Barcelona Lassa team victory,FC Barcelona Lassa defeated Lokomotiv Kuban Krasnodar 72-68 in Round 5 (Regular Season).,Euroleague Basketball Official API (api-live.euroleague.net / live.euroleague.net)
54,E2015_58,2015-16,2015,E2015,Regular Season,Regular Season,Round 5,2015-11-13,Friday,18:00,2015-11-13T17:00:00Z,Unicaja Malaga,CSKA Moscow,CSKA Moscow,Unicaja Malaga,CSK,MAL,USH CSKA,"39 bld.3 Leningradskiy Prospect, Moscow, Russia",5113,4863,78,86,164,8,Unicaja Malaga,CSKA Moscow,Away Win (86-78),78-86,No,20,17,23,25,22,19,13,25,,,Played,,"RYZHYK, BORYS","SAHIN, TOLGA","PETEK, SASO",Unicaja Malaga team victory,Unicaja Malaga defeated CSKA Moscow 78-86 in Round 5 (Regular Season).,Euroleague Basketball Official API (api-live.euroleague.net / live.euroleague.net)
55,E2015_55,2015-16,2015,E2015,Regular Season,Regular Season,Round 5,2015-11-13,Friday,18:45,2015-11-13T17:45:00Z,Stelmet Zielona Gora,Pinar Karsiyaka,Pinar Karsiyaka,Stelmet Zielona Gora,KSK,GSS,KARSIYAKA ARENA,,5000,2714,77,66,143,11,Pinar Karsiyaka,Stelmet Zielona Gora,Home Win (77-66),77-66,No,21,16,15,12,21,13,20,25,,,Played,,"GARCIA, JUAN CARLOS","SHEMMESH, SEFFI","COLLIN, JEAN-CHARLES",Pinar Karsiyaka team victory,Pinar Karsiyaka defeated Stelmet Zielona Gora 77-66 in Round 5 (Regular Season).,Euroleague Basketball Official API (api-live.euroleague.net / live.euroleague.net)
56,E2015_54,2015-16,2015,E2015,Regular Season,Regular Season,Round 5,2015-11-13,Friday,20:00,2015-11-13T19:00:00Z,Laboral Kutxa Vitoria Gasteiz,Cedevita Zagreb,Cedevita Zagreb,Laboral Kutxa Vitoria Gasteiz,CED,BAS,DRAZEN PETROVIC ZAGREB,"Savska 30, 10000 Zagreb, Croatia",5500,4719,76,67,143,9,Cedevita Zagreb,Laboral Kutxa Vitoria Gasteiz,Home Win (76-67),76-67,No,16,18,15,19,23,13,22,17,,,Played,,"VIATOR, EDDIE","ZAMOJSKI, JAKUB","HALLIKO, AARE",Cedevita Zagreb team victory,Cedevita Zagreb defeated Laboral Kutxa Vitoria Gasteiz 76-67 in Round 5 (Regular Season).,Euroleague Basketball Official API (api-live.euroleague.net / live.euroleague.net)
57,E2015_51,2015-16,2015,E2015,Regular Season,Regular Season,Round 5,2015-11-13,Friday,20:30,2015-11-13T19:30:00Z,Real Madrid,Strasbourg,Strasbourg,Real Madrid,STR,MAD,RHENUS SPORT,"Boulevard de Dresde, 67000 Strasbourg-Wacken",6093,6167,93,86,179,7,Strasbourg,Real Madrid,Home Win (93-86),93-86,No,24,25,27,19,27,19,15,23,,,Played,,"JAVOR, DAMIR","ANASTOPOULOS, PANAGIOTIS","HORDOV, TOMISLAV ",Strasbourg team victory,Strasbourg defeated Real Madrid 93-86 in Round 5 (Regular Season).,Euroleague Basketball Official API (api-live.euroleague.net / live.euroleague.net)
58,E2015_60,2015-16,2015,E2015,Regular Season,Regular Season,Round 5,2015-11-13,Friday,20:30,2015-11-13T19:30:00Z,Brose Baskets Bamberg,Dinamo Banco di Sardegna Sassari,Dinamo Banco di Sardegna Sassari,Brose Baskets Bamberg,SAS,BAM,PALASERRADIMIGNI,"Piazzale Segni, 07100 Sassari, Italy",5000,3525,73,90,163,17,Brose Baskets Bamberg,Dinamo Banco di Sardegna Sassari,Away Win (90-73),73-90,No,21,14,13,22,19,24,20,30,,,Played,,"RADOVIC, SRETEN","GKONTAS, SPIROS","ROMANO, DAVID",Brose Baskets Bamberg team victory,Brose Baskets Bamberg defeated Dinamo Banco di Sardegna Sassari 73-90 in Round 5 (Regular Season).,Euroleague Basketball Official API (api-live.euroleague.net / live.euroleague.net)
59,E2015_49,2015-16,2015,E2015,Regular Season,Regular Season,Round 5,2015-11-13,Friday,20:45,2015-11-13T19:45:00Z,Khimki Moscow Region,Fenerbahce Ulker,Fenerbahce Ulker,Khimki Moscow Region,ULK,KHI,ULKER SPORTS AND EVENT HALL,"Barbaros Mah. Ihlamur Sok. Batı Ataşehir, 34764 Istanbul, Turkiye ",13000,10879,88,83,171,5,Fenerbahce Ulker,Khimki Moscow Region,Home Win (88-83),88-83,No,23,21,26,20,15,18,24,24,,,Played,,"HIERREZUELO, DANIEL","PATERNICO, CARMELO","KOLJENSIC, MILOS ",Fenerbahce Ulker team victory,Fenerbahce Ulker defeated Khimki Moscow Region 88-83 in Round 5 (Regular Season).,Euroleague Basketball Official API (api-live.euroleague.net / live.euroleague.net)
60,E2015_57,2015-16,2015,E2015,Regular Season,Regular Season,Round 5,2015-11-13,Friday,20:45,2015-11-13T19:45:00Z,Zalgiris Kaunas,Panathinaikos Athens,Panathinaikos Athens,Zalgiris Kaunas,PAN,ZAL,OLYMPIC SPORTS CENTER ATHENS,"37 Kifisias Avenue, 15123 Marousi",18200,6412,91,56,147,35,Panathinaikos Athens,Zalgiris Kaunas,Home Win (91-56),91-56,No,27,13,17,12,26,16,21,15,,,Played,,"ROCHA, FERNANDO","BULTO, VICENTE","BOLTAUZER, MATEJ",Panathinaikos Athens team victory,Panathinaikos Athens defeated Zalgiris Kaunas 91-56 in Round 5 (Regular Season).,Euroleague Basketball Official API (api-live.euroleague.net / live.euroleague.net)
61,E2015_61,2015-16,2015,E2015,Regular Season,Regular Season,Round 6,2015-11-18,Wednesday,20:45,2015-11-18T19:45:00Z,Khimki Moscow Region,Real Madrid,Real Madrid,Khimki Moscow Region,MAD,KHI,BARCLAYCARD CENTER,"Avenida de Felipe II 1, 28009, Madrid",13109,9310,82,85,167,3,Khimki Moscow Region,Real Madrid,Away Win (85-82),82-85,No,22,24,20,20,21,22,19,19,,,Played,,"PUKL,SASA","VIATOR, EDDIE","PASTUSIAK, PIOTR",Khimki Moscow Region team victory,Khimki Moscow Region defeated Real Madrid 82-85 in Round 6 (Regular Season).,Euroleague Basketball Official API (api-live.euroleague.net / live.euroleague.net)
62,E2015_67,2015-16,2015,E2015,Regular Season,Regular Season,Round 6,2015-11-19,Thursday,18:45,2015-11-19T17:45:00Z,Stelmet Zielona Gora,Zalgiris Kaunas,Zalgiris Kaunas,Stelmet Zielona Gora,ZAL,GSS,ZALGIRIO ARENA,"Karaliaus Mindaugo Av. 50, 44287 Kaunas",15442,9153,67,56,123,11,Zalgiris Kaunas,Stelmet Zielona Gora,Home Win (67-56),67-56,No,17,14,19,15,21,20,10,7,,,Played,,"DOZAI, SRDAN","LATISEVS, OLEGS","ROMANO, DAVID",Zalgiris Kaunas team victory,Zalgiris Kaunas defeated Stelmet Zielona Gora 67-56 in Round 6 (Regular Season).,Euroleague Basketball Official API (api-live.euroleague.net / live.euroleague.net)
63,E2015_65,2015-16,2015,E2015,Regular Season,Regular Season,Round 6,2015-11-19,Thursday,19:00,2015-11-19T18:00:00Z,Olympiacos Piraeus,Cedevita Zagreb,Cedevita Zagreb,Olympiacos Piraeus,CED,OLY,DRAZEN PETROVIC ZAGREB,"Savska 30, 10000 Zagreb, Croatia",5500,5281,70,83,153,13,Olympiacos Piraeus,Cedevita Zagreb,Away Win (83-70),70-83,No,24,21,16,20,16,23,14,19,,,Played,,"PEREZ, MIGUEL ANGEL","PATERNICO, CARMELO","MANTYLA, PETRI",Olympiacos Piraeus team victory,Olympiacos Piraeus defeated Cedevita Zagreb 70-83 in Round 6 (Regular Season).,Euroleague Basketball Official API (api-live.euroleague.net / live.euroleague.net)
64,E2015_72,2015-16,2015,E2015,Regular Season,Regular Season,Round 6,2015-11-19,Thursday,20:15,2015-11-19T19:15:00Z,CSKA Moscow,Maccabi FOX Tel Aviv,Maccabi FOX Tel Aviv,CSKA Moscow,TEL,CSK,MENORA MIVTACHIM ARENA,"51, Igal Alon, 67062 Tel Aviv",11192,11060,82,88,170,6,CSKA Moscow,Maccabi FOX Tel Aviv,Away Win (88-82),82-88,No,18,13,19,25,26,27,19,23,,,Played,,"BELOSEVIC, ILIJA","JIMENEZ, BENJAMIN","HORDOV, TOMISLAV ",CSKA Moscow team victory,CSKA Moscow defeated Maccabi FOX Tel Aviv 82-88 in Round 6 (Regular Season).,Euroleague Basketball Official API (api-live.euroleague.net / live.euroleague.net)
65,E2015_64,2015-16,2015,E2015,Regular Season,Regular Season,Round 6,2015-11-19,Thursday,20:30,2015-11-19T19:30:00Z,EA7 Emporio Armani Milan,Laboral Kutxa Vitoria Gasteiz,Laboral Kutxa Vitoria Gasteiz,EA7 Emporio Armani Milan,BAS,MIL,FERNANDO BUESA ARENA,"Ctra.  Zurbano s/n, 01013 Vitoria",15504,9734,94,82,176,12,Laboral Kutxa Vitoria Gasteiz,EA7 Emporio Armani Milan,Home Win (94-82),94-82,No,28,19,24,18,20,17,22,28,,,Played,,"LOTTERMOSER, ROBERT","KOROMILAS, ELIAS","BISSANG, JOSEPH",Laboral Kutxa Vitoria Gasteiz team victory,Laboral Kutxa Vitoria Gasteiz defeated EA7 Emporio Armani Milan 94-82 in Round 6 (Regular Season).,Euroleague Basketball Official API (api-live.euroleague.net / live.euroleague.net)
66,E2015_62,2015-16,2015,E2015,Regular Season,Regular Season,Round 6,2015-11-19,Thursday,20:45,2015-11-19T19:45:00Z,Crvena Zvezda Telekom Belgrade,Strasbourg,Strasbourg,Crvena Zvezda Telekom Belgrade,STR,RED,RHENUS SPORT,"Boulevard de Dresde, 67000 Strasbourg-Wacken",6093,5318,78,75,153,3,Strasbourg,Crvena Zvezda Telekom Belgrade,Home Win (78-75),78-75,No,19,30,15,22,22,12,22,11,,,Played,,"HIERREZUELO, DANIEL","ZAMOJSKI, JAKUB","KOLJENSIC, MILOS ",Strasbourg team victory,Strasbourg defeated Crvena Zvezda Telekom Belgrade 78-75 in Round 6 (Regular Season).,Euroleague Basketball Official API (api-live.euroleague.net / live.euroleague.net)
67,E2015_63,2015-16,2015,E2015,Regular Season,Regular Season,Round 6,2015-11-19,Thursday,20:45,2015-11-19T19:45:00Z,Fenerbahce Ulker,FC Bayern Munich,FC Bayern Munich,Fenerbahce Ulker,MUN,ULK,AUDI DOME,"Grasweg 74, 81373 Munich",6500,6494,67,84,151,17,Fenerbahce Ulker,FC Bayern Munich,Away Win (84-67),67-84,No,10,30,20,20,18,17,19,17,,,Played,,"ROCHA, FERNANDO","CORTES, CARLOS","JASEVICIUS, TOMAS",Fenerbahce Ulker team victory,Fenerbahce Ulker defeated FC Bayern Munich 67-84 in Round 6 (Regular Season).,Euroleague Basketball Official API (api-live.euroleague.net / live.euroleague.net)
68,E2015_69,2015-16,2015,E2015,Regular Season,Regular Season,Round 6,2015-11-19,Thursday,21:00,2015-11-19T20:00:00Z,Pinar Karsiyaka,FC Barcelona Lassa,FC Barcelona Lassa,Pinar Karsiyaka,BAR,KSK,PALAU BLAUGRANA,"Aristides Maillol Av S/N, 08028 Barcelona",7585,4771,107,79,186,28,FC Barcelona Lassa,Pinar Karsiyaka,Home Win (107-79),107-79,No,26,16,22,21,31,20,28,22,,,Played,,"CHRISTODOULOU, CHRISTOS","JAVOR, DAMIR","OBRADOVIC, PETAR",FC Barcelona Lassa team victory,FC Barcelona Lassa defeated Pinar Karsiyaka 107-79 in Round 6 (Regular Season).,Euroleague Basketball Official API (api-live.euroleague.net / live.euroleague.net)
69,E2015_66,2015-16,2015,E2015,Regular Season,Regular Season,Round 6,2015-11-20,Friday,19:00,2015-11-20T18:00:00Z,Limoges CSP,Anadolu Efes Istanbul,Anadolu Efes Istanbul,Limoges CSP,IST,LMG,ABDI IPEKCI ARENA,"10, Yil Caddesi Zeytinburnu, 34760 Istanbul",11300,4122,92,74,166,18,Anadolu Efes Istanbul,Limoges CSP,Home Win (92-74),92-74,No,25,20,26,15,19,22,22,17,,,Played,,"LAMONICA, LUIGI","PERUGA, CARLOS","FRITZ, CLEMENS ",Anadolu Efes Istanbul team victory,Anadolu Efes Istanbul defeated Limoges CSP 92-74 in Round 6 (Regular Season).,Euroleague Basketball Official API (api-live.euroleague.net / live.euroleague.net)
70,E2015_70,2015-16,2015,E2015,Regular Season,Regular Season,Round 6,2015-11-20,Friday,20:00,2015-11-20T19:00:00Z,Unicaja Malaga,Brose Baskets Bamberg,Brose Baskets Bamberg,Unicaja Malaga,BAM,MAL,BROSE ARENA,"Forchheimer Str.15, Bamberg",5700,6800,73,53,126,20,Brose Baskets Bamberg,Unicaja Malaga,Home Win (73-53),73-53,No,14,17,26,12,20,8,13,16,,,Played,,"JOVCIC, MILIVOJE","SHULGA, BORIS","KARTAL, ERSAN",Brose Baskets Bamberg team victory,Brose Baskets Bamberg defeated Unicaja Malaga 73-53 in Round 6 (Regular Season).,Euroleague Basketball Official API (api-live.euroleague.net / live.euroleague.net)
71,E2015_68,2015-16,2015,E2015,Regular Season,Regular Season,Round 6,2015-11-20,Friday,20:45,2015-11-20T19:45:00Z,Lokomotiv Kuban Krasnodar,Panathinaikos Athens,Panathinaikos Athens,Lokomotiv Kuban Krasnodar,PAN,TIV,OLYMPIC SPORTS CENTER ATHENS,"37 Kifisias Avenue, 15123 Marousi",18200,7985,71,77,148,6,Lokomotiv Kuban Krasnodar,Panathinaikos Athens,Away Win (77-71),71-77,No,10,21,19,12,25,26,17,18,,,Played,,"RADOVIC, SRETEN","GARCIA, JUAN CARLOS","SAHIN, TOLGA",Lokomotiv Kuban Krasnodar team victory,Lokomotiv Kuban Krasnodar defeated Panathinaikos Athens 71-77 in Round 6 (Regular Season).,Euroleague Basketball Official API (api-live.euroleague.net / live.euroleague.net)
72,E2015_71,2015-16,2015,E2015,Regular Season,Regular Season,Round 6,2015-11-20,Friday,21:00,2015-11-20T20:00:00Z,Darussafaka Dogus Istanbul,Dinamo Banco di Sardegna Sassari,Dinamo Banco di Sardegna Sassari,Darussafaka Dogus Istanbul,SAS,DAR,PALASERRADIMIGNI,"Piazzale Segni, 07100 Sassari, Italy",5000,3145,60,68,128,8,Darussafaka Dogus Istanbul,Dinamo Banco di Sardegna Sassari,Away Win (68-60),60-68,No,16,12,14,25,11,19,19,12,,,Played,,"RYZHYK, BORYS","PETEK, SASO","REITER, MORITZ",Darussafaka Dogus Istanbul team victory,Darussafaka Dogus Istanbul defeated Dinamo Banco di Sardegna Sassari 60-68 in Round 6 (Regular Season).,Euroleague Basketball Official API (api-live.euroleague.net / live.euroleague.net)
73,E2015_73,2015-16,2015,E2015,Regular Season,Regular Season,Round 7,2015-11-26,Thursday,18:00,2015-11-26T17:00:00Z,FC Bayern Munich,Khimki Moscow Region,Khimki Moscow Region,FC Bayern Munich,KHI,MUN,KRYLATSKOYE SPORTS PALACE,Ostrovanaya Street 7,5000,2000,70,81,151,11,FC Bayern Munich,Khimki Moscow Region,Away Win (81-70),70-81,No,14,23,16,19,21,17,19,22,,,Played,,"PEREZ, MIGUEL ANGEL","LATISEVS, OLEGS","ROMANO, DAVID",FC Bayern Munich team victory,FC Bayern Munich defeated Khimki Moscow Region 70-81 in Round 7 (Regular Season).,Euroleague Basketball Official API (api-live.euroleague.net / live.euroleague.net)
74,E2015_74,2015-16,2015,E2015,Regular Season,Regular Season,Round 7,2015-11-26,Thursday,19:00,2015-11-26T18:00:00Z,Strasbourg,Fenerbahce Ulker,Fenerbahce Ulker,Strasbourg,ULK,STR,ULKER SPORTS AND EVENT HALL,"Barbaros Mah. Ihlamur Sok. Batı Ataşehir, 34764 Istanbul, Turkiye ",13000,8212,81,64,145,17,Fenerbahce Ulker,Strasbourg,Home Win (81-64),81-64,No,22,14,18,20,21,13,20,17,,,Played,,"CHRISTODOULOU, CHRISTOS","GARCIA, JUAN CARLOS","PASTUSIAK, PIOTR",Fenerbahce Ulker team victory,Fenerbahce Ulker defeated Strasbourg 81-64 in Round 7 (Regular Season).,Euroleague Basketball Official API (api-live.euroleague.net / live.euroleague.net)
75,E2015_79,2015-16,2015,E2015,Regular Season,Regular Season,Round 7,2015-11-26,Thursday,19:00,2015-11-26T18:00:00Z,FC Barcelona Lassa,Stelmet Zielona Gora,Stelmet Zielona Gora,FC Barcelona Lassa,GSS,BAR,CENTRUM REKREACYJNO SPORTOWE,"Sulechowska 41 Street, 65-119 Zielona Gora",5023,5002,64,93,157,29,FC Barcelona Lassa,Stelmet Zielona Gora,Away Win (93-64),64-93,No,18,24,17,20,15,25,14,24,,,Played,,"JOVCIC, MILIVOJE","ANASTOPOULOS, PANAGIOTIS","SAHIN, TOLGA",FC Barcelona Lassa team victory,FC Barcelona Lassa defeated Stelmet Zielona Gora 64-93 in Round 7 (Regular Season).,Euroleague Basketball Official API (api-live.euroleague.net / live.euroleague.net)
76,E2015_77,2015-16,2015,E2015,Regular Season,Regular Season,Round 7,2015-11-26,Thursday,20:30,2015-11-26T19:30:00Z,Cedevita Zagreb,Limoges CSP,Limoges CSP,Cedevita Zagreb,LMG,CED,PALAIS DES SPORTS DE BEAUBLANC,"Boulevard Beaublanc 23, 87100, Limoges, France",5516,4420,69,78,147,9,Cedevita Zagreb,Limoges CSP,Away Win (78-69),69-78,No,18,20,21,28,12,15,18,15,,,Played,,"PEREZ, EMILIO","GKONTAS, SPIROS","KARTAL, ERSAN",Cedevita Zagreb team victory,Cedevita Zagreb defeated Limoges CSP 69-78 in Round 7 (Regular Season).,Euroleague Basketball Official API (api-live.euroleague.net / live.euroleague.net)
77,E2015_76,2015-16,2015,E2015,Regular Season,Regular Season,Round 7,2015-11-26,Thursday,20:45,2015-11-26T19:45:00Z,Anadolu Efes Istanbul,EA7 Emporio Armani Milan,EA7 Emporio Armani Milan,Anadolu Efes Istanbul,MIL,IST,MEDIOLANUM FORUM,"Via G. Di Vittorio 6, 20090 Assago",12627,8323,88,84,172,4,EA7 Emporio Armani Milan,Anadolu Efes Istanbul,Home Win (88-84),88-84,No,23,21,21,25,22,19,22,19,,,Played,,"HIERREZUELO, DANIEL","RADOVIC, SRETEN","HALLIKO, AARE",EA7 Emporio Armani Milan team victory,EA7 Emporio Armani Milan defeated Anadolu Efes Istanbul 88-84 in Round 7 (Regular Season).,Euroleague Basketball Official API (api-live.euroleague.net / live.euroleague.net)
78,E2015_78,2015-16,2015,E2015,Regular Season,Regular Season,Round 7,2015-11-26,Thursday,20:45,2015-11-26T19:45:00Z,Laboral Kutxa Vitoria Gasteiz,Olympiacos Piraeus,Olympiacos Piraeus,Laboral Kutxa Vitoria Gasteiz,OLY,BAS,PEACE AND FRIENDSHIP STADIUM,"Ethnarchou Makariou Av., Piraeus",11640,8000,59,52,111,7,Olympiacos Piraeus,Laboral Kutxa Vitoria Gasteiz,Home Win (59-52),59-52,No,12,6,24,16,10,17,13,13,,,Played,,"LAMONICA, LUIGI","SHULGA, BORIS","KOLJENSIC, MILOS ",Olympiacos Piraeus team victory,Olympiacos Piraeus defeated Laboral Kutxa Vitoria Gasteiz 59-52 in Round 7 (Regular Season).,Euroleague Basketball Official API (api-live.euroleague.net / live.euroleague.net)
79,E2015_82,2015-16,2015,E2015,Regular Season,Regular Season,Round 7,2015-11-26,Thursday,21:00,2015-11-26T20:00:00Z,Maccabi FOX Tel Aviv,Unicaja Malaga,Unicaja Malaga,Maccabi FOX Tel Aviv,MAL,TEL,MARTIN CARPENA,"c/ Miguel Merida Nicolich 2, Malaga",10642,8548,82,68,150,14,Unicaja Malaga,Maccabi FOX Tel Aviv,Home Win (82-68),82-68,No,26,20,22,11,15,18,19,19,,,Played,,"VIATOR, EDDIE","ZAMOJSKI, JAKUB","ANKARALI, RECEP",Unicaja Malaga team victory,Unicaja Malaga defeated Maccabi FOX Tel Aviv 82-68 in Round 7 (Regular Season).,Euroleague Basketball Official API (api-live.euroleague.net / live.euroleague.net)
80,E2015_81,2015-16,2015,E2015,Regular Season,Regular Season,Round 7,2015-11-27,Friday,16:45,2015-11-27T15:45:00Z,Zalgiris Kaunas,Lokomotiv Kuban Krasnodar,Lokomotiv Kuban Krasnodar,Zalgiris Kaunas,TIV,ZAL,BASKET HALL,"Prigorodnaya str. 24, 350000 Krasnodar",7000,3783,80,50,130,30,Lokomotiv Kuban Krasnodar,Zalgiris Kaunas,Home Win (80-50),80-50,No,28,14,25,3,12,10,15,23,,,Played,,"PUKL,SASA","CORTES, CARLOS","HERCEG, SINISA",Lokomotiv Kuban Krasnodar team victory,Lokomotiv Kuban Krasnodar defeated Zalgiris Kaunas 80-50 in Round 7 (Regular Season).,Euroleague Basketball Official API (api-live.euroleague.net / live.euroleague.net)
81,E2015_80,2015-16,2015,E2015,Regular Season,Regular Season,Round 7,2015-11-27,Friday,18:45,2015-11-27T17:45:00Z,Panathinaikos Athens,Pinar Karsiyaka,Pinar Karsiyaka,Panathinaikos Athens,KSK,PAN,KARSIYAKA ARENA,,5000,5000,66,69,135,3,Panathinaikos Athens,Pinar Karsiyaka,Away Win (69-66),66-69,No,9,21,14,15,18,14,25,19,,,Played,,"RYZHYK, BORYS","CONDE, ANTONIO","PETEK, SASO",Panathinaikos Athens team victory,Panathinaikos Athens defeated Pinar Karsiyaka 66-69 in Round 7 (Regular Season).,Euroleague Basketball Official API (api-live.euroleague.net / live.euroleague.net)
82,E2015_83,2015-16,2015,E2015,Regular Season,Regular Season,Round 7,2015-11-27,Friday,18:45,2015-11-27T17:45:00Z,Dinamo Banco di Sardegna Sassari,CSKA Moscow,CSKA Moscow,Dinamo Banco di Sardegna Sassari,CSK,SAS,USH CSKA,"39 bld.3 Leningradskiy Prospect, Moscow, Russia",5113,4437,93,87,180,6,CSKA Moscow,Dinamo Banco di Sardegna Sassari,Home Win (93-87),93-87,No,25,26,25,19,20,13,23,29,,,Played,,"JAVOR, DAMIR","KOROMILAS, ELIAS","KOWALSKI, MARCIN",CSKA Moscow team victory,CSKA Moscow defeated Dinamo Banco di Sardegna Sassari 93-87 in Round 7 (Regular Season).,Euroleague Basketball Official API (api-live.euroleague.net / live.euroleague.net)
83,E2015_75,2015-16,2015,E2015,Regular Season,Regular Season,Round 7,2015-11-27,Friday,20:00,2015-11-27T19:00:00Z,Real Madrid,Crvena Zvezda Telekom Belgrade,Crvena Zvezda Telekom Belgrade,Real Madrid,RED,MAD,PIONIR,,6500,6744,94,88,182,6,Crvena Zvezda Telekom Belgrade,Real Madrid,Home Win (94-88),94-88,No,28,18,18,25,20,24,28,21,,,Played,,"LOTTERMOSER, ROBERT","PATERNICO, CARMELO","SHEMMESH, SEFFI",Crvena Zvezda Telekom Belgrade team victory,Crvena Zvezda Telekom Belgrade defeated Real Madrid 94-88 in Round 7 (Regular Season).,Euroleague Basketball Official API (api-live.euroleague.net / live.euroleague.net)
84,E2015_84,2015-16,2015,E2015,Regular Season,Regular Season,Round 7,2015-11-27,Friday,20:45,2015-11-27T19:45:00Z,Brose Baskets Bamberg,Darussafaka Dogus Istanbul,Darussafaka Dogus Istanbul,Brose Baskets Bamberg,DAR,BAM,VOLKSWAGEN ARENA ,"Huzur Mah. Maslak Ayazaga Cad. No 4A - Sariyer, 34396 Istanbul (Turkey)",5000,3852,54,65,119,11,Brose Baskets Bamberg,Darussafaka Dogus Istanbul,Away Win (65-54),54-65,No,17,17,12,15,12,18,13,15,,,Played,,"ROCHA, FERNANDO","JIMENEZ, BENJAMIN","VOJINOVIC, MILIJA",Brose Baskets Bamberg team victory,Brose Baskets Bamberg defeated Darussafaka Dogus Istanbul 54-65 in Round 7 (Regular Season).,Euroleague Basketball Official API (api-live.euroleague.net / live.euroleague.net)
85,E2015_92,2015-16,2015,E2015,Regular Season,Regular Season,Round 8,2015-12-02,Wednesday,18:45,2015-12-02T17:45:00Z,Pinar Karsiyaka,Zalgiris Kaunas,Zalgiris Kaunas,Pinar Karsiyaka,ZAL,KSK,ZALGIRIO ARENA,"Karaliaus Mindaugo Av. 50, 44287 Kaunas",15442,9248,74,52,126,22,Zalgiris Kaunas,Pinar Karsiyaka,Home Win (74-52),74-52,No,22,14,18,11,13,16,21,11,,,Played,,"HIERREZUELO, DANIEL","VIATOR, EDDIE","DRAGOJEVIC, IGOR",Zalgiris Kaunas team victory,Zalgiris Kaunas defeated Pinar Karsiyaka 74-52 in Round 8 (Regular Season).,Euroleague Basketball Official API (api-live.euroleague.net / live.euroleague.net)
86,E2015_90,2015-16,2015,E2015,Regular Season,Regular Season,Round 8,2015-12-03,Thursday,19:00,2015-12-03T18:00:00Z,Anadolu Efes Istanbul,Cedevita Zagreb,Cedevita Zagreb,Anadolu Efes Istanbul,CED,IST,DRAZEN PETROVIC ZAGREB,"Savska 30, 10000 Zagreb, Croatia",5500,5107,75,81,156,6,Anadolu Efes Istanbul,Cedevita Zagreb,Away Win (81-75),75-81,No,13,17,26,25,26,15,10,24,,,Played,,"GARCIA, JUAN CARLOS","PILOIDIS, ANASTASIOS","BALAK, AMIT",Anadolu Efes Istanbul team victory,Anadolu Efes Istanbul defeated Cedevita Zagreb 75-81 in Round 8 (Regular Season).,Euroleague Basketball Official API (api-live.euroleague.net / live.euroleague.net)
87,E2015_96,2015-16,2015,E2015,Regular Season,Regular Season,Round 8,2015-12-03,Thursday,19:00,2015-12-03T18:00:00Z,Maccabi FOX Tel Aviv,Dinamo Banco di Sardegna Sassari,Dinamo Banco di Sardegna Sassari,Maccabi FOX Tel Aviv,SAS,TEL,PALASERRADIMIGNI,"Piazzale Segni, 07100 Sassari, Italy",5000,3318,74,76,150,2,Maccabi FOX Tel Aviv,Dinamo Banco di Sardegna Sassari,Away Win (76-74),74-76,No,15,20,18,20,19,17,22,19,,,Played,,"PUKL,SASA","JOVCIC, MILIVOJE","PERUGA, CARLOS",Maccabi FOX Tel Aviv team victory,Maccabi FOX Tel Aviv defeated Dinamo Banco di Sardegna Sassari 74-76 in Round 8 (Regular Season).,Euroleague Basketball Official API (api-live.euroleague.net / live.euroleague.net)
88,E2015_89,2015-16,2015,E2015,Regular Season,Regular Season,Round 8,2015-12-03,Thursday,20:30,2015-12-03T19:30:00Z,Limoges CSP,Laboral Kutxa Vitoria Gasteiz,Laboral Kutxa Vitoria Gasteiz,Limoges CSP,BAS,LMG,FERNANDO BUESA ARENA,"Ctra.  Zurbano s/n, 01013 Vitoria",15504,9137,92,56,148,36,Laboral Kutxa Vitoria Gasteiz,Limoges CSP,Home Win (92-56),92-56,No,29,15,25,14,19,14,19,13,,,Played,,"CHRISTODOULOU, CHRISTOS","RYZHYK, BORYS","SAHIN, TOLGA",Laboral Kutxa Vitoria Gasteiz team victory,Laboral Kutxa Vitoria Gasteiz defeated Limoges CSP 92-56 in Round 8 (Regular Season).,Euroleague Basketball Official API (api-live.euroleague.net / live.euroleague.net)
89,E2015_86,2015-16,2015,E2015,Regular Season,Regular Season,Round 8,2015-12-03,Thursday,20:45,2015-12-03T19:45:00Z,Fenerbahce Ulker,Real Madrid,Real Madrid,Fenerbahce Ulker,MAD,ULK,BARCLAYCARD CENTER,"Avenida de Felipe II 1, 28009, Madrid",13109,10483,80,73,153,7,Real Madrid,Fenerbahce Ulker,Home Win (80-73),80-73,No,18,28,18,17,20,10,24,18,,,Played,,"RADOVIC, SRETEN","KOROMILAS, ELIAS","ZAMOJSKI, JAKUB",Real Madrid team victory,Real Madrid defeated Fenerbahce Ulker 80-73 in Round 8 (Regular Season).,Euroleague Basketball Official API (api-live.euroleague.net / live.euroleague.net)
90,E2015_95,2015-16,2015,E2015,Regular Season,Regular Season,Round 8,2015-12-03,Thursday,20:45,2015-12-03T19:45:00Z,CSKA Moscow,Brose Baskets Bamberg,Brose Baskets Bamberg,CSKA Moscow,BAM,CSK,BROSE ARENA,"Forchheimer Str.15, Bamberg",5700,6800,88,100,188,12,CSKA Moscow,Brose Baskets Bamberg,Away Win (100-88),88-100,No,20,26,27,25,23,28,18,21,,,Played,,"PEREZ, EMILIO","SHEMMESH, SEFFI","LANZARINI, SAVERIO ",CSKA Moscow team victory,CSKA Moscow defeated Brose Baskets Bamberg 88-100 in Round 8 (Regular Season).,Euroleague Basketball Official API (api-live.euroleague.net / live.euroleague.net)
91,E2015_88,2015-16,2015,E2015,Regular Season,Regular Season,Round 8,2015-12-03,Thursday,21:00,2015-12-03T20:00:00Z,EA7 Emporio Armani Milan,Olympiacos Piraeus,Olympiacos Piraeus,EA7 Emporio Armani Milan,OLY,MIL,PEACE AND FRIENDSHIP STADIUM,"Ethnarchou Makariou Av., Piraeus",11640,6799,73,63,136,10,Olympiacos Piraeus,EA7 Emporio Armani Milan,Home Win (73-63),73-63,No,14,13,11,16,23,19,25,15,,,Played,,"LATISEVS, OLEGS","BULTO, VICENTE","KOWALSKI, MARCIN",Olympiacos Piraeus team victory,Olympiacos Piraeus defeated EA7 Emporio Armani Milan 73-63 in Round 8 (Regular Season).,Euroleague Basketball Official API (api-live.euroleague.net / live.euroleague.net)
92,E2015_91,2015-16,2015,E2015,Regular Season,Regular Season,Round 8,2015-12-04,Friday,18:00,2015-12-04T17:00:00Z,Stelmet Zielona Gora,Lokomotiv Kuban Krasnodar,Lokomotiv Kuban Krasnodar,Stelmet Zielona Gora,TIV,GSS,BASKET HALL,"Prigorodnaya str. 24, 350000 Krasnodar",7000,3116,51,66,117,15,Stelmet Zielona Gora,Lokomotiv Kuban Krasnodar,Away Win (66-51),51-66,No,13,24,14,16,11,12,13,14,,,Played,,"LAMONICA, LUIGI","CONDE, ANTONIO","RODSAND, TORKILD",Stelmet Zielona Gora team victory,Stelmet Zielona Gora defeated Lokomotiv Kuban Krasnodar 51-66 in Round 8 (Regular Season).,Euroleague Basketball Official API (api-live.euroleague.net / live.euroleague.net)
93,E2015_85,2015-16,2015,E2015,Regular Season,Regular Season,Round 8,2015-12-04,Friday,20:00,2015-12-04T19:00:00Z,Khimki Moscow Region,Crvena Zvezda Telekom Belgrade,Crvena Zvezda Telekom Belgrade,Khimki Moscow Region,RED,KHI,PIONIR,,6500,6934,96,91,187,5,Crvena Zvezda Telekom Belgrade,Khimki Moscow Region,Home Win (96-91),96-91,No,27,26,23,27,18,16,28,22,,,Played,,"ROCHA, FERNANDO","SHULGA, BORIS","FRITZ, CLEMENS ",Crvena Zvezda Telekom Belgrade team victory,Crvena Zvezda Telekom Belgrade defeated Khimki Moscow Region 96-91 in Round 8 (Regular Season).,Euroleague Basketball Official API (api-live.euroleague.net / live.euroleague.net)
94,E2015_94,2015-16,2015,E2015,Regular Season,Regular Season,Round 8,2015-12-04,Friday,20:00,2015-12-04T19:00:00Z,Unicaja Malaga,Darussafaka Dogus Istanbul,Darussafaka Dogus Istanbul,Unicaja Malaga,DAR,MAL,VOLKSWAGEN ARENA ,"Huzur Mah. Maslak Ayazaga Cad. No 4A - Sariyer, 34396 Istanbul (Turkey)",5000,4080,63,57,120,6,Darussafaka Dogus Istanbul,Unicaja Malaga,Home Win (63-57),63-57,No,20,15,10,13,15,20,18,9,,,Played,,"BELOSEVIC, ILIJA","GKONTAS, SPIROS","BOLTAUZER, MATEJ",Darussafaka Dogus Istanbul team victory,Darussafaka Dogus Istanbul defeated Unicaja Malaga 63-57 in Round 8 (Regular Season).,Euroleague Basketball Official API (api-live.euroleague.net / live.euroleague.net)
95,E2015_87,2015-16,2015,E2015,Regular Season,Regular Season,Round 8,2015-12-04,Friday,20:30,2015-12-04T19:30:00Z,FC Bayern Munich,Strasbourg,Strasbourg,FC Bayern Munich,STR,MUN,RHENUS SPORT,"Boulevard de Dresde, 67000 Strasbourg-Wacken",6093,6141,69,82,151,13,FC Bayern Munich,Strasbourg,Away Win (82-69),69-82,No,15,21,14,27,11,18,29,16,,,Played,,"PATERNICO, CARMELO","JIMENEZ, BENJAMIN","VYKLICKY, ROBERT",FC Bayern Munich team victory,FC Bayern Munich defeated Strasbourg 69-82 in Round 8 (Regular Season).,Euroleague Basketball Official API (api-live.euroleague.net / live.euroleague.net)
96,E2015_93,2015-16,2015,E2015,Regular Season,Regular Season,Round 8,2015-12-04,Friday,20:45,2015-12-04T19:45:00Z,FC Barcelona Lassa,Panathinaikos Athens,Panathinaikos Athens,FC Barcelona Lassa,PAN,BAR,OLYMPIC SPORTS CENTER ATHENS,"37 Kifisias Avenue, 15123 Marousi",18200,13972,93,86,179,7,Panathinaikos Athens,FC Barcelona Lassa,Home Win (93-86),93-86,No,21,22,24,13,21,22,27,29,,,Played,,"LOTTERMOSER, ROBERT","PASTUSIAK, PIOTR","ZASHCHUK, SERGEY",Panathinaikos Athens team victory,Panathinaikos Athens defeated FC Barcelona Lassa 93-86 in Round 8 (Regular Season).,Euroleague Basketball Official API (api-live.euroleague.net / live.euroleague.net)
97,E2015_105,2015-16,2015,E2015,Regular Season,Regular Season,Round 9,2015-12-10,Thursday,18:00,2015-12-10T17:00:00Z,Lokomotiv Kuban Krasnodar,Pinar Karsiyaka,Pinar Karsiyaka,Lokomotiv Kuban Krasnodar,KSK,TIV,KARSIYAKA ARENA,,5000,2500,78,88,166,10,Lokomotiv Kuban Krasnodar,Pinar Karsiyaka,Away Win (88-78),78-88,No,22,27,21,23,14,20,21,18,,,Played,,"PEREZ, EMILIO","PATERNICO, CARMELO","FOUFIS, IOANNIS",Lokomotiv Kuban Krasnodar team victory,Lokomotiv Kuban Krasnodar defeated Pinar Karsiyaka 78-88 in Round 9 (Regular Season).,Euroleague Basketball Official API (api-live.euroleague.net / live.euroleague.net)
98,E2015_101,2015-16,2015,E2015,Regular Season,Regular Season,Round 9,2015-12-10,Thursday,20:00,2015-12-10T19:00:00Z,Laboral Kutxa Vitoria Gasteiz,Anadolu Efes Istanbul,Anadolu Efes Istanbul,Laboral Kutxa Vitoria Gasteiz,IST,BAS,ABDI IPEKCI ARENA,"10, Yil Caddesi Zeytinburnu, 34760 Istanbul",11300,4921,95,86,181,9,Anadolu Efes Istanbul,Laboral Kutxa Vitoria Gasteiz,Home Win (95-86),95-86,No,16,21,25,25,26,20,28,20,,,Played,,"ROCHA, FERNANDO","JAVOR, DAMIR","PASTUSIAK, PIOTR",Anadolu Efes Istanbul team victory,Anadolu Efes Istanbul defeated Laboral Kutxa Vitoria Gasteiz 95-86 in Round 9 (Regular Season).,Euroleague Basketball Official API (api-live.euroleague.net / live.euroleague.net)
99,E2015_107,2015-16,2015,E2015,Regular Season,Regular Season,Round 9,2015-12-10,Thursday,20:15,2015-12-10T19:15:00Z,Brose Baskets Bamberg,Maccabi FOX Tel Aviv,Maccabi FOX Tel Aviv,Brose Baskets Bamberg,TEL,BAM,MENORA MIVTACHIM ARENA,"51, Igal Alon, 67062 Tel Aviv",11192,11060,85,65,150,20,Maccabi FOX Tel Aviv,Brose Baskets Bamberg,Home Win (85-65),85-65,No,22,10,19,18,29,22,15,15,,,Played,,"RADOVIC, SRETEN","PEREZ, MIGUEL ANGEL","PETEK, SASO",Maccabi FOX Tel Aviv team victory,Maccabi FOX Tel Aviv defeated Brose Baskets Bamberg 85-65 in Round 9 (Regular Season).,Euroleague Basketball Official API (api-live.euroleague.net / live.euroleague.net)
100,E2015_102,2015-16,2015,E2015,Regular Season,Regular Season,Round 9,2015-12-10,Thursday,20:30,2015-12-10T19:30:00Z,Olympiacos Piraeus,Limoges CSP,Limoges CSP,Olympiacos Piraeus,LMG,OLY,PALAIS DES SPORTS DE BEAUBLANC,"Boulevard Beaublanc 23, 87100, Limoges, France",5516,4000,67,76,143,9,Olympiacos Piraeus,Limoges CSP,Away Win (76-67),67-76,No,15,20,21,26,12,19,19,11,,,Played,,"JOVCIC, MILIVOJE","CONDE, ANTONIO","ZAMOJSKI, JAKUB",Olympiacos Piraeus team victory,Olympiacos Piraeus defeated Limoges CSP 67-76 in Round 9 (Regular Season).,Euroleague Basketball Official API (api-live.euroleague.net / live.euroleague.net)
101,E2015_106,2015-16,2015,E2015,Regular Season,Regular Season,Round 9,2015-12-10,Thursday,20:30,2015-12-10T19:30:00Z,Unicaja Malaga,Dinamo Banco di Sardegna Sassari,Dinamo Banco di Sardegna Sassari,Unicaja Malaga,SAS,MAL,PALASERRADIMIGNI,"Piazzale Segni, 07100 Sassari, Italy",5000,2988,65,77,142,12,Unicaja Malaga,Dinamo Banco di Sardegna Sassari,Away Win (77-65),65-77,No,23,26,16,22,12,15,14,14,,,Played,,"LATISEVS, OLEGS","VOJINOVIC, MILIJA","SHEMMESH, SEFFI",Unicaja Malaga team victory,Unicaja Malaga defeated Dinamo Banco di Sardegna Sassari 65-77 in Round 9 (Regular Season).,Euroleague Basketball Official API (api-live.euroleague.net / live.euroleague.net)
102,E2015_104,2015-16,2015,E2015,Regular Season,Regular Season,Round 9,2015-12-10,Thursday,21:00,2015-12-10T20:00:00Z,Zalgiris Kaunas,FC Barcelona Lassa,FC Barcelona Lassa,Zalgiris Kaunas,BAR,ZAL,PALAU BLAUGRANA,"Aristides Maillol Av S/N, 08028 Barcelona",7585,4236,88,92,180,4,Zalgiris Kaunas,FC Barcelona Lassa,Away Win (92-88),88-92,No,16,27,22,18,25,25,25,22,,,Played,,"GKONTAS, SPIROS","KOWALSKI, MARCIN","HALLIKO, AARE",Zalgiris Kaunas team victory,Zalgiris Kaunas defeated FC Barcelona Lassa 88-92 in Round 9 (Regular Season).,Euroleague Basketball Official API (api-live.euroleague.net / live.euroleague.net)
103,E2015_108,2015-16,2015,E2015,Regular Season,Regular Season,Round 9,2015-12-11,Friday,18:00,2015-12-11T17:00:00Z,Darussafaka Dogus Istanbul,CSKA Moscow,CSKA Moscow,Darussafaka Dogus Istanbul,CSK,DAR,USH CSKA,"39 bld.3 Leningradskiy Prospect, Moscow, Russia",5113,4570,94,66,160,28,CSKA Moscow,Darussafaka Dogus Istanbul,Home Win (94-66),94-66,No,24,19,27,22,29,7,14,18,,,Played,,"PUKL,SASA","BULTO, VICENTE","ZASHCHUK, SERGEY",CSKA Moscow team victory,CSKA Moscow defeated Darussafaka Dogus Istanbul 94-66 in Round 9 (Regular Season).,Euroleague Basketball Official API (api-live.euroleague.net / live.euroleague.net)
104,E2015_100,2015-16,2015,E2015,Regular Season,Regular Season,Round 9,2015-12-11,Friday,19:00,2015-12-11T18:00:00Z,EA7 Emporio Armani Milan,Cedevita Zagreb,Cedevita Zagreb,EA7 Emporio Armani Milan,CED,MIL,DRAZEN PETROVIC ZAGREB,"Savska 30, 10000 Zagreb, Croatia",5500,5200,82,85,167,3,EA7 Emporio Armani Milan,Cedevita Zagreb,Away Win (85-82),82-85,No,18,25,13,20,26,21,25,19,,,Played,,"RYZHYK, BORYS","CORTES, CARLOS","ROMANO, DAVID",EA7 Emporio Armani Milan team victory,EA7 Emporio Armani Milan defeated Cedevita Zagreb 82-85 in Round 9 (Regular Season).,Euroleague Basketball Official API (api-live.euroleague.net / live.euroleague.net)
105,E2015_98,2015-16,2015,E2015,Regular Season,Regular Season,Round 9,2015-12-11,Friday,20:00,2015-12-11T19:00:00Z,Real Madrid,FC Bayern Munich,FC Bayern Munich,Real Madrid,MUN,MAD,AUDI DOME,"Grasweg 74, 81373 Munich",6500,6700,67,86,153,19,Real Madrid,FC Bayern Munich,Away Win (86-67),67-86,No,18,20,20,16,13,29,16,21,,,Played,,"CHRISTODOULOU, CHRISTOS","BOLTAUZER, MATEJ","SAHIN, TOLGA",Real Madrid team victory,Real Madrid defeated FC Bayern Munich 67-86 in Round 9 (Regular Season).,Euroleague Basketball Official API (api-live.euroleague.net / live.euroleague.net)
106,E2015_97,2015-16,2015,E2015,Regular Season,Regular Season,Round 9,2015-12-11,Friday,20:30,2015-12-11T19:30:00Z,Khimki Moscow Region,Strasbourg,Strasbourg,Khimki Moscow Region,STR,KHI,RHENUS SPORT,"Boulevard de Dresde, 67000 Strasbourg-Wacken",6093,5398,69,78,147,9,Khimki Moscow Region,Strasbourg,Away Win (78-69),69-78,No,24,20,19,25,14,14,12,19,,,Played,,"LOTTERMOSER, ROBERT","KOROMILAS, ELIAS","BALAK, AMIT",Khimki Moscow Region team victory,Khimki Moscow Region defeated Strasbourg 69-78 in Round 9 (Regular Season).,Euroleague Basketball Official API (api-live.euroleague.net / live.euroleague.net)
107,E2015_99,2015-16,2015,E2015,Regular Season,Regular Season,Round 9,2015-12-11,Friday,20:45,2015-12-11T19:45:00Z,Crvena Zvezda Telekom Belgrade,Fenerbahce Ulker,Fenerbahce Ulker,Crvena Zvezda Telekom Belgrade,ULK,RED,ULKER SPORTS AND EVENT HALL,"Barbaros Mah. Ihlamur Sok. Batı Ataşehir, 34764 Istanbul, Turkiye ",13000,8634,79,61,140,18,Fenerbahce Ulker,Crvena Zvezda Telekom Belgrade,Home Win (79-61),79-61,No,18,20,21,17,19,14,21,10,,,Played,,"LAMONICA, LUIGI","JIMENEZ, BENJAMIN","LAURINAVICIUS, JURGIS",Fenerbahce Ulker team victory,Fenerbahce Ulker defeated Crvena Zvezda Telekom Belgrade 79-61 in Round 9 (Regular Season).,Euroleague Basketball Official API (api-live.euroleague.net / live.euroleague.net)
108,E2015_103,2015-16,2015,E2015,Regular Season,Regular Season,Round 9,2015-12-11,Friday,20:45,2015-12-11T19:45:00Z,Stelmet Zielona Gora,Panathinaikos Athens,Panathinaikos Athens,Stelmet Zielona Gora,PAN,GSS,OLYMPIC SPORTS CENTER ATHENS,"37 Kifisias Avenue, 15123 Marousi",18200,6200,82,51,133,31,Panathinaikos Athens,Stelmet Zielona Gora,Home Win (82-51),82-51,No,26,23,21,10,20,14,15,4,,,Played,,"HIERREZUELO, DANIEL","BISSANG, JOSEPH","MANTYLA, PETRI",Panathinaikos Athens team victory,Panathinaikos Athens defeated Stelmet Zielona Gora 82-51 in Round 9 (Regular Season).,Euroleague Basketball Official API (api-live.euroleague.net / live.euroleague.net)
109,E2015_109,2015-16,2015,E2015,Regular Season,Regular Season,Round 10,2015-12-17,Thursday,17:45,2015-12-17T16:45:00Z,Fenerbahce Ulker,Khimki Moscow Region,Khimki Moscow Region,Fenerbahce Ulker,KHI,ULK,BASKETBALL CENTER OF MOSCOW REGION,"Kirov Str. 27 141400 Khimki, Moscow Region - Russian Federation",5000,3300,68,70,138,2,Fenerbahce Ulker,Khimki Moscow Region,Away Win (70-68),68-70,No,26,24,13,15,10,11,19,20,,,Played,,"JAVOR, DAMIR","PATERNICO, CARMELO","PERUGA, CARLOS",Fenerbahce Ulker team victory,Fenerbahce Ulker defeated Khimki Moscow Region 68-70 in Round 10 (Regular Season).,Euroleague Basketball Official API (api-live.euroleague.net / live.euroleague.net)
110,E2015_117,2015-16,2015,E2015,Regular Season,Regular Season,Round 10,2015-12-17,Thursday,18:45,2015-12-17T17:45:00Z,Panathinaikos Athens,Zalgiris Kaunas,Zalgiris Kaunas,Panathinaikos Athens,ZAL,PAN,ZALGIRIO ARENA,"Karaliaus Mindaugo Av. 50, 44287 Kaunas",15442,12589,72,75,147,3,Panathinaikos Athens,Zalgiris Kaunas,Away Win (75-72),72-75,No,16,21,20,13,22,18,14,23,,,Played,,"GARCIA, JUAN CARLOS","BOLTAUZER, MATEJ","SHULGA, BORIS",Panathinaikos Athens team victory,Panathinaikos Athens defeated Zalgiris Kaunas 72-75 in Round 10 (Regular Season).,Euroleague Basketball Official API (api-live.euroleague.net / live.euroleague.net)
111,E2015_119,2015-16,2015,E2015,Regular Season,Regular Season,Round 10,2015-12-17,Thursday,19:45,2015-12-17T18:45:00Z,Maccabi FOX Tel Aviv,Darussafaka Dogus Istanbul,Darussafaka Dogus Istanbul,Maccabi FOX Tel Aviv,DAR,TEL,VOLKSWAGEN ARENA ,"Huzur Mah. Maslak Ayazaga Cad. No 4A - Sariyer, 34396 Istanbul (Turkey)",5000,4926,66,70,136,4,Maccabi FOX Tel Aviv,Darussafaka Dogus Istanbul,Away Win (70-66),66-70,No,23,19,12,19,14,12,17,20,,,Played,,"HIERREZUELO, DANIEL","ANASTOPOULOS, PANAGIOTIS","JURAS, MARKO",Maccabi FOX Tel Aviv team victory,Maccabi FOX Tel Aviv defeated Darussafaka Dogus Istanbul 66-70 in Round 10 (Regular Season).,Euroleague Basketball Official API (api-live.euroleague.net / live.euroleague.net)
112,E2015_120,2015-16,2015,E2015,Regular Season,Regular Season,Round 10,2015-12-17,Thursday,20:00,2015-12-17T19:00:00Z,Dinamo Banco di Sardegna Sassari,Brose Baskets Bamberg,Brose Baskets Bamberg,Dinamo Banco di Sardegna Sassari,BAM,SAS,BROSE ARENA,"Forchheimer Str.15, Bamberg",5700,6800,86,54,140,32,Brose Baskets Bamberg,Dinamo Banco di Sardegna Sassari,Home Win (86-54),86-54,No,20,14,29,19,18,14,19,7,,,Played,,"CHRISTODOULOU, CHRISTOS","CONDE, ANTONIO","PASTUSIAK, PIOTR",Brose Baskets Bamberg team victory,Brose Baskets Bamberg defeated Dinamo Banco di Sardegna Sassari 86-54 in Round 10 (Regular Season).,Euroleague Basketball Official API (api-live.euroleague.net / live.euroleague.net)
113,E2015_114,2015-16,2015,E2015,Regular Season,Regular Season,Round 10,2015-12-17,Thursday,20:30,2015-12-17T19:30:00Z,Cedevita Zagreb,Laboral Kutxa Vitoria Gasteiz,Laboral Kutxa Vitoria Gasteiz,Cedevita Zagreb,BAS,CED,FERNANDO BUESA ARENA,"Ctra.  Zurbano s/n, 01013 Vitoria",15504,8945,92,70,162,22,Laboral Kutxa Vitoria Gasteiz,Cedevita Zagreb,Home Win (92-70),92-70,No,23,16,22,13,22,28,25,13,,,Played,,"KOROMILAS, ELIAS","BISSANG, JOSEPH","SHEMMESH, SEFFI",Laboral Kutxa Vitoria Gasteiz team victory,Laboral Kutxa Vitoria Gasteiz defeated Cedevita Zagreb 92-70 in Round 10 (Regular Season).,Euroleague Basketball Official API (api-live.euroleague.net / live.euroleague.net)
114,E2015_111,2015-16,2015,E2015,Regular Season,Regular Season,Round 10,2015-12-17,Thursday,20:45,2015-12-17T19:45:00Z,Strasbourg,Real Madrid,Real Madrid,Strasbourg,MAD,STR,BARCLAYCARD CENTER,"Avenida de Felipe II 1, 28009, Madrid",13109,10868,97,65,162,32,Real Madrid,Strasbourg,Home Win (97-65),97-65,No,29,15,23,22,23,13,22,15,,,Played,,"LAMONICA, LUIGI","LATISEVS, OLEGS","FOUFIS, IOANNIS",Real Madrid team victory,Real Madrid defeated Strasbourg 97-65 in Round 10 (Regular Season).,Euroleague Basketball Official API (api-live.euroleague.net / live.euroleague.net)
115,E2015_116,2015-16,2015,E2015,Regular Season,Regular Season,Round 10,2015-12-18,Friday,18:00,2015-12-18T17:00:00Z,FC Barcelona Lassa,Lokomotiv Kuban Krasnodar,Lokomotiv Kuban Krasnodar,FC Barcelona Lassa,TIV,BAR,BASKET HALL,"Prigorodnaya str. 24, 350000 Krasnodar",7000,7353,78,74,152,4,Lokomotiv Kuban Krasnodar,FC Barcelona Lassa,Home Win (78-74),78-74,No,18,17,11,18,25,25,24,14,,,Played,,"BELOSEVIC, ILIJA","ZAMOJSKI, JAKUB","ROMANO, DAVID",Lokomotiv Kuban Krasnodar team victory,Lokomotiv Kuban Krasnodar defeated FC Barcelona Lassa 78-74 in Round 10 (Regular Season).,Euroleague Basketball Official API (api-live.euroleague.net / live.euroleague.net)
116,E2015_110,2015-16,2015,E2015,Regular Season,Regular Season,Round 10,2015-12-18,Friday,19:00,2015-12-18T18:00:00Z,FC Bayern Munich,Crvena Zvezda Telekom Belgrade,Crvena Zvezda Telekom Belgrade,FC Bayern Munich,RED,MUN,PIONIR,,6500,6458,85,76,161,9,Crvena Zvezda Telekom Belgrade,FC Bayern Munich,Home Win (85-76),85-76,No,31,20,13,20,12,25,29,11,,,Played,,"VIATOR, EDDIE","GKONTAS, SPIROS","BULTO, VICENTE",Crvena Zvezda Telekom Belgrade team victory,Crvena Zvezda Telekom Belgrade defeated FC Bayern Munich 85-76 in Round 10 (Regular Season).,Euroleague Basketball Official API (api-live.euroleague.net / live.euroleague.net)
117,E2015_115,2015-16,2015,E2015,Regular Season,Regular Season,Round 10,2015-12-18,Friday,19:00,2015-12-18T18:00:00Z,Pinar Karsiyaka,Stelmet Zielona Gora,Stelmet Zielona Gora,Pinar Karsiyaka,GSS,KSK,CENTRUM REKREACYJNO SPORTOWE,"Sulechowska 41 Street, 65-119 Zielona Gora",5023,2750,81,83,164,2,Pinar Karsiyaka,Stelmet Zielona Gora,Away Win (83-81),81-83,No,20,24,16,25,25,14,20,20,,,Played,,"RADOVIC, SRETEN","CORTES, CARLOS","ZASHCHUK, SERGEY",Pinar Karsiyaka team victory,Pinar Karsiyaka defeated Stelmet Zielona Gora 81-83 in Round 10 (Regular Season).,Euroleague Basketball Official API (api-live.euroleague.net / live.euroleague.net)
118,E2015_112,2015-16,2015,E2015,Regular Season,Regular Season,Round 10,2015-12-18,Friday,20:45,2015-12-18T19:45:00Z,Limoges CSP,EA7 Emporio Armani Milan,EA7 Emporio Armani Milan,Limoges CSP,MIL,LMG,MEDIOLANUM FORUM,"Via G. Di Vittorio 6, 20090 Assago",12627,8254,69,77,146,8,Limoges CSP,EA7 Emporio Armani Milan,Away Win (77-69),69-77,No,19,20,22,28,13,18,15,11,,,Played,,"PEREZ, MIGUEL ANGEL","PETEK, SASO","DRAGOJEVIC, IGOR",Limoges CSP team victory,Limoges CSP defeated EA7 Emporio Armani Milan 69-77 in Round 10 (Regular Season).,Euroleague Basketball Official API (api-live.euroleague.net / live.euroleague.net)
119,E2015_113,2015-16,2015,E2015,Regular Season,Regular Season,Round 10,2015-12-18,Friday,20:45,2015-12-18T19:45:00Z,Anadolu Efes Istanbul,Olympiacos Piraeus,Olympiacos Piraeus,Anadolu Efes Istanbul,OLY,IST,PEACE AND FRIENDSHIP STADIUM,"Ethnarchou Makariou Av., Piraeus",11640,8049,68,81,149,13,Anadolu Efes Istanbul,Olympiacos Piraeus,Away Win (81-68),68-81,No,10,21,19,19,25,24,14,17,,,Played,,"PUKL,SASA","PEREZ, EMILIO","VOJINOVIC, MILIJA",Anadolu Efes Istanbul team victory,Anadolu Efes Istanbul defeated Olympiacos Piraeus 68-81 in Round 10 (Regular Season).,Euroleague Basketball Official API (api-live.euroleague.net / live.euroleague.net)
120,E2015_118,2015-16,2015,E2015,Regular Season,Regular Season,Round 10,2015-12-18,Friday,20:45,2015-12-18T19:45:00Z,CSKA Moscow,Unicaja Malaga,Unicaja Malaga,CSKA Moscow,MAL,CSK,MARTIN CARPENA,"c/ Miguel Merida Nicolich 2, Malaga",10642,9120,76,88,164,12,CSKA Moscow,Unicaja Malaga,Away Win (88-76),76-88,No,24,20,22,22,11,23,19,23,,,Played,,"ROCHA, FERNANDO","RYZHYK, BORYS","SAHIN, TOLGA",CSKA Moscow team victory,CSKA Moscow defeated Unicaja Malaga 76-88 in Round 10 (Regular Season).,Euroleague Basketball Official API (api-live.euroleague.net / live.euroleague.net)
121,E2015_128,2015-16,2015,E2015,Top 16,Top 16,Round 11,2015-12-29,Tuesday,18:00,2015-12-29T17:00:00Z,CSKA Moscow,Khimki Moscow Region,Khimki Moscow Region,CSKA Moscow,KHI,CSK,KRYLATSKOYE SPORTS PALACE,Ostrovanaya Street 7,5000,3500,91,89,180,2,Khimki Moscow Region,CSKA Moscow,Home Win (91-89),91-89,No,21,29,20,22,28,20,22,18,,,Played,,"BELOSEVIC, ILIJA","ZAMOJSKI, JAKUB","ROMANO, DAVID",Khimki Moscow Region team victory,Khimki Moscow Region defeated CSKA Moscow 91-89 in Round 11 (Top 16).,Euroleague Basketball Official API (api-live.euroleague.net / live.euroleague.net)
122,E2015_127,2015-16,2015,E2015,Top 16,Top 16,Round 11,2015-12-29,Tuesday,20:00,2015-12-29T19:00:00Z,FC Barcelona Lassa,Olympiacos Piraeus,Olympiacos Piraeus,FC Barcelona Lassa,OLY,BAR,PEACE AND FRIENDSHIP STADIUM,"Ethnarchou Makariou Av., Piraeus",11640,11144,74,62,136,12,Olympiacos Piraeus,FC Barcelona Lassa,Home Win (74-62),74-62,No,14,14,25,12,17,14,18,22,,,Played,,"LAMONICA, LUIGI","VIATOR, EDDIE","KOLJENSIC, MILOS ",Olympiacos Piraeus team victory,Olympiacos Piraeus defeated FC Barcelona Lassa 74-62 in Round 11 (Top 16).,Euroleague Basketball Official API (api-live.euroleague.net / live.euroleague.net)
123,E2015_121,2015-16,2015,E2015,Top 16,Top 16,Round 11,2015-12-29,Tuesday,20:45,2015-12-29T19:45:00Z,Darussafaka Dogus Istanbul,Unicaja Malaga,Unicaja Malaga,Darussafaka Dogus Istanbul,MAL,DAR,MARTIN CARPENA,"c/ Miguel Merida Nicolich 2, Malaga",10642,7438,70,62,132,8,Unicaja Malaga,Darussafaka Dogus Istanbul,Home Win (70-62),70-62,No,14,16,15,16,25,21,16,9,,,Played,,"PATERNICO, CARMELO","KOROMILAS, ELIAS","HALLIKO, AARE",Unicaja Malaga team victory,Unicaja Malaga defeated Darussafaka Dogus Istanbul 70-62 in Round 11 (Top 16).,Euroleague Basketball Official API (api-live.euroleague.net / live.euroleague.net)
124,E2015_123,2015-16,2015,E2015,Top 16,Top 16,Round 11,2015-12-30,Wednesday,18:00,2015-12-30T17:00:00Z,Crvena Zvezda Telekom Belgrade,Anadolu Efes Istanbul,Anadolu Efes Istanbul,Crvena Zvezda Telekom Belgrade,IST,RED,ABDI IPEKCI ARENA,"10, Yil Caddesi Zeytinburnu, 34760 Istanbul",11300,2626,85,84,169,1,Anadolu Efes Istanbul,Crvena Zvezda Telekom Belgrade,Home Win (85-84),85-84,No,25,23,19,31,17,18,24,12,,,Played,,"PEREZ, MIGUEL ANGEL","BISSANG, JOSEPH","KOWALSKI, MARCIN",Anadolu Efes Istanbul team victory,Anadolu Efes Istanbul defeated Crvena Zvezda Telekom Belgrade 85-84 in Round 11 (Top 16).,Euroleague Basketball Official API (api-live.euroleague.net / live.euroleague.net)
125,E2015_126,2015-16,2015,E2015,Top 16,Top 16,Round 11,2015-12-30,Wednesday,18:45,2015-12-30T17:45:00Z,Laboral Kutxa Vitoria Gasteiz,Zalgiris Kaunas,Zalgiris Kaunas,Laboral Kutxa Vitoria Gasteiz,ZAL,BAS,ZALGIRIO ARENA,"Karaliaus Mindaugo Av. 50, 44287 Kaunas",15442,12793,68,89,157,21,Laboral Kutxa Vitoria Gasteiz,Zalgiris Kaunas,Away Win (89-68),68-89,No,14,33,26,22,15,9,13,25,,,Played,,"PUKL,SASA","MANTYLA, PETRI","JURAS, MARKO",Laboral Kutxa Vitoria Gasteiz team victory,Laboral Kutxa Vitoria Gasteiz defeated Zalgiris Kaunas 68-89 in Round 11 (Top 16).,Euroleague Basketball Official API (api-live.euroleague.net / live.euroleague.net)
126,E2015_122,2015-16,2015,E2015,Top 16,Top 16,Round 11,2015-12-30,Wednesday,19:00,2015-12-30T18:00:00Z,Lokomotiv Kuban Krasnodar,Cedevita Zagreb,Cedevita Zagreb,Lokomotiv Kuban Krasnodar,CED,TIV,DRAZEN PETROVIC ZAGREB,"Savska 30, 10000 Zagreb, Croatia",5500,4067,75,89,164,14,Lokomotiv Kuban Krasnodar,Cedevita Zagreb,Away Win (89-75),75-89,No,21,16,20,34,15,13,19,26,,,Played,,"HIERREZUELO, DANIEL","ROCHA, FERNANDO","SAHIN, TOLGA",Lokomotiv Kuban Krasnodar team victory,Lokomotiv Kuban Krasnodar defeated Cedevita Zagreb 75-89 in Round 11 (Top 16).,Euroleague Basketball Official API (api-live.euroleague.net / live.euroleague.net)
127,E2015_124,2015-16,2015,E2015,Top 16,Top 16,Round 11,2015-12-30,Wednesday,20:00,2015-12-30T19:00:00Z,Panathinaikos Athens,Fenerbahce Ulker,Fenerbahce Ulker,Panathinaikos Athens,ULK,PAN,ULKER SPORTS AND EVENT HALL,"Barbaros Mah. Ihlamur Sok. Batı Ataşehir, 34764 Istanbul, Turkiye ",13000,9172,82,75,157,7,Fenerbahce Ulker,Panathinaikos Athens,Home Win (82-75),82-75,No,28,18,18,25,16,15,20,17,,,Played,,"PEREZ, EMILIO","LATISEVS, OLEGS","PETEK, SASO",Fenerbahce Ulker team victory,Fenerbahce Ulker defeated Panathinaikos Athens 82-75 in Round 11 (Top 16).,Euroleague Basketball Official API (api-live.euroleague.net / live.euroleague.net)
128,E2015_125,2015-16,2015,E2015,Top 16,Top 16,Round 11,2015-12-30,Wednesday,20:45,2015-12-30T19:45:00Z,Brose Baskets Bamberg,Real Madrid,Real Madrid,Brose Baskets Bamberg,MAD,BAM,BARCLAYCARD CENTER,"Avenida de Felipe II 1, 28009, Madrid",13109,9283,82,79,161,3,Real Madrid,Brose Baskets Bamberg,Home Win (82-79),82-79,No,13,19,17,21,27,20,25,19,,,Played,,"JOVCIC, MILIVOJE","JAVOR, DAMIR","SHULGA, BORIS",Real Madrid team victory,Real Madrid defeated Brose Baskets Bamberg 82-79 in Round 11 (Top 16).,Euroleague Basketball Official API (api-live.euroleague.net / live.euroleague.net)
129,E2015_133,2015-16,2015,E2015,Top 16,Top 16,Round 12,2016-01-07,Thursday,18:00,2016-01-07T17:00:00Z,Real Madrid,CSKA Moscow,CSKA Moscow,Real Madrid,CSK,MAD,USH CSKA,"39 bld.3 Leningradskiy Prospect, Moscow, Russia",5113,5000,95,81,176,14,CSKA Moscow,Real Madrid,Home Win (95-81),95-81,No,22,20,28,21,21,23,24,17,,,Played,,"RADOVIC, SRETEN","PATERNICO, CARMELO","PETEK, SASO",CSKA Moscow team victory,CSKA Moscow defeated Real Madrid 95-81 in Round 12 (Top 16).,Euroleague Basketball Official API (api-live.euroleague.net / live.euroleague.net)
130,E2015_132,2015-16,2015,E2015,Top 16,Top 16,Round 12,2016-01-07,Thursday,20:00,2016-01-07T19:00:00Z,Cedevita Zagreb,Darussafaka Dogus Istanbul,Darussafaka Dogus Istanbul,Cedevita Zagreb,DAR,CED,VOLKSWAGEN ARENA ,"Huzur Mah. Maslak Ayazaga Cad. No 4A - Sariyer, 34396 Istanbul (Turkey)",5000,4319,72,79,151,7,Cedevita Zagreb,Darussafaka Dogus Istanbul,Away Win (79-72),72-79,No,26,19,13,21,19,18,14,21,,,Played,,"CHRISTODOULOU, CHRISTOS","GARCIA, JUAN CARLOS","PASTUSIAK, PIOTR",Cedevita Zagreb team victory,Cedevita Zagreb defeated Darussafaka Dogus Istanbul 72-79 in Round 12 (Top 16).,Euroleague Basketball Official API (api-live.euroleague.net / live.euroleague.net)
131,E2015_135,2015-16,2015,E2015,Top 16,Top 16,Round 12,2016-01-07,Thursday,20:30,2016-01-07T19:30:00Z,Olympiacos Piraeus,Laboral Kutxa Vitoria Gasteiz,Laboral Kutxa Vitoria Gasteiz,Olympiacos Piraeus,BAS,OLY,FERNANDO BUESA ARENA,"Ctra.  Zurbano s/n, 01013 Vitoria",15504,10237,76,82,158,6,Olympiacos Piraeus,Laboral Kutxa Vitoria Gasteiz,Away Win (82-76),76-82,No,18,24,16,19,22,19,20,20,,,Played,,"BELOSEVIC, ILIJA","BOLTAUZER, MATEJ","LATISEVS, OLEGS",Olympiacos Piraeus team victory,Olympiacos Piraeus defeated Laboral Kutxa Vitoria Gasteiz 76-82 in Round 12 (Top 16).,Euroleague Basketball Official API (api-live.euroleague.net / live.euroleague.net)
132,E2015_134,2015-16,2015,E2015,Top 16,Top 16,Round 12,2016-01-07,Thursday,20:45,2016-01-07T19:45:00Z,Khimki Moscow Region,FC Barcelona Lassa,FC Barcelona Lassa,Khimki Moscow Region,BAR,KHI,PALAU BLAUGRANA,"Aristides Maillol Av S/N, 08028 Barcelona",7585,5731,87,70,157,17,FC Barcelona Lassa,Khimki Moscow Region,Home Win (87-70),87-70,No,23,16,26,13,18,22,20,19,,,Played,,"JOVCIC, MILIVOJE","PUKL,SASA","SAHIN, TOLGA",FC Barcelona Lassa team victory,FC Barcelona Lassa defeated Khimki Moscow Region 87-70 in Round 12 (Top 16).,Euroleague Basketball Official API (api-live.euroleague.net / live.euroleague.net)
133,E2015_131,2015-16,2015,E2015,Top 16,Top 16,Round 12,2016-01-08,Friday,18:00,2016-01-08T17:00:00Z,Anadolu Efes Istanbul,Lokomotiv Kuban Krasnodar,Lokomotiv Kuban Krasnodar,Anadolu Efes Istanbul,TIV,IST,BASKET HALL,"Prigorodnaya str. 24, 350000 Krasnodar",7000,4788,78,77,155,1,Lokomotiv Kuban Krasnodar,Anadolu Efes Istanbul,Home Win (78-77),78-77,No,13,21,24,22,16,16,25,18,,,Played,,"LAMONICA, LUIGI","JIMENEZ, BENJAMIN","KOLJENSIC, MILOS ",Lokomotiv Kuban Krasnodar team victory,Lokomotiv Kuban Krasnodar defeated Anadolu Efes Istanbul 78-77 in Round 12 (Top 16).,Euroleague Basketball Official API (api-live.euroleague.net / live.euroleague.net)
134,E2015_130,2015-16,2015,E2015,Top 16,Top 16,Round 12,2016-01-08,Friday,20:00,2016-01-08T19:00:00Z,Fenerbahce Ulker,Crvena Zvezda Telekom Belgrade,Crvena Zvezda Telekom Belgrade,Fenerbahce Ulker,RED,ULK,PIONIR,,6500,6421,65,88,153,23,Fenerbahce Ulker,Crvena Zvezda Telekom Belgrade,Away Win (88-65),65-88,No,20,23,8,18,18,22,19,25,,,Played,,"HIERREZUELO, DANIEL","MANTYLA, PETRI","FOUFIS, IOANNIS",Fenerbahce Ulker team victory,Fenerbahce Ulker defeated Crvena Zvezda Telekom Belgrade 65-88 in Round 12 (Top 16).,Euroleague Basketball Official API (api-live.euroleague.net / live.euroleague.net)
135,E2015_136,2015-16,2015,E2015,Top 16,Top 16,Round 12,2016-01-08,Friday,20:00,2016-01-08T19:00:00Z,Zalgiris Kaunas,Brose Baskets Bamberg,Brose Baskets Bamberg,Zalgiris Kaunas,BAM,ZAL,BROSE ARENA,"Forchheimer Str.15, Bamberg",5700,6661,96,63,159,33,Brose Baskets Bamberg,Zalgiris Kaunas,Home Win (96-63),96-63,No,24,13,25,16,22,23,25,11,,,Played,,"ROCHA, FERNANDO","KOROMILAS, ELIAS","PERUGA, CARLOS",Brose Baskets Bamberg team victory,Brose Baskets Bamberg defeated Zalgiris Kaunas 96-63 in Round 12 (Top 16).,Euroleague Basketball Official API (api-live.euroleague.net / live.euroleague.net)
136,E2015_129,2015-16,2015,E2015,Top 16,Top 16,Round 12,2016-01-08,Friday,20:45,2016-01-08T19:45:00Z,Unicaja Malaga,Panathinaikos Athens,Panathinaikos Athens,Unicaja Malaga,PAN,MAL,OLYMPIC SPORTS CENTER ATHENS,"37 Kifisias Avenue, 15123 Marousi",18200,8685,68,66,134,2,Panathinaikos Athens,Unicaja Malaga,Home Win (68-66),68-66,No,21,17,16,16,21,22,10,11,,,Played,,"JAVOR, DAMIR","LOTTERMOSER, ROBERT","ZAMOJSKI, JAKUB",Panathinaikos Athens team victory,Panathinaikos Athens defeated Unicaja Malaga 68-66 in Round 12 (Top 16).,Euroleague Basketball Official API (api-live.euroleague.net / live.euroleague.net)
137,E2015_144,2015-16,2015,E2015,Top 16,Top 16,Round 13,2016-01-14,Thursday,18:00,2016-01-14T17:00:00Z,FC Barcelona Lassa,CSKA Moscow,CSKA Moscow,FC Barcelona Lassa,CSK,BAR,MEGASPORT ARENA,"3, Khodynskiy Blv., 125252 Moscow, Russian Federation",14000,11783,93,82,175,11,CSKA Moscow,FC Barcelona Lassa,Home Win (93-82),93-82,No,28,29,26,17,22,13,17,23,,,Played,,"LOTTERMOSER, ROBERT","JAVOR, DAMIR","PASTUSIAK, PIOTR",CSKA Moscow team victory,CSKA Moscow defeated FC Barcelona Lassa 93-82 in Round 13 (Top 16).,Euroleague Basketball Official API (api-live.euroleague.net / live.euroleague.net)
138,E2015_139,2015-16,2015,E2015,Top 16,Top 16,Round 13,2016-01-14,Thursday,20:00,2016-01-14T19:00:00Z,Lokomotiv Kuban Krasnodar,Fenerbahce Ulker,Fenerbahce Ulker,Lokomotiv Kuban Krasnodar,ULK,TIV,ULKER SPORTS AND EVENT HALL,"Barbaros Mah. Ihlamur Sok. Batı Ataşehir, 34764 Istanbul, Turkiye ",13000,10397,85,79,164,6,Fenerbahce Ulker,Lokomotiv Kuban Krasnodar,Home Win (85-79),85-79,No,20,18,17,27,14,15,34,19,,,Played,,"GARCIA, JUAN CARLOS","GKONTAS, SPIROS","HORDOV, TOMISLAV ",Fenerbahce Ulker team victory,Fenerbahce Ulker defeated Lokomotiv Kuban Krasnodar 85-79 in Round 13 (Top 16).,Euroleague Basketball Official API (api-live.euroleague.net / live.euroleague.net)
139,E2015_140,2015-16,2015,E2015,Top 16,Top 16,Round 13,2016-01-14,Thursday,20:15,2016-01-14T19:15:00Z,Crvena Zvezda Telekom Belgrade,Panathinaikos Athens,Panathinaikos Athens,Crvena Zvezda Telekom Belgrade,PAN,RED,OLYMPIC SPORTS CENTER ATHENS,"37 Kifisias Avenue, 15123 Marousi",18200,7061,63,74,137,11,Crvena Zvezda Telekom Belgrade,Panathinaikos Athens,Away Win (74-63),63-74,No,14,16,20,22,14,16,15,20,,,Played,,"RYZHYK, BORYS","CONDE, ANTONIO","BALAK, AMIT",Crvena Zvezda Telekom Belgrade team victory,Crvena Zvezda Telekom Belgrade defeated Panathinaikos Athens 63-74 in Round 13 (Top 16).,Euroleague Basketball Official API (api-live.euroleague.net / live.euroleague.net)
140,E2015_137,2015-16,2015,E2015,Top 16,Top 16,Round 13,2016-01-14,Thursday,20:45,2016-01-14T19:45:00Z,Cedevita Zagreb,Unicaja Malaga,Unicaja Malaga,Cedevita Zagreb,MAL,CED,MARTIN CARPENA,"c/ Miguel Merida Nicolich 2, Malaga",10642,5972,90,67,157,23,Unicaja Malaga,Cedevita Zagreb,Home Win (90-67),90-67,No,27,14,25,17,19,19,19,17,,,Played,,"VIATOR, EDDIE","LATISEVS, OLEGS","FOUFIS, IOANNIS",Unicaja Malaga team victory,Unicaja Malaga defeated Cedevita Zagreb 90-67 in Round 13 (Top 16).,Euroleague Basketball Official API (api-live.euroleague.net / live.euroleague.net)
141,E2015_143,2015-16,2015,E2015,Top 16,Top 16,Round 13,2016-01-15,Friday,18:00,2016-01-15T17:00:00Z,Laboral Kutxa Vitoria Gasteiz,Khimki Moscow Region,Khimki Moscow Region,Laboral Kutxa Vitoria Gasteiz,KHI,BAS,KRYLATSKOYE SPORTS PALACE,Ostrovanaya Street 7,5000,1800,76,68,144,8,Khimki Moscow Region,Laboral Kutxa Vitoria Gasteiz,Home Win (76-68),76-68,No,17,12,22,27,20,9,17,20,,,Played,,"LAMONICA, LUIGI","ROCHA, FERNANDO","PETEK, SASO",Khimki Moscow Region team victory,Khimki Moscow Region defeated Laboral Kutxa Vitoria Gasteiz 76-68 in Round 13 (Top 16).,Euroleague Basketball Official API (api-live.euroleague.net / live.euroleague.net)
142,E2015_138,2015-16,2015,E2015,Top 16,Top 16,Round 13,2016-01-15,Friday,19:00,2016-01-15T18:00:00Z,Darussafaka Dogus Istanbul,Anadolu Efes Istanbul,Anadolu Efes Istanbul,Darussafaka Dogus Istanbul,IST,DAR,ABDI IPEKCI ARENA,"10, Yil Caddesi Zeytinburnu, 34760 Istanbul",11300,4387,84,71,155,13,Anadolu Efes Istanbul,Darussafaka Dogus Istanbul,Home Win (84-71),84-71,No,14,15,22,12,25,24,23,20,,,Played,,"RADOVIC, SRETEN","BULTO, VICENTE","PAPAPETROU, PETROS",Anadolu Efes Istanbul team victory,Anadolu Efes Istanbul defeated Darussafaka Dogus Istanbul 84-71 in Round 13 (Top 16).,Euroleague Basketball Official API (api-live.euroleague.net / live.euroleague.net)
143,E2015_141,2015-16,2015,E2015,Top 16,Top 16,Round 13,2016-01-15,Friday,20:45,2016-01-15T19:45:00Z,Zalgiris Kaunas,Real Madrid,Real Madrid,Zalgiris Kaunas,MAD,ZAL,BARCLAYCARD CENTER,"Avenida de Felipe II 1, 28009, Madrid",13109,10271,92,86,178,6,Real Madrid,Zalgiris Kaunas,Home Win (92-86),92-86,No,26,18,19,24,20,11,27,33,,,Played,,"CHRISTODOULOU, CHRISTOS","BELOSEVIC, ILIJA","SAHIN, TOLGA",Real Madrid team victory,Real Madrid defeated Zalgiris Kaunas 92-86 in Round 13 (Top 16).,Euroleague Basketball Official API (api-live.euroleague.net / live.euroleague.net)
144,E2015_142,2015-16,2015,E2015,Top 16,Top 16,Round 13,2016-01-15,Friday,20:45,2016-01-15T19:45:00Z,Brose Baskets Bamberg,Olympiacos Piraeus,Olympiacos Piraeus,Brose Baskets Bamberg,OLY,BAM,PEACE AND FRIENDSHIP STADIUM,"Ethnarchou Makariou Av., Piraeus",11640,8878,72,77,149,5,Brose Baskets Bamberg,Olympiacos Piraeus,Away Win (77-72),72-77,No,10,18,16,21,21,20,25,18,,,Played,,"HIERREZUELO, DANIEL","BISSANG, JOSEPH","KARTAL, ERSAN",Brose Baskets Bamberg team victory,Brose Baskets Bamberg defeated Olympiacos Piraeus 72-77 in Round 13 (Top 16).,Euroleague Basketball Official API (api-live.euroleague.net / live.euroleague.net)
145,E2015_146,2015-16,2015,E2015,Top 16,Top 16,Round 14,2016-01-21,Thursday,18:00,2016-01-21T17:00:00Z,Panathinaikos Athens,Lokomotiv Kuban Krasnodar,Lokomotiv Kuban Krasnodar,Panathinaikos Athens,TIV,PAN,BASKET HALL,"Prigorodnaya str. 24, 350000 Krasnodar",7000,5112,76,67,143,9,Lokomotiv Kuban Krasnodar,Panathinaikos Athens,Home Win (76-67),76-67,No,22,22,16,17,15,12,23,16,,,Played,,"BELOSEVIC, ILIJA","PATERNICO, CARMELO","MANTYLA, PETRI",Lokomotiv Kuban Krasnodar team victory,Lokomotiv Kuban Krasnodar defeated Panathinaikos Athens 76-67 in Round 14 (Top 16).,Euroleague Basketball Official API (api-live.euroleague.net / live.euroleague.net)
146,E2015_148,2015-16,2015,E2015,Top 16,Top 16,Round 14,2016-01-21,Thursday,19:00,2016-01-21T18:00:00Z,Anadolu Efes Istanbul,Cedevita Zagreb,Cedevita Zagreb,Anadolu Efes Istanbul,CED,IST,DRAZEN PETROVIC ZAGREB,"Savska 30, 10000 Zagreb, Croatia",5500,3661,84,80,164,4,Cedevita Zagreb,Anadolu Efes Istanbul,Home Win (84-80),84-80,No,24,20,23,27,18,12,19,21,,,Played,,"LOTTERMOSER, ROBERT","PEREZ, EMILIO","GKONTAS, SPIROS",Cedevita Zagreb team victory,Cedevita Zagreb defeated Anadolu Efes Istanbul 84-80 in Round 14 (Top 16).,Euroleague Basketball Official API (api-live.euroleague.net / live.euroleague.net)
147,E2015_150,2015-16,2015,E2015,Top 16,Top 16,Round 14,2016-01-21,Thursday,20:30,2016-01-21T19:30:00Z,CSKA Moscow,Laboral Kutxa Vitoria Gasteiz,Laboral Kutxa Vitoria Gasteiz,CSKA Moscow,BAS,CSK,FERNANDO BUESA ARENA,"Ctra.  Zurbano s/n, 01013 Vitoria",15504,11528,81,71,152,10,Laboral Kutxa Vitoria Gasteiz,CSKA Moscow,Home Win (81-71),81-71,No,18,10,16,24,23,20,24,17,,,Played,,"RYZHYK, BORYS","JOVCIC, MILIVOJE","VIATOR, EDDIE",Laboral Kutxa Vitoria Gasteiz team victory,Laboral Kutxa Vitoria Gasteiz defeated CSKA Moscow 81-71 in Round 14 (Top 16).,Euroleague Basketball Official API (api-live.euroleague.net / live.euroleague.net)
148,E2015_149,2015-16,2015,E2015,Top 16,Top 16,Round 14,2016-01-21,Thursday,20:45,2016-01-21T19:45:00Z,FC Barcelona Lassa,Real Madrid,Real Madrid,FC Barcelona Lassa,MAD,BAR,BARCLAYCARD CENTER,"Avenida de Felipe II 1, 28009, Madrid",13109,12018,86,87,173,1,FC Barcelona Lassa,Real Madrid,Away Win (87-86),86-87,No,27,17,21,20,15,25,23,25,,,Played,,"ROCHA, FERNANDO","KOROMILAS, ELIAS","LATISEVS, OLEGS",FC Barcelona Lassa team victory,FC Barcelona Lassa defeated Real Madrid 86-87 in Round 14 (Top 16).,Euroleague Basketball Official API (api-live.euroleague.net / live.euroleague.net)
149,E2015_151,2015-16,2015,E2015,Top 16,Top 16,Round 14,2016-01-22,Friday,18:00,2016-01-22T17:00:00Z,Brose Baskets Bamberg,Khimki Moscow Region,Khimki Moscow Region,Brose Baskets Bamberg,KHI,BAM,KRYLATSKOYE SPORTS PALACE,Ostrovanaya Street 7,5000,2500,78,61,139,17,Khimki Moscow Region,Brose Baskets Bamberg,Home Win (78-61),78-61,No,16,12,14,16,24,17,24,16,,,Played,,"RADOVIC, SRETEN","GARCIA, JUAN CARLOS","FOUFIS, IOANNIS",Khimki Moscow Region team victory,Khimki Moscow Region defeated Brose Baskets Bamberg 78-61 in Round 14 (Top 16).,Euroleague Basketball Official API (api-live.euroleague.net / live.euroleague.net)
150,E2015_152,2015-16,2015,E2015,Top 16,Top 16,Round 14,2016-01-22,Friday,18:45,2016-01-22T17:45:00Z,Olympiacos Piraeus,Zalgiris Kaunas,Zalgiris Kaunas,Olympiacos Piraeus,ZAL,OLY,ZALGIRIO ARENA,"Karaliaus Mindaugo Av. 50, 44287 Kaunas",15442,10263,75,55,130,20,Zalgiris Kaunas,Olympiacos Piraeus,Home Win (75-55),75-55,No,17,18,16,9,20,18,22,10,,,Played,,"PEREZ, MIGUEL ANGEL","JAVOR, DAMIR","DOZAI, SRDAN",Zalgiris Kaunas team victory,Zalgiris Kaunas defeated Olympiacos Piraeus 75-55 in Round 14 (Top 16).,Euroleague Basketball Official API (api-live.euroleague.net / live.euroleague.net)
151,E2015_147,2015-16,2015,E2015,Top 16,Top 16,Round 14,2016-01-22,Friday,19:00,2016-01-22T18:00:00Z,Fenerbahce Ulker,Darussafaka Dogus Istanbul,Darussafaka Dogus Istanbul,Fenerbahce Ulker,DAR,ULK,VOLKSWAGEN ARENA ,"Huzur Mah. Maslak Ayazaga Cad. No 4A - Sariyer, 34396 Istanbul (Turkey)",5000,4895,100,106,206,6,Fenerbahce Ulker,Darussafaka Dogus Istanbul,Away Win (106-100),100-106,No,24,37,27,25,22,24,27,20,,,Played,,"PUKL,SASA","JIMENEZ, BENJAMIN","SHEMMESH, SEFFI",Fenerbahce Ulker team victory,Fenerbahce Ulker defeated Darussafaka Dogus Istanbul 100-106 in Round 14 (Top 16).,Euroleague Basketball Official API (api-live.euroleague.net / live.euroleague.net)
152,E2015_145,2015-16,2015,E2015,Top 16,Top 16,Round 14,2016-01-22,Friday,20:00,2016-01-22T19:00:00Z,Unicaja Malaga,Crvena Zvezda Telekom Belgrade,Crvena Zvezda Telekom Belgrade,Unicaja Malaga,RED,MAL,PIONIR,,6500,6421,87,73,160,14,Crvena Zvezda Telekom Belgrade,Unicaja Malaga,Home Win (87-73),87-73,No,21,14,20,17,19,22,27,20,,,Played,,"LAMONICA, LUIGI","BOLTAUZER, MATEJ","PASTUSIAK, PIOTR",Crvena Zvezda Telekom Belgrade team victory,Crvena Zvezda Telekom Belgrade defeated Unicaja Malaga 87-73 in Round 14 (Top 16).,Euroleague Basketball Official API (api-live.euroleague.net / live.euroleague.net)
153,E2015_159,2015-16,2015,E2015,Top 16,Top 16,Round 15,2016-01-28,Thursday,18:00,2016-01-28T17:00:00Z,Brose Baskets Bamberg,CSKA Moscow,CSKA Moscow,Brose Baskets Bamberg,CSK,BAM,MEGASPORT ARENA,"3, Khodynskiy Blv., 125252 Moscow, Russian Federation",14000,7813,91,70,161,21,CSKA Moscow,Brose Baskets Bamberg,Home Win (91-70),91-70,No,25,23,30,11,18,16,18,20,,,Played,,"BELOSEVIC, ILIJA","LATISEVS, OLEGS","HORDOV, TOMISLAV ",CSKA Moscow team victory,CSKA Moscow defeated Brose Baskets Bamberg 91-70 in Round 15 (Top 16).,Euroleague Basketball Official API (api-live.euroleague.net / live.euroleague.net)
154,E2015_154,2015-16,2015,E2015,Top 16,Top 16,Round 15,2016-01-28,Thursday,19:30,2016-01-28T18:30:00Z,Cedevita Zagreb,Fenerbahce Ulker,Fenerbahce Ulker,Cedevita Zagreb,ULK,CED,ULKER SPORTS AND EVENT HALL,"Barbaros Mah. Ihlamur Sok. Batı Ataşehir, 34764 Istanbul, Turkiye ",13000,11133,86,73,159,13,Fenerbahce Ulker,Cedevita Zagreb,Home Win (86-73),86-73,No,27,12,13,21,22,28,24,12,,,Played,,"RYZHYK, BORYS","BULTO, VICENTE","KOWALSKI, MARCIN",Fenerbahce Ulker team victory,Fenerbahce Ulker defeated Cedevita Zagreb 86-73 in Round 15 (Top 16).,Euroleague Basketball Official API (api-live.euroleague.net / live.euroleague.net)
155,E2015_157,2015-16,2015,E2015,Top 16,Top 16,Round 15,2016-01-28,Thursday,20:45,2016-01-28T19:45:00Z,Olympiacos Piraeus,Real Madrid,Real Madrid,Olympiacos Piraeus,MAD,OLY,BARCLAYCARD CENTER,"Avenida de Felipe II 1, 28009, Madrid",13109,11225,84,72,156,12,Real Madrid,Olympiacos Piraeus,Home Win (84-72),84-72,No,17,19,24,16,22,13,21,24,,,Played,,"LOTTERMOSER, ROBERT","VIATOR, EDDIE","JURAS, MARKO",Real Madrid team victory,Real Madrid defeated Olympiacos Piraeus 84-72 in Round 15 (Top 16).,Euroleague Basketball Official API (api-live.euroleague.net / live.euroleague.net)
156,E2015_158,2015-16,2015,E2015,Top 16,Top 16,Round 15,2016-01-29,Friday,18:00,2016-01-29T17:00:00Z,Zalgiris Kaunas,Khimki Moscow Region,Khimki Moscow Region,Zalgiris Kaunas,KHI,ZAL,KRYLATSKOYE SPORTS PALACE,Ostrovanaya Street 7,5000,2500,111,80,191,31,Khimki Moscow Region,Zalgiris Kaunas,Home Win (111-80),111-80,No,25,18,27,20,25,23,34,19,,,Played,,"HIERREZUELO, DANIEL","BOLTAUZER, MATEJ","CONDE, ANTONIO",Khimki Moscow Region team victory,Khimki Moscow Region defeated Zalgiris Kaunas 111-80 in Round 15 (Top 16).,Euroleague Basketball Official API (api-live.euroleague.net / live.euroleague.net)
157,E2015_153,2015-16,2015,E2015,Top 16,Top 16,Round 15,2016-01-29,Friday,20:00,2016-01-29T19:00:00Z,Anadolu Efes Istanbul,Unicaja Malaga,Unicaja Malaga,Anadolu Efes Istanbul,MAL,IST,MARTIN CARPENA,"c/ Miguel Merida Nicolich 2, Malaga",10642,6431,75,85,160,10,Anadolu Efes Istanbul,Unicaja Malaga,Away Win (85-75),75-85,No,23,21,24,25,19,20,9,19,,,Played,,"ROCHA, FERNANDO","PUKL,SASA","SHULGA, BORIS",Anadolu Efes Istanbul team victory,Anadolu Efes Istanbul defeated Unicaja Malaga 75-85 in Round 15 (Top 16).,Euroleague Basketball Official API (api-live.euroleague.net / live.euroleague.net)
158,E2015_156,2015-16,2015,E2015,Top 16,Top 16,Round 15,2016-01-29,Friday,20:00,2016-01-29T19:00:00Z,Lokomotiv Kuban Krasnodar,Crvena Zvezda Telekom Belgrade,Crvena Zvezda Telekom Belgrade,Lokomotiv Kuban Krasnodar,RED,TIV,PIONIR,,6500,6479,80,66,146,14,Crvena Zvezda Telekom Belgrade,Lokomotiv Kuban Krasnodar,Home Win (80-66),80-66,No,33,21,17,16,17,17,13,12,,,Played,,"PEREZ, MIGUEL ANGEL","SAHIN, TOLGA","HALLIKO, AARE",Crvena Zvezda Telekom Belgrade team victory,Crvena Zvezda Telekom Belgrade defeated Lokomotiv Kuban Krasnodar 80-66 in Round 15 (Top 16).,Euroleague Basketball Official API (api-live.euroleague.net / live.euroleague.net)
159,E2015_155,2015-16,2015,E2015,Top 16,Top 16,Round 15,2016-01-29,Friday,20:45,2016-01-29T19:45:00Z,Darussafaka Dogus Istanbul,Panathinaikos Athens,Panathinaikos Athens,Darussafaka Dogus Istanbul,PAN,DAR,OLYMPIC SPORTS CENTER ATHENS,"37 Kifisias Avenue, 15123 Marousi",18200,5250,82,79,161,3,Panathinaikos Athens,Darussafaka Dogus Istanbul,Home Win (82-79),82-79,No,16,21,26,17,21,20,19,21,,,Played,,"LAMONICA, LUIGI","PERUGA, CARLOS","KOLJENSIC, MILOS ",Panathinaikos Athens team victory,Panathinaikos Athens defeated Darussafaka Dogus Istanbul 82-79 in Round 15 (Top 16).,Euroleague Basketball Official API (api-live.euroleague.net / live.euroleague.net)
160,E2015_160,2015-16,2015,E2015,Top 16,Top 16,Round 15,2016-01-29,Friday,21:00,2016-01-29T20:00:00Z,Laboral Kutxa Vitoria Gasteiz,FC Barcelona Lassa,FC Barcelona Lassa,Laboral Kutxa Vitoria Gasteiz,BAR,BAS,PALAU BLAUGRANA,"Aristides Maillol Av S/N, 08028 Barcelona",7585,5623,78,81,159,3,Laboral Kutxa Vitoria Gasteiz,FC Barcelona Lassa,Away Win (81-78),78-81,Yes (1 OT),15,13,14,18,15,20,26,19,8,11,Played,,"CHRISTODOULOU, CHRISTOS","PATERNICO, CARMELO","BISSANG, JOSEPH",Laboral Kutxa Vitoria Gasteiz team victory,Laboral Kutxa Vitoria Gasteiz defeated FC Barcelona Lassa 78-81 in Round 15 (Top 16).,Euroleague Basketball Official API (api-live.euroleague.net / live.euroleague.net)
161,E2015_163,2015-16,2015,E2015,Top 16,Top 16,Round 16,2016-02-04,Thursday,19:00,2016-02-04T18:00:00Z,Panathinaikos Athens,Cedevita Zagreb,Cedevita Zagreb,Panathinaikos Athens,CED,PAN,DRAZEN PETROVIC ZAGREB,"Savska 30, 10000 Zagreb, Croatia",5500,5200,60,78,138,18,Panathinaikos Athens,Cedevita Zagreb,Away Win (78-60),60-78,No,13,18,9,21,14,21,24,18,,,Played,,"ROCHA, FERNANDO","PEREZ, MIGUEL ANGEL","GELLER, RENAUD",Panathinaikos Athens team victory,Panathinaikos Athens defeated Cedevita Zagreb 60-78 in Round 16 (Top 16).,Euroleague Basketball Official API (api-live.euroleague.net / live.euroleague.net)
162,E2015_162,2015-16,2015,E2015,Top 16,Top 16,Round 16,2016-02-04,Thursday,19:30,2016-02-04T18:30:00Z,Crvena Zvezda Telekom Belgrade,Darussafaka Dogus Istanbul,Darussafaka Dogus Istanbul,Crvena Zvezda Telekom Belgrade,DAR,RED,VOLKSWAGEN ARENA ,"Huzur Mah. Maslak Ayazaga Cad. No 4A - Sariyer, 34396 Istanbul (Turkey)",5000,4678,69,66,135,3,Darussafaka Dogus Istanbul,Crvena Zvezda Telekom Belgrade,Home Win (69-66),69-66,No,21,19,20,18,14,17,14,12,,,Played,,"JAVOR, DAMIR","SHULGA, BORIS","FOUFIS, IOANNIS",Darussafaka Dogus Istanbul team victory,Darussafaka Dogus Istanbul defeated Crvena Zvezda Telekom Belgrade 69-66 in Round 16 (Top 16).,Euroleague Basketball Official API (api-live.euroleague.net / live.euroleague.net)
163,E2015_166,2015-16,2015,E2015,Top 16,Top 16,Round 16,2016-02-04,Thursday,20:00,2016-02-04T19:00:00Z,FC Barcelona Lassa,Brose Baskets Bamberg,Brose Baskets Bamberg,FC Barcelona Lassa,BAM,BAR,BROSE ARENA,"Forchheimer Str.15, Bamberg",5700,6800,74,70,144,4,Brose Baskets Bamberg,FC Barcelona Lassa,Home Win (74-70),74-70,No,13,17,22,15,18,18,21,20,,,Played,,"JOVCIC, MILIVOJE","VIATOR, EDDIE","HERCEG, SINISA",Brose Baskets Bamberg team victory,Brose Baskets Bamberg defeated FC Barcelona Lassa 74-70 in Round 16 (Top 16).,Euroleague Basketball Official API (api-live.euroleague.net / live.euroleague.net)
164,E2015_161,2015-16,2015,E2015,Top 16,Top 16,Round 16,2016-02-04,Thursday,20:45,2016-02-04T19:45:00Z,Lokomotiv Kuban Krasnodar,Unicaja Malaga,Unicaja Malaga,Lokomotiv Kuban Krasnodar,MAL,TIV,MARTIN CARPENA,"c/ Miguel Merida Nicolich 2, Malaga",10642,5412,64,82,146,18,Lokomotiv Kuban Krasnodar,Unicaja Malaga,Away Win (82-64),64-82,No,16,16,16,18,15,26,17,22,,,Played,,"RYZHYK, BORYS","KOROMILAS, ELIAS","PETEK, SASO",Lokomotiv Kuban Krasnodar team victory,Lokomotiv Kuban Krasnodar defeated Unicaja Malaga 64-82 in Round 16 (Top 16).,Euroleague Basketball Official API (api-live.euroleague.net / live.euroleague.net)
165,E2015_167,2015-16,2015,E2015,Top 16,Top 16,Round 16,2016-02-05,Friday,18:45,2016-02-05T17:45:00Z,CSKA Moscow,Zalgiris Kaunas,Zalgiris Kaunas,CSKA Moscow,ZAL,CSK,ZALGIRIO ARENA,"Karaliaus Mindaugo Av. 50, 44287 Kaunas",15442,13120,59,94,153,35,CSKA Moscow,Zalgiris Kaunas,Away Win (94-59),59-94,No,11,26,18,18,16,22,14,28,,,Played,,"LAMONICA, LUIGI","RADOVIC, SRETEN","BULTO, VICENTE",CSKA Moscow team victory,CSKA Moscow defeated Zalgiris Kaunas 59-94 in Round 16 (Top 16).,Euroleague Basketball Official API (api-live.euroleague.net / live.euroleague.net)
166,E2015_164,2015-16,2015,E2015,Top 16,Top 16,Round 16,2016-02-05,Friday,19:30,2016-02-05T18:30:00Z,Fenerbahce Ulker,Anadolu Efes Istanbul,Anadolu Efes Istanbul,Fenerbahce Ulker,IST,ULK,ABDI IPEKCI ARENA,"10, Yil Caddesi Zeytinburnu, 34760 Istanbul",11300,8685,73,77,150,4,Fenerbahce Ulker,Anadolu Efes Istanbul,Away Win (77-73),73-77,No,21,18,20,17,16,20,16,22,,,Played,,"CHRISTODOULOU, CHRISTOS","HIERREZUELO, DANIEL","PASTUSIAK, PIOTR",Fenerbahce Ulker team victory,Fenerbahce Ulker defeated Anadolu Efes Istanbul 73-77 in Round 16 (Top 16).,Euroleague Basketball Official API (api-live.euroleague.net / live.euroleague.net)
167,E2015_165,2015-16,2015,E2015,Top 16,Top 16,Round 16,2016-02-05,Friday,20:45,2016-02-05T19:45:00Z,Laboral Kutxa Vitoria Gasteiz,Real Madrid,Real Madrid,Laboral Kutxa Vitoria Gasteiz,MAD,BAS,BARCLAYCARD CENTER,"Avenida de Felipe II 1, 28009, Madrid",13109,11088,68,77,145,9,Laboral Kutxa Vitoria Gasteiz,Real Madrid,Away Win (77-68),68-77,No,19,19,18,22,12,18,19,18,,,Played,,"PUKL,SASA","GKONTAS, SPIROS","BOLTAUZER, MATEJ",Laboral Kutxa Vitoria Gasteiz team victory,Laboral Kutxa Vitoria Gasteiz defeated Real Madrid 68-77 in Round 16 (Top 16).,Euroleague Basketball Official API (api-live.euroleague.net / live.euroleague.net)
168,E2015_168,2015-16,2015,E2015,Top 16,Top 16,Round 16,2016-02-05,Friday,20:45,2016-02-05T19:45:00Z,Khimki Moscow Region,Olympiacos Piraeus,Olympiacos Piraeus,Khimki Moscow Region,OLY,KHI,PEACE AND FRIENDSHIP STADIUM,"Ethnarchou Makariou Av., Piraeus",11640,10000,89,77,166,12,Olympiacos Piraeus,Khimki Moscow Region,Home Win (89-77),89-77,No,20,24,18,19,24,17,27,17,,,Played,,"PEREZ, EMILIO","PATERNICO, CARMELO","LATISEVS, OLEGS",Olympiacos Piraeus team victory,Olympiacos Piraeus defeated Khimki Moscow Region 89-77 in Round 16 (Top 16).,Euroleague Basketball Official API (api-live.euroleague.net / live.euroleague.net)
169,E2015_173,2015-16,2015,E2015,Top 16,Top 16,Round 17,2016-02-11,Thursday,18:00,2016-02-11T17:00:00Z,Real Madrid,Khimki Moscow Region,Khimki Moscow Region,Real Madrid,KHI,MAD,KRYLATSKOYE SPORTS PALACE,Ostrovanaya Street 7,5000,3800,82,93,175,11,Real Madrid,Khimki Moscow Region,Away Win (93-82),82-93,No,26,26,24,17,19,28,13,22,,,Played,,"LAMONICA, LUIGI","HORDOV, TOMISLAV ","PETEK, SASO",Real Madrid team victory,Real Madrid defeated Khimki Moscow Region 82-93 in Round 17 (Top 16).,Euroleague Basketball Official API (api-live.euroleague.net / live.euroleague.net)
170,E2015_169,2015-16,2015,E2015,Top 16,Top 16,Round 17,2016-02-11,Thursday,20:00,2016-02-11T19:00:00Z,Unicaja Malaga,Fenerbahce Ulker,Fenerbahce Ulker,Unicaja Malaga,ULK,MAL,ULKER SPORTS AND EVENT HALL,"Barbaros Mah. Ihlamur Sok. Batı Ataşehir, 34764 Istanbul, Turkiye ",13000,11439,80,59,139,21,Fenerbahce Ulker,Unicaja Malaga,Home Win (80-59),80-59,No,16,15,25,13,20,17,19,14,,,Played,,"LOTTERMOSER, ROBERT","VOJINOVIC, MILIJA","JAVOR, DAMIR",Fenerbahce Ulker team victory,Fenerbahce Ulker defeated Unicaja Malaga 80-59 in Round 17 (Top 16).,Euroleague Basketball Official API (api-live.euroleague.net / live.euroleague.net)
171,E2015_171,2015-16,2015,E2015,Top 16,Top 16,Round 17,2016-02-11,Thursday,20:00,2016-02-11T19:00:00Z,Cedevita Zagreb,Crvena Zvezda Telekom Belgrade,Crvena Zvezda Telekom Belgrade,Cedevita Zagreb,RED,CED,PIONIR,,6500,6491,94,74,168,20,Crvena Zvezda Telekom Belgrade,Cedevita Zagreb,Home Win (94-74),94-74,No,26,12,17,20,19,24,32,18,,,Played,,"CHRISTODOULOU, CHRISTOS","VIATOR, EDDIE","PERUGA, CARLOS",Crvena Zvezda Telekom Belgrade team victory,Crvena Zvezda Telekom Belgrade defeated Cedevita Zagreb 94-74 in Round 17 (Top 16).,Euroleague Basketball Official API (api-live.euroleague.net / live.euroleague.net)
172,E2015_176,2015-16,2015,E2015,Top 16,Top 16,Round 17,2016-02-11,Thursday,20:45,2016-02-11T19:45:00Z,Brose Baskets Bamberg,Laboral Kutxa Vitoria Gasteiz,Laboral Kutxa Vitoria Gasteiz,Brose Baskets Bamberg,BAS,BAM,FERNANDO BUESA ARENA,"Ctra.  Zurbano s/n, 01013 Vitoria",15504,10239,90,64,154,26,Laboral Kutxa Vitoria Gasteiz,Brose Baskets Bamberg,Home Win (90-64),90-64,No,26,13,23,17,23,16,18,18,,,Played,,"KOROMILAS, ELIAS","SAHIN, TOLGA","SHULGA, BORIS",Laboral Kutxa Vitoria Gasteiz team victory,Laboral Kutxa Vitoria Gasteiz defeated Brose Baskets Bamberg 90-64 in Round 17 (Top 16).,Euroleague Basketball Official API (api-live.euroleague.net / live.euroleague.net)
173,E2015_172,2015-16,2015,E2015,Top 16,Top 16,Round 17,2016-02-12,Friday,17:00,2016-02-12T16:00:00Z,Darussafaka Dogus Istanbul,Lokomotiv Kuban Krasnodar,Lokomotiv Kuban Krasnodar,Darussafaka Dogus Istanbul,TIV,DAR,BASKET HALL,"Prigorodnaya str. 24, 350000 Krasnodar",7000,4254,82,58,140,24,Lokomotiv Kuban Krasnodar,Darussafaka Dogus Istanbul,Home Win (82-58),82-58,No,19,16,25,12,16,12,22,18,,,Played,,"JOVCIC, MILIVOJE","GARCIA, JUAN CARLOS","ROMANO, DAVID",Lokomotiv Kuban Krasnodar team victory,Lokomotiv Kuban Krasnodar defeated Darussafaka Dogus Istanbul 82-58 in Round 17 (Top 16).,Euroleague Basketball Official API (api-live.euroleague.net / live.euroleague.net)
174,E2015_174,2015-16,2015,E2015,Top 16,Top 16,Round 17,2016-02-12,Friday,18:45,2016-02-12T17:45:00Z,Olympiacos Piraeus,CSKA Moscow,CSKA Moscow,Olympiacos Piraeus,CSK,OLY,MEGASPORT ARENA,"3, Khodynskiy Blv., 125252 Moscow, Russian Federation",14000,12473,92,85,177,7,CSKA Moscow,Olympiacos Piraeus,Home Win (92-85),92-85,No,18,15,23,18,25,28,26,24,,,Played,,"HIERREZUELO, DANIEL","ROCHA, FERNANDO","PETEK, SASO",CSKA Moscow team victory,CSKA Moscow defeated Olympiacos Piraeus 92-85 in Round 17 (Top 16).,Euroleague Basketball Official API (api-live.euroleague.net / live.euroleague.net)
175,E2015_170,2015-16,2015,E2015,Top 16,Top 16,Round 17,2016-02-12,Friday,20:45,2016-02-12T19:45:00Z,Anadolu Efes Istanbul,Panathinaikos Athens,Panathinaikos Athens,Anadolu Efes Istanbul,PAN,IST,OLYMPIC SPORTS CENTER ATHENS,"37 Kifisias Avenue, 15123 Marousi",18200,10050,83,78,161,5,Panathinaikos Athens,Anadolu Efes Istanbul,Home Win (83-78),83-78,No,17,20,19,15,28,24,19,19,,,Played,,"BOLTAUZER, MATEJ","RADOVIC, SRETEN","JIMENEZ, BENJAMIN",Panathinaikos Athens team victory,Panathinaikos Athens defeated Anadolu Efes Istanbul 83-78 in Round 17 (Top 16).,Euroleague Basketball Official API (api-live.euroleague.net / live.euroleague.net)
176,E2015_175,2015-16,2015,E2015,Top 16,Top 16,Round 17,2016-02-12,Friday,21:00,2016-02-12T20:00:00Z,Zalgiris Kaunas,FC Barcelona Lassa,FC Barcelona Lassa,Zalgiris Kaunas,BAR,ZAL,PALAU BLAUGRANA,"Aristides Maillol Av S/N, 08028 Barcelona",7585,6286,92,86,178,6,FC Barcelona Lassa,Zalgiris Kaunas,Home Win (92-86),92-86,No,16,19,22,12,27,24,27,31,,,Played,,"BELOSEVIC, ILIJA","PASTUSIAK, PIOTR","MANTYLA, PETRI",FC Barcelona Lassa team victory,FC Barcelona Lassa defeated Zalgiris Kaunas 92-86 in Round 17 (Top 16).,Euroleague Basketball Official API (api-live.euroleague.net / live.euroleague.net)
177,E2015_184,2015-16,2015,E2015,Top 16,Top 16,Round 18,2016-02-25,Thursday,17:00,2016-02-25T16:00:00Z,Khimki Moscow Region,CSKA Moscow,CSKA Moscow,Khimki Moscow Region,CSK,KHI,MEGASPORT ARENA,"3, Khodynskiy Blv., 125252 Moscow, Russian Federation",14000,10543,108,98,206,10,CSKA Moscow,Khimki Moscow Region,Home Win (108-98),108-98,No,28,23,25,23,24,20,31,32,,,Played,,"PEREZ, MIGUEL ANGEL","LOTTERMOSER, ROBERT","JAVOR, DAMIR",CSKA Moscow team victory,CSKA Moscow defeated Khimki Moscow Region 108-98 in Round 18 (Top 16).,Euroleague Basketball Official API (api-live.euroleague.net / live.euroleague.net)
178,E2015_177,2015-16,2015,E2015,Top 16,Top 16,Round 18,2016-02-25,Thursday,18:30,2016-02-25T17:30:00Z,Unicaja Malaga,Darussafaka Dogus Istanbul,Darussafaka Dogus Istanbul,Unicaja Malaga,DAR,MAL,VOLKSWAGEN ARENA ,"Huzur Mah. Maslak Ayazaga Cad. No 4A - Sariyer, 34396 Istanbul (Turkey)",5000,4783,78,55,133,23,Darussafaka Dogus Istanbul,Unicaja Malaga,Home Win (78-55),78-55,No,19,16,18,12,22,17,19,10,,,Played,,"BELOSEVIC, ILIJA","BOLTAUZER, MATEJ","KOWALSKI, MARCIN",Darussafaka Dogus Istanbul team victory,Darussafaka Dogus Istanbul defeated Unicaja Malaga 78-55 in Round 18 (Top 16).,Euroleague Basketball Official API (api-live.euroleague.net / live.euroleague.net)
179,E2015_178,2015-16,2015,E2015,Top 16,Top 16,Round 18,2016-02-25,Thursday,19:00,2016-02-25T18:00:00Z,Cedevita Zagreb,Lokomotiv Kuban Krasnodar,Lokomotiv Kuban Krasnodar,Cedevita Zagreb,TIV,CED,BASKET HALL,"Prigorodnaya str. 24, 350000 Krasnodar",7000,2814,87,63,150,24,Lokomotiv Kuban Krasnodar,Cedevita Zagreb,Home Win (87-63),87-63,No,29,12,15,21,26,13,17,17,,,Played,,"HIERREZUELO, DANIEL","PASTUSIAK, PIOTR","SHEMMESH, SEFFI",Lokomotiv Kuban Krasnodar team victory,Lokomotiv Kuban Krasnodar defeated Cedevita Zagreb 87-63 in Round 18 (Top 16).,Euroleague Basketball Official API (api-live.euroleague.net / live.euroleague.net)
180,E2015_181,2015-16,2015,E2015,Top 16,Top 16,Round 18,2016-02-25,Thursday,20:00,2016-02-25T19:00:00Z,Real Madrid,Brose Baskets Bamberg,Brose Baskets Bamberg,Real Madrid,BAM,MAD,ARENA NURNBERGER VERSICHERUNG,,8500,8200,86,90,176,4,Real Madrid,Brose Baskets Bamberg,Away Win (90-86),86-90,No,26,23,19,23,20,26,21,18,,,Played,,"CHRISTODOULOU, CHRISTOS","RADOVIC, SRETEN","VOJINOVIC, MILIJA",Real Madrid team victory,Real Madrid defeated Brose Baskets Bamberg 86-90 in Round 18 (Top 16).,Euroleague Basketball Official API (api-live.euroleague.net / live.euroleague.net)
181,E2015_180,2015-16,2015,E2015,Top 16,Top 16,Round 18,2016-02-25,Thursday,20:15,2016-02-25T19:15:00Z,Fenerbahce Ulker,Panathinaikos Athens,Panathinaikos Athens,Fenerbahce Ulker,PAN,ULK,OLYMPIC SPORTS CENTER ATHENS,"37 Kifisias Avenue, 15123 Marousi",18200,16188,76,71,147,5,Panathinaikos Athens,Fenerbahce Ulker,Home Win (76-71),76-71,No,15,20,21,16,19,17,21,18,,,Played,,"GARCIA, JUAN CARLOS","PATERNICO, CARMELO","PETEK, SASO",Panathinaikos Athens team victory,Panathinaikos Athens defeated Fenerbahce Ulker 76-71 in Round 18 (Top 16).,Euroleague Basketball Official API (api-live.euroleague.net / live.euroleague.net)
182,E2015_182,2015-16,2015,E2015,Top 16,Top 16,Round 18,2016-02-25,Thursday,20:30,2016-02-25T19:30:00Z,Zalgiris Kaunas,Laboral Kutxa Vitoria Gasteiz,Laboral Kutxa Vitoria Gasteiz,Zalgiris Kaunas,BAS,ZAL,FERNANDO BUESA ARENA,"Ctra.  Zurbano s/n, 01013 Vitoria",15504,10649,71,65,136,6,Laboral Kutxa Vitoria Gasteiz,Zalgiris Kaunas,Home Win (71-65),71-65,No,22,20,10,12,13,21,26,12,,,Played,,"JOVCIC, MILIVOJE","LATISEVS, OLEGS","LANZARINI, SAVERIO ",Laboral Kutxa Vitoria Gasteiz team victory,Laboral Kutxa Vitoria Gasteiz defeated Zalgiris Kaunas 71-65 in Round 18 (Top 16).,Euroleague Basketball Official API (api-live.euroleague.net / live.euroleague.net)
183,E2015_179,2015-16,2015,E2015,Top 16,Top 16,Round 18,2016-02-26,Friday,20:00,2016-02-26T19:00:00Z,Anadolu Efes Istanbul,Crvena Zvezda Telekom Belgrade,Crvena Zvezda Telekom Belgrade,Anadolu Efes Istanbul,RED,IST,MILLENNIUM CENTER,Vrsac,5000,4961,91,82,173,9,Crvena Zvezda Telekom Belgrade,Anadolu Efes Istanbul,Home Win (91-82),91-82,No,24,19,14,27,25,19,28,17,,,Played,,"PEREZ, EMILIO","KOROMILAS, ELIAS","JASEVICIUS, TOMAS",Crvena Zvezda Telekom Belgrade team victory,Crvena Zvezda Telekom Belgrade defeated Anadolu Efes Istanbul 91-82 in Round 18 (Top 16).,Euroleague Basketball Official API (api-live.euroleague.net / live.euroleague.net)
184,E2015_183,2015-16,2015,E2015,Top 16,Top 16,Round 18,2016-02-26,Friday,20:45,2016-02-26T19:45:00Z,Olympiacos Piraeus,FC Barcelona Lassa,FC Barcelona Lassa,Olympiacos Piraeus,BAR,OLY,PALAU BLAUGRANA,"Aristides Maillol Av S/N, 08028 Barcelona",7585,6279,82,66,148,16,FC Barcelona Lassa,Olympiacos Piraeus,Home Win (82-66),82-66,No,19,19,26,12,26,16,11,19,,,Played,,"LAMONICA, LUIGI","RYZHYK, BORYS","KOLJENSIC, MILOS ",FC Barcelona Lassa team victory,FC Barcelona Lassa defeated Olympiacos Piraeus 82-66 in Round 18 (Top 16).,Euroleague Basketball Official API (api-live.euroleague.net / live.euroleague.net)
185,E2015_189,2015-16,2015,E2015,Top 16,Top 16,Round 19,2016-03-02,Wednesday,20:45,2016-03-02T19:45:00Z,CSKA Moscow,Real Madrid,Real Madrid,CSKA Moscow,MAD,CSK,BARCLAYCARD CENTER,"Avenida de Felipe II 1, 28009, Madrid",13109,11792,87,96,183,9,CSKA Moscow,Real Madrid,Away Win (96-87),87-96,No,18,18,19,24,25,22,25,32,,,Played,,"JOVCIC, MILIVOJE","PATERNICO, CARMELO","LATISEVS, OLEGS",CSKA Moscow team victory,CSKA Moscow defeated Real Madrid 87-96 in Round 19 (Top 16).,Euroleague Basketball Official API (api-live.euroleague.net / live.euroleague.net)
186,E2015_190,2015-16,2015,E2015,Top 16,Top 16,Round 19,2016-03-03,Thursday,18:00,2016-03-03T17:00:00Z,FC Barcelona Lassa,Khimki Moscow Region,Khimki Moscow Region,FC Barcelona Lassa,KHI,BAR,KRYLATSKOYE SPORTS PALACE,Ostrovanaya Street 7,5000,3800,75,61,136,14,Khimki Moscow Region,FC Barcelona Lassa,Home Win (75-61),75-61,No,24,14,24,15,13,14,14,18,,,Played,,"CHRISTODOULOU, CHRISTOS","RADOVIC, SRETEN","BALAK, AMIT",Khimki Moscow Region team victory,Khimki Moscow Region defeated FC Barcelona Lassa 75-61 in Round 19 (Top 16).,Euroleague Basketball Official API (api-live.euroleague.net / live.euroleague.net)
187,E2015_188,2015-16,2015,E2015,Top 16,Top 16,Round 19,2016-03-03,Thursday,19:00,2016-03-03T18:00:00Z,Darussafaka Dogus Istanbul,Cedevita Zagreb,Cedevita Zagreb,Darussafaka Dogus Istanbul,CED,DAR,DRAZEN PETROVIC ZAGREB,"Savska 30, 10000 Zagreb, Croatia",5500,2147,77,83,160,6,Darussafaka Dogus Istanbul,Cedevita Zagreb,Away Win (83-77),77-83,No,19,24,19,19,23,16,16,24,,,Played,,"RYZHYK, BORYS","KOROMILAS, ELIAS","FRITZ, CLEMENS ",Darussafaka Dogus Istanbul team victory,Darussafaka Dogus Istanbul defeated Cedevita Zagreb 77-83 in Round 19 (Top 16).,Euroleague Basketball Official API (api-live.euroleague.net / live.euroleague.net)
188,E2015_185,2015-16,2015,E2015,Top 16,Top 16,Round 19,2016-03-03,Thursday,20:45,2016-03-03T19:45:00Z,Panathinaikos Athens,Unicaja Malaga,Unicaja Malaga,Panathinaikos Athens,MAL,PAN,MARTIN CARPENA,"c/ Miguel Merida Nicolich 2, Malaga",10642,5469,58,76,134,18,Panathinaikos Athens,Unicaja Malaga,Away Win (76-58),58-76,No,7,26,20,16,19,22,12,12,,,Played,,"LAMONICA, LUIGI","PASTUSIAK, PIOTR","LAURINAVICIUS, JURGIS",Panathinaikos Athens team victory,Panathinaikos Athens defeated Unicaja Malaga 58-76 in Round 19 (Top 16).,Euroleague Basketball Official API (api-live.euroleague.net / live.euroleague.net)
189,E2015_187,2015-16,2015,E2015,Top 16,Top 16,Round 19,2016-03-03,Thursday,20:45,2016-03-03T19:45:00Z,Lokomotiv Kuban Krasnodar,Anadolu Efes Istanbul,Anadolu Efes Istanbul,Lokomotiv Kuban Krasnodar,IST,TIV,ABDI IPEKCI ARENA,"10, Yil Caddesi Zeytinburnu, 34760 Istanbul",11300,4139,61,76,137,15,Lokomotiv Kuban Krasnodar,Anadolu Efes Istanbul,Away Win (76-61),61-76,No,16,17,12,21,16,15,17,23,,,Played,,"JAVOR, DAMIR","CONDE, ANTONIO","MANTYLA, PETRI",Lokomotiv Kuban Krasnodar team victory,Lokomotiv Kuban Krasnodar defeated Anadolu Efes Istanbul 61-76 in Round 19 (Top 16).,Euroleague Basketball Official API (api-live.euroleague.net / live.euroleague.net)
190,E2015_192,2015-16,2015,E2015,Top 16,Top 16,Round 19,2016-03-04,Friday,18:45,2016-03-04T17:45:00Z,Brose Baskets Bamberg,Zalgiris Kaunas,Zalgiris Kaunas,Brose Baskets Bamberg,ZAL,BAM,ZALGIRIO ARENA,"Karaliaus Mindaugo Av. 50, 44287 Kaunas",15442,9195,75,73,148,2,Zalgiris Kaunas,Brose Baskets Bamberg,Home Win (75-73),75-73,No,25,19,16,19,18,17,16,18,,,Played,,"ROCHA, FERNANDO","PUKL,SASA","HORDOV, TOMISLAV ",Zalgiris Kaunas team victory,Zalgiris Kaunas defeated Brose Baskets Bamberg 75-73 in Round 19 (Top 16).,Euroleague Basketball Official API (api-live.euroleague.net / live.euroleague.net)
191,E2015_186,2015-16,2015,E2015,Top 16,Top 16,Round 19,2016-03-04,Friday,19:30,2016-03-04T18:30:00Z,Crvena Zvezda Telekom Belgrade,Fenerbahce Ulker,Fenerbahce Ulker,Crvena Zvezda Telekom Belgrade,ULK,RED,ULKER SPORTS AND EVENT HALL,"Barbaros Mah. Ihlamur Sok. Batı Ataşehir, 34764 Istanbul, Turkiye ",13000,10694,72,65,137,7,Fenerbahce Ulker,Crvena Zvezda Telekom Belgrade,Home Win (72-65),72-65,No,14,18,11,16,24,6,23,25,,,Played,,"PEREZ, MIGUEL ANGEL","GKONTAS, SPIROS","KOWALSKI, MARCIN",Fenerbahce Ulker team victory,Fenerbahce Ulker defeated Crvena Zvezda Telekom Belgrade 72-65 in Round 19 (Top 16).,Euroleague Basketball Official API (api-live.euroleague.net / live.euroleague.net)
192,E2015_191,2015-16,2015,E2015,Top 16,Top 16,Round 19,2016-03-04,Friday,20:45,2016-03-04T19:45:00Z,Laboral Kutxa Vitoria Gasteiz,Olympiacos Piraeus,Olympiacos Piraeus,Laboral Kutxa Vitoria Gasteiz,OLY,BAS,PEACE AND FRIENDSHIP STADIUM,"Ethnarchou Makariou Av., Piraeus",11640,10040,82,68,150,14,Olympiacos Piraeus,Laboral Kutxa Vitoria Gasteiz,Home Win (82-68),82-68,No,19,16,25,14,19,17,19,21,,,Played,,"BELOSEVIC, ILIJA","LOTTERMOSER, ROBERT","VIATOR, EDDIE",Olympiacos Piraeus team victory,Olympiacos Piraeus defeated Laboral Kutxa Vitoria Gasteiz 82-68 in Round 19 (Top 16).,Euroleague Basketball Official API (api-live.euroleague.net / live.euroleague.net)
193,E2015_195,2015-16,2015,E2015,Top 16,Top 16,Round 20,2016-03-10,Thursday,18:00,2016-03-10T17:00:00Z,Fenerbahce Ulker,Lokomotiv Kuban Krasnodar,Lokomotiv Kuban Krasnodar,Fenerbahce Ulker,TIV,ULK,BASKET HALL,"Prigorodnaya str. 24, 350000 Krasnodar",7000,6979,52,55,107,3,Fenerbahce Ulker,Lokomotiv Kuban Krasnodar,Away Win (55-52),52-55,No,13,17,12,13,19,13,8,12,,,Played,,"LAMONICA, LUIGI","BOLTAUZER, MATEJ","PEREZ, EMILIO",Fenerbahce Ulker team victory,Fenerbahce Ulker defeated Lokomotiv Kuban Krasnodar 52-55 in Round 20 (Top 16).,Euroleague Basketball Official API (api-live.euroleague.net / live.euroleague.net)
194,E2015_193,2015-16,2015,E2015,Top 16,Top 16,Round 20,2016-03-10,Thursday,19:00,2016-03-10T18:00:00Z,Unicaja Malaga,Cedevita Zagreb,Cedevita Zagreb,Unicaja Malaga,CED,MAL,DRAZEN PETROVIC ZAGREB,"Savska 30, 10000 Zagreb, Croatia",5500,3777,78,91,169,13,Unicaja Malaga,Cedevita Zagreb,Away Win (91-78),78-91,No,23,25,19,23,12,17,24,26,,,Played,,"PATERNICO, CARMELO","GKONTAS, SPIROS","HALLIKO, AARE",Unicaja Malaga team victory,Unicaja Malaga defeated Cedevita Zagreb 78-91 in Round 20 (Top 16).,Euroleague Basketball Official API (api-live.euroleague.net / live.euroleague.net)
195,E2015_198,2015-16,2015,E2015,Top 16,Top 16,Round 20,2016-03-10,Thursday,20:00,2016-03-10T19:00:00Z,Olympiacos Piraeus,Brose Baskets Bamberg,Brose Baskets Bamberg,Olympiacos Piraeus,BAM,OLY,BROSE ARENA,"Forchheimer Str.15, Bamberg",5700,6800,72,71,143,1,Brose Baskets Bamberg,Olympiacos Piraeus,Home Win (72-71),72-71,No,19,21,19,16,13,19,21,15,,,Played,,"JOVCIC, MILIVOJE","BULTO, VICENTE","LATISEVS, OLEGS",Brose Baskets Bamberg team victory,Brose Baskets Bamberg defeated Olympiacos Piraeus 72-71 in Round 20 (Top 16).,Euroleague Basketball Official API (api-live.euroleague.net / live.euroleague.net)
196,E2015_199,2015-16,2015,E2015,Top 16,Top 16,Round 20,2016-03-10,Thursday,20:45,2016-03-10T19:45:00Z,Khimki Moscow Region,Laboral Kutxa Vitoria Gasteiz,Laboral Kutxa Vitoria Gasteiz,Khimki Moscow Region,BAS,KHI,FERNANDO BUESA ARENA,"Ctra.  Zurbano s/n, 01013 Vitoria",15504,12189,98,83,181,15,Laboral Kutxa Vitoria Gasteiz,Khimki Moscow Region,Home Win (98-83),98-83,No,21,24,24,22,27,15,26,22,,,Played,,"PUKL,SASA","ROCHA, FERNANDO","KOWALSKI, MARCIN",Laboral Kutxa Vitoria Gasteiz team victory,Laboral Kutxa Vitoria Gasteiz defeated Khimki Moscow Region 98-83 in Round 20 (Top 16).,Euroleague Basketball Official API (api-live.euroleague.net / live.euroleague.net)
197,E2015_197,2015-16,2015,E2015,Top 16,Top 16,Round 20,2016-03-11,Friday,18:45,2016-03-11T17:45:00Z,Real Madrid,Zalgiris Kaunas,Zalgiris Kaunas,Real Madrid,ZAL,MAD,ZALGIRIO ARENA,"Karaliaus Mindaugo Av. 50, 44287 Kaunas",15442,12567,75,90,165,15,Real Madrid,Zalgiris Kaunas,Away Win (90-75),75-90,No,17,13,24,26,12,23,22,28,,,Played,,"JAVOR, DAMIR","DOZAI, SRDAN","SAHIN, TOLGA",Real Madrid team victory,Real Madrid defeated Zalgiris Kaunas 75-90 in Round 20 (Top 16).,Euroleague Basketball Official API (api-live.euroleague.net / live.euroleague.net)
198,E2015_194,2015-16,2015,E2015,Top 16,Top 16,Round 20,2016-03-11,Friday,19:30,2016-03-11T18:30:00Z,Anadolu Efes Istanbul,Darussafaka Dogus Istanbul,Darussafaka Dogus Istanbul,Anadolu Efes Istanbul,DAR,IST,VOLKSWAGEN ARENA ,"Huzur Mah. Maslak Ayazaga Cad. No 4A - Sariyer, 34396 Istanbul (Turkey)",5000,4989,68,72,140,4,Anadolu Efes Istanbul,Darussafaka Dogus Istanbul,Away Win (72-68),68-72,No,15,13,11,21,24,21,18,17,,,Played,,"CHRISTODOULOU, CHRISTOS","VIATOR, EDDIE","KOLJENSIC, MILOS ",Anadolu Efes Istanbul team victory,Anadolu Efes Istanbul defeated Darussafaka Dogus Istanbul 68-72 in Round 20 (Top 16).,Euroleague Basketball Official API (api-live.euroleague.net / live.euroleague.net)
199,E2015_196,2015-16,2015,E2015,Top 16,Top 16,Round 20,2016-03-11,Friday,20:00,2016-03-11T19:00:00Z,Panathinaikos Athens,Crvena Zvezda Telekom Belgrade,Crvena Zvezda Telekom Belgrade,Panathinaikos Athens,RED,PAN,KOMBANK ARENA,"Bulevar Arsenija Carnojevica 58, 11070 Belgrade - Serbia",18212,18150,69,67,136,2,Crvena Zvezda Telekom Belgrade,Panathinaikos Athens,Home Win (69-67),69-67,No,10,18,18,13,25,11,16,25,,,Played,,"RYZHYK, BORYS","LOTTERMOSER, ROBERT","CONDE, ANTONIO",Crvena Zvezda Telekom Belgrade team victory,Crvena Zvezda Telekom Belgrade defeated Panathinaikos Athens 69-67 in Round 20 (Top 16).,Euroleague Basketball Official API (api-live.euroleague.net / live.euroleague.net)
200,E2015_200,2015-16,2015,E2015,Top 16,Top 16,Round 20,2016-03-11,Friday,20:45,2016-03-11T19:45:00Z,CSKA Moscow,FC Barcelona Lassa,FC Barcelona Lassa,CSKA Moscow,BAR,CSK,PALAU BLAUGRANA,"Aristides Maillol Av S/N, 08028 Barcelona",7585,6778,100,98,198,2,FC Barcelona Lassa,CSKA Moscow,Home Win (100-98),100-98,Yes (1 OT),21,24,26,14,13,26,25,21,15,13,Played,,"BELOSEVIC, ILIJA","PASTUSIAK, PIOTR","SHULGA, BORIS",FC Barcelona Lassa team victory,FC Barcelona Lassa defeated CSKA Moscow 100-98 in Round 20 (Top 16).,Euroleague Basketball Official API (api-live.euroleague.net / live.euroleague.net)
201,E2015_206,2015-16,2015,E2015,Top 16,Top 16,Round 21,2016-03-17,Thursday,18:00,2016-03-17T17:00:00Z,Laboral Kutxa Vitoria Gasteiz,CSKA Moscow,CSKA Moscow,Laboral Kutxa Vitoria Gasteiz,CSK,BAS,MEGASPORT ARENA,"3, Khodynskiy Blv., 125252 Moscow, Russian Federation",14000,9021,90,78,168,12,CSKA Moscow,Laboral Kutxa Vitoria Gasteiz,Home Win (90-78),90-78,No,20,14,20,12,28,30,22,22,,,Played,,"CHRISTODOULOU, CHRISTOS","LAMONICA, LUIGI","LAURINAVICIUS, JURGIS",CSKA Moscow team victory,CSKA Moscow defeated Laboral Kutxa Vitoria Gasteiz 90-78 in Round 21 (Top 16).,Euroleague Basketball Official API (api-live.euroleague.net / live.euroleague.net)
202,E2015_203,2015-16,2015,E2015,Top 16,Top 16,Round 21,2016-03-17,Thursday,19:00,2016-03-17T18:00:00Z,Darussafaka Dogus Istanbul,Fenerbahce Ulker,Fenerbahce Ulker,Darussafaka Dogus Istanbul,ULK,DAR,ULKER SPORTS AND EVENT HALL,"Barbaros Mah. Ihlamur Sok. Batı Ataşehir, 34764 Istanbul, Turkiye ",13000,5960,77,69,146,8,Fenerbahce Ulker,Darussafaka Dogus Istanbul,Home Win (77-69),77-69,No,25,21,20,18,12,15,20,15,,,Played,,"RADOVIC, SRETEN","HIERREZUELO, DANIEL","SHEMMESH, SEFFI",Fenerbahce Ulker team victory,Fenerbahce Ulker defeated Darussafaka Dogus Istanbul 77-69 in Round 21 (Top 16).,Euroleague Basketball Official API (api-live.euroleague.net / live.euroleague.net)
203,E2015_202,2015-16,2015,E2015,Top 16,Top 16,Round 21,2016-03-17,Thursday,20:15,2016-03-17T19:15:00Z,Lokomotiv Kuban Krasnodar,Panathinaikos Athens,Panathinaikos Athens,Lokomotiv Kuban Krasnodar,PAN,TIV,OLYMPIC SPORTS CENTER ATHENS,"37 Kifisias Avenue, 15123 Marousi",18200,13045,84,79,163,5,Panathinaikos Athens,Lokomotiv Kuban Krasnodar,Home Win (84-79),84-79,No,19,19,17,22,24,22,24,16,,,Played,,"ROCHA, FERNANDO","PUKL,SASA","JIMENEZ, BENJAMIN",Panathinaikos Athens team victory,Panathinaikos Athens defeated Lokomotiv Kuban Krasnodar 84-79 in Round 21 (Top 16).,Euroleague Basketball Official API (api-live.euroleague.net / live.euroleague.net)
204,E2015_205,2015-16,2015,E2015,Top 16,Top 16,Round 21,2016-03-17,Thursday,20:45,2016-03-17T19:45:00Z,Real Madrid,FC Barcelona Lassa,FC Barcelona Lassa,Real Madrid,BAR,MAD,PALAU BLAUGRANA,"Aristides Maillol Av S/N, 08028 Barcelona",7585,7142,72,65,137,7,FC Barcelona Lassa,Real Madrid,Home Win (72-65),72-65,No,25,4,15,24,12,23,20,14,,,Played,,"LOTTERMOSER, ROBERT","VIATOR, EDDIE","BOLTAUZER, MATEJ",FC Barcelona Lassa team victory,FC Barcelona Lassa defeated Real Madrid 72-65 in Round 21 (Top 16).,Euroleague Basketball Official API (api-live.euroleague.net / live.euroleague.net)
205,E2015_207,2015-16,2015,E2015,Top 16,Top 16,Round 21,2016-03-17,Thursday,22:00,2016-03-17T21:00:00Z,Khimki Moscow Region,Brose Baskets Bamberg,Brose Baskets Bamberg,Khimki Moscow Region,BAM,KHI,BROSE ARENA,"Forchheimer Str.15, Bamberg",5700,6203,84,79,163,5,Brose Baskets Bamberg,Khimki Moscow Region,Home Win (84-79),84-79,No,16,17,24,23,16,24,28,15,,,Played,,"BELOSEVIC, ILIJA","RYZHYK, BORYS","PERUGA, CARLOS",Brose Baskets Bamberg team victory,Brose Baskets Bamberg defeated Khimki Moscow Region 84-79 in Round 21 (Top 16).,Euroleague Basketball Official API (api-live.euroleague.net / live.euroleague.net)
206,E2015_204,2015-16,2015,E2015,Top 16,Top 16,Round 21,2016-03-18,Friday,19:30,2016-03-18T18:30:00Z,Cedevita Zagreb,Anadolu Efes Istanbul,Anadolu Efes Istanbul,Cedevita Zagreb,IST,CED,ABDI IPEKCI ARENA,"10, Yil Caddesi Zeytinburnu, 34760 Istanbul",11300,3579,80,76,156,4,Anadolu Efes Istanbul,Cedevita Zagreb,Home Win (80-76),80-76,No,20,28,14,8,19,18,27,22,,,Played,,"GARCIA, JUAN CARLOS","KOWALSKI, MARCIN","BALAK, AMIT",Anadolu Efes Istanbul team victory,Anadolu Efes Istanbul defeated Cedevita Zagreb 80-76 in Round 21 (Top 16).,Euroleague Basketball Official API (api-live.euroleague.net / live.euroleague.net)
207,E2015_201,2015-16,2015,E2015,Top 16,Top 16,Round 21,2016-03-18,Friday,20:45,2016-03-18T19:45:00Z,Crvena Zvezda Telekom Belgrade,Unicaja Malaga,Unicaja Malaga,Crvena Zvezda Telekom Belgrade,MAL,RED,MARTIN CARPENA,"c/ Miguel Merida Nicolich 2, Malaga",10642,5856,72,78,150,6,Crvena Zvezda Telekom Belgrade,Unicaja Malaga,Away Win (78-72),72-78,No,20,12,23,15,17,26,12,25,,,Played,,"LATISEVS, OLEGS","SAHIN, TOLGA","KARTAL, ERSAN",Crvena Zvezda Telekom Belgrade team victory,Crvena Zvezda Telekom Belgrade defeated Unicaja Malaga 72-78 in Round 21 (Top 16).,Euroleague Basketball Official API (api-live.euroleague.net / live.euroleague.net)
208,E2015_208,2015-16,2015,E2015,Top 16,Top 16,Round 21,2016-03-18,Friday,20:45,2016-03-18T19:45:00Z,Zalgiris Kaunas,Olympiacos Piraeus,Olympiacos Piraeus,Zalgiris Kaunas,OLY,ZAL,PEACE AND FRIENDSHIP STADIUM,"Ethnarchou Makariou Av., Piraeus",11640,7297,74,59,133,15,Olympiacos Piraeus,Zalgiris Kaunas,Home Win (74-59),74-59,No,14,15,25,15,19,11,16,18,,,Played,,"PEREZ, MIGUEL ANGEL","PATERNICO, CARMELO","PASTUSIAK, PIOTR",Olympiacos Piraeus team victory,Olympiacos Piraeus defeated Zalgiris Kaunas 74-59 in Round 21 (Top 16).,Euroleague Basketball Official API (api-live.euroleague.net / live.euroleague.net)
209,E2015_216,2015-16,2015,E2015,Top 16,Top 16,Round 22,2016-03-23,Wednesday,20:30,2016-03-23T19:30:00Z,FC Barcelona Lassa,Laboral Kutxa Vitoria Gasteiz,Laboral Kutxa Vitoria Gasteiz,FC Barcelona Lassa,BAS,BAR,FERNANDO BUESA ARENA,"Ctra.  Zurbano s/n, 01013 Vitoria",15504,12789,75,71,146,4,Laboral Kutxa Vitoria Gasteiz,FC Barcelona Lassa,Home Win (75-71),75-71,No,15,16,25,17,16,12,19,26,,,Played,,"JOVCIC, MILIVOJE","LATISEVS, OLEGS","FOUFIS, IOANNIS",Laboral Kutxa Vitoria Gasteiz team victory,Laboral Kutxa Vitoria Gasteiz defeated FC Barcelona Lassa 75-71 in Round 22 (Top 16).,Euroleague Basketball Official API (api-live.euroleague.net / live.euroleague.net)
210,E2015_212,2015-16,2015,E2015,Top 16,Top 16,Round 22,2016-03-24,Thursday,18:00,2016-03-24T17:00:00Z,Crvena Zvezda Telekom Belgrade,Lokomotiv Kuban Krasnodar,Lokomotiv Kuban Krasnodar,Crvena Zvezda Telekom Belgrade,TIV,RED,BASKET HALL,"Prigorodnaya str. 24, 350000 Krasnodar",7000,6442,86,62,148,24,Lokomotiv Kuban Krasnodar,Crvena Zvezda Telekom Belgrade,Home Win (86-62),86-62,No,19,15,26,20,21,14,20,13,,,Played,,"GARCIA, JUAN CARLOS","PATERNICO, CARMELO","HALLIKO, AARE",Lokomotiv Kuban Krasnodar team victory,Lokomotiv Kuban Krasnodar defeated Crvena Zvezda Telekom Belgrade 86-62 in Round 22 (Top 16).,Euroleague Basketball Official API (api-live.euroleague.net / live.euroleague.net)
211,E2015_211,2015-16,2015,E2015,Top 16,Top 16,Round 22,2016-03-24,Thursday,19:30,2016-03-24T18:30:00Z,Panathinaikos Athens,Darussafaka Dogus Istanbul,Darussafaka Dogus Istanbul,Panathinaikos Athens,DAR,PAN,VOLKSWAGEN ARENA ,"Huzur Mah. Maslak Ayazaga Cad. No 4A - Sariyer, 34396 Istanbul (Turkey)",5000,4358,84,86,170,2,Panathinaikos Athens,Darussafaka Dogus Istanbul,Away Win (86-84),84-86,No,30,22,12,18,21,25,21,21,,,Played,,"JAVOR, DAMIR","BULTO, VICENTE","JASEVICIUS, TOMAS",Panathinaikos Athens team victory,Panathinaikos Athens defeated Darussafaka Dogus Istanbul 84-86 in Round 22 (Top 16).,Euroleague Basketball Official API (api-live.euroleague.net / live.euroleague.net)
212,E2015_215,2015-16,2015,E2015,Top 16,Top 16,Round 22,2016-03-24,Thursday,20:45,2016-03-24T19:45:00Z,CSKA Moscow,Brose Baskets Bamberg,Brose Baskets Bamberg,CSKA Moscow,BAM,CSK,BROSE ARENA,"Forchheimer Str.15, Bamberg",5700,6800,91,83,174,8,Brose Baskets Bamberg,CSKA Moscow,Home Win (91-83),91-83,No,22,20,21,19,25,28,23,16,,,Played,,"RADOVIC, SRETEN","PEREZ, MIGUEL ANGEL","KOLJENSIC, MILOS ",Brose Baskets Bamberg team victory,Brose Baskets Bamberg defeated CSKA Moscow 91-83 in Round 22 (Top 16).,Euroleague Basketball Official API (api-live.euroleague.net / live.euroleague.net)
213,E2015_214,2015-16,2015,E2015,Top 16,Top 16,Round 22,2016-03-25,Friday,18:45,2016-03-25T17:45:00Z,Khimki Moscow Region,Zalgiris Kaunas,Zalgiris Kaunas,Khimki Moscow Region,ZAL,KHI,ZALGIRIO ARENA,"Karaliaus Mindaugo Av. 50, 44287 Kaunas",15442,8702,71,76,147,5,Khimki Moscow Region,Zalgiris Kaunas,Away Win (76-71),71-76,No,17,20,20,15,12,21,22,20,,,Played,,"LAMONICA, LUIGI","KOROMILAS, ELIAS","PETEK, SASO",Khimki Moscow Region team victory,Khimki Moscow Region defeated Zalgiris Kaunas 71-76 in Round 22 (Top 16).,Euroleague Basketball Official API (api-live.euroleague.net / live.euroleague.net)
214,E2015_210,2015-16,2015,E2015,Top 16,Top 16,Round 22,2016-03-25,Friday,19:00,2016-03-25T18:00:00Z,Fenerbahce Ulker,Cedevita Zagreb,Cedevita Zagreb,Fenerbahce Ulker,CED,ULK,DRAZEN PETROVIC ZAGREB,"Savska 30, 10000 Zagreb, Croatia",5500,1791,89,59,148,30,Cedevita Zagreb,Fenerbahce Ulker,Home Win (89-59),89-59,No,22,13,22,17,27,13,18,16,,,Played,,"CHRISTODOULOU, CHRISTOS","PASTUSIAK, PIOTR","PERUGA, CARLOS",Cedevita Zagreb team victory,Cedevita Zagreb defeated Fenerbahce Ulker 89-59 in Round 22 (Top 16).,Euroleague Basketball Official API (api-live.euroleague.net / live.euroleague.net)
215,E2015_209,2015-16,2015,E2015,Top 16,Top 16,Round 22,2016-03-25,Friday,20:45,2016-03-25T19:45:00Z,Unicaja Malaga,Anadolu Efes Istanbul,Anadolu Efes Istanbul,Unicaja Malaga,IST,MAL,ABDI IPEKCI ARENA,"10, Yil Caddesi Zeytinburnu, 34760 Istanbul",11300,2658,87,67,154,20,Anadolu Efes Istanbul,Unicaja Malaga,Home Win (87-67),87-67,No,27,11,22,19,16,17,22,20,,,Played,,"LOTTERMOSER, ROBERT","RYZHYK, BORYS","ROMANO, DAVID",Anadolu Efes Istanbul team victory,Anadolu Efes Istanbul defeated Unicaja Malaga 87-67 in Round 22 (Top 16).,Euroleague Basketball Official API (api-live.euroleague.net / live.euroleague.net)
216,E2015_213,2015-16,2015,E2015,Top 16,Top 16,Round 22,2016-03-25,Friday,20:45,2016-03-25T19:45:00Z,Real Madrid,Olympiacos Piraeus,Olympiacos Piraeus,Real Madrid,OLY,MAD,PEACE AND FRIENDSHIP STADIUM,"Ethnarchou Makariou Av., Piraeus",11640,11232,99,84,183,15,Olympiacos Piraeus,Real Madrid,Home Win (99-84),99-84,No,23,17,30,16,20,21,26,30,,,Played,,"ROCHA, FERNANDO","PUKL,SASA","VOJINOVIC, MILIJA",Olympiacos Piraeus team victory,Olympiacos Piraeus defeated Real Madrid 99-84 in Round 22 (Top 16).,Euroleague Basketball Official API (api-live.euroleague.net / live.euroleague.net)
217,E2015_217,2015-16,2015,E2015,Top 16,Top 16,Round 23,2016-03-31,Thursday,18:00,2016-03-31T16:00:00Z,Unicaja Malaga,Lokomotiv Kuban Krasnodar,Lokomotiv Kuban Krasnodar,Unicaja Malaga,TIV,MAL,BASKET HALL,"Prigorodnaya str. 24, 350000 Krasnodar",7000,5871,81,60,141,21,Lokomotiv Kuban Krasnodar,Unicaja Malaga,Home Win (81-60),81-60,No,18,14,21,21,23,20,19,5,,,Played,,"RADOVIC, SRETEN","JAVOR, DAMIR","BALAK, AMIT",Lokomotiv Kuban Krasnodar team victory,Lokomotiv Kuban Krasnodar defeated Unicaja Malaga 81-60 in Round 23 (Top 16).,Euroleague Basketball Official API (api-live.euroleague.net / live.euroleague.net)
218,E2015_224,2015-16,2015,E2015,Top 16,Top 16,Round 23,2016-03-31,Thursday,19:45,2016-03-31T17:45:00Z,Olympiacos Piraeus,Khimki Moscow Region,Khimki Moscow Region,Olympiacos Piraeus,KHI,OLY,KRYLATSKOYE SPORTS PALACE,Ostrovanaya Street 7,5000,3500,98,66,164,32,Khimki Moscow Region,Olympiacos Piraeus,Home Win (98-66),98-66,No,25,22,23,14,28,14,22,16,,,Played,,"HIERREZUELO, DANIEL","BOLTAUZER, MATEJ","HORDOV, TOMISLAV ",Khimki Moscow Region team victory,Khimki Moscow Region defeated Olympiacos Piraeus 98-66 in Round 23 (Top 16).,Euroleague Basketball Official API (api-live.euroleague.net / live.euroleague.net)
219,E2015_218,2015-16,2015,E2015,Top 16,Top 16,Round 23,2016-03-31,Thursday,20:00,2016-03-31T18:00:00Z,Darussafaka Dogus Istanbul,Crvena Zvezda Telekom Belgrade,Crvena Zvezda Telekom Belgrade,Darussafaka Dogus Istanbul,RED,DAR,KOMBANK ARENA,"Bulevar Arsenija Carnojevica 58, 11070 Belgrade - Serbia",18212,18078,61,80,141,19,Darussafaka Dogus Istanbul,Crvena Zvezda Telekom Belgrade,Away Win (80-61),61-80,No,20,15,14,20,15,20,12,25,,,Played,,"ROCHA, FERNANDO","GKONTAS, SPIROS","BISSANG, JOSEPH",Darussafaka Dogus Istanbul team victory,Darussafaka Dogus Istanbul defeated Crvena Zvezda Telekom Belgrade 61-80 in Round 23 (Top 16).,Euroleague Basketball Official API (api-live.euroleague.net / live.euroleague.net)
220,E2015_222,2015-16,2015,E2015,Top 16,Top 16,Round 23,2016-03-31,Thursday,20:45,2016-03-31T18:45:00Z,Brose Baskets Bamberg,FC Barcelona Lassa,FC Barcelona Lassa,Brose Baskets Bamberg,BAR,BAM,PALAU BLAUGRANA,"Aristides Maillol Av S/N, 08028 Barcelona",7585,6717,75,57,132,18,FC Barcelona Lassa,Brose Baskets Bamberg,Home Win (75-57),75-57,No,18,12,25,11,16,18,16,16,,,Played,,"CHRISTODOULOU, CHRISTOS","PUKL,SASA","HERCEG, SINISA",FC Barcelona Lassa team victory,FC Barcelona Lassa defeated Brose Baskets Bamberg 75-57 in Round 23 (Top 16).,Euroleague Basketball Official API (api-live.euroleague.net / live.euroleague.net)
221,E2015_223,2015-16,2015,E2015,Top 16,Top 16,Round 23,2016-04-01,Friday,19:00,2016-04-01T17:00:00Z,Zalgiris Kaunas,CSKA Moscow,CSKA Moscow,Zalgiris Kaunas,CSK,ZAL,MEGASPORT ARENA,"3, Khodynskiy Blv., 125252 Moscow, Russian Federation",14000,7863,100,86,186,14,CSKA Moscow,Zalgiris Kaunas,Home Win (100-86),100-86,No,21,23,26,25,27,13,26,25,,,Played,,"JOVCIC, MILIVOJE","PEREZ, EMILIO","HALLIKO, AARE",CSKA Moscow team victory,CSKA Moscow defeated Zalgiris Kaunas 100-86 in Round 23 (Top 16).,Euroleague Basketball Official API (api-live.euroleague.net / live.euroleague.net)
222,E2015_220,2015-16,2015,E2015,Top 16,Top 16,Round 23,2016-04-01,Friday,19:30,2016-04-01T17:30:00Z,Anadolu Efes Istanbul,Fenerbahce Ulker,Fenerbahce Ulker,Anadolu Efes Istanbul,ULK,IST,ULKER SPORTS AND EVENT HALL,"Barbaros Mah. Ihlamur Sok. Batı Ataşehir, 34764 Istanbul, Turkiye ",13000,7043,90,86,176,4,Fenerbahce Ulker,Anadolu Efes Istanbul,Home Win (90-86),90-86,No,19,16,18,18,29,16,24,36,,,Played,,"PATERNICO, CARMELO","BULTO, VICENTE","PAPAPETROU, PETROS",Fenerbahce Ulker team victory,Fenerbahce Ulker defeated Anadolu Efes Istanbul 90-86 in Round 23 (Top 16).,Euroleague Basketball Official API (api-live.euroleague.net / live.euroleague.net)
223,E2015_221,2015-16,2015,E2015,Top 16,Top 16,Round 23,2016-04-01,Friday,20:30,2016-04-01T18:30:00Z,Real Madrid,Laboral Kutxa Vitoria Gasteiz,Laboral Kutxa Vitoria Gasteiz,Real Madrid,BAS,MAD,FERNANDO BUESA ARENA,"Ctra.  Zurbano s/n, 01013 Vitoria",15504,13726,89,88,177,1,Laboral Kutxa Vitoria Gasteiz,Real Madrid,Home Win (89-88),89-88,No,11,21,25,25,31,21,22,21,,,Played,,"BELOSEVIC, ILIJA","KOROMILAS, ELIAS","MANTYLA, PETRI",Laboral Kutxa Vitoria Gasteiz team victory,Laboral Kutxa Vitoria Gasteiz defeated Real Madrid 89-88 in Round 23 (Top 16).,Euroleague Basketball Official API (api-live.euroleague.net / live.euroleague.net)
224,E2015_219,2015-16,2015,E2015,Top 16,Top 16,Round 23,2016-04-01,Friday,20:45,2016-04-01T18:45:00Z,Cedevita Zagreb,Panathinaikos Athens,Panathinaikos Athens,Cedevita Zagreb,PAN,CED,OLYMPIC SPORTS CENTER ATHENS,"37 Kifisias Avenue, 15123 Marousi",18200,16366,76,60,136,16,Panathinaikos Athens,Cedevita Zagreb,Home Win (76-60),76-60,No,20,5,22,14,16,18,18,23,,,Played,,"LAMONICA, LUIGI","LATISEVS, OLEGS","CORTES, CARLOS",Panathinaikos Athens team victory,Panathinaikos Athens defeated Cedevita Zagreb 76-60 in Round 23 (Top 16).,Euroleague Basketball Official API (api-live.euroleague.net / live.euroleague.net)
225,E2015_231,2015-16,2015,E2015,Top 16,Top 16,Round 24,2016-04-07,Thursday,18:45,2016-04-07T16:45:00Z,FC Barcelona Lassa,Zalgiris Kaunas,Zalgiris Kaunas,FC Barcelona Lassa,ZAL,BAR,ZALGIRIO ARENA,"Karaliaus Mindaugo Av. 50, 44287 Kaunas",15442,9090,59,66,125,7,FC Barcelona Lassa,Zalgiris Kaunas,Away Win (66-59),59-66,No,16,16,18,12,14,21,11,17,,,Played,,"MANTYLA, PETRI","SAHIN, TOLGA","HORDOV, TOMISLAV ",FC Barcelona Lassa team victory,FC Barcelona Lassa defeated Zalgiris Kaunas 59-66 in Round 24 (Top 16).,Euroleague Basketball Official API (api-live.euroleague.net / live.euroleague.net)
226,E2015_226,2015-16,2015,E2015,Top 16,Top 16,Round 24,2016-04-07,Thursday,19:30,2016-04-07T17:30:00Z,Panathinaikos Athens,Anadolu Efes Istanbul,Anadolu Efes Istanbul,Panathinaikos Athens,IST,PAN,ABDI IPEKCI ARENA,"10, Yil Caddesi Zeytinburnu, 34760 Istanbul",11300,3323,91,86,177,5,Anadolu Efes Istanbul,Panathinaikos Athens,Home Win (91-86),91-86,No,17,23,26,29,18,14,30,20,,,Played,,"HIERREZUELO, DANIEL","BOLTAUZER, MATEJ","VIATOR, EDDIE",Anadolu Efes Istanbul team victory,Anadolu Efes Istanbul defeated Panathinaikos Athens 91-86 in Round 24 (Top 16).,Euroleague Basketball Official API (api-live.euroleague.net / live.euroleague.net)
227,E2015_232,2015-16,2015,E2015,Top 16,Top 16,Round 24,2016-04-07,Thursday,20:00,2016-04-07T18:00:00Z,Laboral Kutxa Vitoria Gasteiz,Brose Baskets Bamberg,Brose Baskets Bamberg,Laboral Kutxa Vitoria Gasteiz,BAM,BAS,BROSE ARENA,"Forchheimer Str.15, Bamberg",5700,5693,89,69,158,20,Brose Baskets Bamberg,Laboral Kutxa Vitoria Gasteiz,Home Win (89-69),89-69,No,29,14,16,14,18,24,26,17,,,Played,,"ROCHA, FERNANDO","JAVOR, DAMIR","HALLIKO, AARE",Brose Baskets Bamberg team victory,Brose Baskets Bamberg defeated Laboral Kutxa Vitoria Gasteiz 89-69 in Round 24 (Top 16).,Euroleague Basketball Official API (api-live.euroleague.net / live.euroleague.net)
228,E2015_229,2015-16,2015,E2015,Top 16,Top 16,Round 24,2016-04-07,Thursday,20:45,2016-04-07T18:45:00Z,Khimki Moscow Region,Real Madrid,Real Madrid,Khimki Moscow Region,MAD,KHI,BARCLAYCARD CENTER,"Avenida de Felipe II 1, 28009, Madrid",13109,11805,83,70,153,13,Real Madrid,Khimki Moscow Region,Home Win (83-70),83-70,No,33,28,21,21,12,9,17,12,,,Played,,"CHRISTODOULOU, CHRISTOS","RADOVIC, SRETEN","PATERNICO, CARMELO",Real Madrid team victory,Real Madrid defeated Khimki Moscow Region 83-70 in Round 24 (Top 16).,Euroleague Basketball Official API (api-live.euroleague.net / live.euroleague.net)
229,E2015_227,2015-16,2015,E2015,Top 16,Top 16,Round 24,2016-04-08,Friday,19:00,2016-04-08T17:00:00Z,Crvena Zvezda Telekom Belgrade,Cedevita Zagreb,Cedevita Zagreb,Crvena Zvezda Telekom Belgrade,CED,RED,DRAZEN PETROVIC ZAGREB,"Savska 30, 10000 Zagreb, Croatia",5500,1497,83,62,145,21,Cedevita Zagreb,Crvena Zvezda Telekom Belgrade,Home Win (83-62),83-62,No,29,12,23,19,16,14,15,17,,,Played,,"PEREZ, MIGUEL ANGEL","LOTTERMOSER, ROBERT","SHEMMESH, SEFFI",Cedevita Zagreb team victory,Cedevita Zagreb defeated Crvena Zvezda Telekom Belgrade 83-62 in Round 24 (Top 16).,Euroleague Basketball Official API (api-live.euroleague.net / live.euroleague.net)
230,E2015_228,2015-16,2015,E2015,Top 16,Top 16,Round 24,2016-04-08,Friday,19:00,2016-04-08T17:00:00Z,Lokomotiv Kuban Krasnodar,Darussafaka Dogus Istanbul,Darussafaka Dogus Istanbul,Lokomotiv Kuban Krasnodar,DAR,TIV,VOLKSWAGEN ARENA ,"Huzur Mah. Maslak Ayazaga Cad. No 4A - Sariyer, 34396 Istanbul (Turkey)",5000,4278,87,86,173,1,Darussafaka Dogus Istanbul,Lokomotiv Kuban Krasnodar,Home Win (87-86),87-86,No,20,23,18,24,26,19,23,20,,,Played,,"JOVCIC, MILIVOJE","PEREZ, EMILIO","KOLJENSIC, MILOS ",Darussafaka Dogus Istanbul team victory,Darussafaka Dogus Istanbul defeated Lokomotiv Kuban Krasnodar 87-86 in Round 24 (Top 16).,Euroleague Basketball Official API (api-live.euroleague.net / live.euroleague.net)
231,E2015_225,2015-16,2015,E2015,Top 16,Top 16,Round 24,2016-04-08,Friday,20:45,2016-04-08T18:45:00Z,Fenerbahce Ulker,Unicaja Malaga,Unicaja Malaga,Fenerbahce Ulker,MAL,ULK,MARTIN CARPENA,"c/ Miguel Merida Nicolich 2, Malaga",10642,4656,71,67,138,4,Unicaja Malaga,Fenerbahce Ulker,Home Win (71-67),71-67,No,23,20,16,8,19,20,13,19,,,Played,,"LAMONICA, LUIGI","PUKL,SASA","FOUFIS, IOANNIS",Unicaja Malaga team victory,Unicaja Malaga defeated Fenerbahce Ulker 71-67 in Round 24 (Top 16).,Euroleague Basketball Official API (api-live.euroleague.net / live.euroleague.net)
232,E2015_230,2015-16,2015,E2015,Top 16,Top 16,Round 24,2016-04-08,Friday,20:45,2016-04-08T18:45:00Z,CSKA Moscow,Olympiacos Piraeus,Olympiacos Piraeus,CSKA Moscow,OLY,CSK,PEACE AND FRIENDSHIP STADIUM,"Ethnarchou Makariou Av., Piraeus",11640,9087,96,99,195,3,CSKA Moscow,Olympiacos Piraeus,Away Win (99-96),96-99,No,25,33,20,17,24,14,27,35,,,Played,,"BELOSEVIC, ILIJA","RYZHYK, BORYS","LATISEVS, OLEGS",CSKA Moscow team victory,CSKA Moscow defeated Olympiacos Piraeus 96-99 in Round 24 (Top 16).,Euroleague Basketball Official API (api-live.euroleague.net / live.euroleague.net)
233,E2015_235,2015-16,2015,E2015,Playoffs,Quarter-Finals / Playoffs,Round 25,2016-04-12,Tuesday,19:00,2016-04-12T17:00:00Z,Crvena Zvezda Telekom Belgrade,CSKA Moscow,CSKA Moscow,Crvena Zvezda Telekom Belgrade,CSK,RED,MEGASPORT ARENA,"3, Khodynskiy Blv., 125252 Moscow, Russian Federation",14000,6702,84,74,158,10,CSKA Moscow,Crvena Zvezda Telekom Belgrade,Home Win (84-74),84-74,No,25,20,19,20,19,16,21,18,,,Played,,"HIERREZUELO, DANIEL","PUKL,SASA","BALAK, AMIT",CSKA Moscow team victory,CSKA Moscow beat Crvena Zvezda Telekom Belgrade 84-74 in Round 25 (C).,Euroleague Basketball Official API (api-live.euroleague.net / live.euroleague.net)
234,E2015_233,2015-16,2015,E2015,Playoffs,Quarter-Finals / Playoffs,Round 25,2016-04-12,Tuesday,19:45,2016-04-12T17:45:00Z,Real Madrid,Fenerbahce Ulker,Fenerbahce Ulker,Real Madrid,ULK,MAD,ULKER SPORTS AND EVENT HALL,"Barbaros Mah. Ihlamur Sok. Batı Ataşehir, 34764 Istanbul, Turkiye ",13000,12826,75,69,144,6,Fenerbahce Ulker,Real Madrid,Home Win (75-69),75-69,No,15,11,26,18,12,23,22,17,,,Played,,"JAVOR, DAMIR","JOVCIC, MILIVOJE","LATISEVS, OLEGS",Fenerbahce Ulker team victory,Fenerbahce Ulker beat Real Madrid 75-69 in Round 25 (A).,Euroleague Basketball Official API (api-live.euroleague.net / live.euroleague.net)
235,E2015_236,2015-16,2015,E2015,Playoffs,Quarter-Finals / Playoffs,Round 25,2016-04-13,Wednesday,19:00,2016-04-13T17:00:00Z,FC Barcelona Lassa,Lokomotiv Kuban Krasnodar,Lokomotiv Kuban Krasnodar,FC Barcelona Lassa,TIV,BAR,BASKET HALL,"Prigorodnaya str. 24, 350000 Krasnodar",7000,7235,66,61,127,5,Lokomotiv Kuban Krasnodar,FC Barcelona Lassa,Home Win (66-61),66-61,No,17,19,10,14,23,20,16,8,,,Played,,"LAMONICA, LUIGI","BELOSEVIC, ILIJA","LOTTERMOSER, ROBERT",Lokomotiv Kuban Krasnodar team victory,Lokomotiv Kuban Krasnodar beat FC Barcelona Lassa 66-61 in Round 25 (D).,Euroleague Basketball Official API (api-live.euroleague.net / live.euroleague.net)
236,E2015_234,2015-16,2015,E2015,Playoffs,Quarter-Finals / Playoffs,Round 25,2016-04-13,Wednesday,20:45,2016-04-13T18:45:00Z,Panathinaikos Athens,Laboral Kutxa Vitoria Gasteiz,Laboral Kutxa Vitoria Gasteiz,Panathinaikos Athens,BAS,PAN,FERNANDO BUESA ARENA,"Ctra.  Zurbano s/n, 01013 Vitoria",15504,10936,84,68,152,16,Laboral Kutxa Vitoria Gasteiz,Panathinaikos Athens,Home Win (84-68),84-68,No,18,16,21,12,25,21,20,19,,,Played,,"RADOVIC, SRETEN","RYZHYK, BORYS","PASTUSIAK, PIOTR",Laboral Kutxa Vitoria Gasteiz team victory,Laboral Kutxa Vitoria Gasteiz beat Panathinaikos Athens 84-68 in Round 25 (B).,Euroleague Basketball Official API (api-live.euroleague.net / live.euroleague.net)
237,E2015_239,2015-16,2015,E2015,Playoffs,Quarter-Finals / Playoffs,Round 26,2016-04-14,Thursday,19:00,2016-04-14T17:00:00Z,Crvena Zvezda Telekom Belgrade,CSKA Moscow,CSKA Moscow,Crvena Zvezda Telekom Belgrade,CSK,RED,MEGASPORT ARENA,"3, Khodynskiy Blv., 125252 Moscow, Russian Federation",14000,8107,77,76,153,1,CSKA Moscow,Crvena Zvezda Telekom Belgrade,Home Win (77-76),77-76,No,20,20,24,28,19,12,14,16,,,Played,,"GARCIA, JUAN CARLOS","KOROMILAS, ELIAS","PETEK, SASO",CSKA Moscow team victory,CSKA Moscow beat Crvena Zvezda Telekom Belgrade 77-76 in Round 26 (C).,Euroleague Basketball Official API (api-live.euroleague.net / live.euroleague.net)
238,E2015_237,2015-16,2015,E2015,Playoffs,Quarter-Finals / Playoffs,Round 26,2016-04-14,Thursday,19:45,2016-04-14T17:45:00Z,Real Madrid,Fenerbahce Ulker,Fenerbahce Ulker,Real Madrid,ULK,MAD,ULKER SPORTS AND EVENT HALL,"Barbaros Mah. Ihlamur Sok. Batı Ataşehir, 34764 Istanbul, Turkiye ",13000,12904,100,78,178,22,Fenerbahce Ulker,Real Madrid,Home Win (100-78),100-78,No,27,14,27,15,22,19,24,30,,,Played,,"CHRISTODOULOU, CHRISTOS","VIATOR, EDDIE","BOLTAUZER, MATEJ",Fenerbahce Ulker team victory,Fenerbahce Ulker beat Real Madrid 100-78 in Round 26 (A).,Euroleague Basketball Official API (api-live.euroleague.net / live.euroleague.net)
239,E2015_240,2015-16,2015,E2015,Playoffs,Quarter-Finals / Playoffs,Round 26,2016-04-15,Friday,19:00,2016-04-15T17:00:00Z,FC Barcelona Lassa,Lokomotiv Kuban Krasnodar,Lokomotiv Kuban Krasnodar,FC Barcelona Lassa,TIV,BAR,BASKET HALL,"Prigorodnaya str. 24, 350000 Krasnodar",7000,7457,66,92,158,26,FC Barcelona Lassa,Lokomotiv Kuban Krasnodar,Away Win (92-66),66-92,No,19,24,12,24,18,23,17,21,,,Played,,"ROCHA, FERNANDO","PATERNICO, CARMELO","LATISEVS, OLEGS",FC Barcelona Lassa team victory,FC Barcelona Lassa beat Lokomotiv Kuban Krasnodar 66-92 in Round 26 (D).,Euroleague Basketball Official API (api-live.euroleague.net / live.euroleague.net)
240,E2015_238,2015-16,2015,E2015,Playoffs,Quarter-Finals / Playoffs,Round 26,2016-04-15,Friday,20:45,2016-04-15T18:45:00Z,Panathinaikos Athens,Laboral Kutxa Vitoria Gasteiz,Laboral Kutxa Vitoria Gasteiz,Panathinaikos Athens,BAS,PAN,FERNANDO BUESA ARENA,"Ctra.  Zurbano s/n, 01013 Vitoria",15504,13964,82,78,160,4,Laboral Kutxa Vitoria Gasteiz,Panathinaikos Athens,Home Win (82-78),82-78,Yes (1 OT),16,21,22,15,16,15,19,22,9,5,Played,,"PUKL,SASA","JOVCIC, MILIVOJE","SAHIN, TOLGA",Laboral Kutxa Vitoria Gasteiz team victory,Laboral Kutxa Vitoria Gasteiz beat Panathinaikos Athens 82-78 in Round 26 (B).,Euroleague Basketball Official API (api-live.euroleague.net / live.euroleague.net)
241,E2015_243,2015-16,2015,E2015,Playoffs,Quarter-Finals / Playoffs,Round 27,2016-04-18,Monday,20:45,2016-04-18T18:45:00Z,CSKA Moscow,Crvena Zvezda Telekom Belgrade,Crvena Zvezda Telekom Belgrade,CSKA Moscow,RED,CSK,KOMBANK ARENA,"Bulevar Arsenija Carnojevica 58, 11070 Belgrade - Serbia",18212,18027,71,78,149,7,CSKA Moscow,Crvena Zvezda Telekom Belgrade,Away Win (78-71),71-78,No,21,18,14,18,12,23,24,19,,,Played,,"PEREZ, MIGUEL ANGEL","PATERNICO, CARMELO","MANTYLA, PETRI",CSKA Moscow team victory,CSKA Moscow beat Crvena Zvezda Telekom Belgrade 71-78 in Round 27 (C).,Euroleague Basketball Official API (api-live.euroleague.net / live.euroleague.net)
242,E2015_242,2015-16,2015,E2015,Playoffs,Quarter-Finals / Playoffs,Round 27,2016-04-19,Tuesday,20:15,2016-04-19T18:15:00Z,Laboral Kutxa Vitoria Gasteiz,Panathinaikos Athens,Panathinaikos Athens,Laboral Kutxa Vitoria Gasteiz,PAN,BAS,OLYMPIC SPORTS CENTER ATHENS,"37 Kifisias Avenue, 15123 Marousi",18200,16419,75,84,159,9,Laboral Kutxa Vitoria Gasteiz,Panathinaikos Athens,Away Win (84-75),75-84,No,17,20,20,22,18,14,20,28,,,Played,,"LAMONICA, LUIGI","BELOSEVIC, ILIJA","LATISEVS, OLEGS",Laboral Kutxa Vitoria Gasteiz team victory,Laboral Kutxa Vitoria Gasteiz beat Panathinaikos Athens 75-84 in Round 27 (B).,Euroleague Basketball Official API (api-live.euroleague.net / live.euroleague.net)
243,E2015_241,2015-16,2015,E2015,Playoffs,Quarter-Finals / Playoffs,Round 27,2016-04-19,Tuesday,20:45,2016-04-19T18:45:00Z,Fenerbahce Ulker,Real Madrid,Real Madrid,Fenerbahce Ulker,MAD,ULK,BARCLAYCARD CENTER,"Avenida de Felipe II 1, 28009, Madrid",13109,11349,63,75,138,12,Fenerbahce Ulker,Real Madrid,Away Win (75-63),63-75,No,13,18,14,12,13,24,23,21,,,Played,,"RYZHYK, BORYS","LOTTERMOSER, ROBERT","GKONTAS, SPIROS",Fenerbahce Ulker team victory,Fenerbahce Ulker beat Real Madrid 63-75 in Round 27 (A).,Euroleague Basketball Official API (api-live.euroleague.net / live.euroleague.net)
244,E2015_244,2015-16,2015,E2015,Playoffs,Quarter-Finals / Playoffs,Round 27,2016-04-19,Tuesday,20:45,2016-04-19T18:45:00Z,Lokomotiv Kuban Krasnodar,FC Barcelona Lassa,FC Barcelona Lassa,Lokomotiv Kuban Krasnodar,BAR,TIV,PALAU BLAUGRANA,"Aristides Maillol Av S/N, 08028 Barcelona",7585,6414,82,70,152,12,FC Barcelona Lassa,Lokomotiv Kuban Krasnodar,Home Win (82-70),82-70,No,19,23,23,13,19,14,21,20,,,Played,,"CHRISTODOULOU, CHRISTOS","JAVOR, DAMIR","VIATOR, EDDIE",FC Barcelona Lassa team victory,FC Barcelona Lassa beat Lokomotiv Kuban Krasnodar 82-70 in Round 27 (D).,Euroleague Basketball Official API (api-live.euroleague.net / live.euroleague.net)
245,E2015_245,2015-16,2015,E2015,Playoffs,Quarter-Finals / Playoffs,Round 28,2016-04-21,Thursday,20:45,2016-04-21T18:45:00Z,Lokomotiv Kuban Krasnodar,FC Barcelona Lassa,FC Barcelona Lassa,Lokomotiv Kuban Krasnodar,BAR,TIV,PALAU BLAUGRANA,"Aristides Maillol Av S/N, 08028 Barcelona",7585,7083,80,92,172,12,Lokomotiv Kuban Krasnodar,FC Barcelona Lassa,Away Win (92-80),80-92,Yes (1 OT),19,21,16,19,19,11,22,25,4,16,Played,,"RADOVIC, SRETEN","RYZHYK, BORYS","JOVCIC, MILIVOJE",Lokomotiv Kuban Krasnodar team victory,Lokomotiv Kuban Krasnodar beat FC Barcelona Lassa 80-92 in Round 28 (D).,Euroleague Basketball Official API (api-live.euroleague.net / live.euroleague.net)
246,E2015_246,2015-16,2015,E2015,Playoffs,Quarter-Finals / Playoffs,Round 29,2016-04-26,Tuesday,19:00,2016-04-26T17:00:00Z,FC Barcelona Lassa,Lokomotiv Kuban Krasnodar,Lokomotiv Kuban Krasnodar,FC Barcelona Lassa,TIV,BAR,BASKET HALL,"Prigorodnaya str. 24, 350000 Krasnodar",7000,7495,81,67,148,14,Lokomotiv Kuban Krasnodar,FC Barcelona Lassa,Home Win (81-67),81-67,No,26,21,24,18,8,23,23,5,,,Played,,"LAMONICA, LUIGI","LOTTERMOSER, ROBERT","LATISEVS, OLEGS",Lokomotiv Kuban Krasnodar team victory,Lokomotiv Kuban Krasnodar beat FC Barcelona Lassa 81-67 in Round 29 (D).,Euroleague Basketball Official API (api-live.euroleague.net / live.euroleague.net)
247,E2015_248,2015-16,2015,E2015,Final Four,Final Four Semifinal,Round 30,2016-05-13,Friday,18:00,2016-05-13T16:00:00Z,Lokomotiv Kuban Krasnodar,CSKA Moscow,CSKA Moscow,Lokomotiv Kuban Krasnodar,CSK,TIV,MERCEDES-BENZ ARENA,"Mercedes-Platz 1, Berlin",13276,11261,88,81,169,7,CSKA Moscow,Lokomotiv Kuban Krasnodar,Home Win (88-81),88-81,No,23,12,24,25,21,22,20,22,,,Played,,"LAMONICA, LUIGI","LOTTERMOSER, ROBERT","JAVOR, DAMIR",CSKA Moscow team victory,CSKA Moscow defeated Lokomotiv Kuban Krasnodar 88-81 in Final Four (Final Four Semifinal) at MERCEDES-BENZ ARENA.,Euroleague Basketball Official API (api-live.euroleague.net / live.euroleague.net)
248,E2015_247,2015-16,2015,E2015,Final Four,Final Four Semifinal,Round 30,2016-05-13,Friday,21:00,2016-05-13T19:00:00Z,Laboral Kutxa Vitoria Gasteiz,Fenerbahce Ulker,Fenerbahce Ulker,Laboral Kutxa Vitoria Gasteiz,ULK,BAS,MERCEDES-BENZ ARENA,"Mercedes-Platz 1, Berlin",13276,11216,88,77,165,11,Fenerbahce Ulker,Laboral Kutxa Vitoria Gasteiz,Home Win (88-77),88-77,Yes (1 OT),23,15,18,25,14,17,17,15,16,5,Played,,"CHRISTODOULOU, CHRISTOS","RYZHYK, BORYS","LATISEVS, OLEGS",Fenerbahce Ulker team victory,Fenerbahce Ulker defeated Laboral Kutxa Vitoria Gasteiz 88-77 in Final Four (Final Four Semifinal) at MERCEDES-BENZ ARENA.,Euroleague Basketball Official API (api-live.euroleague.net / live.euroleague.net)
249,E2015_249,2015-16,2015,E2015,Final Four,Third Place Game,Round 31,2016-05-15,Sunday,17:00,2016-05-15T15:00:00Z,Lokomotiv Kuban Krasnodar,Laboral Kutxa Vitoria Gasteiz,Laboral Kutxa Vitoria Gasteiz,Lokomotiv Kuban Krasnodar,BAS,TIV,MERCEDES-BENZ ARENA,"Mercedes-Platz 1, Berlin",13276,10658,75,85,160,10,Lokomotiv Kuban Krasnodar,Laboral Kutxa Vitoria Gasteiz,Away Win (85-75),75-85,No,16,20,26,20,11,21,22,24,,,Played,,"CHRISTODOULOU, CHRISTOS","RYZHYK, BORYS","PASTUSIAK, PIOTR",Lokomotiv Kuban Krasnodar team victory,Lokomotiv Kuban Krasnodar defeated Laboral Kutxa Vitoria Gasteiz 75-85 in Round 31 (Third Place Game).,Euroleague Basketball Official API (api-live.euroleague.net / live.euroleague.net)
250,E2015_250,2015-16,2015,E2015,Final Four,Championship Game,Round 31,2016-05-15,Sunday,20:00,2016-05-15T18:00:00Z,CSKA Moscow,Fenerbahce Ulker,Fenerbahce Ulker,CSKA Moscow,ULK,CSK,MERCEDES-BENZ ARENA,"Mercedes-Platz 1, Berlin",13276,12250,96,101,197,5,CSKA Moscow,Fenerbahce Ulker,Away Win (101-96),96-101,Yes (1 OT),20,22,10,28,23,19,30,14,13,18,Played,,"LAMONICA, LUIGI","LOTTERMOSER, ROBERT","JAVOR, DAMIR",CSKA Moscow team victory,CSKA Moscow crowned EuroLeague Champions after defeating Fenerbahce Ulker 96-101 at MERCEDES-BENZ ARENA.,Euroleague Basketball Official API (api-live.euroleague.net / live.euroleague.net)
