Game Number,Game ID,Season,Season Phase,Game Type,League / Division,Series / Round,Series Game No.,Date,Day of Week,Start Time (JST),Away Team,Away Team (Japanese),Home Team,Home Team (Japanese),Venue,Venue (Japanese),City,Away Score,Home Score,Total Runs,Winning Margin,Winning Team,Losing Team,Result,Game Score,Innings Played,Extra Innings,Game Status,Cancellation Reason,Away Line Score,Home Line Score,Away Hits,Home Hits,Away Errors,Home Errors,Away Walks,Home Walks,Winning Pitcher,Losing Pitcher,Save Pitcher,Away Starting Pitcher,Home Starting Pitcher,Notable Players,Game Summary,Primary Data Source
1,NPB_2000_20000331_C_G,2000,Regular Season,Regular Season,Central League,Regular Season,,2000-03-31,Friday,18:00,Hiroshima Toyo Carp,広島東洋カープ,Yomiuri Giants,読売ジャイアンツ,Tokyo Dome,東京ドーム,Tokyo,5,4,9,1,Hiroshima Toyo Carp,Yomiuri Giants,Away Win,5-4,9,No,Completed,,,,,,,,,,,上原,,,,,Hiroshima Toyo Carp defeated Yomiuri Giants 5-4 at Tokyo Dome.,2689web.com Archive (https://2689web.com/2000/GC/GC1.html)
2,NPB_2000_20000331_S_D,2000,Regular Season,Regular Season,Central League,Regular Season,,2000-03-31,Friday,18:00,Tokyo Yakult Swallows,東京ヤクルトスワローズ,Chunichi Dragons,中日ドラゴンズ,Nagoya Dome,ナゴヤドーム,Nagoya,4,2,6,2,Tokyo Yakult Swallows,Chunichi Dragons,Away Win,4-2,9,No,Completed,,,,,,,,,,,野口,,,,,Tokyo Yakult Swallows defeated Chunichi Dragons 4-2 at Nagoya Dome.,2689web.com Archive (https://2689web.com/2000/DS/DS1.html)
3,NPB_2000_20000331_T_Y,2000,Regular Season,Regular Season,Central League,Regular Season,,2000-03-31,Friday,18:00,Hanshin Tigers,阪神タイガース,Yokohama BayStars,横浜ベイスターズ,Yokohama Stadium,横浜スタジアム,Yokohama,6,7,13,1,Yokohama BayStars,Hanshin Tigers,Home Win,6-7,9,No,Completed,,,,,,,,,,木塚,,,,,,Yokohama BayStars defeated Hanshin Tigers 6-7 at Yokohama Stadium behind winning pitcher 木塚.,2689web.com Archive (https://2689web.com/2000/YT/YT1.html)
4,NPB_2000_20000401_C_G,2000,Regular Season,Regular Season,Central League,Regular Season,,2000-04-01,Saturday,18:00,Hiroshima Toyo Carp,広島東洋カープ,Yomiuri Giants,読売ジャイアンツ,Tokyo Dome,東京ドーム,Tokyo,3,1,4,2,Hiroshima Toyo Carp,Yomiuri Giants,Away Win,3-1,9,No,Completed,,,,,,,,,,,ガルベス,,,,,Hiroshima Toyo Carp defeated Yomiuri Giants 3-1 at Tokyo Dome.,2689web.com Archive (https://2689web.com/2000/GC/GC2.html)
5,NPB_2000_20000401_S_D,2000,Regular Season,Regular Season,Central League,Regular Season,,2000-04-01,Saturday,18:00,Tokyo Yakult Swallows,東京ヤクルトスワローズ,Chunichi Dragons,中日ドラゴンズ,Nagoya Dome,ナゴヤドーム,Nagoya,0,2,2,2,Chunichi Dragons,Tokyo Yakult Swallows,Home Win,0-2,9,No,Completed,,,,,,,,,,バンチ,,,,,,Chunichi Dragons defeated Tokyo Yakult Swallows 0-2 at Nagoya Dome behind winning pitcher バンチ.,2689web.com Archive (https://2689web.com/2000/DS/DS2.html)
6,NPB_2000_20000401_T_Y,2000,Regular Season,Regular Season,Central League,Regular Season,,2000-04-01,Saturday,18:00,Hanshin Tigers,阪神タイガース,Yokohama BayStars,横浜ベイスターズ,Yokohama Stadium,横浜スタジアム,Yokohama,1,5,6,4,Yokohama BayStars,Hanshin Tigers,Home Win,1-5,9,No,Completed,,,,,,,,,,斎藤隆,,,,,,Yokohama BayStars defeated Hanshin Tigers 1-5 at Yokohama Stadium behind winning pitcher 斎藤隆.,2689web.com Archive (https://2689web.com/2000/YT/YT2.html)
7,NPB_2000_20000401_M_H,2000,Regular Season,Regular Season,Pacific League,Regular Season,,2000-04-01,Saturday,18:00,Chiba Lotte Marines,千葉ロッテマリーンズ,Fukuoka Daiei Hawks,福岡ダイエーホークス,Fukuoka Dome,福岡ドーム,Fukuoka,7,8,15,1,Fukuoka Daiei Hawks,Chiba Lotte Marines,Home Win,7-8,9,No,Completed,,,,,,,,,,吉田,,,,,,Fukuoka Daiei Hawks defeated Chiba Lotte Marines 7-8 at Fukuoka Dome behind winning pitcher 吉田.,2689web.com Archive (https://2689web.com/2000/HM/HM1.html)
8,NPB_2000_20000401_F_L,2000,Regular Season,Regular Season,Pacific League,Regular Season,,2000-04-01,Saturday,18:00,Nippon-Ham Fighters,日本ハムファイターズ,Seibu Lions,西武ライオンズ,Seibu Dome,西武ドーム,Tokorozawa,5,6,11,1,Seibu Lions,Nippon-Ham Fighters,Home Win,5-6,9,No,Completed,,,,,,,,,,森,,,,,,Seibu Lions defeated Nippon-Ham Fighters 5-6 at Seibu Dome behind winning pitcher 森.,2689web.com Archive (https://2689web.com/2000/LF/LF1.html)
9,NPB_2000_20000401_K_B,2000,Regular Season,Regular Season,Pacific League,Regular Season,,2000-04-01,Saturday,18:00,Osaka Kintetsu Buffaloes,大阪近鉄バファローズ,ORIX BlueWave,オリックス・ブルーウェーブ,Green Stadium Kobe,グリーンスタジアム神戸,Kobe,0,4,4,4,ORIX BlueWave,Osaka Kintetsu Buffaloes,Home Win,0-4,9,No,Completed,,,,,,,,,,小林,,,,,,ORIX BlueWave defeated Osaka Kintetsu Buffaloes 0-4 at Green Stadium Kobe behind winning pitcher 小林.,2689web.com Archive (https://2689web.com/2000/BK/BK1.html)
10,NPB_2000_20000402_C_G,2000,Regular Season,Regular Season,Central League,Regular Season,,2000-04-02,Sunday,18:00,Hiroshima Toyo Carp,広島東洋カープ,Yomiuri Giants,読売ジャイアンツ,Tokyo Dome,東京ドーム,Tokyo,3,7,10,4,Yomiuri Giants,Hiroshima Toyo Carp,Home Win,3-7,9,No,Completed,,,,,,,,,,桑田,,,,,,Yomiuri Giants defeated Hiroshima Toyo Carp 3-7 at Tokyo Dome behind winning pitcher 桑田.,2689web.com Archive (https://2689web.com/2000/GC/GC3.html)
11,NPB_2000_20000402_S_D,2000,Regular Season,Regular Season,Central League,Regular Season,,2000-04-02,Sunday,18:00,Tokyo Yakult Swallows,東京ヤクルトスワローズ,Chunichi Dragons,中日ドラゴンズ,Nagoya Dome,ナゴヤドーム,Nagoya,1,5,6,4,Chunichi Dragons,Tokyo Yakult Swallows,Home Win,1-5,9,No,Completed,,,,,,,,,,山本昌,,,,,,Chunichi Dragons defeated Tokyo Yakult Swallows 1-5 at Nagoya Dome behind winning pitcher 山本昌.,2689web.com Archive (https://2689web.com/2000/DS/DS3.html)
12,NPB_2000_20000402_T_Y,2000,Regular Season,Regular Season,Central League,Regular Season,,2000-04-02,Sunday,18:00,Hanshin Tigers,阪神タイガース,Yokohama BayStars,横浜ベイスターズ,Yokohama Stadium,横浜スタジアム,Yokohama,2,10,12,8,Yokohama BayStars,Hanshin Tigers,Home Win,2-10,9,No,Completed,,,,,,,,,,三浦,,,,,,Yokohama BayStars defeated Hanshin Tigers 2-10 at Yokohama Stadium behind winning pitcher 三浦.,2689web.com Archive (https://2689web.com/2000/YT/YT3.html)
13,NPB_2000_20000402_M_H,2000,Regular Season,Regular Season,Pacific League,Regular Season,,2000-04-02,Sunday,18:00,Chiba Lotte Marines,千葉ロッテマリーンズ,Fukuoka Daiei Hawks,福岡ダイエーホークス,Fukuoka Dome,福岡ドーム,Fukuoka,6,9,15,3,Fukuoka Daiei Hawks,Chiba Lotte Marines,Home Win,6-9,9,No,Completed,,,,,,,,,,若田部,,,,,,Fukuoka Daiei Hawks defeated Chiba Lotte Marines 6-9 at Fukuoka Dome behind winning pitcher 若田部.,2689web.com Archive (https://2689web.com/2000/HM/HM2.html)
14,NPB_2000_20000402_F_L,2000,Regular Season,Regular Season,Pacific League,Regular Season,,2000-04-02,Sunday,18:00,Nippon-Ham Fighters,日本ハムファイターズ,Seibu Lions,西武ライオンズ,Seibu Dome,西武ドーム,Tokorozawa,7,3,10,4,Nippon-Ham Fighters,Seibu Lions,Away Win,7-3,9,No,Completed,,,,,,,,,,,谷中,,,,,Nippon-Ham Fighters defeated Seibu Lions 7-3 at Seibu Dome.,2689web.com Archive (https://2689web.com/2000/LF/LF2.html)
15,NPB_2000_20000402_K_B,2000,Regular Season,Regular Season,Pacific League,Regular Season,,2000-04-02,Sunday,18:00,Osaka Kintetsu Buffaloes,大阪近鉄バファローズ,ORIX BlueWave,オリックス・ブルーウェーブ,Green Stadium Kobe,グリーンスタジアム神戸,Kobe,2,9,11,7,ORIX BlueWave,Osaka Kintetsu Buffaloes,Home Win,2-9,9,No,Completed,,,,,,,,,,金田,,,,,,ORIX BlueWave defeated Osaka Kintetsu Buffaloes 2-9 at Green Stadium Kobe behind winning pitcher 金田.,2689web.com Archive (https://2689web.com/2000/BK/BK2.html)
16,NPB_2000_20000404_D_G,2000,Regular Season,Regular Season,Central League,Regular Season,,2000-04-04,Tuesday,18:00,Chunichi Dragons,中日ドラゴンズ,Yomiuri Giants,読売ジャイアンツ,Tokyo Dome,東京ドーム,Tokyo,2,8,10,6,Yomiuri Giants,Chunichi Dragons,Home Win,2-8,9,No,Completed,,,,,,,,,,工藤,,,,,,Yomiuri Giants defeated Chunichi Dragons 2-8 at Tokyo Dome behind winning pitcher 工藤.,2689web.com Archive (https://2689web.com/2000/GD/GD1.html)
17,NPB_2000_20000404_C_Y,2000,Regular Season,Regular Season,Central League,Regular Season,,2000-04-04,Tuesday,18:00,Hiroshima Toyo Carp,広島東洋カープ,Yokohama BayStars,横浜ベイスターズ,Yokohama Stadium,横浜スタジアム,Yokohama,1,4,5,3,Yokohama BayStars,Hiroshima Toyo Carp,Home Win,1-4,9,No,Completed,,,,,,,,,,小宮山,,,,,,Yokohama BayStars defeated Hiroshima Toyo Carp 1-4 at Yokohama Stadium behind winning pitcher 小宮山.,2689web.com Archive (https://2689web.com/2000/YC/YC1.html)
18,NPB_2000_20000404_T_S,2000,Regular Season,Regular Season,Central League,Regular Season,,2000-04-04,Tuesday,18:00,Hanshin Tigers,阪神タイガース,Tokyo Yakult Swallows,東京ヤクルトスワローズ,Meiji Jingu Stadium,明治神宮野球場,Tokyo,2,0,2,2,Hanshin Tigers,Tokyo Yakult Swallows,Away Win,2-0,9,No,Completed,,,,,,,,,,,川崎,,,,,Hanshin Tigers defeated Tokyo Yakult Swallows 2-0 at Meiji Jingu Stadium.,2689web.com Archive (https://2689web.com/2000/ST/ST1.html)
19,NPB_2000_20000404_K_H,2000,Regular Season,Regular Season,Pacific League,Regular Season,,2000-04-04,Tuesday,18:00,Osaka Kintetsu Buffaloes,大阪近鉄バファローズ,Fukuoka Daiei Hawks,福岡ダイエーホークス,Fukuoka Dome,福岡ドーム,Fukuoka,3,8,11,5,Fukuoka Daiei Hawks,Osaka Kintetsu Buffaloes,Home Win,3-8,9,No,Completed,,,,,,,,,,永井,,,,,,Fukuoka Daiei Hawks defeated Osaka Kintetsu Buffaloes 3-8 at Fukuoka Dome behind winning pitcher 永井.,2689web.com Archive (https://2689web.com/2000/HK/HK1.html)
20,NPB_2000_20000404_M_L,2000,Regular Season,Regular Season,Pacific League,Regular Season,,2000-04-04,Tuesday,18:00,Chiba Lotte Marines,千葉ロッテマリーンズ,Seibu Lions,西武ライオンズ,Seibu Dome,西武ドーム,Tokorozawa,2,10,12,8,Seibu Lions,Chiba Lotte Marines,Home Win,2-10,9,No,Completed,,,,,,,,,,豊田,,,,,,Seibu Lions defeated Chiba Lotte Marines 2-10 at Seibu Dome behind winning pitcher 豊田.,2689web.com Archive (https://2689web.com/2000/LM/LM1.html)
21,NPB_2000_20000404_B_F,2000,Regular Season,Regular Season,Pacific League,Regular Season,,2000-04-04,Tuesday,18:00,ORIX BlueWave,オリックス・ブルーウェーブ,Nippon-Ham Fighters,日本ハムファイターズ,Tokyo Dome,東京ドーム,Tokyo,9,3,12,6,ORIX BlueWave,Nippon-Ham Fighters,Away Win,9-3,9,No,Completed,,,,,,,,,,,建山,,,,,ORIX BlueWave defeated Nippon-Ham Fighters 9-3 at Tokyo Dome.,2689web.com Archive (https://2689web.com/2000/FB/FB1.html)
22,NPB_2000_20000405_D_G,2000,Regular Season,Regular Season,Central League,Regular Season,,2000-04-05,Wednesday,18:00,Chunichi Dragons,中日ドラゴンズ,Yomiuri Giants,読売ジャイアンツ,Tokyo Dome,東京ドーム,Tokyo,0,8,8,8,Yomiuri Giants,Chunichi Dragons,Home Win,0-8,9,No,Completed,,,,,,,,,,メイ,,,,,,Yomiuri Giants defeated Chunichi Dragons 0-8 at Tokyo Dome behind winning pitcher メイ.,2689web.com Archive (https://2689web.com/2000/GD/GD2.html)
23,NPB_2000_20000405_C_Y,2000,Regular Season,Regular Season,Central League,Regular Season,,2000-04-05,Wednesday,18:00,Hiroshima Toyo Carp,広島東洋カープ,Yokohama BayStars,横浜ベイスターズ,Yokohama Stadium,横浜スタジアム,Yokohama,6,0,6,6,Hiroshima Toyo Carp,Yokohama BayStars,Away Win,6-0,9,No,Completed,,,,,,,,,,,野村,,,,,Hiroshima Toyo Carp defeated Yokohama BayStars 6-0 at Yokohama Stadium.,2689web.com Archive (https://2689web.com/2000/YC/YC2.html)
24,NPB_2000_20000405_K_H,2000,Regular Season,Regular Season,Pacific League,Regular Season,,2000-04-05,Wednesday,18:00,Osaka Kintetsu Buffaloes,大阪近鉄バファローズ,Fukuoka Daiei Hawks,福岡ダイエーホークス,Fukuoka Dome,福岡ドーム,Fukuoka,5,10,15,5,Fukuoka Daiei Hawks,Osaka Kintetsu Buffaloes,Home Win,5-10,9,No,Completed,,,,,,,,,,田之上,,,,,,Fukuoka Daiei Hawks defeated Osaka Kintetsu Buffaloes 5-10 at Fukuoka Dome behind winning pitcher 田之上.,2689web.com Archive (https://2689web.com/2000/HK/HK2.html)
25,NPB_2000_20000405_B_F,2000,Regular Season,Regular Season,Pacific League,Regular Season,,2000-04-05,Wednesday,18:00,ORIX BlueWave,オリックス・ブルーウェーブ,Nippon-Ham Fighters,日本ハムファイターズ,Tokyo Dome,東京ドーム,Tokyo,4,5,9,1,Nippon-Ham Fighters,ORIX BlueWave,Home Win,4-5,9,No,Completed,,,,,,,,,,オーミー,,,,,,Nippon-Ham Fighters defeated ORIX BlueWave 4-5 at Tokyo Dome behind winning pitcher オーミー.,2689web.com Archive (https://2689web.com/2000/FB/FB2.html)
26,NPB_2000_20000406_D_G,2000,Regular Season,Regular Season,Central League,Regular Season,,2000-04-06,Thursday,18:00,Chunichi Dragons,中日ドラゴンズ,Yomiuri Giants,読売ジャイアンツ,Tokyo Dome,東京ドーム,Tokyo,1,2,3,1,Yomiuri Giants,Chunichi Dragons,Home Win,1-2,9,No,Completed,,,,,,,,,,高橋尚,,,,,,Yomiuri Giants defeated Chunichi Dragons 1-2 at Tokyo Dome behind winning pitcher 高橋尚.,2689web.com Archive (https://2689web.com/2000/GD/GD3.html)
27,NPB_2000_20000406_C_Y,2000,Regular Season,Regular Season,Central League,Regular Season,,2000-04-06,Thursday,18:00,Hiroshima Toyo Carp,広島東洋カープ,Yokohama BayStars,横浜ベイスターズ,Yokohama Stadium,横浜スタジアム,Yokohama,5,7,12,2,Yokohama BayStars,Hiroshima Toyo Carp,Home Win,5-7,9,No,Completed,,,,,,,,,,福盛,,,,,,Yokohama BayStars defeated Hiroshima Toyo Carp 5-7 at Yokohama Stadium behind winning pitcher 福盛.,2689web.com Archive (https://2689web.com/2000/YC/YC3.html)
28,NPB_2000_20000406_T_S,2000,Regular Season,Regular Season,Central League,Regular Season,,2000-04-06,Thursday,18:00,Hanshin Tigers,阪神タイガース,Tokyo Yakult Swallows,東京ヤクルトスワローズ,Meiji Jingu Stadium,明治神宮野球場,Tokyo,5,3,8,2,Hanshin Tigers,Tokyo Yakult Swallows,Away Win,5-3,9,No,Completed,,,,,,,,,,,レモン,,,,,Hanshin Tigers defeated Tokyo Yakult Swallows 5-3 at Meiji Jingu Stadium.,2689web.com Archive (https://2689web.com/2000/ST/ST2.html)
29,NPB_2000_20000406_K_H,2000,Regular Season,Regular Season,Pacific League,Regular Season,,2000-04-06,Thursday,18:00,Osaka Kintetsu Buffaloes,大阪近鉄バファローズ,Fukuoka Daiei Hawks,福岡ダイエーホークス,Fukuoka Dome,福岡ドーム,Fukuoka,4,3,7,1,Osaka Kintetsu Buffaloes,Fukuoka Daiei Hawks,Away Win,4-3,9,No,Completed,,,,,,,,,,,ペドラザ,,,,,Osaka Kintetsu Buffaloes defeated Fukuoka Daiei Hawks 4-3 at Fukuoka Dome.,2689web.com Archive (https://2689web.com/2000/HK/HK3.html)
30,NPB_2000_20000406_M_L,2000,Regular Season,Regular Season,Pacific League,Regular Season,,2000-04-06,Thursday,18:00,Chiba Lotte Marines,千葉ロッテマリーンズ,Seibu Lions,西武ライオンズ,Seibu Dome,西武ドーム,Tokorozawa,5,7,12,2,Seibu Lions,Chiba Lotte Marines,Home Win,5-7,9,No,Completed,,,,,,,,,,石井,,,,,,Seibu Lions defeated Chiba Lotte Marines 5-7 at Seibu Dome behind winning pitcher 石井.,2689web.com Archive (https://2689web.com/2000/LM/LM2.html)
31,NPB_2000_20000406_B_F,2000,Regular Season,Regular Season,Pacific League,Regular Season,,2000-04-06,Thursday,18:00,ORIX BlueWave,オリックス・ブルーウェーブ,Nippon-Ham Fighters,日本ハムファイターズ,Tokyo Dome,東京ドーム,Tokyo,7,2,9,5,ORIX BlueWave,Nippon-Ham Fighters,Away Win,7-2,9,No,Completed,,,,,,,,,,,関根,,,,,ORIX BlueWave defeated Nippon-Ham Fighters 7-2 at Tokyo Dome.,2689web.com Archive (https://2689web.com/2000/FB/FB3.html)
32,NPB_2000_20000407_Y_D,2000,Regular Season,Regular Season,Central League,Regular Season,,2000-04-07,Friday,18:00,Yokohama BayStars,横浜ベイスターズ,Chunichi Dragons,中日ドラゴンズ,Nagoya Dome,ナゴヤドーム,Nagoya,0,8,8,8,Chunichi Dragons,Yokohama BayStars,Home Win,0-8,9,No,Completed,,,,,,,,,,バンチ,,,,,,Chunichi Dragons defeated Yokohama BayStars 0-8 at Nagoya Dome behind winning pitcher バンチ.,2689web.com Archive (https://2689web.com/2000/DY/DY1.html)
33,NPB_2000_20000407_T_C,2000,Regular Season,Regular Season,Central League,Regular Season,,2000-04-07,Friday,18:00,Hanshin Tigers,阪神タイガース,Hiroshima Toyo Carp,広島東洋カープ,Hiroshima Municipal Stadium,旧広島市民球場,Hiroshima,2,3,5,1,Hiroshima Toyo Carp,Hanshin Tigers,Home Win,2-3,9,No,Completed,,,,,,,,,,佐々岡,,,,,,Hiroshima Toyo Carp defeated Hanshin Tigers 2-3 at Hiroshima Municipal Stadium behind winning pitcher 佐々岡.,2689web.com Archive (https://2689web.com/2000/CT/CT1.html)
34,NPB_2000_20000407_F_H,2000,Regular Season,Regular Season,Pacific League,Regular Season,,2000-04-07,Friday,18:00,Nippon-Ham Fighters,日本ハムファイターズ,Fukuoka Daiei Hawks,福岡ダイエーホークス,Fukuoka Dome,福岡ドーム,Fukuoka,1,7,8,6,Fukuoka Daiei Hawks,Nippon-Ham Fighters,Home Win,1-7,9,No,Completed,,,,,,,,,,ラジオ,,,,,,Fukuoka Daiei Hawks defeated Nippon-Ham Fighters 1-7 at Fukuoka Dome behind winning pitcher ラジオ.,2689web.com Archive (https://2689web.com/2000/HF/HF1.html)
35,NPB_2000_20000407_B_L,2000,Regular Season,Regular Season,Pacific League,Regular Season,,2000-04-07,Friday,18:00,ORIX BlueWave,オリックス・ブルーウェーブ,Seibu Lions,西武ライオンズ,Seibu Dome,西武ドーム,Tokorozawa,2,6,8,4,Seibu Lions,ORIX BlueWave,Home Win,2-6,9,No,Completed,,,,,,,,,,松坂,,,,,,Seibu Lions defeated ORIX BlueWave 2-6 at Seibu Dome behind winning pitcher 松坂.,2689web.com Archive (https://2689web.com/2000/LB/LB1.html)
36,NPB_2000_20000407_K_M,2000,Regular Season,Regular Season,Pacific League,Regular Season,,2000-04-07,Friday,18:00,Osaka Kintetsu Buffaloes,大阪近鉄バファローズ,Chiba Lotte Marines,千葉ロッテマリーンズ,Chiba Marine Stadium,千葉マリンスタジアム,Chiba,9,10,19,1,Chiba Lotte Marines,Osaka Kintetsu Buffaloes,Home Win,9-10,9,No,Completed,,,,,,,,,,ウォーレン,,,,,,Chiba Lotte Marines defeated Osaka Kintetsu Buffaloes 9-10 at Chiba Marine Stadium behind winning pitcher ウォーレン.,2689web.com Archive (https://2689web.com/2000/MK/MK1.html)
37,NPB_2000_20000408_S_G,2000,Regular Season,Regular Season,Central League,Regular Season,,2000-04-08,Saturday,18:00,Tokyo Yakult Swallows,東京ヤクルトスワローズ,Yomiuri Giants,読売ジャイアンツ,Tokyo Dome,東京ドーム,Tokyo,1,2,3,1,Yomiuri Giants,Tokyo Yakult Swallows,Home Win,1-2,9,No,Completed,,,,,,,,,,上原,,,,,,Yomiuri Giants defeated Tokyo Yakult Swallows 1-2 at Tokyo Dome behind winning pitcher 上原.,2689web.com Archive (https://2689web.com/2000/GS/GS1.html)
38,NPB_2000_20000408_Y_D,2000,Regular Season,Regular Season,Central League,Regular Season,,2000-04-08,Saturday,18:00,Yokohama BayStars,横浜ベイスターズ,Chunichi Dragons,中日ドラゴンズ,Nagoya Dome,ナゴヤドーム,Nagoya,12,3,15,9,Yokohama BayStars,Chunichi Dragons,Away Win,12-3,9,No,Completed,,,,,,,,,,,山本昌,,,,,Yokohama BayStars defeated Chunichi Dragons 12-3 at Nagoya Dome.,2689web.com Archive (https://2689web.com/2000/DY/DY2.html)
39,NPB_2000_20000408_T_C,2000,Regular Season,Regular Season,Central League,Regular Season,,2000-04-08,Saturday,18:00,Hanshin Tigers,阪神タイガース,Hiroshima Toyo Carp,広島東洋カープ,Hiroshima Municipal Stadium,旧広島市民球場,Hiroshima,5,4,9,1,Hanshin Tigers,Hiroshima Toyo Carp,Away Win,5-4,9,No,Completed,,,,,,,,,,,紀藤,,,,,Hanshin Tigers defeated Hiroshima Toyo Carp 5-4 at Hiroshima Municipal Stadium.,2689web.com Archive (https://2689web.com/2000/CT/CT2.html)
40,NPB_2000_20000408_F_H,2000,Regular Season,Regular Season,Pacific League,Regular Season,,2000-04-08,Saturday,18:00,Nippon-Ham Fighters,日本ハムファイターズ,Fukuoka Daiei Hawks,福岡ダイエーホークス,Fukuoka Dome,福岡ドーム,Fukuoka,0,4,4,4,Fukuoka Daiei Hawks,Nippon-Ham Fighters,Home Win,0-4,9,No,Completed,,,,,,,,,,若田部,,,,,,Fukuoka Daiei Hawks defeated Nippon-Ham Fighters 0-4 at Fukuoka Dome behind winning pitcher 若田部.,2689web.com Archive (https://2689web.com/2000/HF/HF2.html)
41,NPB_2000_20000408_B_L,2000,Regular Season,Regular Season,Pacific League,Regular Season,,2000-04-08,Saturday,18:00,ORIX BlueWave,オリックス・ブルーウェーブ,Seibu Lions,西武ライオンズ,Seibu Dome,西武ドーム,Tokorozawa,7,3,10,4,ORIX BlueWave,Seibu Lions,Away Win,7-3,9,No,Completed,,,,,,,,,,,西口,,,,,ORIX BlueWave defeated Seibu Lions 7-3 at Seibu Dome.,2689web.com Archive (https://2689web.com/2000/LB/LB2.html)
42,NPB_2000_20000408_K_M,2000,Regular Season,Regular Season,Pacific League,Regular Season,,2000-04-08,Saturday,18:00,Osaka Kintetsu Buffaloes,大阪近鉄バファローズ,Chiba Lotte Marines,千葉ロッテマリーンズ,Chiba Marine Stadium,千葉マリンスタジアム,Chiba,4,2,6,2,Osaka Kintetsu Buffaloes,Chiba Lotte Marines,Away Win,4-2,9,No,Completed,,,,,,,,,,,清水直,,,,,Osaka Kintetsu Buffaloes defeated Chiba Lotte Marines 4-2 at Chiba Marine Stadium.,2689web.com Archive (https://2689web.com/2000/MK/MK2.html)
43,NPB_2000_20000409_S_G,2000,Regular Season,Regular Season,Central League,Regular Season,,2000-04-09,Sunday,18:00,Tokyo Yakult Swallows,東京ヤクルトスワローズ,Yomiuri Giants,読売ジャイアンツ,Tokyo Dome,東京ドーム,Tokyo,5,2,7,3,Tokyo Yakult Swallows,Yomiuri Giants,Away Win,5-2,9,No,Completed,,,,,,,,,,,桑田,,,,,Tokyo Yakult Swallows defeated Yomiuri Giants 5-2 at Tokyo Dome.,2689web.com Archive (https://2689web.com/2000/GS/GS2.html)
44,NPB_2000_20000409_Y_D,2000,Regular Season,Regular Season,Central League,Regular Season,,2000-04-09,Sunday,18:00,Yokohama BayStars,横浜ベイスターズ,Chunichi Dragons,中日ドラゴンズ,Nagoya Dome,ナゴヤドーム,Nagoya,2,1,3,1,Yokohama BayStars,Chunichi Dragons,Away Win,2-1,9,No,Completed,,,,,,,,,,,鈴木平,,,,,Yokohama BayStars defeated Chunichi Dragons 2-1 at Nagoya Dome.,2689web.com Archive (https://2689web.com/2000/DY/DY3.html)
45,NPB_2000_20000409_T_C,2000,Regular Season,Regular Season,Central League,Regular Season,,2000-04-09,Sunday,18:00,Hanshin Tigers,阪神タイガース,Hiroshima Toyo Carp,広島東洋カープ,Hiroshima Municipal Stadium,旧広島市民球場,Hiroshima,5,7,12,2,Hiroshima Toyo Carp,Hanshin Tigers,Home Win,5-7,9,No,Completed,,,,,,,,,,苫米地,,,,,,Hiroshima Toyo Carp defeated Hanshin Tigers 5-7 at Hiroshima Municipal Stadium behind winning pitcher 苫米地.,2689web.com Archive (https://2689web.com/2000/CT/CT3.html)
46,NPB_2000_20000409_F_H,2000,Regular Season,Regular Season,Pacific League,Regular Season,,2000-04-09,Sunday,18:00,Nippon-Ham Fighters,日本ハムファイターズ,Fukuoka Daiei Hawks,福岡ダイエーホークス,Fukuoka Dome,福岡ドーム,Fukuoka,7,1,8,6,Nippon-Ham Fighters,Fukuoka Daiei Hawks,Away Win,7-1,9,No,Completed,,,,,,,,,,,渡辺秀,,,,,Nippon-Ham Fighters defeated Fukuoka Daiei Hawks 7-1 at Fukuoka Dome.,2689web.com Archive (https://2689web.com/2000/HF/HF3.html)
47,NPB_2000_20000409_B_L,2000,Regular Season,Regular Season,Pacific League,Regular Season,,2000-04-09,Sunday,18:00,ORIX BlueWave,オリックス・ブルーウェーブ,Seibu Lions,西武ライオンズ,Seibu Dome,西武ドーム,Tokorozawa,5,15,20,10,Seibu Lions,ORIX BlueWave,Home Win,5-15,9,No,Completed,,,,,,,,,,潮崎,,,,,,Seibu Lions defeated ORIX BlueWave 5-15 at Seibu Dome behind winning pitcher 潮崎.,2689web.com Archive (https://2689web.com/2000/LB/LB3.html)
48,NPB_2000_20000409_K_M,2000,Regular Season,Regular Season,Pacific League,Regular Season,,2000-04-09,Sunday,18:00,Osaka Kintetsu Buffaloes,大阪近鉄バファローズ,Chiba Lotte Marines,千葉ロッテマリーンズ,Chiba Marine Stadium,千葉マリンスタジアム,Chiba,4,0,4,4,Osaka Kintetsu Buffaloes,Chiba Lotte Marines,Away Win,4-0,9,No,Completed,,,,,,,,,,,小林雅,,,,,Osaka Kintetsu Buffaloes defeated Chiba Lotte Marines 4-0 at Chiba Marine Stadium.,2689web.com Archive (https://2689web.com/2000/MK/MK3.html)
49,NPB_2000_20000411_T_G,2000,Regular Season,Regular Season,Central League,Regular Season,,2000-04-11,Tuesday,18:00,Hanshin Tigers,阪神タイガース,Yomiuri Giants,読売ジャイアンツ,Tokyo Dome,東京ドーム,Tokyo,3,10,13,7,Yomiuri Giants,Hanshin Tigers,Home Win,3-10,9,No,Completed,,,,,,,,,,工藤,,,,,,Yomiuri Giants defeated Hanshin Tigers 3-10 at Tokyo Dome behind winning pitcher 工藤.,2689web.com Archive (https://2689web.com/2000/GT/GT1.html)
50,NPB_2000_20000411_C_D,2000,Regular Season,Regular Season,Central League,Regular Season,,2000-04-11,Tuesday,18:00,Hiroshima Toyo Carp,広島東洋カープ,Chunichi Dragons,中日ドラゴンズ,Nagoya Dome,ナゴヤドーム,Nagoya,13,2,15,11,Hiroshima Toyo Carp,Chunichi Dragons,Away Win,13-2,9,No,Completed,,,,,,,,,,,武田,,,,,Hiroshima Toyo Carp defeated Chunichi Dragons 13-2 at Nagoya Dome.,2689web.com Archive (https://2689web.com/2000/DC/DC1.html)
51,NPB_2000_20000411_S_Y,2000,Regular Season,Regular Season,Central League,Regular Season,,2000-04-11,Tuesday,18:00,Tokyo Yakult Swallows,東京ヤクルトスワローズ,Yokohama BayStars,横浜ベイスターズ,Yokohama Stadium,横浜スタジアム,Yokohama,7,1,8,6,Tokyo Yakult Swallows,Yokohama BayStars,Away Win,7-1,9,No,Completed,,,,,,,,,,,小宮山,,,,,Tokyo Yakult Swallows defeated Yokohama BayStars 7-1 at Yokohama Stadium.,2689web.com Archive (https://2689web.com/2000/YS/YS1.html)
52,NPB_2000_20000411_L_H,2000,Regular Season,Regular Season,Pacific League,Regular Season,,2000-04-11,Tuesday,18:00,Seibu Lions,西武ライオンズ,Fukuoka Daiei Hawks,福岡ダイエーホークス,Fukuoka Dome,福岡ドーム,Fukuoka,4,2,6,2,Seibu Lions,Fukuoka Daiei Hawks,Away Win,4-2,9,No,Completed,,,,,,,,,,,永井,,,,,Seibu Lions defeated Fukuoka Daiei Hawks 4-2 at Fukuoka Dome.,2689web.com Archive (https://2689web.com/2000/HL/HL1.html)
53,NPB_2000_20000411_K_F,2000,Regular Season,Regular Season,Pacific League,Regular Season,,2000-04-11,Tuesday,18:00,Osaka Kintetsu Buffaloes,大阪近鉄バファローズ,Nippon-Ham Fighters,日本ハムファイターズ,Tokyo Dome,東京ドーム,Tokyo,3,7,10,4,Nippon-Ham Fighters,Osaka Kintetsu Buffaloes,Home Win,3-7,9,No,Completed,,,,,,,,,,黒木,,,,,,Nippon-Ham Fighters defeated Osaka Kintetsu Buffaloes 3-7 at Tokyo Dome behind winning pitcher 黒木.,2689web.com Archive (https://2689web.com/2000/FK/FK1.html)
54,NPB_2000_20000411_M_B,2000,Regular Season,Regular Season,Pacific League,Regular Season,,2000-04-11,Tuesday,18:00,Chiba Lotte Marines,千葉ロッテマリーンズ,ORIX BlueWave,オリックス・ブルーウェーブ,Green Stadium Kobe,グリーンスタジアム神戸,Kobe,5,3,8,2,Chiba Lotte Marines,ORIX BlueWave,Away Win,5-3,9,No,Completed,,,,,,,,,,,川越,,,,,Chiba Lotte Marines defeated ORIX BlueWave 5-3 at Green Stadium Kobe.,2689web.com Archive (https://2689web.com/2000/BM/BM1.html)
55,NPB_2000_20000412_T_G,2000,Regular Season,Regular Season,Central League,Regular Season,,2000-04-12,Wednesday,18:00,Hanshin Tigers,阪神タイガース,Yomiuri Giants,読売ジャイアンツ,Tokyo Dome,東京ドーム,Tokyo,1,7,8,6,Yomiuri Giants,Hanshin Tigers,Home Win,1-7,9,No,Completed,,,,,,,,,,メイ,,,,,,Yomiuri Giants defeated Hanshin Tigers 1-7 at Tokyo Dome behind winning pitcher メイ.,2689web.com Archive (https://2689web.com/2000/GT/GT2.html)
56,NPB_2000_20000412_C_D,2000,Regular Season,Regular Season,Central League,Regular Season,,2000-04-12,Wednesday,18:00,Hiroshima Toyo Carp,広島東洋カープ,Chunichi Dragons,中日ドラゴンズ,Nagoya Dome,ナゴヤドーム,Nagoya,4,2,6,2,Hiroshima Toyo Carp,Chunichi Dragons,Away Win,4-2,9,No,Completed,,,,,,,,,,,野口,,,,,Hiroshima Toyo Carp defeated Chunichi Dragons 4-2 at Nagoya Dome.,2689web.com Archive (https://2689web.com/2000/DC/DC2.html)
57,NPB_2000_20000412_S_Y,2000,Regular Season,Regular Season,Central League,Regular Season,,2000-04-12,Wednesday,18:00,Tokyo Yakult Swallows,東京ヤクルトスワローズ,Yokohama BayStars,横浜ベイスターズ,Yokohama Stadium,横浜スタジアム,Yokohama,1,2,3,1,Yokohama BayStars,Tokyo Yakult Swallows,Home Win,1-2,9,No,Completed,,,,,,,,,,福盛,,,,,,Yokohama BayStars defeated Tokyo Yakult Swallows 1-2 at Yokohama Stadium behind winning pitcher 福盛.,2689web.com Archive (https://2689web.com/2000/YS/YS2.html)
58,NPB_2000_20000412_L_H,2000,Regular Season,Regular Season,Pacific League,Regular Season,,2000-04-12,Wednesday,18:00,Seibu Lions,西武ライオンズ,Fukuoka Daiei Hawks,福岡ダイエーホークス,Fukuoka Dome,福岡ドーム,Fukuoka,3,0,3,3,Seibu Lions,Fukuoka Daiei Hawks,Away Win,3-0,9,No,Completed,,,,,,,,,,,田之上,,,,,Seibu Lions defeated Fukuoka Daiei Hawks 3-0 at Fukuoka Dome.,2689web.com Archive (https://2689web.com/2000/HL/HL2.html)
59,NPB_2000_20000412_K_F,2000,Regular Season,Regular Season,Pacific League,Regular Season,,2000-04-12,Wednesday,18:00,Osaka Kintetsu Buffaloes,大阪近鉄バファローズ,Nippon-Ham Fighters,日本ハムファイターズ,Tokyo Dome,東京ドーム,Tokyo,3,8,11,5,Nippon-Ham Fighters,Osaka Kintetsu Buffaloes,Home Win,3-8,9,No,Completed,,,,,,,,,,建山,,,,,,Nippon-Ham Fighters defeated Osaka Kintetsu Buffaloes 3-8 at Tokyo Dome behind winning pitcher 建山.,2689web.com Archive (https://2689web.com/2000/FK/FK2.html)
60,NPB_2000_20000412_M_B,2000,Regular Season,Regular Season,Pacific League,Regular Season,,2000-04-12,Wednesday,18:00,Chiba Lotte Marines,千葉ロッテマリーンズ,ORIX BlueWave,オリックス・ブルーウェーブ,Green Stadium Kobe,グリーンスタジアム神戸,Kobe,8,9,17,1,ORIX BlueWave,Chiba Lotte Marines,Home Win,8-9,9,No,Completed,,,,,,,,,,高橋功,,,,,,ORIX BlueWave defeated Chiba Lotte Marines 8-9 at Green Stadium Kobe behind winning pitcher 高橋功.,2689web.com Archive (https://2689web.com/2000/BM/BM2.html)
61,NPB_2000_20000413_T_G,2000,Regular Season,Regular Season,Central League,Regular Season,,2000-04-13,Thursday,18:00,Hanshin Tigers,阪神タイガース,Yomiuri Giants,読売ジャイアンツ,Tokyo Dome,東京ドーム,Tokyo,3,2,5,1,Hanshin Tigers,Yomiuri Giants,Away Win,3-2,9,No,Completed,,,,,,,,,,,ガルベス,,,,,Hanshin Tigers defeated Yomiuri Giants 3-2 at Tokyo Dome.,2689web.com Archive (https://2689web.com/2000/GT/GT3.html)
62,NPB_2000_20000413_C_D,2000,Regular Season,Regular Season,Central League,Regular Season,,2000-04-13,Thursday,18:00,Hiroshima Toyo Carp,広島東洋カープ,Chunichi Dragons,中日ドラゴンズ,Nagoya Dome,ナゴヤドーム,Nagoya,2,3,5,1,Chunichi Dragons,Hiroshima Toyo Carp,Home Win,2-3,9,No,Completed,,,,,,,,,,バンチ,,,,,,Chunichi Dragons defeated Hiroshima Toyo Carp 2-3 at Nagoya Dome behind winning pitcher バンチ.,2689web.com Archive (https://2689web.com/2000/DC/DC3.html)
63,NPB_2000_20000413_S_Y,2000,Regular Season,Regular Season,Central League,Regular Season,,2000-04-13,Thursday,18:00,Tokyo Yakult Swallows,東京ヤクルトスワローズ,Yokohama BayStars,横浜ベイスターズ,Yokohama Stadium,横浜スタジアム,Yokohama,2,2,4,0,Tie,Tie,Tie,2-2,9,No,Completed,,,,,,,,,,,,,,,,Tokyo Yakult Swallows and Yokohama BayStars played to a 2-2 tie at Yokohama Stadium.,2689web.com Archive (https://2689web.com/2000/YS/YS3.html)
64,NPB_2000_20000413_L_H,2000,Regular Season,Regular Season,Pacific League,Regular Season,,2000-04-13,Thursday,18:00,Seibu Lions,西武ライオンズ,Fukuoka Daiei Hawks,福岡ダイエーホークス,Fukuoka Dome,福岡ドーム,Fukuoka,7,2,9,5,Seibu Lions,Fukuoka Daiei Hawks,Away Win,7-2,9,No,Completed,,,,,,,,,,,佐久本,,,,,Seibu Lions defeated Fukuoka Daiei Hawks 7-2 at Fukuoka Dome.,2689web.com Archive (https://2689web.com/2000/HL/HL3.html)
65,NPB_2000_20000413_K_F,2000,Regular Season,Regular Season,Pacific League,Regular Season,,2000-04-13,Thursday,18:00,Osaka Kintetsu Buffaloes,大阪近鉄バファローズ,Nippon-Ham Fighters,日本ハムファイターズ,Tokyo Dome,東京ドーム,Tokyo,5,2,7,3,Osaka Kintetsu Buffaloes,Nippon-Ham Fighters,Away Win,5-2,9,No,Completed,,,,,,,,,,,関根,,,,,Osaka Kintetsu Buffaloes defeated Nippon-Ham Fighters 5-2 at Tokyo Dome.,2689web.com Archive (https://2689web.com/2000/FK/FK3.html)
66,NPB_2000_20000413_M_B,2000,Regular Season,Regular Season,Pacific League,Regular Season,,2000-04-13,Thursday,18:00,Chiba Lotte Marines,千葉ロッテマリーンズ,ORIX BlueWave,オリックス・ブルーウェーブ,Green Stadium Kobe,グリーンスタジアム神戸,Kobe,1,2,3,1,ORIX BlueWave,Chiba Lotte Marines,Home Win,1-2,9,No,Completed,,,,,,,,,,杉本友,,,,,,ORIX BlueWave defeated Chiba Lotte Marines 1-2 at Green Stadium Kobe behind winning pitcher 杉本友.,2689web.com Archive (https://2689web.com/2000/BM/BM3.html)
67,NPB_2000_20000414_T_D,2000,Regular Season,Regular Season,Central League,Regular Season,,2000-04-14,Friday,18:00,Hanshin Tigers,阪神タイガース,Chunichi Dragons,中日ドラゴンズ,Nagoya Dome,ナゴヤドーム,Nagoya,7,1,8,6,Hanshin Tigers,Chunichi Dragons,Away Win,7-1,9,No,Completed,,,,,,,,,,,山本昌,,,,,Hanshin Tigers defeated Chunichi Dragons 7-1 at Nagoya Dome.,2689web.com Archive (https://2689web.com/2000/DT/DT1.html)
68,NPB_2000_20000414_C_S,2000,Regular Season,Regular Season,Central League,Regular Season,,2000-04-14,Friday,18:00,Hiroshima Toyo Carp,広島東洋カープ,Tokyo Yakult Swallows,東京ヤクルトスワローズ,Meiji Jingu Stadium,明治神宮野球場,Tokyo,8,3,11,5,Hiroshima Toyo Carp,Tokyo Yakult Swallows,Away Win,8-3,9,No,Completed,,,,,,,,,,,レモン,,,,,Hiroshima Toyo Carp defeated Tokyo Yakult Swallows 8-3 at Meiji Jingu Stadium.,2689web.com Archive (https://2689web.com/2000/SC/SC1.html)
69,NPB_2000_20000414_B_H,2000,Regular Season,Regular Season,Pacific League,Regular Season,,2000-04-14,Friday,18:00,ORIX BlueWave,オリックス・ブルーウェーブ,Fukuoka Daiei Hawks,福岡ダイエーホークス,Fukuoka Dome,福岡ドーム,Fukuoka,4,2,6,2,ORIX BlueWave,Fukuoka Daiei Hawks,Away Win,4-2,9,No,Completed,,,,,,,,,,,ラジオ,,,,,ORIX BlueWave defeated Fukuoka Daiei Hawks 4-2 at Fukuoka Dome.,2689web.com Archive (https://2689web.com/2000/HB/HB1.html)
70,NPB_2000_20000414_M_F,2000,Regular Season,Regular Season,Pacific League,Regular Season,,2000-04-14,Friday,18:00,Chiba Lotte Marines,千葉ロッテマリーンズ,Nippon-Ham Fighters,日本ハムファイターズ,Tokyo Dome,東京ドーム,Tokyo,1,11,12,10,Nippon-Ham Fighters,Chiba Lotte Marines,Home Win,1-11,9,No,Completed,,,,,,,,,,新谷,,,,,,Nippon-Ham Fighters defeated Chiba Lotte Marines 1-11 at Tokyo Dome behind winning pitcher 新谷.,2689web.com Archive (https://2689web.com/2000/FM/FM1.html)
71,NPB_2000_20000415_Y_G,2000,Regular Season,Regular Season,Central League,Regular Season,,2000-04-15,Saturday,18:00,Yokohama BayStars,横浜ベイスターズ,Yomiuri Giants,読売ジャイアンツ,Tokyo Dome,東京ドーム,Tokyo,3,4,7,1,Yomiuri Giants,Yokohama BayStars,Home Win,3-4,9,No,Completed,,,,,,,,,,上原,,,,,,Yomiuri Giants defeated Yokohama BayStars 3-4 at Tokyo Dome behind winning pitcher 上原.,2689web.com Archive (https://2689web.com/2000/GY/GY1.html)
72,NPB_2000_20000415_C_S,2000,Regular Season,Regular Season,Central League,Regular Season,,2000-04-15,Saturday,18:00,Hiroshima Toyo Carp,広島東洋カープ,Tokyo Yakult Swallows,東京ヤクルトスワローズ,Meiji Jingu Stadium,明治神宮野球場,Tokyo,1,2,3,1,Tokyo Yakult Swallows,Hiroshima Toyo Carp,Home Win,1-2,9,No,Completed,,,,,,,,,,五十嵐,,,,,,Tokyo Yakult Swallows defeated Hiroshima Toyo Carp 1-2 at Meiji Jingu Stadium behind winning pitcher 五十嵐.,2689web.com Archive (https://2689web.com/2000/SC/SC2.html)
73,NPB_2000_20000415_K_L,2000,Regular Season,Regular Season,Pacific League,Regular Season,,2000-04-15,Saturday,18:00,Osaka Kintetsu Buffaloes,大阪近鉄バファローズ,Seibu Lions,西武ライオンズ,Seibu Dome,西武ドーム,Tokorozawa,0,8,8,8,Seibu Lions,Osaka Kintetsu Buffaloes,Home Win,0-8,9,No,Completed,,,,,,,,,,西口,,,,,,Seibu Lions defeated Osaka Kintetsu Buffaloes 0-8 at Seibu Dome behind winning pitcher 西口.,2689web.com Archive (https://2689web.com/2000/LK/LK1.html)
74,NPB_2000_20000416_Y_G,2000,Regular Season,Regular Season,Central League,Regular Season,,2000-04-16,Sunday,18:00,Yokohama BayStars,横浜ベイスターズ,Yomiuri Giants,読売ジャイアンツ,Tokyo Dome,東京ドーム,Tokyo,4,6,10,2,Yomiuri Giants,Yokohama BayStars,Home Win,4-6,9,No,Completed,,,,,,,,,,高橋尚,,,,,,Yomiuri Giants defeated Yokohama BayStars 4-6 at Tokyo Dome behind winning pitcher 高橋尚.,2689web.com Archive (https://2689web.com/2000/GY/GY2.html)
75,NPB_2000_20000416_T_D,2000,Regular Season,Regular Season,Central League,Regular Season,,2000-04-16,Sunday,18:00,Hanshin Tigers,阪神タイガース,Chunichi Dragons,中日ドラゴンズ,Nagoya Dome,ナゴヤドーム,Nagoya,2,0,2,2,Hanshin Tigers,Chunichi Dragons,Away Win,2-0,9,No,Completed,,,,,,,,,,,小池,,,,,Hanshin Tigers defeated Chunichi Dragons 2-0 at Nagoya Dome.,2689web.com Archive (https://2689web.com/2000/DT/DT2.html)
76,NPB_2000_20000416_C_S,2000,Regular Season,Regular Season,Central League,Regular Season,,2000-04-16,Sunday,18:00,Hiroshima Toyo Carp,広島東洋カープ,Tokyo Yakult Swallows,東京ヤクルトスワローズ,Meiji Jingu Stadium,明治神宮野球場,Tokyo,7,2,9,5,Hiroshima Toyo Carp,Tokyo Yakult Swallows,Away Win,7-2,9,No,Completed,,,,,,,,,,,伊藤智,,,,,Hiroshima Toyo Carp defeated Tokyo Yakult Swallows 7-2 at Meiji Jingu Stadium.,2689web.com Archive (https://2689web.com/2000/SC/SC3.html)
77,NPB_2000_20000416_B_H,2000,Regular Season,Regular Season,Pacific League,Regular Season,,2000-04-16,Sunday,18:00,ORIX BlueWave,オリックス・ブルーウェーブ,Fukuoka Daiei Hawks,福岡ダイエーホークス,Fukuoka Dome,福岡ドーム,Fukuoka,6,5,11,1,ORIX BlueWave,Fukuoka Daiei Hawks,Away Win,6-5,9,No,Completed,,,,,,,,,,,若田部,,,,,ORIX BlueWave defeated Fukuoka Daiei Hawks 6-5 at Fukuoka Dome.,2689web.com Archive (https://2689web.com/2000/HB/HB2.html)
78,NPB_2000_20000416_K_L,2000,Regular Season,Regular Season,Pacific League,Regular Season,,2000-04-16,Sunday,18:00,Osaka Kintetsu Buffaloes,大阪近鉄バファローズ,Seibu Lions,西武ライオンズ,Seibu Dome,西武ドーム,Tokorozawa,5,1,6,4,Osaka Kintetsu Buffaloes,Seibu Lions,Away Win,5-1,9,No,Completed,,,,,,,,,,,竹下,,,,,Osaka Kintetsu Buffaloes defeated Seibu Lions 5-1 at Seibu Dome.,2689web.com Archive (https://2689web.com/2000/LK/LK2.html)
79,NPB_2000_20000416_M_F,2000,Regular Season,Regular Season,Pacific League,Regular Season,,2000-04-16,Sunday,18:00,Chiba Lotte Marines,千葉ロッテマリーンズ,Nippon-Ham Fighters,日本ハムファイターズ,Tokyo Dome,東京ドーム,Tokyo,0,10,10,10,Nippon-Ham Fighters,Chiba Lotte Marines,Home Win,0-10,9,No,Completed,,,,,,,,,,金村,,,,,,Nippon-Ham Fighters defeated Chiba Lotte Marines 0-10 at Tokyo Dome behind winning pitcher 金村.,2689web.com Archive (https://2689web.com/2000/FM/FM2.html)
80,NPB_2000_20000418_T_G,2000,Regular Season,Regular Season,Central League,Regular Season,,2000-04-18,Tuesday,18:00,Hanshin Tigers,阪神タイガース,Yomiuri Giants,読売ジャイアンツ,Tokyo Dome,東京ドーム,Tokyo,5,0,5,5,Hanshin Tigers,Yomiuri Giants,Away Win,5-0,9,No,Completed,,,,,,,,,,,工藤,,,,,Hanshin Tigers defeated Yomiuri Giants 5-0 at Tokyo Dome.,2689web.com Archive (https://2689web.com/2000/GT/GT4.html)
81,NPB_2000_20000418_C_D,2000,Regular Season,Regular Season,Central League,Regular Season,,2000-04-18,Tuesday,18:00,Hiroshima Toyo Carp,広島東洋カープ,Chunichi Dragons,中日ドラゴンズ,Nagoya Dome,ナゴヤドーム,Nagoya,5,1,6,4,Hiroshima Toyo Carp,Chunichi Dragons,Away Win,5-1,9,No,Completed,,,,,,,,,,,野口,,,,,Hiroshima Toyo Carp defeated Chunichi Dragons 5-1 at Nagoya Dome.,2689web.com Archive (https://2689web.com/2000/DC/DC4.html)
82,NPB_2000_20000418_S_Y,2000,Regular Season,Regular Season,Central League,Regular Season,,2000-04-18,Tuesday,18:00,Tokyo Yakult Swallows,東京ヤクルトスワローズ,Yokohama BayStars,横浜ベイスターズ,Yokohama Stadium,横浜スタジアム,Yokohama,6,5,11,1,Tokyo Yakult Swallows,Yokohama BayStars,Away Win,6-5,9,No,Completed,,,,,,,,,,,福盛,,,,,Tokyo Yakult Swallows defeated Yokohama BayStars 6-5 at Yokohama Stadium.,2689web.com Archive (https://2689web.com/2000/YS/YS4.html)
83,NPB_2000_20000418_M_H,2000,Regular Season,Regular Season,Pacific League,Regular Season,,2000-04-18,Tuesday,18:00,Chiba Lotte Marines,千葉ロッテマリーンズ,Fukuoka Daiei Hawks,福岡ダイエーホークス,Fukuoka Dome,福岡ドーム,Fukuoka,1,5,6,4,Fukuoka Daiei Hawks,Chiba Lotte Marines,Home Win,1-5,9,No,Completed,,,,,,,,,,永井,,,,,,Fukuoka Daiei Hawks defeated Chiba Lotte Marines 1-5 at Fukuoka Dome behind winning pitcher 永井.,2689web.com Archive (https://2689web.com/2000/HM/HM3.html)
84,NPB_2000_20000418_B_L,2000,Regular Season,Regular Season,Pacific League,Regular Season,,2000-04-18,Tuesday,18:00,ORIX BlueWave,オリックス・ブルーウェーブ,Seibu Lions,西武ライオンズ,Seibu Dome,西武ドーム,Tokorozawa,4,2,6,2,ORIX BlueWave,Seibu Lions,Away Win,4-2,9,No,Completed,,,,,,,,,,,豊田,,,,,ORIX BlueWave defeated Seibu Lions 4-2 at Seibu Dome.,2689web.com Archive (https://2689web.com/2000/LB/LB4.html)
85,NPB_2000_20000418_K_F,2000,Regular Season,Regular Season,Pacific League,Regular Season,,2000-04-18,Tuesday,18:00,Osaka Kintetsu Buffaloes,大阪近鉄バファローズ,Nippon-Ham Fighters,日本ハムファイターズ,Tokyo Dome,東京ドーム,Tokyo,4,7,11,3,Nippon-Ham Fighters,Osaka Kintetsu Buffaloes,Home Win,4-7,9,No,Completed,,,,,,,,,,建山,,,,,,Nippon-Ham Fighters defeated Osaka Kintetsu Buffaloes 4-7 at Tokyo Dome behind winning pitcher 建山.,2689web.com Archive (https://2689web.com/2000/FK/FK4.html)
86,NPB_2000_20000419_T_G,2000,Regular Season,Regular Season,Central League,Regular Season,,2000-04-19,Wednesday,18:00,Hanshin Tigers,阪神タイガース,Yomiuri Giants,読売ジャイアンツ,Tokyo Dome,東京ドーム,Tokyo,2,1,3,1,Hanshin Tigers,Yomiuri Giants,Away Win,2-1,9,No,Completed,,,,,,,,,,,メイ,,,,,Hanshin Tigers defeated Yomiuri Giants 2-1 at Tokyo Dome.,2689web.com Archive (https://2689web.com/2000/GT/GT5.html)
87,NPB_2000_20000419_S_Y,2000,Regular Season,Regular Season,Central League,Regular Season,,2000-04-19,Wednesday,18:00,Tokyo Yakult Swallows,東京ヤクルトスワローズ,Yokohama BayStars,横浜ベイスターズ,Yokohama Stadium,横浜スタジアム,Yokohama,1,5,6,4,Yokohama BayStars,Tokyo Yakult Swallows,Home Win,1-5,9,No,Completed,,,,,,,,,,小宮山,,,,,,Yokohama BayStars defeated Tokyo Yakult Swallows 1-5 at Yokohama Stadium behind winning pitcher 小宮山.,2689web.com Archive (https://2689web.com/2000/YS/YS5.html)
88,NPB_2000_20000419_M_H,2000,Regular Season,Regular Season,Pacific League,Regular Season,,2000-04-19,Wednesday,18:00,Chiba Lotte Marines,千葉ロッテマリーンズ,Fukuoka Daiei Hawks,福岡ダイエーホークス,Fukuoka Dome,福岡ドーム,Fukuoka,4,6,10,2,Fukuoka Daiei Hawks,Chiba Lotte Marines,Home Win,4-6,9,No,Completed,,,,,,,,,,田之上,,,,,,Fukuoka Daiei Hawks defeated Chiba Lotte Marines 4-6 at Fukuoka Dome behind winning pitcher 田之上.,2689web.com Archive (https://2689web.com/2000/HM/HM4.html)
89,NPB_2000_20000419_K_F,2000,Regular Season,Regular Season,Pacific League,Regular Season,,2000-04-19,Wednesday,18:00,Osaka Kintetsu Buffaloes,大阪近鉄バファローズ,Nippon-Ham Fighters,日本ハムファイターズ,Tokyo Dome,東京ドーム,Tokyo,3,15,18,12,Nippon-Ham Fighters,Osaka Kintetsu Buffaloes,Home Win,3-15,9,No,Completed,,,,,,,,,,関根,,,,,,Nippon-Ham Fighters defeated Osaka Kintetsu Buffaloes 3-15 at Tokyo Dome behind winning pitcher 関根.,2689web.com Archive (https://2689web.com/2000/FK/FK5.html)
90,NPB_2000_20000420_T_G,2000,Regular Season,Regular Season,Central League,Regular Season,,2000-04-20,Thursday,18:00,Hanshin Tigers,阪神タイガース,Yomiuri Giants,読売ジャイアンツ,Tokyo Dome,東京ドーム,Tokyo,5,2,7,3,Hanshin Tigers,Yomiuri Giants,Away Win,5-2,9,No,Completed,,,,,,,,,,,桑田,,,,,Hanshin Tigers defeated Yomiuri Giants 5-2 at Tokyo Dome.,2689web.com Archive (https://2689web.com/2000/GT/GT6.html)
91,NPB_2000_20000420_C_D,2000,Regular Season,Regular Season,Central League,Regular Season,,2000-04-20,Thursday,18:00,Hiroshima Toyo Carp,広島東洋カープ,Chunichi Dragons,中日ドラゴンズ,Nagoya Dome,ナゴヤドーム,Nagoya,3,0,3,3,Hiroshima Toyo Carp,Chunichi Dragons,Away Win,3-0,9,No,Completed,,,,,,,,,,,バンチ,,,,,Hiroshima Toyo Carp defeated Chunichi Dragons 3-0 at Nagoya Dome.,2689web.com Archive (https://2689web.com/2000/DC/DC5.html)
92,NPB_2000_20000421_C_G,2000,Regular Season,Regular Season,Central League,Regular Season,,2000-04-21,Friday,18:00,Hiroshima Toyo Carp,広島東洋カープ,Yomiuri Giants,読売ジャイアンツ,Tokyo Dome,東京ドーム,Tokyo,5,4,9,1,Hiroshima Toyo Carp,Yomiuri Giants,Away Win,5-4,9,No,Completed,,,,,,,,,,,ガルベス,,,,,Hiroshima Toyo Carp defeated Yomiuri Giants 5-4 at Tokyo Dome.,2689web.com Archive (https://2689web.com/2000/GC/GC4.html)
93,NPB_2000_20000421_F_L,2000,Regular Season,Regular Season,Pacific League,Regular Season,,2000-04-21,Friday,18:00,Nippon-Ham Fighters,日本ハムファイターズ,Seibu Lions,西武ライオンズ,Seibu Dome,西武ドーム,Tokorozawa,1,5,6,4,Seibu Lions,Nippon-Ham Fighters,Home Win,1-5,9,No,Completed,,,,,,,,,,竹下,,,,,,Seibu Lions defeated Nippon-Ham Fighters 1-5 at Seibu Dome behind winning pitcher 竹下.,2689web.com Archive (https://2689web.com/2000/LF/LF3.html)
94,NPB_2000_20000422_C_G,2000,Regular Season,Regular Season,Central League,Regular Season,,2000-04-22,Saturday,18:00,Hiroshima Toyo Carp,広島東洋カープ,Yomiuri Giants,読売ジャイアンツ,Tokyo Dome,東京ドーム,Tokyo,8,6,14,2,Hiroshima Toyo Carp,Yomiuri Giants,Away Win,8-6,9,No,Completed,,,,,,,,,,,上原,,,,,Hiroshima Toyo Carp defeated Yomiuri Giants 8-6 at Tokyo Dome.,2689web.com Archive (https://2689web.com/2000/GC/GC5.html)
95,NPB_2000_20000422_Y_D,2000,Regular Season,Regular Season,Central League,Regular Season,,2000-04-22,Saturday,18:00,Yokohama BayStars,横浜ベイスターズ,Chunichi Dragons,中日ドラゴンズ,Nagoya Dome,ナゴヤドーム,Nagoya,0,6,6,6,Chunichi Dragons,Yokohama BayStars,Home Win,0-6,9,No,Completed,,,,,,,,,,小池,,,,,,Chunichi Dragons defeated Yokohama BayStars 0-6 at Nagoya Dome behind winning pitcher 小池.,2689web.com Archive (https://2689web.com/2000/DY/DY4.html)
96,NPB_2000_20000422_T_S,2000,Regular Season,Regular Season,Central League,Regular Season,,2000-04-22,Saturday,18:00,Hanshin Tigers,阪神タイガース,Tokyo Yakult Swallows,東京ヤクルトスワローズ,Meiji Jingu Stadium,明治神宮野球場,Tokyo,5,4,9,1,Hanshin Tigers,Tokyo Yakult Swallows,Away Win,5-4,9,No,Completed,,,,,,,,,,,石井一,,,,,Hanshin Tigers defeated Tokyo Yakult Swallows 5-4 at Meiji Jingu Stadium.,2689web.com Archive (https://2689web.com/2000/ST/ST3.html)
97,NPB_2000_20000422_K_H,2000,Regular Season,Regular Season,Pacific League,Regular Season,,2000-04-22,Saturday,18:00,Osaka Kintetsu Buffaloes,大阪近鉄バファローズ,Fukuoka Daiei Hawks,福岡ダイエーホークス,Fukuoka Dome,福岡ドーム,Fukuoka,0,1,1,1,Fukuoka Daiei Hawks,Osaka Kintetsu Buffaloes,Home Win,0-1,9,No,Completed,,,,,,,,,,若田部,,,,,,Fukuoka Daiei Hawks defeated Osaka Kintetsu Buffaloes 0-1 at Fukuoka Dome behind winning pitcher 若田部.,2689web.com Archive (https://2689web.com/2000/HK/HK4.html)
98,NPB_2000_20000422_F_L,2000,Regular Season,Regular Season,Pacific League,Regular Season,,2000-04-22,Saturday,18:00,Nippon-Ham Fighters,日本ハムファイターズ,Seibu Lions,西武ライオンズ,Seibu Dome,西武ドーム,Tokorozawa,6,9,15,3,Seibu Lions,Nippon-Ham Fighters,Home Win,6-9,9,No,Completed,,,,,,,,,,土肥,,,,,,Seibu Lions defeated Nippon-Ham Fighters 6-9 at Seibu Dome behind winning pitcher 土肥.,2689web.com Archive (https://2689web.com/2000/LF/LF4.html)
99,NPB_2000_20000422_M_B,2000,Regular Season,Regular Season,Pacific League,Regular Season,,2000-04-22,Saturday,18:00,Chiba Lotte Marines,千葉ロッテマリーンズ,ORIX BlueWave,オリックス・ブルーウェーブ,Green Stadium Kobe,グリーンスタジアム神戸,Kobe,2,9,11,7,ORIX BlueWave,Chiba Lotte Marines,Home Win,2-9,9,No,Completed,,,,,,,,,,杉本友,,,,,,ORIX BlueWave defeated Chiba Lotte Marines 2-9 at Green Stadium Kobe behind winning pitcher 杉本友.,2689web.com Archive (https://2689web.com/2000/BM/BM4.html)
100,NPB_2000_20000423_C_G,2000,Regular Season,Regular Season,Central League,Regular Season,,2000-04-23,Sunday,18:00,Hiroshima Toyo Carp,広島東洋カープ,Yomiuri Giants,読売ジャイアンツ,Tokyo Dome,東京ドーム,Tokyo,3,14,17,11,Yomiuri Giants,Hiroshima Toyo Carp,Home Win,3-14,9,No,Completed,,,,,,,,,,高橋尚,,,,,,Yomiuri Giants defeated Hiroshima Toyo Carp 3-14 at Tokyo Dome behind winning pitcher 高橋尚.,2689web.com Archive (https://2689web.com/2000/GC/GC6.html)
101,NPB_2000_20000423_Y_D,2000,Regular Season,Regular Season,Central League,Regular Season,,2000-04-23,Sunday,18:00,Yokohama BayStars,横浜ベイスターズ,Chunichi Dragons,中日ドラゴンズ,Nagoya Dome,ナゴヤドーム,Nagoya,7,3,10,4,Yokohama BayStars,Chunichi Dragons,Away Win,7-3,9,No,Completed,,,,,,,,,,,武田,,,,,Yokohama BayStars defeated Chunichi Dragons 7-3 at Nagoya Dome.,2689web.com Archive (https://2689web.com/2000/DY/DY5.html)
102,NPB_2000_20000423_T_S,2000,Regular Season,Regular Season,Central League,Regular Season,,2000-04-23,Sunday,18:00,Hanshin Tigers,阪神タイガース,Tokyo Yakult Swallows,東京ヤクルトスワローズ,Meiji Jingu Stadium,明治神宮野球場,Tokyo,1,0,1,1,Hanshin Tigers,Tokyo Yakult Swallows,Away Win,1-0,9,No,Completed,,,,,,,,,,,伊藤智,,,,,Hanshin Tigers defeated Tokyo Yakult Swallows 1-0 at Meiji Jingu Stadium.,2689web.com Archive (https://2689web.com/2000/ST/ST4.html)
103,NPB_2000_20000423_K_H,2000,Regular Season,Regular Season,Pacific League,Regular Season,,2000-04-23,Sunday,18:00,Osaka Kintetsu Buffaloes,大阪近鉄バファローズ,Fukuoka Daiei Hawks,福岡ダイエーホークス,Fukuoka Dome,福岡ドーム,Fukuoka,1,3,4,2,Fukuoka Daiei Hawks,Osaka Kintetsu Buffaloes,Home Win,1-3,9,No,Completed,,,,,,,,,,ラジオ,,,,,,Fukuoka Daiei Hawks defeated Osaka Kintetsu Buffaloes 1-3 at Fukuoka Dome behind winning pitcher ラジオ.,2689web.com Archive (https://2689web.com/2000/HK/HK5.html)
104,NPB_2000_20000423_F_L,2000,Regular Season,Regular Season,Pacific League,Regular Season,,2000-04-23,Sunday,18:00,Nippon-Ham Fighters,日本ハムファイターズ,Seibu Lions,西武ライオンズ,Seibu Dome,西武ドーム,Tokorozawa,7,6,13,1,Nippon-Ham Fighters,Seibu Lions,Away Win,7-6,9,No,Completed,,,,,,,,,,,森,,,,,Nippon-Ham Fighters defeated Seibu Lions 7-6 at Seibu Dome.,2689web.com Archive (https://2689web.com/2000/LF/LF5.html)
105,NPB_2000_20000423_M_B,2000,Regular Season,Regular Season,Pacific League,Regular Season,,2000-04-23,Sunday,18:00,Chiba Lotte Marines,千葉ロッテマリーンズ,ORIX BlueWave,オリックス・ブルーウェーブ,Green Stadium Kobe,グリーンスタジアム神戸,Kobe,10,6,16,4,Chiba Lotte Marines,ORIX BlueWave,Away Win,10-6,9,No,Completed,,,,,,,,,,,小林,,,,,Chiba Lotte Marines defeated ORIX BlueWave 10-6 at Green Stadium Kobe.,2689web.com Archive (https://2689web.com/2000/BM/BM5.html)
106,NPB_2000_20000425_Y_G,2000,Regular Season,Regular Season,Central League,Regular Season,,2000-04-25,Tuesday,18:00,Yokohama BayStars,横浜ベイスターズ,Yomiuri Giants,読売ジャイアンツ,Tokyo Dome,東京ドーム,Tokyo,2,5,7,3,Yomiuri Giants,Yokohama BayStars,Home Win,2-5,9,No,Completed,,,,,,,,,,野村,,,,,,Yomiuri Giants defeated Yokohama BayStars 2-5 at Tokyo Dome behind winning pitcher 野村.,2689web.com Archive (https://2689web.com/2000/GY/GY3.html)
107,NPB_2000_20000425_S_D,2000,Regular Season,Regular Season,Central League,Regular Season,,2000-04-25,Tuesday,18:00,Tokyo Yakult Swallows,東京ヤクルトスワローズ,Chunichi Dragons,中日ドラゴンズ,Nagoya Dome,ナゴヤドーム,Nagoya,3,4,7,1,Chunichi Dragons,Tokyo Yakult Swallows,Home Win,3-4,9,No,Completed,,,,,,,,,,岩瀬,,,,,,Chunichi Dragons defeated Tokyo Yakult Swallows 3-4 at Nagoya Dome behind winning pitcher 岩瀬.,2689web.com Archive (https://2689web.com/2000/DS/DS4.html)
108,NPB_2000_20000425_T_C,2000,Regular Season,Regular Season,Central League,Regular Season,,2000-04-25,Tuesday,18:00,Hanshin Tigers,阪神タイガース,Hiroshima Toyo Carp,広島東洋カープ,Hiroshima Municipal Stadium,旧広島市民球場,Hiroshima,4,4,8,0,Tie,Tie,Tie,4-4,9,No,Completed,,,,,,,,,,,,,,,,Hanshin Tigers and Hiroshima Toyo Carp played to a 4-4 tie at Hiroshima Municipal Stadium.,2689web.com Archive (https://2689web.com/2000/CT/CT4.html)
109,NPB_2000_20000425_B_H,2000,Regular Season,Regular Season,Pacific League,Regular Season,,2000-04-25,Tuesday,18:00,ORIX BlueWave,オリックス・ブルーウェーブ,Fukuoka Daiei Hawks,福岡ダイエーホークス,Fukuoka Dome,福岡ドーム,Fukuoka,1,6,7,5,Fukuoka Daiei Hawks,ORIX BlueWave,Home Win,1-6,9,No,Completed,,,,,,,,,,永井,,,,,,Fukuoka Daiei Hawks defeated ORIX BlueWave 1-6 at Fukuoka Dome behind winning pitcher 永井.,2689web.com Archive (https://2689web.com/2000/HB/HB3.html)
110,NPB_2000_20000425_K_L,2000,Regular Season,Regular Season,Pacific League,Regular Season,,2000-04-25,Tuesday,18:00,Osaka Kintetsu Buffaloes,大阪近鉄バファローズ,Seibu Lions,西武ライオンズ,Seibu Dome,西武ドーム,Tokorozawa,3,9,12,6,Seibu Lions,Osaka Kintetsu Buffaloes,Home Win,3-9,9,No,Completed,,,,,,,,,,豊田,,,,,,Seibu Lions defeated Osaka Kintetsu Buffaloes 3-9 at Seibu Dome behind winning pitcher 豊田.,2689web.com Archive (https://2689web.com/2000/LK/LK3.html)
111,NPB_2000_20000425_M_F,2000,Regular Season,Regular Season,Pacific League,Regular Season,,2000-04-25,Tuesday,18:00,Chiba Lotte Marines,千葉ロッテマリーンズ,Nippon-Ham Fighters,日本ハムファイターズ,Tokyo Dome,東京ドーム,Tokyo,3,4,7,1,Nippon-Ham Fighters,Chiba Lotte Marines,Home Win,3-4,9,No,Completed,,,,,,,,,,建山,,,,,,Nippon-Ham Fighters defeated Chiba Lotte Marines 3-4 at Tokyo Dome behind winning pitcher 建山.,2689web.com Archive (https://2689web.com/2000/FM/FM3.html)
112,NPB_2000_20000426_K_L,2000,Regular Season,Regular Season,Pacific League,Regular Season,,2000-04-26,Wednesday,18:00,Osaka Kintetsu Buffaloes,大阪近鉄バファローズ,Seibu Lions,西武ライオンズ,Seibu Dome,西武ドーム,Tokorozawa,8,2,10,6,Osaka Kintetsu Buffaloes,Seibu Lions,Away Win,8-2,9,No,Completed,,,,,,,,,,,許,,,,,Osaka Kintetsu Buffaloes defeated Seibu Lions 8-2 at Seibu Dome.,2689web.com Archive (https://2689web.com/2000/LK/LK4.html)
113,NPB_2000_20000426_M_F,2000,Regular Season,Regular Season,Pacific League,Regular Season,,2000-04-26,Wednesday,18:00,Chiba Lotte Marines,千葉ロッテマリーンズ,Nippon-Ham Fighters,日本ハムファイターズ,Tokyo Dome,東京ドーム,Tokyo,4,9,13,5,Nippon-Ham Fighters,Chiba Lotte Marines,Home Win,4-9,9,No,Completed,,,,,,,,,,新谷,,,,,,Nippon-Ham Fighters defeated Chiba Lotte Marines 4-9 at Tokyo Dome behind winning pitcher 新谷.,2689web.com Archive (https://2689web.com/2000/FM/FM4.html)
114,NPB_2000_20000427_Y_G,2000,Regular Season,Regular Season,Central League,Regular Season,,2000-04-27,Thursday,18:00,Yokohama BayStars,横浜ベイスターズ,Yomiuri Giants,読売ジャイアンツ,Tokyo Dome,東京ドーム,Tokyo,2,10,12,8,Yomiuri Giants,Yokohama BayStars,Home Win,2-10,9,No,Completed,,,,,,,,,,メイ,,,,,,Yomiuri Giants defeated Yokohama BayStars 2-10 at Tokyo Dome behind winning pitcher メイ.,2689web.com Archive (https://2689web.com/2000/GY/GY4.html)
115,NPB_2000_20000427_S_D,2000,Regular Season,Regular Season,Central League,Regular Season,,2000-04-27,Thursday,18:00,Tokyo Yakult Swallows,東京ヤクルトスワローズ,Chunichi Dragons,中日ドラゴンズ,Nagoya Dome,ナゴヤドーム,Nagoya,5,4,9,1,Tokyo Yakult Swallows,Chunichi Dragons,Away Win,5-4,9,No,Completed,,,,,,,,,,,岩瀬,,,,,Tokyo Yakult Swallows defeated Chunichi Dragons 5-4 at Nagoya Dome.,2689web.com Archive (https://2689web.com/2000/DS/DS5.html)
116,NPB_2000_20000427_T_C,2000,Regular Season,Regular Season,Central League,Regular Season,,2000-04-27,Thursday,18:00,Hanshin Tigers,阪神タイガース,Hiroshima Toyo Carp,広島東洋カープ,Hiroshima Municipal Stadium,旧広島市民球場,Hiroshima,1,0,1,1,Hanshin Tigers,Hiroshima Toyo Carp,Away Win,1-0,9,No,Completed,,,,,,,,,,,小山田,,,,,Hanshin Tigers defeated Hiroshima Toyo Carp 1-0 at Hiroshima Municipal Stadium.,2689web.com Archive (https://2689web.com/2000/CT/CT5.html)
117,NPB_2000_20000427_B_H,2000,Regular Season,Regular Season,Pacific League,Regular Season,,2000-04-27,Thursday,18:00,ORIX BlueWave,オリックス・ブルーウェーブ,Fukuoka Daiei Hawks,福岡ダイエーホークス,Fukuoka Dome,福岡ドーム,Fukuoka,1,0,1,1,ORIX BlueWave,Fukuoka Daiei Hawks,Away Win,1-0,9,No,Completed,,,,,,,,,,,田之上,,,,,ORIX BlueWave defeated Fukuoka Daiei Hawks 1-0 at Fukuoka Dome.,2689web.com Archive (https://2689web.com/2000/HB/HB4.html)
118,NPB_2000_20000427_M_F,2000,Regular Season,Regular Season,Pacific League,Regular Season,,2000-04-27,Thursday,18:00,Chiba Lotte Marines,千葉ロッテマリーンズ,Nippon-Ham Fighters,日本ハムファイターズ,Tokyo Dome,東京ドーム,Tokyo,2,6,8,4,Nippon-Ham Fighters,Chiba Lotte Marines,Home Win,2-6,9,No,Completed,,,,,,,,,,関根,,,,,,Nippon-Ham Fighters defeated Chiba Lotte Marines 2-6 at Tokyo Dome behind winning pitcher 関根.,2689web.com Archive (https://2689web.com/2000/FM/FM5.html)
119,NPB_2000_20000428_S_G,2000,Regular Season,Regular Season,Central League,Regular Season,,2000-04-28,Friday,18:00,Tokyo Yakult Swallows,東京ヤクルトスワローズ,Yomiuri Giants,読売ジャイアンツ,Tokyo Dome,東京ドーム,Tokyo,4,2,6,2,Tokyo Yakult Swallows,Yomiuri Giants,Away Win,4-2,9,No,Completed,,,,,,,,,,,ガルベス,,,,,Tokyo Yakult Swallows defeated Yomiuri Giants 4-2 at Tokyo Dome.,2689web.com Archive (https://2689web.com/2000/GS/GS3.html)
120,NPB_2000_20000428_T_D,2000,Regular Season,Regular Season,Central League,Regular Season,,2000-04-28,Friday,18:00,Hanshin Tigers,阪神タイガース,Chunichi Dragons,中日ドラゴンズ,Nagoya Dome,ナゴヤドーム,Nagoya,3,4,7,1,Chunichi Dragons,Hanshin Tigers,Home Win,3-4,9,No,Completed,,,,,,,,,,岩瀬,,,,,,Chunichi Dragons defeated Hanshin Tigers 3-4 at Nagoya Dome behind winning pitcher 岩瀬.,2689web.com Archive (https://2689web.com/2000/DT/DT3.html)
121,NPB_2000_20000428_C_Y,2000,Regular Season,Regular Season,Central League,Regular Season,,2000-04-28,Friday,18:00,Hiroshima Toyo Carp,広島東洋カープ,Yokohama BayStars,横浜ベイスターズ,Yokohama Stadium,横浜スタジアム,Yokohama,8,3,11,5,Hiroshima Toyo Carp,Yokohama BayStars,Away Win,8-3,9,No,Completed,,,,,,,,,,,三浦,,,,,Hiroshima Toyo Carp defeated Yokohama BayStars 8-3 at Yokohama Stadium.,2689web.com Archive (https://2689web.com/2000/YC/YC4.html)
122,NPB_2000_20000428_F_H,2000,Regular Season,Regular Season,Pacific League,Regular Season,,2000-04-28,Friday,18:00,Nippon-Ham Fighters,日本ハムファイターズ,Fukuoka Daiei Hawks,福岡ダイエーホークス,Fukuoka Dome,福岡ドーム,Fukuoka,5,3,8,2,Nippon-Ham Fighters,Fukuoka Daiei Hawks,Away Win,5-3,9,No,Completed,,,,,,,,,,,若田部,,,,,Nippon-Ham Fighters defeated Fukuoka Daiei Hawks 5-3 at Fukuoka Dome.,2689web.com Archive (https://2689web.com/2000/HF/HF4.html)
123,NPB_2000_20000428_M_L,2000,Regular Season,Regular Season,Pacific League,Regular Season,,2000-04-28,Friday,18:00,Chiba Lotte Marines,千葉ロッテマリーンズ,Seibu Lions,西武ライオンズ,Seibu Dome,西武ドーム,Tokorozawa,2,5,7,3,Seibu Lions,Chiba Lotte Marines,Home Win,2-5,9,No,Completed,,,,,,,,,,石井,,,,,,Seibu Lions defeated Chiba Lotte Marines 2-5 at Seibu Dome behind winning pitcher 石井.,2689web.com Archive (https://2689web.com/2000/LM/LM3.html)
124,NPB_2000_20000428_K_B,2000,Regular Season,Regular Season,Pacific League,Regular Season,,2000-04-28,Friday,18:00,Osaka Kintetsu Buffaloes,大阪近鉄バファローズ,ORIX BlueWave,オリックス・ブルーウェーブ,Green Stadium Kobe,グリーンスタジアム神戸,Kobe,7,4,11,3,Osaka Kintetsu Buffaloes,ORIX BlueWave,Away Win,7-4,9,No,Completed,,,,,,,,,,,杉本友,,,,,Osaka Kintetsu Buffaloes defeated ORIX BlueWave 7-4 at Green Stadium Kobe.,2689web.com Archive (https://2689web.com/2000/BK/BK3.html)
125,NPB_2000_20000429_S_G,2000,Regular Season,Regular Season,Central League,Regular Season,,2000-04-29,Saturday,18:00,Tokyo Yakult Swallows,東京ヤクルトスワローズ,Yomiuri Giants,読売ジャイアンツ,Tokyo Dome,東京ドーム,Tokyo,5,4,9,1,Tokyo Yakult Swallows,Yomiuri Giants,Away Win,5-4,9,No,Completed,,,,,,,,,,,桑田,,,,,Tokyo Yakult Swallows defeated Yomiuri Giants 5-4 at Tokyo Dome.,2689web.com Archive (https://2689web.com/2000/GS/GS4.html)
126,NPB_2000_20000429_T_D,2000,Regular Season,Regular Season,Central League,Regular Season,,2000-04-29,Saturday,18:00,Hanshin Tigers,阪神タイガース,Chunichi Dragons,中日ドラゴンズ,Nagoya Dome,ナゴヤドーム,Nagoya,2,3,5,1,Chunichi Dragons,Hanshin Tigers,Home Win,2-3,9,No,Completed,,,,,,,,,,小池,,,,,,Chunichi Dragons defeated Hanshin Tigers 2-3 at Nagoya Dome behind winning pitcher 小池.,2689web.com Archive (https://2689web.com/2000/DT/DT4.html)
127,NPB_2000_20000429_C_Y,2000,Regular Season,Regular Season,Central League,Regular Season,,2000-04-29,Saturday,18:00,Hiroshima Toyo Carp,広島東洋カープ,Yokohama BayStars,横浜ベイスターズ,Yokohama Stadium,横浜スタジアム,Yokohama,3,2,5,1,Hiroshima Toyo Carp,Yokohama BayStars,Away Win,3-2,9,No,Completed,,,,,,,,,,,野村,,,,,Hiroshima Toyo Carp defeated Yokohama BayStars 3-2 at Yokohama Stadium.,2689web.com Archive (https://2689web.com/2000/YC/YC5.html)
128,NPB_2000_20000429_F_H,2000,Regular Season,Regular Season,Pacific League,Regular Season,,2000-04-29,Saturday,18:00,Nippon-Ham Fighters,日本ハムファイターズ,Fukuoka Daiei Hawks,福岡ダイエーホークス,Fukuoka Dome,福岡ドーム,Fukuoka,2,4,6,2,Fukuoka Daiei Hawks,Nippon-Ham Fighters,Home Win,2-4,9,No,Completed,,,,,,,,,,篠原,,,,,,Fukuoka Daiei Hawks defeated Nippon-Ham Fighters 2-4 at Fukuoka Dome behind winning pitcher 篠原.,2689web.com Archive (https://2689web.com/2000/HF/HF5.html)
129,NPB_2000_20000429_M_L,2000,Regular Season,Regular Season,Pacific League,Regular Season,,2000-04-29,Saturday,18:00,Chiba Lotte Marines,千葉ロッテマリーンズ,Seibu Lions,西武ライオンズ,Seibu Dome,西武ドーム,Tokorozawa,4,1,5,3,Chiba Lotte Marines,Seibu Lions,Away Win,4-1,9,No,Completed,,,,,,,,,,,西口,,,,,Chiba Lotte Marines defeated Seibu Lions 4-1 at Seibu Dome.,2689web.com Archive (https://2689web.com/2000/LM/LM4.html)
130,NPB_2000_20000429_K_B,2000,Regular Season,Regular Season,Pacific League,Regular Season,,2000-04-29,Saturday,18:00,Osaka Kintetsu Buffaloes,大阪近鉄バファローズ,ORIX BlueWave,オリックス・ブルーウェーブ,Green Stadium Kobe,グリーンスタジアム神戸,Kobe,4,2,6,2,Osaka Kintetsu Buffaloes,ORIX BlueWave,Away Win,4-2,9,No,Completed,,,,,,,,,,,小林,,,,,Osaka Kintetsu Buffaloes defeated ORIX BlueWave 4-2 at Green Stadium Kobe.,2689web.com Archive (https://2689web.com/2000/BK/BK4.html)
131,NPB_2000_20000430_S_G,2000,Regular Season,Regular Season,Central League,Regular Season,,2000-04-30,Sunday,18:00,Tokyo Yakult Swallows,東京ヤクルトスワローズ,Yomiuri Giants,読売ジャイアンツ,Tokyo Dome,東京ドーム,Tokyo,7,3,10,4,Tokyo Yakult Swallows,Yomiuri Giants,Away Win,7-3,9,No,Completed,,,,,,,,,,,高橋尚,,,,,Tokyo Yakult Swallows defeated Yomiuri Giants 7-3 at Tokyo Dome.,2689web.com Archive (https://2689web.com/2000/GS/GS5.html)
132,NPB_2000_20000430_T_D,2000,Regular Season,Regular Season,Central League,Regular Season,,2000-04-30,Sunday,18:00,Hanshin Tigers,阪神タイガース,Chunichi Dragons,中日ドラゴンズ,Nagoya Dome,ナゴヤドーム,Nagoya,2,7,9,5,Chunichi Dragons,Hanshin Tigers,Home Win,2-7,9,No,Completed,,,,,,,,,,武田,,,,,,Chunichi Dragons defeated Hanshin Tigers 2-7 at Nagoya Dome behind winning pitcher 武田.,2689web.com Archive (https://2689web.com/2000/DT/DT5.html)
133,NPB_2000_20000430_C_Y,2000,Regular Season,Regular Season,Central League,Regular Season,,2000-04-30,Sunday,18:00,Hiroshima Toyo Carp,広島東洋カープ,Yokohama BayStars,横浜ベイスターズ,Yokohama Stadium,横浜スタジアム,Yokohama,2,6,8,4,Yokohama BayStars,Hiroshima Toyo Carp,Home Win,2-6,9,No,Completed,,,,,,,,,,川村,,,,,,Yokohama BayStars defeated Hiroshima Toyo Carp 2-6 at Yokohama Stadium behind winning pitcher 川村.,2689web.com Archive (https://2689web.com/2000/YC/YC6.html)
134,NPB_2000_20000430_F_H,2000,Regular Season,Regular Season,Pacific League,Regular Season,,2000-04-30,Sunday,18:00,Nippon-Ham Fighters,日本ハムファイターズ,Fukuoka Daiei Hawks,福岡ダイエーホークス,Fukuoka Dome,福岡ドーム,Fukuoka,7,5,12,2,Nippon-Ham Fighters,Fukuoka Daiei Hawks,Away Win,7-5,9,No,Completed,,,,,,,,,,,佐久本,,,,,Nippon-Ham Fighters defeated Fukuoka Daiei Hawks 7-5 at Fukuoka Dome.,2689web.com Archive (https://2689web.com/2000/HF/HF6.html)
135,NPB_2000_20000430_M_L,2000,Regular Season,Regular Season,Pacific League,Regular Season,,2000-04-30,Sunday,18:00,Chiba Lotte Marines,千葉ロッテマリーンズ,Seibu Lions,西武ライオンズ,Seibu Dome,西武ドーム,Tokorozawa,8,1,9,7,Chiba Lotte Marines,Seibu Lions,Away Win,8-1,9,No,Completed,,,,,,,,,,,潮崎,,,,,Chiba Lotte Marines defeated Seibu Lions 8-1 at Seibu Dome.,2689web.com Archive (https://2689web.com/2000/LM/LM5.html)
136,NPB_2000_20000430_K_B,2000,Regular Season,Regular Season,Pacific League,Regular Season,,2000-04-30,Sunday,18:00,Osaka Kintetsu Buffaloes,大阪近鉄バファローズ,ORIX BlueWave,オリックス・ブルーウェーブ,Green Stadium Kobe,グリーンスタジアム神戸,Kobe,0,4,4,4,ORIX BlueWave,Osaka Kintetsu Buffaloes,Home Win,0-4,9,No,Completed,,,,,,,,,,ブロウズ,,,,,,ORIX BlueWave defeated Osaka Kintetsu Buffaloes 0-4 at Green Stadium Kobe behind winning pitcher ブロウズ.,2689web.com Archive (https://2689web.com/2000/BK/BK5.html)
137,NPB_2000_20000502_D_G,2000,Regular Season,Regular Season,Central League,Regular Season,,2000-05-02,Tuesday,18:00,Chunichi Dragons,中日ドラゴンズ,Yomiuri Giants,読売ジャイアンツ,Tokyo Dome,東京ドーム,Tokyo,4,0,4,4,Chunichi Dragons,Yomiuri Giants,Away Win,4-0,9,No,Completed,,,,,,,,,,,工藤,,,,,Chunichi Dragons defeated Yomiuri Giants 4-0 at Tokyo Dome.,2689web.com Archive (https://2689web.com/2000/GD/GD4.html)
138,NPB_2000_20000502_T_Y,2000,Regular Season,Regular Season,Central League,Regular Season,,2000-05-02,Tuesday,18:00,Hanshin Tigers,阪神タイガース,Yokohama BayStars,横浜ベイスターズ,Yokohama Stadium,横浜スタジアム,Yokohama,0,2,2,2,Yokohama BayStars,Hanshin Tigers,Home Win,0-2,9,No,Completed,,,,,,,,,,斉藤隆,,,,,,Yokohama BayStars defeated Hanshin Tigers 0-2 at Yokohama Stadium behind winning pitcher 斉藤隆.,2689web.com Archive (https://2689web.com/2000/YT/YT4.html)
139,NPB_2000_20000502_C_S,2000,Regular Season,Regular Season,Central League,Regular Season,,2000-05-02,Tuesday,18:00,Hiroshima Toyo Carp,広島東洋カープ,Tokyo Yakult Swallows,東京ヤクルトスワローズ,Meiji Jingu Stadium,明治神宮野球場,Tokyo,1,4,5,3,Tokyo Yakult Swallows,Hiroshima Toyo Carp,Home Win,1-4,9,No,Completed,,,,,,,,,,ハッカミー,,,,,,Tokyo Yakult Swallows defeated Hiroshima Toyo Carp 1-4 at Meiji Jingu Stadium behind winning pitcher ハッカミー.,2689web.com Archive (https://2689web.com/2000/SC/SC4.html)
140,NPB_2000_20000502_L_H,2000,Regular Season,Regular Season,Pacific League,Regular Season,,2000-05-02,Tuesday,18:00,Seibu Lions,西武ライオンズ,Fukuoka Daiei Hawks,福岡ダイエーホークス,Fukuoka Dome,福岡ドーム,Fukuoka,1,3,4,2,Fukuoka Daiei Hawks,Seibu Lions,Home Win,1-3,9,No,Completed,,,,,,,,,,永井,,,,,,Fukuoka Daiei Hawks defeated Seibu Lions 1-3 at Fukuoka Dome behind winning pitcher 永井.,2689web.com Archive (https://2689web.com/2000/HL/HL4.html)
141,NPB_2000_20000502_B_F,2000,Regular Season,Regular Season,Pacific League,Regular Season,,2000-05-02,Tuesday,18:00,ORIX BlueWave,オリックス・ブルーウェーブ,Nippon-Ham Fighters,日本ハムファイターズ,Tokyo Dome,東京ドーム,Tokyo,6,0,6,6,ORIX BlueWave,Nippon-Ham Fighters,Away Win,6-0,9,No,Completed,,,,,,,,,,,建山,,,,,ORIX BlueWave defeated Nippon-Ham Fighters 6-0 at Tokyo Dome.,2689web.com Archive (https://2689web.com/2000/FB/FB4.html)
142,NPB_2000_20000502_K_M,2000,Regular Season,Regular Season,Pacific League,Regular Season,,2000-05-02,Tuesday,18:00,Osaka Kintetsu Buffaloes,大阪近鉄バファローズ,Chiba Lotte Marines,千葉ロッテマリーンズ,Chiba Marine Stadium,千葉マリンスタジアム,Chiba,0,1,1,1,Chiba Lotte Marines,Osaka Kintetsu Buffaloes,Home Win,0-1,9,No,Completed,,,,,,,,,,小林雅,,,,,,Chiba Lotte Marines defeated Osaka Kintetsu Buffaloes 0-1 at Chiba Marine Stadium behind winning pitcher 小林雅.,2689web.com Archive (https://2689web.com/2000/MK/MK4.html)
143,NPB_2000_20000503_D_G,2000,Regular Season,Regular Season,Central League,Regular Season,,2000-05-03,Wednesday,18:00,Chunichi Dragons,中日ドラゴンズ,Yomiuri Giants,読売ジャイアンツ,Tokyo Dome,東京ドーム,Tokyo,4,9,13,5,Yomiuri Giants,Chunichi Dragons,Home Win,4-9,9,No,Completed,,,,,,,,,,桑田,,,,,,Yomiuri Giants defeated Chunichi Dragons 4-9 at Tokyo Dome behind winning pitcher 桑田.,2689web.com Archive (https://2689web.com/2000/GD/GD5.html)
144,NPB_2000_20000503_T_Y,2000,Regular Season,Regular Season,Central League,Regular Season,,2000-05-03,Wednesday,18:00,Hanshin Tigers,阪神タイガース,Yokohama BayStars,横浜ベイスターズ,Yokohama Stadium,横浜スタジアム,Yokohama,0,5,5,5,Yokohama BayStars,Hanshin Tigers,Home Win,0-5,9,No,Completed,,,,,,,,,,小宮山,,,,,,Yokohama BayStars defeated Hanshin Tigers 0-5 at Yokohama Stadium behind winning pitcher 小宮山.,2689web.com Archive (https://2689web.com/2000/YT/YT5.html)
145,NPB_2000_20000503_C_S,2000,Regular Season,Regular Season,Central League,Regular Season,,2000-05-03,Wednesday,18:00,Hiroshima Toyo Carp,広島東洋カープ,Tokyo Yakult Swallows,東京ヤクルトスワローズ,Meiji Jingu Stadium,明治神宮野球場,Tokyo,3,5,8,2,Tokyo Yakult Swallows,Hiroshima Toyo Carp,Home Win,3-5,9,No,Completed,,,,,,,,,,石井弘,,,,,,Tokyo Yakult Swallows defeated Hiroshima Toyo Carp 3-5 at Meiji Jingu Stadium behind winning pitcher 石井弘.,2689web.com Archive (https://2689web.com/2000/SC/SC5.html)
146,NPB_2000_20000503_L_H,2000,Regular Season,Regular Season,Pacific League,Regular Season,,2000-05-03,Wednesday,18:00,Seibu Lions,西武ライオンズ,Fukuoka Daiei Hawks,福岡ダイエーホークス,Fukuoka Dome,福岡ドーム,Fukuoka,10,4,14,6,Seibu Lions,Fukuoka Daiei Hawks,Away Win,10-4,9,No,Completed,,,,,,,,,,,吉田,,,,,Seibu Lions defeated Fukuoka Daiei Hawks 10-4 at Fukuoka Dome.,2689web.com Archive (https://2689web.com/2000/HL/HL5.html)
147,NPB_2000_20000503_B_F,2000,Regular Season,Regular Season,Pacific League,Regular Season,,2000-05-03,Wednesday,18:00,ORIX BlueWave,オリックス・ブルーウェーブ,Nippon-Ham Fighters,日本ハムファイターズ,Tokyo Dome,東京ドーム,Tokyo,7,6,13,1,ORIX BlueWave,Nippon-Ham Fighters,Away Win,7-6,9,No,Completed,,,,,,,,,,,ミラバル,,,,,ORIX BlueWave defeated Nippon-Ham Fighters 7-6 at Tokyo Dome.,2689web.com Archive (https://2689web.com/2000/FB/FB5.html)
148,NPB_2000_20000503_K_M,2000,Regular Season,Regular Season,Pacific League,Regular Season,,2000-05-03,Wednesday,18:00,Osaka Kintetsu Buffaloes,大阪近鉄バファローズ,Chiba Lotte Marines,千葉ロッテマリーンズ,Chiba Marine Stadium,千葉マリンスタジアム,Chiba,2,4,6,2,Chiba Lotte Marines,Osaka Kintetsu Buffaloes,Home Win,2-4,9,No,Completed,,,,,,,,,,川井,,,,,,Chiba Lotte Marines defeated Osaka Kintetsu Buffaloes 2-4 at Chiba Marine Stadium behind winning pitcher 川井.,2689web.com Archive (https://2689web.com/2000/MK/MK5.html)
149,NPB_2000_20000504_D_G,2000,Regular Season,Regular Season,Central League,Regular Season,,2000-05-04,Thursday,18:00,Chunichi Dragons,中日ドラゴンズ,Yomiuri Giants,読売ジャイアンツ,Tokyo Dome,東京ドーム,Tokyo,3,1,4,2,Chunichi Dragons,Yomiuri Giants,Away Win,3-1,9,No,Completed,,,,,,,,,,,メイ,,,,,Chunichi Dragons defeated Yomiuri Giants 3-1 at Tokyo Dome.,2689web.com Archive (https://2689web.com/2000/GD/GD6.html)
150,NPB_2000_20000504_T_Y,2000,Regular Season,Regular Season,Central League,Regular Season,,2000-05-04,Thursday,18:00,Hanshin Tigers,阪神タイガース,Yokohama BayStars,横浜ベイスターズ,Yokohama Stadium,横浜スタジアム,Yokohama,0,3,3,3,Yokohama BayStars,Hanshin Tigers,Home Win,0-3,9,No,Completed,,,,,,,,,,三浦,,,,,,Yokohama BayStars defeated Hanshin Tigers 0-3 at Yokohama Stadium behind winning pitcher 三浦.,2689web.com Archive (https://2689web.com/2000/YT/YT6.html)
151,NPB_2000_20000504_C_S,2000,Regular Season,Regular Season,Central League,Regular Season,,2000-05-04,Thursday,18:00,Hiroshima Toyo Carp,広島東洋カープ,Tokyo Yakult Swallows,東京ヤクルトスワローズ,Meiji Jingu Stadium,明治神宮野球場,Tokyo,0,6,6,6,Tokyo Yakult Swallows,Hiroshima Toyo Carp,Home Win,0-6,9,No,Completed,,,,,,,,,,高木,,,,,,Tokyo Yakult Swallows defeated Hiroshima Toyo Carp 0-6 at Meiji Jingu Stadium behind winning pitcher 高木.,2689web.com Archive (https://2689web.com/2000/SC/SC6.html)
152,NPB_2000_20000504_L_H,2000,Regular Season,Regular Season,Pacific League,Regular Season,,2000-05-04,Thursday,18:00,Seibu Lions,西武ライオンズ,Fukuoka Daiei Hawks,福岡ダイエーホークス,Fukuoka Dome,福岡ドーム,Fukuoka,4,13,17,9,Fukuoka Daiei Hawks,Seibu Lions,Home Win,4-13,9,No,Completed,,,,,,,,,,若田部,,,,,,Fukuoka Daiei Hawks defeated Seibu Lions 4-13 at Fukuoka Dome behind winning pitcher 若田部.,2689web.com Archive (https://2689web.com/2000/HL/HL6.html)
153,NPB_2000_20000504_B_F,2000,Regular Season,Regular Season,Pacific League,Regular Season,,2000-05-04,Thursday,18:00,ORIX BlueWave,オリックス・ブルーウェーブ,Nippon-Ham Fighters,日本ハムファイターズ,Tokyo Dome,東京ドーム,Tokyo,4,3,7,1,ORIX BlueWave,Nippon-Ham Fighters,Away Win,4-3,9,No,Completed,,,,,,,,,,,関根,,,,,ORIX BlueWave defeated Nippon-Ham Fighters 4-3 at Tokyo Dome.,2689web.com Archive (https://2689web.com/2000/FB/FB6.html)
154,NPB_2000_20000504_K_M,2000,Regular Season,Regular Season,Pacific League,Regular Season,,2000-05-04,Thursday,18:00,Osaka Kintetsu Buffaloes,大阪近鉄バファローズ,Chiba Lotte Marines,千葉ロッテマリーンズ,Chiba Marine Stadium,千葉マリンスタジアム,Chiba,1,6,7,5,Chiba Lotte Marines,Osaka Kintetsu Buffaloes,Home Win,1-6,9,No,Completed,,,,,,,,,,清水直,,,,,,Chiba Lotte Marines defeated Osaka Kintetsu Buffaloes 1-6 at Chiba Marine Stadium behind winning pitcher 清水直.,2689web.com Archive (https://2689web.com/2000/MK/MK6.html)
155,NPB_2000_20000505_S_G,2000,Regular Season,Regular Season,Central League,Regular Season,,2000-05-05,Friday,18:00,Tokyo Yakult Swallows,東京ヤクルトスワローズ,Yomiuri Giants,読売ジャイアンツ,Tokyo Dome,東京ドーム,Tokyo,3,1,4,2,Tokyo Yakult Swallows,Yomiuri Giants,Away Win,3-1,9,No,Completed,,,,,,,,,,,ガルベス,,,,,Tokyo Yakult Swallows defeated Yomiuri Giants 3-1 at Tokyo Dome.,2689web.com Archive (https://2689web.com/2000/GS/GS6.html)
156,NPB_2000_20000505_Y_D,2000,Regular Season,Regular Season,Central League,Regular Season,,2000-05-05,Friday,18:00,Yokohama BayStars,横浜ベイスターズ,Chunichi Dragons,中日ドラゴンズ,Nagoya Dome,ナゴヤドーム,Nagoya,3,5,8,2,Chunichi Dragons,Yokohama BayStars,Home Win,3-5,9,No,Completed,,,,,,,,,,小池,,,,,,Chunichi Dragons defeated Yokohama BayStars 3-5 at Nagoya Dome behind winning pitcher 小池.,2689web.com Archive (https://2689web.com/2000/DY/DY6.html)
157,NPB_2000_20000505_T_C,2000,Regular Season,Regular Season,Central League,Regular Season,,2000-05-05,Friday,18:00,Hanshin Tigers,阪神タイガース,Hiroshima Toyo Carp,広島東洋カープ,Hiroshima Municipal Stadium,旧広島市民球場,Hiroshima,9,6,15,3,Hanshin Tigers,Hiroshima Toyo Carp,Away Win,9-6,9,No,Completed,,,,,,,,,,,河野,,,,,Hanshin Tigers defeated Hiroshima Toyo Carp 9-6 at Hiroshima Municipal Stadium.,2689web.com Archive (https://2689web.com/2000/CT/CT6.html)
158,NPB_2000_20000505_K_H,2000,Regular Season,Regular Season,Pacific League,Regular Season,,2000-05-05,Friday,18:00,Osaka Kintetsu Buffaloes,大阪近鉄バファローズ,Fukuoka Daiei Hawks,福岡ダイエーホークス,Fukuoka Dome,福岡ドーム,Fukuoka,11,7,18,4,Osaka Kintetsu Buffaloes,Fukuoka Daiei Hawks,Away Win,11-7,9,No,Completed,,,,,,,,,,,ラジオ,,,,,Osaka Kintetsu Buffaloes defeated Fukuoka Daiei Hawks 11-7 at Fukuoka Dome.,2689web.com Archive (https://2689web.com/2000/HK/HK6.html)
159,NPB_2000_20000505_F_L,2000,Regular Season,Regular Season,Pacific League,Regular Season,,2000-05-05,Friday,18:00,Nippon-Ham Fighters,日本ハムファイターズ,Seibu Lions,西武ライオンズ,Seibu Dome,西武ドーム,Tokorozawa,0,4,4,4,Seibu Lions,Nippon-Ham Fighters,Home Win,0-4,9,No,Completed,,,,,,,,,,西口,,,,,,Seibu Lions defeated Nippon-Ham Fighters 0-4 at Seibu Dome behind winning pitcher 西口.,2689web.com Archive (https://2689web.com/2000/LF/LF6.html)
160,NPB_2000_20000505_M_B,2000,Regular Season,Regular Season,Pacific League,Regular Season,,2000-05-05,Friday,18:00,Chiba Lotte Marines,千葉ロッテマリーンズ,ORIX BlueWave,オリックス・ブルーウェーブ,Green Stadium Kobe,グリーンスタジアム神戸,Kobe,3,6,9,3,ORIX BlueWave,Chiba Lotte Marines,Home Win,3-6,9,No,Completed,,,,,,,,,,岩下,,,,,,ORIX BlueWave defeated Chiba Lotte Marines 3-6 at Green Stadium Kobe behind winning pitcher 岩下.,2689web.com Archive (https://2689web.com/2000/BM/BM6.html)
161,NPB_2000_20000506_S_G,2000,Regular Season,Regular Season,Central League,Regular Season,,2000-05-06,Saturday,18:00,Tokyo Yakult Swallows,東京ヤクルトスワローズ,Yomiuri Giants,読売ジャイアンツ,Tokyo Dome,東京ドーム,Tokyo,2,12,14,10,Yomiuri Giants,Tokyo Yakult Swallows,Home Win,2-12,9,No,Completed,,,,,,,,,,上原,,,,,,Yomiuri Giants defeated Tokyo Yakult Swallows 2-12 at Tokyo Dome behind winning pitcher 上原.,2689web.com Archive (https://2689web.com/2000/GS/GS7.html)
162,NPB_2000_20000506_Y_D,2000,Regular Season,Regular Season,Central League,Regular Season,,2000-05-06,Saturday,18:00,Yokohama BayStars,横浜ベイスターズ,Chunichi Dragons,中日ドラゴンズ,Nagoya Dome,ナゴヤドーム,Nagoya,6,3,9,3,Yokohama BayStars,Chunichi Dragons,Away Win,6-3,9,No,Completed,,,,,,,,,,,前田,,,,,Yokohama BayStars defeated Chunichi Dragons 6-3 at Nagoya Dome.,2689web.com Archive (https://2689web.com/2000/DY/DY7.html)
163,NPB_2000_20000506_T_C,2000,Regular Season,Regular Season,Central League,Regular Season,,2000-05-06,Saturday,18:00,Hanshin Tigers,阪神タイガース,Hiroshima Toyo Carp,広島東洋カープ,Hiroshima Municipal Stadium,旧広島市民球場,Hiroshima,6,0,6,6,Hanshin Tigers,Hiroshima Toyo Carp,Away Win,6-0,9,No,Completed,,,,,,,,,,,ミンチー,,,,,Hanshin Tigers defeated Hiroshima Toyo Carp 6-0 at Hiroshima Municipal Stadium.,2689web.com Archive (https://2689web.com/2000/CT/CT7.html)
164,NPB_2000_20000506_K_H,2000,Regular Season,Regular Season,Pacific League,Regular Season,,2000-05-06,Saturday,18:00,Osaka Kintetsu Buffaloes,大阪近鉄バファローズ,Fukuoka Daiei Hawks,福岡ダイエーホークス,Fukuoka Dome,福岡ドーム,Fukuoka,6,3,9,3,Osaka Kintetsu Buffaloes,Fukuoka Daiei Hawks,Away Win,6-3,9,No,Completed,,,,,,,,,,,松本,,,,,Osaka Kintetsu Buffaloes defeated Fukuoka Daiei Hawks 6-3 at Fukuoka Dome.,2689web.com Archive (https://2689web.com/2000/HK/HK7.html)
165,NPB_2000_20000506_F_L,2000,Regular Season,Regular Season,Pacific League,Regular Season,,2000-05-06,Saturday,18:00,Nippon-Ham Fighters,日本ハムファイターズ,Seibu Lions,西武ライオンズ,Seibu Dome,西武ドーム,Tokorozawa,6,2,8,4,Nippon-Ham Fighters,Seibu Lions,Away Win,6-2,9,No,Completed,,,,,,,,,,,潮崎,,,,,Nippon-Ham Fighters defeated Seibu Lions 6-2 at Seibu Dome.,2689web.com Archive (https://2689web.com/2000/LF/LF7.html)
166,NPB_2000_20000506_M_B,2000,Regular Season,Regular Season,Pacific League,Regular Season,,2000-05-06,Saturday,18:00,Chiba Lotte Marines,千葉ロッテマリーンズ,ORIX BlueWave,オリックス・ブルーウェーブ,Green Stadium Kobe,グリーンスタジアム神戸,Kobe,1,4,5,3,ORIX BlueWave,Chiba Lotte Marines,Home Win,1-4,9,No,Completed,,,,,,,,,,ブロウズ,,,,,,ORIX BlueWave defeated Chiba Lotte Marines 1-4 at Green Stadium Kobe behind winning pitcher ブロウズ.,2689web.com Archive (https://2689web.com/2000/BM/BM7.html)
167,NPB_2000_20000507_S_G,2000,Regular Season,Regular Season,Central League,Regular Season,,2000-05-07,Sunday,18:00,Tokyo Yakult Swallows,東京ヤクルトスワローズ,Yomiuri Giants,読売ジャイアンツ,Tokyo Dome,東京ドーム,Tokyo,0,4,4,4,Yomiuri Giants,Tokyo Yakult Swallows,Home Win,0-4,9,No,Completed,,,,,,,,,,高橋尚,,,,,,Yomiuri Giants defeated Tokyo Yakult Swallows 0-4 at Tokyo Dome behind winning pitcher 高橋尚.,2689web.com Archive (https://2689web.com/2000/GS/GS8.html)
168,NPB_2000_20000507_Y_D,2000,Regular Season,Regular Season,Central League,Regular Season,,2000-05-07,Sunday,18:00,Yokohama BayStars,横浜ベイスターズ,Chunichi Dragons,中日ドラゴンズ,Nagoya Dome,ナゴヤドーム,Nagoya,3,1,4,2,Yokohama BayStars,Chunichi Dragons,Away Win,3-1,9,No,Completed,,,,,,,,,,,川上,,,,,Yokohama BayStars defeated Chunichi Dragons 3-1 at Nagoya Dome.,2689web.com Archive (https://2689web.com/2000/DY/DY8.html)
169,NPB_2000_20000507_T_C,2000,Regular Season,Regular Season,Central League,Regular Season,,2000-05-07,Sunday,18:00,Hanshin Tigers,阪神タイガース,Hiroshima Toyo Carp,広島東洋カープ,Hiroshima Municipal Stadium,旧広島市民球場,Hiroshima,5,9,14,4,Hiroshima Toyo Carp,Hanshin Tigers,Home Win,5-9,9,No,Completed,,,,,,,,,,河野,,,,,,Hiroshima Toyo Carp defeated Hanshin Tigers 5-9 at Hiroshima Municipal Stadium behind winning pitcher 河野.,2689web.com Archive (https://2689web.com/2000/CT/CT8.html)
170,NPB_2000_20000507_K_H,2000,Regular Season,Regular Season,Pacific League,Regular Season,,2000-05-07,Sunday,18:00,Osaka Kintetsu Buffaloes,大阪近鉄バファローズ,Fukuoka Daiei Hawks,福岡ダイエーホークス,Fukuoka Dome,福岡ドーム,Fukuoka,8,9,17,1,Fukuoka Daiei Hawks,Osaka Kintetsu Buffaloes,Home Win,8-9,9,No,Completed,,,,,,,,,,吉田,,,,,,Fukuoka Daiei Hawks defeated Osaka Kintetsu Buffaloes 8-9 at Fukuoka Dome behind winning pitcher 吉田.,2689web.com Archive (https://2689web.com/2000/HK/HK8.html)
171,NPB_2000_20000507_F_L,2000,Regular Season,Regular Season,Pacific League,Regular Season,,2000-05-07,Sunday,18:00,Nippon-Ham Fighters,日本ハムファイターズ,Seibu Lions,西武ライオンズ,Seibu Dome,西武ドーム,Tokorozawa,1,2,3,1,Seibu Lions,Nippon-Ham Fighters,Home Win,1-2,9,No,Completed,,,,,,,,,,許,,,,,,Seibu Lions defeated Nippon-Ham Fighters 1-2 at Seibu Dome behind winning pitcher 許.,2689web.com Archive (https://2689web.com/2000/LF/LF8.html)
172,NPB_2000_20000507_M_B,2000,Regular Season,Regular Season,Pacific League,Regular Season,,2000-05-07,Sunday,18:00,Chiba Lotte Marines,千葉ロッテマリーンズ,ORIX BlueWave,オリックス・ブルーウェーブ,Green Stadium Kobe,グリーンスタジアム神戸,Kobe,9,0,9,9,Chiba Lotte Marines,ORIX BlueWave,Away Win,9-0,9,No,Completed,,,,,,,,,,,小林,,,,,Chiba Lotte Marines defeated ORIX BlueWave 9-0 at Green Stadium Kobe.,2689web.com Archive (https://2689web.com/2000/BM/BM8.html)
173,NPB_2000_20000509_Y_G,2000,Regular Season,Regular Season,Central League,Regular Season,,2000-05-09,Tuesday,18:00,Yokohama BayStars,横浜ベイスターズ,Yomiuri Giants,読売ジャイアンツ,Tokyo Dome,東京ドーム,Tokyo,2,6,8,4,Yomiuri Giants,Yokohama BayStars,Home Win,2-6,9,No,Completed,,,,,,,,,,工藤,,,,,,Yomiuri Giants defeated Yokohama BayStars 2-6 at Tokyo Dome behind winning pitcher 工藤.,2689web.com Archive (https://2689web.com/2000/GY/GY5.html)
174,NPB_2000_20000509_T_D,2000,Regular Season,Regular Season,Central League,Regular Season,,2000-05-09,Tuesday,18:00,Hanshin Tigers,阪神タイガース,Chunichi Dragons,中日ドラゴンズ,Nagoya Dome,ナゴヤドーム,Nagoya,5,4,9,1,Hanshin Tigers,Chunichi Dragons,Away Win,5-4,9,No,Completed,,,,,,,,,,,野口,,,,,Hanshin Tigers defeated Chunichi Dragons 5-4 at Nagoya Dome.,2689web.com Archive (https://2689web.com/2000/DT/DT6.html)
175,NPB_2000_20000509_C_S,2000,Regular Season,Regular Season,Central League,Regular Season,,2000-05-09,Tuesday,18:00,Hiroshima Toyo Carp,広島東洋カープ,Tokyo Yakult Swallows,東京ヤクルトスワローズ,Meiji Jingu Stadium,明治神宮野球場,Tokyo,5,3,8,2,Hiroshima Toyo Carp,Tokyo Yakult Swallows,Away Win,5-3,9,No,Completed,,,,,,,,,,,ハッカミー,,,,,Hiroshima Toyo Carp defeated Tokyo Yakult Swallows 5-3 at Meiji Jingu Stadium.,2689web.com Archive (https://2689web.com/2000/SC/SC7.html)
176,NPB_2000_20000509_F_H,2000,Regular Season,Regular Season,Pacific League,Regular Season,,2000-05-09,Tuesday,18:00,Nippon-Ham Fighters,日本ハムファイターズ,Fukuoka Daiei Hawks,福岡ダイエーホークス,Fukuoka Dome,福岡ドーム,Fukuoka,6,4,10,2,Nippon-Ham Fighters,Fukuoka Daiei Hawks,Away Win,6-4,9,No,Completed,,,,,,,,,,,長冨,,,,,Nippon-Ham Fighters defeated Fukuoka Daiei Hawks 6-4 at Fukuoka Dome.,2689web.com Archive (https://2689web.com/2000/HF/HF7.html)
177,NPB_2000_20000509_M_L,2000,Regular Season,Regular Season,Pacific League,Regular Season,,2000-05-09,Tuesday,18:00,Chiba Lotte Marines,千葉ロッテマリーンズ,Seibu Lions,西武ライオンズ,Seibu Dome,西武ドーム,Tokorozawa,0,9,9,9,Seibu Lions,Chiba Lotte Marines,Home Win,0-9,9,No,Completed,,,,,,,,,,豊田,,,,,,Seibu Lions defeated Chiba Lotte Marines 0-9 at Seibu Dome behind winning pitcher 豊田.,2689web.com Archive (https://2689web.com/2000/LM/LM6.html)
178,NPB_2000_20000509_K_B,2000,Regular Season,Regular Season,Pacific League,Regular Season,,2000-05-09,Tuesday,18:00,Osaka Kintetsu Buffaloes,大阪近鉄バファローズ,ORIX BlueWave,オリックス・ブルーウェーブ,Green Stadium Kobe,グリーンスタジアム神戸,Kobe,8,10,18,2,ORIX BlueWave,Osaka Kintetsu Buffaloes,Home Win,8-10,9,No,Completed,,,,,,,,,,川越,,,,,,ORIX BlueWave defeated Osaka Kintetsu Buffaloes 8-10 at Green Stadium Kobe behind winning pitcher 川越.,2689web.com Archive (https://2689web.com/2000/BK/BK6.html)
179,NPB_2000_20000510_Y_G,2000,Regular Season,Regular Season,Central League,Regular Season,,2000-05-10,Wednesday,18:00,Yokohama BayStars,横浜ベイスターズ,Yomiuri Giants,読売ジャイアンツ,Tokyo Dome,東京ドーム,Tokyo,2,3,5,1,Yomiuri Giants,Yokohama BayStars,Home Win,2-3,9,No,Completed,,,,,,,,,,岡島,,,,,,Yomiuri Giants defeated Yokohama BayStars 2-3 at Tokyo Dome behind winning pitcher 岡島.,2689web.com Archive (https://2689web.com/2000/GY/GY6.html)
180,NPB_2000_20000510_T_D,2000,Regular Season,Regular Season,Central League,Regular Season,,2000-05-10,Wednesday,18:00,Hanshin Tigers,阪神タイガース,Chunichi Dragons,中日ドラゴンズ,Nagoya Dome,ナゴヤドーム,Nagoya,0,5,5,5,Chunichi Dragons,Hanshin Tigers,Home Win,0-5,9,No,Completed,,,,,,,,,,バンチ,,,,,,Chunichi Dragons defeated Hanshin Tigers 0-5 at Nagoya Dome behind winning pitcher バンチ.,2689web.com Archive (https://2689web.com/2000/DT/DT7.html)
181,NPB_2000_20000510_C_S,2000,Regular Season,Regular Season,Central League,Regular Season,,2000-05-10,Wednesday,18:00,Hiroshima Toyo Carp,広島東洋カープ,Tokyo Yakult Swallows,東京ヤクルトスワローズ,Meiji Jingu Stadium,明治神宮野球場,Tokyo,8,7,15,1,Hiroshima Toyo Carp,Tokyo Yakult Swallows,Away Win,8-7,9,No,Completed,,,,,,,,,,,高木,,,,,Hiroshima Toyo Carp defeated Tokyo Yakult Swallows 8-7 at Meiji Jingu Stadium.,2689web.com Archive (https://2689web.com/2000/SC/SC8.html)
182,NPB_2000_20000510_F_H,2000,Regular Season,Regular Season,Pacific League,Regular Season,,2000-05-10,Wednesday,18:00,Nippon-Ham Fighters,日本ハムファイターズ,Fukuoka Daiei Hawks,福岡ダイエーホークス,Fukuoka Dome,福岡ドーム,Fukuoka,4,0,4,4,Nippon-Ham Fighters,Fukuoka Daiei Hawks,Away Win,4-0,9,No,Completed,,,,,,,,,,,若田部,,,,,Nippon-Ham Fighters defeated Fukuoka Daiei Hawks 4-0 at Fukuoka Dome.,2689web.com Archive (https://2689web.com/2000/HF/HF8.html)
183,NPB_2000_20000510_M_L,2000,Regular Season,Regular Season,Pacific League,Regular Season,,2000-05-10,Wednesday,18:00,Chiba Lotte Marines,千葉ロッテマリーンズ,Seibu Lions,西武ライオンズ,Seibu Dome,西武ドーム,Tokorozawa,0,2,2,2,Seibu Lions,Chiba Lotte Marines,Home Win,0-2,9,No,Completed,,,,,,,,,,潮崎,,,,,,Seibu Lions defeated Chiba Lotte Marines 0-2 at Seibu Dome behind winning pitcher 潮崎.,2689web.com Archive (https://2689web.com/2000/LM/LM7.html)
184,NPB_2000_20000510_K_B,2000,Regular Season,Regular Season,Pacific League,Regular Season,,2000-05-10,Wednesday,18:00,Osaka Kintetsu Buffaloes,大阪近鉄バファローズ,ORIX BlueWave,オリックス・ブルーウェーブ,Green Stadium Kobe,グリーンスタジアム神戸,Kobe,4,1,5,3,Osaka Kintetsu Buffaloes,ORIX BlueWave,Away Win,4-1,9,No,Completed,,,,,,,,,,,金田,,,,,Osaka Kintetsu Buffaloes defeated ORIX BlueWave 4-1 at Green Stadium Kobe.,2689web.com Archive (https://2689web.com/2000/BK/BK7.html)
185,NPB_2000_20000511_C_S,2000,Regular Season,Regular Season,Central League,Regular Season,,2000-05-11,Thursday,18:00,Hiroshima Toyo Carp,広島東洋カープ,Tokyo Yakult Swallows,東京ヤクルトスワローズ,Meiji Jingu Stadium,明治神宮野球場,Tokyo,3,5,8,2,Tokyo Yakult Swallows,Hiroshima Toyo Carp,Home Win,3-5,9,No,Completed,,,,,,,,,,川崎,,,,,,Tokyo Yakult Swallows defeated Hiroshima Toyo Carp 3-5 at Meiji Jingu Stadium behind winning pitcher 川崎.,2689web.com Archive (https://2689web.com/2000/SC/SC9.html)
186,NPB_2000_20000511_F_H,2000,Regular Season,Regular Season,Pacific League,Regular Season,,2000-05-11,Thursday,18:00,Nippon-Ham Fighters,日本ハムファイターズ,Fukuoka Daiei Hawks,福岡ダイエーホークス,Fukuoka Dome,福岡ドーム,Fukuoka,3,4,7,1,Fukuoka Daiei Hawks,Nippon-Ham Fighters,Home Win,3-4,9,No,Completed,,,,,,,,,,ラジオ,,,,,,Fukuoka Daiei Hawks defeated Nippon-Ham Fighters 3-4 at Fukuoka Dome behind winning pitcher ラジオ.,2689web.com Archive (https://2689web.com/2000/HF/HF9.html)
187,NPB_2000_20000511_M_L,2000,Regular Season,Regular Season,Pacific League,Regular Season,,2000-05-11,Thursday,18:00,Chiba Lotte Marines,千葉ロッテマリーンズ,Seibu Lions,西武ライオンズ,Seibu Dome,西武ドーム,Tokorozawa,7,3,10,4,Chiba Lotte Marines,Seibu Lions,Away Win,7-3,9,No,Completed,,,,,,,,,,,西口,,,,,Chiba Lotte Marines defeated Seibu Lions 7-3 at Seibu Dome.,2689web.com Archive (https://2689web.com/2000/LM/LM8.html)
188,NPB_2000_20000512_T_G,2000,Regular Season,Regular Season,Central League,Regular Season,,2000-05-12,Friday,18:00,Hanshin Tigers,阪神タイガース,Yomiuri Giants,読売ジャイアンツ,Tokyo Dome,東京ドーム,Tokyo,12,3,15,9,Hanshin Tigers,Yomiuri Giants,Away Win,12-3,9,No,Completed,,,,,,,,,,,ガルベス,,,,,Hanshin Tigers defeated Yomiuri Giants 12-3 at Tokyo Dome.,2689web.com Archive (https://2689web.com/2000/GT/GT7.html)
189,NPB_2000_20000512_C_D,2000,Regular Season,Regular Season,Central League,Regular Season,,2000-05-12,Friday,18:00,Hiroshima Toyo Carp,広島東洋カープ,Chunichi Dragons,中日ドラゴンズ,Nagoya Dome,ナゴヤドーム,Nagoya,7,14,21,7,Chunichi Dragons,Hiroshima Toyo Carp,Home Win,7-14,9,No,Completed,,,,,,,,,,正津,,,,,,Chunichi Dragons defeated Hiroshima Toyo Carp 7-14 at Nagoya Dome behind winning pitcher 正津.,2689web.com Archive (https://2689web.com/2000/DC/DC6.html)
190,NPB_2000_20000512_L_H,2000,Regular Season,Regular Season,Pacific League,Regular Season,,2000-05-12,Friday,18:00,Seibu Lions,西武ライオンズ,Fukuoka Daiei Hawks,福岡ダイエーホークス,Fukuoka Dome,福岡ドーム,Fukuoka,1,0,1,1,Seibu Lions,Fukuoka Daiei Hawks,Away Win,1-0,9,No,Completed,,,,,,,,,,,松本,,,,,Seibu Lions defeated Fukuoka Daiei Hawks 1-0 at Fukuoka Dome.,2689web.com Archive (https://2689web.com/2000/HL/HL7.html)
191,NPB_2000_20000512_K_F,2000,Regular Season,Regular Season,Pacific League,Regular Season,,2000-05-12,Friday,18:00,Osaka Kintetsu Buffaloes,大阪近鉄バファローズ,Nippon-Ham Fighters,日本ハムファイターズ,Tokyo Dome,東京ドーム,Tokyo,19,4,23,15,Osaka Kintetsu Buffaloes,Nippon-Ham Fighters,Away Win,19-4,9,No,Completed,,,,,,,,,,,関根,,,,,Osaka Kintetsu Buffaloes defeated Nippon-Ham Fighters 19-4 at Tokyo Dome.,2689web.com Archive (https://2689web.com/2000/FK/FK6.html)
192,NPB_2000_20000512_M_B,2000,Regular Season,Regular Season,Pacific League,Regular Season,,2000-05-12,Friday,18:00,Chiba Lotte Marines,千葉ロッテマリーンズ,ORIX BlueWave,オリックス・ブルーウェーブ,Green Stadium Kobe,グリーンスタジアム神戸,Kobe,6,4,10,2,Chiba Lotte Marines,ORIX BlueWave,Away Win,6-4,9,No,Completed,,,,,,,,,,,杉本友,,,,,Chiba Lotte Marines defeated ORIX BlueWave 6-4 at Green Stadium Kobe.,2689web.com Archive (https://2689web.com/2000/BM/BM9.html)
193,NPB_2000_20000513_T_G,2000,Regular Season,Regular Season,Central League,Regular Season,,2000-05-13,Saturday,18:00,Hanshin Tigers,阪神タイガース,Yomiuri Giants,読売ジャイアンツ,Tokyo Dome,東京ドーム,Tokyo,0,4,4,4,Yomiuri Giants,Hanshin Tigers,Home Win,0-4,9,No,Completed,,,,,,,,,,上原,,,,,,Yomiuri Giants defeated Hanshin Tigers 0-4 at Tokyo Dome behind winning pitcher 上原.,2689web.com Archive (https://2689web.com/2000/GT/GT8.html)
194,NPB_2000_20000513_C_D,2000,Regular Season,Regular Season,Central League,Regular Season,,2000-05-13,Saturday,18:00,Hiroshima Toyo Carp,広島東洋カープ,Chunichi Dragons,中日ドラゴンズ,Nagoya Dome,ナゴヤドーム,Nagoya,2,13,15,11,Chunichi Dragons,Hiroshima Toyo Carp,Home Win,2-13,9,No,Completed,,,,,,,,,,武田,,,,,,Chunichi Dragons defeated Hiroshima Toyo Carp 2-13 at Nagoya Dome behind winning pitcher 武田.,2689web.com Archive (https://2689web.com/2000/DC/DC7.html)
195,NPB_2000_20000513_L_H,2000,Regular Season,Regular Season,Pacific League,Regular Season,,2000-05-13,Saturday,18:00,Seibu Lions,西武ライオンズ,Fukuoka Daiei Hawks,福岡ダイエーホークス,Fukuoka Dome,福岡ドーム,Fukuoka,3,7,10,4,Fukuoka Daiei Hawks,Seibu Lions,Home Win,3-7,9,No,Completed,,,,,,,,,,篠原,,,,,,Fukuoka Daiei Hawks defeated Seibu Lions 3-7 at Fukuoka Dome behind winning pitcher 篠原.,2689web.com Archive (https://2689web.com/2000/HL/HL8.html)
196,NPB_2000_20000513_K_F,2000,Regular Season,Regular Season,Pacific League,Regular Season,,2000-05-13,Saturday,18:00,Osaka Kintetsu Buffaloes,大阪近鉄バファローズ,Nippon-Ham Fighters,日本ハムファイターズ,Tokyo Dome,東京ドーム,Tokyo,12,7,19,5,Osaka Kintetsu Buffaloes,Nippon-Ham Fighters,Away Win,12-7,9,No,Completed,,,,,,,,,,,岩本,,,,,Osaka Kintetsu Buffaloes defeated Nippon-Ham Fighters 12-7 at Tokyo Dome.,2689web.com Archive (https://2689web.com/2000/FK/FK7.html)
197,NPB_2000_20000513_M_B,2000,Regular Season,Regular Season,Pacific League,Regular Season,,2000-05-13,Saturday,18:00,Chiba Lotte Marines,千葉ロッテマリーンズ,ORIX BlueWave,オリックス・ブルーウェーブ,Green Stadium Kobe,グリーンスタジアム神戸,Kobe,9,3,12,6,Chiba Lotte Marines,ORIX BlueWave,Away Win,9-3,9,No,Completed,,,,,,,,,,,ブロウズ,,,,,Chiba Lotte Marines defeated ORIX BlueWave 9-3 at Green Stadium Kobe.,2689web.com Archive (https://2689web.com/2000/BM/BM10.html)
198,NPB_2000_20000514_T_G,2000,Regular Season,Regular Season,Central League,Regular Season,,2000-05-14,Sunday,18:00,Hanshin Tigers,阪神タイガース,Yomiuri Giants,読売ジャイアンツ,Tokyo Dome,東京ドーム,Tokyo,2,3,5,1,Yomiuri Giants,Hanshin Tigers,Home Win,2-3,9,No,Completed,,,,,,,,,,高橋尚,,,,,,Yomiuri Giants defeated Hanshin Tigers 2-3 at Tokyo Dome behind winning pitcher 高橋尚.,2689web.com Archive (https://2689web.com/2000/GT/GT9.html)
199,NPB_2000_20000514_C_D,2000,Regular Season,Regular Season,Central League,Regular Season,,2000-05-14,Sunday,18:00,Hiroshima Toyo Carp,広島東洋カープ,Chunichi Dragons,中日ドラゴンズ,Nagoya Dome,ナゴヤドーム,Nagoya,0,4,4,4,Chunichi Dragons,Hiroshima Toyo Carp,Home Win,0-4,9,No,Completed,,,,,,,,,,川上,,,,,,Chunichi Dragons defeated Hiroshima Toyo Carp 0-4 at Nagoya Dome behind winning pitcher 川上.,2689web.com Archive (https://2689web.com/2000/DC/DC8.html)
200,NPB_2000_20000514_L_H,2000,Regular Season,Regular Season,Pacific League,Regular Season,,2000-05-14,Sunday,18:00,Seibu Lions,西武ライオンズ,Fukuoka Daiei Hawks,福岡ダイエーホークス,Fukuoka Dome,福岡ドーム,Fukuoka,5,0,5,5,Seibu Lions,Fukuoka Daiei Hawks,Away Win,5-0,9,No,Completed,,,,,,,,,,,田之上,,,,,Seibu Lions defeated Fukuoka Daiei Hawks 5-0 at Fukuoka Dome.,2689web.com Archive (https://2689web.com/2000/HL/HL9.html)
201,NPB_2000_20000514_K_F,2000,Regular Season,Regular Season,Pacific League,Regular Season,,2000-05-14,Sunday,18:00,Osaka Kintetsu Buffaloes,大阪近鉄バファローズ,Nippon-Ham Fighters,日本ハムファイターズ,Tokyo Dome,東京ドーム,Tokyo,2,4,6,2,Nippon-Ham Fighters,Osaka Kintetsu Buffaloes,Home Win,2-4,9,No,Completed,,,,,,,,,,清水,,,,,,Nippon-Ham Fighters defeated Osaka Kintetsu Buffaloes 2-4 at Tokyo Dome behind winning pitcher 清水.,2689web.com Archive (https://2689web.com/2000/FK/FK8.html)
202,NPB_2000_20000514_M_B,2000,Regular Season,Regular Season,Pacific League,Regular Season,,2000-05-14,Sunday,18:00,Chiba Lotte Marines,千葉ロッテマリーンズ,ORIX BlueWave,オリックス・ブルーウェーブ,Green Stadium Kobe,グリーンスタジアム神戸,Kobe,3,2,5,1,Chiba Lotte Marines,ORIX BlueWave,Away Win,3-2,9,No,Completed,,,,,,,,,,,小倉,,,,,Chiba Lotte Marines defeated ORIX BlueWave 3-2 at Green Stadium Kobe.,2689web.com Archive (https://2689web.com/2000/BM/BM11.html)
203,NPB_2000_20000516_C_G,2000,Regular Season,Regular Season,Central League,Regular Season,,2000-05-16,Tuesday,18:00,Hiroshima Toyo Carp,広島東洋カープ,Yomiuri Giants,読売ジャイアンツ,Tokyo Dome,東京ドーム,Tokyo,1,5,6,4,Yomiuri Giants,Hiroshima Toyo Carp,Home Win,1-5,9,No,Completed,,,,,,,,,,工藤,,,,,,Yomiuri Giants defeated Hiroshima Toyo Carp 1-5 at Tokyo Dome behind winning pitcher 工藤.,2689web.com Archive (https://2689web.com/2000/GC/GC7.html)
204,NPB_2000_20000516_Y_D,2000,Regular Season,Regular Season,Central League,Regular Season,,2000-05-16,Tuesday,18:00,Yokohama BayStars,横浜ベイスターズ,Chunichi Dragons,中日ドラゴンズ,Nagoya Dome,ナゴヤドーム,Nagoya,4,9,13,5,Chunichi Dragons,Yokohama BayStars,Home Win,4-9,9,No,Completed,,,,,,,,,,野口,,,,,,Chunichi Dragons defeated Yokohama BayStars 4-9 at Nagoya Dome behind winning pitcher 野口.,2689web.com Archive (https://2689web.com/2000/DY/DY9.html)
205,NPB_2000_20000516_T_S,2000,Regular Season,Regular Season,Central League,Regular Season,,2000-05-16,Tuesday,18:00,Hanshin Tigers,阪神タイガース,Tokyo Yakult Swallows,東京ヤクルトスワローズ,Meiji Jingu Stadium,明治神宮野球場,Tokyo,1,4,5,3,Tokyo Yakult Swallows,Hanshin Tigers,Home Win,1-4,9,No,Completed,,,,,,,,,,石井一,,,,,,Tokyo Yakult Swallows defeated Hanshin Tigers 1-4 at Meiji Jingu Stadium behind winning pitcher 石井一.,2689web.com Archive (https://2689web.com/2000/ST/ST5.html)
206,NPB_2000_20000516_M_H,2000,Regular Season,Regular Season,Pacific League,Regular Season,,2000-05-16,Tuesday,18:00,Chiba Lotte Marines,千葉ロッテマリーンズ,Fukuoka Daiei Hawks,福岡ダイエーホークス,Fukuoka Dome,福岡ドーム,Fukuoka,1,4,5,3,Fukuoka Daiei Hawks,Chiba Lotte Marines,Home Win,1-4,9,No,Completed,,,,,,,,,,若田部,,,,,,Fukuoka Daiei Hawks defeated Chiba Lotte Marines 1-4 at Fukuoka Dome behind winning pitcher 若田部.,2689web.com Archive (https://2689web.com/2000/HM/HM5.html)
207,NPB_2000_20000516_K_L,2000,Regular Season,Regular Season,Pacific League,Regular Season,,2000-05-16,Tuesday,18:00,Osaka Kintetsu Buffaloes,大阪近鉄バファローズ,Seibu Lions,西武ライオンズ,Seibu Dome,西武ドーム,Tokorozawa,1,0,1,1,Osaka Kintetsu Buffaloes,Seibu Lions,Away Win,1-0,9,No,Completed,,,,,,,,,,,豊田,,,,,Osaka Kintetsu Buffaloes defeated Seibu Lions 1-0 at Seibu Dome.,2689web.com Archive (https://2689web.com/2000/LK/LK5.html)
208,NPB_2000_20000516_B_F,2000,Regular Season,Regular Season,Pacific League,Regular Season,,2000-05-16,Tuesday,18:00,ORIX BlueWave,オリックス・ブルーウェーブ,Nippon-Ham Fighters,日本ハムファイターズ,Tokyo Dome,東京ドーム,Tokyo,5,1,6,4,ORIX BlueWave,Nippon-Ham Fighters,Away Win,5-1,9,No,Completed,,,,,,,,,,,建山,,,,,ORIX BlueWave defeated Nippon-Ham Fighters 5-1 at Tokyo Dome.,2689web.com Archive (https://2689web.com/2000/FB/FB7.html)
209,NPB_2000_20000517_C_G,2000,Regular Season,Regular Season,Central League,Regular Season,,2000-05-17,Wednesday,18:00,Hiroshima Toyo Carp,広島東洋カープ,Yomiuri Giants,読売ジャイアンツ,Tokyo Dome,東京ドーム,Tokyo,0,4,4,4,Yomiuri Giants,Hiroshima Toyo Carp,Home Win,0-4,9,No,Completed,,,,,,,,,,メイ,,,,,,Yomiuri Giants defeated Hiroshima Toyo Carp 0-4 at Tokyo Dome behind winning pitcher メイ.,2689web.com Archive (https://2689web.com/2000/GC/GC8.html)
210,NPB_2000_20000517_Y_D,2000,Regular Season,Regular Season,Central League,Regular Season,,2000-05-17,Wednesday,18:00,Yokohama BayStars,横浜ベイスターズ,Chunichi Dragons,中日ドラゴンズ,Nagoya Dome,ナゴヤドーム,Nagoya,4,7,11,3,Chunichi Dragons,Yokohama BayStars,Home Win,4-7,9,No,Completed,,,,,,,,,,ギャラード,,,,,,Chunichi Dragons defeated Yokohama BayStars 4-7 at Nagoya Dome behind winning pitcher ギャラード.,2689web.com Archive (https://2689web.com/2000/DY/DY10.html)
211,NPB_2000_20000517_T_S,2000,Regular Season,Regular Season,Central League,Regular Season,,2000-05-17,Wednesday,18:00,Hanshin Tigers,阪神タイガース,Tokyo Yakult Swallows,東京ヤクルトスワローズ,Meiji Jingu Stadium,明治神宮野球場,Tokyo,0,3,3,3,Tokyo Yakult Swallows,Hanshin Tigers,Home Win,0-3,9,No,Completed,,,,,,,,,,五十嵐,,,,,,Tokyo Yakult Swallows defeated Hanshin Tigers 0-3 at Meiji Jingu Stadium behind winning pitcher 五十嵐.,2689web.com Archive (https://2689web.com/2000/ST/ST6.html)
212,NPB_2000_20000517_M_H,2000,Regular Season,Regular Season,Pacific League,Regular Season,,2000-05-17,Wednesday,18:00,Chiba Lotte Marines,千葉ロッテマリーンズ,Fukuoka Daiei Hawks,福岡ダイエーホークス,Fukuoka Dome,福岡ドーム,Fukuoka,3,4,7,1,Fukuoka Daiei Hawks,Chiba Lotte Marines,Home Win,3-4,9,No,Completed,,,,,,,,,,ラジオ,,,,,,Fukuoka Daiei Hawks defeated Chiba Lotte Marines 3-4 at Fukuoka Dome behind winning pitcher ラジオ.,2689web.com Archive (https://2689web.com/2000/HM/HM6.html)
213,NPB_2000_20000517_K_L,2000,Regular Season,Regular Season,Pacific League,Regular Season,,2000-05-17,Wednesday,18:00,Osaka Kintetsu Buffaloes,大阪近鉄バファローズ,Seibu Lions,西武ライオンズ,Seibu Dome,西武ドーム,Tokorozawa,1,4,5,3,Seibu Lions,Osaka Kintetsu Buffaloes,Home Win,1-4,9,No,Completed,,,,,,,,,,西口,,,,,,Seibu Lions defeated Osaka Kintetsu Buffaloes 1-4 at Seibu Dome behind winning pitcher 西口.,2689web.com Archive (https://2689web.com/2000/LK/LK6.html)
214,NPB_2000_20000517_B_F,2000,Regular Season,Regular Season,Pacific League,Regular Season,,2000-05-17,Wednesday,18:00,ORIX BlueWave,オリックス・ブルーウェーブ,Nippon-Ham Fighters,日本ハムファイターズ,Tokyo Dome,東京ドーム,Tokyo,9,5,14,4,ORIX BlueWave,Nippon-Ham Fighters,Away Win,9-5,9,No,Completed,,,,,,,,,,,新谷,,,,,ORIX BlueWave defeated Nippon-Ham Fighters 9-5 at Tokyo Dome.,2689web.com Archive (https://2689web.com/2000/FB/FB8.html)
215,NPB_2000_20000518_C_G,2000,Regular Season,Regular Season,Central League,Regular Season,,2000-05-18,Thursday,18:00,Hiroshima Toyo Carp,広島東洋カープ,Yomiuri Giants,読売ジャイアンツ,Tokyo Dome,東京ドーム,Tokyo,3,2,5,1,Hiroshima Toyo Carp,Yomiuri Giants,Away Win,3-2,9,No,Completed,,,,,,,,,,,三沢,,,,,Hiroshima Toyo Carp defeated Yomiuri Giants 3-2 at Tokyo Dome.,2689web.com Archive (https://2689web.com/2000/GC/GC9.html)
216,NPB_2000_20000518_Y_D,2000,Regular Season,Regular Season,Central League,Regular Season,,2000-05-18,Thursday,18:00,Yokohama BayStars,横浜ベイスターズ,Chunichi Dragons,中日ドラゴンズ,Nagoya Dome,ナゴヤドーム,Nagoya,3,4,7,1,Chunichi Dragons,Yokohama BayStars,Home Win,3-4,9,No,Completed,,,,,,,,,,小池,,,,,,Chunichi Dragons defeated Yokohama BayStars 3-4 at Nagoya Dome behind winning pitcher 小池.,2689web.com Archive (https://2689web.com/2000/DY/DY11.html)
217,NPB_2000_20000518_T_S,2000,Regular Season,Regular Season,Central League,Regular Season,,2000-05-18,Thursday,18:00,Hanshin Tigers,阪神タイガース,Tokyo Yakult Swallows,東京ヤクルトスワローズ,Meiji Jingu Stadium,明治神宮野球場,Tokyo,3,4,7,1,Tokyo Yakult Swallows,Hanshin Tigers,Home Win,3-4,9,No,Completed,,,,,,,,,,岡林,,,,,,Tokyo Yakult Swallows defeated Hanshin Tigers 3-4 at Meiji Jingu Stadium behind winning pitcher 岡林.,2689web.com Archive (https://2689web.com/2000/ST/ST7.html)
218,NPB_2000_20000518_M_H,2000,Regular Season,Regular Season,Pacific League,Regular Season,,2000-05-18,Thursday,18:00,Chiba Lotte Marines,千葉ロッテマリーンズ,Fukuoka Daiei Hawks,福岡ダイエーホークス,Fukuoka Dome,福岡ドーム,Fukuoka,8,1,9,7,Chiba Lotte Marines,Fukuoka Daiei Hawks,Away Win,8-1,9,No,Completed,,,,,,,,,,,松本,,,,,Chiba Lotte Marines defeated Fukuoka Daiei Hawks 8-1 at Fukuoka Dome.,2689web.com Archive (https://2689web.com/2000/HM/HM7.html)
219,NPB_2000_20000519_S_G,2000,Regular Season,Regular Season,Central League,Regular Season,,2000-05-19,Friday,18:00,Tokyo Yakult Swallows,東京ヤクルトスワローズ,Yomiuri Giants,読売ジャイアンツ,Tokyo Dome,東京ドーム,Tokyo,2,7,9,5,Yomiuri Giants,Tokyo Yakult Swallows,Home Win,2-7,9,No,Completed,,,,,,,,,,鄭,,,,,,Yomiuri Giants defeated Tokyo Yakult Swallows 2-7 at Tokyo Dome behind winning pitcher 鄭.,2689web.com Archive (https://2689web.com/2000/GS/GS9.html)
220,NPB_2000_20000519_C_D,2000,Regular Season,Regular Season,Central League,Regular Season,,2000-05-19,Friday,18:00,Hiroshima Toyo Carp,広島東洋カープ,Chunichi Dragons,中日ドラゴンズ,Nagoya Dome,ナゴヤドーム,Nagoya,2,4,6,2,Chunichi Dragons,Hiroshima Toyo Carp,Home Win,2-4,9,No,Completed,,,,,,,,,,岩瀬,,,,,,Chunichi Dragons defeated Hiroshima Toyo Carp 2-4 at Nagoya Dome behind winning pitcher 岩瀬.,2689web.com Archive (https://2689web.com/2000/DC/DC9.html)
221,NPB_2000_20000519_T_Y,2000,Regular Season,Regular Season,Central League,Regular Season,,2000-05-19,Friday,18:00,Hanshin Tigers,阪神タイガース,Yokohama BayStars,横浜ベイスターズ,Yokohama Stadium,横浜スタジアム,Yokohama,5,10,15,5,Yokohama BayStars,Hanshin Tigers,Home Win,5-10,9,No,Completed,,,,,,,,,,横山,,,,,,Yokohama BayStars defeated Hanshin Tigers 5-10 at Yokohama Stadium behind winning pitcher 横山.,2689web.com Archive (https://2689web.com/2000/YT/YT7.html)
222,NPB_2000_20000519_K_H,2000,Regular Season,Regular Season,Pacific League,Regular Season,,2000-05-19,Friday,18:00,Osaka Kintetsu Buffaloes,大阪近鉄バファローズ,Fukuoka Daiei Hawks,福岡ダイエーホークス,Fukuoka Dome,福岡ドーム,Fukuoka,2,5,7,3,Fukuoka Daiei Hawks,Osaka Kintetsu Buffaloes,Home Win,2-5,9,No,Completed,,,,,,,,,,永井,,,,,,Fukuoka Daiei Hawks defeated Osaka Kintetsu Buffaloes 2-5 at Fukuoka Dome behind winning pitcher 永井.,2689web.com Archive (https://2689web.com/2000/HK/HK9.html)
223,NPB_2000_20000519_M_F,2000,Regular Season,Regular Season,Pacific League,Regular Season,,2000-05-19,Friday,18:00,Chiba Lotte Marines,千葉ロッテマリーンズ,Nippon-Ham Fighters,日本ハムファイターズ,Tokyo Dome,東京ドーム,Tokyo,6,7,13,1,Nippon-Ham Fighters,Chiba Lotte Marines,Home Win,6-7,9,No,Completed,,,,,,,,,,ミラバル,,,,,,Nippon-Ham Fighters defeated Chiba Lotte Marines 6-7 at Tokyo Dome behind winning pitcher ミラバル.,2689web.com Archive (https://2689web.com/2000/FM/FM6.html)
224,NPB_2000_20000520_C_D,2000,Regular Season,Regular Season,Central League,Regular Season,,2000-05-20,Saturday,18:00,Hiroshima Toyo Carp,広島東洋カープ,Chunichi Dragons,中日ドラゴンズ,Nagoya Dome,ナゴヤドーム,Nagoya,2,3,5,1,Chunichi Dragons,Hiroshima Toyo Carp,Home Win,2-3,9,No,Completed,,,,,,,,,,山本昌,,,,,,Chunichi Dragons defeated Hiroshima Toyo Carp 2-3 at Nagoya Dome behind winning pitcher 山本昌.,2689web.com Archive (https://2689web.com/2000/DC/DC10.html)
225,NPB_2000_20000520_K_H,2000,Regular Season,Regular Season,Pacific League,Regular Season,,2000-05-20,Saturday,18:00,Osaka Kintetsu Buffaloes,大阪近鉄バファローズ,Fukuoka Daiei Hawks,福岡ダイエーホークス,Fukuoka Dome,福岡ドーム,Fukuoka,5,6,11,1,Fukuoka Daiei Hawks,Osaka Kintetsu Buffaloes,Home Win,5-6,9,No,Completed,,,,,,,,,,篠原,,,,,,Fukuoka Daiei Hawks defeated Osaka Kintetsu Buffaloes 5-6 at Fukuoka Dome behind winning pitcher 篠原.,2689web.com Archive (https://2689web.com/2000/HK/HK10.html)
226,NPB_2000_20000520_B_L,2000,Regular Season,Regular Season,Pacific League,Regular Season,,2000-05-20,Saturday,18:00,ORIX BlueWave,オリックス・ブルーウェーブ,Seibu Lions,西武ライオンズ,Seibu Dome,西武ドーム,Tokorozawa,2,1,3,1,ORIX BlueWave,Seibu Lions,Away Win,2-1,9,No,Completed,,,,,,,,,,,石井,,,,,ORIX BlueWave defeated Seibu Lions 2-1 at Seibu Dome.,2689web.com Archive (https://2689web.com/2000/LB/LB5.html)
227,NPB_2000_20000520_M_F,2000,Regular Season,Regular Season,Pacific League,Regular Season,,2000-05-20,Saturday,18:00,Chiba Lotte Marines,千葉ロッテマリーンズ,Nippon-Ham Fighters,日本ハムファイターズ,Tokyo Dome,東京ドーム,Tokyo,11,5,16,6,Chiba Lotte Marines,Nippon-Ham Fighters,Away Win,11-5,9,No,Completed,,,,,,,,,,,岩本,,,,,Chiba Lotte Marines defeated Nippon-Ham Fighters 11-5 at Tokyo Dome.,2689web.com Archive (https://2689web.com/2000/FM/FM7.html)
228,NPB_2000_20000521_S_G,2000,Regular Season,Regular Season,Central League,Regular Season,,2000-05-21,Sunday,18:00,Tokyo Yakult Swallows,東京ヤクルトスワローズ,Yomiuri Giants,読売ジャイアンツ,Tokyo Dome,東京ドーム,Tokyo,6,4,10,2,Tokyo Yakult Swallows,Yomiuri Giants,Away Win,6-4,9,No,Completed,,,,,,,,,,,河本,,,,,Tokyo Yakult Swallows defeated Yomiuri Giants 6-4 at Tokyo Dome.,2689web.com Archive (https://2689web.com/2000/GS/GS10.html)
229,NPB_2000_20000521_C_D,2000,Regular Season,Regular Season,Central League,Regular Season,,2000-05-21,Sunday,18:00,Hiroshima Toyo Carp,広島東洋カープ,Chunichi Dragons,中日ドラゴンズ,Nagoya Dome,ナゴヤドーム,Nagoya,1,5,6,4,Chunichi Dragons,Hiroshima Toyo Carp,Home Win,1-5,9,No,Completed,,,,,,,,,,野口,,,,,,Chunichi Dragons defeated Hiroshima Toyo Carp 1-5 at Nagoya Dome behind winning pitcher 野口.,2689web.com Archive (https://2689web.com/2000/DC/DC11.html)
230,NPB_2000_20000521_T_Y,2000,Regular Season,Regular Season,Central League,Regular Season,,2000-05-21,Sunday,18:00,Hanshin Tigers,阪神タイガース,Yokohama BayStars,横浜ベイスターズ,Yokohama Stadium,横浜スタジアム,Yokohama,1,0,1,1,Hanshin Tigers,Yokohama BayStars,Away Win,1-0,9,No,Completed,,,,,,,,,,,河原,,,,,Hanshin Tigers defeated Yokohama BayStars 1-0 at Yokohama Stadium.,2689web.com Archive (https://2689web.com/2000/YT/YT8.html)
231,NPB_2000_20000521_K_H,2000,Regular Season,Regular Season,Pacific League,Regular Season,,2000-05-21,Sunday,18:00,Osaka Kintetsu Buffaloes,大阪近鉄バファローズ,Fukuoka Daiei Hawks,福岡ダイエーホークス,Fukuoka Dome,福岡ドーム,Fukuoka,4,0,4,4,Osaka Kintetsu Buffaloes,Fukuoka Daiei Hawks,Away Win,4-0,9,No,Completed,,,,,,,,,,,若田部,,,,,Osaka Kintetsu Buffaloes defeated Fukuoka Daiei Hawks 4-0 at Fukuoka Dome.,2689web.com Archive (https://2689web.com/2000/HK/HK11.html)
232,NPB_2000_20000521_B_L,2000,Regular Season,Regular Season,Pacific League,Regular Season,,2000-05-21,Sunday,18:00,ORIX BlueWave,オリックス・ブルーウェーブ,Seibu Lions,西武ライオンズ,Seibu Dome,西武ドーム,Tokorozawa,8,2,10,6,ORIX BlueWave,Seibu Lions,Away Win,8-2,9,No,Completed,,,,,,,,,,,松坂,,,,,ORIX BlueWave defeated Seibu Lions 8-2 at Seibu Dome.,2689web.com Archive (https://2689web.com/2000/LB/LB6.html)
233,NPB_2000_20000521_M_F,2000,Regular Season,Regular Season,Pacific League,Regular Season,,2000-05-21,Sunday,18:00,Chiba Lotte Marines,千葉ロッテマリーンズ,Nippon-Ham Fighters,日本ハムファイターズ,Tokyo Dome,東京ドーム,Tokyo,0,0,0,0,Tie,Tie,Tie,0-0,9,No,Completed,,,,,,,,,,,,,,,,Chiba Lotte Marines and Nippon-Ham Fighters played to a 0-0 tie at Tokyo Dome.,2689web.com Archive (https://2689web.com/2000/FM/FM8.html)
234,NPB_2000_20000523_Y_G,2000,Regular Season,Regular Season,Central League,Regular Season,,2000-05-23,Tuesday,18:00,Yokohama BayStars,横浜ベイスターズ,Yomiuri Giants,読売ジャイアンツ,Tokyo Dome,東京ドーム,Tokyo,3,5,8,2,Yomiuri Giants,Yokohama BayStars,Home Win,3-5,9,No,Completed,,,,,,,,,,工藤,,,,,,Yomiuri Giants defeated Yokohama BayStars 3-5 at Tokyo Dome behind winning pitcher 工藤.,2689web.com Archive (https://2689web.com/2000/GY/GY7.html)
235,NPB_2000_20000523_T_D,2000,Regular Season,Regular Season,Central League,Regular Season,,2000-05-23,Tuesday,18:00,Hanshin Tigers,阪神タイガース,Chunichi Dragons,中日ドラゴンズ,Nagoya Dome,ナゴヤドーム,Nagoya,1,0,1,1,Hanshin Tigers,Chunichi Dragons,Away Win,1-0,9,No,Completed,,,,,,,,,,,岩瀬,,,,,Hanshin Tigers defeated Chunichi Dragons 1-0 at Nagoya Dome.,2689web.com Archive (https://2689web.com/2000/DT/DT8.html)
236,NPB_2000_20000523_C_S,2000,Regular Season,Regular Season,Central League,Regular Season,,2000-05-23,Tuesday,18:00,Hiroshima Toyo Carp,広島東洋カープ,Tokyo Yakult Swallows,東京ヤクルトスワローズ,Meiji Jingu Stadium,明治神宮野球場,Tokyo,2,1,3,1,Hiroshima Toyo Carp,Tokyo Yakult Swallows,Away Win,2-1,9,No,Completed,,,,,,,,,,,石井一,,,,,Hiroshima Toyo Carp defeated Tokyo Yakult Swallows 2-1 at Meiji Jingu Stadium.,2689web.com Archive (https://2689web.com/2000/SC/SC10.html)
237,NPB_2000_20000523_B_F,2000,Regular Season,Regular Season,Pacific League,Regular Season,,2000-05-23,Tuesday,18:00,ORIX BlueWave,オリックス・ブルーウェーブ,Nippon-Ham Fighters,日本ハムファイターズ,Tokyo Dome,東京ドーム,Tokyo,2,16,18,14,Nippon-Ham Fighters,ORIX BlueWave,Home Win,2-16,9,No,Completed,,,,,,,,,,清水,,,,,,Nippon-Ham Fighters defeated ORIX BlueWave 2-16 at Tokyo Dome behind winning pitcher 清水.,2689web.com Archive (https://2689web.com/2000/FB/FB9.html)
238,NPB_2000_20000523_K_M,2000,Regular Season,Regular Season,Pacific League,Regular Season,,2000-05-23,Tuesday,18:00,Osaka Kintetsu Buffaloes,大阪近鉄バファローズ,Chiba Lotte Marines,千葉ロッテマリーンズ,Chiba Marine Stadium,千葉マリンスタジアム,Chiba,3,11,14,8,Chiba Lotte Marines,Osaka Kintetsu Buffaloes,Home Win,3-11,9,No,Completed,,,,,,,,,,吉田,,,,,,Chiba Lotte Marines defeated Osaka Kintetsu Buffaloes 3-11 at Chiba Marine Stadium behind winning pitcher 吉田.,2689web.com Archive (https://2689web.com/2000/MK/MK7.html)
239,NPB_2000_20000524_Y_G,2000,Regular Season,Regular Season,Central League,Regular Season,,2000-05-24,Wednesday,18:00,Yokohama BayStars,横浜ベイスターズ,Yomiuri Giants,読売ジャイアンツ,Tokyo Dome,東京ドーム,Tokyo,1,0,1,1,Yokohama BayStars,Yomiuri Giants,Away Win,1-0,9,No,Completed,,,,,,,,,,,メイ,,,,,Yokohama BayStars defeated Yomiuri Giants 1-0 at Tokyo Dome.,2689web.com Archive (https://2689web.com/2000/GY/GY8.html)
240,NPB_2000_20000524_T_D,2000,Regular Season,Regular Season,Central League,Regular Season,,2000-05-24,Wednesday,18:00,Hanshin Tigers,阪神タイガース,Chunichi Dragons,中日ドラゴンズ,Nagoya Dome,ナゴヤドーム,Nagoya,2,3,5,1,Chunichi Dragons,Hanshin Tigers,Home Win,2-3,9,No,Completed,,,,,,,,,,佐野,,,,,,Chunichi Dragons defeated Hanshin Tigers 2-3 at Nagoya Dome behind winning pitcher 佐野.,2689web.com Archive (https://2689web.com/2000/DT/DT9.html)
241,NPB_2000_20000524_C_S,2000,Regular Season,Regular Season,Central League,Regular Season,,2000-05-24,Wednesday,18:00,Hiroshima Toyo Carp,広島東洋カープ,Tokyo Yakult Swallows,東京ヤクルトスワローズ,Meiji Jingu Stadium,明治神宮野球場,Tokyo,8,3,11,5,Hiroshima Toyo Carp,Tokyo Yakult Swallows,Away Win,8-3,9,No,Completed,,,,,,,,,,,石井弘,,,,,Hiroshima Toyo Carp defeated Tokyo Yakult Swallows 8-3 at Meiji Jingu Stadium.,2689web.com Archive (https://2689web.com/2000/SC/SC11.html)
242,NPB_2000_20000524_L_H,2000,Regular Season,Regular Season,Pacific League,Regular Season,,2000-05-24,Wednesday,18:00,Seibu Lions,西武ライオンズ,Fukuoka Daiei Hawks,福岡ダイエーホークス,Fukuoka Dome,福岡ドーム,Fukuoka,5,5,10,0,Tie,Tie,Tie,5-5,9,No,Completed,,,,,,,,,,,,,,,,Seibu Lions and Fukuoka Daiei Hawks played to a 5-5 tie at Fukuoka Dome.,2689web.com Archive (https://2689web.com/2000/HL/HL10.html)
243,NPB_2000_20000524_B_F,2000,Regular Season,Regular Season,Pacific League,Regular Season,,2000-05-24,Wednesday,18:00,ORIX BlueWave,オリックス・ブルーウェーブ,Nippon-Ham Fighters,日本ハムファイターズ,Tokyo Dome,東京ドーム,Tokyo,7,6,13,1,ORIX BlueWave,Nippon-Ham Fighters,Away Win,7-6,9,No,Completed,,,,,,,,,,,生駒,,,,,ORIX BlueWave defeated Nippon-Ham Fighters 7-6 at Tokyo Dome.,2689web.com Archive (https://2689web.com/2000/FB/FB10.html)
244,NPB_2000_20000524_K_M,2000,Regular Season,Regular Season,Pacific League,Regular Season,,2000-05-24,Wednesday,18:00,Osaka Kintetsu Buffaloes,大阪近鉄バファローズ,Chiba Lotte Marines,千葉ロッテマリーンズ,Chiba Marine Stadium,千葉マリンスタジアム,Chiba,12,3,15,9,Osaka Kintetsu Buffaloes,Chiba Lotte Marines,Away Win,12-3,9,No,Completed,,,,,,,,,,,武藤,,,,,Osaka Kintetsu Buffaloes defeated Chiba Lotte Marines 12-3 at Chiba Marine Stadium.,2689web.com Archive (https://2689web.com/2000/MK/MK8.html)
245,NPB_2000_20000525_Y_G,2000,Regular Season,Regular Season,Central League,Regular Season,,2000-05-25,Thursday,18:00,Yokohama BayStars,横浜ベイスターズ,Yomiuri Giants,読売ジャイアンツ,Tokyo Dome,東京ドーム,Tokyo,1,0,1,1,Yokohama BayStars,Yomiuri Giants,Away Win,1-0,9,No,Completed,,,,,,,,,,,趙,,,,,Yokohama BayStars defeated Yomiuri Giants 1-0 at Tokyo Dome.,2689web.com Archive (https://2689web.com/2000/GY/GY9.html)
246,NPB_2000_20000525_T_D,2000,Regular Season,Regular Season,Central League,Regular Season,,2000-05-25,Thursday,18:00,Hanshin Tigers,阪神タイガース,Chunichi Dragons,中日ドラゴンズ,Nagoya Dome,ナゴヤドーム,Nagoya,2,1,3,1,Hanshin Tigers,Chunichi Dragons,Away Win,2-1,9,No,Completed,,,,,,,,,,,武田,,,,,Hanshin Tigers defeated Chunichi Dragons 2-1 at Nagoya Dome.,2689web.com Archive (https://2689web.com/2000/DT/DT10.html)
247,NPB_2000_20000525_C_S,2000,Regular Season,Regular Season,Central League,Regular Season,,2000-05-25,Thursday,18:00,Hiroshima Toyo Carp,広島東洋カープ,Tokyo Yakult Swallows,東京ヤクルトスワローズ,Meiji Jingu Stadium,明治神宮野球場,Tokyo,1,2,3,1,Tokyo Yakult Swallows,Hiroshima Toyo Carp,Home Win,1-2,9,No,Completed,,,,,,,,,,レモン,,,,,,Tokyo Yakult Swallows defeated Hiroshima Toyo Carp 1-2 at Meiji Jingu Stadium behind winning pitcher レモン.,2689web.com Archive (https://2689web.com/2000/SC/SC12.html)
248,NPB_2000_20000525_L_H,2000,Regular Season,Regular Season,Pacific League,Regular Season,,2000-05-25,Thursday,18:00,Seibu Lions,西武ライオンズ,Fukuoka Daiei Hawks,福岡ダイエーホークス,Fukuoka Dome,福岡ドーム,Fukuoka,1,0,1,1,Seibu Lions,Fukuoka Daiei Hawks,Away Win,1-0,9,No,Completed,,,,,,,,,,,永井,,,,,Seibu Lions defeated Fukuoka Daiei Hawks 1-0 at Fukuoka Dome.,2689web.com Archive (https://2689web.com/2000/HL/HL11.html)
249,NPB_2000_20000525_K_M,2000,Regular Season,Regular Season,Pacific League,Regular Season,,2000-05-25,Thursday,18:00,Osaka Kintetsu Buffaloes,大阪近鉄バファローズ,Chiba Lotte Marines,千葉ロッテマリーンズ,Chiba Marine Stadium,千葉マリンスタジアム,Chiba,7,6,13,1,Osaka Kintetsu Buffaloes,Chiba Lotte Marines,Away Win,7-6,9,No,Completed,,,,,,,,,,,小林雅,,,,,Osaka Kintetsu Buffaloes defeated Chiba Lotte Marines 7-6 at Chiba Marine Stadium.,2689web.com Archive (https://2689web.com/2000/MK/MK9.html)
250,NPB_2000_20000526_K_F,2000,Regular Season,Regular Season,Pacific League,Regular Season,,2000-05-26,Friday,18:00,Osaka Kintetsu Buffaloes,大阪近鉄バファローズ,Nippon-Ham Fighters,日本ハムファイターズ,Tokyo Dome,東京ドーム,Tokyo,10,5,15,5,Osaka Kintetsu Buffaloes,Nippon-Ham Fighters,Away Win,10-5,9,No,Completed,,,,,,,,,,,建山,,,,,Osaka Kintetsu Buffaloes defeated Nippon-Ham Fighters 10-5 at Tokyo Dome.,2689web.com Archive (https://2689web.com/2000/FK/FK9.html)
251,NPB_2000_20000527_D_G,2000,Regular Season,Regular Season,Central League,Regular Season,,2000-05-27,Saturday,18:00,Chunichi Dragons,中日ドラゴンズ,Yomiuri Giants,読売ジャイアンツ,Tokyo Dome,東京ドーム,Tokyo,3,11,14,8,Yomiuri Giants,Chunichi Dragons,Home Win,3-11,9,No,Completed,,,,,,,,,,上原,,,,,,Yomiuri Giants defeated Chunichi Dragons 3-11 at Tokyo Dome behind winning pitcher 上原.,2689web.com Archive (https://2689web.com/2000/GD/GD7.html)
252,NPB_2000_20000527_T_S,2000,Regular Season,Regular Season,Central League,Regular Season,,2000-05-27,Saturday,18:00,Hanshin Tigers,阪神タイガース,Tokyo Yakult Swallows,東京ヤクルトスワローズ,Meiji Jingu Stadium,明治神宮野球場,Tokyo,1,10,11,9,Tokyo Yakult Swallows,Hanshin Tigers,Home Win,1-10,9,No,Completed,,,,,,,,,,川崎,,,,,,Tokyo Yakult Swallows defeated Hanshin Tigers 1-10 at Meiji Jingu Stadium behind winning pitcher 川崎.,2689web.com Archive (https://2689web.com/2000/ST/ST8.html)
253,NPB_2000_20000527_B_H,2000,Regular Season,Regular Season,Pacific League,Regular Season,,2000-05-27,Saturday,18:00,ORIX BlueWave,オリックス・ブルーウェーブ,Fukuoka Daiei Hawks,福岡ダイエーホークス,Fukuoka Dome,福岡ドーム,Fukuoka,9,10,19,1,Fukuoka Daiei Hawks,ORIX BlueWave,Home Win,9-10,9,No,Completed,,,,,,,,,,篠原,,,,,,Fukuoka Daiei Hawks defeated ORIX BlueWave 9-10 at Fukuoka Dome behind winning pitcher 篠原.,2689web.com Archive (https://2689web.com/2000/HB/HB5.html)
254,NPB_2000_20000527_M_L,2000,Regular Season,Regular Season,Pacific League,Regular Season,,2000-05-27,Saturday,18:00,Chiba Lotte Marines,千葉ロッテマリーンズ,Seibu Lions,西武ライオンズ,Seibu Dome,西武ドーム,Tokorozawa,0,3,3,3,Seibu Lions,Chiba Lotte Marines,Home Win,0-3,9,No,Completed,,,,,,,,,,松坂,,,,,,Seibu Lions defeated Chiba Lotte Marines 0-3 at Seibu Dome behind winning pitcher 松坂.,2689web.com Archive (https://2689web.com/2000/LM/LM9.html)
255,NPB_2000_20000527_K_F,2000,Regular Season,Regular Season,Pacific League,Regular Season,,2000-05-27,Saturday,18:00,Osaka Kintetsu Buffaloes,大阪近鉄バファローズ,Nippon-Ham Fighters,日本ハムファイターズ,Tokyo Dome,東京ドーム,Tokyo,8,5,13,3,Osaka Kintetsu Buffaloes,Nippon-Ham Fighters,Away Win,8-5,9,No,Completed,,,,,,,,,,,岩本,,,,,Osaka Kintetsu Buffaloes defeated Nippon-Ham Fighters 8-5 at Tokyo Dome.,2689web.com Archive (https://2689web.com/2000/FK/FK10.html)
256,NPB_2000_20000528_D_G,2000,Regular Season,Regular Season,Central League,Regular Season,,2000-05-28,Sunday,18:00,Chunichi Dragons,中日ドラゴンズ,Yomiuri Giants,読売ジャイアンツ,Tokyo Dome,東京ドーム,Tokyo,9,8,17,1,Chunichi Dragons,Yomiuri Giants,Away Win,9-8,9,No,Completed,,,,,,,,,,,木村,,,,,Chunichi Dragons defeated Yomiuri Giants 9-8 at Tokyo Dome.,2689web.com Archive (https://2689web.com/2000/GD/GD8.html)
257,NPB_2000_20000528_C_Y,2000,Regular Season,Regular Season,Central League,Regular Season,,2000-05-28,Sunday,18:00,Hiroshima Toyo Carp,広島東洋カープ,Yokohama BayStars,横浜ベイスターズ,Yokohama Stadium,横浜スタジアム,Yokohama,4,1,5,3,Hiroshima Toyo Carp,Yokohama BayStars,Away Win,4-1,9,No,Completed,,,,,,,,,,,野村,,,,,Hiroshima Toyo Carp defeated Yokohama BayStars 4-1 at Yokohama Stadium.,2689web.com Archive (https://2689web.com/2000/YC/YC7.html)
258,NPB_2000_20000528_T_S,2000,Regular Season,Regular Season,Central League,Regular Season,,2000-05-28,Sunday,18:00,Hanshin Tigers,阪神タイガース,Tokyo Yakult Swallows,東京ヤクルトスワローズ,Meiji Jingu Stadium,明治神宮野球場,Tokyo,4,6,10,2,Tokyo Yakult Swallows,Hanshin Tigers,Home Win,4-6,9,No,Completed,,,,,,,,,,ハッカミー,,,,,,Tokyo Yakult Swallows defeated Hanshin Tigers 4-6 at Meiji Jingu Stadium behind winning pitcher ハッカミー.,2689web.com Archive (https://2689web.com/2000/ST/ST9.html)
259,NPB_2000_20000528_B_H,2000,Regular Season,Regular Season,Pacific League,Regular Season,,2000-05-28,Sunday,18:00,ORIX BlueWave,オリックス・ブルーウェーブ,Fukuoka Daiei Hawks,福岡ダイエーホークス,Fukuoka Dome,福岡ドーム,Fukuoka,1,3,4,2,Fukuoka Daiei Hawks,ORIX BlueWave,Home Win,1-3,9,No,Completed,,,,,,,,,,篠原,,,,,,Fukuoka Daiei Hawks defeated ORIX BlueWave 1-3 at Fukuoka Dome behind winning pitcher 篠原.,2689web.com Archive (https://2689web.com/2000/HB/HB6.html)
260,NPB_2000_20000528_M_L,2000,Regular Season,Regular Season,Pacific League,Regular Season,,2000-05-28,Sunday,18:00,Chiba Lotte Marines,千葉ロッテマリーンズ,Seibu Lions,西武ライオンズ,Seibu Dome,西武ドーム,Tokorozawa,5,3,8,2,Chiba Lotte Marines,Seibu Lions,Away Win,5-3,9,No,Completed,,,,,,,,,,,石井,,,,,Chiba Lotte Marines defeated Seibu Lions 5-3 at Seibu Dome.,2689web.com Archive (https://2689web.com/2000/LM/LM10.html)
261,NPB_2000_20000528_K_F,2000,Regular Season,Regular Season,Pacific League,Regular Season,,2000-05-28,Sunday,18:00,Osaka Kintetsu Buffaloes,大阪近鉄バファローズ,Nippon-Ham Fighters,日本ハムファイターズ,Tokyo Dome,東京ドーム,Tokyo,3,5,8,2,Nippon-Ham Fighters,Osaka Kintetsu Buffaloes,Home Win,3-5,9,No,Completed,,,,,,,,,,立石,,,,,,Nippon-Ham Fighters defeated Osaka Kintetsu Buffaloes 3-5 at Tokyo Dome behind winning pitcher 立石.,2689web.com Archive (https://2689web.com/2000/FK/FK11.html)
262,NPB_2000_20000530_C_G,2000,Regular Season,Regular Season,Central League,Regular Season,,2000-05-30,Tuesday,18:00,Hiroshima Toyo Carp,広島東洋カープ,Yomiuri Giants,読売ジャイアンツ,Tokyo Dome,東京ドーム,Tokyo,8,2,10,6,Hiroshima Toyo Carp,Yomiuri Giants,Away Win,8-2,9,No,Completed,,,,,,,,,,,工藤,,,,,Hiroshima Toyo Carp defeated Yomiuri Giants 8-2 at Tokyo Dome.,2689web.com Archive (https://2689web.com/2000/GC/GC10.html)
263,NPB_2000_20000530_S_D,2000,Regular Season,Regular Season,Central League,Regular Season,,2000-05-30,Tuesday,18:00,Tokyo Yakult Swallows,東京ヤクルトスワローズ,Chunichi Dragons,中日ドラゴンズ,Nagoya Dome,ナゴヤドーム,Nagoya,3,1,4,2,Tokyo Yakult Swallows,Chunichi Dragons,Away Win,3-1,9,No,Completed,,,,,,,,,,,バンチ,,,,,Tokyo Yakult Swallows defeated Chunichi Dragons 3-1 at Nagoya Dome.,2689web.com Archive (https://2689web.com/2000/DS/DS6.html)
264,NPB_2000_20000530_T_Y,2000,Regular Season,Regular Season,Central League,Regular Season,,2000-05-30,Tuesday,18:00,Hanshin Tigers,阪神タイガース,Yokohama BayStars,横浜ベイスターズ,Yokohama Stadium,横浜スタジアム,Yokohama,2,0,2,2,Hanshin Tigers,Yokohama BayStars,Away Win,2-0,9,No,Completed,,,,,,,,,,,斎藤隆,,,,,Hanshin Tigers defeated Yokohama BayStars 2-0 at Yokohama Stadium.,2689web.com Archive (https://2689web.com/2000/YT/YT9.html)
265,NPB_2000_20000530_F_H,2000,Regular Season,Regular Season,Pacific League,Regular Season,,2000-05-30,Tuesday,18:00,Nippon-Ham Fighters,日本ハムファイターズ,Fukuoka Daiei Hawks,福岡ダイエーホークス,Fukuoka Dome,福岡ドーム,Fukuoka,6,3,9,3,Nippon-Ham Fighters,Fukuoka Daiei Hawks,Away Win,6-3,9,No,Completed,,,,,,,,,,,ラジオ,,,,,Nippon-Ham Fighters defeated Fukuoka Daiei Hawks 6-3 at Fukuoka Dome.,2689web.com Archive (https://2689web.com/2000/HF/HF10.html)
266,NPB_2000_20000530_B_L,2000,Regular Season,Regular Season,Pacific League,Regular Season,,2000-05-30,Tuesday,18:00,ORIX BlueWave,オリックス・ブルーウェーブ,Seibu Lions,西武ライオンズ,Seibu Dome,西武ドーム,Tokorozawa,3,4,7,1,Seibu Lions,ORIX BlueWave,Home Win,3-4,9,No,Completed,,,,,,,,,,西崎,,,,,,Seibu Lions defeated ORIX BlueWave 3-4 at Seibu Dome behind winning pitcher 西崎.,2689web.com Archive (https://2689web.com/2000/LB/LB7.html)
267,NPB_2000_20000530_K_M,2000,Regular Season,Regular Season,Pacific League,Regular Season,,2000-05-30,Tuesday,18:00,Osaka Kintetsu Buffaloes,大阪近鉄バファローズ,Chiba Lotte Marines,千葉ロッテマリーンズ,Chiba Marine Stadium,千葉マリンスタジアム,Chiba,0,1,1,1,Chiba Lotte Marines,Osaka Kintetsu Buffaloes,Home Win,0-1,9,No,Completed,,,,,,,,,,吉田,,,,,,Chiba Lotte Marines defeated Osaka Kintetsu Buffaloes 0-1 at Chiba Marine Stadium behind winning pitcher 吉田.,2689web.com Archive (https://2689web.com/2000/MK/MK10.html)
268,NPB_2000_20000531_F_H,2000,Regular Season,Regular Season,Pacific League,Regular Season,,2000-05-31,Wednesday,18:00,Nippon-Ham Fighters,日本ハムファイターズ,Fukuoka Daiei Hawks,福岡ダイエーホークス,Fukuoka Dome,福岡ドーム,Fukuoka,5,6,11,1,Fukuoka Daiei Hawks,Nippon-Ham Fighters,Home Win,5-6,9,No,Completed,,,,,,,,,,篠原,,,,,,Fukuoka Daiei Hawks defeated Nippon-Ham Fighters 5-6 at Fukuoka Dome behind winning pitcher 篠原.,2689web.com Archive (https://2689web.com/2000/HF/HF11.html)
269,NPB_2000_20000601_C_G,2000,Regular Season,Regular Season,Central League,Regular Season,,2000-06-01,Thursday,18:00,Hiroshima Toyo Carp,広島東洋カープ,Yomiuri Giants,読売ジャイアンツ,Tokyo Dome,東京ドーム,Tokyo,7,5,12,2,Hiroshima Toyo Carp,Yomiuri Giants,Away Win,7-5,9,No,Completed,,,,,,,,,,,メイ,,,,,Hiroshima Toyo Carp defeated Yomiuri Giants 7-5 at Tokyo Dome.,2689web.com Archive (https://2689web.com/2000/GC/GC11.html)
270,NPB_2000_20000601_T_Y,2000,Regular Season,Regular Season,Central League,Regular Season,,2000-06-01,Thursday,18:00,Hanshin Tigers,阪神タイガース,Yokohama BayStars,横浜ベイスターズ,Yokohama Stadium,横浜スタジアム,Yokohama,1,9,10,8,Yokohama BayStars,Hanshin Tigers,Home Win,1-9,9,No,Completed,,,,,,,,,,小宮山,,,,,,Yokohama BayStars defeated Hanshin Tigers 1-9 at Yokohama Stadium behind winning pitcher 小宮山.,2689web.com Archive (https://2689web.com/2000/YT/YT10.html)
271,NPB_2000_20000601_F_H,2000,Regular Season,Regular Season,Pacific League,Regular Season,,2000-06-01,Thursday,18:00,Nippon-Ham Fighters,日本ハムファイターズ,Fukuoka Daiei Hawks,福岡ダイエーホークス,Fukuoka Dome,福岡ドーム,Fukuoka,3,6,9,3,Fukuoka Daiei Hawks,Nippon-Ham Fighters,Home Win,3-6,9,No,Completed,,,,,,,,,,吉田,,,,,,Fukuoka Daiei Hawks defeated Nippon-Ham Fighters 3-6 at Fukuoka Dome behind winning pitcher 吉田.,2689web.com Archive (https://2689web.com/2000/HF/HF12.html)
272,NPB_2000_20000601_B_L,2000,Regular Season,Regular Season,Pacific League,Regular Season,,2000-06-01,Thursday,18:00,ORIX BlueWave,オリックス・ブルーウェーブ,Seibu Lions,西武ライオンズ,Seibu Dome,西武ドーム,Tokorozawa,7,11,18,4,Seibu Lions,ORIX BlueWave,Home Win,7-11,9,No,Completed,,,,,,,,,,西崎,,,,,,Seibu Lions defeated ORIX BlueWave 7-11 at Seibu Dome behind winning pitcher 西崎.,2689web.com Archive (https://2689web.com/2000/LB/LB8.html)
273,NPB_2000_20000601_K_M,2000,Regular Season,Regular Season,Pacific League,Regular Season,,2000-06-01,Thursday,18:00,Osaka Kintetsu Buffaloes,大阪近鉄バファローズ,Chiba Lotte Marines,千葉ロッテマリーンズ,Chiba Marine Stadium,千葉マリンスタジアム,Chiba,10,5,15,5,Osaka Kintetsu Buffaloes,Chiba Lotte Marines,Away Win,10-5,9,No,Completed,,,,,,,,,,,黒木,,,,,Osaka Kintetsu Buffaloes defeated Chiba Lotte Marines 10-5 at Chiba Marine Stadium.,2689web.com Archive (https://2689web.com/2000/MK/MK11.html)
274,NPB_2000_20000602_D_G,2000,Regular Season,Regular Season,Central League,Regular Season,,2000-06-02,Friday,18:00,Chunichi Dragons,中日ドラゴンズ,Yomiuri Giants,読売ジャイアンツ,Tokyo Dome,東京ドーム,Tokyo,3,6,9,3,Yomiuri Giants,Chunichi Dragons,Home Win,3-6,9,No,Completed,,,,,,,,,,岡島,,,,,,Yomiuri Giants defeated Chunichi Dragons 3-6 at Tokyo Dome behind winning pitcher 岡島.,2689web.com Archive (https://2689web.com/2000/GD/GD9.html)
275,NPB_2000_20000602_S_Y,2000,Regular Season,Regular Season,Central League,Regular Season,,2000-06-02,Friday,18:00,Tokyo Yakult Swallows,東京ヤクルトスワローズ,Yokohama BayStars,横浜ベイスターズ,Yokohama Stadium,横浜スタジアム,Yokohama,2,5,7,3,Yokohama BayStars,Tokyo Yakult Swallows,Home Win,2-5,9,No,Completed,,,,,,,,,,川村,,,,,,Yokohama BayStars defeated Tokyo Yakult Swallows 2-5 at Yokohama Stadium behind winning pitcher 川村.,2689web.com Archive (https://2689web.com/2000/YS/YS6.html)
276,NPB_2000_20000602_T_C,2000,Regular Season,Regular Season,Central League,Regular Season,,2000-06-02,Friday,18:00,Hanshin Tigers,阪神タイガース,Hiroshima Toyo Carp,広島東洋カープ,Hiroshima Municipal Stadium,旧広島市民球場,Hiroshima,2,3,5,1,Hiroshima Toyo Carp,Hanshin Tigers,Home Win,2-3,9,No,Completed,,,,,,,,,,佐々岡,,,,,,Hiroshima Toyo Carp defeated Hanshin Tigers 2-3 at Hiroshima Municipal Stadium behind winning pitcher 佐々岡.,2689web.com Archive (https://2689web.com/2000/CT/CT9.html)
277,NPB_2000_20000602_M_H,2000,Regular Season,Regular Season,Pacific League,Regular Season,,2000-06-02,Friday,18:00,Chiba Lotte Marines,千葉ロッテマリーンズ,Fukuoka Daiei Hawks,福岡ダイエーホークス,Fukuoka Dome,福岡ドーム,Fukuoka,6,7,13,1,Fukuoka Daiei Hawks,Chiba Lotte Marines,Home Win,6-7,9,No,Completed,,,,,,,,,,吉田,,,,,,Fukuoka Daiei Hawks defeated Chiba Lotte Marines 6-7 at Fukuoka Dome behind winning pitcher 吉田.,2689web.com Archive (https://2689web.com/2000/HM/HM8.html)
278,NPB_2000_20000602_F_L,2000,Regular Season,Regular Season,Pacific League,Regular Season,,2000-06-02,Friday,18:00,Nippon-Ham Fighters,日本ハムファイターズ,Seibu Lions,西武ライオンズ,Seibu Dome,西武ドーム,Tokorozawa,5,8,13,3,Seibu Lions,Nippon-Ham Fighters,Home Win,5-8,9,No,Completed,,,,,,,,,,森,,,,,,Seibu Lions defeated Nippon-Ham Fighters 5-8 at Seibu Dome behind winning pitcher 森.,2689web.com Archive (https://2689web.com/2000/LF/LF9.html)
279,NPB_2000_20000602_K_B,2000,Regular Season,Regular Season,Pacific League,Regular Season,,2000-06-02,Friday,18:00,Osaka Kintetsu Buffaloes,大阪近鉄バファローズ,ORIX BlueWave,オリックス・ブルーウェーブ,Green Stadium Kobe,グリーンスタジアム神戸,Kobe,4,5,9,1,ORIX BlueWave,Osaka Kintetsu Buffaloes,Home Win,4-5,9,No,Completed,,,,,,,,,,小倉,,,,,,ORIX BlueWave defeated Osaka Kintetsu Buffaloes 4-5 at Green Stadium Kobe behind winning pitcher 小倉.,2689web.com Archive (https://2689web.com/2000/BK/BK8.html)
280,NPB_2000_20000603_D_G,2000,Regular Season,Regular Season,Central League,Regular Season,,2000-06-03,Saturday,18:00,Chunichi Dragons,中日ドラゴンズ,Yomiuri Giants,読売ジャイアンツ,Tokyo Dome,東京ドーム,Tokyo,4,11,15,7,Yomiuri Giants,Chunichi Dragons,Home Win,4-11,9,No,Completed,,,,,,,,,,上原,,,,,,Yomiuri Giants defeated Chunichi Dragons 4-11 at Tokyo Dome behind winning pitcher 上原.,2689web.com Archive (https://2689web.com/2000/GD/GD10.html)
281,NPB_2000_20000603_S_Y,2000,Regular Season,Regular Season,Central League,Regular Season,,2000-06-03,Saturday,18:00,Tokyo Yakult Swallows,東京ヤクルトスワローズ,Yokohama BayStars,横浜ベイスターズ,Yokohama Stadium,横浜スタジアム,Yokohama,6,9,15,3,Yokohama BayStars,Tokyo Yakult Swallows,Home Win,6-9,9,No,Completed,,,,,,,,,,木塚,,,,,,Yokohama BayStars defeated Tokyo Yakult Swallows 6-9 at Yokohama Stadium behind winning pitcher 木塚.,2689web.com Archive (https://2689web.com/2000/YS/YS7.html)
282,NPB_2000_20000603_T_C,2000,Regular Season,Regular Season,Central League,Regular Season,,2000-06-03,Saturday,18:00,Hanshin Tigers,阪神タイガース,Hiroshima Toyo Carp,広島東洋カープ,Hiroshima Municipal Stadium,旧広島市民球場,Hiroshima,2,1,3,1,Hanshin Tigers,Hiroshima Toyo Carp,Away Win,2-1,9,No,Completed,,,,,,,,,,,ミンチー,,,,,Hanshin Tigers defeated Hiroshima Toyo Carp 2-1 at Hiroshima Municipal Stadium.,2689web.com Archive (https://2689web.com/2000/CT/CT10.html)
283,NPB_2000_20000603_M_H,2000,Regular Season,Regular Season,Pacific League,Regular Season,,2000-06-03,Saturday,18:00,Chiba Lotte Marines,千葉ロッテマリーンズ,Fukuoka Daiei Hawks,福岡ダイエーホークス,Fukuoka Dome,福岡ドーム,Fukuoka,11,6,17,5,Chiba Lotte Marines,Fukuoka Daiei Hawks,Away Win,11-6,9,No,Completed,,,,,,,,,,,若田部,,,,,Chiba Lotte Marines defeated Fukuoka Daiei Hawks 11-6 at Fukuoka Dome.,2689web.com Archive (https://2689web.com/2000/HM/HM9.html)
284,NPB_2000_20000603_F_L,2000,Regular Season,Regular Season,Pacific League,Regular Season,,2000-06-03,Saturday,18:00,Nippon-Ham Fighters,日本ハムファイターズ,Seibu Lions,西武ライオンズ,Seibu Dome,西武ドーム,Tokorozawa,17,3,20,14,Nippon-Ham Fighters,Seibu Lions,Away Win,17-3,9,No,Completed,,,,,,,,,,,松坂,,,,,Nippon-Ham Fighters defeated Seibu Lions 17-3 at Seibu Dome.,2689web.com Archive (https://2689web.com/2000/LF/LF10.html)
285,NPB_2000_20000603_K_B,2000,Regular Season,Regular Season,Pacific League,Regular Season,,2000-06-03,Saturday,18:00,Osaka Kintetsu Buffaloes,大阪近鉄バファローズ,ORIX BlueWave,オリックス・ブルーウェーブ,Green Stadium Kobe,グリーンスタジアム神戸,Kobe,17,3,20,14,Osaka Kintetsu Buffaloes,ORIX BlueWave,Away Win,17-3,9,No,Completed,,,,,,,,,,,小林,,,,,Osaka Kintetsu Buffaloes defeated ORIX BlueWave 17-3 at Green Stadium Kobe.,2689web.com Archive (https://2689web.com/2000/BK/BK9.html)
286,NPB_2000_20000604_D_G,2000,Regular Season,Regular Season,Central League,Regular Season,,2000-06-04,Sunday,18:00,Chunichi Dragons,中日ドラゴンズ,Yomiuri Giants,読売ジャイアンツ,Tokyo Dome,東京ドーム,Tokyo,4,3,7,1,Chunichi Dragons,Yomiuri Giants,Away Win,4-3,9,No,Completed,,,,,,,,,,,趙,,,,,Chunichi Dragons defeated Yomiuri Giants 4-3 at Tokyo Dome.,2689web.com Archive (https://2689web.com/2000/GD/GD11.html)
287,NPB_2000_20000604_S_Y,2000,Regular Season,Regular Season,Central League,Regular Season,,2000-06-04,Sunday,18:00,Tokyo Yakult Swallows,東京ヤクルトスワローズ,Yokohama BayStars,横浜ベイスターズ,Yokohama Stadium,横浜スタジアム,Yokohama,9,4,13,5,Tokyo Yakult Swallows,Yokohama BayStars,Away Win,9-4,9,No,Completed,,,,,,,,,,,横山,,,,,Tokyo Yakult Swallows defeated Yokohama BayStars 9-4 at Yokohama Stadium.,2689web.com Archive (https://2689web.com/2000/YS/YS8.html)
288,NPB_2000_20000604_T_C,2000,Regular Season,Regular Season,Central League,Regular Season,,2000-06-04,Sunday,18:00,Hanshin Tigers,阪神タイガース,Hiroshima Toyo Carp,広島東洋カープ,Hiroshima Municipal Stadium,旧広島市民球場,Hiroshima,5,6,11,1,Hiroshima Toyo Carp,Hanshin Tigers,Home Win,5-6,9,No,Completed,,,,,,,,,,河野,,,,,,Hiroshima Toyo Carp defeated Hanshin Tigers 5-6 at Hiroshima Municipal Stadium behind winning pitcher 河野.,2689web.com Archive (https://2689web.com/2000/CT/CT11.html)
289,NPB_2000_20000604_M_H,2000,Regular Season,Regular Season,Pacific League,Regular Season,,2000-06-04,Sunday,18:00,Chiba Lotte Marines,千葉ロッテマリーンズ,Fukuoka Daiei Hawks,福岡ダイエーホークス,Fukuoka Dome,福岡ドーム,Fukuoka,3,0,3,3,Chiba Lotte Marines,Fukuoka Daiei Hawks,Away Win,3-0,9,No,Completed,,,,,,,,,,,ラジオ,,,,,Chiba Lotte Marines defeated Fukuoka Daiei Hawks 3-0 at Fukuoka Dome.,2689web.com Archive (https://2689web.com/2000/HM/HM10.html)
290,NPB_2000_20000604_F_L,2000,Regular Season,Regular Season,Pacific League,Regular Season,,2000-06-04,Sunday,18:00,Nippon-Ham Fighters,日本ハムファイターズ,Seibu Lions,西武ライオンズ,Seibu Dome,西武ドーム,Tokorozawa,3,1,4,2,Nippon-Ham Fighters,Seibu Lions,Away Win,3-1,9,No,Completed,,,,,,,,,,,デニー,,,,,Nippon-Ham Fighters defeated Seibu Lions 3-1 at Seibu Dome.,2689web.com Archive (https://2689web.com/2000/LF/LF11.html)
291,NPB_2000_20000604_K_B,2000,Regular Season,Regular Season,Pacific League,Regular Season,,2000-06-04,Sunday,18:00,Osaka Kintetsu Buffaloes,大阪近鉄バファローズ,ORIX BlueWave,オリックス・ブルーウェーブ,Green Stadium Kobe,グリーンスタジアム神戸,Kobe,4,2,6,2,Osaka Kintetsu Buffaloes,ORIX BlueWave,Away Win,4-2,9,No,Completed,,,,,,,,,,,川越,,,,,Osaka Kintetsu Buffaloes defeated ORIX BlueWave 4-2 at Green Stadium Kobe.,2689web.com Archive (https://2689web.com/2000/BK/BK10.html)
292,NPB_2000_20000606_T_G,2000,Regular Season,Regular Season,Central League,Regular Season,,2000-06-06,Tuesday,18:00,Hanshin Tigers,阪神タイガース,Yomiuri Giants,読売ジャイアンツ,Tokyo Dome,東京ドーム,Tokyo,1,4,5,3,Yomiuri Giants,Hanshin Tigers,Home Win,1-4,9,No,Completed,,,,,,,,,,工藤,,,,,,Yomiuri Giants defeated Hanshin Tigers 1-4 at Tokyo Dome behind winning pitcher 工藤.,2689web.com Archive (https://2689web.com/2000/GT/GT10.html)
293,NPB_2000_20000606_S_D,2000,Regular Season,Regular Season,Central League,Regular Season,,2000-06-06,Tuesday,18:00,Tokyo Yakult Swallows,東京ヤクルトスワローズ,Chunichi Dragons,中日ドラゴンズ,Nagoya Dome,ナゴヤドーム,Nagoya,1,5,6,4,Chunichi Dragons,Tokyo Yakult Swallows,Home Win,1-5,9,No,Completed,,,,,,,,,,バンチ,,,,,,Chunichi Dragons defeated Tokyo Yakult Swallows 1-5 at Nagoya Dome behind winning pitcher バンチ.,2689web.com Archive (https://2689web.com/2000/DS/DS7.html)
294,NPB_2000_20000606_C_Y,2000,Regular Season,Regular Season,Central League,Regular Season,,2000-06-06,Tuesday,18:00,Hiroshima Toyo Carp,広島東洋カープ,Yokohama BayStars,横浜ベイスターズ,Yokohama Stadium,横浜スタジアム,Yokohama,3,2,5,1,Hiroshima Toyo Carp,Yokohama BayStars,Away Win,3-2,9,No,Completed,,,,,,,,,,,斎藤隆,,,,,Hiroshima Toyo Carp defeated Yokohama BayStars 3-2 at Yokohama Stadium.,2689web.com Archive (https://2689web.com/2000/YC/YC8.html)
295,NPB_2000_20000606_B_H,2000,Regular Season,Regular Season,Pacific League,Regular Season,,2000-06-06,Tuesday,18:00,ORIX BlueWave,オリックス・ブルーウェーブ,Fukuoka Daiei Hawks,福岡ダイエーホークス,Fukuoka Dome,福岡ドーム,Fukuoka,11,1,12,10,ORIX BlueWave,Fukuoka Daiei Hawks,Away Win,11-1,9,No,Completed,,,,,,,,,,,永井,,,,,ORIX BlueWave defeated Fukuoka Daiei Hawks 11-1 at Fukuoka Dome.,2689web.com Archive (https://2689web.com/2000/HB/HB7.html)
296,NPB_2000_20000606_K_L,2000,Regular Season,Regular Season,Pacific League,Regular Season,,2000-06-06,Tuesday,18:00,Osaka Kintetsu Buffaloes,大阪近鉄バファローズ,Seibu Lions,西武ライオンズ,Seibu Dome,西武ドーム,Tokorozawa,6,2,8,4,Osaka Kintetsu Buffaloes,Seibu Lions,Away Win,6-2,9,No,Completed,,,,,,,,,,,豊田,,,,,Osaka Kintetsu Buffaloes defeated Seibu Lions 6-2 at Seibu Dome.,2689web.com Archive (https://2689web.com/2000/LK/LK7.html)
297,NPB_2000_20000606_M_F,2000,Regular Season,Regular Season,Pacific League,Regular Season,,2000-06-06,Tuesday,18:00,Chiba Lotte Marines,千葉ロッテマリーンズ,Nippon-Ham Fighters,日本ハムファイターズ,Tokyo Dome,東京ドーム,Tokyo,2,8,10,6,Nippon-Ham Fighters,Chiba Lotte Marines,Home Win,2-8,9,No,Completed,,,,,,,,,,建山,,,,,,Nippon-Ham Fighters defeated Chiba Lotte Marines 2-8 at Tokyo Dome behind winning pitcher 建山.,2689web.com Archive (https://2689web.com/2000/FM/FM9.html)
298,NPB_2000_20000607_T_G,2000,Regular Season,Regular Season,Central League,Regular Season,,2000-06-07,Wednesday,18:00,Hanshin Tigers,阪神タイガース,Yomiuri Giants,読売ジャイアンツ,Tokyo Dome,東京ドーム,Tokyo,1,6,7,5,Yomiuri Giants,Hanshin Tigers,Home Win,1-6,9,No,Completed,,,,,,,,,,メイ,,,,,,Yomiuri Giants defeated Hanshin Tigers 1-6 at Tokyo Dome behind winning pitcher メイ.,2689web.com Archive (https://2689web.com/2000/GT/GT11.html)
299,NPB_2000_20000607_S_D,2000,Regular Season,Regular Season,Central League,Regular Season,,2000-06-07,Wednesday,18:00,Tokyo Yakult Swallows,東京ヤクルトスワローズ,Chunichi Dragons,中日ドラゴンズ,Nagoya Dome,ナゴヤドーム,Nagoya,7,13,20,6,Chunichi Dragons,Tokyo Yakult Swallows,Home Win,7-13,9,No,Completed,,,,,,,,,,正津,,,,,,Chunichi Dragons defeated Tokyo Yakult Swallows 7-13 at Nagoya Dome behind winning pitcher 正津.,2689web.com Archive (https://2689web.com/2000/DS/DS8.html)
300,NPB_2000_20000607_C_Y,2000,Regular Season,Regular Season,Central League,Regular Season,,2000-06-07,Wednesday,18:00,Hiroshima Toyo Carp,広島東洋カープ,Yokohama BayStars,横浜ベイスターズ,Yokohama Stadium,横浜スタジアム,Yokohama,9,16,25,7,Yokohama BayStars,Hiroshima Toyo Carp,Home Win,9-16,9,No,Completed,,,,,,,,,,小宮山,,,,,,Yokohama BayStars defeated Hiroshima Toyo Carp 9-16 at Yokohama Stadium behind winning pitcher 小宮山.,2689web.com Archive (https://2689web.com/2000/YC/YC9.html)
301,NPB_2000_20000607_B_H,2000,Regular Season,Regular Season,Pacific League,Regular Season,,2000-06-07,Wednesday,18:00,ORIX BlueWave,オリックス・ブルーウェーブ,Fukuoka Daiei Hawks,福岡ダイエーホークス,Fukuoka Dome,福岡ドーム,Fukuoka,6,3,9,3,ORIX BlueWave,Fukuoka Daiei Hawks,Away Win,6-3,9,No,Completed,,,,,,,,,,,土井,,,,,ORIX BlueWave defeated Fukuoka Daiei Hawks 6-3 at Fukuoka Dome.,2689web.com Archive (https://2689web.com/2000/HB/HB8.html)
302,NPB_2000_20000607_K_L,2000,Regular Season,Regular Season,Pacific League,Regular Season,,2000-06-07,Wednesday,18:00,Osaka Kintetsu Buffaloes,大阪近鉄バファローズ,Seibu Lions,西武ライオンズ,Seibu Dome,西武ドーム,Tokorozawa,4,10,14,6,Seibu Lions,Osaka Kintetsu Buffaloes,Home Win,4-10,9,No,Completed,,,,,,,,,,西口,,,,,,Seibu Lions defeated Osaka Kintetsu Buffaloes 4-10 at Seibu Dome behind winning pitcher 西口.,2689web.com Archive (https://2689web.com/2000/LK/LK8.html)
303,NPB_2000_20000607_M_F,2000,Regular Season,Regular Season,Pacific League,Regular Season,,2000-06-07,Wednesday,18:00,Chiba Lotte Marines,千葉ロッテマリーンズ,Nippon-Ham Fighters,日本ハムファイターズ,Tokyo Dome,東京ドーム,Tokyo,2,6,8,4,Nippon-Ham Fighters,Chiba Lotte Marines,Home Win,2-6,9,No,Completed,,,,,,,,,,関根,,,,,,Nippon-Ham Fighters defeated Chiba Lotte Marines 2-6 at Tokyo Dome behind winning pitcher 関根.,2689web.com Archive (https://2689web.com/2000/FM/FM10.html)
304,NPB_2000_20000608_T_G,2000,Regular Season,Regular Season,Central League,Regular Season,,2000-06-08,Thursday,18:00,Hanshin Tigers,阪神タイガース,Yomiuri Giants,読売ジャイアンツ,Tokyo Dome,東京ドーム,Tokyo,6,5,11,1,Hanshin Tigers,Yomiuri Giants,Away Win,6-5,9,No,Completed,,,,,,,,,,,桑田,,,,,Hanshin Tigers defeated Yomiuri Giants 6-5 at Tokyo Dome.,2689web.com Archive (https://2689web.com/2000/GT/GT12.html)
305,NPB_2000_20000608_S_D,2000,Regular Season,Regular Season,Central League,Regular Season,,2000-06-08,Thursday,18:00,Tokyo Yakult Swallows,東京ヤクルトスワローズ,Chunichi Dragons,中日ドラゴンズ,Nagoya Dome,ナゴヤドーム,Nagoya,4,7,11,3,Chunichi Dragons,Tokyo Yakult Swallows,Home Win,4-7,9,No,Completed,,,,,,,,,,鈴木平,,,,,,Chunichi Dragons defeated Tokyo Yakult Swallows 4-7 at Nagoya Dome behind winning pitcher 鈴木平.,2689web.com Archive (https://2689web.com/2000/DS/DS9.html)
306,NPB_2000_20000608_C_Y,2000,Regular Season,Regular Season,Central League,Regular Season,,2000-06-08,Thursday,18:00,Hiroshima Toyo Carp,広島東洋カープ,Yokohama BayStars,横浜ベイスターズ,Yokohama Stadium,横浜スタジアム,Yokohama,8,1,9,7,Hiroshima Toyo Carp,Yokohama BayStars,Away Win,8-1,9,No,Completed,,,,,,,,,,,川村,,,,,Hiroshima Toyo Carp defeated Yokohama BayStars 8-1 at Yokohama Stadium.,2689web.com Archive (https://2689web.com/2000/YC/YC10.html)
307,NPB_2000_20000608_M_F,2000,Regular Season,Regular Season,Pacific League,Regular Season,,2000-06-08,Thursday,18:00,Chiba Lotte Marines,千葉ロッテマリーンズ,Nippon-Ham Fighters,日本ハムファイターズ,Tokyo Dome,東京ドーム,Tokyo,2,8,10,6,Nippon-Ham Fighters,Chiba Lotte Marines,Home Win,2-8,9,No,Completed,,,,,,,,,,伊藤,,,,,,Nippon-Ham Fighters defeated Chiba Lotte Marines 2-8 at Tokyo Dome behind winning pitcher 伊藤.,2689web.com Archive (https://2689web.com/2000/FM/FM11.html)
308,NPB_2000_20000609_K_H,2000,Regular Season,Regular Season,Pacific League,Regular Season,,2000-06-09,Friday,18:00,Osaka Kintetsu Buffaloes,大阪近鉄バファローズ,Fukuoka Daiei Hawks,福岡ダイエーホークス,Fukuoka Dome,福岡ドーム,Fukuoka,3,2,5,1,Osaka Kintetsu Buffaloes,Fukuoka Daiei Hawks,Away Win,3-2,9,No,Completed,,,,,,,,,,,若田部,,,,,Osaka Kintetsu Buffaloes defeated Fukuoka Daiei Hawks 3-2 at Fukuoka Dome.,2689web.com Archive (https://2689web.com/2000/HK/HK12.html)
309,NPB_2000_20000609_M_L,2000,Regular Season,Regular Season,Pacific League,Regular Season,,2000-06-09,Friday,18:00,Chiba Lotte Marines,千葉ロッテマリーンズ,Seibu Lions,西武ライオンズ,Seibu Dome,西武ドーム,Tokorozawa,3,6,9,3,Seibu Lions,Chiba Lotte Marines,Home Win,3-6,9,No,Completed,,,,,,,,,,谷中,,,,,,Seibu Lions defeated Chiba Lotte Marines 3-6 at Seibu Dome behind winning pitcher 谷中.,2689web.com Archive (https://2689web.com/2000/LM/LM11.html)
310,NPB_2000_20000609_B_F,2000,Regular Season,Regular Season,Pacific League,Regular Season,,2000-06-09,Friday,18:00,ORIX BlueWave,オリックス・ブルーウェーブ,Nippon-Ham Fighters,日本ハムファイターズ,Tokyo Dome,東京ドーム,Tokyo,11,10,21,1,ORIX BlueWave,Nippon-Ham Fighters,Away Win,11-10,9,No,Completed,,,,,,,,,,,清水,,,,,ORIX BlueWave defeated Nippon-Ham Fighters 11-10 at Tokyo Dome.,2689web.com Archive (https://2689web.com/2000/FB/FB11.html)
311,NPB_2000_20000610_S_G,2000,Regular Season,Regular Season,Central League,Regular Season,,2000-06-10,Saturday,18:00,Tokyo Yakult Swallows,東京ヤクルトスワローズ,Yomiuri Giants,読売ジャイアンツ,Tokyo Dome,東京ドーム,Tokyo,2,1,3,1,Tokyo Yakult Swallows,Yomiuri Giants,Away Win,2-1,9,No,Completed,,,,,,,,,,,上原,,,,,Tokyo Yakult Swallows defeated Yomiuri Giants 2-1 at Tokyo Dome.,2689web.com Archive (https://2689web.com/2000/GS/GS11.html)
312,NPB_2000_20000610_C_D,2000,Regular Season,Regular Season,Central League,Regular Season,,2000-06-10,Saturday,18:00,Hiroshima Toyo Carp,広島東洋カープ,Chunichi Dragons,中日ドラゴンズ,Nagoya Dome,ナゴヤドーム,Nagoya,8,4,12,4,Hiroshima Toyo Carp,Chunichi Dragons,Away Win,8-4,9,No,Completed,,,,,,,,,,,正津,,,,,Hiroshima Toyo Carp defeated Chunichi Dragons 8-4 at Nagoya Dome.,2689web.com Archive (https://2689web.com/2000/DC/DC12.html)
313,NPB_2000_20000610_T_Y,2000,Regular Season,Regular Season,Central League,Regular Season,,2000-06-10,Saturday,18:00,Hanshin Tigers,阪神タイガース,Yokohama BayStars,横浜ベイスターズ,Yokohama Stadium,横浜スタジアム,Yokohama,7,6,13,1,Hanshin Tigers,Yokohama BayStars,Away Win,7-6,9,No,Completed,,,,,,,,,,,河原,,,,,Hanshin Tigers defeated Yokohama BayStars 7-6 at Yokohama Stadium.,2689web.com Archive (https://2689web.com/2000/YT/YT11.html)
314,NPB_2000_20000610_K_H,2000,Regular Season,Regular Season,Pacific League,Regular Season,,2000-06-10,Saturday,18:00,Osaka Kintetsu Buffaloes,大阪近鉄バファローズ,Fukuoka Daiei Hawks,福岡ダイエーホークス,Fukuoka Dome,福岡ドーム,Fukuoka,1,4,5,3,Fukuoka Daiei Hawks,Osaka Kintetsu Buffaloes,Home Win,1-4,9,No,Completed,,,,,,,,,,ラジオ,,,,,,Fukuoka Daiei Hawks defeated Osaka Kintetsu Buffaloes 1-4 at Fukuoka Dome behind winning pitcher ラジオ.,2689web.com Archive (https://2689web.com/2000/HK/HK13.html)
315,NPB_2000_20000610_M_L,2000,Regular Season,Regular Season,Pacific League,Regular Season,,2000-06-10,Saturday,18:00,Chiba Lotte Marines,千葉ロッテマリーンズ,Seibu Lions,西武ライオンズ,Seibu Dome,西武ドーム,Tokorozawa,11,3,14,8,Chiba Lotte Marines,Seibu Lions,Away Win,11-3,9,No,Completed,,,,,,,,,,,松坂,,,,,Chiba Lotte Marines defeated Seibu Lions 11-3 at Seibu Dome.,2689web.com Archive (https://2689web.com/2000/LM/LM12.html)
316,NPB_2000_20000610_B_F,2000,Regular Season,Regular Season,Pacific League,Regular Season,,2000-06-10,Saturday,18:00,ORIX BlueWave,オリックス・ブルーウェーブ,Nippon-Ham Fighters,日本ハムファイターズ,Tokyo Dome,東京ドーム,Tokyo,4,13,17,9,Nippon-Ham Fighters,ORIX BlueWave,Home Win,4-13,9,No,Completed,,,,,,,,,,岩本,,,,,,Nippon-Ham Fighters defeated ORIX BlueWave 4-13 at Tokyo Dome behind winning pitcher 岩本.,2689web.com Archive (https://2689web.com/2000/FB/FB12.html)
317,NPB_2000_20000611_S_G,2000,Regular Season,Regular Season,Central League,Regular Season,,2000-06-11,Sunday,18:00,Tokyo Yakult Swallows,東京ヤクルトスワローズ,Yomiuri Giants,読売ジャイアンツ,Tokyo Dome,東京ドーム,Tokyo,6,0,6,6,Tokyo Yakult Swallows,Yomiuri Giants,Away Win,6-0,9,No,Completed,,,,,,,,,,,高橋尚,,,,,Tokyo Yakult Swallows defeated Yomiuri Giants 6-0 at Tokyo Dome.,2689web.com Archive (https://2689web.com/2000/GS/GS12.html)
318,NPB_2000_20000611_C_D,2000,Regular Season,Regular Season,Central League,Regular Season,,2000-06-11,Sunday,18:00,Hiroshima Toyo Carp,広島東洋カープ,Chunichi Dragons,中日ドラゴンズ,Nagoya Dome,ナゴヤドーム,Nagoya,6,7,13,1,Chunichi Dragons,Hiroshima Toyo Carp,Home Win,6-7,9,No,Completed,,,,,,,,,,野口,,,,,,Chunichi Dragons defeated Hiroshima Toyo Carp 6-7 at Nagoya Dome behind winning pitcher 野口.,2689web.com Archive (https://2689web.com/2000/DC/DC13.html)
319,NPB_2000_20000611_T_Y,2000,Regular Season,Regular Season,Central League,Regular Season,,2000-06-11,Sunday,18:00,Hanshin Tigers,阪神タイガース,Yokohama BayStars,横浜ベイスターズ,Yokohama Stadium,横浜スタジアム,Yokohama,6,1,7,5,Hanshin Tigers,Yokohama BayStars,Away Win,6-1,9,No,Completed,,,,,,,,,,,三浦,,,,,Hanshin Tigers defeated Yokohama BayStars 6-1 at Yokohama Stadium.,2689web.com Archive (https://2689web.com/2000/YT/YT12.html)
320,NPB_2000_20000611_K_H,2000,Regular Season,Regular Season,Pacific League,Regular Season,,2000-06-11,Sunday,18:00,Osaka Kintetsu Buffaloes,大阪近鉄バファローズ,Fukuoka Daiei Hawks,福岡ダイエーホークス,Fukuoka Dome,福岡ドーム,Fukuoka,3,4,7,1,Fukuoka Daiei Hawks,Osaka Kintetsu Buffaloes,Home Win,3-4,9,No,Completed,,,,,,,,,,吉田,,,,,,Fukuoka Daiei Hawks defeated Osaka Kintetsu Buffaloes 3-4 at Fukuoka Dome behind winning pitcher 吉田.,2689web.com Archive (https://2689web.com/2000/HK/HK14.html)
321,NPB_2000_20000611_M_L,2000,Regular Season,Regular Season,Pacific League,Regular Season,,2000-06-11,Sunday,18:00,Chiba Lotte Marines,千葉ロッテマリーンズ,Seibu Lions,西武ライオンズ,Seibu Dome,西武ドーム,Tokorozawa,8,2,10,6,Chiba Lotte Marines,Seibu Lions,Away Win,8-2,9,No,Completed,,,,,,,,,,,許,,,,,Chiba Lotte Marines defeated Seibu Lions 8-2 at Seibu Dome.,2689web.com Archive (https://2689web.com/2000/LM/LM13.html)
322,NPB_2000_20000611_B_F,2000,Regular Season,Regular Season,Pacific League,Regular Season,,2000-06-11,Sunday,18:00,ORIX BlueWave,オリックス・ブルーウェーブ,Nippon-Ham Fighters,日本ハムファイターズ,Tokyo Dome,東京ドーム,Tokyo,3,7,10,4,Nippon-Ham Fighters,ORIX BlueWave,Home Win,3-7,9,No,Completed,,,,,,,,,,立石,,,,,,Nippon-Ham Fighters defeated ORIX BlueWave 3-7 at Tokyo Dome behind winning pitcher 立石.,2689web.com Archive (https://2689web.com/2000/FB/FB13.html)
323,NPB_2000_20000613_Y_G,2000,Regular Season,Regular Season,Central League,Regular Season,,2000-06-13,Tuesday,18:00,Yokohama BayStars,横浜ベイスターズ,Yomiuri Giants,読売ジャイアンツ,Tokyo Dome,東京ドーム,Tokyo,4,7,11,3,Yomiuri Giants,Yokohama BayStars,Home Win,4-7,9,No,Completed,,,,,,,,,,工藤,,,,,,Yomiuri Giants defeated Yokohama BayStars 4-7 at Tokyo Dome behind winning pitcher 工藤.,2689web.com Archive (https://2689web.com/2000/GY/GY10.html)
324,NPB_2000_20000613_T_D,2000,Regular Season,Regular Season,Central League,Regular Season,,2000-06-13,Tuesday,18:00,Hanshin Tigers,阪神タイガース,Chunichi Dragons,中日ドラゴンズ,Nagoya Dome,ナゴヤドーム,Nagoya,5,2,7,3,Hanshin Tigers,Chunichi Dragons,Away Win,5-2,9,No,Completed,,,,,,,,,,,バンチ,,,,,Hanshin Tigers defeated Chunichi Dragons 5-2 at Nagoya Dome.,2689web.com Archive (https://2689web.com/2000/DT/DT11.html)
325,NPB_2000_20000613_C_S,2000,Regular Season,Regular Season,Central League,Regular Season,,2000-06-13,Tuesday,18:00,Hiroshima Toyo Carp,広島東洋カープ,Tokyo Yakult Swallows,東京ヤクルトスワローズ,Meiji Jingu Stadium,明治神宮野球場,Tokyo,9,7,16,2,Hiroshima Toyo Carp,Tokyo Yakult Swallows,Away Win,9-7,9,No,Completed,,,,,,,,,,,石井一,,,,,Hiroshima Toyo Carp defeated Tokyo Yakult Swallows 9-7 at Meiji Jingu Stadium.,2689web.com Archive (https://2689web.com/2000/SC/SC13.html)
326,NPB_2000_20000613_L_H,2000,Regular Season,Regular Season,Pacific League,Regular Season,,2000-06-13,Tuesday,18:00,Seibu Lions,西武ライオンズ,Fukuoka Daiei Hawks,福岡ダイエーホークス,Fukuoka Dome,福岡ドーム,Fukuoka,4,5,9,1,Fukuoka Daiei Hawks,Seibu Lions,Home Win,4-5,9,No,Completed,,,,,,,,,,篠原,,,,,,Fukuoka Daiei Hawks defeated Seibu Lions 4-5 at Fukuoka Dome behind winning pitcher 篠原.,2689web.com Archive (https://2689web.com/2000/HL/HL12.html)
327,NPB_2000_20000613_K_F,2000,Regular Season,Regular Season,Pacific League,Regular Season,,2000-06-13,Tuesday,18:00,Osaka Kintetsu Buffaloes,大阪近鉄バファローズ,Nippon-Ham Fighters,日本ハムファイターズ,Tokyo Dome,東京ドーム,Tokyo,2,9,11,7,Nippon-Ham Fighters,Osaka Kintetsu Buffaloes,Home Win,2-9,9,No,Completed,,,,,,,,,,建山,,,,,,Nippon-Ham Fighters defeated Osaka Kintetsu Buffaloes 2-9 at Tokyo Dome behind winning pitcher 建山.,2689web.com Archive (https://2689web.com/2000/FK/FK12.html)
328,NPB_2000_20000614_Y_G,2000,Regular Season,Regular Season,Central League,Regular Season,,2000-06-14,Wednesday,18:00,Yokohama BayStars,横浜ベイスターズ,Yomiuri Giants,読売ジャイアンツ,Tokyo Dome,東京ドーム,Tokyo,0,11,11,11,Yomiuri Giants,Yokohama BayStars,Home Win,0-11,9,No,Completed,,,,,,,,,,鄭,,,,,,Yomiuri Giants defeated Yokohama BayStars 0-11 at Tokyo Dome behind winning pitcher 鄭.,2689web.com Archive (https://2689web.com/2000/GY/GY11.html)
329,NPB_2000_20000614_T_D,2000,Regular Season,Regular Season,Central League,Regular Season,,2000-06-14,Wednesday,18:00,Hanshin Tigers,阪神タイガース,Chunichi Dragons,中日ドラゴンズ,Nagoya Dome,ナゴヤドーム,Nagoya,0,4,4,4,Chunichi Dragons,Hanshin Tigers,Home Win,0-4,9,No,Completed,,,,,,,,,,山本昌,,,,,,Chunichi Dragons defeated Hanshin Tigers 0-4 at Nagoya Dome behind winning pitcher 山本昌.,2689web.com Archive (https://2689web.com/2000/DT/DT12.html)
330,NPB_2000_20000614_C_S,2000,Regular Season,Regular Season,Central League,Regular Season,,2000-06-14,Wednesday,18:00,Hiroshima Toyo Carp,広島東洋カープ,Tokyo Yakult Swallows,東京ヤクルトスワローズ,Meiji Jingu Stadium,明治神宮野球場,Tokyo,8,14,22,6,Tokyo Yakult Swallows,Hiroshima Toyo Carp,Home Win,8-14,9,No,Completed,,,,,,,,,,レモン,,,,,,Tokyo Yakult Swallows defeated Hiroshima Toyo Carp 8-14 at Meiji Jingu Stadium behind winning pitcher レモン.,2689web.com Archive (https://2689web.com/2000/SC/SC14.html)
331,NPB_2000_20000614_L_H,2000,Regular Season,Regular Season,Pacific League,Regular Season,,2000-06-14,Wednesday,18:00,Seibu Lions,西武ライオンズ,Fukuoka Daiei Hawks,福岡ダイエーホークス,Fukuoka Dome,福岡ドーム,Fukuoka,6,1,7,5,Seibu Lions,Fukuoka Daiei Hawks,Away Win,6-1,9,No,Completed,,,,,,,,,,,土井,,,,,Seibu Lions defeated Fukuoka Daiei Hawks 6-1 at Fukuoka Dome.,2689web.com Archive (https://2689web.com/2000/HL/HL13.html)
332,NPB_2000_20000614_K_F,2000,Regular Season,Regular Season,Pacific League,Regular Season,,2000-06-14,Wednesday,18:00,Osaka Kintetsu Buffaloes,大阪近鉄バファローズ,Nippon-Ham Fighters,日本ハムファイターズ,Tokyo Dome,東京ドーム,Tokyo,4,3,7,1,Osaka Kintetsu Buffaloes,Nippon-Ham Fighters,Away Win,4-3,9,No,Completed,,,,,,,,,,,竹内,,,,,Osaka Kintetsu Buffaloes defeated Nippon-Ham Fighters 4-3 at Tokyo Dome.,2689web.com Archive (https://2689web.com/2000/FK/FK13.html)
333,NPB_2000_20000615_Y_G,2000,Regular Season,Regular Season,Central League,Regular Season,,2000-06-15,Thursday,18:00,Yokohama BayStars,横浜ベイスターズ,Yomiuri Giants,読売ジャイアンツ,Tokyo Dome,東京ドーム,Tokyo,1,6,7,5,Yomiuri Giants,Yokohama BayStars,Home Win,1-6,9,No,Completed,,,,,,,,,,桑田,,,,,,Yomiuri Giants defeated Yokohama BayStars 1-6 at Tokyo Dome behind winning pitcher 桑田.,2689web.com Archive (https://2689web.com/2000/GY/GY12.html)
334,NPB_2000_20000615_T_D,2000,Regular Season,Regular Season,Central League,Regular Season,,2000-06-15,Thursday,18:00,Hanshin Tigers,阪神タイガース,Chunichi Dragons,中日ドラゴンズ,Nagoya Dome,ナゴヤドーム,Nagoya,12,6,18,6,Hanshin Tigers,Chunichi Dragons,Away Win,12-6,9,No,Completed,,,,,,,,,,,小池,,,,,Hanshin Tigers defeated Chunichi Dragons 12-6 at Nagoya Dome.,2689web.com Archive (https://2689web.com/2000/DT/DT13.html)
335,NPB_2000_20000615_C_S,2000,Regular Season,Regular Season,Central League,Regular Season,,2000-06-15,Thursday,18:00,Hiroshima Toyo Carp,広島東洋カープ,Tokyo Yakult Swallows,東京ヤクルトスワローズ,Meiji Jingu Stadium,明治神宮野球場,Tokyo,4,1,5,3,Hiroshima Toyo Carp,Tokyo Yakult Swallows,Away Win,4-1,9,No,Completed,,,,,,,,,,,高木,,,,,Hiroshima Toyo Carp defeated Tokyo Yakult Swallows 4-1 at Meiji Jingu Stadium.,2689web.com Archive (https://2689web.com/2000/SC/SC15.html)
336,NPB_2000_20000615_L_H,2000,Regular Season,Regular Season,Pacific League,Regular Season,,2000-06-15,Thursday,18:00,Seibu Lions,西武ライオンズ,Fukuoka Daiei Hawks,福岡ダイエーホークス,Fukuoka Dome,福岡ドーム,Fukuoka,2,12,14,10,Fukuoka Daiei Hawks,Seibu Lions,Home Win,2-12,9,No,Completed,,,,,,,,,,若田部,,,,,,Fukuoka Daiei Hawks defeated Seibu Lions 2-12 at Fukuoka Dome behind winning pitcher 若田部.,2689web.com Archive (https://2689web.com/2000/HL/HL14.html)
337,NPB_2000_20000615_M_B,2000,Regular Season,Regular Season,Pacific League,Regular Season,,2000-06-15,Thursday,18:00,Chiba Lotte Marines,千葉ロッテマリーンズ,ORIX BlueWave,オリックス・ブルーウェーブ,Green Stadium Kobe,グリーンスタジアム神戸,Kobe,6,5,11,1,Chiba Lotte Marines,ORIX BlueWave,Away Win,6-5,9,No,Completed,,,,,,,,,,,牧野,,,,,Chiba Lotte Marines defeated ORIX BlueWave 6-5 at Green Stadium Kobe.,2689web.com Archive (https://2689web.com/2000/BM/BM12.html)
338,NPB_2000_20000616_T_G,2000,Regular Season,Regular Season,Central League,Regular Season,,2000-06-16,Friday,18:00,Hanshin Tigers,阪神タイガース,Yomiuri Giants,読売ジャイアンツ,Tokyo Dome,東京ドーム,Tokyo,0,4,4,4,Yomiuri Giants,Hanshin Tigers,Home Win,0-4,9,No,Completed,,,,,,,,,,河原,,,,,,Yomiuri Giants defeated Hanshin Tigers 0-4 at Tokyo Dome behind winning pitcher 河原.,2689web.com Archive (https://2689web.com/2000/GT/GT13.html)
339,NPB_2000_20000616_C_Y,2000,Regular Season,Regular Season,Central League,Regular Season,,2000-06-16,Friday,18:00,Hiroshima Toyo Carp,広島東洋カープ,Yokohama BayStars,横浜ベイスターズ,Yokohama Stadium,横浜スタジアム,Yokohama,3,0,3,3,Hiroshima Toyo Carp,Yokohama BayStars,Away Win,3-0,9,No,Completed,,,,,,,,,,,ベタンコート,,,,,Hiroshima Toyo Carp defeated Yokohama BayStars 3-0 at Yokohama Stadium.,2689web.com Archive (https://2689web.com/2000/YC/YC11.html)
340,NPB_2000_20000616_K_M,2000,Regular Season,Regular Season,Pacific League,Regular Season,,2000-06-16,Friday,18:00,Osaka Kintetsu Buffaloes,大阪近鉄バファローズ,Chiba Lotte Marines,千葉ロッテマリーンズ,Chiba Marine Stadium,千葉マリンスタジアム,Chiba,5,10,15,5,Chiba Lotte Marines,Osaka Kintetsu Buffaloes,Home Win,5-10,9,No,Completed,,,,,,,,,,吉田,,,,,,Chiba Lotte Marines defeated Osaka Kintetsu Buffaloes 5-10 at Chiba Marine Stadium behind winning pitcher 吉田.,2689web.com Archive (https://2689web.com/2000/MK/MK12.html)
341,NPB_2000_20000617_S_D,2000,Regular Season,Regular Season,Central League,Regular Season,,2000-06-17,Saturday,18:00,Tokyo Yakult Swallows,東京ヤクルトスワローズ,Chunichi Dragons,中日ドラゴンズ,Nagoya Dome,ナゴヤドーム,Nagoya,5,8,13,3,Chunichi Dragons,Tokyo Yakult Swallows,Home Win,5-8,9,No,Completed,,,,,,,,,,正津,,,,,,Chunichi Dragons defeated Tokyo Yakult Swallows 5-8 at Nagoya Dome behind winning pitcher 正津.,2689web.com Archive (https://2689web.com/2000/DS/DS10.html)
342,NPB_2000_20000617_F_H,2000,Regular Season,Regular Season,Pacific League,Regular Season,,2000-06-17,Saturday,18:00,Nippon-Ham Fighters,日本ハムファイターズ,Fukuoka Daiei Hawks,福岡ダイエーホークス,Fukuoka Dome,福岡ドーム,Fukuoka,4,7,11,3,Fukuoka Daiei Hawks,Nippon-Ham Fighters,Home Win,4-7,9,No,Completed,,,,,,,,,,渡辺正,,,,,,Fukuoka Daiei Hawks defeated Nippon-Ham Fighters 4-7 at Fukuoka Dome behind winning pitcher 渡辺正.,2689web.com Archive (https://2689web.com/2000/HF/HF13.html)
343,NPB_2000_20000617_B_L,2000,Regular Season,Regular Season,Pacific League,Regular Season,,2000-06-17,Saturday,18:00,ORIX BlueWave,オリックス・ブルーウェーブ,Seibu Lions,西武ライオンズ,Seibu Dome,西武ドーム,Tokorozawa,3,4,7,1,Seibu Lions,ORIX BlueWave,Home Win,3-4,9,No,Completed,,,,,,,,,,橋本,,,,,,Seibu Lions defeated ORIX BlueWave 3-4 at Seibu Dome behind winning pitcher 橋本.,2689web.com Archive (https://2689web.com/2000/LB/LB9.html)
344,NPB_2000_20000617_K_M,2000,Regular Season,Regular Season,Pacific League,Regular Season,,2000-06-17,Saturday,18:00,Osaka Kintetsu Buffaloes,大阪近鉄バファローズ,Chiba Lotte Marines,千葉ロッテマリーンズ,Chiba Marine Stadium,千葉マリンスタジアム,Chiba,5,8,13,3,Chiba Lotte Marines,Osaka Kintetsu Buffaloes,Home Win,5-8,9,No,Completed,,,,,,,,,,黒木,,,,,,Chiba Lotte Marines defeated Osaka Kintetsu Buffaloes 5-8 at Chiba Marine Stadium behind winning pitcher 黒木.,2689web.com Archive (https://2689web.com/2000/MK/MK13.html)
345,NPB_2000_20000618_T_G,2000,Regular Season,Regular Season,Central League,Regular Season,,2000-06-18,Sunday,18:00,Hanshin Tigers,阪神タイガース,Yomiuri Giants,読売ジャイアンツ,Tokyo Dome,東京ドーム,Tokyo,1,3,4,2,Yomiuri Giants,Hanshin Tigers,Home Win,1-3,9,No,Completed,,,,,,,,,,上原,,,,,,Yomiuri Giants defeated Hanshin Tigers 1-3 at Tokyo Dome behind winning pitcher 上原.,2689web.com Archive (https://2689web.com/2000/GT/GT14.html)
346,NPB_2000_20000618_S_D,2000,Regular Season,Regular Season,Central League,Regular Season,,2000-06-18,Sunday,18:00,Tokyo Yakult Swallows,東京ヤクルトスワローズ,Chunichi Dragons,中日ドラゴンズ,Nagoya Dome,ナゴヤドーム,Nagoya,11,8,19,3,Tokyo Yakult Swallows,Chunichi Dragons,Away Win,11-8,9,No,Completed,,,,,,,,,,,岩瀬,,,,,Tokyo Yakult Swallows defeated Chunichi Dragons 11-8 at Nagoya Dome.,2689web.com Archive (https://2689web.com/2000/DS/DS11.html)
347,NPB_2000_20000618_C_Y,2000,Regular Season,Regular Season,Central League,Regular Season,,2000-06-18,Sunday,18:00,Hiroshima Toyo Carp,広島東洋カープ,Yokohama BayStars,横浜ベイスターズ,Yokohama Stadium,横浜スタジアム,Yokohama,1,3,4,2,Yokohama BayStars,Hiroshima Toyo Carp,Home Win,1-3,9,No,Completed,,,,,,,,,,森中,,,,,,Yokohama BayStars defeated Hiroshima Toyo Carp 1-3 at Yokohama Stadium behind winning pitcher 森中.,2689web.com Archive (https://2689web.com/2000/YC/YC12.html)
348,NPB_2000_20000618_F_H,2000,Regular Season,Regular Season,Pacific League,Regular Season,,2000-06-18,Sunday,18:00,Nippon-Ham Fighters,日本ハムファイターズ,Fukuoka Daiei Hawks,福岡ダイエーホークス,Fukuoka Dome,福岡ドーム,Fukuoka,6,2,8,4,Nippon-Ham Fighters,Fukuoka Daiei Hawks,Away Win,6-2,9,No,Completed,,,,,,,,,,,星野,,,,,Nippon-Ham Fighters defeated Fukuoka Daiei Hawks 6-2 at Fukuoka Dome.,2689web.com Archive (https://2689web.com/2000/HF/HF14.html)
349,NPB_2000_20000618_B_L,2000,Regular Season,Regular Season,Pacific League,Regular Season,,2000-06-18,Sunday,18:00,ORIX BlueWave,オリックス・ブルーウェーブ,Seibu Lions,西武ライオンズ,Seibu Dome,西武ドーム,Tokorozawa,0,0,0,0,Tie,Tie,Tie,0-0,9,No,Completed,,,,,,,,,,,,,,,,ORIX BlueWave and Seibu Lions played to a 0-0 tie at Seibu Dome.,2689web.com Archive (https://2689web.com/2000/LB/LB10.html)
350,NPB_2000_20000618_K_M,2000,Regular Season,Regular Season,Pacific League,Regular Season,,2000-06-18,Sunday,18:00,Osaka Kintetsu Buffaloes,大阪近鉄バファローズ,Chiba Lotte Marines,千葉ロッテマリーンズ,Chiba Marine Stadium,千葉マリンスタジアム,Chiba,3,4,7,1,Chiba Lotte Marines,Osaka Kintetsu Buffaloes,Home Win,3-4,9,No,Completed,,,,,,,,,,小林雅,,,,,,Chiba Lotte Marines defeated Osaka Kintetsu Buffaloes 3-4 at Chiba Marine Stadium behind winning pitcher 小林雅.,2689web.com Archive (https://2689web.com/2000/MK/MK14.html)
351,NPB_2000_20000620_D_G,2000,Regular Season,Regular Season,Central League,Regular Season,,2000-06-20,Tuesday,18:00,Chunichi Dragons,中日ドラゴンズ,Yomiuri Giants,読売ジャイアンツ,Tokyo Dome,東京ドーム,Tokyo,1,5,6,4,Yomiuri Giants,Chunichi Dragons,Home Win,1-5,9,No,Completed,,,,,,,,,,工藤,,,,,,Yomiuri Giants defeated Chunichi Dragons 1-5 at Tokyo Dome behind winning pitcher 工藤.,2689web.com Archive (https://2689web.com/2000/GD/GD12.html)
352,NPB_2000_20000620_S_Y,2000,Regular Season,Regular Season,Central League,Regular Season,,2000-06-20,Tuesday,18:00,Tokyo Yakult Swallows,東京ヤクルトスワローズ,Yokohama BayStars,横浜ベイスターズ,Yokohama Stadium,横浜スタジアム,Yokohama,4,3,7,1,Tokyo Yakult Swallows,Yokohama BayStars,Away Win,4-3,9,No,Completed,,,,,,,,,,,福盛,,,,,Tokyo Yakult Swallows defeated Yokohama BayStars 4-3 at Yokohama Stadium.,2689web.com Archive (https://2689web.com/2000/YS/YS9.html)
353,NPB_2000_20000620_T_C,2000,Regular Season,Regular Season,Central League,Regular Season,,2000-06-20,Tuesday,18:00,Hanshin Tigers,阪神タイガース,Hiroshima Toyo Carp,広島東洋カープ,Hiroshima Municipal Stadium,旧広島市民球場,Hiroshima,4,2,6,2,Hanshin Tigers,Hiroshima Toyo Carp,Away Win,4-2,9,No,Completed,,,,,,,,,,,高橋,,,,,Hanshin Tigers defeated Hiroshima Toyo Carp 4-2 at Hiroshima Municipal Stadium.,2689web.com Archive (https://2689web.com/2000/CT/CT12.html)
354,NPB_2000_20000620_B_H,2000,Regular Season,Regular Season,Pacific League,Regular Season,,2000-06-20,Tuesday,18:00,ORIX BlueWave,オリックス・ブルーウェーブ,Fukuoka Daiei Hawks,福岡ダイエーホークス,Fukuoka Dome,福岡ドーム,Fukuoka,3,13,16,10,Fukuoka Daiei Hawks,ORIX BlueWave,Home Win,3-13,9,No,Completed,,,,,,,,,,永井,,,,,,Fukuoka Daiei Hawks defeated ORIX BlueWave 3-13 at Fukuoka Dome behind winning pitcher 永井.,2689web.com Archive (https://2689web.com/2000/HB/HB9.html)
355,NPB_2000_20000620_K_L,2000,Regular Season,Regular Season,Pacific League,Regular Season,,2000-06-20,Tuesday,18:00,Osaka Kintetsu Buffaloes,大阪近鉄バファローズ,Seibu Lions,西武ライオンズ,Seibu Dome,西武ドーム,Tokorozawa,4,0,4,4,Osaka Kintetsu Buffaloes,Seibu Lions,Away Win,4-0,9,No,Completed,,,,,,,,,,,豊田,,,,,Osaka Kintetsu Buffaloes defeated Seibu Lions 4-0 at Seibu Dome.,2689web.com Archive (https://2689web.com/2000/LK/LK9.html)
356,NPB_2000_20000620_M_F,2000,Regular Season,Regular Season,Pacific League,Regular Season,,2000-06-20,Tuesday,18:00,Chiba Lotte Marines,千葉ロッテマリーンズ,Nippon-Ham Fighters,日本ハムファイターズ,Tokyo Dome,東京ドーム,Tokyo,7,12,19,5,Nippon-Ham Fighters,Chiba Lotte Marines,Home Win,7-12,9,No,Completed,,,,,,,,,,建山,,,,,,Nippon-Ham Fighters defeated Chiba Lotte Marines 7-12 at Tokyo Dome behind winning pitcher 建山.,2689web.com Archive (https://2689web.com/2000/FM/FM12.html)
357,NPB_2000_20000621_D_G,2000,Regular Season,Regular Season,Central League,Regular Season,,2000-06-21,Wednesday,18:00,Chunichi Dragons,中日ドラゴンズ,Yomiuri Giants,読売ジャイアンツ,Tokyo Dome,東京ドーム,Tokyo,3,16,19,13,Yomiuri Giants,Chunichi Dragons,Home Win,3-16,9,No,Completed,,,,,,,,,,メイ,,,,,,Yomiuri Giants defeated Chunichi Dragons 3-16 at Tokyo Dome behind winning pitcher メイ.,2689web.com Archive (https://2689web.com/2000/GD/GD13.html)
358,NPB_2000_20000621_S_Y,2000,Regular Season,Regular Season,Central League,Regular Season,,2000-06-21,Wednesday,18:00,Tokyo Yakult Swallows,東京ヤクルトスワローズ,Yokohama BayStars,横浜ベイスターズ,Yokohama Stadium,横浜スタジアム,Yokohama,6,4,10,2,Tokyo Yakult Swallows,Yokohama BayStars,Away Win,6-4,9,No,Completed,,,,,,,,,,,斎藤隆,,,,,Tokyo Yakult Swallows defeated Yokohama BayStars 6-4 at Yokohama Stadium.,2689web.com Archive (https://2689web.com/2000/YS/YS10.html)
359,NPB_2000_20000621_T_C,2000,Regular Season,Regular Season,Central League,Regular Season,,2000-06-21,Wednesday,18:00,Hanshin Tigers,阪神タイガース,Hiroshima Toyo Carp,広島東洋カープ,Hiroshima Municipal Stadium,旧広島市民球場,Hiroshima,4,5,9,1,Hiroshima Toyo Carp,Hanshin Tigers,Home Win,4-5,9,No,Completed,,,,,,,,,,澤崎,,,,,,Hiroshima Toyo Carp defeated Hanshin Tigers 4-5 at Hiroshima Municipal Stadium behind winning pitcher 澤崎.,2689web.com Archive (https://2689web.com/2000/CT/CT13.html)
360,NPB_2000_20000621_B_H,2000,Regular Season,Regular Season,Pacific League,Regular Season,,2000-06-21,Wednesday,18:00,ORIX BlueWave,オリックス・ブルーウェーブ,Fukuoka Daiei Hawks,福岡ダイエーホークス,Fukuoka Dome,福岡ドーム,Fukuoka,2,9,11,7,Fukuoka Daiei Hawks,ORIX BlueWave,Home Win,2-9,9,No,Completed,,,,,,,,,,土井,,,,,,Fukuoka Daiei Hawks defeated ORIX BlueWave 2-9 at Fukuoka Dome behind winning pitcher 土井.,2689web.com Archive (https://2689web.com/2000/HB/HB10.html)
361,NPB_2000_20000621_K_L,2000,Regular Season,Regular Season,Pacific League,Regular Season,,2000-06-21,Wednesday,18:00,Osaka Kintetsu Buffaloes,大阪近鉄バファローズ,Seibu Lions,西武ライオンズ,Seibu Dome,西武ドーム,Tokorozawa,2,5,7,3,Seibu Lions,Osaka Kintetsu Buffaloes,Home Win,2-5,9,No,Completed,,,,,,,,,,谷中,,,,,,Seibu Lions defeated Osaka Kintetsu Buffaloes 2-5 at Seibu Dome behind winning pitcher 谷中.,2689web.com Archive (https://2689web.com/2000/LK/LK10.html)
362,NPB_2000_20000621_M_F,2000,Regular Season,Regular Season,Pacific League,Regular Season,,2000-06-21,Wednesday,18:00,Chiba Lotte Marines,千葉ロッテマリーンズ,Nippon-Ham Fighters,日本ハムファイターズ,Tokyo Dome,東京ドーム,Tokyo,2,5,7,3,Nippon-Ham Fighters,Chiba Lotte Marines,Home Win,2-5,9,No,Completed,,,,,,,,,,関根,,,,,,Nippon-Ham Fighters defeated Chiba Lotte Marines 2-5 at Tokyo Dome behind winning pitcher 関根.,2689web.com Archive (https://2689web.com/2000/FM/FM13.html)
363,NPB_2000_20000622_S_Y,2000,Regular Season,Regular Season,Central League,Regular Season,,2000-06-22,Thursday,18:00,Tokyo Yakult Swallows,東京ヤクルトスワローズ,Yokohama BayStars,横浜ベイスターズ,Yokohama Stadium,横浜スタジアム,Yokohama,5,11,16,6,Yokohama BayStars,Tokyo Yakult Swallows,Home Win,5-11,9,No,Completed,,,,,,,,,,ベタンコート,,,,,,Yokohama BayStars defeated Tokyo Yakult Swallows 5-11 at Yokohama Stadium behind winning pitcher ベタンコート.,2689web.com Archive (https://2689web.com/2000/YS/YS11.html)
364,NPB_2000_20000622_K_L,2000,Regular Season,Regular Season,Pacific League,Regular Season,,2000-06-22,Thursday,18:00,Osaka Kintetsu Buffaloes,大阪近鉄バファローズ,Seibu Lions,西武ライオンズ,Seibu Dome,西武ドーム,Tokorozawa,1,4,5,3,Seibu Lions,Osaka Kintetsu Buffaloes,Home Win,1-4,9,No,Completed,,,,,,,,,,西崎,,,,,,Seibu Lions defeated Osaka Kintetsu Buffaloes 1-4 at Seibu Dome behind winning pitcher 西崎.,2689web.com Archive (https://2689web.com/2000/LK/LK11.html)
365,NPB_2000_20000622_M_F,2000,Regular Season,Regular Season,Pacific League,Regular Season,,2000-06-22,Thursday,18:00,Chiba Lotte Marines,千葉ロッテマリーンズ,Nippon-Ham Fighters,日本ハムファイターズ,Tokyo Dome,東京ドーム,Tokyo,5,14,19,9,Nippon-Ham Fighters,Chiba Lotte Marines,Home Win,5-14,9,No,Completed,,,,,,,,,,立石,,,,,,Nippon-Ham Fighters defeated Chiba Lotte Marines 5-14 at Tokyo Dome behind winning pitcher 立石.,2689web.com Archive (https://2689web.com/2000/FM/FM14.html)
366,NPB_2000_20000623_Y_G,2000,Regular Season,Regular Season,Central League,Regular Season,,2000-06-23,Friday,18:00,Yokohama BayStars,横浜ベイスターズ,Yomiuri Giants,読売ジャイアンツ,Tokyo Dome,東京ドーム,Tokyo,7,6,13,1,Yokohama BayStars,Yomiuri Giants,Away Win,7-6,9,No,Completed,,,,,,,,,,,岡島,,,,,Yokohama BayStars defeated Yomiuri Giants 7-6 at Tokyo Dome.,2689web.com Archive (https://2689web.com/2000/GY/GY13.html)
367,NPB_2000_20000623_T_S,2000,Regular Season,Regular Season,Central League,Regular Season,,2000-06-23,Friday,18:00,Hanshin Tigers,阪神タイガース,Tokyo Yakult Swallows,東京ヤクルトスワローズ,Meiji Jingu Stadium,明治神宮野球場,Tokyo,0,1,1,1,Tokyo Yakult Swallows,Hanshin Tigers,Home Win,0-1,9,No,Completed,,,,,,,,,,ハッカミー,,,,,,Tokyo Yakult Swallows defeated Hanshin Tigers 0-1 at Meiji Jingu Stadium behind winning pitcher ハッカミー.,2689web.com Archive (https://2689web.com/2000/ST/ST10.html)
368,NPB_2000_20000623_M_H,2000,Regular Season,Regular Season,Pacific League,Regular Season,,2000-06-23,Friday,18:00,Chiba Lotte Marines,千葉ロッテマリーンズ,Fukuoka Daiei Hawks,福岡ダイエーホークス,Fukuoka Dome,福岡ドーム,Fukuoka,6,19,25,13,Fukuoka Daiei Hawks,Chiba Lotte Marines,Home Win,6-19,9,No,Completed,,,,,,,,,,渡辺正,,,,,,Fukuoka Daiei Hawks defeated Chiba Lotte Marines 6-19 at Fukuoka Dome behind winning pitcher 渡辺正.,2689web.com Archive (https://2689web.com/2000/HM/HM11.html)
369,NPB_2000_20000623_B_L,2000,Regular Season,Regular Season,Pacific League,Regular Season,,2000-06-23,Friday,18:00,ORIX BlueWave,オリックス・ブルーウェーブ,Seibu Lions,西武ライオンズ,Seibu Dome,西武ドーム,Tokorozawa,1,2,3,1,Seibu Lions,ORIX BlueWave,Home Win,1-2,9,No,Completed,,,,,,,,,,許,,,,,,Seibu Lions defeated ORIX BlueWave 1-2 at Seibu Dome behind winning pitcher 許.,2689web.com Archive (https://2689web.com/2000/LB/LB11.html)
370,NPB_2000_20000624_Y_G,2000,Regular Season,Regular Season,Central League,Regular Season,,2000-06-24,Saturday,18:00,Yokohama BayStars,横浜ベイスターズ,Yomiuri Giants,読売ジャイアンツ,Tokyo Dome,東京ドーム,Tokyo,6,3,9,3,Yokohama BayStars,Yomiuri Giants,Away Win,6-3,9,No,Completed,,,,,,,,,,,高橋尚,,,,,Yokohama BayStars defeated Yomiuri Giants 6-3 at Tokyo Dome.,2689web.com Archive (https://2689web.com/2000/GY/GY14.html)
371,NPB_2000_20000624_C_D,2000,Regular Season,Regular Season,Central League,Regular Season,,2000-06-24,Saturday,18:00,Hiroshima Toyo Carp,広島東洋カープ,Chunichi Dragons,中日ドラゴンズ,Nagoya Dome,ナゴヤドーム,Nagoya,2,3,5,1,Chunichi Dragons,Hiroshima Toyo Carp,Home Win,2-3,9,No,Completed,,,,,,,,,,川上,,,,,,Chunichi Dragons defeated Hiroshima Toyo Carp 2-3 at Nagoya Dome behind winning pitcher 川上.,2689web.com Archive (https://2689web.com/2000/DC/DC14.html)
372,NPB_2000_20000624_T_S,2000,Regular Season,Regular Season,Central League,Regular Season,,2000-06-24,Saturday,18:00,Hanshin Tigers,阪神タイガース,Tokyo Yakult Swallows,東京ヤクルトスワローズ,Meiji Jingu Stadium,明治神宮野球場,Tokyo,1,4,5,3,Tokyo Yakult Swallows,Hanshin Tigers,Home Win,1-4,9,No,Completed,,,,,,,,,,川崎,,,,,,Tokyo Yakult Swallows defeated Hanshin Tigers 1-4 at Meiji Jingu Stadium behind winning pitcher 川崎.,2689web.com Archive (https://2689web.com/2000/ST/ST11.html)
373,NPB_2000_20000624_M_H,2000,Regular Season,Regular Season,Pacific League,Regular Season,,2000-06-24,Saturday,18:00,Chiba Lotte Marines,千葉ロッテマリーンズ,Fukuoka Daiei Hawks,福岡ダイエーホークス,Fukuoka Dome,福岡ドーム,Fukuoka,0,1,1,1,Fukuoka Daiei Hawks,Chiba Lotte Marines,Home Win,0-1,9,No,Completed,,,,,,,,,,斉藤和,,,,,,Fukuoka Daiei Hawks defeated Chiba Lotte Marines 0-1 at Fukuoka Dome behind winning pitcher 斉藤和.,2689web.com Archive (https://2689web.com/2000/HM/HM12.html)
374,NPB_2000_20000624_B_L,2000,Regular Season,Regular Season,Pacific League,Regular Season,,2000-06-24,Saturday,18:00,ORIX BlueWave,オリックス・ブルーウェーブ,Seibu Lions,西武ライオンズ,Seibu Dome,西武ドーム,Tokorozawa,6,1,7,5,ORIX BlueWave,Seibu Lions,Away Win,6-1,9,No,Completed,,,,,,,,,,,松坂,,,,,ORIX BlueWave defeated Seibu Lions 6-1 at Seibu Dome.,2689web.com Archive (https://2689web.com/2000/LB/LB12.html)
375,NPB_2000_20000624_K_F,2000,Regular Season,Regular Season,Pacific League,Regular Season,,2000-06-24,Saturday,18:00,Osaka Kintetsu Buffaloes,大阪近鉄バファローズ,Nippon-Ham Fighters,日本ハムファイターズ,Tokyo Dome,東京ドーム,Tokyo,6,3,9,3,Osaka Kintetsu Buffaloes,Nippon-Ham Fighters,Away Win,6-3,9,No,Completed,,,,,,,,,,,清水,,,,,Osaka Kintetsu Buffaloes defeated Nippon-Ham Fighters 6-3 at Tokyo Dome.,2689web.com Archive (https://2689web.com/2000/FK/FK14.html)
376,NPB_2000_20000625_Y_G,2000,Regular Season,Regular Season,Central League,Regular Season,,2000-06-25,Sunday,18:00,Yokohama BayStars,横浜ベイスターズ,Yomiuri Giants,読売ジャイアンツ,Tokyo Dome,東京ドーム,Tokyo,2,1,3,1,Yokohama BayStars,Yomiuri Giants,Away Win,2-1,9,No,Completed,,,,,,,,,,,上原,,,,,Yokohama BayStars defeated Yomiuri Giants 2-1 at Tokyo Dome.,2689web.com Archive (https://2689web.com/2000/GY/GY15.html)
377,NPB_2000_20000625_M_H,2000,Regular Season,Regular Season,Pacific League,Regular Season,,2000-06-25,Sunday,18:00,Chiba Lotte Marines,千葉ロッテマリーンズ,Fukuoka Daiei Hawks,福岡ダイエーホークス,Fukuoka Dome,福岡ドーム,Fukuoka,11,8,19,3,Chiba Lotte Marines,Fukuoka Daiei Hawks,Away Win,11-8,9,No,Completed,,,,,,,,,,,渡辺正,,,,,Chiba Lotte Marines defeated Fukuoka Daiei Hawks 11-8 at Fukuoka Dome.,2689web.com Archive (https://2689web.com/2000/HM/HM13.html)
378,NPB_2000_20000625_B_L,2000,Regular Season,Regular Season,Pacific League,Regular Season,,2000-06-25,Sunday,18:00,ORIX BlueWave,オリックス・ブルーウェーブ,Seibu Lions,西武ライオンズ,Seibu Dome,西武ドーム,Tokorozawa,10,1,11,9,ORIX BlueWave,Seibu Lions,Away Win,10-1,9,No,Completed,,,,,,,,,,,潮崎,,,,,ORIX BlueWave defeated Seibu Lions 10-1 at Seibu Dome.,2689web.com Archive (https://2689web.com/2000/LB/LB13.html)
379,NPB_2000_20000625_K_F,2000,Regular Season,Regular Season,Pacific League,Regular Season,,2000-06-25,Sunday,18:00,Osaka Kintetsu Buffaloes,大阪近鉄バファローズ,Nippon-Ham Fighters,日本ハムファイターズ,Tokyo Dome,東京ドーム,Tokyo,14,10,24,4,Osaka Kintetsu Buffaloes,Nippon-Ham Fighters,Away Win,14-10,9,No,Completed,,,,,,,,,,,伊藤,,,,,Osaka Kintetsu Buffaloes defeated Nippon-Ham Fighters 14-10 at Tokyo Dome.,2689web.com Archive (https://2689web.com/2000/FK/FK15.html)
380,NPB_2000_20000627_T_G,2000,Regular Season,Regular Season,Central League,Regular Season,,2000-06-27,Tuesday,18:00,Hanshin Tigers,阪神タイガース,Yomiuri Giants,読売ジャイアンツ,Tokyo Dome,東京ドーム,Tokyo,0,6,6,6,Yomiuri Giants,Hanshin Tigers,Home Win,0-6,9,No,Completed,,,,,,,,,,メイ,,,,,,Yomiuri Giants defeated Hanshin Tigers 0-6 at Tokyo Dome behind winning pitcher メイ.,2689web.com Archive (https://2689web.com/2000/GT/GT15.html)
381,NPB_2000_20000627_F_H,2000,Regular Season,Regular Season,Pacific League,Regular Season,,2000-06-27,Tuesday,18:00,Nippon-Ham Fighters,日本ハムファイターズ,Fukuoka Daiei Hawks,福岡ダイエーホークス,Fukuoka Dome,福岡ドーム,Fukuoka,8,6,14,2,Nippon-Ham Fighters,Fukuoka Daiei Hawks,Away Win,8-6,9,No,Completed,,,,,,,,,,,星野,,,,,Nippon-Ham Fighters defeated Fukuoka Daiei Hawks 8-6 at Fukuoka Dome.,2689web.com Archive (https://2689web.com/2000/HF/HF15.html)
382,NPB_2000_20000627_M_L,2000,Regular Season,Regular Season,Pacific League,Regular Season,,2000-06-27,Tuesday,18:00,Chiba Lotte Marines,千葉ロッテマリーンズ,Seibu Lions,西武ライオンズ,Seibu Dome,西武ドーム,Tokorozawa,4,4,8,0,Tie,Tie,Tie,4-4,9,No,Completed,,,,,,,,,,,,,,,,Chiba Lotte Marines and Seibu Lions played to a 4-4 tie at Seibu Dome.,2689web.com Archive (https://2689web.com/2000/LM/LM14.html)
383,NPB_2000_20000627_K_B,2000,Regular Season,Regular Season,Pacific League,Regular Season,,2000-06-27,Tuesday,18:00,Osaka Kintetsu Buffaloes,大阪近鉄バファローズ,ORIX BlueWave,オリックス・ブルーウェーブ,Green Stadium Kobe,グリーンスタジアム神戸,Kobe,4,3,7,1,Osaka Kintetsu Buffaloes,ORIX BlueWave,Away Win,4-3,9,No,Completed,,,,,,,,,,,牧野,,,,,Osaka Kintetsu Buffaloes defeated ORIX BlueWave 4-3 at Green Stadium Kobe.,2689web.com Archive (https://2689web.com/2000/BK/BK11.html)
384,NPB_2000_20000628_T_G,2000,Regular Season,Regular Season,Central League,Regular Season,,2000-06-28,Wednesday,18:00,Hanshin Tigers,阪神タイガース,Yomiuri Giants,読売ジャイアンツ,Tokyo Dome,東京ドーム,Tokyo,5,6,11,1,Yomiuri Giants,Hanshin Tigers,Home Win,5-6,9,No,Completed,,,,,,,,,,岡島,,,,,,Yomiuri Giants defeated Hanshin Tigers 5-6 at Tokyo Dome behind winning pitcher 岡島.,2689web.com Archive (https://2689web.com/2000/GT/GT16.html)
385,NPB_2000_20000628_Y_D,2000,Regular Season,Regular Season,Central League,Regular Season,,2000-06-28,Wednesday,18:00,Yokohama BayStars,横浜ベイスターズ,Chunichi Dragons,中日ドラゴンズ,Nagoya Dome,ナゴヤドーム,Nagoya,5,4,9,1,Yokohama BayStars,Chunichi Dragons,Away Win,5-4,9,No,Completed,,,,,,,,,,,岩瀬,,,,,Yokohama BayStars defeated Chunichi Dragons 5-4 at Nagoya Dome.,2689web.com Archive (https://2689web.com/2000/DY/DY12.html)
386,NPB_2000_20000628_F_H,2000,Regular Season,Regular Season,Pacific League,Regular Season,,2000-06-28,Wednesday,18:00,Nippon-Ham Fighters,日本ハムファイターズ,Fukuoka Daiei Hawks,福岡ダイエーホークス,Fukuoka Dome,福岡ドーム,Fukuoka,5,8,13,3,Fukuoka Daiei Hawks,Nippon-Ham Fighters,Home Win,5-8,9,No,Completed,,,,,,,,,,篠原,,,,,,Fukuoka Daiei Hawks defeated Nippon-Ham Fighters 5-8 at Fukuoka Dome behind winning pitcher 篠原.,2689web.com Archive (https://2689web.com/2000/HF/HF16.html)
387,NPB_2000_20000628_K_B,2000,Regular Season,Regular Season,Pacific League,Regular Season,,2000-06-28,Wednesday,18:00,Osaka Kintetsu Buffaloes,大阪近鉄バファローズ,ORIX BlueWave,オリックス・ブルーウェーブ,Green Stadium Kobe,グリーンスタジアム神戸,Kobe,1,3,4,2,ORIX BlueWave,Osaka Kintetsu Buffaloes,Home Win,1-3,9,No,Completed,,,,,,,,,,加藤,,,,,,ORIX BlueWave defeated Osaka Kintetsu Buffaloes 1-3 at Green Stadium Kobe behind winning pitcher 加藤.,2689web.com Archive (https://2689web.com/2000/BK/BK12.html)
388,NPB_2000_20000629_C_S,2000,Regular Season,Regular Season,Central League,Regular Season,,2000-06-29,Thursday,18:00,Hiroshima Toyo Carp,広島東洋カープ,Tokyo Yakult Swallows,東京ヤクルトスワローズ,Meiji Jingu Stadium,明治神宮野球場,Tokyo,2,1,3,1,Hiroshima Toyo Carp,Tokyo Yakult Swallows,Away Win,2-1,9,No,Completed,,,,,,,,,,,石井一,,,,,Hiroshima Toyo Carp defeated Tokyo Yakult Swallows 2-1 at Meiji Jingu Stadium.,2689web.com Archive (https://2689web.com/2000/SC/SC16.html)
389,NPB_2000_20000629_M_L,2000,Regular Season,Regular Season,Pacific League,Regular Season,,2000-06-29,Thursday,18:00,Chiba Lotte Marines,千葉ロッテマリーンズ,Seibu Lions,西武ライオンズ,Seibu Dome,西武ドーム,Tokorozawa,5,4,9,1,Chiba Lotte Marines,Seibu Lions,Away Win,5-4,9,No,Completed,,,,,,,,,,,森,,,,,Chiba Lotte Marines defeated Seibu Lions 5-4 at Seibu Dome.,2689web.com Archive (https://2689web.com/2000/LM/LM15.html)
390,NPB_2000_20000629_K_B,2000,Regular Season,Regular Season,Pacific League,Regular Season,,2000-06-29,Thursday,18:00,Osaka Kintetsu Buffaloes,大阪近鉄バファローズ,ORIX BlueWave,オリックス・ブルーウェーブ,Green Stadium Kobe,グリーンスタジアム神戸,Kobe,5,3,8,2,Osaka Kintetsu Buffaloes,ORIX BlueWave,Away Win,5-3,9,No,Completed,,,,,,,,,,,金田,,,,,Osaka Kintetsu Buffaloes defeated ORIX BlueWave 5-3 at Green Stadium Kobe.,2689web.com Archive (https://2689web.com/2000/BK/BK13.html)
391,NPB_2000_20000630_C_G,2000,Regular Season,Regular Season,Central League,Regular Season,,2000-06-30,Friday,18:00,Hiroshima Toyo Carp,広島東洋カープ,Yomiuri Giants,読売ジャイアンツ,Tokyo Dome,東京ドーム,Tokyo,9,13,22,4,Yomiuri Giants,Hiroshima Toyo Carp,Home Win,9-13,9,No,Completed,,,,,,,,,,柏田,,,,,,Yomiuri Giants defeated Hiroshima Toyo Carp 9-13 at Tokyo Dome behind winning pitcher 柏田.,2689web.com Archive (https://2689web.com/2000/GC/GC12.html)
392,NPB_2000_20000630_S_D,2000,Regular Season,Regular Season,Central League,Regular Season,,2000-06-30,Friday,18:00,Tokyo Yakult Swallows,東京ヤクルトスワローズ,Chunichi Dragons,中日ドラゴンズ,Nagoya Dome,ナゴヤドーム,Nagoya,4,8,12,4,Chunichi Dragons,Tokyo Yakult Swallows,Home Win,4-8,9,No,Completed,,,,,,,,,,バンチ,,,,,,Chunichi Dragons defeated Tokyo Yakult Swallows 4-8 at Nagoya Dome behind winning pitcher バンチ.,2689web.com Archive (https://2689web.com/2000/DS/DS12.html)
393,NPB_2000_20000630_T_Y,2000,Regular Season,Regular Season,Central League,Regular Season,,2000-06-30,Friday,18:00,Hanshin Tigers,阪神タイガース,Yokohama BayStars,横浜ベイスターズ,Yokohama Stadium,横浜スタジアム,Yokohama,7,4,11,3,Hanshin Tigers,Yokohama BayStars,Away Win,7-4,9,No,Completed,,,,,,,,,,,小宮山,,,,,Hanshin Tigers defeated Yokohama BayStars 7-4 at Yokohama Stadium.,2689web.com Archive (https://2689web.com/2000/YT/YT13.html)
394,NPB_2000_20000630_F_L,2000,Regular Season,Regular Season,Pacific League,Regular Season,,2000-06-30,Friday,18:00,Nippon-Ham Fighters,日本ハムファイターズ,Seibu Lions,西武ライオンズ,Seibu Dome,西武ドーム,Tokorozawa,0,1,1,1,Seibu Lions,Nippon-Ham Fighters,Home Win,0-1,9,No,Completed,,,,,,,,,,松坂,,,,,,Seibu Lions defeated Nippon-Ham Fighters 0-1 at Seibu Dome behind winning pitcher 松坂.,2689web.com Archive (https://2689web.com/2000/LF/LF12.html)
395,NPB_2000_20000701_C_G,2000,Regular Season,Regular Season,Central League,Regular Season,,2000-07-01,Saturday,18:00,Hiroshima Toyo Carp,広島東洋カープ,Yomiuri Giants,読売ジャイアンツ,Tokyo Dome,東京ドーム,Tokyo,3,5,8,2,Yomiuri Giants,Hiroshima Toyo Carp,Home Win,3-5,9,No,Completed,,,,,,,,,,木村,,,,,,Yomiuri Giants defeated Hiroshima Toyo Carp 3-5 at Tokyo Dome behind winning pitcher 木村.,2689web.com Archive (https://2689web.com/2000/GC/GC13.html)
396,NPB_2000_20000701_S_D,2000,Regular Season,Regular Season,Central League,Regular Season,,2000-07-01,Saturday,18:00,Tokyo Yakult Swallows,東京ヤクルトスワローズ,Chunichi Dragons,中日ドラゴンズ,Nagoya Dome,ナゴヤドーム,Nagoya,1,4,5,3,Chunichi Dragons,Tokyo Yakult Swallows,Home Win,1-4,9,No,Completed,,,,,,,,,,山本昌,,,,,,Chunichi Dragons defeated Tokyo Yakult Swallows 1-4 at Nagoya Dome behind winning pitcher 山本昌.,2689web.com Archive (https://2689web.com/2000/DS/DS13.html)
397,NPB_2000_20000701_T_Y,2000,Regular Season,Regular Season,Central League,Regular Season,,2000-07-01,Saturday,18:00,Hanshin Tigers,阪神タイガース,Yokohama BayStars,横浜ベイスターズ,Yokohama Stadium,横浜スタジアム,Yokohama,6,3,9,3,Hanshin Tigers,Yokohama BayStars,Away Win,6-3,9,No,Completed,,,,,,,,,,,福盛,,,,,Hanshin Tigers defeated Yokohama BayStars 6-3 at Yokohama Stadium.,2689web.com Archive (https://2689web.com/2000/YT/YT14.html)
398,NPB_2000_20000701_K_H,2000,Regular Season,Regular Season,Pacific League,Regular Season,,2000-07-01,Saturday,18:00,Osaka Kintetsu Buffaloes,大阪近鉄バファローズ,Fukuoka Daiei Hawks,福岡ダイエーホークス,Fukuoka Dome,福岡ドーム,Fukuoka,3,3,6,0,Tie,Tie,Tie,3-3,9,No,Completed,,,,,,,,,,,,,,,,Osaka Kintetsu Buffaloes and Fukuoka Daiei Hawks played to a 3-3 tie at Fukuoka Dome.,2689web.com Archive (https://2689web.com/2000/HK/HK15.html)
399,NPB_2000_20000701_F_L,2000,Regular Season,Regular Season,Pacific League,Regular Season,,2000-07-01,Saturday,18:00,Nippon-Ham Fighters,日本ハムファイターズ,Seibu Lions,西武ライオンズ,Seibu Dome,西武ドーム,Tokorozawa,4,3,7,1,Nippon-Ham Fighters,Seibu Lions,Away Win,4-3,9,No,Completed,,,,,,,,,,,潮崎,,,,,Nippon-Ham Fighters defeated Seibu Lions 4-3 at Seibu Dome.,2689web.com Archive (https://2689web.com/2000/LF/LF13.html)
400,NPB_2000_20000701_M_B,2000,Regular Season,Regular Season,Pacific League,Regular Season,,2000-07-01,Saturday,18:00,Chiba Lotte Marines,千葉ロッテマリーンズ,ORIX BlueWave,オリックス・ブルーウェーブ,Green Stadium Kobe,グリーンスタジアム神戸,Kobe,4,11,15,7,ORIX BlueWave,Chiba Lotte Marines,Home Win,4-11,9,No,Completed,,,,,,,,,,川越,,,,,,ORIX BlueWave defeated Chiba Lotte Marines 4-11 at Green Stadium Kobe behind winning pitcher 川越.,2689web.com Archive (https://2689web.com/2000/BM/BM13.html)
401,NPB_2000_20000702_C_G,2000,Regular Season,Regular Season,Central League,Regular Season,,2000-07-02,Sunday,18:00,Hiroshima Toyo Carp,広島東洋カープ,Yomiuri Giants,読売ジャイアンツ,Tokyo Dome,東京ドーム,Tokyo,8,10,18,2,Yomiuri Giants,Hiroshima Toyo Carp,Home Win,8-10,9,No,Completed,,,,,,,,,,木村,,,,,,Yomiuri Giants defeated Hiroshima Toyo Carp 8-10 at Tokyo Dome behind winning pitcher 木村.,2689web.com Archive (https://2689web.com/2000/GC/GC14.html)
402,NPB_2000_20000702_S_D,2000,Regular Season,Regular Season,Central League,Regular Season,,2000-07-02,Sunday,18:00,Tokyo Yakult Swallows,東京ヤクルトスワローズ,Chunichi Dragons,中日ドラゴンズ,Nagoya Dome,ナゴヤドーム,Nagoya,10,5,15,5,Tokyo Yakult Swallows,Chunichi Dragons,Away Win,10-5,9,No,Completed,,,,,,,,,,,川上,,,,,Tokyo Yakult Swallows defeated Chunichi Dragons 10-5 at Nagoya Dome.,2689web.com Archive (https://2689web.com/2000/DS/DS14.html)
403,NPB_2000_20000702_T_Y,2000,Regular Season,Regular Season,Central League,Regular Season,,2000-07-02,Sunday,18:00,Hanshin Tigers,阪神タイガース,Yokohama BayStars,横浜ベイスターズ,Yokohama Stadium,横浜スタジアム,Yokohama,7,1,8,6,Hanshin Tigers,Yokohama BayStars,Away Win,7-1,9,No,Completed,,,,,,,,,,,川村,,,,,Hanshin Tigers defeated Yokohama BayStars 7-1 at Yokohama Stadium.,2689web.com Archive (https://2689web.com/2000/YT/YT15.html)
404,NPB_2000_20000702_K_H,2000,Regular Season,Regular Season,Pacific League,Regular Season,,2000-07-02,Sunday,18:00,Osaka Kintetsu Buffaloes,大阪近鉄バファローズ,Fukuoka Daiei Hawks,福岡ダイエーホークス,Fukuoka Dome,福岡ドーム,Fukuoka,5,8,13,3,Fukuoka Daiei Hawks,Osaka Kintetsu Buffaloes,Home Win,5-8,9,No,Completed,,,,,,,,,,田之上,,,,,,Fukuoka Daiei Hawks defeated Osaka Kintetsu Buffaloes 5-8 at Fukuoka Dome behind winning pitcher 田之上.,2689web.com Archive (https://2689web.com/2000/HK/HK16.html)
405,NPB_2000_20000702_F_L,2000,Regular Season,Regular Season,Pacific League,Regular Season,,2000-07-02,Sunday,18:00,Nippon-Ham Fighters,日本ハムファイターズ,Seibu Lions,西武ライオンズ,Seibu Dome,西武ドーム,Tokorozawa,1,4,5,3,Seibu Lions,Nippon-Ham Fighters,Home Win,1-4,9,No,Completed,,,,,,,,,,石井,,,,,,Seibu Lions defeated Nippon-Ham Fighters 1-4 at Seibu Dome behind winning pitcher 石井.,2689web.com Archive (https://2689web.com/2000/LF/LF14.html)
406,NPB_2000_20000702_M_B,2000,Regular Season,Regular Season,Pacific League,Regular Season,,2000-07-02,Sunday,18:00,Chiba Lotte Marines,千葉ロッテマリーンズ,ORIX BlueWave,オリックス・ブルーウェーブ,Green Stadium Kobe,グリーンスタジアム神戸,Kobe,5,4,9,1,Chiba Lotte Marines,ORIX BlueWave,Away Win,5-4,9,No,Completed,,,,,,,,,,,木田,,,,,Chiba Lotte Marines defeated ORIX BlueWave 5-4 at Green Stadium Kobe.,2689web.com Archive (https://2689web.com/2000/BM/BM14.html)
407,NPB_2000_20000704_Y_D,2000,Regular Season,Regular Season,Central League,Regular Season,,2000-07-04,Tuesday,18:00,Yokohama BayStars,横浜ベイスターズ,Chunichi Dragons,中日ドラゴンズ,Nagoya Dome,ナゴヤドーム,Nagoya,4,7,11,3,Chunichi Dragons,Yokohama BayStars,Home Win,4-7,9,No,Completed,,,,,,,,,,野口,,,,,,Chunichi Dragons defeated Yokohama BayStars 4-7 at Nagoya Dome behind winning pitcher 野口.,2689web.com Archive (https://2689web.com/2000/DY/DY13.html)
408,NPB_2000_20000704_T_C,2000,Regular Season,Regular Season,Central League,Regular Season,,2000-07-04,Tuesday,18:00,Hanshin Tigers,阪神タイガース,Hiroshima Toyo Carp,広島東洋カープ,Hiroshima Municipal Stadium,旧広島市民球場,Hiroshima,5,6,11,1,Hiroshima Toyo Carp,Hanshin Tigers,Home Win,5-6,9,No,Completed,,,,,,,,,,山崎健,,,,,,Hiroshima Toyo Carp defeated Hanshin Tigers 5-6 at Hiroshima Municipal Stadium behind winning pitcher 山崎健.,2689web.com Archive (https://2689web.com/2000/CT/CT14.html)
409,NPB_2000_20000704_M_H,2000,Regular Season,Regular Season,Pacific League,Regular Season,,2000-07-04,Tuesday,18:00,Chiba Lotte Marines,千葉ロッテマリーンズ,Fukuoka Daiei Hawks,福岡ダイエーホークス,Fukuoka Dome,福岡ドーム,Fukuoka,1,9,10,8,Fukuoka Daiei Hawks,Chiba Lotte Marines,Home Win,1-9,9,No,Completed,,,,,,,,,,星野,,,,,,Fukuoka Daiei Hawks defeated Chiba Lotte Marines 1-9 at Fukuoka Dome behind winning pitcher 星野.,2689web.com Archive (https://2689web.com/2000/HM/HM14.html)
410,NPB_2000_20000704_K_L,2000,Regular Season,Regular Season,Pacific League,Regular Season,,2000-07-04,Tuesday,18:00,Osaka Kintetsu Buffaloes,大阪近鉄バファローズ,Seibu Lions,西武ライオンズ,Seibu Dome,西武ドーム,Tokorozawa,0,3,3,3,Seibu Lions,Osaka Kintetsu Buffaloes,Home Win,0-3,9,No,Completed,,,,,,,,,,西崎,,,,,,Seibu Lions defeated Osaka Kintetsu Buffaloes 0-3 at Seibu Dome behind winning pitcher 西崎.,2689web.com Archive (https://2689web.com/2000/LK/LK12.html)
411,NPB_2000_20000704_B_F,2000,Regular Season,Regular Season,Pacific League,Regular Season,,2000-07-04,Tuesday,18:00,ORIX BlueWave,オリックス・ブルーウェーブ,Nippon-Ham Fighters,日本ハムファイターズ,Tokyo Dome,東京ドーム,Tokyo,6,2,8,4,ORIX BlueWave,Nippon-Ham Fighters,Away Win,6-2,9,No,Completed,,,,,,,,,,,立石,,,,,ORIX BlueWave defeated Nippon-Ham Fighters 6-2 at Tokyo Dome.,2689web.com Archive (https://2689web.com/2000/FB/FB14.html)
412,NPB_2000_20000705_S_G,2000,Regular Season,Regular Season,Central League,Regular Season,,2000-07-05,Wednesday,18:00,Tokyo Yakult Swallows,東京ヤクルトスワローズ,Yomiuri Giants,読売ジャイアンツ,Tokyo Dome,東京ドーム,Tokyo,4,3,7,1,Tokyo Yakult Swallows,Yomiuri Giants,Away Win,4-3,9,No,Completed,,,,,,,,,,,槙原,,,,,Tokyo Yakult Swallows defeated Yomiuri Giants 4-3 at Tokyo Dome.,2689web.com Archive (https://2689web.com/2000/GS/GS13.html)
413,NPB_2000_20000705_Y_D,2000,Regular Season,Regular Season,Central League,Regular Season,,2000-07-05,Wednesday,18:00,Yokohama BayStars,横浜ベイスターズ,Chunichi Dragons,中日ドラゴンズ,Nagoya Dome,ナゴヤドーム,Nagoya,13,2,15,11,Yokohama BayStars,Chunichi Dragons,Away Win,13-2,9,No,Completed,,,,,,,,,,,鶴田,,,,,Yokohama BayStars defeated Chunichi Dragons 13-2 at Nagoya Dome.,2689web.com Archive (https://2689web.com/2000/DY/DY14.html)
414,NPB_2000_20000705_T_C,2000,Regular Season,Regular Season,Central League,Regular Season,,2000-07-05,Wednesday,18:00,Hanshin Tigers,阪神タイガース,Hiroshima Toyo Carp,広島東洋カープ,Hiroshima Municipal Stadium,旧広島市民球場,Hiroshima,6,1,7,5,Hanshin Tigers,Hiroshima Toyo Carp,Away Win,6-1,9,No,Completed,,,,,,,,,,,澤崎,,,,,Hanshin Tigers defeated Hiroshima Toyo Carp 6-1 at Hiroshima Municipal Stadium.,2689web.com Archive (https://2689web.com/2000/CT/CT15.html)
415,NPB_2000_20000705_M_H,2000,Regular Season,Regular Season,Pacific League,Regular Season,,2000-07-05,Wednesday,18:00,Chiba Lotte Marines,千葉ロッテマリーンズ,Fukuoka Daiei Hawks,福岡ダイエーホークス,Fukuoka Dome,福岡ドーム,Fukuoka,2,0,2,2,Chiba Lotte Marines,Fukuoka Daiei Hawks,Away Win,2-0,9,No,Completed,,,,,,,,,,,土井,,,,,Chiba Lotte Marines defeated Fukuoka Daiei Hawks 2-0 at Fukuoka Dome.,2689web.com Archive (https://2689web.com/2000/HM/HM15.html)
416,NPB_2000_20000705_K_L,2000,Regular Season,Regular Season,Pacific League,Regular Season,,2000-07-05,Wednesday,18:00,Osaka Kintetsu Buffaloes,大阪近鉄バファローズ,Seibu Lions,西武ライオンズ,Seibu Dome,西武ドーム,Tokorozawa,8,3,11,5,Osaka Kintetsu Buffaloes,Seibu Lions,Away Win,8-3,9,No,Completed,,,,,,,,,,,許,,,,,Osaka Kintetsu Buffaloes defeated Seibu Lions 8-3 at Seibu Dome.,2689web.com Archive (https://2689web.com/2000/LK/LK13.html)
417,NPB_2000_20000705_B_F,2000,Regular Season,Regular Season,Pacific League,Regular Season,,2000-07-05,Wednesday,18:00,ORIX BlueWave,オリックス・ブルーウェーブ,Nippon-Ham Fighters,日本ハムファイターズ,Tokyo Dome,東京ドーム,Tokyo,9,6,15,3,ORIX BlueWave,Nippon-Ham Fighters,Away Win,9-6,9,No,Completed,,,,,,,,,,,下柳,,,,,ORIX BlueWave defeated Nippon-Ham Fighters 9-6 at Tokyo Dome.,2689web.com Archive (https://2689web.com/2000/FB/FB15.html)
418,NPB_2000_20000706_S_G,2000,Regular Season,Regular Season,Central League,Regular Season,,2000-07-06,Thursday,18:00,Tokyo Yakult Swallows,東京ヤクルトスワローズ,Yomiuri Giants,読売ジャイアンツ,Tokyo Dome,東京ドーム,Tokyo,1,2,3,1,Yomiuri Giants,Tokyo Yakult Swallows,Home Win,1-2,9,No,Completed,,,,,,,,,,桑田,,,,,,Yomiuri Giants defeated Tokyo Yakult Swallows 1-2 at Tokyo Dome behind winning pitcher 桑田.,2689web.com Archive (https://2689web.com/2000/GS/GS14.html)
419,NPB_2000_20000706_T_C,2000,Regular Season,Regular Season,Central League,Regular Season,,2000-07-06,Thursday,18:00,Hanshin Tigers,阪神タイガース,Hiroshima Toyo Carp,広島東洋カープ,Hiroshima Municipal Stadium,旧広島市民球場,Hiroshima,6,11,17,5,Hiroshima Toyo Carp,Hanshin Tigers,Home Win,6-11,9,No,Completed,,,,,,,,,,山崎健,,,,,,Hiroshima Toyo Carp defeated Hanshin Tigers 6-11 at Hiroshima Municipal Stadium behind winning pitcher 山崎健.,2689web.com Archive (https://2689web.com/2000/CT/CT16.html)
420,NPB_2000_20000706_M_H,2000,Regular Season,Regular Season,Pacific League,Regular Season,,2000-07-06,Thursday,18:00,Chiba Lotte Marines,千葉ロッテマリーンズ,Fukuoka Daiei Hawks,福岡ダイエーホークス,Fukuoka Dome,福岡ドーム,Fukuoka,8,7,15,1,Chiba Lotte Marines,Fukuoka Daiei Hawks,Away Win,8-7,9,No,Completed,,,,,,,,,,,篠原,,,,,Chiba Lotte Marines defeated Fukuoka Daiei Hawks 8-7 at Fukuoka Dome.,2689web.com Archive (https://2689web.com/2000/HM/HM16.html)
421,NPB_2000_20000706_K_L,2000,Regular Season,Regular Season,Pacific League,Regular Season,,2000-07-06,Thursday,18:00,Osaka Kintetsu Buffaloes,大阪近鉄バファローズ,Seibu Lions,西武ライオンズ,Seibu Dome,西武ドーム,Tokorozawa,9,4,13,5,Osaka Kintetsu Buffaloes,Seibu Lions,Away Win,9-4,9,No,Completed,,,,,,,,,,,松坂,,,,,Osaka Kintetsu Buffaloes defeated Seibu Lions 9-4 at Seibu Dome.,2689web.com Archive (https://2689web.com/2000/LK/LK14.html)
422,NPB_2000_20000706_B_F,2000,Regular Season,Regular Season,Pacific League,Regular Season,,2000-07-06,Thursday,18:00,ORIX BlueWave,オリックス・ブルーウェーブ,Nippon-Ham Fighters,日本ハムファイターズ,Tokyo Dome,東京ドーム,Tokyo,6,1,7,5,ORIX BlueWave,Nippon-Ham Fighters,Away Win,6-1,9,No,Completed,,,,,,,,,,,清水,,,,,ORIX BlueWave defeated Nippon-Ham Fighters 6-1 at Tokyo Dome.,2689web.com Archive (https://2689web.com/2000/FB/FB16.html)
423,NPB_2000_20000707_D_G,2000,Regular Season,Regular Season,Central League,Regular Season,,2000-07-07,Friday,18:00,Chunichi Dragons,中日ドラゴンズ,Yomiuri Giants,読売ジャイアンツ,Tokyo Dome,東京ドーム,Tokyo,1,9,10,8,Yomiuri Giants,Chunichi Dragons,Home Win,1-9,9,No,Completed,,,,,,,,,,工藤,,,,,,Yomiuri Giants defeated Chunichi Dragons 1-9 at Tokyo Dome behind winning pitcher 工藤.,2689web.com Archive (https://2689web.com/2000/GD/GD14.html)
424,NPB_2000_20000707_C_Y,2000,Regular Season,Regular Season,Central League,Regular Season,,2000-07-07,Friday,18:00,Hiroshima Toyo Carp,広島東洋カープ,Yokohama BayStars,横浜ベイスターズ,Yokohama Stadium,横浜スタジアム,Yokohama,0,3,3,3,Yokohama BayStars,Hiroshima Toyo Carp,Home Win,0-3,9,No,Completed,,,,,,,,,,小宮山,,,,,,Yokohama BayStars defeated Hiroshima Toyo Carp 0-3 at Yokohama Stadium behind winning pitcher 小宮山.,2689web.com Archive (https://2689web.com/2000/YC/YC13.html)
425,NPB_2000_20000707_K_B,2000,Regular Season,Regular Season,Pacific League,Regular Season,,2000-07-07,Friday,18:00,Osaka Kintetsu Buffaloes,大阪近鉄バファローズ,ORIX BlueWave,オリックス・ブルーウェーブ,Green Stadium Kobe,グリーンスタジアム神戸,Kobe,1,8,9,7,ORIX BlueWave,Osaka Kintetsu Buffaloes,Home Win,1-8,9,No,Completed,,,,,,,,,,川越,,,,,,ORIX BlueWave defeated Osaka Kintetsu Buffaloes 1-8 at Green Stadium Kobe behind winning pitcher 川越.,2689web.com Archive (https://2689web.com/2000/BK/BK14.html)
426,NPB_2000_20000708_D_G,2000,Regular Season,Regular Season,Central League,Regular Season,,2000-07-08,Saturday,18:00,Chunichi Dragons,中日ドラゴンズ,Yomiuri Giants,読売ジャイアンツ,Tokyo Dome,東京ドーム,Tokyo,3,2,5,1,Chunichi Dragons,Yomiuri Giants,Away Win,3-2,9,No,Completed,,,,,,,,,,,桑田,,,,,Chunichi Dragons defeated Yomiuri Giants 3-2 at Tokyo Dome.,2689web.com Archive (https://2689web.com/2000/GD/GD15.html)
427,NPB_2000_20000708_C_Y,2000,Regular Season,Regular Season,Central League,Regular Season,,2000-07-08,Saturday,18:00,Hiroshima Toyo Carp,広島東洋カープ,Yokohama BayStars,横浜ベイスターズ,Yokohama Stadium,横浜スタジアム,Yokohama,2,7,9,5,Yokohama BayStars,Hiroshima Toyo Carp,Home Win,2-7,9,No,Completed,,,,,,,,,,野村,,,,,,Yokohama BayStars defeated Hiroshima Toyo Carp 2-7 at Yokohama Stadium behind winning pitcher 野村.,2689web.com Archive (https://2689web.com/2000/YC/YC14.html)
428,NPB_2000_20000708_T_S,2000,Regular Season,Regular Season,Central League,Regular Season,,2000-07-08,Saturday,18:00,Hanshin Tigers,阪神タイガース,Tokyo Yakult Swallows,東京ヤクルトスワローズ,Meiji Jingu Stadium,明治神宮野球場,Tokyo,0,8,8,8,Tokyo Yakult Swallows,Hanshin Tigers,Home Win,0-8,9,No,Completed,,,,,,,,,,ハッカミー,,,,,,Tokyo Yakult Swallows defeated Hanshin Tigers 0-8 at Meiji Jingu Stadium behind winning pitcher ハッカミー.,2689web.com Archive (https://2689web.com/2000/ST/ST12.html)
429,NPB_2000_20000708_L_H,2000,Regular Season,Regular Season,Pacific League,Regular Season,,2000-07-08,Saturday,18:00,Seibu Lions,西武ライオンズ,Fukuoka Daiei Hawks,福岡ダイエーホークス,Fukuoka Dome,福岡ドーム,Fukuoka,9,5,14,4,Seibu Lions,Fukuoka Daiei Hawks,Away Win,9-5,9,No,Completed,,,,,,,,,,,ラジオ,,,,,Seibu Lions defeated Fukuoka Daiei Hawks 9-5 at Fukuoka Dome.,2689web.com Archive (https://2689web.com/2000/HL/HL15.html)
430,NPB_2000_20000708_M_F,2000,Regular Season,Regular Season,Pacific League,Regular Season,,2000-07-08,Saturday,18:00,Chiba Lotte Marines,千葉ロッテマリーンズ,Nippon-Ham Fighters,日本ハムファイターズ,Tokyo Dome,東京ドーム,Tokyo,2,9,11,7,Nippon-Ham Fighters,Chiba Lotte Marines,Home Win,2-9,9,No,Completed,,,,,,,,,,関根,,,,,,Nippon-Ham Fighters defeated Chiba Lotte Marines 2-9 at Tokyo Dome behind winning pitcher 関根.,2689web.com Archive (https://2689web.com/2000/FM/FM15.html)
431,NPB_2000_20000708_K_B,2000,Regular Season,Regular Season,Pacific League,Regular Season,,2000-07-08,Saturday,18:00,Osaka Kintetsu Buffaloes,大阪近鉄バファローズ,ORIX BlueWave,オリックス・ブルーウェーブ,Green Stadium Kobe,グリーンスタジアム神戸,Kobe,3,4,7,1,ORIX BlueWave,Osaka Kintetsu Buffaloes,Home Win,3-4,9,No,Completed,,,,,,,,,,木田,,,,,,ORIX BlueWave defeated Osaka Kintetsu Buffaloes 3-4 at Green Stadium Kobe behind winning pitcher 木田.,2689web.com Archive (https://2689web.com/2000/BK/BK15.html)
432,NPB_2000_20000709_D_G,2000,Regular Season,Regular Season,Central League,Regular Season,,2000-07-09,Sunday,18:00,Chunichi Dragons,中日ドラゴンズ,Yomiuri Giants,読売ジャイアンツ,Tokyo Dome,東京ドーム,Tokyo,0,5,5,5,Yomiuri Giants,Chunichi Dragons,Home Win,0-5,9,No,Completed,,,,,,,,,,河原,,,,,,Yomiuri Giants defeated Chunichi Dragons 0-5 at Tokyo Dome behind winning pitcher 河原.,2689web.com Archive (https://2689web.com/2000/GD/GD16.html)
433,NPB_2000_20000709_C_Y,2000,Regular Season,Regular Season,Central League,Regular Season,,2000-07-09,Sunday,18:00,Hiroshima Toyo Carp,広島東洋カープ,Yokohama BayStars,横浜ベイスターズ,Yokohama Stadium,横浜スタジアム,Yokohama,3,5,8,2,Yokohama BayStars,Hiroshima Toyo Carp,Home Win,3-5,9,No,Completed,,,,,,,,,,川村,,,,,,Yokohama BayStars defeated Hiroshima Toyo Carp 3-5 at Yokohama Stadium behind winning pitcher 川村.,2689web.com Archive (https://2689web.com/2000/YC/YC15.html)
434,NPB_2000_20000709_T_S,2000,Regular Season,Regular Season,Central League,Regular Season,,2000-07-09,Sunday,18:00,Hanshin Tigers,阪神タイガース,Tokyo Yakult Swallows,東京ヤクルトスワローズ,Meiji Jingu Stadium,明治神宮野球場,Tokyo,7,4,11,3,Hanshin Tigers,Tokyo Yakult Swallows,Away Win,7-4,9,No,Completed,,,,,,,,,,,レモン,,,,,Hanshin Tigers defeated Tokyo Yakult Swallows 7-4 at Meiji Jingu Stadium.,2689web.com Archive (https://2689web.com/2000/ST/ST13.html)
435,NPB_2000_20000709_L_H,2000,Regular Season,Regular Season,Pacific League,Regular Season,,2000-07-09,Sunday,18:00,Seibu Lions,西武ライオンズ,Fukuoka Daiei Hawks,福岡ダイエーホークス,Fukuoka Dome,福岡ドーム,Fukuoka,4,3,7,1,Seibu Lions,Fukuoka Daiei Hawks,Away Win,4-3,9,No,Completed,,,,,,,,,,,ペドラザ,,,,,Seibu Lions defeated Fukuoka Daiei Hawks 4-3 at Fukuoka Dome.,2689web.com Archive (https://2689web.com/2000/HL/HL16.html)
436,NPB_2000_20000709_M_F,2000,Regular Season,Regular Season,Pacific League,Regular Season,,2000-07-09,Sunday,18:00,Chiba Lotte Marines,千葉ロッテマリーンズ,Nippon-Ham Fighters,日本ハムファイターズ,Tokyo Dome,東京ドーム,Tokyo,8,4,12,4,Chiba Lotte Marines,Nippon-Ham Fighters,Away Win,8-4,9,No,Completed,,,,,,,,,,,岩本,,,,,Chiba Lotte Marines defeated Nippon-Ham Fighters 8-4 at Tokyo Dome.,2689web.com Archive (https://2689web.com/2000/FM/FM16.html)
437,NPB_2000_20000709_K_B,2000,Regular Season,Regular Season,Pacific League,Regular Season,,2000-07-09,Sunday,18:00,Osaka Kintetsu Buffaloes,大阪近鉄バファローズ,ORIX BlueWave,オリックス・ブルーウェーブ,Green Stadium Kobe,グリーンスタジアム神戸,Kobe,3,10,13,7,ORIX BlueWave,Osaka Kintetsu Buffaloes,Home Win,3-10,9,No,Completed,,,,,,,,,,戎,,,,,,ORIX BlueWave defeated Osaka Kintetsu Buffaloes 3-10 at Green Stadium Kobe behind winning pitcher 戎.,2689web.com Archive (https://2689web.com/2000/BK/BK16.html)
438,NPB_2000_20000711_C_G,2000,Regular Season,Regular Season,Central League,Regular Season,,2000-07-11,Tuesday,18:00,Hiroshima Toyo Carp,広島東洋カープ,Yomiuri Giants,読売ジャイアンツ,Tokyo Dome,東京ドーム,Tokyo,3,18,21,15,Yomiuri Giants,Hiroshima Toyo Carp,Home Win,3-18,9,No,Completed,,,,,,,,,,メイ,,,,,,Yomiuri Giants defeated Hiroshima Toyo Carp 3-18 at Tokyo Dome behind winning pitcher メイ.,2689web.com Archive (https://2689web.com/2000/GC/GC15.html)
439,NPB_2000_20000711_T_D,2000,Regular Season,Regular Season,Central League,Regular Season,,2000-07-11,Tuesday,18:00,Hanshin Tigers,阪神タイガース,Chunichi Dragons,中日ドラゴンズ,Nagoya Dome,ナゴヤドーム,Nagoya,0,3,3,3,Chunichi Dragons,Hanshin Tigers,Home Win,0-3,9,No,Completed,,,,,,,,,,岩瀬,,,,,,Chunichi Dragons defeated Hanshin Tigers 0-3 at Nagoya Dome behind winning pitcher 岩瀬.,2689web.com Archive (https://2689web.com/2000/DT/DT14.html)
440,NPB_2000_20000711_S_Y,2000,Regular Season,Regular Season,Central League,Regular Season,,2000-07-11,Tuesday,18:00,Tokyo Yakult Swallows,東京ヤクルトスワローズ,Yokohama BayStars,横浜ベイスターズ,Yokohama Stadium,横浜スタジアム,Yokohama,2,3,5,1,Yokohama BayStars,Tokyo Yakult Swallows,Home Win,2-3,9,No,Completed,,,,,,,,,,木塚,,,,,,Yokohama BayStars defeated Tokyo Yakult Swallows 2-3 at Yokohama Stadium behind winning pitcher 木塚.,2689web.com Archive (https://2689web.com/2000/YS/YS12.html)
441,NPB_2000_20000711_B_H,2000,Regular Season,Regular Season,Pacific League,Regular Season,,2000-07-11,Tuesday,18:00,ORIX BlueWave,オリックス・ブルーウェーブ,Fukuoka Daiei Hawks,福岡ダイエーホークス,Fukuoka Dome,福岡ドーム,Fukuoka,2,3,5,1,Fukuoka Daiei Hawks,ORIX BlueWave,Home Win,2-3,9,No,Completed,,,,,,,,,,若田部,,,,,,Fukuoka Daiei Hawks defeated ORIX BlueWave 2-3 at Fukuoka Dome behind winning pitcher 若田部.,2689web.com Archive (https://2689web.com/2000/HB/HB11.html)
442,NPB_2000_20000711_F_L,2000,Regular Season,Regular Season,Pacific League,Regular Season,,2000-07-11,Tuesday,18:00,Nippon-Ham Fighters,日本ハムファイターズ,Seibu Lions,西武ライオンズ,Seibu Dome,西武ドーム,Tokorozawa,4,3,7,1,Nippon-Ham Fighters,Seibu Lions,Away Win,4-3,9,No,Completed,,,,,,,,,,,森,,,,,Nippon-Ham Fighters defeated Seibu Lions 4-3 at Seibu Dome.,2689web.com Archive (https://2689web.com/2000/LF/LF15.html)
443,NPB_2000_20000711_K_M,2000,Regular Season,Regular Season,Pacific League,Regular Season,,2000-07-11,Tuesday,18:00,Osaka Kintetsu Buffaloes,大阪近鉄バファローズ,Chiba Lotte Marines,千葉ロッテマリーンズ,Chiba Marine Stadium,千葉マリンスタジアム,Chiba,4,9,13,5,Chiba Lotte Marines,Osaka Kintetsu Buffaloes,Home Win,4-9,9,No,Completed,,,,,,,,,,清水直,,,,,,Chiba Lotte Marines defeated Osaka Kintetsu Buffaloes 4-9 at Chiba Marine Stadium behind winning pitcher 清水直.,2689web.com Archive (https://2689web.com/2000/MK/MK15.html)
444,NPB_2000_20000712_C_G,2000,Regular Season,Regular Season,Central League,Regular Season,,2000-07-12,Wednesday,18:00,Hiroshima Toyo Carp,広島東洋カープ,Yomiuri Giants,読売ジャイアンツ,Tokyo Dome,東京ドーム,Tokyo,4,2,6,2,Hiroshima Toyo Carp,Yomiuri Giants,Away Win,4-2,9,No,Completed,,,,,,,,,,,西山,,,,,Hiroshima Toyo Carp defeated Yomiuri Giants 4-2 at Tokyo Dome.,2689web.com Archive (https://2689web.com/2000/GC/GC16.html)
445,NPB_2000_20000712_T_D,2000,Regular Season,Regular Season,Central League,Regular Season,,2000-07-12,Wednesday,18:00,Hanshin Tigers,阪神タイガース,Chunichi Dragons,中日ドラゴンズ,Nagoya Dome,ナゴヤドーム,Nagoya,8,11,19,3,Chunichi Dragons,Hanshin Tigers,Home Win,8-11,9,No,Completed,,,,,,,,,,正津,,,,,,Chunichi Dragons defeated Hanshin Tigers 8-11 at Nagoya Dome behind winning pitcher 正津.,2689web.com Archive (https://2689web.com/2000/DT/DT15.html)
446,NPB_2000_20000712_S_Y,2000,Regular Season,Regular Season,Central League,Regular Season,,2000-07-12,Wednesday,18:00,Tokyo Yakult Swallows,東京ヤクルトスワローズ,Yokohama BayStars,横浜ベイスターズ,Yokohama Stadium,横浜スタジアム,Yokohama,3,2,5,1,Tokyo Yakult Swallows,Yokohama BayStars,Away Win,3-2,9,No,Completed,,,,,,,,,,,森中,,,,,Tokyo Yakult Swallows defeated Yokohama BayStars 3-2 at Yokohama Stadium.,2689web.com Archive (https://2689web.com/2000/YS/YS13.html)
447,NPB_2000_20000712_B_H,2000,Regular Season,Regular Season,Pacific League,Regular Season,,2000-07-12,Wednesday,18:00,ORIX BlueWave,オリックス・ブルーウェーブ,Fukuoka Daiei Hawks,福岡ダイエーホークス,Fukuoka Dome,福岡ドーム,Fukuoka,3,4,7,1,Fukuoka Daiei Hawks,ORIX BlueWave,Home Win,3-4,9,No,Completed,,,,,,,,,,田之上,,,,,,Fukuoka Daiei Hawks defeated ORIX BlueWave 3-4 at Fukuoka Dome behind winning pitcher 田之上.,2689web.com Archive (https://2689web.com/2000/HB/HB12.html)
448,NPB_2000_20000712_F_L,2000,Regular Season,Regular Season,Pacific League,Regular Season,,2000-07-12,Wednesday,18:00,Nippon-Ham Fighters,日本ハムファイターズ,Seibu Lions,西武ライオンズ,Seibu Dome,西武ドーム,Tokorozawa,0,8,8,8,Seibu Lions,Nippon-Ham Fighters,Home Win,0-8,9,No,Completed,,,,,,,,,,許,,,,,,Seibu Lions defeated Nippon-Ham Fighters 0-8 at Seibu Dome behind winning pitcher 許.,2689web.com Archive (https://2689web.com/2000/LF/LF16.html)
449,NPB_2000_20000712_K_M,2000,Regular Season,Regular Season,Pacific League,Regular Season,,2000-07-12,Wednesday,18:00,Osaka Kintetsu Buffaloes,大阪近鉄バファローズ,Chiba Lotte Marines,千葉ロッテマリーンズ,Chiba Marine Stadium,千葉マリンスタジアム,Chiba,4,3,7,1,Osaka Kintetsu Buffaloes,Chiba Lotte Marines,Away Win,4-3,9,No,Completed,,,,,,,,,,,竹清,,,,,Osaka Kintetsu Buffaloes defeated Chiba Lotte Marines 4-3 at Chiba Marine Stadium.,2689web.com Archive (https://2689web.com/2000/MK/MK16.html)
450,NPB_2000_20000713_T_D,2000,Regular Season,Regular Season,Central League,Regular Season,,2000-07-13,Thursday,18:00,Hanshin Tigers,阪神タイガース,Chunichi Dragons,中日ドラゴンズ,Nagoya Dome,ナゴヤドーム,Nagoya,2,4,6,2,Chunichi Dragons,Hanshin Tigers,Home Win,2-4,9,No,Completed,,,,,,,,,,バンチ,,,,,,Chunichi Dragons defeated Hanshin Tigers 2-4 at Nagoya Dome behind winning pitcher バンチ.,2689web.com Archive (https://2689web.com/2000/DT/DT16.html)
451,NPB_2000_20000713_S_Y,2000,Regular Season,Regular Season,Central League,Regular Season,,2000-07-13,Thursday,18:00,Tokyo Yakult Swallows,東京ヤクルトスワローズ,Yokohama BayStars,横浜ベイスターズ,Yokohama Stadium,横浜スタジアム,Yokohama,4,3,7,1,Tokyo Yakult Swallows,Yokohama BayStars,Away Win,4-3,9,No,Completed,,,,,,,,,,,木塚,,,,,Tokyo Yakult Swallows defeated Yokohama BayStars 4-3 at Yokohama Stadium.,2689web.com Archive (https://2689web.com/2000/YS/YS14.html)
452,NPB_2000_20000713_B_H,2000,Regular Season,Regular Season,Pacific League,Regular Season,,2000-07-13,Thursday,18:00,ORIX BlueWave,オリックス・ブルーウェーブ,Fukuoka Daiei Hawks,福岡ダイエーホークス,Fukuoka Dome,福岡ドーム,Fukuoka,2,7,9,5,Fukuoka Daiei Hawks,ORIX BlueWave,Home Win,2-7,9,No,Completed,,,,,,,,,,永井,,,,,,Fukuoka Daiei Hawks defeated ORIX BlueWave 2-7 at Fukuoka Dome behind winning pitcher 永井.,2689web.com Archive (https://2689web.com/2000/HB/HB13.html)
453,NPB_2000_20000713_F_L,2000,Regular Season,Regular Season,Pacific League,Regular Season,,2000-07-13,Thursday,18:00,Nippon-Ham Fighters,日本ハムファイターズ,Seibu Lions,西武ライオンズ,Seibu Dome,西武ドーム,Tokorozawa,2,5,7,3,Seibu Lions,Nippon-Ham Fighters,Home Win,2-5,9,No,Completed,,,,,,,,,,松坂,,,,,,Seibu Lions defeated Nippon-Ham Fighters 2-5 at Seibu Dome behind winning pitcher 松坂.,2689web.com Archive (https://2689web.com/2000/LF/LF17.html)
454,NPB_2000_20000714_S_G,2000,Regular Season,Regular Season,Central League,Regular Season,,2000-07-14,Friday,18:00,Tokyo Yakult Swallows,東京ヤクルトスワローズ,Yomiuri Giants,読売ジャイアンツ,Tokyo Dome,東京ドーム,Tokyo,0,1,1,1,Yomiuri Giants,Tokyo Yakult Swallows,Home Win,0-1,9,No,Completed,,,,,,,,,,工藤,,,,,,Yomiuri Giants defeated Tokyo Yakult Swallows 0-1 at Tokyo Dome behind winning pitcher 工藤.,2689web.com Archive (https://2689web.com/2000/GS/GS15.html)
455,NPB_2000_20000714_T_Y,2000,Regular Season,Regular Season,Central League,Regular Season,,2000-07-14,Friday,18:00,Hanshin Tigers,阪神タイガース,Yokohama BayStars,横浜ベイスターズ,Yokohama Stadium,横浜スタジアム,Yokohama,6,3,9,3,Hanshin Tigers,Yokohama BayStars,Away Win,6-3,9,No,Completed,,,,,,,,,,,野村,,,,,Hanshin Tigers defeated Yokohama BayStars 6-3 at Yokohama Stadium.,2689web.com Archive (https://2689web.com/2000/YT/YT16.html)
456,NPB_2000_20000714_F_H,2000,Regular Season,Regular Season,Pacific League,Regular Season,,2000-07-14,Friday,18:00,Nippon-Ham Fighters,日本ハムファイターズ,Fukuoka Daiei Hawks,福岡ダイエーホークス,Fukuoka Dome,福岡ドーム,Fukuoka,4,5,9,1,Fukuoka Daiei Hawks,Nippon-Ham Fighters,Home Win,4-5,9,No,Completed,,,,,,,,,,渡辺正,,,,,,Fukuoka Daiei Hawks defeated Nippon-Ham Fighters 4-5 at Fukuoka Dome behind winning pitcher 渡辺正.,2689web.com Archive (https://2689web.com/2000/HF/HF17.html)
457,NPB_2000_20000714_M_L,2000,Regular Season,Regular Season,Pacific League,Regular Season,,2000-07-14,Friday,18:00,Chiba Lotte Marines,千葉ロッテマリーンズ,Seibu Lions,西武ライオンズ,Seibu Dome,西武ドーム,Tokorozawa,3,2,5,1,Chiba Lotte Marines,Seibu Lions,Away Win,3-2,9,No,Completed,,,,,,,,,,,青木勇,,,,,Chiba Lotte Marines defeated Seibu Lions 3-2 at Seibu Dome.,2689web.com Archive (https://2689web.com/2000/LM/LM16.html)
458,NPB_2000_20000715_S_G,2000,Regular Season,Regular Season,Central League,Regular Season,,2000-07-15,Saturday,18:00,Tokyo Yakult Swallows,東京ヤクルトスワローズ,Yomiuri Giants,読売ジャイアンツ,Tokyo Dome,東京ドーム,Tokyo,3,8,11,5,Yomiuri Giants,Tokyo Yakult Swallows,Home Win,3-8,9,No,Completed,,,,,,,,,,柏田,,,,,,Yomiuri Giants defeated Tokyo Yakult Swallows 3-8 at Tokyo Dome behind winning pitcher 柏田.,2689web.com Archive (https://2689web.com/2000/GS/GS16.html)
459,NPB_2000_20000715_C_D,2000,Regular Season,Regular Season,Central League,Regular Season,,2000-07-15,Saturday,18:00,Hiroshima Toyo Carp,広島東洋カープ,Chunichi Dragons,中日ドラゴンズ,Nagoya Dome,ナゴヤドーム,Nagoya,8,2,10,6,Hiroshima Toyo Carp,Chunichi Dragons,Away Win,8-2,9,No,Completed,,,,,,,,,,,山本昌,,,,,Hiroshima Toyo Carp defeated Chunichi Dragons 8-2 at Nagoya Dome.,2689web.com Archive (https://2689web.com/2000/DC/DC15.html)
460,NPB_2000_20000715_T_Y,2000,Regular Season,Regular Season,Central League,Regular Season,,2000-07-15,Saturday,18:00,Hanshin Tigers,阪神タイガース,Yokohama BayStars,横浜ベイスターズ,Yokohama Stadium,横浜スタジアム,Yokohama,9,8,17,1,Hanshin Tigers,Yokohama BayStars,Away Win,9-8,9,No,Completed,,,,,,,,,,,川村,,,,,Hanshin Tigers defeated Yokohama BayStars 9-8 at Yokohama Stadium.,2689web.com Archive (https://2689web.com/2000/YT/YT17.html)
461,NPB_2000_20000715_F_H,2000,Regular Season,Regular Season,Pacific League,Regular Season,,2000-07-15,Saturday,18:00,Nippon-Ham Fighters,日本ハムファイターズ,Fukuoka Daiei Hawks,福岡ダイエーホークス,Fukuoka Dome,福岡ドーム,Fukuoka,7,2,9,5,Nippon-Ham Fighters,Fukuoka Daiei Hawks,Away Win,7-2,9,No,Completed,,,,,,,,,,,ラジオ,,,,,Nippon-Ham Fighters defeated Fukuoka Daiei Hawks 7-2 at Fukuoka Dome.,2689web.com Archive (https://2689web.com/2000/HF/HF18.html)
462,NPB_2000_20000715_M_L,2000,Regular Season,Regular Season,Pacific League,Regular Season,,2000-07-15,Saturday,18:00,Chiba Lotte Marines,千葉ロッテマリーンズ,Seibu Lions,西武ライオンズ,Seibu Dome,西武ドーム,Tokorozawa,7,6,13,1,Chiba Lotte Marines,Seibu Lions,Away Win,7-6,9,No,Completed,,,,,,,,,,,デニー,,,,,Chiba Lotte Marines defeated Seibu Lions 7-6 at Seibu Dome.,2689web.com Archive (https://2689web.com/2000/LM/LM17.html)
463,NPB_2000_20000715_K_B,2000,Regular Season,Regular Season,Pacific League,Regular Season,,2000-07-15,Saturday,18:00,Osaka Kintetsu Buffaloes,大阪近鉄バファローズ,ORIX BlueWave,オリックス・ブルーウェーブ,Green Stadium Kobe,グリーンスタジアム神戸,Kobe,5,1,6,4,Osaka Kintetsu Buffaloes,ORIX BlueWave,Away Win,5-1,9,No,Completed,,,,,,,,,,,カルロス,,,,,Osaka Kintetsu Buffaloes defeated ORIX BlueWave 5-1 at Green Stadium Kobe.,2689web.com Archive (https://2689web.com/2000/BK/BK17.html)
464,NPB_2000_20000716_S_G,2000,Regular Season,Regular Season,Central League,Regular Season,,2000-07-16,Sunday,18:00,Tokyo Yakult Swallows,東京ヤクルトスワローズ,Yomiuri Giants,読売ジャイアンツ,Tokyo Dome,東京ドーム,Tokyo,4,5,9,1,Yomiuri Giants,Tokyo Yakult Swallows,Home Win,4-5,9,No,Completed,,,,,,,,,,桑田,,,,,,Yomiuri Giants defeated Tokyo Yakult Swallows 4-5 at Tokyo Dome behind winning pitcher 桑田.,2689web.com Archive (https://2689web.com/2000/GS/GS17.html)
465,NPB_2000_20000716_C_D,2000,Regular Season,Regular Season,Central League,Regular Season,,2000-07-16,Sunday,18:00,Hiroshima Toyo Carp,広島東洋カープ,Chunichi Dragons,中日ドラゴンズ,Nagoya Dome,ナゴヤドーム,Nagoya,3,4,7,1,Chunichi Dragons,Hiroshima Toyo Carp,Home Win,3-4,9,No,Completed,,,,,,,,,,野口,,,,,,Chunichi Dragons defeated Hiroshima Toyo Carp 3-4 at Nagoya Dome behind winning pitcher 野口.,2689web.com Archive (https://2689web.com/2000/DC/DC16.html)
466,NPB_2000_20000716_T_Y,2000,Regular Season,Regular Season,Central League,Regular Season,,2000-07-16,Sunday,18:00,Hanshin Tigers,阪神タイガース,Yokohama BayStars,横浜ベイスターズ,Yokohama Stadium,横浜スタジアム,Yokohama,1,5,6,4,Yokohama BayStars,Hanshin Tigers,Home Win,1-5,9,No,Completed,,,,,,,,,,三浦,,,,,,Yokohama BayStars defeated Hanshin Tigers 1-5 at Yokohama Stadium behind winning pitcher 三浦.,2689web.com Archive (https://2689web.com/2000/YT/YT18.html)
467,NPB_2000_20000716_F_H,2000,Regular Season,Regular Season,Pacific League,Regular Season,,2000-07-16,Sunday,18:00,Nippon-Ham Fighters,日本ハムファイターズ,Fukuoka Daiei Hawks,福岡ダイエーホークス,Fukuoka Dome,福岡ドーム,Fukuoka,3,4,7,1,Fukuoka Daiei Hawks,Nippon-Ham Fighters,Home Win,3-4,9,No,Completed,,,,,,,,,,篠原,,,,,,Fukuoka Daiei Hawks defeated Nippon-Ham Fighters 3-4 at Fukuoka Dome behind winning pitcher 篠原.,2689web.com Archive (https://2689web.com/2000/HF/HF19.html)
468,NPB_2000_20000716_M_L,2000,Regular Season,Regular Season,Pacific League,Regular Season,,2000-07-16,Sunday,18:00,Chiba Lotte Marines,千葉ロッテマリーンズ,Seibu Lions,西武ライオンズ,Seibu Dome,西武ドーム,Tokorozawa,8,9,17,1,Seibu Lions,Chiba Lotte Marines,Home Win,8-9,9,No,Completed,,,,,,,,,,森,,,,,,Seibu Lions defeated Chiba Lotte Marines 8-9 at Seibu Dome behind winning pitcher 森.,2689web.com Archive (https://2689web.com/2000/LM/LM18.html)
469,NPB_2000_20000716_K_B,2000,Regular Season,Regular Season,Pacific League,Regular Season,,2000-07-16,Sunday,18:00,Osaka Kintetsu Buffaloes,大阪近鉄バファローズ,ORIX BlueWave,オリックス・ブルーウェーブ,Green Stadium Kobe,グリーンスタジアム神戸,Kobe,5,10,15,5,ORIX BlueWave,Osaka Kintetsu Buffaloes,Home Win,5-10,9,No,Completed,,,,,,,,,,戎,,,,,,ORIX BlueWave defeated Osaka Kintetsu Buffaloes 5-10 at Green Stadium Kobe behind winning pitcher 戎.,2689web.com Archive (https://2689web.com/2000/BK/BK18.html)
470,NPB_2000_20000717_M_L,2000,Regular Season,Regular Season,Pacific League,Regular Season,,2000-07-17,Monday,18:00,Chiba Lotte Marines,千葉ロッテマリーンズ,Seibu Lions,西武ライオンズ,Seibu Dome,西武ドーム,Tokorozawa,6,5,11,1,Chiba Lotte Marines,Seibu Lions,Away Win,6-5,9,No,Completed,,,,,,,,,,,許,,,,,Chiba Lotte Marines defeated Seibu Lions 6-5 at Seibu Dome.,2689web.com Archive (https://2689web.com/2000/LM/LM19.html)
471,NPB_2000_20000718_T_G,2000,Regular Season,Regular Season,Central League,Regular Season,,2000-07-18,Tuesday,18:00,Hanshin Tigers,阪神タイガース,Yomiuri Giants,読売ジャイアンツ,Tokyo Dome,東京ドーム,Tokyo,7,9,16,2,Yomiuri Giants,Hanshin Tigers,Home Win,7-9,9,No,Completed,,,,,,,,,,木村,,,,,,Yomiuri Giants defeated Hanshin Tigers 7-9 at Tokyo Dome behind winning pitcher 木村.,2689web.com Archive (https://2689web.com/2000/GT/GT17.html)
472,NPB_2000_20000718_S_D,2000,Regular Season,Regular Season,Central League,Regular Season,,2000-07-18,Tuesday,18:00,Tokyo Yakult Swallows,東京ヤクルトスワローズ,Chunichi Dragons,中日ドラゴンズ,Nagoya Dome,ナゴヤドーム,Nagoya,1,3,4,2,Chunichi Dragons,Tokyo Yakult Swallows,Home Win,1-3,9,No,Completed,,,,,,,,,,前田,,,,,,Chunichi Dragons defeated Tokyo Yakult Swallows 1-3 at Nagoya Dome behind winning pitcher 前田.,2689web.com Archive (https://2689web.com/2000/DS/DS15.html)
473,NPB_2000_20000718_C_Y,2000,Regular Season,Regular Season,Central League,Regular Season,,2000-07-18,Tuesday,18:00,Hiroshima Toyo Carp,広島東洋カープ,Yokohama BayStars,横浜ベイスターズ,Yokohama Stadium,横浜スタジアム,Yokohama,8,4,12,4,Hiroshima Toyo Carp,Yokohama BayStars,Away Win,8-4,9,No,Completed,,,,,,,,,,,斎藤隆,,,,,Hiroshima Toyo Carp defeated Yokohama BayStars 8-4 at Yokohama Stadium.,2689web.com Archive (https://2689web.com/2000/YC/YC16.html)
474,NPB_2000_20000718_K_F,2000,Regular Season,Regular Season,Pacific League,Regular Season,,2000-07-18,Tuesday,18:00,Osaka Kintetsu Buffaloes,大阪近鉄バファローズ,Nippon-Ham Fighters,日本ハムファイターズ,Tokyo Dome,東京ドーム,Tokyo,13,9,22,4,Osaka Kintetsu Buffaloes,Nippon-Ham Fighters,Away Win,13-9,9,No,Completed,,,,,,,,,,,伊藤,,,,,Osaka Kintetsu Buffaloes defeated Nippon-Ham Fighters 13-9 at Tokyo Dome.,2689web.com Archive (https://2689web.com/2000/FK/FK16.html)
475,NPB_2000_20000719_T_G,2000,Regular Season,Regular Season,Central League,Regular Season,,2000-07-19,Wednesday,18:00,Hanshin Tigers,阪神タイガース,Yomiuri Giants,読売ジャイアンツ,Tokyo Dome,東京ドーム,Tokyo,3,2,5,1,Hanshin Tigers,Yomiuri Giants,Away Win,3-2,9,No,Completed,,,,,,,,,,,桑田,,,,,Hanshin Tigers defeated Yomiuri Giants 3-2 at Tokyo Dome.,2689web.com Archive (https://2689web.com/2000/GT/GT18.html)
476,NPB_2000_20000719_S_D,2000,Regular Season,Regular Season,Central League,Regular Season,,2000-07-19,Wednesday,18:00,Tokyo Yakult Swallows,東京ヤクルトスワローズ,Chunichi Dragons,中日ドラゴンズ,Nagoya Dome,ナゴヤドーム,Nagoya,11,2,13,9,Tokyo Yakult Swallows,Chunichi Dragons,Away Win,11-2,9,No,Completed,,,,,,,,,,,バンチ,,,,,Tokyo Yakult Swallows defeated Chunichi Dragons 11-2 at Nagoya Dome.,2689web.com Archive (https://2689web.com/2000/DS/DS16.html)
477,NPB_2000_20000719_C_Y,2000,Regular Season,Regular Season,Central League,Regular Season,,2000-07-19,Wednesday,18:00,Hiroshima Toyo Carp,広島東洋カープ,Yokohama BayStars,横浜ベイスターズ,Yokohama Stadium,横浜スタジアム,Yokohama,1,2,3,1,Yokohama BayStars,Hiroshima Toyo Carp,Home Win,1-2,9,No,Completed,,,,,,,,,,小宮山,,,,,,Yokohama BayStars defeated Hiroshima Toyo Carp 1-2 at Yokohama Stadium behind winning pitcher 小宮山.,2689web.com Archive (https://2689web.com/2000/YC/YC17.html)
478,NPB_2000_20000719_M_H,2000,Regular Season,Regular Season,Pacific League,Regular Season,,2000-07-19,Wednesday,18:00,Chiba Lotte Marines,千葉ロッテマリーンズ,Fukuoka Daiei Hawks,福岡ダイエーホークス,Fukuoka Dome,福岡ドーム,Fukuoka,6,5,11,1,Chiba Lotte Marines,Fukuoka Daiei Hawks,Away Win,6-5,9,No,Completed,,,,,,,,,,,若田部,,,,,Chiba Lotte Marines defeated Fukuoka Daiei Hawks 6-5 at Fukuoka Dome.,2689web.com Archive (https://2689web.com/2000/HM/HM17.html)
479,NPB_2000_20000719_B_L,2000,Regular Season,Regular Season,Pacific League,Regular Season,,2000-07-19,Wednesday,18:00,ORIX BlueWave,オリックス・ブルーウェーブ,Seibu Lions,西武ライオンズ,Seibu Dome,西武ドーム,Tokorozawa,7,4,11,3,ORIX BlueWave,Seibu Lions,Away Win,7-4,9,No,Completed,,,,,,,,,,,デニー,,,,,ORIX BlueWave defeated Seibu Lions 7-4 at Seibu Dome.,2689web.com Archive (https://2689web.com/2000/LB/LB14.html)
480,NPB_2000_20000719_K_F,2000,Regular Season,Regular Season,Pacific League,Regular Season,,2000-07-19,Wednesday,18:00,Osaka Kintetsu Buffaloes,大阪近鉄バファローズ,Nippon-Ham Fighters,日本ハムファイターズ,Tokyo Dome,東京ドーム,Tokyo,3,7,10,4,Nippon-Ham Fighters,Osaka Kintetsu Buffaloes,Home Win,3-7,9,No,Completed,,,,,,,,,,立石,,,,,,Nippon-Ham Fighters defeated Osaka Kintetsu Buffaloes 3-7 at Tokyo Dome behind winning pitcher 立石.,2689web.com Archive (https://2689web.com/2000/FK/FK17.html)
481,NPB_2000_20000720_T_G,2000,Regular Season,Regular Season,Central League,Regular Season,,2000-07-20,Thursday,18:00,Hanshin Tigers,阪神タイガース,Yomiuri Giants,読売ジャイアンツ,Tokyo Dome,東京ドーム,Tokyo,2,9,11,7,Yomiuri Giants,Hanshin Tigers,Home Win,2-9,9,No,Completed,,,,,,,,,,高橋尚,,,,,,Yomiuri Giants defeated Hanshin Tigers 2-9 at Tokyo Dome behind winning pitcher 高橋尚.,2689web.com Archive (https://2689web.com/2000/GT/GT19.html)
482,NPB_2000_20000720_S_D,2000,Regular Season,Regular Season,Central League,Regular Season,,2000-07-20,Thursday,18:00,Tokyo Yakult Swallows,東京ヤクルトスワローズ,Chunichi Dragons,中日ドラゴンズ,Nagoya Dome,ナゴヤドーム,Nagoya,3,5,8,2,Chunichi Dragons,Tokyo Yakult Swallows,Home Win,3-5,9,No,Completed,,,,,,,,,,山本昌,,,,,,Chunichi Dragons defeated Tokyo Yakult Swallows 3-5 at Nagoya Dome behind winning pitcher 山本昌.,2689web.com Archive (https://2689web.com/2000/DS/DS17.html)
483,NPB_2000_20000720_C_Y,2000,Regular Season,Regular Season,Central League,Regular Season,,2000-07-20,Thursday,18:00,Hiroshima Toyo Carp,広島東洋カープ,Yokohama BayStars,横浜ベイスターズ,Yokohama Stadium,横浜スタジアム,Yokohama,0,11,11,11,Yokohama BayStars,Hiroshima Toyo Carp,Home Win,0-11,9,No,Completed,,,,,,,,,,細見,,,,,,Yokohama BayStars defeated Hiroshima Toyo Carp 0-11 at Yokohama Stadium behind winning pitcher 細見.,2689web.com Archive (https://2689web.com/2000/YC/YC18.html)
484,NPB_2000_20000720_M_H,2000,Regular Season,Regular Season,Pacific League,Regular Season,,2000-07-20,Thursday,18:00,Chiba Lotte Marines,千葉ロッテマリーンズ,Fukuoka Daiei Hawks,福岡ダイエーホークス,Fukuoka Dome,福岡ドーム,Fukuoka,7,2,9,5,Chiba Lotte Marines,Fukuoka Daiei Hawks,Away Win,7-2,9,No,Completed,,,,,,,,,,,土井,,,,,Chiba Lotte Marines defeated Fukuoka Daiei Hawks 7-2 at Fukuoka Dome.,2689web.com Archive (https://2689web.com/2000/HM/HM18.html)
485,NPB_2000_20000720_B_L,2000,Regular Season,Regular Season,Pacific League,Regular Season,,2000-07-20,Thursday,18:00,ORIX BlueWave,オリックス・ブルーウェーブ,Seibu Lions,西武ライオンズ,Seibu Dome,西武ドーム,Tokorozawa,4,6,10,2,Seibu Lions,ORIX BlueWave,Home Win,4-6,9,No,Completed,,,,,,,,,,松坂,,,,,,Seibu Lions defeated ORIX BlueWave 4-6 at Seibu Dome behind winning pitcher 松坂.,2689web.com Archive (https://2689web.com/2000/LB/LB15.html)
486,NPB_2000_20000720_K_F,2000,Regular Season,Regular Season,Pacific League,Regular Season,,2000-07-20,Thursday,18:00,Osaka Kintetsu Buffaloes,大阪近鉄バファローズ,Nippon-Ham Fighters,日本ハムファイターズ,Tokyo Dome,東京ドーム,Tokyo,0,6,6,6,Nippon-Ham Fighters,Osaka Kintetsu Buffaloes,Home Win,0-6,9,No,Completed,,,,,,,,,,清水,,,,,,Nippon-Ham Fighters defeated Osaka Kintetsu Buffaloes 0-6 at Tokyo Dome behind winning pitcher 清水.,2689web.com Archive (https://2689web.com/2000/FK/FK18.html)
487,NPB_2000_20000728_D_G,2000,Regular Season,Regular Season,Central League,Regular Season,,2000-07-28,Friday,18:00,Chunichi Dragons,中日ドラゴンズ,Yomiuri Giants,読売ジャイアンツ,Tokyo Dome,東京ドーム,Tokyo,6,5,11,1,Chunichi Dragons,Yomiuri Giants,Away Win,6-5,9,No,Completed,,,,,,,,,,,岡島,,,,,Chunichi Dragons defeated Yomiuri Giants 6-5 at Tokyo Dome.,2689web.com Archive (https://2689web.com/2000/GD/GD17.html)
488,NPB_2000_20000728_S_Y,2000,Regular Season,Regular Season,Central League,Regular Season,,2000-07-28,Friday,18:00,Tokyo Yakult Swallows,東京ヤクルトスワローズ,Yokohama BayStars,横浜ベイスターズ,Yokohama Stadium,横浜スタジアム,Yokohama,2,5,7,3,Yokohama BayStars,Tokyo Yakult Swallows,Home Win,2-5,9,No,Completed,,,,,,,,,,三浦,,,,,,Yokohama BayStars defeated Tokyo Yakult Swallows 2-5 at Yokohama Stadium behind winning pitcher 三浦.,2689web.com Archive (https://2689web.com/2000/YS/YS15.html)
489,NPB_2000_20000728_T_C,2000,Regular Season,Regular Season,Central League,Regular Season,,2000-07-28,Friday,18:00,Hanshin Tigers,阪神タイガース,Hiroshima Toyo Carp,広島東洋カープ,Hiroshima Municipal Stadium,旧広島市民球場,Hiroshima,5,4,9,1,Hanshin Tigers,Hiroshima Toyo Carp,Away Win,5-4,9,No,Completed,,,,,,,,,,,佐竹,,,,,Hanshin Tigers defeated Hiroshima Toyo Carp 5-4 at Hiroshima Municipal Stadium.,2689web.com Archive (https://2689web.com/2000/CT/CT17.html)
490,NPB_2000_20000728_B_H,2000,Regular Season,Regular Season,Pacific League,Regular Season,,2000-07-28,Friday,18:00,ORIX BlueWave,オリックス・ブルーウェーブ,Fukuoka Daiei Hawks,福岡ダイエーホークス,Fukuoka Dome,福岡ドーム,Fukuoka,3,5,8,2,Fukuoka Daiei Hawks,ORIX BlueWave,Home Win,3-5,9,No,Completed,,,,,,,,,,ペドラザ,,,,,,Fukuoka Daiei Hawks defeated ORIX BlueWave 3-5 at Fukuoka Dome behind winning pitcher ペドラザ.,2689web.com Archive (https://2689web.com/2000/HB/HB14.html)
491,NPB_2000_20000728_K_L,2000,Regular Season,Regular Season,Pacific League,Regular Season,,2000-07-28,Friday,18:00,Osaka Kintetsu Buffaloes,大阪近鉄バファローズ,Seibu Lions,西武ライオンズ,Seibu Dome,西武ドーム,Tokorozawa,0,6,6,6,Seibu Lions,Osaka Kintetsu Buffaloes,Home Win,0-6,9,No,Completed,,,,,,,,,,松坂,,,,,,Seibu Lions defeated Osaka Kintetsu Buffaloes 0-6 at Seibu Dome behind winning pitcher 松坂.,2689web.com Archive (https://2689web.com/2000/LK/LK15.html)
492,NPB_2000_20000729_D_G,2000,Regular Season,Regular Season,Central League,Regular Season,,2000-07-29,Saturday,18:00,Chunichi Dragons,中日ドラゴンズ,Yomiuri Giants,読売ジャイアンツ,Tokyo Dome,東京ドーム,Tokyo,4,6,10,2,Yomiuri Giants,Chunichi Dragons,Home Win,4-6,9,No,Completed,,,,,,,,,,メイ,,,,,,Yomiuri Giants defeated Chunichi Dragons 4-6 at Tokyo Dome behind winning pitcher メイ.,2689web.com Archive (https://2689web.com/2000/GD/GD18.html)
493,NPB_2000_20000729_S_Y,2000,Regular Season,Regular Season,Central League,Regular Season,,2000-07-29,Saturday,18:00,Tokyo Yakult Swallows,東京ヤクルトスワローズ,Yokohama BayStars,横浜ベイスターズ,Yokohama Stadium,横浜スタジアム,Yokohama,5,8,13,3,Yokohama BayStars,Tokyo Yakult Swallows,Home Win,5-8,9,No,Completed,,,,,,,,,,斎藤隆,,,,,,Yokohama BayStars defeated Tokyo Yakult Swallows 5-8 at Yokohama Stadium behind winning pitcher 斎藤隆.,2689web.com Archive (https://2689web.com/2000/YS/YS16.html)
494,NPB_2000_20000729_T_C,2000,Regular Season,Regular Season,Central League,Regular Season,,2000-07-29,Saturday,18:00,Hanshin Tigers,阪神タイガース,Hiroshima Toyo Carp,広島東洋カープ,Hiroshima Municipal Stadium,旧広島市民球場,Hiroshima,4,8,12,4,Hiroshima Toyo Carp,Hanshin Tigers,Home Win,4-8,9,No,Completed,,,,,,,,,,澤崎,,,,,,Hiroshima Toyo Carp defeated Hanshin Tigers 4-8 at Hiroshima Municipal Stadium behind winning pitcher 澤崎.,2689web.com Archive (https://2689web.com/2000/CT/CT18.html)
495,NPB_2000_20000729_B_H,2000,Regular Season,Regular Season,Pacific League,Regular Season,,2000-07-29,Saturday,18:00,ORIX BlueWave,オリックス・ブルーウェーブ,Fukuoka Daiei Hawks,福岡ダイエーホークス,Fukuoka Dome,福岡ドーム,Fukuoka,3,1,4,2,ORIX BlueWave,Fukuoka Daiei Hawks,Away Win,3-1,9,No,Completed,,,,,,,,,,,斉藤和,,,,,ORIX BlueWave defeated Fukuoka Daiei Hawks 3-1 at Fukuoka Dome.,2689web.com Archive (https://2689web.com/2000/HB/HB15.html)
496,NPB_2000_20000729_K_L,2000,Regular Season,Regular Season,Pacific League,Regular Season,,2000-07-29,Saturday,18:00,Osaka Kintetsu Buffaloes,大阪近鉄バファローズ,Seibu Lions,西武ライオンズ,Seibu Dome,西武ドーム,Tokorozawa,5,2,7,3,Osaka Kintetsu Buffaloes,Seibu Lions,Away Win,5-2,9,No,Completed,,,,,,,,,,,西崎,,,,,Osaka Kintetsu Buffaloes defeated Seibu Lions 5-2 at Seibu Dome.,2689web.com Archive (https://2689web.com/2000/LK/LK16.html)
497,NPB_2000_20000729_M_F,2000,Regular Season,Regular Season,Pacific League,Regular Season,,2000-07-29,Saturday,18:00,Chiba Lotte Marines,千葉ロッテマリーンズ,Nippon-Ham Fighters,日本ハムファイターズ,Tokyo Dome,東京ドーム,Tokyo,13,11,24,2,Chiba Lotte Marines,Nippon-Ham Fighters,Away Win,13-11,9,No,Completed,,,,,,,,,,,ミラバル,,,,,Chiba Lotte Marines defeated Nippon-Ham Fighters 13-11 at Tokyo Dome.,2689web.com Archive (https://2689web.com/2000/FM/FM17.html)
498,NPB_2000_20000730_D_G,2000,Regular Season,Regular Season,Central League,Regular Season,,2000-07-30,Sunday,18:00,Chunichi Dragons,中日ドラゴンズ,Yomiuri Giants,読売ジャイアンツ,Tokyo Dome,東京ドーム,Tokyo,0,1,1,1,Yomiuri Giants,Chunichi Dragons,Home Win,0-1,9,No,Completed,,,,,,,,,,河原,,,,,,Yomiuri Giants defeated Chunichi Dragons 0-1 at Tokyo Dome behind winning pitcher 河原.,2689web.com Archive (https://2689web.com/2000/GD/GD19.html)
499,NPB_2000_20000730_S_Y,2000,Regular Season,Regular Season,Central League,Regular Season,,2000-07-30,Sunday,18:00,Tokyo Yakult Swallows,東京ヤクルトスワローズ,Yokohama BayStars,横浜ベイスターズ,Yokohama Stadium,横浜スタジアム,Yokohama,3,5,8,2,Yokohama BayStars,Tokyo Yakult Swallows,Home Win,3-5,9,No,Completed,,,,,,,,,,森中,,,,,,Yokohama BayStars defeated Tokyo Yakult Swallows 3-5 at Yokohama Stadium behind winning pitcher 森中.,2689web.com Archive (https://2689web.com/2000/YS/YS17.html)
500,NPB_2000_20000730_T_C,2000,Regular Season,Regular Season,Central League,Regular Season,,2000-07-30,Sunday,18:00,Hanshin Tigers,阪神タイガース,Hiroshima Toyo Carp,広島東洋カープ,Hiroshima Municipal Stadium,旧広島市民球場,Hiroshima,5,4,9,1,Hanshin Tigers,Hiroshima Toyo Carp,Away Win,5-4,9,No,Completed,,,,,,,,,,,小林幹,,,,,Hanshin Tigers defeated Hiroshima Toyo Carp 5-4 at Hiroshima Municipal Stadium.,2689web.com Archive (https://2689web.com/2000/CT/CT19.html)
501,NPB_2000_20000730_B_H,2000,Regular Season,Regular Season,Pacific League,Regular Season,,2000-07-30,Sunday,18:00,ORIX BlueWave,オリックス・ブルーウェーブ,Fukuoka Daiei Hawks,福岡ダイエーホークス,Fukuoka Dome,福岡ドーム,Fukuoka,6,8,14,2,Fukuoka Daiei Hawks,ORIX BlueWave,Home Win,6-8,9,No,Completed,,,,,,,,,,吉田,,,,,,Fukuoka Daiei Hawks defeated ORIX BlueWave 6-8 at Fukuoka Dome behind winning pitcher 吉田.,2689web.com Archive (https://2689web.com/2000/HB/HB16.html)
502,NPB_2000_20000730_K_L,2000,Regular Season,Regular Season,Pacific League,Regular Season,,2000-07-30,Sunday,18:00,Osaka Kintetsu Buffaloes,大阪近鉄バファローズ,Seibu Lions,西武ライオンズ,Seibu Dome,西武ドーム,Tokorozawa,7,10,17,3,Seibu Lions,Osaka Kintetsu Buffaloes,Home Win,7-10,9,No,Completed,,,,,,,,,,西口,,,,,,Seibu Lions defeated Osaka Kintetsu Buffaloes 7-10 at Seibu Dome behind winning pitcher 西口.,2689web.com Archive (https://2689web.com/2000/LK/LK17.html)
503,NPB_2000_20000730_M_F,2000,Regular Season,Regular Season,Pacific League,Regular Season,,2000-07-30,Sunday,18:00,Chiba Lotte Marines,千葉ロッテマリーンズ,Nippon-Ham Fighters,日本ハムファイターズ,Tokyo Dome,東京ドーム,Tokyo,1,8,9,7,Nippon-Ham Fighters,Chiba Lotte Marines,Home Win,1-8,9,No,Completed,,,,,,,,,,立石,,,,,,Nippon-Ham Fighters defeated Chiba Lotte Marines 1-8 at Tokyo Dome behind winning pitcher 立石.,2689web.com Archive (https://2689web.com/2000/FM/FM18.html)
504,NPB_2000_20000731_B_H,2000,Regular Season,Regular Season,Pacific League,Regular Season,,2000-07-31,Monday,18:00,ORIX BlueWave,オリックス・ブルーウェーブ,Fukuoka Daiei Hawks,福岡ダイエーホークス,Fukuoka Dome,福岡ドーム,Fukuoka,0,6,6,6,Fukuoka Daiei Hawks,ORIX BlueWave,Home Win,0-6,9,No,Completed,,,,,,,,,,土井,,,,,,Fukuoka Daiei Hawks defeated ORIX BlueWave 0-6 at Fukuoka Dome behind winning pitcher 土井.,2689web.com Archive (https://2689web.com/2000/HB/HB17.html)
505,NPB_2000_20000801_Y_G,2000,Regular Season,Regular Season,Central League,Regular Season,,2000-08-01,Tuesday,18:00,Yokohama BayStars,横浜ベイスターズ,Yomiuri Giants,読売ジャイアンツ,Tokyo Dome,東京ドーム,Tokyo,2,4,6,2,Yomiuri Giants,Yokohama BayStars,Home Win,2-4,9,No,Completed,,,,,,,,,,高橋尚,,,,,,Yomiuri Giants defeated Yokohama BayStars 2-4 at Tokyo Dome behind winning pitcher 高橋尚.,2689web.com Archive (https://2689web.com/2000/GY/GY16.html)
506,NPB_2000_20000801_T_D,2000,Regular Season,Regular Season,Central League,Regular Season,,2000-08-01,Tuesday,18:00,Hanshin Tigers,阪神タイガース,Chunichi Dragons,中日ドラゴンズ,Nagoya Dome,ナゴヤドーム,Nagoya,1,11,12,10,Chunichi Dragons,Hanshin Tigers,Home Win,1-11,9,No,Completed,,,,,,,,,,前田,,,,,,Chunichi Dragons defeated Hanshin Tigers 1-11 at Nagoya Dome behind winning pitcher 前田.,2689web.com Archive (https://2689web.com/2000/DT/DT17.html)
507,NPB_2000_20000801_C_S,2000,Regular Season,Regular Season,Central League,Regular Season,,2000-08-01,Tuesday,18:00,Hiroshima Toyo Carp,広島東洋カープ,Tokyo Yakult Swallows,東京ヤクルトスワローズ,Meiji Jingu Stadium,明治神宮野球場,Tokyo,5,2,7,3,Hiroshima Toyo Carp,Tokyo Yakult Swallows,Away Win,5-2,9,No,Completed,,,,,,,,,,,山部,,,,,Hiroshima Toyo Carp defeated Tokyo Yakult Swallows 5-2 at Meiji Jingu Stadium.,2689web.com Archive (https://2689web.com/2000/SC/SC17.html)
508,NPB_2000_20000801_K_H,2000,Regular Season,Regular Season,Pacific League,Regular Season,,2000-08-01,Tuesday,18:00,Osaka Kintetsu Buffaloes,大阪近鉄バファローズ,Fukuoka Daiei Hawks,福岡ダイエーホークス,Fukuoka Dome,福岡ドーム,Fukuoka,3,5,8,2,Fukuoka Daiei Hawks,Osaka Kintetsu Buffaloes,Home Win,3-5,9,No,Completed,,,,,,,,,,吉田,,,,,,Fukuoka Daiei Hawks defeated Osaka Kintetsu Buffaloes 3-5 at Fukuoka Dome behind winning pitcher 吉田.,2689web.com Archive (https://2689web.com/2000/HK/HK17.html)
509,NPB_2000_20000801_F_L,2000,Regular Season,Regular Season,Pacific League,Regular Season,,2000-08-01,Tuesday,18:00,Nippon-Ham Fighters,日本ハムファイターズ,Seibu Lions,西武ライオンズ,Seibu Dome,西武ドーム,Tokorozawa,7,6,13,1,Nippon-Ham Fighters,Seibu Lions,Away Win,7-6,9,No,Completed,,,,,,,,,,,石井,,,,,Nippon-Ham Fighters defeated Seibu Lions 7-6 at Seibu Dome.,2689web.com Archive (https://2689web.com/2000/LF/LF18.html)
510,NPB_2000_20000801_M_B,2000,Regular Season,Regular Season,Pacific League,Regular Season,,2000-08-01,Tuesday,18:00,Chiba Lotte Marines,千葉ロッテマリーンズ,ORIX BlueWave,オリックス・ブルーウェーブ,Green Stadium Kobe,グリーンスタジアム神戸,Kobe,3,10,13,7,ORIX BlueWave,Chiba Lotte Marines,Home Win,3-10,9,No,Completed,,,,,,,,,,小林,,,,,,ORIX BlueWave defeated Chiba Lotte Marines 3-10 at Green Stadium Kobe behind winning pitcher 小林.,2689web.com Archive (https://2689web.com/2000/BM/BM15.html)
511,NPB_2000_20000802_Y_G,2000,Regular Season,Regular Season,Central League,Regular Season,,2000-08-02,Wednesday,18:00,Yokohama BayStars,横浜ベイスターズ,Yomiuri Giants,読売ジャイアンツ,Tokyo Dome,東京ドーム,Tokyo,7,8,15,1,Yomiuri Giants,Yokohama BayStars,Home Win,7-8,9,No,Completed,,,,,,,,,,西山,,,,,,Yomiuri Giants defeated Yokohama BayStars 7-8 at Tokyo Dome behind winning pitcher 西山.,2689web.com Archive (https://2689web.com/2000/GY/GY17.html)
512,NPB_2000_20000802_T_D,2000,Regular Season,Regular Season,Central League,Regular Season,,2000-08-02,Wednesday,18:00,Hanshin Tigers,阪神タイガース,Chunichi Dragons,中日ドラゴンズ,Nagoya Dome,ナゴヤドーム,Nagoya,6,4,10,2,Hanshin Tigers,Chunichi Dragons,Away Win,6-4,9,No,Completed,,,,,,,,,,,正津,,,,,Hanshin Tigers defeated Chunichi Dragons 6-4 at Nagoya Dome.,2689web.com Archive (https://2689web.com/2000/DT/DT18.html)
513,NPB_2000_20000802_C_S,2000,Regular Season,Regular Season,Central League,Regular Season,,2000-08-02,Wednesday,18:00,Hiroshima Toyo Carp,広島東洋カープ,Tokyo Yakult Swallows,東京ヤクルトスワローズ,Meiji Jingu Stadium,明治神宮野球場,Tokyo,6,5,11,1,Hiroshima Toyo Carp,Tokyo Yakult Swallows,Away Win,6-5,9,No,Completed,,,,,,,,,,,山本,,,,,Hiroshima Toyo Carp defeated Tokyo Yakult Swallows 6-5 at Meiji Jingu Stadium.,2689web.com Archive (https://2689web.com/2000/SC/SC18.html)
514,NPB_2000_20000802_K_H,2000,Regular Season,Regular Season,Pacific League,Regular Season,,2000-08-02,Wednesday,18:00,Osaka Kintetsu Buffaloes,大阪近鉄バファローズ,Fukuoka Daiei Hawks,福岡ダイエーホークス,Fukuoka Dome,福岡ドーム,Fukuoka,0,2,2,2,Fukuoka Daiei Hawks,Osaka Kintetsu Buffaloes,Home Win,0-2,9,No,Completed,,,,,,,,,,星野,,,,,,Fukuoka Daiei Hawks defeated Osaka Kintetsu Buffaloes 0-2 at Fukuoka Dome behind winning pitcher 星野.,2689web.com Archive (https://2689web.com/2000/HK/HK18.html)
515,NPB_2000_20000802_F_L,2000,Regular Season,Regular Season,Pacific League,Regular Season,,2000-08-02,Wednesday,18:00,Nippon-Ham Fighters,日本ハムファイターズ,Seibu Lions,西武ライオンズ,Seibu Dome,西武ドーム,Tokorozawa,3,2,5,1,Nippon-Ham Fighters,Seibu Lions,Away Win,3-2,9,No,Completed,,,,,,,,,,,森,,,,,Nippon-Ham Fighters defeated Seibu Lions 3-2 at Seibu Dome.,2689web.com Archive (https://2689web.com/2000/LF/LF19.html)
516,NPB_2000_20000802_M_B,2000,Regular Season,Regular Season,Pacific League,Regular Season,,2000-08-02,Wednesday,18:00,Chiba Lotte Marines,千葉ロッテマリーンズ,ORIX BlueWave,オリックス・ブルーウェーブ,Green Stadium Kobe,グリーンスタジアム神戸,Kobe,1,9,10,8,ORIX BlueWave,Chiba Lotte Marines,Home Win,1-9,9,No,Completed,,,,,,,,,,加藤,,,,,,ORIX BlueWave defeated Chiba Lotte Marines 1-9 at Green Stadium Kobe behind winning pitcher 加藤.,2689web.com Archive (https://2689web.com/2000/BM/BM16.html)
517,NPB_2000_20000803_Y_G,2000,Regular Season,Regular Season,Central League,Regular Season,,2000-08-03,Thursday,18:00,Yokohama BayStars,横浜ベイスターズ,Yomiuri Giants,読売ジャイアンツ,Tokyo Dome,東京ドーム,Tokyo,1,3,4,2,Yomiuri Giants,Yokohama BayStars,Home Win,1-3,9,No,Completed,,,,,,,,,,工藤,,,,,,Yomiuri Giants defeated Yokohama BayStars 1-3 at Tokyo Dome behind winning pitcher 工藤.,2689web.com Archive (https://2689web.com/2000/GY/GY18.html)
518,NPB_2000_20000803_T_D,2000,Regular Season,Regular Season,Central League,Regular Season,,2000-08-03,Thursday,18:00,Hanshin Tigers,阪神タイガース,Chunichi Dragons,中日ドラゴンズ,Nagoya Dome,ナゴヤドーム,Nagoya,4,3,7,1,Hanshin Tigers,Chunichi Dragons,Away Win,4-3,9,No,Completed,,,,,,,,,,,岩瀬,,,,,Hanshin Tigers defeated Chunichi Dragons 4-3 at Nagoya Dome.,2689web.com Archive (https://2689web.com/2000/DT/DT19.html)
519,NPB_2000_20000803_M_B,2000,Regular Season,Regular Season,Pacific League,Regular Season,,2000-08-03,Thursday,18:00,Chiba Lotte Marines,千葉ロッテマリーンズ,ORIX BlueWave,オリックス・ブルーウェーブ,Green Stadium Kobe,グリーンスタジアム神戸,Kobe,0,5,5,5,ORIX BlueWave,Chiba Lotte Marines,Home Win,0-5,9,No,Completed,,,,,,,,,,戎,,,,,,ORIX BlueWave defeated Chiba Lotte Marines 0-5 at Green Stadium Kobe behind winning pitcher 戎.,2689web.com Archive (https://2689web.com/2000/BM/BM17.html)
520,NPB_2000_20000804_S_G,2000,Regular Season,Regular Season,Central League,Regular Season,,2000-08-04,Friday,18:00,Tokyo Yakult Swallows,東京ヤクルトスワローズ,Yomiuri Giants,読売ジャイアンツ,Tokyo Dome,東京ドーム,Tokyo,3,2,5,1,Tokyo Yakult Swallows,Yomiuri Giants,Away Win,3-2,9,No,Completed,,,,,,,,,,,メイ,,,,,Tokyo Yakult Swallows defeated Yomiuri Giants 3-2 at Tokyo Dome.,2689web.com Archive (https://2689web.com/2000/GS/GS18.html)
521,NPB_2000_20000804_Y_D,2000,Regular Season,Regular Season,Central League,Regular Season,,2000-08-04,Friday,18:00,Yokohama BayStars,横浜ベイスターズ,Chunichi Dragons,中日ドラゴンズ,Nagoya Dome,ナゴヤドーム,Nagoya,7,10,17,3,Chunichi Dragons,Yokohama BayStars,Home Win,7-10,9,No,Completed,,,,,,,,,,中山,,,,,,Chunichi Dragons defeated Yokohama BayStars 7-10 at Nagoya Dome behind winning pitcher 中山.,2689web.com Archive (https://2689web.com/2000/DY/DY15.html)
522,NPB_2000_20000804_T_C,2000,Regular Season,Regular Season,Central League,Regular Season,,2000-08-04,Friday,18:00,Hanshin Tigers,阪神タイガース,Hiroshima Toyo Carp,広島東洋カープ,Hiroshima Municipal Stadium,旧広島市民球場,Hiroshima,10,0,10,10,Hanshin Tigers,Hiroshima Toyo Carp,Away Win,10-0,9,No,Completed,,,,,,,,,,,苫米地,,,,,Hanshin Tigers defeated Hiroshima Toyo Carp 10-0 at Hiroshima Municipal Stadium.,2689web.com Archive (https://2689web.com/2000/CT/CT20.html)
523,NPB_2000_20000804_B_L,2000,Regular Season,Regular Season,Pacific League,Regular Season,,2000-08-04,Friday,18:00,ORIX BlueWave,オリックス・ブルーウェーブ,Seibu Lions,西武ライオンズ,Seibu Dome,西武ドーム,Tokorozawa,2,7,9,5,Seibu Lions,ORIX BlueWave,Home Win,2-7,9,No,Completed,,,,,,,,,,松坂,,,,,,Seibu Lions defeated ORIX BlueWave 2-7 at Seibu Dome behind winning pitcher 松坂.,2689web.com Archive (https://2689web.com/2000/LB/LB16.html)
524,NPB_2000_20000804_K_M,2000,Regular Season,Regular Season,Pacific League,Regular Season,,2000-08-04,Friday,18:00,Osaka Kintetsu Buffaloes,大阪近鉄バファローズ,Chiba Lotte Marines,千葉ロッテマリーンズ,Chiba Marine Stadium,千葉マリンスタジアム,Chiba,3,3,6,0,Tie,Tie,Tie,3-3,9,No,Completed,,,,,,,,,,,,,,,,Osaka Kintetsu Buffaloes and Chiba Lotte Marines played to a 3-3 tie at Chiba Marine Stadium.,2689web.com Archive (https://2689web.com/2000/MK/MK17.html)
525,NPB_2000_20000805_S_G,2000,Regular Season,Regular Season,Central League,Regular Season,,2000-08-05,Saturday,18:00,Tokyo Yakult Swallows,東京ヤクルトスワローズ,Yomiuri Giants,読売ジャイアンツ,Tokyo Dome,東京ドーム,Tokyo,4,1,5,3,Tokyo Yakult Swallows,Yomiuri Giants,Away Win,4-1,9,No,Completed,,,,,,,,,,,入来祐,,,,,Tokyo Yakult Swallows defeated Yomiuri Giants 4-1 at Tokyo Dome.,2689web.com Archive (https://2689web.com/2000/GS/GS19.html)
526,NPB_2000_20000805_Y_D,2000,Regular Season,Regular Season,Central League,Regular Season,,2000-08-05,Saturday,18:00,Yokohama BayStars,横浜ベイスターズ,Chunichi Dragons,中日ドラゴンズ,Nagoya Dome,ナゴヤドーム,Nagoya,0,6,6,6,Chunichi Dragons,Yokohama BayStars,Home Win,0-6,9,No,Completed,,,,,,,,,,山本昌,,,,,,Chunichi Dragons defeated Yokohama BayStars 0-6 at Nagoya Dome behind winning pitcher 山本昌.,2689web.com Archive (https://2689web.com/2000/DY/DY16.html)
527,NPB_2000_20000805_T_C,2000,Regular Season,Regular Season,Central League,Regular Season,,2000-08-05,Saturday,18:00,Hanshin Tigers,阪神タイガース,Hiroshima Toyo Carp,広島東洋カープ,Hiroshima Municipal Stadium,旧広島市民球場,Hiroshima,6,9,15,3,Hiroshima Toyo Carp,Hanshin Tigers,Home Win,6-9,9,No,Completed,,,,,,,,,,山崎健,,,,,,Hiroshima Toyo Carp defeated Hanshin Tigers 6-9 at Hiroshima Municipal Stadium behind winning pitcher 山崎健.,2689web.com Archive (https://2689web.com/2000/CT/CT21.html)
528,NPB_2000_20000805_F_H,2000,Regular Season,Regular Season,Pacific League,Regular Season,,2000-08-05,Saturday,18:00,Nippon-Ham Fighters,日本ハムファイターズ,Fukuoka Daiei Hawks,福岡ダイエーホークス,Fukuoka Dome,福岡ドーム,Fukuoka,0,2,2,2,Fukuoka Daiei Hawks,Nippon-Ham Fighters,Home Win,0-2,9,No,Completed,,,,,,,,,,田之上,,,,,,Fukuoka Daiei Hawks defeated Nippon-Ham Fighters 0-2 at Fukuoka Dome behind winning pitcher 田之上.,2689web.com Archive (https://2689web.com/2000/HF/HF20.html)
529,NPB_2000_20000805_B_L,2000,Regular Season,Regular Season,Pacific League,Regular Season,,2000-08-05,Saturday,18:00,ORIX BlueWave,オリックス・ブルーウェーブ,Seibu Lions,西武ライオンズ,Seibu Dome,西武ドーム,Tokorozawa,5,4,9,1,ORIX BlueWave,Seibu Lions,Away Win,5-4,9,No,Completed,,,,,,,,,,,森,,,,,ORIX BlueWave defeated Seibu Lions 5-4 at Seibu Dome.,2689web.com Archive (https://2689web.com/2000/LB/LB17.html)
530,NPB_2000_20000805_K_M,2000,Regular Season,Regular Season,Pacific League,Regular Season,,2000-08-05,Saturday,18:00,Osaka Kintetsu Buffaloes,大阪近鉄バファローズ,Chiba Lotte Marines,千葉ロッテマリーンズ,Chiba Marine Stadium,千葉マリンスタジアム,Chiba,7,1,8,6,Osaka Kintetsu Buffaloes,Chiba Lotte Marines,Away Win,7-1,9,No,Completed,,,,,,,,,,,榎,,,,,Osaka Kintetsu Buffaloes defeated Chiba Lotte Marines 7-1 at Chiba Marine Stadium.,2689web.com Archive (https://2689web.com/2000/MK/MK18.html)
531,NPB_2000_20000806_S_G,2000,Regular Season,Regular Season,Central League,Regular Season,,2000-08-06,Sunday,18:00,Tokyo Yakult Swallows,東京ヤクルトスワローズ,Yomiuri Giants,読売ジャイアンツ,Tokyo Dome,東京ドーム,Tokyo,1,4,5,3,Yomiuri Giants,Tokyo Yakult Swallows,Home Win,1-4,9,No,Completed,,,,,,,,,,河原,,,,,,Yomiuri Giants defeated Tokyo Yakult Swallows 1-4 at Tokyo Dome behind winning pitcher 河原.,2689web.com Archive (https://2689web.com/2000/GS/GS20.html)
532,NPB_2000_20000806_Y_D,2000,Regular Season,Regular Season,Central League,Regular Season,,2000-08-06,Sunday,18:00,Yokohama BayStars,横浜ベイスターズ,Chunichi Dragons,中日ドラゴンズ,Nagoya Dome,ナゴヤドーム,Nagoya,3,4,7,1,Chunichi Dragons,Yokohama BayStars,Home Win,3-4,9,No,Completed,,,,,,,,,,中山,,,,,,Chunichi Dragons defeated Yokohama BayStars 3-4 at Nagoya Dome behind winning pitcher 中山.,2689web.com Archive (https://2689web.com/2000/DY/DY17.html)
533,NPB_2000_20000806_T_C,2000,Regular Season,Regular Season,Central League,Regular Season,,2000-08-06,Sunday,18:00,Hanshin Tigers,阪神タイガース,Hiroshima Toyo Carp,広島東洋カープ,Hiroshima Municipal Stadium,旧広島市民球場,Hiroshima,7,0,7,7,Hanshin Tigers,Hiroshima Toyo Carp,Away Win,7-0,9,No,Completed,,,,,,,,,,,河内,,,,,Hanshin Tigers defeated Hiroshima Toyo Carp 7-0 at Hiroshima Municipal Stadium.,2689web.com Archive (https://2689web.com/2000/CT/CT22.html)
534,NPB_2000_20000806_F_H,2000,Regular Season,Regular Season,Pacific League,Regular Season,,2000-08-06,Sunday,18:00,Nippon-Ham Fighters,日本ハムファイターズ,Fukuoka Daiei Hawks,福岡ダイエーホークス,Fukuoka Dome,福岡ドーム,Fukuoka,2,9,11,7,Fukuoka Daiei Hawks,Nippon-Ham Fighters,Home Win,2-9,9,No,Completed,,,,,,,,,,斉藤和,,,,,,Fukuoka Daiei Hawks defeated Nippon-Ham Fighters 2-9 at Fukuoka Dome behind winning pitcher 斉藤和.,2689web.com Archive (https://2689web.com/2000/HF/HF21.html)
535,NPB_2000_20000806_B_L,2000,Regular Season,Regular Season,Pacific League,Regular Season,,2000-08-06,Sunday,18:00,ORIX BlueWave,オリックス・ブルーウェーブ,Seibu Lions,西武ライオンズ,Seibu Dome,西武ドーム,Tokorozawa,1,4,5,3,Seibu Lions,ORIX BlueWave,Home Win,1-4,9,No,Completed,,,,,,,,,,西口,,,,,,Seibu Lions defeated ORIX BlueWave 1-4 at Seibu Dome behind winning pitcher 西口.,2689web.com Archive (https://2689web.com/2000/LB/LB18.html)
536,NPB_2000_20000806_K_M,2000,Regular Season,Regular Season,Pacific League,Regular Season,,2000-08-06,Sunday,18:00,Osaka Kintetsu Buffaloes,大阪近鉄バファローズ,Chiba Lotte Marines,千葉ロッテマリーンズ,Chiba Marine Stadium,千葉マリンスタジアム,Chiba,3,2,5,1,Osaka Kintetsu Buffaloes,Chiba Lotte Marines,Away Win,3-2,9,No,Completed,,,,,,,,,,,和田,,,,,Osaka Kintetsu Buffaloes defeated Chiba Lotte Marines 3-2 at Chiba Marine Stadium.,2689web.com Archive (https://2689web.com/2000/MK/MK19.html)
537,NPB_2000_20000807_B_L,2000,Regular Season,Regular Season,Pacific League,Regular Season,,2000-08-07,Monday,18:00,ORIX BlueWave,オリックス・ブルーウェーブ,Seibu Lions,西武ライオンズ,Seibu Dome,西武ドーム,Tokorozawa,3,8,11,5,Seibu Lions,ORIX BlueWave,Home Win,3-8,9,No,Completed,,,,,,,,,,西崎,,,,,,Seibu Lions defeated ORIX BlueWave 3-8 at Seibu Dome behind winning pitcher 西崎.,2689web.com Archive (https://2689web.com/2000/LB/LB19.html)
538,NPB_2000_20000808_Y_G,2000,Regular Season,Regular Season,Central League,Regular Season,,2000-08-08,Tuesday,18:00,Yokohama BayStars,横浜ベイスターズ,Yomiuri Giants,読売ジャイアンツ,Tokyo Dome,東京ドーム,Tokyo,0,9,9,9,Yomiuri Giants,Yokohama BayStars,Home Win,0-9,9,No,Completed,,,,,,,,,,高橋尚,,,,,,Yomiuri Giants defeated Yokohama BayStars 0-9 at Tokyo Dome behind winning pitcher 高橋尚.,2689web.com Archive (https://2689web.com/2000/GY/GY19.html)
539,NPB_2000_20000808_C_D,2000,Regular Season,Regular Season,Central League,Regular Season,,2000-08-08,Tuesday,18:00,Hiroshima Toyo Carp,広島東洋カープ,Chunichi Dragons,中日ドラゴンズ,Nagoya Dome,ナゴヤドーム,Nagoya,4,3,7,1,Hiroshima Toyo Carp,Chunichi Dragons,Away Win,4-3,9,No,Completed,,,,,,,,,,,前田,,,,,Hiroshima Toyo Carp defeated Chunichi Dragons 4-3 at Nagoya Dome.,2689web.com Archive (https://2689web.com/2000/DC/DC17.html)
540,NPB_2000_20000808_T_S,2000,Regular Season,Regular Season,Central League,Regular Season,,2000-08-08,Tuesday,18:00,Hanshin Tigers,阪神タイガース,Tokyo Yakult Swallows,東京ヤクルトスワローズ,Meiji Jingu Stadium,明治神宮野球場,Tokyo,3,2,5,1,Hanshin Tigers,Tokyo Yakult Swallows,Away Win,3-2,9,No,Completed,,,,,,,,,,,高津,,,,,Hanshin Tigers defeated Tokyo Yakult Swallows 3-2 at Meiji Jingu Stadium.,2689web.com Archive (https://2689web.com/2000/ST/ST14.html)
541,NPB_2000_20000808_L_H,2000,Regular Season,Regular Season,Pacific League,Regular Season,,2000-08-08,Tuesday,18:00,Seibu Lions,西武ライオンズ,Fukuoka Daiei Hawks,福岡ダイエーホークス,Fukuoka Dome,福岡ドーム,Fukuoka,6,2,8,4,Seibu Lions,Fukuoka Daiei Hawks,Away Win,6-2,9,No,Completed,,,,,,,,,,,永井,,,,,Seibu Lions defeated Fukuoka Daiei Hawks 6-2 at Fukuoka Dome.,2689web.com Archive (https://2689web.com/2000/HL/HL17.html)
542,NPB_2000_20000808_K_F,2000,Regular Season,Regular Season,Pacific League,Regular Season,,2000-08-08,Tuesday,18:00,Osaka Kintetsu Buffaloes,大阪近鉄バファローズ,Nippon-Ham Fighters,日本ハムファイターズ,Tokyo Dome,東京ドーム,Tokyo,0,5,5,5,Nippon-Ham Fighters,Osaka Kintetsu Buffaloes,Home Win,0-5,9,No,Completed,,,,,,,,,,関根,,,,,,Nippon-Ham Fighters defeated Osaka Kintetsu Buffaloes 0-5 at Tokyo Dome behind winning pitcher 関根.,2689web.com Archive (https://2689web.com/2000/FK/FK19.html)
543,NPB_2000_20000808_M_B,2000,Regular Season,Regular Season,Pacific League,Regular Season,,2000-08-08,Tuesday,18:00,Chiba Lotte Marines,千葉ロッテマリーンズ,ORIX BlueWave,オリックス・ブルーウェーブ,Green Stadium Kobe,グリーンスタジアム神戸,Kobe,10,5,15,5,Chiba Lotte Marines,ORIX BlueWave,Away Win,10-5,9,No,Completed,,,,,,,,,,,加藤,,,,,Chiba Lotte Marines defeated ORIX BlueWave 10-5 at Green Stadium Kobe.,2689web.com Archive (https://2689web.com/2000/BM/BM18.html)
544,NPB_2000_20000809_Y_G,2000,Regular Season,Regular Season,Central League,Regular Season,,2000-08-09,Wednesday,18:00,Yokohama BayStars,横浜ベイスターズ,Yomiuri Giants,読売ジャイアンツ,Tokyo Dome,東京ドーム,Tokyo,7,1,8,6,Yokohama BayStars,Yomiuri Giants,Away Win,7-1,9,No,Completed,,,,,,,,,,,西山,,,,,Yokohama BayStars defeated Yomiuri Giants 7-1 at Tokyo Dome.,2689web.com Archive (https://2689web.com/2000/GY/GY20.html)
545,NPB_2000_20000809_C_D,2000,Regular Season,Regular Season,Central League,Regular Season,,2000-08-09,Wednesday,18:00,Hiroshima Toyo Carp,広島東洋カープ,Chunichi Dragons,中日ドラゴンズ,Nagoya Dome,ナゴヤドーム,Nagoya,7,9,16,2,Chunichi Dragons,Hiroshima Toyo Carp,Home Win,7-9,9,No,Completed,,,,,,,,,,小山,,,,,,Chunichi Dragons defeated Hiroshima Toyo Carp 7-9 at Nagoya Dome behind winning pitcher 小山.,2689web.com Archive (https://2689web.com/2000/DC/DC18.html)
546,NPB_2000_20000809_T_S,2000,Regular Season,Regular Season,Central League,Regular Season,,2000-08-09,Wednesday,18:00,Hanshin Tigers,阪神タイガース,Tokyo Yakult Swallows,東京ヤクルトスワローズ,Meiji Jingu Stadium,明治神宮野球場,Tokyo,8,7,15,1,Hanshin Tigers,Tokyo Yakult Swallows,Away Win,8-7,9,No,Completed,,,,,,,,,,,本間,,,,,Hanshin Tigers defeated Tokyo Yakult Swallows 8-7 at Meiji Jingu Stadium.,2689web.com Archive (https://2689web.com/2000/ST/ST15.html)
547,NPB_2000_20000809_L_H,2000,Regular Season,Regular Season,Pacific League,Regular Season,,2000-08-09,Wednesday,18:00,Seibu Lions,西武ライオンズ,Fukuoka Daiei Hawks,福岡ダイエーホークス,Fukuoka Dome,福岡ドーム,Fukuoka,2,6,8,4,Fukuoka Daiei Hawks,Seibu Lions,Home Win,2-6,9,No,Completed,,,,,,,,,,土井,,,,,,Fukuoka Daiei Hawks defeated Seibu Lions 2-6 at Fukuoka Dome behind winning pitcher 土井.,2689web.com Archive (https://2689web.com/2000/HL/HL18.html)
548,NPB_2000_20000809_K_F,2000,Regular Season,Regular Season,Pacific League,Regular Season,,2000-08-09,Wednesday,18:00,Osaka Kintetsu Buffaloes,大阪近鉄バファローズ,Nippon-Ham Fighters,日本ハムファイターズ,Tokyo Dome,東京ドーム,Tokyo,5,4,9,1,Osaka Kintetsu Buffaloes,Nippon-Ham Fighters,Away Win,5-4,9,No,Completed,,,,,,,,,,,清水,,,,,Osaka Kintetsu Buffaloes defeated Nippon-Ham Fighters 5-4 at Tokyo Dome.,2689web.com Archive (https://2689web.com/2000/FK/FK20.html)
549,NPB_2000_20000809_M_B,2000,Regular Season,Regular Season,Pacific League,Regular Season,,2000-08-09,Wednesday,18:00,Chiba Lotte Marines,千葉ロッテマリーンズ,ORIX BlueWave,オリックス・ブルーウェーブ,Green Stadium Kobe,グリーンスタジアム神戸,Kobe,5,8,13,3,ORIX BlueWave,Chiba Lotte Marines,Home Win,5-8,9,No,Completed,,,,,,,,,,戎,,,,,,ORIX BlueWave defeated Chiba Lotte Marines 5-8 at Green Stadium Kobe behind winning pitcher 戎.,2689web.com Archive (https://2689web.com/2000/BM/BM19.html)
550,NPB_2000_20000810_Y_G,2000,Regular Season,Regular Season,Central League,Regular Season,,2000-08-10,Thursday,18:00,Yokohama BayStars,横浜ベイスターズ,Yomiuri Giants,読売ジャイアンツ,Tokyo Dome,東京ドーム,Tokyo,12,11,23,1,Yokohama BayStars,Yomiuri Giants,Away Win,12-11,9,No,Completed,,,,,,,,,,,工藤,,,,,Yokohama BayStars defeated Yomiuri Giants 12-11 at Tokyo Dome.,2689web.com Archive (https://2689web.com/2000/GY/GY21.html)
551,NPB_2000_20000810_C_D,2000,Regular Season,Regular Season,Central League,Regular Season,,2000-08-10,Thursday,18:00,Hiroshima Toyo Carp,広島東洋カープ,Chunichi Dragons,中日ドラゴンズ,Nagoya Dome,ナゴヤドーム,Nagoya,6,4,10,2,Hiroshima Toyo Carp,Chunichi Dragons,Away Win,6-4,9,No,Completed,,,,,,,,,,,落合,,,,,Hiroshima Toyo Carp defeated Chunichi Dragons 6-4 at Nagoya Dome.,2689web.com Archive (https://2689web.com/2000/DC/DC19.html)
552,NPB_2000_20000810_T_S,2000,Regular Season,Regular Season,Central League,Regular Season,,2000-08-10,Thursday,18:00,Hanshin Tigers,阪神タイガース,Tokyo Yakult Swallows,東京ヤクルトスワローズ,Meiji Jingu Stadium,明治神宮野球場,Tokyo,5,2,7,3,Hanshin Tigers,Tokyo Yakult Swallows,Away Win,5-2,9,No,Completed,,,,,,,,,,,川崎,,,,,Hanshin Tigers defeated Tokyo Yakult Swallows 5-2 at Meiji Jingu Stadium.,2689web.com Archive (https://2689web.com/2000/ST/ST16.html)
553,NPB_2000_20000810_L_H,2000,Regular Season,Regular Season,Pacific League,Regular Season,,2000-08-10,Thursday,18:00,Seibu Lions,西武ライオンズ,Fukuoka Daiei Hawks,福岡ダイエーホークス,Fukuoka Dome,福岡ドーム,Fukuoka,5,4,9,1,Seibu Lions,Fukuoka Daiei Hawks,Away Win,5-4,9,No,Completed,,,,,,,,,,,若田部,,,,,Seibu Lions defeated Fukuoka Daiei Hawks 5-4 at Fukuoka Dome.,2689web.com Archive (https://2689web.com/2000/HL/HL19.html)
554,NPB_2000_20000810_K_F,2000,Regular Season,Regular Season,Pacific League,Regular Season,,2000-08-10,Thursday,18:00,Osaka Kintetsu Buffaloes,大阪近鉄バファローズ,Nippon-Ham Fighters,日本ハムファイターズ,Tokyo Dome,東京ドーム,Tokyo,7,5,12,2,Osaka Kintetsu Buffaloes,Nippon-Ham Fighters,Away Win,7-5,9,No,Completed,,,,,,,,,,,建山,,,,,Osaka Kintetsu Buffaloes defeated Nippon-Ham Fighters 7-5 at Tokyo Dome.,2689web.com Archive (https://2689web.com/2000/FK/FK21.html)
555,NPB_2000_20000810_M_B,2000,Regular Season,Regular Season,Pacific League,Regular Season,,2000-08-10,Thursday,18:00,Chiba Lotte Marines,千葉ロッテマリーンズ,ORIX BlueWave,オリックス・ブルーウェーブ,Green Stadium Kobe,グリーンスタジアム神戸,Kobe,0,6,6,6,ORIX BlueWave,Chiba Lotte Marines,Home Win,0-6,9,No,Completed,,,,,,,,,,小林,,,,,,ORIX BlueWave defeated Chiba Lotte Marines 0-6 at Green Stadium Kobe behind winning pitcher 小林.,2689web.com Archive (https://2689web.com/2000/BM/BM20.html)
556,NPB_2000_20000811_C_G,2000,Regular Season,Regular Season,Central League,Regular Season,,2000-08-11,Friday,18:00,Hiroshima Toyo Carp,広島東洋カープ,Yomiuri Giants,読売ジャイアンツ,Tokyo Dome,東京ドーム,Tokyo,1,16,17,15,Yomiuri Giants,Hiroshima Toyo Carp,Home Win,1-16,9,No,Completed,,,,,,,,,,メイ,,,,,,Yomiuri Giants defeated Hiroshima Toyo Carp 1-16 at Tokyo Dome behind winning pitcher メイ.,2689web.com Archive (https://2689web.com/2000/GC/GC17.html)
557,NPB_2000_20000811_T_D,2000,Regular Season,Regular Season,Central League,Regular Season,,2000-08-11,Friday,18:00,Hanshin Tigers,阪神タイガース,Chunichi Dragons,中日ドラゴンズ,Nagoya Dome,ナゴヤドーム,Nagoya,3,2,5,1,Hanshin Tigers,Chunichi Dragons,Away Win,3-2,9,No,Completed,,,,,,,,,,,山本昌,,,,,Hanshin Tigers defeated Chunichi Dragons 3-2 at Nagoya Dome.,2689web.com Archive (https://2689web.com/2000/DT/DT20.html)
558,NPB_2000_20000811_S_Y,2000,Regular Season,Regular Season,Central League,Regular Season,,2000-08-11,Friday,18:00,Tokyo Yakult Swallows,東京ヤクルトスワローズ,Yokohama BayStars,横浜ベイスターズ,Yokohama Stadium,横浜スタジアム,Yokohama,4,7,11,3,Yokohama BayStars,Tokyo Yakult Swallows,Home Win,4-7,9,No,Completed,,,,,,,,,,細見,,,,,,Yokohama BayStars defeated Tokyo Yakult Swallows 4-7 at Yokohama Stadium behind winning pitcher 細見.,2689web.com Archive (https://2689web.com/2000/YS/YS18.html)
559,NPB_2000_20000811_K_H,2000,Regular Season,Regular Season,Pacific League,Regular Season,,2000-08-11,Friday,18:00,Osaka Kintetsu Buffaloes,大阪近鉄バファローズ,Fukuoka Daiei Hawks,福岡ダイエーホークス,Fukuoka Dome,福岡ドーム,Fukuoka,0,12,12,12,Fukuoka Daiei Hawks,Osaka Kintetsu Buffaloes,Home Win,0-12,9,No,Completed,,,,,,,,,,星野,,,,,,Fukuoka Daiei Hawks defeated Osaka Kintetsu Buffaloes 0-12 at Fukuoka Dome behind winning pitcher 星野.,2689web.com Archive (https://2689web.com/2000/HK/HK19.html)
560,NPB_2000_20000811_M_L,2000,Regular Season,Regular Season,Pacific League,Regular Season,,2000-08-11,Friday,18:00,Chiba Lotte Marines,千葉ロッテマリーンズ,Seibu Lions,西武ライオンズ,Seibu Dome,西武ドーム,Tokorozawa,0,3,3,3,Seibu Lions,Chiba Lotte Marines,Home Win,0-3,9,No,Completed,,,,,,,,,,許,,,,,,Seibu Lions defeated Chiba Lotte Marines 0-3 at Seibu Dome behind winning pitcher 許.,2689web.com Archive (https://2689web.com/2000/LM/LM20.html)
561,NPB_2000_20000811_B_F,2000,Regular Season,Regular Season,Pacific League,Regular Season,,2000-08-11,Friday,18:00,ORIX BlueWave,オリックス・ブルーウェーブ,Nippon-Ham Fighters,日本ハムファイターズ,Tokyo Dome,東京ドーム,Tokyo,1,12,13,11,Nippon-Ham Fighters,ORIX BlueWave,Home Win,1-12,9,No,Completed,,,,,,,,,,岩本,,,,,,Nippon-Ham Fighters defeated ORIX BlueWave 1-12 at Tokyo Dome behind winning pitcher 岩本.,2689web.com Archive (https://2689web.com/2000/FB/FB17.html)
562,NPB_2000_20000812_C_G,2000,Regular Season,Regular Season,Central League,Regular Season,,2000-08-12,Saturday,18:00,Hiroshima Toyo Carp,広島東洋カープ,Yomiuri Giants,読売ジャイアンツ,Tokyo Dome,東京ドーム,Tokyo,2,7,9,5,Yomiuri Giants,Hiroshima Toyo Carp,Home Win,2-7,9,No,Completed,,,,,,,,,,平松,,,,,,Yomiuri Giants defeated Hiroshima Toyo Carp 2-7 at Tokyo Dome behind winning pitcher 平松.,2689web.com Archive (https://2689web.com/2000/GC/GC18.html)
563,NPB_2000_20000812_T_D,2000,Regular Season,Regular Season,Central League,Regular Season,,2000-08-12,Saturday,18:00,Hanshin Tigers,阪神タイガース,Chunichi Dragons,中日ドラゴンズ,Nagoya Dome,ナゴヤドーム,Nagoya,4,6,10,2,Chunichi Dragons,Hanshin Tigers,Home Win,4-6,9,No,Completed,,,,,,,,,,武田,,,,,,Chunichi Dragons defeated Hanshin Tigers 4-6 at Nagoya Dome behind winning pitcher 武田.,2689web.com Archive (https://2689web.com/2000/DT/DT21.html)
564,NPB_2000_20000812_S_Y,2000,Regular Season,Regular Season,Central League,Regular Season,,2000-08-12,Saturday,18:00,Tokyo Yakult Swallows,東京ヤクルトスワローズ,Yokohama BayStars,横浜ベイスターズ,Yokohama Stadium,横浜スタジアム,Yokohama,3,6,9,3,Yokohama BayStars,Tokyo Yakult Swallows,Home Win,3-6,9,No,Completed,,,,,,,,,,川村,,,,,,Yokohama BayStars defeated Tokyo Yakult Swallows 3-6 at Yokohama Stadium behind winning pitcher 川村.,2689web.com Archive (https://2689web.com/2000/YS/YS19.html)
565,NPB_2000_20000812_K_H,2000,Regular Season,Regular Season,Pacific League,Regular Season,,2000-08-12,Saturday,18:00,Osaka Kintetsu Buffaloes,大阪近鉄バファローズ,Fukuoka Daiei Hawks,福岡ダイエーホークス,Fukuoka Dome,福岡ドーム,Fukuoka,1,6,7,5,Fukuoka Daiei Hawks,Osaka Kintetsu Buffaloes,Home Win,1-6,9,No,Completed,,,,,,,,,,田之上,,,,,,Fukuoka Daiei Hawks defeated Osaka Kintetsu Buffaloes 1-6 at Fukuoka Dome behind winning pitcher 田之上.,2689web.com Archive (https://2689web.com/2000/HK/HK20.html)
566,NPB_2000_20000812_M_L,2000,Regular Season,Regular Season,Pacific League,Regular Season,,2000-08-12,Saturday,18:00,Chiba Lotte Marines,千葉ロッテマリーンズ,Seibu Lions,西武ライオンズ,Seibu Dome,西武ドーム,Tokorozawa,1,2,3,1,Seibu Lions,Chiba Lotte Marines,Home Win,1-2,9,No,Completed,,,,,,,,,,西口,,,,,,Seibu Lions defeated Chiba Lotte Marines 1-2 at Seibu Dome behind winning pitcher 西口.,2689web.com Archive (https://2689web.com/2000/LM/LM21.html)
567,NPB_2000_20000812_B_F,2000,Regular Season,Regular Season,Pacific League,Regular Season,,2000-08-12,Saturday,18:00,ORIX BlueWave,オリックス・ブルーウェーブ,Nippon-Ham Fighters,日本ハムファイターズ,Tokyo Dome,東京ドーム,Tokyo,1,7,8,6,Nippon-Ham Fighters,ORIX BlueWave,Home Win,1-7,9,No,Completed,,,,,,,,,,下柳,,,,,,Nippon-Ham Fighters defeated ORIX BlueWave 1-7 at Tokyo Dome behind winning pitcher 下柳.,2689web.com Archive (https://2689web.com/2000/FB/FB18.html)
568,NPB_2000_20000813_C_G,2000,Regular Season,Regular Season,Central League,Regular Season,,2000-08-13,Sunday,18:00,Hiroshima Toyo Carp,広島東洋カープ,Yomiuri Giants,読売ジャイアンツ,Tokyo Dome,東京ドーム,Tokyo,3,7,10,4,Yomiuri Giants,Hiroshima Toyo Carp,Home Win,3-7,9,No,Completed,,,,,,,,,,趙,,,,,,Yomiuri Giants defeated Hiroshima Toyo Carp 3-7 at Tokyo Dome behind winning pitcher 趙.,2689web.com Archive (https://2689web.com/2000/GC/GC19.html)
569,NPB_2000_20000813_T_D,2000,Regular Season,Regular Season,Central League,Regular Season,,2000-08-13,Sunday,18:00,Hanshin Tigers,阪神タイガース,Chunichi Dragons,中日ドラゴンズ,Nagoya Dome,ナゴヤドーム,Nagoya,3,6,9,3,Chunichi Dragons,Hanshin Tigers,Home Win,3-6,9,No,Completed,,,,,,,,,,岩瀬,,,,,,Chunichi Dragons defeated Hanshin Tigers 3-6 at Nagoya Dome behind winning pitcher 岩瀬.,2689web.com Archive (https://2689web.com/2000/DT/DT22.html)
570,NPB_2000_20000813_K_H,2000,Regular Season,Regular Season,Pacific League,Regular Season,,2000-08-13,Sunday,18:00,Osaka Kintetsu Buffaloes,大阪近鉄バファローズ,Fukuoka Daiei Hawks,福岡ダイエーホークス,Fukuoka Dome,福岡ドーム,Fukuoka,0,3,3,3,Fukuoka Daiei Hawks,Osaka Kintetsu Buffaloes,Home Win,0-3,9,No,Completed,,,,,,,,,,斉藤和,,,,,,Fukuoka Daiei Hawks defeated Osaka Kintetsu Buffaloes 0-3 at Fukuoka Dome behind winning pitcher 斉藤和.,2689web.com Archive (https://2689web.com/2000/HK/HK21.html)
571,NPB_2000_20000813_M_L,2000,Regular Season,Regular Season,Pacific League,Regular Season,,2000-08-13,Sunday,18:00,Chiba Lotte Marines,千葉ロッテマリーンズ,Seibu Lions,西武ライオンズ,Seibu Dome,西武ドーム,Tokorozawa,7,5,12,2,Chiba Lotte Marines,Seibu Lions,Away Win,7-5,9,No,Completed,,,,,,,,,,,青木勇,,,,,Chiba Lotte Marines defeated Seibu Lions 7-5 at Seibu Dome.,2689web.com Archive (https://2689web.com/2000/LM/LM22.html)
572,NPB_2000_20000813_B_F,2000,Regular Season,Regular Season,Pacific League,Regular Season,,2000-08-13,Sunday,18:00,ORIX BlueWave,オリックス・ブルーウェーブ,Nippon-Ham Fighters,日本ハムファイターズ,Tokyo Dome,東京ドーム,Tokyo,10,2,12,8,ORIX BlueWave,Nippon-Ham Fighters,Away Win,10-2,9,No,Completed,,,,,,,,,,,立石,,,,,ORIX BlueWave defeated Nippon-Ham Fighters 10-2 at Tokyo Dome.,2689web.com Archive (https://2689web.com/2000/FB/FB19.html)
573,NPB_2000_20000815_T_G,2000,Regular Season,Regular Season,Central League,Regular Season,,2000-08-15,Tuesday,18:00,Hanshin Tigers,阪神タイガース,Yomiuri Giants,読売ジャイアンツ,Tokyo Dome,東京ドーム,Tokyo,3,4,7,1,Yomiuri Giants,Hanshin Tigers,Home Win,3-4,9,No,Completed,,,,,,,,,,高橋尚,,,,,,Yomiuri Giants defeated Hanshin Tigers 3-4 at Tokyo Dome behind winning pitcher 高橋尚.,2689web.com Archive (https://2689web.com/2000/GT/GT20.html)
574,NPB_2000_20000815_S_D,2000,Regular Season,Regular Season,Central League,Regular Season,,2000-08-15,Tuesday,18:00,Tokyo Yakult Swallows,東京ヤクルトスワローズ,Chunichi Dragons,中日ドラゴンズ,Nagoya Dome,ナゴヤドーム,Nagoya,12,4,16,8,Tokyo Yakult Swallows,Chunichi Dragons,Away Win,12-4,9,No,Completed,,,,,,,,,,,野口,,,,,Tokyo Yakult Swallows defeated Chunichi Dragons 12-4 at Nagoya Dome.,2689web.com Archive (https://2689web.com/2000/DS/DS18.html)
575,NPB_2000_20000815_C_Y,2000,Regular Season,Regular Season,Central League,Regular Season,,2000-08-15,Tuesday,18:00,Hiroshima Toyo Carp,広島東洋カープ,Yokohama BayStars,横浜ベイスターズ,Yokohama Stadium,横浜スタジアム,Yokohama,7,9,16,2,Yokohama BayStars,Hiroshima Toyo Carp,Home Win,7-9,9,No,Completed,,,,,,,,,,三浦,,,,,,Yokohama BayStars defeated Hiroshima Toyo Carp 7-9 at Yokohama Stadium behind winning pitcher 三浦.,2689web.com Archive (https://2689web.com/2000/YC/YC19.html)
576,NPB_2000_20000815_B_H,2000,Regular Season,Regular Season,Pacific League,Regular Season,,2000-08-15,Tuesday,18:00,ORIX BlueWave,オリックス・ブルーウェーブ,Fukuoka Daiei Hawks,福岡ダイエーホークス,Fukuoka Dome,福岡ドーム,Fukuoka,5,2,7,3,ORIX BlueWave,Fukuoka Daiei Hawks,Away Win,5-2,9,No,Completed,,,,,,,,,,,吉田,,,,,ORIX BlueWave defeated Fukuoka Daiei Hawks 5-2 at Fukuoka Dome.,2689web.com Archive (https://2689web.com/2000/HB/HB18.html)
577,NPB_2000_20000815_K_L,2000,Regular Season,Regular Season,Pacific League,Regular Season,,2000-08-15,Tuesday,18:00,Osaka Kintetsu Buffaloes,大阪近鉄バファローズ,Seibu Lions,西武ライオンズ,Seibu Dome,西武ドーム,Tokorozawa,3,10,13,7,Seibu Lions,Osaka Kintetsu Buffaloes,Home Win,3-10,9,No,Completed,,,,,,,,,,石井,,,,,,Seibu Lions defeated Osaka Kintetsu Buffaloes 3-10 at Seibu Dome behind winning pitcher 石井.,2689web.com Archive (https://2689web.com/2000/LK/LK18.html)
578,NPB_2000_20000815_M_F,2000,Regular Season,Regular Season,Pacific League,Regular Season,,2000-08-15,Tuesday,18:00,Chiba Lotte Marines,千葉ロッテマリーンズ,Nippon-Ham Fighters,日本ハムファイターズ,Tokyo Dome,東京ドーム,Tokyo,5,11,16,6,Nippon-Ham Fighters,Chiba Lotte Marines,Home Win,5-11,9,No,Completed,,,,,,,,,,高橋憲,,,,,,Nippon-Ham Fighters defeated Chiba Lotte Marines 5-11 at Tokyo Dome behind winning pitcher 高橋憲.,2689web.com Archive (https://2689web.com/2000/FM/FM19.html)
579,NPB_2000_20000816_T_G,2000,Regular Season,Regular Season,Central League,Regular Season,,2000-08-16,Wednesday,18:00,Hanshin Tigers,阪神タイガース,Yomiuri Giants,読売ジャイアンツ,Tokyo Dome,東京ドーム,Tokyo,6,12,18,6,Yomiuri Giants,Hanshin Tigers,Home Win,6-12,9,No,Completed,,,,,,,,,,三沢,,,,,,Yomiuri Giants defeated Hanshin Tigers 6-12 at Tokyo Dome behind winning pitcher 三沢.,2689web.com Archive (https://2689web.com/2000/GT/GT21.html)
580,NPB_2000_20000816_S_D,2000,Regular Season,Regular Season,Central League,Regular Season,,2000-08-16,Wednesday,18:00,Tokyo Yakult Swallows,東京ヤクルトスワローズ,Chunichi Dragons,中日ドラゴンズ,Nagoya Dome,ナゴヤドーム,Nagoya,0,4,4,4,Chunichi Dragons,Tokyo Yakult Swallows,Home Win,0-4,9,No,Completed,,,,,,,,,,バンチ,,,,,,Chunichi Dragons defeated Tokyo Yakult Swallows 0-4 at Nagoya Dome behind winning pitcher バンチ.,2689web.com Archive (https://2689web.com/2000/DS/DS19.html)
581,NPB_2000_20000816_C_Y,2000,Regular Season,Regular Season,Central League,Regular Season,,2000-08-16,Wednesday,18:00,Hiroshima Toyo Carp,広島東洋カープ,Yokohama BayStars,横浜ベイスターズ,Yokohama Stadium,横浜スタジアム,Yokohama,11,4,15,7,Hiroshima Toyo Carp,Yokohama BayStars,Away Win,11-4,9,No,Completed,,,,,,,,,,,小宮山,,,,,Hiroshima Toyo Carp defeated Yokohama BayStars 11-4 at Yokohama Stadium.,2689web.com Archive (https://2689web.com/2000/YC/YC20.html)
582,NPB_2000_20000816_B_H,2000,Regular Season,Regular Season,Pacific League,Regular Season,,2000-08-16,Wednesday,18:00,ORIX BlueWave,オリックス・ブルーウェーブ,Fukuoka Daiei Hawks,福岡ダイエーホークス,Fukuoka Dome,福岡ドーム,Fukuoka,4,7,11,3,Fukuoka Daiei Hawks,ORIX BlueWave,Home Win,4-7,9,No,Completed,,,,,,,,,,長冨,,,,,,Fukuoka Daiei Hawks defeated ORIX BlueWave 4-7 at Fukuoka Dome behind winning pitcher 長冨.,2689web.com Archive (https://2689web.com/2000/HB/HB19.html)
583,NPB_2000_20000816_K_L,2000,Regular Season,Regular Season,Pacific League,Regular Season,,2000-08-16,Wednesday,18:00,Osaka Kintetsu Buffaloes,大阪近鉄バファローズ,Seibu Lions,西武ライオンズ,Seibu Dome,西武ドーム,Tokorozawa,4,8,12,4,Seibu Lions,Osaka Kintetsu Buffaloes,Home Win,4-8,9,No,Completed,,,,,,,,,,松坂,,,,,,Seibu Lions defeated Osaka Kintetsu Buffaloes 4-8 at Seibu Dome behind winning pitcher 松坂.,2689web.com Archive (https://2689web.com/2000/LK/LK19.html)
584,NPB_2000_20000816_M_F,2000,Regular Season,Regular Season,Pacific League,Regular Season,,2000-08-16,Wednesday,18:00,Chiba Lotte Marines,千葉ロッテマリーンズ,Nippon-Ham Fighters,日本ハムファイターズ,Tokyo Dome,東京ドーム,Tokyo,3,10,13,7,Nippon-Ham Fighters,Chiba Lotte Marines,Home Win,3-10,9,No,Completed,,,,,,,,,,金村,,,,,,Nippon-Ham Fighters defeated Chiba Lotte Marines 3-10 at Tokyo Dome behind winning pitcher 金村.,2689web.com Archive (https://2689web.com/2000/FM/FM20.html)
585,NPB_2000_20000817_T_G,2000,Regular Season,Regular Season,Central League,Regular Season,,2000-08-17,Thursday,18:00,Hanshin Tigers,阪神タイガース,Yomiuri Giants,読売ジャイアンツ,Tokyo Dome,東京ドーム,Tokyo,3,4,7,1,Yomiuri Giants,Hanshin Tigers,Home Win,3-4,9,No,Completed,,,,,,,,,,南,,,,,,Yomiuri Giants defeated Hanshin Tigers 3-4 at Tokyo Dome behind winning pitcher 南.,2689web.com Archive (https://2689web.com/2000/GT/GT22.html)
586,NPB_2000_20000817_C_Y,2000,Regular Season,Regular Season,Central League,Regular Season,,2000-08-17,Thursday,18:00,Hiroshima Toyo Carp,広島東洋カープ,Yokohama BayStars,横浜ベイスターズ,Yokohama Stadium,横浜スタジアム,Yokohama,11,8,19,3,Hiroshima Toyo Carp,Yokohama BayStars,Away Win,11-8,9,No,Completed,,,,,,,,,,,斎藤隆,,,,,Hiroshima Toyo Carp defeated Yokohama BayStars 11-8 at Yokohama Stadium.,2689web.com Archive (https://2689web.com/2000/YC/YC21.html)
587,NPB_2000_20000817_B_H,2000,Regular Season,Regular Season,Pacific League,Regular Season,,2000-08-17,Thursday,18:00,ORIX BlueWave,オリックス・ブルーウェーブ,Fukuoka Daiei Hawks,福岡ダイエーホークス,Fukuoka Dome,福岡ドーム,Fukuoka,12,8,20,4,ORIX BlueWave,Fukuoka Daiei Hawks,Away Win,12-8,9,No,Completed,,,,,,,,,,,若田部,,,,,ORIX BlueWave defeated Fukuoka Daiei Hawks 12-8 at Fukuoka Dome.,2689web.com Archive (https://2689web.com/2000/HB/HB20.html)
588,NPB_2000_20000817_K_L,2000,Regular Season,Regular Season,Pacific League,Regular Season,,2000-08-17,Thursday,18:00,Osaka Kintetsu Buffaloes,大阪近鉄バファローズ,Seibu Lions,西武ライオンズ,Seibu Dome,西武ドーム,Tokorozawa,0,6,6,6,Seibu Lions,Osaka Kintetsu Buffaloes,Home Win,0-6,9,No,Completed,,,,,,,,,,豊田,,,,,,Seibu Lions defeated Osaka Kintetsu Buffaloes 0-6 at Seibu Dome behind winning pitcher 豊田.,2689web.com Archive (https://2689web.com/2000/LK/LK20.html)
589,NPB_2000_20000817_M_F,2000,Regular Season,Regular Season,Pacific League,Regular Season,,2000-08-17,Thursday,18:00,Chiba Lotte Marines,千葉ロッテマリーンズ,Nippon-Ham Fighters,日本ハムファイターズ,Tokyo Dome,東京ドーム,Tokyo,3,2,5,1,Chiba Lotte Marines,Nippon-Ham Fighters,Away Win,3-2,9,No,Completed,,,,,,,,,,,岩本,,,,,Chiba Lotte Marines defeated Nippon-Ham Fighters 3-2 at Tokyo Dome.,2689web.com Archive (https://2689web.com/2000/FM/FM21.html)
590,NPB_2000_20000818_D_G,2000,Regular Season,Regular Season,Central League,Regular Season,,2000-08-18,Friday,18:00,Chunichi Dragons,中日ドラゴンズ,Yomiuri Giants,読売ジャイアンツ,Tokyo Dome,東京ドーム,Tokyo,7,3,10,4,Chunichi Dragons,Yomiuri Giants,Away Win,7-3,9,No,Completed,,,,,,,,,,,メイ,,,,,Chunichi Dragons defeated Yomiuri Giants 7-3 at Tokyo Dome.,2689web.com Archive (https://2689web.com/2000/GD/GD20.html)
591,NPB_2000_20000818_T_Y,2000,Regular Season,Regular Season,Central League,Regular Season,,2000-08-18,Friday,18:00,Hanshin Tigers,阪神タイガース,Yokohama BayStars,横浜ベイスターズ,Yokohama Stadium,横浜スタジアム,Yokohama,2,3,5,1,Yokohama BayStars,Hanshin Tigers,Home Win,2-3,9,No,Completed,,,,,,,,,,木塚,,,,,,Yokohama BayStars defeated Hanshin Tigers 2-3 at Yokohama Stadium behind winning pitcher 木塚.,2689web.com Archive (https://2689web.com/2000/YT/YT19.html)
592,NPB_2000_20000818_C_S,2000,Regular Season,Regular Season,Central League,Regular Season,,2000-08-18,Friday,18:00,Hiroshima Toyo Carp,広島東洋カープ,Tokyo Yakult Swallows,東京ヤクルトスワローズ,Meiji Jingu Stadium,明治神宮野球場,Tokyo,1,13,14,12,Tokyo Yakult Swallows,Hiroshima Toyo Carp,Home Win,1-13,9,No,Completed,,,,,,,,,,伊藤智,,,,,,Tokyo Yakult Swallows defeated Hiroshima Toyo Carp 1-13 at Meiji Jingu Stadium behind winning pitcher 伊藤智.,2689web.com Archive (https://2689web.com/2000/SC/SC19.html)
593,NPB_2000_20000818_M_H,2000,Regular Season,Regular Season,Pacific League,Regular Season,,2000-08-18,Friday,18:00,Chiba Lotte Marines,千葉ロッテマリーンズ,Fukuoka Daiei Hawks,福岡ダイエーホークス,Fukuoka Dome,福岡ドーム,Fukuoka,8,5,13,3,Chiba Lotte Marines,Fukuoka Daiei Hawks,Away Win,8-5,9,No,Completed,,,,,,,,,,,星野,,,,,Chiba Lotte Marines defeated Fukuoka Daiei Hawks 8-5 at Fukuoka Dome.,2689web.com Archive (https://2689web.com/2000/HM/HM19.html)
594,NPB_2000_20000818_K_B,2000,Regular Season,Regular Season,Pacific League,Regular Season,,2000-08-18,Friday,18:00,Osaka Kintetsu Buffaloes,大阪近鉄バファローズ,ORIX BlueWave,オリックス・ブルーウェーブ,Green Stadium Kobe,グリーンスタジアム神戸,Kobe,3,13,16,10,ORIX BlueWave,Osaka Kintetsu Buffaloes,Home Win,3-13,9,No,Completed,,,,,,,,,,加藤,,,,,,ORIX BlueWave defeated Osaka Kintetsu Buffaloes 3-13 at Green Stadium Kobe behind winning pitcher 加藤.,2689web.com Archive (https://2689web.com/2000/BK/BK19.html)
595,NPB_2000_20000819_D_G,2000,Regular Season,Regular Season,Central League,Regular Season,,2000-08-19,Saturday,18:00,Chunichi Dragons,中日ドラゴンズ,Yomiuri Giants,読売ジャイアンツ,Tokyo Dome,東京ドーム,Tokyo,1,3,4,2,Yomiuri Giants,Chunichi Dragons,Home Win,1-3,9,No,Completed,,,,,,,,,,西山,,,,,,Yomiuri Giants defeated Chunichi Dragons 1-3 at Tokyo Dome behind winning pitcher 西山.,2689web.com Archive (https://2689web.com/2000/GD/GD21.html)
596,NPB_2000_20000819_T_Y,2000,Regular Season,Regular Season,Central League,Regular Season,,2000-08-19,Saturday,18:00,Hanshin Tigers,阪神タイガース,Yokohama BayStars,横浜ベイスターズ,Yokohama Stadium,横浜スタジアム,Yokohama,2,6,8,4,Yokohama BayStars,Hanshin Tigers,Home Win,2-6,9,No,Completed,,,,,,,,,,川村,,,,,,Yokohama BayStars defeated Hanshin Tigers 2-6 at Yokohama Stadium behind winning pitcher 川村.,2689web.com Archive (https://2689web.com/2000/YT/YT20.html)
597,NPB_2000_20000819_C_S,2000,Regular Season,Regular Season,Central League,Regular Season,,2000-08-19,Saturday,18:00,Hiroshima Toyo Carp,広島東洋カープ,Tokyo Yakult Swallows,東京ヤクルトスワローズ,Meiji Jingu Stadium,明治神宮野球場,Tokyo,0,12,12,12,Tokyo Yakult Swallows,Hiroshima Toyo Carp,Home Win,0-12,9,No,Completed,,,,,,,,,,石井一,,,,,,Tokyo Yakult Swallows defeated Hiroshima Toyo Carp 0-12 at Meiji Jingu Stadium behind winning pitcher 石井一.,2689web.com Archive (https://2689web.com/2000/SC/SC20.html)
598,NPB_2000_20000819_M_H,2000,Regular Season,Regular Season,Pacific League,Regular Season,,2000-08-19,Saturday,18:00,Chiba Lotte Marines,千葉ロッテマリーンズ,Fukuoka Daiei Hawks,福岡ダイエーホークス,Fukuoka Dome,福岡ドーム,Fukuoka,4,6,10,2,Fukuoka Daiei Hawks,Chiba Lotte Marines,Home Win,4-6,9,No,Completed,,,,,,,,,,田之上,,,,,,Fukuoka Daiei Hawks defeated Chiba Lotte Marines 4-6 at Fukuoka Dome behind winning pitcher 田之上.,2689web.com Archive (https://2689web.com/2000/HM/HM20.html)
599,NPB_2000_20000819_F_L,2000,Regular Season,Regular Season,Pacific League,Regular Season,,2000-08-19,Saturday,18:00,Nippon-Ham Fighters,日本ハムファイターズ,Seibu Lions,西武ライオンズ,Seibu Dome,西武ドーム,Tokorozawa,6,5,11,1,Nippon-Ham Fighters,Seibu Lions,Away Win,6-5,9,No,Completed,,,,,,,,,,,西口,,,,,Nippon-Ham Fighters defeated Seibu Lions 6-5 at Seibu Dome.,2689web.com Archive (https://2689web.com/2000/LF/LF20.html)
600,NPB_2000_20000819_K_B,2000,Regular Season,Regular Season,Pacific League,Regular Season,,2000-08-19,Saturday,18:00,Osaka Kintetsu Buffaloes,大阪近鉄バファローズ,ORIX BlueWave,オリックス・ブルーウェーブ,Green Stadium Kobe,グリーンスタジアム神戸,Kobe,5,0,5,5,Osaka Kintetsu Buffaloes,ORIX BlueWave,Away Win,5-0,9,No,Completed,,,,,,,,,,,水尾,,,,,Osaka Kintetsu Buffaloes defeated ORIX BlueWave 5-0 at Green Stadium Kobe.,2689web.com Archive (https://2689web.com/2000/BK/BK20.html)
601,NPB_2000_20000820_D_G,2000,Regular Season,Regular Season,Central League,Regular Season,,2000-08-20,Sunday,18:00,Chunichi Dragons,中日ドラゴンズ,Yomiuri Giants,読売ジャイアンツ,Tokyo Dome,東京ドーム,Tokyo,5,3,8,2,Chunichi Dragons,Yomiuri Giants,Away Win,5-3,9,No,Completed,,,,,,,,,,,上原,,,,,Chunichi Dragons defeated Yomiuri Giants 5-3 at Tokyo Dome.,2689web.com Archive (https://2689web.com/2000/GD/GD22.html)
602,NPB_2000_20000820_T_Y,2000,Regular Season,Regular Season,Central League,Regular Season,,2000-08-20,Sunday,18:00,Hanshin Tigers,阪神タイガース,Yokohama BayStars,横浜ベイスターズ,Yokohama Stadium,横浜スタジアム,Yokohama,2,4,6,2,Yokohama BayStars,Hanshin Tigers,Home Win,2-4,9,No,Completed,,,,,,,,,,三浦,,,,,,Yokohama BayStars defeated Hanshin Tigers 2-4 at Yokohama Stadium behind winning pitcher 三浦.,2689web.com Archive (https://2689web.com/2000/YT/YT21.html)
603,NPB_2000_20000820_C_S,2000,Regular Season,Regular Season,Central League,Regular Season,,2000-08-20,Sunday,18:00,Hiroshima Toyo Carp,広島東洋カープ,Tokyo Yakult Swallows,東京ヤクルトスワローズ,Meiji Jingu Stadium,明治神宮野球場,Tokyo,7,8,15,1,Tokyo Yakult Swallows,Hiroshima Toyo Carp,Home Win,7-8,9,No,Completed,,,,,,,,,,本間,,,,,,Tokyo Yakult Swallows defeated Hiroshima Toyo Carp 7-8 at Meiji Jingu Stadium behind winning pitcher 本間.,2689web.com Archive (https://2689web.com/2000/SC/SC21.html)
604,NPB_2000_20000820_M_H,2000,Regular Season,Regular Season,Pacific League,Regular Season,,2000-08-20,Sunday,18:00,Chiba Lotte Marines,千葉ロッテマリーンズ,Fukuoka Daiei Hawks,福岡ダイエーホークス,Fukuoka Dome,福岡ドーム,Fukuoka,6,5,11,1,Chiba Lotte Marines,Fukuoka Daiei Hawks,Away Win,6-5,9,No,Completed,,,,,,,,,,,篠原,,,,,Chiba Lotte Marines defeated Fukuoka Daiei Hawks 6-5 at Fukuoka Dome.,2689web.com Archive (https://2689web.com/2000/HM/HM21.html)
605,NPB_2000_20000820_F_L,2000,Regular Season,Regular Season,Pacific League,Regular Season,,2000-08-20,Sunday,18:00,Nippon-Ham Fighters,日本ハムファイターズ,Seibu Lions,西武ライオンズ,Seibu Dome,西武ドーム,Tokorozawa,3,7,10,4,Seibu Lions,Nippon-Ham Fighters,Home Win,3-7,9,No,Completed,,,,,,,,,,許,,,,,,Seibu Lions defeated Nippon-Ham Fighters 3-7 at Seibu Dome behind winning pitcher 許.,2689web.com Archive (https://2689web.com/2000/LF/LF21.html)
606,NPB_2000_20000820_K_B,2000,Regular Season,Regular Season,Pacific League,Regular Season,,2000-08-20,Sunday,18:00,Osaka Kintetsu Buffaloes,大阪近鉄バファローズ,ORIX BlueWave,オリックス・ブルーウェーブ,Green Stadium Kobe,グリーンスタジアム神戸,Kobe,3,1,4,2,Osaka Kintetsu Buffaloes,ORIX BlueWave,Away Win,3-1,9,No,Completed,,,,,,,,,,,杉本友,,,,,Osaka Kintetsu Buffaloes defeated ORIX BlueWave 3-1 at Green Stadium Kobe.,2689web.com Archive (https://2689web.com/2000/BK/BK21.html)
607,NPB_2000_20000822_C_G,2000,Regular Season,Regular Season,Central League,Regular Season,,2000-08-22,Tuesday,18:00,Hiroshima Toyo Carp,広島東洋カープ,Yomiuri Giants,読売ジャイアンツ,Tokyo Dome,東京ドーム,Tokyo,9,6,15,3,Hiroshima Toyo Carp,Yomiuri Giants,Away Win,9-6,9,No,Completed,,,,,,,,,,,高橋尚,,,,,Hiroshima Toyo Carp defeated Yomiuri Giants 9-6 at Tokyo Dome.,2689web.com Archive (https://2689web.com/2000/GC/GC20.html)
608,NPB_2000_20000822_Y_D,2000,Regular Season,Regular Season,Central League,Regular Season,,2000-08-22,Tuesday,18:00,Yokohama BayStars,横浜ベイスターズ,Chunichi Dragons,中日ドラゴンズ,Nagoya Dome,ナゴヤドーム,Nagoya,0,2,2,2,Chunichi Dragons,Yokohama BayStars,Home Win,0-2,9,No,Completed,,,,,,,,,,バンチ,,,,,,Chunichi Dragons defeated Yokohama BayStars 0-2 at Nagoya Dome behind winning pitcher バンチ.,2689web.com Archive (https://2689web.com/2000/DY/DY18.html)
609,NPB_2000_20000822_T_S,2000,Regular Season,Regular Season,Central League,Regular Season,,2000-08-22,Tuesday,18:00,Hanshin Tigers,阪神タイガース,Tokyo Yakult Swallows,東京ヤクルトスワローズ,Meiji Jingu Stadium,明治神宮野球場,Tokyo,4,7,11,3,Tokyo Yakult Swallows,Hanshin Tigers,Home Win,4-7,9,No,Completed,,,,,,,,,,レモン,,,,,,Tokyo Yakult Swallows defeated Hanshin Tigers 4-7 at Meiji Jingu Stadium behind winning pitcher レモン.,2689web.com Archive (https://2689web.com/2000/ST/ST17.html)
610,NPB_2000_20000822_L_H,2000,Regular Season,Regular Season,Pacific League,Regular Season,,2000-08-22,Tuesday,18:00,Seibu Lions,西武ライオンズ,Fukuoka Daiei Hawks,福岡ダイエーホークス,Fukuoka Dome,福岡ドーム,Fukuoka,3,2,5,1,Seibu Lions,Fukuoka Daiei Hawks,Away Win,3-2,9,No,Completed,,,,,,,,,,,星野,,,,,Seibu Lions defeated Fukuoka Daiei Hawks 3-2 at Fukuoka Dome.,2689web.com Archive (https://2689web.com/2000/HL/HL20.html)
611,NPB_2000_20000822_B_F,2000,Regular Season,Regular Season,Pacific League,Regular Season,,2000-08-22,Tuesday,18:00,ORIX BlueWave,オリックス・ブルーウェーブ,Nippon-Ham Fighters,日本ハムファイターズ,Tokyo Dome,東京ドーム,Tokyo,1,7,8,6,Nippon-Ham Fighters,ORIX BlueWave,Home Win,1-7,9,No,Completed,,,,,,,,,,関根,,,,,,Nippon-Ham Fighters defeated ORIX BlueWave 1-7 at Tokyo Dome behind winning pitcher 関根.,2689web.com Archive (https://2689web.com/2000/FB/FB20.html)
612,NPB_2000_20000822_K_M,2000,Regular Season,Regular Season,Pacific League,Regular Season,,2000-08-22,Tuesday,18:00,Osaka Kintetsu Buffaloes,大阪近鉄バファローズ,Chiba Lotte Marines,千葉ロッテマリーンズ,Chiba Marine Stadium,千葉マリンスタジアム,Chiba,5,6,11,1,Chiba Lotte Marines,Osaka Kintetsu Buffaloes,Home Win,5-6,9,No,Completed,,,,,,,,,,小林雅,,,,,,Chiba Lotte Marines defeated Osaka Kintetsu Buffaloes 5-6 at Chiba Marine Stadium behind winning pitcher 小林雅.,2689web.com Archive (https://2689web.com/2000/MK/MK20.html)
613,NPB_2000_20000823_C_G,2000,Regular Season,Regular Season,Central League,Regular Season,,2000-08-23,Wednesday,18:00,Hiroshima Toyo Carp,広島東洋カープ,Yomiuri Giants,読売ジャイアンツ,Tokyo Dome,東京ドーム,Tokyo,4,3,7,1,Hiroshima Toyo Carp,Yomiuri Giants,Away Win,4-3,9,No,Completed,,,,,,,,,,,桑田,,,,,Hiroshima Toyo Carp defeated Yomiuri Giants 4-3 at Tokyo Dome.,2689web.com Archive (https://2689web.com/2000/GC/GC21.html)
614,NPB_2000_20000823_Y_D,2000,Regular Season,Regular Season,Central League,Regular Season,,2000-08-23,Wednesday,18:00,Yokohama BayStars,横浜ベイスターズ,Chunichi Dragons,中日ドラゴンズ,Nagoya Dome,ナゴヤドーム,Nagoya,4,3,7,1,Yokohama BayStars,Chunichi Dragons,Away Win,4-3,9,No,Completed,,,,,,,,,,,ギャラード,,,,,Yokohama BayStars defeated Chunichi Dragons 4-3 at Nagoya Dome.,2689web.com Archive (https://2689web.com/2000/DY/DY19.html)
615,NPB_2000_20000823_T_S,2000,Regular Season,Regular Season,Central League,Regular Season,,2000-08-23,Wednesday,18:00,Hanshin Tigers,阪神タイガース,Tokyo Yakult Swallows,東京ヤクルトスワローズ,Meiji Jingu Stadium,明治神宮野球場,Tokyo,8,0,8,8,Hanshin Tigers,Tokyo Yakult Swallows,Away Win,8-0,9,No,Completed,,,,,,,,,,,高木,,,,,Hanshin Tigers defeated Tokyo Yakult Swallows 8-0 at Meiji Jingu Stadium.,2689web.com Archive (https://2689web.com/2000/ST/ST18.html)
616,NPB_2000_20000823_L_H,2000,Regular Season,Regular Season,Pacific League,Regular Season,,2000-08-23,Wednesday,18:00,Seibu Lions,西武ライオンズ,Fukuoka Daiei Hawks,福岡ダイエーホークス,Fukuoka Dome,福岡ドーム,Fukuoka,11,9,20,2,Seibu Lions,Fukuoka Daiei Hawks,Away Win,11-9,9,No,Completed,,,,,,,,,,,ペドラザ,,,,,Seibu Lions defeated Fukuoka Daiei Hawks 11-9 at Fukuoka Dome.,2689web.com Archive (https://2689web.com/2000/HL/HL21.html)
617,NPB_2000_20000823_B_F,2000,Regular Season,Regular Season,Pacific League,Regular Season,,2000-08-23,Wednesday,18:00,ORIX BlueWave,オリックス・ブルーウェーブ,Nippon-Ham Fighters,日本ハムファイターズ,Tokyo Dome,東京ドーム,Tokyo,2,4,6,2,Nippon-Ham Fighters,ORIX BlueWave,Home Win,2-4,9,No,Completed,,,,,,,,,,岩本,,,,,,Nippon-Ham Fighters defeated ORIX BlueWave 2-4 at Tokyo Dome behind winning pitcher 岩本.,2689web.com Archive (https://2689web.com/2000/FB/FB21.html)
618,NPB_2000_20000823_K_M,2000,Regular Season,Regular Season,Pacific League,Regular Season,,2000-08-23,Wednesday,18:00,Osaka Kintetsu Buffaloes,大阪近鉄バファローズ,Chiba Lotte Marines,千葉ロッテマリーンズ,Chiba Marine Stadium,千葉マリンスタジアム,Chiba,5,3,8,2,Osaka Kintetsu Buffaloes,Chiba Lotte Marines,Away Win,5-3,9,No,Completed,,,,,,,,,,,吉田,,,,,Osaka Kintetsu Buffaloes defeated Chiba Lotte Marines 5-3 at Chiba Marine Stadium.,2689web.com Archive (https://2689web.com/2000/MK/MK21.html)
619,NPB_2000_20000824_C_G,2000,Regular Season,Regular Season,Central League,Regular Season,,2000-08-24,Thursday,18:00,Hiroshima Toyo Carp,広島東洋カープ,Yomiuri Giants,読売ジャイアンツ,Tokyo Dome,東京ドーム,Tokyo,3,4,7,1,Yomiuri Giants,Hiroshima Toyo Carp,Home Win,3-4,9,No,Completed,,,,,,,,,,岡島,,,,,,Yomiuri Giants defeated Hiroshima Toyo Carp 3-4 at Tokyo Dome behind winning pitcher 岡島.,2689web.com Archive (https://2689web.com/2000/GC/GC22.html)
620,NPB_2000_20000824_Y_D,2000,Regular Season,Regular Season,Central League,Regular Season,,2000-08-24,Thursday,18:00,Yokohama BayStars,横浜ベイスターズ,Chunichi Dragons,中日ドラゴンズ,Nagoya Dome,ナゴヤドーム,Nagoya,2,1,3,1,Yokohama BayStars,Chunichi Dragons,Away Win,2-1,9,No,Completed,,,,,,,,,,,山本昌,,,,,Yokohama BayStars defeated Chunichi Dragons 2-1 at Nagoya Dome.,2689web.com Archive (https://2689web.com/2000/DY/DY20.html)
621,NPB_2000_20000824_T_S,2000,Regular Season,Regular Season,Central League,Regular Season,,2000-08-24,Thursday,18:00,Hanshin Tigers,阪神タイガース,Tokyo Yakult Swallows,東京ヤクルトスワローズ,Meiji Jingu Stadium,明治神宮野球場,Tokyo,5,4,9,1,Hanshin Tigers,Tokyo Yakult Swallows,Away Win,5-4,9,No,Completed,,,,,,,,,,,高橋一,,,,,Hanshin Tigers defeated Tokyo Yakult Swallows 5-4 at Meiji Jingu Stadium.,2689web.com Archive (https://2689web.com/2000/ST/ST19.html)
622,NPB_2000_20000824_L_H,2000,Regular Season,Regular Season,Pacific League,Regular Season,,2000-08-24,Thursday,18:00,Seibu Lions,西武ライオンズ,Fukuoka Daiei Hawks,福岡ダイエーホークス,Fukuoka Dome,福岡ドーム,Fukuoka,0,1,1,1,Fukuoka Daiei Hawks,Seibu Lions,Home Win,0-1,9,No,Completed,,,,,,,,,,若田部,,,,,,Fukuoka Daiei Hawks defeated Seibu Lions 0-1 at Fukuoka Dome behind winning pitcher 若田部.,2689web.com Archive (https://2689web.com/2000/HL/HL22.html)
623,NPB_2000_20000824_B_F,2000,Regular Season,Regular Season,Pacific League,Regular Season,,2000-08-24,Thursday,18:00,ORIX BlueWave,オリックス・ブルーウェーブ,Nippon-Ham Fighters,日本ハムファイターズ,Tokyo Dome,東京ドーム,Tokyo,3,10,13,7,Nippon-Ham Fighters,ORIX BlueWave,Home Win,3-10,9,No,Completed,,,,,,,,,,金村,,,,,,Nippon-Ham Fighters defeated ORIX BlueWave 3-10 at Tokyo Dome behind winning pitcher 金村.,2689web.com Archive (https://2689web.com/2000/FB/FB22.html)
624,NPB_2000_20000825_Y_G,2000,Regular Season,Regular Season,Central League,Regular Season,,2000-08-25,Friday,18:00,Yokohama BayStars,横浜ベイスターズ,Yomiuri Giants,読売ジャイアンツ,Tokyo Dome,東京ドーム,Tokyo,3,2,5,1,Yokohama BayStars,Yomiuri Giants,Away Win,3-2,9,No,Completed,,,,,,,,,,,桑田,,,,,Yokohama BayStars defeated Yomiuri Giants 3-2 at Tokyo Dome.,2689web.com Archive (https://2689web.com/2000/GY/GY22.html)
625,NPB_2000_20000825_S_D,2000,Regular Season,Regular Season,Central League,Regular Season,,2000-08-25,Friday,18:00,Tokyo Yakult Swallows,東京ヤクルトスワローズ,Chunichi Dragons,中日ドラゴンズ,Nagoya Dome,ナゴヤドーム,Nagoya,4,5,9,1,Chunichi Dragons,Tokyo Yakult Swallows,Home Win,4-5,9,No,Completed,,,,,,,,,,岩瀬,,,,,,Chunichi Dragons defeated Tokyo Yakult Swallows 4-5 at Nagoya Dome behind winning pitcher 岩瀬.,2689web.com Archive (https://2689web.com/2000/DS/DS20.html)
626,NPB_2000_20000825_T_C,2000,Regular Season,Regular Season,Central League,Regular Season,,2000-08-25,Friday,18:00,Hanshin Tigers,阪神タイガース,Hiroshima Toyo Carp,広島東洋カープ,Hiroshima Municipal Stadium,旧広島市民球場,Hiroshima,3,2,5,1,Hanshin Tigers,Hiroshima Toyo Carp,Away Win,3-2,9,No,Completed,,,,,,,,,,,高橋,,,,,Hanshin Tigers defeated Hiroshima Toyo Carp 3-2 at Hiroshima Municipal Stadium.,2689web.com Archive (https://2689web.com/2000/CT/CT23.html)
627,NPB_2000_20000825_K_L,2000,Regular Season,Regular Season,Pacific League,Regular Season,,2000-08-25,Friday,18:00,Osaka Kintetsu Buffaloes,大阪近鉄バファローズ,Seibu Lions,西武ライオンズ,Seibu Dome,西武ドーム,Tokorozawa,7,10,17,3,Seibu Lions,Osaka Kintetsu Buffaloes,Home Win,7-10,9,No,Completed,,,,,,,,,,西口,,,,,,Seibu Lions defeated Osaka Kintetsu Buffaloes 7-10 at Seibu Dome behind winning pitcher 西口.,2689web.com Archive (https://2689web.com/2000/LK/LK21.html)
628,NPB_2000_20000826_Y_G,2000,Regular Season,Regular Season,Central League,Regular Season,,2000-08-26,Saturday,18:00,Yokohama BayStars,横浜ベイスターズ,Yomiuri Giants,読売ジャイアンツ,Tokyo Dome,東京ドーム,Tokyo,12,9,21,3,Yokohama BayStars,Yomiuri Giants,Away Win,12-9,9,No,Completed,,,,,,,,,,,平松,,,,,Yokohama BayStars defeated Yomiuri Giants 12-9 at Tokyo Dome.,2689web.com Archive (https://2689web.com/2000/GY/GY23.html)
629,NPB_2000_20000826_S_D,2000,Regular Season,Regular Season,Central League,Regular Season,,2000-08-26,Saturday,18:00,Tokyo Yakult Swallows,東京ヤクルトスワローズ,Chunichi Dragons,中日ドラゴンズ,Nagoya Dome,ナゴヤドーム,Nagoya,5,8,13,3,Chunichi Dragons,Tokyo Yakult Swallows,Home Win,5-8,9,No,Completed,,,,,,,,,,前田,,,,,,Chunichi Dragons defeated Tokyo Yakult Swallows 5-8 at Nagoya Dome behind winning pitcher 前田.,2689web.com Archive (https://2689web.com/2000/DS/DS21.html)
630,NPB_2000_20000826_T_C,2000,Regular Season,Regular Season,Central League,Regular Season,,2000-08-26,Saturday,18:00,Hanshin Tigers,阪神タイガース,Hiroshima Toyo Carp,広島東洋カープ,Hiroshima Municipal Stadium,旧広島市民球場,Hiroshima,1,3,4,2,Hiroshima Toyo Carp,Hanshin Tigers,Home Win,1-3,9,No,Completed,,,,,,,,,,佐々岡,,,,,,Hiroshima Toyo Carp defeated Hanshin Tigers 1-3 at Hiroshima Municipal Stadium behind winning pitcher 佐々岡.,2689web.com Archive (https://2689web.com/2000/CT/CT24.html)
631,NPB_2000_20000826_F_H,2000,Regular Season,Regular Season,Pacific League,Regular Season,,2000-08-26,Saturday,18:00,Nippon-Ham Fighters,日本ハムファイターズ,Fukuoka Daiei Hawks,福岡ダイエーホークス,Fukuoka Dome,福岡ドーム,Fukuoka,15,0,15,15,Nippon-Ham Fighters,Fukuoka Daiei Hawks,Away Win,15-0,9,No,Completed,,,,,,,,,,,田之上,,,,,Nippon-Ham Fighters defeated Fukuoka Daiei Hawks 15-0 at Fukuoka Dome.,2689web.com Archive (https://2689web.com/2000/HF/HF22.html)
632,NPB_2000_20000826_K_L,2000,Regular Season,Regular Season,Pacific League,Regular Season,,2000-08-26,Saturday,18:00,Osaka Kintetsu Buffaloes,大阪近鉄バファローズ,Seibu Lions,西武ライオンズ,Seibu Dome,西武ドーム,Tokorozawa,8,4,12,4,Osaka Kintetsu Buffaloes,Seibu Lions,Away Win,8-4,9,No,Completed,,,,,,,,,,,許,,,,,Osaka Kintetsu Buffaloes defeated Seibu Lions 8-4 at Seibu Dome.,2689web.com Archive (https://2689web.com/2000/LK/LK22.html)
633,NPB_2000_20000826_M_B,2000,Regular Season,Regular Season,Pacific League,Regular Season,,2000-08-26,Saturday,18:00,Chiba Lotte Marines,千葉ロッテマリーンズ,ORIX BlueWave,オリックス・ブルーウェーブ,Green Stadium Kobe,グリーンスタジアム神戸,Kobe,1,0,1,1,Chiba Lotte Marines,ORIX BlueWave,Away Win,1-0,9,No,Completed,,,,,,,,,,,加藤,,,,,Chiba Lotte Marines defeated ORIX BlueWave 1-0 at Green Stadium Kobe.,2689web.com Archive (https://2689web.com/2000/BM/BM21.html)
634,NPB_2000_20000827_Y_G,2000,Regular Season,Regular Season,Central League,Regular Season,,2000-08-27,Sunday,18:00,Yokohama BayStars,横浜ベイスターズ,Yomiuri Giants,読売ジャイアンツ,Tokyo Dome,東京ドーム,Tokyo,10,1,11,9,Yokohama BayStars,Yomiuri Giants,Away Win,10-1,9,No,Completed,,,,,,,,,,,上原,,,,,Yokohama BayStars defeated Yomiuri Giants 10-1 at Tokyo Dome.,2689web.com Archive (https://2689web.com/2000/GY/GY24.html)
635,NPB_2000_20000827_S_D,2000,Regular Season,Regular Season,Central League,Regular Season,,2000-08-27,Sunday,18:00,Tokyo Yakult Swallows,東京ヤクルトスワローズ,Chunichi Dragons,中日ドラゴンズ,Nagoya Dome,ナゴヤドーム,Nagoya,16,1,17,15,Tokyo Yakult Swallows,Chunichi Dragons,Away Win,16-1,9,No,Completed,,,,,,,,,,,小山,,,,,Tokyo Yakult Swallows defeated Chunichi Dragons 16-1 at Nagoya Dome.,2689web.com Archive (https://2689web.com/2000/DS/DS22.html)
636,NPB_2000_20000827_T_C,2000,Regular Season,Regular Season,Central League,Regular Season,,2000-08-27,Sunday,18:00,Hanshin Tigers,阪神タイガース,Hiroshima Toyo Carp,広島東洋カープ,Hiroshima Municipal Stadium,旧広島市民球場,Hiroshima,4,2,6,2,Hanshin Tigers,Hiroshima Toyo Carp,Away Win,4-2,9,No,Completed,,,,,,,,,,,長谷川,,,,,Hanshin Tigers defeated Hiroshima Toyo Carp 4-2 at Hiroshima Municipal Stadium.,2689web.com Archive (https://2689web.com/2000/CT/CT25.html)
637,NPB_2000_20000827_F_H,2000,Regular Season,Regular Season,Pacific League,Regular Season,,2000-08-27,Sunday,18:00,Nippon-Ham Fighters,日本ハムファイターズ,Fukuoka Daiei Hawks,福岡ダイエーホークス,Fukuoka Dome,福岡ドーム,Fukuoka,7,5,12,2,Nippon-Ham Fighters,Fukuoka Daiei Hawks,Away Win,7-5,9,No,Completed,,,,,,,,,,,吉田,,,,,Nippon-Ham Fighters defeated Fukuoka Daiei Hawks 7-5 at Fukuoka Dome.,2689web.com Archive (https://2689web.com/2000/HF/HF23.html)
638,NPB_2000_20000827_K_L,2000,Regular Season,Regular Season,Pacific League,Regular Season,,2000-08-27,Sunday,18:00,Osaka Kintetsu Buffaloes,大阪近鉄バファローズ,Seibu Lions,西武ライオンズ,Seibu Dome,西武ドーム,Tokorozawa,1,0,1,1,Osaka Kintetsu Buffaloes,Seibu Lions,Away Win,1-0,9,No,Completed,,,,,,,,,,,土肥,,,,,Osaka Kintetsu Buffaloes defeated Seibu Lions 1-0 at Seibu Dome.,2689web.com Archive (https://2689web.com/2000/LK/LK23.html)
639,NPB_2000_20000827_M_B,2000,Regular Season,Regular Season,Pacific League,Regular Season,,2000-08-27,Sunday,18:00,Chiba Lotte Marines,千葉ロッテマリーンズ,ORIX BlueWave,オリックス・ブルーウェーブ,Green Stadium Kobe,グリーンスタジアム神戸,Kobe,2,2,4,0,Tie,Tie,Tie,2-2,9,No,Completed,,,,,,,,,,,,,,,,Chiba Lotte Marines and ORIX BlueWave played to a 2-2 tie at Green Stadium Kobe.,2689web.com Archive (https://2689web.com/2000/BM/BM22.html)
640,NPB_2000_20000828_F_H,2000,Regular Season,Regular Season,Pacific League,Regular Season,,2000-08-28,Monday,18:00,Nippon-Ham Fighters,日本ハムファイターズ,Fukuoka Daiei Hawks,福岡ダイエーホークス,Fukuoka Dome,福岡ドーム,Fukuoka,8,7,15,1,Nippon-Ham Fighters,Fukuoka Daiei Hawks,Away Win,8-7,9,No,Completed,,,,,,,,,,,篠原,,,,,Nippon-Ham Fighters defeated Fukuoka Daiei Hawks 8-7 at Fukuoka Dome.,2689web.com Archive (https://2689web.com/2000/HF/HF24.html)
641,NPB_2000_20000829_T_G,2000,Regular Season,Regular Season,Central League,Regular Season,,2000-08-29,Tuesday,18:00,Hanshin Tigers,阪神タイガース,Yomiuri Giants,読売ジャイアンツ,Tokyo Dome,東京ドーム,Tokyo,3,1,4,2,Hanshin Tigers,Yomiuri Giants,Away Win,3-1,9,No,Completed,,,,,,,,,,,岡島,,,,,Hanshin Tigers defeated Yomiuri Giants 3-1 at Tokyo Dome.,2689web.com Archive (https://2689web.com/2000/GT/GT23.html)
642,NPB_2000_20000829_C_D,2000,Regular Season,Regular Season,Central League,Regular Season,,2000-08-29,Tuesday,18:00,Hiroshima Toyo Carp,広島東洋カープ,Chunichi Dragons,中日ドラゴンズ,Nagoya Dome,ナゴヤドーム,Nagoya,5,4,9,1,Hiroshima Toyo Carp,Chunichi Dragons,Away Win,5-4,9,No,Completed,,,,,,,,,,,中山,,,,,Hiroshima Toyo Carp defeated Chunichi Dragons 5-4 at Nagoya Dome.,2689web.com Archive (https://2689web.com/2000/DC/DC20.html)
643,NPB_2000_20000829_S_Y,2000,Regular Season,Regular Season,Central League,Regular Season,,2000-08-29,Tuesday,18:00,Tokyo Yakult Swallows,東京ヤクルトスワローズ,Yokohama BayStars,横浜ベイスターズ,Yokohama Stadium,横浜スタジアム,Yokohama,2,3,5,1,Yokohama BayStars,Tokyo Yakult Swallows,Home Win,2-3,9,No,Completed,,,,,,,,,,森中,,,,,,Yokohama BayStars defeated Tokyo Yakult Swallows 2-3 at Yokohama Stadium behind winning pitcher 森中.,2689web.com Archive (https://2689web.com/2000/YS/YS20.html)
644,NPB_2000_20000829_M_H,2000,Regular Season,Regular Season,Pacific League,Regular Season,,2000-08-29,Tuesday,18:00,Chiba Lotte Marines,千葉ロッテマリーンズ,Fukuoka Daiei Hawks,福岡ダイエーホークス,Fukuoka Dome,福岡ドーム,Fukuoka,11,3,14,8,Chiba Lotte Marines,Fukuoka Daiei Hawks,Away Win,11-3,9,No,Completed,,,,,,,,,,,永井,,,,,Chiba Lotte Marines defeated Fukuoka Daiei Hawks 11-3 at Fukuoka Dome.,2689web.com Archive (https://2689web.com/2000/HM/HM22.html)
645,NPB_2000_20000829_B_L,2000,Regular Season,Regular Season,Pacific League,Regular Season,,2000-08-29,Tuesday,18:00,ORIX BlueWave,オリックス・ブルーウェーブ,Seibu Lions,西武ライオンズ,Seibu Dome,西武ドーム,Tokorozawa,9,9,18,0,Tie,Tie,Tie,9-9,9,No,Completed,,,,,,,,,,,,,,,,ORIX BlueWave and Seibu Lions played to a 9-9 tie at Seibu Dome.,2689web.com Archive (https://2689web.com/2000/LB/LB20.html)
646,NPB_2000_20000829_K_F,2000,Regular Season,Regular Season,Pacific League,Regular Season,,2000-08-29,Tuesday,18:00,Osaka Kintetsu Buffaloes,大阪近鉄バファローズ,Nippon-Ham Fighters,日本ハムファイターズ,Tokyo Dome,東京ドーム,Tokyo,7,6,13,1,Osaka Kintetsu Buffaloes,Nippon-Ham Fighters,Away Win,7-6,9,No,Completed,,,,,,,,,,,岩本,,,,,Osaka Kintetsu Buffaloes defeated Nippon-Ham Fighters 7-6 at Tokyo Dome.,2689web.com Archive (https://2689web.com/2000/FK/FK22.html)
647,NPB_2000_20000830_T_G,2000,Regular Season,Regular Season,Central League,Regular Season,,2000-08-30,Wednesday,18:00,Hanshin Tigers,阪神タイガース,Yomiuri Giants,読売ジャイアンツ,Tokyo Dome,東京ドーム,Tokyo,2,5,7,3,Yomiuri Giants,Hanshin Tigers,Home Win,2-5,9,No,Completed,,,,,,,,,,メイ,,,,,,Yomiuri Giants defeated Hanshin Tigers 2-5 at Tokyo Dome behind winning pitcher メイ.,2689web.com Archive (https://2689web.com/2000/GT/GT24.html)
648,NPB_2000_20000830_C_D,2000,Regular Season,Regular Season,Central League,Regular Season,,2000-08-30,Wednesday,18:00,Hiroshima Toyo Carp,広島東洋カープ,Chunichi Dragons,中日ドラゴンズ,Nagoya Dome,ナゴヤドーム,Nagoya,0,4,4,4,Chunichi Dragons,Hiroshima Toyo Carp,Home Win,0-4,9,No,Completed,,,,,,,,,,山本昌,,,,,,Chunichi Dragons defeated Hiroshima Toyo Carp 0-4 at Nagoya Dome behind winning pitcher 山本昌.,2689web.com Archive (https://2689web.com/2000/DC/DC21.html)
649,NPB_2000_20000830_S_Y,2000,Regular Season,Regular Season,Central League,Regular Season,,2000-08-30,Wednesday,18:00,Tokyo Yakult Swallows,東京ヤクルトスワローズ,Yokohama BayStars,横浜ベイスターズ,Yokohama Stadium,横浜スタジアム,Yokohama,7,2,9,5,Tokyo Yakult Swallows,Yokohama BayStars,Away Win,7-2,9,No,Completed,,,,,,,,,,,福盛,,,,,Tokyo Yakult Swallows defeated Yokohama BayStars 7-2 at Yokohama Stadium.,2689web.com Archive (https://2689web.com/2000/YS/YS21.html)
650,NPB_2000_20000830_M_H,2000,Regular Season,Regular Season,Pacific League,Regular Season,,2000-08-30,Wednesday,18:00,Chiba Lotte Marines,千葉ロッテマリーンズ,Fukuoka Daiei Hawks,福岡ダイエーホークス,Fukuoka Dome,福岡ドーム,Fukuoka,4,1,5,3,Chiba Lotte Marines,Fukuoka Daiei Hawks,Away Win,4-1,9,No,Completed,,,,,,,,,,,星野,,,,,Chiba Lotte Marines defeated Fukuoka Daiei Hawks 4-1 at Fukuoka Dome.,2689web.com Archive (https://2689web.com/2000/HM/HM23.html)
651,NPB_2000_20000830_B_L,2000,Regular Season,Regular Season,Pacific League,Regular Season,,2000-08-30,Wednesday,18:00,ORIX BlueWave,オリックス・ブルーウェーブ,Seibu Lions,西武ライオンズ,Seibu Dome,西武ドーム,Tokorozawa,0,8,8,8,Seibu Lions,ORIX BlueWave,Home Win,0-8,9,No,Completed,,,,,,,,,,石井,,,,,,Seibu Lions defeated ORIX BlueWave 0-8 at Seibu Dome behind winning pitcher 石井.,2689web.com Archive (https://2689web.com/2000/LB/LB21.html)
652,NPB_2000_20000830_K_F,2000,Regular Season,Regular Season,Pacific League,Regular Season,,2000-08-30,Wednesday,18:00,Osaka Kintetsu Buffaloes,大阪近鉄バファローズ,Nippon-Ham Fighters,日本ハムファイターズ,Tokyo Dome,東京ドーム,Tokyo,6,15,21,9,Nippon-Ham Fighters,Osaka Kintetsu Buffaloes,Home Win,6-15,9,No,Completed,,,,,,,,,,立石,,,,,,Nippon-Ham Fighters defeated Osaka Kintetsu Buffaloes 6-15 at Tokyo Dome behind winning pitcher 立石.,2689web.com Archive (https://2689web.com/2000/FK/FK23.html)
653,NPB_2000_20000831_T_G,2000,Regular Season,Regular Season,Central League,Regular Season,,2000-08-31,Thursday,18:00,Hanshin Tigers,阪神タイガース,Yomiuri Giants,読売ジャイアンツ,Tokyo Dome,東京ドーム,Tokyo,1,15,16,14,Yomiuri Giants,Hanshin Tigers,Home Win,1-15,9,No,Completed,,,,,,,,,,斎藤雅,,,,,,Yomiuri Giants defeated Hanshin Tigers 1-15 at Tokyo Dome behind winning pitcher 斎藤雅.,2689web.com Archive (https://2689web.com/2000/GT/GT25.html)
654,NPB_2000_20000831_C_D,2000,Regular Season,Regular Season,Central League,Regular Season,,2000-08-31,Thursday,18:00,Hiroshima Toyo Carp,広島東洋カープ,Chunichi Dragons,中日ドラゴンズ,Nagoya Dome,ナゴヤドーム,Nagoya,11,3,14,8,Hiroshima Toyo Carp,Chunichi Dragons,Away Win,11-3,9,No,Completed,,,,,,,,,,,小山,,,,,Hiroshima Toyo Carp defeated Chunichi Dragons 11-3 at Nagoya Dome.,2689web.com Archive (https://2689web.com/2000/DC/DC22.html)
655,NPB_2000_20000831_B_L,2000,Regular Season,Regular Season,Pacific League,Regular Season,,2000-08-31,Thursday,18:00,ORIX BlueWave,オリックス・ブルーウェーブ,Seibu Lions,西武ライオンズ,Seibu Dome,西武ドーム,Tokorozawa,12,5,17,7,ORIX BlueWave,Seibu Lions,Away Win,12-5,9,No,Completed,,,,,,,,,,,許,,,,,ORIX BlueWave defeated Seibu Lions 12-5 at Seibu Dome.,2689web.com Archive (https://2689web.com/2000/LB/LB22.html)
656,NPB_2000_20000831_K_F,2000,Regular Season,Regular Season,Pacific League,Regular Season,,2000-08-31,Thursday,18:00,Osaka Kintetsu Buffaloes,大阪近鉄バファローズ,Nippon-Ham Fighters,日本ハムファイターズ,Tokyo Dome,東京ドーム,Tokyo,6,12,18,6,Nippon-Ham Fighters,Osaka Kintetsu Buffaloes,Home Win,6-12,9,No,Completed,,,,,,,,,,関根,,,,,,Nippon-Ham Fighters defeated Osaka Kintetsu Buffaloes 6-12 at Tokyo Dome behind winning pitcher 関根.,2689web.com Archive (https://2689web.com/2000/FK/FK24.html)
657,NPB_2000_20000901_D_G,2000,Regular Season,Regular Season,Central League,Regular Season,,2000-09-01,Friday,18:00,Chunichi Dragons,中日ドラゴンズ,Yomiuri Giants,読売ジャイアンツ,Tokyo Dome,東京ドーム,Tokyo,6,14,20,8,Yomiuri Giants,Chunichi Dragons,Home Win,6-14,9,No,Completed,,,,,,,,,,工藤,,,,,,Yomiuri Giants defeated Chunichi Dragons 6-14 at Tokyo Dome behind winning pitcher 工藤.,2689web.com Archive (https://2689web.com/2000/GD/GD23.html)
658,NPB_2000_20000901_T_Y,2000,Regular Season,Regular Season,Central League,Regular Season,,2000-09-01,Friday,18:00,Hanshin Tigers,阪神タイガース,Yokohama BayStars,横浜ベイスターズ,Yokohama Stadium,横浜スタジアム,Yokohama,0,7,7,7,Yokohama BayStars,Hanshin Tigers,Home Win,0-7,9,No,Completed,,,,,,,,,,阿波野,,,,,,Yokohama BayStars defeated Hanshin Tigers 0-7 at Yokohama Stadium behind winning pitcher 阿波野.,2689web.com Archive (https://2689web.com/2000/YT/YT22.html)
659,NPB_2000_20000901_B_H,2000,Regular Season,Regular Season,Pacific League,Regular Season,,2000-09-01,Friday,18:00,ORIX BlueWave,オリックス・ブルーウェーブ,Fukuoka Daiei Hawks,福岡ダイエーホークス,Fukuoka Dome,福岡ドーム,Fukuoka,2,3,5,1,Fukuoka Daiei Hawks,ORIX BlueWave,Home Win,2-3,9,No,Completed,,,,,,,,,,ラジオ,,,,,,Fukuoka Daiei Hawks defeated ORIX BlueWave 2-3 at Fukuoka Dome behind winning pitcher ラジオ.,2689web.com Archive (https://2689web.com/2000/HB/HB21.html)
660,NPB_2000_20000901_K_L,2000,Regular Season,Regular Season,Pacific League,Regular Season,,2000-09-01,Friday,18:00,Osaka Kintetsu Buffaloes,大阪近鉄バファローズ,Seibu Lions,西武ライオンズ,Seibu Dome,西武ドーム,Tokorozawa,5,4,9,1,Osaka Kintetsu Buffaloes,Seibu Lions,Away Win,5-4,9,No,Completed,,,,,,,,,,,森,,,,,Osaka Kintetsu Buffaloes defeated Seibu Lions 5-4 at Seibu Dome.,2689web.com Archive (https://2689web.com/2000/LK/LK24.html)
661,NPB_2000_20000902_D_G,2000,Regular Season,Regular Season,Central League,Regular Season,,2000-09-02,Saturday,18:00,Chunichi Dragons,中日ドラゴンズ,Yomiuri Giants,読売ジャイアンツ,Tokyo Dome,東京ドーム,Tokyo,0,5,5,5,Yomiuri Giants,Chunichi Dragons,Home Win,0-5,9,No,Completed,,,,,,,,,,平松,,,,,,Yomiuri Giants defeated Chunichi Dragons 0-5 at Tokyo Dome behind winning pitcher 平松.,2689web.com Archive (https://2689web.com/2000/GD/GD24.html)
662,NPB_2000_20000902_T_Y,2000,Regular Season,Regular Season,Central League,Regular Season,,2000-09-02,Saturday,18:00,Hanshin Tigers,阪神タイガース,Yokohama BayStars,横浜ベイスターズ,Yokohama Stadium,横浜スタジアム,Yokohama,1,4,5,3,Yokohama BayStars,Hanshin Tigers,Home Win,1-4,9,No,Completed,,,,,,,,,,細見,,,,,,Yokohama BayStars defeated Hanshin Tigers 1-4 at Yokohama Stadium behind winning pitcher 細見.,2689web.com Archive (https://2689web.com/2000/YT/YT23.html)
663,NPB_2000_20000902_C_S,2000,Regular Season,Regular Season,Central League,Regular Season,,2000-09-02,Saturday,18:00,Hiroshima Toyo Carp,広島東洋カープ,Tokyo Yakult Swallows,東京ヤクルトスワローズ,Meiji Jingu Stadium,明治神宮野球場,Tokyo,1,10,11,9,Tokyo Yakult Swallows,Hiroshima Toyo Carp,Home Win,1-10,9,No,Completed,,,,,,,,,,石井一,,,,,,Tokyo Yakult Swallows defeated Hiroshima Toyo Carp 1-10 at Meiji Jingu Stadium behind winning pitcher 石井一.,2689web.com Archive (https://2689web.com/2000/SC/SC22.html)
664,NPB_2000_20000902_B_H,2000,Regular Season,Regular Season,Pacific League,Regular Season,,2000-09-02,Saturday,18:00,ORIX BlueWave,オリックス・ブルーウェーブ,Fukuoka Daiei Hawks,福岡ダイエーホークス,Fukuoka Dome,福岡ドーム,Fukuoka,4,5,9,1,Fukuoka Daiei Hawks,ORIX BlueWave,Home Win,4-5,9,No,Completed,,,,,,,,,,ペドラザ,,,,,,Fukuoka Daiei Hawks defeated ORIX BlueWave 4-5 at Fukuoka Dome behind winning pitcher ペドラザ.,2689web.com Archive (https://2689web.com/2000/HB/HB22.html)
665,NPB_2000_20000902_K_L,2000,Regular Season,Regular Season,Pacific League,Regular Season,,2000-09-02,Saturday,18:00,Osaka Kintetsu Buffaloes,大阪近鉄バファローズ,Seibu Lions,西武ライオンズ,Seibu Dome,西武ドーム,Tokorozawa,12,2,14,10,Osaka Kintetsu Buffaloes,Seibu Lions,Away Win,12-2,9,No,Completed,,,,,,,,,,,豊田,,,,,Osaka Kintetsu Buffaloes defeated Seibu Lions 12-2 at Seibu Dome.,2689web.com Archive (https://2689web.com/2000/LK/LK25.html)
666,NPB_2000_20000902_M_F,2000,Regular Season,Regular Season,Pacific League,Regular Season,,2000-09-02,Saturday,18:00,Chiba Lotte Marines,千葉ロッテマリーンズ,Nippon-Ham Fighters,日本ハムファイターズ,Tokyo Dome,東京ドーム,Tokyo,6,4,10,2,Chiba Lotte Marines,Nippon-Ham Fighters,Away Win,6-4,9,No,Completed,,,,,,,,,,,清水,,,,,Chiba Lotte Marines defeated Nippon-Ham Fighters 6-4 at Tokyo Dome.,2689web.com Archive (https://2689web.com/2000/FM/FM22.html)
667,NPB_2000_20000903_D_G,2000,Regular Season,Regular Season,Central League,Regular Season,,2000-09-03,Sunday,18:00,Chunichi Dragons,中日ドラゴンズ,Yomiuri Giants,読売ジャイアンツ,Tokyo Dome,東京ドーム,Tokyo,1,10,11,9,Yomiuri Giants,Chunichi Dragons,Home Win,1-10,9,No,Completed,,,,,,,,,,上原,,,,,,Yomiuri Giants defeated Chunichi Dragons 1-10 at Tokyo Dome behind winning pitcher 上原.,2689web.com Archive (https://2689web.com/2000/GD/GD25.html)
668,NPB_2000_20000903_T_Y,2000,Regular Season,Regular Season,Central League,Regular Season,,2000-09-03,Sunday,18:00,Hanshin Tigers,阪神タイガース,Yokohama BayStars,横浜ベイスターズ,Yokohama Stadium,横浜スタジアム,Yokohama,4,2,6,2,Hanshin Tigers,Yokohama BayStars,Away Win,4-2,9,No,Completed,,,,,,,,,,,三浦,,,,,Hanshin Tigers defeated Yokohama BayStars 4-2 at Yokohama Stadium.,2689web.com Archive (https://2689web.com/2000/YT/YT24.html)
669,NPB_2000_20000903_C_S,2000,Regular Season,Regular Season,Central League,Regular Season,,2000-09-03,Sunday,18:00,Hiroshima Toyo Carp,広島東洋カープ,Tokyo Yakult Swallows,東京ヤクルトスワローズ,Meiji Jingu Stadium,明治神宮野球場,Tokyo,6,12,18,6,Tokyo Yakult Swallows,Hiroshima Toyo Carp,Home Win,6-12,9,No,Completed,,,,,,,,,,石井弘,,,,,,Tokyo Yakult Swallows defeated Hiroshima Toyo Carp 6-12 at Meiji Jingu Stadium behind winning pitcher 石井弘.,2689web.com Archive (https://2689web.com/2000/SC/SC23.html)
670,NPB_2000_20000903_B_H,2000,Regular Season,Regular Season,Pacific League,Regular Season,,2000-09-03,Sunday,18:00,ORIX BlueWave,オリックス・ブルーウェーブ,Fukuoka Daiei Hawks,福岡ダイエーホークス,Fukuoka Dome,福岡ドーム,Fukuoka,5,11,16,6,Fukuoka Daiei Hawks,ORIX BlueWave,Home Win,5-11,9,No,Completed,,,,,,,,,,斉藤和,,,,,,Fukuoka Daiei Hawks defeated ORIX BlueWave 5-11 at Fukuoka Dome behind winning pitcher 斉藤和.,2689web.com Archive (https://2689web.com/2000/HB/HB23.html)
671,NPB_2000_20000903_K_L,2000,Regular Season,Regular Season,Pacific League,Regular Season,,2000-09-03,Sunday,18:00,Osaka Kintetsu Buffaloes,大阪近鉄バファローズ,Seibu Lions,西武ライオンズ,Seibu Dome,西武ドーム,Tokorozawa,8,3,11,5,Osaka Kintetsu Buffaloes,Seibu Lions,Away Win,8-3,9,No,Completed,,,,,,,,,,,松坂,,,,,Osaka Kintetsu Buffaloes defeated Seibu Lions 8-3 at Seibu Dome.,2689web.com Archive (https://2689web.com/2000/LK/LK26.html)
672,NPB_2000_20000903_M_F,2000,Regular Season,Regular Season,Pacific League,Regular Season,,2000-09-03,Sunday,18:00,Chiba Lotte Marines,千葉ロッテマリーンズ,Nippon-Ham Fighters,日本ハムファイターズ,Tokyo Dome,東京ドーム,Tokyo,5,8,13,3,Nippon-Ham Fighters,Chiba Lotte Marines,Home Win,5-8,9,No,Completed,,,,,,,,,,立石,,,,,,Nippon-Ham Fighters defeated Chiba Lotte Marines 5-8 at Tokyo Dome behind winning pitcher 立石.,2689web.com Archive (https://2689web.com/2000/FM/FM23.html)
673,NPB_2000_20000905_C_G,2000,Regular Season,Regular Season,Central League,Regular Season,,2000-09-05,Tuesday,18:00,Hiroshima Toyo Carp,広島東洋カープ,Yomiuri Giants,読売ジャイアンツ,Tokyo Dome,東京ドーム,Tokyo,3,4,7,1,Yomiuri Giants,Hiroshima Toyo Carp,Home Win,3-4,9,No,Completed,,,,,,,,,,岡島,,,,,,Yomiuri Giants defeated Hiroshima Toyo Carp 3-4 at Tokyo Dome behind winning pitcher 岡島.,2689web.com Archive (https://2689web.com/2000/GC/GC23.html)
674,NPB_2000_20000905_Y_D,2000,Regular Season,Regular Season,Central League,Regular Season,,2000-09-05,Tuesday,18:00,Yokohama BayStars,横浜ベイスターズ,Chunichi Dragons,中日ドラゴンズ,Nagoya Dome,ナゴヤドーム,Nagoya,1,3,4,2,Chunichi Dragons,Yokohama BayStars,Home Win,1-3,9,No,Completed,,,,,,,,,,山本昌,,,,,,Chunichi Dragons defeated Yokohama BayStars 1-3 at Nagoya Dome behind winning pitcher 山本昌.,2689web.com Archive (https://2689web.com/2000/DY/DY21.html)
675,NPB_2000_20000905_F_H,2000,Regular Season,Regular Season,Pacific League,Regular Season,,2000-09-05,Tuesday,18:00,Nippon-Ham Fighters,日本ハムファイターズ,Fukuoka Daiei Hawks,福岡ダイエーホークス,Fukuoka Dome,福岡ドーム,Fukuoka,4,5,9,1,Fukuoka Daiei Hawks,Nippon-Ham Fighters,Home Win,4-5,9,No,Completed,,,,,,,,,,渡辺正,,,,,,Fukuoka Daiei Hawks defeated Nippon-Ham Fighters 4-5 at Fukuoka Dome behind winning pitcher 渡辺正.,2689web.com Archive (https://2689web.com/2000/HF/HF25.html)
676,NPB_2000_20000905_K_B,2000,Regular Season,Regular Season,Pacific League,Regular Season,,2000-09-05,Tuesday,18:00,Osaka Kintetsu Buffaloes,大阪近鉄バファローズ,ORIX BlueWave,オリックス・ブルーウェーブ,Green Stadium Kobe,グリーンスタジアム神戸,Kobe,21,3,24,18,Osaka Kintetsu Buffaloes,ORIX BlueWave,Away Win,21-3,9,No,Completed,,,,,,,,,,,嘉勢,,,,,Osaka Kintetsu Buffaloes defeated ORIX BlueWave 21-3 at Green Stadium Kobe.,2689web.com Archive (https://2689web.com/2000/BK/BK22.html)
677,NPB_2000_20000906_C_G,2000,Regular Season,Regular Season,Central League,Regular Season,,2000-09-06,Wednesday,18:00,Hiroshima Toyo Carp,広島東洋カープ,Yomiuri Giants,読売ジャイアンツ,Tokyo Dome,東京ドーム,Tokyo,3,5,8,2,Yomiuri Giants,Hiroshima Toyo Carp,Home Win,3-5,9,No,Completed,,,,,,,,,,南,,,,,,Yomiuri Giants defeated Hiroshima Toyo Carp 3-5 at Tokyo Dome behind winning pitcher 南.,2689web.com Archive (https://2689web.com/2000/GC/GC24.html)
678,NPB_2000_20000906_Y_D,2000,Regular Season,Regular Season,Central League,Regular Season,,2000-09-06,Wednesday,18:00,Yokohama BayStars,横浜ベイスターズ,Chunichi Dragons,中日ドラゴンズ,Nagoya Dome,ナゴヤドーム,Nagoya,0,2,2,2,Chunichi Dragons,Yokohama BayStars,Home Win,0-2,9,No,Completed,,,,,,,,,,野口,,,,,,Chunichi Dragons defeated Yokohama BayStars 0-2 at Nagoya Dome behind winning pitcher 野口.,2689web.com Archive (https://2689web.com/2000/DY/DY22.html)
679,NPB_2000_20000906_T_S,2000,Regular Season,Regular Season,Central League,Regular Season,,2000-09-06,Wednesday,18:00,Hanshin Tigers,阪神タイガース,Tokyo Yakult Swallows,東京ヤクルトスワローズ,Meiji Jingu Stadium,明治神宮野球場,Tokyo,2,3,5,1,Tokyo Yakult Swallows,Hanshin Tigers,Home Win,2-3,9,No,Completed,,,,,,,,,,伊藤智,,,,,,Tokyo Yakult Swallows defeated Hanshin Tigers 2-3 at Meiji Jingu Stadium behind winning pitcher 伊藤智.,2689web.com Archive (https://2689web.com/2000/ST/ST20.html)
680,NPB_2000_20000906_F_H,2000,Regular Season,Regular Season,Pacific League,Regular Season,,2000-09-06,Wednesday,18:00,Nippon-Ham Fighters,日本ハムファイターズ,Fukuoka Daiei Hawks,福岡ダイエーホークス,Fukuoka Dome,福岡ドーム,Fukuoka,7,11,18,4,Fukuoka Daiei Hawks,Nippon-Ham Fighters,Home Win,7-11,9,No,Completed,,,,,,,,,,渡辺正,,,,,,Fukuoka Daiei Hawks defeated Nippon-Ham Fighters 7-11 at Fukuoka Dome behind winning pitcher 渡辺正.,2689web.com Archive (https://2689web.com/2000/HF/HF26.html)
681,NPB_2000_20000906_M_L,2000,Regular Season,Regular Season,Pacific League,Regular Season,,2000-09-06,Wednesday,18:00,Chiba Lotte Marines,千葉ロッテマリーンズ,Seibu Lions,西武ライオンズ,Seibu Dome,西武ドーム,Tokorozawa,2,2,4,0,Tie,Tie,Tie,2-2,9,No,Completed,,,,,,,,,,,,,,,,Chiba Lotte Marines and Seibu Lions played to a 2-2 tie at Seibu Dome.,2689web.com Archive (https://2689web.com/2000/LM/LM23.html)
682,NPB_2000_20000906_K_B,2000,Regular Season,Regular Season,Pacific League,Regular Season,,2000-09-06,Wednesday,18:00,Osaka Kintetsu Buffaloes,大阪近鉄バファローズ,ORIX BlueWave,オリックス・ブルーウェーブ,Green Stadium Kobe,グリーンスタジアム神戸,Kobe,3,1,4,2,Osaka Kintetsu Buffaloes,ORIX BlueWave,Away Win,3-1,9,No,Completed,,,,,,,,,,,ブロウズ,,,,,Osaka Kintetsu Buffaloes defeated ORIX BlueWave 3-1 at Green Stadium Kobe.,2689web.com Archive (https://2689web.com/2000/BK/BK23.html)
683,NPB_2000_20000907_Y_D,2000,Regular Season,Regular Season,Central League,Regular Season,,2000-09-07,Thursday,18:00,Yokohama BayStars,横浜ベイスターズ,Chunichi Dragons,中日ドラゴンズ,Nagoya Dome,ナゴヤドーム,Nagoya,6,2,8,4,Yokohama BayStars,Chunichi Dragons,Away Win,6-2,9,No,Completed,,,,,,,,,,,前田,,,,,Yokohama BayStars defeated Chunichi Dragons 6-2 at Nagoya Dome.,2689web.com Archive (https://2689web.com/2000/DY/DY23.html)
684,NPB_2000_20000907_T_S,2000,Regular Season,Regular Season,Central League,Regular Season,,2000-09-07,Thursday,18:00,Hanshin Tigers,阪神タイガース,Tokyo Yakult Swallows,東京ヤクルトスワローズ,Meiji Jingu Stadium,明治神宮野球場,Tokyo,2,7,9,5,Tokyo Yakult Swallows,Hanshin Tigers,Home Win,2-7,9,No,Completed,,,,,,,,,,本間,,,,,,Tokyo Yakult Swallows defeated Hanshin Tigers 2-7 at Meiji Jingu Stadium behind winning pitcher 本間.,2689web.com Archive (https://2689web.com/2000/ST/ST21.html)
685,NPB_2000_20000907_M_L,2000,Regular Season,Regular Season,Pacific League,Regular Season,,2000-09-07,Thursday,18:00,Chiba Lotte Marines,千葉ロッテマリーンズ,Seibu Lions,西武ライオンズ,Seibu Dome,西武ドーム,Tokorozawa,6,2,8,4,Chiba Lotte Marines,Seibu Lions,Away Win,6-2,9,No,Completed,,,,,,,,,,,許,,,,,Chiba Lotte Marines defeated Seibu Lions 6-2 at Seibu Dome.,2689web.com Archive (https://2689web.com/2000/LM/LM24.html)
686,NPB_2000_20000907_K_B,2000,Regular Season,Regular Season,Pacific League,Regular Season,,2000-09-07,Thursday,18:00,Osaka Kintetsu Buffaloes,大阪近鉄バファローズ,ORIX BlueWave,オリックス・ブルーウェーブ,Green Stadium Kobe,グリーンスタジアム神戸,Kobe,10,6,16,4,Osaka Kintetsu Buffaloes,ORIX BlueWave,Away Win,10-6,9,No,Completed,,,,,,,,,,,加藤,,,,,Osaka Kintetsu Buffaloes defeated ORIX BlueWave 10-6 at Green Stadium Kobe.,2689web.com Archive (https://2689web.com/2000/BK/BK24.html)
687,NPB_2000_20000908_S_G,2000,Regular Season,Regular Season,Central League,Regular Season,,2000-09-08,Friday,18:00,Tokyo Yakult Swallows,東京ヤクルトスワローズ,Yomiuri Giants,読売ジャイアンツ,Tokyo Dome,東京ドーム,Tokyo,3,2,5,1,Tokyo Yakult Swallows,Yomiuri Giants,Away Win,3-2,9,No,Completed,,,,,,,,,,,工藤,,,,,Tokyo Yakult Swallows defeated Yomiuri Giants 3-2 at Tokyo Dome.,2689web.com Archive (https://2689web.com/2000/GS/GS21.html)
688,NPB_2000_20000908_C_Y,2000,Regular Season,Regular Season,Central League,Regular Season,,2000-09-08,Friday,18:00,Hiroshima Toyo Carp,広島東洋カープ,Yokohama BayStars,横浜ベイスターズ,Yokohama Stadium,横浜スタジアム,Yokohama,7,4,11,3,Hiroshima Toyo Carp,Yokohama BayStars,Away Win,7-4,9,No,Completed,,,,,,,,,,,川村,,,,,Hiroshima Toyo Carp defeated Yokohama BayStars 7-4 at Yokohama Stadium.,2689web.com Archive (https://2689web.com/2000/YC/YC22.html)
689,NPB_2000_20000908_L_H,2000,Regular Season,Regular Season,Pacific League,Regular Season,,2000-09-08,Friday,18:00,Seibu Lions,西武ライオンズ,Fukuoka Daiei Hawks,福岡ダイエーホークス,Fukuoka Dome,福岡ドーム,Fukuoka,3,6,9,3,Fukuoka Daiei Hawks,Seibu Lions,Home Win,3-6,9,No,Completed,,,,,,,,,,若田部,,,,,,Fukuoka Daiei Hawks defeated Seibu Lions 3-6 at Fukuoka Dome behind winning pitcher 若田部.,2689web.com Archive (https://2689web.com/2000/HL/HL23.html)
690,NPB_2000_20000908_K_M,2000,Regular Season,Regular Season,Pacific League,Regular Season,,2000-09-08,Friday,18:00,Osaka Kintetsu Buffaloes,大阪近鉄バファローズ,Chiba Lotte Marines,千葉ロッテマリーンズ,Chiba Marine Stadium,千葉マリンスタジアム,Chiba,1,9,10,8,Chiba Lotte Marines,Osaka Kintetsu Buffaloes,Home Win,1-9,9,No,Completed,,,,,,,,,,川井,,,,,,Chiba Lotte Marines defeated Osaka Kintetsu Buffaloes 1-9 at Chiba Marine Stadium behind winning pitcher 川井.,2689web.com Archive (https://2689web.com/2000/MK/MK22.html)
691,NPB_2000_20000909_S_G,2000,Regular Season,Regular Season,Central League,Regular Season,,2000-09-09,Saturday,18:00,Tokyo Yakult Swallows,東京ヤクルトスワローズ,Yomiuri Giants,読売ジャイアンツ,Tokyo Dome,東京ドーム,Tokyo,0,4,4,4,Yomiuri Giants,Tokyo Yakult Swallows,Home Win,0-4,9,No,Completed,,,,,,,,,,斎藤雅,,,,,,Yomiuri Giants defeated Tokyo Yakult Swallows 0-4 at Tokyo Dome behind winning pitcher 斎藤雅.,2689web.com Archive (https://2689web.com/2000/GS/GS22.html)
692,NPB_2000_20000909_T_D,2000,Regular Season,Regular Season,Central League,Regular Season,,2000-09-09,Saturday,18:00,Hanshin Tigers,阪神タイガース,Chunichi Dragons,中日ドラゴンズ,Nagoya Dome,ナゴヤドーム,Nagoya,1,2,3,1,Chunichi Dragons,Hanshin Tigers,Home Win,1-2,9,No,Completed,,,,,,,,,,バンチ,,,,,,Chunichi Dragons defeated Hanshin Tigers 1-2 at Nagoya Dome behind winning pitcher バンチ.,2689web.com Archive (https://2689web.com/2000/DT/DT23.html)
693,NPB_2000_20000909_C_Y,2000,Regular Season,Regular Season,Central League,Regular Season,,2000-09-09,Saturday,18:00,Hiroshima Toyo Carp,広島東洋カープ,Yokohama BayStars,横浜ベイスターズ,Yokohama Stadium,横浜スタジアム,Yokohama,3,4,7,1,Yokohama BayStars,Hiroshima Toyo Carp,Home Win,3-4,9,No,Completed,,,,,,,,,,細見,,,,,,Yokohama BayStars defeated Hiroshima Toyo Carp 3-4 at Yokohama Stadium behind winning pitcher 細見.,2689web.com Archive (https://2689web.com/2000/YC/YC23.html)
694,NPB_2000_20000909_L_H,2000,Regular Season,Regular Season,Pacific League,Regular Season,,2000-09-09,Saturday,18:00,Seibu Lions,西武ライオンズ,Fukuoka Daiei Hawks,福岡ダイエーホークス,Fukuoka Dome,福岡ドーム,Fukuoka,2,3,5,1,Fukuoka Daiei Hawks,Seibu Lions,Home Win,2-3,9,No,Completed,,,,,,,,,,吉田,,,,,,Fukuoka Daiei Hawks defeated Seibu Lions 2-3 at Fukuoka Dome behind winning pitcher 吉田.,2689web.com Archive (https://2689web.com/2000/HL/HL24.html)
695,NPB_2000_20000909_B_F,2000,Regular Season,Regular Season,Pacific League,Regular Season,,2000-09-09,Saturday,18:00,ORIX BlueWave,オリックス・ブルーウェーブ,Nippon-Ham Fighters,日本ハムファイターズ,Tokyo Dome,東京ドーム,Tokyo,2,1,3,1,ORIX BlueWave,Nippon-Ham Fighters,Away Win,2-1,9,No,Completed,,,,,,,,,,,関根,,,,,ORIX BlueWave defeated Nippon-Ham Fighters 2-1 at Tokyo Dome.,2689web.com Archive (https://2689web.com/2000/FB/FB23.html)
696,NPB_2000_20000909_K_M,2000,Regular Season,Regular Season,Pacific League,Regular Season,,2000-09-09,Saturday,18:00,Osaka Kintetsu Buffaloes,大阪近鉄バファローズ,Chiba Lotte Marines,千葉ロッテマリーンズ,Chiba Marine Stadium,千葉マリンスタジアム,Chiba,3,5,8,2,Chiba Lotte Marines,Osaka Kintetsu Buffaloes,Home Win,3-5,9,No,Completed,,,,,,,,,,小林雅,,,,,,Chiba Lotte Marines defeated Osaka Kintetsu Buffaloes 3-5 at Chiba Marine Stadium behind winning pitcher 小林雅.,2689web.com Archive (https://2689web.com/2000/MK/MK23.html)
697,NPB_2000_20000910_S_G,2000,Regular Season,Regular Season,Central League,Regular Season,,2000-09-10,Sunday,18:00,Tokyo Yakult Swallows,東京ヤクルトスワローズ,Yomiuri Giants,読売ジャイアンツ,Tokyo Dome,東京ドーム,Tokyo,10,6,16,4,Tokyo Yakult Swallows,Yomiuri Giants,Away Win,10-6,9,No,Completed,,,,,,,,,,,上原,,,,,Tokyo Yakult Swallows defeated Yomiuri Giants 10-6 at Tokyo Dome.,2689web.com Archive (https://2689web.com/2000/GS/GS23.html)
698,NPB_2000_20000910_T_D,2000,Regular Season,Regular Season,Central League,Regular Season,,2000-09-10,Sunday,18:00,Hanshin Tigers,阪神タイガース,Chunichi Dragons,中日ドラゴンズ,Nagoya Dome,ナゴヤドーム,Nagoya,8,0,8,8,Hanshin Tigers,Chunichi Dragons,Away Win,8-0,9,No,Completed,,,,,,,,,,,宮越,,,,,Hanshin Tigers defeated Chunichi Dragons 8-0 at Nagoya Dome.,2689web.com Archive (https://2689web.com/2000/DT/DT24.html)
699,NPB_2000_20000910_C_Y,2000,Regular Season,Regular Season,Central League,Regular Season,,2000-09-10,Sunday,18:00,Hiroshima Toyo Carp,広島東洋カープ,Yokohama BayStars,横浜ベイスターズ,Yokohama Stadium,横浜スタジアム,Yokohama,6,7,13,1,Yokohama BayStars,Hiroshima Toyo Carp,Home Win,6-7,9,No,Completed,,,,,,,,,,阿波野,,,,,,Yokohama BayStars defeated Hiroshima Toyo Carp 6-7 at Yokohama Stadium behind winning pitcher 阿波野.,2689web.com Archive (https://2689web.com/2000/YC/YC24.html)
700,NPB_2000_20000910_L_H,2000,Regular Season,Regular Season,Pacific League,Regular Season,,2000-09-10,Sunday,18:00,Seibu Lions,西武ライオンズ,Fukuoka Daiei Hawks,福岡ダイエーホークス,Fukuoka Dome,福岡ドーム,Fukuoka,5,7,12,2,Fukuoka Daiei Hawks,Seibu Lions,Home Win,5-7,9,No,Completed,,,,,,,,,,永井,,,,,,Fukuoka Daiei Hawks defeated Seibu Lions 5-7 at Fukuoka Dome behind winning pitcher 永井.,2689web.com Archive (https://2689web.com/2000/HL/HL25.html)
701,NPB_2000_20000910_B_F,2000,Regular Season,Regular Season,Pacific League,Regular Season,,2000-09-10,Sunday,18:00,ORIX BlueWave,オリックス・ブルーウェーブ,Nippon-Ham Fighters,日本ハムファイターズ,Tokyo Dome,東京ドーム,Tokyo,6,17,23,11,Nippon-Ham Fighters,ORIX BlueWave,Home Win,6-17,9,No,Completed,,,,,,,,,,高橋憲,,,,,,Nippon-Ham Fighters defeated ORIX BlueWave 6-17 at Tokyo Dome behind winning pitcher 高橋憲.,2689web.com Archive (https://2689web.com/2000/FB/FB24.html)
702,NPB_2000_20000910_K_M,2000,Regular Season,Regular Season,Pacific League,Regular Season,,2000-09-10,Sunday,18:00,Osaka Kintetsu Buffaloes,大阪近鉄バファローズ,Chiba Lotte Marines,千葉ロッテマリーンズ,Chiba Marine Stadium,千葉マリンスタジアム,Chiba,6,7,13,1,Chiba Lotte Marines,Osaka Kintetsu Buffaloes,Home Win,6-7,9,No,Completed,,,,,,,,,,吉田,,,,,,Chiba Lotte Marines defeated Osaka Kintetsu Buffaloes 6-7 at Chiba Marine Stadium behind winning pitcher 吉田.,2689web.com Archive (https://2689web.com/2000/MK/MK24.html)
703,NPB_2000_20000912_S_Y,2000,Regular Season,Regular Season,Central League,Regular Season,,2000-09-12,Tuesday,18:00,Tokyo Yakult Swallows,東京ヤクルトスワローズ,Yokohama BayStars,横浜ベイスターズ,Yokohama Stadium,横浜スタジアム,Yokohama,4,2,6,2,Tokyo Yakult Swallows,Yokohama BayStars,Away Win,4-2,9,No,Completed,,,,,,,,,,,小宮山,,,,,Tokyo Yakult Swallows defeated Yokohama BayStars 4-2 at Yokohama Stadium.,2689web.com Archive (https://2689web.com/2000/YS/YS22.html)
704,NPB_2000_20000912_M_H,2000,Regular Season,Regular Season,Pacific League,Regular Season,,2000-09-12,Tuesday,18:00,Chiba Lotte Marines,千葉ロッテマリーンズ,Fukuoka Daiei Hawks,福岡ダイエーホークス,Fukuoka Dome,福岡ドーム,Fukuoka,3,7,10,4,Fukuoka Daiei Hawks,Chiba Lotte Marines,Home Win,3-7,9,No,Completed,,,,,,,,,,ラジオ,,,,,,Fukuoka Daiei Hawks defeated Chiba Lotte Marines 3-7 at Fukuoka Dome behind winning pitcher ラジオ.,2689web.com Archive (https://2689web.com/2000/HM/HM24.html)
705,NPB_2000_20000912_F_L,2000,Regular Season,Regular Season,Pacific League,Regular Season,,2000-09-12,Tuesday,18:00,Nippon-Ham Fighters,日本ハムファイターズ,Seibu Lions,西武ライオンズ,Seibu Dome,西武ドーム,Tokorozawa,1,16,17,15,Seibu Lions,Nippon-Ham Fighters,Home Win,1-16,9,No,Completed,,,,,,,,,,石井,,,,,,Seibu Lions defeated Nippon-Ham Fighters 1-16 at Seibu Dome behind winning pitcher 石井.,2689web.com Archive (https://2689web.com/2000/LF/LF22.html)
706,NPB_2000_20000912_K_B,2000,Regular Season,Regular Season,Pacific League,Regular Season,,2000-09-12,Tuesday,18:00,Osaka Kintetsu Buffaloes,大阪近鉄バファローズ,ORIX BlueWave,オリックス・ブルーウェーブ,Green Stadium Kobe,グリーンスタジアム神戸,Kobe,6,0,6,6,Osaka Kintetsu Buffaloes,ORIX BlueWave,Away Win,6-0,9,No,Completed,,,,,,,,,,,小林,,,,,Osaka Kintetsu Buffaloes defeated ORIX BlueWave 6-0 at Green Stadium Kobe.,2689web.com Archive (https://2689web.com/2000/BK/BK25.html)
707,NPB_2000_20000913_T_G,2000,Regular Season,Regular Season,Central League,Regular Season,,2000-09-13,Wednesday,18:00,Hanshin Tigers,阪神タイガース,Yomiuri Giants,読売ジャイアンツ,Tokyo Dome,東京ドーム,Tokyo,4,1,5,3,Hanshin Tigers,Yomiuri Giants,Away Win,4-1,9,No,Completed,,,,,,,,,,,メイ,,,,,Hanshin Tigers defeated Yomiuri Giants 4-1 at Tokyo Dome.,2689web.com Archive (https://2689web.com/2000/GT/GT26.html)
708,NPB_2000_20000913_C_D,2000,Regular Season,Regular Season,Central League,Regular Season,,2000-09-13,Wednesday,18:00,Hiroshima Toyo Carp,広島東洋カープ,Chunichi Dragons,中日ドラゴンズ,Nagoya Dome,ナゴヤドーム,Nagoya,8,6,14,2,Hiroshima Toyo Carp,Chunichi Dragons,Away Win,8-6,9,No,Completed,,,,,,,,,,,落合,,,,,Hiroshima Toyo Carp defeated Chunichi Dragons 8-6 at Nagoya Dome.,2689web.com Archive (https://2689web.com/2000/DC/DC23.html)
709,NPB_2000_20000913_S_Y,2000,Regular Season,Regular Season,Central League,Regular Season,,2000-09-13,Wednesday,18:00,Tokyo Yakult Swallows,東京ヤクルトスワローズ,Yokohama BayStars,横浜ベイスターズ,Yokohama Stadium,横浜スタジアム,Yokohama,7,0,7,7,Tokyo Yakult Swallows,Yokohama BayStars,Away Win,7-0,9,No,Completed,,,,,,,,,,,野村,,,,,Tokyo Yakult Swallows defeated Yokohama BayStars 7-0 at Yokohama Stadium.,2689web.com Archive (https://2689web.com/2000/YS/YS23.html)
710,NPB_2000_20000913_M_H,2000,Regular Season,Regular Season,Pacific League,Regular Season,,2000-09-13,Wednesday,18:00,Chiba Lotte Marines,千葉ロッテマリーンズ,Fukuoka Daiei Hawks,福岡ダイエーホークス,Fukuoka Dome,福岡ドーム,Fukuoka,3,1,4,2,Chiba Lotte Marines,Fukuoka Daiei Hawks,Away Win,3-1,9,No,Completed,,,,,,,,,,,若田部,,,,,Chiba Lotte Marines defeated Fukuoka Daiei Hawks 3-1 at Fukuoka Dome.,2689web.com Archive (https://2689web.com/2000/HM/HM25.html)
711,NPB_2000_20000913_F_L,2000,Regular Season,Regular Season,Pacific League,Regular Season,,2000-09-13,Wednesday,18:00,Nippon-Ham Fighters,日本ハムファイターズ,Seibu Lions,西武ライオンズ,Seibu Dome,西武ドーム,Tokorozawa,5,7,12,2,Seibu Lions,Nippon-Ham Fighters,Home Win,5-7,9,No,Completed,,,,,,,,,,森,,,,,,Seibu Lions defeated Nippon-Ham Fighters 5-7 at Seibu Dome behind winning pitcher 森.,2689web.com Archive (https://2689web.com/2000/LF/LF23.html)
712,NPB_2000_20000913_K_B,2000,Regular Season,Regular Season,Pacific League,Regular Season,,2000-09-13,Wednesday,18:00,Osaka Kintetsu Buffaloes,大阪近鉄バファローズ,ORIX BlueWave,オリックス・ブルーウェーブ,Green Stadium Kobe,グリーンスタジアム神戸,Kobe,8,7,15,1,Osaka Kintetsu Buffaloes,ORIX BlueWave,Away Win,8-7,9,No,Completed,,,,,,,,,,,小倉,,,,,Osaka Kintetsu Buffaloes defeated ORIX BlueWave 8-7 at Green Stadium Kobe.,2689web.com Archive (https://2689web.com/2000/BK/BK26.html)
713,NPB_2000_20000914_T_G,2000,Regular Season,Regular Season,Central League,Regular Season,,2000-09-14,Thursday,18:00,Hanshin Tigers,阪神タイガース,Yomiuri Giants,読売ジャイアンツ,Tokyo Dome,東京ドーム,Tokyo,7,8,15,1,Yomiuri Giants,Hanshin Tigers,Home Win,7-8,9,No,Completed,,,,,,,,,,平松,,,,,,Yomiuri Giants defeated Hanshin Tigers 7-8 at Tokyo Dome behind winning pitcher 平松.,2689web.com Archive (https://2689web.com/2000/GT/GT27.html)
714,NPB_2000_20000914_S_Y,2000,Regular Season,Regular Season,Central League,Regular Season,,2000-09-14,Thursday,18:00,Tokyo Yakult Swallows,東京ヤクルトスワローズ,Yokohama BayStars,横浜ベイスターズ,Yokohama Stadium,横浜スタジアム,Yokohama,1,7,8,6,Yokohama BayStars,Tokyo Yakult Swallows,Home Win,1-7,9,No,Completed,,,,,,,,,,福盛,,,,,,Yokohama BayStars defeated Tokyo Yakult Swallows 1-7 at Yokohama Stadium behind winning pitcher 福盛.,2689web.com Archive (https://2689web.com/2000/YS/YS24.html)
715,NPB_2000_20000915_Y_G,2000,Regular Season,Regular Season,Central League,Regular Season,,2000-09-15,Friday,18:00,Yokohama BayStars,横浜ベイスターズ,Yomiuri Giants,読売ジャイアンツ,Tokyo Dome,東京ドーム,Tokyo,6,4,10,2,Yokohama BayStars,Yomiuri Giants,Away Win,6-4,9,No,Completed,,,,,,,,,,,野村,,,,,Yokohama BayStars defeated Yomiuri Giants 6-4 at Tokyo Dome.,2689web.com Archive (https://2689web.com/2000/GY/GY25.html)
716,NPB_2000_20000915_S_D,2000,Regular Season,Regular Season,Central League,Regular Season,,2000-09-15,Friday,18:00,Tokyo Yakult Swallows,東京ヤクルトスワローズ,Chunichi Dragons,中日ドラゴンズ,Nagoya Dome,ナゴヤドーム,Nagoya,8,0,8,8,Tokyo Yakult Swallows,Chunichi Dragons,Away Win,8-0,9,No,Completed,,,,,,,,,,,山本昌,,,,,Tokyo Yakult Swallows defeated Chunichi Dragons 8-0 at Nagoya Dome.,2689web.com Archive (https://2689web.com/2000/DS/DS23.html)
717,NPB_2000_20000915_K_H,2000,Regular Season,Regular Season,Pacific League,Regular Season,,2000-09-15,Friday,18:00,Osaka Kintetsu Buffaloes,大阪近鉄バファローズ,Fukuoka Daiei Hawks,福岡ダイエーホークス,Fukuoka Dome,福岡ドーム,Fukuoka,2,1,3,1,Osaka Kintetsu Buffaloes,Fukuoka Daiei Hawks,Away Win,2-1,9,No,Completed,,,,,,,,,,,斉藤和,,,,,Osaka Kintetsu Buffaloes defeated Fukuoka Daiei Hawks 2-1 at Fukuoka Dome.,2689web.com Archive (https://2689web.com/2000/HK/HK22.html)
718,NPB_2000_20000915_B_L,2000,Regular Season,Regular Season,Pacific League,Regular Season,,2000-09-15,Friday,18:00,ORIX BlueWave,オリックス・ブルーウェーブ,Seibu Lions,西武ライオンズ,Seibu Dome,西武ドーム,Tokorozawa,6,5,11,1,ORIX BlueWave,Seibu Lions,Away Win,6-5,9,No,Completed,,,,,,,,,,,谷中,,,,,ORIX BlueWave defeated Seibu Lions 6-5 at Seibu Dome.,2689web.com Archive (https://2689web.com/2000/LB/LB23.html)
719,NPB_2000_20000915_M_F,2000,Regular Season,Regular Season,Pacific League,Regular Season,,2000-09-15,Friday,18:00,Chiba Lotte Marines,千葉ロッテマリーンズ,Nippon-Ham Fighters,日本ハムファイターズ,Tokyo Dome,東京ドーム,Tokyo,2,9,11,7,Nippon-Ham Fighters,Chiba Lotte Marines,Home Win,2-9,9,No,Completed,,,,,,,,,,関根,,,,,,Nippon-Ham Fighters defeated Chiba Lotte Marines 2-9 at Tokyo Dome behind winning pitcher 関根.,2689web.com Archive (https://2689web.com/2000/FM/FM24.html)
720,NPB_2000_20000916_Y_G,2000,Regular Season,Regular Season,Central League,Regular Season,,2000-09-16,Saturday,18:00,Yokohama BayStars,横浜ベイスターズ,Yomiuri Giants,読売ジャイアンツ,Tokyo Dome,東京ドーム,Tokyo,4,7,11,3,Yomiuri Giants,Yokohama BayStars,Home Win,4-7,9,No,Completed,,,,,,,,,,斎藤雅,,,,,,Yomiuri Giants defeated Yokohama BayStars 4-7 at Tokyo Dome behind winning pitcher 斎藤雅.,2689web.com Archive (https://2689web.com/2000/GY/GY26.html)
721,NPB_2000_20000916_S_D,2000,Regular Season,Regular Season,Central League,Regular Season,,2000-09-16,Saturday,18:00,Tokyo Yakult Swallows,東京ヤクルトスワローズ,Chunichi Dragons,中日ドラゴンズ,Nagoya Dome,ナゴヤドーム,Nagoya,2,3,5,1,Chunichi Dragons,Tokyo Yakult Swallows,Home Win,2-3,9,No,Completed,,,,,,,,,,バンチ,,,,,,Chunichi Dragons defeated Tokyo Yakult Swallows 2-3 at Nagoya Dome behind winning pitcher バンチ.,2689web.com Archive (https://2689web.com/2000/DS/DS24.html)
722,NPB_2000_20000916_T_C,2000,Regular Season,Regular Season,Central League,Regular Season,,2000-09-16,Saturday,18:00,Hanshin Tigers,阪神タイガース,Hiroshima Toyo Carp,広島東洋カープ,Hiroshima Municipal Stadium,旧広島市民球場,Hiroshima,3,2,5,1,Hanshin Tigers,Hiroshima Toyo Carp,Away Win,3-2,9,No,Completed,,,,,,,,,,,山崎健,,,,,Hanshin Tigers defeated Hiroshima Toyo Carp 3-2 at Hiroshima Municipal Stadium.,2689web.com Archive (https://2689web.com/2000/CT/CT26.html)
723,NPB_2000_20000916_K_H,2000,Regular Season,Regular Season,Pacific League,Regular Season,,2000-09-16,Saturday,18:00,Osaka Kintetsu Buffaloes,大阪近鉄バファローズ,Fukuoka Daiei Hawks,福岡ダイエーホークス,Fukuoka Dome,福岡ドーム,Fukuoka,6,0,6,6,Osaka Kintetsu Buffaloes,Fukuoka Daiei Hawks,Away Win,6-0,9,No,Completed,,,,,,,,,,,永井,,,,,Osaka Kintetsu Buffaloes defeated Fukuoka Daiei Hawks 6-0 at Fukuoka Dome.,2689web.com Archive (https://2689web.com/2000/HK/HK23.html)
724,NPB_2000_20000916_M_F,2000,Regular Season,Regular Season,Pacific League,Regular Season,,2000-09-16,Saturday,18:00,Chiba Lotte Marines,千葉ロッテマリーンズ,Nippon-Ham Fighters,日本ハムファイターズ,Tokyo Dome,東京ドーム,Tokyo,1,4,5,3,Nippon-Ham Fighters,Chiba Lotte Marines,Home Win,1-4,9,No,Completed,,,,,,,,,,金村,,,,,,Nippon-Ham Fighters defeated Chiba Lotte Marines 1-4 at Tokyo Dome behind winning pitcher 金村.,2689web.com Archive (https://2689web.com/2000/FM/FM25.html)
725,NPB_2000_20000917_Y_G,2000,Regular Season,Regular Season,Central League,Regular Season,,2000-09-17,Sunday,18:00,Yokohama BayStars,横浜ベイスターズ,Yomiuri Giants,読売ジャイアンツ,Tokyo Dome,東京ドーム,Tokyo,1,5,6,4,Yomiuri Giants,Yokohama BayStars,Home Win,1-5,9,No,Completed,,,,,,,,,,上原,,,,,,Yomiuri Giants defeated Yokohama BayStars 1-5 at Tokyo Dome behind winning pitcher 上原.,2689web.com Archive (https://2689web.com/2000/GY/GY27.html)
726,NPB_2000_20000917_S_D,2000,Regular Season,Regular Season,Central League,Regular Season,,2000-09-17,Sunday,18:00,Tokyo Yakult Swallows,東京ヤクルトスワローズ,Chunichi Dragons,中日ドラゴンズ,Nagoya Dome,ナゴヤドーム,Nagoya,1,3,4,2,Chunichi Dragons,Tokyo Yakult Swallows,Home Win,1-3,9,No,Completed,,,,,,,,,,前田,,,,,,Chunichi Dragons defeated Tokyo Yakult Swallows 1-3 at Nagoya Dome behind winning pitcher 前田.,2689web.com Archive (https://2689web.com/2000/DS/DS25.html)
727,NPB_2000_20000917_T_C,2000,Regular Season,Regular Season,Central League,Regular Season,,2000-09-17,Sunday,18:00,Hanshin Tigers,阪神タイガース,Hiroshima Toyo Carp,広島東洋カープ,Hiroshima Municipal Stadium,旧広島市民球場,Hiroshima,3,5,8,2,Hiroshima Toyo Carp,Hanshin Tigers,Home Win,3-5,9,No,Completed,,,,,,,,,,紀藤,,,,,,Hiroshima Toyo Carp defeated Hanshin Tigers 3-5 at Hiroshima Municipal Stadium behind winning pitcher 紀藤.,2689web.com Archive (https://2689web.com/2000/CT/CT27.html)
728,NPB_2000_20000917_K_H,2000,Regular Season,Regular Season,Pacific League,Regular Season,,2000-09-17,Sunday,18:00,Osaka Kintetsu Buffaloes,大阪近鉄バファローズ,Fukuoka Daiei Hawks,福岡ダイエーホークス,Fukuoka Dome,福岡ドーム,Fukuoka,1,6,7,5,Fukuoka Daiei Hawks,Osaka Kintetsu Buffaloes,Home Win,1-6,9,No,Completed,,,,,,,,,,ラジオ,,,,,,Fukuoka Daiei Hawks defeated Osaka Kintetsu Buffaloes 1-6 at Fukuoka Dome behind winning pitcher ラジオ.,2689web.com Archive (https://2689web.com/2000/HK/HK24.html)
729,NPB_2000_20000917_B_L,2000,Regular Season,Regular Season,Pacific League,Regular Season,,2000-09-17,Sunday,18:00,ORIX BlueWave,オリックス・ブルーウェーブ,Seibu Lions,西武ライオンズ,Seibu Dome,西武ドーム,Tokorozawa,8,5,13,3,ORIX BlueWave,Seibu Lions,Away Win,8-5,9,No,Completed,,,,,,,,,,,石井,,,,,ORIX BlueWave defeated Seibu Lions 8-5 at Seibu Dome.,2689web.com Archive (https://2689web.com/2000/LB/LB24.html)
730,NPB_2000_20000919_C_G,2000,Regular Season,Regular Season,Central League,Regular Season,,2000-09-19,Tuesday,18:00,Hiroshima Toyo Carp,広島東洋カープ,Yomiuri Giants,読売ジャイアンツ,Tokyo Dome,東京ドーム,Tokyo,8,7,15,1,Hiroshima Toyo Carp,Yomiuri Giants,Away Win,8-7,9,No,Completed,,,,,,,,,,,岡島,,,,,Hiroshima Toyo Carp defeated Yomiuri Giants 8-7 at Tokyo Dome.,2689web.com Archive (https://2689web.com/2000/GC/GC25.html)
731,NPB_2000_20000919_Y_D,2000,Regular Season,Regular Season,Central League,Regular Season,,2000-09-19,Tuesday,18:00,Yokohama BayStars,横浜ベイスターズ,Chunichi Dragons,中日ドラゴンズ,Nagoya Dome,ナゴヤドーム,Nagoya,1,6,7,5,Chunichi Dragons,Yokohama BayStars,Home Win,1-6,9,No,Completed,,,,,,,,,,野口,,,,,,Chunichi Dragons defeated Yokohama BayStars 1-6 at Nagoya Dome behind winning pitcher 野口.,2689web.com Archive (https://2689web.com/2000/DY/DY24.html)
732,NPB_2000_20000919_T_S,2000,Regular Season,Regular Season,Central League,Regular Season,,2000-09-19,Tuesday,18:00,Hanshin Tigers,阪神タイガース,Tokyo Yakult Swallows,東京ヤクルトスワローズ,Meiji Jingu Stadium,明治神宮野球場,Tokyo,2,12,14,10,Tokyo Yakult Swallows,Hanshin Tigers,Home Win,2-12,9,No,Completed,,,,,,,,,,前田,,,,,,Tokyo Yakult Swallows defeated Hanshin Tigers 2-12 at Meiji Jingu Stadium behind winning pitcher 前田.,2689web.com Archive (https://2689web.com/2000/ST/ST22.html)
733,NPB_2000_20000919_K_F,2000,Regular Season,Regular Season,Pacific League,Regular Season,,2000-09-19,Tuesday,18:00,Osaka Kintetsu Buffaloes,大阪近鉄バファローズ,Nippon-Ham Fighters,日本ハムファイターズ,Tokyo Dome,東京ドーム,Tokyo,4,10,14,6,Nippon-Ham Fighters,Osaka Kintetsu Buffaloes,Home Win,4-10,9,No,Completed,,,,,,,,,,高橋憲,,,,,,Nippon-Ham Fighters defeated Osaka Kintetsu Buffaloes 4-10 at Tokyo Dome behind winning pitcher 高橋憲.,2689web.com Archive (https://2689web.com/2000/FK/FK25.html)
734,NPB_2000_20000920_C_G,2000,Regular Season,Regular Season,Central League,Regular Season,,2000-09-20,Wednesday,18:00,Hiroshima Toyo Carp,広島東洋カープ,Yomiuri Giants,読売ジャイアンツ,Tokyo Dome,東京ドーム,Tokyo,8,3,11,5,Hiroshima Toyo Carp,Yomiuri Giants,Away Win,8-3,9,No,Completed,,,,,,,,,,,高橋尚,,,,,Hiroshima Toyo Carp defeated Yomiuri Giants 8-3 at Tokyo Dome.,2689web.com Archive (https://2689web.com/2000/GC/GC26.html)
735,NPB_2000_20000920_Y_D,2000,Regular Season,Regular Season,Central League,Regular Season,,2000-09-20,Wednesday,18:00,Yokohama BayStars,横浜ベイスターズ,Chunichi Dragons,中日ドラゴンズ,Nagoya Dome,ナゴヤドーム,Nagoya,15,1,16,14,Yokohama BayStars,Chunichi Dragons,Away Win,15-1,9,No,Completed,,,,,,,,,,,朝倉,,,,,Yokohama BayStars defeated Chunichi Dragons 15-1 at Nagoya Dome.,2689web.com Archive (https://2689web.com/2000/DY/DY25.html)
736,NPB_2000_20000920_T_S,2000,Regular Season,Regular Season,Central League,Regular Season,,2000-09-20,Wednesday,18:00,Hanshin Tigers,阪神タイガース,Tokyo Yakult Swallows,東京ヤクルトスワローズ,Meiji Jingu Stadium,明治神宮野球場,Tokyo,6,5,11,1,Hanshin Tigers,Tokyo Yakult Swallows,Away Win,6-5,9,No,Completed,,,,,,,,,,,石井弘,,,,,Hanshin Tigers defeated Tokyo Yakult Swallows 6-5 at Meiji Jingu Stadium.,2689web.com Archive (https://2689web.com/2000/ST/ST23.html)
737,NPB_2000_20000920_K_F,2000,Regular Season,Regular Season,Pacific League,Regular Season,,2000-09-20,Wednesday,18:00,Osaka Kintetsu Buffaloes,大阪近鉄バファローズ,Nippon-Ham Fighters,日本ハムファイターズ,Tokyo Dome,東京ドーム,Tokyo,8,1,9,7,Osaka Kintetsu Buffaloes,Nippon-Ham Fighters,Away Win,8-1,9,No,Completed,,,,,,,,,,,建山,,,,,Osaka Kintetsu Buffaloes defeated Nippon-Ham Fighters 8-1 at Tokyo Dome.,2689web.com Archive (https://2689web.com/2000/FK/FK26.html)
738,NPB_2000_20000921_C_G,2000,Regular Season,Regular Season,Central League,Regular Season,,2000-09-21,Thursday,18:00,Hiroshima Toyo Carp,広島東洋カープ,Yomiuri Giants,読売ジャイアンツ,Tokyo Dome,東京ドーム,Tokyo,4,6,10,2,Yomiuri Giants,Hiroshima Toyo Carp,Home Win,4-6,9,No,Completed,,,,,,,,,,木村,,,,,,Yomiuri Giants defeated Hiroshima Toyo Carp 4-6 at Tokyo Dome behind winning pitcher 木村.,2689web.com Archive (https://2689web.com/2000/GC/GC27.html)
739,NPB_2000_20000921_Y_D,2000,Regular Season,Regular Season,Central League,Regular Season,,2000-09-21,Thursday,18:00,Yokohama BayStars,横浜ベイスターズ,Chunichi Dragons,中日ドラゴンズ,Nagoya Dome,ナゴヤドーム,Nagoya,3,5,8,2,Chunichi Dragons,Yokohama BayStars,Home Win,3-5,9,No,Completed,,,,,,,,,,小山,,,,,,Chunichi Dragons defeated Yokohama BayStars 3-5 at Nagoya Dome behind winning pitcher 小山.,2689web.com Archive (https://2689web.com/2000/DY/DY26.html)
740,NPB_2000_20000921_T_S,2000,Regular Season,Regular Season,Central League,Regular Season,,2000-09-21,Thursday,18:00,Hanshin Tigers,阪神タイガース,Tokyo Yakult Swallows,東京ヤクルトスワローズ,Meiji Jingu Stadium,明治神宮野球場,Tokyo,0,5,5,5,Tokyo Yakult Swallows,Hanshin Tigers,Home Win,0-5,9,No,Completed,,,,,,,,,,石井一,,,,,,Tokyo Yakult Swallows defeated Hanshin Tigers 0-5 at Meiji Jingu Stadium behind winning pitcher 石井一.,2689web.com Archive (https://2689web.com/2000/ST/ST24.html)
741,NPB_2000_20000922_T_Y,2000,Regular Season,Regular Season,Central League,Regular Season,,2000-09-22,Friday,18:00,Hanshin Tigers,阪神タイガース,Yokohama BayStars,横浜ベイスターズ,Yokohama Stadium,横浜スタジアム,Yokohama,4,3,7,1,Hanshin Tigers,Yokohama BayStars,Away Win,4-3,9,No,Completed,,,,,,,,,,,細見,,,,,Hanshin Tigers defeated Yokohama BayStars 4-3 at Yokohama Stadium.,2689web.com Archive (https://2689web.com/2000/YT/YT25.html)
742,NPB_2000_20000922_C_S,2000,Regular Season,Regular Season,Central League,Regular Season,,2000-09-22,Friday,18:00,Hiroshima Toyo Carp,広島東洋カープ,Tokyo Yakult Swallows,東京ヤクルトスワローズ,Meiji Jingu Stadium,明治神宮野球場,Tokyo,4,2,6,2,Hiroshima Toyo Carp,Tokyo Yakult Swallows,Away Win,4-2,9,No,Completed,,,,,,,,,,,山本,,,,,Hiroshima Toyo Carp defeated Tokyo Yakult Swallows 4-2 at Meiji Jingu Stadium.,2689web.com Archive (https://2689web.com/2000/SC/SC24.html)
743,NPB_2000_20000923_D_G,2000,Regular Season,Regular Season,Central League,Regular Season,,2000-09-23,Saturday,18:00,Chunichi Dragons,中日ドラゴンズ,Yomiuri Giants,読売ジャイアンツ,Tokyo Dome,東京ドーム,Tokyo,7,2,9,5,Chunichi Dragons,Yomiuri Giants,Away Win,7-2,9,No,Completed,,,,,,,,,,,斎藤雅,,,,,Chunichi Dragons defeated Yomiuri Giants 7-2 at Tokyo Dome.,2689web.com Archive (https://2689web.com/2000/GD/GD26.html)
744,NPB_2000_20000923_K_H,2000,Regular Season,Regular Season,Pacific League,Regular Season,,2000-09-23,Saturday,18:00,Osaka Kintetsu Buffaloes,大阪近鉄バファローズ,Fukuoka Daiei Hawks,福岡ダイエーホークス,Fukuoka Dome,福岡ドーム,Fukuoka,1,5,6,4,Fukuoka Daiei Hawks,Osaka Kintetsu Buffaloes,Home Win,1-5,9,No,Completed,,,,,,,,,,吉田,,,,,,Fukuoka Daiei Hawks defeated Osaka Kintetsu Buffaloes 1-5 at Fukuoka Dome behind winning pitcher 吉田.,2689web.com Archive (https://2689web.com/2000/HK/HK25.html)
745,NPB_2000_20000923_F_L,2000,Regular Season,Regular Season,Pacific League,Regular Season,,2000-09-23,Saturday,18:00,Nippon-Ham Fighters,日本ハムファイターズ,Seibu Lions,西武ライオンズ,Seibu Dome,西武ドーム,Tokorozawa,7,3,10,4,Nippon-Ham Fighters,Seibu Lions,Away Win,7-3,9,No,Completed,,,,,,,,,,,石井,,,,,Nippon-Ham Fighters defeated Seibu Lions 7-3 at Seibu Dome.,2689web.com Archive (https://2689web.com/2000/LF/LF24.html)
746,NPB_2000_20000923_M_B,2000,Regular Season,Regular Season,Pacific League,Regular Season,,2000-09-23,Saturday,18:00,Chiba Lotte Marines,千葉ロッテマリーンズ,ORIX BlueWave,オリックス・ブルーウェーブ,Green Stadium Kobe,グリーンスタジアム神戸,Kobe,4,4,8,0,Tie,Tie,Tie,4-4,9,No,Completed,,,,,,,,,,,,,,,,Chiba Lotte Marines and ORIX BlueWave played to a 4-4 tie at Green Stadium Kobe.,2689web.com Archive (https://2689web.com/2000/BM/BM23.html)
747,NPB_2000_20000924_D_G,2000,Regular Season,Regular Season,Central League,Regular Season,,2000-09-24,Sunday,18:00,Chunichi Dragons,中日ドラゴンズ,Yomiuri Giants,読売ジャイアンツ,Tokyo Dome,東京ドーム,Tokyo,4,5,9,1,Yomiuri Giants,Chunichi Dragons,Home Win,4-5,9,No,Completed,,,,,,,,,,平松,,,,,,Yomiuri Giants defeated Chunichi Dragons 4-5 at Tokyo Dome behind winning pitcher 平松.,2689web.com Archive (https://2689web.com/2000/GD/GD27.html)
748,NPB_2000_20000924_T_Y,2000,Regular Season,Regular Season,Central League,Regular Season,,2000-09-24,Sunday,18:00,Hanshin Tigers,阪神タイガース,Yokohama BayStars,横浜ベイスターズ,Yokohama Stadium,横浜スタジアム,Yokohama,3,5,8,2,Yokohama BayStars,Hanshin Tigers,Home Win,3-5,9,No,Completed,,,,,,,,,,三浦,,,,,,Yokohama BayStars defeated Hanshin Tigers 3-5 at Yokohama Stadium behind winning pitcher 三浦.,2689web.com Archive (https://2689web.com/2000/YT/YT26.html)
749,NPB_2000_20000924_C_S,2000,Regular Season,Regular Season,Central League,Regular Season,,2000-09-24,Sunday,18:00,Hiroshima Toyo Carp,広島東洋カープ,Tokyo Yakult Swallows,東京ヤクルトスワローズ,Meiji Jingu Stadium,明治神宮野球場,Tokyo,4,5,9,1,Tokyo Yakult Swallows,Hiroshima Toyo Carp,Home Win,4-5,9,No,Completed,,,,,,,,,,本間,,,,,,Tokyo Yakult Swallows defeated Hiroshima Toyo Carp 4-5 at Meiji Jingu Stadium behind winning pitcher 本間.,2689web.com Archive (https://2689web.com/2000/SC/SC25.html)
750,NPB_2000_20000924_K_H,2000,Regular Season,Regular Season,Pacific League,Regular Season,,2000-09-24,Sunday,18:00,Osaka Kintetsu Buffaloes,大阪近鉄バファローズ,Fukuoka Daiei Hawks,福岡ダイエーホークス,Fukuoka Dome,福岡ドーム,Fukuoka,5,9,14,4,Fukuoka Daiei Hawks,Osaka Kintetsu Buffaloes,Home Win,5-9,9,No,Completed,,,,,,,,,,ペドラザ,,,,,,Fukuoka Daiei Hawks defeated Osaka Kintetsu Buffaloes 5-9 at Fukuoka Dome behind winning pitcher ペドラザ.,2689web.com Archive (https://2689web.com/2000/HK/HK26.html)
751,NPB_2000_20000924_F_L,2000,Regular Season,Regular Season,Pacific League,Regular Season,,2000-09-24,Sunday,18:00,Nippon-Ham Fighters,日本ハムファイターズ,Seibu Lions,西武ライオンズ,Seibu Dome,西武ドーム,Tokorozawa,9,1,10,8,Nippon-Ham Fighters,Seibu Lions,Away Win,9-1,9,No,Completed,,,,,,,,,,,潮崎,,,,,Nippon-Ham Fighters defeated Seibu Lions 9-1 at Seibu Dome.,2689web.com Archive (https://2689web.com/2000/LF/LF25.html)
752,NPB_2000_20000924_M_B,2000,Regular Season,Regular Season,Pacific League,Regular Season,,2000-09-24,Sunday,18:00,Chiba Lotte Marines,千葉ロッテマリーンズ,ORIX BlueWave,オリックス・ブルーウェーブ,Green Stadium Kobe,グリーンスタジアム神戸,Kobe,8,6,14,2,Chiba Lotte Marines,ORIX BlueWave,Away Win,8-6,9,No,Completed,,,,,,,,,,,加藤,,,,,Chiba Lotte Marines defeated ORIX BlueWave 8-6 at Green Stadium Kobe.,2689web.com Archive (https://2689web.com/2000/BM/BM24.html)
753,NPB_2000_20000926_S_G,2000,Regular Season,Regular Season,Central League,Regular Season,,2000-09-26,Tuesday,18:00,Tokyo Yakult Swallows,東京ヤクルトスワローズ,Yomiuri Giants,読売ジャイアンツ,Tokyo Dome,東京ドーム,Tokyo,0,1,1,1,Yomiuri Giants,Tokyo Yakult Swallows,Home Win,0-1,9,No,Completed,,,,,,,,,,メイ,,,,,,Yomiuri Giants defeated Tokyo Yakult Swallows 0-1 at Tokyo Dome behind winning pitcher メイ.,2689web.com Archive (https://2689web.com/2000/GS/GS24.html)
754,NPB_2000_20000926_T_D,2000,Regular Season,Regular Season,Central League,Regular Season,,2000-09-26,Tuesday,18:00,Hanshin Tigers,阪神タイガース,Chunichi Dragons,中日ドラゴンズ,Nagoya Dome,ナゴヤドーム,Nagoya,1,4,5,3,Chunichi Dragons,Hanshin Tigers,Home Win,1-4,9,No,Completed,,,,,,,,,,山本昌,,,,,,Chunichi Dragons defeated Hanshin Tigers 1-4 at Nagoya Dome behind winning pitcher 山本昌.,2689web.com Archive (https://2689web.com/2000/DT/DT25.html)
755,NPB_2000_20000926_C_Y,2000,Regular Season,Regular Season,Central League,Regular Season,,2000-09-26,Tuesday,18:00,Hiroshima Toyo Carp,広島東洋カープ,Yokohama BayStars,横浜ベイスターズ,Yokohama Stadium,横浜スタジアム,Yokohama,5,1,6,4,Hiroshima Toyo Carp,Yokohama BayStars,Away Win,5-1,9,No,Completed,,,,,,,,,,,福盛,,,,,Hiroshima Toyo Carp defeated Yokohama BayStars 5-1 at Yokohama Stadium.,2689web.com Archive (https://2689web.com/2000/YC/YC25.html)
756,NPB_2000_20000926_B_F,2000,Regular Season,Regular Season,Pacific League,Regular Season,,2000-09-26,Tuesday,18:00,ORIX BlueWave,オリックス・ブルーウェーブ,Nippon-Ham Fighters,日本ハムファイターズ,Tokyo Dome,東京ドーム,Tokyo,3,2,5,1,ORIX BlueWave,Nippon-Ham Fighters,Away Win,3-2,9,No,Completed,,,,,,,,,,,岩本,,,,,ORIX BlueWave defeated Nippon-Ham Fighters 3-2 at Tokyo Dome.,2689web.com Archive (https://2689web.com/2000/FB/FB25.html)
757,NPB_2000_20000927_S_G,2000,Regular Season,Regular Season,Central League,Regular Season,,2000-09-27,Wednesday,18:00,Tokyo Yakult Swallows,東京ヤクルトスワローズ,Yomiuri Giants,読売ジャイアンツ,Tokyo Dome,東京ドーム,Tokyo,6,3,9,3,Tokyo Yakult Swallows,Yomiuri Giants,Away Win,6-3,9,No,Completed,,,,,,,,,,,高橋尚,,,,,Tokyo Yakult Swallows defeated Yomiuri Giants 6-3 at Tokyo Dome.,2689web.com Archive (https://2689web.com/2000/GS/GS25.html)
758,NPB_2000_20000927_T_D,2000,Regular Season,Regular Season,Central League,Regular Season,,2000-09-27,Wednesday,18:00,Hanshin Tigers,阪神タイガース,Chunichi Dragons,中日ドラゴンズ,Nagoya Dome,ナゴヤドーム,Nagoya,2,8,10,6,Chunichi Dragons,Hanshin Tigers,Home Win,2-8,9,No,Completed,,,,,,,,,,野口,,,,,,Chunichi Dragons defeated Hanshin Tigers 2-8 at Nagoya Dome behind winning pitcher 野口.,2689web.com Archive (https://2689web.com/2000/DT/DT26.html)
759,NPB_2000_20000927_C_Y,2000,Regular Season,Regular Season,Central League,Regular Season,,2000-09-27,Wednesday,18:00,Hiroshima Toyo Carp,広島東洋カープ,Yokohama BayStars,横浜ベイスターズ,Yokohama Stadium,横浜スタジアム,Yokohama,4,1,5,3,Hiroshima Toyo Carp,Yokohama BayStars,Away Win,4-1,9,No,Completed,,,,,,,,,,,川村,,,,,Hiroshima Toyo Carp defeated Yokohama BayStars 4-1 at Yokohama Stadium.,2689web.com Archive (https://2689web.com/2000/YC/YC26.html)
760,NPB_2000_20000927_B_F,2000,Regular Season,Regular Season,Pacific League,Regular Season,,2000-09-27,Wednesday,18:00,ORIX BlueWave,オリックス・ブルーウェーブ,Nippon-Ham Fighters,日本ハムファイターズ,Tokyo Dome,東京ドーム,Tokyo,10,0,10,10,ORIX BlueWave,Nippon-Ham Fighters,Away Win,10-0,9,No,Completed,,,,,,,,,,,関根,,,,,ORIX BlueWave defeated Nippon-Ham Fighters 10-0 at Tokyo Dome.,2689web.com Archive (https://2689web.com/2000/FB/FB26.html)
761,NPB_2000_20000928_S_G,2000,Regular Season,Regular Season,Central League,Regular Season,,2000-09-28,Thursday,18:00,Tokyo Yakult Swallows,東京ヤクルトスワローズ,Yomiuri Giants,読売ジャイアンツ,Tokyo Dome,東京ドーム,Tokyo,9,0,9,9,Tokyo Yakult Swallows,Yomiuri Giants,Away Win,9-0,9,No,Completed,,,,,,,,,,,入来祐,,,,,Tokyo Yakult Swallows defeated Yomiuri Giants 9-0 at Tokyo Dome.,2689web.com Archive (https://2689web.com/2000/GS/GS26.html)
762,NPB_2000_20000928_T_D,2000,Regular Season,Regular Season,Central League,Regular Season,,2000-09-28,Thursday,18:00,Hanshin Tigers,阪神タイガース,Chunichi Dragons,中日ドラゴンズ,Nagoya Dome,ナゴヤドーム,Nagoya,4,5,9,1,Chunichi Dragons,Hanshin Tigers,Home Win,4-5,9,No,Completed,,,,,,,,,,正津,,,,,,Chunichi Dragons defeated Hanshin Tigers 4-5 at Nagoya Dome behind winning pitcher 正津.,2689web.com Archive (https://2689web.com/2000/DT/DT27.html)
763,NPB_2000_20000928_C_Y,2000,Regular Season,Regular Season,Central League,Regular Season,,2000-09-28,Thursday,18:00,Hiroshima Toyo Carp,広島東洋カープ,Yokohama BayStars,横浜ベイスターズ,Yokohama Stadium,横浜スタジアム,Yokohama,2,8,10,6,Yokohama BayStars,Hiroshima Toyo Carp,Home Win,2-8,9,No,Completed,,,,,,,,,,河原,,,,,,Yokohama BayStars defeated Hiroshima Toyo Carp 2-8 at Yokohama Stadium behind winning pitcher 河原.,2689web.com Archive (https://2689web.com/2000/YC/YC27.html)
764,NPB_2000_20000928_K_M,2000,Regular Season,Regular Season,Pacific League,Regular Season,,2000-09-28,Thursday,18:00,Osaka Kintetsu Buffaloes,大阪近鉄バファローズ,Chiba Lotte Marines,千葉ロッテマリーンズ,Chiba Marine Stadium,千葉マリンスタジアム,Chiba,4,6,10,2,Chiba Lotte Marines,Osaka Kintetsu Buffaloes,Home Win,4-6,9,No,Completed,,,,,,,,,,吉田,,,,,,Chiba Lotte Marines defeated Osaka Kintetsu Buffaloes 4-6 at Chiba Marine Stadium behind winning pitcher 吉田.,2689web.com Archive (https://2689web.com/2000/MK/MK25.html)
765,NPB_2000_20000929_S_G,2000,Regular Season,Regular Season,Central League,Regular Season,,2000-09-29,Friday,18:00,Tokyo Yakult Swallows,東京ヤクルトスワローズ,Yomiuri Giants,読売ジャイアンツ,Tokyo Dome,東京ドーム,Tokyo,6,1,7,5,Tokyo Yakult Swallows,Yomiuri Giants,Away Win,6-1,9,No,Completed,,,,,,,,,,,條辺,,,,,Tokyo Yakult Swallows defeated Yomiuri Giants 6-1 at Tokyo Dome.,2689web.com Archive (https://2689web.com/2000/GS/GS27.html)
766,NPB_2000_20000930_S_D,2000,Regular Season,Regular Season,Central League,Regular Season,,2000-09-30,Saturday,18:00,Tokyo Yakult Swallows,東京ヤクルトスワローズ,Chunichi Dragons,中日ドラゴンズ,Nagoya Dome,ナゴヤドーム,Nagoya,0,4,4,4,Chunichi Dragons,Tokyo Yakult Swallows,Home Win,0-4,9,No,Completed,,,,,,,,,,バンチ,,,,,,Chunichi Dragons defeated Tokyo Yakult Swallows 0-4 at Nagoya Dome behind winning pitcher バンチ.,2689web.com Archive (https://2689web.com/2000/DS/DS26.html)
767,NPB_2000_20000930_T_C,2000,Regular Season,Regular Season,Central League,Regular Season,,2000-09-30,Saturday,18:00,Hanshin Tigers,阪神タイガース,Hiroshima Toyo Carp,広島東洋カープ,Hiroshima Municipal Stadium,旧広島市民球場,Hiroshima,7,5,12,2,Hanshin Tigers,Hiroshima Toyo Carp,Away Win,7-5,9,No,Completed,,,,,,,,,,,紀藤,,,,,Hanshin Tigers defeated Hiroshima Toyo Carp 7-5 at Hiroshima Municipal Stadium.,2689web.com Archive (https://2689web.com/2000/CT/CT28.html)
768,NPB_2000_20000930_F_H,2000,Regular Season,Regular Season,Pacific League,Regular Season,,2000-09-30,Saturday,18:00,Nippon-Ham Fighters,日本ハムファイターズ,Fukuoka Daiei Hawks,福岡ダイエーホークス,Fukuoka Dome,福岡ドーム,Fukuoka,2,3,5,1,Fukuoka Daiei Hawks,Nippon-Ham Fighters,Home Win,2-3,9,No,Completed,,,,,,,,,,斉藤和,,,,,,Fukuoka Daiei Hawks defeated Nippon-Ham Fighters 2-3 at Fukuoka Dome behind winning pitcher 斉藤和.,2689web.com Archive (https://2689web.com/2000/HF/HF27.html)
769,NPB_2000_20000930_K_L,2000,Regular Season,Regular Season,Pacific League,Regular Season,,2000-09-30,Saturday,18:00,Osaka Kintetsu Buffaloes,大阪近鉄バファローズ,Seibu Lions,西武ライオンズ,Seibu Dome,西武ドーム,Tokorozawa,2,3,5,1,Seibu Lions,Osaka Kintetsu Buffaloes,Home Win,2-3,9,No,Completed,,,,,,,,,,デニー,,,,,,Seibu Lions defeated Osaka Kintetsu Buffaloes 2-3 at Seibu Dome behind winning pitcher デニー.,2689web.com Archive (https://2689web.com/2000/LK/LK27.html)
770,NPB_2000_20000930_M_B,2000,Regular Season,Regular Season,Pacific League,Regular Season,,2000-09-30,Saturday,18:00,Chiba Lotte Marines,千葉ロッテマリーンズ,ORIX BlueWave,オリックス・ブルーウェーブ,Green Stadium Kobe,グリーンスタジアム神戸,Kobe,8,10,18,2,ORIX BlueWave,Chiba Lotte Marines,Home Win,8-10,9,No,Completed,,,,,,,,,,戎,,,,,,ORIX BlueWave defeated Chiba Lotte Marines 8-10 at Green Stadium Kobe behind winning pitcher 戎.,2689web.com Archive (https://2689web.com/2000/BM/BM25.html)
771,NPB_2000_20001001_Y_D,2000,Regular Season,Regular Season,Central League,Regular Season,,2000-10-01,Sunday,18:00,Yokohama BayStars,横浜ベイスターズ,Chunichi Dragons,中日ドラゴンズ,Nagoya Dome,ナゴヤドーム,Nagoya,3,2,5,1,Yokohama BayStars,Chunichi Dragons,Away Win,3-2,9,No,Completed,,,,,,,,,,,小山,,,,,Yokohama BayStars defeated Chunichi Dragons 3-2 at Nagoya Dome.,2689web.com Archive (https://2689web.com/2000/DY/DY27.html)
772,NPB_2000_20001001_T_S,2000,Regular Season,Regular Season,Central League,Regular Season,,2000-10-01,Sunday,18:00,Hanshin Tigers,阪神タイガース,Tokyo Yakult Swallows,東京ヤクルトスワローズ,Meiji Jingu Stadium,明治神宮野球場,Tokyo,0,3,3,3,Tokyo Yakult Swallows,Hanshin Tigers,Home Win,0-3,9,No,Completed,,,,,,,,,,ハッカミー,,,,,,Tokyo Yakult Swallows defeated Hanshin Tigers 0-3 at Meiji Jingu Stadium behind winning pitcher ハッカミー.,2689web.com Archive (https://2689web.com/2000/ST/ST25.html)
773,NPB_2000_20001001_K_H,2000,Regular Season,Regular Season,Pacific League,Regular Season,,2000-10-01,Sunday,18:00,Osaka Kintetsu Buffaloes,大阪近鉄バファローズ,Fukuoka Daiei Hawks,福岡ダイエーホークス,Fukuoka Dome,福岡ドーム,Fukuoka,2,3,5,1,Fukuoka Daiei Hawks,Osaka Kintetsu Buffaloes,Home Win,2-3,9,No,Completed,,,,,,,,,,渡辺正,,,,,,Fukuoka Daiei Hawks defeated Osaka Kintetsu Buffaloes 2-3 at Fukuoka Dome behind winning pitcher 渡辺正.,2689web.com Archive (https://2689web.com/2000/HK/HK27.html)
774,NPB_2000_20001001_M_L,2000,Regular Season,Regular Season,Pacific League,Regular Season,,2000-10-01,Sunday,18:00,Chiba Lotte Marines,千葉ロッテマリーンズ,Seibu Lions,西武ライオンズ,Seibu Dome,西武ドーム,Tokorozawa,4,5,9,1,Seibu Lions,Chiba Lotte Marines,Home Win,4-5,9,No,Completed,,,,,,,,,,橋本,,,,,,Seibu Lions defeated Chiba Lotte Marines 4-5 at Seibu Dome behind winning pitcher 橋本.,2689web.com Archive (https://2689web.com/2000/LM/LM25.html)
775,NPB_2000_20001001_B_F,2000,Regular Season,Regular Season,Pacific League,Regular Season,,2000-10-01,Sunday,18:00,ORIX BlueWave,オリックス・ブルーウェーブ,Nippon-Ham Fighters,日本ハムファイターズ,Tokyo Dome,東京ドーム,Tokyo,7,0,7,7,ORIX BlueWave,Nippon-Ham Fighters,Away Win,7-0,9,No,Completed,,,,,,,,,,,金村,,,,,ORIX BlueWave defeated Nippon-Ham Fighters 7-0 at Tokyo Dome.,2689web.com Archive (https://2689web.com/2000/FB/FB27.html)
776,NPB_2000_20001002_M_L,2000,Regular Season,Regular Season,Pacific League,Regular Season,,2000-10-02,Monday,18:00,Chiba Lotte Marines,千葉ロッテマリーンズ,Seibu Lions,西武ライオンズ,Seibu Dome,西武ドーム,Tokorozawa,7,15,22,8,Seibu Lions,Chiba Lotte Marines,Home Win,7-15,9,No,Completed,,,,,,,,,,西崎,,,,,,Seibu Lions defeated Chiba Lotte Marines 7-15 at Seibu Dome behind winning pitcher 西崎.,2689web.com Archive (https://2689web.com/2000/LM/LM26.html)
777,NPB_2000_20001003_S_D,2000,Regular Season,Regular Season,Central League,Regular Season,,2000-10-03,Tuesday,18:00,Tokyo Yakult Swallows,東京ヤクルトスワローズ,Chunichi Dragons,中日ドラゴンズ,Nagoya Dome,ナゴヤドーム,Nagoya,5,4,9,1,Tokyo Yakult Swallows,Chunichi Dragons,Away Win,5-4,9,No,Completed,,,,,,,,,,,小山,,,,,Tokyo Yakult Swallows defeated Chunichi Dragons 5-4 at Nagoya Dome.,2689web.com Archive (https://2689web.com/2000/DS/DS27.html)
778,NPB_2000_20001003_T_Y,2000,Regular Season,Regular Season,Central League,Regular Season,,2000-10-03,Tuesday,18:00,Hanshin Tigers,阪神タイガース,Yokohama BayStars,横浜ベイスターズ,Yokohama Stadium,横浜スタジアム,Yokohama,0,1,1,1,Yokohama BayStars,Hanshin Tigers,Home Win,0-1,9,No,Completed,,,,,,,,,,三浦,,,,,,Yokohama BayStars defeated Hanshin Tigers 0-1 at Yokohama Stadium behind winning pitcher 三浦.,2689web.com Archive (https://2689web.com/2000/YT/YT27.html)
779,NPB_2000_20001003_L_H,2000,Regular Season,Regular Season,Pacific League,Regular Season,,2000-10-03,Tuesday,18:00,Seibu Lions,西武ライオンズ,Fukuoka Daiei Hawks,福岡ダイエーホークス,Fukuoka Dome,福岡ドーム,Fukuoka,2,1,3,1,Seibu Lions,Fukuoka Daiei Hawks,Away Win,2-1,9,No,Completed,,,,,,,,,,,ペドラザ,,,,,Seibu Lions defeated Fukuoka Daiei Hawks 2-1 at Fukuoka Dome.,2689web.com Archive (https://2689web.com/2000/HL/HL26.html)
780,NPB_2000_20001003_M_F,2000,Regular Season,Regular Season,Pacific League,Regular Season,,2000-10-03,Tuesday,18:00,Chiba Lotte Marines,千葉ロッテマリーンズ,Nippon-Ham Fighters,日本ハムファイターズ,Tokyo Dome,東京ドーム,Tokyo,3,4,7,1,Nippon-Ham Fighters,Chiba Lotte Marines,Home Win,3-4,9,No,Completed,,,,,,,,,,立石,,,,,,Nippon-Ham Fighters defeated Chiba Lotte Marines 3-4 at Tokyo Dome behind winning pitcher 立石.,2689web.com Archive (https://2689web.com/2000/FM/FM26.html)
781,NPB_2000_20001003_K_B,2000,Regular Season,Regular Season,Pacific League,Regular Season,,2000-10-03,Tuesday,18:00,Osaka Kintetsu Buffaloes,大阪近鉄バファローズ,ORIX BlueWave,オリックス・ブルーウェーブ,Green Stadium Kobe,グリーンスタジアム神戸,Kobe,2,5,7,3,ORIX BlueWave,Osaka Kintetsu Buffaloes,Home Win,2-5,9,No,Completed,,,,,,,,,,小倉,,,,,,ORIX BlueWave defeated Osaka Kintetsu Buffaloes 2-5 at Green Stadium Kobe behind winning pitcher 小倉.,2689web.com Archive (https://2689web.com/2000/BK/BK27.html)
782,NPB_2000_20001004_C_S,2000,Regular Season,Regular Season,Central League,Regular Season,,2000-10-04,Wednesday,18:00,Hiroshima Toyo Carp,広島東洋カープ,Tokyo Yakult Swallows,東京ヤクルトスワローズ,Meiji Jingu Stadium,明治神宮野球場,Tokyo,1,0,1,1,Hiroshima Toyo Carp,Tokyo Yakult Swallows,Away Win,1-0,9,No,Completed,,,,,,,,,,,伊藤智,,,,,Hiroshima Toyo Carp defeated Tokyo Yakult Swallows 1-0 at Meiji Jingu Stadium.,2689web.com Archive (https://2689web.com/2000/SC/SC26.html)
783,NPB_2000_20001004_L_H,2000,Regular Season,Regular Season,Pacific League,Regular Season,,2000-10-04,Wednesday,18:00,Seibu Lions,西武ライオンズ,Fukuoka Daiei Hawks,福岡ダイエーホークス,Fukuoka Dome,福岡ドーム,Fukuoka,0,3,3,3,Fukuoka Daiei Hawks,Seibu Lions,Home Win,0-3,9,No,Completed,,,,,,,,,,永井,,,,,,Fukuoka Daiei Hawks defeated Seibu Lions 0-3 at Fukuoka Dome behind winning pitcher 永井.,2689web.com Archive (https://2689web.com/2000/HL/HL27.html)
784,NPB_2000_20001004_M_F,2000,Regular Season,Regular Season,Pacific League,Regular Season,,2000-10-04,Wednesday,18:00,Chiba Lotte Marines,千葉ロッテマリーンズ,Nippon-Ham Fighters,日本ハムファイターズ,Tokyo Dome,東京ドーム,Tokyo,6,5,11,1,Chiba Lotte Marines,Nippon-Ham Fighters,Away Win,6-5,9,No,Completed,,,,,,,,,,,建山,,,,,Chiba Lotte Marines defeated Nippon-Ham Fighters 6-5 at Tokyo Dome.,2689web.com Archive (https://2689web.com/2000/FM/FM27.html)
785,NPB_2000_20001005_C_D,2000,Regular Season,Regular Season,Central League,Regular Season,,2000-10-05,Thursday,18:00,Hiroshima Toyo Carp,広島東洋カープ,Chunichi Dragons,中日ドラゴンズ,Nagoya Dome,ナゴヤドーム,Nagoya,6,3,9,3,Hiroshima Toyo Carp,Chunichi Dragons,Away Win,6-3,9,No,Completed,,,,,,,,,,,野口,,,,,Hiroshima Toyo Carp defeated Chunichi Dragons 6-3 at Nagoya Dome.,2689web.com Archive (https://2689web.com/2000/DC/DC24.html)
786,NPB_2000_20001005_T_S,2000,Regular Season,Regular Season,Central League,Regular Season,,2000-10-05,Thursday,18:00,Hanshin Tigers,阪神タイガース,Tokyo Yakult Swallows,東京ヤクルトスワローズ,Meiji Jingu Stadium,明治神宮野球場,Tokyo,1,3,4,2,Tokyo Yakult Swallows,Hanshin Tigers,Home Win,1-3,9,No,Completed,,,,,,,,,,石井一,,,,,,Tokyo Yakult Swallows defeated Hanshin Tigers 1-3 at Meiji Jingu Stadium behind winning pitcher 石井一.,2689web.com Archive (https://2689web.com/2000/ST/ST26.html)
787,NPB_2000_20001005_M_H,2000,Regular Season,Regular Season,Pacific League,Regular Season,,2000-10-05,Thursday,18:00,Chiba Lotte Marines,千葉ロッテマリーンズ,Fukuoka Daiei Hawks,福岡ダイエーホークス,Fukuoka Dome,福岡ドーム,Fukuoka,8,5,13,3,Chiba Lotte Marines,Fukuoka Daiei Hawks,Away Win,8-5,9,No,Completed,,,,,,,,,,,渡辺秀,,,,,Chiba Lotte Marines defeated Fukuoka Daiei Hawks 8-5 at Fukuoka Dome.,2689web.com Archive (https://2689web.com/2000/HM/HM26.html)
788,NPB_2000_20001005_B_L,2000,Regular Season,Regular Season,Pacific League,Regular Season,,2000-10-05,Thursday,18:00,ORIX BlueWave,オリックス・ブルーウェーブ,Seibu Lions,西武ライオンズ,Seibu Dome,西武ドーム,Tokorozawa,1,3,4,2,Seibu Lions,ORIX BlueWave,Home Win,1-3,9,No,Completed,,,,,,,,,,許,,,,,,Seibu Lions defeated ORIX BlueWave 1-3 at Seibu Dome behind winning pitcher 許.,2689web.com Archive (https://2689web.com/2000/LB/LB25.html)
789,NPB_2000_20001005_K_F,2000,Regular Season,Regular Season,Pacific League,Regular Season,,2000-10-05,Thursday,18:00,Osaka Kintetsu Buffaloes,大阪近鉄バファローズ,Nippon-Ham Fighters,日本ハムファイターズ,Tokyo Dome,東京ドーム,Tokyo,1,7,8,6,Nippon-Ham Fighters,Osaka Kintetsu Buffaloes,Home Win,1-7,9,No,Completed,,,,,,,,,,清水,,,,,,Nippon-Ham Fighters defeated Osaka Kintetsu Buffaloes 1-7 at Tokyo Dome behind winning pitcher 清水.,2689web.com Archive (https://2689web.com/2000/FK/FK27.html)
790,NPB_2000_20001006_T_S,2000,Regular Season,Regular Season,Central League,Regular Season,,2000-10-06,Friday,18:00,Hanshin Tigers,阪神タイガース,Tokyo Yakult Swallows,東京ヤクルトスワローズ,Meiji Jingu Stadium,明治神宮野球場,Tokyo,5,6,11,1,Tokyo Yakult Swallows,Hanshin Tigers,Home Win,5-6,9,No,Completed,,,,,,,,,,石井弘,,,,,,Tokyo Yakult Swallows defeated Hanshin Tigers 5-6 at Meiji Jingu Stadium behind winning pitcher 石井弘.,2689web.com Archive (https://2689web.com/2000/ST/ST27.html)
791,NPB_2000_20001006_M_H,2000,Regular Season,Regular Season,Pacific League,Regular Season,,2000-10-06,Friday,18:00,Chiba Lotte Marines,千葉ロッテマリーンズ,Fukuoka Daiei Hawks,福岡ダイエーホークス,Fukuoka Dome,福岡ドーム,Fukuoka,5,4,9,1,Chiba Lotte Marines,Fukuoka Daiei Hawks,Away Win,5-4,9,No,Completed,,,,,,,,,,,星野,,,,,Chiba Lotte Marines defeated Fukuoka Daiei Hawks 5-4 at Fukuoka Dome.,2689web.com Archive (https://2689web.com/2000/HM/HM27.html)
792,NPB_2000_20001006_B_L,2000,Regular Season,Regular Season,Pacific League,Regular Season,,2000-10-06,Friday,18:00,ORIX BlueWave,オリックス・ブルーウェーブ,Seibu Lions,西武ライオンズ,Seibu Dome,西武ドーム,Tokorozawa,1,5,6,4,Seibu Lions,ORIX BlueWave,Home Win,1-5,9,No,Completed,,,,,,,,,,西口,,,,,,Seibu Lions defeated ORIX BlueWave 1-5 at Seibu Dome behind winning pitcher 西口.,2689web.com Archive (https://2689web.com/2000/LB/LB26.html)
793,NPB_2000_20001007_C_D,2000,Regular Season,Regular Season,Central League,Regular Season,,2000-10-07,Saturday,18:00,Hiroshima Toyo Carp,広島東洋カープ,Chunichi Dragons,中日ドラゴンズ,Nagoya Dome,ナゴヤドーム,Nagoya,3,2,5,1,Hiroshima Toyo Carp,Chunichi Dragons,Away Win,3-2,9,No,Completed,,,,,,,,,,,山本昌,,,,,Hiroshima Toyo Carp defeated Chunichi Dragons 3-2 at Nagoya Dome.,2689web.com Archive (https://2689web.com/2000/DC/DC25.html)
794,NPB_2000_20001007_S_Y,2000,Regular Season,Regular Season,Central League,Regular Season,,2000-10-07,Saturday,18:00,Tokyo Yakult Swallows,東京ヤクルトスワローズ,Yokohama BayStars,横浜ベイスターズ,Yokohama Stadium,横浜スタジアム,Yokohama,2,0,2,2,Tokyo Yakult Swallows,Yokohama BayStars,Away Win,2-0,9,No,Completed,,,,,,,,,,,川村,,,,,Tokyo Yakult Swallows defeated Yokohama BayStars 2-0 at Yokohama Stadium.,2689web.com Archive (https://2689web.com/2000/YS/YS25.html)
795,NPB_2000_20001007_B_H,2000,Regular Season,Regular Season,Pacific League,Regular Season,,2000-10-07,Saturday,18:00,ORIX BlueWave,オリックス・ブルーウェーブ,Fukuoka Daiei Hawks,福岡ダイエーホークス,Fukuoka Dome,福岡ドーム,Fukuoka,0,1,1,1,Fukuoka Daiei Hawks,ORIX BlueWave,Home Win,0-1,9,No,Completed,,,,,,,,,,田之上,,,,,,Fukuoka Daiei Hawks defeated ORIX BlueWave 0-1 at Fukuoka Dome behind winning pitcher 田之上.,2689web.com Archive (https://2689web.com/2000/HB/HB24.html)
796,NPB_2000_20001007_F_L,2000,Regular Season,Regular Season,Pacific League,Regular Season,,2000-10-07,Saturday,18:00,Nippon-Ham Fighters,日本ハムファイターズ,Seibu Lions,西武ライオンズ,Seibu Dome,西武ドーム,Tokorozawa,6,3,9,3,Nippon-Ham Fighters,Seibu Lions,Away Win,6-3,9,No,Completed,,,,,,,,,,,石井,,,,,Nippon-Ham Fighters defeated Seibu Lions 6-3 at Seibu Dome.,2689web.com Archive (https://2689web.com/2000/LF/LF26.html)
797,NPB_2000_20001007_K_M,2000,Regular Season,Regular Season,Pacific League,Regular Season,,2000-10-07,Saturday,18:00,Osaka Kintetsu Buffaloes,大阪近鉄バファローズ,Chiba Lotte Marines,千葉ロッテマリーンズ,Chiba Marine Stadium,千葉マリンスタジアム,Chiba,5,4,9,1,Osaka Kintetsu Buffaloes,Chiba Lotte Marines,Away Win,5-4,9,No,Completed,,,,,,,,,,,竹清,,,,,Osaka Kintetsu Buffaloes defeated Chiba Lotte Marines 5-4 at Chiba Marine Stadium.,2689web.com Archive (https://2689web.com/2000/MK/MK26.html)
798,NPB_2000_20001008_C_D,2000,Regular Season,Regular Season,Central League,Regular Season,,2000-10-08,Sunday,18:00,Hiroshima Toyo Carp,広島東洋カープ,Chunichi Dragons,中日ドラゴンズ,Nagoya Dome,ナゴヤドーム,Nagoya,1,6,7,5,Chunichi Dragons,Hiroshima Toyo Carp,Home Win,1-6,9,No,Completed,,,,,,,,,,岩瀬,,,,,,Chunichi Dragons defeated Hiroshima Toyo Carp 1-6 at Nagoya Dome behind winning pitcher 岩瀬.,2689web.com Archive (https://2689web.com/2000/DC/DC26.html)
799,NPB_2000_20001008_S_Y,2000,Regular Season,Regular Season,Central League,Regular Season,,2000-10-08,Sunday,18:00,Tokyo Yakult Swallows,東京ヤクルトスワローズ,Yokohama BayStars,横浜ベイスターズ,Yokohama Stadium,横浜スタジアム,Yokohama,0,3,3,3,Yokohama BayStars,Tokyo Yakult Swallows,Home Win,0-3,9,No,Completed,,,,,,,,,,神田,,,,,,Yokohama BayStars defeated Tokyo Yakult Swallows 0-3 at Yokohama Stadium behind winning pitcher 神田.,2689web.com Archive (https://2689web.com/2000/YS/YS26.html)
800,NPB_2000_20001008_B_H,2000,Regular Season,Regular Season,Pacific League,Regular Season,,2000-10-08,Sunday,18:00,ORIX BlueWave,オリックス・ブルーウェーブ,Fukuoka Daiei Hawks,福岡ダイエーホークス,Fukuoka Dome,福岡ドーム,Fukuoka,8,3,11,5,ORIX BlueWave,Fukuoka Daiei Hawks,Away Win,8-3,9,No,Completed,,,,,,,,,,,若田部,,,,,ORIX BlueWave defeated Fukuoka Daiei Hawks 8-3 at Fukuoka Dome.,2689web.com Archive (https://2689web.com/2000/HB/HB25.html)
801,NPB_2000_20001008_F_L,2000,Regular Season,Regular Season,Pacific League,Regular Season,,2000-10-08,Sunday,18:00,Nippon-Ham Fighters,日本ハムファイターズ,Seibu Lions,西武ライオンズ,Seibu Dome,西武ドーム,Tokorozawa,1,10,11,9,Seibu Lions,Nippon-Ham Fighters,Home Win,1-10,9,No,Completed,,,,,,,,,,潮崎,,,,,,Seibu Lions defeated Nippon-Ham Fighters 1-10 at Seibu Dome behind winning pitcher 潮崎.,2689web.com Archive (https://2689web.com/2000/LF/LF27.html)
802,NPB_2000_20001008_K_M,2000,Regular Season,Regular Season,Pacific League,Regular Season,,2000-10-08,Sunday,18:00,Osaka Kintetsu Buffaloes,大阪近鉄バファローズ,Chiba Lotte Marines,千葉ロッテマリーンズ,Chiba Marine Stadium,千葉マリンスタジアム,Chiba,2,4,6,2,Chiba Lotte Marines,Osaka Kintetsu Buffaloes,Home Win,2-4,9,No,Completed,,,,,,,,,,黒木,,,,,,Chiba Lotte Marines defeated Osaka Kintetsu Buffaloes 2-4 at Chiba Marine Stadium behind winning pitcher 黒木.,2689web.com Archive (https://2689web.com/2000/MK/MK27.html)
803,NPB_2000_20001009_C_D,2000,Regular Season,Regular Season,Central League,Regular Season,,2000-10-09,Monday,18:00,Hiroshima Toyo Carp,広島東洋カープ,Chunichi Dragons,中日ドラゴンズ,Nagoya Dome,ナゴヤドーム,Nagoya,9,2,11,7,Hiroshima Toyo Carp,Chunichi Dragons,Away Win,9-2,9,No,Completed,,,,,,,,,,,野口,,,,,Hiroshima Toyo Carp defeated Chunichi Dragons 9-2 at Nagoya Dome.,2689web.com Archive (https://2689web.com/2000/DC/DC27.html)
804,NPB_2000_20001009_S_Y,2000,Regular Season,Regular Season,Central League,Regular Season,,2000-10-09,Monday,18:00,Tokyo Yakult Swallows,東京ヤクルトスワローズ,Yokohama BayStars,横浜ベイスターズ,Yokohama Stadium,横浜スタジアム,Yokohama,1,7,8,6,Yokohama BayStars,Tokyo Yakult Swallows,Home Win,1-7,9,No,Completed,,,,,,,,,,福盛,,,,,,Yokohama BayStars defeated Tokyo Yakult Swallows 1-7 at Yokohama Stadium behind winning pitcher 福盛.,2689web.com Archive (https://2689web.com/2000/YS/YS27.html)
805,NPB_2000_20001009_M_L,2000,Regular Season,Regular Season,Pacific League,Regular Season,,2000-10-09,Monday,18:00,Chiba Lotte Marines,千葉ロッテマリーンズ,Seibu Lions,西武ライオンズ,Seibu Dome,西武ドーム,Tokorozawa,1,5,6,4,Seibu Lions,Chiba Lotte Marines,Home Win,1-5,9,No,Completed,,,,,,,,,,松坂,,,,,,Seibu Lions defeated Chiba Lotte Marines 1-5 at Seibu Dome behind winning pitcher 松坂.,2689web.com Archive (https://2689web.com/2000/LM/LM27.html)
806,NPB_2000_20001010_S_Y,2000,Regular Season,Regular Season,Central League,Regular Season,,2000-10-10,Tuesday,18:00,Tokyo Yakult Swallows,東京ヤクルトスワローズ,Yokohama BayStars,横浜ベイスターズ,Yokohama Stadium,横浜スタジアム,Yokohama,5,6,11,1,Yokohama BayStars,Tokyo Yakult Swallows,Home Win,5-6,9,No,Completed,,,,,,,,,,木塚,,,,,,Yokohama BayStars defeated Tokyo Yakult Swallows 5-6 at Yokohama Stadium behind winning pitcher 木塚.,2689web.com Archive (https://2689web.com/2000/YS/YS28.html)
807,NPB_2000_20001010_B_H,2000,Regular Season,Regular Season,Pacific League,Regular Season,,2000-10-10,Tuesday,18:00,ORIX BlueWave,オリックス・ブルーウェーブ,Fukuoka Daiei Hawks,福岡ダイエーホークス,Fukuoka Dome,福岡ドーム,Fukuoka,4,3,7,1,ORIX BlueWave,Fukuoka Daiei Hawks,Away Win,4-3,9,No,Completed,,,,,,,,,,,倉野,,,,,ORIX BlueWave defeated Fukuoka Daiei Hawks 4-3 at Fukuoka Dome.,2689web.com Archive (https://2689web.com/2000/HB/HB26.html)
808,NPB_2000_20001011_C_S,2000,Regular Season,Regular Season,Central League,Regular Season,,2000-10-11,Wednesday,18:00,Hiroshima Toyo Carp,広島東洋カープ,Tokyo Yakult Swallows,東京ヤクルトスワローズ,Meiji Jingu Stadium,明治神宮野球場,Tokyo,2,1,3,1,Hiroshima Toyo Carp,Tokyo Yakult Swallows,Away Win,2-1,9,No,Completed,,,,,,,,,,,石井弘,,,,,Hiroshima Toyo Carp defeated Tokyo Yakult Swallows 2-1 at Meiji Jingu Stadium.,2689web.com Archive (https://2689web.com/2000/SC/SC27.html)
809,NPB_2000_20001011_B_H,2000,Regular Season,Regular Season,Pacific League,Regular Season,,2000-10-11,Wednesday,18:00,ORIX BlueWave,オリックス・ブルーウェーブ,Fukuoka Daiei Hawks,福岡ダイエーホークス,Fukuoka Dome,福岡ドーム,Fukuoka,10,6,16,4,ORIX BlueWave,Fukuoka Daiei Hawks,Away Win,10-6,9,No,Completed,,,,,,,,,,,永井,,,,,ORIX BlueWave defeated Fukuoka Daiei Hawks 10-6 at Fukuoka Dome.,2689web.com Archive (https://2689web.com/2000/HB/HB27.html)
810,NPB_2000_20001013_B_L,2000,Regular Season,Regular Season,Pacific League,Regular Season,,2000-10-13,Friday,18:00,ORIX BlueWave,オリックス・ブルーウェーブ,Seibu Lions,西武ライオンズ,Seibu Dome,西武ドーム,Tokorozawa,2,1,3,1,ORIX BlueWave,Seibu Lions,Away Win,2-1,9,No,Completed,,,,,,,,,,,後藤,,,,,ORIX BlueWave defeated Seibu Lions 2-1 at Seibu Dome.,2689web.com Archive (https://2689web.com/2000/LB/LB27.html)
811,NPB_2000_20001015_M_B,2000,Regular Season,Regular Season,Pacific League,Regular Season,,2000-10-15,Sunday,18:00,Chiba Lotte Marines,千葉ロッテマリーンズ,ORIX BlueWave,オリックス・ブルーウェーブ,Green Stadium Kobe,グリーンスタジアム神戸,Kobe,4,1,5,3,Chiba Lotte Marines,ORIX BlueWave,Away Win,4-1,9,No,Completed,,,,,,,,,,,ブロウズ,,,,,Chiba Lotte Marines defeated ORIX BlueWave 4-1 at Green Stadium Kobe.,2689web.com Archive (https://2689web.com/2000/BM/BM26.html)
812,NPB_2000_20001016_M_B,2000,Regular Season,Regular Season,Pacific League,Regular Season,,2000-10-16,Monday,18:00,Chiba Lotte Marines,千葉ロッテマリーンズ,ORIX BlueWave,オリックス・ブルーウェーブ,Green Stadium Kobe,グリーンスタジアム神戸,Kobe,7,1,8,6,Chiba Lotte Marines,ORIX BlueWave,Away Win,7-1,9,No,Completed,,,,,,,,,,,嘉勢,,,,,Chiba Lotte Marines defeated ORIX BlueWave 7-1 at Green Stadium Kobe.,2689web.com Archive (https://2689web.com/2000/BM/BM27.html)
813,NPB_2000_AS_Game_1,2000,All-Star Game,All-Star Game,NPB All-Star,All-Star Series,Game 1,2000-07-21,Saturday,18:30,Pacific League All-Stars,パシフィック・リーグ,Central League All-Stars,セントラル・リーグ,All-Star Host Ballpark,オールスター開催球場,Various,4,5,9,1,Central League All-Stars,Pacific League All-Stars,Home Win,4-5,9,No,Completed,,,,,,,,,,,,,,,,2000 NPB All-Star Game 1 featuring Central League and Pacific League selections.,2689web.com Archive (https://2689web.com/2000/2000/as/as1.html)
814,NPB_2000_AS_Game_1,2000,All-Star Game,All-Star Game,NPB All-Star,All-Star Series,Game 1,2000-07-21,Saturday,18:30,Pacific League All-Stars,パシフィック・リーグ,Central League All-Stars,セントラル・リーグ,All-Star Host Ballpark,オールスター開催球場,Various,4,5,9,1,Central League All-Stars,Pacific League All-Stars,Home Win,4-5,9,No,Completed,,,,,,,,,,,,,,,,2000 NPB All-Star Game 1 featuring Central League and Pacific League selections.,2689web.com Archive (https://2689web.com/2000/2000/as/as1.html)
815,NPB_2000_AS_Game_2,2000,All-Star Game,All-Star Game,NPB All-Star,All-Star Series,Game 2,2000-07-22,Saturday,18:30,Pacific League All-Stars,パシフィック・リーグ,Central League All-Stars,セントラル・リーグ,All-Star Host Ballpark,オールスター開催球場,Various,4,5,9,1,Central League All-Stars,Pacific League All-Stars,Home Win,4-5,9,No,Completed,,,,,,,,,,,,,,,,2000 NPB All-Star Game 2 featuring Central League and Pacific League selections.,2689web.com Archive (https://2689web.com/2000/2000/as/as2.html)
816,NPB_2000_AS_Game_2,2000,All-Star Game,All-Star Game,NPB All-Star,All-Star Series,Game 2,2000-07-22,Saturday,18:30,Pacific League All-Stars,パシフィック・リーグ,Central League All-Stars,セントラル・リーグ,All-Star Host Ballpark,オールスター開催球場,Various,4,5,9,1,Central League All-Stars,Pacific League All-Stars,Home Win,4-5,9,No,Completed,,,,,,,,,,,,,,,,2000 NPB All-Star Game 2 featuring Central League and Pacific League selections.,2689web.com Archive (https://2689web.com/2000/2000/as/as2.html)
817,NPB_2000_AS_Game_3,2000,All-Star Game,All-Star Game,NPB All-Star,All-Star Series,Game 3,2000-07-23,Saturday,18:30,Pacific League All-Stars,パシフィック・リーグ,Central League All-Stars,セントラル・リーグ,All-Star Host Ballpark,オールスター開催球場,Various,4,5,9,1,Central League All-Stars,Pacific League All-Stars,Home Win,4-5,9,No,Completed,,,,,,,,,,,,,,,,2000 NPB All-Star Game 3 featuring Central League and Pacific League selections.,2689web.com Archive (https://2689web.com/2000/2000/as/as3.html)
818,NPB_2000_AS_Game_3,2000,All-Star Game,All-Star Game,NPB All-Star,All-Star Series,Game 3,2000-07-23,Saturday,18:30,Pacific League All-Stars,パシフィック・リーグ,Central League All-Stars,セントラル・リーグ,All-Star Host Ballpark,オールスター開催球場,Various,4,5,9,1,Central League All-Stars,Pacific League All-Stars,Home Win,4-5,9,No,Completed,,,,,,,,,,,,,,,,2000 NPB All-Star Game 3 featuring Central League and Pacific League selections.,2689web.com Archive (https://2689web.com/2000/2000/as/as3.html)
819,NPB_2000_JS_Game_1,2000,Japan Series,Japan Series,NPB Postseason,Japan Series,Game 1,2000-10-21,Saturday,18:15,Fukuoka Daiei Hawks,福岡ダイエーホークス,Yomiuri Giants,読売ジャイアンツ,Tokyo Dome,東京ドーム,Tokyo,3,5,8,2,Yomiuri Giants,Fukuoka Daiei Hawks,Home Win,3-5,9,No,Completed,,,,,,,,,,,,,,,,2000 Japan Series Game 1 between Fukuoka Daiei Hawks and Yomiuri Giants at Tokyo Dome.,2689web.com Archive (https://2689web.com/2000/2000/series/GH1.html)
820,NPB_2000_JS_Game_1,2000,Japan Series,Japan Series,NPB Postseason,Japan Series,Game 1,2000-10-21,Saturday,18:15,Fukuoka Daiei Hawks,福岡ダイエーホークス,Yomiuri Giants,読売ジャイアンツ,Tokyo Dome,東京ドーム,Tokyo,3,5,8,2,Yomiuri Giants,Fukuoka Daiei Hawks,Home Win,3-5,9,No,Completed,,,,,,,,,,,,,,,,2000 Japan Series Game 1 between Fukuoka Daiei Hawks and Yomiuri Giants at Tokyo Dome.,2689web.com Archive (https://2689web.com/2000/2000/series/GH1.html)
821,NPB_2000_JS_Game_2,2000,Japan Series,Japan Series,NPB Postseason,Japan Series,Game 2,2000-10-22,Saturday,18:15,Fukuoka Daiei Hawks,福岡ダイエーホークス,Yomiuri Giants,読売ジャイアンツ,Tokyo Dome,東京ドーム,Tokyo,3,5,8,2,Yomiuri Giants,Fukuoka Daiei Hawks,Home Win,3-5,9,No,Completed,,,,,,,,,,,,,,,,2000 Japan Series Game 2 between Fukuoka Daiei Hawks and Yomiuri Giants at Tokyo Dome.,2689web.com Archive (https://2689web.com/2000/2000/series/GH2.html)
822,NPB_2000_JS_Game_2,2000,Japan Series,Japan Series,NPB Postseason,Japan Series,Game 2,2000-10-22,Saturday,18:15,Fukuoka Daiei Hawks,福岡ダイエーホークス,Yomiuri Giants,読売ジャイアンツ,Tokyo Dome,東京ドーム,Tokyo,3,5,8,2,Yomiuri Giants,Fukuoka Daiei Hawks,Home Win,3-5,9,No,Completed,,,,,,,,,,,,,,,,2000 Japan Series Game 2 between Fukuoka Daiei Hawks and Yomiuri Giants at Tokyo Dome.,2689web.com Archive (https://2689web.com/2000/2000/series/GH2.html)
823,NPB_2000_JS_Game_3,2000,Japan Series,Japan Series,NPB Postseason,Japan Series,Game 3,2000-10-23,Saturday,18:15,Yomiuri Giants,読売ジャイアンツ,Fukuoka Daiei Hawks,福岡ダイエーホークス,Fukuoka Dome,福岡ドーム,Fukuoka,3,5,8,2,Fukuoka Daiei Hawks,Yomiuri Giants,Home Win,3-5,9,No,Completed,,,,,,,,,,,,,,,,2000 Japan Series Game 3 between Yomiuri Giants and Fukuoka Daiei Hawks at Fukuoka Dome.,2689web.com Archive (https://2689web.com/2000/2000/series/GH3.html)
824,NPB_2000_JS_Game_3,2000,Japan Series,Japan Series,NPB Postseason,Japan Series,Game 3,2000-10-23,Saturday,18:15,Yomiuri Giants,読売ジャイアンツ,Fukuoka Daiei Hawks,福岡ダイエーホークス,Fukuoka Dome,福岡ドーム,Fukuoka,3,5,8,2,Fukuoka Daiei Hawks,Yomiuri Giants,Home Win,3-5,9,No,Completed,,,,,,,,,,,,,,,,2000 Japan Series Game 3 between Yomiuri Giants and Fukuoka Daiei Hawks at Fukuoka Dome.,2689web.com Archive (https://2689web.com/2000/2000/series/GH3.html)
825,NPB_2000_JS_Game_4,2000,Japan Series,Japan Series,NPB Postseason,Japan Series,Game 4,2000-10-24,Saturday,18:15,Yomiuri Giants,読売ジャイアンツ,Fukuoka Daiei Hawks,福岡ダイエーホークス,Fukuoka Dome,福岡ドーム,Fukuoka,3,5,8,2,Fukuoka Daiei Hawks,Yomiuri Giants,Home Win,3-5,9,No,Completed,,,,,,,,,,,,,,,,2000 Japan Series Game 4 between Yomiuri Giants and Fukuoka Daiei Hawks at Fukuoka Dome.,2689web.com Archive (https://2689web.com/2000/2000/series/GH4.html)
826,NPB_2000_JS_Game_4,2000,Japan Series,Japan Series,NPB Postseason,Japan Series,Game 4,2000-10-24,Saturday,18:15,Yomiuri Giants,読売ジャイアンツ,Fukuoka Daiei Hawks,福岡ダイエーホークス,Fukuoka Dome,福岡ドーム,Fukuoka,3,5,8,2,Fukuoka Daiei Hawks,Yomiuri Giants,Home Win,3-5,9,No,Completed,,,,,,,,,,,,,,,,2000 Japan Series Game 4 between Yomiuri Giants and Fukuoka Daiei Hawks at Fukuoka Dome.,2689web.com Archive (https://2689web.com/2000/2000/series/GH4.html)
827,NPB_2000_JS_Game_5,2000,Japan Series,Japan Series,NPB Postseason,Japan Series,Game 5,2000-10-25,Saturday,18:15,Yomiuri Giants,読売ジャイアンツ,Fukuoka Daiei Hawks,福岡ダイエーホークス,Fukuoka Dome,福岡ドーム,Fukuoka,3,5,8,2,Fukuoka Daiei Hawks,Yomiuri Giants,Home Win,3-5,9,No,Completed,,,,,,,,,,,,,,,,2000 Japan Series Game 5 between Yomiuri Giants and Fukuoka Daiei Hawks at Fukuoka Dome.,2689web.com Archive (https://2689web.com/2000/2000/series/GH5.html)
828,NPB_2000_JS_Game_5,2000,Japan Series,Japan Series,NPB Postseason,Japan Series,Game 5,2000-10-25,Saturday,18:15,Yomiuri Giants,読売ジャイアンツ,Fukuoka Daiei Hawks,福岡ダイエーホークス,Fukuoka Dome,福岡ドーム,Fukuoka,3,5,8,2,Fukuoka Daiei Hawks,Yomiuri Giants,Home Win,3-5,9,No,Completed,,,,,,,,,,,,,,,,2000 Japan Series Game 5 between Yomiuri Giants and Fukuoka Daiei Hawks at Fukuoka Dome.,2689web.com Archive (https://2689web.com/2000/2000/series/GH5.html)
829,NPB_2000_JS_Game_6,2000,Japan Series,Japan Series,NPB Postseason,Japan Series,Game 6,2000-10-26,Saturday,18:15,Fukuoka Daiei Hawks,福岡ダイエーホークス,Yomiuri Giants,読売ジャイアンツ,Tokyo Dome,東京ドーム,Tokyo,3,5,8,2,Yomiuri Giants,Fukuoka Daiei Hawks,Home Win,3-5,9,No,Completed,,,,,,,,,,,,,,,,2000 Japan Series Game 6 between Fukuoka Daiei Hawks and Yomiuri Giants at Tokyo Dome.,2689web.com Archive (https://2689web.com/2000/2000/series/GH6.html)
830,NPB_2000_JS_Game_6,2000,Japan Series,Japan Series,NPB Postseason,Japan Series,Game 6,2000-10-26,Saturday,18:15,Fukuoka Daiei Hawks,福岡ダイエーホークス,Yomiuri Giants,読売ジャイアンツ,Tokyo Dome,東京ドーム,Tokyo,3,5,8,2,Yomiuri Giants,Fukuoka Daiei Hawks,Home Win,3-5,9,No,Completed,,,,,,,,,,,,,,,,2000 Japan Series Game 6 between Fukuoka Daiei Hawks and Yomiuri Giants at Tokyo Dome.,2689web.com Archive (https://2689web.com/2000/2000/series/GH6.html)
