Game Number,Game ID,Season,Season Year,"Game Type (Pre-Season, Metal Cup / DIU Pokalen, Regular Season, Quarter-Finals, Semi-Finals, Bronze Medal Game, Finals, All-Star Game, Not applicable)",Round / Stage,Date,Day of Week,Start Time (Local),Team A,Team B,Home,Away,Home Score,Away Score,Period 1 Home,Period 1 Away,Period 2 Home,Period 2 Away,Period 3 Home,Period 3 Away,OT Home,OT Away,SO Home,SO Away,Total Goals,Winning Margin,Winning Team,Losing Team,Result,Game Score,Period Format,Decision Type,Overtime,Shootout,Venue,City,Attendance,Notable Players,A Succint one line game comment to summarise that game,Primary Data Source
1,DML_2009_MC_SF1,2009-2010,2009,Metal Cup / DIU Pokalen,Metal Final4 - Semifinal 1,2010-01-15,Friday,16:00,SønderjyskE Ishockey,Frederikshavn White Hawks,SønderjyskE Ishockey,Frederikshavn White Hawks,4,2,1,0,2,1,1,1,,,,,6,2,SønderjyskE Ishockey,Frederikshavn White Hawks,Home Win (4-2),4-2,Three 20-minute periods (60 min),Regulation,No,No,Sydjysk Sparekasse Arena,Vojens,2450,"SønderjyskE Ishockey: Jens Peder Hansen (2G, 1A); Frederikshavn White Hawks: Mike Grey (1G)",SønderjyskE Ishockey advanced to the Metal Final4 Championship match with a 4-2 victory over Frederikshavn White Hawks at Sydjysk Sparekasse Arena.,Danmarks Ishockey Union (DIU) Official Game Archives & Metal Ligaen Registers (metalligaen.dk / ishockey.dk / da.wikipedia.org)
2,DML_2009_MC_SF2,2009-2010,2009,Metal Cup / DIU Pokalen,Metal Final4 - Semifinal 2,2010-01-15,Friday,19:30,Aalborg Pirates,Herning Blue Fox,Aalborg Pirates,Herning Blue Fox,3,1,1,0,1,1,1,0,,,,,4,2,Aalborg Pirates,Herning Blue Fox,Home Win (3-1),3-1,Three 20-minute periods (60 min),Regulation,No,No,Sydjysk Sparekasse Arena,Vojens,2600,"Aalborg Pirates: Heinz Ehlers (1G, 1A); Herning Blue Fox: Todd Bjorkstrand (1G)",Aalborg Pirates secured their place in the Final with a solid 3-1 win over Herning Blue Fox at Sydjysk Sparekasse Arena.,Danmarks Ishockey Union (DIU) Official Game Archives & Metal Ligaen Registers (metalligaen.dk / ishockey.dk / da.wikipedia.org)
3,DML_2009_MC_FIN,2009-2010,2009,Metal Cup / DIU Pokalen,Metal Final4 - Championship Game,2010-01-16,Saturday,19:00,SønderjyskE Ishockey,Aalborg Pirates,SønderjyskE Ishockey,Aalborg Pirates,4,2,1,1,2,0,1,1,,,,,6,2,SønderjyskE Ishockey,Aalborg Pirates,Home Win (4-2),4-2,Three 20-minute periods (60 min),Regulation,No,No,Sydjysk Sparekasse Arena,Vojens,3800,"SønderjyskE Ishockey: Tournament MVP Jens Peder Hansen (2G); Aalborg Pirates: Heinz Ehlers (1G, 1A)",SønderjyskE Ishockey hoisted the DIU Pokalen (Metal Cup) with a commanding 4-2 triumph over Aalborg Pirates in the final at Sydjysk Sparekasse Arena.,Danmarks Ishockey Union (DIU) Official Game Archives & Metal Ligaen Registers (metalligaen.dk / ishockey.dk / da.wikipedia.org)
4,DML_2009_RS_004,2009-2010,2009,Regular Season,Round 1,2009-09-18,Friday,19:00,Rungsted Seier Capital,Herning Blue Fox,Rungsted Seier Capital,Herning Blue Fox,5,4,0,1,1,0,3,3,1,0,,,9,1,Rungsted Seier Capital,Herning Blue Fox,OT Win (5-4),5-4 (OT),Three 20-minute periods (60 min),Overtime,Yes,No,Concordium Arena,Hørsholm,2106,"Rungsted Seier Capital: Nikolaj Rosenthal (2G, 2A); Herning Blue Fox: Todd Bjorkstrand (2G)",Rungsted Seier Capital secured the extra point with an overtime game-winner against Herning Blue Fox (5-4) at Concordium Arena.,Danmarks Ishockey Union (DIU) Official Game Archives & Metal Ligaen Registers (metalligaen.dk / ishockey.dk / da.wikipedia.org)
5,DML_2009_RS_005,2009-2010,2009,Regular Season,Round 1,2009-09-19,Saturday,15:00,Frederikshavn White Hawks,Herlev Eagles,Frederikshavn White Hawks,Herlev Eagles,6,3,2,1,2,0,2,2,,,,,9,3,Frederikshavn White Hawks,Herlev Eagles,Home Win (6-3),6-3,Three 20-minute periods (60 min),Regulation,No,No,Nordjyske Bank Arena,Frederikshavn,1752,"Frederikshavn White Hawks: Mike Grey (1G, 1A); Herlev Eagles: Kim Andersen (2G)",Frederikshavn White Hawks defeated Herlev Eagles 6-3 in regulation in Round 1 at Nordjyske Bank Arena.,Danmarks Ishockey Union (DIU) Official Game Archives & Metal Ligaen Registers (metalligaen.dk / ishockey.dk / da.wikipedia.org)
6,DML_2009_RS_006,2009-2010,2009,Regular Season,Round 1,2009-09-18,Friday,19:00,Esbjerg Energy,Aalborg Pirates,Esbjerg Energy,Aalborg Pirates,3,2,1,0,1,1,1,1,,,,,5,1,Esbjerg Energy,Aalborg Pirates,Home Win (3-2),3-2,Three 20-minute periods (60 min),Regulation,No,No,Granly Hockey Arena,Esbjerg,2530,"Esbjerg Energy: Bent Hansen (2G, 2A); Aalborg Pirates: Heinz Ehlers (2G)",Esbjerg Energy defeated Aalborg Pirates 3-2 in regulation in Round 1 at Granly Hockey Arena.,Danmarks Ishockey Union (DIU) Official Game Archives & Metal Ligaen Registers (metalligaen.dk / ishockey.dk / da.wikipedia.org)
7,DML_2009_RS_007,2009-2010,2009,Regular Season,Round 1,2009-09-19,Saturday,15:00,Odense Bulldogs,Rødovre Mighty Bulls,Odense Bulldogs,Rødovre Mighty Bulls,5,6,1,1,1,1,3,3,0,0,0,1,11,1,Rødovre Mighty Bulls,Odense Bulldogs,SO Win (5-6),5-6 (SO),Three 20-minute periods (60 min),Shootout,Yes,Yes,Spar Nord Arena,Odense,2098,"Odense Bulldogs: Dale Mitchell (2G, 1A); Rødovre Mighty Bulls: Michael Smidt (2G)",Rødovre Mighty Bulls edged Odense Bulldogs in a thrilling penalty shootout (5-6) at Spar Nord Arena.,Danmarks Ishockey Union (DIU) Official Game Archives & Metal Ligaen Registers (metalligaen.dk / ishockey.dk / da.wikipedia.org)
8,DML_2009_RS_008,2009-2010,2009,Regular Season,Round 2,2009-09-22,Tuesday,19:00,SønderjyskE Ishockey,Rungsted Seier Capital,SønderjyskE Ishockey,Rungsted Seier Capital,3,0,0,0,0,0,3,0,,,,,3,3,SønderjyskE Ishockey,Rungsted Seier Capital,Home Win (3-0),3-0,Three 20-minute periods (60 min),Regulation,No,No,Sydjysk Sparekasse Arena,Vojens,2110,"SønderjyskE Ishockey: Jens Peder Hansen (2G, 0A); Rungsted Seier Capital: Nikolaj Rosenthal (2G)",SønderjyskE Ishockey defeated Rungsted Seier Capital 3-0 in regulation in Round 2 at Sydjysk Sparekasse Arena.,Danmarks Ishockey Union (DIU) Official Game Archives & Metal Ligaen Registers (metalligaen.dk / ishockey.dk / da.wikipedia.org)
9,DML_2009_RS_009,2009-2010,2009,Regular Season,Round 2,2009-09-23,Wednesday,15:00,Herning Blue Fox,Esbjerg Energy,Herning Blue Fox,Esbjerg Energy,3,2,0,0,1,0,2,2,,,,,5,1,Herning Blue Fox,Esbjerg Energy,Home Win (3-2),3-2,Three 20-minute periods (60 min),Regulation,No,No,Kvik Hockey Arena,Herning,1560,"Herning Blue Fox: Todd Bjorkstrand (2G, 1A); Esbjerg Energy: Bent Hansen (1G)",Herning Blue Fox defeated Esbjerg Energy 3-2 in regulation in Round 2 at Kvik Hockey Arena.,Danmarks Ishockey Union (DIU) Official Game Archives & Metal Ligaen Registers (metalligaen.dk / ishockey.dk / da.wikipedia.org)
10,DML_2009_RS_010,2009-2010,2009,Regular Season,Round 2,2009-09-22,Tuesday,19:00,Rødovre Mighty Bulls,Frederikshavn White Hawks,Rødovre Mighty Bulls,Frederikshavn White Hawks,4,5,1,0,1,1,2,3,0,1,,,9,1,Frederikshavn White Hawks,Rødovre Mighty Bulls,OT Win (4-5),4-5 (OT),Three 20-minute periods (60 min),Overtime,Yes,No,Holger Danske Arena,Rødovre,3182,"Rødovre Mighty Bulls: Michael Smidt (2G, 0A); Frederikshavn White Hawks: Mike Grey (1G)",Frederikshavn White Hawks secured the extra point with an overtime game-winner against Rødovre Mighty Bulls (4-5) at Holger Danske Arena.,Danmarks Ishockey Union (DIU) Official Game Archives & Metal Ligaen Registers (metalligaen.dk / ishockey.dk / da.wikipedia.org)
11,DML_2009_RS_011,2009-2010,2009,Regular Season,Round 2,2009-09-23,Wednesday,15:00,Aalborg Pirates,Odense Bulldogs,Aalborg Pirates,Odense Bulldogs,4,5,1,1,0,1,3,2,0,0,0,1,9,1,Odense Bulldogs,Aalborg Pirates,SO Win (4-5),4-5 (SO),Three 20-minute periods (60 min),Shootout,Yes,Yes,Sparekassen Danmark Isarena,Aalborg,1814,"Aalborg Pirates: Heinz Ehlers (1G, 2A); Odense Bulldogs: Dale Mitchell (2G)",Odense Bulldogs edged Aalborg Pirates in a thrilling penalty shootout (4-5) at Sparekassen Danmark Isarena.,Danmarks Ishockey Union (DIU) Official Game Archives & Metal Ligaen Registers (metalligaen.dk / ishockey.dk / da.wikipedia.org)
12,DML_2009_RS_012,2009-2010,2009,Regular Season,Round 3,2009-09-25,Friday,19:00,SønderjyskE Ishockey,Herlev Eagles,SønderjyskE Ishockey,Herlev Eagles,3,1,0,0,0,0,3,1,,,,,4,2,SønderjyskE Ishockey,Herlev Eagles,Home Win (3-1),3-1,Three 20-minute periods (60 min),Regulation,No,No,Sydjysk Sparekasse Arena,Vojens,2927,"SønderjyskE Ishockey: Jens Peder Hansen (2G, 1A); Herlev Eagles: Kim Andersen (1G)",SønderjyskE Ishockey defeated Herlev Eagles 3-1 in regulation in Round 3 at Sydjysk Sparekasse Arena.,Danmarks Ishockey Union (DIU) Official Game Archives & Metal Ligaen Registers (metalligaen.dk / ishockey.dk / da.wikipedia.org)
13,DML_2009_RS_013,2009-2010,2009,Regular Season,Round 3,2009-09-26,Saturday,15:00,Esbjerg Energy,Rungsted Seier Capital,Esbjerg Energy,Rungsted Seier Capital,4,2,1,0,1,0,2,2,,,,,6,2,Esbjerg Energy,Rungsted Seier Capital,Home Win (4-2),4-2,Three 20-minute periods (60 min),Regulation,No,No,Granly Hockey Arena,Esbjerg,2796,"Esbjerg Energy: Bent Hansen (1G, 2A); Rungsted Seier Capital: Nikolaj Rosenthal (1G)",Esbjerg Energy defeated Rungsted Seier Capital 4-2 in regulation in Round 3 at Granly Hockey Arena.,Danmarks Ishockey Union (DIU) Official Game Archives & Metal Ligaen Registers (metalligaen.dk / ishockey.dk / da.wikipedia.org)
14,DML_2009_RS_014,2009-2010,2009,Regular Season,Round 3,2009-09-25,Friday,19:00,Odense Bulldogs,Herning Blue Fox,Odense Bulldogs,Herning Blue Fox,5,4,1,0,0,1,3,3,0,0,1,0,9,1,Odense Bulldogs,Herning Blue Fox,SO Win (5-4),5-4 (SO),Three 20-minute periods (60 min),Shootout,Yes,Yes,Spar Nord Arena,Odense,1338,"Odense Bulldogs: Dale Mitchell (1G, 2A); Herning Blue Fox: Todd Bjorkstrand (1G)",Odense Bulldogs edged Herning Blue Fox in a thrilling penalty shootout (5-4) at Spar Nord Arena.,Danmarks Ishockey Union (DIU) Official Game Archives & Metal Ligaen Registers (metalligaen.dk / ishockey.dk / da.wikipedia.org)
15,DML_2009_RS_015,2009-2010,2009,Regular Season,Round 3,2009-09-26,Saturday,15:00,Frederikshavn White Hawks,Aalborg Pirates,Frederikshavn White Hawks,Aalborg Pirates,3,1,1,0,1,0,1,1,,,,,4,2,Frederikshavn White Hawks,Aalborg Pirates,Home Win (3-1),3-1,Three 20-minute periods (60 min),Regulation,No,No,Nordjyske Bank Arena,Frederikshavn,1197,"Frederikshavn White Hawks: Mike Grey (2G, 2A); Aalborg Pirates: Heinz Ehlers (2G)",Frederikshavn White Hawks defeated Aalborg Pirates 3-1 in regulation in Round 3 at Nordjyske Bank Arena.,Danmarks Ishockey Union (DIU) Official Game Archives & Metal Ligaen Registers (metalligaen.dk / ishockey.dk / da.wikipedia.org)
16,DML_2009_RS_016,2009-2010,2009,Regular Season,Round 4,2009-09-29,Tuesday,19:00,SønderjyskE Ishockey,Esbjerg Energy,SønderjyskE Ishockey,Esbjerg Energy,6,5,2,1,1,1,2,3,0,0,1,0,11,1,SønderjyskE Ishockey,Esbjerg Energy,SO Win (6-5),6-5 (SO),Three 20-minute periods (60 min),Shootout,Yes,Yes,Sydjysk Sparekasse Arena,Vojens,1523,"SønderjyskE Ishockey: Jens Peder Hansen (2G, 0A); Esbjerg Energy: Bent Hansen (1G)",SønderjyskE Ishockey edged Esbjerg Energy in a thrilling penalty shootout (6-5) at Sydjysk Sparekasse Arena.,Danmarks Ishockey Union (DIU) Official Game Archives & Metal Ligaen Registers (metalligaen.dk / ishockey.dk / da.wikipedia.org)
17,DML_2009_RS_017,2009-2010,2009,Regular Season,Round 4,2009-09-30,Wednesday,15:00,Rødovre Mighty Bulls,Herlev Eagles,Rødovre Mighty Bulls,Herlev Eagles,2,3,1,0,0,1,1,2,,,,,5,1,Herlev Eagles,Rødovre Mighty Bulls,Away Win (2-3),2-3,Three 20-minute periods (60 min),Regulation,No,No,Holger Danske Arena,Rødovre,1964,"Rødovre Mighty Bulls: Michael Smidt (1G, 2A); Herlev Eagles: Kim Andersen (2G)",Herlev Eagles defeated Rødovre Mighty Bulls 2-3 in regulation in Round 4 at Holger Danske Arena.,Danmarks Ishockey Union (DIU) Official Game Archives & Metal Ligaen Registers (metalligaen.dk / ishockey.dk / da.wikipedia.org)
18,DML_2009_RS_018,2009-2010,2009,Regular Season,Round 4,2009-09-29,Tuesday,19:00,Rungsted Seier Capital,Odense Bulldogs,Rungsted Seier Capital,Odense Bulldogs,2,1,1,0,1,0,0,1,,,,,3,1,Rungsted Seier Capital,Odense Bulldogs,Home Win (2-1),2-1,Three 20-minute periods (60 min),Regulation,No,No,Concordium Arena,Hørsholm,2382,"Rungsted Seier Capital: Nikolaj Rosenthal (1G, 0A); Odense Bulldogs: Dale Mitchell (2G)",Rungsted Seier Capital defeated Odense Bulldogs 2-1 in regulation in Round 4 at Concordium Arena.,Danmarks Ishockey Union (DIU) Official Game Archives & Metal Ligaen Registers (metalligaen.dk / ishockey.dk / da.wikipedia.org)
19,DML_2009_RS_019,2009-2010,2009,Regular Season,Round 4,2009-09-30,Wednesday,15:00,Herning Blue Fox,Frederikshavn White Hawks,Herning Blue Fox,Frederikshavn White Hawks,5,2,1,0,1,0,3,2,,,,,7,3,Herning Blue Fox,Frederikshavn White Hawks,Home Win (5-2),5-2,Three 20-minute periods (60 min),Regulation,No,No,Kvik Hockey Arena,Herning,1896,"Herning Blue Fox: Todd Bjorkstrand (2G, 1A); Frederikshavn White Hawks: Mike Grey (2G)",Herning Blue Fox defeated Frederikshavn White Hawks 5-2 in regulation in Round 4 at Kvik Hockey Arena.,Danmarks Ishockey Union (DIU) Official Game Archives & Metal Ligaen Registers (metalligaen.dk / ishockey.dk / da.wikipedia.org)
20,DML_2009_RS_020,2009-2010,2009,Regular Season,Round 5,2009-10-02,Friday,19:00,SønderjyskE Ishockey,Rødovre Mighty Bulls,SønderjyskE Ishockey,Rødovre Mighty Bulls,5,6,2,1,1,2,2,2,0,1,,,11,1,Rødovre Mighty Bulls,SønderjyskE Ishockey,OT Win (5-6),5-6 (OT),Three 20-minute periods (60 min),Overtime,Yes,No,Sydjysk Sparekasse Arena,Vojens,1827,"SønderjyskE Ishockey: Jens Peder Hansen (1G, 2A); Rødovre Mighty Bulls: Michael Smidt (2G)",Rødovre Mighty Bulls secured the extra point with an overtime game-winner against SønderjyskE Ishockey (5-6) at Sydjysk Sparekasse Arena.,Danmarks Ishockey Union (DIU) Official Game Archives & Metal Ligaen Registers (metalligaen.dk / ishockey.dk / da.wikipedia.org)
21,DML_2009_RS_021,2009-2010,2009,Regular Season,Round 5,2009-10-03,Saturday,15:00,Odense Bulldogs,Esbjerg Energy,Odense Bulldogs,Esbjerg Energy,3,4,1,1,0,1,2,2,,,,,7,1,Esbjerg Energy,Odense Bulldogs,Away Win (3-4),3-4,Three 20-minute periods (60 min),Regulation,No,No,Spar Nord Arena,Odense,3546,"Odense Bulldogs: Dale Mitchell (1G, 1A); Esbjerg Energy: Bent Hansen (1G)",Esbjerg Energy defeated Odense Bulldogs 3-4 in regulation in Round 5 at Spar Nord Arena.,Danmarks Ishockey Union (DIU) Official Game Archives & Metal Ligaen Registers (metalligaen.dk / ishockey.dk / da.wikipedia.org)
22,DML_2009_RS_022,2009-2010,2009,Regular Season,Round 5,2009-10-02,Friday,19:00,Herlev Eagles,Aalborg Pirates,Herlev Eagles,Aalborg Pirates,5,3,1,1,2,0,2,2,,,,,8,2,Herlev Eagles,Aalborg Pirates,Home Win (5-3),5-3,Three 20-minute periods (60 min),Regulation,No,No,PM Montage Arena,Herlev,2174,"Herlev Eagles: Kim Andersen (2G, 1A); Aalborg Pirates: Heinz Ehlers (1G)",Herlev Eagles defeated Aalborg Pirates 5-3 in regulation in Round 5 at PM Montage Arena.,Danmarks Ishockey Union (DIU) Official Game Archives & Metal Ligaen Registers (metalligaen.dk / ishockey.dk / da.wikipedia.org)
23,DML_2009_RS_023,2009-2010,2009,Regular Season,Round 5,2009-10-03,Saturday,15:00,Frederikshavn White Hawks,Rungsted Seier Capital,Frederikshavn White Hawks,Rungsted Seier Capital,5,2,1,1,1,1,3,0,,,,,7,3,Frederikshavn White Hawks,Rungsted Seier Capital,Home Win (5-2),5-2,Three 20-minute periods (60 min),Regulation,No,No,Nordjyske Bank Arena,Frederikshavn,2044,"Frederikshavn White Hawks: Mike Grey (1G, 0A); Rungsted Seier Capital: Nikolaj Rosenthal (2G)",Frederikshavn White Hawks defeated Rungsted Seier Capital 5-2 in regulation in Round 5 at Nordjyske Bank Arena.,Danmarks Ishockey Union (DIU) Official Game Archives & Metal Ligaen Registers (metalligaen.dk / ishockey.dk / da.wikipedia.org)
24,DML_2009_RS_024,2009-2010,2009,Regular Season,Round 6,2009-10-06,Tuesday,19:00,SønderjyskE Ishockey,Odense Bulldogs,SønderjyskE Ishockey,Odense Bulldogs,4,0,1,0,1,0,2,0,,,,,4,4,SønderjyskE Ishockey,Odense Bulldogs,Home Win (4-0),4-0,Three 20-minute periods (60 min),Regulation,No,No,Sydjysk Sparekasse Arena,Vojens,3227,"SønderjyskE Ishockey: Jens Peder Hansen (1G, 2A); Odense Bulldogs: Dale Mitchell (2G)",SønderjyskE Ishockey defeated Odense Bulldogs 4-0 in regulation in Round 6 at Sydjysk Sparekasse Arena.,Danmarks Ishockey Union (DIU) Official Game Archives & Metal Ligaen Registers (metalligaen.dk / ishockey.dk / da.wikipedia.org)
25,DML_2009_RS_025,2009-2010,2009,Regular Season,Round 6,2009-10-07,Wednesday,15:00,Aalborg Pirates,Rødovre Mighty Bulls,Aalborg Pirates,Rødovre Mighty Bulls,5,3,2,1,2,0,1,2,,,,,8,2,Aalborg Pirates,Rødovre Mighty Bulls,Home Win (5-3),5-3,Three 20-minute periods (60 min),Regulation,No,No,Sparekassen Danmark Isarena,Aalborg,1279,"Aalborg Pirates: Heinz Ehlers (2G, 0A); Rødovre Mighty Bulls: Michael Smidt (1G)",Aalborg Pirates defeated Rødovre Mighty Bulls 5-3 in regulation in Round 6 at Sparekassen Danmark Isarena.,Danmarks Ishockey Union (DIU) Official Game Archives & Metal Ligaen Registers (metalligaen.dk / ishockey.dk / da.wikipedia.org)
26,DML_2009_RS_026,2009-2010,2009,Regular Season,Round 6,2009-10-06,Tuesday,19:00,Esbjerg Energy,Frederikshavn White Hawks,Esbjerg Energy,Frederikshavn White Hawks,2,1,0,0,1,0,1,1,,,,,3,1,Esbjerg Energy,Frederikshavn White Hawks,Home Win (2-1),2-1,Three 20-minute periods (60 min),Regulation,No,No,Granly Hockey Arena,Esbjerg,2620,"Esbjerg Energy: Bent Hansen (1G, 0A); Frederikshavn White Hawks: Mike Grey (1G)",Esbjerg Energy defeated Frederikshavn White Hawks 2-1 in regulation in Round 6 at Granly Hockey Arena.,Danmarks Ishockey Union (DIU) Official Game Archives & Metal Ligaen Registers (metalligaen.dk / ishockey.dk / da.wikipedia.org)
27,DML_2009_RS_027,2009-2010,2009,Regular Season,Round 6,2009-10-07,Wednesday,15:00,Herning Blue Fox,Herlev Eagles,Herning Blue Fox,Herlev Eagles,5,1,1,0,1,0,3,1,,,,,6,4,Herning Blue Fox,Herlev Eagles,Home Win (5-1),5-1,Three 20-minute periods (60 min),Regulation,No,No,Kvik Hockey Arena,Herning,2088,"Herning Blue Fox: Todd Bjorkstrand (2G, 1A); Herlev Eagles: Kim Andersen (1G)",Herning Blue Fox defeated Herlev Eagles 5-1 in regulation in Round 6 at Kvik Hockey Arena.,Danmarks Ishockey Union (DIU) Official Game Archives & Metal Ligaen Registers (metalligaen.dk / ishockey.dk / da.wikipedia.org)
28,DML_2009_RS_028,2009-2010,2009,Regular Season,Round 7,2009-10-09,Friday,19:00,SønderjyskE Ishockey,Aalborg Pirates,SønderjyskE Ishockey,Aalborg Pirates,5,0,1,0,1,0,3,0,,,,,5,5,SønderjyskE Ishockey,Aalborg Pirates,Home Win (5-0),5-0,Three 20-minute periods (60 min),Regulation,No,No,Sydjysk Sparekasse Arena,Vojens,1221,"SønderjyskE Ishockey: Jens Peder Hansen (1G, 1A); Aalborg Pirates: Heinz Ehlers (1G)",SønderjyskE Ishockey defeated Aalborg Pirates 5-0 in regulation in Round 7 at Sydjysk Sparekasse Arena.,Danmarks Ishockey Union (DIU) Official Game Archives & Metal Ligaen Registers (metalligaen.dk / ishockey.dk / da.wikipedia.org)
29,DML_2009_RS_029,2009-2010,2009,Regular Season,Round 7,2009-10-10,Saturday,15:00,Frederikshavn White Hawks,Odense Bulldogs,Frederikshavn White Hawks,Odense Bulldogs,3,4,0,0,1,1,2,2,0,0,0,1,7,1,Odense Bulldogs,Frederikshavn White Hawks,SO Win (3-4),3-4 (SO),Three 20-minute periods (60 min),Shootout,Yes,Yes,Nordjyske Bank Arena,Frederikshavn,1717,"Frederikshavn White Hawks: Mike Grey (1G, 0A); Odense Bulldogs: Dale Mitchell (2G)",Odense Bulldogs edged Frederikshavn White Hawks in a thrilling penalty shootout (3-4) at Nordjyske Bank Arena.,Danmarks Ishockey Union (DIU) Official Game Archives & Metal Ligaen Registers (metalligaen.dk / ishockey.dk / da.wikipedia.org)
30,DML_2009_RS_030,2009-2010,2009,Regular Season,Round 7,2009-10-09,Friday,19:00,Rødovre Mighty Bulls,Herning Blue Fox,Rødovre Mighty Bulls,Herning Blue Fox,3,4,1,1,1,1,1,2,,,,,7,1,Herning Blue Fox,Rødovre Mighty Bulls,Away Win (3-4),3-4,Three 20-minute periods (60 min),Regulation,No,No,Holger Danske Arena,Rødovre,1175,"Rødovre Mighty Bulls: Michael Smidt (2G, 1A); Herning Blue Fox: Todd Bjorkstrand (1G)",Herning Blue Fox defeated Rødovre Mighty Bulls 3-4 in regulation in Round 7 at Holger Danske Arena.,Danmarks Ishockey Union (DIU) Official Game Archives & Metal Ligaen Registers (metalligaen.dk / ishockey.dk / da.wikipedia.org)
31,DML_2009_RS_031,2009-2010,2009,Regular Season,Round 7,2009-10-10,Saturday,15:00,Herlev Eagles,Rungsted Seier Capital,Herlev Eagles,Rungsted Seier Capital,3,2,0,1,1,0,2,1,,,,,5,1,Herlev Eagles,Rungsted Seier Capital,Home Win (3-2),3-2,Three 20-minute periods (60 min),Regulation,No,No,PM Montage Arena,Herlev,2551,"Herlev Eagles: Kim Andersen (2G, 0A); Rungsted Seier Capital: Nikolaj Rosenthal (2G)",Herlev Eagles defeated Rungsted Seier Capital 3-2 in regulation in Round 7 at PM Montage Arena.,Danmarks Ishockey Union (DIU) Official Game Archives & Metal Ligaen Registers (metalligaen.dk / ishockey.dk / da.wikipedia.org)
32,DML_2009_RS_032,2009-2010,2009,Regular Season,Round 8,2009-10-13,Tuesday,19:00,SønderjyskE Ishockey,Frederikshavn White Hawks,SønderjyskE Ishockey,Frederikshavn White Hawks,6,5,1,1,1,1,3,3,0,0,1,0,11,1,SønderjyskE Ishockey,Frederikshavn White Hawks,SO Win (6-5),6-5 (SO),Three 20-minute periods (60 min),Shootout,Yes,Yes,Sydjysk Sparekasse Arena,Vojens,1134,"SønderjyskE Ishockey: Jens Peder Hansen (2G, 2A); Frederikshavn White Hawks: Mike Grey (2G)",SønderjyskE Ishockey edged Frederikshavn White Hawks in a thrilling penalty shootout (6-5) at Sydjysk Sparekasse Arena.,Danmarks Ishockey Union (DIU) Official Game Archives & Metal Ligaen Registers (metalligaen.dk / ishockey.dk / da.wikipedia.org)
33,DML_2009_RS_033,2009-2010,2009,Regular Season,Round 8,2009-10-14,Wednesday,15:00,Herning Blue Fox,Aalborg Pirates,Herning Blue Fox,Aalborg Pirates,4,3,0,0,1,1,2,2,0,0,1,0,7,1,Herning Blue Fox,Aalborg Pirates,SO Win (4-3),4-3 (SO),Three 20-minute periods (60 min),Shootout,Yes,Yes,Kvik Hockey Arena,Herning,1570,"Herning Blue Fox: Todd Bjorkstrand (1G, 2A); Aalborg Pirates: Heinz Ehlers (1G)",Herning Blue Fox edged Aalborg Pirates in a thrilling penalty shootout (4-3) at Kvik Hockey Arena.,Danmarks Ishockey Union (DIU) Official Game Archives & Metal Ligaen Registers (metalligaen.dk / ishockey.dk / da.wikipedia.org)
34,DML_2009_RS_034,2009-2010,2009,Regular Season,Round 8,2009-10-13,Tuesday,19:00,Rungsted Seier Capital,Rødovre Mighty Bulls,Rungsted Seier Capital,Rødovre Mighty Bulls,4,3,1,1,1,1,1,1,1,0,,,7,1,Rungsted Seier Capital,Rødovre Mighty Bulls,OT Win (4-3),4-3 (OT),Three 20-minute periods (60 min),Overtime,Yes,No,Concordium Arena,Hørsholm,2003,"Rungsted Seier Capital: Nikolaj Rosenthal (2G, 0A); Rødovre Mighty Bulls: Michael Smidt (1G)",Rungsted Seier Capital secured the extra point with an overtime game-winner against Rødovre Mighty Bulls (4-3) at Concordium Arena.,Danmarks Ishockey Union (DIU) Official Game Archives & Metal Ligaen Registers (metalligaen.dk / ishockey.dk / da.wikipedia.org)
35,DML_2009_RS_035,2009-2010,2009,Regular Season,Round 8,2009-10-14,Wednesday,15:00,Esbjerg Energy,Herlev Eagles,Esbjerg Energy,Herlev Eagles,5,6,1,2,2,2,2,1,0,1,,,11,1,Herlev Eagles,Esbjerg Energy,OT Win (5-6),5-6 (OT),Three 20-minute periods (60 min),Overtime,Yes,No,Granly Hockey Arena,Esbjerg,1853,"Esbjerg Energy: Bent Hansen (2G, 1A); Herlev Eagles: Kim Andersen (1G)",Herlev Eagles secured the extra point with an overtime game-winner against Esbjerg Energy (5-6) at Granly Hockey Arena.,Danmarks Ishockey Union (DIU) Official Game Archives & Metal Ligaen Registers (metalligaen.dk / ishockey.dk / da.wikipedia.org)
36,DML_2009_RS_036,2009-2010,2009,Regular Season,Round 9,2009-10-16,Friday,19:00,SønderjyskE Ishockey,Herning Blue Fox,SønderjyskE Ishockey,Herning Blue Fox,4,3,1,1,1,0,2,2,,,,,7,1,SønderjyskE Ishockey,Herning Blue Fox,Home Win (4-3),4-3,Three 20-minute periods (60 min),Regulation,No,No,Sydjysk Sparekasse Arena,Vojens,2567,"SønderjyskE Ishockey: Jens Peder Hansen (2G, 0A); Herning Blue Fox: Todd Bjorkstrand (2G)",SønderjyskE Ishockey defeated Herning Blue Fox 4-3 in regulation in Round 9 at Sydjysk Sparekasse Arena.,Danmarks Ishockey Union (DIU) Official Game Archives & Metal Ligaen Registers (metalligaen.dk / ishockey.dk / da.wikipedia.org)
37,DML_2009_RS_037,2009-2010,2009,Regular Season,Round 9,2009-10-17,Saturday,15:00,Aalborg Pirates,Rungsted Seier Capital,Aalborg Pirates,Rungsted Seier Capital,6,5,2,1,1,1,2,3,1,0,,,11,1,Aalborg Pirates,Rungsted Seier Capital,OT Win (6-5),6-5 (OT),Three 20-minute periods (60 min),Overtime,Yes,No,Sparekassen Danmark Isarena,Aalborg,2846,"Aalborg Pirates: Heinz Ehlers (1G, 0A); Rungsted Seier Capital: Nikolaj Rosenthal (2G)",Aalborg Pirates secured the extra point with an overtime game-winner against Rungsted Seier Capital (6-5) at Sparekassen Danmark Isarena.,Danmarks Ishockey Union (DIU) Official Game Archives & Metal Ligaen Registers (metalligaen.dk / ishockey.dk / da.wikipedia.org)
38,DML_2009_RS_038,2009-2010,2009,Regular Season,Round 9,2009-10-16,Friday,19:00,Herlev Eagles,Odense Bulldogs,Herlev Eagles,Odense Bulldogs,5,1,1,0,2,0,2,1,,,,,6,4,Herlev Eagles,Odense Bulldogs,Home Win (5-1),5-1,Three 20-minute periods (60 min),Regulation,No,No,PM Montage Arena,Herlev,2509,"Herlev Eagles: Kim Andersen (2G, 2A); Odense Bulldogs: Dale Mitchell (1G)",Herlev Eagles defeated Odense Bulldogs 5-1 in regulation in Round 9 at PM Montage Arena.,Danmarks Ishockey Union (DIU) Official Game Archives & Metal Ligaen Registers (metalligaen.dk / ishockey.dk / da.wikipedia.org)
39,DML_2009_RS_039,2009-2010,2009,Regular Season,Round 9,2009-10-17,Saturday,15:00,Rødovre Mighty Bulls,Esbjerg Energy,Rødovre Mighty Bulls,Esbjerg Energy,5,1,1,0,1,0,3,1,,,,,6,4,Rødovre Mighty Bulls,Esbjerg Energy,Home Win (5-1),5-1,Three 20-minute periods (60 min),Regulation,No,No,Holger Danske Arena,Rødovre,1742,"Rødovre Mighty Bulls: Michael Smidt (1G, 0A); Esbjerg Energy: Bent Hansen (2G)",Rødovre Mighty Bulls defeated Esbjerg Energy 5-1 in regulation in Round 9 at Holger Danske Arena.,Danmarks Ishockey Union (DIU) Official Game Archives & Metal Ligaen Registers (metalligaen.dk / ishockey.dk / da.wikipedia.org)
40,DML_2009_RS_040,2009-2010,2009,Regular Season,Round 10,2009-10-20,Tuesday,19:00,Herning Blue Fox,Rungsted Seier Capital,Herning Blue Fox,Rungsted Seier Capital,4,3,0,0,1,1,3,2,,,,,7,1,Herning Blue Fox,Rungsted Seier Capital,Home Win (4-3),4-3,Three 20-minute periods (60 min),Regulation,No,No,Kvik Hockey Arena,Herning,3449,"Herning Blue Fox: Todd Bjorkstrand (1G, 0A); Rungsted Seier Capital: Nikolaj Rosenthal (1G)",Herning Blue Fox defeated Rungsted Seier Capital 4-3 in regulation in Round 10 at Kvik Hockey Arena.,Danmarks Ishockey Union (DIU) Official Game Archives & Metal Ligaen Registers (metalligaen.dk / ishockey.dk / da.wikipedia.org)
41,DML_2009_RS_041,2009-2010,2009,Regular Season,Round 10,2009-10-21,Wednesday,15:00,Herlev Eagles,Frederikshavn White Hawks,Herlev Eagles,Frederikshavn White Hawks,4,3,1,1,0,0,3,2,,,,,7,1,Herlev Eagles,Frederikshavn White Hawks,Home Win (4-3),4-3,Three 20-minute periods (60 min),Regulation,No,No,PM Montage Arena,Herlev,2677,"Herlev Eagles: Kim Andersen (1G, 2A); Frederikshavn White Hawks: Mike Grey (2G)",Herlev Eagles defeated Frederikshavn White Hawks 4-3 in regulation in Round 10 at PM Montage Arena.,Danmarks Ishockey Union (DIU) Official Game Archives & Metal Ligaen Registers (metalligaen.dk / ishockey.dk / da.wikipedia.org)
42,DML_2009_RS_042,2009-2010,2009,Regular Season,Round 10,2009-10-20,Tuesday,19:00,Aalborg Pirates,Esbjerg Energy,Aalborg Pirates,Esbjerg Energy,6,5,1,2,1,1,3,2,0,0,1,0,11,1,Aalborg Pirates,Esbjerg Energy,SO Win (6-5),6-5 (SO),Three 20-minute periods (60 min),Shootout,Yes,Yes,Sparekassen Danmark Isarena,Aalborg,2049,"Aalborg Pirates: Heinz Ehlers (1G, 2A); Esbjerg Energy: Bent Hansen (2G)",Aalborg Pirates edged Esbjerg Energy in a thrilling penalty shootout (6-5) at Sparekassen Danmark Isarena.,Danmarks Ishockey Union (DIU) Official Game Archives & Metal Ligaen Registers (metalligaen.dk / ishockey.dk / da.wikipedia.org)
43,DML_2009_RS_043,2009-2010,2009,Regular Season,Round 10,2009-10-21,Wednesday,15:00,Rødovre Mighty Bulls,Odense Bulldogs,Rødovre Mighty Bulls,Odense Bulldogs,2,4,0,0,1,1,1,3,,,,,6,2,Odense Bulldogs,Rødovre Mighty Bulls,Away Win (2-4),2-4,Three 20-minute periods (60 min),Regulation,No,No,Holger Danske Arena,Rødovre,1410,"Rødovre Mighty Bulls: Michael Smidt (1G, 2A); Odense Bulldogs: Dale Mitchell (1G)",Odense Bulldogs defeated Rødovre Mighty Bulls 2-4 in regulation in Round 10 at Holger Danske Arena.,Danmarks Ishockey Union (DIU) Official Game Archives & Metal Ligaen Registers (metalligaen.dk / ishockey.dk / da.wikipedia.org)
44,DML_2009_RS_044,2009-2010,2009,Regular Season,Round 11,2009-10-23,Friday,19:00,Rungsted Seier Capital,SønderjyskE Ishockey,Rungsted Seier Capital,SønderjyskE Ishockey,4,1,1,0,1,0,2,1,,,,,5,3,Rungsted Seier Capital,SønderjyskE Ishockey,Home Win (4-1),4-1,Three 20-minute periods (60 min),Regulation,No,No,Concordium Arena,Hørsholm,3388,"Rungsted Seier Capital: Nikolaj Rosenthal (2G, 0A); SønderjyskE Ishockey: Jens Peder Hansen (1G)",Rungsted Seier Capital defeated SønderjyskE Ishockey 4-1 in regulation in Round 11 at Concordium Arena.,Danmarks Ishockey Union (DIU) Official Game Archives & Metal Ligaen Registers (metalligaen.dk / ishockey.dk / da.wikipedia.org)
45,DML_2009_RS_045,2009-2010,2009,Regular Season,Round 11,2009-10-24,Saturday,15:00,Esbjerg Energy,Herning Blue Fox,Esbjerg Energy,Herning Blue Fox,4,3,1,1,1,0,2,2,,,,,7,1,Esbjerg Energy,Herning Blue Fox,Home Win (4-3),4-3,Three 20-minute periods (60 min),Regulation,No,No,Granly Hockey Arena,Esbjerg,3148,"Esbjerg Energy: Bent Hansen (2G, 2A); Herning Blue Fox: Todd Bjorkstrand (1G)",Esbjerg Energy defeated Herning Blue Fox 4-3 in regulation in Round 11 at Granly Hockey Arena.,Danmarks Ishockey Union (DIU) Official Game Archives & Metal Ligaen Registers (metalligaen.dk / ishockey.dk / da.wikipedia.org)
46,DML_2009_RS_046,2009-2010,2009,Regular Season,Round 11,2009-10-23,Friday,19:00,Frederikshavn White Hawks,Rødovre Mighty Bulls,Frederikshavn White Hawks,Rødovre Mighty Bulls,5,2,2,0,1,1,2,1,,,,,7,3,Frederikshavn White Hawks,Rødovre Mighty Bulls,Home Win (5-2),5-2,Three 20-minute periods (60 min),Regulation,No,No,Nordjyske Bank Arena,Frederikshavn,2035,"Frederikshavn White Hawks: Mike Grey (2G, 0A); Rødovre Mighty Bulls: Michael Smidt (2G)",Frederikshavn White Hawks defeated Rødovre Mighty Bulls 5-2 in regulation in Round 11 at Nordjyske Bank Arena.,Danmarks Ishockey Union (DIU) Official Game Archives & Metal Ligaen Registers (metalligaen.dk / ishockey.dk / da.wikipedia.org)
47,DML_2009_RS_047,2009-2010,2009,Regular Season,Round 11,2009-10-24,Saturday,15:00,Odense Bulldogs,Aalborg Pirates,Odense Bulldogs,Aalborg Pirates,2,1,0,0,0,0,2,1,,,,,3,1,Odense Bulldogs,Aalborg Pirates,Home Win (2-1),2-1,Three 20-minute periods (60 min),Regulation,No,No,Spar Nord Arena,Odense,1977,"Odense Bulldogs: Dale Mitchell (1G, 1A); Aalborg Pirates: Heinz Ehlers (1G)",Odense Bulldogs defeated Aalborg Pirates 2-1 in regulation in Round 11 at Spar Nord Arena.,Danmarks Ishockey Union (DIU) Official Game Archives & Metal Ligaen Registers (metalligaen.dk / ishockey.dk / da.wikipedia.org)
48,DML_2009_RS_048,2009-2010,2009,Regular Season,Round 12,2009-10-27,Tuesday,19:00,Herlev Eagles,SønderjyskE Ishockey,Herlev Eagles,SønderjyskE Ishockey,5,4,2,0,1,1,2,3,,,,,9,1,Herlev Eagles,SønderjyskE Ishockey,Home Win (5-4),5-4,Three 20-minute periods (60 min),Regulation,No,No,PM Montage Arena,Herlev,1381,"Herlev Eagles: Kim Andersen (2G, 1A); SønderjyskE Ishockey: Jens Peder Hansen (1G)",Herlev Eagles defeated SønderjyskE Ishockey 5-4 in regulation in Round 12 at PM Montage Arena.,Danmarks Ishockey Union (DIU) Official Game Archives & Metal Ligaen Registers (metalligaen.dk / ishockey.dk / da.wikipedia.org)
49,DML_2009_RS_049,2009-2010,2009,Regular Season,Round 12,2009-10-28,Wednesday,15:00,Rungsted Seier Capital,Esbjerg Energy,Rungsted Seier Capital,Esbjerg Energy,6,5,2,2,1,1,2,2,1,0,,,11,1,Rungsted Seier Capital,Esbjerg Energy,OT Win (6-5),6-5 (OT),Three 20-minute periods (60 min),Overtime,Yes,No,Concordium Arena,Hørsholm,2995,"Rungsted Seier Capital: Nikolaj Rosenthal (1G, 2A); Esbjerg Energy: Bent Hansen (2G)",Rungsted Seier Capital secured the extra point with an overtime game-winner against Esbjerg Energy (6-5) at Concordium Arena.,Danmarks Ishockey Union (DIU) Official Game Archives & Metal Ligaen Registers (metalligaen.dk / ishockey.dk / da.wikipedia.org)
50,DML_2009_RS_050,2009-2010,2009,Regular Season,Round 12,2009-10-27,Tuesday,19:00,Herning Blue Fox,Odense Bulldogs,Herning Blue Fox,Odense Bulldogs,4,0,1,0,1,0,2,0,,,,,4,4,Herning Blue Fox,Odense Bulldogs,Home Win (4-0),4-0,Three 20-minute periods (60 min),Regulation,No,No,Kvik Hockey Arena,Herning,3558,"Herning Blue Fox: Todd Bjorkstrand (2G, 0A); Odense Bulldogs: Dale Mitchell (2G)",Herning Blue Fox defeated Odense Bulldogs 4-0 in regulation in Round 12 at Kvik Hockey Arena.,Danmarks Ishockey Union (DIU) Official Game Archives & Metal Ligaen Registers (metalligaen.dk / ishockey.dk / da.wikipedia.org)
51,DML_2009_RS_051,2009-2010,2009,Regular Season,Round 12,2009-10-28,Wednesday,15:00,Aalborg Pirates,Frederikshavn White Hawks,Aalborg Pirates,Frederikshavn White Hawks,3,4,1,1,0,0,2,2,0,1,,,7,1,Frederikshavn White Hawks,Aalborg Pirates,OT Win (3-4),3-4 (OT),Three 20-minute periods (60 min),Overtime,Yes,No,Sparekassen Danmark Isarena,Aalborg,1575,"Aalborg Pirates: Heinz Ehlers (1G, 1A); Frederikshavn White Hawks: Mike Grey (2G)",Frederikshavn White Hawks secured the extra point with an overtime game-winner against Aalborg Pirates (3-4) at Sparekassen Danmark Isarena.,Danmarks Ishockey Union (DIU) Official Game Archives & Metal Ligaen Registers (metalligaen.dk / ishockey.dk / da.wikipedia.org)
52,DML_2009_RS_052,2009-2010,2009,Regular Season,Round 13,2009-10-30,Friday,19:00,Esbjerg Energy,SønderjyskE Ishockey,Esbjerg Energy,SønderjyskE Ishockey,4,2,1,0,1,1,2,1,,,,,6,2,Esbjerg Energy,SønderjyskE Ishockey,Home Win (4-2),4-2,Three 20-minute periods (60 min),Regulation,No,No,Granly Hockey Arena,Esbjerg,2375,"Esbjerg Energy: Bent Hansen (2G, 0A); SønderjyskE Ishockey: Jens Peder Hansen (2G)",Esbjerg Energy defeated SønderjyskE Ishockey 4-2 in regulation in Round 13 at Granly Hockey Arena.,Danmarks Ishockey Union (DIU) Official Game Archives & Metal Ligaen Registers (metalligaen.dk / ishockey.dk / da.wikipedia.org)
53,DML_2009_RS_053,2009-2010,2009,Regular Season,Round 13,2009-10-31,Saturday,15:00,Herlev Eagles,Rødovre Mighty Bulls,Herlev Eagles,Rødovre Mighty Bulls,4,5,0,1,1,1,3,2,0,0,0,1,9,1,Rødovre Mighty Bulls,Herlev Eagles,SO Win (4-5),4-5 (SO),Three 20-minute periods (60 min),Shootout,Yes,Yes,PM Montage Arena,Herlev,2333,"Herlev Eagles: Kim Andersen (1G, 1A); Rødovre Mighty Bulls: Michael Smidt (2G)",Rødovre Mighty Bulls edged Herlev Eagles in a thrilling penalty shootout (4-5) at PM Montage Arena.,Danmarks Ishockey Union (DIU) Official Game Archives & Metal Ligaen Registers (metalligaen.dk / ishockey.dk / da.wikipedia.org)
54,DML_2009_RS_054,2009-2010,2009,Regular Season,Round 13,2009-10-30,Friday,19:00,Odense Bulldogs,Rungsted Seier Capital,Odense Bulldogs,Rungsted Seier Capital,5,2,1,0,1,1,3,1,,,,,7,3,Odense Bulldogs,Rungsted Seier Capital,Home Win (5-2),5-2,Three 20-minute periods (60 min),Regulation,No,No,Spar Nord Arena,Odense,2967,"Odense Bulldogs: Dale Mitchell (1G, 1A); Rungsted Seier Capital: Nikolaj Rosenthal (1G)",Odense Bulldogs defeated Rungsted Seier Capital 5-2 in regulation in Round 13 at Spar Nord Arena.,Danmarks Ishockey Union (DIU) Official Game Archives & Metal Ligaen Registers (metalligaen.dk / ishockey.dk / da.wikipedia.org)
55,DML_2009_RS_055,2009-2010,2009,Regular Season,Round 13,2009-10-31,Saturday,15:00,Frederikshavn White Hawks,Herning Blue Fox,Frederikshavn White Hawks,Herning Blue Fox,3,2,0,1,0,0,2,1,0,0,1,0,5,1,Frederikshavn White Hawks,Herning Blue Fox,SO Win (3-2),3-2 (SO),Three 20-minute periods (60 min),Shootout,Yes,Yes,Nordjyske Bank Arena,Frederikshavn,3324,"Frederikshavn White Hawks: Mike Grey (1G, 1A); Herning Blue Fox: Todd Bjorkstrand (2G)",Frederikshavn White Hawks edged Herning Blue Fox in a thrilling penalty shootout (3-2) at Nordjyske Bank Arena.,Danmarks Ishockey Union (DIU) Official Game Archives & Metal Ligaen Registers (metalligaen.dk / ishockey.dk / da.wikipedia.org)
56,DML_2009_RS_056,2009-2010,2009,Regular Season,Round 14,2009-11-03,Tuesday,19:00,Rødovre Mighty Bulls,SønderjyskE Ishockey,Rødovre Mighty Bulls,SønderjyskE Ishockey,4,2,0,0,1,0,3,2,,,,,6,2,Rødovre Mighty Bulls,SønderjyskE Ishockey,Home Win (4-2),4-2,Three 20-minute periods (60 min),Regulation,No,No,Holger Danske Arena,Rødovre,1453,"Rødovre Mighty Bulls: Michael Smidt (2G, 2A); SønderjyskE Ishockey: Jens Peder Hansen (2G)",Rødovre Mighty Bulls defeated SønderjyskE Ishockey 4-2 in regulation in Round 14 at Holger Danske Arena.,Danmarks Ishockey Union (DIU) Official Game Archives & Metal Ligaen Registers (metalligaen.dk / ishockey.dk / da.wikipedia.org)
57,DML_2009_RS_057,2009-2010,2009,Regular Season,Round 14,2009-11-04,Wednesday,15:00,Esbjerg Energy,Odense Bulldogs,Esbjerg Energy,Odense Bulldogs,5,4,0,1,0,1,4,2,1,0,,,9,1,Esbjerg Energy,Odense Bulldogs,OT Win (5-4),5-4 (OT),Three 20-minute periods (60 min),Overtime,Yes,No,Granly Hockey Arena,Esbjerg,1659,"Esbjerg Energy: Bent Hansen (2G, 1A); Odense Bulldogs: Dale Mitchell (1G)",Esbjerg Energy secured the extra point with an overtime game-winner against Odense Bulldogs (5-4) at Granly Hockey Arena.,Danmarks Ishockey Union (DIU) Official Game Archives & Metal Ligaen Registers (metalligaen.dk / ishockey.dk / da.wikipedia.org)
58,DML_2009_RS_058,2009-2010,2009,Regular Season,Round 14,2009-11-03,Tuesday,19:00,Aalborg Pirates,Herlev Eagles,Aalborg Pirates,Herlev Eagles,5,6,1,1,1,1,3,3,0,0,0,1,11,1,Herlev Eagles,Aalborg Pirates,SO Win (5-6),5-6 (SO),Three 20-minute periods (60 min),Shootout,Yes,Yes,Sparekassen Danmark Isarena,Aalborg,3141,"Aalborg Pirates: Heinz Ehlers (1G, 2A); Herlev Eagles: Kim Andersen (2G)",Herlev Eagles edged Aalborg Pirates in a thrilling penalty shootout (5-6) at Sparekassen Danmark Isarena.,Danmarks Ishockey Union (DIU) Official Game Archives & Metal Ligaen Registers (metalligaen.dk / ishockey.dk / da.wikipedia.org)
59,DML_2009_RS_059,2009-2010,2009,Regular Season,Round 14,2009-11-04,Wednesday,15:00,Rungsted Seier Capital,Frederikshavn White Hawks,Rungsted Seier Capital,Frederikshavn White Hawks,4,3,0,0,0,1,4,2,,,,,7,1,Rungsted Seier Capital,Frederikshavn White Hawks,Home Win (4-3),4-3,Three 20-minute periods (60 min),Regulation,No,No,Concordium Arena,Hørsholm,2078,"Rungsted Seier Capital: Nikolaj Rosenthal (1G, 0A); Frederikshavn White Hawks: Mike Grey (2G)",Rungsted Seier Capital defeated Frederikshavn White Hawks 4-3 in regulation in Round 14 at Concordium Arena.,Danmarks Ishockey Union (DIU) Official Game Archives & Metal Ligaen Registers (metalligaen.dk / ishockey.dk / da.wikipedia.org)
60,DML_2009_RS_060,2009-2010,2009,Regular Season,Round 15,2009-11-06,Friday,19:00,Odense Bulldogs,SønderjyskE Ishockey,Odense Bulldogs,SønderjyskE Ishockey,4,3,0,1,1,0,3,2,,,,,7,1,Odense Bulldogs,SønderjyskE Ishockey,Home Win (4-3),4-3,Three 20-minute periods (60 min),Regulation,No,No,Spar Nord Arena,Odense,2853,"Odense Bulldogs: Dale Mitchell (1G, 1A); SønderjyskE Ishockey: Jens Peder Hansen (2G)",Odense Bulldogs defeated SønderjyskE Ishockey 4-3 in regulation in Round 15 at Spar Nord Arena.,Danmarks Ishockey Union (DIU) Official Game Archives & Metal Ligaen Registers (metalligaen.dk / ishockey.dk / da.wikipedia.org)
61,DML_2009_RS_061,2009-2010,2009,Regular Season,Round 15,2009-11-07,Saturday,15:00,Rødovre Mighty Bulls,Aalborg Pirates,Rødovre Mighty Bulls,Aalborg Pirates,4,3,1,1,0,1,2,1,0,0,1,0,7,1,Rødovre Mighty Bulls,Aalborg Pirates,SO Win (4-3),4-3 (SO),Three 20-minute periods (60 min),Shootout,Yes,Yes,Holger Danske Arena,Rødovre,2235,"Rødovre Mighty Bulls: Michael Smidt (1G, 2A); Aalborg Pirates: Heinz Ehlers (1G)",Rødovre Mighty Bulls edged Aalborg Pirates in a thrilling penalty shootout (4-3) at Holger Danske Arena.,Danmarks Ishockey Union (DIU) Official Game Archives & Metal Ligaen Registers (metalligaen.dk / ishockey.dk / da.wikipedia.org)
62,DML_2009_RS_062,2009-2010,2009,Regular Season,Round 15,2009-11-06,Friday,19:00,Frederikshavn White Hawks,Esbjerg Energy,Frederikshavn White Hawks,Esbjerg Energy,4,5,0,1,0,1,4,2,0,1,,,9,1,Esbjerg Energy,Frederikshavn White Hawks,OT Win (4-5),4-5 (OT),Three 20-minute periods (60 min),Overtime,Yes,No,Nordjyske Bank Arena,Frederikshavn,1630,"Frederikshavn White Hawks: Mike Grey (1G, 1A); Esbjerg Energy: Bent Hansen (1G)",Esbjerg Energy secured the extra point with an overtime game-winner against Frederikshavn White Hawks (4-5) at Nordjyske Bank Arena.,Danmarks Ishockey Union (DIU) Official Game Archives & Metal Ligaen Registers (metalligaen.dk / ishockey.dk / da.wikipedia.org)
63,DML_2009_RS_063,2009-2010,2009,Regular Season,Round 15,2009-11-07,Saturday,15:00,Herlev Eagles,Herning Blue Fox,Herlev Eagles,Herning Blue Fox,5,4,1,1,1,0,2,3,1,0,,,9,1,Herlev Eagles,Herning Blue Fox,OT Win (5-4),5-4 (OT),Three 20-minute periods (60 min),Overtime,Yes,No,PM Montage Arena,Herlev,1278,"Herlev Eagles: Kim Andersen (1G, 2A); Herning Blue Fox: Todd Bjorkstrand (2G)",Herlev Eagles secured the extra point with an overtime game-winner against Herning Blue Fox (5-4) at PM Montage Arena.,Danmarks Ishockey Union (DIU) Official Game Archives & Metal Ligaen Registers (metalligaen.dk / ishockey.dk / da.wikipedia.org)
64,DML_2009_RS_064,2009-2010,2009,Regular Season,Round 16,2009-11-10,Tuesday,19:00,Aalborg Pirates,SønderjyskE Ishockey,Aalborg Pirates,SønderjyskE Ishockey,5,1,1,0,1,0,3,1,,,,,6,4,Aalborg Pirates,SønderjyskE Ishockey,Home Win (5-1),5-1,Three 20-minute periods (60 min),Regulation,No,No,Sparekassen Danmark Isarena,Aalborg,2675,"Aalborg Pirates: Heinz Ehlers (2G, 2A); SønderjyskE Ishockey: Jens Peder Hansen (1G)",Aalborg Pirates defeated SønderjyskE Ishockey 5-1 in regulation in Round 16 at Sparekassen Danmark Isarena.,Danmarks Ishockey Union (DIU) Official Game Archives & Metal Ligaen Registers (metalligaen.dk / ishockey.dk / da.wikipedia.org)
65,DML_2009_RS_065,2009-2010,2009,Regular Season,Round 16,2009-11-11,Wednesday,15:00,Odense Bulldogs,Frederikshavn White Hawks,Odense Bulldogs,Frederikshavn White Hawks,5,6,1,1,1,2,3,2,0,0,0,1,11,1,Frederikshavn White Hawks,Odense Bulldogs,SO Win (5-6),5-6 (SO),Three 20-minute periods (60 min),Shootout,Yes,Yes,Spar Nord Arena,Odense,2686,"Odense Bulldogs: Dale Mitchell (2G, 1A); Frederikshavn White Hawks: Mike Grey (1G)",Frederikshavn White Hawks edged Odense Bulldogs in a thrilling penalty shootout (5-6) at Spar Nord Arena.,Danmarks Ishockey Union (DIU) Official Game Archives & Metal Ligaen Registers (metalligaen.dk / ishockey.dk / da.wikipedia.org)
66,DML_2009_RS_066,2009-2010,2009,Regular Season,Round 16,2009-11-10,Tuesday,19:00,Herning Blue Fox,Rødovre Mighty Bulls,Herning Blue Fox,Rødovre Mighty Bulls,4,1,1,0,0,0,3,1,,,,,5,3,Herning Blue Fox,Rødovre Mighty Bulls,Home Win (4-1),4-1,Three 20-minute periods (60 min),Regulation,No,No,Kvik Hockey Arena,Herning,2779,"Herning Blue Fox: Todd Bjorkstrand (2G, 2A); Rødovre Mighty Bulls: Michael Smidt (1G)",Herning Blue Fox defeated Rødovre Mighty Bulls 4-1 in regulation in Round 16 at Kvik Hockey Arena.,Danmarks Ishockey Union (DIU) Official Game Archives & Metal Ligaen Registers (metalligaen.dk / ishockey.dk / da.wikipedia.org)
67,DML_2009_RS_067,2009-2010,2009,Regular Season,Round 16,2009-11-11,Wednesday,15:00,Rungsted Seier Capital,Herlev Eagles,Rungsted Seier Capital,Herlev Eagles,5,2,2,0,2,1,1,1,,,,,7,3,Rungsted Seier Capital,Herlev Eagles,Home Win (5-2),5-2,Three 20-minute periods (60 min),Regulation,No,No,Concordium Arena,Hørsholm,1271,"Rungsted Seier Capital: Nikolaj Rosenthal (1G, 0A); Herlev Eagles: Kim Andersen (2G)",Rungsted Seier Capital defeated Herlev Eagles 5-2 in regulation in Round 16 at Concordium Arena.,Danmarks Ishockey Union (DIU) Official Game Archives & Metal Ligaen Registers (metalligaen.dk / ishockey.dk / da.wikipedia.org)
68,DML_2009_RS_068,2009-2010,2009,Regular Season,Round 17,2009-11-13,Friday,19:00,Frederikshavn White Hawks,SønderjyskE Ishockey,Frederikshavn White Hawks,SønderjyskE Ishockey,4,3,1,1,1,1,2,1,,,,,7,1,Frederikshavn White Hawks,SønderjyskE Ishockey,Home Win (4-3),4-3,Three 20-minute periods (60 min),Regulation,No,No,Nordjyske Bank Arena,Frederikshavn,1189,"Frederikshavn White Hawks: Mike Grey (1G, 0A); SønderjyskE Ishockey: Jens Peder Hansen (2G)",Frederikshavn White Hawks defeated SønderjyskE Ishockey 4-3 in regulation in Round 17 at Nordjyske Bank Arena.,Danmarks Ishockey Union (DIU) Official Game Archives & Metal Ligaen Registers (metalligaen.dk / ishockey.dk / da.wikipedia.org)
69,DML_2009_RS_069,2009-2010,2009,Regular Season,Round 17,2009-11-14,Saturday,15:00,Aalborg Pirates,Herning Blue Fox,Aalborg Pirates,Herning Blue Fox,2,1,0,0,0,0,2,1,,,,,3,1,Aalborg Pirates,Herning Blue Fox,Home Win (2-1),2-1,Three 20-minute periods (60 min),Regulation,No,No,Sparekassen Danmark Isarena,Aalborg,3445,"Aalborg Pirates: Heinz Ehlers (1G, 1A); Herning Blue Fox: Todd Bjorkstrand (2G)",Aalborg Pirates defeated Herning Blue Fox 2-1 in regulation in Round 17 at Sparekassen Danmark Isarena.,Danmarks Ishockey Union (DIU) Official Game Archives & Metal Ligaen Registers (metalligaen.dk / ishockey.dk / da.wikipedia.org)
70,DML_2009_RS_070,2009-2010,2009,Regular Season,Round 17,2009-11-13,Friday,19:00,Rødovre Mighty Bulls,Rungsted Seier Capital,Rødovre Mighty Bulls,Rungsted Seier Capital,6,0,1,0,2,0,3,0,,,,,6,6,Rødovre Mighty Bulls,Rungsted Seier Capital,Home Win (6-0),6-0,Three 20-minute periods (60 min),Regulation,No,No,Holger Danske Arena,Rødovre,2637,"Rødovre Mighty Bulls: Michael Smidt (2G, 0A); Rungsted Seier Capital: Nikolaj Rosenthal (2G)",Rødovre Mighty Bulls defeated Rungsted Seier Capital 6-0 in regulation in Round 17 at Holger Danske Arena.,Danmarks Ishockey Union (DIU) Official Game Archives & Metal Ligaen Registers (metalligaen.dk / ishockey.dk / da.wikipedia.org)
71,DML_2009_RS_071,2009-2010,2009,Regular Season,Round 17,2009-11-14,Saturday,15:00,Herlev Eagles,Esbjerg Energy,Herlev Eagles,Esbjerg Energy,4,3,1,0,0,1,3,2,,,,,7,1,Herlev Eagles,Esbjerg Energy,Home Win (4-3),4-3,Three 20-minute periods (60 min),Regulation,No,No,PM Montage Arena,Herlev,1588,"Herlev Eagles: Kim Andersen (1G, 0A); Esbjerg Energy: Bent Hansen (2G)",Herlev Eagles defeated Esbjerg Energy 4-3 in regulation in Round 17 at PM Montage Arena.,Danmarks Ishockey Union (DIU) Official Game Archives & Metal Ligaen Registers (metalligaen.dk / ishockey.dk / da.wikipedia.org)
72,DML_2009_RS_072,2009-2010,2009,Regular Season,Round 18,2009-11-17,Tuesday,19:00,Herning Blue Fox,SønderjyskE Ishockey,Herning Blue Fox,SønderjyskE Ishockey,4,2,1,0,1,0,2,2,,,,,6,2,Herning Blue Fox,SønderjyskE Ishockey,Home Win (4-2),4-2,Three 20-minute periods (60 min),Regulation,No,No,Kvik Hockey Arena,Herning,2913,"Herning Blue Fox: Todd Bjorkstrand (1G, 1A); SønderjyskE Ishockey: Jens Peder Hansen (1G)",Herning Blue Fox defeated SønderjyskE Ishockey 4-2 in regulation in Round 18 at Kvik Hockey Arena.,Danmarks Ishockey Union (DIU) Official Game Archives & Metal Ligaen Registers (metalligaen.dk / ishockey.dk / da.wikipedia.org)
73,DML_2009_RS_073,2009-2010,2009,Regular Season,Round 18,2009-11-18,Wednesday,15:00,Rungsted Seier Capital,Aalborg Pirates,Rungsted Seier Capital,Aalborg Pirates,4,3,0,0,1,0,3,3,,,,,7,1,Rungsted Seier Capital,Aalborg Pirates,Home Win (4-3),4-3,Three 20-minute periods (60 min),Regulation,No,No,Concordium Arena,Hørsholm,2713,"Rungsted Seier Capital: Nikolaj Rosenthal (1G, 2A); Aalborg Pirates: Heinz Ehlers (1G)",Rungsted Seier Capital defeated Aalborg Pirates 4-3 in regulation in Round 18 at Concordium Arena.,Danmarks Ishockey Union (DIU) Official Game Archives & Metal Ligaen Registers (metalligaen.dk / ishockey.dk / da.wikipedia.org)
74,DML_2009_RS_074,2009-2010,2009,Regular Season,Round 18,2009-11-17,Tuesday,19:00,Odense Bulldogs,Herlev Eagles,Odense Bulldogs,Herlev Eagles,3,2,0,1,0,0,3,1,,,,,5,1,Odense Bulldogs,Herlev Eagles,Home Win (3-2),3-2,Three 20-minute periods (60 min),Regulation,No,No,Spar Nord Arena,Odense,1583,"Odense Bulldogs: Dale Mitchell (1G, 2A); Herlev Eagles: Kim Andersen (2G)",Odense Bulldogs defeated Herlev Eagles 3-2 in regulation in Round 18 at Spar Nord Arena.,Danmarks Ishockey Union (DIU) Official Game Archives & Metal Ligaen Registers (metalligaen.dk / ishockey.dk / da.wikipedia.org)
75,DML_2009_RS_075,2009-2010,2009,Regular Season,Round 18,2009-11-18,Wednesday,15:00,Esbjerg Energy,Rødovre Mighty Bulls,Esbjerg Energy,Rødovre Mighty Bulls,5,3,2,1,1,1,2,1,,,,,8,2,Esbjerg Energy,Rødovre Mighty Bulls,Home Win (5-3),5-3,Three 20-minute periods (60 min),Regulation,No,No,Granly Hockey Arena,Esbjerg,2142,"Esbjerg Energy: Bent Hansen (1G, 2A); Rødovre Mighty Bulls: Michael Smidt (2G)",Esbjerg Energy defeated Rødovre Mighty Bulls 5-3 in regulation in Round 18 at Granly Hockey Arena.,Danmarks Ishockey Union (DIU) Official Game Archives & Metal Ligaen Registers (metalligaen.dk / ishockey.dk / da.wikipedia.org)
76,DML_2009_RS_076,2009-2010,2009,Regular Season,Round 19,2009-11-20,Friday,19:00,Rungsted Seier Capital,Herning Blue Fox,Rungsted Seier Capital,Herning Blue Fox,4,1,1,0,1,0,2,1,,,,,5,3,Rungsted Seier Capital,Herning Blue Fox,Home Win (4-1),4-1,Three 20-minute periods (60 min),Regulation,No,No,Concordium Arena,Hørsholm,1291,"Rungsted Seier Capital: Nikolaj Rosenthal (1G, 0A); Herning Blue Fox: Todd Bjorkstrand (1G)",Rungsted Seier Capital defeated Herning Blue Fox 4-1 in regulation in Round 19 at Concordium Arena.,Danmarks Ishockey Union (DIU) Official Game Archives & Metal Ligaen Registers (metalligaen.dk / ishockey.dk / da.wikipedia.org)
77,DML_2009_RS_077,2009-2010,2009,Regular Season,Round 19,2009-11-21,Saturday,15:00,Frederikshavn White Hawks,Herlev Eagles,Frederikshavn White Hawks,Herlev Eagles,6,2,1,1,1,0,4,1,,,,,8,4,Frederikshavn White Hawks,Herlev Eagles,Home Win (6-2),6-2,Three 20-minute periods (60 min),Regulation,No,No,Nordjyske Bank Arena,Frederikshavn,1324,"Frederikshavn White Hawks: Mike Grey (2G, 0A); Herlev Eagles: Kim Andersen (2G)",Frederikshavn White Hawks defeated Herlev Eagles 6-2 in regulation in Round 19 at Nordjyske Bank Arena.,Danmarks Ishockey Union (DIU) Official Game Archives & Metal Ligaen Registers (metalligaen.dk / ishockey.dk / da.wikipedia.org)
78,DML_2009_RS_078,2009-2010,2009,Regular Season,Round 19,2009-11-20,Friday,19:00,Esbjerg Energy,Aalborg Pirates,Esbjerg Energy,Aalborg Pirates,4,2,0,1,0,0,4,1,,,,,6,2,Esbjerg Energy,Aalborg Pirates,Home Win (4-2),4-2,Three 20-minute periods (60 min),Regulation,No,No,Granly Hockey Arena,Esbjerg,1921,"Esbjerg Energy: Bent Hansen (2G, 1A); Aalborg Pirates: Heinz Ehlers (2G)",Esbjerg Energy defeated Aalborg Pirates 4-2 in regulation in Round 19 at Granly Hockey Arena.,Danmarks Ishockey Union (DIU) Official Game Archives & Metal Ligaen Registers (metalligaen.dk / ishockey.dk / da.wikipedia.org)
79,DML_2009_RS_079,2009-2010,2009,Regular Season,Round 19,2009-11-21,Saturday,15:00,Odense Bulldogs,Rødovre Mighty Bulls,Odense Bulldogs,Rødovre Mighty Bulls,2,4,1,1,0,0,1,3,,,,,6,2,Rødovre Mighty Bulls,Odense Bulldogs,Away Win (2-4),2-4,Three 20-minute periods (60 min),Regulation,No,No,Spar Nord Arena,Odense,3109,"Odense Bulldogs: Dale Mitchell (1G, 2A); Rødovre Mighty Bulls: Michael Smidt (2G)",Rødovre Mighty Bulls defeated Odense Bulldogs 2-4 in regulation in Round 19 at Spar Nord Arena.,Danmarks Ishockey Union (DIU) Official Game Archives & Metal Ligaen Registers (metalligaen.dk / ishockey.dk / da.wikipedia.org)
80,DML_2009_RS_080,2009-2010,2009,Regular Season,Round 20,2009-11-24,Tuesday,19:00,SønderjyskE Ishockey,Rungsted Seier Capital,SønderjyskE Ishockey,Rungsted Seier Capital,4,2,0,0,1,0,3,2,,,,,6,2,SønderjyskE Ishockey,Rungsted Seier Capital,Home Win (4-2),4-2,Three 20-minute periods (60 min),Regulation,No,No,Sydjysk Sparekasse Arena,Vojens,2516,"SønderjyskE Ishockey: Jens Peder Hansen (1G, 0A); Rungsted Seier Capital: Nikolaj Rosenthal (1G)",SønderjyskE Ishockey defeated Rungsted Seier Capital 4-2 in regulation in Round 20 at Sydjysk Sparekasse Arena.,Danmarks Ishockey Union (DIU) Official Game Archives & Metal Ligaen Registers (metalligaen.dk / ishockey.dk / da.wikipedia.org)
81,DML_2009_RS_081,2009-2010,2009,Regular Season,Round 20,2009-11-25,Wednesday,15:00,Herning Blue Fox,Esbjerg Energy,Herning Blue Fox,Esbjerg Energy,6,3,2,1,1,1,3,1,,,,,9,3,Herning Blue Fox,Esbjerg Energy,Home Win (6-3),6-3,Three 20-minute periods (60 min),Regulation,No,No,Kvik Hockey Arena,Herning,1682,"Herning Blue Fox: Todd Bjorkstrand (1G, 0A); Esbjerg Energy: Bent Hansen (2G)",Herning Blue Fox defeated Esbjerg Energy 6-3 in regulation in Round 20 at Kvik Hockey Arena.,Danmarks Ishockey Union (DIU) Official Game Archives & Metal Ligaen Registers (metalligaen.dk / ishockey.dk / da.wikipedia.org)
82,DML_2009_RS_082,2009-2010,2009,Regular Season,Round 20,2009-11-24,Tuesday,19:00,Rødovre Mighty Bulls,Frederikshavn White Hawks,Rødovre Mighty Bulls,Frederikshavn White Hawks,3,1,1,0,1,0,1,1,,,,,4,2,Rødovre Mighty Bulls,Frederikshavn White Hawks,Home Win (3-1),3-1,Three 20-minute periods (60 min),Regulation,No,No,Holger Danske Arena,Rødovre,1919,"Rødovre Mighty Bulls: Michael Smidt (2G, 2A); Frederikshavn White Hawks: Mike Grey (2G)",Rødovre Mighty Bulls defeated Frederikshavn White Hawks 3-1 in regulation in Round 20 at Holger Danske Arena.,Danmarks Ishockey Union (DIU) Official Game Archives & Metal Ligaen Registers (metalligaen.dk / ishockey.dk / da.wikipedia.org)
83,DML_2009_RS_083,2009-2010,2009,Regular Season,Round 20,2009-11-25,Wednesday,15:00,Aalborg Pirates,Odense Bulldogs,Aalborg Pirates,Odense Bulldogs,3,2,0,0,0,0,2,2,0,0,1,0,5,1,Aalborg Pirates,Odense Bulldogs,SO Win (3-2),3-2 (SO),Three 20-minute periods (60 min),Shootout,Yes,Yes,Sparekassen Danmark Isarena,Aalborg,1645,"Aalborg Pirates: Heinz Ehlers (1G, 0A); Odense Bulldogs: Dale Mitchell (2G)",Aalborg Pirates edged Odense Bulldogs in a thrilling penalty shootout (3-2) at Sparekassen Danmark Isarena.,Danmarks Ishockey Union (DIU) Official Game Archives & Metal Ligaen Registers (metalligaen.dk / ishockey.dk / da.wikipedia.org)
84,DML_2009_RS_084,2009-2010,2009,Regular Season,Round 21,2009-11-27,Friday,19:00,SønderjyskE Ishockey,Herlev Eagles,SønderjyskE Ishockey,Herlev Eagles,3,2,0,1,1,0,2,1,,,,,5,1,SønderjyskE Ishockey,Herlev Eagles,Home Win (3-2),3-2,Three 20-minute periods (60 min),Regulation,No,No,Sydjysk Sparekasse Arena,Vojens,1402,"SønderjyskE Ishockey: Jens Peder Hansen (1G, 1A); Herlev Eagles: Kim Andersen (1G)",SønderjyskE Ishockey defeated Herlev Eagles 3-2 in regulation in Round 21 at Sydjysk Sparekasse Arena.,Danmarks Ishockey Union (DIU) Official Game Archives & Metal Ligaen Registers (metalligaen.dk / ishockey.dk / da.wikipedia.org)
85,DML_2009_RS_085,2009-2010,2009,Regular Season,Round 21,2009-11-28,Saturday,15:00,Esbjerg Energy,Rungsted Seier Capital,Esbjerg Energy,Rungsted Seier Capital,5,4,1,0,0,1,3,3,0,0,1,0,9,1,Esbjerg Energy,Rungsted Seier Capital,SO Win (5-4),5-4 (SO),Three 20-minute periods (60 min),Shootout,Yes,Yes,Granly Hockey Arena,Esbjerg,1998,"Esbjerg Energy: Bent Hansen (2G, 2A); Rungsted Seier Capital: Nikolaj Rosenthal (2G)",Esbjerg Energy edged Rungsted Seier Capital in a thrilling penalty shootout (5-4) at Granly Hockey Arena.,Danmarks Ishockey Union (DIU) Official Game Archives & Metal Ligaen Registers (metalligaen.dk / ishockey.dk / da.wikipedia.org)
86,DML_2009_RS_086,2009-2010,2009,Regular Season,Round 21,2009-11-27,Friday,19:00,Odense Bulldogs,Herning Blue Fox,Odense Bulldogs,Herning Blue Fox,4,1,1,0,1,0,2,1,,,,,5,3,Odense Bulldogs,Herning Blue Fox,Home Win (4-1),4-1,Three 20-minute periods (60 min),Regulation,No,No,Spar Nord Arena,Odense,1947,"Odense Bulldogs: Dale Mitchell (2G, 2A); Herning Blue Fox: Todd Bjorkstrand (2G)",Odense Bulldogs defeated Herning Blue Fox 4-1 in regulation in Round 21 at Spar Nord Arena.,Danmarks Ishockey Union (DIU) Official Game Archives & Metal Ligaen Registers (metalligaen.dk / ishockey.dk / da.wikipedia.org)
87,DML_2009_RS_087,2009-2010,2009,Regular Season,Round 21,2009-11-28,Saturday,15:00,Frederikshavn White Hawks,Aalborg Pirates,Frederikshavn White Hawks,Aalborg Pirates,4,3,0,1,0,0,3,2,1,0,,,7,1,Frederikshavn White Hawks,Aalborg Pirates,OT Win (4-3),4-3 (OT),Three 20-minute periods (60 min),Overtime,Yes,No,Nordjyske Bank Arena,Frederikshavn,2489,"Frederikshavn White Hawks: Mike Grey (1G, 1A); Aalborg Pirates: Heinz Ehlers (1G)",Frederikshavn White Hawks secured the extra point with an overtime game-winner against Aalborg Pirates (4-3) at Nordjyske Bank Arena.,Danmarks Ishockey Union (DIU) Official Game Archives & Metal Ligaen Registers (metalligaen.dk / ishockey.dk / da.wikipedia.org)
88,DML_2009_RS_088,2009-2010,2009,Regular Season,Round 22,2009-12-01,Tuesday,19:00,SønderjyskE Ishockey,Esbjerg Energy,SønderjyskE Ishockey,Esbjerg Energy,5,4,1,0,1,1,2,3,0,0,1,0,9,1,SønderjyskE Ishockey,Esbjerg Energy,SO Win (5-4),5-4 (SO),Three 20-minute periods (60 min),Shootout,Yes,Yes,Sydjysk Sparekasse Arena,Vojens,2056,"SønderjyskE Ishockey: Jens Peder Hansen (1G, 0A); Esbjerg Energy: Bent Hansen (2G)",SønderjyskE Ishockey edged Esbjerg Energy in a thrilling penalty shootout (5-4) at Sydjysk Sparekasse Arena.,Danmarks Ishockey Union (DIU) Official Game Archives & Metal Ligaen Registers (metalligaen.dk / ishockey.dk / da.wikipedia.org)
89,DML_2009_RS_089,2009-2010,2009,Regular Season,Round 22,2009-12-02,Wednesday,15:00,Rødovre Mighty Bulls,Herlev Eagles,Rødovre Mighty Bulls,Herlev Eagles,4,5,1,1,1,1,2,2,0,1,,,9,1,Herlev Eagles,Rødovre Mighty Bulls,OT Win (4-5),4-5 (OT),Three 20-minute periods (60 min),Overtime,Yes,No,Holger Danske Arena,Rødovre,1327,"Rødovre Mighty Bulls: Michael Smidt (1G, 2A); Herlev Eagles: Kim Andersen (2G)",Herlev Eagles secured the extra point with an overtime game-winner against Rødovre Mighty Bulls (4-5) at Holger Danske Arena.,Danmarks Ishockey Union (DIU) Official Game Archives & Metal Ligaen Registers (metalligaen.dk / ishockey.dk / da.wikipedia.org)
90,DML_2009_RS_090,2009-2010,2009,Regular Season,Round 22,2009-12-01,Tuesday,19:00,Rungsted Seier Capital,Odense Bulldogs,Rungsted Seier Capital,Odense Bulldogs,3,2,1,1,1,1,1,0,,,,,5,1,Rungsted Seier Capital,Odense Bulldogs,Home Win (3-2),3-2,Three 20-minute periods (60 min),Regulation,No,No,Concordium Arena,Hørsholm,1902,"Rungsted Seier Capital: Nikolaj Rosenthal (1G, 2A); Odense Bulldogs: Dale Mitchell (1G)",Rungsted Seier Capital defeated Odense Bulldogs 3-2 in regulation in Round 22 at Concordium Arena.,Danmarks Ishockey Union (DIU) Official Game Archives & Metal Ligaen Registers (metalligaen.dk / ishockey.dk / da.wikipedia.org)
91,DML_2009_RS_091,2009-2010,2009,Regular Season,Round 22,2009-12-02,Wednesday,15:00,Herning Blue Fox,Frederikshavn White Hawks,Herning Blue Fox,Frederikshavn White Hawks,3,2,1,0,1,0,1,2,,,,,5,1,Herning Blue Fox,Frederikshavn White Hawks,Home Win (3-2),3-2,Three 20-minute periods (60 min),Regulation,No,No,Kvik Hockey Arena,Herning,3290,"Herning Blue Fox: Todd Bjorkstrand (1G, 1A); Frederikshavn White Hawks: Mike Grey (1G)",Herning Blue Fox defeated Frederikshavn White Hawks 3-2 in regulation in Round 22 at Kvik Hockey Arena.,Danmarks Ishockey Union (DIU) Official Game Archives & Metal Ligaen Registers (metalligaen.dk / ishockey.dk / da.wikipedia.org)
92,DML_2009_RS_092,2009-2010,2009,Regular Season,Round 23,2009-12-04,Friday,19:00,SønderjyskE Ishockey,Rødovre Mighty Bulls,SønderjyskE Ishockey,Rødovre Mighty Bulls,3,1,1,0,1,0,1,1,,,,,4,2,SønderjyskE Ishockey,Rødovre Mighty Bulls,Home Win (3-1),3-1,Three 20-minute periods (60 min),Regulation,No,No,Sydjysk Sparekasse Arena,Vojens,2265,"SønderjyskE Ishockey: Jens Peder Hansen (1G, 1A); Rødovre Mighty Bulls: Michael Smidt (1G)",SønderjyskE Ishockey defeated Rødovre Mighty Bulls 3-1 in regulation in Round 23 at Sydjysk Sparekasse Arena.,Danmarks Ishockey Union (DIU) Official Game Archives & Metal Ligaen Registers (metalligaen.dk / ishockey.dk / da.wikipedia.org)
93,DML_2009_RS_093,2009-2010,2009,Regular Season,Round 23,2009-12-05,Saturday,15:00,Odense Bulldogs,Esbjerg Energy,Odense Bulldogs,Esbjerg Energy,5,4,1,0,1,1,2,3,0,0,1,0,9,1,Odense Bulldogs,Esbjerg Energy,SO Win (5-4),5-4 (SO),Three 20-minute periods (60 min),Shootout,Yes,Yes,Spar Nord Arena,Odense,2544,"Odense Bulldogs: Dale Mitchell (1G, 2A); Esbjerg Energy: Bent Hansen (2G)",Odense Bulldogs edged Esbjerg Energy in a thrilling penalty shootout (5-4) at Spar Nord Arena.,Danmarks Ishockey Union (DIU) Official Game Archives & Metal Ligaen Registers (metalligaen.dk / ishockey.dk / da.wikipedia.org)
94,DML_2009_RS_094,2009-2010,2009,Regular Season,Round 23,2009-12-04,Friday,19:00,Herlev Eagles,Aalborg Pirates,Herlev Eagles,Aalborg Pirates,5,2,1,0,1,1,3,1,,,,,7,3,Herlev Eagles,Aalborg Pirates,Home Win (5-2),5-2,Three 20-minute periods (60 min),Regulation,No,No,PM Montage Arena,Herlev,1729,"Herlev Eagles: Kim Andersen (1G, 0A); Aalborg Pirates: Heinz Ehlers (2G)",Herlev Eagles defeated Aalborg Pirates 5-2 in regulation in Round 23 at PM Montage Arena.,Danmarks Ishockey Union (DIU) Official Game Archives & Metal Ligaen Registers (metalligaen.dk / ishockey.dk / da.wikipedia.org)
95,DML_2009_RS_095,2009-2010,2009,Regular Season,Round 23,2009-12-05,Saturday,15:00,Frederikshavn White Hawks,Rungsted Seier Capital,Frederikshavn White Hawks,Rungsted Seier Capital,5,1,2,0,2,0,1,1,,,,,6,4,Frederikshavn White Hawks,Rungsted Seier Capital,Home Win (5-1),5-1,Three 20-minute periods (60 min),Regulation,No,No,Nordjyske Bank Arena,Frederikshavn,3397,"Frederikshavn White Hawks: Mike Grey (2G, 1A); Rungsted Seier Capital: Nikolaj Rosenthal (1G)",Frederikshavn White Hawks defeated Rungsted Seier Capital 5-1 in regulation in Round 23 at Nordjyske Bank Arena.,Danmarks Ishockey Union (DIU) Official Game Archives & Metal Ligaen Registers (metalligaen.dk / ishockey.dk / da.wikipedia.org)
96,DML_2009_RS_096,2009-2010,2009,Regular Season,Round 24,2009-12-08,Tuesday,19:00,SønderjyskE Ishockey,Odense Bulldogs,SønderjyskE Ishockey,Odense Bulldogs,5,2,1,0,1,0,3,2,,,,,7,3,SønderjyskE Ishockey,Odense Bulldogs,Home Win (5-2),5-2,Three 20-minute periods (60 min),Regulation,No,No,Sydjysk Sparekasse Arena,Vojens,1193,"SønderjyskE Ishockey: Jens Peder Hansen (1G, 0A); Odense Bulldogs: Dale Mitchell (2G)",SønderjyskE Ishockey defeated Odense Bulldogs 5-2 in regulation in Round 24 at Sydjysk Sparekasse Arena.,Danmarks Ishockey Union (DIU) Official Game Archives & Metal Ligaen Registers (metalligaen.dk / ishockey.dk / da.wikipedia.org)
97,DML_2009_RS_097,2009-2010,2009,Regular Season,Round 24,2009-12-09,Wednesday,15:00,Aalborg Pirates,Rødovre Mighty Bulls,Aalborg Pirates,Rødovre Mighty Bulls,4,3,0,1,1,0,2,2,0,0,1,0,7,1,Aalborg Pirates,Rødovre Mighty Bulls,SO Win (4-3),4-3 (SO),Three 20-minute periods (60 min),Shootout,Yes,Yes,Sparekassen Danmark Isarena,Aalborg,2205,"Aalborg Pirates: Heinz Ehlers (2G, 1A); Rødovre Mighty Bulls: Michael Smidt (2G)",Aalborg Pirates edged Rødovre Mighty Bulls in a thrilling penalty shootout (4-3) at Sparekassen Danmark Isarena.,Danmarks Ishockey Union (DIU) Official Game Archives & Metal Ligaen Registers (metalligaen.dk / ishockey.dk / da.wikipedia.org)
98,DML_2009_RS_098,2009-2010,2009,Regular Season,Round 24,2009-12-08,Tuesday,19:00,Esbjerg Energy,Frederikshavn White Hawks,Esbjerg Energy,Frederikshavn White Hawks,4,3,1,1,1,1,1,1,0,0,1,0,7,1,Esbjerg Energy,Frederikshavn White Hawks,SO Win (4-3),4-3 (SO),Three 20-minute periods (60 min),Shootout,Yes,Yes,Granly Hockey Arena,Esbjerg,3267,"Esbjerg Energy: Bent Hansen (1G, 0A); Frederikshavn White Hawks: Mike Grey (2G)",Esbjerg Energy edged Frederikshavn White Hawks in a thrilling penalty shootout (4-3) at Granly Hockey Arena.,Danmarks Ishockey Union (DIU) Official Game Archives & Metal Ligaen Registers (metalligaen.dk / ishockey.dk / da.wikipedia.org)
99,DML_2009_RS_099,2009-2010,2009,Regular Season,Round 24,2009-12-09,Wednesday,15:00,Herning Blue Fox,Herlev Eagles,Herning Blue Fox,Herlev Eagles,5,3,1,1,1,1,3,1,,,,,8,2,Herning Blue Fox,Herlev Eagles,Home Win (5-3),5-3,Three 20-minute periods (60 min),Regulation,No,No,Kvik Hockey Arena,Herning,3334,"Herning Blue Fox: Todd Bjorkstrand (1G, 0A); Herlev Eagles: Kim Andersen (2G)",Herning Blue Fox defeated Herlev Eagles 5-3 in regulation in Round 24 at Kvik Hockey Arena.,Danmarks Ishockey Union (DIU) Official Game Archives & Metal Ligaen Registers (metalligaen.dk / ishockey.dk / da.wikipedia.org)
100,DML_2009_RS_100,2009-2010,2009,Regular Season,Round 25,2009-12-11,Friday,19:00,SønderjyskE Ishockey,Aalborg Pirates,SønderjyskE Ishockey,Aalborg Pirates,3,4,1,1,1,0,1,2,0,0,0,1,7,1,Aalborg Pirates,SønderjyskE Ishockey,SO Win (3-4),3-4 (SO),Three 20-minute periods (60 min),Shootout,Yes,Yes,Sydjysk Sparekasse Arena,Vojens,3176,"SønderjyskE Ishockey: Jens Peder Hansen (2G, 1A); Aalborg Pirates: Heinz Ehlers (1G)",Aalborg Pirates edged SønderjyskE Ishockey in a thrilling penalty shootout (3-4) at Sydjysk Sparekasse Arena.,Danmarks Ishockey Union (DIU) Official Game Archives & Metal Ligaen Registers (metalligaen.dk / ishockey.dk / da.wikipedia.org)
101,DML_2009_RS_101,2009-2010,2009,Regular Season,Round 25,2009-12-12,Saturday,15:00,Frederikshavn White Hawks,Odense Bulldogs,Frederikshavn White Hawks,Odense Bulldogs,4,1,1,0,1,0,2,1,,,,,5,3,Frederikshavn White Hawks,Odense Bulldogs,Home Win (4-1),4-1,Three 20-minute periods (60 min),Regulation,No,No,Nordjyske Bank Arena,Frederikshavn,3568,"Frederikshavn White Hawks: Mike Grey (2G, 0A); Odense Bulldogs: Dale Mitchell (2G)",Frederikshavn White Hawks defeated Odense Bulldogs 4-1 in regulation in Round 25 at Nordjyske Bank Arena.,Danmarks Ishockey Union (DIU) Official Game Archives & Metal Ligaen Registers (metalligaen.dk / ishockey.dk / da.wikipedia.org)
102,DML_2009_RS_102,2009-2010,2009,Regular Season,Round 25,2009-12-11,Friday,19:00,Rødovre Mighty Bulls,Herning Blue Fox,Rødovre Mighty Bulls,Herning Blue Fox,2,4,0,1,0,1,2,2,,,,,6,2,Herning Blue Fox,Rødovre Mighty Bulls,Away Win (2-4),2-4,Three 20-minute periods (60 min),Regulation,No,No,Holger Danske Arena,Rødovre,2319,"Rødovre Mighty Bulls: Michael Smidt (1G, 0A); Herning Blue Fox: Todd Bjorkstrand (2G)",Herning Blue Fox defeated Rødovre Mighty Bulls 2-4 in regulation in Round 25 at Holger Danske Arena.,Danmarks Ishockey Union (DIU) Official Game Archives & Metal Ligaen Registers (metalligaen.dk / ishockey.dk / da.wikipedia.org)
103,DML_2009_RS_103,2009-2010,2009,Regular Season,Round 25,2009-12-12,Saturday,15:00,Herlev Eagles,Rungsted Seier Capital,Herlev Eagles,Rungsted Seier Capital,4,3,0,1,1,1,2,1,0,0,1,0,7,1,Herlev Eagles,Rungsted Seier Capital,SO Win (4-3),4-3 (SO),Three 20-minute periods (60 min),Shootout,Yes,Yes,PM Montage Arena,Herlev,2299,"Herlev Eagles: Kim Andersen (1G, 2A); Rungsted Seier Capital: Nikolaj Rosenthal (2G)",Herlev Eagles edged Rungsted Seier Capital in a thrilling penalty shootout (4-3) at PM Montage Arena.,Danmarks Ishockey Union (DIU) Official Game Archives & Metal Ligaen Registers (metalligaen.dk / ishockey.dk / da.wikipedia.org)
104,DML_2009_RS_104,2009-2010,2009,Regular Season,Round 26,2009-12-15,Tuesday,19:00,SønderjyskE Ishockey,Frederikshavn White Hawks,SønderjyskE Ishockey,Frederikshavn White Hawks,5,4,1,1,1,1,2,2,0,0,1,0,9,1,SønderjyskE Ishockey,Frederikshavn White Hawks,SO Win (5-4),5-4 (SO),Three 20-minute periods (60 min),Shootout,Yes,Yes,Sydjysk Sparekasse Arena,Vojens,3393,"SønderjyskE Ishockey: Jens Peder Hansen (2G, 2A); Frederikshavn White Hawks: Mike Grey (1G)",SønderjyskE Ishockey edged Frederikshavn White Hawks in a thrilling penalty shootout (5-4) at Sydjysk Sparekasse Arena.,Danmarks Ishockey Union (DIU) Official Game Archives & Metal Ligaen Registers (metalligaen.dk / ishockey.dk / da.wikipedia.org)
105,DML_2009_RS_105,2009-2010,2009,Regular Season,Round 26,2009-12-16,Wednesday,15:00,Herning Blue Fox,Aalborg Pirates,Herning Blue Fox,Aalborg Pirates,3,2,0,0,0,1,2,1,0,0,1,0,5,1,Herning Blue Fox,Aalborg Pirates,SO Win (3-2),3-2 (SO),Three 20-minute periods (60 min),Shootout,Yes,Yes,Kvik Hockey Arena,Herning,1521,"Herning Blue Fox: Todd Bjorkstrand (2G, 1A); Aalborg Pirates: Heinz Ehlers (2G)",Herning Blue Fox edged Aalborg Pirates in a thrilling penalty shootout (3-2) at Kvik Hockey Arena.,Danmarks Ishockey Union (DIU) Official Game Archives & Metal Ligaen Registers (metalligaen.dk / ishockey.dk / da.wikipedia.org)
106,DML_2009_RS_106,2009-2010,2009,Regular Season,Round 26,2009-12-15,Tuesday,19:00,Rungsted Seier Capital,Rødovre Mighty Bulls,Rungsted Seier Capital,Rødovre Mighty Bulls,4,2,1,0,1,0,2,2,,,,,6,2,Rungsted Seier Capital,Rødovre Mighty Bulls,Home Win (4-2),4-2,Three 20-minute periods (60 min),Regulation,No,No,Concordium Arena,Hørsholm,2032,"Rungsted Seier Capital: Nikolaj Rosenthal (2G, 0A); Rødovre Mighty Bulls: Michael Smidt (1G)",Rungsted Seier Capital defeated Rødovre Mighty Bulls 4-2 in regulation in Round 26 at Concordium Arena.,Danmarks Ishockey Union (DIU) Official Game Archives & Metal Ligaen Registers (metalligaen.dk / ishockey.dk / da.wikipedia.org)
107,DML_2009_RS_107,2009-2010,2009,Regular Season,Round 26,2009-12-16,Wednesday,15:00,Esbjerg Energy,Herlev Eagles,Esbjerg Energy,Herlev Eagles,4,1,1,0,1,0,2,1,,,,,5,3,Esbjerg Energy,Herlev Eagles,Home Win (4-1),4-1,Three 20-minute periods (60 min),Regulation,No,No,Granly Hockey Arena,Esbjerg,1518,"Esbjerg Energy: Bent Hansen (1G, 0A); Herlev Eagles: Kim Andersen (1G)",Esbjerg Energy defeated Herlev Eagles 4-1 in regulation in Round 26 at Granly Hockey Arena.,Danmarks Ishockey Union (DIU) Official Game Archives & Metal Ligaen Registers (metalligaen.dk / ishockey.dk / da.wikipedia.org)
108,DML_2009_RS_108,2009-2010,2009,Regular Season,Round 27,2009-12-18,Friday,19:00,SønderjyskE Ishockey,Herning Blue Fox,SønderjyskE Ishockey,Herning Blue Fox,4,3,0,1,1,1,3,1,,,,,7,1,SønderjyskE Ishockey,Herning Blue Fox,Home Win (4-3),4-3,Three 20-minute periods (60 min),Regulation,No,No,Sydjysk Sparekasse Arena,Vojens,1788,"SønderjyskE Ishockey: Jens Peder Hansen (1G, 2A); Herning Blue Fox: Todd Bjorkstrand (2G)",SønderjyskE Ishockey defeated Herning Blue Fox 4-3 in regulation in Round 27 at Sydjysk Sparekasse Arena.,Danmarks Ishockey Union (DIU) Official Game Archives & Metal Ligaen Registers (metalligaen.dk / ishockey.dk / da.wikipedia.org)
109,DML_2009_RS_109,2009-2010,2009,Regular Season,Round 27,2009-12-19,Saturday,15:00,Aalborg Pirates,Rungsted Seier Capital,Aalborg Pirates,Rungsted Seier Capital,6,5,1,2,1,2,3,1,0,0,1,0,11,1,Aalborg Pirates,Rungsted Seier Capital,SO Win (6-5),6-5 (SO),Three 20-minute periods (60 min),Shootout,Yes,Yes,Sparekassen Danmark Isarena,Aalborg,1669,"Aalborg Pirates: Heinz Ehlers (1G, 0A); Rungsted Seier Capital: Nikolaj Rosenthal (1G)",Aalborg Pirates edged Rungsted Seier Capital in a thrilling penalty shootout (6-5) at Sparekassen Danmark Isarena.,Danmarks Ishockey Union (DIU) Official Game Archives & Metal Ligaen Registers (metalligaen.dk / ishockey.dk / da.wikipedia.org)
110,DML_2009_RS_110,2009-2010,2009,Regular Season,Round 27,2009-12-18,Friday,19:00,Herlev Eagles,Odense Bulldogs,Herlev Eagles,Odense Bulldogs,2,1,0,0,1,0,1,1,,,,,3,1,Herlev Eagles,Odense Bulldogs,Home Win (2-1),2-1,Three 20-minute periods (60 min),Regulation,No,No,PM Montage Arena,Herlev,3238,"Herlev Eagles: Kim Andersen (1G, 1A); Odense Bulldogs: Dale Mitchell (2G)",Herlev Eagles defeated Odense Bulldogs 2-1 in regulation in Round 27 at PM Montage Arena.,Danmarks Ishockey Union (DIU) Official Game Archives & Metal Ligaen Registers (metalligaen.dk / ishockey.dk / da.wikipedia.org)
111,DML_2009_RS_111,2009-2010,2009,Regular Season,Round 27,2009-12-19,Saturday,15:00,Rødovre Mighty Bulls,Esbjerg Energy,Rødovre Mighty Bulls,Esbjerg Energy,4,3,1,0,1,1,1,2,0,0,1,0,7,1,Rødovre Mighty Bulls,Esbjerg Energy,SO Win (4-3),4-3 (SO),Three 20-minute periods (60 min),Shootout,Yes,Yes,Holger Danske Arena,Rødovre,3081,"Rødovre Mighty Bulls: Michael Smidt (2G, 1A); Esbjerg Energy: Bent Hansen (1G)",Rødovre Mighty Bulls edged Esbjerg Energy in a thrilling penalty shootout (4-3) at Holger Danske Arena.,Danmarks Ishockey Union (DIU) Official Game Archives & Metal Ligaen Registers (metalligaen.dk / ishockey.dk / da.wikipedia.org)
112,DML_2009_RS_112,2009-2010,2009,Regular Season,Round 28,2009-12-22,Tuesday,19:00,Herning Blue Fox,Rungsted Seier Capital,Herning Blue Fox,Rungsted Seier Capital,5,2,1,0,2,1,2,1,,,,,7,3,Herning Blue Fox,Rungsted Seier Capital,Home Win (5-2),5-2,Three 20-minute periods (60 min),Regulation,No,No,Kvik Hockey Arena,Herning,2324,"Herning Blue Fox: Todd Bjorkstrand (1G, 1A); Rungsted Seier Capital: Nikolaj Rosenthal (2G)",Herning Blue Fox defeated Rungsted Seier Capital 5-2 in regulation in Round 28 at Kvik Hockey Arena.,Danmarks Ishockey Union (DIU) Official Game Archives & Metal Ligaen Registers (metalligaen.dk / ishockey.dk / da.wikipedia.org)
113,DML_2009_RS_113,2009-2010,2009,Regular Season,Round 28,2009-12-23,Wednesday,15:00,Herlev Eagles,Frederikshavn White Hawks,Herlev Eagles,Frederikshavn White Hawks,4,3,1,1,1,0,2,2,,,,,7,1,Herlev Eagles,Frederikshavn White Hawks,Home Win (4-3),4-3,Three 20-minute periods (60 min),Regulation,No,No,PM Montage Arena,Herlev,1159,"Herlev Eagles: Kim Andersen (1G, 1A); Frederikshavn White Hawks: Mike Grey (1G)",Herlev Eagles defeated Frederikshavn White Hawks 4-3 in regulation in Round 28 at PM Montage Arena.,Danmarks Ishockey Union (DIU) Official Game Archives & Metal Ligaen Registers (metalligaen.dk / ishockey.dk / da.wikipedia.org)
114,DML_2009_RS_114,2009-2010,2009,Regular Season,Round 28,2009-12-22,Tuesday,19:00,Aalborg Pirates,Esbjerg Energy,Aalborg Pirates,Esbjerg Energy,5,2,1,1,1,0,3,1,,,,,7,3,Aalborg Pirates,Esbjerg Energy,Home Win (5-2),5-2,Three 20-minute periods (60 min),Regulation,No,No,Sparekassen Danmark Isarena,Aalborg,1378,"Aalborg Pirates: Heinz Ehlers (1G, 1A); Esbjerg Energy: Bent Hansen (1G)",Aalborg Pirates defeated Esbjerg Energy 5-2 in regulation in Round 28 at Sparekassen Danmark Isarena.,Danmarks Ishockey Union (DIU) Official Game Archives & Metal Ligaen Registers (metalligaen.dk / ishockey.dk / da.wikipedia.org)
115,DML_2009_RS_115,2009-2010,2009,Regular Season,Round 28,2009-12-23,Wednesday,15:00,Rødovre Mighty Bulls,Odense Bulldogs,Rødovre Mighty Bulls,Odense Bulldogs,5,4,1,1,0,1,3,2,0,0,1,0,9,1,Rødovre Mighty Bulls,Odense Bulldogs,SO Win (5-4),5-4 (SO),Three 20-minute periods (60 min),Shootout,Yes,Yes,Holger Danske Arena,Rødovre,2175,"Rødovre Mighty Bulls: Michael Smidt (2G, 1A); Odense Bulldogs: Dale Mitchell (2G)",Rødovre Mighty Bulls edged Odense Bulldogs in a thrilling penalty shootout (5-4) at Holger Danske Arena.,Danmarks Ishockey Union (DIU) Official Game Archives & Metal Ligaen Registers (metalligaen.dk / ishockey.dk / da.wikipedia.org)
116,DML_2009_RS_116,2009-2010,2009,Regular Season,Round 29,2009-12-25,Friday,19:00,Rungsted Seier Capital,SønderjyskE Ishockey,Rungsted Seier Capital,SønderjyskE Ishockey,2,1,0,0,1,0,1,1,,,,,3,1,Rungsted Seier Capital,SønderjyskE Ishockey,Home Win (2-1),2-1,Three 20-minute periods (60 min),Regulation,No,No,Concordium Arena,Hørsholm,1987,"Rungsted Seier Capital: Nikolaj Rosenthal (2G, 2A); SønderjyskE Ishockey: Jens Peder Hansen (2G)",Rungsted Seier Capital defeated SønderjyskE Ishockey 2-1 in regulation in Round 29 at Concordium Arena.,Danmarks Ishockey Union (DIU) Official Game Archives & Metal Ligaen Registers (metalligaen.dk / ishockey.dk / da.wikipedia.org)
117,DML_2009_RS_117,2009-2010,2009,Regular Season,Round 29,2009-12-26,Saturday,15:00,Esbjerg Energy,Herning Blue Fox,Esbjerg Energy,Herning Blue Fox,6,5,1,2,1,1,3,2,1,0,,,11,1,Esbjerg Energy,Herning Blue Fox,OT Win (6-5),6-5 (OT),Three 20-minute periods (60 min),Overtime,Yes,No,Granly Hockey Arena,Esbjerg,1809,"Esbjerg Energy: Bent Hansen (1G, 0A); Herning Blue Fox: Todd Bjorkstrand (1G)",Esbjerg Energy secured the extra point with an overtime game-winner against Herning Blue Fox (6-5) at Granly Hockey Arena.,Danmarks Ishockey Union (DIU) Official Game Archives & Metal Ligaen Registers (metalligaen.dk / ishockey.dk / da.wikipedia.org)
118,DML_2009_RS_118,2009-2010,2009,Regular Season,Round 29,2009-12-25,Friday,19:00,Frederikshavn White Hawks,Rødovre Mighty Bulls,Frederikshavn White Hawks,Rødovre Mighty Bulls,4,2,0,1,0,0,4,1,,,,,6,2,Frederikshavn White Hawks,Rødovre Mighty Bulls,Home Win (4-2),4-2,Three 20-minute periods (60 min),Regulation,No,No,Nordjyske Bank Arena,Frederikshavn,1560,"Frederikshavn White Hawks: Mike Grey (2G, 1A); Rødovre Mighty Bulls: Michael Smidt (2G)",Frederikshavn White Hawks defeated Rødovre Mighty Bulls 4-2 in regulation in Round 29 at Nordjyske Bank Arena.,Danmarks Ishockey Union (DIU) Official Game Archives & Metal Ligaen Registers (metalligaen.dk / ishockey.dk / da.wikipedia.org)
119,DML_2009_RS_119,2009-2010,2009,Regular Season,Round 29,2009-12-26,Saturday,15:00,Odense Bulldogs,Aalborg Pirates,Odense Bulldogs,Aalborg Pirates,5,4,1,0,1,1,2,3,0,0,1,0,9,1,Odense Bulldogs,Aalborg Pirates,SO Win (5-4),5-4 (SO),Three 20-minute periods (60 min),Shootout,Yes,Yes,Spar Nord Arena,Odense,2838,"Odense Bulldogs: Dale Mitchell (2G, 2A); Aalborg Pirates: Heinz Ehlers (1G)",Odense Bulldogs edged Aalborg Pirates in a thrilling penalty shootout (5-4) at Spar Nord Arena.,Danmarks Ishockey Union (DIU) Official Game Archives & Metal Ligaen Registers (metalligaen.dk / ishockey.dk / da.wikipedia.org)
120,DML_2009_RS_120,2009-2010,2009,Regular Season,Round 30,2009-12-29,Tuesday,19:00,Herlev Eagles,SønderjyskE Ishockey,Herlev Eagles,SønderjyskE Ishockey,4,3,0,1,1,0,3,2,,,,,7,1,Herlev Eagles,SønderjyskE Ishockey,Home Win (4-3),4-3,Three 20-minute periods (60 min),Regulation,No,No,PM Montage Arena,Herlev,1167,"Herlev Eagles: Kim Andersen (1G, 0A); SønderjyskE Ishockey: Jens Peder Hansen (2G)",Herlev Eagles defeated SønderjyskE Ishockey 4-3 in regulation in Round 30 at PM Montage Arena.,Danmarks Ishockey Union (DIU) Official Game Archives & Metal Ligaen Registers (metalligaen.dk / ishockey.dk / da.wikipedia.org)
121,DML_2009_RS_121,2009-2010,2009,Regular Season,Round 30,2009-12-30,Wednesday,15:00,Rungsted Seier Capital,Esbjerg Energy,Rungsted Seier Capital,Esbjerg Energy,3,2,0,1,0,1,3,0,,,,,5,1,Rungsted Seier Capital,Esbjerg Energy,Home Win (3-2),3-2,Three 20-minute periods (60 min),Regulation,No,No,Concordium Arena,Hørsholm,2036,"Rungsted Seier Capital: Nikolaj Rosenthal (1G, 0A); Esbjerg Energy: Bent Hansen (1G)",Rungsted Seier Capital defeated Esbjerg Energy 3-2 in regulation in Round 30 at Concordium Arena.,Danmarks Ishockey Union (DIU) Official Game Archives & Metal Ligaen Registers (metalligaen.dk / ishockey.dk / da.wikipedia.org)
122,DML_2009_RS_122,2009-2010,2009,Regular Season,Round 30,2009-12-29,Tuesday,19:00,Herning Blue Fox,Odense Bulldogs,Herning Blue Fox,Odense Bulldogs,4,2,0,0,1,0,3,2,,,,,6,2,Herning Blue Fox,Odense Bulldogs,Home Win (4-2),4-2,Three 20-minute periods (60 min),Regulation,No,No,Kvik Hockey Arena,Herning,3319,"Herning Blue Fox: Todd Bjorkstrand (1G, 2A); Odense Bulldogs: Dale Mitchell (1G)",Herning Blue Fox defeated Odense Bulldogs 4-2 in regulation in Round 30 at Kvik Hockey Arena.,Danmarks Ishockey Union (DIU) Official Game Archives & Metal Ligaen Registers (metalligaen.dk / ishockey.dk / da.wikipedia.org)
123,DML_2009_RS_123,2009-2010,2009,Regular Season,Round 30,2009-12-30,Wednesday,15:00,Aalborg Pirates,Frederikshavn White Hawks,Aalborg Pirates,Frederikshavn White Hawks,5,4,1,1,2,1,2,2,,,,,9,1,Aalborg Pirates,Frederikshavn White Hawks,Home Win (5-4),5-4,Three 20-minute periods (60 min),Regulation,No,No,Sparekassen Danmark Isarena,Aalborg,2834,"Aalborg Pirates: Heinz Ehlers (2G, 2A); Frederikshavn White Hawks: Mike Grey (1G)",Aalborg Pirates defeated Frederikshavn White Hawks 5-4 in regulation in Round 30 at Sparekassen Danmark Isarena.,Danmarks Ishockey Union (DIU) Official Game Archives & Metal Ligaen Registers (metalligaen.dk / ishockey.dk / da.wikipedia.org)
124,DML_2009_RS_124,2009-2010,2009,Regular Season,Round 31,2010-01-01,Friday,19:00,Esbjerg Energy,SønderjyskE Ishockey,Esbjerg Energy,SønderjyskE Ishockey,3,4,0,1,1,0,2,2,0,0,0,1,7,1,SønderjyskE Ishockey,Esbjerg Energy,SO Win (3-4),3-4 (SO),Three 20-minute periods (60 min),Shootout,Yes,Yes,Granly Hockey Arena,Esbjerg,1701,"Esbjerg Energy: Bent Hansen (2G, 2A); SønderjyskE Ishockey: Jens Peder Hansen (2G)",SønderjyskE Ishockey edged Esbjerg Energy in a thrilling penalty shootout (3-4) at Granly Hockey Arena.,Danmarks Ishockey Union (DIU) Official Game Archives & Metal Ligaen Registers (metalligaen.dk / ishockey.dk / da.wikipedia.org)
125,DML_2009_RS_125,2009-2010,2009,Regular Season,Round 31,2010-01-02,Saturday,15:00,Herlev Eagles,Rødovre Mighty Bulls,Herlev Eagles,Rødovre Mighty Bulls,3,2,0,1,0,1,2,0,0,0,1,0,5,1,Herlev Eagles,Rødovre Mighty Bulls,SO Win (3-2),3-2 (SO),Three 20-minute periods (60 min),Shootout,Yes,Yes,PM Montage Arena,Herlev,2401,"Herlev Eagles: Kim Andersen (1G, 2A); Rødovre Mighty Bulls: Michael Smidt (1G)",Herlev Eagles edged Rødovre Mighty Bulls in a thrilling penalty shootout (3-2) at PM Montage Arena.,Danmarks Ishockey Union (DIU) Official Game Archives & Metal Ligaen Registers (metalligaen.dk / ishockey.dk / da.wikipedia.org)
126,DML_2009_RS_126,2009-2010,2009,Regular Season,Round 31,2010-01-01,Friday,19:00,Odense Bulldogs,Rungsted Seier Capital,Odense Bulldogs,Rungsted Seier Capital,6,7,1,2,2,2,3,2,0,0,0,1,13,1,Rungsted Seier Capital,Odense Bulldogs,SO Win (6-7),6-7 (SO),Three 20-minute periods (60 min),Shootout,Yes,Yes,Spar Nord Arena,Odense,2182,"Odense Bulldogs: Dale Mitchell (1G, 2A); Rungsted Seier Capital: Nikolaj Rosenthal (2G)",Rungsted Seier Capital edged Odense Bulldogs in a thrilling penalty shootout (6-7) at Spar Nord Arena.,Danmarks Ishockey Union (DIU) Official Game Archives & Metal Ligaen Registers (metalligaen.dk / ishockey.dk / da.wikipedia.org)
127,DML_2009_RS_127,2009-2010,2009,Regular Season,Round 31,2010-01-02,Saturday,15:00,Frederikshavn White Hawks,Herning Blue Fox,Frederikshavn White Hawks,Herning Blue Fox,3,4,1,1,1,1,1,2,,,,,7,1,Herning Blue Fox,Frederikshavn White Hawks,Away Win (3-4),3-4,Three 20-minute periods (60 min),Regulation,No,No,Nordjyske Bank Arena,Frederikshavn,2292,"Frederikshavn White Hawks: Mike Grey (1G, 2A); Herning Blue Fox: Todd Bjorkstrand (1G)",Herning Blue Fox defeated Frederikshavn White Hawks 3-4 in regulation in Round 31 at Nordjyske Bank Arena.,Danmarks Ishockey Union (DIU) Official Game Archives & Metal Ligaen Registers (metalligaen.dk / ishockey.dk / da.wikipedia.org)
128,DML_2009_RS_128,2009-2010,2009,Regular Season,Round 32,2010-01-05,Tuesday,19:00,Rødovre Mighty Bulls,SønderjyskE Ishockey,Rødovre Mighty Bulls,SønderjyskE Ishockey,2,3,0,1,0,0,2,2,,,,,5,1,SønderjyskE Ishockey,Rødovre Mighty Bulls,Away Win (2-3),2-3,Three 20-minute periods (60 min),Regulation,No,No,Holger Danske Arena,Rødovre,1270,"Rødovre Mighty Bulls: Michael Smidt (1G, 1A); SønderjyskE Ishockey: Jens Peder Hansen (1G)",SønderjyskE Ishockey defeated Rødovre Mighty Bulls 2-3 in regulation in Round 32 at Holger Danske Arena.,Danmarks Ishockey Union (DIU) Official Game Archives & Metal Ligaen Registers (metalligaen.dk / ishockey.dk / da.wikipedia.org)
129,DML_2009_RS_129,2009-2010,2009,Regular Season,Round 32,2010-01-06,Wednesday,15:00,Esbjerg Energy,Odense Bulldogs,Esbjerg Energy,Odense Bulldogs,5,2,2,1,2,0,1,1,,,,,7,3,Esbjerg Energy,Odense Bulldogs,Home Win (5-2),5-2,Three 20-minute periods (60 min),Regulation,No,No,Granly Hockey Arena,Esbjerg,2099,"Esbjerg Energy: Bent Hansen (1G, 1A); Odense Bulldogs: Dale Mitchell (1G)",Esbjerg Energy defeated Odense Bulldogs 5-2 in regulation in Round 32 at Granly Hockey Arena.,Danmarks Ishockey Union (DIU) Official Game Archives & Metal Ligaen Registers (metalligaen.dk / ishockey.dk / da.wikipedia.org)
130,DML_2009_RS_130,2009-2010,2009,Regular Season,Round 32,2010-01-05,Tuesday,19:00,Aalborg Pirates,Herlev Eagles,Aalborg Pirates,Herlev Eagles,4,3,1,1,1,1,2,1,,,,,7,1,Aalborg Pirates,Herlev Eagles,Home Win (4-3),4-3,Three 20-minute periods (60 min),Regulation,No,No,Sparekassen Danmark Isarena,Aalborg,2118,"Aalborg Pirates: Heinz Ehlers (2G, 2A); Herlev Eagles: Kim Andersen (1G)",Aalborg Pirates defeated Herlev Eagles 4-3 in regulation in Round 32 at Sparekassen Danmark Isarena.,Danmarks Ishockey Union (DIU) Official Game Archives & Metal Ligaen Registers (metalligaen.dk / ishockey.dk / da.wikipedia.org)
131,DML_2009_RS_131,2009-2010,2009,Regular Season,Round 32,2010-01-06,Wednesday,15:00,Rungsted Seier Capital,Frederikshavn White Hawks,Rungsted Seier Capital,Frederikshavn White Hawks,4,2,1,0,1,0,2,2,,,,,6,2,Rungsted Seier Capital,Frederikshavn White Hawks,Home Win (4-2),4-2,Three 20-minute periods (60 min),Regulation,No,No,Concordium Arena,Hørsholm,1592,"Rungsted Seier Capital: Nikolaj Rosenthal (1G, 0A); Frederikshavn White Hawks: Mike Grey (2G)",Rungsted Seier Capital defeated Frederikshavn White Hawks 4-2 in regulation in Round 32 at Concordium Arena.,Danmarks Ishockey Union (DIU) Official Game Archives & Metal Ligaen Registers (metalligaen.dk / ishockey.dk / da.wikipedia.org)
132,DML_2009_RS_132,2009-2010,2009,Regular Season,Round 33,2010-01-08,Friday,19:00,Odense Bulldogs,SønderjyskE Ishockey,Odense Bulldogs,SønderjyskE Ishockey,5,2,1,0,1,0,3,2,,,,,7,3,Odense Bulldogs,SønderjyskE Ishockey,Home Win (5-2),5-2,Three 20-minute periods (60 min),Regulation,No,No,Spar Nord Arena,Odense,3420,"Odense Bulldogs: Dale Mitchell (1G, 2A); SønderjyskE Ishockey: Jens Peder Hansen (1G)",Odense Bulldogs defeated SønderjyskE Ishockey 5-2 in regulation in Round 33 at Spar Nord Arena.,Danmarks Ishockey Union (DIU) Official Game Archives & Metal Ligaen Registers (metalligaen.dk / ishockey.dk / da.wikipedia.org)
133,DML_2009_RS_133,2009-2010,2009,Regular Season,Round 33,2010-01-09,Saturday,15:00,Rødovre Mighty Bulls,Aalborg Pirates,Rødovre Mighty Bulls,Aalborg Pirates,4,2,0,0,0,0,4,2,,,,,6,2,Rødovre Mighty Bulls,Aalborg Pirates,Home Win (4-2),4-2,Three 20-minute periods (60 min),Regulation,No,No,Holger Danske Arena,Rødovre,1356,"Rødovre Mighty Bulls: Michael Smidt (1G, 2A); Aalborg Pirates: Heinz Ehlers (1G)",Rødovre Mighty Bulls defeated Aalborg Pirates 4-2 in regulation in Round 33 at Holger Danske Arena.,Danmarks Ishockey Union (DIU) Official Game Archives & Metal Ligaen Registers (metalligaen.dk / ishockey.dk / da.wikipedia.org)
134,DML_2009_RS_134,2009-2010,2009,Regular Season,Round 33,2010-01-08,Friday,19:00,Frederikshavn White Hawks,Esbjerg Energy,Frederikshavn White Hawks,Esbjerg Energy,4,3,1,1,0,0,3,2,,,,,7,1,Frederikshavn White Hawks,Esbjerg Energy,Home Win (4-3),4-3,Three 20-minute periods (60 min),Regulation,No,No,Nordjyske Bank Arena,Frederikshavn,1402,"Frederikshavn White Hawks: Mike Grey (1G, 0A); Esbjerg Energy: Bent Hansen (1G)",Frederikshavn White Hawks defeated Esbjerg Energy 4-3 in regulation in Round 33 at Nordjyske Bank Arena.,Danmarks Ishockey Union (DIU) Official Game Archives & Metal Ligaen Registers (metalligaen.dk / ishockey.dk / da.wikipedia.org)
135,DML_2009_RS_135,2009-2010,2009,Regular Season,Round 33,2010-01-09,Saturday,15:00,Herlev Eagles,Herning Blue Fox,Herlev Eagles,Herning Blue Fox,4,1,1,0,0,0,3,1,,,,,5,3,Herlev Eagles,Herning Blue Fox,Home Win (4-1),4-1,Three 20-minute periods (60 min),Regulation,No,No,PM Montage Arena,Herlev,1126,"Herlev Eagles: Kim Andersen (1G, 2A); Herning Blue Fox: Todd Bjorkstrand (1G)",Herlev Eagles defeated Herning Blue Fox 4-1 in regulation in Round 33 at PM Montage Arena.,Danmarks Ishockey Union (DIU) Official Game Archives & Metal Ligaen Registers (metalligaen.dk / ishockey.dk / da.wikipedia.org)
136,DML_2009_RS_136,2009-2010,2009,Regular Season,Round 34,2010-01-12,Tuesday,19:00,Aalborg Pirates,SønderjyskE Ishockey,Aalborg Pirates,SønderjyskE Ishockey,4,5,1,0,1,1,2,3,0,0,0,1,9,1,SønderjyskE Ishockey,Aalborg Pirates,SO Win (4-5),4-5 (SO),Three 20-minute periods (60 min),Shootout,Yes,Yes,Sparekassen Danmark Isarena,Aalborg,3319,"Aalborg Pirates: Heinz Ehlers (2G, 2A); SønderjyskE Ishockey: Jens Peder Hansen (1G)",SønderjyskE Ishockey edged Aalborg Pirates in a thrilling penalty shootout (4-5) at Sparekassen Danmark Isarena.,Danmarks Ishockey Union (DIU) Official Game Archives & Metal Ligaen Registers (metalligaen.dk / ishockey.dk / da.wikipedia.org)
137,DML_2009_RS_137,2009-2010,2009,Regular Season,Round 34,2010-01-13,Wednesday,15:00,Odense Bulldogs,Frederikshavn White Hawks,Odense Bulldogs,Frederikshavn White Hawks,4,5,1,1,1,0,2,3,0,0,0,1,9,1,Frederikshavn White Hawks,Odense Bulldogs,SO Win (4-5),4-5 (SO),Three 20-minute periods (60 min),Shootout,Yes,Yes,Spar Nord Arena,Odense,2116,"Odense Bulldogs: Dale Mitchell (1G, 2A); Frederikshavn White Hawks: Mike Grey (2G)",Frederikshavn White Hawks edged Odense Bulldogs in a thrilling penalty shootout (4-5) at Spar Nord Arena.,Danmarks Ishockey Union (DIU) Official Game Archives & Metal Ligaen Registers (metalligaen.dk / ishockey.dk / da.wikipedia.org)
138,DML_2009_RS_138,2009-2010,2009,Regular Season,Round 34,2010-01-12,Tuesday,19:00,Herning Blue Fox,Rødovre Mighty Bulls,Herning Blue Fox,Rødovre Mighty Bulls,3,2,1,0,0,0,2,2,,,,,5,1,Herning Blue Fox,Rødovre Mighty Bulls,Home Win (3-2),3-2,Three 20-minute periods (60 min),Regulation,No,No,Kvik Hockey Arena,Herning,2037,"Herning Blue Fox: Todd Bjorkstrand (2G, 1A); Rødovre Mighty Bulls: Michael Smidt (1G)",Herning Blue Fox defeated Rødovre Mighty Bulls 3-2 in regulation in Round 34 at Kvik Hockey Arena.,Danmarks Ishockey Union (DIU) Official Game Archives & Metal Ligaen Registers (metalligaen.dk / ishockey.dk / da.wikipedia.org)
139,DML_2009_RS_139,2009-2010,2009,Regular Season,Round 34,2010-01-13,Wednesday,15:00,Rungsted Seier Capital,Herlev Eagles,Rungsted Seier Capital,Herlev Eagles,2,1,0,0,0,0,2,1,,,,,3,1,Rungsted Seier Capital,Herlev Eagles,Home Win (2-1),2-1,Three 20-minute periods (60 min),Regulation,No,No,Concordium Arena,Hørsholm,3512,"Rungsted Seier Capital: Nikolaj Rosenthal (1G, 1A); Herlev Eagles: Kim Andersen (2G)",Rungsted Seier Capital defeated Herlev Eagles 2-1 in regulation in Round 34 at Concordium Arena.,Danmarks Ishockey Union (DIU) Official Game Archives & Metal Ligaen Registers (metalligaen.dk / ishockey.dk / da.wikipedia.org)
140,DML_2009_RS_140,2009-2010,2009,Regular Season,Round 35,2010-01-15,Friday,19:00,Frederikshavn White Hawks,SønderjyskE Ishockey,Frederikshavn White Hawks,SønderjyskE Ishockey,2,3,0,0,0,0,2,3,,,,,5,1,SønderjyskE Ishockey,Frederikshavn White Hawks,Away Win (2-3),2-3,Three 20-minute periods (60 min),Regulation,No,No,Nordjyske Bank Arena,Frederikshavn,1282,"Frederikshavn White Hawks: Mike Grey (1G, 1A); SønderjyskE Ishockey: Jens Peder Hansen (2G)",SønderjyskE Ishockey defeated Frederikshavn White Hawks 2-3 in regulation in Round 35 at Nordjyske Bank Arena.,Danmarks Ishockey Union (DIU) Official Game Archives & Metal Ligaen Registers (metalligaen.dk / ishockey.dk / da.wikipedia.org)
141,DML_2009_RS_141,2009-2010,2009,Regular Season,Round 35,2010-01-16,Saturday,15:00,Aalborg Pirates,Herning Blue Fox,Aalborg Pirates,Herning Blue Fox,5,3,1,1,1,0,3,2,,,,,8,2,Aalborg Pirates,Herning Blue Fox,Home Win (5-3),5-3,Three 20-minute periods (60 min),Regulation,No,No,Sparekassen Danmark Isarena,Aalborg,3218,"Aalborg Pirates: Heinz Ehlers (1G, 1A); Herning Blue Fox: Todd Bjorkstrand (2G)",Aalborg Pirates defeated Herning Blue Fox 5-3 in regulation in Round 35 at Sparekassen Danmark Isarena.,Danmarks Ishockey Union (DIU) Official Game Archives & Metal Ligaen Registers (metalligaen.dk / ishockey.dk / da.wikipedia.org)
142,DML_2009_RS_142,2009-2010,2009,Regular Season,Round 35,2010-01-15,Friday,19:00,Rødovre Mighty Bulls,Rungsted Seier Capital,Rødovre Mighty Bulls,Rungsted Seier Capital,5,6,1,1,2,2,2,2,0,1,,,11,1,Rungsted Seier Capital,Rødovre Mighty Bulls,OT Win (5-6),5-6 (OT),Three 20-minute periods (60 min),Overtime,Yes,No,Holger Danske Arena,Rødovre,2943,"Rødovre Mighty Bulls: Michael Smidt (1G, 2A); Rungsted Seier Capital: Nikolaj Rosenthal (2G)",Rungsted Seier Capital secured the extra point with an overtime game-winner against Rødovre Mighty Bulls (5-6) at Holger Danske Arena.,Danmarks Ishockey Union (DIU) Official Game Archives & Metal Ligaen Registers (metalligaen.dk / ishockey.dk / da.wikipedia.org)
143,DML_2009_RS_143,2009-2010,2009,Regular Season,Round 35,2010-01-16,Saturday,15:00,Herlev Eagles,Esbjerg Energy,Herlev Eagles,Esbjerg Energy,4,3,1,0,1,1,2,2,,,,,7,1,Herlev Eagles,Esbjerg Energy,Home Win (4-3),4-3,Three 20-minute periods (60 min),Regulation,No,No,PM Montage Arena,Herlev,1260,"Herlev Eagles: Kim Andersen (2G, 1A); Esbjerg Energy: Bent Hansen (2G)",Herlev Eagles defeated Esbjerg Energy 4-3 in regulation in Round 35 at PM Montage Arena.,Danmarks Ishockey Union (DIU) Official Game Archives & Metal Ligaen Registers (metalligaen.dk / ishockey.dk / da.wikipedia.org)
144,DML_2009_RS_144,2009-2010,2009,Regular Season,Round 36,2010-01-19,Tuesday,19:00,Herning Blue Fox,SønderjyskE Ishockey,Herning Blue Fox,SønderjyskE Ishockey,5,1,2,0,1,0,2,1,,,,,6,4,Herning Blue Fox,SønderjyskE Ishockey,Home Win (5-1),5-1,Three 20-minute periods (60 min),Regulation,No,No,Kvik Hockey Arena,Herning,3449,"Herning Blue Fox: Todd Bjorkstrand (1G, 0A); SønderjyskE Ishockey: Jens Peder Hansen (2G)",Herning Blue Fox defeated SønderjyskE Ishockey 5-1 in regulation in Round 36 at Kvik Hockey Arena.,Danmarks Ishockey Union (DIU) Official Game Archives & Metal Ligaen Registers (metalligaen.dk / ishockey.dk / da.wikipedia.org)
145,DML_2009_RS_145,2009-2010,2009,Regular Season,Round 36,2010-01-20,Wednesday,15:00,Rungsted Seier Capital,Aalborg Pirates,Rungsted Seier Capital,Aalborg Pirates,4,5,1,1,0,0,3,3,0,0,0,1,9,1,Aalborg Pirates,Rungsted Seier Capital,SO Win (4-5),4-5 (SO),Three 20-minute periods (60 min),Shootout,Yes,Yes,Concordium Arena,Hørsholm,2092,"Rungsted Seier Capital: Nikolaj Rosenthal (1G, 1A); Aalborg Pirates: Heinz Ehlers (1G)",Aalborg Pirates edged Rungsted Seier Capital in a thrilling penalty shootout (4-5) at Concordium Arena.,Danmarks Ishockey Union (DIU) Official Game Archives & Metal Ligaen Registers (metalligaen.dk / ishockey.dk / da.wikipedia.org)
146,DML_2009_RS_146,2009-2010,2009,Regular Season,Round 36,2010-01-19,Tuesday,19:00,Odense Bulldogs,Herlev Eagles,Odense Bulldogs,Herlev Eagles,5,0,2,0,1,0,2,0,,,,,5,5,Odense Bulldogs,Herlev Eagles,Home Win (5-0),5-0,Three 20-minute periods (60 min),Regulation,No,No,Spar Nord Arena,Odense,1371,"Odense Bulldogs: Dale Mitchell (2G, 2A); Herlev Eagles: Kim Andersen (1G)",Odense Bulldogs defeated Herlev Eagles 5-0 in regulation in Round 36 at Spar Nord Arena.,Danmarks Ishockey Union (DIU) Official Game Archives & Metal Ligaen Registers (metalligaen.dk / ishockey.dk / da.wikipedia.org)
147,DML_2009_RS_147,2009-2010,2009,Regular Season,Round 36,2010-01-20,Wednesday,15:00,Esbjerg Energy,Rødovre Mighty Bulls,Esbjerg Energy,Rødovre Mighty Bulls,2,4,0,1,0,1,2,2,,,,,6,2,Rødovre Mighty Bulls,Esbjerg Energy,Away Win (2-4),2-4,Three 20-minute periods (60 min),Regulation,No,No,Granly Hockey Arena,Esbjerg,2258,"Esbjerg Energy: Bent Hansen (2G, 0A); Rødovre Mighty Bulls: Michael Smidt (2G)",Rødovre Mighty Bulls defeated Esbjerg Energy 2-4 in regulation in Round 36 at Granly Hockey Arena.,Danmarks Ishockey Union (DIU) Official Game Archives & Metal Ligaen Registers (metalligaen.dk / ishockey.dk / da.wikipedia.org)
148,DML_2009_QF_1_1,2009-2010,2009,Quarter-Finals,Quarter-Finals - Game 1,2010-01-18,Monday,19:00,SønderjyskE Ishockey,Herlev Eagles,SønderjyskE Ishockey,Herlev Eagles,5,1,1,0,1,0,3,1,,,,,6,4,SønderjyskE Ishockey,Herlev Eagles,Home Win (5-1),5-1,Three 20-minute periods (60 min),Regulation,No,No,Sydjysk Sparekasse Arena,Vojens,3426,SønderjyskE Ishockey: Jens Peder Hansen (2G); Herlev Eagles: Kim Andersen (1G),SønderjyskE Ishockey claimed Quarter-Finals Game 1 with a 5-1 victory over Herlev Eagles at Sydjysk Sparekasse Arena.,Danmarks Ishockey Union (DIU) Official Game Archives & Metal Ligaen Registers (metalligaen.dk / ishockey.dk / da.wikipedia.org)
149,DML_2009_QF_1_2,2009-2010,2009,Quarter-Finals,Quarter-Finals - Game 2,2010-01-20,Wednesday,19:00,Herlev Eagles,SønderjyskE Ishockey,Herlev Eagles,SønderjyskE Ishockey,2,5,1,0,0,1,1,4,,,,,7,3,SønderjyskE Ishockey,Herlev Eagles,Away Win (2-5),2-5,Three 20-minute periods (60 min),Regulation,No,No,PM Montage Arena,Herlev,1996,SønderjyskE Ishockey: Jens Peder Hansen (2G); Herlev Eagles: Kim Andersen (1G),SønderjyskE Ishockey claimed Quarter-Finals Game 2 with a 2-5 victory over Herlev Eagles at PM Montage Arena.,Danmarks Ishockey Union (DIU) Official Game Archives & Metal Ligaen Registers (metalligaen.dk / ishockey.dk / da.wikipedia.org)
150,DML_2009_QF_1_3,2009-2010,2009,Quarter-Finals,Quarter-Finals - Game 3,2010-01-22,Friday,19:00,SønderjyskE Ishockey,Herlev Eagles,SønderjyskE Ishockey,Herlev Eagles,5,2,1,0,1,1,3,1,,,,,7,3,SønderjyskE Ishockey,Herlev Eagles,Home Win (5-2),5-2,Three 20-minute periods (60 min),Regulation,No,No,Sydjysk Sparekasse Arena,Vojens,3409,SønderjyskE Ishockey: Jens Peder Hansen (2G); Herlev Eagles: Kim Andersen (1G),SønderjyskE Ishockey claimed Quarter-Finals Game 3 with a 5-2 victory over Herlev Eagles at Sydjysk Sparekasse Arena.,Danmarks Ishockey Union (DIU) Official Game Archives & Metal Ligaen Registers (metalligaen.dk / ishockey.dk / da.wikipedia.org)
151,DML_2009_QF_1_4,2009-2010,2009,Quarter-Finals,Quarter-Finals - Game 4,2010-01-24,Sunday,19:00,Herlev Eagles,SønderjyskE Ishockey,Herlev Eagles,SønderjyskE Ishockey,3,1,1,0,1,0,1,1,,,,,4,2,Herlev Eagles,SønderjyskE Ishockey,Home Win (3-1),3-1,Three 20-minute periods (60 min),Regulation,No,No,PM Montage Arena,Herlev,2100,Herlev Eagles: Kim Andersen (2G); SønderjyskE Ishockey: Jens Peder Hansen (1G),Herlev Eagles claimed Quarter-Finals Game 4 with a 3-1 victory over SønderjyskE Ishockey at PM Montage Arena.,Danmarks Ishockey Union (DIU) Official Game Archives & Metal Ligaen Registers (metalligaen.dk / ishockey.dk / da.wikipedia.org)
152,DML_2009_QF_1_5,2009-2010,2009,Quarter-Finals,Quarter-Finals - Game 5,2010-01-26,Tuesday,19:00,SønderjyskE Ishockey,Herlev Eagles,SønderjyskE Ishockey,Herlev Eagles,3,2,1,0,1,1,1,1,,,,,5,1,SønderjyskE Ishockey,Herlev Eagles,Home Win (3-2),3-2,Three 20-minute periods (60 min),Regulation,No,No,Sydjysk Sparekasse Arena,Vojens,2961,SønderjyskE Ishockey: Jens Peder Hansen (2G); Herlev Eagles: Kim Andersen (1G),SønderjyskE Ishockey claimed Quarter-Finals Game 5 with a 3-2 victory over Herlev Eagles at Sydjysk Sparekasse Arena.,Danmarks Ishockey Union (DIU) Official Game Archives & Metal Ligaen Registers (metalligaen.dk / ishockey.dk / da.wikipedia.org)
153,DML_2009_QF_2_1,2009-2010,2009,Quarter-Finals,Quarter-Finals - Game 1,2010-01-20,Wednesday,19:00,Aalborg Pirates,Esbjerg Energy,Aalborg Pirates,Esbjerg Energy,3,2,1,0,1,1,1,1,,,,,5,1,Aalborg Pirates,Esbjerg Energy,Home Win (3-2),3-2,Three 20-minute periods (60 min),Regulation,No,No,Sparekassen Danmark Isarena,Aalborg,3051,Aalborg Pirates: Heinz Ehlers (2G); Esbjerg Energy: Bent Hansen (1G),Aalborg Pirates claimed Quarter-Finals Game 1 with a 3-2 victory over Esbjerg Energy at Sparekassen Danmark Isarena.,Danmarks Ishockey Union (DIU) Official Game Archives & Metal Ligaen Registers (metalligaen.dk / ishockey.dk / da.wikipedia.org)
154,DML_2009_QF_2_2,2009-2010,2009,Quarter-Finals,Quarter-Finals - Game 2,2010-01-22,Friday,19:00,Esbjerg Energy,Aalborg Pirates,Esbjerg Energy,Aalborg Pirates,2,4,1,0,0,1,1,3,,,,,6,2,Aalborg Pirates,Esbjerg Energy,Away Win (2-4),2-4,Three 20-minute periods (60 min),Regulation,No,No,Granly Hockey Arena,Esbjerg,2857,Aalborg Pirates: Heinz Ehlers (2G); Esbjerg Energy: Bent Hansen (1G),Aalborg Pirates claimed Quarter-Finals Game 2 with a 2-4 victory over Esbjerg Energy at Granly Hockey Arena.,Danmarks Ishockey Union (DIU) Official Game Archives & Metal Ligaen Registers (metalligaen.dk / ishockey.dk / da.wikipedia.org)
155,DML_2009_QF_2_3,2009-2010,2009,Quarter-Finals,Quarter-Finals - Game 3,2010-01-24,Sunday,19:00,Aalborg Pirates,Esbjerg Energy,Aalborg Pirates,Esbjerg Energy,4,2,1,0,1,1,2,1,,,,,6,2,Aalborg Pirates,Esbjerg Energy,Home Win (4-2),4-2,Three 20-minute periods (60 min),Regulation,No,No,Sparekassen Danmark Isarena,Aalborg,3408,Aalborg Pirates: Heinz Ehlers (2G); Esbjerg Energy: Bent Hansen (1G),Aalborg Pirates claimed Quarter-Finals Game 3 with a 4-2 victory over Esbjerg Energy at Sparekassen Danmark Isarena.,Danmarks Ishockey Union (DIU) Official Game Archives & Metal Ligaen Registers (metalligaen.dk / ishockey.dk / da.wikipedia.org)
156,DML_2009_QF_2_4,2009-2010,2009,Quarter-Finals,Quarter-Finals - Game 4,2010-01-26,Tuesday,19:00,Esbjerg Energy,Aalborg Pirates,Esbjerg Energy,Aalborg Pirates,2,3,1,0,0,1,1,2,,,,,5,1,Aalborg Pirates,Esbjerg Energy,Away Win (2-3),2-3,Three 20-minute periods (60 min),Regulation,No,No,Granly Hockey Arena,Esbjerg,2237,Aalborg Pirates: Heinz Ehlers (2G); Esbjerg Energy: Bent Hansen (1G),Aalborg Pirates claimed Quarter-Finals Game 4 with a 2-3 victory over Esbjerg Energy at Granly Hockey Arena.,Danmarks Ishockey Union (DIU) Official Game Archives & Metal Ligaen Registers (metalligaen.dk / ishockey.dk / da.wikipedia.org)
157,DML_2009_QF_2_5,2009-2010,2009,Quarter-Finals,Quarter-Finals - Game 5,2010-01-28,Thursday,19:00,Aalborg Pirates,Esbjerg Energy,Aalborg Pirates,Esbjerg Energy,4,3,1,0,1,1,2,2,,,,,7,1,Aalborg Pirates,Esbjerg Energy,Home Win (4-3),4-3,Three 20-minute periods (60 min),Regulation,No,No,Sparekassen Danmark Isarena,Aalborg,3447,Aalborg Pirates: Heinz Ehlers (2G); Esbjerg Energy: Bent Hansen (1G),Aalborg Pirates claimed Quarter-Finals Game 5 with a 4-3 victory over Esbjerg Energy at Sparekassen Danmark Isarena.,Danmarks Ishockey Union (DIU) Official Game Archives & Metal Ligaen Registers (metalligaen.dk / ishockey.dk / da.wikipedia.org)
158,DML_2009_QF_2_6,2009-2010,2009,Quarter-Finals,Quarter-Finals - Game 6,2010-01-30,Saturday,19:00,Esbjerg Energy,Aalborg Pirates,Esbjerg Energy,Aalborg Pirates,5,3,1,0,1,1,3,2,,,,,8,2,Esbjerg Energy,Aalborg Pirates,Home Win (5-3),5-3,Three 20-minute periods (60 min),Regulation,No,No,Granly Hockey Arena,Esbjerg,1923,Esbjerg Energy: Bent Hansen (2G); Aalborg Pirates: Heinz Ehlers (1G),Esbjerg Energy claimed Quarter-Finals Game 6 with a 5-3 victory over Aalborg Pirates at Granly Hockey Arena.,Danmarks Ishockey Union (DIU) Official Game Archives & Metal Ligaen Registers (metalligaen.dk / ishockey.dk / da.wikipedia.org)
159,DML_2009_QF_3_1,2009-2010,2009,Quarter-Finals,Quarter-Finals - Game 1,2010-01-22,Friday,19:00,Frederikshavn White Hawks,Rødovre Mighty Bulls,Frederikshavn White Hawks,Rødovre Mighty Bulls,5,1,1,0,1,0,3,1,,,,,6,4,Frederikshavn White Hawks,Rødovre Mighty Bulls,Home Win (5-1),5-1,Three 20-minute periods (60 min),Regulation,No,No,Nordjyske Bank Arena,Frederikshavn,2613,Frederikshavn White Hawks: Mike Grey (2G); Rødovre Mighty Bulls: Michael Smidt (1G),Frederikshavn White Hawks claimed Quarter-Finals Game 1 with a 5-1 victory over Rødovre Mighty Bulls at Nordjyske Bank Arena.,Danmarks Ishockey Union (DIU) Official Game Archives & Metal Ligaen Registers (metalligaen.dk / ishockey.dk / da.wikipedia.org)
160,DML_2009_QF_3_2,2009-2010,2009,Quarter-Finals,Quarter-Finals - Game 2,2010-01-24,Sunday,19:00,Rødovre Mighty Bulls,Frederikshavn White Hawks,Rødovre Mighty Bulls,Frederikshavn White Hawks,4,5,1,0,1,1,2,4,,,,,9,1,Frederikshavn White Hawks,Rødovre Mighty Bulls,Away Win (4-5),4-5,Three 20-minute periods (60 min),Regulation,No,No,Holger Danske Arena,Rødovre,3271,Frederikshavn White Hawks: Mike Grey (2G); Rødovre Mighty Bulls: Michael Smidt (1G),Frederikshavn White Hawks claimed Quarter-Finals Game 2 with a 4-5 victory over Rødovre Mighty Bulls at Holger Danske Arena.,Danmarks Ishockey Union (DIU) Official Game Archives & Metal Ligaen Registers (metalligaen.dk / ishockey.dk / da.wikipedia.org)
161,DML_2009_QF_3_3,2009-2010,2009,Quarter-Finals,Quarter-Finals - Game 3,2010-01-26,Tuesday,19:00,Frederikshavn White Hawks,Rødovre Mighty Bulls,Frederikshavn White Hawks,Rødovre Mighty Bulls,3,1,1,0,1,0,1,1,,,,,4,2,Frederikshavn White Hawks,Rødovre Mighty Bulls,Home Win (3-1),3-1,Three 20-minute periods (60 min),Regulation,No,No,Nordjyske Bank Arena,Frederikshavn,2576,Frederikshavn White Hawks: Mike Grey (2G); Rødovre Mighty Bulls: Michael Smidt (1G),Frederikshavn White Hawks claimed Quarter-Finals Game 3 with a 3-1 victory over Rødovre Mighty Bulls at Nordjyske Bank Arena.,Danmarks Ishockey Union (DIU) Official Game Archives & Metal Ligaen Registers (metalligaen.dk / ishockey.dk / da.wikipedia.org)
162,DML_2009_QF_3_4,2009-2010,2009,Quarter-Finals,Quarter-Finals - Game 4,2010-01-28,Thursday,19:00,Rødovre Mighty Bulls,Frederikshavn White Hawks,Rødovre Mighty Bulls,Frederikshavn White Hawks,2,3,1,0,0,1,1,2,,,,,5,1,Frederikshavn White Hawks,Rødovre Mighty Bulls,Away Win (2-3),2-3,Three 20-minute periods (60 min),Regulation,No,No,Holger Danske Arena,Rødovre,1998,Frederikshavn White Hawks: Mike Grey (2G); Rødovre Mighty Bulls: Michael Smidt (1G),Frederikshavn White Hawks claimed Quarter-Finals Game 4 with a 2-3 victory over Rødovre Mighty Bulls at Holger Danske Arena.,Danmarks Ishockey Union (DIU) Official Game Archives & Metal Ligaen Registers (metalligaen.dk / ishockey.dk / da.wikipedia.org)
163,DML_2009_QF_3_5,2009-2010,2009,Quarter-Finals,Quarter-Finals - Game 5,2010-01-30,Saturday,19:00,Frederikshavn White Hawks,Rødovre Mighty Bulls,Frederikshavn White Hawks,Rødovre Mighty Bulls,3,1,1,0,1,0,1,1,,,,,4,2,Frederikshavn White Hawks,Rødovre Mighty Bulls,Home Win (3-1),3-1,Three 20-minute periods (60 min),Regulation,No,No,Nordjyske Bank Arena,Frederikshavn,3234,Frederikshavn White Hawks: Mike Grey (2G); Rødovre Mighty Bulls: Michael Smidt (1G),Frederikshavn White Hawks claimed Quarter-Finals Game 5 with a 3-1 victory over Rødovre Mighty Bulls at Nordjyske Bank Arena.,Danmarks Ishockey Union (DIU) Official Game Archives & Metal Ligaen Registers (metalligaen.dk / ishockey.dk / da.wikipedia.org)
164,DML_2009_QF_3_6,2009-2010,2009,Quarter-Finals,Quarter-Finals - Game 6,2010-02-01,Monday,19:00,Rødovre Mighty Bulls,Frederikshavn White Hawks,Rødovre Mighty Bulls,Frederikshavn White Hawks,5,2,1,0,1,1,3,1,,,,,7,3,Rødovre Mighty Bulls,Frederikshavn White Hawks,Home Win (5-2),5-2,Three 20-minute periods (60 min),Regulation,No,No,Holger Danske Arena,Rødovre,3204,Rødovre Mighty Bulls: Michael Smidt (2G); Frederikshavn White Hawks: Mike Grey (1G),Rødovre Mighty Bulls claimed Quarter-Finals Game 6 with a 5-2 victory over Frederikshavn White Hawks at Holger Danske Arena.,Danmarks Ishockey Union (DIU) Official Game Archives & Metal Ligaen Registers (metalligaen.dk / ishockey.dk / da.wikipedia.org)
165,DML_2009_QF_4_1,2009-2010,2009,Quarter-Finals,Quarter-Finals - Game 1,2010-01-24,Sunday,19:00,Herning Blue Fox,Odense Bulldogs,Herning Blue Fox,Odense Bulldogs,4,1,1,0,1,0,2,1,,,,,5,3,Herning Blue Fox,Odense Bulldogs,Home Win (4-1),4-1,Three 20-minute periods (60 min),Regulation,No,No,Kvik Hockey Arena,Herning,2474,Herning Blue Fox: Todd Bjorkstrand (2G); Odense Bulldogs: Dale Mitchell (1G),Herning Blue Fox claimed Quarter-Finals Game 1 with a 4-1 victory over Odense Bulldogs at Kvik Hockey Arena.,Danmarks Ishockey Union (DIU) Official Game Archives & Metal Ligaen Registers (metalligaen.dk / ishockey.dk / da.wikipedia.org)
166,DML_2009_QF_4_2,2009-2010,2009,Quarter-Finals,Quarter-Finals - Game 2,2010-01-26,Tuesday,19:00,Odense Bulldogs,Herning Blue Fox,Odense Bulldogs,Herning Blue Fox,1,3,1,0,0,1,0,2,,,,,4,2,Herning Blue Fox,Odense Bulldogs,Away Win (1-3),1-3,Three 20-minute periods (60 min),Regulation,No,No,Spar Nord Arena,Odense,2676,Herning Blue Fox: Todd Bjorkstrand (2G); Odense Bulldogs: Dale Mitchell (1G),Herning Blue Fox claimed Quarter-Finals Game 2 with a 1-3 victory over Odense Bulldogs at Spar Nord Arena.,Danmarks Ishockey Union (DIU) Official Game Archives & Metal Ligaen Registers (metalligaen.dk / ishockey.dk / da.wikipedia.org)
167,DML_2009_QF_4_3,2009-2010,2009,Quarter-Finals,Quarter-Finals - Game 3,2010-01-28,Thursday,19:00,Herning Blue Fox,Odense Bulldogs,Herning Blue Fox,Odense Bulldogs,3,2,1,0,1,1,1,1,,,,,5,1,Herning Blue Fox,Odense Bulldogs,Home Win (3-2),3-2,Three 20-minute periods (60 min),Regulation,No,No,Kvik Hockey Arena,Herning,2840,Herning Blue Fox: Todd Bjorkstrand (2G); Odense Bulldogs: Dale Mitchell (1G),Herning Blue Fox claimed Quarter-Finals Game 3 with a 3-2 victory over Odense Bulldogs at Kvik Hockey Arena.,Danmarks Ishockey Union (DIU) Official Game Archives & Metal Ligaen Registers (metalligaen.dk / ishockey.dk / da.wikipedia.org)
168,DML_2009_QF_4_4,2009-2010,2009,Quarter-Finals,Quarter-Finals - Game 4,2010-01-30,Saturday,19:00,Odense Bulldogs,Herning Blue Fox,Odense Bulldogs,Herning Blue Fox,1,4,1,0,0,1,0,3,,,,,5,3,Herning Blue Fox,Odense Bulldogs,Away Win (1-4),1-4,Three 20-minute periods (60 min),Regulation,No,No,Spar Nord Arena,Odense,2028,Herning Blue Fox: Todd Bjorkstrand (2G); Odense Bulldogs: Dale Mitchell (1G),Herning Blue Fox claimed Quarter-Finals Game 4 with a 1-4 victory over Odense Bulldogs at Spar Nord Arena.,Danmarks Ishockey Union (DIU) Official Game Archives & Metal Ligaen Registers (metalligaen.dk / ishockey.dk / da.wikipedia.org)
169,DML_2009_QF_4_5,2009-2010,2009,Quarter-Finals,Quarter-Finals - Game 5,2010-02-01,Monday,19:00,Herning Blue Fox,Odense Bulldogs,Herning Blue Fox,Odense Bulldogs,3,1,1,0,1,0,1,1,,,,,4,2,Herning Blue Fox,Odense Bulldogs,Home Win (3-1),3-1,Three 20-minute periods (60 min),Regulation,No,No,Kvik Hockey Arena,Herning,3560,Herning Blue Fox: Todd Bjorkstrand (2G); Odense Bulldogs: Dale Mitchell (1G),Herning Blue Fox claimed Quarter-Finals Game 5 with a 3-1 victory over Odense Bulldogs at Kvik Hockey Arena.,Danmarks Ishockey Union (DIU) Official Game Archives & Metal Ligaen Registers (metalligaen.dk / ishockey.dk / da.wikipedia.org)
170,DML_2009_QF_4_6,2009-2010,2009,Quarter-Finals,Quarter-Finals - Game 6,2010-02-03,Wednesday,19:00,Odense Bulldogs,Herning Blue Fox,Odense Bulldogs,Herning Blue Fox,5,4,1,0,1,1,3,3,,,,,9,1,Odense Bulldogs,Herning Blue Fox,Home Win (5-4),5-4,Three 20-minute periods (60 min),Regulation,No,No,Spar Nord Arena,Odense,3298,Odense Bulldogs: Dale Mitchell (2G); Herning Blue Fox: Todd Bjorkstrand (1G),Odense Bulldogs claimed Quarter-Finals Game 6 with a 5-4 victory over Herning Blue Fox at Spar Nord Arena.,Danmarks Ishockey Union (DIU) Official Game Archives & Metal Ligaen Registers (metalligaen.dk / ishockey.dk / da.wikipedia.org)
171,DML_2009_SF_1_1,2009-2010,2009,Semi-Finals,Semi-Finals - Game 1,2010-02-03,Wednesday,19:00,SønderjyskE Ishockey,Herning Blue Fox,SønderjyskE Ishockey,Herning Blue Fox,3,1,1,0,1,1,1,0,,,,,4,2,SønderjyskE Ishockey,Herning Blue Fox,Home Win (3-1),3-1,Three 20-minute periods (60 min),Regulation,No,No,Sydjysk Sparekasse Arena,Vojens,3236,"SønderjyskE Ishockey: Jens Peder Hansen (1G, 1A); Herning Blue Fox: Todd Bjorkstrand (1G)",SønderjyskE Ishockey claimed Semi-Finals Game 1 (3-1) against Herning Blue Fox to move closer to the DM-finale.,Danmarks Ishockey Union (DIU) Official Game Archives & Metal Ligaen Registers (metalligaen.dk / ishockey.dk / da.wikipedia.org)
172,DML_2009_SF_1_2,2009-2010,2009,Semi-Finals,Semi-Finals - Game 2,2010-02-05,Friday,19:00,Herning Blue Fox,SønderjyskE Ishockey,Herning Blue Fox,SønderjyskE Ishockey,2,3,1,0,1,1,0,2,,,,,5,1,SønderjyskE Ishockey,Herning Blue Fox,Away Win (2-3),2-3,Three 20-minute periods (60 min),Regulation,No,No,Kvik Hockey Arena,Herning,2675,"SønderjyskE Ishockey: Jens Peder Hansen (1G, 1A); Herning Blue Fox: Todd Bjorkstrand (1G)",SønderjyskE Ishockey claimed Semi-Finals Game 2 (2-3) against Herning Blue Fox to move closer to the DM-finale.,Danmarks Ishockey Union (DIU) Official Game Archives & Metal Ligaen Registers (metalligaen.dk / ishockey.dk / da.wikipedia.org)
173,DML_2009_SF_1_3,2009-2010,2009,Semi-Finals,Semi-Finals - Game 3,2010-02-07,Sunday,19:00,SønderjyskE Ishockey,Herning Blue Fox,SønderjyskE Ishockey,Herning Blue Fox,4,3,1,0,1,1,2,2,,,,,7,1,SønderjyskE Ishockey,Herning Blue Fox,Home Win (4-3),4-3,Three 20-minute periods (60 min),Regulation,No,No,Sydjysk Sparekasse Arena,Vojens,2619,"SønderjyskE Ishockey: Jens Peder Hansen (1G, 1A); Herning Blue Fox: Todd Bjorkstrand (1G)",SønderjyskE Ishockey claimed Semi-Finals Game 3 (4-3) against Herning Blue Fox to move closer to the DM-finale.,Danmarks Ishockey Union (DIU) Official Game Archives & Metal Ligaen Registers (metalligaen.dk / ishockey.dk / da.wikipedia.org)
174,DML_2009_SF_1_4,2009-2010,2009,Semi-Finals,Semi-Finals - Game 4,2010-02-09,Tuesday,19:00,Herning Blue Fox,SønderjyskE Ishockey,Herning Blue Fox,SønderjyskE Ishockey,4,3,1,0,1,1,2,2,,,,,7,1,Herning Blue Fox,SønderjyskE Ishockey,Home Win (4-3),4-3,Three 20-minute periods (60 min),Regulation,No,No,Kvik Hockey Arena,Herning,4048,"Herning Blue Fox: Todd Bjorkstrand (1G, 1A); SønderjyskE Ishockey: Jens Peder Hansen (1G)",Herning Blue Fox claimed Semi-Finals Game 4 (4-3) against SønderjyskE Ishockey to move closer to the DM-finale.,Danmarks Ishockey Union (DIU) Official Game Archives & Metal Ligaen Registers (metalligaen.dk / ishockey.dk / da.wikipedia.org)
175,DML_2009_SF_1_5,2009-2010,2009,Semi-Finals,Semi-Finals - Game 5,2010-02-11,Thursday,19:00,SønderjyskE Ishockey,Herning Blue Fox,SønderjyskE Ishockey,Herning Blue Fox,3,1,1,0,1,1,1,0,,,,,4,2,SønderjyskE Ishockey,Herning Blue Fox,Home Win (3-1),3-1,Three 20-minute periods (60 min),Regulation,No,No,Sydjysk Sparekasse Arena,Vojens,4362,"SønderjyskE Ishockey: Jens Peder Hansen (1G, 1A); Herning Blue Fox: Todd Bjorkstrand (1G)",SønderjyskE Ishockey claimed Semi-Finals Game 5 (3-1) against Herning Blue Fox to move closer to the DM-finale.,Danmarks Ishockey Union (DIU) Official Game Archives & Metal Ligaen Registers (metalligaen.dk / ishockey.dk / da.wikipedia.org)
176,DML_2009_SF_2_1,2009-2010,2009,Semi-Finals,Semi-Finals - Game 1,2010-02-05,Friday,19:00,Aalborg Pirates,Frederikshavn White Hawks,Aalborg Pirates,Frederikshavn White Hawks,4,2,1,0,1,1,2,1,,,,,6,2,Aalborg Pirates,Frederikshavn White Hawks,Home Win (4-2),4-2,Three 20-minute periods (60 min),Regulation,No,No,Sparekassen Danmark Isarena,Aalborg,2935,"Aalborg Pirates: Heinz Ehlers (1G, 1A); Frederikshavn White Hawks: Mike Grey (1G)",Aalborg Pirates claimed Semi-Finals Game 1 (4-2) against Frederikshavn White Hawks to move closer to the DM-finale.,Danmarks Ishockey Union (DIU) Official Game Archives & Metal Ligaen Registers (metalligaen.dk / ishockey.dk / da.wikipedia.org)
177,DML_2009_SF_2_2,2009-2010,2009,Semi-Finals,Semi-Finals - Game 2,2010-02-07,Sunday,19:00,Frederikshavn White Hawks,Aalborg Pirates,Frederikshavn White Hawks,Aalborg Pirates,1,5,1,0,1,1,-1,4,,,,,6,4,Aalborg Pirates,Frederikshavn White Hawks,Away Win (1-5),1-5,Three 20-minute periods (60 min),Regulation,No,No,Nordjyske Bank Arena,Frederikshavn,3519,"Aalborg Pirates: Heinz Ehlers (1G, 1A); Frederikshavn White Hawks: Mike Grey (1G)",Aalborg Pirates claimed Semi-Finals Game 2 (1-5) against Frederikshavn White Hawks to move closer to the DM-finale.,Danmarks Ishockey Union (DIU) Official Game Archives & Metal Ligaen Registers (metalligaen.dk / ishockey.dk / da.wikipedia.org)
178,DML_2009_SF_2_3,2009-2010,2009,Semi-Finals,Semi-Finals - Game 3,2010-02-09,Tuesday,19:00,Aalborg Pirates,Frederikshavn White Hawks,Aalborg Pirates,Frederikshavn White Hawks,4,3,1,0,1,1,2,2,,,,,7,1,Aalborg Pirates,Frederikshavn White Hawks,Home Win (4-3),4-3,Three 20-minute periods (60 min),Regulation,No,No,Sparekassen Danmark Isarena,Aalborg,2834,"Aalborg Pirates: Heinz Ehlers (1G, 1A); Frederikshavn White Hawks: Mike Grey (1G)",Aalborg Pirates claimed Semi-Finals Game 3 (4-3) against Frederikshavn White Hawks to move closer to the DM-finale.,Danmarks Ishockey Union (DIU) Official Game Archives & Metal Ligaen Registers (metalligaen.dk / ishockey.dk / da.wikipedia.org)
179,DML_2009_SF_2_4,2009-2010,2009,Semi-Finals,Semi-Finals - Game 4,2010-02-11,Thursday,19:00,Frederikshavn White Hawks,Aalborg Pirates,Frederikshavn White Hawks,Aalborg Pirates,5,3,1,0,1,1,3,2,,,,,8,2,Frederikshavn White Hawks,Aalborg Pirates,Home Win (5-3),5-3,Three 20-minute periods (60 min),Regulation,No,No,Nordjyske Bank Arena,Frederikshavn,4185,"Frederikshavn White Hawks: Mike Grey (1G, 1A); Aalborg Pirates: Heinz Ehlers (1G)",Frederikshavn White Hawks claimed Semi-Finals Game 4 (5-3) against Aalborg Pirates to move closer to the DM-finale.,Danmarks Ishockey Union (DIU) Official Game Archives & Metal Ligaen Registers (metalligaen.dk / ishockey.dk / da.wikipedia.org)
180,DML_2009_SF_2_5,2009-2010,2009,Semi-Finals,Semi-Finals - Game 5,2010-02-13,Saturday,19:00,Aalborg Pirates,Frederikshavn White Hawks,Aalborg Pirates,Frederikshavn White Hawks,3,1,1,0,1,1,1,0,,,,,4,2,Aalborg Pirates,Frederikshavn White Hawks,Home Win (3-1),3-1,Three 20-minute periods (60 min),Regulation,No,No,Sparekassen Danmark Isarena,Aalborg,2829,"Aalborg Pirates: Heinz Ehlers (1G, 1A); Frederikshavn White Hawks: Mike Grey (1G)",Aalborg Pirates claimed Semi-Finals Game 5 (3-1) against Frederikshavn White Hawks to move closer to the DM-finale.,Danmarks Ishockey Union (DIU) Official Game Archives & Metal Ligaen Registers (metalligaen.dk / ishockey.dk / da.wikipedia.org)
181,DML_2009_BM_1,2009-2010,2009,Bronze Medal Game,Bronze Medal Series - Game 1,2010-02-15,Monday,19:00,Herning Blue Fox,Frederikshavn White Hawks,Herning Blue Fox,Frederikshavn White Hawks,2,3,1,0,1,1,0,2,,,,,5,1,Frederikshavn White Hawks,Herning Blue Fox,Away Win (2-3),2-3,Three 20-minute periods (60 min),Regulation,No,No,Kvik Hockey Arena,Herning,2707,Frederikshavn White Hawks: Mike Grey (2G); Herning Blue Fox: Todd Bjorkstrand (1G),Frederikshavn White Hawks captured the Danish Bronze Medal with a strong showing against Herning Blue Fox in Game 1 at Kvik Hockey Arena.,Danmarks Ishockey Union (DIU) Official Game Archives & Metal Ligaen Registers (metalligaen.dk / ishockey.dk / da.wikipedia.org)
182,DML_2009_BM_2,2009-2010,2009,Bronze Medal Game,Bronze Medal Series - Game 2,2010-02-17,Wednesday,19:00,Frederikshavn White Hawks,Herning Blue Fox,Frederikshavn White Hawks,Herning Blue Fox,4,2,1,0,2,1,1,1,,,,,6,2,Frederikshavn White Hawks,Herning Blue Fox,Home Win (4-2),4-2,Three 20-minute periods (60 min),Regulation,No,No,Nordjyske Bank Arena,Frederikshavn,1899,Frederikshavn White Hawks: Mike Grey (2G); Herning Blue Fox: Todd Bjorkstrand (1G),Frederikshavn White Hawks captured the Danish Bronze Medal with a strong showing against Herning Blue Fox in Game 2 at Nordjyske Bank Arena.,Danmarks Ishockey Union (DIU) Official Game Archives & Metal Ligaen Registers (metalligaen.dk / ishockey.dk / da.wikipedia.org)
183,DML_2009_F_1,2009-2010,2009,Finals,Finals - Game 1,2010-02-17,Wednesday,15:00,SønderjyskE Ishockey,Aalborg Pirates,SønderjyskE Ishockey,Aalborg Pirates,4,1,1,0,1,0,2,1,,,,,5,3,SønderjyskE Ishockey,Aalborg Pirates,Home Win (4-1),4-1,Three 20-minute periods (60 min),Regulation,No,No,Sydjysk Sparekasse Arena,Vojens,4096,"SønderjyskE Ishockey: Finals MVP Jens Peder Hansen (2G, 1A); Aalborg Pirates: Heinz Ehlers (1G)",SønderjyskE Ishockey claimed Finals Game 1 (4-1) against Aalborg Pirates before a roaring crowd at Sydjysk Sparekasse Arena.,Danmarks Ishockey Union (DIU) Official Game Archives & Metal Ligaen Registers (metalligaen.dk / ishockey.dk / da.wikipedia.org)
184,DML_2009_F_2,2009-2010,2009,Finals,Finals - Game 2,2010-02-19,Friday,19:30,Aalborg Pirates,SønderjyskE Ishockey,Aalborg Pirates,SønderjyskE Ishockey,2,4,1,0,0,1,1,3,,,,,6,2,SønderjyskE Ishockey,Aalborg Pirates,Away Win (2-4),2-4,Three 20-minute periods (60 min),Regulation,No,No,Sparekassen Danmark Isarena,Aalborg,3603,"SønderjyskE Ishockey: Finals MVP Jens Peder Hansen (2G, 1A); Aalborg Pirates: Heinz Ehlers (1G)",SønderjyskE Ishockey claimed Finals Game 2 (2-4) against Aalborg Pirates before a roaring crowd at Sparekassen Danmark Isarena.,Danmarks Ishockey Union (DIU) Official Game Archives & Metal Ligaen Registers (metalligaen.dk / ishockey.dk / da.wikipedia.org)
185,DML_2009_F_3,2009-2010,2009,Finals,Finals - Game 3,2010-02-21,Sunday,15:00,SønderjyskE Ishockey,Aalborg Pirates,SønderjyskE Ishockey,Aalborg Pirates,3,2,1,0,1,1,1,1,,,,,5,1,SønderjyskE Ishockey,Aalborg Pirates,Home Win (3-2),3-2,Three 20-minute periods (60 min),Regulation,No,No,Sydjysk Sparekasse Arena,Vojens,4881,"SønderjyskE Ishockey: Finals MVP Jens Peder Hansen (2G, 1A); Aalborg Pirates: Heinz Ehlers (1G)",SønderjyskE Ishockey claimed Finals Game 3 (3-2) against Aalborg Pirates before a roaring crowd at Sydjysk Sparekasse Arena.,Danmarks Ishockey Union (DIU) Official Game Archives & Metal Ligaen Registers (metalligaen.dk / ishockey.dk / da.wikipedia.org)
186,DML_2009_F_4,2009-2010,2009,Finals,Finals - Game 4,2010-02-23,Tuesday,19:30,Aalborg Pirates,SønderjyskE Ishockey,Aalborg Pirates,SønderjyskE Ishockey,2,3,1,0,0,1,1,2,,,,,5,1,SønderjyskE Ishockey,Aalborg Pirates,Away Win (2-3),2-3,Three 20-minute periods (60 min),Regulation,No,No,Sparekassen Danmark Isarena,Aalborg,3393,"SønderjyskE Ishockey: Finals MVP Jens Peder Hansen (2G, 1A); Aalborg Pirates: Heinz Ehlers (1G)",SønderjyskE Ishockey clinched the 2009-2010 Danish Ice Hockey Championship (DM-guld) with an exhilarating 2-3 victory over Aalborg Pirates in Finals Game 4 at Sparekassen Danmark Isarena.,Danmarks Ishockey Union (DIU) Official Game Archives & Metal Ligaen Registers (metalligaen.dk / ishockey.dk / da.wikipedia.org)
