Game Number,Game ID,Season,Season Year,"Game Type (Pre-Season, Regular Season, First Round, Second Round, Conference Finals, Stanley Cup Finals, Not applicable)",Round / Stage,Date,Day of Week,Start Time (UTC),Team A,Team B,Home,Away,Home Code,Away Code,Home Score,Away Score,Total Goals,Winning Margin,Winning Team,Losing Team,Result,Game Score,Decision Type,Overtime,Shootout,Venue,City,Game State,Notable Players,A Succint one line game comment to summarise that game,Primary Data Source
1,2020020001,2020-2021,2020,Regular Season,Regular Season,2021-01-13,Wednesday,22:30,Philadelphia Flyers,Pittsburgh Penguins,Philadelphia Flyers,Pittsburgh Penguins,PHI,PIT,6,3,9,3,Philadelphia Flyers,Pittsburgh Penguins,Home Win (6-3),6-3,Regulation,No,No,Wells Fargo Center,Philadelphia,OFF,C. Hart (Winning Goalie); M. Raffl (GWG Scorer),Philadelphia Flyers defeated Pittsburgh Penguins 6-3 in regulation at Wells Fargo Center (Philadelphia).,NHL Official Stats REST API (api-web.nhle.com/v1)
2,2020020003,2020-2021,2020,Regular Season,Regular Season,2021-01-13,Wednesday,00:00,Toronto Maple Leafs,Montréal Canadiens,Toronto Maple Leafs,Montréal Canadiens,TOR,MTL,5,4,9,1,Toronto Maple Leafs,Montréal Canadiens,Home Win (5-4 OT),5-4,Overtime,Yes,No,Scotiabank Arena,Toronto,OFF,F. Andersen (Winning Goalie); M. Rielly (GWG Scorer),Toronto Maple Leafs defeated Montréal Canadiens 5-4 in overtime at Scotiabank Arena (Toronto).,NHL Official Stats REST API (api-web.nhle.com/v1)
3,2020020002,2020-2021,2020,Regular Season,Regular Season,2021-01-13,Wednesday,01:00,Tampa Bay Lightning,Chicago Blackhawks,Tampa Bay Lightning,Chicago Blackhawks,TBL,CHI,5,1,6,4,Tampa Bay Lightning,Chicago Blackhawks,Home Win (5-1),5-1,Regulation,No,No,Amalie Arena,Tampa Bay,OFF,A. Vasilevskiy (Winning Goalie); M. Joseph (GWG Scorer),Tampa Bay Lightning defeated Chicago Blackhawks 5-1 in regulation at Amalie Arena (Tampa Bay).,NHL Official Stats REST API (api-web.nhle.com/v1)
4,2020020004,2020-2021,2020,Regular Season,Regular Season,2021-01-13,Wednesday,03:00,Edmonton Oilers,Vancouver Canucks,Edmonton Oilers,Vancouver Canucks,EDM,VAN,3,5,8,2,Vancouver Canucks,Edmonton Oilers,Away Win (5-3),3-5,Regulation,No,No,Rogers Place,Edmonton,OFF,B. Holtby (Winning Goalie); B. Boeser (GWG Scorer),Vancouver Canucks defeated Edmonton Oilers 5-3 in regulation at Rogers Place (Edmonton).,NHL Official Stats REST API (api-web.nhle.com/v1)
5,2020020005,2020-2021,2020,Regular Season,Regular Season,2021-01-13,Wednesday,03:30,Colorado Avalanche,St. Louis Blues,Colorado Avalanche,St. Louis Blues,COL,STL,1,4,5,3,St. Louis Blues,Colorado Avalanche,Away Win (4-1),1-4,Regulation,No,No,Ball Arena,Colorado,OFF,J. Binnington (Winning Goalie); J. Kyrou (GWG Scorer),St. Louis Blues defeated Colorado Avalanche 4-1 in regulation at Ball Arena (Colorado).,NHL Official Stats REST API (api-web.nhle.com/v1)
6,2020020006,2020-2021,2020,Regular Season,Regular Season,2021-01-14,Thursday,00:00,Buffalo Sabres,Washington Capitals,Buffalo Sabres,Washington Capitals,BUF,WSH,4,6,10,2,Washington Capitals,Buffalo Sabres,Away Win (6-4),4-6,Regulation,No,No,KeyBank Center,Buffalo,OFF,I. Samsonov (Winning Goalie); J. Vrana (GWG Scorer),Washington Capitals defeated Buffalo Sabres 6-4 in regulation at KeyBank Center (Buffalo).,NHL Official Stats REST API (api-web.nhle.com/v1)
7,2020020007,2020-2021,2020,Regular Season,Regular Season,2021-01-14,Thursday,00:00,New Jersey Devils,Boston Bruins,New Jersey Devils,Boston Bruins,NJD,BOS,2,3,5,1,Boston Bruins,New Jersey Devils,Away Win (3-2 SO),2-3,Shootout,Yes,Yes,Prudential Center,New Jersey,OFF,T. Rask (Winning Goalie),Boston Bruins defeated New Jersey Devils 3-2 in a shootout at Prudential Center (New Jersey).,NHL Official Stats REST API (api-web.nhle.com/v1)
8,2020020008,2020-2021,2020,Regular Season,Regular Season,2021-01-14,Thursday,00:00,New York Rangers,New York Islanders,New York Rangers,New York Islanders,NYR,NYI,0,4,4,4,New York Islanders,New York Rangers,Away Win (4-0),0-4,Regulation,No,No,Madison Square Garden,New York,OFF,S. Varlamov (Winning Goalie); B. Nelson (GWG Scorer),New York Islanders defeated New York Rangers 4-0 in regulation at Madison Square Garden (New York).,NHL Official Stats REST API (api-web.nhle.com/v1)
9,2020020010,2020-2021,2020,Regular Season,Regular Season,2021-01-14,Thursday,00:30,Detroit Red Wings,Carolina Hurricanes,Detroit Red Wings,Carolina Hurricanes,DET,CAR,0,3,3,3,Carolina Hurricanes,Detroit Red Wings,Away Win (3-0),0-3,Regulation,No,No,Little Caesars Arena,Detroit,OFF,P. Mrazek (Winning Goalie); N. Niederreiter (GWG Scorer),Carolina Hurricanes defeated Detroit Red Wings 3-0 in regulation at Little Caesars Arena (Detroit).,NHL Official Stats REST API (api-web.nhle.com/v1)
10,2020020011,2020-2021,2020,Regular Season,Regular Season,2021-01-14,Thursday,01:00,Nashville Predators,Columbus Blue Jackets,Nashville Predators,Columbus Blue Jackets,NSH,CBJ,3,1,4,2,Nashville Predators,Columbus Blue Jackets,Home Win (3-1),3-1,Regulation,No,No,Bridgestone Arena,Nashville,OFF,J. Saros (Winning Goalie); F. Forsberg (GWG Scorer),Nashville Predators defeated Columbus Blue Jackets 3-1 in regulation at Bridgestone Arena (Nashville).,NHL Official Stats REST API (api-web.nhle.com/v1)
11,2020020012,2020-2021,2020,Regular Season,Regular Season,2021-01-14,Thursday,01:00,Winnipeg Jets,Calgary Flames,Winnipeg Jets,Calgary Flames,WPG,CGY,4,3,7,1,Winnipeg Jets,Calgary Flames,Home Win (4-3 OT),4-3,Overtime,Yes,No,Bell MTS Place,Winnipeg,OFF,C. Hellebuyck (Winning Goalie); P. Laine (GWG Scorer),Winnipeg Jets defeated Calgary Flames 4-3 in overtime at Bell MTS Place (Winnipeg).,NHL Official Stats REST API (api-web.nhle.com/v1)
12,2020020013,2020-2021,2020,Regular Season,Regular Season,2021-01-14,Thursday,02:00,Edmonton Oilers,Vancouver Canucks,Edmonton Oilers,Vancouver Canucks,EDM,VAN,5,2,7,3,Edmonton Oilers,Vancouver Canucks,Home Win (5-2),5-2,Regulation,No,No,Rogers Place,Edmonton,OFF,M. Koskinen (Winning Goalie); C. McDavid (GWG Scorer),Edmonton Oilers defeated Vancouver Canucks 5-2 in regulation at Rogers Place (Edmonton).,NHL Official Stats REST API (api-web.nhle.com/v1)
13,2020020014,2020-2021,2020,Regular Season,Regular Season,2021-01-14,Thursday,02:00,Arizona Coyotes,San Jose Sharks,Arizona Coyotes,San Jose Sharks,ARI,SJS,3,4,7,1,San Jose Sharks,Arizona Coyotes,Away Win (4-3 SO),3-4,Shootout,Yes,Yes,Gila River Arena,Arizona,OFF,M. Jones (Winning Goalie),San Jose Sharks defeated Arizona Coyotes 4-3 in a shootout at Gila River Arena (Arizona).,NHL Official Stats REST API (api-web.nhle.com/v1)
14,2020020015,2020-2021,2020,Regular Season,Regular Season,2021-01-14,Thursday,03:00,Vegas Golden Knights,Anaheim Ducks,Vegas Golden Knights,Anaheim Ducks,VGK,ANA,5,2,7,3,Vegas Golden Knights,Anaheim Ducks,Home Win (5-2),5-2,Regulation,No,No,T-Mobile Arena,Vegas,OFF,R. Lehner (Winning Goalie); M. Stone (GWG Scorer),Vegas Golden Knights defeated Anaheim Ducks 5-2 in regulation at T-Mobile Arena (Vegas).,NHL Official Stats REST API (api-web.nhle.com/v1)
15,2020020016,2020-2021,2020,Regular Season,Regular Season,2021-01-14,Thursday,03:00,Los Angeles Kings,Minnesota Wild,Los Angeles Kings,Minnesota Wild,LAK,MIN,3,4,7,1,Minnesota Wild,Los Angeles Kings,Away Win (4-3 OT),3-4,Overtime,Yes,No,STAPLES Center,Los Angeles,OFF,C. Talbot (Winning Goalie); K. Kaprizov (GWG Scorer),Minnesota Wild defeated Los Angeles Kings 4-3 in overtime at STAPLES Center (Los Angeles).,NHL Official Stats REST API (api-web.nhle.com/v1)
16,2020020017,2020-2021,2020,Regular Season,Regular Season,2021-01-15,Friday,00:00,Buffalo Sabres,Washington Capitals,Buffalo Sabres,Washington Capitals,BUF,WSH,1,2,3,1,Washington Capitals,Buffalo Sabres,Away Win (2-1),1-2,Regulation,No,No,KeyBank Center,Buffalo,OFF,V. Vanecek (Winning Goalie); T. Wilson (GWG Scorer),Washington Capitals defeated Buffalo Sabres 2-1 in regulation at KeyBank Center (Buffalo).,NHL Official Stats REST API (api-web.nhle.com/v1)
17,2020020018,2020-2021,2020,Regular Season,Regular Season,2021-01-15,Friday,00:00,Philadelphia Flyers,Pittsburgh Penguins,Philadelphia Flyers,Pittsburgh Penguins,PHI,PIT,5,2,7,3,Philadelphia Flyers,Pittsburgh Penguins,Home Win (5-2),5-2,Regulation,No,No,Wells Fargo Center,Philadelphia,OFF,C. Hart (Winning Goalie); I. Provorov (GWG Scorer),Philadelphia Flyers defeated Pittsburgh Penguins 5-2 in regulation at Wells Fargo Center (Philadelphia).,NHL Official Stats REST API (api-web.nhle.com/v1)
18,2020020019,2020-2021,2020,Regular Season,Regular Season,2021-01-15,Friday,00:00,Tampa Bay Lightning,Chicago Blackhawks,Tampa Bay Lightning,Chicago Blackhawks,TBL,CHI,5,2,7,3,Tampa Bay Lightning,Chicago Blackhawks,Home Win (5-2),5-2,Regulation,No,No,Amalie Arena,Tampa Bay,OFF,A. Vasilevskiy (Winning Goalie); B. Coleman (GWG Scorer),Tampa Bay Lightning defeated Chicago Blackhawks 5-2 in regulation at Amalie Arena (Tampa Bay).,NHL Official Stats REST API (api-web.nhle.com/v1)
19,2020020021,2020-2021,2020,Regular Season,Regular Season,2021-01-15,Friday,00:00,Ottawa Senators,Toronto Maple Leafs,Ottawa Senators,Toronto Maple Leafs,OTT,TOR,5,3,8,2,Ottawa Senators,Toronto Maple Leafs,Home Win (5-3),5-3,Regulation,No,No,Canadian Tire Centre,Ottawa,OFF,M. Murray (Winning Goalie); C. Tierney (GWG Scorer),Ottawa Senators defeated Toronto Maple Leafs 5-3 in regulation at Canadian Tire Centre (Ottawa).,NHL Official Stats REST API (api-web.nhle.com/v1)
20,2020020022,2020-2021,2020,Regular Season,Regular Season,2021-01-15,Friday,02:00,Colorado Avalanche,St. Louis Blues,Colorado Avalanche,St. Louis Blues,COL,STL,8,0,8,8,Colorado Avalanche,St. Louis Blues,Home Win (8-0),8-0,Regulation,No,No,Ball Arena,Colorado,OFF,P. Grubauer (Winning Goalie); G. Landeskog (GWG Scorer),Colorado Avalanche defeated St. Louis Blues 8-0 in regulation at Ball Arena (Colorado).,NHL Official Stats REST API (api-web.nhle.com/v1)
21,2020020023,2020-2021,2020,Regular Season,Regular Season,2021-01-16,Saturday,18:00,New Jersey Devils,Boston Bruins,New Jersey Devils,Boston Bruins,NJD,BOS,2,1,3,1,New Jersey Devils,Boston Bruins,Home Win (2-1 OT),2-1,Overtime,Yes,No,Prudential Center,New Jersey,OFF,M. Blackwood (Winning Goalie); Y. Sharangovich (GWG Scorer),New Jersey Devils defeated Boston Bruins 2-1 in overtime at Prudential Center (New Jersey).,NHL Official Stats REST API (api-web.nhle.com/v1)
22,2020020030,2020-2021,2020,Regular Season,Regular Season,2021-01-16,Saturday,21:00,Arizona Coyotes,San Jose Sharks,Arizona Coyotes,San Jose Sharks,ARI,SJS,5,3,8,2,Arizona Coyotes,San Jose Sharks,Home Win (5-3),5-3,Regulation,No,No,Gila River Arena,Arizona,OFF,A. Raanta (Winning Goalie); J. Chychrun (GWG Scorer),Arizona Coyotes defeated San Jose Sharks 5-3 in regulation at Gila River Arena (Arizona).,NHL Official Stats REST API (api-web.nhle.com/v1)
23,2020020024,2020-2021,2020,Regular Season,Regular Season,2021-01-16,Saturday,00:00,New York Rangers,New York Islanders,New York Rangers,New York Islanders,NYR,NYI,5,0,5,5,New York Rangers,New York Islanders,Home Win (5-0),5-0,Regulation,No,No,Madison Square Garden,New York,OFF,A. Georgiev (Winning Goalie); P. Buchnevich (GWG Scorer),New York Rangers defeated New York Islanders 5-0 in regulation at Madison Square Garden (New York).,NHL Official Stats REST API (api-web.nhle.com/v1)
24,2020020025,2020-2021,2020,Regular Season,Regular Season,2021-01-16,Saturday,00:00,Detroit Red Wings,Carolina Hurricanes,Detroit Red Wings,Carolina Hurricanes,DET,CAR,4,2,6,2,Detroit Red Wings,Carolina Hurricanes,Home Win (4-2),4-2,Regulation,No,No,Little Caesars Arena,Detroit,OFF,J. Bernier (Winning Goalie); R. Fabbri (GWG Scorer),Detroit Red Wings defeated Carolina Hurricanes 4-2 in regulation at Little Caesars Arena (Detroit).,NHL Official Stats REST API (api-web.nhle.com/v1)
25,2020020027,2020-2021,2020,Regular Season,Regular Season,2021-01-16,Saturday,00:00,Ottawa Senators,Toronto Maple Leafs,Ottawa Senators,Toronto Maple Leafs,OTT,TOR,2,3,5,1,Toronto Maple Leafs,Ottawa Senators,Away Win (3-2),2-3,Regulation,No,No,Canadian Tire Centre,Ottawa,OFF,J. Campbell (Winning Goalie); A. Matthews (GWG Scorer),Toronto Maple Leafs defeated Ottawa Senators 3-2 in regulation at Canadian Tire Centre (Ottawa).,NHL Official Stats REST API (api-web.nhle.com/v1)
26,2020020029,2020-2021,2020,Regular Season,Regular Season,2021-01-16,Saturday,00:00,Edmonton Oilers,Montréal Canadiens,Edmonton Oilers,Montréal Canadiens,EDM,MTL,1,5,6,4,Montréal Canadiens,Edmonton Oilers,Away Win (5-1),1-5,Regulation,No,No,Rogers Place,Edmonton,OFF,C. Price (Winning Goalie); T. Tatar (GWG Scorer),Montréal Canadiens defeated Edmonton Oilers 5-1 in regulation at Rogers Place (Edmonton).,NHL Official Stats REST API (api-web.nhle.com/v1)
27,2020020026,2020-2021,2020,Regular Season,Regular Season,2021-01-16,Saturday,01:00,Nashville Predators,Columbus Blue Jackets,Nashville Predators,Columbus Blue Jackets,NSH,CBJ,5,2,7,3,Nashville Predators,Columbus Blue Jackets,Home Win (5-2),5-2,Regulation,No,No,Bridgestone Arena,Nashville,OFF,J. Saros (Winning Goalie); B. Richardson (GWG Scorer),Nashville Predators defeated Columbus Blue Jackets 5-2 in regulation at Bridgestone Arena (Nashville).,NHL Official Stats REST API (api-web.nhle.com/v1)
28,2020020032,2020-2021,2020,Regular Season,Regular Season,2021-01-16,Saturday,02:00,Los Angeles Kings,Minnesota Wild,Los Angeles Kings,Minnesota Wild,LAK,MIN,3,4,7,1,Minnesota Wild,Los Angeles Kings,Away Win (4-3 OT),3-4,Overtime,Yes,No,STAPLES Center,Los Angeles,OFF,C. Talbot (Winning Goalie); M. Johansson (GWG Scorer),Minnesota Wild defeated Los Angeles Kings 4-3 in overtime at STAPLES Center (Los Angeles).,NHL Official Stats REST API (api-web.nhle.com/v1)
29,2020020028,2020-2021,2020,Regular Season,Regular Season,2021-01-16,Saturday,03:00,Calgary Flames,Vancouver Canucks,Calgary Flames,Vancouver Canucks,CGY,VAN,3,0,3,3,Calgary Flames,Vancouver Canucks,Home Win (3-0),3-0,Regulation,No,No,Scotiabank Saddledome,Calgary,OFF,J. Markstrom (Winning Goalie); S. Monahan (GWG Scorer),Calgary Flames defeated Vancouver Canucks 3-0 in regulation at Scotiabank Saddledome (Calgary).,NHL Official Stats REST API (api-web.nhle.com/v1)
30,2020020031,2020-2021,2020,Regular Season,Regular Season,2021-01-16,Saturday,03:00,Vegas Golden Knights,Anaheim Ducks,Vegas Golden Knights,Anaheim Ducks,VGK,ANA,2,1,3,1,Vegas Golden Knights,Anaheim Ducks,Home Win (2-1 OT),2-1,Overtime,Yes,No,T-Mobile Arena,Vegas,OFF,M. Fleury (Winning Goalie); M. Pacioretty (GWG Scorer),Vegas Golden Knights defeated Anaheim Ducks 2-1 in overtime at T-Mobile Arena (Vegas).,NHL Official Stats REST API (api-web.nhle.com/v1)
31,2020020035,2020-2021,2020,Regular Season,Regular Season,2021-01-17,Sunday,17:00,Pittsburgh Penguins,Washington Capitals,Pittsburgh Penguins,Washington Capitals,PIT,WSH,4,3,7,1,Pittsburgh Penguins,Washington Capitals,Home Win (4-3 SO),4-3,Shootout,Yes,Yes,PPG Paints Arena,Pittsburgh,OFF,C. DeSmith (Winning Goalie),Pittsburgh Penguins defeated Washington Capitals 4-3 in a shootout at PPG Paints Arena (Pittsburgh).,NHL Official Stats REST API (api-web.nhle.com/v1)
32,2020020034,2020-2021,2020,Regular Season,Regular Season,2021-01-17,Sunday,00:00,Florida Panthers,Chicago Blackhawks,Florida Panthers,Chicago Blackhawks,FLA,CHI,5,2,7,3,Florida Panthers,Chicago Blackhawks,Home Win (5-2),5-2,Regulation,No,No,BB&T Center,Florida,OFF,C. Driedger (Winning Goalie); E. Luostarinen (GWG Scorer),Florida Panthers defeated Chicago Blackhawks 5-2 in regulation at BB&T Center (Florida).,NHL Official Stats REST API (api-web.nhle.com/v1)
33,2020020038,2020-2021,2020,Regular Season,Regular Season,2021-01-18,Monday,17:00,Detroit Red Wings,Columbus Blue Jackets,Detroit Red Wings,Columbus Blue Jackets,DET,CBJ,2,3,5,1,Columbus Blue Jackets,Detroit Red Wings,Away Win (3-2),2-3,Regulation,No,No,Little Caesars Arena,Detroit,OFF,J. Korpisalo (Winning Goalie); P. Dubois (GWG Scorer),Columbus Blue Jackets defeated Detroit Red Wings 3-2 in regulation at Little Caesars Arena (Detroit).,NHL Official Stats REST API (api-web.nhle.com/v1)
34,2020020036,2020-2021,2020,Regular Season,Regular Season,2021-01-18,Monday,22:00,New York Islanders,Boston Bruins,New York Islanders,Boston Bruins,NYI,BOS,1,0,1,1,New York Islanders,Boston Bruins,Home Win (1-0),1-0,Regulation,No,No,Nassau Veterans Memorial Coliseum,New York,OFF,S. Varlamov (Winning Goalie); J. Pageau (GWG Scorer),New York Islanders defeated Boston Bruins 1-0 in regulation at Nassau Veterans Memorial Coliseum (New York).,NHL Official Stats REST API (api-web.nhle.com/v1)
35,2020020041,2020-2021,2020,Regular Season,Regular Season,2021-01-18,Monday,00:00,Toronto Maple Leafs,Winnipeg Jets,Toronto Maple Leafs,Winnipeg Jets,TOR,WPG,3,1,4,2,Toronto Maple Leafs,Winnipeg Jets,Home Win (3-1),3-1,Regulation,No,No,Scotiabank Arena,Toronto,OFF,F. Andersen (Winning Goalie); M. Marner (GWG Scorer),Toronto Maple Leafs defeated Winnipeg Jets 3-1 in regulation at Scotiabank Arena (Toronto).,NHL Official Stats REST API (api-web.nhle.com/v1)
36,2020020037,2020-2021,2020,Regular Season,Regular Season,2021-01-18,Monday,00:30,Philadelphia Flyers,Buffalo Sabres,Philadelphia Flyers,Buffalo Sabres,PHI,BUF,1,6,7,5,Buffalo Sabres,Philadelphia Flyers,Away Win (6-1),1-6,Regulation,No,No,Wells Fargo Center,Philadelphia,OFF,C. Hutton (Winning Goalie); S. Reinhart (GWG Scorer),Buffalo Sabres defeated Philadelphia Flyers 6-1 in regulation at Wells Fargo Center (Philadelphia).,NHL Official Stats REST API (api-web.nhle.com/v1)
37,2020020039,2020-2021,2020,Regular Season,Regular Season,2021-01-18,Monday,01:00,St. Louis Blues,San Jose Sharks,St. Louis Blues,San Jose Sharks,STL,SJS,5,4,9,1,St. Louis Blues,San Jose Sharks,Home Win (5-4),5-4,Regulation,No,No,Enterprise Center,St. Louis,OFF,J. Binnington (Winning Goalie); J. Kyrou (GWG Scorer),St. Louis Blues defeated San Jose Sharks 5-4 in regulation at Enterprise Center (St. Louis).,NHL Official Stats REST API (api-web.nhle.com/v1)
38,2020020040,2020-2021,2020,Regular Season,Regular Season,2021-01-18,Monday,01:00,Nashville Predators,Carolina Hurricanes,Nashville Predators,Carolina Hurricanes,NSH,CAR,2,4,6,2,Carolina Hurricanes,Nashville Predators,Away Win (4-2),2-4,Regulation,No,No,Bridgestone Arena,Nashville,OFF,J. Reimer (Winning Goalie); S. Aho (GWG Scorer),Carolina Hurricanes defeated Nashville Predators 4-2 in regulation at Bridgestone Arena (Nashville).,NHL Official Stats REST API (api-web.nhle.com/v1)
39,2020020042,2020-2021,2020,Regular Season,Regular Season,2021-01-18,Monday,02:00,Calgary Flames,Vancouver Canucks,Calgary Flames,Vancouver Canucks,CGY,VAN,5,2,7,3,Calgary Flames,Vancouver Canucks,Home Win (5-2),5-2,Regulation,No,No,Scotiabank Saddledome,Calgary,OFF,J. Markstrom (Winning Goalie); E. Lindholm (GWG Scorer),Calgary Flames defeated Vancouver Canucks 5-2 in regulation at Scotiabank Saddledome (Calgary).,NHL Official Stats REST API (api-web.nhle.com/v1)
40,2020020043,2020-2021,2020,Regular Season,Regular Season,2021-01-18,Monday,02:00,Edmonton Oilers,Montréal Canadiens,Edmonton Oilers,Montréal Canadiens,EDM,MTL,1,3,4,2,Montréal Canadiens,Edmonton Oilers,Away Win (3-1),1-3,Regulation,No,No,Rogers Place,Edmonton,OFF,J. Allen (Winning Goalie); S. Weber (GWG Scorer),Montréal Canadiens defeated Edmonton Oilers 3-1 in regulation at Rogers Place (Edmonton).,NHL Official Stats REST API (api-web.nhle.com/v1)
41,2020020045,2020-2021,2020,Regular Season,Regular Season,2021-01-18,Monday,02:00,Anaheim Ducks,Minnesota Wild,Anaheim Ducks,Minnesota Wild,ANA,MIN,1,0,1,1,Anaheim Ducks,Minnesota Wild,Home Win (1-0),1-0,Regulation,No,No,Honda Center,Anaheim,OFF,J. Gibson (Winning Goalie); N. Deslauriers (GWG Scorer),Anaheim Ducks defeated Minnesota Wild 1-0 in regulation at Honda Center (Anaheim).,NHL Official Stats REST API (api-web.nhle.com/v1)
42,2020020044,2020-2021,2020,Regular Season,Regular Season,2021-01-18,Monday,03:00,Vegas Golden Knights,Arizona Coyotes,Vegas Golden Knights,Arizona Coyotes,VGK,ARI,4,2,6,2,Vegas Golden Knights,Arizona Coyotes,Home Win (4-2),4-2,Regulation,No,No,T-Mobile Arena,Vegas,OFF,R. Lehner (Winning Goalie); C. Stephenson (GWG Scorer),Vegas Golden Knights defeated Arizona Coyotes 4-2 in regulation at T-Mobile Arena (Vegas).,NHL Official Stats REST API (api-web.nhle.com/v1)
43,2020020046,2020-2021,2020,Regular Season,Regular Season,2021-01-19,Tuesday,00:00,New York Rangers,New Jersey Devils,New York Rangers,New Jersey Devils,NYR,NJD,3,4,7,1,New Jersey Devils,New York Rangers,Away Win (4-3),3-4,Regulation,No,No,Madison Square Garden,New York,OFF,M. Blackwood (Winning Goalie); M. Wood (GWG Scorer),New Jersey Devils defeated New York Rangers 4-3 in regulation at Madison Square Garden (New York).,NHL Official Stats REST API (api-web.nhle.com/v1)
44,2020020047,2020-2021,2020,Regular Season,Regular Season,2021-01-19,Tuesday,00:00,Philadelphia Flyers,Buffalo Sabres,Philadelphia Flyers,Buffalo Sabres,PHI,BUF,3,0,3,3,Philadelphia Flyers,Buffalo Sabres,Home Win (3-0),3-0,Regulation,No,No,Wells Fargo Center,Philadelphia,OFF,B. Elliott (Winning Goalie); T. Konecny (GWG Scorer),Philadelphia Flyers defeated Buffalo Sabres 3-0 in regulation at Wells Fargo Center (Philadelphia).,NHL Official Stats REST API (api-web.nhle.com/v1)
45,2020020049,2020-2021,2020,Regular Season,Regular Season,2021-01-19,Tuesday,00:00,Florida Panthers,Chicago Blackhawks,Florida Panthers,Chicago Blackhawks,FLA,CHI,5,4,9,1,Florida Panthers,Chicago Blackhawks,Home Win (5-4 OT),5-4,Overtime,Yes,No,BB&T Center,Florida,OFF,S. Bobrovsky (Winning Goalie); F. Vatrano (GWG Scorer),Florida Panthers defeated Chicago Blackhawks 5-4 in overtime at BB&T Center (Florida).,NHL Official Stats REST API (api-web.nhle.com/v1)
46,2020020050,2020-2021,2020,Regular Season,Regular Season,2021-01-19,Tuesday,00:00,Pittsburgh Penguins,Washington Capitals,Pittsburgh Penguins,Washington Capitals,PIT,WSH,5,4,9,1,Pittsburgh Penguins,Washington Capitals,Home Win (5-4 OT),5-4,Overtime,Yes,No,PPG Paints Arena,Pittsburgh,OFF,C. DeSmith (Winning Goalie); S. Crosby (GWG Scorer),Pittsburgh Penguins defeated Washington Capitals 5-4 in overtime at PPG Paints Arena (Pittsburgh).,NHL Official Stats REST API (api-web.nhle.com/v1)
47,2020020053,2020-2021,2020,Regular Season,Regular Season,2021-01-19,Tuesday,00:00,Ottawa Senators,Winnipeg Jets,Ottawa Senators,Winnipeg Jets,OTT,WPG,3,4,7,1,Winnipeg Jets,Ottawa Senators,Away Win (4-3 OT),3-4,Overtime,Yes,No,Canadian Tire Centre,Ottawa,OFF,L. Brossoit (Winning Goalie); N. Ehlers (GWG Scorer),Winnipeg Jets defeated Ottawa Senators 4-3 in overtime at Canadian Tire Centre (Ottawa).,NHL Official Stats REST API (api-web.nhle.com/v1)
48,2020020051,2020-2021,2020,Regular Season,Regular Season,2021-01-19,Tuesday,00:30,Detroit Red Wings,Columbus Blue Jackets,Detroit Red Wings,Columbus Blue Jackets,DET,CBJ,3,2,5,1,Detroit Red Wings,Columbus Blue Jackets,Home Win (3-2 OT),3-2,Overtime,Yes,No,Little Caesars Arena,Detroit,OFF,J. Bernier (Winning Goalie); T. Bertuzzi (GWG Scorer),Detroit Red Wings defeated Columbus Blue Jackets 3-2 in overtime at Little Caesars Arena (Detroit).,NHL Official Stats REST API (api-web.nhle.com/v1)
49,2020020054,2020-2021,2020,Regular Season,Regular Season,2021-01-19,Tuesday,03:00,Los Angeles Kings,Colorado Avalanche,Los Angeles Kings,Colorado Avalanche,LAK,COL,2,3,5,1,Colorado Avalanche,Los Angeles Kings,Away Win (3-2),2-3,Regulation,No,No,STAPLES Center,Los Angeles,OFF,P. Grubauer (Winning Goalie); M. Rantanen (GWG Scorer),Colorado Avalanche defeated Los Angeles Kings 3-2 in regulation at STAPLES Center (Los Angeles).,NHL Official Stats REST API (api-web.nhle.com/v1)
50,2020020056,2020-2021,2020,Regular Season,Regular Season,2021-01-20,Wednesday,00:00,Toronto Maple Leafs,Edmonton Oilers,Toronto Maple Leafs,Edmonton Oilers,TOR,EDM,1,3,4,2,Edmonton Oilers,Toronto Maple Leafs,Away Win (3-1),1-3,Regulation,No,No,Scotiabank Arena,Toronto,OFF,M. Koskinen (Winning Goalie); L. Draisaitl (GWG Scorer),Edmonton Oilers defeated Toronto Maple Leafs 3-1 in regulation at Scotiabank Arena (Toronto).,NHL Official Stats REST API (api-web.nhle.com/v1)
51,2020020055,2020-2021,2020,Regular Season,Regular Season,2021-01-20,Wednesday,02:00,St. Louis Blues,San Jose Sharks,St. Louis Blues,San Jose Sharks,STL,SJS,1,2,3,1,San Jose Sharks,St. Louis Blues,Away Win (2-1 SO),1-2,Shootout,Yes,Yes,Enterprise Center,St. Louis,OFF,M. Jones (Winning Goalie),San Jose Sharks defeated St. Louis Blues 2-1 in a shootout at Enterprise Center (St. Louis).,NHL Official Stats REST API (api-web.nhle.com/v1)
52,2020020059,2020-2021,2020,Regular Season,Regular Season,2021-01-20,Wednesday,02:30,Anaheim Ducks,Minnesota Wild,Anaheim Ducks,Minnesota Wild,ANA,MIN,2,3,5,1,Minnesota Wild,Anaheim Ducks,Away Win (3-2),2-3,Regulation,No,No,Honda Center,Anaheim,OFF,K. Kahkonen (Winning Goalie); J. Eriksson Ek (GWG Scorer),Minnesota Wild defeated Anaheim Ducks 3-2 in regulation at Honda Center (Anaheim).,NHL Official Stats REST API (api-web.nhle.com/v1)
53,2020020057,2020-2021,2020,Regular Season,Regular Season,2021-01-20,Wednesday,03:00,Vancouver Canucks,Montréal Canadiens,Vancouver Canucks,Montréal Canadiens,VAN,MTL,6,5,11,1,Vancouver Canucks,Montréal Canadiens,Home Win (6-5 SO),6-5,Shootout,Yes,Yes,Rogers Arena,Vancouver,OFF,B. Holtby (Winning Goalie),Vancouver Canucks defeated Montréal Canadiens 6-5 in a shootout at Rogers Arena (Vancouver).,NHL Official Stats REST API (api-web.nhle.com/v1)
54,2020020058,2020-2021,2020,Regular Season,Regular Season,2021-01-20,Wednesday,03:00,Vegas Golden Knights,Arizona Coyotes,Vegas Golden Knights,Arizona Coyotes,VGK,ARI,5,2,7,3,Vegas Golden Knights,Arizona Coyotes,Home Win (5-2),5-2,Regulation,No,No,T-Mobile Arena,Vegas,OFF,M. Fleury (Winning Goalie); M. Stone (GWG Scorer),Vegas Golden Knights defeated Arizona Coyotes 5-2 in regulation at T-Mobile Arena (Vegas).,NHL Official Stats REST API (api-web.nhle.com/v1)
55,2020020060,2020-2021,2020,Regular Season,Regular Season,2021-01-21,Thursday,00:00,Boston Bruins,Philadelphia Flyers,Boston Bruins,Philadelphia Flyers,BOS,PHI,5,4,9,1,Boston Bruins,Philadelphia Flyers,Home Win (5-4 SO),5-4,Shootout,Yes,Yes,TD Garden,Boston,OFF,T. Rask (Winning Goalie),Boston Bruins defeated Philadelphia Flyers 5-4 in a shootout at TD Garden (Boston).,NHL Official Stats REST API (api-web.nhle.com/v1)
56,2020020061,2020-2021,2020,Regular Season,Regular Season,2021-01-21,Thursday,00:00,New York Islanders,New Jersey Devils,New York Islanders,New Jersey Devils,NYI,NJD,4,1,5,3,New York Islanders,New Jersey Devils,Home Win (4-1),4-1,Regulation,No,No,Nassau Veterans Memorial Coliseum,New York,OFF,S. Varlamov (Winning Goalie); J. Eberle (GWG Scorer),New York Islanders defeated New Jersey Devils 4-1 in regulation at Nassau Veterans Memorial Coliseum (New York).,NHL Official Stats REST API (api-web.nhle.com/v1)
57,2020020063,2020-2021,2020,Regular Season,Regular Season,2021-01-21,Thursday,00:00,Columbus Blue Jackets,Tampa Bay Lightning,Columbus Blue Jackets,Tampa Bay Lightning,CBJ,TBL,2,3,5,1,Tampa Bay Lightning,Columbus Blue Jackets,Away Win (3-2 OT),2-3,Overtime,Yes,No,Nationwide Arena,Columbus,OFF,A. Vasilevskiy (Winning Goalie); B. Point (GWG Scorer),Tampa Bay Lightning defeated Columbus Blue Jackets 3-2 in overtime at Nationwide Arena (Columbus).,NHL Official Stats REST API (api-web.nhle.com/v1)
58,2020020064,2020-2021,2020,Regular Season,Regular Season,2021-01-21,Thursday,00:00,Ottawa Senators,Winnipeg Jets,Ottawa Senators,Winnipeg Jets,OTT,WPG,1,4,5,3,Winnipeg Jets,Ottawa Senators,Away Win (4-1),1-4,Regulation,No,No,Canadian Tire Centre,Ottawa,OFF,C. Hellebuyck (Winning Goalie); M. Scheifele (GWG Scorer),Winnipeg Jets defeated Ottawa Senators 4-1 in regulation at Canadian Tire Centre (Ottawa).,NHL Official Stats REST API (api-web.nhle.com/v1)
59,2020020065,2020-2021,2020,Regular Season,Regular Season,2021-01-21,Thursday,02:30,Vancouver Canucks,Montréal Canadiens,Vancouver Canucks,Montréal Canadiens,VAN,MTL,3,7,10,4,Montréal Canadiens,Vancouver Canucks,Away Win (7-3),3-7,Regulation,No,No,Rogers Arena,Vancouver,OFF,J. Allen (Winning Goalie); J. Anderson (GWG Scorer),Montréal Canadiens defeated Vancouver Canucks 7-3 in regulation at Rogers Arena (Vancouver).,NHL Official Stats REST API (api-web.nhle.com/v1)
60,2020020066,2020-2021,2020,Regular Season,Regular Season,2021-01-21,Thursday,03:00,Los Angeles Kings,Colorado Avalanche,Los Angeles Kings,Colorado Avalanche,LAK,COL,4,2,6,2,Los Angeles Kings,Colorado Avalanche,Home Win (4-2),4-2,Regulation,No,No,STAPLES Center,Los Angeles,OFF,J. Quick (Winning Goalie); A. Kempe (GWG Scorer),Los Angeles Kings defeated Colorado Avalanche 4-2 in regulation at STAPLES Center (Los Angeles).,NHL Official Stats REST API (api-web.nhle.com/v1)
61,2020020067,2020-2021,2020,Regular Season,Regular Season,2021-01-22,Friday,00:00,Washington Capitals,Buffalo Sabres,Washington Capitals,Buffalo Sabres,WSH,BUF,4,3,7,1,Washington Capitals,Buffalo Sabres,Home Win (4-3 SO),4-3,Shootout,Yes,Yes,Capital One Arena,Washington,OFF,V. Vanecek (Winning Goalie),Washington Capitals defeated Buffalo Sabres 4-3 in a shootout at Capital One Arena (Washington).,NHL Official Stats REST API (api-web.nhle.com/v1)
62,2020020068,2020-2021,2020,Regular Season,Regular Season,2021-01-22,Friday,00:00,Pittsburgh Penguins,New York Rangers,Pittsburgh Penguins,New York Rangers,PIT,NYR,4,3,7,1,Pittsburgh Penguins,New York Rangers,Home Win (4-3 SO),4-3,Shootout,Yes,Yes,PPG Paints Arena,Pittsburgh,OFF,T. Jarry (Winning Goalie),Pittsburgh Penguins defeated New York Rangers 4-3 in a shootout at PPG Paints Arena (Pittsburgh).,NHL Official Stats REST API (api-web.nhle.com/v1)
63,2020020070,2020-2021,2020,Regular Season,Regular Season,2021-01-22,Friday,00:00,Toronto Maple Leafs,Edmonton Oilers,Toronto Maple Leafs,Edmonton Oilers,TOR,EDM,4,2,6,2,Toronto Maple Leafs,Edmonton Oilers,Home Win (4-2),4-2,Regulation,No,No,Scotiabank Arena,Toronto,OFF,F. Andersen (Winning Goalie); J. Tavares (GWG Scorer),Toronto Maple Leafs defeated Edmonton Oilers 4-2 in regulation at Scotiabank Arena (Toronto).,NHL Official Stats REST API (api-web.nhle.com/v1)
64,2020020069,2020-2021,2020,Regular Season,Regular Season,2021-01-22,Friday,01:00,Chicago Blackhawks,Detroit Red Wings,Chicago Blackhawks,Detroit Red Wings,CHI,DET,4,1,5,3,Chicago Blackhawks,Detroit Red Wings,Home Win (4-1),4-1,Regulation,No,No,United Center,Chicago,OFF,K. Lankinen (Winning Goalie); C. de Haan (GWG Scorer),Chicago Blackhawks defeated Detroit Red Wings 4-1 in regulation at United Center (Chicago).,NHL Official Stats REST API (api-web.nhle.com/v1)
65,2020020071,2020-2021,2020,Regular Season,Regular Season,2021-01-22,Friday,01:00,Minnesota Wild,San Jose Sharks,Minnesota Wild,San Jose Sharks,MIN,SJS,4,1,5,3,Minnesota Wild,San Jose Sharks,Home Win (4-1),4-1,Regulation,No,No,Xcel Energy Center,Minnesota,OFF,K. Kahkonen (Winning Goalie); Z. Parise (GWG Scorer),Minnesota Wild defeated San Jose Sharks 4-1 in regulation at Xcel Energy Center (Minnesota).,NHL Official Stats REST API (api-web.nhle.com/v1)
66,2020020072,2020-2021,2020,Regular Season,Regular Season,2021-01-22,Friday,01:30,Dallas Stars,Nashville Predators,Dallas Stars,Nashville Predators,DAL,NSH,7,0,7,7,Dallas Stars,Nashville Predators,Home Win (7-0),7-0,Regulation,No,No,American Airlines Center,Dallas,OFF,A. Khudobin (Winning Goalie); J. Pavelski (GWG Scorer),Dallas Stars defeated Nashville Predators 7-0 in regulation at American Airlines Center (Dallas).,NHL Official Stats REST API (api-web.nhle.com/v1)
67,2020020073,2020-2021,2020,Regular Season,Regular Season,2021-01-22,Friday,02:00,Arizona Coyotes,Vegas Golden Knights,Arizona Coyotes,Vegas Golden Knights,ARI,VGK,5,2,7,3,Arizona Coyotes,Vegas Golden Knights,Home Win (5-2),5-2,Regulation,No,No,Gila River Arena,Arizona,OFF,D. Kuemper (Winning Goalie); N. Schmaltz (GWG Scorer),Arizona Coyotes defeated Vegas Golden Knights 5-2 in regulation at Gila River Arena (Arizona).,NHL Official Stats REST API (api-web.nhle.com/v1)
68,2020020074,2020-2021,2020,Regular Season,Regular Season,2021-01-22,Friday,03:00,Anaheim Ducks,Colorado Avalanche,Anaheim Ducks,Colorado Avalanche,ANA,COL,2,3,5,1,Colorado Avalanche,Anaheim Ducks,Away Win (3-2 OT),2-3,Overtime,Yes,No,Honda Center,Anaheim,OFF,P. Grubauer (Winning Goalie); G. Landeskog (GWG Scorer),Colorado Avalanche defeated Anaheim Ducks 3-2 in overtime at Honda Center (Anaheim).,NHL Official Stats REST API (api-web.nhle.com/v1)
69,2020020077,2020-2021,2020,Regular Season,Regular Season,2021-01-23,Saturday,19:00,Columbus Blue Jackets,Tampa Bay Lightning,Columbus Blue Jackets,Tampa Bay Lightning,CBJ,TBL,5,2,7,3,Columbus Blue Jackets,Tampa Bay Lightning,Home Win (5-2),5-2,Regulation,No,No,Nationwide Arena,Columbus,OFF,E. Merzlikins (Winning Goalie); V. Gavrikov (GWG Scorer),Columbus Blue Jackets defeated Tampa Bay Lightning 5-2 in regulation at Nationwide Arena (Columbus).,NHL Official Stats REST API (api-web.nhle.com/v1)
70,2020020075,2020-2021,2020,Regular Season,Regular Season,2021-01-23,Saturday,00:00,Boston Bruins,Philadelphia Flyers,Boston Bruins,Philadelphia Flyers,BOS,PHI,6,1,7,5,Boston Bruins,Philadelphia Flyers,Home Win (6-1),6-1,Regulation,No,No,TD Garden,Boston,OFF,J. Halak (Winning Goalie); C. Smith (GWG Scorer),Boston Bruins defeated Philadelphia Flyers 6-1 in regulation at TD Garden (Boston).,NHL Official Stats REST API (api-web.nhle.com/v1)
71,2020020080,2020-2021,2020,Regular Season,Regular Season,2021-01-23,Saturday,00:00,Vancouver Canucks,Montréal Canadiens,Vancouver Canucks,Montréal Canadiens,VAN,MTL,2,5,7,3,Montréal Canadiens,Vancouver Canucks,Away Win (5-2),2-5,Regulation,No,No,Rogers Arena,Vancouver,OFF,C. Price (Winning Goalie); B. Gallagher (GWG Scorer),Montréal Canadiens defeated Vancouver Canucks 5-2 in regulation at Rogers Arena (Vancouver).,NHL Official Stats REST API (api-web.nhle.com/v1)
72,2020020078,2020-2021,2020,Regular Season,Regular Season,2021-01-23,Saturday,01:00,St. Louis Blues,Los Angeles Kings,St. Louis Blues,Los Angeles Kings,STL,LAK,4,2,6,2,St. Louis Blues,Los Angeles Kings,Home Win (4-2),4-2,Regulation,No,No,Enterprise Center,St. Louis,OFF,J. Binnington (Winning Goalie); D. Perron (GWG Scorer),St. Louis Blues defeated Los Angeles Kings 4-2 in regulation at Enterprise Center (St. Louis).,NHL Official Stats REST API (api-web.nhle.com/v1)
73,2020020079,2020-2021,2020,Regular Season,Regular Season,2021-01-23,Saturday,03:00,Winnipeg Jets,Ottawa Senators,Winnipeg Jets,Ottawa Senators,WPG,OTT,6,3,9,3,Winnipeg Jets,Ottawa Senators,Home Win (6-3),6-3,Regulation,No,No,Bell MTS Place,Winnipeg,OFF,C. Hellebuyck (Winning Goalie); P. Stastny (GWG Scorer),Winnipeg Jets defeated Ottawa Senators 6-3 in regulation at Bell MTS Place (Winnipeg).,NHL Official Stats REST API (api-web.nhle.com/v1)
74,2020020084,2020-2021,2020,Regular Season,Regular Season,2021-01-24,Sunday,17:30,Chicago Blackhawks,Detroit Red Wings,Chicago Blackhawks,Detroit Red Wings,CHI,DET,6,2,8,4,Chicago Blackhawks,Detroit Red Wings,Home Win (6-2),6-2,Regulation,No,No,United Center,Chicago,OFF,K. Lankinen (Winning Goalie); C. Murphy (GWG Scorer),Chicago Blackhawks defeated Detroit Red Wings 6-2 in regulation at United Center (Chicago).,NHL Official Stats REST API (api-web.nhle.com/v1)
75,2020020082,2020-2021,2020,Regular Season,Regular Season,2021-01-24,Sunday,20:00,Washington Capitals,Buffalo Sabres,Washington Capitals,Buffalo Sabres,WSH,BUF,3,4,7,1,Buffalo Sabres,Washington Capitals,Away Win (4-3 SO),3-4,Shootout,Yes,Yes,Capital One Arena,Washington,OFF,L. Ullmark (Winning Goalie),Buffalo Sabres defeated Washington Capitals 4-3 in a shootout at Capital One Arena (Washington).,NHL Official Stats REST API (api-web.nhle.com/v1)
76,2020020087,2020-2021,2020,Regular Season,Regular Season,2021-01-24,Sunday,21:00,Calgary Flames,Toronto Maple Leafs,Calgary Flames,Toronto Maple Leafs,CGY,TOR,2,3,5,1,Toronto Maple Leafs,Calgary Flames,Away Win (3-2),2-3,Regulation,No,No,Scotiabank Saddledome,Calgary,OFF,J. Campbell (Winning Goalie); A. Matthews (GWG Scorer),Toronto Maple Leafs defeated Calgary Flames 3-2 in regulation at Scotiabank Saddledome (Calgary).,NHL Official Stats REST API (api-web.nhle.com/v1)
77,2020020090,2020-2021,2020,Regular Season,Regular Season,2021-01-24,Sunday,21:00,Arizona Coyotes,Vegas Golden Knights,Arizona Coyotes,Vegas Golden Knights,ARI,VGK,0,1,1,1,Vegas Golden Knights,Arizona Coyotes,Away Win (1-0),0-1,Regulation,No,No,Gila River Arena,Arizona,OFF,M. Fleury (Winning Goalie); W. Karlsson (GWG Scorer),Vegas Golden Knights defeated Arizona Coyotes 1-0 in regulation at Gila River Arena (Arizona).,NHL Official Stats REST API (api-web.nhle.com/v1)
78,2020020081,2020-2021,2020,Regular Season,Regular Season,2021-01-24,Sunday,00:00,New Jersey Devils,New York Islanders,New Jersey Devils,New York Islanders,NJD,NYI,2,0,2,2,New Jersey Devils,New York Islanders,Home Win (2-0),2-0,Regulation,No,No,Prudential Center,New Jersey,OFF,S. Wedgewood (Winning Goalie); J. Hughes (GWG Scorer),New Jersey Devils defeated New York Islanders 2-0 in regulation at Prudential Center (New Jersey).,NHL Official Stats REST API (api-web.nhle.com/v1)
79,2020020083,2020-2021,2020,Regular Season,Regular Season,2021-01-24,Sunday,00:00,Pittsburgh Penguins,New York Rangers,Pittsburgh Penguins,New York Rangers,PIT,NYR,3,2,5,1,Pittsburgh Penguins,New York Rangers,Home Win (3-2),3-2,Regulation,No,No,PPG Paints Arena,Pittsburgh,OFF,T. Jarry (Winning Goalie); J. Guentzel (GWG Scorer),Pittsburgh Penguins defeated New York Rangers 3-2 in regulation at PPG Paints Arena (Pittsburgh).,NHL Official Stats REST API (api-web.nhle.com/v1)
80,2020020085,2020-2021,2020,Regular Season,Regular Season,2021-01-24,Sunday,01:00,St. Louis Blues,Los Angeles Kings,St. Louis Blues,Los Angeles Kings,STL,LAK,3,6,9,3,Los Angeles Kings,St. Louis Blues,Away Win (6-3),3-6,Regulation,No,No,Enterprise Center,St. Louis,OFF,J. Quick (Winning Goalie); A. Kopitar (GWG Scorer),Los Angeles Kings defeated St. Louis Blues 6-3 in regulation at Enterprise Center (St. Louis).,NHL Official Stats REST API (api-web.nhle.com/v1)
81,2020020088,2020-2021,2020,Regular Season,Regular Season,2021-01-24,Sunday,01:00,Minnesota Wild,San Jose Sharks,Minnesota Wild,San Jose Sharks,MIN,SJS,3,5,8,2,San Jose Sharks,Minnesota Wild,Away Win (5-3),3-5,Regulation,No,No,Xcel Energy Center,Minnesota,OFF,M. Jones (Winning Goalie); B. Burns (GWG Scorer),San Jose Sharks defeated Minnesota Wild 5-3 in regulation at Xcel Energy Center (Minnesota).,NHL Official Stats REST API (api-web.nhle.com/v1)
82,2020020089,2020-2021,2020,Regular Season,Regular Season,2021-01-24,Sunday,01:00,Dallas Stars,Nashville Predators,Dallas Stars,Nashville Predators,DAL,NSH,3,2,5,1,Dallas Stars,Nashville Predators,Home Win (3-2),3-2,Regulation,No,No,American Airlines Center,Dallas,OFF,A. Khudobin (Winning Goalie); J. Pavelski (GWG Scorer),Dallas Stars defeated Nashville Predators 3-2 in regulation at American Airlines Center (Dallas).,NHL Official Stats REST API (api-web.nhle.com/v1)
83,2020020091,2020-2021,2020,Regular Season,Regular Season,2021-01-24,Sunday,01:00,Anaheim Ducks,Colorado Avalanche,Anaheim Ducks,Colorado Avalanche,ANA,COL,3,1,4,2,Anaheim Ducks,Colorado Avalanche,Home Win (3-1),3-1,Regulation,No,No,Honda Center,Anaheim,OFF,J. Gibson (Winning Goalie); R. Rakell (GWG Scorer),Anaheim Ducks defeated Colorado Avalanche 3-1 in regulation at Honda Center (Anaheim).,NHL Official Stats REST API (api-web.nhle.com/v1)
84,2020020086,2020-2021,2020,Regular Season,Regular Season,2021-01-24,Sunday,02:00,Winnipeg Jets,Edmonton Oilers,Winnipeg Jets,Edmonton Oilers,WPG,EDM,3,4,7,1,Edmonton Oilers,Winnipeg Jets,Away Win (4-3),3-4,Regulation,No,No,Bell MTS Place,Winnipeg,OFF,M. Koskinen (Winning Goalie); L. Draisaitl (GWG Scorer),Edmonton Oilers defeated Winnipeg Jets 4-3 in regulation at Bell MTS Place (Winnipeg).,NHL Official Stats REST API (api-web.nhle.com/v1)
85,2020020092,2020-2021,2020,Regular Season,Regular Season,2021-01-25,Monday,03:00,Vancouver Canucks,Ottawa Senators,Vancouver Canucks,Ottawa Senators,VAN,OTT,7,1,8,6,Vancouver Canucks,Ottawa Senators,Home Win (7-1),7-1,Regulation,No,No,Rogers Arena,Vancouver,OFF,T. Demko (Winning Goalie); T. Motte (GWG Scorer),Vancouver Canucks defeated Ottawa Senators 7-1 in regulation at Rogers Arena (Vancouver).,NHL Official Stats REST API (api-web.nhle.com/v1)
86,2020020093,2020-2021,2020,Regular Season,Regular Season,2021-01-26,Tuesday,00:00,Boston Bruins,Pittsburgh Penguins,Boston Bruins,Pittsburgh Penguins,BOS,PIT,3,2,5,1,Boston Bruins,Pittsburgh Penguins,Home Win (3-2 OT),3-2,Overtime,Yes,No,TD Garden,Boston,OFF,T. Rask (Winning Goalie); C. Smith (GWG Scorer),Boston Bruins defeated Pittsburgh Penguins 3-2 in overtime at TD Garden (Boston).,NHL Official Stats REST API (api-web.nhle.com/v1)
87,2020020094,2020-2021,2020,Regular Season,Regular Season,2021-01-26,Tuesday,00:00,Buffalo Sabres,New York Rangers,Buffalo Sabres,New York Rangers,BUF,NYR,3,2,5,1,Buffalo Sabres,New York Rangers,Home Win (3-2),3-2,Regulation,No,No,KeyBank Center,Buffalo,OFF,L. Ullmark (Winning Goalie); J. Eichel (GWG Scorer),Buffalo Sabres defeated New York Rangers 3-2 in regulation at KeyBank Center (Buffalo).,NHL Official Stats REST API (api-web.nhle.com/v1)
88,2020020095,2020-2021,2020,Regular Season,Regular Season,2021-01-26,Tuesday,00:00,New Jersey Devils,Philadelphia Flyers,New Jersey Devils,Philadelphia Flyers,NJD,PHI,3,5,8,2,Philadelphia Flyers,New Jersey Devils,Away Win (5-3),3-5,Regulation,No,No,Prudential Center,New Jersey,OFF,B. Elliott (Winning Goalie); J. Farabee (GWG Scorer),Philadelphia Flyers defeated New Jersey Devils 5-3 in regulation at Prudential Center (New Jersey).,NHL Official Stats REST API (api-web.nhle.com/v1)
89,2020020096,2020-2021,2020,Regular Season,Regular Season,2021-01-26,Tuesday,00:00,Washington Capitals,New York Islanders,Washington Capitals,New York Islanders,WSH,NYI,3,2,5,1,Washington Capitals,New York Islanders,Home Win (3-2),3-2,Regulation,No,No,Capital One Arena,Washington,OFF,V. Vanecek (Winning Goalie); J. Schultz (GWG Scorer),Washington Capitals defeated New York Islanders 3-2 in regulation at Capital One Arena (Washington).,NHL Official Stats REST API (api-web.nhle.com/v1)
90,2020020098,2020-2021,2020,Regular Season,Regular Season,2021-01-26,Tuesday,00:00,Columbus Blue Jackets,Florida Panthers,Columbus Blue Jackets,Florida Panthers,CBJ,FLA,3,4,7,1,Florida Panthers,Columbus Blue Jackets,Away Win (4-3 SO),3-4,Shootout,Yes,Yes,Nationwide Arena,Columbus,OFF,S. Bobrovsky (Winning Goalie),Florida Panthers defeated Columbus Blue Jackets 4-3 in a shootout at Nationwide Arena (Columbus).,NHL Official Stats REST API (api-web.nhle.com/v1)
91,2020020099,2020-2021,2020,Regular Season,Regular Season,2021-01-26,Tuesday,01:00,Nashville Predators,Chicago Blackhawks,Nashville Predators,Chicago Blackhawks,NSH,CHI,3,2,5,1,Nashville Predators,Chicago Blackhawks,Home Win (3-2 OT),3-2,Overtime,Yes,No,Bridgestone Arena,Nashville,OFF,P. Rinne (Winning Goalie); R. Josi (GWG Scorer),Nashville Predators defeated Chicago Blackhawks 3-2 in overtime at Bridgestone Arena (Nashville).,NHL Official Stats REST API (api-web.nhle.com/v1)
92,2020020100,2020-2021,2020,Regular Season,Regular Season,2021-01-26,Tuesday,01:00,Winnipeg Jets,Edmonton Oilers,Winnipeg Jets,Edmonton Oilers,WPG,EDM,6,4,10,2,Winnipeg Jets,Edmonton Oilers,Home Win (6-4),6-4,Regulation,No,No,Bell MTS Place,Winnipeg,OFF,C. Hellebuyck (Winning Goalie); A. Lowry (GWG Scorer),Winnipeg Jets defeated Edmonton Oilers 6-4 in regulation at Bell MTS Place (Winnipeg).,NHL Official Stats REST API (api-web.nhle.com/v1)
93,2020020102,2020-2021,2020,Regular Season,Regular Season,2021-01-26,Tuesday,01:00,Minnesota Wild,Los Angeles Kings,Minnesota Wild,Los Angeles Kings,MIN,LAK,1,2,3,1,Los Angeles Kings,Minnesota Wild,Away Win (2-1),1-2,Regulation,No,No,Xcel Energy Center,Minnesota,OFF,C. Petersen (Winning Goalie); C. Grundstrom (GWG Scorer),Los Angeles Kings defeated Minnesota Wild 2-1 in regulation at Xcel Energy Center (Minnesota).,NHL Official Stats REST API (api-web.nhle.com/v1)
94,2020020103,2020-2021,2020,Regular Season,Regular Season,2021-01-26,Tuesday,01:30,Dallas Stars,Detroit Red Wings,Dallas Stars,Detroit Red Wings,DAL,DET,2,1,3,1,Dallas Stars,Detroit Red Wings,Home Win (2-1 OT),2-1,Overtime,Yes,No,American Airlines Center,Dallas,OFF,A. Khudobin (Winning Goalie); J. Dickinson (GWG Scorer),Dallas Stars defeated Detroit Red Wings 2-1 in overtime at American Airlines Center (Dallas).,NHL Official Stats REST API (api-web.nhle.com/v1)
95,2020020101,2020-2021,2020,Regular Season,Regular Season,2021-01-26,Tuesday,02:00,Calgary Flames,Toronto Maple Leafs,Calgary Flames,Toronto Maple Leafs,CGY,TOR,3,4,7,1,Toronto Maple Leafs,Calgary Flames,Away Win (4-3),3-4,Regulation,No,No,Scotiabank Saddledome,Calgary,OFF,F. Andersen (Winning Goalie); M. Marner (GWG Scorer),Toronto Maple Leafs defeated Calgary Flames 4-3 in regulation at Scotiabank Saddledome (Calgary).,NHL Official Stats REST API (api-web.nhle.com/v1)
96,2020020104,2020-2021,2020,Regular Season,Regular Season,2021-01-26,Tuesday,02:00,Colorado Avalanche,San Jose Sharks,Colorado Avalanche,San Jose Sharks,COL,SJS,7,3,10,4,Colorado Avalanche,San Jose Sharks,Home Win (7-3),7-3,Regulation,No,No,Ball Arena,Colorado,OFF,P. Grubauer (Winning Goalie); V. Nichushkin (GWG Scorer),Colorado Avalanche defeated San Jose Sharks 7-3 in regulation at Ball Arena (Colorado).,NHL Official Stats REST API (api-web.nhle.com/v1)
97,2020020105,2020-2021,2020,Regular Season,Regular Season,2021-01-26,Tuesday,02:00,Arizona Coyotes,Anaheim Ducks,Arizona Coyotes,Anaheim Ducks,ARI,ANA,0,1,1,1,Anaheim Ducks,Arizona Coyotes,Away Win (1-0),0-1,Regulation,No,No,Gila River Arena,Arizona,OFF,J. Gibson (Winning Goalie); D. Heinen (GWG Scorer),Anaheim Ducks defeated Arizona Coyotes 1-0 in regulation at Gila River Arena (Arizona).,NHL Official Stats REST API (api-web.nhle.com/v1)
98,2020020106,2020-2021,2020,Regular Season,Regular Season,2021-01-26,Tuesday,02:00,Vegas Golden Knights,St. Louis Blues,Vegas Golden Knights,St. Louis Blues,VGK,STL,4,5,9,1,St. Louis Blues,Vegas Golden Knights,Away Win (5-4 SO),4-5,Shootout,Yes,Yes,T-Mobile Arena,Vegas,OFF,J. Binnington (Winning Goalie),St. Louis Blues defeated Vegas Golden Knights 5-4 in a shootout at T-Mobile Arena (Vegas).,NHL Official Stats REST API (api-web.nhle.com/v1)
99,2020020107,2020-2021,2020,Regular Season,Regular Season,2021-01-27,Wednesday,00:30,Nashville Predators,Chicago Blackhawks,Nashville Predators,Chicago Blackhawks,NSH,CHI,2,1,3,1,Nashville Predators,Chicago Blackhawks,Home Win (2-1 SO),2-1,Shootout,Yes,Yes,Bridgestone Arena,Nashville,OFF,J. Saros (Winning Goalie),Nashville Predators defeated Chicago Blackhawks 2-1 in a shootout at Bridgestone Arena (Nashville).,NHL Official Stats REST API (api-web.nhle.com/v1)
100,2020020108,2020-2021,2020,Regular Season,Regular Season,2021-01-27,Wednesday,01:00,Vancouver Canucks,Ottawa Senators,Vancouver Canucks,Ottawa Senators,VAN,OTT,5,1,6,4,Vancouver Canucks,Ottawa Senators,Home Win (5-1),5-1,Regulation,No,No,Rogers Arena,Vancouver,OFF,T. Demko (Winning Goalie); J. Miller (GWG Scorer),Vancouver Canucks defeated Ottawa Senators 5-1 in regulation at Rogers Arena (Vancouver).,NHL Official Stats REST API (api-web.nhle.com/v1)
101,2020020109,2020-2021,2020,Regular Season,Regular Season,2021-01-28,Thursday,00:00,Boston Bruins,Pittsburgh Penguins,Boston Bruins,Pittsburgh Penguins,BOS,PIT,4,1,5,3,Boston Bruins,Pittsburgh Penguins,Home Win (4-1),4-1,Regulation,No,No,TD Garden,Boston,OFF,J. Halak (Winning Goalie); S. Kuraly (GWG Scorer),Boston Bruins defeated Pittsburgh Penguins 4-1 in regulation at TD Garden (Boston).,NHL Official Stats REST API (api-web.nhle.com/v1)
102,2020020110,2020-2021,2020,Regular Season,Regular Season,2021-01-28,Thursday,00:00,Buffalo Sabres,New York Rangers,Buffalo Sabres,New York Rangers,BUF,NYR,2,3,5,1,New York Rangers,Buffalo Sabres,Away Win (3-2 OT),2-3,Overtime,Yes,No,KeyBank Center,Buffalo,OFF,I. Shesterkin (Winning Goalie); A. Lafrenière (GWG Scorer),New York Rangers defeated Buffalo Sabres 3-2 in overtime at KeyBank Center (Buffalo).,NHL Official Stats REST API (api-web.nhle.com/v1)
103,2020020111,2020-2021,2020,Regular Season,Regular Season,2021-01-28,Thursday,00:00,New Jersey Devils,Philadelphia Flyers,New Jersey Devils,Philadelphia Flyers,NJD,PHI,1,3,4,2,Philadelphia Flyers,New Jersey Devils,Away Win (3-1),1-3,Regulation,No,No,Prudential Center,New Jersey,OFF,C. Hart (Winning Goalie); M. Raffl (GWG Scorer),Philadelphia Flyers defeated New Jersey Devils 3-1 in regulation at Prudential Center (New Jersey).,NHL Official Stats REST API (api-web.nhle.com/v1)
104,2020020112,2020-2021,2020,Regular Season,Regular Season,2021-01-28,Thursday,00:00,Washington Capitals,New York Islanders,Washington Capitals,New York Islanders,WSH,NYI,6,3,9,3,Washington Capitals,New York Islanders,Home Win (6-3),6-3,Regulation,No,No,Capital One Arena,Washington,OFF,V. Vanecek (Winning Goalie); J. Carlson (GWG Scorer),Washington Capitals defeated New York Islanders 6-3 in regulation at Capital One Arena (Washington).,NHL Official Stats REST API (api-web.nhle.com/v1)
105,2020020113,2020-2021,2020,Regular Season,Regular Season,2021-01-28,Thursday,00:00,Carolina Hurricanes,Tampa Bay Lightning,Carolina Hurricanes,Tampa Bay Lightning,CAR,TBL,1,0,1,1,Carolina Hurricanes,Tampa Bay Lightning,Home Win (1-0 OT),1-0,Overtime,Yes,No,PNC Arena,Carolina,OFF,P. Mrazek (Winning Goalie); M. Necas (GWG Scorer),Carolina Hurricanes defeated Tampa Bay Lightning 1-0 in overtime at PNC Arena (Carolina).,NHL Official Stats REST API (api-web.nhle.com/v1)
106,2020020114,2020-2021,2020,Regular Season,Regular Season,2021-01-28,Thursday,00:00,Columbus Blue Jackets,Florida Panthers,Columbus Blue Jackets,Florida Panthers,CBJ,FLA,3,2,5,1,Columbus Blue Jackets,Florida Panthers,Home Win (3-2 SO),3-2,Shootout,Yes,Yes,Nationwide Arena,Columbus,OFF,E. Merzlikins (Winning Goalie),Columbus Blue Jackets defeated Florida Panthers 3-2 in a shootout at Nationwide Arena (Columbus).,NHL Official Stats REST API (api-web.nhle.com/v1)
107,2020020115,2020-2021,2020,Regular Season,Regular Season,2021-01-28,Thursday,00:00,Montréal Canadiens,Calgary Flames,Montréal Canadiens,Calgary Flames,MTL,CGY,4,2,6,2,Montréal Canadiens,Calgary Flames,Home Win (4-2),4-2,Regulation,No,No,Centre Bell,Montréal,OFF,C. Price (Winning Goalie); J. Anderson (GWG Scorer),Montréal Canadiens defeated Calgary Flames 4-2 in regulation at Centre Bell (Montréal).,NHL Official Stats REST API (api-web.nhle.com/v1)
108,2020020118,2020-2021,2020,Regular Season,Regular Season,2021-01-28,Thursday,01:00,Minnesota Wild,Los Angeles Kings,Minnesota Wild,Los Angeles Kings,MIN,LAK,5,3,8,2,Minnesota Wild,Los Angeles Kings,Home Win (5-3),5-3,Regulation,No,No,Xcel Energy Center,Minnesota,OFF,K. Kahkonen (Winning Goalie); N. Bjugstad (GWG Scorer),Minnesota Wild defeated Los Angeles Kings 5-3 in regulation at Xcel Energy Center (Minnesota).,NHL Official Stats REST API (api-web.nhle.com/v1)
109,2020020119,2020-2021,2020,Regular Season,Regular Season,2021-01-28,Thursday,01:30,Dallas Stars,Detroit Red Wings,Dallas Stars,Detroit Red Wings,DAL,DET,7,3,10,4,Dallas Stars,Detroit Red Wings,Home Win (7-3),7-3,Regulation,No,No,American Airlines Center,Dallas,OFF,J. Oettinger (Winning Goalie); J. Oleksiak (GWG Scorer),Dallas Stars defeated Detroit Red Wings 7-3 in regulation at American Airlines Center (Dallas).,NHL Official Stats REST API (api-web.nhle.com/v1)
110,2020020120,2020-2021,2020,Regular Season,Regular Season,2021-01-28,Thursday,02:00,Colorado Avalanche,San Jose Sharks,Colorado Avalanche,San Jose Sharks,COL,SJS,3,0,3,3,Colorado Avalanche,San Jose Sharks,Home Win (3-0),3-0,Regulation,No,No,Ball Arena,Colorado,OFF,P. Grubauer (Winning Goalie); N. Kadri (GWG Scorer),Colorado Avalanche defeated San Jose Sharks 3-0 in regulation at Ball Arena (Colorado).,NHL Official Stats REST API (api-web.nhle.com/v1)
111,2020020121,2020-2021,2020,Regular Season,Regular Season,2021-01-28,Thursday,02:00,Arizona Coyotes,Anaheim Ducks,Arizona Coyotes,Anaheim Ducks,ARI,ANA,3,2,5,1,Arizona Coyotes,Anaheim Ducks,Home Win (3-2),3-2,Regulation,No,No,Gila River Arena,Arizona,OFF,D. Kuemper (Winning Goalie); C. Dvorak (GWG Scorer),Arizona Coyotes defeated Anaheim Ducks 3-2 in regulation at Gila River Arena (Arizona).,NHL Official Stats REST API (api-web.nhle.com/v1)
112,2020020116,2020-2021,2020,Regular Season,Regular Season,2021-01-28,Thursday,03:00,Edmonton Oilers,Toronto Maple Leafs,Edmonton Oilers,Toronto Maple Leafs,EDM,TOR,3,4,7,1,Toronto Maple Leafs,Edmonton Oilers,Away Win (4-3),3-4,Regulation,No,No,Rogers Place,Edmonton,OFF,F. Andersen (Winning Goalie); A. Matthews (GWG Scorer),Toronto Maple Leafs defeated Edmonton Oilers 4-3 in regulation at Rogers Place (Edmonton).,NHL Official Stats REST API (api-web.nhle.com/v1)
113,2020020117,2020-2021,2020,Regular Season,Regular Season,2021-01-28,Thursday,03:00,Vancouver Canucks,Ottawa Senators,Vancouver Canucks,Ottawa Senators,VAN,OTT,4,1,5,3,Vancouver Canucks,Ottawa Senators,Home Win (4-1),4-1,Regulation,No,No,Rogers Arena,Vancouver,OFF,B. Holtby (Winning Goalie); E. Pettersson (GWG Scorer),Vancouver Canucks defeated Ottawa Senators 4-1 in regulation at Rogers Arena (Vancouver).,NHL Official Stats REST API (api-web.nhle.com/v1)
114,2020020123,2020-2021,2020,Regular Season,Regular Season,2021-01-29,Friday,01:00,Chicago Blackhawks,Columbus Blue Jackets,Chicago Blackhawks,Columbus Blue Jackets,CHI,CBJ,1,2,3,1,Columbus Blue Jackets,Chicago Blackhawks,Away Win (2-1),1-2,Regulation,No,No,United Center,Chicago,OFF,J. Korpisalo (Winning Goalie); E. Robinson (GWG Scorer),Columbus Blue Jackets defeated Chicago Blackhawks 2-1 in regulation at United Center (Chicago).,NHL Official Stats REST API (api-web.nhle.com/v1)
115,2020020124,2020-2021,2020,Regular Season,Regular Season,2021-01-30,Saturday,18:00,Buffalo Sabres,New Jersey Devils,Buffalo Sabres,New Jersey Devils,BUF,NJD,4,3,7,1,Buffalo Sabres,New Jersey Devils,Home Win (4-3 SO),4-3,Shootout,Yes,Yes,KeyBank Center,Buffalo,OFF,L. Ullmark (Winning Goalie),Buffalo Sabres defeated New Jersey Devils 4-3 in a shootout at KeyBank Center (Buffalo).,NHL Official Stats REST API (api-web.nhle.com/v1)
116,2020020125,2020-2021,2020,Regular Season,Regular Season,2021-01-30,Saturday,00:00,New York Rangers,Pittsburgh Penguins,New York Rangers,Pittsburgh Penguins,NYR,PIT,4,5,9,1,Pittsburgh Penguins,New York Rangers,Away Win (5-4 OT),4-5,Overtime,Yes,No,Madison Square Garden,New York,OFF,C. DeSmith (Winning Goalie); S. Crosby (GWG Scorer),Pittsburgh Penguins defeated New York Rangers 5-4 in overtime at Madison Square Garden (New York).,NHL Official Stats REST API (api-web.nhle.com/v1)
117,2020020126,2020-2021,2020,Regular Season,Regular Season,2021-01-30,Saturday,00:00,Philadelphia Flyers,New York Islanders,Philadelphia Flyers,New York Islanders,PHI,NYI,3,2,5,1,Philadelphia Flyers,New York Islanders,Home Win (3-2 OT),3-2,Overtime,Yes,No,Wells Fargo Center,Philadelphia,OFF,C. Hart (Winning Goalie); S. Laughton (GWG Scorer),Philadelphia Flyers defeated New York Islanders 3-2 in overtime at Wells Fargo Center (Philadelphia).,NHL Official Stats REST API (api-web.nhle.com/v1)
118,2020020127,2020-2021,2020,Regular Season,Regular Season,2021-01-30,Saturday,00:00,Washington Capitals,Boston Bruins,Washington Capitals,Boston Bruins,WSH,BOS,4,3,7,1,Washington Capitals,Boston Bruins,Home Win (4-3 OT),4-3,Overtime,Yes,No,Capital One Arena,Washington,OFF,V. Vanecek (Winning Goalie); A. Ovechkin (GWG Scorer),Washington Capitals defeated Boston Bruins 4-3 in overtime at Capital One Arena (Washington).,NHL Official Stats REST API (api-web.nhle.com/v1)
119,2020020128,2020-2021,2020,Regular Season,Regular Season,2021-01-30,Saturday,00:00,Carolina Hurricanes,Dallas Stars,Carolina Hurricanes,Dallas Stars,CAR,DAL,4,1,5,3,Carolina Hurricanes,Dallas Stars,Home Win (4-1),4-1,Regulation,No,No,PNC Arena,Carolina,OFF,J. Reimer (Winning Goalie); V. Trocheck (GWG Scorer),Carolina Hurricanes defeated Dallas Stars 4-1 in regulation at PNC Arena (Carolina).,NHL Official Stats REST API (api-web.nhle.com/v1)
120,2020020129,2020-2021,2020,Regular Season,Regular Season,2021-01-30,Saturday,00:00,Tampa Bay Lightning,Nashville Predators,Tampa Bay Lightning,Nashville Predators,TBL,NSH,4,3,7,1,Tampa Bay Lightning,Nashville Predators,Home Win (4-3),4-3,Regulation,No,No,Amalie Arena,Tampa Bay,OFF,A. Vasilevskiy (Winning Goalie); S. Stamkos (GWG Scorer),Tampa Bay Lightning defeated Nashville Predators 4-3 in regulation at Amalie Arena (Tampa Bay).,NHL Official Stats REST API (api-web.nhle.com/v1)
121,2020020130,2020-2021,2020,Regular Season,Regular Season,2021-01-30,Saturday,00:00,Detroit Red Wings,Florida Panthers,Detroit Red Wings,Florida Panthers,DET,FLA,2,3,5,1,Florida Panthers,Detroit Red Wings,Away Win (3-2 OT),2-3,Overtime,Yes,No,Little Caesars Arena,Detroit,OFF,S. Bobrovsky (Winning Goalie); A. Heponiemi (GWG Scorer),Florida Panthers defeated Detroit Red Wings 3-2 in overtime at Little Caesars Arena (Detroit).,NHL Official Stats REST API (api-web.nhle.com/v1)
122,2020020131,2020-2021,2020,Regular Season,Regular Season,2021-01-30,Saturday,00:00,Montréal Canadiens,Calgary Flames,Montréal Canadiens,Calgary Flames,MTL,CGY,0,2,2,2,Calgary Flames,Montréal Canadiens,Away Win (2-0),0-2,Regulation,No,No,Centre Bell,Montréal,OFF,J. Markstrom (Winning Goalie); J. Gaudreau (GWG Scorer),Calgary Flames defeated Montréal Canadiens 2-0 in regulation at Centre Bell (Montréal).,NHL Official Stats REST API (api-web.nhle.com/v1)
123,2020020133,2020-2021,2020,Regular Season,Regular Season,2021-01-30,Saturday,00:00,Edmonton Oilers,Toronto Maple Leafs,Edmonton Oilers,Toronto Maple Leafs,EDM,TOR,4,3,7,1,Edmonton Oilers,Toronto Maple Leafs,Home Win (4-3 OT),4-3,Overtime,Yes,No,Rogers Place,Edmonton,OFF,M. Koskinen (Winning Goalie); C. McDavid (GWG Scorer),Edmonton Oilers defeated Toronto Maple Leafs 4-3 in overtime at Rogers Place (Edmonton).,NHL Official Stats REST API (api-web.nhle.com/v1)
124,2020020134,2020-2021,2020,Regular Season,Regular Season,2021-01-30,Saturday,01:00,Minnesota Wild,Colorado Avalanche,Minnesota Wild,Colorado Avalanche,MIN,COL,1,5,6,4,Colorado Avalanche,Minnesota Wild,Away Win (5-1),1-5,Regulation,No,No,Xcel Energy Center,Minnesota,OFF,P. Grubauer (Winning Goalie); J. Donskoi (GWG Scorer),Colorado Avalanche defeated Minnesota Wild 5-1 in regulation at Xcel Energy Center (Minnesota).,NHL Official Stats REST API (api-web.nhle.com/v1)
125,2020020135,2020-2021,2020,Regular Season,Regular Season,2021-01-30,Saturday,02:00,Anaheim Ducks,St. Louis Blues,Anaheim Ducks,St. Louis Blues,ANA,STL,1,6,7,5,St. Louis Blues,Anaheim Ducks,Away Win (6-1),1-6,Regulation,No,No,Honda Center,Anaheim,OFF,J. Binnington (Winning Goalie); Z. Sanford (GWG Scorer),St. Louis Blues defeated Anaheim Ducks 6-1 in regulation at Honda Center (Anaheim).,NHL Official Stats REST API (api-web.nhle.com/v1)
126,2020020132,2020-2021,2020,Regular Season,Regular Season,2021-01-30,Saturday,03:00,Winnipeg Jets,Vancouver Canucks,Winnipeg Jets,Vancouver Canucks,WPG,VAN,1,4,5,3,Vancouver Canucks,Winnipeg Jets,Away Win (4-1),1-4,Regulation,No,No,Bell MTS Place,Winnipeg,OFF,T. Demko (Winning Goalie); N. Hoglander (GWG Scorer),Vancouver Canucks defeated Winnipeg Jets 4-1 in regulation at Bell MTS Place (Winnipeg).,NHL Official Stats REST API (api-web.nhle.com/v1)
127,2020020136,2020-2021,2020,Regular Season,Regular Season,2021-01-31,Sunday,18:00,Buffalo Sabres,New Jersey Devils,Buffalo Sabres,New Jersey Devils,BUF,NJD,3,5,8,2,New Jersey Devils,Buffalo Sabres,Away Win (5-3),3-5,Regulation,No,No,KeyBank Center,Buffalo,OFF,E. Comrie (Winning Goalie); M. McLeod (GWG Scorer),New Jersey Devils defeated Buffalo Sabres 5-3 in regulation at KeyBank Center (Buffalo).,NHL Official Stats REST API (api-web.nhle.com/v1)
128,2020020138,2020-2021,2020,Regular Season,Regular Season,2021-01-31,Sunday,22:00,Carolina Hurricanes,Dallas Stars,Carolina Hurricanes,Dallas Stars,CAR,DAL,4,3,7,1,Carolina Hurricanes,Dallas Stars,Home Win (4-3 SO),4-3,Shootout,Yes,Yes,PNC Arena,Carolina,OFF,J. Reimer (Winning Goalie),Carolina Hurricanes defeated Dallas Stars 4-3 in a shootout at PNC Arena (Carolina).,NHL Official Stats REST API (api-web.nhle.com/v1)
129,2020020139,2020-2021,2020,Regular Season,Regular Season,2021-01-31,Sunday,22:00,Detroit Red Wings,Florida Panthers,Detroit Red Wings,Florida Panthers,DET,FLA,2,3,5,1,Florida Panthers,Detroit Red Wings,Away Win (3-2),2-3,Regulation,No,No,Little Caesars Arena,Detroit,OFF,C. Driedger (Winning Goalie); C. Verhaeghe (GWG Scorer),Florida Panthers defeated Detroit Red Wings 3-2 in regulation at Little Caesars Arena (Detroit).,NHL Official Stats REST API (api-web.nhle.com/v1)
130,2020020137,2020-2021,2020,Regular Season,Regular Season,2021-01-31,Sunday,00:00,Philadelphia Flyers,New York Islanders,Philadelphia Flyers,New York Islanders,PHI,NYI,4,3,7,1,Philadelphia Flyers,New York Islanders,Home Win (4-3 OT),4-3,Overtime,Yes,No,Wells Fargo Center,Philadelphia,OFF,B. Elliott (Winning Goalie); K. Hayes (GWG Scorer),Philadelphia Flyers defeated New York Islanders 4-3 in overtime at Wells Fargo Center (Philadelphia).,NHL Official Stats REST API (api-web.nhle.com/v1)
131,2020020140,2020-2021,2020,Regular Season,Regular Season,2021-01-31,Sunday,00:00,Chicago Blackhawks,Columbus Blue Jackets,Chicago Blackhawks,Columbus Blue Jackets,CHI,CBJ,3,1,4,2,Chicago Blackhawks,Columbus Blue Jackets,Home Win (3-1),3-1,Regulation,No,No,United Center,Chicago,OFF,K. Lankinen (Winning Goalie); P. Suter (GWG Scorer),Chicago Blackhawks defeated Columbus Blue Jackets 3-1 in regulation at United Center (Chicago).,NHL Official Stats REST API (api-web.nhle.com/v1)
132,2020020142,2020-2021,2020,Regular Season,Regular Season,2021-01-31,Sunday,01:00,Minnesota Wild,Colorado Avalanche,Minnesota Wild,Colorado Avalanche,MIN,COL,4,3,7,1,Minnesota Wild,Colorado Avalanche,Home Win (4-3 OT),4-3,Overtime,Yes,No,Xcel Energy Center,Minnesota,OFF,C. Talbot (Winning Goalie); J. Brodin (GWG Scorer),Minnesota Wild defeated Colorado Avalanche 4-3 in overtime at Xcel Energy Center (Minnesota).,NHL Official Stats REST API (api-web.nhle.com/v1)
133,2020020143,2020-2021,2020,Regular Season,Regular Season,2021-01-31,Sunday,01:00,Anaheim Ducks,St. Louis Blues,Anaheim Ducks,St. Louis Blues,ANA,STL,1,4,5,3,St. Louis Blues,Anaheim Ducks,Away Win (4-1),1-4,Regulation,No,No,Honda Center,Anaheim,OFF,V. Husso (Winning Goalie); S. Blais (GWG Scorer),St. Louis Blues defeated Anaheim Ducks 4-1 in regulation at Honda Center (Anaheim).,NHL Official Stats REST API (api-web.nhle.com/v1)
134,2020020141,2020-2021,2020,Regular Season,Regular Season,2021-01-31,Sunday,02:00,Edmonton Oilers,Ottawa Senators,Edmonton Oilers,Ottawa Senators,EDM,OTT,8,5,13,3,Edmonton Oilers,Ottawa Senators,Home Win (8-5),8-5,Regulation,No,No,Rogers Place,Edmonton,OFF,S. Skinner (Winning Goalie); C. McDavid (GWG Scorer),Edmonton Oilers defeated Ottawa Senators 8-5 in regulation at Rogers Place (Edmonton).,NHL Official Stats REST API (api-web.nhle.com/v1)
135,2020020144,2020-2021,2020,Regular Season,Regular Season,2021-02-01,Monday,00:00,New York Rangers,Pittsburgh Penguins,New York Rangers,Pittsburgh Penguins,NYR,PIT,3,1,4,2,New York Rangers,Pittsburgh Penguins,Home Win (3-1),3-1,Regulation,No,No,Madison Square Garden,New York,OFF,I. Shesterkin (Winning Goalie); C. Kreider (GWG Scorer),New York Rangers defeated Pittsburgh Penguins 3-1 in regulation at Madison Square Garden (New York).,NHL Official Stats REST API (api-web.nhle.com/v1)
136,2020020145,2020-2021,2020,Regular Season,Regular Season,2021-02-01,Monday,00:00,Washington Capitals,Boston Bruins,Washington Capitals,Boston Bruins,WSH,BOS,3,5,8,2,Boston Bruins,Washington Capitals,Away Win (5-3),3-5,Regulation,No,No,Capital One Arena,Washington,OFF,J. Halak (Winning Goalie); B. Carlo (GWG Scorer),Boston Bruins defeated Washington Capitals 5-3 in regulation at Capital One Arena (Washington).,NHL Official Stats REST API (api-web.nhle.com/v1)
137,2020020146,2020-2021,2020,Regular Season,Regular Season,2021-02-01,Monday,00:00,Tampa Bay Lightning,Nashville Predators,Tampa Bay Lightning,Nashville Predators,TBL,NSH,5,2,7,3,Tampa Bay Lightning,Nashville Predators,Home Win (5-2),5-2,Regulation,No,No,Amalie Arena,Tampa Bay,OFF,A. Vasilevskiy (Winning Goalie); B. Point (GWG Scorer),Tampa Bay Lightning defeated Nashville Predators 5-2 in regulation at Amalie Arena (Tampa Bay).,NHL Official Stats REST API (api-web.nhle.com/v1)
138,2020020147,2020-2021,2020,Regular Season,Regular Season,2021-02-01,Monday,00:00,Montréal Canadiens,Vancouver Canucks,Montréal Canadiens,Vancouver Canucks,MTL,VAN,6,2,8,4,Montréal Canadiens,Vancouver Canucks,Home Win (6-2),6-2,Regulation,No,No,Centre Bell,Montréal,OFF,C. Price (Winning Goalie); J. Petry (GWG Scorer),Montréal Canadiens defeated Vancouver Canucks 6-2 in regulation at Centre Bell (Montréal).,NHL Official Stats REST API (api-web.nhle.com/v1)
139,2020020148,2020-2021,2020,Regular Season,Regular Season,2021-02-01,Monday,01:00,Winnipeg Jets,Calgary Flames,Winnipeg Jets,Calgary Flames,WPG,CGY,3,4,7,1,Calgary Flames,Winnipeg Jets,Away Win (4-3 SO),3-4,Shootout,Yes,Yes,Bell MTS Place,Winnipeg,OFF,J. Markstrom (Winning Goalie),Calgary Flames defeated Winnipeg Jets 4-3 in a shootout at Bell MTS Place (Winnipeg).,NHL Official Stats REST API (api-web.nhle.com/v1)
140,2020020152,2020-2021,2020,Regular Season,Regular Season,2021-02-02,Tuesday,00:00,Columbus Blue Jackets,Dallas Stars,Columbus Blue Jackets,Dallas Stars,CBJ,DAL,3,6,9,3,Dallas Stars,Columbus Blue Jackets,Away Win (6-3),3-6,Regulation,No,No,Nationwide Arena,Columbus,OFF,J. Oettinger (Winning Goalie); D. Gurianov (GWG Scorer),Dallas Stars defeated Columbus Blue Jackets 6-3 in regulation at Nationwide Arena (Columbus).,NHL Official Stats REST API (api-web.nhle.com/v1)
141,2020020155,2020-2021,2020,Regular Season,Regular Season,2021-02-02,Tuesday,00:00,Montréal Canadiens,Vancouver Canucks,Montréal Canadiens,Vancouver Canucks,MTL,VAN,5,3,8,2,Montréal Canadiens,Vancouver Canucks,Home Win (5-3),5-3,Regulation,No,No,Centre Bell,Montréal,OFF,J. Allen (Winning Goalie); T. Toffoli (GWG Scorer),Montréal Canadiens defeated Vancouver Canucks 5-3 in regulation at Centre Bell (Montréal).,NHL Official Stats REST API (api-web.nhle.com/v1)
142,2020020153,2020-2021,2020,Regular Season,Regular Season,2021-02-02,Tuesday,01:00,Chicago Blackhawks,Carolina Hurricanes,Chicago Blackhawks,Carolina Hurricanes,CHI,CAR,3,4,7,1,Carolina Hurricanes,Chicago Blackhawks,Away Win (4-3 SO),3-4,Shootout,Yes,Yes,United Center,Chicago,OFF,J. Reimer (Winning Goalie),Carolina Hurricanes defeated Chicago Blackhawks 4-3 in a shootout at United Center (Chicago).,NHL Official Stats REST API (api-web.nhle.com/v1)
143,2020020154,2020-2021,2020,Regular Season,Regular Season,2021-02-02,Tuesday,01:00,St. Louis Blues,Arizona Coyotes,St. Louis Blues,Arizona Coyotes,STL,ARI,4,3,7,1,St. Louis Blues,Arizona Coyotes,Home Win (4-3),4-3,Regulation,No,No,Enterprise Center,St. Louis,OFF,J. Binnington (Winning Goalie); R. O'Reilly (GWG Scorer),St. Louis Blues defeated Arizona Coyotes 4-3 in regulation at Enterprise Center (St. Louis).,NHL Official Stats REST API (api-web.nhle.com/v1)
144,2020020156,2020-2021,2020,Regular Season,Regular Season,2021-02-02,Tuesday,01:00,Winnipeg Jets,Calgary Flames,Winnipeg Jets,Calgary Flames,WPG,CGY,3,2,5,1,Winnipeg Jets,Calgary Flames,Home Win (3-2),3-2,Regulation,No,No,Bell MTS Place,Winnipeg,OFF,L. Brossoit (Winning Goalie); N. Ehlers (GWG Scorer),Winnipeg Jets defeated Calgary Flames 3-2 in regulation at Bell MTS Place (Winnipeg).,NHL Official Stats REST API (api-web.nhle.com/v1)
145,2020020158,2020-2021,2020,Regular Season,Regular Season,2021-02-02,Tuesday,01:30,Colorado Avalanche,Minnesota Wild,Colorado Avalanche,Minnesota Wild,COL,MIN,2,1,3,1,Colorado Avalanche,Minnesota Wild,Home Win (2-1),2-1,Regulation,No,No,Ball Arena,Colorado,OFF,P. Grubauer (Winning Goalie); V. Nichushkin (GWG Scorer),Colorado Avalanche defeated Minnesota Wild 2-1 in regulation at Ball Arena (Colorado).,NHL Official Stats REST API (api-web.nhle.com/v1)
146,2020020157,2020-2021,2020,Regular Season,Regular Season,2021-02-02,Tuesday,03:00,Edmonton Oilers,Ottawa Senators,Edmonton Oilers,Ottawa Senators,EDM,OTT,4,2,6,2,Edmonton Oilers,Ottawa Senators,Home Win (4-2),4-2,Regulation,No,No,Rogers Place,Edmonton,OFF,M. Koskinen (Winning Goalie); L. Draisaitl (GWG Scorer),Edmonton Oilers defeated Ottawa Senators 4-2 in regulation at Rogers Place (Edmonton).,NHL Official Stats REST API (api-web.nhle.com/v1)
147,2020020161,2020-2021,2020,Regular Season,Regular Season,2021-02-02,Tuesday,03:00,Los Angeles Kings,Anaheim Ducks,Los Angeles Kings,Anaheim Ducks,LAK,ANA,1,3,4,2,Anaheim Ducks,Los Angeles Kings,Away Win (3-1),1-3,Regulation,No,No,STAPLES Center,Los Angeles,OFF,J. Gibson (Winning Goalie); D. Backes (GWG Scorer),Anaheim Ducks defeated Los Angeles Kings 3-1 in regulation at STAPLES Center (Los Angeles).,NHL Official Stats REST API (api-web.nhle.com/v1)
148,2020020160,2020-2021,2020,Regular Season,Regular Season,2021-02-03,Wednesday,22:30,Tampa Bay Lightning,Detroit Red Wings,Tampa Bay Lightning,Detroit Red Wings,TBL,DET,5,1,6,4,Tampa Bay Lightning,Detroit Red Wings,Home Win (5-1),5-1,Regulation,No,No,Amalie Arena,Tampa Bay,OFF,A. Vasilevskiy (Winning Goalie); A. Cirelli (GWG Scorer),Tampa Bay Lightning defeated Detroit Red Wings 5-1 in regulation at Amalie Arena (Tampa Bay).,NHL Official Stats REST API (api-web.nhle.com/v1)
149,2020020159,2020-2021,2020,Regular Season,Regular Season,2021-02-03,Wednesday,01:00,Philadelphia Flyers,Boston Bruins,Philadelphia Flyers,Boston Bruins,PHI,BOS,3,4,7,1,Boston Bruins,Philadelphia Flyers,Away Win (4-3 OT),3-4,Overtime,Yes,No,Wells Fargo Center,Philadelphia,OFF,T. Rask (Winning Goalie); P. Bergeron (GWG Scorer),Boston Bruins defeated Philadelphia Flyers 4-3 in overtime at Wells Fargo Center (Philadelphia).,NHL Official Stats REST API (api-web.nhle.com/v1)
150,2020020164,2020-2021,2020,Regular Season,Regular Season,2021-02-04,Thursday,00:00,New York Rangers,Washington Capitals,New York Rangers,Washington Capitals,NYR,WSH,4,2,6,2,New York Rangers,Washington Capitals,Home Win (4-2),4-2,Regulation,No,No,Madison Square Garden,New York,OFF,I. Shesterkin (Winning Goalie); R. Strome (GWG Scorer),New York Rangers defeated Washington Capitals 4-2 in regulation at Madison Square Garden (New York).,NHL Official Stats REST API (api-web.nhle.com/v1)
151,2020020165,2020-2021,2020,Regular Season,Regular Season,2021-02-04,Thursday,00:00,Florida Panthers,Nashville Predators,Florida Panthers,Nashville Predators,FLA,NSH,5,6,11,1,Nashville Predators,Florida Panthers,Away Win (6-5 OT),5-6,Overtime,Yes,No,BB&T Center,Florida,OFF,P. Rinne (Winning Goalie); F. Forsberg (GWG Scorer),Nashville Predators defeated Florida Panthers 6-5 in overtime at BB&T Center (Florida).,NHL Official Stats REST API (api-web.nhle.com/v1)
152,2020020167,2020-2021,2020,Regular Season,Regular Season,2021-02-04,Thursday,00:00,Columbus Blue Jackets,Dallas Stars,Columbus Blue Jackets,Dallas Stars,CBJ,DAL,4,3,7,1,Columbus Blue Jackets,Dallas Stars,Home Win (4-3),4-3,Regulation,No,No,Nationwide Arena,Columbus,OFF,J. Korpisalo (Winning Goalie); C. Atkinson (GWG Scorer),Columbus Blue Jackets defeated Dallas Stars 4-3 in regulation at Nationwide Arena (Columbus).,NHL Official Stats REST API (api-web.nhle.com/v1)
153,2020020170,2020-2021,2020,Regular Season,Regular Season,2021-02-04,Thursday,00:00,Montréal Canadiens,Ottawa Senators,Montréal Canadiens,Ottawa Senators,MTL,OTT,2,3,5,1,Ottawa Senators,Montréal Canadiens,Away Win (3-2),2-3,Regulation,No,No,Centre Bell,Montréal,OFF,M. Murray (Winning Goalie); C. Brown (GWG Scorer),Ottawa Senators defeated Montréal Canadiens 3-2 in regulation at Centre Bell (Montréal).,NHL Official Stats REST API (api-web.nhle.com/v1)
154,2020020171,2020-2021,2020,Regular Season,Regular Season,2021-02-04,Thursday,00:00,Toronto Maple Leafs,Vancouver Canucks,Toronto Maple Leafs,Vancouver Canucks,TOR,VAN,7,3,10,4,Toronto Maple Leafs,Vancouver Canucks,Home Win (7-3),7-3,Regulation,No,No,Scotiabank Arena,Toronto,OFF,F. Andersen (Winning Goalie); J. Spezza (GWG Scorer),Toronto Maple Leafs defeated Vancouver Canucks 7-3 in regulation at Scotiabank Arena (Toronto).,NHL Official Stats REST API (api-web.nhle.com/v1)
155,2020020168,2020-2021,2020,Regular Season,Regular Season,2021-02-04,Thursday,01:00,Chicago Blackhawks,Carolina Hurricanes,Chicago Blackhawks,Carolina Hurricanes,CHI,CAR,6,4,10,2,Chicago Blackhawks,Carolina Hurricanes,Home Win (6-4),6-4,Regulation,No,No,United Center,Chicago,OFF,K. Lankinen (Winning Goalie); A. DeBrincat (GWG Scorer),Chicago Blackhawks defeated Carolina Hurricanes 6-4 in regulation at United Center (Chicago).,NHL Official Stats REST API (api-web.nhle.com/v1)
156,2020020169,2020-2021,2020,Regular Season,Regular Season,2021-02-04,Thursday,01:00,St. Louis Blues,Arizona Coyotes,St. Louis Blues,Arizona Coyotes,STL,ARI,3,4,7,1,Arizona Coyotes,St. Louis Blues,Away Win (4-3),3-4,Regulation,No,No,Enterprise Center,St. Louis,OFF,A. Raanta (Winning Goalie); C. Dvorak (GWG Scorer),Arizona Coyotes defeated St. Louis Blues 4-3 in regulation at Enterprise Center (St. Louis).,NHL Official Stats REST API (api-web.nhle.com/v1)
157,2020020172,2020-2021,2020,Regular Season,Regular Season,2021-02-04,Thursday,01:00,Winnipeg Jets,Calgary Flames,Winnipeg Jets,Calgary Flames,WPG,CGY,4,1,5,3,Winnipeg Jets,Calgary Flames,Home Win (4-1),4-1,Regulation,No,No,Bell MTS Place,Winnipeg,OFF,C. Hellebuyck (Winning Goalie); K. Connor (GWG Scorer),Winnipeg Jets defeated Calgary Flames 4-1 in regulation at Bell MTS Place (Winnipeg).,NHL Official Stats REST API (api-web.nhle.com/v1)
158,2020020174,2020-2021,2020,Regular Season,Regular Season,2021-02-05,Friday,00:00,Philadelphia Flyers,Boston Bruins,Philadelphia Flyers,Boston Bruins,PHI,BOS,1,2,3,1,Boston Bruins,Philadelphia Flyers,Away Win (2-1),1-2,Regulation,No,No,Wells Fargo Center,Philadelphia,OFF,T. Rask (Winning Goalie); S. Kuraly (GWG Scorer),Boston Bruins defeated Philadelphia Flyers 2-1 in regulation at Wells Fargo Center (Philadelphia).,NHL Official Stats REST API (api-web.nhle.com/v1)
159,2020020175,2020-2021,2020,Regular Season,Regular Season,2021-02-05,Friday,00:00,Tampa Bay Lightning,Detroit Red Wings,Tampa Bay Lightning,Detroit Red Wings,TBL,DET,3,1,4,2,Tampa Bay Lightning,Detroit Red Wings,Home Win (3-1),3-1,Regulation,No,No,Amalie Arena,Tampa Bay,OFF,A. Vasilevskiy (Winning Goalie); B. Goodrow (GWG Scorer),Tampa Bay Lightning defeated Detroit Red Wings 3-1 in regulation at Amalie Arena (Tampa Bay).,NHL Official Stats REST API (api-web.nhle.com/v1)
160,2020020176,2020-2021,2020,Regular Season,Regular Season,2021-02-05,Friday,00:00,Florida Panthers,Nashville Predators,Florida Panthers,Nashville Predators,FLA,NSH,2,1,3,1,Florida Panthers,Nashville Predators,Home Win (2-1),2-1,Regulation,No,No,BB&T Center,Florida,OFF,C. Driedger (Winning Goalie); C. Verhaeghe (GWG Scorer),Florida Panthers defeated Nashville Predators 2-1 in regulation at BB&T Center (Florida).,NHL Official Stats REST API (api-web.nhle.com/v1)
161,2020020177,2020-2021,2020,Regular Season,Regular Season,2021-02-05,Friday,03:00,Vegas Golden Knights,Los Angeles Kings,Vegas Golden Knights,Los Angeles Kings,VGK,LAK,5,2,7,3,Vegas Golden Knights,Los Angeles Kings,Home Win (5-2),5-2,Regulation,No,No,T-Mobile Arena,Vegas,OFF,M. Fleury (Winning Goalie); J. Marchessault (GWG Scorer),Vegas Golden Knights defeated Los Angeles Kings 5-2 in regulation at T-Mobile Arena (Vegas).,NHL Official Stats REST API (api-web.nhle.com/v1)
162,2020020178,2020-2021,2020,Regular Season,Regular Season,2021-02-05,Friday,03:00,Anaheim Ducks,San Jose Sharks,Anaheim Ducks,San Jose Sharks,ANA,SJS,4,5,9,1,San Jose Sharks,Anaheim Ducks,Away Win (5-4 SO),4-5,Shootout,Yes,Yes,Honda Center,Anaheim,OFF,M. Jones (Winning Goalie),San Jose Sharks defeated Anaheim Ducks 5-4 in a shootout at Honda Center (Anaheim).,NHL Official Stats REST API (api-web.nhle.com/v1)
163,2020020183,2020-2021,2020,Regular Season,Regular Season,2021-02-06,Saturday,18:00,Ottawa Senators,Montréal Canadiens,Ottawa Senators,Montréal Canadiens,OTT,MTL,1,2,3,1,Montréal Canadiens,Ottawa Senators,Away Win (2-1),1-2,Regulation,No,No,Canadian Tire Centre,Ottawa,OFF,J. Allen (Winning Goalie); J. Anderson (GWG Scorer),Montréal Canadiens defeated Ottawa Senators 2-1 in regulation at Canadian Tire Centre (Ottawa).,NHL Official Stats REST API (api-web.nhle.com/v1)
164,2020020550,2020-2021,2020,Regular Season,Regular Season,2021-02-06,Saturday,20:00,St. Louis Blues,Arizona Coyotes,St. Louis Blues,Arizona Coyotes,STL,ARI,1,3,4,2,Arizona Coyotes,St. Louis Blues,Away Win (3-1),1-3,Regulation,No,No,Enterprise Center,St. Louis,OFF,D. Kuemper (Winning Goalie); C. Keller (GWG Scorer),Arizona Coyotes defeated St. Louis Blues 3-1 in regulation at Enterprise Center (St. Louis).,NHL Official Stats REST API (api-web.nhle.com/v1)
165,2020020181,2020-2021,2020,Regular Season,Regular Season,2021-02-06,Saturday,00:00,New York Islanders,Pittsburgh Penguins,New York Islanders,Pittsburgh Penguins,NYI,PIT,4,3,7,1,New York Islanders,Pittsburgh Penguins,Home Win (4-3),4-3,Regulation,No,No,Nassau Veterans Memorial Coliseum,New York,OFF,S. Varlamov (Winning Goalie); A. Lee (GWG Scorer),New York Islanders defeated Pittsburgh Penguins 4-3 in regulation at Nassau Veterans Memorial Coliseum (New York).,NHL Official Stats REST API (api-web.nhle.com/v1)
166,2020020184,2020-2021,2020,Regular Season,Regular Season,2021-02-06,Saturday,00:00,Toronto Maple Leafs,Vancouver Canucks,Toronto Maple Leafs,Vancouver Canucks,TOR,VAN,5,1,6,4,Toronto Maple Leafs,Vancouver Canucks,Home Win (5-1),5-1,Regulation,No,No,Scotiabank Arena,Toronto,OFF,F. Andersen (Winning Goalie); A. Matthews (GWG Scorer),Toronto Maple Leafs defeated Vancouver Canucks 5-1 in regulation at Scotiabank Arena (Toronto).,NHL Official Stats REST API (api-web.nhle.com/v1)
167,2020020185,2020-2021,2020,Regular Season,Regular Season,2021-02-06,Saturday,03:00,Calgary Flames,Edmonton Oilers,Calgary Flames,Edmonton Oilers,CGY,EDM,6,4,10,2,Calgary Flames,Edmonton Oilers,Home Win (6-4),6-4,Regulation,No,No,Scotiabank Saddledome,Calgary,OFF,J. Markstrom (Winning Goalie); J. Gaudreau (GWG Scorer),Calgary Flames defeated Edmonton Oilers 6-4 in regulation at Scotiabank Saddledome (Calgary).,NHL Official Stats REST API (api-web.nhle.com/v1)
168,2020020187,2020-2021,2020,Regular Season,Regular Season,2021-02-06,Saturday,03:00,Anaheim Ducks,San Jose Sharks,Anaheim Ducks,San Jose Sharks,ANA,SJS,2,1,3,1,Anaheim Ducks,San Jose Sharks,Home Win (2-1 SO),2-1,Shootout,Yes,Yes,Honda Center,Anaheim,OFF,R. Miller (Winning Goalie),Anaheim Ducks defeated San Jose Sharks 2-1 in a shootout at Honda Center (Anaheim).,NHL Official Stats REST API (api-web.nhle.com/v1)
169,2020020188,2020-2021,2020,Regular Season,Regular Season,2021-02-07,Sunday,17:00,Washington Capitals,Philadelphia Flyers,Washington Capitals,Philadelphia Flyers,WSH,PHI,4,7,11,3,Philadelphia Flyers,Washington Capitals,Away Win (7-4),4-7,Regulation,No,No,Capital One Arena,Washington,OFF,C. Hart (Winning Goalie); S. Couturier (GWG Scorer),Philadelphia Flyers defeated Washington Capitals 7-4 in regulation at Capital One Arena (Washington).,NHL Official Stats REST API (api-web.nhle.com/v1)
170,2020020189,2020-2021,2020,Regular Season,Regular Season,2021-02-07,Sunday,20:00,Florida Panthers,Detroit Red Wings,Florida Panthers,Detroit Red Wings,FLA,DET,1,4,5,3,Detroit Red Wings,Florida Panthers,Away Win (4-1),1-4,Regulation,No,No,BB&T Center,Florida,OFF,T. Greiss (Winning Goalie); G. Smith (GWG Scorer),Detroit Red Wings defeated Florida Panthers 4-1 in regulation at BB&T Center (Florida).,NHL Official Stats REST API (api-web.nhle.com/v1)
171,2020020190,2020-2021,2020,Regular Season,Regular Season,2021-02-07,Sunday,20:00,Columbus Blue Jackets,Carolina Hurricanes,Columbus Blue Jackets,Carolina Hurricanes,CBJ,CAR,5,6,11,1,Carolina Hurricanes,Columbus Blue Jackets,Away Win (6-5),5-6,Regulation,No,No,Nationwide Arena,Columbus,OFF,J. Reimer (Winning Goalie); D. Hamilton (GWG Scorer),Carolina Hurricanes defeated Columbus Blue Jackets 6-5 in regulation at Nationwide Arena (Columbus).,NHL Official Stats REST API (api-web.nhle.com/v1)
172,2020020193,2020-2021,2020,Regular Season,Regular Season,2021-02-07,Sunday,20:00,Dallas Stars,Chicago Blackhawks,Dallas Stars,Chicago Blackhawks,DAL,CHI,1,2,3,1,Chicago Blackhawks,Dallas Stars,Away Win (2-1 OT),1-2,Overtime,Yes,No,American Airlines Center,Dallas,OFF,M. Subban (Winning Goalie); A. DeBrincat (GWG Scorer),Chicago Blackhawks defeated Dallas Stars 2-1 in overtime at American Airlines Center (Dallas).,NHL Official Stats REST API (api-web.nhle.com/v1)
173,2020020194,2020-2021,2020,Regular Season,Regular Season,2021-02-07,Sunday,20:00,Vegas Golden Knights,Los Angeles Kings,Vegas Golden Knights,Los Angeles Kings,VGK,LAK,4,3,7,1,Vegas Golden Knights,Los Angeles Kings,Home Win (4-3),4-3,Regulation,No,No,T-Mobile Arena,Vegas,OFF,R. Lehner (Winning Goalie); C. Stephenson (GWG Scorer),Vegas Golden Knights defeated Los Angeles Kings 4-3 in regulation at T-Mobile Arena (Vegas).,NHL Official Stats REST API (api-web.nhle.com/v1)
174,2020020196,2020-2021,2020,Regular Season,Regular Season,2021-02-08,Monday,00:00,New York Rangers,New York Islanders,New York Rangers,New York Islanders,NYR,NYI,0,2,2,2,New York Islanders,New York Rangers,Away Win (2-0),0-2,Regulation,No,No,Madison Square Garden,New York,OFF,S. Varlamov (Winning Goalie); C. Cizikas (GWG Scorer),New York Islanders defeated New York Rangers 2-0 in regulation at Madison Square Garden (New York).,NHL Official Stats REST API (api-web.nhle.com/v1)
175,2020020197,2020-2021,2020,Regular Season,Regular Season,2021-02-08,Monday,00:00,Columbus Blue Jackets,Carolina Hurricanes,Columbus Blue Jackets,Carolina Hurricanes,CBJ,CAR,3,2,5,1,Columbus Blue Jackets,Carolina Hurricanes,Home Win (3-2),3-2,Regulation,No,No,Nationwide Arena,Columbus,OFF,J. Korpisalo (Winning Goalie); J. Roslovic (GWG Scorer),Columbus Blue Jackets defeated Carolina Hurricanes 3-2 in regulation at Nationwide Arena (Columbus).,NHL Official Stats REST API (api-web.nhle.com/v1)
176,2020020199,2020-2021,2020,Regular Season,Regular Season,2021-02-08,Monday,00:00,Ottawa Senators,Edmonton Oilers,Ottawa Senators,Edmonton Oilers,OTT,EDM,1,3,4,2,Edmonton Oilers,Ottawa Senators,Away Win (3-1),1-3,Regulation,No,No,Canadian Tire Centre,Ottawa,OFF,M. Smith (Winning Goalie); T. Ennis (GWG Scorer),Edmonton Oilers defeated Ottawa Senators 3-1 in regulation at Canadian Tire Centre (Ottawa).,NHL Official Stats REST API (api-web.nhle.com/v1)
177,2020020200,2020-2021,2020,Regular Season,Regular Season,2021-02-08,Monday,00:00,Toronto Maple Leafs,Vancouver Canucks,Toronto Maple Leafs,Vancouver Canucks,TOR,VAN,3,1,4,2,Toronto Maple Leafs,Vancouver Canucks,Home Win (3-1),3-1,Regulation,No,No,Scotiabank Arena,Toronto,OFF,F. Andersen (Winning Goalie); A. Matthews (GWG Scorer),Toronto Maple Leafs defeated Vancouver Canucks 3-1 in regulation at Scotiabank Arena (Toronto).,NHL Official Stats REST API (api-web.nhle.com/v1)
178,2020020198,2020-2021,2020,Regular Season,Regular Season,2021-02-08,Monday,01:00,Nashville Predators,Tampa Bay Lightning,Nashville Predators,Tampa Bay Lightning,NSH,TBL,1,4,5,3,Tampa Bay Lightning,Nashville Predators,Away Win (4-1),1-4,Regulation,No,No,Bridgestone Arena,Nashville,OFF,C. McElhinney (Winning Goalie); A. Cirelli (GWG Scorer),Tampa Bay Lightning defeated Nashville Predators 4-1 in regulation at Bridgestone Arena (Nashville).,NHL Official Stats REST API (api-web.nhle.com/v1)
179,2020020565,2020-2021,2020,Regular Season,Regular Season,2021-02-08,Monday,01:00,St. Louis Blues,Arizona Coyotes,St. Louis Blues,Arizona Coyotes,STL,ARI,3,4,7,1,Arizona Coyotes,St. Louis Blues,Away Win (4-3 SO),3-4,Shootout,Yes,Yes,Enterprise Center,St. Louis,OFF,D. Kuemper (Winning Goalie),Arizona Coyotes defeated St. Louis Blues 4-3 in a shootout at Enterprise Center (St. Louis).,NHL Official Stats REST API (api-web.nhle.com/v1)
180,2020020203,2020-2021,2020,Regular Season,Regular Season,2021-02-09,Tuesday,00:00,Florida Panthers,Detroit Red Wings,Florida Panthers,Detroit Red Wings,FLA,DET,2,1,3,1,Florida Panthers,Detroit Red Wings,Home Win (2-1),2-1,Regulation,No,No,BB&T Center,Florida,OFF,S. Bobrovsky (Winning Goalie); P. Hornqvist (GWG Scorer),Florida Panthers defeated Detroit Red Wings 2-1 in regulation at BB&T Center (Florida).,NHL Official Stats REST API (api-web.nhle.com/v1)
181,2020020205,2020-2021,2020,Regular Season,Regular Season,2021-02-09,Tuesday,00:00,Ottawa Senators,Edmonton Oilers,Ottawa Senators,Edmonton Oilers,OTT,EDM,2,3,5,1,Edmonton Oilers,Ottawa Senators,Away Win (3-2),2-3,Regulation,No,No,Canadian Tire Centre,Ottawa,OFF,M. Koskinen (Winning Goalie); T. Barrie (GWG Scorer),Edmonton Oilers defeated Ottawa Senators 3-2 in regulation at Canadian Tire Centre (Ottawa).,NHL Official Stats REST API (api-web.nhle.com/v1)
182,2020020204,2020-2021,2020,Regular Season,Regular Season,2021-02-09,Tuesday,01:30,Nashville Predators,Tampa Bay Lightning,Nashville Predators,Tampa Bay Lightning,NSH,TBL,1,6,7,5,Tampa Bay Lightning,Nashville Predators,Away Win (6-1),1-6,Regulation,No,No,Bridgestone Arena,Nashville,OFF,A. Vasilevskiy (Winning Goalie); O. Palat (GWG Scorer),Tampa Bay Lightning defeated Nashville Predators 6-1 in regulation at Bridgestone Arena (Nashville).,NHL Official Stats REST API (api-web.nhle.com/v1)
183,2020020208,2020-2021,2020,Regular Season,Regular Season,2021-02-09,Tuesday,01:30,Dallas Stars,Chicago Blackhawks,Dallas Stars,Chicago Blackhawks,DAL,CHI,1,2,3,1,Chicago Blackhawks,Dallas Stars,Away Win (2-1 OT),1-2,Overtime,Yes,No,American Airlines Center,Dallas,OFF,K. Lankinen (Winning Goalie); P. Suter (GWG Scorer),Chicago Blackhawks defeated Dallas Stars 2-1 in overtime at American Airlines Center (Dallas).,NHL Official Stats REST API (api-web.nhle.com/v1)
184,2020020206,2020-2021,2020,Regular Season,Regular Season,2021-02-09,Tuesday,03:00,Calgary Flames,Winnipeg Jets,Calgary Flames,Winnipeg Jets,CGY,WPG,3,2,5,1,Calgary Flames,Winnipeg Jets,Home Win (3-2),3-2,Regulation,No,No,Scotiabank Saddledome,Calgary,OFF,J. Markstrom (Winning Goalie); E. Lindholm (GWG Scorer),Calgary Flames defeated Winnipeg Jets 3-2 in regulation at Scotiabank Saddledome (Calgary).,NHL Official Stats REST API (api-web.nhle.com/v1)
185,2020020210,2020-2021,2020,Regular Season,Regular Season,2021-02-09,Tuesday,03:00,Vegas Golden Knights,Anaheim Ducks,Vegas Golden Knights,Anaheim Ducks,VGK,ANA,5,4,9,1,Vegas Golden Knights,Anaheim Ducks,Home Win (5-4),5-4,Regulation,No,No,T-Mobile Arena,Vegas,OFF,M. Fleury (Winning Goalie); Z. Whitecloud (GWG Scorer),Vegas Golden Knights defeated Anaheim Ducks 5-4 in regulation at T-Mobile Arena (Vegas).,NHL Official Stats REST API (api-web.nhle.com/v1)
186,2020020211,2020-2021,2020,Regular Season,Regular Season,2021-02-09,Tuesday,03:00,Los Angeles Kings,San Jose Sharks,Los Angeles Kings,San Jose Sharks,LAK,SJS,3,4,7,1,San Jose Sharks,Los Angeles Kings,Away Win (4-3 SO),3-4,Shootout,Yes,Yes,STAPLES Center,Los Angeles,OFF,M. Jones (Winning Goalie),San Jose Sharks defeated Los Angeles Kings 4-3 in a shootout at STAPLES Center (Los Angeles).,NHL Official Stats REST API (api-web.nhle.com/v1)
187,2020020212,2020-2021,2020,Regular Season,Regular Season,2021-02-10,Wednesday,00:00,New York Rangers,Boston Bruins,New York Rangers,Boston Bruins,NYR,BOS,2,3,5,1,Boston Bruins,New York Rangers,Away Win (3-2 OT),2-3,Overtime,Yes,No,Madison Square Garden,New York,OFF,T. Rask (Winning Goalie); B. Marchand (GWG Scorer),Boston Bruins defeated New York Rangers 3-2 in overtime at Madison Square Garden (New York).,NHL Official Stats REST API (api-web.nhle.com/v1)
188,2020020213,2020-2021,2020,Regular Season,Regular Season,2021-02-10,Wednesday,00:30,Montréal Canadiens,Toronto Maple Leafs,Montréal Canadiens,Toronto Maple Leafs,MTL,TOR,2,4,6,2,Toronto Maple Leafs,Montréal Canadiens,Away Win (4-2),2-4,Regulation,No,No,Centre Bell,Montréal,OFF,F. Andersen (Winning Goalie); I. Mikheyev (GWG Scorer),Toronto Maple Leafs defeated Montréal Canadiens 4-2 in regulation at Centre Bell (Montréal).,NHL Official Stats REST API (api-web.nhle.com/v1)
189,2020020215,2020-2021,2020,Regular Season,Regular Season,2021-02-11,Thursday,00:00,New York Islanders,Pittsburgh Penguins,New York Islanders,Pittsburgh Penguins,NYI,PIT,3,4,7,1,Pittsburgh Penguins,New York Islanders,Away Win (4-3 SO),3-4,Shootout,Yes,Yes,Nassau Veterans Memorial Coliseum,New York,OFF,C. DeSmith (Winning Goalie),Pittsburgh Penguins defeated New York Islanders 4-3 in a shootout at Nassau Veterans Memorial Coliseum (New York).,NHL Official Stats REST API (api-web.nhle.com/v1)
190,2020020217,2020-2021,2020,Regular Season,Regular Season,2021-02-11,Thursday,00:00,Florida Panthers,Tampa Bay Lightning,Florida Panthers,Tampa Bay Lightning,FLA,TBL,5,2,7,3,Florida Panthers,Tampa Bay Lightning,Home Win (5-2),5-2,Regulation,No,No,BB&T Center,Florida,OFF,S. Bobrovsky (Winning Goalie); A. Ekblad (GWG Scorer),Florida Panthers defeated Tampa Bay Lightning 5-2 in regulation at BB&T Center (Florida).,NHL Official Stats REST API (api-web.nhle.com/v1)
191,2020020218,2020-2021,2020,Regular Season,Regular Season,2021-02-11,Thursday,01:00,Chicago Blackhawks,Columbus Blue Jackets,Chicago Blackhawks,Columbus Blue Jackets,CHI,CBJ,5,6,11,1,Columbus Blue Jackets,Chicago Blackhawks,Away Win (6-5),5-6,Regulation,No,No,United Center,Chicago,OFF,J. Korpisalo (Winning Goalie); K. Stenlund (GWG Scorer),Columbus Blue Jackets defeated Chicago Blackhawks 6-5 in regulation at United Center (Chicago).,NHL Official Stats REST API (api-web.nhle.com/v1)
192,2020020219,2020-2021,2020,Regular Season,Regular Season,2021-02-11,Thursday,01:00,Nashville Predators,Detroit Red Wings,Nashville Predators,Detroit Red Wings,NSH,DET,3,2,5,1,Nashville Predators,Detroit Red Wings,Home Win (3-2),3-2,Regulation,No,No,Bridgestone Arena,Nashville,OFF,P. Rinne (Winning Goalie); D. Fabbro (GWG Scorer),Nashville Predators defeated Detroit Red Wings 3-2 in regulation at Bridgestone Arena (Nashville).,NHL Official Stats REST API (api-web.nhle.com/v1)
193,2020020220,2020-2021,2020,Regular Season,Regular Season,2021-02-11,Thursday,01:00,Montréal Canadiens,Edmonton Oilers,Montréal Canadiens,Edmonton Oilers,MTL,EDM,0,3,3,3,Edmonton Oilers,Montréal Canadiens,Away Win (3-0),0-3,Regulation,No,No,Centre Bell,Montréal,OFF,M. Smith (Winning Goalie); J. Khaira (GWG Scorer),Edmonton Oilers defeated Montréal Canadiens 3-0 in regulation at Centre Bell (Montréal).,NHL Official Stats REST API (api-web.nhle.com/v1)
194,2020020221,2020-2021,2020,Regular Season,Regular Season,2021-02-11,Thursday,01:00,Winnipeg Jets,Ottawa Senators,Winnipeg Jets,Ottawa Senators,WPG,OTT,5,1,6,4,Winnipeg Jets,Ottawa Senators,Home Win (5-1),5-1,Regulation,No,No,Bell MTS Place,Winnipeg,OFF,C. Hellebuyck (Winning Goalie); N. Ehlers (GWG Scorer),Winnipeg Jets defeated Ottawa Senators 5-1 in regulation at Bell MTS Place (Winnipeg).,NHL Official Stats REST API (api-web.nhle.com/v1)
195,2020020224,2020-2021,2020,Regular Season,Regular Season,2021-02-11,Thursday,01:30,Dallas Stars,Carolina Hurricanes,Dallas Stars,Carolina Hurricanes,DAL,CAR,3,5,8,2,Carolina Hurricanes,Dallas Stars,Away Win (5-3),3-5,Regulation,No,No,American Airlines Center,Dallas,OFF,J. Reimer (Winning Goalie); N. Niederreiter (GWG Scorer),Carolina Hurricanes defeated Dallas Stars 5-3 in regulation at American Airlines Center (Dallas).,NHL Official Stats REST API (api-web.nhle.com/v1)
196,2020020222,2020-2021,2020,Regular Season,Regular Season,2021-02-11,Thursday,03:00,Vancouver Canucks,Calgary Flames,Vancouver Canucks,Calgary Flames,VAN,CGY,1,3,4,2,Calgary Flames,Vancouver Canucks,Away Win (3-1),1-3,Regulation,No,No,Rogers Arena,Vancouver,OFF,J. Markstrom (Winning Goalie); A. Mangiapane (GWG Scorer),Calgary Flames defeated Vancouver Canucks 3-1 in regulation at Rogers Arena (Vancouver).,NHL Official Stats REST API (api-web.nhle.com/v1)
197,2020020226,2020-2021,2020,Regular Season,Regular Season,2021-02-11,Thursday,03:00,Vegas Golden Knights,Anaheim Ducks,Vegas Golden Knights,Anaheim Ducks,VGK,ANA,0,1,1,1,Anaheim Ducks,Vegas Golden Knights,Away Win (1-0),0-1,Regulation,No,No,T-Mobile Arena,Vegas,OFF,J. Gibson (Winning Goalie); M. Comtois (GWG Scorer),Anaheim Ducks defeated Vegas Golden Knights 1-0 in regulation at T-Mobile Arena (Vegas).,NHL Official Stats REST API (api-web.nhle.com/v1)
198,2020020227,2020-2021,2020,Regular Season,Regular Season,2021-02-11,Thursday,03:00,Los Angeles Kings,San Jose Sharks,Los Angeles Kings,San Jose Sharks,LAK,SJS,6,2,8,4,Los Angeles Kings,San Jose Sharks,Home Win (6-2),6-2,Regulation,No,No,STAPLES Center,Los Angeles,OFF,C. Petersen (Winning Goalie); A. Wagner (GWG Scorer),Los Angeles Kings defeated San Jose Sharks 6-2 in regulation at STAPLES Center (Los Angeles).,NHL Official Stats REST API (api-web.nhle.com/v1)
199,2020020228,2020-2021,2020,Regular Season,Regular Season,2021-02-12,Friday,00:00,New York Rangers,Boston Bruins,New York Rangers,Boston Bruins,NYR,BOS,0,1,1,1,Boston Bruins,New York Rangers,Away Win (1-0),0-1,Regulation,No,No,Madison Square Garden,New York,OFF,J. Halak (Winning Goalie); N. Ritchie (GWG Scorer),Boston Bruins defeated New York Rangers 1-0 in regulation at Madison Square Garden (New York).,NHL Official Stats REST API (api-web.nhle.com/v1)
200,2020020684,2020-2021,2020,Regular Season,Regular Season,2021-02-12,Friday,02:00,Arizona Coyotes,St. Louis Blues,Arizona Coyotes,St. Louis Blues,ARI,STL,1,4,5,3,St. Louis Blues,Arizona Coyotes,Away Win (4-1),1-4,Regulation,No,No,Gila River Arena,Arizona,OFF,J. Binnington (Winning Goalie); J. Faulk (GWG Scorer),St. Louis Blues defeated Arizona Coyotes 4-1 in regulation at Gila River Arena (Arizona).,NHL Official Stats REST API (api-web.nhle.com/v1)
201,2020020236,2020-2021,2020,Regular Season,Regular Season,2021-02-13,Saturday,20:00,Winnipeg Jets,Ottawa Senators,Winnipeg Jets,Ottawa Senators,WPG,OTT,1,2,3,1,Ottawa Senators,Winnipeg Jets,Away Win (2-1),1-2,Regulation,No,No,Bell MTS Place,Winnipeg,OFF,M. Hogberg (Winning Goalie); B. Tkachuk (GWG Scorer),Ottawa Senators defeated Winnipeg Jets 2-1 in regulation at Bell MTS Place (Winnipeg).,NHL Official Stats REST API (api-web.nhle.com/v1)
202,2020020149,2020-2021,2020,Regular Season,Regular Season,2021-02-13,Saturday,21:00,San Jose Sharks,Vegas Golden Knights,San Jose Sharks,Vegas Golden Knights,SJS,VGK,1,3,4,2,Vegas Golden Knights,San Jose Sharks,Away Win (3-1),1-3,Regulation,No,No,SAP Center at San Jose,San Jose,OFF,M. Fleury (Winning Goalie); M. Stone (GWG Scorer),Vegas Golden Knights defeated San Jose Sharks 3-1 in regulation at SAP Center at San Jose (San Jose).,NHL Official Stats REST API (api-web.nhle.com/v1)
203,2020020230,2020-2021,2020,Regular Season,Regular Season,2021-02-13,Saturday,00:00,New York Islanders,Boston Bruins,New York Islanders,Boston Bruins,NYI,BOS,4,2,6,2,New York Islanders,Boston Bruins,Home Win (4-2),4-2,Regulation,No,No,Nassau Veterans Memorial Coliseum,New York,OFF,S. Varlamov (Winning Goalie); M. Barzal (GWG Scorer),New York Islanders defeated Boston Bruins 4-2 in regulation at Nassau Veterans Memorial Coliseum (New York).,NHL Official Stats REST API (api-web.nhle.com/v1)
204,2020020232,2020-2021,2020,Regular Season,Regular Season,2021-02-13,Saturday,00:00,Florida Panthers,Tampa Bay Lightning,Florida Panthers,Tampa Bay Lightning,FLA,TBL,1,6,7,5,Tampa Bay Lightning,Florida Panthers,Away Win (6-1),1-6,Regulation,No,No,BB&T Center,Florida,OFF,A. Vasilevskiy (Winning Goalie); M. Joseph (GWG Scorer),Tampa Bay Lightning defeated Florida Panthers 6-1 in regulation at BB&T Center (Florida).,NHL Official Stats REST API (api-web.nhle.com/v1)
205,2020020235,2020-2021,2020,Regular Season,Regular Season,2021-02-13,Saturday,00:00,Toronto Maple Leafs,Montréal Canadiens,Toronto Maple Leafs,Montréal Canadiens,TOR,MTL,1,2,3,1,Montréal Canadiens,Toronto Maple Leafs,Away Win (2-1),1-2,Regulation,No,No,Scotiabank Arena,Toronto,OFF,C. Price (Winning Goalie); B. Gallagher (GWG Scorer),Montréal Canadiens defeated Toronto Maple Leafs 2-1 in regulation at Scotiabank Arena (Toronto).,NHL Official Stats REST API (api-web.nhle.com/v1)
206,2020020233,2020-2021,2020,Regular Season,Regular Season,2021-02-13,Saturday,01:00,Chicago Blackhawks,Columbus Blue Jackets,Chicago Blackhawks,Columbus Blue Jackets,CHI,CBJ,3,2,5,1,Chicago Blackhawks,Columbus Blue Jackets,Home Win (3-2 OT),3-2,Overtime,Yes,No,United Center,Chicago,OFF,K. Lankinen (Winning Goalie); A. DeBrincat (GWG Scorer),Chicago Blackhawks defeated Columbus Blue Jackets 3-2 in overtime at United Center (Chicago).,NHL Official Stats REST API (api-web.nhle.com/v1)
207,2020020234,2020-2021,2020,Regular Season,Regular Season,2021-02-13,Saturday,01:00,Nashville Predators,Detroit Red Wings,Nashville Predators,Detroit Red Wings,NSH,DET,2,4,6,2,Detroit Red Wings,Nashville Predators,Away Win (4-2),2-4,Regulation,No,No,Bridgestone Arena,Nashville,OFF,J. Bernier (Winning Goalie); L. Glendening (GWG Scorer),Detroit Red Wings defeated Nashville Predators 4-2 in regulation at Bridgestone Arena (Nashville).,NHL Official Stats REST API (api-web.nhle.com/v1)
208,2020020238,2020-2021,2020,Regular Season,Regular Season,2021-02-13,Saturday,01:00,Dallas Stars,Carolina Hurricanes,Dallas Stars,Carolina Hurricanes,DAL,CAR,3,4,7,1,Carolina Hurricanes,Dallas Stars,Away Win (4-3 SO),3-4,Shootout,Yes,Yes,American Airlines Center,Dallas,OFF,A. Nedeljkovic (Winning Goalie),Carolina Hurricanes defeated Dallas Stars 4-3 in a shootout at American Airlines Center (Dallas).,NHL Official Stats REST API (api-web.nhle.com/v1)
209,2020020239,2020-2021,2020,Regular Season,Regular Season,2021-02-13,Saturday,01:00,Arizona Coyotes,St. Louis Blues,Arizona Coyotes,St. Louis Blues,ARI,STL,4,5,9,1,St. Louis Blues,Arizona Coyotes,Away Win (5-4 OT),4-5,Overtime,Yes,No,Gila River Arena,Arizona,OFF,V. Husso (Winning Goalie); M. Hoffman (GWG Scorer),St. Louis Blues defeated Arizona Coyotes 5-4 in overtime at Gila River Arena (Arizona).,NHL Official Stats REST API (api-web.nhle.com/v1)
210,2020020237,2020-2021,2020,Regular Season,Regular Season,2021-02-13,Saturday,03:00,Vancouver Canucks,Calgary Flames,Vancouver Canucks,Calgary Flames,VAN,CGY,3,1,4,2,Vancouver Canucks,Calgary Flames,Home Win (3-1),3-1,Regulation,No,No,Rogers Arena,Vancouver,OFF,T. Demko (Winning Goalie); T. Myers (GWG Scorer),Vancouver Canucks defeated Calgary Flames 3-1 in regulation at Rogers Arena (Vancouver).,NHL Official Stats REST API (api-web.nhle.com/v1)
211,2020020242,2020-2021,2020,Regular Season,Regular Season,2021-02-14,Sunday,20:00,Pittsburgh Penguins,Washington Capitals,Pittsburgh Penguins,Washington Capitals,PIT,WSH,6,3,9,3,Pittsburgh Penguins,Washington Capitals,Home Win (6-3),6-3,Regulation,No,No,PPG Paints Arena,Pittsburgh,OFF,T. Jarry (Winning Goalie); J. Guentzel (GWG Scorer),Pittsburgh Penguins defeated Washington Capitals 6-3 in regulation at PPG Paints Arena (Pittsburgh).,NHL Official Stats REST API (api-web.nhle.com/v1)
212,2020020243,2020-2021,2020,Regular Season,Regular Season,2021-02-14,Sunday,00:00,Vegas Golden Knights,Colorado Avalanche,Vegas Golden Knights,Colorado Avalanche,VGK,COL,1,0,1,1,Vegas Golden Knights,Colorado Avalanche,Home Win (1-0),1-0,Regulation,No,No,T-Mobile Arena,Vegas,OFF,M. Fleury (Winning Goalie); M. Pacioretty (GWG Scorer),Vegas Golden Knights defeated Colorado Avalanche 1-0 in regulation at T-Mobile Arena (Vegas).,NHL Official Stats REST API (api-web.nhle.com/v1)
213,2020020251,2020-2021,2020,Regular Season,Regular Season,2021-02-15,Monday,21:00,Arizona Coyotes,St. Louis Blues,Arizona Coyotes,St. Louis Blues,ARI,STL,1,0,1,1,Arizona Coyotes,St. Louis Blues,Home Win (1-0),1-0,Regulation,No,No,Gila River Arena,Arizona,OFF,D. Kuemper (Winning Goalie); C. Keller (GWG Scorer),Arizona Coyotes defeated St. Louis Blues 1-0 in regulation at Gila River Arena (Arizona).,NHL Official Stats REST API (api-web.nhle.com/v1)
214,2020020245,2020-2021,2020,Regular Season,Regular Season,2021-02-15,Monday,00:00,Buffalo Sabres,New York Islanders,Buffalo Sabres,New York Islanders,BUF,NYI,1,3,4,2,New York Islanders,Buffalo Sabres,Away Win (3-1),1-3,Regulation,No,No,KeyBank Center,Buffalo,OFF,S. Varlamov (Winning Goalie); J. Pageau (GWG Scorer),New York Islanders defeated Buffalo Sabres 3-1 in regulation at KeyBank Center (Buffalo).,NHL Official Stats REST API (api-web.nhle.com/v1)
215,2020020247,2020-2021,2020,Regular Season,Regular Season,2021-02-15,Monday,00:00,Toronto Maple Leafs,Ottawa Senators,Toronto Maple Leafs,Ottawa Senators,TOR,OTT,5,6,11,1,Ottawa Senators,Toronto Maple Leafs,Away Win (6-5 OT),5-6,Overtime,Yes,No,Scotiabank Arena,Toronto,OFF,M. Hogberg (Winning Goalie); E. Dadonov (GWG Scorer),Ottawa Senators defeated Toronto Maple Leafs 6-5 in overtime at Scotiabank Arena (Toronto).,NHL Official Stats REST API (api-web.nhle.com/v1)
216,2020020255,2020-2021,2020,Regular Season,Regular Season,2021-02-15,Monday,00:00,Carolina Hurricanes,Columbus Blue Jackets,Carolina Hurricanes,Columbus Blue Jackets,CAR,CBJ,7,3,10,4,Carolina Hurricanes,Columbus Blue Jackets,Home Win (7-3),7-3,Regulation,No,No,PNC Arena,Carolina,OFF,J. Reimer (Winning Goalie); T. Teravainen (GWG Scorer),Carolina Hurricanes defeated Columbus Blue Jackets 7-3 in regulation at PNC Arena (Carolina).,NHL Official Stats REST API (api-web.nhle.com/v1)
217,2020020256,2020-2021,2020,Regular Season,Regular Season,2021-02-15,Monday,00:00,Tampa Bay Lightning,Florida Panthers,Tampa Bay Lightning,Florida Panthers,TBL,FLA,4,6,10,2,Florida Panthers,Tampa Bay Lightning,Away Win (6-4),4-6,Regulation,No,No,Amalie Arena,Tampa Bay,OFF,C. Driedger (Winning Goalie); A. Barkov (GWG Scorer),Florida Panthers defeated Tampa Bay Lightning 6-4 in regulation at Amalie Arena (Tampa Bay).,NHL Official Stats REST API (api-web.nhle.com/v1)
218,2020020246,2020-2021,2020,Regular Season,Regular Season,2021-02-15,Monday,00:30,Detroit Red Wings,Chicago Blackhawks,Detroit Red Wings,Chicago Blackhawks,DET,CHI,2,3,5,1,Chicago Blackhawks,Detroit Red Wings,Away Win (3-2 OT),2-3,Overtime,Yes,No,Little Caesars Arena,Detroit,OFF,M. Subban (Winning Goalie); D. Kubalik (GWG Scorer),Chicago Blackhawks defeated Detroit Red Wings 3-2 in overtime at Little Caesars Arena (Detroit).,NHL Official Stats REST API (api-web.nhle.com/v1)
219,2020020248,2020-2021,2020,Regular Season,Regular Season,2021-02-15,Monday,02:00,Edmonton Oilers,Winnipeg Jets,Edmonton Oilers,Winnipeg Jets,EDM,WPG,5,6,11,1,Winnipeg Jets,Edmonton Oilers,Away Win (6-5),5-6,Regulation,No,No,Rogers Place,Edmonton,OFF,C. Hellebuyck (Winning Goalie); B. Wheeler (GWG Scorer),Winnipeg Jets defeated Edmonton Oilers 6-5 in regulation at Rogers Place (Edmonton).,NHL Official Stats REST API (api-web.nhle.com/v1)
220,2020020249,2020-2021,2020,Regular Season,Regular Season,2021-02-15,Monday,03:00,Vancouver Canucks,Calgary Flames,Vancouver Canucks,Calgary Flames,VAN,CGY,3,4,7,1,Calgary Flames,Vancouver Canucks,Away Win (4-3 OT),3-4,Overtime,Yes,No,Rogers Arena,Vancouver,OFF,J. Markstrom (Winning Goalie); J. Gaudreau (GWG Scorer),Calgary Flames defeated Vancouver Canucks 4-3 in overtime at Rogers Arena (Vancouver).,NHL Official Stats REST API (api-web.nhle.com/v1)
221,2020020252,2020-2021,2020,Regular Season,Regular Season,2021-02-15,Monday,03:30,San Jose Sharks,Anaheim Ducks,San Jose Sharks,Anaheim Ducks,SJS,ANA,3,2,5,1,San Jose Sharks,Anaheim Ducks,Home Win (3-2),3-2,Regulation,No,No,SAP Center at San Jose,San Jose,OFF,M. Jones (Winning Goalie); L. Couture (GWG Scorer),San Jose Sharks defeated Anaheim Ducks 3-2 in regulation at SAP Center at San Jose (San Jose).,NHL Official Stats REST API (api-web.nhle.com/v1)
222,2020020253,2020-2021,2020,Regular Season,Regular Season,2021-02-16,Tuesday,00:00,Buffalo Sabres,New York Islanders,Buffalo Sabres,New York Islanders,BUF,NYI,0,3,3,3,New York Islanders,Buffalo Sabres,Away Win (3-0),0-3,Regulation,No,No,KeyBank Center,Buffalo,OFF,I. Sorokin (Winning Goalie); A. Lee (GWG Scorer),New York Islanders defeated Buffalo Sabres 3-0 in regulation at KeyBank Center (Buffalo).,NHL Official Stats REST API (api-web.nhle.com/v1)
223,2020020257,2020-2021,2020,Regular Season,Regular Season,2021-02-16,Tuesday,00:00,Pittsburgh Penguins,Washington Capitals,Pittsburgh Penguins,Washington Capitals,PIT,WSH,1,3,4,2,Washington Capitals,Pittsburgh Penguins,Away Win (3-1),1-3,Regulation,No,No,PPG Paints Arena,Pittsburgh,OFF,V. Vanecek (Winning Goalie); J. Vrana (GWG Scorer),Washington Capitals defeated Pittsburgh Penguins 3-1 in regulation at PPG Paints Arena (Pittsburgh).,NHL Official Stats REST API (api-web.nhle.com/v1)
224,2020020364,2020-2021,2020,Regular Season,Regular Season,2021-02-16,Tuesday,00:00,New York Rangers,New Jersey Devils,New York Rangers,New Jersey Devils,NYR,NJD,2,5,7,3,New Jersey Devils,New York Rangers,Away Win (5-2),2-5,Regulation,No,No,Madison Square Garden,New York,OFF,M. Blackwood (Winning Goalie); Y. Sharangovich (GWG Scorer),New Jersey Devils defeated New York Rangers 5-2 in regulation at Madison Square Garden (New York).,NHL Official Stats REST API (api-web.nhle.com/v1)
225,2020020259,2020-2021,2020,Regular Season,Regular Season,2021-02-16,Tuesday,03:00,Vegas Golden Knights,Colorado Avalanche,Vegas Golden Knights,Colorado Avalanche,VGK,COL,2,3,5,1,Colorado Avalanche,Vegas Golden Knights,Away Win (3-2),2-3,Regulation,No,No,T-Mobile Arena,Vegas,OFF,P. Grubauer (Winning Goalie); N. Kadri (GWG Scorer),Colorado Avalanche defeated Vegas Golden Knights 3-2 in regulation at T-Mobile Arena (Vegas).,NHL Official Stats REST API (api-web.nhle.com/v1)
226,2020020260,2020-2021,2020,Regular Season,Regular Season,2021-02-16,Tuesday,03:00,Los Angeles Kings,Minnesota Wild,Los Angeles Kings,Minnesota Wild,LAK,MIN,4,0,4,4,Los Angeles Kings,Minnesota Wild,Home Win (4-0),4-0,Regulation,No,No,STAPLES Center,Los Angeles,OFF,J. Quick (Winning Goalie); J. Anderson-Dolan (GWG Scorer),Los Angeles Kings defeated Minnesota Wild 4-0 in regulation at STAPLES Center (Los Angeles).,NHL Official Stats REST API (api-web.nhle.com/v1)
227,2020020062,2020-2021,2020,Regular Season,Regular Season,2021-02-17,Wednesday,22:00,Carolina Hurricanes,Florida Panthers,Carolina Hurricanes,Florida Panthers,CAR,FLA,3,4,7,1,Florida Panthers,Carolina Hurricanes,Away Win (4-3 OT),3-4,Overtime,Yes,No,PNC Arena,Carolina,OFF,C. Driedger (Winning Goalie); J. Huberdeau (GWG Scorer),Florida Panthers defeated Carolina Hurricanes 4-3 in overtime at PNC Arena (Carolina).,NHL Official Stats REST API (api-web.nhle.com/v1)
228,2020020262,2020-2021,2020,Regular Season,Regular Season,2021-02-17,Wednesday,00:00,Toronto Maple Leafs,Ottawa Senators,Toronto Maple Leafs,Ottawa Senators,TOR,OTT,2,1,3,1,Toronto Maple Leafs,Ottawa Senators,Home Win (2-1),2-1,Regulation,No,No,Scotiabank Arena,Toronto,OFF,F. Andersen (Winning Goalie); A. Kerfoot (GWG Scorer),Toronto Maple Leafs defeated Ottawa Senators 2-1 in regulation at Scotiabank Arena (Toronto).,NHL Official Stats REST API (api-web.nhle.com/v1)
229,2020020261,2020-2021,2020,Regular Season,Regular Season,2021-02-17,Wednesday,00:30,Detroit Red Wings,Chicago Blackhawks,Detroit Red Wings,Chicago Blackhawks,DET,CHI,0,2,2,2,Chicago Blackhawks,Detroit Red Wings,Away Win (2-0),0-2,Regulation,No,No,Little Caesars Arena,Detroit,OFF,K. Lankinen (Winning Goalie); P. Kurashev (GWG Scorer),Chicago Blackhawks defeated Detroit Red Wings 2-0 in regulation at Little Caesars Arena (Detroit).,NHL Official Stats REST API (api-web.nhle.com/v1)
230,2020020263,2020-2021,2020,Regular Season,Regular Season,2021-02-17,Wednesday,03:00,Calgary Flames,Vancouver Canucks,Calgary Flames,Vancouver Canucks,CGY,VAN,1,5,6,4,Vancouver Canucks,Calgary Flames,Away Win (5-1),1-5,Regulation,No,No,Scotiabank Saddledome,Calgary,OFF,B. Holtby (Winning Goalie); B. Horvat (GWG Scorer),Vancouver Canucks defeated Calgary Flames 5-1 in regulation at Scotiabank Saddledome (Calgary).,NHL Official Stats REST API (api-web.nhle.com/v1)
231,2020020264,2020-2021,2020,Regular Season,Regular Season,2021-02-17,Wednesday,03:00,Edmonton Oilers,Winnipeg Jets,Edmonton Oilers,Winnipeg Jets,EDM,WPG,3,2,5,1,Edmonton Oilers,Winnipeg Jets,Home Win (3-2),3-2,Regulation,No,No,Rogers Place,Edmonton,OFF,M. Smith (Winning Goalie); L. Draisaitl (GWG Scorer),Edmonton Oilers defeated Winnipeg Jets 3-2 in regulation at Rogers Place (Edmonton).,NHL Official Stats REST API (api-web.nhle.com/v1)
232,2020020265,2020-2021,2020,Regular Season,Regular Season,2021-02-18,Thursday,00:00,Boston Bruins,New Jersey Devils,Boston Bruins,New Jersey Devils,BOS,NJD,2,3,5,1,New Jersey Devils,Boston Bruins,Away Win (3-2),2-3,Regulation,No,No,TD Garden,Boston,OFF,M. Blackwood (Winning Goalie); P. Zacha (GWG Scorer),New Jersey Devils defeated Boston Bruins 3-2 in regulation at TD Garden (Boston).,NHL Official Stats REST API (api-web.nhle.com/v1)
233,2020020266,2020-2021,2020,Regular Season,Regular Season,2021-02-18,Thursday,00:00,Philadelphia Flyers,New York Rangers,Philadelphia Flyers,New York Rangers,PHI,NYR,2,3,5,1,New York Rangers,Philadelphia Flyers,Away Win (3-2 SO),2-3,Shootout,Yes,Yes,Wells Fargo Center,Philadelphia,OFF,A. Georgiev (Winning Goalie),New York Rangers defeated Philadelphia Flyers 3-2 in a shootout at Wells Fargo Center (Philadelphia).,NHL Official Stats REST API (api-web.nhle.com/v1)
234,2020020267,2020-2021,2020,Regular Season,Regular Season,2021-02-18,Thursday,00:00,Pittsburgh Penguins,New York Islanders,Pittsburgh Penguins,New York Islanders,PIT,NYI,4,1,5,3,Pittsburgh Penguins,New York Islanders,Home Win (4-1),4-1,Regulation,No,No,PPG Paints Arena,Pittsburgh,OFF,T. Jarry (Winning Goalie); T. Blueger (GWG Scorer),Pittsburgh Penguins defeated New York Islanders 4-1 in regulation at PPG Paints Arena (Pittsburgh).,NHL Official Stats REST API (api-web.nhle.com/v1)
235,2020020268,2020-2021,2020,Regular Season,Regular Season,2021-02-18,Thursday,00:00,Columbus Blue Jackets,Nashville Predators,Columbus Blue Jackets,Nashville Predators,CBJ,NSH,3,0,3,3,Columbus Blue Jackets,Nashville Predators,Home Win (3-0),3-0,Regulation,No,No,Nationwide Arena,Columbus,OFF,E. Merzlikins (Winning Goalie); C. Atkinson (GWG Scorer),Columbus Blue Jackets defeated Nashville Predators 3-0 in regulation at Nationwide Arena (Columbus).,NHL Official Stats REST API (api-web.nhle.com/v1)
236,2020020270,2020-2021,2020,Regular Season,Regular Season,2021-02-18,Thursday,00:00,Toronto Maple Leafs,Ottawa Senators,Toronto Maple Leafs,Ottawa Senators,TOR,OTT,7,3,10,4,Toronto Maple Leafs,Ottawa Senators,Home Win (7-3),7-3,Regulation,No,No,Scotiabank Arena,Toronto,OFF,M. Hutchinson (Winning Goalie); I. Mikheyev (GWG Scorer),Toronto Maple Leafs defeated Ottawa Senators 7-3 in regulation at Scotiabank Arena (Toronto).,NHL Official Stats REST API (api-web.nhle.com/v1)
237,2020020667,2020-2021,2020,Regular Season,Regular Season,2021-02-18,Thursday,00:00,Washington Capitals,Buffalo Sabres,Washington Capitals,Buffalo Sabres,WSH,BUF,3,1,4,2,Washington Capitals,Buffalo Sabres,Home Win (3-1),3-1,Regulation,No,No,Capital One Arena,Washington,OFF,V. Vanecek (Winning Goalie); T. Wilson (GWG Scorer),Washington Capitals defeated Buffalo Sabres 3-1 in regulation at Capital One Arena (Washington).,NHL Official Stats REST API (api-web.nhle.com/v1)
238,2020020269,2020-2021,2020,Regular Season,Regular Season,2021-02-18,Thursday,01:00,St. Louis Blues,San Jose Sharks,St. Louis Blues,San Jose Sharks,STL,SJS,3,2,5,1,St. Louis Blues,San Jose Sharks,Home Win (3-2 OT),3-2,Overtime,Yes,No,Enterprise Center,St. Louis,OFF,J. Binnington (Winning Goalie); D. Perron (GWG Scorer),St. Louis Blues defeated San Jose Sharks 3-2 in overtime at Enterprise Center (St. Louis).,NHL Official Stats REST API (api-web.nhle.com/v1)
239,2020020272,2020-2021,2020,Regular Season,Regular Season,2021-02-18,Thursday,02:00,Arizona Coyotes,Los Angeles Kings,Arizona Coyotes,Los Angeles Kings,ARI,LAK,2,3,5,1,Los Angeles Kings,Arizona Coyotes,Away Win (3-2 SO),2-3,Shootout,Yes,Yes,Gila River Arena,Arizona,OFF,J. Quick (Winning Goalie),Los Angeles Kings defeated Arizona Coyotes 3-2 in a shootout at Gila River Arena (Arizona).,NHL Official Stats REST API (api-web.nhle.com/v1)
240,2020020273,2020-2021,2020,Regular Season,Regular Season,2021-02-18,Thursday,03:00,Anaheim Ducks,Minnesota Wild,Anaheim Ducks,Minnesota Wild,ANA,MIN,1,3,4,2,Minnesota Wild,Anaheim Ducks,Away Win (3-1),1-3,Regulation,No,No,Honda Center,Anaheim,OFF,K. Kahkonen (Winning Goalie); K. Fiala (GWG Scorer),Minnesota Wild defeated Anaheim Ducks 3-1 in regulation at Honda Center (Anaheim).,NHL Official Stats REST API (api-web.nhle.com/v1)
241,2020020274,2020-2021,2020,Regular Season,Regular Season,2021-02-19,Friday,00:00,Carolina Hurricanes,Chicago Blackhawks,Carolina Hurricanes,Chicago Blackhawks,CAR,CHI,5,3,8,2,Carolina Hurricanes,Chicago Blackhawks,Home Win (5-3),5-3,Regulation,No,No,PNC Arena,Carolina,OFF,J. Reimer (Winning Goalie); N. Niederreiter (GWG Scorer),Carolina Hurricanes defeated Chicago Blackhawks 5-3 in regulation at PNC Arena (Carolina).,NHL Official Stats REST API (api-web.nhle.com/v1)
242,2020020275,2020-2021,2020,Regular Season,Regular Season,2021-02-19,Friday,00:00,Detroit Red Wings,Florida Panthers,Detroit Red Wings,Florida Panthers,DET,FLA,2,7,9,5,Florida Panthers,Detroit Red Wings,Away Win (7-2),2-7,Regulation,No,No,Little Caesars Arena,Detroit,OFF,C. Driedger (Winning Goalie); P. Hornqvist (GWG Scorer),Florida Panthers defeated Detroit Red Wings 7-2 in regulation at Little Caesars Arena (Detroit).,NHL Official Stats REST API (api-web.nhle.com/v1)
243,2020020276,2020-2021,2020,Regular Season,Regular Season,2021-02-19,Friday,02:00,Calgary Flames,Edmonton Oilers,Calgary Flames,Edmonton Oilers,CGY,EDM,1,2,3,1,Edmonton Oilers,Calgary Flames,Away Win (2-1),1-2,Regulation,No,No,Scotiabank Saddledome,Calgary,OFF,M. Smith (Winning Goalie); G. Haas (GWG Scorer),Edmonton Oilers defeated Calgary Flames 2-1 in regulation at Scotiabank Saddledome (Calgary).,NHL Official Stats REST API (api-web.nhle.com/v1)
244,2020020277,2020-2021,2020,Regular Season,Regular Season,2021-02-19,Friday,03:00,Vancouver Canucks,Winnipeg Jets,Vancouver Canucks,Winnipeg Jets,VAN,WPG,0,2,2,2,Winnipeg Jets,Vancouver Canucks,Away Win (2-0),0-2,Regulation,No,No,Rogers Arena,Vancouver,OFF,L. Brossoit (Winning Goalie); M. Scheifele (GWG Scorer),Winnipeg Jets defeated Vancouver Canucks 2-0 in regulation at Rogers Arena (Vancouver).,NHL Official Stats REST API (api-web.nhle.com/v1)
245,2020020278,2020-2021,2020,Regular Season,Regular Season,2021-02-20,Saturday,17:30,New Jersey Devils,Buffalo Sabres,New Jersey Devils,Buffalo Sabres,NJD,BUF,2,3,5,1,Buffalo Sabres,New Jersey Devils,Away Win (3-2),2-3,Regulation,No,No,Prudential Center,New Jersey,OFF,L. Ullmark (Winning Goalie); S. Reinhart (GWG Scorer),Buffalo Sabres defeated New Jersey Devils 3-2 in regulation at Prudential Center (New Jersey).,NHL Official Stats REST API (api-web.nhle.com/v1)
246,2020020279,2020-2021,2020,Regular Season,Regular Season,2021-02-20,Saturday,17:30,Washington Capitals,New York Rangers,Washington Capitals,New York Rangers,WSH,NYR,1,4,5,3,New York Rangers,Washington Capitals,Away Win (4-1),1-4,Regulation,No,No,Capital One Arena,Washington,OFF,I. Shesterkin (Winning Goalie); A. Lafrenière (GWG Scorer),New York Rangers defeated Washington Capitals 4-1 in regulation at Capital One Arena (Washington).,NHL Official Stats REST API (api-web.nhle.com/v1)
247,2020020287,2020-2021,2020,Regular Season,Regular Season,2021-02-20,Saturday,20:00,Colorado Avalanche,Vegas Golden Knights,Colorado Avalanche,Vegas Golden Knights,COL,VGK,3,2,5,1,Colorado Avalanche,Vegas Golden Knights,Home Win (3-2),3-2,Regulation,No,No,Edgewood Tahoe Resort,Colorado,OFF,P. Grubauer (Winning Goalie); D. Toews (GWG Scorer),Colorado Avalanche defeated Vegas Golden Knights 3-2 in regulation at Edgewood Tahoe Resort (Colorado).,NHL Official Stats REST API (api-web.nhle.com/v1)
248,2020020292,2020-2021,2020,Regular Season,Regular Season,2021-02-20,Saturday,22:00,Detroit Red Wings,Florida Panthers,Detroit Red Wings,Florida Panthers,DET,FLA,2,1,3,1,Detroit Red Wings,Florida Panthers,Home Win (2-1),2-1,Regulation,No,No,Little Caesars Arena,Detroit,OFF,J. Bernier (Winning Goalie); M. Brome (GWG Scorer),Detroit Red Wings defeated Florida Panthers 2-1 in regulation at Little Caesars Arena (Detroit).,NHL Official Stats REST API (api-web.nhle.com/v1)
249,2020020281,2020-2021,2020,Regular Season,Regular Season,2021-02-20,Saturday,00:00,Pittsburgh Penguins,New York Islanders,Pittsburgh Penguins,New York Islanders,PIT,NYI,3,2,5,1,Pittsburgh Penguins,New York Islanders,Home Win (3-2),3-2,Regulation,No,No,PPG Paints Arena,Pittsburgh,OFF,T. Jarry (Winning Goalie); K. Letang (GWG Scorer),Pittsburgh Penguins defeated New York Islanders 3-2 in regulation at PPG Paints Arena (Pittsburgh).,NHL Official Stats REST API (api-web.nhle.com/v1)
250,2020020282,2020-2021,2020,Regular Season,Regular Season,2021-02-20,Saturday,00:00,Columbus Blue Jackets,Nashville Predators,Columbus Blue Jackets,Nashville Predators,CBJ,NSH,2,4,6,2,Nashville Predators,Columbus Blue Jackets,Away Win (4-2),2-4,Regulation,No,No,Nationwide Arena,Columbus,OFF,P. Rinne (Winning Goalie); C. Jarnkrok (GWG Scorer),Nashville Predators defeated Columbus Blue Jackets 4-2 in regulation at Nationwide Arena (Columbus).,NHL Official Stats REST API (api-web.nhle.com/v1)
251,2020020283,2020-2021,2020,Regular Season,Regular Season,2021-02-20,Saturday,00:00,St. Louis Blues,San Jose Sharks,St. Louis Blues,San Jose Sharks,STL,SJS,4,5,9,1,San Jose Sharks,St. Louis Blues,Away Win (5-4),4-5,Regulation,No,No,Enterprise Center,St. Louis,OFF,D. Dubnyk (Winning Goalie); L. Couture (GWG Scorer),San Jose Sharks defeated St. Louis Blues 5-4 in regulation at Enterprise Center (St. Louis).,NHL Official Stats REST API (api-web.nhle.com/v1)
252,2020020284,2020-2021,2020,Regular Season,Regular Season,2021-02-20,Saturday,00:00,Montréal Canadiens,Toronto Maple Leafs,Montréal Canadiens,Toronto Maple Leafs,MTL,TOR,3,5,8,2,Toronto Maple Leafs,Montréal Canadiens,Away Win (5-3),3-5,Regulation,No,No,Centre Bell,Montréal,OFF,F. Andersen (Winning Goalie); A. Matthews (GWG Scorer),Toronto Maple Leafs defeated Montréal Canadiens 5-3 in regulation at Centre Bell (Montréal).,NHL Official Stats REST API (api-web.nhle.com/v1)
253,2020020288,2020-2021,2020,Regular Season,Regular Season,2021-02-20,Saturday,00:00,Arizona Coyotes,Los Angeles Kings,Arizona Coyotes,Los Angeles Kings,ARI,LAK,2,4,6,2,Los Angeles Kings,Arizona Coyotes,Away Win (4-2),2-4,Regulation,No,No,Gila River Arena,Arizona,OFF,C. Petersen (Winning Goalie); G. Vilardi (GWG Scorer),Los Angeles Kings defeated Arizona Coyotes 4-2 in regulation at Gila River Arena (Arizona).,NHL Official Stats REST API (api-web.nhle.com/v1)
254,2020020543,2020-2021,2020,Regular Season,Regular Season,2021-02-20,Saturday,00:00,Carolina Hurricanes,Tampa Bay Lightning,Carolina Hurricanes,Tampa Bay Lightning,CAR,TBL,4,0,4,4,Carolina Hurricanes,Tampa Bay Lightning,Home Win (4-0),4-0,Regulation,No,No,PNC Arena,Carolina,OFF,A. Nedeljkovic (Winning Goalie); V. Trocheck (GWG Scorer),Carolina Hurricanes defeated Tampa Bay Lightning 4-0 in regulation at PNC Arena (Carolina).,NHL Official Stats REST API (api-web.nhle.com/v1)
255,2020020289,2020-2021,2020,Regular Season,Regular Season,2021-02-20,Saturday,02:00,Anaheim Ducks,Minnesota Wild,Anaheim Ducks,Minnesota Wild,ANA,MIN,1,5,6,4,Minnesota Wild,Anaheim Ducks,Away Win (5-1),1-5,Regulation,No,No,Honda Center,Anaheim,OFF,K. Kahkonen (Winning Goalie); K. Fiala (GWG Scorer),Minnesota Wild defeated Anaheim Ducks 5-1 in regulation at Honda Center (Anaheim).,NHL Official Stats REST API (api-web.nhle.com/v1)
256,2020020285,2020-2021,2020,Regular Season,Regular Season,2021-02-20,Saturday,03:00,Edmonton Oilers,Calgary Flames,Edmonton Oilers,Calgary Flames,EDM,CGY,7,1,8,6,Edmonton Oilers,Calgary Flames,Home Win (7-1),7-1,Regulation,No,No,Rogers Place,Edmonton,OFF,M. Koskinen (Winning Goalie); R. Nugent-Hopkins (GWG Scorer),Edmonton Oilers defeated Calgary Flames 7-1 in regulation at Rogers Place (Edmonton).,NHL Official Stats REST API (api-web.nhle.com/v1)
257,2020020392,2020-2021,2020,Regular Season,Regular Season,2021-02-21,Sunday,19:00,Washington Capitals,New Jersey Devils,Washington Capitals,New Jersey Devils,WSH,NJD,4,3,7,1,Washington Capitals,New Jersey Devils,Home Win (4-3),4-3,Regulation,No,No,Capital One Arena,Washington,OFF,C. Anderson (Winning Goalie); A. Ovechkin (GWG Scorer),Washington Capitals defeated New Jersey Devils 4-3 in regulation at Capital One Arena (Washington).,NHL Official Stats REST API (api-web.nhle.com/v1)
258,2020020293,2020-2021,2020,Regular Season,Regular Season,2021-02-21,Sunday,00:00,Ottawa Senators,Montréal Canadiens,Ottawa Senators,Montréal Canadiens,OTT,MTL,3,2,5,1,Ottawa Senators,Montréal Canadiens,Home Win (3-2 OT),3-2,Overtime,Yes,No,Canadian Tire Centre,Ottawa,OFF,M. Murray (Winning Goalie); B. Tkachuk (GWG Scorer),Ottawa Senators defeated Montréal Canadiens 3-2 in overtime at Canadian Tire Centre (Ottawa).,NHL Official Stats REST API (api-web.nhle.com/v1)
259,2020020290,2020-2021,2020,Regular Season,Regular Season,2021-02-21,Sunday,00:30,Boston Bruins,Philadelphia Flyers,Boston Bruins,Philadelphia Flyers,BOS,PHI,7,3,10,4,Boston Bruins,Philadelphia Flyers,Home Win (7-3),7-3,Regulation,No,No,Edgewood Tahoe Resort,Boston,OFF,T. Rask (Winning Goalie); C. Coyle (GWG Scorer),Boston Bruins defeated Philadelphia Flyers 7-3 in regulation at Edgewood Tahoe Resort (Boston).,NHL Official Stats REST API (api-web.nhle.com/v1)
260,2020020294,2020-2021,2020,Regular Season,Regular Season,2021-02-21,Sunday,03:00,Vancouver Canucks,Winnipeg Jets,Vancouver Canucks,Winnipeg Jets,VAN,WPG,3,4,7,1,Winnipeg Jets,Vancouver Canucks,Away Win (4-3 OT),3-4,Overtime,Yes,No,Rogers Arena,Vancouver,OFF,C. Hellebuyck (Winning Goalie); P. Dubois (GWG Scorer),Winnipeg Jets defeated Vancouver Canucks 4-3 in overtime at Rogers Arena (Vancouver).,NHL Official Stats REST API (api-web.nhle.com/v1)
261,2020020009,2020-2021,2020,Regular Season,Regular Season,2021-02-22,Monday,00:00,Florida Panthers,Dallas Stars,Florida Panthers,Dallas Stars,FLA,DAL,3,1,4,2,Florida Panthers,Dallas Stars,Home Win (3-1),3-1,Regulation,No,No,BB&T Center,Florida,OFF,C. Driedger (Winning Goalie); K. Yandle (GWG Scorer),Florida Panthers defeated Dallas Stars 3-1 in regulation at BB&T Center (Florida).,NHL Official Stats REST API (api-web.nhle.com/v1)
262,2020020097,2020-2021,2020,Regular Season,Regular Season,2021-02-22,Monday,00:00,Carolina Hurricanes,Tampa Bay Lightning,Carolina Hurricanes,Tampa Bay Lightning,CAR,TBL,2,4,6,2,Tampa Bay Lightning,Carolina Hurricanes,Away Win (4-2),2-4,Regulation,No,No,PNC Arena,Carolina,OFF,A. Vasilevskiy (Winning Goalie); O. Palat (GWG Scorer),Tampa Bay Lightning defeated Carolina Hurricanes 4-2 in regulation at PNC Arena (Carolina).,NHL Official Stats REST API (api-web.nhle.com/v1)
263,2020020150,2020-2021,2020,Regular Season,Regular Season,2021-02-22,Monday,00:00,New York Islanders,Buffalo Sabres,New York Islanders,Buffalo Sabres,NYI,BUF,3,2,5,1,New York Islanders,Buffalo Sabres,Home Win (3-2),3-2,Regulation,No,No,Nassau Veterans Memorial Coliseum,New York,OFF,S. Varlamov (Winning Goalie); J. Pageau (GWG Scorer),New York Islanders defeated Buffalo Sabres 3-2 in regulation at Nassau Veterans Memorial Coliseum (New York).,NHL Official Stats REST API (api-web.nhle.com/v1)
264,2020020298,2020-2021,2020,Regular Season,Regular Season,2021-02-22,Monday,00:00,Toronto Maple Leafs,Calgary Flames,Toronto Maple Leafs,Calgary Flames,TOR,CGY,0,3,3,3,Calgary Flames,Toronto Maple Leafs,Away Win (3-0),0-3,Regulation,No,No,Scotiabank Arena,Toronto,OFF,D. Rittich (Winning Goalie); S. Bennett (GWG Scorer),Calgary Flames defeated Toronto Maple Leafs 3-0 in regulation at Scotiabank Arena (Toronto).,NHL Official Stats REST API (api-web.nhle.com/v1)
265,2020020297,2020-2021,2020,Regular Season,Regular Season,2021-02-22,Monday,01:00,St. Louis Blues,Los Angeles Kings,St. Louis Blues,Los Angeles Kings,STL,LAK,0,3,3,3,Los Angeles Kings,St. Louis Blues,Away Win (3-0),0-3,Regulation,No,No,Enterprise Center,St. Louis,OFF,J. Quick (Winning Goalie); G. Vilardi (GWG Scorer),Los Angeles Kings defeated St. Louis Blues 3-0 in regulation at Enterprise Center (St. Louis).,NHL Official Stats REST API (api-web.nhle.com/v1)
266,2020020299,2020-2021,2020,Regular Season,Regular Season,2021-02-22,Monday,02:00,Colorado Avalanche,Vegas Golden Knights,Colorado Avalanche,Vegas Golden Knights,COL,VGK,0,3,3,3,Vegas Golden Knights,Colorado Avalanche,Away Win (3-0),0-3,Regulation,No,No,Ball Arena,Colorado,OFF,M. Fleury (Winning Goalie); A. Tuch (GWG Scorer),Vegas Golden Knights defeated Colorado Avalanche 3-0 in regulation at Ball Arena (Colorado).,NHL Official Stats REST API (api-web.nhle.com/v1)
267,2020020300,2020-2021,2020,Regular Season,Regular Season,2021-02-22,Monday,02:00,Arizona Coyotes,Anaheim Ducks,Arizona Coyotes,Anaheim Ducks,ARI,ANA,4,3,7,1,Arizona Coyotes,Anaheim Ducks,Home Win (4-3),4-3,Regulation,No,No,Gila River Arena,Arizona,OFF,D. Kuemper (Winning Goalie); C. Dvorak (GWG Scorer),Arizona Coyotes defeated Anaheim Ducks 4-3 in regulation at Gila River Arena (Arizona).,NHL Official Stats REST API (api-web.nhle.com/v1)
268,2020020743,2020-2021,2020,Regular Season,Regular Season,2021-02-22,Monday,03:30,San Jose Sharks,Minnesota Wild,San Jose Sharks,Minnesota Wild,SJS,MIN,2,6,8,4,Minnesota Wild,San Jose Sharks,Away Win (6-2),2-6,Regulation,No,No,SAP Center at San Jose,San Jose,OFF,K. Kahkonen (Winning Goalie); I. Cole (GWG Scorer),Minnesota Wild defeated San Jose Sharks 6-2 in regulation at SAP Center at San Jose (San Jose).,NHL Official Stats REST API (api-web.nhle.com/v1)
269,2020020295,2020-2021,2020,Regular Season,Regular Season,2021-02-23,Tuesday,00:00,New Jersey Devils,Buffalo Sabres,New Jersey Devils,Buffalo Sabres,NJD,BUF,1,4,5,3,Buffalo Sabres,New Jersey Devils,Away Win (4-1),1-4,Regulation,No,No,Prudential Center,New Jersey,OFF,L. Ullmark (Winning Goalie); R. Asplund (GWG Scorer),Buffalo Sabres defeated New Jersey Devils 4-1 in regulation at Prudential Center (New Jersey).,NHL Official Stats REST API (api-web.nhle.com/v1)
270,2020020302,2020-2021,2020,Regular Season,Regular Season,2021-02-23,Tuesday,00:00,Washington Capitals,Pittsburgh Penguins,Washington Capitals,Pittsburgh Penguins,WSH,PIT,2,3,5,1,Pittsburgh Penguins,Washington Capitals,Away Win (3-2 OT),2-3,Overtime,Yes,No,Capital One Arena,Washington,OFF,T. Jarry (Winning Goalie); K. Kapanen (GWG Scorer),Pittsburgh Penguins defeated Washington Capitals 3-2 in overtime at Capital One Arena (Washington).,NHL Official Stats REST API (api-web.nhle.com/v1)
271,2020020304,2020-2021,2020,Regular Season,Regular Season,2021-02-23,Tuesday,00:00,Columbus Blue Jackets,Chicago Blackhawks,Columbus Blue Jackets,Chicago Blackhawks,CBJ,CHI,5,6,11,1,Chicago Blackhawks,Columbus Blue Jackets,Away Win (6-5 SO),5-6,Shootout,Yes,Yes,Nationwide Arena,Columbus,OFF,K. Lankinen (Winning Goalie),Chicago Blackhawks defeated Columbus Blue Jackets 6-5 in a shootout at Nationwide Arena (Columbus).,NHL Official Stats REST API (api-web.nhle.com/v1)
272,2020020306,2020-2021,2020,Regular Season,Regular Season,2021-02-23,Tuesday,00:00,Ottawa Senators,Montréal Canadiens,Ottawa Senators,Montréal Canadiens,OTT,MTL,5,4,9,1,Ottawa Senators,Montréal Canadiens,Home Win (5-4 SO),5-4,Shootout,Yes,Yes,Canadian Tire Centre,Ottawa,OFF,M. Murray (Winning Goalie),Ottawa Senators defeated Montréal Canadiens 5-4 in a shootout at Canadian Tire Centre (Ottawa).,NHL Official Stats REST API (api-web.nhle.com/v1)
273,2020020305,2020-2021,2020,Regular Season,Regular Season,2021-02-23,Tuesday,00:30,Detroit Red Wings,Nashville Predators,Detroit Red Wings,Nashville Predators,DET,NSH,0,2,2,2,Nashville Predators,Detroit Red Wings,Away Win (2-0),0-2,Regulation,No,No,Little Caesars Arena,Detroit,OFF,P. Rinne (Winning Goalie); F. Forsberg (GWG Scorer),Nashville Predators defeated Detroit Red Wings 2-0 in regulation at Little Caesars Arena (Detroit).,NHL Official Stats REST API (api-web.nhle.com/v1)
274,2020020307,2020-2021,2020,Regular Season,Regular Season,2021-02-23,Tuesday,03:00,Vancouver Canucks,Edmonton Oilers,Vancouver Canucks,Edmonton Oilers,VAN,EDM,3,4,7,1,Edmonton Oilers,Vancouver Canucks,Away Win (4-3),3-4,Regulation,No,No,Rogers Arena,Vancouver,OFF,M. Smith (Winning Goalie); T. Ennis (GWG Scorer),Edmonton Oilers defeated Vancouver Canucks 4-3 in regulation at Rogers Arena (Vancouver).,NHL Official Stats REST API (api-web.nhle.com/v1)
275,2020020296,2020-2021,2020,Regular Season,Regular Season,2021-02-24,Wednesday,22:00,Tampa Bay Lightning,Carolina Hurricanes,Tampa Bay Lightning,Carolina Hurricanes,TBL,CAR,3,0,3,3,Tampa Bay Lightning,Carolina Hurricanes,Home Win (3-0),3-0,Regulation,No,No,Amalie Arena,Tampa Bay,OFF,A. Vasilevskiy (Winning Goalie); R. Colton (GWG Scorer),Tampa Bay Lightning defeated Carolina Hurricanes 3-0 in regulation at Amalie Arena (Tampa Bay).,NHL Official Stats REST API (api-web.nhle.com/v1)
276,2020020303,2020-2021,2020,Regular Season,Regular Season,2021-02-24,Wednesday,22:00,Florida Panthers,Dallas Stars,Florida Panthers,Dallas Stars,FLA,DAL,0,3,3,3,Dallas Stars,Florida Panthers,Away Win (3-0),0-3,Regulation,No,No,BB&T Center,Florida,OFF,A. Khudobin (Winning Goalie); J. Klingberg (GWG Scorer),Dallas Stars defeated Florida Panthers 3-0 in regulation at BB&T Center (Florida).,NHL Official Stats REST API (api-web.nhle.com/v1)
277,2020020308,2020-2021,2020,Regular Season,Regular Season,2021-02-24,Wednesday,00:00,Philadelphia Flyers,New York Rangers,Philadelphia Flyers,New York Rangers,PHI,NYR,4,3,7,1,Philadelphia Flyers,New York Rangers,Home Win (4-3),4-3,Regulation,No,No,Wells Fargo Center,Philadelphia,OFF,B. Elliott (Winning Goalie); K. Hayes (GWG Scorer),Philadelphia Flyers defeated New York Rangers 4-3 in regulation at Wells Fargo Center (Philadelphia).,NHL Official Stats REST API (api-web.nhle.com/v1)
278,2020020310,2020-2021,2020,Regular Season,Regular Season,2021-02-24,Wednesday,00:00,Toronto Maple Leafs,Calgary Flames,Toronto Maple Leafs,Calgary Flames,TOR,CGY,2,1,3,1,Toronto Maple Leafs,Calgary Flames,Home Win (2-1 OT),2-1,Overtime,Yes,No,Scotiabank Arena,Toronto,OFF,M. Hutchinson (Winning Goalie); W. Nylander (GWG Scorer),Toronto Maple Leafs defeated Calgary Flames 2-1 in overtime at Scotiabank Arena (Toronto).,NHL Official Stats REST API (api-web.nhle.com/v1)
279,2020020173,2020-2021,2020,Regular Season,Regular Season,2021-02-24,Wednesday,02:00,Colorado Avalanche,Minnesota Wild,Colorado Avalanche,Minnesota Wild,COL,MIN,2,6,8,4,Minnesota Wild,Colorado Avalanche,Away Win (6-2),2-6,Regulation,No,No,Ball Arena,Colorado,OFF,K. Kahkonen (Winning Goalie); M. Foligno (GWG Scorer),Minnesota Wild defeated Colorado Avalanche 6-2 in regulation at Ball Arena (Colorado).,NHL Official Stats REST API (api-web.nhle.com/v1)
280,2020020311,2020-2021,2020,Regular Season,Regular Season,2021-02-24,Wednesday,02:00,Arizona Coyotes,Anaheim Ducks,Arizona Coyotes,Anaheim Ducks,ARI,ANA,4,3,7,1,Arizona Coyotes,Anaheim Ducks,Home Win (4-3 SO),4-3,Shootout,Yes,Yes,Gila River Arena,Arizona,OFF,A. Hill (Winning Goalie),Arizona Coyotes defeated Anaheim Ducks 4-3 in a shootout at Gila River Arena (Arizona).,NHL Official Stats REST API (api-web.nhle.com/v1)
281,2020020309,2020-2021,2020,Regular Season,Regular Season,2021-02-24,Wednesday,02:30,St. Louis Blues,Los Angeles Kings,St. Louis Blues,Los Angeles Kings,STL,LAK,1,2,3,1,Los Angeles Kings,St. Louis Blues,Away Win (2-1),1-2,Regulation,No,No,Enterprise Center,St. Louis,OFF,C. Petersen (Winning Goalie); A. Athanasiou (GWG Scorer),Los Angeles Kings defeated St. Louis Blues 2-1 in regulation at Enterprise Center (St. Louis).,NHL Official Stats REST API (api-web.nhle.com/v1)
282,2020020312,2020-2021,2020,Regular Season,Regular Season,2021-02-25,Thursday,00:00,New York Islanders,Boston Bruins,New York Islanders,Boston Bruins,NYI,BOS,7,2,9,5,New York Islanders,Boston Bruins,Home Win (7-2),7-2,Regulation,No,No,Nassau Veterans Memorial Coliseum,New York,OFF,S. Varlamov (Winning Goalie); A. Beauvillier (GWG Scorer),New York Islanders defeated Boston Bruins 7-2 in regulation at Nassau Veterans Memorial Coliseum (New York).,NHL Official Stats REST API (api-web.nhle.com/v1)
283,2020020313,2020-2021,2020,Regular Season,Regular Season,2021-02-25,Thursday,00:00,Washington Capitals,Pittsburgh Penguins,Washington Capitals,Pittsburgh Penguins,WSH,PIT,5,2,7,3,Washington Capitals,Pittsburgh Penguins,Home Win (5-2),5-2,Regulation,No,No,Capital One Arena,Washington,OFF,V. Vanecek (Winning Goalie); T. Wilson (GWG Scorer),Washington Capitals defeated Pittsburgh Penguins 5-2 in regulation at Capital One Arena (Washington).,NHL Official Stats REST API (api-web.nhle.com/v1)
284,2020020314,2020-2021,2020,Regular Season,Regular Season,2021-02-25,Thursday,00:00,Tampa Bay Lightning,Carolina Hurricanes,Tampa Bay Lightning,Carolina Hurricanes,TBL,CAR,3,1,4,2,Tampa Bay Lightning,Carolina Hurricanes,Home Win (3-1),3-1,Regulation,No,No,Amalie Arena,Tampa Bay,OFF,C. McElhinney (Winning Goalie); Y. Gourde (GWG Scorer),Tampa Bay Lightning defeated Carolina Hurricanes 3-1 in regulation at Amalie Arena (Tampa Bay).,NHL Official Stats REST API (api-web.nhle.com/v1)
285,2020020315,2020-2021,2020,Regular Season,Regular Season,2021-02-25,Thursday,00:00,Florida Panthers,Dallas Stars,Florida Panthers,Dallas Stars,FLA,DAL,3,2,5,1,Florida Panthers,Dallas Stars,Home Win (3-2),3-2,Regulation,No,No,BB&T Center,Florida,OFF,S. Bobrovsky (Winning Goalie); F. Vatrano (GWG Scorer),Florida Panthers defeated Dallas Stars 3-2 in regulation at BB&T Center (Florida).,NHL Official Stats REST API (api-web.nhle.com/v1)
286,2020020316,2020-2021,2020,Regular Season,Regular Season,2021-02-25,Thursday,00:00,Columbus Blue Jackets,Chicago Blackhawks,Columbus Blue Jackets,Chicago Blackhawks,CBJ,CHI,0,2,2,2,Chicago Blackhawks,Columbus Blue Jackets,Away Win (2-0),0-2,Regulation,No,No,Nationwide Arena,Columbus,OFF,M. Subban (Winning Goalie); P. Kane (GWG Scorer),Chicago Blackhawks defeated Columbus Blue Jackets 2-0 in regulation at Nationwide Arena (Columbus).,NHL Official Stats REST API (api-web.nhle.com/v1)
287,2020020318,2020-2021,2020,Regular Season,Regular Season,2021-02-25,Thursday,00:00,Ottawa Senators,Calgary Flames,Ottawa Senators,Calgary Flames,OTT,CGY,6,1,7,5,Ottawa Senators,Calgary Flames,Home Win (6-1),6-1,Regulation,No,No,Canadian Tire Centre,Ottawa,OFF,M. Murray (Winning Goalie); E. Gudbranson (GWG Scorer),Ottawa Senators defeated Calgary Flames 6-1 in regulation at Canadian Tire Centre (Ottawa).,NHL Official Stats REST API (api-web.nhle.com/v1)
288,2020020635,2020-2021,2020,Regular Season,Regular Season,2021-02-25,Thursday,00:00,Buffalo Sabres,New Jersey Devils,Buffalo Sabres,New Jersey Devils,BUF,NJD,3,4,7,1,New Jersey Devils,Buffalo Sabres,Away Win (4-3 OT),3-4,Overtime,Yes,No,KeyBank Center,Buffalo,OFF,M. Blackwood (Winning Goalie); P. Zacha (GWG Scorer),New Jersey Devils defeated Buffalo Sabres 4-3 in overtime at KeyBank Center (Buffalo).,NHL Official Stats REST API (api-web.nhle.com/v1)
289,2020020317,2020-2021,2020,Regular Season,Regular Season,2021-02-25,Thursday,00:30,Detroit Red Wings,Nashville Predators,Detroit Red Wings,Nashville Predators,DET,NSH,5,2,7,3,Detroit Red Wings,Nashville Predators,Home Win (5-2),5-2,Regulation,No,No,Little Caesars Arena,Detroit,OFF,J. Bernier (Winning Goalie); S. Gagner (GWG Scorer),Detroit Red Wings defeated Nashville Predators 5-2 in regulation at Little Caesars Arena (Detroit).,NHL Official Stats REST API (api-web.nhle.com/v1)
290,2020020319,2020-2021,2020,Regular Season,Regular Season,2021-02-25,Thursday,01:00,Winnipeg Jets,Montréal Canadiens,Winnipeg Jets,Montréal Canadiens,WPG,MTL,6,3,9,3,Winnipeg Jets,Montréal Canadiens,Home Win (6-3),6-3,Regulation,No,No,Bell MTS Place,Winnipeg,OFF,C. Hellebuyck (Winning Goalie); N. Thompson (GWG Scorer),Winnipeg Jets defeated Montréal Canadiens 6-3 in regulation at Bell MTS Place (Winnipeg).,NHL Official Stats REST API (api-web.nhle.com/v1)
291,2020020320,2020-2021,2020,Regular Season,Regular Season,2021-02-25,Thursday,03:00,Vancouver Canucks,Edmonton Oilers,Vancouver Canucks,Edmonton Oilers,VAN,EDM,0,3,3,3,Edmonton Oilers,Vancouver Canucks,Away Win (3-0),0-3,Regulation,No,No,Rogers Arena,Vancouver,OFF,M. Smith (Winning Goalie); A. Chiasson (GWG Scorer),Edmonton Oilers defeated Vancouver Canucks 3-0 in regulation at Rogers Arena (Vancouver).,NHL Official Stats REST API (api-web.nhle.com/v1)
292,2020020323,2020-2021,2020,Regular Season,Regular Season,2021-02-26,Friday,00:00,New York Rangers,Boston Bruins,New York Rangers,Boston Bruins,NYR,BOS,6,2,8,4,New York Rangers,Boston Bruins,Home Win (6-2),6-2,Regulation,No,No,Madison Square Garden,New York,OFF,A. Georgiev (Winning Goalie); C. Blackwell (GWG Scorer),New York Rangers defeated Boston Bruins 6-2 in regulation at Madison Square Garden (New York).,NHL Official Stats REST API (api-web.nhle.com/v1)
293,2020020324,2020-2021,2020,Regular Season,Regular Season,2021-02-26,Friday,01:00,Minnesota Wild,Los Angeles Kings,Minnesota Wild,Los Angeles Kings,MIN,LAK,3,1,4,2,Minnesota Wild,Los Angeles Kings,Home Win (3-1),3-1,Regulation,No,No,Xcel Energy Center,Minnesota,OFF,C. Talbot (Winning Goalie); N. Bjugstad (GWG Scorer),Minnesota Wild defeated Los Angeles Kings 3-1 in regulation at Xcel Energy Center (Minnesota).,NHL Official Stats REST API (api-web.nhle.com/v1)
294,2020020321,2020-2021,2020,Regular Season,Regular Season,2021-02-26,Friday,02:00,Arizona Coyotes,Colorado Avalanche,Arizona Coyotes,Colorado Avalanche,ARI,COL,2,3,5,1,Colorado Avalanche,Arizona Coyotes,Away Win (3-2),2-3,Regulation,No,No,Gila River Arena,Arizona,OFF,H. Miska (Winning Goalie); N. Kadri (GWG Scorer),Colorado Avalanche defeated Arizona Coyotes 3-2 in regulation at Gila River Arena (Arizona).,NHL Official Stats REST API (api-web.nhle.com/v1)
295,2020020322,2020-2021,2020,Regular Season,Regular Season,2021-02-27,Saturday,18:00,Buffalo Sabres,Philadelphia Flyers,Buffalo Sabres,Philadelphia Flyers,BUF,PHI,0,3,3,3,Philadelphia Flyers,Buffalo Sabres,Away Win (3-0),0-3,Regulation,No,No,KeyBank Center,Buffalo,OFF,B. Elliott (Winning Goalie); S. Couturier (GWG Scorer),Philadelphia Flyers defeated Buffalo Sabres 3-0 in regulation at KeyBank Center (Buffalo).,NHL Official Stats REST API (api-web.nhle.com/v1)
296,2020020327,2020-2021,2020,Regular Season,Regular Season,2021-02-27,Saturday,18:00,New Jersey Devils,Washington Capitals,New Jersey Devils,Washington Capitals,NJD,WSH,2,5,7,3,Washington Capitals,New Jersey Devils,Away Win (5-2),2-5,Regulation,No,No,Prudential Center,New Jersey,OFF,V. Vanecek (Winning Goalie); L. Eller (GWG Scorer),Washington Capitals defeated New Jersey Devils 5-2 in regulation at Prudential Center (New Jersey).,NHL Official Stats REST API (api-web.nhle.com/v1)
297,2020020333,2020-2021,2020,Regular Season,Regular Season,2021-02-27,Saturday,18:00,Ottawa Senators,Calgary Flames,Ottawa Senators,Calgary Flames,OTT,CGY,3,6,9,3,Calgary Flames,Ottawa Senators,Away Win (6-3),3-6,Regulation,No,No,Canadian Tire Centre,Ottawa,OFF,D. Rittich (Winning Goalie); S. Monahan (GWG Scorer),Calgary Flames defeated Ottawa Senators 6-3 in regulation at Canadian Tire Centre (Ottawa).,NHL Official Stats REST API (api-web.nhle.com/v1)
298,2020020332,2020-2021,2020,Regular Season,Regular Season,2021-02-27,Saturday,20:00,Nashville Predators,Columbus Blue Jackets,Nashville Predators,Columbus Blue Jackets,NSH,CBJ,2,1,3,1,Nashville Predators,Columbus Blue Jackets,Home Win (2-1),2-1,Regulation,No,No,Bridgestone Arena,Nashville,OFF,J. Saros (Winning Goalie); M. Ekholm (GWG Scorer),Nashville Predators defeated Columbus Blue Jackets 2-1 in regulation at Bridgestone Arena (Nashville).,NHL Official Stats REST API (api-web.nhle.com/v1)
299,2020020328,2020-2021,2020,Regular Season,Regular Season,2021-02-27,Saturday,00:00,New York Islanders,Pittsburgh Penguins,New York Islanders,Pittsburgh Penguins,NYI,PIT,3,4,7,1,Pittsburgh Penguins,New York Islanders,Away Win (4-3 OT),3-4,Overtime,Yes,No,Nassau Veterans Memorial Coliseum,New York,OFF,T. Jarry (Winning Goalie); K. Letang (GWG Scorer),Pittsburgh Penguins defeated New York Islanders 4-3 in overtime at Nassau Veterans Memorial Coliseum (New York).,NHL Official Stats REST API (api-web.nhle.com/v1)
300,2020020329,2020-2021,2020,Regular Season,Regular Season,2021-02-27,Saturday,00:00,Tampa Bay Lightning,Dallas Stars,Tampa Bay Lightning,Dallas Stars,TBL,DAL,5,0,5,5,Tampa Bay Lightning,Dallas Stars,Home Win (5-0),5-0,Regulation,No,No,Amalie Arena,Tampa Bay,OFF,A. Vasilevskiy (Winning Goalie); O. Palat (GWG Scorer),Tampa Bay Lightning defeated Dallas Stars 5-0 in regulation at Amalie Arena (Tampa Bay).,NHL Official Stats REST API (api-web.nhle.com/v1)
301,2020020330,2020-2021,2020,Regular Season,Regular Season,2021-02-27,Saturday,00:00,Florida Panthers,Carolina Hurricanes,Florida Panthers,Carolina Hurricanes,FLA,CAR,3,4,7,1,Carolina Hurricanes,Florida Panthers,Away Win (4-3 SO),3-4,Shootout,Yes,Yes,BB&T Center,Florida,OFF,J. Reimer (Winning Goalie),Carolina Hurricanes defeated Florida Panthers 4-3 in a shootout at BB&T Center (Florida).,NHL Official Stats REST API (api-web.nhle.com/v1)
302,2020020335,2020-2021,2020,Regular Season,Regular Season,2021-02-27,Saturday,00:00,Edmonton Oilers,Toronto Maple Leafs,Edmonton Oilers,Toronto Maple Leafs,EDM,TOR,0,4,4,4,Toronto Maple Leafs,Edmonton Oilers,Away Win (4-0),0-4,Regulation,No,No,Rogers Place,Edmonton,OFF,J. Campbell (Winning Goalie); W. Nylander (GWG Scorer),Toronto Maple Leafs defeated Edmonton Oilers 4-0 in regulation at Rogers Place (Edmonton).,NHL Official Stats REST API (api-web.nhle.com/v1)
303,2020020331,2020-2021,2020,Regular Season,Regular Season,2021-02-27,Saturday,01:00,Chicago Blackhawks,Detroit Red Wings,Chicago Blackhawks,Detroit Red Wings,CHI,DET,3,5,8,2,Detroit Red Wings,Chicago Blackhawks,Away Win (5-3),3-5,Regulation,No,No,United Center,Chicago,OFF,J. Bernier (Winning Goalie); E. Svechnikov (GWG Scorer),Detroit Red Wings defeated Chicago Blackhawks 5-3 in regulation at United Center (Chicago).,NHL Official Stats REST API (api-web.nhle.com/v1)
304,2020020336,2020-2021,2020,Regular Season,Regular Season,2021-02-27,Saturday,01:00,Minnesota Wild,Los Angeles Kings,Minnesota Wild,Los Angeles Kings,MIN,LAK,4,3,7,1,Minnesota Wild,Los Angeles Kings,Home Win (4-3 OT),4-3,Overtime,Yes,No,Xcel Energy Center,Minnesota,OFF,K. Kahkonen (Winning Goalie); M. Dumba (GWG Scorer),Minnesota Wild defeated Los Angeles Kings 4-3 in overtime at Xcel Energy Center (Minnesota).,NHL Official Stats REST API (api-web.nhle.com/v1)
305,2020020337,2020-2021,2020,Regular Season,Regular Season,2021-02-27,Saturday,02:00,Arizona Coyotes,Colorado Avalanche,Arizona Coyotes,Colorado Avalanche,ARI,COL,2,6,8,4,Colorado Avalanche,Arizona Coyotes,Away Win (6-2),2-6,Regulation,No,No,Gila River Arena,Arizona,OFF,P. Grubauer (Winning Goalie); G. Landeskog (GWG Scorer),Colorado Avalanche defeated Arizona Coyotes 6-2 in regulation at Gila River Arena (Arizona).,NHL Official Stats REST API (api-web.nhle.com/v1)
306,2020020334,2020-2021,2020,Regular Season,Regular Season,2021-02-27,Saturday,03:00,Winnipeg Jets,Montréal Canadiens,Winnipeg Jets,Montréal Canadiens,WPG,MTL,2,1,3,1,Winnipeg Jets,Montréal Canadiens,Home Win (2-1 OT),2-1,Overtime,Yes,No,Bell MTS Place,Winnipeg,OFF,C. Hellebuyck (Winning Goalie); P. Stastny (GWG Scorer),Winnipeg Jets defeated Montréal Canadiens 2-1 in overtime at Bell MTS Place (Winnipeg).,NHL Official Stats REST API (api-web.nhle.com/v1)
307,2020020338,2020-2021,2020,Regular Season,Regular Season,2021-02-27,Saturday,03:00,Anaheim Ducks,Vegas Golden Knights,Anaheim Ducks,Vegas Golden Knights,ANA,VGK,2,3,5,1,Vegas Golden Knights,Anaheim Ducks,Away Win (3-2 OT),2-3,Overtime,Yes,No,Honda Center,Anaheim,OFF,M. Fleury (Winning Goalie); W. Karlsson (GWG Scorer),Vegas Golden Knights defeated Anaheim Ducks 3-2 in overtime at Honda Center (Anaheim).,NHL Official Stats REST API (api-web.nhle.com/v1)
308,2020020339,2020-2021,2020,Regular Season,Regular Season,2021-02-27,Saturday,03:30,San Jose Sharks,St. Louis Blues,San Jose Sharks,St. Louis Blues,SJS,STL,6,7,13,1,St. Louis Blues,San Jose Sharks,Away Win (7-6),6-7,Regulation,No,No,SAP Center at San Jose,San Jose,OFF,V. Husso (Winning Goalie); M. Scandella (GWG Scorer),St. Louis Blues defeated San Jose Sharks 7-6 in regulation at SAP Center at San Jose (San Jose).,NHL Official Stats REST API (api-web.nhle.com/v1)
309,2020020342,2020-2021,2020,Regular Season,Regular Season,2021-02-28,Sunday,17:00,New York Rangers,Boston Bruins,New York Rangers,Boston Bruins,NYR,BOS,1,4,5,3,Boston Bruins,New York Rangers,Away Win (4-1),1-4,Regulation,No,No,Madison Square Garden,New York,OFF,T. Rask (Winning Goalie); T. Frederic (GWG Scorer),Boston Bruins defeated New York Rangers 4-1 in regulation at Madison Square Garden (New York).,NHL Official Stats REST API (api-web.nhle.com/v1)
310,2020020340,2020-2021,2020,Regular Season,Regular Season,2021-02-28,Sunday,20:00,Buffalo Sabres,Philadelphia Flyers,Buffalo Sabres,Philadelphia Flyers,BUF,PHI,0,3,3,3,Philadelphia Flyers,Buffalo Sabres,Away Win (3-0),0-3,Regulation,No,No,KeyBank Center,Buffalo,OFF,C. Hart (Winning Goalie); S. Couturier (GWG Scorer),Philadelphia Flyers defeated Buffalo Sabres 3-0 in regulation at KeyBank Center (Buffalo).,NHL Official Stats REST API (api-web.nhle.com/v1)
311,2020020344,2020-2021,2020,Regular Season,Regular Season,2021-02-28,Sunday,20:00,Nashville Predators,Columbus Blue Jackets,Nashville Predators,Columbus Blue Jackets,NSH,CBJ,3,1,4,2,Nashville Predators,Columbus Blue Jackets,Home Win (3-1),3-1,Regulation,No,No,Bridgestone Arena,Nashville,OFF,J. Saros (Winning Goalie); E. Tolvanen (GWG Scorer),Nashville Predators defeated Columbus Blue Jackets 3-1 in regulation at Bridgestone Arena (Nashville).,NHL Official Stats REST API (api-web.nhle.com/v1)
312,2020020346,2020-2021,2020,Regular Season,Regular Season,2021-02-28,Sunday,20:00,New Jersey Devils,Washington Capitals,New Jersey Devils,Washington Capitals,NJD,WSH,2,3,5,1,Washington Capitals,New Jersey Devils,Away Win (3-2),2-3,Regulation,No,No,Prudential Center,New Jersey,OFF,I. Samsonov (Winning Goalie); A. Ovechkin (GWG Scorer),Washington Capitals defeated New Jersey Devils 3-2 in regulation at Prudential Center (New Jersey).,NHL Official Stats REST API (api-web.nhle.com/v1)
313,2020020341,2020-2021,2020,Regular Season,Regular Season,2021-02-28,Sunday,22:00,New York Islanders,Pittsburgh Penguins,New York Islanders,Pittsburgh Penguins,NYI,PIT,2,0,2,2,New York Islanders,Pittsburgh Penguins,Home Win (2-0),2-0,Regulation,No,No,Nassau Veterans Memorial Coliseum,New York,OFF,I. Sorokin (Winning Goalie); O. Wahlstrom (GWG Scorer),New York Islanders defeated Pittsburgh Penguins 2-0 in regulation at Nassau Veterans Memorial Coliseum (New York).,NHL Official Stats REST API (api-web.nhle.com/v1)
314,2020020343,2020-2021,2020,Regular Season,Regular Season,2021-02-28,Sunday,00:00,Chicago Blackhawks,Detroit Red Wings,Chicago Blackhawks,Detroit Red Wings,CHI,DET,7,2,9,5,Chicago Blackhawks,Detroit Red Wings,Home Win (7-2),7-2,Regulation,No,No,United Center,Chicago,OFF,K. Lankinen (Winning Goalie); P. Suter (GWG Scorer),Chicago Blackhawks defeated Detroit Red Wings 7-2 in regulation at United Center (Chicago).,NHL Official Stats REST API (api-web.nhle.com/v1)
315,2020020348,2020-2021,2020,Regular Season,Regular Season,2021-03-01,Monday,00:00,Florida Panthers,Carolina Hurricanes,Florida Panthers,Carolina Hurricanes,FLA,CAR,2,3,5,1,Carolina Hurricanes,Florida Panthers,Away Win (3-2 OT),2-3,Overtime,Yes,No,BB&T Center,Florida,OFF,A. Nedeljkovic (Winning Goalie); M. Necas (GWG Scorer),Carolina Hurricanes defeated Florida Panthers 3-2 in overtime at BB&T Center (Florida).,NHL Official Stats REST API (api-web.nhle.com/v1)
316,2020020349,2020-2021,2020,Regular Season,Regular Season,2021-03-01,Monday,00:00,Ottawa Senators,Calgary Flames,Ottawa Senators,Calgary Flames,OTT,CGY,5,1,6,4,Ottawa Senators,Calgary Flames,Home Win (5-1),5-1,Regulation,No,No,Canadian Tire Centre,Ottawa,OFF,M. Murray (Winning Goalie); D. Batherson (GWG Scorer),Ottawa Senators defeated Calgary Flames 5-1 in regulation at Canadian Tire Centre (Ottawa).,NHL Official Stats REST API (api-web.nhle.com/v1)
317,2020020345,2020-2021,2020,Regular Season,Regular Season,2021-03-01,Monday,01:00,Winnipeg Jets,Vancouver Canucks,Winnipeg Jets,Vancouver Canucks,WPG,VAN,0,4,4,4,Vancouver Canucks,Winnipeg Jets,Away Win (4-0),0-4,Regulation,No,No,Bell MTS Place,Winnipeg,OFF,T. Demko (Winning Goalie); N. Schmidt (GWG Scorer),Vancouver Canucks defeated Winnipeg Jets 4-0 in regulation at Bell MTS Place (Winnipeg).,NHL Official Stats REST API (api-web.nhle.com/v1)
318,2020020350,2020-2021,2020,Regular Season,Regular Season,2021-03-01,Monday,03:00,Edmonton Oilers,Toronto Maple Leafs,Edmonton Oilers,Toronto Maple Leafs,EDM,TOR,0,3,3,3,Toronto Maple Leafs,Edmonton Oilers,Away Win (3-0),0-3,Regulation,No,No,Rogers Place,Edmonton,OFF,M. Hutchinson (Winning Goalie); Z. Hyman (GWG Scorer),Toronto Maple Leafs defeated Edmonton Oilers 3-0 in regulation at Rogers Place (Edmonton).,NHL Official Stats REST API (api-web.nhle.com/v1)
319,2020020351,2020-2021,2020,Regular Season,Regular Season,2021-03-01,Monday,03:00,Vegas Golden Knights,Minnesota Wild,Vegas Golden Knights,Minnesota Wild,VGK,MIN,5,4,9,1,Vegas Golden Knights,Minnesota Wild,Home Win (5-4 OT),5-4,Overtime,Yes,No,T-Mobile Arena,Vegas,OFF,M. Fleury (Winning Goalie); M. Pacioretty (GWG Scorer),Vegas Golden Knights defeated Minnesota Wild 5-4 in overtime at T-Mobile Arena (Vegas).,NHL Official Stats REST API (api-web.nhle.com/v1)
320,2020020352,2020-2021,2020,Regular Season,Regular Season,2021-03-01,Monday,03:00,Anaheim Ducks,St. Louis Blues,Anaheim Ducks,St. Louis Blues,ANA,STL,4,5,9,1,St. Louis Blues,Anaheim Ducks,Away Win (5-4),4-5,Regulation,No,No,Honda Center,Anaheim,OFF,V. Husso (Winning Goalie); Z. Sanford (GWG Scorer),St. Louis Blues defeated Anaheim Ducks 5-4 in regulation at Honda Center (Anaheim).,NHL Official Stats REST API (api-web.nhle.com/v1)
321,2020020353,2020-2021,2020,Regular Season,Regular Season,2021-03-01,Monday,03:30,San Jose Sharks,Colorado Avalanche,San Jose Sharks,Colorado Avalanche,SJS,COL,6,2,8,4,San Jose Sharks,Colorado Avalanche,Home Win (6-2),6-2,Regulation,No,No,SAP Center at San Jose,San Jose,OFF,M. Jones (Winning Goalie); R. Balcers (GWG Scorer),San Jose Sharks defeated Colorado Avalanche 6-2 in regulation at SAP Center at San Jose (San Jose).,NHL Official Stats REST API (api-web.nhle.com/v1)
322,2020020301,2020-2021,2020,Regular Season,Regular Season,2021-03-02,Tuesday,00:00,New Jersey Devils,New York Islanders,New Jersey Devils,New York Islanders,NJD,NYI,1,2,3,1,New York Islanders,New Jersey Devils,Away Win (2-1),1-2,Regulation,No,No,Prudential Center,New Jersey,OFF,S. Varlamov (Winning Goalie); A. Lee (GWG Scorer),New York Islanders defeated New Jersey Devils 2-1 in regulation at Prudential Center (New Jersey).,NHL Official Stats REST API (api-web.nhle.com/v1)
323,2020020354,2020-2021,2020,Regular Season,Regular Season,2021-03-02,Tuesday,00:00,New York Rangers,Buffalo Sabres,New York Rangers,Buffalo Sabres,NYR,BUF,3,2,5,1,New York Rangers,Buffalo Sabres,Home Win (3-2),3-2,Regulation,No,No,Madison Square Garden,New York,OFF,I. Shesterkin (Winning Goalie); C. Kreider (GWG Scorer),New York Rangers defeated Buffalo Sabres 3-2 in regulation at Madison Square Garden (New York).,NHL Official Stats REST API (api-web.nhle.com/v1)
324,2020020355,2020-2021,2020,Regular Season,Regular Season,2021-03-02,Tuesday,00:00,Pittsburgh Penguins,Philadelphia Flyers,Pittsburgh Penguins,Philadelphia Flyers,PIT,PHI,5,2,7,3,Pittsburgh Penguins,Philadelphia Flyers,Home Win (5-2),5-2,Regulation,No,No,PPG Paints Arena,Pittsburgh,OFF,T. Jarry (Winning Goalie); B. Rust (GWG Scorer),Pittsburgh Penguins defeated Philadelphia Flyers 5-2 in regulation at PPG Paints Arena (Pittsburgh).,NHL Official Stats REST API (api-web.nhle.com/v1)
325,2020020356,2020-2021,2020,Regular Season,Regular Season,2021-03-02,Tuesday,00:00,Columbus Blue Jackets,Detroit Red Wings,Columbus Blue Jackets,Detroit Red Wings,CBJ,DET,4,1,5,3,Columbus Blue Jackets,Detroit Red Wings,Home Win (4-1),4-1,Regulation,No,No,Nationwide Arena,Columbus,OFF,J. Korpisalo (Winning Goalie); R. Nash (GWG Scorer),Columbus Blue Jackets defeated Detroit Red Wings 4-1 in regulation at Nationwide Arena (Columbus).,NHL Official Stats REST API (api-web.nhle.com/v1)
326,2020020357,2020-2021,2020,Regular Season,Regular Season,2021-03-02,Tuesday,00:00,Montréal Canadiens,Ottawa Senators,Montréal Canadiens,Ottawa Senators,MTL,OTT,3,1,4,2,Montréal Canadiens,Ottawa Senators,Home Win (3-1),3-1,Regulation,No,No,Centre Bell,Montréal,OFF,C. Price (Winning Goalie); J. Petry (GWG Scorer),Montréal Canadiens defeated Ottawa Senators 3-1 in regulation at Centre Bell (Montréal).,NHL Official Stats REST API (api-web.nhle.com/v1)
327,2020020052,2020-2021,2020,Regular Season,Regular Season,2021-03-02,Tuesday,01:00,Nashville Predators,Carolina Hurricanes,Nashville Predators,Carolina Hurricanes,NSH,CAR,2,4,6,2,Carolina Hurricanes,Nashville Predators,Away Win (4-2),2-4,Regulation,No,No,Bridgestone Arena,Nashville,OFF,J. Reimer (Winning Goalie); S. Lorentz (GWG Scorer),Carolina Hurricanes defeated Nashville Predators 4-2 in regulation at Bridgestone Arena (Nashville).,NHL Official Stats REST API (api-web.nhle.com/v1)
328,2020020358,2020-2021,2020,Regular Season,Regular Season,2021-03-02,Tuesday,01:00,Winnipeg Jets,Vancouver Canucks,Winnipeg Jets,Vancouver Canucks,WPG,VAN,5,2,7,3,Winnipeg Jets,Vancouver Canucks,Home Win (5-2),5-2,Regulation,No,No,Bell MTS Place,Winnipeg,OFF,L. Brossoit (Winning Goalie); K. Connor (GWG Scorer),Winnipeg Jets defeated Vancouver Canucks 5-2 in regulation at Bell MTS Place (Winnipeg).,NHL Official Stats REST API (api-web.nhle.com/v1)
329,2020020271,2020-2021,2020,Regular Season,Regular Season,2021-03-02,Tuesday,01:30,Dallas Stars,Tampa Bay Lightning,Dallas Stars,Tampa Bay Lightning,DAL,TBL,0,2,2,2,Tampa Bay Lightning,Dallas Stars,Away Win (2-0),0-2,Regulation,No,No,American Airlines Center,Dallas,OFF,A. Vasilevskiy (Winning Goalie); O. Palat (GWG Scorer),Tampa Bay Lightning defeated Dallas Stars 2-0 in regulation at American Airlines Center (Dallas).,NHL Official Stats REST API (api-web.nhle.com/v1)
330,2020020359,2020-2021,2020,Regular Season,Regular Season,2021-03-03,Wednesday,00:00,Boston Bruins,Washington Capitals,Boston Bruins,Washington Capitals,BOS,WSH,1,2,3,1,Washington Capitals,Boston Bruins,Away Win (2-1 SO),1-2,Shootout,Yes,Yes,TD Garden,Boston,OFF,V. Vanecek (Winning Goalie),Washington Capitals defeated Boston Bruins 2-1 in a shootout at TD Garden (Boston).,NHL Official Stats REST API (api-web.nhle.com/v1)
331,2020020360,2020-2021,2020,Regular Season,Regular Season,2021-03-03,Wednesday,01:00,Edmonton Oilers,Toronto Maple Leafs,Edmonton Oilers,Toronto Maple Leafs,EDM,TOR,1,6,7,5,Toronto Maple Leafs,Edmonton Oilers,Away Win (6-1),1-6,Regulation,No,No,Rogers Place,Edmonton,OFF,F. Andersen (Winning Goalie); J. Vesey (GWG Scorer),Toronto Maple Leafs defeated Edmonton Oilers 6-1 in regulation at Rogers Place (Edmonton).,NHL Official Stats REST API (api-web.nhle.com/v1)
332,2020020362,2020-2021,2020,Regular Season,Regular Season,2021-03-03,Wednesday,02:30,Anaheim Ducks,St. Louis Blues,Anaheim Ducks,St. Louis Blues,ANA,STL,2,3,5,1,St. Louis Blues,Anaheim Ducks,Away Win (3-2),2-3,Regulation,No,No,Honda Center,Anaheim,OFF,J. Binnington (Winning Goalie); Z. Sanford (GWG Scorer),St. Louis Blues defeated Anaheim Ducks 3-2 in regulation at Honda Center (Anaheim).,NHL Official Stats REST API (api-web.nhle.com/v1)
333,2020020361,2020-2021,2020,Regular Season,Regular Season,2021-03-03,Wednesday,03:00,Vegas Golden Knights,Minnesota Wild,Vegas Golden Knights,Minnesota Wild,VGK,MIN,5,1,6,4,Vegas Golden Knights,Minnesota Wild,Home Win (5-1),5-1,Regulation,No,No,T-Mobile Arena,Vegas,OFF,M. Fleury (Winning Goalie); J. Marchessault (GWG Scorer),Vegas Golden Knights defeated Minnesota Wild 5-1 in regulation at T-Mobile Arena (Vegas).,NHL Official Stats REST API (api-web.nhle.com/v1)
334,2020020742,2020-2021,2020,Regular Season,Regular Season,2021-03-03,Wednesday,03:00,Los Angeles Kings,Arizona Coyotes,Los Angeles Kings,Arizona Coyotes,LAK,ARI,2,3,5,1,Arizona Coyotes,Los Angeles Kings,Away Win (3-2),2-3,Regulation,No,No,STAPLES Center,Los Angeles,OFF,A. Raanta (Winning Goalie); J. Larsson (GWG Scorer),Arizona Coyotes defeated Los Angeles Kings 3-2 in regulation at STAPLES Center (Los Angeles).,NHL Official Stats REST API (api-web.nhle.com/v1)
335,2020020363,2020-2021,2020,Regular Season,Regular Season,2021-03-03,Wednesday,03:30,San Jose Sharks,Colorado Avalanche,San Jose Sharks,Colorado Avalanche,SJS,COL,0,4,4,4,Colorado Avalanche,San Jose Sharks,Away Win (4-0),0-4,Regulation,No,No,SAP Center at San Jose,San Jose,OFF,P. Grubauer (Winning Goalie); M. Rantanen (GWG Scorer),Colorado Avalanche defeated San Jose Sharks 4-0 in regulation at SAP Center at San Jose (San Jose).,NHL Official Stats REST API (api-web.nhle.com/v1)
336,2020020163,2020-2021,2020,Regular Season,Regular Season,2021-03-04,Thursday,00:00,New York Islanders,Buffalo Sabres,New York Islanders,Buffalo Sabres,NYI,BUF,5,2,7,3,New York Islanders,Buffalo Sabres,Home Win (5-2),5-2,Regulation,No,No,Nassau Veterans Memorial Coliseum,New York,OFF,I. Sorokin (Winning Goalie); A. Beauvillier (GWG Scorer),New York Islanders defeated Buffalo Sabres 5-2 in regulation at Nassau Veterans Memorial Coliseum (New York).,NHL Official Stats REST API (api-web.nhle.com/v1)
337,2020020180,2020-2021,2020,Regular Season,Regular Season,2021-03-04,Thursday,00:00,New Jersey Devils,New York Rangers,New Jersey Devils,New York Rangers,NJD,NYR,1,6,7,5,New York Rangers,New Jersey Devils,Away Win (6-1),1-6,Regulation,No,No,Prudential Center,New Jersey,OFF,I. Shesterkin (Winning Goalie); C. Kreider (GWG Scorer),New York Rangers defeated New Jersey Devils 6-1 in regulation at Prudential Center (New Jersey).,NHL Official Stats REST API (api-web.nhle.com/v1)
338,2020020365,2020-2021,2020,Regular Season,Regular Season,2021-03-04,Thursday,00:00,Carolina Hurricanes,Detroit Red Wings,Carolina Hurricanes,Detroit Red Wings,CAR,DET,5,2,7,3,Carolina Hurricanes,Detroit Red Wings,Home Win (5-2),5-2,Regulation,No,No,PNC Arena,Carolina,OFF,A. Nedeljkovic (Winning Goalie); J. Staal (GWG Scorer),Carolina Hurricanes defeated Detroit Red Wings 5-2 in regulation at PNC Arena (Carolina).,NHL Official Stats REST API (api-web.nhle.com/v1)
339,2020020366,2020-2021,2020,Regular Season,Regular Season,2021-03-04,Thursday,00:00,Pittsburgh Penguins,Philadelphia Flyers,Pittsburgh Penguins,Philadelphia Flyers,PIT,PHI,3,4,7,1,Philadelphia Flyers,Pittsburgh Penguins,Away Win (4-3),3-4,Regulation,No,No,PPG Paints Arena,Pittsburgh,OFF,B. Elliott (Winning Goalie); C. Giroux (GWG Scorer),Philadelphia Flyers defeated Pittsburgh Penguins 4-3 in regulation at PPG Paints Arena (Pittsburgh).,NHL Official Stats REST API (api-web.nhle.com/v1)
340,2020020369,2020-2021,2020,Regular Season,Regular Season,2021-03-04,Thursday,00:00,Montréal Canadiens,Winnipeg Jets,Montréal Canadiens,Winnipeg Jets,MTL,WPG,3,4,7,1,Winnipeg Jets,Montréal Canadiens,Away Win (4-3 OT),3-4,Overtime,Yes,No,Centre Bell,Montréal,OFF,C. Hellebuyck (Winning Goalie); P. Dubois (GWG Scorer),Winnipeg Jets defeated Montréal Canadiens 4-3 in overtime at Centre Bell (Montréal).,NHL Official Stats REST API (api-web.nhle.com/v1)
341,2020020367,2020-2021,2020,Regular Season,Regular Season,2021-03-04,Thursday,01:00,Chicago Blackhawks,Tampa Bay Lightning,Chicago Blackhawks,Tampa Bay Lightning,CHI,TBL,2,3,5,1,Tampa Bay Lightning,Chicago Blackhawks,Away Win (3-2 OT),2-3,Overtime,Yes,No,United Center,Chicago,OFF,A. Vasilevskiy (Winning Goalie); A. Killorn (GWG Scorer),Tampa Bay Lightning defeated Chicago Blackhawks 3-2 in overtime at United Center (Chicago).,NHL Official Stats REST API (api-web.nhle.com/v1)
342,2020020368,2020-2021,2020,Regular Season,Regular Season,2021-03-04,Thursday,01:00,Nashville Predators,Florida Panthers,Nashville Predators,Florida Panthers,NSH,FLA,4,5,9,1,Florida Panthers,Nashville Predators,Away Win (5-4),4-5,Regulation,No,No,Bridgestone Arena,Nashville,OFF,S. Bobrovsky (Winning Goalie); A. Ekblad (GWG Scorer),Florida Panthers defeated Nashville Predators 5-4 in regulation at Bridgestone Arena (Nashville).,NHL Official Stats REST API (api-web.nhle.com/v1)
343,2020020372,2020-2021,2020,Regular Season,Regular Season,2021-03-04,Thursday,01:30,Dallas Stars,Columbus Blue Jackets,Dallas Stars,Columbus Blue Jackets,DAL,CBJ,2,3,5,1,Columbus Blue Jackets,Dallas Stars,Away Win (3-2),2-3,Regulation,No,No,American Airlines Center,Dallas,OFF,J. Korpisalo (Winning Goalie); E. Robinson (GWG Scorer),Columbus Blue Jackets defeated Dallas Stars 3-2 in regulation at American Airlines Center (Dallas).,NHL Official Stats REST API (api-web.nhle.com/v1)
344,2020020370,2020-2021,2020,Regular Season,Regular Season,2021-03-04,Thursday,02:00,Calgary Flames,Ottawa Senators,Calgary Flames,Ottawa Senators,CGY,OTT,7,3,10,4,Calgary Flames,Ottawa Senators,Home Win (7-3),7-3,Regulation,No,No,Scotiabank Saddledome,Calgary,OFF,D. Rittich (Winning Goalie); J. Leivo (GWG Scorer),Calgary Flames defeated Ottawa Senators 7-3 in regulation at Scotiabank Saddledome (Calgary).,NHL Official Stats REST API (api-web.nhle.com/v1)
345,2020020371,2020-2021,2020,Regular Season,Regular Season,2021-03-04,Thursday,03:00,Vancouver Canucks,Toronto Maple Leafs,Vancouver Canucks,Toronto Maple Leafs,VAN,TOR,3,1,4,2,Vancouver Canucks,Toronto Maple Leafs,Home Win (3-1),3-1,Regulation,No,No,Rogers Arena,Vancouver,OFF,T. Demko (Winning Goalie); J. Virtanen (GWG Scorer),Vancouver Canucks defeated Toronto Maple Leafs 3-1 in regulation at Rogers Arena (Vancouver).,NHL Official Stats REST API (api-web.nhle.com/v1)
346,2020020373,2020-2021,2020,Regular Season,Regular Season,2021-03-05,Friday,00:00,Boston Bruins,Washington Capitals,Boston Bruins,Washington Capitals,BOS,WSH,5,1,6,4,Boston Bruins,Washington Capitals,Home Win (5-1),5-1,Regulation,No,No,TD Garden,Boston,OFF,J. Halak (Winning Goalie); T. Frederic (GWG Scorer),Boston Bruins defeated Washington Capitals 5-1 in regulation at TD Garden (Boston).,NHL Official Stats REST API (api-web.nhle.com/v1)
347,2020020376,2020-2021,2020,Regular Season,Regular Season,2021-03-05,Friday,01:00,Chicago Blackhawks,Tampa Bay Lightning,Chicago Blackhawks,Tampa Bay Lightning,CHI,TBL,4,3,7,1,Chicago Blackhawks,Tampa Bay Lightning,Home Win (4-3 SO),4-3,Shootout,Yes,Yes,United Center,Chicago,OFF,M. Subban (Winning Goalie),Chicago Blackhawks defeated Tampa Bay Lightning 4-3 in a shootout at United Center (Chicago).,NHL Official Stats REST API (api-web.nhle.com/v1)
348,2020020377,2020-2021,2020,Regular Season,Regular Season,2021-03-05,Friday,02:00,Colorado Avalanche,Anaheim Ducks,Colorado Avalanche,Anaheim Ducks,COL,ANA,3,2,5,1,Colorado Avalanche,Anaheim Ducks,Home Win (3-2 OT),3-2,Overtime,Yes,No,Ball Arena,Colorado,OFF,P. Grubauer (Winning Goalie); V. Nichushkin (GWG Scorer),Colorado Avalanche defeated Anaheim Ducks 3-2 in overtime at Ball Arena (Colorado).,NHL Official Stats REST API (api-web.nhle.com/v1)
349,2020020378,2020-2021,2020,Regular Season,Regular Season,2021-03-05,Friday,02:00,Arizona Coyotes,Minnesota Wild,Arizona Coyotes,Minnesota Wild,ARI,MIN,1,5,6,4,Minnesota Wild,Arizona Coyotes,Away Win (5-1),1-5,Regulation,No,No,Gila River Arena,Arizona,OFF,K. Kahkonen (Winning Goalie); B. Hunt (GWG Scorer),Minnesota Wild defeated Arizona Coyotes 5-1 in regulation at Gila River Arena (Arizona).,NHL Official Stats REST API (api-web.nhle.com/v1)
350,2020020379,2020-2021,2020,Regular Season,Regular Season,2021-03-05,Friday,02:00,Los Angeles Kings,St. Louis Blues,Los Angeles Kings,St. Louis Blues,LAK,STL,2,3,5,1,St. Louis Blues,Los Angeles Kings,Away Win (3-2 OT),2-3,Overtime,Yes,No,STAPLES Center,Los Angeles,OFF,V. Husso (Winning Goalie); M. Hoffman (GWG Scorer),St. Louis Blues defeated Los Angeles Kings 3-2 in overtime at STAPLES Center (Los Angeles).,NHL Official Stats REST API (api-web.nhle.com/v1)
351,2020020380,2020-2021,2020,Regular Season,Regular Season,2021-03-05,Friday,03:30,San Jose Sharks,Vegas Golden Knights,San Jose Sharks,Vegas Golden Knights,SJS,VGK,4,5,9,1,Vegas Golden Knights,San Jose Sharks,Away Win (5-4 OT),4-5,Overtime,Yes,No,SAP Center at San Jose,San Jose,OFF,O. Dansk (Winning Goalie); M. Pacioretty (GWG Scorer),Vegas Golden Knights defeated San Jose Sharks 5-4 in overtime at SAP Center at San Jose (San Jose).,NHL Official Stats REST API (api-web.nhle.com/v1)
352,2020020374,2020-2021,2020,Regular Season,Regular Season,2021-03-06,Saturday,18:00,New Jersey Devils,New York Rangers,New Jersey Devils,New York Rangers,NJD,NYR,3,6,9,3,New York Rangers,New Jersey Devils,Away Win (6-3),3-6,Regulation,No,No,Prudential Center,New Jersey,OFF,A. Georgiev (Winning Goalie); L. Hajek (GWG Scorer),New York Rangers defeated New Jersey Devils 6-3 in regulation at Prudential Center (New Jersey).,NHL Official Stats REST API (api-web.nhle.com/v1)
353,2020020375,2020-2021,2020,Regular Season,Regular Season,2021-03-06,Saturday,18:00,New York Islanders,Buffalo Sabres,New York Islanders,Buffalo Sabres,NYI,BUF,5,2,7,3,New York Islanders,Buffalo Sabres,Home Win (5-2),5-2,Regulation,No,No,Nassau Veterans Memorial Coliseum,New York,OFF,S. Varlamov (Winning Goalie); C. Clutterbuck (GWG Scorer),New York Islanders defeated Buffalo Sabres 5-2 in regulation at Nassau Veterans Memorial Coliseum (New York).,NHL Official Stats REST API (api-web.nhle.com/v1)
354,2020020668,2020-2021,2020,Regular Season,Regular Season,2021-03-06,Saturday,18:00,Pittsburgh Penguins,Philadelphia Flyers,Pittsburgh Penguins,Philadelphia Flyers,PIT,PHI,4,3,7,1,Pittsburgh Penguins,Philadelphia Flyers,Home Win (4-3),4-3,Regulation,No,No,PPG Paints Arena,Pittsburgh,OFF,T. Jarry (Winning Goalie); J. McCann (GWG Scorer),Pittsburgh Penguins defeated Philadelphia Flyers 4-3 in regulation at PPG Paints Arena (Pittsburgh).,NHL Official Stats REST API (api-web.nhle.com/v1)
355,2020020381,2020-2021,2020,Regular Season,Regular Season,2021-03-06,Saturday,19:00,Nashville Predators,Florida Panthers,Nashville Predators,Florida Panthers,NSH,FLA,2,6,8,4,Florida Panthers,Nashville Predators,Away Win (6-2),2-6,Regulation,No,No,Bridgestone Arena,Nashville,OFF,S. Bobrovsky (Winning Goalie); N. Acciari (GWG Scorer),Florida Panthers defeated Nashville Predators 6-2 in regulation at Bridgestone Arena (Nashville).,NHL Official Stats REST API (api-web.nhle.com/v1)
356,2020020382,2020-2021,2020,Regular Season,Regular Season,2021-03-06,Saturday,00:00,Montréal Canadiens,Winnipeg Jets,Montréal Canadiens,Winnipeg Jets,MTL,WPG,7,1,8,6,Montréal Canadiens,Winnipeg Jets,Home Win (7-1),7-1,Regulation,No,No,Centre Bell,Montréal,OFF,C. Price (Winning Goalie); T. Toffoli (GWG Scorer),Montréal Canadiens defeated Winnipeg Jets 7-1 in regulation at Centre Bell (Montréal).,NHL Official Stats REST API (api-web.nhle.com/v1)
357,2020020384,2020-2021,2020,Regular Season,Regular Season,2021-03-06,Saturday,00:00,Vancouver Canucks,Toronto Maple Leafs,Vancouver Canucks,Toronto Maple Leafs,VAN,TOR,4,2,6,2,Vancouver Canucks,Toronto Maple Leafs,Home Win (4-2),4-2,Regulation,No,No,Rogers Arena,Vancouver,OFF,T. Demko (Winning Goalie); J. Miller (GWG Scorer),Vancouver Canucks defeated Toronto Maple Leafs 4-2 in regulation at Rogers Arena (Vancouver).,NHL Official Stats REST API (api-web.nhle.com/v1)
358,2020020387,2020-2021,2020,Regular Season,Regular Season,2021-03-06,Saturday,00:00,Arizona Coyotes,Minnesota Wild,Arizona Coyotes,Minnesota Wild,ARI,MIN,5,2,7,3,Arizona Coyotes,Minnesota Wild,Home Win (5-2),5-2,Regulation,No,No,Gila River Arena,Arizona,OFF,D. Kuemper (Winning Goalie); C. Garland (GWG Scorer),Arizona Coyotes defeated Minnesota Wild 5-2 in regulation at Gila River Arena (Arizona).,NHL Official Stats REST API (api-web.nhle.com/v1)
359,2020020385,2020-2021,2020,Regular Season,Regular Season,2021-03-06,Saturday,01:00,Dallas Stars,Columbus Blue Jackets,Dallas Stars,Columbus Blue Jackets,DAL,CBJ,5,0,5,5,Dallas Stars,Columbus Blue Jackets,Home Win (5-0),5-0,Regulation,No,No,American Airlines Center,Dallas,OFF,J. Oettinger (Winning Goalie); J. Dickinson (GWG Scorer),Dallas Stars defeated Columbus Blue Jackets 5-0 in regulation at American Airlines Center (Dallas).,NHL Official Stats REST API (api-web.nhle.com/v1)
360,2020020386,2020-2021,2020,Regular Season,Regular Season,2021-03-06,Saturday,01:00,Colorado Avalanche,Anaheim Ducks,Colorado Avalanche,Anaheim Ducks,COL,ANA,4,5,9,1,Anaheim Ducks,Colorado Avalanche,Away Win (5-4 OT),4-5,Overtime,Yes,No,Ball Arena,Colorado,OFF,R. Miller (Winning Goalie); R. Getzlaf (GWG Scorer),Anaheim Ducks defeated Colorado Avalanche 5-4 in overtime at Ball Arena (Colorado).,NHL Official Stats REST API (api-web.nhle.com/v1)
361,2020020388,2020-2021,2020,Regular Season,Regular Season,2021-03-06,Saturday,02:00,Los Angeles Kings,St. Louis Blues,Los Angeles Kings,St. Louis Blues,LAK,STL,4,3,7,1,Los Angeles Kings,St. Louis Blues,Home Win (4-3 OT),4-3,Overtime,Yes,No,STAPLES Center,Los Angeles,OFF,J. Quick (Winning Goalie); A. Kempe (GWG Scorer),Los Angeles Kings defeated St. Louis Blues 4-3 in overtime at STAPLES Center (Los Angeles).,NHL Official Stats REST API (api-web.nhle.com/v1)
362,2020020383,2020-2021,2020,Regular Season,Regular Season,2021-03-06,Saturday,03:00,Edmonton Oilers,Calgary Flames,Edmonton Oilers,Calgary Flames,EDM,CGY,3,2,5,1,Edmonton Oilers,Calgary Flames,Home Win (3-2),3-2,Regulation,No,No,Rogers Place,Edmonton,OFF,M. Smith (Winning Goalie); C. McDavid (GWG Scorer),Edmonton Oilers defeated Calgary Flames 3-2 in regulation at Rogers Place (Edmonton).,NHL Official Stats REST API (api-web.nhle.com/v1)
363,2020020389,2020-2021,2020,Regular Season,Regular Season,2021-03-06,Saturday,03:30,San Jose Sharks,Vegas Golden Knights,San Jose Sharks,Vegas Golden Knights,SJS,VGK,0,4,4,4,Vegas Golden Knights,San Jose Sharks,Away Win (4-0),0-4,Regulation,No,No,SAP Center at San Jose,San Jose,OFF,M. Fleury (Winning Goalie); M. Stone (GWG Scorer),Vegas Golden Knights defeated San Jose Sharks 4-0 in regulation at SAP Center at San Jose (San Jose).,NHL Official Stats REST API (api-web.nhle.com/v1)
364,2020020391,2020-2021,2020,Regular Season,Regular Season,2021-03-07,Sunday,17:00,New York Islanders,Buffalo Sabres,New York Islanders,Buffalo Sabres,NYI,BUF,5,2,7,3,New York Islanders,Buffalo Sabres,Home Win (5-2),5-2,Regulation,No,No,Nassau Veterans Memorial Coliseum,New York,OFF,I. Sorokin (Winning Goalie); C. Cizikas (GWG Scorer),New York Islanders defeated Buffalo Sabres 5-2 in regulation at Nassau Veterans Memorial Coliseum (New York).,NHL Official Stats REST API (api-web.nhle.com/v1)
365,2020020394,2020-2021,2020,Regular Season,Regular Season,2021-03-07,Sunday,19:30,Chicago Blackhawks,Tampa Bay Lightning,Chicago Blackhawks,Tampa Bay Lightning,CHI,TBL,3,6,9,3,Tampa Bay Lightning,Chicago Blackhawks,Away Win (6-3),3-6,Regulation,No,No,United Center,Chicago,OFF,A. Vasilevskiy (Winning Goalie); Y. Gourde (GWG Scorer),Tampa Bay Lightning defeated Chicago Blackhawks 6-3 in regulation at United Center (Chicago).,NHL Official Stats REST API (api-web.nhle.com/v1)
366,2020020076,2020-2021,2020,Regular Season,Regular Season,2021-03-07,Sunday,22:00,Carolina Hurricanes,Florida Panthers,Carolina Hurricanes,Florida Panthers,CAR,FLA,4,2,6,2,Carolina Hurricanes,Florida Panthers,Home Win (4-2),4-2,Regulation,No,No,PNC Arena,Carolina,OFF,J. Reimer (Winning Goalie); S. Aho (GWG Scorer),Carolina Hurricanes defeated Florida Panthers 4-2 in regulation at PNC Arena (Carolina).,NHL Official Stats REST API (api-web.nhle.com/v1)
367,2020020244,2020-2021,2020,Regular Season,Regular Season,2021-03-07,Sunday,22:00,Boston Bruins,New Jersey Devils,Boston Bruins,New Jersey Devils,BOS,NJD,0,1,1,1,New Jersey Devils,Boston Bruins,Away Win (1-0),0-1,Regulation,No,No,TD Garden,Boston,OFF,S. Wedgewood (Winning Goalie); K. Palmieri (GWG Scorer),New Jersey Devils defeated Boston Bruins 1-0 in regulation at TD Garden (Boston).,NHL Official Stats REST API (api-web.nhle.com/v1)
368,2020020769,2020-2021,2020,Regular Season,Regular Season,2021-03-07,Sunday,00:00,Philadelphia Flyers,Washington Capitals,Philadelphia Flyers,Washington Capitals,PHI,WSH,1,3,4,2,Washington Capitals,Philadelphia Flyers,Away Win (3-1),1-3,Regulation,No,No,Wells Fargo Center,Philadelphia,OFF,I. Samsonov (Winning Goalie); D. Orlov (GWG Scorer),Washington Capitals defeated Philadelphia Flyers 3-1 in regulation at Wells Fargo Center (Philadelphia).,NHL Official Stats REST API (api-web.nhle.com/v1)
369,2020020393,2020-2021,2020,Regular Season,Regular Season,2021-03-07,Sunday,00:30,Pittsburgh Penguins,New York Rangers,Pittsburgh Penguins,New York Rangers,PIT,NYR,5,1,6,4,Pittsburgh Penguins,New York Rangers,Home Win (5-1),5-1,Regulation,No,No,PPG Paints Arena,Pittsburgh,OFF,C. DeSmith (Winning Goalie); K. Kapanen (GWG Scorer),Pittsburgh Penguins defeated New York Rangers 5-1 in regulation at PPG Paints Arena (Pittsburgh).,NHL Official Stats REST API (api-web.nhle.com/v1)
370,2020020250,2020-2021,2020,Regular Season,Regular Season,2021-03-07,Sunday,01:00,Dallas Stars,Nashville Predators,Dallas Stars,Nashville Predators,DAL,NSH,3,4,7,1,Nashville Predators,Dallas Stars,Away Win (4-3 SO),3-4,Shootout,Yes,Yes,American Airlines Center,Dallas,OFF,P. Rinne (Winning Goalie),Nashville Predators defeated Dallas Stars 4-3 in a shootout at American Airlines Center (Dallas).,NHL Official Stats REST API (api-web.nhle.com/v1)
371,2020020395,2020-2021,2020,Regular Season,Regular Season,2021-03-07,Sunday,02:30,Calgary Flames,Ottawa Senators,Calgary Flames,Ottawa Senators,CGY,OTT,3,4,7,1,Ottawa Senators,Calgary Flames,Away Win (4-3 SO),3-4,Shootout,Yes,Yes,Scotiabank Saddledome,Calgary,OFF,M. Murray (Winning Goalie),Ottawa Senators defeated Calgary Flames 4-3 in a shootout at Scotiabank Saddledome (Calgary).,NHL Official Stats REST API (api-web.nhle.com/v1)
372,2020020398,2020-2021,2020,Regular Season,Regular Season,2021-03-08,Monday,01:00,Minnesota Wild,Vegas Golden Knights,Minnesota Wild,Vegas Golden Knights,MIN,VGK,2,0,2,2,Minnesota Wild,Vegas Golden Knights,Home Win (2-0),2-0,Regulation,No,No,Xcel Energy Center,Minnesota,OFF,K. Kahkonen (Winning Goalie); K. Fiala (GWG Scorer),Minnesota Wild defeated Vegas Golden Knights 2-0 in regulation at Xcel Energy Center (Minnesota).,NHL Official Stats REST API (api-web.nhle.com/v1)
373,2020020326,2020-2021,2020,Regular Season,Regular Season,2021-03-08,Monday,02:00,San Jose Sharks,St. Louis Blues,San Jose Sharks,St. Louis Blues,SJS,STL,3,2,5,1,San Jose Sharks,St. Louis Blues,Home Win (3-2 OT),3-2,Overtime,Yes,No,SAP Center at San Jose,San Jose,OFF,D. Dubnyk (Winning Goalie); E. Kane (GWG Scorer),San Jose Sharks defeated St. Louis Blues 3-2 in overtime at SAP Center at San Jose (San Jose).,NHL Official Stats REST API (api-web.nhle.com/v1)
374,2020020396,2020-2021,2020,Regular Season,Regular Season,2021-03-08,Monday,02:00,Edmonton Oilers,Ottawa Senators,Edmonton Oilers,Ottawa Senators,EDM,OTT,3,2,5,1,Edmonton Oilers,Ottawa Senators,Home Win (3-2),3-2,Regulation,No,No,Rogers Place,Edmonton,OFF,M. Koskinen (Winning Goalie); L. Draisaitl (GWG Scorer),Edmonton Oilers defeated Ottawa Senators 3-2 in regulation at Rogers Place (Edmonton).,NHL Official Stats REST API (api-web.nhle.com/v1)
375,2020020399,2020-2021,2020,Regular Season,Regular Season,2021-03-08,Monday,02:00,Colorado Avalanche,Arizona Coyotes,Colorado Avalanche,Arizona Coyotes,COL,ARI,2,3,5,1,Arizona Coyotes,Colorado Avalanche,Away Win (3-2),2-3,Regulation,No,No,Ball Arena,Colorado,OFF,A. Raanta (Winning Goalie); J. Larsson (GWG Scorer),Arizona Coyotes defeated Colorado Avalanche 3-2 in regulation at Ball Arena (Colorado).,NHL Official Stats REST API (api-web.nhle.com/v1)
376,2020020397,2020-2021,2020,Regular Season,Regular Season,2021-03-08,Monday,03:00,Vancouver Canucks,Montréal Canadiens,Vancouver Canucks,Montréal Canadiens,VAN,MTL,2,1,3,1,Vancouver Canucks,Montréal Canadiens,Home Win (2-1 SO),2-1,Shootout,Yes,Yes,Rogers Arena,Vancouver,OFF,T. Demko (Winning Goalie),Vancouver Canucks defeated Montréal Canadiens 2-1 in a shootout at Rogers Arena (Vancouver).,NHL Official Stats REST API (api-web.nhle.com/v1)
377,2020020400,2020-2021,2020,Regular Season,Regular Season,2021-03-08,Monday,03:00,Anaheim Ducks,Los Angeles Kings,Anaheim Ducks,Los Angeles Kings,ANA,LAK,6,5,11,1,Anaheim Ducks,Los Angeles Kings,Home Win (6-5 OT),6-5,Overtime,Yes,No,Honda Center,Anaheim,OFF,J. Gibson (Winning Goalie); A. Henrique (GWG Scorer),Anaheim Ducks defeated Los Angeles Kings 6-5 in overtime at Honda Center (Anaheim).,NHL Official Stats REST API (api-web.nhle.com/v1)
378,2020020405,2020-2021,2020,Regular Season,Regular Season,2021-03-09,Tuesday,23:00,Pittsburgh Penguins,New York Rangers,Pittsburgh Penguins,New York Rangers,PIT,NYR,4,2,6,2,Pittsburgh Penguins,New York Rangers,Home Win (4-2),4-2,Regulation,No,No,PPG Paints Arena,Pittsburgh,OFF,T. Jarry (Winning Goalie); K. Kapanen (GWG Scorer),Pittsburgh Penguins defeated New York Rangers 4-2 in regulation at PPG Paints Arena (Pittsburgh).,NHL Official Stats REST API (api-web.nhle.com/v1)
379,2020020401,2020-2021,2020,Regular Season,Regular Season,2021-03-09,Tuesday,00:00,New York Islanders,Boston Bruins,New York Islanders,Boston Bruins,NYI,BOS,2,1,3,1,New York Islanders,Boston Bruins,Home Win (2-1 SO),2-1,Shootout,Yes,Yes,Nassau Veterans Memorial Coliseum,New York,OFF,S. Varlamov (Winning Goalie),New York Islanders defeated Boston Bruins 2-1 in a shootout at Nassau Veterans Memorial Coliseum (New York).,NHL Official Stats REST API (api-web.nhle.com/v1)
380,2020020402,2020-2021,2020,Regular Season,Regular Season,2021-03-09,Tuesday,00:00,Philadelphia Flyers,Buffalo Sabres,Philadelphia Flyers,Buffalo Sabres,PHI,BUF,5,4,9,1,Philadelphia Flyers,Buffalo Sabres,Home Win (5-4 SO),5-4,Shootout,Yes,Yes,Wells Fargo Center,Philadelphia,OFF,B. Elliott (Winning Goalie),Philadelphia Flyers defeated Buffalo Sabres 5-4 in a shootout at Wells Fargo Center (Philadelphia).,NHL Official Stats REST API (api-web.nhle.com/v1)
381,2020020403,2020-2021,2020,Regular Season,Regular Season,2021-03-09,Tuesday,00:00,Washington Capitals,New Jersey Devils,Washington Capitals,New Jersey Devils,WSH,NJD,5,4,9,1,Washington Capitals,New Jersey Devils,Home Win (5-4 OT),5-4,Overtime,Yes,No,Capital One Arena,Washington,OFF,V. Vanecek (Winning Goalie); J. Vrana (GWG Scorer),Washington Capitals defeated New Jersey Devils 5-4 in overtime at Capital One Arena (Washington).,NHL Official Stats REST API (api-web.nhle.com/v1)
382,2020020404,2020-2021,2020,Regular Season,Regular Season,2021-03-09,Tuesday,00:00,Carolina Hurricanes,Nashville Predators,Carolina Hurricanes,Nashville Predators,CAR,NSH,3,2,5,1,Carolina Hurricanes,Nashville Predators,Home Win (3-2 OT),3-2,Overtime,Yes,No,PNC Arena,Carolina,OFF,A. Nedeljkovic (Winning Goalie); J. Staal (GWG Scorer),Carolina Hurricanes defeated Nashville Predators 3-2 in overtime at PNC Arena (Carolina).,NHL Official Stats REST API (api-web.nhle.com/v1)
383,2020020406,2020-2021,2020,Regular Season,Regular Season,2021-03-09,Tuesday,00:00,Columbus Blue Jackets,Florida Panthers,Columbus Blue Jackets,Florida Panthers,CBJ,FLA,2,4,6,2,Florida Panthers,Columbus Blue Jackets,Away Win (4-2),2-4,Regulation,No,No,Nationwide Arena,Columbus,OFF,S. Bobrovsky (Winning Goalie); O. Tippett (GWG Scorer),Florida Panthers defeated Columbus Blue Jackets 4-2 in regulation at Nationwide Arena (Columbus).,NHL Official Stats REST API (api-web.nhle.com/v1)
384,2020020408,2020-2021,2020,Regular Season,Regular Season,2021-03-09,Tuesday,00:00,Toronto Maple Leafs,Winnipeg Jets,Toronto Maple Leafs,Winnipeg Jets,TOR,WPG,3,4,7,1,Winnipeg Jets,Toronto Maple Leafs,Away Win (4-3),3-4,Regulation,No,No,Scotiabank Arena,Toronto,OFF,C. Hellebuyck (Winning Goalie); M. Appleton (GWG Scorer),Winnipeg Jets defeated Toronto Maple Leafs 4-3 in regulation at Scotiabank Arena (Toronto).,NHL Official Stats REST API (api-web.nhle.com/v1)
385,2020020407,2020-2021,2020,Regular Season,Regular Season,2021-03-09,Tuesday,00:30,Detroit Red Wings,Tampa Bay Lightning,Detroit Red Wings,Tampa Bay Lightning,DET,TBL,3,4,7,1,Tampa Bay Lightning,Detroit Red Wings,Away Win (4-3 OT),3-4,Overtime,Yes,No,Little Caesars Arena,Detroit,OFF,A. Vasilevskiy (Winning Goalie); B. Coleman (GWG Scorer),Tampa Bay Lightning defeated Detroit Red Wings 4-3 in overtime at Little Caesars Arena (Detroit).,NHL Official Stats REST API (api-web.nhle.com/v1)
386,2020020409,2020-2021,2020,Regular Season,Regular Season,2021-03-09,Tuesday,01:30,Dallas Stars,Chicago Blackhawks,Dallas Stars,Chicago Blackhawks,DAL,CHI,6,1,7,5,Dallas Stars,Chicago Blackhawks,Home Win (6-1),6-1,Regulation,No,No,American Airlines Center,Dallas,OFF,A. Khudobin (Winning Goalie); J. Oleksiak (GWG Scorer),Dallas Stars defeated Chicago Blackhawks 6-1 in regulation at American Airlines Center (Dallas).,NHL Official Stats REST API (api-web.nhle.com/v1)
387,2020020412,2020-2021,2020,Regular Season,Regular Season,2021-03-10,Wednesday,00:00,Minnesota Wild,Vegas Golden Knights,Minnesota Wild,Vegas Golden Knights,MIN,VGK,4,3,7,1,Minnesota Wild,Vegas Golden Knights,Home Win (4-3),4-3,Regulation,No,No,Xcel Energy Center,Minnesota,OFF,K. Kahkonen (Winning Goalie); C. Soucy (GWG Scorer),Minnesota Wild defeated Vegas Golden Knights 4-3 in regulation at Xcel Energy Center (Minnesota).,NHL Official Stats REST API (api-web.nhle.com/v1)
388,2020020410,2020-2021,2020,Regular Season,Regular Season,2021-03-10,Wednesday,01:00,Edmonton Oilers,Ottawa Senators,Edmonton Oilers,Ottawa Senators,EDM,OTT,7,1,8,6,Edmonton Oilers,Ottawa Senators,Home Win (7-1),7-1,Regulation,No,No,Rogers Place,Edmonton,OFF,M. Smith (Winning Goalie); J. Khaira (GWG Scorer),Edmonton Oilers defeated Ottawa Senators 7-1 in regulation at Rogers Place (Edmonton).,NHL Official Stats REST API (api-web.nhle.com/v1)
389,2020020413,2020-2021,2020,Regular Season,Regular Season,2021-03-10,Wednesday,02:00,Colorado Avalanche,Arizona Coyotes,Colorado Avalanche,Arizona Coyotes,COL,ARI,2,1,3,1,Colorado Avalanche,Arizona Coyotes,Home Win (2-1 OT),2-1,Overtime,Yes,No,Ball Arena,Colorado,OFF,P. Grubauer (Winning Goalie); G. Landeskog (GWG Scorer),Colorado Avalanche defeated Arizona Coyotes 2-1 in overtime at Ball Arena (Colorado).,NHL Official Stats REST API (api-web.nhle.com/v1)
390,2020020414,2020-2021,2020,Regular Season,Regular Season,2021-03-10,Wednesday,02:30,Anaheim Ducks,Los Angeles Kings,Anaheim Ducks,Los Angeles Kings,ANA,LAK,1,5,6,4,Los Angeles Kings,Anaheim Ducks,Away Win (5-1),1-5,Regulation,No,No,Honda Center,Anaheim,OFF,T. Grosenick (Winning Goalie); A. Kopitar (GWG Scorer),Los Angeles Kings defeated Anaheim Ducks 5-1 in regulation at Honda Center (Anaheim).,NHL Official Stats REST API (api-web.nhle.com/v1)
391,2020020411,2020-2021,2020,Regular Season,Regular Season,2021-03-10,Wednesday,04:00,Vancouver Canucks,Montréal Canadiens,Vancouver Canucks,Montréal Canadiens,VAN,MTL,1,5,6,4,Montréal Canadiens,Vancouver Canucks,Away Win (5-1),1-5,Regulation,No,No,Rogers Arena,Vancouver,OFF,C. Price (Winning Goalie); C. Perry (GWG Scorer),Montréal Canadiens defeated Vancouver Canucks 5-1 in regulation at Rogers Arena (Vancouver).,NHL Official Stats REST API (api-web.nhle.com/v1)
392,2020020415,2020-2021,2020,Regular Season,Regular Season,2021-03-11,Thursday,00:00,Boston Bruins,New York Rangers,Boston Bruins,New York Rangers,BOS,NYR,4,0,4,4,Boston Bruins,New York Rangers,Home Win (4-0),4-0,Regulation,No,No,TD Garden,Boston,OFF,J. Halak (Winning Goalie); D. Pastrnak (GWG Scorer),Boston Bruins defeated New York Rangers 4-0 in regulation at TD Garden (Boston).,NHL Official Stats REST API (api-web.nhle.com/v1)
393,2020020416,2020-2021,2020,Regular Season,Regular Season,2021-03-11,Thursday,00:00,Buffalo Sabres,Pittsburgh Penguins,Buffalo Sabres,Pittsburgh Penguins,BUF,PIT,2,5,7,3,Pittsburgh Penguins,Buffalo Sabres,Away Win (5-2),2-5,Regulation,No,No,KeyBank Center,Buffalo,OFF,T. Jarry (Winning Goalie); J. Guentzel (GWG Scorer),Pittsburgh Penguins defeated Buffalo Sabres 5-2 in regulation at KeyBank Center (Buffalo).,NHL Official Stats REST API (api-web.nhle.com/v1)
394,2020020417,2020-2021,2020,Regular Season,Regular Season,2021-03-11,Thursday,00:00,New York Islanders,New Jersey Devils,New York Islanders,New Jersey Devils,NYI,NJD,5,3,8,2,New York Islanders,New Jersey Devils,Home Win (5-3),5-3,Regulation,No,No,Nassau Veterans Memorial Coliseum,New York,OFF,I. Sorokin (Winning Goalie); J. Bailey (GWG Scorer),New York Islanders defeated New Jersey Devils 5-3 in regulation at Nassau Veterans Memorial Coliseum (New York).,NHL Official Stats REST API (api-web.nhle.com/v1)
395,2020020418,2020-2021,2020,Regular Season,Regular Season,2021-03-11,Thursday,00:00,Philadelphia Flyers,Washington Capitals,Philadelphia Flyers,Washington Capitals,PHI,WSH,3,5,8,2,Washington Capitals,Philadelphia Flyers,Away Win (5-3),3-5,Regulation,No,No,Wells Fargo Center,Philadelphia,OFF,I. Samsonov (Winning Goalie); N. Dowd (GWG Scorer),Washington Capitals defeated Philadelphia Flyers 5-3 in regulation at Wells Fargo Center (Philadelphia).,NHL Official Stats REST API (api-web.nhle.com/v1)
396,2020020419,2020-2021,2020,Regular Season,Regular Season,2021-03-11,Thursday,00:00,Carolina Hurricanes,Nashville Predators,Carolina Hurricanes,Nashville Predators,CAR,NSH,5,1,6,4,Carolina Hurricanes,Nashville Predators,Home Win (5-1),5-1,Regulation,No,No,PNC Arena,Carolina,OFF,J. Reimer (Winning Goalie); B. McGinn (GWG Scorer),Carolina Hurricanes defeated Nashville Predators 5-1 in regulation at PNC Arena (Carolina).,NHL Official Stats REST API (api-web.nhle.com/v1)
397,2020020420,2020-2021,2020,Regular Season,Regular Season,2021-03-11,Thursday,00:00,Columbus Blue Jackets,Florida Panthers,Columbus Blue Jackets,Florida Panthers,CBJ,FLA,4,5,9,1,Florida Panthers,Columbus Blue Jackets,Away Win (5-4 OT),4-5,Overtime,Yes,No,Nationwide Arena,Columbus,OFF,S. Bobrovsky (Winning Goalie); F. Vatrano (GWG Scorer),Florida Panthers defeated Columbus Blue Jackets 5-4 in overtime at Nationwide Arena (Columbus).,NHL Official Stats REST API (api-web.nhle.com/v1)
398,2020020422,2020-2021,2020,Regular Season,Regular Season,2021-03-11,Thursday,00:00,Toronto Maple Leafs,Winnipeg Jets,Toronto Maple Leafs,Winnipeg Jets,TOR,WPG,4,3,7,1,Toronto Maple Leafs,Winnipeg Jets,Home Win (4-3 OT),4-3,Overtime,Yes,No,Scotiabank Arena,Toronto,OFF,F. Andersen (Winning Goalie); A. Matthews (GWG Scorer),Toronto Maple Leafs defeated Winnipeg Jets 4-3 in overtime at Scotiabank Arena (Toronto).,NHL Official Stats REST API (api-web.nhle.com/v1)
399,2020020421,2020-2021,2020,Regular Season,Regular Season,2021-03-11,Thursday,00:30,Detroit Red Wings,Tampa Bay Lightning,Detroit Red Wings,Tampa Bay Lightning,DET,TBL,6,4,10,2,Detroit Red Wings,Tampa Bay Lightning,Home Win (6-4),6-4,Regulation,No,No,Little Caesars Arena,Detroit,OFF,J. Bernier (Winning Goalie); R. Fabbri (GWG Scorer),Detroit Red Wings defeated Tampa Bay Lightning 6-4 in regulation at Little Caesars Arena (Detroit).,NHL Official Stats REST API (api-web.nhle.com/v1)
400,2020020424,2020-2021,2020,Regular Season,Regular Season,2021-03-11,Thursday,01:30,Dallas Stars,Chicago Blackhawks,Dallas Stars,Chicago Blackhawks,DAL,CHI,2,4,6,2,Chicago Blackhawks,Dallas Stars,Away Win (4-2),2-4,Regulation,No,No,American Airlines Center,Dallas,OFF,K. Lankinen (Winning Goalie); D. Keith (GWG Scorer),Chicago Blackhawks defeated Dallas Stars 4-2 in regulation at American Airlines Center (Dallas).,NHL Official Stats REST API (api-web.nhle.com/v1)
401,2020020423,2020-2021,2020,Regular Season,Regular Season,2021-03-11,Thursday,02:00,Calgary Flames,Montréal Canadiens,Calgary Flames,Montréal Canadiens,CGY,MTL,2,1,3,1,Calgary Flames,Montréal Canadiens,Home Win (2-1),2-1,Regulation,No,No,Scotiabank Saddledome,Calgary,OFF,J. Markstrom (Winning Goalie); J. Leivo (GWG Scorer),Calgary Flames defeated Montréal Canadiens 2-1 in regulation at Scotiabank Saddledome (Calgary).,NHL Official Stats REST API (api-web.nhle.com/v1)
402,2020020425,2020-2021,2020,Regular Season,Regular Season,2021-03-12,Friday,01:00,St. Louis Blues,Vegas Golden Knights,St. Louis Blues,Vegas Golden Knights,STL,VGK,4,5,9,1,Vegas Golden Knights,St. Louis Blues,Away Win (5-4 OT),4-5,Overtime,Yes,No,Enterprise Center,St. Louis,OFF,M. Fleury (Winning Goalie); R. Smith (GWG Scorer),Vegas Golden Knights defeated St. Louis Blues 5-4 in overtime at Enterprise Center (St. Louis).,NHL Official Stats REST API (api-web.nhle.com/v1)
403,2020020427,2020-2021,2020,Regular Season,Regular Season,2021-03-12,Friday,01:00,Minnesota Wild,Arizona Coyotes,Minnesota Wild,Arizona Coyotes,MIN,ARI,4,0,4,4,Minnesota Wild,Arizona Coyotes,Home Win (4-0),4-0,Regulation,No,No,Xcel Energy Center,Minnesota,OFF,C. Talbot (Winning Goalie); K. Kaprizov (GWG Scorer),Minnesota Wild defeated Arizona Coyotes 4-0 in regulation at Xcel Energy Center (Minnesota).,NHL Official Stats REST API (api-web.nhle.com/v1)
404,2020020426,2020-2021,2020,Regular Season,Regular Season,2021-03-12,Friday,02:00,Edmonton Oilers,Ottawa Senators,Edmonton Oilers,Ottawa Senators,EDM,OTT,6,2,8,4,Edmonton Oilers,Ottawa Senators,Home Win (6-2),6-2,Regulation,No,No,Rogers Place,Edmonton,OFF,M. Smith (Winning Goalie); D. Nurse (GWG Scorer),Edmonton Oilers defeated Ottawa Senators 6-2 in regulation at Rogers Place (Edmonton).,NHL Official Stats REST API (api-web.nhle.com/v1)
405,2020020428,2020-2021,2020,Regular Season,Regular Season,2021-03-12,Friday,02:00,Colorado Avalanche,Los Angeles Kings,Colorado Avalanche,Los Angeles Kings,COL,LAK,2,0,2,2,Colorado Avalanche,Los Angeles Kings,Home Win (2-0),2-0,Regulation,No,No,Ball Arena,Colorado,OFF,P. Grubauer (Winning Goalie); M. Rantanen (GWG Scorer),Colorado Avalanche defeated Los Angeles Kings 2-0 in regulation at Ball Arena (Colorado).,NHL Official Stats REST API (api-web.nhle.com/v1)
406,2020020429,2020-2021,2020,Regular Season,Regular Season,2021-03-12,Friday,03:00,Anaheim Ducks,San Jose Sharks,Anaheim Ducks,San Jose Sharks,ANA,SJS,0,6,6,6,San Jose Sharks,Anaheim Ducks,Away Win (6-0),0-6,Regulation,No,No,Honda Center,Anaheim,OFF,D. Dubnyk (Winning Goalie); T. Hertl (GWG Scorer),San Jose Sharks defeated Anaheim Ducks 6-0 in regulation at Honda Center (Anaheim).,NHL Official Stats REST API (api-web.nhle.com/v1)
407,2020020430,2020-2021,2020,Regular Season,Regular Season,2021-03-13,Saturday,18:00,Boston Bruins,New York Rangers,Boston Bruins,New York Rangers,BOS,NYR,0,4,4,4,New York Rangers,Boston Bruins,Away Win (4-0),0-4,Regulation,No,No,TD Garden,Boston,OFF,K. Kinkaid (Winning Goalie); K. Miller (GWG Scorer),New York Rangers defeated Boston Bruins 4-0 in regulation at TD Garden (Boston).,NHL Official Stats REST API (api-web.nhle.com/v1)
408,2020020436,2020-2021,2020,Regular Season,Regular Season,2021-03-13,Saturday,22:00,Columbus Blue Jackets,Dallas Stars,Columbus Blue Jackets,Dallas Stars,CBJ,DAL,4,3,7,1,Columbus Blue Jackets,Dallas Stars,Home Win (4-3 OT),4-3,Overtime,Yes,No,Nationwide Arena,Columbus,OFF,E. Merzlikins (Winning Goalie); Z. Werenski (GWG Scorer),Columbus Blue Jackets defeated Dallas Stars 4-3 in overtime at Nationwide Arena (Columbus).,NHL Official Stats REST API (api-web.nhle.com/v1)
409,2020020431,2020-2021,2020,Regular Season,Regular Season,2021-03-13,Saturday,00:00,Buffalo Sabres,Pittsburgh Penguins,Buffalo Sabres,Pittsburgh Penguins,BUF,PIT,0,3,3,3,Pittsburgh Penguins,Buffalo Sabres,Away Win (3-0),0-3,Regulation,No,No,KeyBank Center,Buffalo,OFF,C. DeSmith (Winning Goalie); J. Guentzel (GWG Scorer),Pittsburgh Penguins defeated Buffalo Sabres 3-0 in regulation at KeyBank Center (Buffalo).,NHL Official Stats REST API (api-web.nhle.com/v1)
410,2020020432,2020-2021,2020,Regular Season,Regular Season,2021-03-13,Saturday,00:00,New Jersey Devils,New York Islanders,New Jersey Devils,New York Islanders,NJD,NYI,2,3,5,1,New York Islanders,New Jersey Devils,Away Win (3-2),2-3,Regulation,No,No,Prudential Center,New Jersey,OFF,S. Varlamov (Winning Goalie); K. Bellows (GWG Scorer),New York Islanders defeated New Jersey Devils 3-2 in regulation at Prudential Center (New Jersey).,NHL Official Stats REST API (api-web.nhle.com/v1)
411,2020020433,2020-2021,2020,Regular Season,Regular Season,2021-03-13,Saturday,00:00,Philadelphia Flyers,Washington Capitals,Philadelphia Flyers,Washington Capitals,PHI,WSH,4,5,9,1,Washington Capitals,Philadelphia Flyers,Away Win (5-4),4-5,Regulation,No,No,Wells Fargo Center,Philadelphia,OFF,I. Samsonov (Winning Goalie); N. Dowd (GWG Scorer),Washington Capitals defeated Philadelphia Flyers 5-4 in regulation at Wells Fargo Center (Philadelphia).,NHL Official Stats REST API (api-web.nhle.com/v1)
412,2020020434,2020-2021,2020,Regular Season,Regular Season,2021-03-13,Saturday,00:00,Tampa Bay Lightning,Nashville Predators,Tampa Bay Lightning,Nashville Predators,TBL,NSH,6,3,9,3,Tampa Bay Lightning,Nashville Predators,Home Win (6-3),6-3,Regulation,No,No,Amalie Arena,Tampa Bay,OFF,A. Vasilevskiy (Winning Goalie); B. Point (GWG Scorer),Tampa Bay Lightning defeated Nashville Predators 6-3 in regulation at Amalie Arena (Tampa Bay).,NHL Official Stats REST API (api-web.nhle.com/v1)
413,2020020435,2020-2021,2020,Regular Season,Regular Season,2021-03-13,Saturday,00:00,Florida Panthers,Chicago Blackhawks,Florida Panthers,Chicago Blackhawks,FLA,CHI,4,2,6,2,Florida Panthers,Chicago Blackhawks,Home Win (4-2),4-2,Regulation,No,No,BB&T Center,Florida,OFF,S. Bobrovsky (Winning Goalie); F. Vatrano (GWG Scorer),Florida Panthers defeated Chicago Blackhawks 4-2 in regulation at BB&T Center (Florida).,NHL Official Stats REST API (api-web.nhle.com/v1)
414,2020020438,2020-2021,2020,Regular Season,Regular Season,2021-03-13,Saturday,00:00,Toronto Maple Leafs,Winnipeg Jets,Toronto Maple Leafs,Winnipeg Jets,TOR,WPG,2,5,7,3,Winnipeg Jets,Toronto Maple Leafs,Away Win (5-2),2-5,Regulation,No,No,Scotiabank Arena,Toronto,OFF,L. Brossoit (Winning Goalie); A. Lowry (GWG Scorer),Winnipeg Jets defeated Toronto Maple Leafs 5-2 in regulation at Scotiabank Arena (Toronto).,NHL Official Stats REST API (api-web.nhle.com/v1)
415,2020020439,2020-2021,2020,Regular Season,Regular Season,2021-03-13,Saturday,00:00,Calgary Flames,Montréal Canadiens,Calgary Flames,Montréal Canadiens,CGY,MTL,3,1,4,2,Calgary Flames,Montréal Canadiens,Home Win (3-1),3-1,Regulation,No,No,Scotiabank Saddledome,Calgary,OFF,J. Markstrom (Winning Goalie); S. Monahan (GWG Scorer),Calgary Flames defeated Montréal Canadiens 3-1 in regulation at Scotiabank Saddledome (Calgary).,NHL Official Stats REST API (api-web.nhle.com/v1)
416,2020020437,2020-2021,2020,Regular Season,Regular Season,2021-03-13,Saturday,01:00,St. Louis Blues,Vegas Golden Knights,St. Louis Blues,Vegas Golden Knights,STL,VGK,1,5,6,4,Vegas Golden Knights,St. Louis Blues,Away Win (5-1),1-5,Regulation,No,No,Enterprise Center,St. Louis,OFF,M. Fleury (Winning Goalie); M. Stone (GWG Scorer),Vegas Golden Knights defeated St. Louis Blues 5-1 in regulation at Enterprise Center (St. Louis).,NHL Official Stats REST API (api-web.nhle.com/v1)
417,2020020440,2020-2021,2020,Regular Season,Regular Season,2021-03-13,Saturday,03:00,Vancouver Canucks,Edmonton Oilers,Vancouver Canucks,Edmonton Oilers,VAN,EDM,2,1,3,1,Vancouver Canucks,Edmonton Oilers,Home Win (2-1),2-1,Regulation,No,No,Rogers Arena,Vancouver,OFF,T. Demko (Winning Goalie); T. Myers (GWG Scorer),Vancouver Canucks defeated Edmonton Oilers 2-1 in regulation at Rogers Arena (Vancouver).,NHL Official Stats REST API (api-web.nhle.com/v1)
418,2020020441,2020-2021,2020,Regular Season,Regular Season,2021-03-13,Saturday,03:00,Anaheim Ducks,San Jose Sharks,Anaheim Ducks,San Jose Sharks,ANA,SJS,1,3,4,2,San Jose Sharks,Anaheim Ducks,Away Win (3-1),1-3,Regulation,No,No,Honda Center,Anaheim,OFF,M. Jones (Winning Goalie); K. Labanc (GWG Scorer),San Jose Sharks defeated Anaheim Ducks 3-1 in regulation at Honda Center (Anaheim).,NHL Official Stats REST API (api-web.nhle.com/v1)
419,2020020444,2020-2021,2020,Regular Season,Regular Season,2021-03-14,Sunday,18:00,Minnesota Wild,Arizona Coyotes,Minnesota Wild,Arizona Coyotes,MIN,ARI,4,1,5,3,Minnesota Wild,Arizona Coyotes,Home Win (4-1),4-1,Regulation,No,No,Xcel Energy Center,Minnesota,OFF,C. Talbot (Winning Goalie); N. Bonino (GWG Scorer),Minnesota Wild defeated Arizona Coyotes 4-1 in regulation at Xcel Energy Center (Minnesota).,NHL Official Stats REST API (api-web.nhle.com/v1)
420,2020020442,2020-2021,2020,Regular Season,Regular Season,2021-03-14,Sunday,21:00,Detroit Red Wings,Carolina Hurricanes,Detroit Red Wings,Carolina Hurricanes,DET,CAR,1,2,3,1,Carolina Hurricanes,Detroit Red Wings,Away Win (2-1),1-2,Regulation,No,No,Little Caesars Arena,Detroit,OFF,A. Nedeljkovic (Winning Goalie); N. Niederreiter (GWG Scorer),Carolina Hurricanes defeated Detroit Red Wings 2-1 in regulation at Little Caesars Arena (Detroit).,NHL Official Stats REST API (api-web.nhle.com/v1)
421,2020020451,2020-2021,2020,Regular Season,Regular Season,2021-03-14,Sunday,21:00,Columbus Blue Jackets,Dallas Stars,Columbus Blue Jackets,Dallas Stars,CBJ,DAL,1,2,3,1,Dallas Stars,Columbus Blue Jackets,Away Win (2-1 SO),1-2,Shootout,Yes,Yes,Nationwide Arena,Columbus,OFF,J. Oettinger (Winning Goalie),Dallas Stars defeated Columbus Blue Jackets 2-1 in a shootout at Nationwide Arena (Columbus).,NHL Official Stats REST API (api-web.nhle.com/v1)
422,2020020767,2020-2021,2020,Regular Season,Regular Season,2021-03-14,Sunday,21:00,New Jersey Devils,New York Islanders,New Jersey Devils,New York Islanders,NJD,NYI,2,3,5,1,New York Islanders,New Jersey Devils,Away Win (3-2 SO),2-3,Shootout,Yes,Yes,Prudential Center,New Jersey,OFF,I. Sorokin (Winning Goalie); O. Wahlstrom (GWG Scorer),New York Islanders defeated New Jersey Devils 3-2 in a shootout at Prudential Center (New Jersey).,NHL Official Stats REST API (api-web.nhle.com/v1)
423,2020020445,2020-2021,2020,Regular Season,Regular Season,2021-03-14,Sunday,21:30,Colorado Avalanche,Los Angeles Kings,Colorado Avalanche,Los Angeles Kings,COL,LAK,4,1,5,3,Colorado Avalanche,Los Angeles Kings,Home Win (4-1),4-1,Regulation,No,No,Ball Arena,Colorado,OFF,P. Grubauer (Winning Goalie); A. Burakovsky (GWG Scorer),Colorado Avalanche defeated Los Angeles Kings 4-1 in regulation at Ball Arena (Colorado).,NHL Official Stats REST API (api-web.nhle.com/v1)
424,2020020443,2020-2021,2020,Regular Season,Regular Season,2021-03-14,Sunday,23:00,Ottawa Senators,Toronto Maple Leafs,Ottawa Senators,Toronto Maple Leafs,OTT,TOR,4,3,7,1,Ottawa Senators,Toronto Maple Leafs,Home Win (4-3),4-3,Regulation,No,No,Canadian Tire Centre,Ottawa,OFF,J. Daccord (Winning Goalie); D. Batherson (GWG Scorer),Ottawa Senators defeated Toronto Maple Leafs 4-3 in regulation at Canadian Tire Centre (Ottawa).,NHL Official Stats REST API (api-web.nhle.com/v1)
425,2020020448,2020-2021,2020,Regular Season,Regular Season,2021-03-15,Monday,20:00,Tampa Bay Lightning,Nashville Predators,Tampa Bay Lightning,Nashville Predators,TBL,NSH,1,4,5,3,Nashville Predators,Tampa Bay Lightning,Away Win (4-1),1-4,Regulation,No,No,Amalie Arena,Tampa Bay,OFF,P. Rinne (Winning Goalie); V. Arvidsson (GWG Scorer),Nashville Predators defeated Tampa Bay Lightning 4-1 in regulation at Amalie Arena (Tampa Bay).,NHL Official Stats REST API (api-web.nhle.com/v1)
426,2020020214,2020-2021,2020,Regular Season,Regular Season,2021-03-15,Monday,23:00,Buffalo Sabres,Washington Capitals,Buffalo Sabres,Washington Capitals,BUF,WSH,0,6,6,6,Washington Capitals,Buffalo Sabres,Away Win (6-0),0-6,Regulation,No,No,KeyBank Center,Buffalo,OFF,V. Vanecek (Winning Goalie); E. Kuznetsov (GWG Scorer),Washington Capitals defeated Buffalo Sabres 6-0 in regulation at KeyBank Center (Buffalo).,NHL Official Stats REST API (api-web.nhle.com/v1)
427,2020020446,2020-2021,2020,Regular Season,Regular Season,2021-03-15,Monday,23:00,New York Rangers,Philadelphia Flyers,New York Rangers,Philadelphia Flyers,NYR,PHI,4,5,9,1,Philadelphia Flyers,New York Rangers,Away Win (5-4 OT),4-5,Overtime,Yes,No,Madison Square Garden,New York,OFF,C. Hart (Winning Goalie); J. Voracek (GWG Scorer),Philadelphia Flyers defeated New York Rangers 5-4 in overtime at Madison Square Garden (New York).,NHL Official Stats REST API (api-web.nhle.com/v1)
428,2020020449,2020-2021,2020,Regular Season,Regular Season,2021-03-15,Monday,23:00,Florida Panthers,Chicago Blackhawks,Florida Panthers,Chicago Blackhawks,FLA,CHI,6,3,9,3,Florida Panthers,Chicago Blackhawks,Home Win (6-3),6-3,Regulation,No,No,BB&T Center,Florida,OFF,S. Bobrovsky (Winning Goalie); A. Barkov (GWG Scorer),Florida Panthers defeated Chicago Blackhawks 6-3 in regulation at BB&T Center (Florida).,NHL Official Stats REST API (api-web.nhle.com/v1)
429,2020020450,2020-2021,2020,Regular Season,Regular Season,2021-03-15,Monday,23:00,Pittsburgh Penguins,Boston Bruins,Pittsburgh Penguins,Boston Bruins,PIT,BOS,4,1,5,3,Pittsburgh Penguins,Boston Bruins,Home Win (4-1),4-1,Regulation,No,No,PPG Paints Arena,Pittsburgh,OFF,T. Jarry (Winning Goalie); S. Crosby (GWG Scorer),Pittsburgh Penguins defeated Boston Bruins 4-1 in regulation at PPG Paints Arena (Pittsburgh).,NHL Official Stats REST API (api-web.nhle.com/v1)
430,2020020452,2020-2021,2020,Regular Season,Regular Season,2021-03-15,Monday,23:00,Ottawa Senators,Vancouver Canucks,Ottawa Senators,Vancouver Canucks,OTT,VAN,2,3,5,1,Vancouver Canucks,Ottawa Senators,Away Win (3-2 OT),2-3,Overtime,Yes,No,Canadian Tire Centre,Ottawa,OFF,T. Demko (Winning Goalie); J. Miller (GWG Scorer),Vancouver Canucks defeated Ottawa Senators 3-2 in overtime at Canadian Tire Centre (Ottawa).,NHL Official Stats REST API (api-web.nhle.com/v1)
431,2020020453,2020-2021,2020,Regular Season,Regular Season,2021-03-15,Monday,00:00,Winnipeg Jets,Montréal Canadiens,Winnipeg Jets,Montréal Canadiens,WPG,MTL,2,4,6,2,Montréal Canadiens,Winnipeg Jets,Away Win (4-2),2-4,Regulation,No,No,Bell MTS Place,Winnipeg,OFF,C. Price (Winning Goalie); T. Toffoli (GWG Scorer),Montréal Canadiens defeated Winnipeg Jets 4-2 in regulation at Bell MTS Place (Winnipeg).,NHL Official Stats REST API (api-web.nhle.com/v1)
432,2020020454,2020-2021,2020,Regular Season,Regular Season,2021-03-15,Monday,01:00,Calgary Flames,Edmonton Oilers,Calgary Flames,Edmonton Oilers,CGY,EDM,4,3,7,1,Calgary Flames,Edmonton Oilers,Home Win (4-3),4-3,Regulation,No,No,Scotiabank Saddledome,Calgary,OFF,J. Markstrom (Winning Goalie); N. Hanifin (GWG Scorer),Calgary Flames defeated Edmonton Oilers 4-3 in regulation at Scotiabank Saddledome (Calgary).,NHL Official Stats REST API (api-web.nhle.com/v1)
433,2020020455,2020-2021,2020,Regular Season,Regular Season,2021-03-15,Monday,02:00,Vegas Golden Knights,San Jose Sharks,Vegas Golden Knights,San Jose Sharks,VGK,SJS,2,1,3,1,Vegas Golden Knights,San Jose Sharks,Home Win (2-1),2-1,Regulation,No,No,T-Mobile Arena,Vegas,OFF,M. Fleury (Winning Goalie); M. Stone (GWG Scorer),Vegas Golden Knights defeated San Jose Sharks 2-1 in regulation at T-Mobile Arena (Vegas).,NHL Official Stats REST API (api-web.nhle.com/v1)
434,2020020457,2020-2021,2020,Regular Season,Regular Season,2021-03-16,Tuesday,23:00,New Jersey Devils,Buffalo Sabres,New Jersey Devils,Buffalo Sabres,NJD,BUF,3,2,5,1,New Jersey Devils,Buffalo Sabres,Home Win (3-2),3-2,Regulation,No,No,Prudential Center,New Jersey,OFF,M. Blackwood (Winning Goalie); M. Wood (GWG Scorer),New Jersey Devils defeated Buffalo Sabres 3-2 in regulation at Prudential Center (New Jersey).,NHL Official Stats REST API (api-web.nhle.com/v1)
435,2020020458,2020-2021,2020,Regular Season,Regular Season,2021-03-16,Tuesday,23:00,Washington Capitals,New York Islanders,Washington Capitals,New York Islanders,WSH,NYI,3,1,4,2,Washington Capitals,New York Islanders,Home Win (3-1),3-1,Regulation,No,No,Capital One Arena,Washington,OFF,I. Samsonov (Winning Goalie); A. Ovechkin (GWG Scorer),Washington Capitals defeated New York Islanders 3-1 in regulation at Capital One Arena (Washington).,NHL Official Stats REST API (api-web.nhle.com/v1)
436,2020020459,2020-2021,2020,Regular Season,Regular Season,2021-03-16,Tuesday,23:00,Pittsburgh Penguins,Boston Bruins,Pittsburgh Penguins,Boston Bruins,PIT,BOS,1,2,3,1,Boston Bruins,Pittsburgh Penguins,Away Win (2-1),1-2,Regulation,No,No,PPG Paints Arena,Pittsburgh,OFF,D. Vladar (Winning Goalie); T. Frederic (GWG Scorer),Boston Bruins defeated Pittsburgh Penguins 2-1 in regulation at PPG Paints Arena (Pittsburgh).,NHL Official Stats REST API (api-web.nhle.com/v1)
437,2020020460,2020-2021,2020,Regular Season,Regular Season,2021-03-16,Tuesday,23:30,Detroit Red Wings,Carolina Hurricanes,Detroit Red Wings,Carolina Hurricanes,DET,CAR,4,2,6,2,Detroit Red Wings,Carolina Hurricanes,Home Win (4-2),4-2,Regulation,No,No,Little Caesars Arena,Detroit,OFF,J. Bernier (Winning Goalie); R. Fabbri (GWG Scorer),Detroit Red Wings defeated Carolina Hurricanes 4-2 in regulation at Little Caesars Arena (Detroit).,NHL Official Stats REST API (api-web.nhle.com/v1)
438,2020020186,2020-2021,2020,Regular Season,Regular Season,2021-03-16,Tuesday,00:00,Minnesota Wild,Arizona Coyotes,Minnesota Wild,Arizona Coyotes,MIN,ARI,3,0,3,3,Minnesota Wild,Arizona Coyotes,Home Win (3-0),3-0,Regulation,No,No,Xcel Energy Center,Minnesota,OFF,K. Kahkonen (Winning Goalie); R. Hartman (GWG Scorer),Minnesota Wild defeated Arizona Coyotes 3-0 in regulation at Xcel Energy Center (Minnesota).,NHL Official Stats REST API (api-web.nhle.com/v1)
439,2020020286,2020-2021,2020,Regular Season,Regular Season,2021-03-16,Tuesday,00:30,Dallas Stars,Tampa Bay Lightning,Dallas Stars,Tampa Bay Lightning,DAL,TBL,3,4,7,1,Tampa Bay Lightning,Dallas Stars,Away Win (4-3 SO),3-4,Shootout,Yes,Yes,American Airlines Center,Dallas,OFF,A. Vasilevskiy (Winning Goalie),Tampa Bay Lightning defeated Dallas Stars 4-3 in a shootout at American Airlines Center (Dallas).,NHL Official Stats REST API (api-web.nhle.com/v1)
440,2020020568,2020-2021,2020,Regular Season,Regular Season,2021-03-16,Tuesday,01:00,Colorado Avalanche,Anaheim Ducks,Colorado Avalanche,Anaheim Ducks,COL,ANA,8,4,12,4,Colorado Avalanche,Anaheim Ducks,Home Win (8-4),8-4,Regulation,No,No,Ball Arena,Colorado,OFF,P. Grubauer (Winning Goalie); N. MacKinnon (GWG Scorer),Colorado Avalanche defeated Anaheim Ducks 8-4 in regulation at Ball Arena (Colorado).,NHL Official Stats REST API (api-web.nhle.com/v1)
441,2020020463,2020-2021,2020,Regular Season,Regular Season,2021-03-17,Wednesday,23:00,Ottawa Senators,Vancouver Canucks,Ottawa Senators,Vancouver Canucks,OTT,VAN,2,3,5,1,Vancouver Canucks,Ottawa Senators,Away Win (3-2 SO),2-3,Shootout,Yes,Yes,Canadian Tire Centre,Ottawa,OFF,T. Demko (Winning Goalie),Vancouver Canucks defeated Ottawa Senators 3-2 in a shootout at Canadian Tire Centre (Ottawa).,NHL Official Stats REST API (api-web.nhle.com/v1)
442,2020020462,2020-2021,2020,Regular Season,Regular Season,2021-03-17,Wednesday,23:30,New York Rangers,Philadelphia Flyers,New York Rangers,Philadelphia Flyers,NYR,PHI,9,0,9,9,New York Rangers,Philadelphia Flyers,Home Win (9-0),9-0,Regulation,No,No,Madison Square Garden,New York,OFF,A. Georgiev (Winning Goalie); B. Lemieux (GWG Scorer),New York Rangers defeated Philadelphia Flyers 9-0 in regulation at Madison Square Garden (New York).,NHL Official Stats REST API (api-web.nhle.com/v1)
443,2020020464,2020-2021,2020,Regular Season,Regular Season,2021-03-17,Wednesday,01:00,Winnipeg Jets,Montréal Canadiens,Winnipeg Jets,Montréal Canadiens,WPG,MTL,4,3,7,1,Winnipeg Jets,Montréal Canadiens,Home Win (4-3 OT),4-3,Overtime,Yes,No,Bell MTS Place,Winnipeg,OFF,C. Hellebuyck (Winning Goalie); N. Ehlers (GWG Scorer),Winnipeg Jets defeated Montréal Canadiens 4-3 in overtime at Bell MTS Place (Winnipeg).,NHL Official Stats REST API (api-web.nhle.com/v1)
444,2020020465,2020-2021,2020,Regular Season,Regular Season,2021-03-17,Wednesday,02:00,Calgary Flames,Edmonton Oilers,Calgary Flames,Edmonton Oilers,CGY,EDM,3,7,10,4,Edmonton Oilers,Calgary Flames,Away Win (7-3),3-7,Regulation,No,No,Scotiabank Saddledome,Calgary,OFF,M. Smith (Winning Goalie); C. McDavid (GWG Scorer),Edmonton Oilers defeated Calgary Flames 7-3 in regulation at Scotiabank Saddledome (Calgary).,NHL Official Stats REST API (api-web.nhle.com/v1)
445,2020020466,2020-2021,2020,Regular Season,Regular Season,2021-03-17,Wednesday,02:00,Vegas Golden Knights,San Jose Sharks,Vegas Golden Knights,San Jose Sharks,VGK,SJS,5,4,9,1,Vegas Golden Knights,San Jose Sharks,Home Win (5-4),5-4,Regulation,No,No,T-Mobile Arena,Vegas,OFF,M. Fleury (Winning Goalie); A. Martinez (GWG Scorer),Vegas Golden Knights defeated San Jose Sharks 5-4 in regulation at T-Mobile Arena (Vegas).,NHL Official Stats REST API (api-web.nhle.com/v1)
446,2020020467,2020-2021,2020,Regular Season,Regular Season,2021-03-17,Wednesday,02:00,Los Angeles Kings,St. Louis Blues,Los Angeles Kings,St. Louis Blues,LAK,STL,4,1,5,3,Los Angeles Kings,St. Louis Blues,Home Win (4-1),4-1,Regulation,No,No,STAPLES Center,Los Angeles,OFF,C. Petersen (Winning Goalie); C. Grundstrom (GWG Scorer),Los Angeles Kings defeated St. Louis Blues 4-1 in regulation at STAPLES Center (Los Angeles).,NHL Official Stats REST API (api-web.nhle.com/v1)
447,2020020201,2020-2021,2020,Regular Season,Regular Season,2021-03-18,Thursday,23:00,New Jersey Devils,Pittsburgh Penguins,New Jersey Devils,Pittsburgh Penguins,NJD,PIT,3,2,5,1,New Jersey Devils,Pittsburgh Penguins,Home Win (3-2),3-2,Regulation,No,No,Prudential Center,New Jersey,OFF,S. Wedgewood (Winning Goalie); T. Zajac (GWG Scorer),New Jersey Devils defeated Pittsburgh Penguins 3-2 in regulation at Prudential Center (New Jersey).,NHL Official Stats REST API (api-web.nhle.com/v1)
448,2020020468,2020-2021,2020,Regular Season,Regular Season,2021-03-18,Thursday,23:00,Buffalo Sabres,Boston Bruins,Buffalo Sabres,Boston Bruins,BUF,BOS,1,4,5,3,Boston Bruins,Buffalo Sabres,Away Win (4-1),1-4,Regulation,No,No,KeyBank Center,Buffalo,OFF,J. Halak (Winning Goalie); J. DeBrusk (GWG Scorer),Boston Bruins defeated Buffalo Sabres 4-1 in regulation at KeyBank Center (Buffalo).,NHL Official Stats REST API (api-web.nhle.com/v1)
449,2020020469,2020-2021,2020,Regular Season,Regular Season,2021-03-18,Thursday,23:00,New York Islanders,Philadelphia Flyers,New York Islanders,Philadelphia Flyers,NYI,PHI,3,4,7,1,Philadelphia Flyers,New York Islanders,Away Win (4-3),3-4,Regulation,No,No,Nassau Veterans Memorial Coliseum,New York,OFF,C. Hart (Winning Goalie); O. Lindblom (GWG Scorer),Philadelphia Flyers defeated New York Islanders 4-3 in regulation at Nassau Veterans Memorial Coliseum (New York).,NHL Official Stats REST API (api-web.nhle.com/v1)
450,2020020470,2020-2021,2020,Regular Season,Regular Season,2021-03-18,Thursday,23:00,Carolina Hurricanes,Columbus Blue Jackets,Carolina Hurricanes,Columbus Blue Jackets,CAR,CBJ,2,3,5,1,Columbus Blue Jackets,Carolina Hurricanes,Away Win (3-2 OT),2-3,Overtime,Yes,No,PNC Arena,Carolina,OFF,J. Korpisalo (Winning Goalie); S. Jones (GWG Scorer),Columbus Blue Jackets defeated Carolina Hurricanes 3-2 in overtime at PNC Arena (Carolina).,NHL Official Stats REST API (api-web.nhle.com/v1)
451,2020020471,2020-2021,2020,Regular Season,Regular Season,2021-03-18,Thursday,23:00,Tampa Bay Lightning,Chicago Blackhawks,Tampa Bay Lightning,Chicago Blackhawks,TBL,CHI,4,2,6,2,Tampa Bay Lightning,Chicago Blackhawks,Home Win (4-2),4-2,Regulation,No,No,Amalie Arena,Tampa Bay,OFF,A. Vasilevskiy (Winning Goalie); R. Colton (GWG Scorer),Tampa Bay Lightning defeated Chicago Blackhawks 4-2 in regulation at Amalie Arena (Tampa Bay).,NHL Official Stats REST API (api-web.nhle.com/v1)
452,2020020472,2020-2021,2020,Regular Season,Regular Season,2021-03-18,Thursday,23:00,Florida Panthers,Nashville Predators,Florida Panthers,Nashville Predators,FLA,NSH,1,2,3,1,Nashville Predators,Florida Panthers,Away Win (2-1),1-2,Regulation,No,No,BB&T Center,Florida,OFF,J. Saros (Winning Goalie); C. Jarnkrok (GWG Scorer),Nashville Predators defeated Florida Panthers 2-1 in regulation at BB&T Center (Florida).,NHL Official Stats REST API (api-web.nhle.com/v1)
453,2020020473,2020-2021,2020,Regular Season,Regular Season,2021-03-18,Thursday,23:30,Detroit Red Wings,Dallas Stars,Detroit Red Wings,Dallas Stars,DET,DAL,3,2,5,1,Detroit Red Wings,Dallas Stars,Home Win (3-2),3-2,Regulation,No,No,Little Caesars Arena,Detroit,OFF,T. Greiss (Winning Goalie); R. Fabbri (GWG Scorer),Detroit Red Wings defeated Dallas Stars 3-2 in regulation at Little Caesars Arena (Detroit).,NHL Official Stats REST API (api-web.nhle.com/v1)
454,2020020474,2020-2021,2020,Regular Season,Regular Season,2021-03-18,Thursday,01:00,Edmonton Oilers,Winnipeg Jets,Edmonton Oilers,Winnipeg Jets,EDM,WPG,2,1,3,1,Edmonton Oilers,Winnipeg Jets,Home Win (2-1),2-1,Regulation,No,No,Rogers Place,Edmonton,OFF,M. Koskinen (Winning Goalie); C. McDavid (GWG Scorer),Edmonton Oilers defeated Winnipeg Jets 2-1 in regulation at Rogers Place (Edmonton).,NHL Official Stats REST API (api-web.nhle.com/v1)
455,2020020475,2020-2021,2020,Regular Season,Regular Season,2021-03-18,Thursday,01:00,Colorado Avalanche,Minnesota Wild,Colorado Avalanche,Minnesota Wild,COL,MIN,5,1,6,4,Colorado Avalanche,Minnesota Wild,Home Win (5-1),5-1,Regulation,No,No,Ball Arena,Colorado,OFF,P. Grubauer (Winning Goalie); M. Rantanen (GWG Scorer),Colorado Avalanche defeated Minnesota Wild 5-1 in regulation at Ball Arena (Colorado).,NHL Official Stats REST API (api-web.nhle.com/v1)
456,2020020476,2020-2021,2020,Regular Season,Regular Season,2021-03-18,Thursday,02:00,Anaheim Ducks,Arizona Coyotes,Anaheim Ducks,Arizona Coyotes,ANA,ARI,3,2,5,1,Anaheim Ducks,Arizona Coyotes,Home Win (3-2 OT),3-2,Overtime,Yes,No,Honda Center,Anaheim,OFF,R. Miller (Winning Goalie); A. Henrique (GWG Scorer),Anaheim Ducks defeated Arizona Coyotes 3-2 in overtime at Honda Center (Anaheim).,NHL Official Stats REST API (api-web.nhle.com/v1)
457,2020020478,2020-2021,2020,Regular Season,Regular Season,2021-03-19,Friday,23:00,Washington Capitals,New York Rangers,Washington Capitals,New York Rangers,WSH,NYR,2,1,3,1,Washington Capitals,New York Rangers,Home Win (2-1),2-1,Regulation,No,No,Capital One Arena,Washington,OFF,V. Vanecek (Winning Goalie); A. Ovechkin (GWG Scorer),Washington Capitals defeated New York Rangers 2-1 in regulation at Capital One Arena (Washington).,NHL Official Stats REST API (api-web.nhle.com/v1)
458,2020020479,2020-2021,2020,Regular Season,Regular Season,2021-03-19,Friday,23:00,Montréal Canadiens,Vancouver Canucks,Montréal Canadiens,Vancouver Canucks,MTL,VAN,2,3,5,1,Vancouver Canucks,Montréal Canadiens,Away Win (3-2 OT),2-3,Overtime,Yes,No,Centre Bell,Montréal,OFF,T. Demko (Winning Goalie); J. Miller (GWG Scorer),Vancouver Canucks defeated Montréal Canadiens 3-2 in overtime at Centre Bell (Montréal).,NHL Official Stats REST API (api-web.nhle.com/v1)
459,2020020480,2020-2021,2020,Regular Season,Regular Season,2021-03-19,Friday,23:00,Toronto Maple Leafs,Calgary Flames,Toronto Maple Leafs,Calgary Flames,TOR,CGY,3,4,7,1,Calgary Flames,Toronto Maple Leafs,Away Win (4-3),3-4,Regulation,No,No,Scotiabank Arena,Toronto,OFF,J. Markstrom (Winning Goalie); M. Giordano (GWG Scorer),Calgary Flames defeated Toronto Maple Leafs 4-3 in regulation at Scotiabank Arena (Toronto).,NHL Official Stats REST API (api-web.nhle.com/v1)
460,2020020482,2020-2021,2020,Regular Season,Regular Season,2021-03-19,Friday,01:00,San Jose Sharks,St. Louis Blues,San Jose Sharks,St. Louis Blues,SJS,STL,1,2,3,1,St. Louis Blues,San Jose Sharks,Away Win (2-1 SO),1-2,Shootout,Yes,Yes,SAP Center at San Jose,San Jose,OFF,J. Binnington (Winning Goalie),St. Louis Blues defeated San Jose Sharks 2-1 in a shootout at SAP Center at San Jose (San Jose).,NHL Official Stats REST API (api-web.nhle.com/v1)
461,2020020481,2020-2021,2020,Regular Season,Regular Season,2021-03-19,Friday,02:00,Los Angeles Kings,Vegas Golden Knights,Los Angeles Kings,Vegas Golden Knights,LAK,VGK,2,4,6,2,Vegas Golden Knights,Los Angeles Kings,Away Win (4-2),2-4,Regulation,No,No,STAPLES Center,Los Angeles,OFF,R. Lehner (Winning Goalie); W. Karlsson (GWG Scorer),Vegas Golden Knights defeated Los Angeles Kings 4-2 in regulation at STAPLES Center (Los Angeles).,NHL Official Stats REST API (api-web.nhle.com/v1)
462,2020020477,2020-2021,2020,Regular Season,Regular Season,2021-03-20,Saturday,17:00,New Jersey Devils,Pittsburgh Penguins,New Jersey Devils,Pittsburgh Penguins,NJD,PIT,1,3,4,2,Pittsburgh Penguins,New Jersey Devils,Away Win (3-1),1-3,Regulation,No,No,Prudential Center,New Jersey,OFF,C. DeSmith (Winning Goalie); B. Rust (GWG Scorer),Pittsburgh Penguins defeated New Jersey Devils 3-1 in regulation at Prudential Center (New Jersey).,NHL Official Stats REST API (api-web.nhle.com/v1)
463,2020020487,2020-2021,2020,Regular Season,Regular Season,2021-03-20,Saturday,18:00,Florida Panthers,Nashville Predators,Florida Panthers,Nashville Predators,FLA,NSH,2,0,2,2,Florida Panthers,Nashville Predators,Home Win (2-0),2-0,Regulation,No,No,BB&T Center,Florida,OFF,C. Driedger (Winning Goalie); A. Barkov (GWG Scorer),Florida Panthers defeated Nashville Predators 2-0 in regulation at BB&T Center (Florida).,NHL Official Stats REST API (api-web.nhle.com/v1)
464,2020020492,2020-2021,2020,Regular Season,Regular Season,2021-03-20,Saturday,19:00,Colorado Avalanche,Minnesota Wild,Colorado Avalanche,Minnesota Wild,COL,MIN,6,0,6,6,Colorado Avalanche,Minnesota Wild,Home Win (6-0),6-0,Regulation,No,No,Ball Arena,Colorado,OFF,P. Grubauer (Winning Goalie); C. Makar (GWG Scorer),Colorado Avalanche defeated Minnesota Wild 6-0 in regulation at Ball Arena (Colorado).,NHL Official Stats REST API (api-web.nhle.com/v1)
465,2020020486,2020-2021,2020,Regular Season,Regular Season,2021-03-20,Saturday,20:00,Tampa Bay Lightning,Chicago Blackhawks,Tampa Bay Lightning,Chicago Blackhawks,TBL,CHI,4,1,5,3,Tampa Bay Lightning,Chicago Blackhawks,Home Win (4-1),4-1,Regulation,No,No,Amalie Arena,Tampa Bay,OFF,A. Vasilevskiy (Winning Goalie); A. Cirelli (GWG Scorer),Tampa Bay Lightning defeated Chicago Blackhawks 4-1 in regulation at Amalie Arena (Tampa Bay).,NHL Official Stats REST API (api-web.nhle.com/v1)
466,2020020291,2020-2021,2020,Regular Season,Regular Season,2021-03-20,Saturday,23:00,Washington Capitals,New York Rangers,Washington Capitals,New York Rangers,WSH,NYR,1,3,4,2,New York Rangers,Washington Capitals,Away Win (3-1),1-3,Regulation,No,No,Capital One Arena,Washington,OFF,K. Kinkaid (Winning Goalie); M. Zibanejad (GWG Scorer),New York Rangers defeated Washington Capitals 3-1 in regulation at Capital One Arena (Washington).,NHL Official Stats REST API (api-web.nhle.com/v1)
467,2020020484,2020-2021,2020,Regular Season,Regular Season,2021-03-20,Saturday,23:00,New York Islanders,Philadelphia Flyers,New York Islanders,Philadelphia Flyers,NYI,PHI,6,1,7,5,New York Islanders,Philadelphia Flyers,Home Win (6-1),6-1,Regulation,No,No,Nassau Veterans Memorial Coliseum,New York,OFF,I. Sorokin (Winning Goalie); J. Eberle (GWG Scorer),New York Islanders defeated Philadelphia Flyers 6-1 in regulation at Nassau Veterans Memorial Coliseum (New York).,NHL Official Stats REST API (api-web.nhle.com/v1)
468,2020020485,2020-2021,2020,Regular Season,Regular Season,2021-03-20,Saturday,23:00,Carolina Hurricanes,Columbus Blue Jackets,Carolina Hurricanes,Columbus Blue Jackets,CAR,CBJ,2,3,5,1,Columbus Blue Jackets,Carolina Hurricanes,Away Win (3-2 SO),2-3,Shootout,Yes,Yes,PNC Arena,Carolina,OFF,E. Merzlikins (Winning Goalie),Columbus Blue Jackets defeated Carolina Hurricanes 3-2 in a shootout at PNC Arena (Carolina).,NHL Official Stats REST API (api-web.nhle.com/v1)
469,2020020488,2020-2021,2020,Regular Season,Regular Season,2021-03-20,Saturday,23:00,Detroit Red Wings,Dallas Stars,Detroit Red Wings,Dallas Stars,DET,DAL,0,3,3,3,Dallas Stars,Detroit Red Wings,Away Win (3-0),0-3,Regulation,No,No,Little Caesars Arena,Detroit,OFF,A. Khudobin (Winning Goalie); T. Kero (GWG Scorer),Dallas Stars defeated Detroit Red Wings 3-0 in regulation at Little Caesars Arena (Detroit).,NHL Official Stats REST API (api-web.nhle.com/v1)
470,2020020489,2020-2021,2020,Regular Season,Regular Season,2021-03-20,Saturday,23:00,Montréal Canadiens,Vancouver Canucks,Montréal Canadiens,Vancouver Canucks,MTL,VAN,5,4,9,1,Montréal Canadiens,Vancouver Canucks,Home Win (5-4 SO),5-4,Shootout,Yes,Yes,Centre Bell,Montréal,OFF,C. Price (Winning Goalie),Montréal Canadiens defeated Vancouver Canucks 5-4 in a shootout at Centre Bell (Montréal).,NHL Official Stats REST API (api-web.nhle.com/v1)
471,2020020490,2020-2021,2020,Regular Season,Regular Season,2021-03-20,Saturday,23:00,Toronto Maple Leafs,Calgary Flames,Toronto Maple Leafs,Calgary Flames,TOR,CGY,2,0,2,2,Toronto Maple Leafs,Calgary Flames,Home Win (2-0),2-0,Regulation,No,No,Scotiabank Arena,Toronto,OFF,J. Campbell (Winning Goalie); J. Spezza (GWG Scorer),Toronto Maple Leafs defeated Calgary Flames 2-0 in regulation at Scotiabank Arena (Toronto).,NHL Official Stats REST API (api-web.nhle.com/v1)
472,2020020461,2020-2021,2020,Regular Season,Regular Season,2021-03-20,Saturday,00:00,Anaheim Ducks,Arizona Coyotes,Anaheim Ducks,Arizona Coyotes,ANA,ARI,1,5,6,4,Arizona Coyotes,Anaheim Ducks,Away Win (5-1),1-5,Regulation,No,No,Honda Center,Anaheim,OFF,A. Raanta (Winning Goalie); J. Chychrun (GWG Scorer),Arizona Coyotes defeated Anaheim Ducks 5-1 in regulation at Honda Center (Anaheim).,NHL Official Stats REST API (api-web.nhle.com/v1)
473,2020020493,2020-2021,2020,Regular Season,Regular Season,2021-03-20,Saturday,01:00,San Jose Sharks,St. Louis Blues,San Jose Sharks,St. Louis Blues,SJS,STL,2,5,7,3,St. Louis Blues,San Jose Sharks,Away Win (5-2),2-5,Regulation,No,No,SAP Center at San Jose,San Jose,OFF,V. Husso (Winning Goalie); R. O'Reilly (GWG Scorer),St. Louis Blues defeated San Jose Sharks 5-2 in regulation at SAP Center at San Jose (San Jose).,NHL Official Stats REST API (api-web.nhle.com/v1)
474,2020020491,2020-2021,2020,Regular Season,Regular Season,2021-03-20,Saturday,02:00,Edmonton Oilers,Winnipeg Jets,Edmonton Oilers,Winnipeg Jets,EDM,WPG,4,2,6,2,Edmonton Oilers,Winnipeg Jets,Home Win (4-2),4-2,Regulation,No,No,Rogers Place,Edmonton,OFF,M. Smith (Winning Goalie); L. Draisaitl (GWG Scorer),Edmonton Oilers defeated Winnipeg Jets 4-2 in regulation at Rogers Place (Edmonton).,NHL Official Stats REST API (api-web.nhle.com/v1)
475,2020020151,2020-2021,2020,Regular Season,Regular Season,2021-03-21,Sunday,17:00,Pittsburgh Penguins,New Jersey Devils,Pittsburgh Penguins,New Jersey Devils,PIT,NJD,1,2,3,1,New Jersey Devils,Pittsburgh Penguins,Away Win (2-1 OT),1-2,Overtime,Yes,No,PPG Paints Arena,Pittsburgh,OFF,M. Blackwood (Winning Goalie); J. Bratt (GWG Scorer),New Jersey Devils defeated Pittsburgh Penguins 2-1 in overtime at PPG Paints Arena (Pittsburgh).,NHL Official Stats REST API (api-web.nhle.com/v1)
476,2020020828,2020-2021,2020,Regular Season,Regular Season,2021-03-21,Sunday,20:00,Tampa Bay Lightning,Florida Panthers,Tampa Bay Lightning,Florida Panthers,TBL,FLA,5,3,8,2,Tampa Bay Lightning,Florida Panthers,Home Win (5-3),5-3,Regulation,No,No,Amalie Arena,Tampa Bay,OFF,C. McElhinney (Winning Goalie); T. Johnson (GWG Scorer),Tampa Bay Lightning defeated Florida Panthers 5-3 in regulation at Amalie Arena (Tampa Bay).,NHL Official Stats REST API (api-web.nhle.com/v1)
477,2020020495,2020-2021,2020,Regular Season,Regular Season,2021-03-21,Sunday,22:00,Los Angeles Kings,Vegas Golden Knights,Los Angeles Kings,Vegas Golden Knights,LAK,VGK,3,1,4,2,Los Angeles Kings,Vegas Golden Knights,Home Win (3-1),3-1,Regulation,No,No,STAPLES Center,Los Angeles,OFF,C. Petersen (Winning Goalie); D. Brown (GWG Scorer),Los Angeles Kings defeated Vegas Golden Knights 3-1 in regulation at STAPLES Center (Los Angeles).,NHL Official Stats REST API (api-web.nhle.com/v1)
478,2020020258,2020-2021,2020,Regular Season,Regular Season,2021-03-21,Sunday,00:30,Dallas Stars,Nashville Predators,Dallas Stars,Nashville Predators,DAL,NSH,3,4,7,1,Nashville Predators,Dallas Stars,Away Win (4-3 SO),3-4,Shootout,Yes,Yes,American Airlines Center,Dallas,OFF,P. Rinne (Winning Goalie),Nashville Predators defeated Dallas Stars 4-3 in a shootout at American Airlines Center (Dallas).,NHL Official Stats REST API (api-web.nhle.com/v1)
479,2020020496,2020-2021,2020,Regular Season,Regular Season,2021-03-22,Monday,23:00,New York Rangers,Buffalo Sabres,New York Rangers,Buffalo Sabres,NYR,BUF,5,3,8,2,New York Rangers,Buffalo Sabres,Home Win (5-3),5-3,Regulation,No,No,Madison Square Garden,New York,OFF,K. Kinkaid (Winning Goalie); C. Kreider (GWG Scorer),New York Rangers defeated Buffalo Sabres 5-3 in regulation at Madison Square Garden (New York).,NHL Official Stats REST API (api-web.nhle.com/v1)
480,2020020497,2020-2021,2020,Regular Season,Regular Season,2021-03-22,Monday,23:00,Columbus Blue Jackets,Carolina Hurricanes,Columbus Blue Jackets,Carolina Hurricanes,CBJ,CAR,0,3,3,3,Carolina Hurricanes,Columbus Blue Jackets,Away Win (3-0),0-3,Regulation,No,No,Nationwide Arena,Columbus,OFF,A. Nedeljkovic (Winning Goalie); B. Skjei (GWG Scorer),Carolina Hurricanes defeated Columbus Blue Jackets 3-0 in regulation at Nationwide Arena (Columbus).,NHL Official Stats REST API (api-web.nhle.com/v1)
481,2020020499,2020-2021,2020,Regular Season,Regular Season,2021-03-22,Monday,23:00,Ottawa Senators,Calgary Flames,Ottawa Senators,Calgary Flames,OTT,CGY,2,1,3,1,Ottawa Senators,Calgary Flames,Home Win (2-1),2-1,Regulation,No,No,Canadian Tire Centre,Ottawa,OFF,F. Gustavsson (Winning Goalie); C. Tierney (GWG Scorer),Ottawa Senators defeated Calgary Flames 2-1 in regulation at Canadian Tire Centre (Ottawa).,NHL Official Stats REST API (api-web.nhle.com/v1)
482,2020020755,2020-2021,2020,Regular Season,Regular Season,2021-03-22,Monday,23:00,Philadelphia Flyers,New York Islanders,Philadelphia Flyers,New York Islanders,PHI,NYI,1,2,3,1,New York Islanders,Philadelphia Flyers,Away Win (2-1 OT),1-2,Overtime,Yes,No,Wells Fargo Center,Philadelphia,OFF,I. Sorokin (Winning Goalie); A. Beauvillier (GWG Scorer),New York Islanders defeated Philadelphia Flyers 2-1 in overtime at Wells Fargo Center (Philadelphia).,NHL Official Stats REST API (api-web.nhle.com/v1)
483,2020020501,2020-2021,2020,Regular Season,Regular Season,2021-03-22,Monday,23:30,Minnesota Wild,Anaheim Ducks,Minnesota Wild,Anaheim Ducks,MIN,ANA,2,1,3,1,Minnesota Wild,Anaheim Ducks,Home Win (2-1),2-1,Regulation,No,No,Xcel Energy Center,Minnesota,OFF,C. Talbot (Winning Goalie); N. Bjugstad (GWG Scorer),Minnesota Wild defeated Anaheim Ducks 2-1 in regulation at Xcel Energy Center (Minnesota).,NHL Official Stats REST API (api-web.nhle.com/v1)
484,2020020122,2020-2021,2020,Regular Season,Regular Season,2021-03-22,Monday,02:00,Vegas Golden Knights,St. Louis Blues,Vegas Golden Knights,St. Louis Blues,VGK,STL,5,1,6,4,Vegas Golden Knights,St. Louis Blues,Home Win (5-1),5-1,Regulation,No,No,T-Mobile Arena,Vegas,OFF,R. Lehner (Winning Goalie); M. Stone (GWG Scorer),Vegas Golden Knights defeated St. Louis Blues 5-1 in regulation at T-Mobile Arena (Vegas).,NHL Official Stats REST API (api-web.nhle.com/v1)
485,2020020500,2020-2021,2020,Regular Season,Regular Season,2021-03-22,Monday,02:00,Vancouver Canucks,Winnipeg Jets,Vancouver Canucks,Winnipeg Jets,VAN,WPG,0,4,4,4,Winnipeg Jets,Vancouver Canucks,Away Win (4-0),0-4,Regulation,No,No,Rogers Arena,Vancouver,OFF,C. Hellebuyck (Winning Goalie); B. Wheeler (GWG Scorer),Winnipeg Jets defeated Vancouver Canucks 4-0 in regulation at Rogers Arena (Vancouver).,NHL Official Stats REST API (api-web.nhle.com/v1)
486,2020020502,2020-2021,2020,Regular Season,Regular Season,2021-03-22,Monday,02:00,Arizona Coyotes,Colorado Avalanche,Arizona Coyotes,Colorado Avalanche,ARI,COL,1,5,6,4,Colorado Avalanche,Arizona Coyotes,Away Win (5-1),1-5,Regulation,No,No,Gila River Arena,Arizona,OFF,P. Grubauer (Winning Goalie); M. Rantanen (GWG Scorer),Colorado Avalanche defeated Arizona Coyotes 5-1 in regulation at Gila River Arena (Arizona).,NHL Official Stats REST API (api-web.nhle.com/v1)
487,2020020503,2020-2021,2020,Regular Season,Regular Season,2021-03-22,Monday,02:30,San Jose Sharks,Los Angeles Kings,San Jose Sharks,Los Angeles Kings,SJS,LAK,2,1,3,1,San Jose Sharks,Los Angeles Kings,Home Win (2-1),2-1,Regulation,No,No,SAP Center at San Jose,San Jose,OFF,M. Jones (Winning Goalie); R. Donato (GWG Scorer),San Jose Sharks defeated Los Angeles Kings 2-1 in regulation at SAP Center at San Jose (San Jose).,NHL Official Stats REST API (api-web.nhle.com/v1)
488,2020020504,2020-2021,2020,Regular Season,Regular Season,2021-03-23,Tuesday,23:00,Philadelphia Flyers,New Jersey Devils,Philadelphia Flyers,New Jersey Devils,PHI,NJD,3,4,7,1,New Jersey Devils,Philadelphia Flyers,Away Win (4-3),3-4,Regulation,No,No,Wells Fargo Center,Philadelphia,OFF,M. Blackwood (Winning Goalie); T. Zajac (GWG Scorer),New Jersey Devils defeated Philadelphia Flyers 4-3 in regulation at Wells Fargo Center (Philadelphia).,NHL Official Stats REST API (api-web.nhle.com/v1)
489,2020020505,2020-2021,2020,Regular Season,Regular Season,2021-03-23,Tuesday,00:00,Chicago Blackhawks,Florida Panthers,Chicago Blackhawks,Florida Panthers,CHI,FLA,3,2,5,1,Chicago Blackhawks,Florida Panthers,Home Win (3-2),3-2,Regulation,No,No,United Center,Chicago,OFF,K. Lankinen (Winning Goalie); C. Soderberg (GWG Scorer),Chicago Blackhawks defeated Florida Panthers 3-2 in regulation at United Center (Chicago).,NHL Official Stats REST API (api-web.nhle.com/v1)
490,2020020506,2020-2021,2020,Regular Season,Regular Season,2021-03-23,Tuesday,00:00,Nashville Predators,Detroit Red Wings,Nashville Predators,Detroit Red Wings,NSH,DET,2,0,2,2,Nashville Predators,Detroit Red Wings,Home Win (2-0),2-0,Regulation,No,No,Bridgestone Arena,Nashville,OFF,J. Saros (Winning Goalie); M. Granlund (GWG Scorer),Nashville Predators defeated Detroit Red Wings 2-0 in regulation at Bridgestone Arena (Nashville).,NHL Official Stats REST API (api-web.nhle.com/v1)
491,2020020507,2020-2021,2020,Regular Season,Regular Season,2021-03-23,Tuesday,00:30,Dallas Stars,Tampa Bay Lightning,Dallas Stars,Tampa Bay Lightning,DAL,TBL,1,2,3,1,Tampa Bay Lightning,Dallas Stars,Away Win (2-1),1-2,Regulation,No,No,American Airlines Center,Dallas,OFF,A. Vasilevskiy (Winning Goalie); Y. Gourde (GWG Scorer),Tampa Bay Lightning defeated Dallas Stars 2-1 in regulation at American Airlines Center (Dallas).,NHL Official Stats REST API (api-web.nhle.com/v1)
492,2020020508,2020-2021,2020,Regular Season,Regular Season,2021-03-23,Tuesday,02:00,Arizona Coyotes,Colorado Avalanche,Arizona Coyotes,Colorado Avalanche,ARI,COL,5,4,9,1,Arizona Coyotes,Colorado Avalanche,Home Win (5-4 SO),5-4,Shootout,Yes,Yes,Gila River Arena,Arizona,OFF,A. Hill (Winning Goalie),Arizona Coyotes defeated Colorado Avalanche 5-4 in a shootout at Gila River Arena (Arizona).,NHL Official Stats REST API (api-web.nhle.com/v1)
493,2020020511,2020-2021,2020,Regular Season,Regular Season,2021-03-24,Wednesday,21:00,Ottawa Senators,Calgary Flames,Ottawa Senators,Calgary Flames,OTT,CGY,3,1,4,2,Ottawa Senators,Calgary Flames,Home Win (3-1),3-1,Regulation,No,No,Canadian Tire Centre,Ottawa,OFF,F. Gustavsson (Winning Goalie); C. Tierney (GWG Scorer),Ottawa Senators defeated Calgary Flames 3-1 in regulation at Canadian Tire Centre (Ottawa).,NHL Official Stats REST API (api-web.nhle.com/v1)
494,2020020513,2020-2021,2020,Regular Season,Regular Season,2021-03-24,Wednesday,21:30,Minnesota Wild,Anaheim Ducks,Minnesota Wild,Anaheim Ducks,MIN,ANA,3,2,5,1,Minnesota Wild,Anaheim Ducks,Home Win (3-2),3-2,Regulation,No,No,Xcel Energy Center,Minnesota,OFF,C. Talbot (Winning Goalie); N. Sturm (GWG Scorer),Minnesota Wild defeated Anaheim Ducks 3-2 in regulation at Xcel Energy Center (Minnesota).,NHL Official Stats REST API (api-web.nhle.com/v1)
495,2020020509,2020-2021,2020,Regular Season,Regular Season,2021-03-24,Wednesday,00:00,Pittsburgh Penguins,Buffalo Sabres,Pittsburgh Penguins,Buffalo Sabres,PIT,BUF,5,2,7,3,Pittsburgh Penguins,Buffalo Sabres,Home Win (5-2),5-2,Regulation,No,No,PPG Paints Arena,Pittsburgh,OFF,T. Jarry (Winning Goalie); J. Marino (GWG Scorer),Pittsburgh Penguins defeated Buffalo Sabres 5-2 in regulation at PPG Paints Arena (Pittsburgh).,NHL Official Stats REST API (api-web.nhle.com/v1)
496,2020020512,2020-2021,2020,Regular Season,Regular Season,2021-03-24,Wednesday,02:30,Vancouver Canucks,Winnipeg Jets,Vancouver Canucks,Winnipeg Jets,VAN,WPG,1,5,6,4,Winnipeg Jets,Vancouver Canucks,Away Win (5-1),1-5,Regulation,No,No,Rogers Arena,Vancouver,OFF,C. Hellebuyck (Winning Goalie); A. Copp (GWG Scorer),Winnipeg Jets defeated Vancouver Canucks 5-1 in regulation at Rogers Arena (Vancouver).,NHL Official Stats REST API (api-web.nhle.com/v1)
497,2020020514,2020-2021,2020,Regular Season,Regular Season,2021-03-24,Wednesday,02:30,San Jose Sharks,Los Angeles Kings,San Jose Sharks,Los Angeles Kings,SJS,LAK,4,2,6,2,San Jose Sharks,Los Angeles Kings,Home Win (4-2),4-2,Regulation,No,No,SAP Center at San Jose,San Jose,OFF,M. Jones (Winning Goalie); E. Kane (GWG Scorer),San Jose Sharks defeated Los Angeles Kings 4-2 in regulation at SAP Center at San Jose (San Jose).,NHL Official Stats REST API (api-web.nhle.com/v1)
498,2020020515,2020-2021,2020,Regular Season,Regular Season,2021-03-25,Thursday,23:00,Boston Bruins,New York Islanders,Boston Bruins,New York Islanders,BOS,NYI,3,4,7,1,New York Islanders,Boston Bruins,Away Win (4-3 OT),3-4,Overtime,Yes,No,TD Garden,Boston,OFF,S. Varlamov (Winning Goalie); A. Beauvillier (GWG Scorer),New York Islanders defeated Boston Bruins 4-3 in overtime at TD Garden (Boston).,NHL Official Stats REST API (api-web.nhle.com/v1)
499,2020020516,2020-2021,2020,Regular Season,Regular Season,2021-03-25,Thursday,23:00,Philadelphia Flyers,New York Rangers,Philadelphia Flyers,New York Rangers,PHI,NYR,3,8,11,5,New York Rangers,Philadelphia Flyers,Away Win (8-3),3-8,Regulation,No,No,Wells Fargo Center,Philadelphia,OFF,I. Shesterkin (Winning Goalie); M. Zibanejad (GWG Scorer),New York Rangers defeated Philadelphia Flyers 8-3 in regulation at Wells Fargo Center (Philadelphia).,NHL Official Stats REST API (api-web.nhle.com/v1)
500,2020020517,2020-2021,2020,Regular Season,Regular Season,2021-03-25,Thursday,23:00,Washington Capitals,New Jersey Devils,Washington Capitals,New Jersey Devils,WSH,NJD,4,3,7,1,Washington Capitals,New Jersey Devils,Home Win (4-3),4-3,Regulation,No,No,Capital One Arena,Washington,OFF,V. Vanecek (Winning Goalie); E. Kuznetsov (GWG Scorer),Washington Capitals defeated New Jersey Devils 4-3 in regulation at Capital One Arena (Washington).,NHL Official Stats REST API (api-web.nhle.com/v1)
501,2020020518,2020-2021,2020,Regular Season,Regular Season,2021-03-25,Thursday,23:00,Columbus Blue Jackets,Carolina Hurricanes,Columbus Blue Jackets,Carolina Hurricanes,CBJ,CAR,3,4,7,1,Carolina Hurricanes,Columbus Blue Jackets,Away Win (4-3 OT),3-4,Overtime,Yes,No,Nationwide Arena,Columbus,OFF,A. Nedeljkovic (Winning Goalie); S. Aho (GWG Scorer),Carolina Hurricanes defeated Columbus Blue Jackets 4-3 in overtime at Nationwide Arena (Columbus).,NHL Official Stats REST API (api-web.nhle.com/v1)
502,2020020521,2020-2021,2020,Regular Season,Regular Season,2021-03-25,Thursday,23:00,Ottawa Senators,Toronto Maple Leafs,Ottawa Senators,Toronto Maple Leafs,OTT,TOR,2,3,5,1,Toronto Maple Leafs,Ottawa Senators,Away Win (3-2 OT),2-3,Overtime,Yes,No,Canadian Tire Centre,Ottawa,OFF,J. Campbell (Winning Goalie); J. Holl (GWG Scorer),Toronto Maple Leafs defeated Ottawa Senators 3-2 in overtime at Canadian Tire Centre (Ottawa).,NHL Official Stats REST API (api-web.nhle.com/v1)
503,2020020532,2020-2021,2020,Regular Season,Regular Season,2021-03-25,Thursday,23:00,Pittsburgh Penguins,Buffalo Sabres,Pittsburgh Penguins,Buffalo Sabres,PIT,BUF,4,0,4,4,Pittsburgh Penguins,Buffalo Sabres,Home Win (4-0),4-0,Regulation,No,No,PPG Paints Arena,Pittsburgh,OFF,C. DeSmith (Winning Goalie); R. Zohorna (GWG Scorer),Pittsburgh Penguins defeated Buffalo Sabres 4-0 in regulation at PPG Paints Arena (Pittsburgh).,NHL Official Stats REST API (api-web.nhle.com/v1)
504,2020020223,2020-2021,2020,Regular Season,Regular Season,2021-03-25,Thursday,00:00,Minnesota Wild,St. Louis Blues,Minnesota Wild,St. Louis Blues,MIN,STL,2,0,2,2,Minnesota Wild,St. Louis Blues,Home Win (2-0),2-0,Regulation,No,No,Xcel Energy Center,Minnesota,OFF,C. Talbot (Winning Goalie); M. Johansson (GWG Scorer),Minnesota Wild defeated St. Louis Blues 2-0 in regulation at Xcel Energy Center (Minnesota).,NHL Official Stats REST API (api-web.nhle.com/v1)
505,2020020519,2020-2021,2020,Regular Season,Regular Season,2021-03-25,Thursday,00:00,Chicago Blackhawks,Florida Panthers,Chicago Blackhawks,Florida Panthers,CHI,FLA,3,0,3,3,Chicago Blackhawks,Florida Panthers,Home Win (3-0),3-0,Regulation,No,No,United Center,Chicago,OFF,K. Lankinen (Winning Goalie); P. Kane (GWG Scorer),Chicago Blackhawks defeated Florida Panthers 3-0 in regulation at United Center (Chicago).,NHL Official Stats REST API (api-web.nhle.com/v1)
506,2020020520,2020-2021,2020,Regular Season,Regular Season,2021-03-25,Thursday,00:00,Nashville Predators,Detroit Red Wings,Nashville Predators,Detroit Red Wings,NSH,DET,7,1,8,6,Nashville Predators,Detroit Red Wings,Home Win (7-1),7-1,Regulation,No,No,Bridgestone Arena,Nashville,OFF,J. Saros (Winning Goalie); E. Tolvanen (GWG Scorer),Nashville Predators defeated Detroit Red Wings 7-1 in regulation at Bridgestone Arena (Nashville).,NHL Official Stats REST API (api-web.nhle.com/v1)
507,2020020522,2020-2021,2020,Regular Season,Regular Season,2021-03-25,Thursday,00:30,Dallas Stars,Tampa Bay Lightning,Dallas Stars,Tampa Bay Lightning,DAL,TBL,4,3,7,1,Dallas Stars,Tampa Bay Lightning,Home Win (4-3),4-3,Regulation,No,No,American Airlines Center,Dallas,OFF,J. Oettinger (Winning Goalie); R. Hintz (GWG Scorer),Dallas Stars defeated Tampa Bay Lightning 4-3 in regulation at American Airlines Center (Dallas).,NHL Official Stats REST API (api-web.nhle.com/v1)
508,2020020523,2020-2021,2020,Regular Season,Regular Season,2021-03-25,Thursday,01:00,Colorado Avalanche,Vegas Golden Knights,Colorado Avalanche,Vegas Golden Knights,COL,VGK,5,1,6,4,Colorado Avalanche,Vegas Golden Knights,Home Win (5-1),5-1,Regulation,No,No,Ball Arena,Colorado,OFF,P. Grubauer (Winning Goalie); J. Compher (GWG Scorer),Colorado Avalanche defeated Vegas Golden Knights 5-1 in regulation at Ball Arena (Colorado).,NHL Official Stats REST API (api-web.nhle.com/v1)
509,2020020524,2020-2021,2020,Regular Season,Regular Season,2021-03-26,Friday,23:00,Washington Capitals,New Jersey Devils,Washington Capitals,New Jersey Devils,WSH,NJD,4,0,4,4,Washington Capitals,New Jersey Devils,Home Win (4-0),4-0,Regulation,No,No,Capital One Arena,Washington,OFF,I. Samsonov (Winning Goalie); A. Ovechkin (GWG Scorer),Washington Capitals defeated New Jersey Devils 4-0 in regulation at Capital One Arena (Washington).,NHL Official Stats REST API (api-web.nhle.com/v1)
510,2020020525,2020-2021,2020,Regular Season,Regular Season,2021-03-26,Friday,00:00,St. Louis Blues,Anaheim Ducks,St. Louis Blues,Anaheim Ducks,STL,ANA,1,4,5,3,Anaheim Ducks,St. Louis Blues,Away Win (4-1),1-4,Regulation,No,No,Enterprise Center,St. Louis,OFF,J. Gibson (Winning Goalie); M. Jones (GWG Scorer),Anaheim Ducks defeated St. Louis Blues 4-1 in regulation at Enterprise Center (St. Louis).,NHL Official Stats REST API (api-web.nhle.com/v1)
511,2020020527,2020-2021,2020,Regular Season,Regular Season,2021-03-26,Friday,02:00,Calgary Flames,Winnipeg Jets,Calgary Flames,Winnipeg Jets,CGY,WPG,2,3,5,1,Winnipeg Jets,Calgary Flames,Away Win (3-2),2-3,Regulation,No,No,Scotiabank Saddledome,Calgary,OFF,C. Hellebuyck (Winning Goalie); P. Stastny (GWG Scorer),Winnipeg Jets defeated Calgary Flames 3-2 in regulation at Scotiabank Saddledome (Calgary).,NHL Official Stats REST API (api-web.nhle.com/v1)
512,2020020528,2020-2021,2020,Regular Season,Regular Season,2021-03-26,Friday,02:00,Arizona Coyotes,San Jose Sharks,Arizona Coyotes,San Jose Sharks,ARI,SJS,5,2,7,3,Arizona Coyotes,San Jose Sharks,Home Win (5-2),5-2,Regulation,No,No,Gila River Arena,Arizona,OFF,A. Hill (Winning Goalie); C. Dvorak (GWG Scorer),Arizona Coyotes defeated San Jose Sharks 5-2 in regulation at Gila River Arena (Arizona).,NHL Official Stats REST API (api-web.nhle.com/v1)
513,2020020179,2020-2021,2020,Regular Season,Regular Season,2021-03-27,Saturday,17:00,Boston Bruins,Buffalo Sabres,Boston Bruins,Buffalo Sabres,BOS,BUF,3,2,5,1,Boston Bruins,Buffalo Sabres,Home Win (3-2),3-2,Regulation,No,No,TD Garden,Boston,OFF,D. Vladar (Winning Goalie); C. Smith (GWG Scorer),Boston Bruins defeated Buffalo Sabres 3-2 in regulation at TD Garden (Boston).,NHL Official Stats REST API (api-web.nhle.com/v1)
514,2020020530,2020-2021,2020,Regular Season,Regular Season,2021-03-27,Saturday,17:00,Philadelphia Flyers,New York Rangers,Philadelphia Flyers,New York Rangers,PHI,NYR,2,1,3,1,Philadelphia Flyers,New York Rangers,Home Win (2-1),2-1,Regulation,No,No,Wells Fargo Center,Philadelphia,OFF,B. Elliott (Winning Goalie); S. Morin (GWG Scorer),Philadelphia Flyers defeated New York Rangers 2-1 in regulation at Wells Fargo Center (Philadelphia).,NHL Official Stats REST API (api-web.nhle.com/v1)
515,2020020533,2020-2021,2020,Regular Season,Regular Season,2021-03-27,Saturday,19:00,Detroit Red Wings,Columbus Blue Jackets,Detroit Red Wings,Columbus Blue Jackets,DET,CBJ,3,1,4,2,Detroit Red Wings,Columbus Blue Jackets,Home Win (3-1),3-1,Regulation,No,No,Little Caesars Arena,Detroit,OFF,C. Pickard (Winning Goalie); R. Fabbri (GWG Scorer),Detroit Red Wings defeated Columbus Blue Jackets 3-1 in regulation at Little Caesars Arena (Detroit).,NHL Official Stats REST API (api-web.nhle.com/v1)
516,2020020539,2020-2021,2020,Regular Season,Regular Season,2021-03-27,Saturday,19:00,Colorado Avalanche,Vegas Golden Knights,Colorado Avalanche,Vegas Golden Knights,COL,VGK,2,3,5,1,Vegas Golden Knights,Colorado Avalanche,Away Win (3-2 OT),2-3,Overtime,Yes,No,Ball Arena,Colorado,OFF,M. Fleury (Winning Goalie); M. Pacioretty (GWG Scorer),Vegas Golden Knights defeated Colorado Avalanche 3-2 in overtime at Ball Arena (Colorado).,NHL Official Stats REST API (api-web.nhle.com/v1)
517,2020020531,2020-2021,2020,Regular Season,Regular Season,2021-03-27,Saturday,23:00,Carolina Hurricanes,Tampa Bay Lightning,Carolina Hurricanes,Tampa Bay Lightning,CAR,TBL,4,3,7,1,Carolina Hurricanes,Tampa Bay Lightning,Home Win (4-3),4-3,Regulation,No,No,PNC Arena,Carolina,OFF,J. Reimer (Winning Goalie); M. Necas (GWG Scorer),Carolina Hurricanes defeated Tampa Bay Lightning 4-3 in regulation at PNC Arena (Carolina).,NHL Official Stats REST API (api-web.nhle.com/v1)
518,2020020536,2020-2021,2020,Regular Season,Regular Season,2021-03-27,Saturday,23:00,Toronto Maple Leafs,Edmonton Oilers,Toronto Maple Leafs,Edmonton Oilers,TOR,EDM,4,3,7,1,Toronto Maple Leafs,Edmonton Oilers,Home Win (4-3 OT),4-3,Overtime,Yes,No,Scotiabank Arena,Toronto,OFF,J. Campbell (Winning Goalie); A. Matthews (GWG Scorer),Toronto Maple Leafs defeated Edmonton Oilers 4-3 in overtime at Scotiabank Arena (Toronto).,NHL Official Stats REST API (api-web.nhle.com/v1)
519,2020020561,2020-2021,2020,Regular Season,Regular Season,2021-03-27,Saturday,23:00,Pittsburgh Penguins,New York Islanders,Pittsburgh Penguins,New York Islanders,PIT,NYI,6,3,9,3,Pittsburgh Penguins,New York Islanders,Home Win (6-3),6-3,Regulation,No,No,PPG Paints Arena,Pittsburgh,OFF,T. Jarry (Winning Goalie); B. Rust (GWG Scorer),Pittsburgh Penguins defeated New York Islanders 6-3 in regulation at PPG Paints Arena (Pittsburgh).,NHL Official Stats REST API (api-web.nhle.com/v1)
520,2020020534,2020-2021,2020,Regular Season,Regular Season,2021-03-27,Saturday,00:00,Chicago Blackhawks,Nashville Predators,Chicago Blackhawks,Nashville Predators,CHI,NSH,1,3,4,2,Nashville Predators,Chicago Blackhawks,Away Win (3-1),1-3,Regulation,No,No,United Center,Chicago,OFF,J. Saros (Winning Goalie); R. Grimaldi (GWG Scorer),Nashville Predators defeated Chicago Blackhawks 3-1 in regulation at United Center (Chicago).,NHL Official Stats REST API (api-web.nhle.com/v1)
521,2020020538,2020-2021,2020,Regular Season,Regular Season,2021-03-27,Saturday,00:00,Dallas Stars,Florida Panthers,Dallas Stars,Florida Panthers,DAL,FLA,3,4,7,1,Florida Panthers,Dallas Stars,Away Win (4-3 OT),3-4,Overtime,Yes,No,American Airlines Center,Dallas,OFF,S. Bobrovsky (Winning Goalie); A. Ekblad (GWG Scorer),Florida Panthers defeated Dallas Stars 4-3 in overtime at American Airlines Center (Dallas).,NHL Official Stats REST API (api-web.nhle.com/v1)
522,2020020537,2020-2021,2020,Regular Season,Regular Season,2021-03-27,Saturday,02:00,Calgary Flames,Winnipeg Jets,Calgary Flames,Winnipeg Jets,CGY,WPG,4,2,6,2,Calgary Flames,Winnipeg Jets,Home Win (4-2),4-2,Regulation,No,No,Scotiabank Saddledome,Calgary,OFF,D. Rittich (Winning Goalie); A. Mangiapane (GWG Scorer),Calgary Flames defeated Winnipeg Jets 4-2 in regulation at Scotiabank Saddledome (Calgary).,NHL Official Stats REST API (api-web.nhle.com/v1)
523,2020020540,2020-2021,2020,Regular Season,Regular Season,2021-03-27,Saturday,02:00,Arizona Coyotes,San Jose Sharks,Arizona Coyotes,San Jose Sharks,ARI,SJS,4,0,4,4,Arizona Coyotes,San Jose Sharks,Home Win (4-0),4-0,Regulation,No,No,Gila River Arena,Arizona,OFF,A. Hill (Winning Goalie); C. Keller (GWG Scorer),Arizona Coyotes defeated San Jose Sharks 4-0 in regulation at Gila River Arena (Arizona).,NHL Official Stats REST API (api-web.nhle.com/v1)
524,2020020542,2020-2021,2020,Regular Season,Regular Season,2021-03-28,Sunday,16:00,Washington Capitals,New York Rangers,Washington Capitals,New York Rangers,WSH,NYR,5,4,9,1,Washington Capitals,New York Rangers,Home Win (5-4),5-4,Regulation,No,No,Capital One Arena,Washington,OFF,I. Samsonov (Winning Goalie); T. Oshie (GWG Scorer),Washington Capitals defeated New York Rangers 5-4 in regulation at Capital One Arena (Washington).,NHL Official Stats REST API (api-web.nhle.com/v1)
525,2020020544,2020-2021,2020,Regular Season,Regular Season,2021-03-28,Sunday,19:00,Detroit Red Wings,Columbus Blue Jackets,Detroit Red Wings,Columbus Blue Jackets,DET,CBJ,4,1,5,3,Detroit Red Wings,Columbus Blue Jackets,Home Win (4-1),4-1,Regulation,No,No,Little Caesars Arena,Detroit,OFF,C. Pickard (Winning Goalie); M. Rasmussen (GWG Scorer),Detroit Red Wings defeated Columbus Blue Jackets 4-1 in regulation at Little Caesars Arena (Detroit).,NHL Official Stats REST API (api-web.nhle.com/v1)
526,2020020535,2020-2021,2020,Regular Season,Regular Season,2021-03-28,Sunday,21:00,St. Louis Blues,Anaheim Ducks,St. Louis Blues,Anaheim Ducks,STL,ANA,2,3,5,1,Anaheim Ducks,St. Louis Blues,Away Win (3-2 OT),2-3,Overtime,Yes,No,Enterprise Center,St. Louis,OFF,A. Stolarz (Winning Goalie); J. Manson (GWG Scorer),Anaheim Ducks defeated St. Louis Blues 3-2 in overtime at Enterprise Center (St. Louis).,NHL Official Stats REST API (api-web.nhle.com/v1)
527,2020020541,2020-2021,2020,Regular Season,Regular Season,2021-03-28,Sunday,21:30,Boston Bruins,New Jersey Devils,Boston Bruins,New Jersey Devils,BOS,NJD,0,1,1,1,New Jersey Devils,Boston Bruins,Away Win (1-0),0-1,Regulation,No,No,TD Garden,Boston,OFF,M. Blackwood (Winning Goalie); K. Palmieri (GWG Scorer),New Jersey Devils defeated Boston Bruins 1-0 in regulation at TD Garden (Boston).,NHL Official Stats REST API (api-web.nhle.com/v1)
528,2020020547,2020-2021,2020,Regular Season,Regular Season,2021-03-28,Sunday,22:00,Dallas Stars,Florida Panthers,Dallas Stars,Florida Panthers,DAL,FLA,1,4,5,3,Florida Panthers,Dallas Stars,Away Win (4-1),1-4,Regulation,No,No,American Airlines Center,Dallas,OFF,C. Driedger (Winning Goalie); A. Duclair (GWG Scorer),Florida Panthers defeated Dallas Stars 4-1 in regulation at American Airlines Center (Dallas).,NHL Official Stats REST API (api-web.nhle.com/v1)
529,2020020545,2020-2021,2020,Regular Season,Regular Season,2021-03-28,Sunday,00:00,Chicago Blackhawks,Nashville Predators,Chicago Blackhawks,Nashville Predators,CHI,NSH,2,3,5,1,Nashville Predators,Chicago Blackhawks,Away Win (3-2),2-3,Regulation,No,No,United Center,Chicago,OFF,P. Rinne (Winning Goalie); R. Josi (GWG Scorer),Nashville Predators defeated Chicago Blackhawks 3-2 in regulation at United Center (Chicago).,NHL Official Stats REST API (api-web.nhle.com/v1)
530,2020020548,2020-2021,2020,Regular Season,Regular Season,2021-03-29,Monday,23:00,Buffalo Sabres,Philadelphia Flyers,Buffalo Sabres,Philadelphia Flyers,BUF,PHI,3,4,7,1,Philadelphia Flyers,Buffalo Sabres,Away Win (4-3 OT),3-4,Overtime,Yes,No,KeyBank Center,Buffalo,OFF,B. Elliott (Winning Goalie); I. Provorov (GWG Scorer),Philadelphia Flyers defeated Buffalo Sabres 4-3 in overtime at KeyBank Center (Buffalo).,NHL Official Stats REST API (api-web.nhle.com/v1)
531,2020020549,2020-2021,2020,Regular Season,Regular Season,2021-03-29,Monday,23:00,Pittsburgh Penguins,New York Islanders,Pittsburgh Penguins,New York Islanders,PIT,NYI,2,1,3,1,Pittsburgh Penguins,New York Islanders,Home Win (2-1),2-1,Regulation,No,No,PPG Paints Arena,Pittsburgh,OFF,T. Jarry (Winning Goalie); J. McCann (GWG Scorer),Pittsburgh Penguins defeated New York Islanders 2-1 in regulation at PPG Paints Arena (Pittsburgh).,NHL Official Stats REST API (api-web.nhle.com/v1)
532,2020020551,2020-2021,2020,Regular Season,Regular Season,2021-03-29,Monday,23:00,Toronto Maple Leafs,Edmonton Oilers,Toronto Maple Leafs,Edmonton Oilers,TOR,EDM,2,3,5,1,Edmonton Oilers,Toronto Maple Leafs,Away Win (3-2 OT),2-3,Overtime,Yes,No,Scotiabank Arena,Toronto,OFF,M. Smith (Winning Goalie); D. Nurse (GWG Scorer),Edmonton Oilers defeated Toronto Maple Leafs 3-2 in overtime at Scotiabank Arena (Toronto).,NHL Official Stats REST API (api-web.nhle.com/v1)
533,2020020553,2020-2021,2020,Regular Season,Regular Season,2021-03-29,Monday,01:00,Colorado Avalanche,Anaheim Ducks,Colorado Avalanche,Anaheim Ducks,COL,ANA,5,2,7,3,Colorado Avalanche,Anaheim Ducks,Home Win (5-2),5-2,Regulation,No,No,Ball Arena,Colorado,OFF,P. Grubauer (Winning Goalie); G. Landeskog (GWG Scorer),Colorado Avalanche defeated Anaheim Ducks 5-2 in regulation at Ball Arena (Colorado).,NHL Official Stats REST API (api-web.nhle.com/v1)
534,2020020552,2020-2021,2020,Regular Season,Regular Season,2021-03-29,Monday,02:00,Calgary Flames,Winnipeg Jets,Calgary Flames,Winnipeg Jets,CGY,WPG,1,5,6,4,Winnipeg Jets,Calgary Flames,Away Win (5-1),1-5,Regulation,No,No,Scotiabank Saddledome,Calgary,OFF,C. Hellebuyck (Winning Goalie); M. Scheifele (GWG Scorer),Winnipeg Jets defeated Calgary Flames 5-1 in regulation at Scotiabank Saddledome (Calgary).,NHL Official Stats REST API (api-web.nhle.com/v1)
535,2020020554,2020-2021,2020,Regular Season,Regular Season,2021-03-29,Monday,02:00,Vegas Golden Knights,Los Angeles Kings,Vegas Golden Knights,Los Angeles Kings,VGK,LAK,4,1,5,3,Vegas Golden Knights,Los Angeles Kings,Home Win (4-1),4-1,Regulation,No,No,T-Mobile Arena,Vegas,OFF,R. Lehner (Winning Goalie); T. Nosek (GWG Scorer),Vegas Golden Knights defeated Los Angeles Kings 4-1 in regulation at T-Mobile Arena (Vegas).,NHL Official Stats REST API (api-web.nhle.com/v1)
536,2020020555,2020-2021,2020,Regular Season,Regular Season,2021-03-29,Monday,02:30,San Jose Sharks,Minnesota Wild,San Jose Sharks,Minnesota Wild,SJS,MIN,4,3,7,1,San Jose Sharks,Minnesota Wild,Home Win (4-3 SO),4-3,Shootout,Yes,Yes,SAP Center at San Jose,San Jose,OFF,M. Jones (Winning Goalie),San Jose Sharks defeated Minnesota Wild 4-3 in a shootout at SAP Center at San Jose (San Jose).,NHL Official Stats REST API (api-web.nhle.com/v1)
537,2020020498,2020-2021,2020,Regular Season,Regular Season,2021-03-30,Tuesday,23:00,Montréal Canadiens,Edmonton Oilers,Montréal Canadiens,Edmonton Oilers,MTL,EDM,4,0,4,4,Montréal Canadiens,Edmonton Oilers,Home Win (4-0),4-0,Regulation,No,No,Centre Bell,Montréal,OFF,C. Price (Winning Goalie); J. Kotkaniemi (GWG Scorer),Montréal Canadiens defeated Edmonton Oilers 4-0 in regulation at Centre Bell (Montréal).,NHL Official Stats REST API (api-web.nhle.com/v1)
538,2020020556,2020-2021,2020,Regular Season,Regular Season,2021-03-30,Tuesday,23:00,Boston Bruins,New Jersey Devils,Boston Bruins,New Jersey Devils,BOS,NJD,5,4,9,1,Boston Bruins,New Jersey Devils,Home Win (5-4 SO),5-4,Shootout,Yes,Yes,TD Garden,Boston,OFF,J. Halak (Winning Goalie),Boston Bruins defeated New Jersey Devils 5-4 in a shootout at TD Garden (Boston).,NHL Official Stats REST API (api-web.nhle.com/v1)
539,2020020558,2020-2021,2020,Regular Season,Regular Season,2021-03-30,Tuesday,23:00,New York Rangers,Washington Capitals,New York Rangers,Washington Capitals,NYR,WSH,5,2,7,3,New York Rangers,Washington Capitals,Home Win (5-2),5-2,Regulation,No,No,Madison Square Garden,New York,OFF,I. Shesterkin (Winning Goalie); A. Fox (GWG Scorer),New York Rangers defeated Washington Capitals 5-2 in regulation at Madison Square Garden (New York).,NHL Official Stats REST API (api-web.nhle.com/v1)
540,2020020559,2020-2021,2020,Regular Season,Regular Season,2021-03-30,Tuesday,23:00,Tampa Bay Lightning,Columbus Blue Jackets,Tampa Bay Lightning,Columbus Blue Jackets,TBL,CBJ,1,3,4,2,Columbus Blue Jackets,Tampa Bay Lightning,Away Win (3-1),1-3,Regulation,No,No,Amalie Arena,Tampa Bay,OFF,E. Merzlikins (Winning Goalie); D. Savard (GWG Scorer),Columbus Blue Jackets defeated Tampa Bay Lightning 3-1 in regulation at Amalie Arena (Tampa Bay).,NHL Official Stats REST API (api-web.nhle.com/v1)
541,2020020560,2020-2021,2020,Regular Season,Regular Season,2021-03-30,Tuesday,23:00,Florida Panthers,Detroit Red Wings,Florida Panthers,Detroit Red Wings,FLA,DET,4,1,5,3,Florida Panthers,Detroit Red Wings,Home Win (4-1),4-1,Regulation,No,No,BB&T Center,Florida,OFF,S. Bobrovsky (Winning Goalie); C. Verhaeghe (GWG Scorer),Florida Panthers defeated Detroit Red Wings 4-1 in regulation at BB&T Center (Florida).,NHL Official Stats REST API (api-web.nhle.com/v1)
542,2020020562,2020-2021,2020,Regular Season,Regular Season,2021-03-30,Tuesday,23:30,Chicago Blackhawks,Carolina Hurricanes,Chicago Blackhawks,Carolina Hurricanes,CHI,CAR,2,1,3,1,Chicago Blackhawks,Carolina Hurricanes,Home Win (2-1),2-1,Regulation,No,No,United Center,Chicago,OFF,K. Lankinen (Winning Goalie); A. DeBrincat (GWG Scorer),Chicago Blackhawks defeated Carolina Hurricanes 2-1 in regulation at United Center (Chicago).,NHL Official Stats REST API (api-web.nhle.com/v1)
543,2020020563,2020-2021,2020,Regular Season,Regular Season,2021-03-30,Tuesday,00:00,Nashville Predators,Dallas Stars,Nashville Predators,Dallas Stars,NSH,DAL,3,2,5,1,Nashville Predators,Dallas Stars,Home Win (3-2 OT),3-2,Overtime,Yes,No,Bridgestone Arena,Nashville,OFF,J. Saros (Winning Goalie); E. Tolvanen (GWG Scorer),Nashville Predators defeated Dallas Stars 3-2 in overtime at Bridgestone Arena (Nashville).,NHL Official Stats REST API (api-web.nhle.com/v1)
544,2020020557,2020-2021,2020,Regular Season,Regular Season,2021-03-31,Wednesday,23:30,Buffalo Sabres,Philadelphia Flyers,Buffalo Sabres,Philadelphia Flyers,BUF,PHI,6,1,7,5,Buffalo Sabres,Philadelphia Flyers,Home Win (6-1),6-1,Regulation,No,No,KeyBank Center,Buffalo,OFF,L. Ullmark (Winning Goalie); C. Lazar (GWG Scorer),Buffalo Sabres defeated Philadelphia Flyers 6-1 in regulation at KeyBank Center (Buffalo).,NHL Official Stats REST API (api-web.nhle.com/v1)
545,2020020566,2020-2021,2020,Regular Season,Regular Season,2021-03-31,Wednesday,23:30,Winnipeg Jets,Toronto Maple Leafs,Winnipeg Jets,Toronto Maple Leafs,WPG,TOR,1,3,4,2,Toronto Maple Leafs,Winnipeg Jets,Away Win (3-1),1-3,Regulation,No,No,Bell MTS Place,Winnipeg,OFF,J. Campbell (Winning Goalie); Z. Hyman (GWG Scorer),Toronto Maple Leafs defeated Winnipeg Jets 3-1 in regulation at Bell MTS Place (Winnipeg).,NHL Official Stats REST API (api-web.nhle.com/v1)
546,2020020209,2020-2021,2020,Regular Season,Regular Season,2021-03-31,Wednesday,01:30,Colorado Avalanche,Arizona Coyotes,Colorado Avalanche,Arizona Coyotes,COL,ARI,9,3,12,6,Colorado Avalanche,Arizona Coyotes,Home Win (9-3),9-3,Regulation,No,No,Ball Arena,Colorado,OFF,P. Grubauer (Winning Goalie); J. Donskoi (GWG Scorer),Colorado Avalanche defeated Arizona Coyotes 9-3 in regulation at Ball Arena (Colorado).,NHL Official Stats REST API (api-web.nhle.com/v1)
547,2020020569,2020-2021,2020,Regular Season,Regular Season,2021-03-31,Wednesday,02:00,Vegas Golden Knights,Los Angeles Kings,Vegas Golden Knights,Los Angeles Kings,VGK,LAK,2,4,6,2,Los Angeles Kings,Vegas Golden Knights,Away Win (4-2),2-4,Regulation,No,No,T-Mobile Arena,Vegas,OFF,C. Petersen (Winning Goalie); J. Anderson-Dolan (GWG Scorer),Los Angeles Kings defeated Vegas Golden Knights 4-2 in regulation at T-Mobile Arena (Vegas).,NHL Official Stats REST API (api-web.nhle.com/v1)
548,2020020570,2020-2021,2020,Regular Season,Regular Season,2021-03-31,Wednesday,02:30,San Jose Sharks,Minnesota Wild,San Jose Sharks,Minnesota Wild,SJS,MIN,4,2,6,2,San Jose Sharks,Minnesota Wild,Home Win (4-2),4-2,Regulation,No,No,SAP Center at San Jose,San Jose,OFF,M. Jones (Winning Goalie); N. Knyzhov (GWG Scorer),San Jose Sharks defeated Minnesota Wild 4-2 in regulation at SAP Center at San Jose (San Jose).,NHL Official Stats REST API (api-web.nhle.com/v1)
549,2020020571,2020-2021,2020,Regular Season,Regular Season,2021-04-01,Thursday,23:00,Boston Bruins,Pittsburgh Penguins,Boston Bruins,Pittsburgh Penguins,BOS,PIT,1,4,5,3,Pittsburgh Penguins,Boston Bruins,Away Win (4-1),1-4,Regulation,No,No,TD Garden,Boston,OFF,C. DeSmith (Winning Goalie); M. Matheson (GWG Scorer),Pittsburgh Penguins defeated Boston Bruins 4-1 in regulation at TD Garden (Boston).,NHL Official Stats REST API (api-web.nhle.com/v1)
550,2020020572,2020-2021,2020,Regular Season,Regular Season,2021-04-01,Thursday,23:00,Buffalo Sabres,New York Rangers,Buffalo Sabres,New York Rangers,BUF,NYR,2,3,5,1,New York Rangers,Buffalo Sabres,Away Win (3-2 OT),2-3,Overtime,Yes,No,KeyBank Center,Buffalo,OFF,I. Shesterkin (Winning Goalie); M. Zibanejad (GWG Scorer),New York Rangers defeated Buffalo Sabres 3-2 in overtime at KeyBank Center (Buffalo).,NHL Official Stats REST API (api-web.nhle.com/v1)
551,2020020573,2020-2021,2020,Regular Season,Regular Season,2021-04-01,Thursday,23:00,New York Islanders,Washington Capitals,New York Islanders,Washington Capitals,NYI,WSH,8,4,12,4,New York Islanders,Washington Capitals,Home Win (8-4),8-4,Regulation,No,No,Nassau Veterans Memorial Coliseum,New York,OFF,S. Varlamov (Winning Goalie); C. Cizikas (GWG Scorer),New York Islanders defeated Washington Capitals 8-4 in regulation at Nassau Veterans Memorial Coliseum (New York).,NHL Official Stats REST API (api-web.nhle.com/v1)
552,2020020574,2020-2021,2020,Regular Season,Regular Season,2021-04-01,Thursday,23:00,Tampa Bay Lightning,Columbus Blue Jackets,Tampa Bay Lightning,Columbus Blue Jackets,TBL,CBJ,3,2,5,1,Tampa Bay Lightning,Columbus Blue Jackets,Home Win (3-2),3-2,Regulation,No,No,Amalie Arena,Tampa Bay,OFF,A. Vasilevskiy (Winning Goalie); B. Point (GWG Scorer),Tampa Bay Lightning defeated Columbus Blue Jackets 3-2 in regulation at Amalie Arena (Tampa Bay).,NHL Official Stats REST API (api-web.nhle.com/v1)
553,2020020575,2020-2021,2020,Regular Season,Regular Season,2021-04-01,Thursday,23:00,Florida Panthers,Detroit Red Wings,Florida Panthers,Detroit Red Wings,FLA,DET,3,2,5,1,Florida Panthers,Detroit Red Wings,Home Win (3-2 OT),3-2,Overtime,Yes,No,BB&T Center,Florida,OFF,C. Driedger (Winning Goalie); A. Wennberg (GWG Scorer),Florida Panthers defeated Detroit Red Wings 3-2 in overtime at BB&T Center (Florida).,NHL Official Stats REST API (api-web.nhle.com/v1)
554,2020020578,2020-2021,2020,Regular Season,Regular Season,2021-04-01,Thursday,23:00,Ottawa Senators,Montréal Canadiens,Ottawa Senators,Montréal Canadiens,OTT,MTL,1,4,5,3,Montréal Canadiens,Ottawa Senators,Away Win (4-1),1-4,Regulation,No,No,Canadian Tire Centre,Ottawa,OFF,J. Allen (Winning Goalie); P. Byron (GWG Scorer),Montréal Canadiens defeated Ottawa Senators 4-1 in regulation at Canadian Tire Centre (Ottawa).,NHL Official Stats REST API (api-web.nhle.com/v1)
555,2020020576,2020-2021,2020,Regular Season,Regular Season,2021-04-01,Thursday,00:00,Chicago Blackhawks,Carolina Hurricanes,Chicago Blackhawks,Carolina Hurricanes,CHI,CAR,3,4,7,1,Carolina Hurricanes,Chicago Blackhawks,Away Win (4-3),3-4,Regulation,No,No,United Center,Chicago,OFF,J. Reimer (Winning Goalie); J. Fast (GWG Scorer),Carolina Hurricanes defeated Chicago Blackhawks 4-3 in regulation at United Center (Chicago).,NHL Official Stats REST API (api-web.nhle.com/v1)
556,2020020577,2020-2021,2020,Regular Season,Regular Season,2021-04-01,Thursday,00:00,Nashville Predators,Dallas Stars,Nashville Predators,Dallas Stars,NSH,DAL,1,4,5,3,Dallas Stars,Nashville Predators,Away Win (4-1),1-4,Regulation,No,No,Bridgestone Arena,Nashville,OFF,A. Khudobin (Winning Goalie); J. Robertson (GWG Scorer),Dallas Stars defeated Nashville Predators 4-1 in regulation at Bridgestone Arena (Nashville).,NHL Official Stats REST API (api-web.nhle.com/v1)
557,2020020579,2020-2021,2020,Regular Season,Regular Season,2021-04-01,Thursday,02:30,Vegas Golden Knights,Minnesota Wild,Vegas Golden Knights,Minnesota Wild,VGK,MIN,2,3,5,1,Minnesota Wild,Vegas Golden Knights,Away Win (3-2 SO),2-3,Shootout,Yes,Yes,T-Mobile Arena,Vegas,OFF,C. Talbot (Winning Goalie),Minnesota Wild defeated Vegas Golden Knights 3-2 in a shootout at T-Mobile Arena (Vegas).,NHL Official Stats REST API (api-web.nhle.com/v1)
558,2020020580,2020-2021,2020,Regular Season,Regular Season,2021-04-02,Friday,23:00,New Jersey Devils,Washington Capitals,New Jersey Devils,Washington Capitals,NJD,WSH,1,2,3,1,Washington Capitals,New Jersey Devils,Away Win (2-1 OT),1-2,Overtime,Yes,No,Prudential Center,New Jersey,OFF,V. Vanecek (Winning Goalie); D. Orlov (GWG Scorer),Washington Capitals defeated New Jersey Devils 2-1 in overtime at Prudential Center (New Jersey).,NHL Official Stats REST API (api-web.nhle.com/v1)
559,2020020581,2020-2021,2020,Regular Season,Regular Season,2021-04-02,Friday,00:00,Winnipeg Jets,Toronto Maple Leafs,Winnipeg Jets,Toronto Maple Leafs,WPG,TOR,1,2,3,1,Toronto Maple Leafs,Winnipeg Jets,Away Win (2-1 SO),1-2,Shootout,Yes,Yes,Bell MTS Place,Winnipeg,OFF,J. Campbell (Winning Goalie),Toronto Maple Leafs defeated Winnipeg Jets 2-1 in a shootout at Bell MTS Place (Winnipeg).,NHL Official Stats REST API (api-web.nhle.com/v1)
560,2020020582,2020-2021,2020,Regular Season,Regular Season,2021-04-02,Friday,01:00,Edmonton Oilers,Calgary Flames,Edmonton Oilers,Calgary Flames,EDM,CGY,3,2,5,1,Edmonton Oilers,Calgary Flames,Home Win (3-2),3-2,Regulation,No,No,Rogers Place,Edmonton,OFF,M. Smith (Winning Goalie); C. McDavid (GWG Scorer),Edmonton Oilers defeated Calgary Flames 3-2 in regulation at Rogers Place (Edmonton).,NHL Official Stats REST API (api-web.nhle.com/v1)
561,2020020723,2020-2021,2020,Regular Season,Regular Season,2021-04-02,Friday,01:00,Colorado Avalanche,St. Louis Blues,Colorado Avalanche,St. Louis Blues,COL,STL,3,2,5,1,Colorado Avalanche,St. Louis Blues,Home Win (3-2),3-2,Regulation,No,No,Ball Arena,Colorado,OFF,J. Johansson (Winning Goalie); N. MacKinnon (GWG Scorer),Colorado Avalanche defeated St. Louis Blues 3-2 in regulation at Ball Arena (Colorado).,NHL Official Stats REST API (api-web.nhle.com/v1)
562,2020020583,2020-2021,2020,Regular Season,Regular Season,2021-04-02,Friday,02:00,Anaheim Ducks,Arizona Coyotes,Anaheim Ducks,Arizona Coyotes,ANA,ARI,2,4,6,2,Arizona Coyotes,Anaheim Ducks,Away Win (4-2),2-4,Regulation,No,No,Honda Center,Anaheim,OFF,A. Hill (Winning Goalie); P. Kessel (GWG Scorer),Arizona Coyotes defeated Anaheim Ducks 4-2 in regulation at Honda Center (Anaheim).,NHL Official Stats REST API (api-web.nhle.com/v1)
563,2020020584,2020-2021,2020,Regular Season,Regular Season,2021-04-02,Friday,02:00,Los Angeles Kings,San Jose Sharks,Los Angeles Kings,San Jose Sharks,LAK,SJS,0,3,3,3,San Jose Sharks,Los Angeles Kings,Away Win (3-0),0-3,Regulation,No,No,STAPLES Center,Los Angeles,OFF,M. Jones (Winning Goalie); T. Hertl (GWG Scorer),San Jose Sharks defeated Los Angeles Kings 3-0 in regulation at STAPLES Center (Los Angeles).,NHL Official Stats REST API (api-web.nhle.com/v1)
564,2020020585,2020-2021,2020,Regular Season,Regular Season,2021-04-03,Saturday,17:00,Boston Bruins,Pittsburgh Penguins,Boston Bruins,Pittsburgh Penguins,BOS,PIT,7,5,12,2,Boston Bruins,Pittsburgh Penguins,Home Win (7-5),7-5,Regulation,No,No,TD Garden,Boston,OFF,J. Halak (Winning Goalie); D. Pastrnak (GWG Scorer),Boston Bruins defeated Pittsburgh Penguins 7-5 in regulation at TD Garden (Boston).,NHL Official Stats REST API (api-web.nhle.com/v1)
565,2020020589,2020-2021,2020,Regular Season,Regular Season,2021-04-03,Saturday,17:00,Tampa Bay Lightning,Detroit Red Wings,Tampa Bay Lightning,Detroit Red Wings,TBL,DET,2,1,3,1,Tampa Bay Lightning,Detroit Red Wings,Home Win (2-1),2-1,Regulation,No,No,Amalie Arena,Tampa Bay,OFF,A. Vasilevskiy (Winning Goalie); B. Point (GWG Scorer),Tampa Bay Lightning defeated Detroit Red Wings 2-1 in regulation at Amalie Arena (Tampa Bay).,NHL Official Stats REST API (api-web.nhle.com/v1)
566,2020020591,2020-2021,2020,Regular Season,Regular Season,2021-04-03,Saturday,19:00,Nashville Predators,Chicago Blackhawks,Nashville Predators,Chicago Blackhawks,NSH,CHI,3,0,3,3,Nashville Predators,Chicago Blackhawks,Home Win (3-0),3-0,Regulation,No,No,Bridgestone Arena,Nashville,OFF,J. Saros (Winning Goalie); E. Tolvanen (GWG Scorer),Nashville Predators defeated Chicago Blackhawks 3-0 in regulation at Bridgestone Arena (Nashville).,NHL Official Stats REST API (api-web.nhle.com/v1)
567,2020020586,2020-2021,2020,Regular Season,Regular Season,2021-04-03,Saturday,23:00,Buffalo Sabres,New York Rangers,Buffalo Sabres,New York Rangers,BUF,NYR,3,2,5,1,Buffalo Sabres,New York Rangers,Home Win (3-2 SO),3-2,Shootout,Yes,Yes,KeyBank Center,Buffalo,OFF,L. Ullmark (Winning Goalie),Buffalo Sabres defeated New York Rangers 3-2 in a shootout at KeyBank Center (Buffalo).,NHL Official Stats REST API (api-web.nhle.com/v1)
568,2020020587,2020-2021,2020,Regular Season,Regular Season,2021-04-03,Saturday,23:00,New York Islanders,Philadelphia Flyers,New York Islanders,Philadelphia Flyers,NYI,PHI,3,2,5,1,New York Islanders,Philadelphia Flyers,Home Win (3-2 SO),3-2,Shootout,Yes,Yes,Nassau Veterans Memorial Coliseum,New York,OFF,I. Sorokin (Winning Goalie),New York Islanders defeated Philadelphia Flyers 3-2 in a shootout at Nassau Veterans Memorial Coliseum (New York).,NHL Official Stats REST API (api-web.nhle.com/v1)
569,2020020588,2020-2021,2020,Regular Season,Regular Season,2021-04-03,Saturday,23:00,Carolina Hurricanes,Dallas Stars,Carolina Hurricanes,Dallas Stars,CAR,DAL,2,3,5,1,Dallas Stars,Carolina Hurricanes,Away Win (3-2),2-3,Regulation,No,No,PNC Arena,Carolina,OFF,J. Oettinger (Winning Goalie); T. Kero (GWG Scorer),Dallas Stars defeated Carolina Hurricanes 3-2 in regulation at PNC Arena (Carolina).,NHL Official Stats REST API (api-web.nhle.com/v1)
570,2020020590,2020-2021,2020,Regular Season,Regular Season,2021-04-03,Saturday,23:00,Florida Panthers,Columbus Blue Jackets,Florida Panthers,Columbus Blue Jackets,FLA,CBJ,5,2,7,3,Florida Panthers,Columbus Blue Jackets,Home Win (5-2),5-2,Regulation,No,No,BB&T Center,Florida,OFF,S. Bobrovsky (Winning Goalie); A. Wennberg (GWG Scorer),Florida Panthers defeated Columbus Blue Jackets 5-2 in regulation at BB&T Center (Florida).,NHL Official Stats REST API (api-web.nhle.com/v1)
571,2020020592,2020-2021,2020,Regular Season,Regular Season,2021-04-03,Saturday,23:00,Montréal Canadiens,Ottawa Senators,Montréal Canadiens,Ottawa Senators,MTL,OTT,3,6,9,3,Ottawa Senators,Montréal Canadiens,Away Win (6-3),3-6,Regulation,No,No,Centre Bell,Montréal,OFF,A. Forsberg (Winning Goalie); E. Dadonov (GWG Scorer),Ottawa Senators defeated Montréal Canadiens 6-3 in regulation at Centre Bell (Montréal).,NHL Official Stats REST API (api-web.nhle.com/v1)
572,2020020594,2020-2021,2020,Regular Season,Regular Season,2021-04-03,Saturday,01:00,Colorado Avalanche,St. Louis Blues,Colorado Avalanche,St. Louis Blues,COL,STL,2,1,3,1,Colorado Avalanche,St. Louis Blues,Home Win (2-1),2-1,Regulation,No,No,Ball Arena,Colorado,OFF,P. Grubauer (Winning Goalie); C. Makar (GWG Scorer),Colorado Avalanche defeated St. Louis Blues 2-1 in regulation at Ball Arena (Colorado).,NHL Official Stats REST API (api-web.nhle.com/v1)
573,2020020595,2020-2021,2020,Regular Season,Regular Season,2021-04-03,Saturday,01:00,Vegas Golden Knights,Minnesota Wild,Vegas Golden Knights,Minnesota Wild,VGK,MIN,1,2,3,1,Minnesota Wild,Vegas Golden Knights,Away Win (2-1),1-2,Regulation,No,No,T-Mobile Arena,Vegas,OFF,C. Talbot (Winning Goalie); J. Eriksson Ek (GWG Scorer),Minnesota Wild defeated Vegas Golden Knights 2-1 in regulation at T-Mobile Arena (Vegas).,NHL Official Stats REST API (api-web.nhle.com/v1)
574,2020020596,2020-2021,2020,Regular Season,Regular Season,2021-04-03,Saturday,02:00,Los Angeles Kings,San Jose Sharks,Los Angeles Kings,San Jose Sharks,LAK,SJS,2,3,5,1,San Jose Sharks,Los Angeles Kings,Away Win (3-2),2-3,Regulation,No,No,STAPLES Center,Los Angeles,OFF,M. Jones (Winning Goalie); D. Gambrell (GWG Scorer),San Jose Sharks defeated Los Angeles Kings 3-2 in regulation at STAPLES Center (Los Angeles).,NHL Official Stats REST API (api-web.nhle.com/v1)
575,2020020599,2020-2021,2020,Regular Season,Regular Season,2021-04-04,Sunday,16:00,Tampa Bay Lightning,Detroit Red Wings,Tampa Bay Lightning,Detroit Red Wings,TBL,DET,1,5,6,4,Detroit Red Wings,Tampa Bay Lightning,Away Win (5-1),1-5,Regulation,No,No,Amalie Arena,Tampa Bay,OFF,T. Greiss (Winning Goalie); V. Filppula (GWG Scorer),Detroit Red Wings defeated Tampa Bay Lightning 5-1 in regulation at Amalie Arena (Tampa Bay).,NHL Official Stats REST API (api-web.nhle.com/v1)
576,2020020597,2020-2021,2020,Regular Season,Regular Season,2021-04-04,Sunday,19:00,New Jersey Devils,Washington Capitals,New Jersey Devils,Washington Capitals,NJD,WSH,4,5,9,1,Washington Capitals,New Jersey Devils,Away Win (5-4),4-5,Regulation,No,No,Prudential Center,New Jersey,OFF,I. Samsonov (Winning Goalie); E. Kuznetsov (GWG Scorer),Washington Capitals defeated New Jersey Devils 5-4 in regulation at Prudential Center (New Jersey).,NHL Official Stats REST API (api-web.nhle.com/v1)
577,2020020600,2020-2021,2020,Regular Season,Regular Season,2021-04-04,Sunday,21:00,Florida Panthers,Columbus Blue Jackets,Florida Panthers,Columbus Blue Jackets,FLA,CBJ,3,0,3,3,Florida Panthers,Columbus Blue Jackets,Home Win (3-0),3-0,Regulation,No,No,BB&T Center,Florida,OFF,C. Driedger (Winning Goalie); A. Barkov (GWG Scorer),Florida Panthers defeated Columbus Blue Jackets 3-0 in regulation at BB&T Center (Florida).,NHL Official Stats REST API (api-web.nhle.com/v1)
578,2020020598,2020-2021,2020,Regular Season,Regular Season,2021-04-04,Sunday,23:00,Carolina Hurricanes,Dallas Stars,Carolina Hurricanes,Dallas Stars,CAR,DAL,1,0,1,1,Carolina Hurricanes,Dallas Stars,Home Win (1-0),1-0,Regulation,No,No,PNC Arena,Carolina,OFF,P. Mrazek (Winning Goalie); J. Martinook (GWG Scorer),Carolina Hurricanes defeated Dallas Stars 1-0 in regulation at PNC Arena (Carolina).,NHL Official Stats REST API (api-web.nhle.com/v1)
579,2020020603,2020-2021,2020,Regular Season,Regular Season,2021-04-04,Sunday,01:00,Calgary Flames,Toronto Maple Leafs,Calgary Flames,Toronto Maple Leafs,CGY,TOR,2,4,6,2,Toronto Maple Leafs,Calgary Flames,Away Win (4-2),2-4,Regulation,No,No,Scotiabank Saddledome,Calgary,OFF,M. Hutchinson (Winning Goalie); J. Tavares (GWG Scorer),Toronto Maple Leafs defeated Calgary Flames 4-2 in regulation at Scotiabank Saddledome (Calgary).,NHL Official Stats REST API (api-web.nhle.com/v1)
580,2020020604,2020-2021,2020,Regular Season,Regular Season,2021-04-04,Sunday,01:00,Anaheim Ducks,Arizona Coyotes,Anaheim Ducks,Arizona Coyotes,ANA,ARI,2,3,5,1,Arizona Coyotes,Anaheim Ducks,Away Win (3-2 OT),2-3,Overtime,Yes,No,Honda Center,Anaheim,OFF,A. Hill (Winning Goalie); J. Chychrun (GWG Scorer),Arizona Coyotes defeated Anaheim Ducks 3-2 in overtime at Honda Center (Anaheim).,NHL Official Stats REST API (api-web.nhle.com/v1)
581,2020020390,2020-2021,2020,Regular Season,Regular Season,2021-04-05,Monday,23:00,Boston Bruins,Philadelphia Flyers,Boston Bruins,Philadelphia Flyers,BOS,PHI,2,3,5,1,Philadelphia Flyers,Boston Bruins,Away Win (3-2 OT),2-3,Overtime,Yes,No,TD Garden,Boston,OFF,B. Elliott (Winning Goalie); T. Sanheim (GWG Scorer),Philadelphia Flyers defeated Boston Bruins 3-2 in overtime at TD Garden (Boston).,NHL Official Stats REST API (api-web.nhle.com/v1)
582,2020020607,2020-2021,2020,Regular Season,Regular Season,2021-04-05,Monday,23:00,Montréal Canadiens,Edmonton Oilers,Montréal Canadiens,Edmonton Oilers,MTL,EDM,3,2,5,1,Montréal Canadiens,Edmonton Oilers,Home Win (3-2 OT),3-2,Overtime,Yes,No,Centre Bell,Montréal,OFF,C. Price (Winning Goalie); E. Staal (GWG Scorer),Montréal Canadiens defeated Edmonton Oilers 3-2 in overtime at Centre Bell (Montréal).,NHL Official Stats REST API (api-web.nhle.com/v1)
583,2020020848,2020-2021,2020,Regular Season,Regular Season,2021-04-05,Monday,23:00,Winnipeg Jets,Ottawa Senators,Winnipeg Jets,Ottawa Senators,WPG,OTT,4,3,7,1,Winnipeg Jets,Ottawa Senators,Home Win (4-3),4-3,Regulation,No,No,Bell MTS Place,Winnipeg,OFF,C. Hellebuyck (Winning Goalie); K. Connor (GWG Scorer),Winnipeg Jets defeated Ottawa Senators 4-3 in regulation at Bell MTS Place (Winnipeg).,NHL Official Stats REST API (api-web.nhle.com/v1)
584,2020020606,2020-2021,2020,Regular Season,Regular Season,2021-04-05,Monday,00:00,St. Louis Blues,Vegas Golden Knights,St. Louis Blues,Vegas Golden Knights,STL,VGK,1,6,7,5,Vegas Golden Knights,St. Louis Blues,Away Win (6-1),1-6,Regulation,No,No,Enterprise Center,St. Louis,OFF,R. Lehner (Winning Goalie); A. Martinez (GWG Scorer),Vegas Golden Knights defeated St. Louis Blues 6-1 in regulation at Enterprise Center (St. Louis).,NHL Official Stats REST API (api-web.nhle.com/v1)
585,2020020609,2020-2021,2020,Regular Season,Regular Season,2021-04-05,Monday,00:00,Minnesota Wild,Colorado Avalanche,Minnesota Wild,Colorado Avalanche,MIN,COL,4,5,9,1,Colorado Avalanche,Minnesota Wild,Away Win (5-4),4-5,Regulation,No,No,Xcel Energy Center,Minnesota,OFF,P. Grubauer (Winning Goalie); G. Landeskog (GWG Scorer),Colorado Avalanche defeated Minnesota Wild 5-4 in regulation at Xcel Energy Center (Minnesota).,NHL Official Stats REST API (api-web.nhle.com/v1)
586,2020020608,2020-2021,2020,Regular Season,Regular Season,2021-04-05,Monday,01:30,Calgary Flames,Toronto Maple Leafs,Calgary Flames,Toronto Maple Leafs,CGY,TOR,3,5,8,2,Toronto Maple Leafs,Calgary Flames,Away Win (5-3),3-5,Regulation,No,No,Scotiabank Saddledome,Calgary,OFF,J. Campbell (Winning Goalie); A. Matthews (GWG Scorer),Toronto Maple Leafs defeated Calgary Flames 5-3 in regulation at Scotiabank Saddledome (Calgary).,NHL Official Stats REST API (api-web.nhle.com/v1)
587,2020020610,2020-2021,2020,Regular Season,Regular Season,2021-04-05,Monday,02:00,Los Angeles Kings,Arizona Coyotes,Los Angeles Kings,Arizona Coyotes,LAK,ARI,2,5,7,3,Arizona Coyotes,Los Angeles Kings,Away Win (5-2),2-5,Regulation,No,No,STAPLES Center,Los Angeles,OFF,A. Hill (Winning Goalie); D. Brassard (GWG Scorer),Arizona Coyotes defeated Los Angeles Kings 5-2 in regulation at STAPLES Center (Los Angeles).,NHL Official Stats REST API (api-web.nhle.com/v1)
588,2020020611,2020-2021,2020,Regular Season,Regular Season,2021-04-06,Tuesday,23:00,New Jersey Devils,Buffalo Sabres,New Jersey Devils,Buffalo Sabres,NJD,BUF,3,5,8,2,Buffalo Sabres,New Jersey Devils,Away Win (5-3),3-5,Regulation,No,No,Prudential Center,New Jersey,OFF,L. Ullmark (Winning Goalie); C. Mittelstadt (GWG Scorer),Buffalo Sabres defeated New Jersey Devils 5-3 in regulation at Prudential Center (New Jersey).,NHL Official Stats REST API (api-web.nhle.com/v1)
589,2020020612,2020-2021,2020,Regular Season,Regular Season,2021-04-06,Tuesday,23:00,New York Islanders,Washington Capitals,New York Islanders,Washington Capitals,NYI,WSH,1,0,1,1,New York Islanders,Washington Capitals,Home Win (1-0),1-0,Regulation,No,No,Nassau Veterans Memorial Coliseum,New York,OFF,S. Varlamov (Winning Goalie); B. Nelson (GWG Scorer),New York Islanders defeated Washington Capitals 1-0 in regulation at Nassau Veterans Memorial Coliseum (New York).,NHL Official Stats REST API (api-web.nhle.com/v1)
590,2020020613,2020-2021,2020,Regular Season,Regular Season,2021-04-06,Tuesday,23:00,New York Rangers,Pittsburgh Penguins,New York Rangers,Pittsburgh Penguins,NYR,PIT,8,4,12,4,New York Rangers,Pittsburgh Penguins,Home Win (8-4),8-4,Regulation,No,No,Madison Square Garden,New York,OFF,I. Shesterkin (Winning Goalie); A. Lafrenière (GWG Scorer),New York Rangers defeated Pittsburgh Penguins 8-4 in regulation at Madison Square Garden (New York).,NHL Official Stats REST API (api-web.nhle.com/v1)
591,2020020614,2020-2021,2020,Regular Season,Regular Season,2021-04-06,Tuesday,23:00,Philadelphia Flyers,Boston Bruins,Philadelphia Flyers,Boston Bruins,PHI,BOS,2,4,6,2,Boston Bruins,Philadelphia Flyers,Away Win (4-2),2-4,Regulation,No,No,Wells Fargo Center,Philadelphia,OFF,J. Swayman (Winning Goalie); B. Marchand (GWG Scorer),Boston Bruins defeated Philadelphia Flyers 4-2 in regulation at Wells Fargo Center (Philadelphia).,NHL Official Stats REST API (api-web.nhle.com/v1)
592,2020020615,2020-2021,2020,Regular Season,Regular Season,2021-04-06,Tuesday,23:00,Carolina Hurricanes,Florida Panthers,Carolina Hurricanes,Florida Panthers,CAR,FLA,5,2,7,3,Carolina Hurricanes,Florida Panthers,Home Win (5-2),5-2,Regulation,No,No,PNC Arena,Carolina,OFF,P. Mrazek (Winning Goalie); J. Staal (GWG Scorer),Carolina Hurricanes defeated Florida Panthers 5-2 in regulation at PNC Arena (Carolina).,NHL Official Stats REST API (api-web.nhle.com/v1)
593,2020020616,2020-2021,2020,Regular Season,Regular Season,2021-04-06,Tuesday,23:00,Columbus Blue Jackets,Tampa Bay Lightning,Columbus Blue Jackets,Tampa Bay Lightning,CBJ,TBL,4,2,6,2,Columbus Blue Jackets,Tampa Bay Lightning,Home Win (4-2),4-2,Regulation,No,No,Nationwide Arena,Columbus,OFF,J. Korpisalo (Winning Goalie); M. Domi (GWG Scorer),Columbus Blue Jackets defeated Tampa Bay Lightning 4-2 in regulation at Nationwide Arena (Columbus).,NHL Official Stats REST API (api-web.nhle.com/v1)
594,2020020617,2020-2021,2020,Regular Season,Regular Season,2021-04-06,Tuesday,23:30,Detroit Red Wings,Nashville Predators,Detroit Red Wings,Nashville Predators,DET,NSH,2,3,5,1,Nashville Predators,Detroit Red Wings,Away Win (3-2 SO),2-3,Shootout,Yes,Yes,Little Caesars Arena,Detroit,OFF,J. Saros (Winning Goalie),Nashville Predators defeated Detroit Red Wings 3-2 in a shootout at Little Caesars Arena (Detroit).,NHL Official Stats REST API (api-web.nhle.com/v1)
595,2020020618,2020-2021,2020,Regular Season,Regular Season,2021-04-06,Tuesday,00:00,Chicago Blackhawks,Dallas Stars,Chicago Blackhawks,Dallas Stars,CHI,DAL,4,2,6,2,Chicago Blackhawks,Dallas Stars,Home Win (4-2),4-2,Regulation,No,No,United Center,Chicago,OFF,K. Lankinen (Winning Goalie); A. DeBrincat (GWG Scorer),Chicago Blackhawks defeated Dallas Stars 4-2 in regulation at United Center (Chicago).,NHL Official Stats REST API (api-web.nhle.com/v1)
596,2020020241,2020-2021,2020,Regular Season,Regular Season,2021-04-06,Tuesday,02:30,San Jose Sharks,Anaheim Ducks,San Jose Sharks,Anaheim Ducks,SJS,ANA,1,5,6,4,Anaheim Ducks,San Jose Sharks,Away Win (5-1),1-5,Regulation,No,No,SAP Center at San Jose,San Jose,OFF,J. Gibson (Winning Goalie); M. Comtois (GWG Scorer),Anaheim Ducks defeated San Jose Sharks 5-1 in regulation at SAP Center at San Jose (San Jose).,NHL Official Stats REST API (api-web.nhle.com/v1)
597,2020020621,2020-2021,2020,Regular Season,Regular Season,2021-04-07,Wednesday,21:00,Ottawa Senators,Edmonton Oilers,Ottawa Senators,Edmonton Oilers,OTT,EDM,2,4,6,2,Edmonton Oilers,Ottawa Senators,Away Win (4-2),2-4,Regulation,No,No,Canadian Tire Centre,Ottawa,OFF,M. Koskinen (Winning Goalie); C. McDavid (GWG Scorer),Edmonton Oilers defeated Ottawa Senators 4-2 in regulation at Canadian Tire Centre (Ottawa).,NHL Official Stats REST API (api-web.nhle.com/v1)
598,2020020622,2020-2021,2020,Regular Season,Regular Season,2021-04-07,Wednesday,23:30,Toronto Maple Leafs,Montréal Canadiens,Toronto Maple Leafs,Montréal Canadiens,TOR,MTL,3,2,5,1,Toronto Maple Leafs,Montréal Canadiens,Home Win (3-2),3-2,Regulation,No,No,Scotiabank Arena,Toronto,OFF,J. Campbell (Winning Goalie); Z. Hyman (GWG Scorer),Toronto Maple Leafs defeated Montréal Canadiens 3-2 in regulation at Scotiabank Arena (Toronto).,NHL Official Stats REST API (api-web.nhle.com/v1)
599,2020020620,2020-2021,2020,Regular Season,Regular Season,2021-04-07,Wednesday,01:00,St. Louis Blues,Vegas Golden Knights,St. Louis Blues,Vegas Golden Knights,STL,VGK,3,1,4,2,St. Louis Blues,Vegas Golden Knights,Home Win (3-1),3-1,Regulation,No,No,Enterprise Center,St. Louis,OFF,J. Binnington (Winning Goalie); S. Blais (GWG Scorer),St. Louis Blues defeated Vegas Golden Knights 3-1 in regulation at Enterprise Center (St. Louis).,NHL Official Stats REST API (api-web.nhle.com/v1)
600,2020020623,2020-2021,2020,Regular Season,Regular Season,2021-04-07,Wednesday,01:00,Minnesota Wild,Colorado Avalanche,Minnesota Wild,Colorado Avalanche,MIN,COL,8,3,11,5,Minnesota Wild,Colorado Avalanche,Home Win (8-3),8-3,Regulation,No,No,Xcel Energy Center,Minnesota,OFF,C. Talbot (Winning Goalie); R. Hartman (GWG Scorer),Minnesota Wild defeated Colorado Avalanche 8-3 in regulation at Xcel Energy Center (Minnesota).,NHL Official Stats REST API (api-web.nhle.com/v1)
601,2020020624,2020-2021,2020,Regular Season,Regular Season,2021-04-07,Wednesday,02:00,Los Angeles Kings,Arizona Coyotes,Los Angeles Kings,Arizona Coyotes,LAK,ARI,4,3,7,1,Los Angeles Kings,Arizona Coyotes,Home Win (4-3),4-3,Regulation,No,No,STAPLES Center,Los Angeles,OFF,J. Quick (Winning Goalie); C. Grundstrom (GWG Scorer),Los Angeles Kings defeated Arizona Coyotes 4-3 in regulation at STAPLES Center (Los Angeles).,NHL Official Stats REST API (api-web.nhle.com/v1)
602,2020020625,2020-2021,2020,Regular Season,Regular Season,2021-04-08,Thursday,23:00,Buffalo Sabres,New Jersey Devils,Buffalo Sabres,New Jersey Devils,BUF,NJD,3,6,9,3,New Jersey Devils,Buffalo Sabres,Away Win (6-3),3-6,Regulation,No,No,KeyBank Center,Buffalo,OFF,A. Dell (Winning Goalie); J. Boqvist (GWG Scorer),New Jersey Devils defeated Buffalo Sabres 6-3 in regulation at KeyBank Center (Buffalo).,NHL Official Stats REST API (api-web.nhle.com/v1)
603,2020020626,2020-2021,2020,Regular Season,Regular Season,2021-04-08,Thursday,23:00,New York Islanders,Philadelphia Flyers,New York Islanders,Philadelphia Flyers,NYI,PHI,3,2,5,1,New York Islanders,Philadelphia Flyers,Home Win (3-2 SO),3-2,Shootout,Yes,Yes,Nassau Veterans Memorial Coliseum,New York,OFF,I. Sorokin (Winning Goalie),New York Islanders defeated Philadelphia Flyers 3-2 in a shootout at Nassau Veterans Memorial Coliseum (New York).,NHL Official Stats REST API (api-web.nhle.com/v1)
604,2020020627,2020-2021,2020,Regular Season,Regular Season,2021-04-08,Thursday,23:00,New York Rangers,Pittsburgh Penguins,New York Rangers,Pittsburgh Penguins,NYR,PIT,2,5,7,3,Pittsburgh Penguins,New York Rangers,Away Win (5-2),2-5,Regulation,No,No,Madison Square Garden,New York,OFF,T. Jarry (Winning Goalie); E. Rodrigues (GWG Scorer),Pittsburgh Penguins defeated New York Rangers 5-2 in regulation at Madison Square Garden (New York).,NHL Official Stats REST API (api-web.nhle.com/v1)
605,2020020628,2020-2021,2020,Regular Season,Regular Season,2021-04-08,Thursday,23:00,Washington Capitals,Boston Bruins,Washington Capitals,Boston Bruins,WSH,BOS,2,4,6,2,Boston Bruins,Washington Capitals,Away Win (4-2),2-4,Regulation,No,No,Capital One Arena,Washington,OFF,J. Swayman (Winning Goalie); B. Marchand (GWG Scorer),Boston Bruins defeated Washington Capitals 4-2 in regulation at Capital One Arena (Washington).,NHL Official Stats REST API (api-web.nhle.com/v1)
606,2020020629,2020-2021,2020,Regular Season,Regular Season,2021-04-08,Thursday,23:00,Carolina Hurricanes,Florida Panthers,Carolina Hurricanes,Florida Panthers,CAR,FLA,3,0,3,3,Carolina Hurricanes,Florida Panthers,Home Win (3-0),3-0,Regulation,No,No,PNC Arena,Carolina,OFF,A. Nedeljkovic (Winning Goalie); S. Aho (GWG Scorer),Carolina Hurricanes defeated Florida Panthers 3-0 in regulation at PNC Arena (Carolina).,NHL Official Stats REST API (api-web.nhle.com/v1)
607,2020020630,2020-2021,2020,Regular Season,Regular Season,2021-04-08,Thursday,23:00,Columbus Blue Jackets,Tampa Bay Lightning,Columbus Blue Jackets,Tampa Bay Lightning,CBJ,TBL,4,6,10,2,Tampa Bay Lightning,Columbus Blue Jackets,Away Win (6-4),4-6,Regulation,No,No,Nationwide Arena,Columbus,OFF,A. Vasilevskiy (Winning Goalie); R. Colton (GWG Scorer),Tampa Bay Lightning defeated Columbus Blue Jackets 6-4 in regulation at Nationwide Arena (Columbus).,NHL Official Stats REST API (api-web.nhle.com/v1)
608,2020020633,2020-2021,2020,Regular Season,Regular Season,2021-04-08,Thursday,23:00,Montréal Canadiens,Winnipeg Jets,Montréal Canadiens,Winnipeg Jets,MTL,WPG,2,4,6,2,Winnipeg Jets,Montréal Canadiens,Away Win (4-2),2-4,Regulation,No,No,Centre Bell,Montréal,OFF,C. Hellebuyck (Winning Goalie); N. Ehlers (GWG Scorer),Winnipeg Jets defeated Montréal Canadiens 4-2 in regulation at Centre Bell (Montréal).,NHL Official Stats REST API (api-web.nhle.com/v1)
609,2020020638,2020-2021,2020,Regular Season,Regular Season,2021-04-08,Thursday,23:00,Ottawa Senators,Edmonton Oilers,Ottawa Senators,Edmonton Oilers,OTT,EDM,1,3,4,2,Edmonton Oilers,Ottawa Senators,Away Win (3-1),1-3,Regulation,No,No,Canadian Tire Centre,Ottawa,OFF,M. Smith (Winning Goalie); D. Shore (GWG Scorer),Edmonton Oilers defeated Ottawa Senators 3-1 in regulation at Canadian Tire Centre (Ottawa).,NHL Official Stats REST API (api-web.nhle.com/v1)
610,2020020631,2020-2021,2020,Regular Season,Regular Season,2021-04-08,Thursday,23:30,Detroit Red Wings,Nashville Predators,Detroit Red Wings,Nashville Predators,DET,NSH,1,7,8,6,Nashville Predators,Detroit Red Wings,Away Win (7-1),1-7,Regulation,No,No,Little Caesars Arena,Detroit,OFF,J. Saros (Winning Goalie); E. Haula (GWG Scorer),Nashville Predators defeated Detroit Red Wings 7-1 in regulation at Little Caesars Arena (Detroit).,NHL Official Stats REST API (api-web.nhle.com/v1)
611,2020020632,2020-2021,2020,Regular Season,Regular Season,2021-04-08,Thursday,00:00,Chicago Blackhawks,Dallas Stars,Chicago Blackhawks,Dallas Stars,CHI,DAL,1,5,6,4,Dallas Stars,Chicago Blackhawks,Away Win (5-1),1-5,Regulation,No,No,United Center,Chicago,OFF,A. Khudobin (Winning Goalie); J. Robertson (GWG Scorer),Dallas Stars defeated Chicago Blackhawks 5-1 in regulation at United Center (Chicago).,NHL Official Stats REST API (api-web.nhle.com/v1)
612,2020020229,2020-2021,2020,Regular Season,Regular Season,2021-04-09,Friday,23:00,Buffalo Sabres,Washington Capitals,Buffalo Sabres,Washington Capitals,BUF,WSH,3,4,7,1,Washington Capitals,Buffalo Sabres,Away Win (4-3),3-4,Regulation,No,No,KeyBank Center,Buffalo,OFF,V. Vanecek (Winning Goalie); J. Vrana (GWG Scorer),Washington Capitals defeated Buffalo Sabres 4-3 in regulation at KeyBank Center (Buffalo).,NHL Official Stats REST API (api-web.nhle.com/v1)
613,2020020494,2020-2021,2020,Regular Season,Regular Season,2021-04-09,Friday,23:00,New Jersey Devils,Pittsburgh Penguins,New Jersey Devils,Pittsburgh Penguins,NJD,PIT,4,6,10,2,Pittsburgh Penguins,New Jersey Devils,Away Win (6-4),4-6,Regulation,No,No,Prudential Center,New Jersey,OFF,C. DeSmith (Winning Goalie); S. Crosby (GWG Scorer),Pittsburgh Penguins defeated New Jersey Devils 6-4 in regulation at Prudential Center (New Jersey).,NHL Official Stats REST API (api-web.nhle.com/v1)
614,2020020636,2020-2021,2020,Regular Season,Regular Season,2021-04-09,Friday,23:00,New York Islanders,New York Rangers,New York Islanders,New York Rangers,NYI,NYR,1,4,5,3,New York Rangers,New York Islanders,Away Win (4-1),1-4,Regulation,No,No,Nassau Veterans Memorial Coliseum,New York,OFF,A. Georgiev (Winning Goalie); C. Blackwell (GWG Scorer),New York Rangers defeated New York Islanders 4-1 in regulation at Nassau Veterans Memorial Coliseum (New York).,NHL Official Stats REST API (api-web.nhle.com/v1)
615,2020020637,2020-2021,2020,Regular Season,Regular Season,2021-04-09,Friday,00:00,St. Louis Blues,Minnesota Wild,St. Louis Blues,Minnesota Wild,STL,MIN,9,1,10,8,St. Louis Blues,Minnesota Wild,Home Win (9-1),9-1,Regulation,No,No,Enterprise Center,St. Louis,OFF,J. Binnington (Winning Goalie); J. Schwartz (GWG Scorer),St. Louis Blues defeated Minnesota Wild 9-1 in regulation at Enterprise Center (St. Louis).,NHL Official Stats REST API (api-web.nhle.com/v1)
616,2020020639,2020-2021,2020,Regular Season,Regular Season,2021-04-09,Friday,02:00,Vegas Golden Knights,Arizona Coyotes,Vegas Golden Knights,Arizona Coyotes,VGK,ARI,7,4,11,3,Vegas Golden Knights,Arizona Coyotes,Home Win (7-4),7-4,Regulation,No,No,T-Mobile Arena,Vegas,OFF,R. Lehner (Winning Goalie); C. Stephenson (GWG Scorer),Vegas Golden Knights defeated Arizona Coyotes 7-4 in regulation at T-Mobile Arena (Vegas).,NHL Official Stats REST API (api-web.nhle.com/v1)
617,2020020640,2020-2021,2020,Regular Season,Regular Season,2021-04-09,Friday,02:00,Anaheim Ducks,Colorado Avalanche,Anaheim Ducks,Colorado Avalanche,ANA,COL,0,2,2,2,Colorado Avalanche,Anaheim Ducks,Away Win (2-0),0-2,Regulation,No,No,Honda Center,Anaheim,OFF,J. Johansson (Winning Goalie); V. Nichushkin (GWG Scorer),Colorado Avalanche defeated Anaheim Ducks 2-0 in regulation at Honda Center (Anaheim).,NHL Official Stats REST API (api-web.nhle.com/v1)
618,2020020641,2020-2021,2020,Regular Season,Regular Season,2021-04-09,Friday,02:30,San Jose Sharks,Los Angeles Kings,San Jose Sharks,Los Angeles Kings,SJS,LAK,5,2,7,3,San Jose Sharks,Los Angeles Kings,Home Win (5-2),5-2,Regulation,No,No,SAP Center at San Jose,San Jose,OFF,M. Jones (Winning Goalie); R. Balcers (GWG Scorer),San Jose Sharks defeated Los Angeles Kings 5-2 in regulation at SAP Center at San Jose (San Jose).,NHL Official Stats REST API (api-web.nhle.com/v1)
619,2020020605,2020-2021,2020,Regular Season,Regular Season,2021-04-10,Saturday,18:00,Philadelphia Flyers,Boston Bruins,Philadelphia Flyers,Boston Bruins,PHI,BOS,3,2,5,1,Philadelphia Flyers,Boston Bruins,Home Win (3-2),3-2,Regulation,No,No,Wells Fargo Center,Philadelphia,OFF,B. Elliott (Winning Goalie); S. Couturier (GWG Scorer),Philadelphia Flyers defeated Boston Bruins 3-2 in regulation at Wells Fargo Center (Philadelphia).,NHL Official Stats REST API (api-web.nhle.com/v1)
620,2020020648,2020-2021,2020,Regular Season,Regular Season,2021-04-10,Saturday,18:00,Dallas Stars,Florida Panthers,Dallas Stars,Florida Panthers,DAL,FLA,4,1,5,3,Dallas Stars,Florida Panthers,Home Win (4-1),4-1,Regulation,No,No,American Airlines Center,Dallas,OFF,A. Khudobin (Winning Goalie); J. L'Esperance (GWG Scorer),Dallas Stars defeated Florida Panthers 4-1 in regulation at American Airlines Center (Dallas).,NHL Official Stats REST API (api-web.nhle.com/v1)
621,2020020642,2020-2021,2020,Regular Season,Regular Season,2021-04-10,Saturday,23:00,Carolina Hurricanes,Detroit Red Wings,Carolina Hurricanes,Detroit Red Wings,CAR,DET,4,5,9,1,Detroit Red Wings,Carolina Hurricanes,Away Win (5-4 SO),4-5,Shootout,Yes,Yes,PNC Arena,Carolina,OFF,T. Greiss (Winning Goalie),Detroit Red Wings defeated Carolina Hurricanes 5-4 in a shootout at PNC Arena (Carolina).,NHL Official Stats REST API (api-web.nhle.com/v1)
622,2020020643,2020-2021,2020,Regular Season,Regular Season,2021-04-10,Saturday,23:00,Columbus Blue Jackets,Chicago Blackhawks,Columbus Blue Jackets,Chicago Blackhawks,CBJ,CHI,3,4,7,1,Chicago Blackhawks,Columbus Blue Jackets,Away Win (4-3),3-4,Regulation,No,No,Nationwide Arena,Columbus,OFF,K. Lankinen (Winning Goalie); D. Strome (GWG Scorer),Chicago Blackhawks defeated Columbus Blue Jackets 4-3 in regulation at Nationwide Arena (Columbus).,NHL Official Stats REST API (api-web.nhle.com/v1)
623,2020020645,2020-2021,2020,Regular Season,Regular Season,2021-04-10,Saturday,23:00,Montréal Canadiens,Winnipeg Jets,Montréal Canadiens,Winnipeg Jets,MTL,WPG,0,5,5,5,Winnipeg Jets,Montréal Canadiens,Away Win (5-0),0-5,Regulation,No,No,Centre Bell,Montréal,OFF,C. Hellebuyck (Winning Goalie); P. Stastny (GWG Scorer),Winnipeg Jets defeated Montréal Canadiens 5-0 in regulation at Centre Bell (Montréal).,NHL Official Stats REST API (api-web.nhle.com/v1)
624,2020020646,2020-2021,2020,Regular Season,Regular Season,2021-04-10,Saturday,23:00,Toronto Maple Leafs,Ottawa Senators,Toronto Maple Leafs,Ottawa Senators,TOR,OTT,6,5,11,1,Toronto Maple Leafs,Ottawa Senators,Home Win (6-5),6-5,Regulation,No,No,Scotiabank Arena,Toronto,OFF,J. Campbell (Winning Goalie); Z. Hyman (GWG Scorer),Toronto Maple Leafs defeated Ottawa Senators 6-5 in regulation at Scotiabank Arena (Toronto).,NHL Official Stats REST API (api-web.nhle.com/v1)
625,2020020644,2020-2021,2020,Regular Season,Regular Season,2021-04-10,Saturday,00:00,Nashville Predators,Tampa Bay Lightning,Nashville Predators,Tampa Bay Lightning,NSH,TBL,0,3,3,3,Tampa Bay Lightning,Nashville Predators,Away Win (3-0),0-3,Regulation,No,No,Bridgestone Arena,Nashville,OFF,A. Vasilevskiy (Winning Goalie); R. Colton (GWG Scorer),Tampa Bay Lightning defeated Nashville Predators 3-0 in regulation at Bridgestone Arena (Nashville).,NHL Official Stats REST API (api-web.nhle.com/v1)
626,2020020654,2020-2021,2020,Regular Season,Regular Season,2021-04-10,Saturday,00:00,St. Louis Blues,Minnesota Wild,St. Louis Blues,Minnesota Wild,STL,MIN,3,2,5,1,St. Louis Blues,Minnesota Wild,Home Win (3-2 OT),3-2,Overtime,Yes,No,Enterprise Center,St. Louis,OFF,V. Husso (Winning Goalie); R. O'Reilly (GWG Scorer),St. Louis Blues defeated Minnesota Wild 3-2 in overtime at Enterprise Center (St. Louis).,NHL Official Stats REST API (api-web.nhle.com/v1)
627,2020020849,2020-2021,2020,Regular Season,Regular Season,2021-04-10,Saturday,02:00,Calgary Flames,Edmonton Oilers,Calgary Flames,Edmonton Oilers,CGY,EDM,5,0,5,5,Calgary Flames,Edmonton Oilers,Home Win (5-0),5-0,Regulation,No,No,Scotiabank Saddledome,Calgary,OFF,J. Markstrom (Winning Goalie); S. Monahan (GWG Scorer),Calgary Flames defeated Edmonton Oilers 5-0 in regulation at Scotiabank Saddledome (Calgary).,NHL Official Stats REST API (api-web.nhle.com/v1)
628,2020020649,2020-2021,2020,Regular Season,Regular Season,2021-04-10,Saturday,02:30,San Jose Sharks,Los Angeles Kings,San Jose Sharks,Los Angeles Kings,SJS,LAK,2,4,6,2,Los Angeles Kings,San Jose Sharks,Away Win (4-2),2-4,Regulation,No,No,SAP Center at San Jose,San Jose,OFF,J. Quick (Winning Goalie); A. Iafallo (GWG Scorer),Los Angeles Kings defeated San Jose Sharks 4-2 in regulation at SAP Center at San Jose (San Jose).,NHL Official Stats REST API (api-web.nhle.com/v1)
629,2020020652,2020-2021,2020,Regular Season,Regular Season,2021-04-11,Sunday,18:00,Philadelphia Flyers,Buffalo Sabres,Philadelphia Flyers,Buffalo Sabres,PHI,BUF,3,5,8,2,Buffalo Sabres,Philadelphia Flyers,Away Win (5-3),3-5,Regulation,No,No,Wells Fargo Center,Philadelphia,OFF,L. Ullmark (Winning Goalie); R. Asplund (GWG Scorer),Buffalo Sabres defeated Philadelphia Flyers 5-3 in regulation at Wells Fargo Center (Philadelphia).,NHL Official Stats REST API (api-web.nhle.com/v1)
630,2020020655,2020-2021,2020,Regular Season,Regular Season,2021-04-11,Sunday,20:00,Vegas Golden Knights,Arizona Coyotes,Vegas Golden Knights,Arizona Coyotes,VGK,ARI,1,0,1,1,Vegas Golden Knights,Arizona Coyotes,Home Win (1-0),1-0,Regulation,No,No,T-Mobile Arena,Vegas,OFF,M. Fleury (Winning Goalie); T. Nosek (GWG Scorer),Vegas Golden Knights defeated Arizona Coyotes 1-0 in regulation at T-Mobile Arena (Vegas).,NHL Official Stats REST API (api-web.nhle.com/v1)
631,2020020656,2020-2021,2020,Regular Season,Regular Season,2021-04-11,Sunday,22:00,Anaheim Ducks,Colorado Avalanche,Anaheim Ducks,Colorado Avalanche,ANA,COL,1,4,5,3,Colorado Avalanche,Anaheim Ducks,Away Win (4-1),1-4,Regulation,No,No,Honda Center,Anaheim,OFF,J. Johansson (Winning Goalie); G. Landeskog (GWG Scorer),Colorado Avalanche defeated Anaheim Ducks 4-1 in regulation at Honda Center (Anaheim).,NHL Official Stats REST API (api-web.nhle.com/v1)
632,2020020650,2020-2021,2020,Regular Season,Regular Season,2021-04-11,Sunday,23:00,New Jersey Devils,Pittsburgh Penguins,New Jersey Devils,Pittsburgh Penguins,NJD,PIT,2,5,7,3,Pittsburgh Penguins,New Jersey Devils,Away Win (5-2),2-5,Regulation,No,No,Prudential Center,New Jersey,OFF,T. Jarry (Winning Goalie); J. Guentzel (GWG Scorer),Pittsburgh Penguins defeated New Jersey Devils 5-2 in regulation at Prudential Center (New Jersey).,NHL Official Stats REST API (api-web.nhle.com/v1)
633,2020020651,2020-2021,2020,Regular Season,Regular Season,2021-04-11,Sunday,23:00,New York Islanders,New York Rangers,New York Islanders,New York Rangers,NYI,NYR,3,2,5,1,New York Islanders,New York Rangers,Home Win (3-2 OT),3-2,Overtime,Yes,No,Nassau Veterans Memorial Coliseum,New York,OFF,I. Sorokin (Winning Goalie); R. Pulock (GWG Scorer),New York Islanders defeated New York Rangers 3-2 in overtime at Nassau Veterans Memorial Coliseum (New York).,NHL Official Stats REST API (api-web.nhle.com/v1)
634,2020020714,2020-2021,2020,Regular Season,Regular Season,2021-04-11,Sunday,23:00,Boston Bruins,Washington Capitals,Boston Bruins,Washington Capitals,BOS,WSH,1,8,9,7,Washington Capitals,Boston Bruins,Away Win (8-1),1-8,Regulation,No,No,TD Garden,Boston,OFF,V. Vanecek (Winning Goalie); L. Eller (GWG Scorer),Washington Capitals defeated Boston Bruins 8-1 in regulation at TD Garden (Boston).,NHL Official Stats REST API (api-web.nhle.com/v1)
635,2020020788,2020-2021,2020,Regular Season,Regular Season,2021-04-11,Sunday,00:00,Nashville Predators,Dallas Stars,Nashville Predators,Dallas Stars,NSH,DAL,3,2,5,1,Nashville Predators,Dallas Stars,Home Win (3-2 SO),3-2,Shootout,Yes,Yes,Bridgestone Arena,Nashville,OFF,J. Saros (Winning Goalie),Nashville Predators defeated Dallas Stars 3-2 in a shootout at Bridgestone Arena (Nashville).,NHL Official Stats REST API (api-web.nhle.com/v1)
636,2020020657,2020-2021,2020,Regular Season,Regular Season,2021-04-12,Monday,23:00,Carolina Hurricanes,Detroit Red Wings,Carolina Hurricanes,Detroit Red Wings,CAR,DET,1,3,4,2,Detroit Red Wings,Carolina Hurricanes,Away Win (3-1),1-3,Regulation,No,No,PNC Arena,Carolina,OFF,J. Bernier (Winning Goalie); F. Zadina (GWG Scorer),Detroit Red Wings defeated Carolina Hurricanes 3-1 in regulation at PNC Arena (Carolina).,NHL Official Stats REST API (api-web.nhle.com/v1)
637,2020020658,2020-2021,2020,Regular Season,Regular Season,2021-04-12,Monday,23:00,Columbus Blue Jackets,Chicago Blackhawks,Columbus Blue Jackets,Chicago Blackhawks,CBJ,CHI,3,4,7,1,Chicago Blackhawks,Columbus Blue Jackets,Away Win (4-3 OT),3-4,Overtime,Yes,No,Nationwide Arena,Columbus,OFF,K. Lankinen (Winning Goalie); B. Hagel (GWG Scorer),Chicago Blackhawks defeated Columbus Blue Jackets 4-3 in overtime at Nationwide Arena (Columbus).,NHL Official Stats REST API (api-web.nhle.com/v1)
638,2020020660,2020-2021,2020,Regular Season,Regular Season,2021-04-12,Monday,23:00,Montréal Canadiens,Toronto Maple Leafs,Montréal Canadiens,Toronto Maple Leafs,MTL,TOR,4,2,6,2,Montréal Canadiens,Toronto Maple Leafs,Home Win (4-2),4-2,Regulation,No,No,Centre Bell,Montréal,OFF,J. Allen (Winning Goalie); J. Anderson (GWG Scorer),Montréal Canadiens defeated Toronto Maple Leafs 4-2 in regulation at Centre Bell (Montréal).,NHL Official Stats REST API (api-web.nhle.com/v1)
639,2020020661,2020-2021,2020,Regular Season,Regular Season,2021-04-12,Monday,23:00,Ottawa Senators,Winnipeg Jets,Ottawa Senators,Winnipeg Jets,OTT,WPG,4,2,6,2,Ottawa Senators,Winnipeg Jets,Home Win (4-2),4-2,Regulation,No,No,Canadian Tire Centre,Ottawa,OFF,A. Forsberg (Winning Goalie); E. Dadonov (GWG Scorer),Ottawa Senators defeated Winnipeg Jets 4-2 in regulation at Canadian Tire Centre (Ottawa).,NHL Official Stats REST API (api-web.nhle.com/v1)
640,2020020225,2020-2021,2020,Regular Season,Regular Season,2021-04-12,Monday,01:00,Colorado Avalanche,Arizona Coyotes,Colorado Avalanche,Arizona Coyotes,COL,ARI,4,2,6,2,Colorado Avalanche,Arizona Coyotes,Home Win (4-2),4-2,Regulation,No,No,Ball Arena,Colorado,OFF,P. Grubauer (Winning Goalie); M. Rantanen (GWG Scorer),Colorado Avalanche defeated Arizona Coyotes 4-2 in regulation at Ball Arena (Colorado).,NHL Official Stats REST API (api-web.nhle.com/v1)
641,2020020663,2020-2021,2020,Regular Season,Regular Season,2021-04-12,Monday,02:00,Los Angeles Kings,Vegas Golden Knights,Los Angeles Kings,Vegas Golden Knights,LAK,VGK,2,4,6,2,Vegas Golden Knights,Los Angeles Kings,Away Win (4-2),2-4,Regulation,No,No,STAPLES Center,Los Angeles,OFF,R. Lehner (Winning Goalie); A. Tuch (GWG Scorer),Vegas Golden Knights defeated Los Angeles Kings 4-2 in regulation at STAPLES Center (Los Angeles).,NHL Official Stats REST API (api-web.nhle.com/v1)
642,2020020664,2020-2021,2020,Regular Season,Regular Season,2021-04-12,Monday,02:30,San Jose Sharks,Anaheim Ducks,San Jose Sharks,Anaheim Ducks,SJS,ANA,0,4,4,4,Anaheim Ducks,San Jose Sharks,Away Win (4-0),0-4,Regulation,No,No,SAP Center at San Jose,San Jose,OFF,A. Stolarz (Winning Goalie); M. Comtois (GWG Scorer),Anaheim Ducks defeated San Jose Sharks 4-0 in regulation at SAP Center at San Jose (San Jose).,NHL Official Stats REST API (api-web.nhle.com/v1)
643,2020020195,2020-2021,2020,Regular Season,Regular Season,2021-04-13,Tuesday,23:00,Boston Bruins,Buffalo Sabres,Boston Bruins,Buffalo Sabres,BOS,BUF,3,2,5,1,Boston Bruins,Buffalo Sabres,Home Win (3-2 SO),3-2,Shootout,Yes,Yes,TD Garden,Boston,OFF,J. Swayman (Winning Goalie),Boston Bruins defeated Buffalo Sabres 3-2 in a shootout at TD Garden (Boston).,NHL Official Stats REST API (api-web.nhle.com/v1)
644,2020020202,2020-2021,2020,Regular Season,Regular Season,2021-04-13,Tuesday,23:00,Washington Capitals,Philadelphia Flyers,Washington Capitals,Philadelphia Flyers,WSH,PHI,6,1,7,5,Washington Capitals,Philadelphia Flyers,Home Win (6-1),6-1,Regulation,No,No,Capital One Arena,Washington,OFF,I. Samsonov (Winning Goalie); T. Wilson (GWG Scorer),Washington Capitals defeated Philadelphia Flyers 6-1 in regulation at Capital One Arena (Washington).,NHL Official Stats REST API (api-web.nhle.com/v1)
645,2020020666,2020-2021,2020,Regular Season,Regular Season,2021-04-13,Tuesday,23:00,New Jersey Devils,New York Rangers,New Jersey Devils,New York Rangers,NJD,NYR,0,3,3,3,New York Rangers,New Jersey Devils,Away Win (3-0),0-3,Regulation,No,No,Prudential Center,New Jersey,OFF,I. Shesterkin (Winning Goalie); M. Zibanejad (GWG Scorer),New York Rangers defeated New Jersey Devils 3-0 in regulation at Prudential Center (New Jersey).,NHL Official Stats REST API (api-web.nhle.com/v1)
646,2020020669,2020-2021,2020,Regular Season,Regular Season,2021-04-13,Tuesday,23:30,Toronto Maple Leafs,Calgary Flames,Toronto Maple Leafs,Calgary Flames,TOR,CGY,2,3,5,1,Calgary Flames,Toronto Maple Leafs,Away Win (3-2 OT),2-3,Overtime,Yes,No,Scotiabank Arena,Toronto,OFF,J. Markstrom (Winning Goalie); J. Gaudreau (GWG Scorer),Calgary Flames defeated Toronto Maple Leafs 3-2 in overtime at Scotiabank Arena (Toronto).,NHL Official Stats REST API (api-web.nhle.com/v1)
647,2020020659,2020-2021,2020,Regular Season,Regular Season,2021-04-13,Tuesday,00:00,Nashville Predators,Tampa Bay Lightning,Nashville Predators,Tampa Bay Lightning,NSH,TBL,7,2,9,5,Nashville Predators,Tampa Bay Lightning,Home Win (7-2),7-2,Regulation,No,No,Bridgestone Arena,Nashville,OFF,J. Saros (Winning Goalie); V. Arvidsson (GWG Scorer),Nashville Predators defeated Tampa Bay Lightning 7-2 in regulation at Bridgestone Arena (Nashville).,NHL Official Stats REST API (api-web.nhle.com/v1)
648,2020020670,2020-2021,2020,Regular Season,Regular Season,2021-04-13,Tuesday,00:30,Dallas Stars,Florida Panthers,Dallas Stars,Florida Panthers,DAL,FLA,2,3,5,1,Florida Panthers,Dallas Stars,Away Win (3-2 OT),2-3,Overtime,Yes,No,American Airlines Center,Dallas,OFF,C. Driedger (Winning Goalie); F. Vatrano (GWG Scorer),Florida Panthers defeated Dallas Stars 3-2 in overtime at American Airlines Center (Dallas).,NHL Official Stats REST API (api-web.nhle.com/v1)
649,2020020192,2020-2021,2020,Regular Season,Regular Season,2021-04-14,Wednesday,18:00,Minnesota Wild,Arizona Coyotes,Minnesota Wild,Arizona Coyotes,MIN,ARI,5,2,7,3,Minnesota Wild,Arizona Coyotes,Home Win (5-2),5-2,Regulation,No,No,Xcel Energy Center,Minnesota,OFF,C. Talbot (Winning Goalie); N. Bonino (GWG Scorer),Minnesota Wild defeated Arizona Coyotes 5-2 in regulation at Xcel Energy Center (Minnesota).,NHL Official Stats REST API (api-web.nhle.com/v1)
650,2020020671,2020-2021,2020,Regular Season,Regular Season,2021-04-14,Wednesday,23:00,Montréal Canadiens,Calgary Flames,Montréal Canadiens,Calgary Flames,MTL,CGY,1,4,5,3,Calgary Flames,Montréal Canadiens,Away Win (4-1),1-4,Regulation,No,No,Centre Bell,Montréal,OFF,J. Markstrom (Winning Goalie); M. Giordano (GWG Scorer),Calgary Flames defeated Montréal Canadiens 4-1 in regulation at Centre Bell (Montréal).,NHL Official Stats REST API (api-web.nhle.com/v1)
651,2020020672,2020-2021,2020,Regular Season,Regular Season,2021-04-14,Wednesday,23:00,Ottawa Senators,Winnipeg Jets,Ottawa Senators,Winnipeg Jets,OTT,WPG,2,3,5,1,Winnipeg Jets,Ottawa Senators,Away Win (3-2),2-3,Regulation,No,No,Canadian Tire Centre,Ottawa,OFF,L. Brossoit (Winning Goalie); T. Lewis (GWG Scorer),Winnipeg Jets defeated Ottawa Senators 3-2 in regulation at Canadian Tire Centre (Ottawa).,NHL Official Stats REST API (api-web.nhle.com/v1)
652,2020020182,2020-2021,2020,Regular Season,Regular Season,2021-04-14,Wednesday,23:30,St. Louis Blues,Colorado Avalanche,St. Louis Blues,Colorado Avalanche,STL,COL,3,4,7,1,Colorado Avalanche,St. Louis Blues,Away Win (4-3),3-4,Regulation,No,No,Enterprise Center,St. Louis,OFF,D. Dubnyk (Winning Goalie); B. Saad (GWG Scorer),Colorado Avalanche defeated St. Louis Blues 4-3 in regulation at Enterprise Center (St. Louis).,NHL Official Stats REST API (api-web.nhle.com/v1)
653,2020020674,2020-2021,2020,Regular Season,Regular Season,2021-04-14,Wednesday,02:00,Los Angeles Kings,Vegas Golden Knights,Los Angeles Kings,Vegas Golden Knights,LAK,VGK,2,6,8,4,Vegas Golden Knights,Los Angeles Kings,Away Win (6-2),2-6,Regulation,No,No,STAPLES Center,Los Angeles,OFF,M. Fleury (Winning Goalie); M. Pacioretty (GWG Scorer),Vegas Golden Knights defeated Los Angeles Kings 6-2 in regulation at STAPLES Center (Los Angeles).,NHL Official Stats REST API (api-web.nhle.com/v1)
654,2020020675,2020-2021,2020,Regular Season,Regular Season,2021-04-14,Wednesday,02:30,San Jose Sharks,Anaheim Ducks,San Jose Sharks,Anaheim Ducks,SJS,ANA,1,4,5,3,Anaheim Ducks,San Jose Sharks,Away Win (4-1),1-4,Regulation,No,No,SAP Center at San Jose,San Jose,OFF,A. Stolarz (Winning Goalie); D. Grant (GWG Scorer),Anaheim Ducks defeated San Jose Sharks 4-1 in regulation at SAP Center at San Jose (San Jose).,NHL Official Stats REST API (api-web.nhle.com/v1)
655,2020020665,2020-2021,2020,Regular Season,Regular Season,2021-04-15,Thursday,23:00,Boston Bruins,New York Islanders,Boston Bruins,New York Islanders,BOS,NYI,4,1,5,3,Boston Bruins,New York Islanders,Home Win (4-1),4-1,Regulation,No,No,TD Garden,Boston,OFF,T. Rask (Winning Goalie); C. Smith (GWG Scorer),Boston Bruins defeated New York Islanders 4-1 in regulation at TD Garden (Boston).,NHL Official Stats REST API (api-web.nhle.com/v1)
656,2020020676,2020-2021,2020,Regular Season,Regular Season,2021-04-15,Thursday,23:00,New York Rangers,New Jersey Devils,New York Rangers,New Jersey Devils,NYR,NJD,4,0,4,4,New York Rangers,New Jersey Devils,Home Win (4-0),4-0,Regulation,No,No,Madison Square Garden,New York,OFF,I. Shesterkin (Winning Goalie); J. Trouba (GWG Scorer),New York Rangers defeated New Jersey Devils 4-0 in regulation at Madison Square Garden (New York).,NHL Official Stats REST API (api-web.nhle.com/v1)
657,2020020677,2020-2021,2020,Regular Season,Regular Season,2021-04-15,Thursday,23:00,Washington Capitals,Buffalo Sabres,Washington Capitals,Buffalo Sabres,WSH,BUF,2,5,7,3,Buffalo Sabres,Washington Capitals,Away Win (5-2),2-5,Regulation,No,No,Capital One Arena,Washington,OFF,D. Tokarski (Winning Goalie); C. Mittelstadt (GWG Scorer),Buffalo Sabres defeated Washington Capitals 5-2 in regulation at Capital One Arena (Washington).,NHL Official Stats REST API (api-web.nhle.com/v1)
658,2020020678,2020-2021,2020,Regular Season,Regular Season,2021-04-15,Thursday,23:00,Carolina Hurricanes,Nashville Predators,Carolina Hurricanes,Nashville Predators,CAR,NSH,4,1,5,3,Carolina Hurricanes,Nashville Predators,Home Win (4-1),4-1,Regulation,No,No,PNC Arena,Carolina,OFF,P. Mrazek (Winning Goalie); A. Svechnikov (GWG Scorer),Carolina Hurricanes defeated Nashville Predators 4-1 in regulation at PNC Arena (Carolina).,NHL Official Stats REST API (api-web.nhle.com/v1)
659,2020020679,2020-2021,2020,Regular Season,Regular Season,2021-04-15,Thursday,23:00,Tampa Bay Lightning,Florida Panthers,Tampa Bay Lightning,Florida Panthers,TBL,FLA,3,2,5,1,Tampa Bay Lightning,Florida Panthers,Home Win (3-2 OT),3-2,Overtime,Yes,No,Amalie Arena,Tampa Bay,OFF,A. Vasilevskiy (Winning Goalie); V. Hedman (GWG Scorer),Tampa Bay Lightning defeated Florida Panthers 3-2 in overtime at Amalie Arena (Tampa Bay).,NHL Official Stats REST API (api-web.nhle.com/v1)
660,2020020680,2020-2021,2020,Regular Season,Regular Season,2021-04-15,Thursday,23:00,Pittsburgh Penguins,Philadelphia Flyers,Pittsburgh Penguins,Philadelphia Flyers,PIT,PHI,1,2,3,1,Philadelphia Flyers,Pittsburgh Penguins,Away Win (2-1 SO),1-2,Shootout,Yes,Yes,PPG Paints Arena,Pittsburgh,OFF,C. Hart (Winning Goalie),Philadelphia Flyers defeated Pittsburgh Penguins 2-1 in a shootout at PPG Paints Arena (Pittsburgh).,NHL Official Stats REST API (api-web.nhle.com/v1)
661,2020020682,2020-2021,2020,Regular Season,Regular Season,2021-04-15,Thursday,23:00,Toronto Maple Leafs,Winnipeg Jets,Toronto Maple Leafs,Winnipeg Jets,TOR,WPG,2,5,7,3,Winnipeg Jets,Toronto Maple Leafs,Away Win (5-2),2-5,Regulation,No,No,Scotiabank Arena,Toronto,OFF,C. Hellebuyck (Winning Goalie); M. Scheifele (GWG Scorer),Winnipeg Jets defeated Toronto Maple Leafs 5-2 in regulation at Scotiabank Arena (Toronto).,NHL Official Stats REST API (api-web.nhle.com/v1)
662,2020020681,2020-2021,2020,Regular Season,Regular Season,2021-04-15,Thursday,23:30,Detroit Red Wings,Chicago Blackhawks,Detroit Red Wings,Chicago Blackhawks,DET,CHI,4,1,5,3,Detroit Red Wings,Chicago Blackhawks,Home Win (4-1),4-1,Regulation,No,No,Little Caesars Arena,Detroit,OFF,T. Greiss (Winning Goalie); J. Vrana (GWG Scorer),Detroit Red Wings defeated Chicago Blackhawks 4-1 in regulation at Little Caesars Arena (Detroit).,NHL Official Stats REST API (api-web.nhle.com/v1)
663,2020020683,2020-2021,2020,Regular Season,Regular Season,2021-04-15,Thursday,00:30,Dallas Stars,Columbus Blue Jackets,Dallas Stars,Columbus Blue Jackets,DAL,CBJ,4,1,5,3,Dallas Stars,Columbus Blue Jackets,Home Win (4-1),4-1,Regulation,No,No,American Airlines Center,Dallas,OFF,J. Oettinger (Winning Goalie); M. Heiskanen (GWG Scorer),Dallas Stars defeated Columbus Blue Jackets 4-1 in regulation at American Airlines Center (Dallas).,NHL Official Stats REST API (api-web.nhle.com/v1)
664,2020020686,2020-2021,2020,Regular Season,Regular Season,2021-04-16,Friday,22:00,Montréal Canadiens,Calgary Flames,Montréal Canadiens,Calgary Flames,MTL,CGY,2,1,3,1,Montréal Canadiens,Calgary Flames,Home Win (2-1),2-1,Regulation,No,No,Centre Bell,Montréal,OFF,J. Allen (Winning Goalie); T. Toffoli (GWG Scorer),Montréal Canadiens defeated Calgary Flames 2-1 in regulation at Centre Bell (Montréal).,NHL Official Stats REST API (api-web.nhle.com/v1)
665,2020020685,2020-2021,2020,Regular Season,Regular Season,2021-04-16,Friday,23:00,Boston Bruins,New York Islanders,Boston Bruins,New York Islanders,BOS,NYI,3,0,3,3,Boston Bruins,New York Islanders,Home Win (3-0),3-0,Regulation,No,No,TD Garden,Boston,OFF,J. Swayman (Winning Goalie); D. Pastrnak (GWG Scorer),Boston Bruins defeated New York Islanders 3-0 in regulation at TD Garden (Boston).,NHL Official Stats REST API (api-web.nhle.com/v1)
666,2020020687,2020-2021,2020,Regular Season,Regular Season,2021-04-16,Friday,00:00,Minnesota Wild,San Jose Sharks,Minnesota Wild,San Jose Sharks,MIN,SJS,3,2,5,1,Minnesota Wild,San Jose Sharks,Home Win (3-2),3-2,Regulation,No,No,Xcel Energy Center,Minnesota,OFF,C. Talbot (Winning Goalie); Z. Parise (GWG Scorer),Minnesota Wild defeated San Jose Sharks 3-2 in regulation at Xcel Energy Center (Minnesota).,NHL Official Stats REST API (api-web.nhle.com/v1)
667,2020020689,2020-2021,2020,Regular Season,Regular Season,2021-04-16,Friday,02:00,Anaheim Ducks,Vegas Golden Knights,Anaheim Ducks,Vegas Golden Knights,ANA,VGK,0,4,4,4,Vegas Golden Knights,Anaheim Ducks,Away Win (4-0),0-4,Regulation,No,No,Honda Center,Anaheim,OFF,R. Lehner (Winning Goalie); W. Karlsson (GWG Scorer),Vegas Golden Knights defeated Anaheim Ducks 4-0 in regulation at Honda Center (Anaheim).,NHL Official Stats REST API (api-web.nhle.com/v1)
668,2020020691,2020-2021,2020,Regular Season,Regular Season,2021-04-17,Saturday,16:30,New York Rangers,New Jersey Devils,New York Rangers,New Jersey Devils,NYR,NJD,6,3,9,3,New York Rangers,New Jersey Devils,Home Win (6-3),6-3,Regulation,No,No,Madison Square Garden,New York,OFF,I. Shesterkin (Winning Goalie); A. Panarin (GWG Scorer),New York Rangers defeated New Jersey Devils 6-3 in regulation at Madison Square Garden (New York).,NHL Official Stats REST API (api-web.nhle.com/v1)
669,2020020692,2020-2021,2020,Regular Season,Regular Season,2021-04-17,Saturday,16:30,Philadelphia Flyers,Washington Capitals,Philadelphia Flyers,Washington Capitals,PHI,WSH,3,6,9,3,Washington Capitals,Philadelphia Flyers,Away Win (6-3),3-6,Regulation,No,No,Wells Fargo Center,Philadelphia,OFF,I. Samsonov (Winning Goalie); E. Kuznetsov (GWG Scorer),Washington Capitals defeated Philadelphia Flyers 6-3 in regulation at Wells Fargo Center (Philadelphia).,NHL Official Stats REST API (api-web.nhle.com/v1)
670,2020020690,2020-2021,2020,Regular Season,Regular Season,2021-04-17,Saturday,19:00,Buffalo Sabres,Pittsburgh Penguins,Buffalo Sabres,Pittsburgh Penguins,BUF,PIT,2,3,5,1,Pittsburgh Penguins,Buffalo Sabres,Away Win (3-2),2-3,Regulation,No,No,KeyBank Center,Buffalo,OFF,T. Jarry (Winning Goalie); B. Rust (GWG Scorer),Pittsburgh Penguins defeated Buffalo Sabres 3-2 in regulation at KeyBank Center (Buffalo).,NHL Official Stats REST API (api-web.nhle.com/v1)
671,2020020546,2020-2021,2020,Regular Season,Regular Season,2021-04-17,Saturday,20:00,Montréal Canadiens,Ottawa Senators,Montréal Canadiens,Ottawa Senators,MTL,OTT,0,4,4,4,Ottawa Senators,Montréal Canadiens,Away Win (4-0),0-4,Regulation,No,No,Centre Bell,Montréal,OFF,M. Murray (Winning Goalie); A. Zub (GWG Scorer),Ottawa Senators defeated Montréal Canadiens 4-0 in regulation at Centre Bell (Montréal).,NHL Official Stats REST API (api-web.nhle.com/v1)
672,2020020700,2020-2021,2020,Regular Season,Regular Season,2021-04-17,Saturday,22:00,Arizona Coyotes,St. Louis Blues,Arizona Coyotes,St. Louis Blues,ARI,STL,3,2,5,1,Arizona Coyotes,St. Louis Blues,Home Win (3-2),3-2,Regulation,No,No,Gila River Arena,Arizona,OFF,D. Kuemper (Winning Goalie); M. Bunting (GWG Scorer),Arizona Coyotes defeated St. Louis Blues 3-2 in regulation at Gila River Arena (Arizona).,NHL Official Stats REST API (api-web.nhle.com/v1)
673,2020020693,2020-2021,2020,Regular Season,Regular Season,2021-04-17,Saturday,23:00,Carolina Hurricanes,Nashville Predators,Carolina Hurricanes,Nashville Predators,CAR,NSH,3,1,4,2,Carolina Hurricanes,Nashville Predators,Home Win (3-1),3-1,Regulation,No,No,PNC Arena,Carolina,OFF,A. Nedeljkovic (Winning Goalie); J. Hakanpää (GWG Scorer),Carolina Hurricanes defeated Nashville Predators 3-1 in regulation at PNC Arena (Carolina).,NHL Official Stats REST API (api-web.nhle.com/v1)
674,2020020694,2020-2021,2020,Regular Season,Regular Season,2021-04-17,Saturday,23:00,Tampa Bay Lightning,Florida Panthers,Tampa Bay Lightning,Florida Panthers,TBL,FLA,3,5,8,2,Florida Panthers,Tampa Bay Lightning,Away Win (5-3),3-5,Regulation,No,No,Amalie Arena,Tampa Bay,OFF,S. Bobrovsky (Winning Goalie); F. Vatrano (GWG Scorer),Florida Panthers defeated Tampa Bay Lightning 5-3 in regulation at Amalie Arena (Tampa Bay).,NHL Official Stats REST API (api-web.nhle.com/v1)
675,2020020695,2020-2021,2020,Regular Season,Regular Season,2021-04-17,Saturday,23:00,Detroit Red Wings,Chicago Blackhawks,Detroit Red Wings,Chicago Blackhawks,DET,CHI,0,4,4,4,Chicago Blackhawks,Detroit Red Wings,Away Win (4-0),0-4,Regulation,No,No,Little Caesars Arena,Detroit,OFF,M. Subban (Winning Goalie); P. Kane (GWG Scorer),Chicago Blackhawks defeated Detroit Red Wings 4-0 in regulation at Little Caesars Arena (Detroit).,NHL Official Stats REST API (api-web.nhle.com/v1)
676,2020020696,2020-2021,2020,Regular Season,Regular Season,2021-04-17,Saturday,23:00,Winnipeg Jets,Edmonton Oilers,Winnipeg Jets,Edmonton Oilers,WPG,EDM,0,3,3,3,Edmonton Oilers,Winnipeg Jets,Away Win (3-0),0-3,Regulation,No,No,Bell MTS Place,Winnipeg,OFF,M. Smith (Winning Goalie); T. Barrie (GWG Scorer),Edmonton Oilers defeated Winnipeg Jets 3-0 in regulation at Bell MTS Place (Winnipeg).,NHL Official Stats REST API (api-web.nhle.com/v1)
677,2020020698,2020-2021,2020,Regular Season,Regular Season,2021-04-17,Saturday,00:00,Minnesota Wild,San Jose Sharks,Minnesota Wild,San Jose Sharks,MIN,SJS,5,2,7,3,Minnesota Wild,San Jose Sharks,Home Win (5-2),5-2,Regulation,No,No,Xcel Energy Center,Minnesota,OFF,K. Kahkonen (Winning Goalie); Z. Parise (GWG Scorer),Minnesota Wild defeated San Jose Sharks 5-2 in regulation at Xcel Energy Center (Minnesota).,NHL Official Stats REST API (api-web.nhle.com/v1)
678,2020020699,2020-2021,2020,Regular Season,Regular Season,2021-04-17,Saturday,00:00,Dallas Stars,Columbus Blue Jackets,Dallas Stars,Columbus Blue Jackets,DAL,CBJ,5,1,6,4,Dallas Stars,Columbus Blue Jackets,Home Win (5-1),5-1,Regulation,No,No,American Airlines Center,Dallas,OFF,J. Oettinger (Winning Goalie); D. Gurianov (GWG Scorer),Dallas Stars defeated Columbus Blue Jackets 5-1 in regulation at American Airlines Center (Dallas).,NHL Official Stats REST API (api-web.nhle.com/v1)
679,2020020701,2020-2021,2020,Regular Season,Regular Season,2021-04-18,Sunday,16:00,Boston Bruins,Washington Capitals,Boston Bruins,Washington Capitals,BOS,WSH,6,3,9,3,Boston Bruins,Washington Capitals,Home Win (6-3),6-3,Regulation,No,No,TD Garden,Boston,OFF,T. Rask (Winning Goalie); D. Krejci (GWG Scorer),Boston Bruins defeated Washington Capitals 6-3 in regulation at TD Garden (Boston).,NHL Official Stats REST API (api-web.nhle.com/v1)
680,2020020702,2020-2021,2020,Regular Season,Regular Season,2021-04-18,Sunday,19:00,New Jersey Devils,New York Rangers,New Jersey Devils,New York Rangers,NJD,NYR,3,5,8,2,New York Rangers,New Jersey Devils,Away Win (5-3),3-5,Regulation,No,No,Prudential Center,New Jersey,OFF,A. Georgiev (Winning Goalie); M. Zibanejad (GWG Scorer),New York Rangers defeated New Jersey Devils 5-3 in regulation at Prudential Center (New Jersey).,NHL Official Stats REST API (api-web.nhle.com/v1)
681,2020020715,2020-2021,2020,Regular Season,Regular Season,2021-04-18,Sunday,19:00,Buffalo Sabres,Pittsburgh Penguins,Buffalo Sabres,Pittsburgh Penguins,BUF,PIT,4,2,6,2,Buffalo Sabres,Pittsburgh Penguins,Home Win (4-2),4-2,Regulation,No,No,KeyBank Center,Buffalo,OFF,D. Tokarski (Winning Goalie); S. Reinhart (GWG Scorer),Buffalo Sabres defeated Pittsburgh Penguins 4-2 in regulation at KeyBank Center (Buffalo).,NHL Official Stats REST API (api-web.nhle.com/v1)
682,2020020705,2020-2021,2020,Regular Season,Regular Season,2021-04-18,Sunday,20:00,Anaheim Ducks,Vegas Golden Knights,Anaheim Ducks,Vegas Golden Knights,ANA,VGK,2,5,7,3,Vegas Golden Knights,Anaheim Ducks,Away Win (5-2),2-5,Regulation,No,No,Honda Center,Anaheim,OFF,M. Fleury (Winning Goalie); N. Roy (GWG Scorer),Vegas Golden Knights defeated Anaheim Ducks 5-2 in regulation at Honda Center (Anaheim).,NHL Official Stats REST API (api-web.nhle.com/v1)
683,2020020703,2020-2021,2020,Regular Season,Regular Season,2021-04-18,Sunday,22:30,Philadelphia Flyers,New York Islanders,Philadelphia Flyers,New York Islanders,PHI,NYI,0,1,1,1,New York Islanders,Philadelphia Flyers,Away Win (1-0 OT),0-1,Overtime,Yes,No,Wells Fargo Center,Philadelphia,OFF,I. Sorokin (Winning Goalie); N. Leddy (GWG Scorer),New York Islanders defeated Philadelphia Flyers 1-0 in overtime at Wells Fargo Center (Philadelphia).,NHL Official Stats REST API (api-web.nhle.com/v1)
684,2020020697,2020-2021,2020,Regular Season,Regular Season,2021-04-18,Sunday,23:00,Vancouver Canucks,Toronto Maple Leafs,Vancouver Canucks,Toronto Maple Leafs,VAN,TOR,3,2,5,1,Vancouver Canucks,Toronto Maple Leafs,Home Win (3-2 OT),3-2,Overtime,Yes,No,Rogers Arena,Vancouver,OFF,B. Holtby (Winning Goalie); B. Horvat (GWG Scorer),Vancouver Canucks defeated Toronto Maple Leafs 3-2 in overtime at Rogers Arena (Vancouver).,NHL Official Stats REST API (api-web.nhle.com/v1)
685,2020020706,2020-2021,2020,Regular Season,Regular Season,2021-04-19,Monday,23:00,Tampa Bay Lightning,Carolina Hurricanes,Tampa Bay Lightning,Carolina Hurricanes,TBL,CAR,3,2,5,1,Tampa Bay Lightning,Carolina Hurricanes,Home Win (3-2 OT),3-2,Overtime,Yes,No,Amalie Arena,Tampa Bay,OFF,A. Vasilevskiy (Winning Goalie); Y. Gourde (GWG Scorer),Tampa Bay Lightning defeated Carolina Hurricanes 3-2 in overtime at Amalie Arena (Tampa Bay).,NHL Official Stats REST API (api-web.nhle.com/v1)
686,2020020707,2020-2021,2020,Regular Season,Regular Season,2021-04-19,Monday,23:00,Florida Panthers,Columbus Blue Jackets,Florida Panthers,Columbus Blue Jackets,FLA,CBJ,4,2,6,2,Florida Panthers,Columbus Blue Jackets,Home Win (4-2),4-2,Regulation,No,No,BB&T Center,Florida,OFF,S. Bobrovsky (Winning Goalie); R. Gudas (GWG Scorer),Florida Panthers defeated Columbus Blue Jackets 4-2 in regulation at BB&T Center (Florida).,NHL Official Stats REST API (api-web.nhle.com/v1)
687,2020020711,2020-2021,2020,Regular Season,Regular Season,2021-04-19,Monday,23:30,Dallas Stars,Detroit Red Wings,Dallas Stars,Detroit Red Wings,DAL,DET,3,2,5,1,Dallas Stars,Detroit Red Wings,Home Win (3-2 SO),3-2,Shootout,Yes,Yes,American Airlines Center,Dallas,OFF,A. Khudobin (Winning Goalie),Dallas Stars defeated Detroit Red Wings 3-2 in a shootout at American Airlines Center (Dallas).,NHL Official Stats REST API (api-web.nhle.com/v1)
688,2020020601,2020-2021,2020,Regular Season,Regular Season,2021-04-19,Monday,00:00,Nashville Predators,Chicago Blackhawks,Nashville Predators,Chicago Blackhawks,NSH,CHI,5,2,7,3,Nashville Predators,Chicago Blackhawks,Home Win (5-2),5-2,Regulation,No,No,Bridgestone Arena,Nashville,OFF,J. Saros (Winning Goalie); M. Ekholm (GWG Scorer),Nashville Predators defeated Chicago Blackhawks 5-2 in regulation at Bridgestone Arena (Nashville).,NHL Official Stats REST API (api-web.nhle.com/v1)
689,2020020708,2020-2021,2020,Regular Season,Regular Season,2021-04-19,Monday,01:00,Calgary Flames,Ottawa Senators,Calgary Flames,Ottawa Senators,CGY,OTT,2,4,6,2,Ottawa Senators,Calgary Flames,Away Win (4-2),2-4,Regulation,No,No,Scotiabank Saddledome,Calgary,OFF,M. Murray (Winning Goalie); J. Norris (GWG Scorer),Ottawa Senators defeated Calgary Flames 4-2 in regulation at Scotiabank Saddledome (Calgary).,NHL Official Stats REST API (api-web.nhle.com/v1)
690,2020020709,2020-2021,2020,Regular Season,Regular Season,2021-04-19,Monday,01:00,Edmonton Oilers,Montréal Canadiens,Edmonton Oilers,Montréal Canadiens,EDM,MTL,4,1,5,3,Edmonton Oilers,Montréal Canadiens,Home Win (4-1),4-1,Regulation,No,No,Rogers Place,Edmonton,OFF,M. Smith (Winning Goalie); C. McDavid (GWG Scorer),Edmonton Oilers defeated Montréal Canadiens 4-1 in regulation at Rogers Place (Edmonton).,NHL Official Stats REST API (api-web.nhle.com/v1)
691,2020020712,2020-2021,2020,Regular Season,Regular Season,2021-04-19,Monday,01:00,Arizona Coyotes,Minnesota Wild,Arizona Coyotes,Minnesota Wild,ARI,MIN,2,5,7,3,Minnesota Wild,Arizona Coyotes,Away Win (5-2),2-5,Regulation,No,No,Gila River Arena,Arizona,OFF,C. Talbot (Winning Goalie); M. Johansson (GWG Scorer),Minnesota Wild defeated Arizona Coyotes 5-2 in regulation at Gila River Arena (Arizona).,NHL Official Stats REST API (api-web.nhle.com/v1)
692,2020020713,2020-2021,2020,Regular Season,Regular Season,2021-04-19,Monday,02:00,Vegas Golden Knights,San Jose Sharks,Vegas Golden Knights,San Jose Sharks,VGK,SJS,3,2,5,1,Vegas Golden Knights,San Jose Sharks,Home Win (3-2 SO),3-2,Shootout,Yes,Yes,T-Mobile Arena,Vegas,OFF,R. Lehner (Winning Goalie),Vegas Golden Knights defeated San Jose Sharks 3-2 in a shootout at T-Mobile Arena (Vegas).,NHL Official Stats REST API (api-web.nhle.com/v1)
693,2020020483,2020-2021,2020,Regular Season,Regular Season,2021-04-20,Tuesday,22:30,Buffalo Sabres,Boston Bruins,Buffalo Sabres,Boston Bruins,BUF,BOS,0,2,2,2,Boston Bruins,Buffalo Sabres,Away Win (2-0),0-2,Regulation,No,No,KeyBank Center,Buffalo,OFF,T. Rask (Winning Goalie); B. Marchand (GWG Scorer),Boston Bruins defeated Buffalo Sabres 2-0 in regulation at KeyBank Center (Buffalo).,NHL Official Stats REST API (api-web.nhle.com/v1)
694,2020020166,2020-2021,2020,Regular Season,Regular Season,2021-04-20,Tuesday,23:00,Pittsburgh Penguins,New Jersey Devils,Pittsburgh Penguins,New Jersey Devils,PIT,NJD,7,6,13,1,Pittsburgh Penguins,New Jersey Devils,Home Win (7-6),7-6,Regulation,No,No,PPG Paints Arena,Pittsburgh,OFF,T. Jarry (Winning Goalie); S. Crosby (GWG Scorer),Pittsburgh Penguins defeated New Jersey Devils 7-6 in regulation at PPG Paints Arena (Pittsburgh).,NHL Official Stats REST API (api-web.nhle.com/v1)
695,2020020717,2020-2021,2020,Regular Season,Regular Season,2021-04-20,Tuesday,23:00,New York Islanders,New York Rangers,New York Islanders,New York Rangers,NYI,NYR,6,1,7,5,New York Islanders,New York Rangers,Home Win (6-1),6-1,Regulation,No,No,Nassau Veterans Memorial Coliseum,New York,OFF,S. Varlamov (Winning Goalie); B. Nelson (GWG Scorer),New York Islanders defeated New York Rangers 6-1 in regulation at Nassau Veterans Memorial Coliseum (New York).,NHL Official Stats REST API (api-web.nhle.com/v1)
696,2020020718,2020-2021,2020,Regular Season,Regular Season,2021-04-20,Tuesday,23:00,Tampa Bay Lightning,Carolina Hurricanes,Tampa Bay Lightning,Carolina Hurricanes,TBL,CAR,1,4,5,3,Carolina Hurricanes,Tampa Bay Lightning,Away Win (4-1),1-4,Regulation,No,No,Amalie Arena,Tampa Bay,OFF,A. Nedeljkovic (Winning Goalie); J. Staal (GWG Scorer),Carolina Hurricanes defeated Tampa Bay Lightning 4-1 in regulation at Amalie Arena (Tampa Bay).,NHL Official Stats REST API (api-web.nhle.com/v1)
697,2020020719,2020-2021,2020,Regular Season,Regular Season,2021-04-20,Tuesday,23:00,Florida Panthers,Columbus Blue Jackets,Florida Panthers,Columbus Blue Jackets,FLA,CBJ,5,1,6,4,Florida Panthers,Columbus Blue Jackets,Home Win (5-1),5-1,Regulation,No,No,BB&T Center,Florida,OFF,S. Knight (Winning Goalie); S. Bennett (GWG Scorer),Florida Panthers defeated Columbus Blue Jackets 5-1 in regulation at BB&T Center (Florida).,NHL Official Stats REST API (api-web.nhle.com/v1)
698,2020020722,2020-2021,2020,Regular Season,Regular Season,2021-04-20,Tuesday,00:30,Dallas Stars,Detroit Red Wings,Dallas Stars,Detroit Red Wings,DAL,DET,5,2,7,3,Dallas Stars,Detroit Red Wings,Home Win (5-2),5-2,Regulation,No,No,American Airlines Center,Dallas,OFF,J. Oettinger (Winning Goalie); J. Pavelski (GWG Scorer),Dallas Stars defeated Detroit Red Wings 5-2 in regulation at American Airlines Center (Dallas).,NHL Official Stats REST API (api-web.nhle.com/v1)
699,2020020710,2020-2021,2020,Regular Season,Regular Season,2021-04-20,Tuesday,01:00,Vancouver Canucks,Toronto Maple Leafs,Vancouver Canucks,Toronto Maple Leafs,VAN,TOR,6,3,9,3,Vancouver Canucks,Toronto Maple Leafs,Home Win (6-3),6-3,Regulation,No,No,Rogers Arena,Vancouver,OFF,B. Holtby (Winning Goalie); T. Pearson (GWG Scorer),Vancouver Canucks defeated Toronto Maple Leafs 6-3 in regulation at Rogers Arena (Vancouver).,NHL Official Stats REST API (api-web.nhle.com/v1)
700,2020020724,2020-2021,2020,Regular Season,Regular Season,2021-04-20,Tuesday,02:00,Los Angeles Kings,Anaheim Ducks,Los Angeles Kings,Anaheim Ducks,LAK,ANA,4,1,5,3,Los Angeles Kings,Anaheim Ducks,Home Win (4-1),4-1,Regulation,No,No,STAPLES Center,Los Angeles,OFF,C. Petersen (Winning Goalie); A. Kopitar (GWG Scorer),Los Angeles Kings defeated Anaheim Ducks 4-1 in regulation at STAPLES Center (Los Angeles).,NHL Official Stats REST API (api-web.nhle.com/v1)
701,2020020725,2020-2021,2020,Regular Season,Regular Season,2021-04-21,Wednesday,23:00,Chicago Blackhawks,Nashville Predators,Chicago Blackhawks,Nashville Predators,CHI,NSH,5,4,9,1,Chicago Blackhawks,Nashville Predators,Home Win (5-4 OT),5-4,Overtime,Yes,No,United Center,Chicago,OFF,M. Subban (Winning Goalie); B. Hagel (GWG Scorer),Chicago Blackhawks defeated Nashville Predators 5-4 in overtime at United Center (Chicago).,NHL Official Stats REST API (api-web.nhle.com/v1)
702,2020020727,2020-2021,2020,Regular Season,Regular Season,2021-04-21,Wednesday,01:00,Arizona Coyotes,Minnesota Wild,Arizona Coyotes,Minnesota Wild,ARI,MIN,1,4,5,3,Minnesota Wild,Arizona Coyotes,Away Win (4-1),1-4,Regulation,No,No,Gila River Arena,Arizona,OFF,C. Talbot (Winning Goalie); M. Foligno (GWG Scorer),Minnesota Wild defeated Arizona Coyotes 4-1 in regulation at Gila River Arena (Arizona).,NHL Official Stats REST API (api-web.nhle.com/v1)
703,2020020728,2020-2021,2020,Regular Season,Regular Season,2021-04-21,Wednesday,01:30,Vegas Golden Knights,San Jose Sharks,Vegas Golden Knights,San Jose Sharks,VGK,SJS,5,2,7,3,Vegas Golden Knights,San Jose Sharks,Home Win (5-2),5-2,Regulation,No,No,T-Mobile Arena,Vegas,OFF,M. Fleury (Winning Goalie); A. Tuch (GWG Scorer),Vegas Golden Knights defeated San Jose Sharks 5-2 in regulation at T-Mobile Arena (Vegas).,NHL Official Stats REST API (api-web.nhle.com/v1)
704,2020020721,2020-2021,2020,Regular Season,Regular Season,2021-04-21,Wednesday,02:00,Edmonton Oilers,Montréal Canadiens,Edmonton Oilers,Montréal Canadiens,EDM,MTL,3,4,7,1,Montréal Canadiens,Edmonton Oilers,Away Win (4-3),3-4,Regulation,No,No,Rogers Place,Edmonton,OFF,J. Allen (Winning Goalie); J. Anderson (GWG Scorer),Montréal Canadiens defeated Edmonton Oilers 4-3 in regulation at Rogers Place (Edmonton).,NHL Official Stats REST API (api-web.nhle.com/v1)
705,2020020254,2020-2021,2020,Regular Season,Regular Season,2021-04-22,Thursday,23:00,New York Rangers,Philadelphia Flyers,New York Rangers,Philadelphia Flyers,NYR,PHI,2,3,5,1,Philadelphia Flyers,New York Rangers,Away Win (3-2),2-3,Regulation,No,No,Madison Square Garden,New York,OFF,B. Elliott (Winning Goalie); J. Voracek (GWG Scorer),Philadelphia Flyers defeated New York Rangers 3-2 in regulation at Madison Square Garden (New York).,NHL Official Stats REST API (api-web.nhle.com/v1)
706,2020020726,2020-2021,2020,Regular Season,Regular Season,2021-04-22,Thursday,23:00,Winnipeg Jets,Toronto Maple Leafs,Winnipeg Jets,Toronto Maple Leafs,WPG,TOR,3,5,8,2,Toronto Maple Leafs,Winnipeg Jets,Away Win (5-3),3-5,Regulation,No,No,Bell MTS Place,Winnipeg,OFF,J. Campbell (Winning Goalie); M. Marner (GWG Scorer),Toronto Maple Leafs defeated Winnipeg Jets 5-3 in regulation at Bell MTS Place (Winnipeg).,NHL Official Stats REST API (api-web.nhle.com/v1)
707,2020020729,2020-2021,2020,Regular Season,Regular Season,2021-04-22,Thursday,23:00,Buffalo Sabres,Boston Bruins,Buffalo Sabres,Boston Bruins,BUF,BOS,1,5,6,4,Boston Bruins,Buffalo Sabres,Away Win (5-1),1-5,Regulation,No,No,KeyBank Center,Buffalo,OFF,J. Swayman (Winning Goalie); M. Grzelcyk (GWG Scorer),Boston Bruins defeated Buffalo Sabres 5-1 in regulation at KeyBank Center (Buffalo).,NHL Official Stats REST API (api-web.nhle.com/v1)
708,2020020730,2020-2021,2020,Regular Season,Regular Season,2021-04-22,Thursday,23:00,New York Islanders,Washington Capitals,New York Islanders,Washington Capitals,NYI,WSH,0,1,1,1,Washington Capitals,New York Islanders,Away Win (1-0 SO),0-1,Shootout,Yes,Yes,Nassau Veterans Memorial Coliseum,New York,OFF,I. Samsonov (Winning Goalie),Washington Capitals defeated New York Islanders 1-0 in a shootout at Nassau Veterans Memorial Coliseum (New York).,NHL Official Stats REST API (api-web.nhle.com/v1)
709,2020020731,2020-2021,2020,Regular Season,Regular Season,2021-04-22,Thursday,23:00,Tampa Bay Lightning,Columbus Blue Jackets,Tampa Bay Lightning,Columbus Blue Jackets,TBL,CBJ,3,1,4,2,Tampa Bay Lightning,Columbus Blue Jackets,Home Win (3-1),3-1,Regulation,No,No,Amalie Arena,Tampa Bay,OFF,C. McElhinney (Winning Goalie); O. Palat (GWG Scorer),Tampa Bay Lightning defeated Columbus Blue Jackets 3-1 in regulation at Amalie Arena (Tampa Bay).,NHL Official Stats REST API (api-web.nhle.com/v1)
710,2020020732,2020-2021,2020,Regular Season,Regular Season,2021-04-22,Thursday,23:00,Florida Panthers,Carolina Hurricanes,Florida Panthers,Carolina Hurricanes,FLA,CAR,2,4,6,2,Carolina Hurricanes,Florida Panthers,Away Win (4-2),2-4,Regulation,No,No,BB&T Center,Florida,OFF,A. Nedeljkovic (Winning Goalie); S. Aho (GWG Scorer),Carolina Hurricanes defeated Florida Panthers 4-2 in regulation at BB&T Center (Florida).,NHL Official Stats REST API (api-web.nhle.com/v1)
711,2020020733,2020-2021,2020,Regular Season,Regular Season,2021-04-22,Thursday,23:00,Pittsburgh Penguins,New Jersey Devils,Pittsburgh Penguins,New Jersey Devils,PIT,NJD,5,1,6,4,Pittsburgh Penguins,New Jersey Devils,Home Win (5-1),5-1,Regulation,No,No,PPG Paints Arena,Pittsburgh,OFF,T. Jarry (Winning Goalie); C. Ceci (GWG Scorer),Pittsburgh Penguins defeated New Jersey Devils 5-1 in regulation at PPG Paints Arena (Pittsburgh).,NHL Official Stats REST API (api-web.nhle.com/v1)
712,2020020734,2020-2021,2020,Regular Season,Regular Season,2021-04-22,Thursday,23:30,Detroit Red Wings,Dallas Stars,Detroit Red Wings,Dallas Stars,DET,DAL,7,3,10,4,Detroit Red Wings,Dallas Stars,Home Win (7-3),7-3,Regulation,No,No,Little Caesars Arena,Detroit,OFF,T. Greiss (Winning Goalie); J. Vrana (GWG Scorer),Detroit Red Wings defeated Dallas Stars 7-3 in regulation at Little Caesars Arena (Detroit).,NHL Official Stats REST API (api-web.nhle.com/v1)
713,2020020735,2020-2021,2020,Regular Season,Regular Season,2021-04-22,Thursday,00:00,St. Louis Blues,Colorado Avalanche,St. Louis Blues,Colorado Avalanche,STL,COL,2,4,6,2,Colorado Avalanche,St. Louis Blues,Away Win (4-2),2-4,Regulation,No,No,Enterprise Center,St. Louis,OFF,D. Dubnyk (Winning Goalie); A. Burakovsky (GWG Scorer),Colorado Avalanche defeated St. Louis Blues 4-2 in regulation at Enterprise Center (St. Louis).,NHL Official Stats REST API (api-web.nhle.com/v1)
714,2020020737,2020-2021,2020,Regular Season,Regular Season,2021-04-22,Thursday,02:00,Vancouver Canucks,Ottawa Senators,Vancouver Canucks,Ottawa Senators,VAN,OTT,0,3,3,3,Ottawa Senators,Vancouver Canucks,Away Win (3-0),0-3,Regulation,No,No,Rogers Arena,Vancouver,OFF,M. Murray (Winning Goalie); T. Stützle (GWG Scorer),Ottawa Senators defeated Vancouver Canucks 3-0 in regulation at Rogers Arena (Vancouver).,NHL Official Stats REST API (api-web.nhle.com/v1)
715,2020020738,2020-2021,2020,Regular Season,Regular Season,2021-04-23,Friday,23:00,Buffalo Sabres,Boston Bruins,Buffalo Sabres,Boston Bruins,BUF,BOS,6,4,10,2,Buffalo Sabres,Boston Bruins,Home Win (6-4),6-4,Regulation,No,No,KeyBank Center,Buffalo,OFF,U. Luukkonen (Winning Goalie); S. Reinhart (GWG Scorer),Buffalo Sabres defeated Boston Bruins 6-4 in regulation at KeyBank Center (Buffalo).,NHL Official Stats REST API (api-web.nhle.com/v1)
716,2020020739,2020-2021,2020,Regular Season,Regular Season,2021-04-23,Friday,23:00,New York Rangers,Philadelphia Flyers,New York Rangers,Philadelphia Flyers,NYR,PHI,4,1,5,3,New York Rangers,Philadelphia Flyers,Home Win (4-1),4-1,Regulation,No,No,Madison Square Garden,New York,OFF,A. Georgiev (Winning Goalie); P. Buchnevich (GWG Scorer),New York Rangers defeated Philadelphia Flyers 4-1 in regulation at Madison Square Garden (New York).,NHL Official Stats REST API (api-web.nhle.com/v1)
717,2020020740,2020-2021,2020,Regular Season,Regular Season,2021-04-23,Friday,00:00,Chicago Blackhawks,Nashville Predators,Chicago Blackhawks,Nashville Predators,CHI,NSH,1,3,4,2,Nashville Predators,Chicago Blackhawks,Away Win (3-1),1-3,Regulation,No,No,United Center,Chicago,OFF,J. Saros (Winning Goalie); L. Kunin (GWG Scorer),Nashville Predators defeated Chicago Blackhawks 3-1 in regulation at United Center (Chicago).,NHL Official Stats REST API (api-web.nhle.com/v1)
718,2020020736,2020-2021,2020,Regular Season,Regular Season,2021-04-23,Friday,01:00,Calgary Flames,Montréal Canadiens,Calgary Flames,Montréal Canadiens,CGY,MTL,4,2,6,2,Calgary Flames,Montréal Canadiens,Home Win (4-2),4-2,Regulation,No,No,Scotiabank Saddledome,Calgary,OFF,J. Markstrom (Winning Goalie); S. Monahan (GWG Scorer),Calgary Flames defeated Montréal Canadiens 4-2 in regulation at Scotiabank Saddledome (Calgary).,NHL Official Stats REST API (api-web.nhle.com/v1)
719,2020020240,2020-2021,2020,Regular Season,Regular Season,2021-04-23,Friday,02:00,Los Angeles Kings,Minnesota Wild,Los Angeles Kings,Minnesota Wild,LAK,MIN,2,4,6,2,Minnesota Wild,Los Angeles Kings,Away Win (4-2),2-4,Regulation,No,No,STAPLES Center,Los Angeles,OFF,C. Talbot (Winning Goalie); N. Sturm (GWG Scorer),Minnesota Wild defeated Los Angeles Kings 4-2 in regulation at STAPLES Center (Los Angeles).,NHL Official Stats REST API (api-web.nhle.com/v1)
720,2020020746,2020-2021,2020,Regular Season,Regular Season,2021-04-24,Saturday,16:30,Pittsburgh Penguins,New Jersey Devils,Pittsburgh Penguins,New Jersey Devils,PIT,NJD,4,2,6,2,Pittsburgh Penguins,New Jersey Devils,Home Win (4-2),4-2,Regulation,No,No,PPG Paints Arena,Pittsburgh,OFF,C. DeSmith (Winning Goalie); B. Rust (GWG Scorer),Pittsburgh Penguins defeated New Jersey Devils 4-2 in regulation at PPG Paints Arena (Pittsburgh).,NHL Official Stats REST API (api-web.nhle.com/v1)
721,2020020748,2020-2021,2020,Regular Season,Regular Season,2021-04-24,Saturday,19:00,St. Louis Blues,Colorado Avalanche,St. Louis Blues,Colorado Avalanche,STL,COL,5,3,8,2,St. Louis Blues,Colorado Avalanche,Home Win (5-3),5-3,Regulation,No,No,Enterprise Center,St. Louis,OFF,J. Binnington (Winning Goalie); M. Hoffman (GWG Scorer),St. Louis Blues defeated Colorado Avalanche 5-3 in regulation at Enterprise Center (St. Louis).,NHL Official Stats REST API (api-web.nhle.com/v1)
722,2020020744,2020-2021,2020,Regular Season,Regular Season,2021-04-24,Saturday,23:00,New York Islanders,Washington Capitals,New York Islanders,Washington Capitals,NYI,WSH,3,6,9,3,Washington Capitals,New York Islanders,Away Win (6-3),3-6,Regulation,No,No,Nassau Veterans Memorial Coliseum,New York,OFF,I. Samsonov (Winning Goalie); D. Sprong (GWG Scorer),Washington Capitals defeated New York Islanders 6-3 in regulation at Nassau Veterans Memorial Coliseum (New York).,NHL Official Stats REST API (api-web.nhle.com/v1)
723,2020020745,2020-2021,2020,Regular Season,Regular Season,2021-04-24,Saturday,23:00,Florida Panthers,Carolina Hurricanes,Florida Panthers,Carolina Hurricanes,FLA,CAR,4,3,7,1,Florida Panthers,Carolina Hurricanes,Home Win (4-3 OT),4-3,Overtime,Yes,No,BB&T Center,Florida,OFF,C. Driedger (Winning Goalie); A. Barkov (GWG Scorer),Florida Panthers defeated Carolina Hurricanes 4-3 in overtime at BB&T Center (Florida).,NHL Official Stats REST API (api-web.nhle.com/v1)
724,2020020747,2020-2021,2020,Regular Season,Regular Season,2021-04-24,Saturday,23:00,Detroit Red Wings,Dallas Stars,Detroit Red Wings,Dallas Stars,DET,DAL,1,2,3,1,Dallas Stars,Detroit Red Wings,Away Win (2-1 OT),1-2,Overtime,Yes,No,Little Caesars Arena,Detroit,OFF,A. Khudobin (Winning Goalie); J. Benn (GWG Scorer),Dallas Stars defeated Detroit Red Wings 2-1 in overtime at Little Caesars Arena (Detroit).,NHL Official Stats REST API (api-web.nhle.com/v1)
725,2020020749,2020-2021,2020,Regular Season,Regular Season,2021-04-24,Saturday,23:00,Winnipeg Jets,Toronto Maple Leafs,Winnipeg Jets,Toronto Maple Leafs,WPG,TOR,1,4,5,3,Toronto Maple Leafs,Winnipeg Jets,Away Win (4-1),1-4,Regulation,No,No,Bell MTS Place,Winnipeg,OFF,J. Campbell (Winning Goalie); M. Marner (GWG Scorer),Toronto Maple Leafs defeated Winnipeg Jets 4-1 in regulation at Bell MTS Place (Winnipeg).,NHL Official Stats REST API (api-web.nhle.com/v1)
726,2020020750,2020-2021,2020,Regular Season,Regular Season,2021-04-24,Saturday,23:00,Calgary Flames,Montréal Canadiens,Calgary Flames,Montréal Canadiens,CGY,MTL,5,2,7,3,Calgary Flames,Montréal Canadiens,Home Win (5-2),5-2,Regulation,No,No,Scotiabank Saddledome,Calgary,OFF,J. Markstrom (Winning Goalie); J. Gaudreau (GWG Scorer),Calgary Flames defeated Montréal Canadiens 5-2 in regulation at Scotiabank Saddledome (Calgary).,NHL Official Stats REST API (api-web.nhle.com/v1)
727,2020020325,2020-2021,2020,Regular Season,Regular Season,2021-04-24,Saturday,01:00,Anaheim Ducks,Vegas Golden Knights,Anaheim Ducks,Vegas Golden Knights,ANA,VGK,1,5,6,4,Vegas Golden Knights,Anaheim Ducks,Away Win (5-1),1-5,Regulation,No,No,Honda Center,Anaheim,OFF,R. Lehner (Winning Goalie); C. Stephenson (GWG Scorer),Vegas Golden Knights defeated Anaheim Ducks 5-1 in regulation at Honda Center (Anaheim).,NHL Official Stats REST API (api-web.nhle.com/v1)
728,2020020753,2020-2021,2020,Regular Season,Regular Season,2021-04-24,Saturday,01:00,San Jose Sharks,Minnesota Wild,San Jose Sharks,Minnesota Wild,SJS,MIN,3,6,9,3,Minnesota Wild,San Jose Sharks,Away Win (6-3),3-6,Regulation,No,No,SAP Center at San Jose,San Jose,OFF,K. Kahkonen (Winning Goalie); K. Fiala (GWG Scorer),Minnesota Wild defeated San Jose Sharks 6-3 in regulation at SAP Center at San Jose (San Jose).,NHL Official Stats REST API (api-web.nhle.com/v1)
729,2020020751,2020-2021,2020,Regular Season,Regular Season,2021-04-24,Saturday,02:00,Vancouver Canucks,Ottawa Senators,Vancouver Canucks,Ottawa Senators,VAN,OTT,4,2,6,2,Vancouver Canucks,Ottawa Senators,Home Win (4-2),4-2,Regulation,No,No,Rogers Arena,Vancouver,OFF,B. Holtby (Winning Goalie); T. Pearson (GWG Scorer),Vancouver Canucks defeated Ottawa Senators 4-2 in regulation at Rogers Arena (Vancouver).,NHL Official Stats REST API (api-web.nhle.com/v1)
730,2020020752,2020-2021,2020,Regular Season,Regular Season,2021-04-24,Saturday,02:00,Los Angeles Kings,Arizona Coyotes,Los Angeles Kings,Arizona Coyotes,LAK,ARI,0,4,4,4,Arizona Coyotes,Los Angeles Kings,Away Win (4-0),0-4,Regulation,No,No,STAPLES Center,Los Angeles,OFF,D. Kuemper (Winning Goalie); J. Hayden (GWG Scorer),Arizona Coyotes defeated Los Angeles Kings 4-0 in regulation at STAPLES Center (Los Angeles).,NHL Official Stats REST API (api-web.nhle.com/v1)
731,2020020757,2020-2021,2020,Regular Season,Regular Season,2021-04-25,Sunday,19:00,Pittsburgh Penguins,Boston Bruins,Pittsburgh Penguins,Boston Bruins,PIT,BOS,1,0,1,1,Pittsburgh Penguins,Boston Bruins,Home Win (1-0),1-0,Regulation,No,No,PPG Paints Arena,Pittsburgh,OFF,T. Jarry (Winning Goalie); J. Guentzel (GWG Scorer),Pittsburgh Penguins defeated Boston Bruins 1-0 in regulation at PPG Paints Arena (Pittsburgh).,NHL Official Stats REST API (api-web.nhle.com/v1)
732,2020020216,2020-2021,2020,Regular Season,Regular Season,2021-04-25,Sunday,22:00,Philadelphia Flyers,New Jersey Devils,Philadelphia Flyers,New Jersey Devils,PHI,NJD,4,3,7,1,Philadelphia Flyers,New Jersey Devils,Home Win (4-3 SO),4-3,Shootout,Yes,Yes,Wells Fargo Center,Philadelphia,OFF,B. Elliott (Winning Goalie),Philadelphia Flyers defeated New Jersey Devils 4-3 in a shootout at Wells Fargo Center (Philadelphia).,NHL Official Stats REST API (api-web.nhle.com/v1)
733,2020020754,2020-2021,2020,Regular Season,Regular Season,2021-04-25,Sunday,22:00,New York Rangers,Buffalo Sabres,New York Rangers,Buffalo Sabres,NYR,BUF,6,3,9,3,New York Rangers,Buffalo Sabres,Home Win (6-3),6-3,Regulation,No,No,Madison Square Garden,New York,OFF,I. Shesterkin (Winning Goalie); M. Zibanejad (GWG Scorer),New York Rangers defeated Buffalo Sabres 6-3 in regulation at Madison Square Garden (New York).,NHL Official Stats REST API (api-web.nhle.com/v1)
734,2020020756,2020-2021,2020,Regular Season,Regular Season,2021-04-25,Sunday,23:00,Tampa Bay Lightning,Columbus Blue Jackets,Tampa Bay Lightning,Columbus Blue Jackets,TBL,CBJ,4,3,7,1,Tampa Bay Lightning,Columbus Blue Jackets,Home Win (4-3 OT),4-3,Overtime,Yes,No,Amalie Arena,Tampa Bay,OFF,A. Vasilevskiy (Winning Goalie); V. Hedman (GWG Scorer),Tampa Bay Lightning defeated Columbus Blue Jackets 4-3 in overtime at Amalie Arena (Tampa Bay).,NHL Official Stats REST API (api-web.nhle.com/v1)
735,2020020761,2020-2021,2020,Regular Season,Regular Season,2021-04-26,Monday,22:30,Calgary Flames,Montréal Canadiens,Calgary Flames,Montréal Canadiens,CGY,MTL,1,2,3,1,Montréal Canadiens,Calgary Flames,Away Win (2-1),1-2,Regulation,No,No,Scotiabank Saddledome,Calgary,OFF,J. Allen (Winning Goalie); T. Toffoli (GWG Scorer),Montréal Canadiens defeated Calgary Flames 2-1 in regulation at Scotiabank Saddledome (Calgary).,NHL Official Stats REST API (api-web.nhle.com/v1)
736,2020020191,2020-2021,2020,Regular Season,Regular Season,2021-04-26,Monday,23:00,St. Louis Blues,Colorado Avalanche,St. Louis Blues,Colorado Avalanche,STL,COL,4,1,5,3,St. Louis Blues,Colorado Avalanche,Home Win (4-1),4-1,Regulation,No,No,Enterprise Center,St. Louis,OFF,J. Binnington (Winning Goalie); B. Schenn (GWG Scorer),St. Louis Blues defeated Colorado Avalanche 4-1 in regulation at Enterprise Center (St. Louis).,NHL Official Stats REST API (api-web.nhle.com/v1)
737,2020020759,2020-2021,2020,Regular Season,Regular Season,2021-04-26,Monday,23:00,Ottawa Senators,Vancouver Canucks,Ottawa Senators,Vancouver Canucks,OTT,VAN,2,1,3,1,Ottawa Senators,Vancouver Canucks,Home Win (2-1),2-1,Regulation,No,No,Canadian Tire Centre,Ottawa,OFF,M. Hogberg (Winning Goalie); D. Batherson (GWG Scorer),Ottawa Senators defeated Vancouver Canucks 2-1 in regulation at Canadian Tire Centre (Ottawa).,NHL Official Stats REST API (api-web.nhle.com/v1)
738,2020020763,2020-2021,2020,Regular Season,Regular Season,2021-04-26,Monday,23:30,Dallas Stars,Carolina Hurricanes,Dallas Stars,Carolina Hurricanes,DAL,CAR,4,3,7,1,Dallas Stars,Carolina Hurricanes,Home Win (4-3 OT),4-3,Overtime,Yes,No,American Airlines Center,Dallas,OFF,J. Oettinger (Winning Goalie); J. Benn (GWG Scorer),Dallas Stars defeated Carolina Hurricanes 4-3 in overtime at American Airlines Center (Dallas).,NHL Official Stats REST API (api-web.nhle.com/v1)
739,2020020758,2020-2021,2020,Regular Season,Regular Season,2021-04-26,Monday,00:00,Nashville Predators,Florida Panthers,Nashville Predators,Florida Panthers,NSH,FLA,4,1,5,3,Nashville Predators,Florida Panthers,Home Win (4-1),4-1,Regulation,No,No,Bridgestone Arena,Nashville,OFF,J. Saros (Winning Goalie); N. Cousins (GWG Scorer),Nashville Predators defeated Florida Panthers 4-1 in regulation at Bridgestone Arena (Nashville).,NHL Official Stats REST API (api-web.nhle.com/v1)
740,2020020760,2020-2021,2020,Regular Season,Regular Season,2021-04-26,Monday,01:00,Winnipeg Jets,Edmonton Oilers,Winnipeg Jets,Edmonton Oilers,WPG,EDM,1,6,7,5,Edmonton Oilers,Winnipeg Jets,Away Win (6-1),1-6,Regulation,No,No,Bell MTS Place,Winnipeg,OFF,M. Smith (Winning Goalie); C. McDavid (GWG Scorer),Edmonton Oilers defeated Winnipeg Jets 6-1 in regulation at Bell MTS Place (Winnipeg).,NHL Official Stats REST API (api-web.nhle.com/v1)
741,2020020765,2020-2021,2020,Regular Season,Regular Season,2021-04-26,Monday,02:00,Los Angeles Kings,Anaheim Ducks,Los Angeles Kings,Anaheim Ducks,LAK,ANA,4,1,5,3,Los Angeles Kings,Anaheim Ducks,Home Win (4-1),4-1,Regulation,No,No,STAPLES Center,Los Angeles,OFF,J. Quick (Winning Goalie); M. Anderson (GWG Scorer),Los Angeles Kings defeated Anaheim Ducks 4-1 in regulation at STAPLES Center (Los Angeles).,NHL Official Stats REST API (api-web.nhle.com/v1)
742,2020020766,2020-2021,2020,Regular Season,Regular Season,2021-04-26,Monday,02:30,San Jose Sharks,Arizona Coyotes,San Jose Sharks,Arizona Coyotes,SJS,ARI,6,4,10,2,San Jose Sharks,Arizona Coyotes,Home Win (6-4),6-4,Regulation,No,No,SAP Center at San Jose,San Jose,OFF,J. Korenar (Winning Goalie); A. Barabanov (GWG Scorer),San Jose Sharks defeated Arizona Coyotes 6-4 in regulation at SAP Center at San Jose (San Jose).,NHL Official Stats REST API (api-web.nhle.com/v1)
743,2020020447,2020-2021,2020,Regular Season,Regular Season,2021-04-27,Tuesday,23:00,Washington Capitals,New York Islanders,Washington Capitals,New York Islanders,WSH,NYI,1,0,1,1,Washington Capitals,New York Islanders,Home Win (1-0),1-0,Regulation,No,No,Capital One Arena,Washington,OFF,V. Vanecek (Winning Goalie); D. Sprong (GWG Scorer),Washington Capitals defeated New York Islanders 1-0 in regulation at Capital One Arena (Washington).,NHL Official Stats REST API (api-web.nhle.com/v1)
744,2020020716,2020-2021,2020,Regular Season,Regular Season,2021-04-27,Tuesday,23:00,New Jersey Devils,Philadelphia Flyers,New Jersey Devils,Philadelphia Flyers,NJD,PHI,6,4,10,2,New Jersey Devils,Philadelphia Flyers,Home Win (6-4),6-4,Regulation,No,No,Prudential Center,New Jersey,OFF,M. Blackwood (Winning Goalie); Y. Sharangovich (GWG Scorer),New Jersey Devils defeated Philadelphia Flyers 6-4 in regulation at Prudential Center (New Jersey).,NHL Official Stats REST API (api-web.nhle.com/v1)
745,2020020768,2020-2021,2020,Regular Season,Regular Season,2021-04-27,Tuesday,23:00,New York Rangers,Buffalo Sabres,New York Rangers,Buffalo Sabres,NYR,BUF,3,1,4,2,New York Rangers,Buffalo Sabres,Home Win (3-1),3-1,Regulation,No,No,Madison Square Garden,New York,OFF,I. Shesterkin (Winning Goalie); A. Lafrenière (GWG Scorer),New York Rangers defeated Buffalo Sabres 3-1 in regulation at Madison Square Garden (New York).,NHL Official Stats REST API (api-web.nhle.com/v1)
746,2020020770,2020-2021,2020,Regular Season,Regular Season,2021-04-27,Tuesday,23:00,Pittsburgh Penguins,Boston Bruins,Pittsburgh Penguins,Boston Bruins,PIT,BOS,1,3,4,2,Boston Bruins,Pittsburgh Penguins,Away Win (3-1),1-3,Regulation,No,No,PPG Paints Arena,Pittsburgh,OFF,T. Rask (Winning Goalie); B. Marchand (GWG Scorer),Boston Bruins defeated Pittsburgh Penguins 3-1 in regulation at PPG Paints Arena (Pittsburgh).,NHL Official Stats REST API (api-web.nhle.com/v1)
747,2020020771,2020-2021,2020,Regular Season,Regular Season,2021-04-27,Tuesday,23:00,Columbus Blue Jackets,Detroit Red Wings,Columbus Blue Jackets,Detroit Red Wings,CBJ,DET,1,0,1,1,Columbus Blue Jackets,Detroit Red Wings,Home Win (1-0 SO),1-0,Shootout,Yes,Yes,Nationwide Arena,Columbus,OFF,E. Merzlikins (Winning Goalie),Columbus Blue Jackets defeated Detroit Red Wings 1-0 in a shootout at Nationwide Arena (Columbus).,NHL Official Stats REST API (api-web.nhle.com/v1)
748,2020020772,2020-2021,2020,Regular Season,Regular Season,2021-04-27,Tuesday,00:00,Chicago Blackhawks,Tampa Bay Lightning,Chicago Blackhawks,Tampa Bay Lightning,CHI,TBL,4,7,11,3,Tampa Bay Lightning,Chicago Blackhawks,Away Win (7-4),4-7,Regulation,No,No,United Center,Chicago,OFF,A. Vasilevskiy (Winning Goalie); B. Coleman (GWG Scorer),Tampa Bay Lightning defeated Chicago Blackhawks 7-4 in regulation at United Center (Chicago).,NHL Official Stats REST API (api-web.nhle.com/v1)
749,2020020773,2020-2021,2020,Regular Season,Regular Season,2021-04-27,Tuesday,00:00,Nashville Predators,Florida Panthers,Nashville Predators,Florida Panthers,NSH,FLA,4,7,11,3,Florida Panthers,Nashville Predators,Away Win (7-4),4-7,Regulation,No,No,Bridgestone Arena,Nashville,OFF,S. Knight (Winning Goalie); F. Vatrano (GWG Scorer),Florida Panthers defeated Nashville Predators 7-4 in regulation at Bridgestone Arena (Nashville).,NHL Official Stats REST API (api-web.nhle.com/v1)
750,2020020774,2020-2021,2020,Regular Season,Regular Season,2021-04-27,Tuesday,00:30,Dallas Stars,Carolina Hurricanes,Dallas Stars,Carolina Hurricanes,DAL,CAR,1,5,6,4,Carolina Hurricanes,Dallas Stars,Away Win (5-1),1-5,Regulation,No,No,American Airlines Center,Dallas,OFF,A. Nedeljkovic (Winning Goalie); S. Aho (GWG Scorer),Carolina Hurricanes defeated Dallas Stars 5-1 in regulation at American Airlines Center (Dallas).,NHL Official Stats REST API (api-web.nhle.com/v1)
751,2020020776,2020-2021,2020,Regular Season,Regular Season,2021-04-28,Wednesday,21:30,Ottawa Senators,Vancouver Canucks,Ottawa Senators,Vancouver Canucks,OTT,VAN,6,3,9,3,Ottawa Senators,Vancouver Canucks,Home Win (6-3),6-3,Regulation,No,No,Canadian Tire Centre,Ottawa,OFF,M. Hogberg (Winning Goalie); T. Chabot (GWG Scorer),Ottawa Senators defeated Vancouver Canucks 6-3 in regulation at Canadian Tire Centre (Ottawa).,NHL Official Stats REST API (api-web.nhle.com/v1)
752,2020020778,2020-2021,2020,Regular Season,Regular Season,2021-04-28,Wednesday,23:00,Minnesota Wild,St. Louis Blues,Minnesota Wild,St. Louis Blues,MIN,STL,3,4,7,1,St. Louis Blues,Minnesota Wild,Away Win (4-3),3-4,Regulation,No,No,Xcel Energy Center,Minnesota,OFF,J. Binnington (Winning Goalie); R. Thomas (GWG Scorer),St. Louis Blues defeated Minnesota Wild 4-3 in regulation at Xcel Energy Center (Minnesota).,NHL Official Stats REST API (api-web.nhle.com/v1)
753,2020020775,2020-2021,2020,Regular Season,Regular Season,2021-04-28,Wednesday,00:00,Montréal Canadiens,Toronto Maple Leafs,Montréal Canadiens,Toronto Maple Leafs,MTL,TOR,1,4,5,3,Toronto Maple Leafs,Montréal Canadiens,Away Win (4-1),1-4,Regulation,No,No,Centre Bell,Montréal,OFF,J. Campbell (Winning Goalie); A. Matthews (GWG Scorer),Toronto Maple Leafs defeated Montréal Canadiens 4-1 in regulation at Centre Bell (Montréal).,NHL Official Stats REST API (api-web.nhle.com/v1)
754,2020020777,2020-2021,2020,Regular Season,Regular Season,2021-04-28,Wednesday,01:00,Winnipeg Jets,Edmonton Oilers,Winnipeg Jets,Edmonton Oilers,WPG,EDM,1,3,4,2,Edmonton Oilers,Winnipeg Jets,Away Win (3-1),1-3,Regulation,No,No,Bell MTS Place,Winnipeg,OFF,M. Koskinen (Winning Goalie); R. Nugent-Hopkins (GWG Scorer),Edmonton Oilers defeated Winnipeg Jets 3-1 in regulation at Bell MTS Place (Winnipeg).,NHL Official Stats REST API (api-web.nhle.com/v1)
755,2020020779,2020-2021,2020,Regular Season,Regular Season,2021-04-28,Wednesday,01:30,Vegas Golden Knights,Colorado Avalanche,Vegas Golden Knights,Colorado Avalanche,VGK,COL,5,2,7,3,Vegas Golden Knights,Colorado Avalanche,Home Win (5-2),5-2,Regulation,No,No,T-Mobile Arena,Vegas,OFF,M. Fleury (Winning Goalie); M. Stone (GWG Scorer),Vegas Golden Knights defeated Colorado Avalanche 5-2 in regulation at T-Mobile Arena (Vegas).,NHL Official Stats REST API (api-web.nhle.com/v1)
756,2020020780,2020-2021,2020,Regular Season,Regular Season,2021-04-28,Wednesday,02:00,Los Angeles Kings,Anaheim Ducks,Los Angeles Kings,Anaheim Ducks,LAK,ANA,2,3,5,1,Anaheim Ducks,Los Angeles Kings,Away Win (3-2),2-3,Regulation,No,No,STAPLES Center,Los Angeles,OFF,J. Gibson (Winning Goalie); C. Fowler (GWG Scorer),Anaheim Ducks defeated Los Angeles Kings 3-2 in regulation at STAPLES Center (Los Angeles).,NHL Official Stats REST API (api-web.nhle.com/v1)
757,2020020781,2020-2021,2020,Regular Season,Regular Season,2021-04-28,Wednesday,02:30,San Jose Sharks,Arizona Coyotes,San Jose Sharks,Arizona Coyotes,SJS,ARI,4,2,6,2,San Jose Sharks,Arizona Coyotes,Home Win (4-2),4-2,Regulation,No,No,SAP Center at San Jose,San Jose,OFF,J. Korenar (Winning Goalie); K. Labanc (GWG Scorer),San Jose Sharks defeated Arizona Coyotes 4-2 in regulation at SAP Center at San Jose (San Jose).,NHL Official Stats REST API (api-web.nhle.com/v1)
758,2020020347,2020-2021,2020,Regular Season,Regular Season,2021-04-29,Thursday,23:00,Tampa Bay Lightning,Dallas Stars,Tampa Bay Lightning,Dallas Stars,TBL,DAL,3,0,3,3,Tampa Bay Lightning,Dallas Stars,Home Win (3-0),3-0,Regulation,No,No,Amalie Arena,Tampa Bay,OFF,A. Vasilevskiy (Winning Goalie); O. Palat (GWG Scorer),Tampa Bay Lightning defeated Dallas Stars 3-0 in regulation at Amalie Arena (Tampa Bay).,NHL Official Stats REST API (api-web.nhle.com/v1)
759,2020020782,2020-2021,2020,Regular Season,Regular Season,2021-04-29,Thursday,23:00,Boston Bruins,Buffalo Sabres,Boston Bruins,Buffalo Sabres,BOS,BUF,5,2,7,3,Boston Bruins,Buffalo Sabres,Home Win (5-2),5-2,Regulation,No,No,TD Garden,Boston,OFF,T. Rask (Winning Goalie); C. Coyle (GWG Scorer),Boston Bruins defeated Buffalo Sabres 5-2 in regulation at TD Garden (Boston).,NHL Official Stats REST API (api-web.nhle.com/v1)
760,2020020783,2020-2021,2020,Regular Season,Regular Season,2021-04-29,Thursday,23:00,New Jersey Devils,Philadelphia Flyers,New Jersey Devils,Philadelphia Flyers,NJD,PHI,5,3,8,2,New Jersey Devils,Philadelphia Flyers,Home Win (5-3),5-3,Regulation,No,No,Prudential Center,New Jersey,OFF,M. Blackwood (Winning Goalie); P. Zacha (GWG Scorer),New Jersey Devils defeated Philadelphia Flyers 5-3 in regulation at Prudential Center (New Jersey).,NHL Official Stats REST API (api-web.nhle.com/v1)
761,2020020784,2020-2021,2020,Regular Season,Regular Season,2021-04-29,Thursday,23:00,New York Rangers,New York Islanders,New York Rangers,New York Islanders,NYR,NYI,0,4,4,4,New York Islanders,New York Rangers,Away Win (4-0),0-4,Regulation,No,No,Madison Square Garden,New York,OFF,S. Varlamov (Winning Goalie); L. Komarov (GWG Scorer),New York Islanders defeated New York Rangers 4-0 in regulation at Madison Square Garden (New York).,NHL Official Stats REST API (api-web.nhle.com/v1)
762,2020020785,2020-2021,2020,Regular Season,Regular Season,2021-04-29,Thursday,23:00,Washington Capitals,Pittsburgh Penguins,Washington Capitals,Pittsburgh Penguins,WSH,PIT,4,5,9,1,Pittsburgh Penguins,Washington Capitals,Away Win (5-4 OT),4-5,Overtime,Yes,No,Capital One Arena,Washington,OFF,T. Jarry (Winning Goalie); J. Guentzel (GWG Scorer),Pittsburgh Penguins defeated Washington Capitals 5-4 in overtime at Capital One Arena (Washington).,NHL Official Stats REST API (api-web.nhle.com/v1)
763,2020020786,2020-2021,2020,Regular Season,Regular Season,2021-04-29,Thursday,23:00,Carolina Hurricanes,Detroit Red Wings,Carolina Hurricanes,Detroit Red Wings,CAR,DET,3,1,4,2,Carolina Hurricanes,Detroit Red Wings,Home Win (3-1),3-1,Regulation,No,No,PNC Arena,Carolina,OFF,J. Reimer (Winning Goalie); W. Foegele (GWG Scorer),Carolina Hurricanes defeated Detroit Red Wings 3-1 in regulation at PNC Arena (Carolina).,NHL Official Stats REST API (api-web.nhle.com/v1)
764,2020020792,2020-2021,2020,Regular Season,Regular Season,2021-04-29,Thursday,23:30,Toronto Maple Leafs,Vancouver Canucks,Toronto Maple Leafs,Vancouver Canucks,TOR,VAN,4,1,5,3,Toronto Maple Leafs,Vancouver Canucks,Home Win (4-1),4-1,Regulation,No,No,Scotiabank Arena,Toronto,OFF,D. Rittich (Winning Goalie); A. Matthews (GWG Scorer),Toronto Maple Leafs defeated Vancouver Canucks 4-1 in regulation at Scotiabank Arena (Toronto).,NHL Official Stats REST API (api-web.nhle.com/v1)
765,2020020762,2020-2021,2020,Regular Season,Regular Season,2021-04-29,Thursday,00:00,Minnesota Wild,St. Louis Blues,Minnesota Wild,St. Louis Blues,MIN,STL,4,5,9,1,St. Louis Blues,Minnesota Wild,Away Win (5-4 OT),4-5,Overtime,Yes,No,Xcel Energy Center,Minnesota,OFF,V. Husso (Winning Goalie); R. O'Reilly (GWG Scorer),St. Louis Blues defeated Minnesota Wild 5-4 in overtime at Xcel Energy Center (Minnesota).,NHL Official Stats REST API (api-web.nhle.com/v1)
766,2020020787,2020-2021,2020,Regular Season,Regular Season,2021-04-29,Thursday,00:00,Chicago Blackhawks,Florida Panthers,Chicago Blackhawks,Florida Panthers,CHI,FLA,3,4,7,1,Florida Panthers,Chicago Blackhawks,Away Win (4-3 OT),3-4,Overtime,Yes,No,United Center,Chicago,OFF,S. Knight (Winning Goalie); S. Bennett (GWG Scorer),Florida Panthers defeated Chicago Blackhawks 4-3 in overtime at United Center (Chicago).,NHL Official Stats REST API (api-web.nhle.com/v1)
767,2020020789,2020-2021,2020,Regular Season,Regular Season,2021-04-29,Thursday,01:00,Edmonton Oilers,Calgary Flames,Edmonton Oilers,Calgary Flames,EDM,CGY,1,3,4,2,Calgary Flames,Edmonton Oilers,Away Win (3-1),1-3,Regulation,No,No,Rogers Place,Edmonton,OFF,J. Markstrom (Winning Goalie); E. Lindholm (GWG Scorer),Calgary Flames defeated Edmonton Oilers 3-1 in regulation at Rogers Place (Edmonton).,NHL Official Stats REST API (api-web.nhle.com/v1)
768,2020020791,2020-2021,2020,Regular Season,Regular Season,2021-04-30,Friday,23:00,Montréal Canadiens,Winnipeg Jets,Montréal Canadiens,Winnipeg Jets,MTL,WPG,5,3,8,2,Montréal Canadiens,Winnipeg Jets,Home Win (5-3),5-3,Regulation,No,No,Centre Bell,Montréal,OFF,J. Allen (Winning Goalie); N. Suzuki (GWG Scorer),Montréal Canadiens defeated Winnipeg Jets 5-3 in regulation at Centre Bell (Montréal).,NHL Official Stats REST API (api-web.nhle.com/v1)
769,2020020793,2020-2021,2020,Regular Season,Regular Season,2021-04-30,Friday,01:00,Colorado Avalanche,San Jose Sharks,Colorado Avalanche,San Jose Sharks,COL,SJS,3,0,3,3,Colorado Avalanche,San Jose Sharks,Home Win (3-0),3-0,Regulation,No,No,Ball Arena,Colorado,OFF,P. Grubauer (Winning Goalie); G. Landeskog (GWG Scorer),Colorado Avalanche defeated San Jose Sharks 3-0 in regulation at Ball Arena (Colorado).,NHL Official Stats REST API (api-web.nhle.com/v1)
770,2020020794,2020-2021,2020,Regular Season,Regular Season,2021-04-30,Friday,02:00,Arizona Coyotes,Vegas Golden Knights,Arizona Coyotes,Vegas Golden Knights,ARI,VGK,3,0,3,3,Arizona Coyotes,Vegas Golden Knights,Home Win (3-0),3-0,Regulation,No,No,Gila River Arena,Arizona,OFF,A. Hill (Winning Goalie); J. Hayden (GWG Scorer),Arizona Coyotes defeated Vegas Golden Knights 3-0 in regulation at Gila River Arena (Arizona).,NHL Official Stats REST API (api-web.nhle.com/v1)
771,2020020795,2020-2021,2020,Regular Season,Regular Season,2021-04-30,Friday,02:00,Anaheim Ducks,Los Angeles Kings,Anaheim Ducks,Los Angeles Kings,ANA,LAK,1,2,3,1,Los Angeles Kings,Anaheim Ducks,Away Win (2-1),1-2,Regulation,No,No,Honda Center,Anaheim,OFF,J. Quick (Winning Goalie); A. Kopitar (GWG Scorer),Los Angeles Kings defeated Anaheim Ducks 2-1 in regulation at Honda Center (Anaheim).,NHL Official Stats REST API (api-web.nhle.com/v1)
772,2020020796,2020-2021,2020,Regular Season,Regular Season,2021-05-01,Saturday,17:00,Boston Bruins,Buffalo Sabres,Boston Bruins,Buffalo Sabres,BOS,BUF,6,2,8,4,Boston Bruins,Buffalo Sabres,Home Win (6-2),6-2,Regulation,No,No,TD Garden,Boston,OFF,J. Swayman (Winning Goalie); P. Bergeron (GWG Scorer),Boston Bruins defeated Buffalo Sabres 6-2 in regulation at TD Garden (Boston).,NHL Official Stats REST API (api-web.nhle.com/v1)
773,2020020801,2020-2021,2020,Regular Season,Regular Season,2021-05-01,Saturday,19:00,Detroit Red Wings,Tampa Bay Lightning,Detroit Red Wings,Tampa Bay Lightning,DET,TBL,1,0,1,1,Detroit Red Wings,Tampa Bay Lightning,Home Win (1-0 SO),1-0,Shootout,Yes,Yes,Little Caesars Arena,Detroit,OFF,T. Greiss (Winning Goalie),Detroit Red Wings defeated Tampa Bay Lightning 1-0 in a shootout at Little Caesars Arena (Detroit).,NHL Official Stats REST API (api-web.nhle.com/v1)
774,2020020797,2020-2021,2020,Regular Season,Regular Season,2021-05-01,Saturday,23:00,New York Islanders,New York Rangers,New York Islanders,New York Rangers,NYI,NYR,3,0,3,3,New York Islanders,New York Rangers,Home Win (3-0),3-0,Regulation,No,No,Nassau Veterans Memorial Coliseum,New York,OFF,S. Varlamov (Winning Goalie); A. Beauvillier (GWG Scorer),New York Islanders defeated New York Rangers 3-0 in regulation at Nassau Veterans Memorial Coliseum (New York).,NHL Official Stats REST API (api-web.nhle.com/v1)
775,2020020798,2020-2021,2020,Regular Season,Regular Season,2021-05-01,Saturday,23:00,Philadelphia Flyers,New Jersey Devils,Philadelphia Flyers,New Jersey Devils,PHI,NJD,1,4,5,3,New Jersey Devils,Philadelphia Flyers,Away Win (4-1),1-4,Regulation,No,No,Wells Fargo Center,Philadelphia,OFF,M. Blackwood (Winning Goalie); J. Kuokkanen (GWG Scorer),New Jersey Devils defeated Philadelphia Flyers 4-1 in regulation at Wells Fargo Center (Philadelphia).,NHL Official Stats REST API (api-web.nhle.com/v1)
776,2020020799,2020-2021,2020,Regular Season,Regular Season,2021-05-01,Saturday,23:00,Washington Capitals,Pittsburgh Penguins,Washington Capitals,Pittsburgh Penguins,WSH,PIT,0,3,3,3,Pittsburgh Penguins,Washington Capitals,Away Win (3-0),0-3,Regulation,No,No,Capital One Arena,Washington,OFF,T. Jarry (Winning Goalie); B. Rust (GWG Scorer),Pittsburgh Penguins defeated Washington Capitals 3-0 in regulation at Capital One Arena (Washington).,NHL Official Stats REST API (api-web.nhle.com/v1)
777,2020020800,2020-2021,2020,Regular Season,Regular Season,2021-05-01,Saturday,23:00,Carolina Hurricanes,Columbus Blue Jackets,Carolina Hurricanes,Columbus Blue Jackets,CAR,CBJ,2,1,3,1,Carolina Hurricanes,Columbus Blue Jackets,Home Win (2-1 OT),2-1,Overtime,Yes,No,PNC Arena,Carolina,OFF,A. Nedeljkovic (Winning Goalie); D. Hamilton (GWG Scorer),Carolina Hurricanes defeated Columbus Blue Jackets 2-1 in overtime at PNC Arena (Carolina).,NHL Official Stats REST API (api-web.nhle.com/v1)
778,2020020805,2020-2021,2020,Regular Season,Regular Season,2021-05-01,Saturday,23:00,Montréal Canadiens,Ottawa Senators,Montréal Canadiens,Ottawa Senators,MTL,OTT,3,2,5,1,Montréal Canadiens,Ottawa Senators,Home Win (3-2 OT),3-2,Overtime,Yes,No,Centre Bell,Montréal,OFF,C. Primeau (Winning Goalie); C. Caufield (GWG Scorer),Montréal Canadiens defeated Ottawa Senators 3-2 in overtime at Centre Bell (Montréal).,NHL Official Stats REST API (api-web.nhle.com/v1)
779,2020020806,2020-2021,2020,Regular Season,Regular Season,2021-05-01,Saturday,23:00,Toronto Maple Leafs,Vancouver Canucks,Toronto Maple Leafs,Vancouver Canucks,TOR,VAN,5,1,6,4,Toronto Maple Leafs,Vancouver Canucks,Home Win (5-1),5-1,Regulation,No,No,Scotiabank Arena,Toronto,OFF,J. Campbell (Winning Goalie); A. Matthews (GWG Scorer),Toronto Maple Leafs defeated Vancouver Canucks 5-1 in regulation at Scotiabank Arena (Toronto).,NHL Official Stats REST API (api-web.nhle.com/v1)
780,2020020207,2020-2021,2020,Regular Season,Regular Season,2021-05-01,Saturday,00:00,Minnesota Wild,St. Louis Blues,Minnesota Wild,St. Louis Blues,MIN,STL,4,3,7,1,Minnesota Wild,St. Louis Blues,Home Win (4-3 OT),4-3,Overtime,Yes,No,Xcel Energy Center,Minnesota,OFF,K. Kahkonen (Winning Goalie); K. Fiala (GWG Scorer),Minnesota Wild defeated St. Louis Blues 4-3 in overtime at Xcel Energy Center (Minnesota).,NHL Official Stats REST API (api-web.nhle.com/v1)
781,2020020802,2020-2021,2020,Regular Season,Regular Season,2021-05-01,Saturday,00:00,Chicago Blackhawks,Florida Panthers,Chicago Blackhawks,Florida Panthers,CHI,FLA,4,5,9,1,Florida Panthers,Chicago Blackhawks,Away Win (5-4),4-5,Regulation,No,No,United Center,Chicago,OFF,S. Bobrovsky (Winning Goalie); O. Tippett (GWG Scorer),Florida Panthers defeated Chicago Blackhawks 5-4 in regulation at United Center (Chicago).,NHL Official Stats REST API (api-web.nhle.com/v1)
782,2020020804,2020-2021,2020,Regular Season,Regular Season,2021-05-01,Saturday,00:00,Nashville Predators,Dallas Stars,Nashville Predators,Dallas Stars,NSH,DAL,1,0,1,1,Nashville Predators,Dallas Stars,Home Win (1-0 OT),1-0,Overtime,Yes,No,Bridgestone Arena,Nashville,OFF,J. Saros (Winning Goalie); E. Haula (GWG Scorer),Nashville Predators defeated Dallas Stars 1-0 in overtime at Bridgestone Arena (Nashville).,NHL Official Stats REST API (api-web.nhle.com/v1)
783,2020020808,2020-2021,2020,Regular Season,Regular Season,2021-05-01,Saturday,00:00,Colorado Avalanche,San Jose Sharks,Colorado Avalanche,San Jose Sharks,COL,SJS,4,3,7,1,Colorado Avalanche,San Jose Sharks,Home Win (4-3),4-3,Regulation,No,No,Ball Arena,Colorado,OFF,D. Dubnyk (Winning Goalie); M. Rantanen (GWG Scorer),Colorado Avalanche defeated San Jose Sharks 4-3 in regulation at Ball Arena (Colorado).,NHL Official Stats REST API (api-web.nhle.com/v1)
784,2020020807,2020-2021,2020,Regular Season,Regular Season,2021-05-01,Saturday,02:00,Edmonton Oilers,Calgary Flames,Edmonton Oilers,Calgary Flames,EDM,CGY,4,1,5,3,Edmonton Oilers,Calgary Flames,Home Win (4-1),4-1,Regulation,No,No,Rogers Place,Edmonton,OFF,M. Smith (Winning Goalie); E. Bear (GWG Scorer),Edmonton Oilers defeated Calgary Flames 4-1 in regulation at Rogers Place (Edmonton).,NHL Official Stats REST API (api-web.nhle.com/v1)
785,2020020809,2020-2021,2020,Regular Season,Regular Season,2021-05-01,Saturday,02:00,Arizona Coyotes,Vegas Golden Knights,Arizona Coyotes,Vegas Golden Knights,ARI,VGK,2,3,5,1,Vegas Golden Knights,Arizona Coyotes,Away Win (3-2 OT),2-3,Overtime,Yes,No,Gila River Arena,Arizona,OFF,M. Fleury (Winning Goalie); J. Marchessault (GWG Scorer),Vegas Golden Knights defeated Arizona Coyotes 3-2 in overtime at Gila River Arena (Arizona).,NHL Official Stats REST API (api-web.nhle.com/v1)
786,2020020810,2020-2021,2020,Regular Season,Regular Season,2021-05-01,Saturday,02:00,Anaheim Ducks,Los Angeles Kings,Anaheim Ducks,Los Angeles Kings,ANA,LAK,6,2,8,4,Anaheim Ducks,Los Angeles Kings,Home Win (6-2),6-2,Regulation,No,No,Honda Center,Anaheim,OFF,R. Miller (Winning Goalie); N. Deslauriers (GWG Scorer),Anaheim Ducks defeated Los Angeles Kings 6-2 in regulation at Honda Center (Anaheim).,NHL Official Stats REST API (api-web.nhle.com/v1)
787,2020020811,2020-2021,2020,Regular Season,Regular Season,2021-05-02,Sunday,19:00,Detroit Red Wings,Tampa Bay Lightning,Detroit Red Wings,Tampa Bay Lightning,DET,TBL,1,2,3,1,Tampa Bay Lightning,Detroit Red Wings,Away Win (2-1),1-2,Regulation,No,No,Little Caesars Arena,Detroit,OFF,C. Gibson (Winning Goalie); M. Sergachev (GWG Scorer),Tampa Bay Lightning defeated Detroit Red Wings 2-1 in regulation at Little Caesars Arena (Detroit).,NHL Official Stats REST API (api-web.nhle.com/v1)
788,2020020020,2020-2021,2020,Regular Season,Regular Season,2021-05-03,Monday,23:00,Florida Panthers,Dallas Stars,Florida Panthers,Dallas Stars,FLA,DAL,5,4,9,1,Florida Panthers,Dallas Stars,Home Win (5-4 OT),5-4,Overtime,Yes,No,BB&T Center,Florida,OFF,S. Knight (Winning Goalie); A. Barkov (GWG Scorer),Florida Panthers defeated Dallas Stars 5-4 in overtime at BB&T Center (Florida).,NHL Official Stats REST API (api-web.nhle.com/v1)
789,2020020812,2020-2021,2020,Regular Season,Regular Season,2021-05-03,Monday,23:00,Buffalo Sabres,New York Islanders,Buffalo Sabres,New York Islanders,BUF,NYI,4,2,6,2,Buffalo Sabres,New York Islanders,Home Win (4-2),4-2,Regulation,No,No,KeyBank Center,Buffalo,OFF,M. Houser (Winning Goalie); S. Reinhart (GWG Scorer),Buffalo Sabres defeated New York Islanders 4-2 in regulation at KeyBank Center (Buffalo).,NHL Official Stats REST API (api-web.nhle.com/v1)
790,2020020813,2020-2021,2020,Regular Season,Regular Season,2021-05-03,Monday,23:00,New Jersey Devils,Boston Bruins,New Jersey Devils,Boston Bruins,NJD,BOS,0,3,3,3,Boston Bruins,New Jersey Devils,Away Win (3-0),0-3,Regulation,No,No,Prudential Center,New Jersey,OFF,T. Rask (Winning Goalie); N. Ritchie (GWG Scorer),Boston Bruins defeated New Jersey Devils 3-0 in regulation at Prudential Center (New Jersey).,NHL Official Stats REST API (api-web.nhle.com/v1)
791,2020020814,2020-2021,2020,Regular Season,Regular Season,2021-05-03,Monday,23:00,New York Rangers,Washington Capitals,New York Rangers,Washington Capitals,NYR,WSH,3,6,9,3,Washington Capitals,New York Rangers,Away Win (6-3),3-6,Regulation,No,No,Madison Square Garden,New York,OFF,V. Vanecek (Winning Goalie); D. Sprong (GWG Scorer),Washington Capitals defeated New York Rangers 6-3 in regulation at Madison Square Garden (New York).,NHL Official Stats REST API (api-web.nhle.com/v1)
792,2020020815,2020-2021,2020,Regular Season,Regular Season,2021-05-03,Monday,23:00,Philadelphia Flyers,Pittsburgh Penguins,Philadelphia Flyers,Pittsburgh Penguins,PHI,PIT,7,2,9,5,Philadelphia Flyers,Pittsburgh Penguins,Home Win (7-2),7-2,Regulation,No,No,Wells Fargo Center,Philadelphia,OFF,A. Lyon (Winning Goalie); C. Giroux (GWG Scorer),Philadelphia Flyers defeated Pittsburgh Penguins 7-2 in regulation at Wells Fargo Center (Philadelphia).,NHL Official Stats REST API (api-web.nhle.com/v1)
793,2020020816,2020-2021,2020,Regular Season,Regular Season,2021-05-03,Monday,23:00,Carolina Hurricanes,Chicago Blackhawks,Carolina Hurricanes,Chicago Blackhawks,CAR,CHI,5,2,7,3,Carolina Hurricanes,Chicago Blackhawks,Home Win (5-2),5-2,Regulation,No,No,PNC Arena,Carolina,OFF,A. Nedeljkovic (Winning Goalie); S. Aho (GWG Scorer),Carolina Hurricanes defeated Chicago Blackhawks 5-2 in regulation at PNC Arena (Carolina).,NHL Official Stats REST API (api-web.nhle.com/v1)
794,2020020817,2020-2021,2020,Regular Season,Regular Season,2021-05-03,Monday,23:00,Columbus Blue Jackets,Nashville Predators,Columbus Blue Jackets,Nashville Predators,CBJ,NSH,3,4,7,1,Nashville Predators,Columbus Blue Jackets,Away Win (4-3 OT),3-4,Overtime,Yes,No,Nationwide Arena,Columbus,OFF,J. Saros (Winning Goalie); R. Josi (GWG Scorer),Nashville Predators defeated Columbus Blue Jackets 4-3 in overtime at Nationwide Arena (Columbus).,NHL Official Stats REST API (api-web.nhle.com/v1)
795,2020020819,2020-2021,2020,Regular Season,Regular Season,2021-05-03,Monday,23:00,Montréal Canadiens,Toronto Maple Leafs,Montréal Canadiens,Toronto Maple Leafs,MTL,TOR,3,2,5,1,Montréal Canadiens,Toronto Maple Leafs,Home Win (3-2 OT),3-2,Overtime,Yes,No,Centre Bell,Montréal,OFF,J. Allen (Winning Goalie); C. Caufield (GWG Scorer),Montréal Canadiens defeated Toronto Maple Leafs 3-2 in overtime at Centre Bell (Montréal).,NHL Official Stats REST API (api-web.nhle.com/v1)
796,2020020820,2020-2021,2020,Regular Season,Regular Season,2021-05-03,Monday,23:00,Ottawa Senators,Winnipeg Jets,Ottawa Senators,Winnipeg Jets,OTT,WPG,2,1,3,1,Ottawa Senators,Winnipeg Jets,Home Win (2-1),2-1,Regulation,No,No,Canadian Tire Centre,Ottawa,OFF,F. Gustavsson (Winning Goalie); N. Zaitsev (GWG Scorer),Ottawa Senators defeated Winnipeg Jets 2-1 in regulation at Canadian Tire Centre (Ottawa).,NHL Official Stats REST API (api-web.nhle.com/v1)
797,2020020818,2020-2021,2020,Regular Season,Regular Season,2021-05-03,Monday,00:00,St. Louis Blues,Anaheim Ducks,St. Louis Blues,Anaheim Ducks,STL,ANA,3,1,4,2,St. Louis Blues,Anaheim Ducks,Home Win (3-1),3-1,Regulation,No,No,Enterprise Center,St. Louis,OFF,J. Binnington (Winning Goalie); R. Bortuzzo (GWG Scorer),St. Louis Blues defeated Anaheim Ducks 3-1 in regulation at Enterprise Center (St. Louis).,NHL Official Stats REST API (api-web.nhle.com/v1)
798,2020020821,2020-2021,2020,Regular Season,Regular Season,2021-05-03,Monday,00:00,Minnesota Wild,Vegas Golden Knights,Minnesota Wild,Vegas Golden Knights,MIN,VGK,6,5,11,1,Minnesota Wild,Vegas Golden Knights,Home Win (6-5),6-5,Regulation,No,No,Xcel Energy Center,Minnesota,OFF,C. Talbot (Winning Goalie); J. Brodin (GWG Scorer),Minnesota Wild defeated Vegas Golden Knights 6-5 in regulation at Xcel Energy Center (Minnesota).,NHL Official Stats REST API (api-web.nhle.com/v1)
799,2020020822,2020-2021,2020,Regular Season,Regular Season,2021-05-03,Monday,02:00,Arizona Coyotes,Los Angeles Kings,Arizona Coyotes,Los Angeles Kings,ARI,LAK,2,3,5,1,Los Angeles Kings,Arizona Coyotes,Away Win (3-2),2-3,Regulation,No,No,Gila River Arena,Arizona,OFF,J. Quick (Winning Goalie); A. Iafallo (GWG Scorer),Los Angeles Kings defeated Arizona Coyotes 3-2 in regulation at Gila River Arena (Arizona).,NHL Official Stats REST API (api-web.nhle.com/v1)
800,2020020829,2020-2021,2020,Regular Season,Regular Season,2021-05-03,Monday,02:00,Vancouver Canucks,Edmonton Oilers,Vancouver Canucks,Edmonton Oilers,VAN,EDM,3,5,8,2,Edmonton Oilers,Vancouver Canucks,Away Win (5-3),3-5,Regulation,No,No,Rogers Arena,Vancouver,OFF,M. Koskinen (Winning Goalie); D. Kahun (GWG Scorer),Edmonton Oilers defeated Vancouver Canucks 5-3 in regulation at Rogers Arena (Vancouver).,NHL Official Stats REST API (api-web.nhle.com/v1)
801,2020020823,2020-2021,2020,Regular Season,Regular Season,2021-05-03,Monday,02:30,San Jose Sharks,Colorado Avalanche,San Jose Sharks,Colorado Avalanche,SJS,COL,4,5,9,1,Colorado Avalanche,San Jose Sharks,Away Win (5-4 OT),4-5,Overtime,Yes,No,SAP Center at San Jose,San Jose,OFF,P. Grubauer (Winning Goalie); A. Burakovsky (GWG Scorer),Colorado Avalanche defeated San Jose Sharks 5-4 in overtime at SAP Center at San Jose (San Jose).,NHL Official Stats REST API (api-web.nhle.com/v1)
802,2020020824,2020-2021,2020,Regular Season,Regular Season,2021-05-04,Tuesday,23:00,Buffalo Sabres,New York Islanders,Buffalo Sabres,New York Islanders,BUF,NYI,4,3,7,1,Buffalo Sabres,New York Islanders,Home Win (4-3 SO),4-3,Shootout,Yes,Yes,KeyBank Center,Buffalo,OFF,M. Houser (Winning Goalie),Buffalo Sabres defeated New York Islanders 4-3 in a shootout at KeyBank Center (Buffalo).,NHL Official Stats REST API (api-web.nhle.com/v1)
803,2020020825,2020-2021,2020,Regular Season,Regular Season,2021-05-04,Tuesday,23:00,New Jersey Devils,Boston Bruins,New Jersey Devils,Boston Bruins,NJD,BOS,4,3,7,1,New Jersey Devils,Boston Bruins,Home Win (4-3 OT),4-3,Overtime,Yes,No,Prudential Center,New Jersey,OFF,M. Blackwood (Winning Goalie); P. Zacha (GWG Scorer),New Jersey Devils defeated Boston Bruins 4-3 in overtime at Prudential Center (New Jersey).,NHL Official Stats REST API (api-web.nhle.com/v1)
804,2020020826,2020-2021,2020,Regular Season,Regular Season,2021-05-04,Tuesday,23:00,Philadelphia Flyers,Pittsburgh Penguins,Philadelphia Flyers,Pittsburgh Penguins,PHI,PIT,3,7,10,4,Pittsburgh Penguins,Philadelphia Flyers,Away Win (7-3),3-7,Regulation,No,No,Wells Fargo Center,Philadelphia,OFF,T. Jarry (Winning Goalie); J. Zucker (GWG Scorer),Pittsburgh Penguins defeated Philadelphia Flyers 7-3 in regulation at Wells Fargo Center (Philadelphia).,NHL Official Stats REST API (api-web.nhle.com/v1)
805,2020020827,2020-2021,2020,Regular Season,Regular Season,2021-05-04,Tuesday,23:00,Carolina Hurricanes,Chicago Blackhawks,Carolina Hurricanes,Chicago Blackhawks,CAR,CHI,6,3,9,3,Carolina Hurricanes,Chicago Blackhawks,Home Win (6-3),6-3,Regulation,No,No,PNC Arena,Carolina,OFF,P. Mrazek (Winning Goalie); T. Teravainen (GWG Scorer),Carolina Hurricanes defeated Chicago Blackhawks 6-3 in regulation at PNC Arena (Carolina).,NHL Official Stats REST API (api-web.nhle.com/v1)
806,2020020844,2020-2021,2020,Regular Season,Regular Season,2021-05-04,Tuesday,02:00,Vancouver Canucks,Edmonton Oilers,Vancouver Canucks,Edmonton Oilers,VAN,EDM,1,4,5,3,Edmonton Oilers,Vancouver Canucks,Away Win (4-1),1-4,Regulation,No,No,Rogers Arena,Vancouver,OFF,M. Smith (Winning Goalie); L. Draisaitl (GWG Scorer),Edmonton Oilers defeated Vancouver Canucks 4-1 in regulation at Rogers Arena (Vancouver).,NHL Official Stats REST API (api-web.nhle.com/v1)
807,2020020033,2020-2021,2020,Regular Season,Regular Season,2021-05-05,Wednesday,23:00,Tampa Bay Lightning,Dallas Stars,Tampa Bay Lightning,Dallas Stars,TBL,DAL,6,2,8,4,Tampa Bay Lightning,Dallas Stars,Home Win (6-2),6-2,Regulation,No,No,Amalie Arena,Tampa Bay,OFF,A. Vasilevskiy (Winning Goalie); B. Point (GWG Scorer),Tampa Bay Lightning defeated Dallas Stars 6-2 in regulation at Amalie Arena (Tampa Bay).,NHL Official Stats REST API (api-web.nhle.com/v1)
808,2020020564,2020-2021,2020,Regular Season,Regular Season,2021-05-05,Wednesday,23:00,Ottawa Senators,Montréal Canadiens,Ottawa Senators,Montréal Canadiens,OTT,MTL,5,1,6,4,Ottawa Senators,Montréal Canadiens,Home Win (5-1),5-1,Regulation,No,No,Canadian Tire Centre,Ottawa,OFF,A. Forsberg (Winning Goalie); B. Tkachuk (GWG Scorer),Ottawa Senators defeated Montréal Canadiens 5-1 in regulation at Canadian Tire Centre (Ottawa).,NHL Official Stats REST API (api-web.nhle.com/v1)
809,2020020830,2020-2021,2020,Regular Season,Regular Season,2021-05-05,Wednesday,23:00,New York Rangers,Washington Capitals,New York Rangers,Washington Capitals,NYR,WSH,2,4,6,2,Washington Capitals,New York Rangers,Away Win (4-2),2-4,Regulation,No,No,Madison Square Garden,New York,OFF,V. Vanecek (Winning Goalie); N. Dowd (GWG Scorer),Washington Capitals defeated New York Rangers 4-2 in regulation at Madison Square Garden (New York).,NHL Official Stats REST API (api-web.nhle.com/v1)
810,2020020831,2020-2021,2020,Regular Season,Regular Season,2021-05-05,Wednesday,23:00,Columbus Blue Jackets,Nashville Predators,Columbus Blue Jackets,Nashville Predators,CBJ,NSH,4,2,6,2,Columbus Blue Jackets,Nashville Predators,Home Win (4-2),4-2,Regulation,No,No,Nationwide Arena,Columbus,OFF,E. Merzlikins (Winning Goalie); M. Grigorenko (GWG Scorer),Columbus Blue Jackets defeated Nashville Predators 4-2 in regulation at Nationwide Arena (Columbus).,NHL Official Stats REST API (api-web.nhle.com/v1)
811,2020020832,2020-2021,2020,Regular Season,Regular Season,2021-05-05,Wednesday,00:00,St. Louis Blues,Anaheim Ducks,St. Louis Blues,Anaheim Ducks,STL,ANA,2,3,5,1,Anaheim Ducks,St. Louis Blues,Away Win (3-2 SO),2-3,Shootout,Yes,Yes,Enterprise Center,St. Louis,OFF,A. Stolarz (Winning Goalie),Anaheim Ducks defeated St. Louis Blues 3-2 in a shootout at Enterprise Center (St. Louis).,NHL Official Stats REST API (api-web.nhle.com/v1)
812,2020020835,2020-2021,2020,Regular Season,Regular Season,2021-05-05,Wednesday,00:00,Minnesota Wild,Vegas Golden Knights,Minnesota Wild,Vegas Golden Knights,MIN,VGK,2,3,5,1,Vegas Golden Knights,Minnesota Wild,Away Win (3-2 OT),2-3,Overtime,Yes,No,Xcel Energy Center,Minnesota,OFF,M. Fleury (Winning Goalie); A. Pietrangelo (GWG Scorer),Vegas Golden Knights defeated Minnesota Wild 3-2 in overtime at Xcel Energy Center (Minnesota).,NHL Official Stats REST API (api-web.nhle.com/v1)
813,2020020834,2020-2021,2020,Regular Season,Regular Season,2021-05-05,Wednesday,01:30,Calgary Flames,Winnipeg Jets,Calgary Flames,Winnipeg Jets,CGY,WPG,0,4,4,4,Winnipeg Jets,Calgary Flames,Away Win (4-0),0-4,Regulation,No,No,Scotiabank Saddledome,Calgary,OFF,C. Hellebuyck (Winning Goalie); A. Lowry (GWG Scorer),Winnipeg Jets defeated Calgary Flames 4-0 in regulation at Scotiabank Saddledome (Calgary).,NHL Official Stats REST API (api-web.nhle.com/v1)
814,2020020837,2020-2021,2020,Regular Season,Regular Season,2021-05-05,Wednesday,01:30,San Jose Sharks,Colorado Avalanche,San Jose Sharks,Colorado Avalanche,SJS,COL,3,2,5,1,San Jose Sharks,Colorado Avalanche,Home Win (3-2),3-2,Regulation,No,No,SAP Center at San Jose,San Jose,OFF,J. Korenar (Winning Goalie); E. Karlsson (GWG Scorer),San Jose Sharks defeated Colorado Avalanche 3-2 in regulation at SAP Center at San Jose (San Jose).,NHL Official Stats REST API (api-web.nhle.com/v1)
815,2020020836,2020-2021,2020,Regular Season,Regular Season,2021-05-05,Wednesday,02:00,Arizona Coyotes,Los Angeles Kings,Arizona Coyotes,Los Angeles Kings,ARI,LAK,2,4,6,2,Los Angeles Kings,Arizona Coyotes,Away Win (4-2),2-4,Regulation,No,No,Gila River Arena,Arizona,OFF,C. Petersen (Winning Goalie); G. Vilardi (GWG Scorer),Los Angeles Kings defeated Arizona Coyotes 4-2 in regulation at Gila River Arena (Arizona).,NHL Official Stats REST API (api-web.nhle.com/v1)
816,2020020280,2020-2021,2020,Regular Season,Regular Season,2021-05-06,Thursday,23:00,Carolina Hurricanes,Chicago Blackhawks,Carolina Hurricanes,Chicago Blackhawks,CAR,CHI,1,2,3,1,Chicago Blackhawks,Carolina Hurricanes,Away Win (2-1 OT),1-2,Overtime,Yes,No,PNC Arena,Carolina,OFF,C. Delia (Winning Goalie); A. DeBrincat (GWG Scorer),Chicago Blackhawks defeated Carolina Hurricanes 2-1 in overtime at PNC Arena (Carolina).,NHL Official Stats REST API (api-web.nhle.com/v1)
817,2020020838,2020-2021,2020,Regular Season,Regular Season,2021-05-06,Thursday,23:00,Boston Bruins,New York Rangers,Boston Bruins,New York Rangers,BOS,NYR,4,0,4,4,Boston Bruins,New York Rangers,Home Win (4-0),4-0,Regulation,No,No,TD Garden,Boston,OFF,J. Swayman (Winning Goalie); P. Bergeron (GWG Scorer),Boston Bruins defeated New York Rangers 4-0 in regulation at TD Garden (Boston).,NHL Official Stats REST API (api-web.nhle.com/v1)
818,2020020839,2020-2021,2020,Regular Season,Regular Season,2021-05-06,Thursday,23:00,New York Islanders,New Jersey Devils,New York Islanders,New Jersey Devils,NYI,NJD,1,2,3,1,New Jersey Devils,New York Islanders,Away Win (2-1),1-2,Regulation,No,No,Nassau Veterans Memorial Coliseum,New York,OFF,M. Blackwood (Winning Goalie); M. McLeod (GWG Scorer),New Jersey Devils defeated New York Islanders 2-1 in regulation at Nassau Veterans Memorial Coliseum (New York).,NHL Official Stats REST API (api-web.nhle.com/v1)
819,2020020842,2020-2021,2020,Regular Season,Regular Season,2021-05-06,Thursday,23:00,Pittsburgh Penguins,Buffalo Sabres,Pittsburgh Penguins,Buffalo Sabres,PIT,BUF,8,4,12,4,Pittsburgh Penguins,Buffalo Sabres,Home Win (8-4),8-4,Regulation,No,No,PPG Paints Arena,Pittsburgh,OFF,T. Jarry (Winning Goalie); J. McCann (GWG Scorer),Pittsburgh Penguins defeated Buffalo Sabres 8-4 in regulation at PPG Paints Arena (Pittsburgh).,NHL Official Stats REST API (api-web.nhle.com/v1)
820,2020020847,2020-2021,2020,Regular Season,Regular Season,2021-05-06,Thursday,23:00,Toronto Maple Leafs,Montréal Canadiens,Toronto Maple Leafs,Montréal Canadiens,TOR,MTL,5,2,7,3,Toronto Maple Leafs,Montréal Canadiens,Home Win (5-2),5-2,Regulation,No,No,Scotiabank Arena,Toronto,OFF,J. Campbell (Winning Goalie); P. Engvall (GWG Scorer),Toronto Maple Leafs defeated Montréal Canadiens 5-2 in regulation at Scotiabank Arena (Toronto).,NHL Official Stats REST API (api-web.nhle.com/v1)
821,2020020593,2020-2021,2020,Regular Season,Regular Season,2021-05-06,Thursday,01:00,Edmonton Oilers,Vancouver Canucks,Edmonton Oilers,Vancouver Canucks,EDM,VAN,3,6,9,3,Vancouver Canucks,Edmonton Oilers,Away Win (6-3),3-6,Regulation,No,No,Rogers Place,Edmonton,OFF,T. Demko (Winning Goalie); J. Hawryluk (GWG Scorer),Vancouver Canucks defeated Edmonton Oilers 6-3 in regulation at Rogers Place (Edmonton).,NHL Official Stats REST API (api-web.nhle.com/v1)
822,2020020048,2020-2021,2020,Regular Season,Regular Season,2021-05-07,Friday,23:00,Tampa Bay Lightning,Dallas Stars,Tampa Bay Lightning,Dallas Stars,TBL,DAL,2,5,7,3,Dallas Stars,Tampa Bay Lightning,Away Win (5-2),2-5,Regulation,No,No,Amalie Arena,Tampa Bay,OFF,A. Khudobin (Winning Goalie); J. Pavelski (GWG Scorer),Dallas Stars defeated Tampa Bay Lightning 5-2 in regulation at Amalie Arena (Tampa Bay).,NHL Official Stats REST API (api-web.nhle.com/v1)
823,2020020840,2020-2021,2020,Regular Season,Regular Season,2021-05-07,Friday,23:00,Washington Capitals,Philadelphia Flyers,Washington Capitals,Philadelphia Flyers,WSH,PHI,2,4,6,2,Philadelphia Flyers,Washington Capitals,Away Win (4-2),2-4,Regulation,No,No,Capital One Arena,Washington,OFF,B. Elliott (Winning Goalie); W. Allison (GWG Scorer),Philadelphia Flyers defeated Washington Capitals 4-2 in regulation at Capital One Arena (Washington).,NHL Official Stats REST API (api-web.nhle.com/v1)
824,2020020845,2020-2021,2020,Regular Season,Regular Season,2021-05-07,Friday,23:00,Columbus Blue Jackets,Detroit Red Wings,Columbus Blue Jackets,Detroit Red Wings,CBJ,DET,2,5,7,3,Detroit Red Wings,Columbus Blue Jackets,Away Win (5-2),2-5,Regulation,No,No,Nationwide Arena,Columbus,OFF,T. Greiss (Winning Goalie); J. Vrana (GWG Scorer),Detroit Red Wings defeated Columbus Blue Jackets 5-2 in regulation at Nationwide Arena (Columbus).,NHL Official Stats REST API (api-web.nhle.com/v1)
825,2020020850,2020-2021,2020,Regular Season,Regular Season,2021-05-07,Friday,00:00,Minnesota Wild,Anaheim Ducks,Minnesota Wild,Anaheim Ducks,MIN,ANA,4,3,7,1,Minnesota Wild,Anaheim Ducks,Home Win (4-3 OT),4-3,Overtime,Yes,No,Xcel Energy Center,Minnesota,OFF,K. Kahkonen (Winning Goalie); K. Kaprizov (GWG Scorer),Minnesota Wild defeated Anaheim Ducks 4-3 in overtime at Xcel Energy Center (Minnesota).,NHL Official Stats REST API (api-web.nhle.com/v1)
826,2020020851,2020-2021,2020,Regular Season,Regular Season,2021-05-07,Friday,02:00,Vegas Golden Knights,St. Louis Blues,Vegas Golden Knights,St. Louis Blues,VGK,STL,4,3,7,1,Vegas Golden Knights,St. Louis Blues,Home Win (4-3 OT),4-3,Overtime,Yes,No,T-Mobile Arena,Vegas,OFF,R. Lehner (Winning Goalie); J. Marchessault (GWG Scorer),Vegas Golden Knights defeated St. Louis Blues 4-3 in overtime at T-Mobile Arena (Vegas).,NHL Official Stats REST API (api-web.nhle.com/v1)
827,2020020852,2020-2021,2020,Regular Season,Regular Season,2021-05-07,Friday,02:00,Los Angeles Kings,Colorado Avalanche,Los Angeles Kings,Colorado Avalanche,LAK,COL,2,3,5,1,Colorado Avalanche,Los Angeles Kings,Away Win (3-2),2-3,Regulation,No,No,STAPLES Center,Los Angeles,OFF,P. Grubauer (Winning Goalie); C. Makar (GWG Scorer),Colorado Avalanche defeated Los Angeles Kings 3-2 in regulation at STAPLES Center (Los Angeles).,NHL Official Stats REST API (api-web.nhle.com/v1)
828,2020020853,2020-2021,2020,Regular Season,Regular Season,2021-05-07,Friday,02:30,San Jose Sharks,Arizona Coyotes,San Jose Sharks,Arizona Coyotes,SJS,ARI,2,5,7,3,Arizona Coyotes,San Jose Sharks,Away Win (5-2),2-5,Regulation,No,No,SAP Center at San Jose,San Jose,OFF,D. Kuemper (Winning Goalie); P. Kessel (GWG Scorer),Arizona Coyotes defeated San Jose Sharks 5-2 in regulation at SAP Center at San Jose (San Jose).,NHL Official Stats REST API (api-web.nhle.com/v1)
829,2020020854,2020-2021,2020,Regular Season,Regular Season,2021-05-08,Saturday,19:00,Boston Bruins,New York Rangers,Boston Bruins,New York Rangers,BOS,NYR,4,5,9,1,New York Rangers,Boston Bruins,Away Win (5-4),4-5,Regulation,No,No,TD Garden,Boston,OFF,I. Shesterkin (Winning Goalie); M. Zibanejad (GWG Scorer),New York Rangers defeated Boston Bruins 5-4 in regulation at TD Garden (Boston).,NHL Official Stats REST API (api-web.nhle.com/v1)
830,2020020858,2020-2021,2020,Regular Season,Regular Season,2021-05-08,Saturday,19:00,Pittsburgh Penguins,Buffalo Sabres,Pittsburgh Penguins,Buffalo Sabres,PIT,BUF,1,0,1,1,Pittsburgh Penguins,Buffalo Sabres,Home Win (1-0),1-0,Regulation,No,No,PPG Paints Arena,Pittsburgh,OFF,M. Lagace (Winning Goalie); J. Carter (GWG Scorer),Pittsburgh Penguins defeated Buffalo Sabres 1-0 in regulation at PPG Paints Arena (Pittsburgh).,NHL Official Stats REST API (api-web.nhle.com/v1)
831,2020020855,2020-2021,2020,Regular Season,Regular Season,2021-05-08,Saturday,23:00,New York Islanders,New Jersey Devils,New York Islanders,New Jersey Devils,NYI,NJD,5,1,6,4,New York Islanders,New Jersey Devils,Home Win (5-1),5-1,Regulation,No,No,Nassau Veterans Memorial Coliseum,New York,OFF,I. Sorokin (Winning Goalie); B. Nelson (GWG Scorer),New York Islanders defeated New Jersey Devils 5-1 in regulation at Nassau Veterans Memorial Coliseum (New York).,NHL Official Stats REST API (api-web.nhle.com/v1)
832,2020020856,2020-2021,2020,Regular Season,Regular Season,2021-05-08,Saturday,23:00,Washington Capitals,Philadelphia Flyers,Washington Capitals,Philadelphia Flyers,WSH,PHI,2,1,3,1,Washington Capitals,Philadelphia Flyers,Home Win (2-1 OT),2-1,Overtime,Yes,No,Capital One Arena,Washington,OFF,C. Anderson (Winning Goalie); C. Sheary (GWG Scorer),Washington Capitals defeated Philadelphia Flyers 2-1 in overtime at Capital One Arena (Washington).,NHL Official Stats REST API (api-web.nhle.com/v1)
833,2020020857,2020-2021,2020,Regular Season,Regular Season,2021-05-08,Saturday,23:00,Florida Panthers,Tampa Bay Lightning,Florida Panthers,Tampa Bay Lightning,FLA,TBL,5,1,6,4,Florida Panthers,Tampa Bay Lightning,Home Win (5-1),5-1,Regulation,No,No,BB&T Center,Florida,OFF,S. Bobrovsky (Winning Goalie); S. Bennett (GWG Scorer),Florida Panthers defeated Tampa Bay Lightning 5-1 in regulation at BB&T Center (Florida).,NHL Official Stats REST API (api-web.nhle.com/v1)
834,2020020859,2020-2021,2020,Regular Season,Regular Season,2021-05-08,Saturday,23:00,Columbus Blue Jackets,Detroit Red Wings,Columbus Blue Jackets,Detroit Red Wings,CBJ,DET,5,4,9,1,Columbus Blue Jackets,Detroit Red Wings,Home Win (5-4 OT),5-4,Overtime,Yes,No,Nationwide Arena,Columbus,OFF,M. Kivlenieks (Winning Goalie); M. Domi (GWG Scorer),Columbus Blue Jackets defeated Detroit Red Wings 5-4 in overtime at Nationwide Arena (Columbus).,NHL Official Stats REST API (api-web.nhle.com/v1)
835,2020020862,2020-2021,2020,Regular Season,Regular Season,2021-05-08,Saturday,23:00,Toronto Maple Leafs,Montréal Canadiens,Toronto Maple Leafs,Montréal Canadiens,TOR,MTL,3,2,5,1,Toronto Maple Leafs,Montréal Canadiens,Home Win (3-2),3-2,Regulation,No,No,Scotiabank Arena,Toronto,OFF,J. Campbell (Winning Goalie); M. Marner (GWG Scorer),Toronto Maple Leafs defeated Montréal Canadiens 3-2 in regulation at Scotiabank Arena (Toronto).,NHL Official Stats REST API (api-web.nhle.com/v1)
836,2020020863,2020-2021,2020,Regular Season,Regular Season,2021-05-08,Saturday,23:00,Winnipeg Jets,Ottawa Senators,Winnipeg Jets,Ottawa Senators,WPG,OTT,2,4,6,2,Ottawa Senators,Winnipeg Jets,Away Win (4-2),2-4,Regulation,No,No,Bell MTS Place,Winnipeg,OFF,F. Gustavsson (Winning Goalie); T. Stützle (GWG Scorer),Ottawa Senators defeated Winnipeg Jets 4-2 in regulation at Bell MTS Place (Winnipeg).,NHL Official Stats REST API (api-web.nhle.com/v1)
837,2020020861,2020-2021,2020,Regular Season,Regular Season,2021-05-08,Saturday,00:00,Nashville Predators,Carolina Hurricanes,Nashville Predators,Carolina Hurricanes,NSH,CAR,3,1,4,2,Nashville Predators,Carolina Hurricanes,Home Win (3-1),3-1,Regulation,No,No,Bridgestone Arena,Nashville,OFF,J. Saros (Winning Goalie); L. Kunin (GWG Scorer),Nashville Predators defeated Carolina Hurricanes 3-1 in regulation at Bridgestone Arena (Nashville).,NHL Official Stats REST API (api-web.nhle.com/v1)
838,2020020865,2020-2021,2020,Regular Season,Regular Season,2021-05-08,Saturday,00:00,Minnesota Wild,Anaheim Ducks,Minnesota Wild,Anaheim Ducks,MIN,ANA,4,3,7,1,Minnesota Wild,Anaheim Ducks,Home Win (4-3 OT),4-3,Overtime,Yes,No,Xcel Energy Center,Minnesota,OFF,C. Talbot (Winning Goalie); V. Rask (GWG Scorer),Minnesota Wild defeated Anaheim Ducks 4-3 in overtime at Xcel Energy Center (Minnesota).,NHL Official Stats REST API (api-web.nhle.com/v1)
839,2020020662,2020-2021,2020,Regular Season,Regular Season,2021-05-08,Saturday,02:00,Edmonton Oilers,Vancouver Canucks,Edmonton Oilers,Vancouver Canucks,EDM,VAN,4,3,7,1,Edmonton Oilers,Vancouver Canucks,Home Win (4-3),4-3,Regulation,No,No,Rogers Place,Edmonton,OFF,M. Smith (Winning Goalie); L. Draisaitl (GWG Scorer),Edmonton Oilers defeated Vancouver Canucks 4-3 in regulation at Rogers Place (Edmonton).,NHL Official Stats REST API (api-web.nhle.com/v1)
840,2020020866,2020-2021,2020,Regular Season,Regular Season,2021-05-08,Saturday,02:00,Vegas Golden Knights,St. Louis Blues,Vegas Golden Knights,St. Louis Blues,VGK,STL,4,1,5,3,Vegas Golden Knights,St. Louis Blues,Home Win (4-1),4-1,Regulation,No,No,T-Mobile Arena,Vegas,OFF,M. Fleury (Winning Goalie); C. Stephenson (GWG Scorer),Vegas Golden Knights defeated St. Louis Blues 4-1 in regulation at T-Mobile Arena (Vegas).,NHL Official Stats REST API (api-web.nhle.com/v1)
841,2020020867,2020-2021,2020,Regular Season,Regular Season,2021-05-08,Saturday,02:00,Los Angeles Kings,Colorado Avalanche,Los Angeles Kings,Colorado Avalanche,LAK,COL,2,3,5,1,Colorado Avalanche,Los Angeles Kings,Away Win (3-2),2-3,Regulation,No,No,STAPLES Center,Los Angeles,OFF,J. Johansson (Winning Goalie); D. Toews (GWG Scorer),Colorado Avalanche defeated Los Angeles Kings 3-2 in regulation at STAPLES Center (Los Angeles).,NHL Official Stats REST API (api-web.nhle.com/v1)
842,2020020868,2020-2021,2020,Regular Season,Regular Season,2021-05-08,Saturday,02:30,San Jose Sharks,Arizona Coyotes,San Jose Sharks,Arizona Coyotes,SJS,ARI,4,5,9,1,Arizona Coyotes,San Jose Sharks,Away Win (5-4 OT),4-5,Overtime,Yes,No,SAP Center at San Jose,San Jose,OFF,A. Hill (Winning Goalie); P. Kessel (GWG Scorer),Arizona Coyotes defeated San Jose Sharks 5-4 in overtime at SAP Center at San Jose (San Jose).,NHL Official Stats REST API (api-web.nhle.com/v1)
843,2020020843,2020-2021,2020,Regular Season,Regular Season,2021-05-09,Sunday,23:00,Chicago Blackhawks,Dallas Stars,Chicago Blackhawks,Dallas Stars,CHI,DAL,4,2,6,2,Chicago Blackhawks,Dallas Stars,Home Win (4-2),4-2,Regulation,No,No,United Center,Chicago,OFF,K. Lankinen (Winning Goalie); A. DeBrincat (GWG Scorer),Chicago Blackhawks defeated Dallas Stars 4-2 in regulation at United Center (Chicago).,NHL Official Stats REST API (api-web.nhle.com/v1)
844,2020020720,2020-2021,2020,Regular Season,Regular Season,2021-05-09,Sunday,00:00,Calgary Flames,Ottawa Senators,Calgary Flames,Ottawa Senators,CGY,OTT,6,1,7,5,Calgary Flames,Ottawa Senators,Home Win (6-1),6-1,Regulation,No,No,Scotiabank Saddledome,Calgary,OFF,J. Markstrom (Winning Goalie); M. Backlund (GWG Scorer),Calgary Flames defeated Ottawa Senators 6-1 in regulation at Scotiabank Saddledome (Calgary).,NHL Official Stats REST API (api-web.nhle.com/v1)
845,2020020231,2020-2021,2020,Regular Season,Regular Season,2021-05-10,Monday,23:00,Philadelphia Flyers,New Jersey Devils,Philadelphia Flyers,New Jersey Devils,PHI,NJD,4,2,6,2,Philadelphia Flyers,New Jersey Devils,Home Win (4-2),4-2,Regulation,No,No,Wells Fargo Center,Philadelphia,OFF,B. Elliott (Winning Goalie); J. van Riemsdyk (GWG Scorer),Philadelphia Flyers defeated New Jersey Devils 4-2 in regulation at Wells Fargo Center (Philadelphia).,NHL Official Stats REST API (api-web.nhle.com/v1)
846,2020020510,2020-2021,2020,Regular Season,Regular Season,2021-05-10,Monday,23:00,Montréal Canadiens,Edmonton Oilers,Montréal Canadiens,Edmonton Oilers,MTL,EDM,3,4,7,1,Edmonton Oilers,Montréal Canadiens,Away Win (4-3 OT),3-4,Overtime,Yes,No,Centre Bell,Montréal,OFF,M. Koskinen (Winning Goalie); C. McDavid (GWG Scorer),Edmonton Oilers defeated Montréal Canadiens 4-3 in overtime at Centre Bell (Montréal).,NHL Official Stats REST API (api-web.nhle.com/v1)
847,2020020529,2020-2021,2020,Regular Season,Regular Season,2021-05-10,Monday,23:00,Boston Bruins,New York Islanders,Boston Bruins,New York Islanders,BOS,NYI,3,2,5,1,Boston Bruins,New York Islanders,Home Win (3-2 OT),3-2,Overtime,Yes,No,TD Garden,Boston,OFF,T. Rask (Winning Goalie); T. Hall (GWG Scorer),Boston Bruins defeated New York Islanders 3-2 in overtime at TD Garden (Boston).,NHL Official Stats REST API (api-web.nhle.com/v1)
848,2020020841,2020-2021,2020,Regular Season,Regular Season,2021-05-10,Monday,23:00,Florida Panthers,Tampa Bay Lightning,Florida Panthers,Tampa Bay Lightning,FLA,TBL,4,0,4,4,Florida Panthers,Tampa Bay Lightning,Home Win (4-0),4-0,Regulation,No,No,BB&T Center,Florida,OFF,C. Driedger (Winning Goalie); M. Weegar (GWG Scorer),Florida Panthers defeated Tampa Bay Lightning 4-0 in regulation at BB&T Center (Florida).,NHL Official Stats REST API (api-web.nhle.com/v1)
849,2020020602,2020-2021,2020,Regular Season,Regular Season,2021-05-10,Monday,00:00,Winnipeg Jets,Vancouver Canucks,Winnipeg Jets,Vancouver Canucks,WPG,VAN,1,3,4,2,Vancouver Canucks,Winnipeg Jets,Away Win (3-1),1-3,Regulation,No,No,Bell MTS Place,Winnipeg,OFF,T. Demko (Winning Goalie); B. Horvat (GWG Scorer),Vancouver Canucks defeated Winnipeg Jets 3-1 in regulation at Bell MTS Place (Winnipeg).,NHL Official Stats REST API (api-web.nhle.com/v1)
850,2020020846,2020-2021,2020,Regular Season,Regular Season,2021-05-10,Monday,00:00,Nashville Predators,Carolina Hurricanes,Nashville Predators,Carolina Hurricanes,NSH,CAR,5,0,5,5,Nashville Predators,Carolina Hurricanes,Home Win (5-0),5-0,Regulation,No,No,Bridgestone Arena,Nashville,OFF,P. Rinne (Winning Goalie); R. Grimaldi (GWG Scorer),Nashville Predators defeated Carolina Hurricanes 5-0 in regulation at Bridgestone Arena (Nashville).,NHL Official Stats REST API (api-web.nhle.com/v1)
851,2020020860,2020-2021,2020,Regular Season,Regular Season,2021-05-10,Monday,00:00,Chicago Blackhawks,Dallas Stars,Chicago Blackhawks,Dallas Stars,CHI,DAL,4,5,9,1,Dallas Stars,Chicago Blackhawks,Away Win (5-4 OT),4-5,Overtime,Yes,No,United Center,Chicago,OFF,J. Oettinger (Winning Goalie); J. Robertson (GWG Scorer),Dallas Stars defeated Chicago Blackhawks 5-4 in overtime at United Center (Chicago).,NHL Official Stats REST API (api-web.nhle.com/v1)
852,2020020456,2020-2021,2020,Regular Season,Regular Season,2021-05-10,Monday,02:00,Los Angeles Kings,St. Louis Blues,Los Angeles Kings,St. Louis Blues,LAK,STL,1,2,3,1,St. Louis Blues,Los Angeles Kings,Away Win (2-1 OT),1-2,Overtime,Yes,No,STAPLES Center,Los Angeles,OFF,J. Binnington (Winning Goalie); J. Faulk (GWG Scorer),St. Louis Blues defeated Los Angeles Kings 2-1 in overtime at STAPLES Center (Los Angeles).,NHL Official Stats REST API (api-web.nhle.com/v1)
853,2020020764,2020-2021,2020,Regular Season,Regular Season,2021-05-10,Monday,02:00,Vegas Golden Knights,Colorado Avalanche,Vegas Golden Knights,Colorado Avalanche,VGK,COL,1,2,3,1,Colorado Avalanche,Vegas Golden Knights,Away Win (2-1),1-2,Regulation,No,No,T-Mobile Arena,Vegas,OFF,P. Grubauer (Winning Goalie); J. Compher (GWG Scorer),Colorado Avalanche defeated Vegas Golden Knights 2-1 in regulation at T-Mobile Arena (Vegas).,NHL Official Stats REST API (api-web.nhle.com/v1)
854,2020020653,2020-2021,2020,Regular Season,Regular Season,2021-05-11,Tuesday,23:00,Washington Capitals,Boston Bruins,Washington Capitals,Boston Bruins,WSH,BOS,2,1,3,1,Washington Capitals,Boston Bruins,Home Win (2-1),2-1,Regulation,No,No,Capital One Arena,Washington,OFF,V. Vanecek (Winning Goalie); M. Raffl (GWG Scorer),Washington Capitals defeated Boston Bruins 2-1 in regulation at Capital One Arena (Washington).,NHL Official Stats REST API (api-web.nhle.com/v1)
855,2020020619,2020-2021,2020,Regular Season,Regular Season,2021-05-11,Tuesday,00:00,Winnipeg Jets,Vancouver Canucks,Winnipeg Jets,Vancouver Canucks,WPG,VAN,5,0,5,5,Winnipeg Jets,Vancouver Canucks,Home Win (5-0),5-0,Regulation,No,No,Bell MTS Place,Winnipeg,OFF,C. Hellebuyck (Winning Goalie); K. Connor (GWG Scorer),Winnipeg Jets defeated Vancouver Canucks 5-0 in regulation at Bell MTS Place (Winnipeg).,NHL Official Stats REST API (api-web.nhle.com/v1)
856,2020020526,2020-2021,2020,Regular Season,Regular Season,2021-05-12,Wednesday,21:00,Montréal Canadiens,Edmonton Oilers,Montréal Canadiens,Edmonton Oilers,MTL,EDM,3,4,7,1,Edmonton Oilers,Montréal Canadiens,Away Win (4-3 OT),3-4,Overtime,Yes,No,Centre Bell,Montréal,OFF,M. Smith (Winning Goalie); D. Kahun (GWG Scorer),Edmonton Oilers defeated Montréal Canadiens 4-3 in overtime at Centre Bell (Montréal).,NHL Official Stats REST API (api-web.nhle.com/v1)
857,2020020833,2020-2021,2020,Regular Season,Regular Season,2021-05-12,Wednesday,00:00,Ottawa Senators,Toronto Maple Leafs,Ottawa Senators,Toronto Maple Leafs,OTT,TOR,4,3,7,1,Ottawa Senators,Toronto Maple Leafs,Home Win (4-3 OT),4-3,Overtime,Yes,No,Canadian Tire Centre,Ottawa,OFF,F. Gustavsson (Winning Goalie); J. Norris (GWG Scorer),Ottawa Senators defeated Toronto Maple Leafs 4-3 in overtime at Canadian Tire Centre (Ottawa).,NHL Official Stats REST API (api-web.nhle.com/v1)
858,2020020162,2020-2021,2020,Regular Season,Regular Season,2021-05-12,Wednesday,01:00,San Jose Sharks,Vegas Golden Knights,San Jose Sharks,Vegas Golden Knights,SJS,VGK,0,6,6,6,Vegas Golden Knights,San Jose Sharks,Away Win (6-0),0-6,Regulation,No,No,SAP Center at San Jose,San Jose,OFF,M. Fleury (Winning Goalie); A. Pietrangelo (GWG Scorer),Vegas Golden Knights defeated San Jose Sharks 6-0 in regulation at SAP Center at San Jose (San Jose).,NHL Official Stats REST API (api-web.nhle.com/v1)
859,2020020688,2020-2021,2020,Regular Season,Regular Season,2021-05-12,Wednesday,01:00,Colorado Avalanche,Los Angeles Kings,Colorado Avalanche,Los Angeles Kings,COL,LAK,6,0,6,6,Colorado Avalanche,Los Angeles Kings,Home Win (6-0),6-0,Regulation,No,No,Ball Arena,Colorado,OFF,P. Grubauer (Winning Goalie); J. Donskoi (GWG Scorer),Colorado Avalanche defeated Los Angeles Kings 6-0 in regulation at Ball Arena (Colorado).,NHL Official Stats REST API (api-web.nhle.com/v1)
860,2020020790,2020-2021,2020,Regular Season,Regular Season,2021-05-12,Wednesday,01:00,St. Louis Blues,Minnesota Wild,St. Louis Blues,Minnesota Wild,STL,MIN,4,0,4,4,St. Louis Blues,Minnesota Wild,Home Win (4-0),4-0,Regulation,No,No,Enterprise Center,St. Louis,OFF,V. Husso (Winning Goalie); I. Barbashev (GWG Scorer),St. Louis Blues defeated Minnesota Wild 4-0 in regulation at Enterprise Center (St. Louis).,NHL Official Stats REST API (api-web.nhle.com/v1)
861,2020020803,2020-2021,2020,Regular Season,Regular Season,2021-05-13,Thursday,00:00,St. Louis Blues,Minnesota Wild,St. Louis Blues,Minnesota Wild,STL,MIN,7,3,10,4,St. Louis Blues,Minnesota Wild,Home Win (7-3),7-3,Regulation,No,No,Enterprise Center,St. Louis,OFF,J. Binnington (Winning Goalie); B. Schenn (GWG Scorer),St. Louis Blues defeated Minnesota Wild 7-3 in regulation at Enterprise Center (St. Louis).,NHL Official Stats REST API (api-web.nhle.com/v1)
862,2020020647,2020-2021,2020,Regular Season,Regular Season,2021-05-13,Thursday,01:00,Calgary Flames,Vancouver Canucks,Calgary Flames,Vancouver Canucks,CGY,VAN,4,1,5,3,Calgary Flames,Vancouver Canucks,Home Win (4-1),4-1,Regulation,No,No,Scotiabank Saddledome,Calgary,OFF,J. Markstrom (Winning Goalie); A. Mangiapane (GWG Scorer),Calgary Flames defeated Vancouver Canucks 4-1 in regulation at Scotiabank Saddledome (Calgary).,NHL Official Stats REST API (api-web.nhle.com/v1)
863,2020020704,2020-2021,2020,Regular Season,Regular Season,2021-05-13,Thursday,01:00,Colorado Avalanche,Los Angeles Kings,Colorado Avalanche,Los Angeles Kings,COL,LAK,5,1,6,4,Colorado Avalanche,Los Angeles Kings,Home Win (5-1),5-1,Regulation,No,No,Ball Arena,Colorado,OFF,J. Johansson (Winning Goalie); T. Jost (GWG Scorer),Colorado Avalanche defeated Los Angeles Kings 5-1 in regulation at Ball Arena (Colorado).,NHL Official Stats REST API (api-web.nhle.com/v1)
864,2020020741,2020-2021,2020,Regular Season,Regular Season,2021-05-14,Friday,00:00,Winnipeg Jets,Toronto Maple Leafs,Winnipeg Jets,Toronto Maple Leafs,WPG,TOR,4,2,6,2,Winnipeg Jets,Toronto Maple Leafs,Home Win (4-2),4-2,Regulation,No,No,Bell MTS Place,Winnipeg,OFF,C. Hellebuyck (Winning Goalie); K. Connor (GWG Scorer),Winnipeg Jets defeated Toronto Maple Leafs 4-2 in regulation at Bell MTS Place (Winnipeg).,NHL Official Stats REST API (api-web.nhle.com/v1)
865,2020020673,2020-2021,2020,Regular Season,Regular Season,2021-05-15,Saturday,19:30,Edmonton Oilers,Vancouver Canucks,Edmonton Oilers,Vancouver Canucks,EDM,VAN,1,4,5,3,Vancouver Canucks,Edmonton Oilers,Away Win (4-1),1-4,Regulation,No,No,Rogers Place,Edmonton,OFF,T. Demko (Winning Goalie); M. Highmore (GWG Scorer),Vancouver Canucks defeated Edmonton Oilers 4-1 in regulation at Rogers Place (Edmonton).,NHL Official Stats REST API (api-web.nhle.com/v1)
866,2020030121,2020-2021,2020,First Round,1st Round - Game 1,2021-05-15,Saturday,23:15,Washington Capitals,Boston Bruins,Washington Capitals,Boston Bruins,WSH,BOS,3,2,5,1,Washington Capitals,Boston Bruins,Home Win (3-2 OT),3-2,Overtime,Yes,No,Capital One Arena,Washington,OFF,C. Anderson (Winning Goalie); N. Dowd (GWG Scorer),Washington Capitals defeated Boston Bruins 3-2 in overtime at Capital One Arena (Washington).,NHL Official Stats REST API (api-web.nhle.com/v1)
867,2020030111,2020-2021,2020,First Round,1st Round - Game 1,2021-05-16,Sunday,16:00,Pittsburgh Penguins,New York Islanders,Pittsburgh Penguins,New York Islanders,PIT,NYI,3,4,7,1,New York Islanders,Pittsburgh Penguins,Away Win (4-3 OT),3-4,Overtime,Yes,No,PPG Paints Arena,Pittsburgh,OFF,I. Sorokin (Winning Goalie); K. Palmieri (GWG Scorer),New York Islanders defeated Pittsburgh Penguins 4-3 in overtime at PPG Paints Arena (Pittsburgh).,NHL Official Stats REST API (api-web.nhle.com/v1)
868,2020030161,2020-2021,2020,First Round,1st Round - Game 1,2021-05-16,Sunday,19:00,Vegas Golden Knights,Minnesota Wild,Vegas Golden Knights,Minnesota Wild,VGK,MIN,0,1,1,1,Minnesota Wild,Vegas Golden Knights,Away Win (1-0 OT),0-1,Overtime,Yes,No,T-Mobile Arena,Vegas,OFF,C. Talbot (Winning Goalie); J. Eriksson Ek (GWG Scorer),Minnesota Wild defeated Vegas Golden Knights 1-0 in overtime at T-Mobile Arena (Vegas).,NHL Official Stats REST API (api-web.nhle.com/v1)
869,2020030141,2020-2021,2020,First Round,1st Round - Game 1,2021-05-16,Sunday,23:30,Florida Panthers,Tampa Bay Lightning,Florida Panthers,Tampa Bay Lightning,FLA,TBL,4,5,9,1,Tampa Bay Lightning,Florida Panthers,Away Win (5-4),4-5,Regulation,No,No,BB&T Center,Florida,OFF,A. Vasilevskiy (Winning Goalie); B. Point (GWG Scorer),Tampa Bay Lightning defeated Florida Panthers 5-4 in regulation at BB&T Center (Florida).,NHL Official Stats REST API (api-web.nhle.com/v1)
870,2020020567,2020-2021,2020,Regular Season,Regular Season,2021-05-16,Sunday,02:30,Vancouver Canucks,Calgary Flames,Vancouver Canucks,Calgary Flames,VAN,CGY,5,6,11,1,Calgary Flames,Vancouver Canucks,Away Win (6-5 OT),5-6,Overtime,Yes,No,Rogers Arena,Vancouver,OFF,J. Markstrom (Winning Goalie); E. Lindholm (GWG Scorer),Calgary Flames defeated Vancouver Canucks 6-5 in overtime at Rogers Arena (Vancouver).,NHL Official Stats REST API (api-web.nhle.com/v1)
871,2020030122,2020-2021,2020,First Round,1st Round - Game 2,2021-05-17,Monday,23:30,Washington Capitals,Boston Bruins,Washington Capitals,Boston Bruins,WSH,BOS,3,4,7,1,Boston Bruins,Washington Capitals,Away Win (4-3 OT),3-4,Overtime,Yes,No,Capital One Arena,Washington,OFF,T. Rask (Winning Goalie); B. Marchand (GWG Scorer),Boston Bruins defeated Washington Capitals 4-3 in overtime at Capital One Arena (Washington).,NHL Official Stats REST API (api-web.nhle.com/v1)
872,2020030131,2020-2021,2020,First Round,1st Round - Game 1,2021-05-17,Monday,00:00,Carolina Hurricanes,Nashville Predators,Carolina Hurricanes,Nashville Predators,CAR,NSH,5,2,7,3,Carolina Hurricanes,Nashville Predators,Home Win (5-2),5-2,Regulation,No,No,PNC Arena,Carolina,OFF,A. Nedeljkovic (Winning Goalie); N. Niederreiter (GWG Scorer),Carolina Hurricanes defeated Nashville Predators 5-2 in regulation at PNC Arena (Carolina).,NHL Official Stats REST API (api-web.nhle.com/v1)
873,2020030151,2020-2021,2020,First Round,1st Round - Game 1,2021-05-17,Monday,02:00,Colorado Avalanche,St. Louis Blues,Colorado Avalanche,St. Louis Blues,COL,STL,4,1,5,3,Colorado Avalanche,St. Louis Blues,Home Win (4-1),4-1,Regulation,No,No,Ball Arena,Colorado,OFF,P. Grubauer (Winning Goalie); N. MacKinnon (GWG Scorer),Colorado Avalanche defeated St. Louis Blues 4-1 in regulation at Ball Arena (Colorado).,NHL Official Stats REST API (api-web.nhle.com/v1)
874,2020020864,2020-2021,2020,Regular Season,Regular Season,2021-05-18,Tuesday,20:00,Vancouver Canucks,Calgary Flames,Vancouver Canucks,Calgary Flames,VAN,CGY,4,2,6,2,Vancouver Canucks,Calgary Flames,Home Win (4-2),4-2,Regulation,No,No,Rogers Arena,Vancouver,OFF,T. Demko (Winning Goalie); T. Myers (GWG Scorer),Vancouver Canucks defeated Calgary Flames 4-2 in regulation at Rogers Arena (Vancouver).,NHL Official Stats REST API (api-web.nhle.com/v1)
875,2020030112,2020-2021,2020,First Round,1st Round - Game 2,2021-05-18,Tuesday,23:30,Pittsburgh Penguins,New York Islanders,Pittsburgh Penguins,New York Islanders,PIT,NYI,2,1,3,1,Pittsburgh Penguins,New York Islanders,Home Win (2-1),2-1,Regulation,No,No,PPG Paints Arena,Pittsburgh,OFF,T. Jarry (Winning Goalie); J. Carter (GWG Scorer),Pittsburgh Penguins defeated New York Islanders 2-1 in regulation at PPG Paints Arena (Pittsburgh).,NHL Official Stats REST API (api-web.nhle.com/v1)
876,2020030142,2020-2021,2020,First Round,1st Round - Game 2,2021-05-18,Tuesday,00:00,Florida Panthers,Tampa Bay Lightning,Florida Panthers,Tampa Bay Lightning,FLA,TBL,1,3,4,2,Tampa Bay Lightning,Florida Panthers,Away Win (3-1),1-3,Regulation,No,No,BB&T Center,Florida,OFF,A. Vasilevskiy (Winning Goalie); O. Palat (GWG Scorer),Tampa Bay Lightning defeated Florida Panthers 3-1 in regulation at BB&T Center (Florida).,NHL Official Stats REST API (api-web.nhle.com/v1)
877,2020030162,2020-2021,2020,First Round,1st Round - Game 2,2021-05-18,Tuesday,02:00,Vegas Golden Knights,Minnesota Wild,Vegas Golden Knights,Minnesota Wild,VGK,MIN,3,1,4,2,Vegas Golden Knights,Minnesota Wild,Home Win (3-1),3-1,Regulation,No,No,T-Mobile Arena,Vegas,OFF,M. Fleury (Winning Goalie); A. Tuch (GWG Scorer),Vegas Golden Knights defeated Minnesota Wild 3-1 in regulation at T-Mobile Arena (Vegas).,NHL Official Stats REST API (api-web.nhle.com/v1)
878,2020020634,2020-2021,2020,Regular Season,Regular Season,2021-05-19,Wednesday,19:30,Calgary Flames,Vancouver Canucks,Calgary Flames,Vancouver Canucks,CGY,VAN,6,2,8,4,Calgary Flames,Vancouver Canucks,Home Win (6-2),6-2,Regulation,No,No,Scotiabank Saddledome,Calgary,OFF,J. Markstrom (Winning Goalie); A. Mangiapane (GWG Scorer),Calgary Flames defeated Vancouver Canucks 6-2 in regulation at Scotiabank Saddledome (Calgary).,NHL Official Stats REST API (api-web.nhle.com/v1)
879,2020030123,2020-2021,2020,First Round,1st Round - Game 3,2021-05-19,Wednesday,22:30,Boston Bruins,Washington Capitals,Boston Bruins,Washington Capitals,BOS,WSH,3,2,5,1,Boston Bruins,Washington Capitals,Home Win (3-2 OT),3-2,Overtime,Yes,No,TD Garden,Boston,OFF,T. Rask (Winning Goalie); C. Smith (GWG Scorer),Boston Bruins defeated Washington Capitals 3-2 in overtime at TD Garden (Boston).,NHL Official Stats REST API (api-web.nhle.com/v1)
880,2020030132,2020-2021,2020,First Round,1st Round - Game 2,2021-05-19,Wednesday,00:00,Carolina Hurricanes,Nashville Predators,Carolina Hurricanes,Nashville Predators,CAR,NSH,3,0,3,3,Carolina Hurricanes,Nashville Predators,Home Win (3-0),3-0,Regulation,No,No,PNC Arena,Carolina,OFF,A. Nedeljkovic (Winning Goalie); S. Aho (GWG Scorer),Carolina Hurricanes defeated Nashville Predators 3-0 in regulation at PNC Arena (Carolina).,NHL Official Stats REST API (api-web.nhle.com/v1)
881,2020030181,2020-2021,2020,First Round,1st Round - Game 1,2021-05-19,Wednesday,01:00,Edmonton Oilers,Winnipeg Jets,Edmonton Oilers,Winnipeg Jets,EDM,WPG,1,4,5,3,Winnipeg Jets,Edmonton Oilers,Away Win (4-1),1-4,Regulation,No,No,Rogers Place,Edmonton,OFF,C. Hellebuyck (Winning Goalie); D. Toninato (GWG Scorer),Winnipeg Jets defeated Edmonton Oilers 4-1 in regulation at Rogers Place (Edmonton).,NHL Official Stats REST API (api-web.nhle.com/v1)
882,2020030152,2020-2021,2020,First Round,1st Round - Game 2,2021-05-19,Wednesday,02:30,Colorado Avalanche,St. Louis Blues,Colorado Avalanche,St. Louis Blues,COL,STL,6,3,9,3,Colorado Avalanche,St. Louis Blues,Home Win (6-3),6-3,Regulation,No,No,Ball Arena,Colorado,OFF,P. Grubauer (Winning Goalie); N. MacKinnon (GWG Scorer),Colorado Avalanche defeated St. Louis Blues 6-3 in regulation at Ball Arena (Colorado).,NHL Official Stats REST API (api-web.nhle.com/v1)
883,2020030143,2020-2021,2020,First Round,1st Round - Game 3,2021-05-20,Thursday,22:30,Tampa Bay Lightning,Florida Panthers,Tampa Bay Lightning,Florida Panthers,TBL,FLA,5,6,11,1,Florida Panthers,Tampa Bay Lightning,Away Win (6-5 OT),5-6,Overtime,Yes,No,Amalie Arena,Tampa Bay,OFF,S. Bobrovsky (Winning Goalie); R. Lomberg (GWG Scorer),Florida Panthers defeated Tampa Bay Lightning 6-5 in overtime at Amalie Arena (Tampa Bay).,NHL Official Stats REST API (api-web.nhle.com/v1)
884,2020030113,2020-2021,2020,First Round,1st Round - Game 3,2021-05-20,Thursday,23:00,New York Islanders,Pittsburgh Penguins,New York Islanders,Pittsburgh Penguins,NYI,PIT,4,5,9,1,Pittsburgh Penguins,New York Islanders,Away Win (5-4),4-5,Regulation,No,No,Nassau Veterans Memorial Coliseum,New York,OFF,T. Jarry (Winning Goalie); B. Tanev (GWG Scorer),Pittsburgh Penguins defeated New York Islanders 5-4 in regulation at Nassau Veterans Memorial Coliseum (New York).,NHL Official Stats REST API (api-web.nhle.com/v1)
885,2020030171,2020-2021,2020,First Round,1st Round - Game 1,2021-05-20,Thursday,23:30,Toronto Maple Leafs,Montréal Canadiens,Toronto Maple Leafs,Montréal Canadiens,TOR,MTL,1,2,3,1,Montréal Canadiens,Toronto Maple Leafs,Away Win (2-1),1-2,Regulation,No,No,Scotiabank Arena,Toronto,OFF,C. Price (Winning Goalie); P. Byron (GWG Scorer),Montréal Canadiens defeated Toronto Maple Leafs 2-1 in regulation at Scotiabank Arena (Toronto).,NHL Official Stats REST API (api-web.nhle.com/v1)
886,2020030163,2020-2021,2020,First Round,1st Round - Game 3,2021-05-20,Thursday,01:30,Minnesota Wild,Vegas Golden Knights,Minnesota Wild,Vegas Golden Knights,MIN,VGK,2,5,7,3,Vegas Golden Knights,Minnesota Wild,Away Win (5-2),2-5,Regulation,No,No,Xcel Energy Center,Minnesota,OFF,M. Fleury (Winning Goalie); R. Smith (GWG Scorer),Vegas Golden Knights defeated Minnesota Wild 5-2 in regulation at Xcel Energy Center (Minnesota).,NHL Official Stats REST API (api-web.nhle.com/v1)
887,2020030124,2020-2021,2020,First Round,1st Round - Game 4,2021-05-21,Friday,22:30,Boston Bruins,Washington Capitals,Boston Bruins,Washington Capitals,BOS,WSH,4,1,5,3,Boston Bruins,Washington Capitals,Home Win (4-1),4-1,Regulation,No,No,TD Garden,Boston,OFF,T. Rask (Winning Goalie); D. Pastrnak (GWG Scorer),Boston Bruins defeated Washington Capitals 4-1 in regulation at TD Garden (Boston).,NHL Official Stats REST API (api-web.nhle.com/v1)
888,2020030133,2020-2021,2020,First Round,1st Round - Game 3,2021-05-21,Friday,23:00,Nashville Predators,Carolina Hurricanes,Nashville Predators,Carolina Hurricanes,NSH,CAR,5,4,9,1,Nashville Predators,Carolina Hurricanes,Home Win (5-4 OT),5-4,Overtime,Yes,No,Bridgestone Arena,Nashville,OFF,J. Saros (Winning Goalie); M. Duchene (GWG Scorer),Nashville Predators defeated Carolina Hurricanes 5-4 in overtime at Bridgestone Arena (Nashville).,NHL Official Stats REST API (api-web.nhle.com/v1)
889,2020030182,2020-2021,2020,First Round,1st Round - Game 2,2021-05-21,Friday,01:00,Edmonton Oilers,Winnipeg Jets,Edmonton Oilers,Winnipeg Jets,EDM,WPG,0,1,1,1,Winnipeg Jets,Edmonton Oilers,Away Win (1-0 OT),0-1,Overtime,Yes,No,Rogers Place,Edmonton,OFF,C. Hellebuyck (Winning Goalie); P. Stastny (GWG Scorer),Winnipeg Jets defeated Edmonton Oilers 1-0 in overtime at Rogers Place (Edmonton).,NHL Official Stats REST API (api-web.nhle.com/v1)
890,2020030153,2020-2021,2020,First Round,1st Round - Game 3,2021-05-21,Friday,01:30,St. Louis Blues,Colorado Avalanche,St. Louis Blues,Colorado Avalanche,STL,COL,1,5,6,4,Colorado Avalanche,St. Louis Blues,Away Win (5-1),1-5,Regulation,No,No,Enterprise Center,St. Louis,OFF,P. Grubauer (Winning Goalie); A. Newhook (GWG Scorer),Colorado Avalanche defeated St. Louis Blues 5-1 in regulation at Enterprise Center (St. Louis).,NHL Official Stats REST API (api-web.nhle.com/v1)
891,2020030144,2020-2021,2020,First Round,1st Round - Game 4,2021-05-22,Saturday,16:30,Tampa Bay Lightning,Florida Panthers,Tampa Bay Lightning,Florida Panthers,TBL,FLA,6,2,8,4,Tampa Bay Lightning,Florida Panthers,Home Win (6-2),6-2,Regulation,No,No,Amalie Arena,Tampa Bay,OFF,A. Vasilevskiy (Winning Goalie); O. Palat (GWG Scorer),Tampa Bay Lightning defeated Florida Panthers 6-2 in regulation at Amalie Arena (Tampa Bay).,NHL Official Stats REST API (api-web.nhle.com/v1)
892,2020030114,2020-2021,2020,First Round,1st Round - Game 4,2021-05-22,Saturday,19:00,New York Islanders,Pittsburgh Penguins,New York Islanders,Pittsburgh Penguins,NYI,PIT,4,1,5,3,New York Islanders,Pittsburgh Penguins,Home Win (4-1),4-1,Regulation,No,No,Nassau Veterans Memorial Coliseum,New York,OFF,I. Sorokin (Winning Goalie); R. Pulock (GWG Scorer),New York Islanders defeated Pittsburgh Penguins 4-1 in regulation at Nassau Veterans Memorial Coliseum (New York).,NHL Official Stats REST API (api-web.nhle.com/v1)
893,2020030172,2020-2021,2020,First Round,1st Round - Game 2,2021-05-22,Saturday,23:00,Toronto Maple Leafs,Montréal Canadiens,Toronto Maple Leafs,Montréal Canadiens,TOR,MTL,5,1,6,4,Toronto Maple Leafs,Montréal Canadiens,Home Win (5-1),5-1,Regulation,No,No,Scotiabank Arena,Toronto,OFF,J. Campbell (Winning Goalie); A. Matthews (GWG Scorer),Toronto Maple Leafs defeated Montréal Canadiens 5-1 in regulation at Scotiabank Arena (Toronto).,NHL Official Stats REST API (api-web.nhle.com/v1)
894,2020030164,2020-2021,2020,First Round,1st Round - Game 4,2021-05-22,Saturday,00:00,Minnesota Wild,Vegas Golden Knights,Minnesota Wild,Vegas Golden Knights,MIN,VGK,0,4,4,4,Vegas Golden Knights,Minnesota Wild,Away Win (4-0),0-4,Regulation,No,No,Xcel Energy Center,Minnesota,OFF,M. Fleury (Winning Goalie); N. Roy (GWG Scorer),Vegas Golden Knights defeated Minnesota Wild 4-0 in regulation at Xcel Energy Center (Minnesota).,NHL Official Stats REST API (api-web.nhle.com/v1)
895,2020030134,2020-2021,2020,First Round,1st Round - Game 4,2021-05-23,Sunday,18:30,Nashville Predators,Carolina Hurricanes,Nashville Predators,Carolina Hurricanes,NSH,CAR,4,3,7,1,Nashville Predators,Carolina Hurricanes,Home Win (4-3 OT),4-3,Overtime,Yes,No,Bridgestone Arena,Nashville,OFF,J. Saros (Winning Goalie); L. Kunin (GWG Scorer),Nashville Predators defeated Carolina Hurricanes 4-3 in overtime at Bridgestone Arena (Nashville).,NHL Official Stats REST API (api-web.nhle.com/v1)
896,2020030154,2020-2021,2020,First Round,1st Round - Game 4,2021-05-23,Sunday,21:00,St. Louis Blues,Colorado Avalanche,St. Louis Blues,Colorado Avalanche,STL,COL,2,5,7,3,Colorado Avalanche,St. Louis Blues,Away Win (5-2),2-5,Regulation,No,No,Enterprise Center,St. Louis,OFF,P. Grubauer (Winning Goalie); M. Rantanen (GWG Scorer),Colorado Avalanche defeated St. Louis Blues 5-2 in regulation at Enterprise Center (St. Louis).,NHL Official Stats REST API (api-web.nhle.com/v1)
897,2020030125,2020-2021,2020,First Round,1st Round - Game 5,2021-05-23,Sunday,23:00,Washington Capitals,Boston Bruins,Washington Capitals,Boston Bruins,WSH,BOS,1,3,4,2,Boston Bruins,Washington Capitals,Away Win (3-1),1-3,Regulation,No,No,Capital One Arena,Washington,OFF,T. Rask (Winning Goalie); P. Bergeron (GWG Scorer),Boston Bruins defeated Washington Capitals 3-1 in regulation at Capital One Arena (Washington).,NHL Official Stats REST API (api-web.nhle.com/v1)
898,2020030183,2020-2021,2020,First Round,1st Round - Game 3,2021-05-23,Sunday,23:30,Winnipeg Jets,Edmonton Oilers,Winnipeg Jets,Edmonton Oilers,WPG,EDM,5,4,9,1,Winnipeg Jets,Edmonton Oilers,Home Win (5-4 OT),5-4,Overtime,Yes,No,Bell MTS Place,Winnipeg,OFF,C. Hellebuyck (Winning Goalie); N. Ehlers (GWG Scorer),Winnipeg Jets defeated Edmonton Oilers 5-4 in overtime at Bell MTS Place (Winnipeg).,NHL Official Stats REST API (api-web.nhle.com/v1)
899,2020030115,2020-2021,2020,First Round,1st Round - Game 5,2021-05-24,Monday,23:00,Pittsburgh Penguins,New York Islanders,Pittsburgh Penguins,New York Islanders,PIT,NYI,2,3,5,1,New York Islanders,Pittsburgh Penguins,Away Win (3-2 OT),2-3,Overtime,Yes,No,PPG Paints Arena,Pittsburgh,OFF,I. Sorokin (Winning Goalie); J. Bailey (GWG Scorer),New York Islanders defeated Pittsburgh Penguins 3-2 in overtime at PPG Paints Arena (Pittsburgh).,NHL Official Stats REST API (api-web.nhle.com/v1)
900,2020030173,2020-2021,2020,First Round,1st Round - Game 3,2021-05-24,Monday,23:00,Montréal Canadiens,Toronto Maple Leafs,Montréal Canadiens,Toronto Maple Leafs,MTL,TOR,1,2,3,1,Toronto Maple Leafs,Montréal Canadiens,Away Win (2-1),1-2,Regulation,No,No,Centre Bell,Montréal,OFF,J. Campbell (Winning Goalie); M. Rielly (GWG Scorer),Toronto Maple Leafs defeated Montréal Canadiens 2-1 in regulation at Centre Bell (Montréal).,NHL Official Stats REST API (api-web.nhle.com/v1)
901,2020030145,2020-2021,2020,First Round,1st Round - Game 5,2021-05-24,Monday,00:00,Florida Panthers,Tampa Bay Lightning,Florida Panthers,Tampa Bay Lightning,FLA,TBL,4,1,5,3,Florida Panthers,Tampa Bay Lightning,Home Win (4-1),4-1,Regulation,No,No,BB&T Center,Florida,OFF,S. Knight (Winning Goalie); M. Marchment (GWG Scorer),Florida Panthers defeated Tampa Bay Lightning 4-1 in regulation at BB&T Center (Florida).,NHL Official Stats REST API (api-web.nhle.com/v1)
902,2020030184,2020-2021,2020,First Round,1st Round - Game 4,2021-05-24,Monday,01:45,Winnipeg Jets,Edmonton Oilers,Winnipeg Jets,Edmonton Oilers,WPG,EDM,4,3,7,1,Winnipeg Jets,Edmonton Oilers,Home Win (4-3 OT),4-3,Overtime,Yes,No,Bell MTS Place,Winnipeg,OFF,C. Hellebuyck (Winning Goalie); K. Connor (GWG Scorer),Winnipeg Jets defeated Edmonton Oilers 4-3 in overtime at Bell MTS Place (Winnipeg).,NHL Official Stats REST API (api-web.nhle.com/v1)
903,2020030165,2020-2021,2020,First Round,1st Round - Game 5,2021-05-24,Monday,02:30,Vegas Golden Knights,Minnesota Wild,Vegas Golden Knights,Minnesota Wild,VGK,MIN,2,4,6,2,Minnesota Wild,Vegas Golden Knights,Away Win (4-2),2-4,Regulation,No,No,T-Mobile Arena,Vegas,OFF,C. Talbot (Winning Goalie); J. Greenway (GWG Scorer),Minnesota Wild defeated Vegas Golden Knights 4-2 in regulation at T-Mobile Arena (Vegas).,NHL Official Stats REST API (api-web.nhle.com/v1)
904,2020030174,2020-2021,2020,First Round,1st Round - Game 4,2021-05-25,Tuesday,23:30,Montréal Canadiens,Toronto Maple Leafs,Montréal Canadiens,Toronto Maple Leafs,MTL,TOR,0,4,4,4,Toronto Maple Leafs,Montréal Canadiens,Away Win (4-0),0-4,Regulation,No,No,Centre Bell,Montréal,OFF,J. Campbell (Winning Goalie); W. Nylander (GWG Scorer),Toronto Maple Leafs defeated Montréal Canadiens 4-0 in regulation at Centre Bell (Montréal).,NHL Official Stats REST API (api-web.nhle.com/v1)
905,2020030135,2020-2021,2020,First Round,1st Round - Game 5,2021-05-25,Tuesday,00:00,Carolina Hurricanes,Nashville Predators,Carolina Hurricanes,Nashville Predators,CAR,NSH,3,2,5,1,Carolina Hurricanes,Nashville Predators,Home Win (3-2 OT),3-2,Overtime,Yes,No,PNC Arena,Carolina,OFF,A. Nedeljkovic (Winning Goalie); J. Staal (GWG Scorer),Carolina Hurricanes defeated Nashville Predators 3-2 in overtime at PNC Arena (Carolina).,NHL Official Stats REST API (api-web.nhle.com/v1)
906,2020030116,2020-2021,2020,First Round,1st Round - Game 6,2021-05-26,Wednesday,22:30,New York Islanders,Pittsburgh Penguins,New York Islanders,Pittsburgh Penguins,NYI,PIT,5,3,8,2,New York Islanders,Pittsburgh Penguins,Home Win (5-3),5-3,Regulation,No,No,Nassau Veterans Memorial Coliseum,New York,OFF,I. Sorokin (Winning Goalie); R. Pulock (GWG Scorer),New York Islanders defeated Pittsburgh Penguins 5-3 in regulation at Nassau Veterans Memorial Coliseum (New York).,NHL Official Stats REST API (api-web.nhle.com/v1)
907,2020030146,2020-2021,2020,First Round,1st Round - Game 6,2021-05-26,Wednesday,00:00,Tampa Bay Lightning,Florida Panthers,Tampa Bay Lightning,Florida Panthers,TBL,FLA,4,0,4,4,Tampa Bay Lightning,Florida Panthers,Home Win (4-0),4-0,Regulation,No,No,Amalie Arena,Tampa Bay,OFF,A. Vasilevskiy (Winning Goalie); P. Maroon (GWG Scorer),Tampa Bay Lightning defeated Florida Panthers 4-0 in regulation at Amalie Arena (Tampa Bay).,NHL Official Stats REST API (api-web.nhle.com/v1)
908,2020030166,2020-2021,2020,First Round,1st Round - Game 6,2021-05-26,Wednesday,01:00,Minnesota Wild,Vegas Golden Knights,Minnesota Wild,Vegas Golden Knights,MIN,VGK,3,0,3,3,Minnesota Wild,Vegas Golden Knights,Home Win (3-0),3-0,Regulation,No,No,Xcel Energy Center,Minnesota,OFF,C. Talbot (Winning Goalie); R. Hartman (GWG Scorer),Minnesota Wild defeated Vegas Golden Knights 3-0 in regulation at Xcel Energy Center (Minnesota).,NHL Official Stats REST API (api-web.nhle.com/v1)
909,2020030175,2020-2021,2020,First Round,1st Round - Game 5,2021-05-27,Thursday,23:00,Toronto Maple Leafs,Montréal Canadiens,Toronto Maple Leafs,Montréal Canadiens,TOR,MTL,3,4,7,1,Montréal Canadiens,Toronto Maple Leafs,Away Win (4-3 OT),3-4,Overtime,Yes,No,Scotiabank Arena,Toronto,OFF,C. Price (Winning Goalie); N. Suzuki (GWG Scorer),Montréal Canadiens defeated Toronto Maple Leafs 4-3 in overtime at Scotiabank Arena (Toronto).,NHL Official Stats REST API (api-web.nhle.com/v1)
910,2020030136,2020-2021,2020,First Round,1st Round - Game 6,2021-05-27,Thursday,01:30,Nashville Predators,Carolina Hurricanes,Nashville Predators,Carolina Hurricanes,NSH,CAR,3,4,7,1,Carolina Hurricanes,Nashville Predators,Away Win (4-3 OT),3-4,Overtime,Yes,No,Bridgestone Arena,Nashville,OFF,A. Nedeljkovic (Winning Goalie); S. Aho (GWG Scorer),Carolina Hurricanes defeated Nashville Predators 4-3 in overtime at Bridgestone Arena (Nashville).,NHL Official Stats REST API (api-web.nhle.com/v1)
911,2020030167,2020-2021,2020,First Round,1st Round - Game 7,2021-05-28,Friday,01:00,Vegas Golden Knights,Minnesota Wild,Vegas Golden Knights,Minnesota Wild,VGK,MIN,6,2,8,4,Vegas Golden Knights,Minnesota Wild,Home Win (6-2),6-2,Regulation,No,No,T-Mobile Arena,Vegas,OFF,M. Fleury (Winning Goalie); M. Pacioretty (GWG Scorer),Vegas Golden Knights defeated Minnesota Wild 6-2 in regulation at T-Mobile Arena (Vegas).,NHL Official Stats REST API (api-web.nhle.com/v1)
912,2020030176,2020-2021,2020,First Round,1st Round - Game 6,2021-05-29,Saturday,23:30,Montréal Canadiens,Toronto Maple Leafs,Montréal Canadiens,Toronto Maple Leafs,MTL,TOR,3,2,5,1,Montréal Canadiens,Toronto Maple Leafs,Home Win (3-2 OT),3-2,Overtime,Yes,No,Centre Bell,Montréal,OFF,C. Price (Winning Goalie); J. Kotkaniemi (GWG Scorer),Montréal Canadiens defeated Toronto Maple Leafs 3-2 in overtime at Centre Bell (Montréal).,NHL Official Stats REST API (api-web.nhle.com/v1)
913,2020030211,2020-2021,2020,Second Round,2nd Round - Game 1,2021-05-29,Saturday,00:00,Boston Bruins,New York Islanders,Boston Bruins,New York Islanders,BOS,NYI,5,2,7,3,Boston Bruins,New York Islanders,Home Win (5-2),5-2,Regulation,No,No,TD Garden,Boston,OFF,T. Rask (Winning Goalie); C. McAvoy (GWG Scorer),Boston Bruins defeated New York Islanders 5-2 in regulation at TD Garden (Boston).,NHL Official Stats REST API (api-web.nhle.com/v1)
914,2020030221,2020-2021,2020,Second Round,2nd Round - Game 1,2021-05-30,Sunday,21:00,Carolina Hurricanes,Tampa Bay Lightning,Carolina Hurricanes,Tampa Bay Lightning,CAR,TBL,1,2,3,1,Tampa Bay Lightning,Carolina Hurricanes,Away Win (2-1),1-2,Regulation,No,No,PNC Arena,Carolina,OFF,A. Vasilevskiy (Winning Goalie); B. Goodrow (GWG Scorer),Tampa Bay Lightning defeated Carolina Hurricanes 2-1 in regulation at PNC Arena (Carolina).,NHL Official Stats REST API (api-web.nhle.com/v1)
915,2020030231,2020-2021,2020,Second Round,2nd Round - Game 1,2021-05-30,Sunday,00:00,Colorado Avalanche,Vegas Golden Knights,Colorado Avalanche,Vegas Golden Knights,COL,VGK,7,1,8,6,Colorado Avalanche,Vegas Golden Knights,Home Win (7-1),7-1,Regulation,No,No,Ball Arena,Colorado,OFF,P. Grubauer (Winning Goalie); G. Landeskog (GWG Scorer),Colorado Avalanche defeated Vegas Golden Knights 7-1 in regulation at Ball Arena (Colorado).,NHL Official Stats REST API (api-web.nhle.com/v1)
916,2020030177,2020-2021,2020,First Round,1st Round - Game 7,2021-05-31,Monday,23:00,Toronto Maple Leafs,Montréal Canadiens,Toronto Maple Leafs,Montréal Canadiens,TOR,MTL,1,3,4,2,Montréal Canadiens,Toronto Maple Leafs,Away Win (3-1),1-3,Regulation,No,No,Scotiabank Arena,Toronto,OFF,C. Price (Winning Goalie); C. Perry (GWG Scorer),Montréal Canadiens defeated Toronto Maple Leafs 3-1 in regulation at Scotiabank Arena (Toronto).,NHL Official Stats REST API (api-web.nhle.com/v1)
917,2020030212,2020-2021,2020,Second Round,2nd Round - Game 2,2021-05-31,Monday,23:30,Boston Bruins,New York Islanders,Boston Bruins,New York Islanders,BOS,NYI,3,4,7,1,New York Islanders,Boston Bruins,Away Win (4-3 OT),3-4,Overtime,Yes,No,TD Garden,Boston,OFF,S. Varlamov (Winning Goalie); C. Cizikas (GWG Scorer),New York Islanders defeated Boston Bruins 4-3 in overtime at TD Garden (Boston).,NHL Official Stats REST API (api-web.nhle.com/v1)
918,2020030222,2020-2021,2020,Second Round,2nd Round - Game 2,2021-06-01,Tuesday,23:30,Carolina Hurricanes,Tampa Bay Lightning,Carolina Hurricanes,Tampa Bay Lightning,CAR,TBL,1,2,3,1,Tampa Bay Lightning,Carolina Hurricanes,Away Win (2-1),1-2,Regulation,No,No,PNC Arena,Carolina,OFF,A. Vasilevskiy (Winning Goalie); A. Cirelli (GWG Scorer),Tampa Bay Lightning defeated Carolina Hurricanes 2-1 in regulation at PNC Arena (Carolina).,NHL Official Stats REST API (api-web.nhle.com/v1)
919,2020030241,2020-2021,2020,Second Round,2nd Round - Game 1,2021-06-02,Wednesday,23:30,Winnipeg Jets,Montréal Canadiens,Winnipeg Jets,Montréal Canadiens,WPG,MTL,3,5,8,2,Montréal Canadiens,Winnipeg Jets,Away Win (5-3),3-5,Regulation,No,No,Bell MTS Place,Winnipeg,OFF,C. Price (Winning Goalie); B. Gallagher (GWG Scorer),Montréal Canadiens defeated Winnipeg Jets 5-3 in regulation at Bell MTS Place (Winnipeg).,NHL Official Stats REST API (api-web.nhle.com/v1)
920,2020030232,2020-2021,2020,Second Round,2nd Round - Game 2,2021-06-02,Wednesday,02:00,Colorado Avalanche,Vegas Golden Knights,Colorado Avalanche,Vegas Golden Knights,COL,VGK,3,2,5,1,Colorado Avalanche,Vegas Golden Knights,Home Win (3-2 OT),3-2,Overtime,Yes,No,Ball Arena,Colorado,OFF,P. Grubauer (Winning Goalie); M. Rantanen (GWG Scorer),Colorado Avalanche defeated Vegas Golden Knights 3-2 in overtime at Ball Arena (Colorado).,NHL Official Stats REST API (api-web.nhle.com/v1)
921,2020030213,2020-2021,2020,Second Round,2nd Round - Game 3,2021-06-03,Thursday,23:30,New York Islanders,Boston Bruins,New York Islanders,Boston Bruins,NYI,BOS,1,2,3,1,Boston Bruins,New York Islanders,Away Win (2-1 OT),1-2,Overtime,Yes,No,Nassau Veterans Memorial Coliseum,New York,OFF,T. Rask (Winning Goalie); B. Marchand (GWG Scorer),Boston Bruins defeated New York Islanders 2-1 in overtime at Nassau Veterans Memorial Coliseum (New York).,NHL Official Stats REST API (api-web.nhle.com/v1)
922,2020030223,2020-2021,2020,Second Round,2nd Round - Game 3,2021-06-03,Thursday,00:00,Tampa Bay Lightning,Carolina Hurricanes,Tampa Bay Lightning,Carolina Hurricanes,TBL,CAR,2,3,5,1,Carolina Hurricanes,Tampa Bay Lightning,Away Win (3-2 OT),2-3,Overtime,Yes,No,Amalie Arena,Tampa Bay,OFF,P. Mrazek (Winning Goalie); J. Staal (GWG Scorer),Carolina Hurricanes defeated Tampa Bay Lightning 3-2 in overtime at Amalie Arena (Tampa Bay).,NHL Official Stats REST API (api-web.nhle.com/v1)
923,2020030242,2020-2021,2020,Second Round,2nd Round - Game 2,2021-06-04,Friday,23:30,Winnipeg Jets,Montréal Canadiens,Winnipeg Jets,Montréal Canadiens,WPG,MTL,0,1,1,1,Montréal Canadiens,Winnipeg Jets,Away Win (1-0),0-1,Regulation,No,No,Bell MTS Place,Winnipeg,OFF,C. Price (Winning Goalie); T. Toffoli (GWG Scorer),Montréal Canadiens defeated Winnipeg Jets 1-0 in regulation at Bell MTS Place (Winnipeg).,NHL Official Stats REST API (api-web.nhle.com/v1)
924,2020030233,2020-2021,2020,Second Round,2nd Round - Game 3,2021-06-04,Friday,02:00,Vegas Golden Knights,Colorado Avalanche,Vegas Golden Knights,Colorado Avalanche,VGK,COL,3,2,5,1,Vegas Golden Knights,Colorado Avalanche,Home Win (3-2),3-2,Regulation,No,No,T-Mobile Arena,Vegas,OFF,M. Fleury (Winning Goalie); M. Pacioretty (GWG Scorer),Vegas Golden Knights defeated Colorado Avalanche 3-2 in regulation at T-Mobile Arena (Vegas).,NHL Official Stats REST API (api-web.nhle.com/v1)
925,2020030224,2020-2021,2020,Second Round,2nd Round - Game 4,2021-06-05,Saturday,20:00,Tampa Bay Lightning,Carolina Hurricanes,Tampa Bay Lightning,Carolina Hurricanes,TBL,CAR,6,4,10,2,Tampa Bay Lightning,Carolina Hurricanes,Home Win (6-4),6-4,Regulation,No,No,Amalie Arena,Tampa Bay,OFF,A. Vasilevskiy (Winning Goalie); S. Stamkos (GWG Scorer),Tampa Bay Lightning defeated Carolina Hurricanes 6-4 in regulation at Amalie Arena (Tampa Bay).,NHL Official Stats REST API (api-web.nhle.com/v1)
926,2020030214,2020-2021,2020,Second Round,2nd Round - Game 4,2021-06-05,Saturday,23:15,New York Islanders,Boston Bruins,New York Islanders,Boston Bruins,NYI,BOS,4,1,5,3,New York Islanders,Boston Bruins,Home Win (4-1),4-1,Regulation,No,No,Nassau Veterans Memorial Coliseum,New York,OFF,S. Varlamov (Winning Goalie); M. Barzal (GWG Scorer),New York Islanders defeated Boston Bruins 4-1 in regulation at Nassau Veterans Memorial Coliseum (New York).,NHL Official Stats REST API (api-web.nhle.com/v1)
927,2020030243,2020-2021,2020,Second Round,2nd Round - Game 3,2021-06-06,Sunday,22:00,Montréal Canadiens,Winnipeg Jets,Montréal Canadiens,Winnipeg Jets,MTL,WPG,5,1,6,4,Montréal Canadiens,Winnipeg Jets,Home Win (5-1),5-1,Regulation,No,No,Centre Bell,Montréal,OFF,C. Price (Winning Goalie); A. Lehkonen (GWG Scorer),Montréal Canadiens defeated Winnipeg Jets 5-1 in regulation at Centre Bell (Montréal).,NHL Official Stats REST API (api-web.nhle.com/v1)
928,2020030234,2020-2021,2020,Second Round,2nd Round - Game 4,2021-06-06,Sunday,00:30,Vegas Golden Knights,Colorado Avalanche,Vegas Golden Knights,Colorado Avalanche,VGK,COL,5,1,6,4,Vegas Golden Knights,Colorado Avalanche,Home Win (5-1),5-1,Regulation,No,No,T-Mobile Arena,Vegas,OFF,M. Fleury (Winning Goalie); M. Pacioretty (GWG Scorer),Vegas Golden Knights defeated Colorado Avalanche 5-1 in regulation at T-Mobile Arena (Vegas).,NHL Official Stats REST API (api-web.nhle.com/v1)
929,2020030215,2020-2021,2020,Second Round,2nd Round - Game 5,2021-06-07,Monday,22:30,Boston Bruins,New York Islanders,Boston Bruins,New York Islanders,BOS,NYI,4,5,9,1,New York Islanders,Boston Bruins,Away Win (5-4),4-5,Regulation,No,No,TD Garden,Boston,OFF,S. Varlamov (Winning Goalie); B. Nelson (GWG Scorer),New York Islanders defeated Boston Bruins 5-4 in regulation at TD Garden (Boston).,NHL Official Stats REST API (api-web.nhle.com/v1)
930,2020030244,2020-2021,2020,Second Round,2nd Round - Game 4,2021-06-07,Monday,00:00,Montréal Canadiens,Winnipeg Jets,Montréal Canadiens,Winnipeg Jets,MTL,WPG,3,2,5,1,Montréal Canadiens,Winnipeg Jets,Home Win (3-2 OT),3-2,Overtime,Yes,No,Centre Bell,Montréal,OFF,C. Price (Winning Goalie); T. Toffoli (GWG Scorer),Montréal Canadiens defeated Winnipeg Jets 3-2 in overtime at Centre Bell (Montréal).,NHL Official Stats REST API (api-web.nhle.com/v1)
931,2020030225,2020-2021,2020,Second Round,2nd Round - Game 5,2021-06-08,Tuesday,22:30,Carolina Hurricanes,Tampa Bay Lightning,Carolina Hurricanes,Tampa Bay Lightning,CAR,TBL,0,2,2,2,Tampa Bay Lightning,Carolina Hurricanes,Away Win (2-0),0-2,Regulation,No,No,PNC Arena,Carolina,OFF,A. Vasilevskiy (Winning Goalie); B. Point (GWG Scorer),Tampa Bay Lightning defeated Carolina Hurricanes 2-0 in regulation at PNC Arena (Carolina).,NHL Official Stats REST API (api-web.nhle.com/v1)
932,2020030235,2020-2021,2020,Second Round,2nd Round - Game 5,2021-06-08,Tuesday,01:00,Colorado Avalanche,Vegas Golden Knights,Colorado Avalanche,Vegas Golden Knights,COL,VGK,2,3,5,1,Vegas Golden Knights,Colorado Avalanche,Away Win (3-2 OT),2-3,Overtime,Yes,No,Ball Arena,Colorado,OFF,M. Fleury (Winning Goalie); M. Stone (GWG Scorer),Vegas Golden Knights defeated Colorado Avalanche 3-2 in overtime at Ball Arena (Colorado).,NHL Official Stats REST API (api-web.nhle.com/v1)
933,2020030216,2020-2021,2020,Second Round,2nd Round - Game 6,2021-06-09,Wednesday,23:30,New York Islanders,Boston Bruins,New York Islanders,Boston Bruins,NYI,BOS,6,2,8,4,New York Islanders,Boston Bruins,Home Win (6-2),6-2,Regulation,No,No,Nassau Veterans Memorial Coliseum,New York,OFF,S. Varlamov (Winning Goalie); B. Nelson (GWG Scorer),New York Islanders defeated Boston Bruins 6-2 in regulation at Nassau Veterans Memorial Coliseum (New York).,NHL Official Stats REST API (api-web.nhle.com/v1)
934,2020030236,2020-2021,2020,Second Round,2nd Round - Game 6,2021-06-10,Thursday,01:00,Vegas Golden Knights,Colorado Avalanche,Vegas Golden Knights,Colorado Avalanche,VGK,COL,6,3,9,3,Vegas Golden Knights,Colorado Avalanche,Home Win (6-3),6-3,Regulation,No,No,T-Mobile Arena,Vegas,OFF,M. Fleury (Winning Goalie); A. Pietrangelo (GWG Scorer),Vegas Golden Knights defeated Colorado Avalanche 6-3 in regulation at T-Mobile Arena (Vegas).,NHL Official Stats REST API (api-web.nhle.com/v1)
935,2020030321,2020-2021,2020,Stanley Cup Finals,Stanley Cup Semifinals - Game 1,2021-06-13,Sunday,19:00,Tampa Bay Lightning,New York Islanders,Tampa Bay Lightning,New York Islanders,TBL,NYI,1,2,3,1,New York Islanders,Tampa Bay Lightning,Away Win (2-1),1-2,Regulation,No,No,Amalie Arena,Tampa Bay,OFF,S. Varlamov (Winning Goalie); R. Pulock (GWG Scorer),New York Islanders defeated Tampa Bay Lightning 2-1 in regulation at Amalie Arena (Tampa Bay).,NHL Official Stats REST API (api-web.nhle.com/v1)
936,2020030311,2020-2021,2020,Stanley Cup Finals,Stanley Cup Semifinals - Game 1,2021-06-14,Monday,01:00,Vegas Golden Knights,Montréal Canadiens,Vegas Golden Knights,Montréal Canadiens,VGK,MTL,4,1,5,3,Vegas Golden Knights,Montréal Canadiens,Home Win (4-1),4-1,Regulation,No,No,T-Mobile Arena,Vegas,OFF,M. Fleury (Winning Goalie); A. Martinez (GWG Scorer),Vegas Golden Knights defeated Montréal Canadiens 4-1 in regulation at T-Mobile Arena (Vegas).,NHL Official Stats REST API (api-web.nhle.com/v1)
937,2020030322,2020-2021,2020,Stanley Cup Finals,Stanley Cup Semifinals - Game 2,2021-06-15,Tuesday,00:00,Tampa Bay Lightning,New York Islanders,Tampa Bay Lightning,New York Islanders,TBL,NYI,4,2,6,2,Tampa Bay Lightning,New York Islanders,Home Win (4-2),4-2,Regulation,No,No,Amalie Arena,Tampa Bay,OFF,A. Vasilevskiy (Winning Goalie); J. Rutta (GWG Scorer),Tampa Bay Lightning defeated New York Islanders 4-2 in regulation at Amalie Arena (Tampa Bay).,NHL Official Stats REST API (api-web.nhle.com/v1)
938,2020030312,2020-2021,2020,Stanley Cup Finals,Stanley Cup Semifinals - Game 2,2021-06-16,Wednesday,01:00,Vegas Golden Knights,Montréal Canadiens,Vegas Golden Knights,Montréal Canadiens,VGK,MTL,2,3,5,1,Montréal Canadiens,Vegas Golden Knights,Away Win (3-2),2-3,Regulation,No,No,T-Mobile Arena,Vegas,OFF,C. Price (Winning Goalie); P. Byron (GWG Scorer),Montréal Canadiens defeated Vegas Golden Knights 3-2 in regulation at T-Mobile Arena (Vegas).,NHL Official Stats REST API (api-web.nhle.com/v1)
939,2020030323,2020-2021,2020,Stanley Cup Finals,Stanley Cup Semifinals - Game 3,2021-06-17,Thursday,00:00,New York Islanders,Tampa Bay Lightning,New York Islanders,Tampa Bay Lightning,NYI,TBL,1,2,3,1,Tampa Bay Lightning,New York Islanders,Away Win (2-1),1-2,Regulation,No,No,Nassau Veterans Memorial Coliseum,New York,OFF,A. Vasilevskiy (Winning Goalie); B. Point (GWG Scorer),Tampa Bay Lightning defeated New York Islanders 2-1 in regulation at Nassau Veterans Memorial Coliseum (New York).,NHL Official Stats REST API (api-web.nhle.com/v1)
940,2020030313,2020-2021,2020,Stanley Cup Finals,Stanley Cup Semifinals - Game 3,2021-06-18,Friday,00:00,Montréal Canadiens,Vegas Golden Knights,Montréal Canadiens,Vegas Golden Knights,MTL,VGK,3,2,5,1,Montréal Canadiens,Vegas Golden Knights,Home Win (3-2 OT),3-2,Overtime,Yes,No,Centre Bell,Montréal,OFF,C. Price (Winning Goalie); J. Anderson (GWG Scorer),Montréal Canadiens defeated Vegas Golden Knights 3-2 in overtime at Centre Bell (Montréal).,NHL Official Stats REST API (api-web.nhle.com/v1)
941,2020030324,2020-2021,2020,Stanley Cup Finals,Stanley Cup Semifinals - Game 4,2021-06-19,Saturday,00:00,New York Islanders,Tampa Bay Lightning,New York Islanders,Tampa Bay Lightning,NYI,TBL,3,2,5,1,New York Islanders,Tampa Bay Lightning,Home Win (3-2),3-2,Regulation,No,No,Nassau Veterans Memorial Coliseum,New York,OFF,S. Varlamov (Winning Goalie); M. Martin (GWG Scorer),New York Islanders defeated Tampa Bay Lightning 3-2 in regulation at Nassau Veterans Memorial Coliseum (New York).,NHL Official Stats REST API (api-web.nhle.com/v1)
942,2020030314,2020-2021,2020,Stanley Cup Finals,Stanley Cup Semifinals - Game 4,2021-06-20,Sunday,00:00,Montréal Canadiens,Vegas Golden Knights,Montréal Canadiens,Vegas Golden Knights,MTL,VGK,1,2,3,1,Vegas Golden Knights,Montréal Canadiens,Away Win (2-1 OT),1-2,Overtime,Yes,No,Centre Bell,Montréal,OFF,R. Lehner (Winning Goalie); N. Roy (GWG Scorer),Vegas Golden Knights defeated Montréal Canadiens 2-1 in overtime at Centre Bell (Montréal).,NHL Official Stats REST API (api-web.nhle.com/v1)
943,2020030325,2020-2021,2020,Stanley Cup Finals,Stanley Cup Semifinals - Game 5,2021-06-21,Monday,00:00,Tampa Bay Lightning,New York Islanders,Tampa Bay Lightning,New York Islanders,TBL,NYI,8,0,8,8,Tampa Bay Lightning,New York Islanders,Home Win (8-0),8-0,Regulation,No,No,Amalie Arena,Tampa Bay,OFF,A. Vasilevskiy (Winning Goalie); S. Stamkos (GWG Scorer),Tampa Bay Lightning defeated New York Islanders 8-0 in regulation at Amalie Arena (Tampa Bay).,NHL Official Stats REST API (api-web.nhle.com/v1)
944,2020030315,2020-2021,2020,Stanley Cup Finals,Stanley Cup Semifinals - Game 5,2021-06-22,Tuesday,01:00,Vegas Golden Knights,Montréal Canadiens,Vegas Golden Knights,Montréal Canadiens,VGK,MTL,1,4,5,3,Montréal Canadiens,Vegas Golden Knights,Away Win (4-1),1-4,Regulation,No,No,T-Mobile Arena,Vegas,OFF,C. Price (Winning Goalie); E. Staal (GWG Scorer),Montréal Canadiens defeated Vegas Golden Knights 4-1 in regulation at T-Mobile Arena (Vegas).,NHL Official Stats REST API (api-web.nhle.com/v1)
945,2020030326,2020-2021,2020,Stanley Cup Finals,Stanley Cup Semifinals - Game 6,2021-06-23,Wednesday,00:00,New York Islanders,Tampa Bay Lightning,New York Islanders,Tampa Bay Lightning,NYI,TBL,3,2,5,1,New York Islanders,Tampa Bay Lightning,Home Win (3-2 OT),3-2,Overtime,Yes,No,Nassau Veterans Memorial Coliseum,New York,OFF,S. Varlamov (Winning Goalie); A. Beauvillier (GWG Scorer),New York Islanders defeated Tampa Bay Lightning 3-2 in overtime at Nassau Veterans Memorial Coliseum (New York).,NHL Official Stats REST API (api-web.nhle.com/v1)
946,2020030316,2020-2021,2020,Stanley Cup Finals,Stanley Cup Semifinals - Game 6,2021-06-24,Thursday,00:00,Montréal Canadiens,Vegas Golden Knights,Montréal Canadiens,Vegas Golden Knights,MTL,VGK,3,2,5,1,Montréal Canadiens,Vegas Golden Knights,Home Win (3-2 OT),3-2,Overtime,Yes,No,Centre Bell,Montréal,OFF,C. Price (Winning Goalie); A. Lehkonen (GWG Scorer),Montréal Canadiens defeated Vegas Golden Knights 3-2 in overtime at Centre Bell (Montréal).,NHL Official Stats REST API (api-web.nhle.com/v1)
947,2020030327,2020-2021,2020,Stanley Cup Finals,Stanley Cup Semifinals - Game 7,2021-06-25,Friday,00:00,Tampa Bay Lightning,New York Islanders,Tampa Bay Lightning,New York Islanders,TBL,NYI,1,0,1,1,Tampa Bay Lightning,New York Islanders,Home Win (1-0),1-0,Regulation,No,No,Amalie Arena,Tampa Bay,OFF,A. Vasilevskiy (Winning Goalie); Y. Gourde (GWG Scorer),Tampa Bay Lightning defeated New York Islanders 1-0 in regulation at Amalie Arena (Tampa Bay).,NHL Official Stats REST API (api-web.nhle.com/v1)
948,2020030411,2020-2021,2020,Stanley Cup Finals,Stanley Cup Final - Game 1,2021-06-28,Monday,00:00,Tampa Bay Lightning,Montréal Canadiens,Tampa Bay Lightning,Montréal Canadiens,TBL,MTL,5,1,6,4,Tampa Bay Lightning,Montréal Canadiens,Home Win (5-1),5-1,Regulation,No,No,Amalie Arena,Tampa Bay,OFF,A. Vasilevskiy (Winning Goalie); Y. Gourde (GWG Scorer),Tampa Bay Lightning defeated Montréal Canadiens 5-1 in regulation at Amalie Arena (Tampa Bay).,NHL Official Stats REST API (api-web.nhle.com/v1)
949,2020030412,2020-2021,2020,Stanley Cup Finals,Stanley Cup Final - Game 2,2021-06-30,Wednesday,00:00,Tampa Bay Lightning,Montréal Canadiens,Tampa Bay Lightning,Montréal Canadiens,TBL,MTL,3,1,4,2,Tampa Bay Lightning,Montréal Canadiens,Home Win (3-1),3-1,Regulation,No,No,Amalie Arena,Tampa Bay,OFF,A. Vasilevskiy (Winning Goalie); B. Coleman (GWG Scorer),Tampa Bay Lightning defeated Montréal Canadiens 3-1 in regulation at Amalie Arena (Tampa Bay).,NHL Official Stats REST API (api-web.nhle.com/v1)
950,2020030413,2020-2021,2020,Stanley Cup Finals,Stanley Cup Final - Game 3,2021-07-02,Friday,00:00,Montréal Canadiens,Tampa Bay Lightning,Montréal Canadiens,Tampa Bay Lightning,MTL,TBL,3,6,9,3,Tampa Bay Lightning,Montréal Canadiens,Away Win (6-3),3-6,Regulation,No,No,Centre Bell,Montréal,OFF,A. Vasilevskiy (Winning Goalie); T. Johnson (GWG Scorer),Tampa Bay Lightning defeated Montréal Canadiens 6-3 in regulation at Centre Bell (Montréal).,NHL Official Stats REST API (api-web.nhle.com/v1)
951,2020030414,2020-2021,2020,Stanley Cup Finals,Stanley Cup Final - Game 4,2021-07-05,Monday,00:00,Montréal Canadiens,Tampa Bay Lightning,Montréal Canadiens,Tampa Bay Lightning,MTL,TBL,3,2,5,1,Montréal Canadiens,Tampa Bay Lightning,Home Win (3-2 OT),3-2,Overtime,Yes,No,Centre Bell,Montréal,OFF,C. Price (Winning Goalie); J. Anderson (GWG Scorer),Montréal Canadiens defeated Tampa Bay Lightning 3-2 in overtime at Centre Bell (Montréal).,NHL Official Stats REST API (api-web.nhle.com/v1)
952,2020030415,2020-2021,2020,Stanley Cup Finals,Stanley Cup Final - Game 5,2021-07-07,Wednesday,00:00,Tampa Bay Lightning,Montréal Canadiens,Tampa Bay Lightning,Montréal Canadiens,TBL,MTL,1,0,1,1,Tampa Bay Lightning,Montréal Canadiens,Home Win (1-0),1-0,Regulation,No,No,Amalie Arena,Tampa Bay,OFF,A. Vasilevskiy (Winning Goalie); R. Colton (GWG Scorer),Tampa Bay Lightning defeated Montréal Canadiens 1-0 in regulation at Amalie Arena (Tampa Bay).,NHL Official Stats REST API (api-web.nhle.com/v1)
