Game Number,Game ID,Season,Season Year,"Game Type (Pre-Season, Regular Season, First Round, Second Round, Conference Finals, Stanley Cup Finals, Not applicable)",Round / Stage,Date,Day of Week,Start Time (UTC),Team A,Team B,Home,Away,Home Code,Away Code,Home Score,Away Score,Total Goals,Winning Margin,Winning Team,Losing Team,Result,Game Score,Decision Type,Overtime,Shootout,Venue,City,Game State,Notable Players,A Succint one line game comment to summarise that game,Primary Data Source
1,2022010001,2022-2023,2022,Pre-Season,Pre-Season,2022-09-24,Saturday,17:00,Toronto Maple Leafs,Ottawa Senators,Toronto Maple Leafs,Ottawa Senators,TOR,OTT,4,1,5,3,Toronto Maple Leafs,Ottawa Senators,Home Win (4-1),4-1,Regulation,No,No,Scotiabank Arena,Toronto,FINAL,E. Kallgren (Winning Goalie); D. Malgin (GWG Scorer),Toronto Maple Leafs defeated Ottawa Senators 4-1 in regulation at Scotiabank Arena (Toronto).,NHL Official Stats REST API (api-web.nhle.com/v1)
2,2022010002,2022-2023,2022,Pre-Season,Pre-Season,2022-09-24,Saturday,23:00,Philadelphia Flyers,Boston Bruins,Philadelphia Flyers,Boston Bruins,PHI,BOS,2,1,3,1,Philadelphia Flyers,Boston Bruins,Home Win (2-1),2-1,Regulation,No,No,Wells Fargo Center,Philadelphia,FINAL,T. Grosenick (Winning Goalie); J. Cates (GWG Scorer),Philadelphia Flyers defeated Boston Bruins 2-1 in regulation at Wells Fargo Center (Philadelphia).,NHL Official Stats REST API (api-web.nhle.com/v1)
3,2022010003,2022-2023,2022,Pre-Season,Pre-Season,2022-09-24,Saturday,23:00,Toronto Maple Leafs,Ottawa Senators,Toronto Maple Leafs,Ottawa Senators,TOR,OTT,2,4,6,2,Ottawa Senators,Toronto Maple Leafs,Away Win (4-2),2-4,Regulation,No,No,Scotiabank Arena,Toronto,FINAL,M. Sogaard (Winning Goalie); M. Kastelic (GWG Scorer),Ottawa Senators defeated Toronto Maple Leafs 4-2 in regulation at Scotiabank Arena (Toronto).,NHL Official Stats REST API (api-web.nhle.com/v1)
4,2022010004,2022-2023,2022,Pre-Season,Pre-Season,2022-09-24,Saturday,00:00,Arizona Coyotes,St. Louis Blues,Arizona Coyotes,St. Louis Blues,ARI,STL,4,5,9,1,St. Louis Blues,Arizona Coyotes,Away Win (5-4),4-5,Regulation,No,No,INTRUST Bank Arena,Arizona,FINAL,J. Hofer (Winning Goalie); L. Brown (GWG Scorer),St. Louis Blues defeated Arizona Coyotes 5-4 in regulation at INTRUST Bank Arena (Arizona).,NHL Official Stats REST API (api-web.nhle.com/v1)
5,2022010005,2022-2023,2022,Pre-Season,Pre-Season,2022-09-25,Sunday,17:00,Pittsburgh Penguins,Columbus Blue Jackets,Pittsburgh Penguins,Columbus Blue Jackets,PIT,CBJ,3,2,5,1,Pittsburgh Penguins,Columbus Blue Jackets,Home Win (3-2 OT),3-2,Overtime,Yes,No,PPG Paints Arena,Pittsburgh,FINAL,F. Lindberg (Winning Goalie); J. Zucker (GWG Scorer),Pittsburgh Penguins defeated Columbus Blue Jackets 3-2 in overtime at PPG Paints Arena (Pittsburgh).,NHL Official Stats REST API (api-web.nhle.com/v1)
6,2022010006,2022-2023,2022,Pre-Season,Pre-Season,2022-09-25,Sunday,18:00,Washington Capitals,Buffalo Sabres,Washington Capitals,Buffalo Sabres,WSH,BUF,3,4,7,1,Buffalo Sabres,Washington Capitals,Away Win (4-3 OT),3-4,Overtime,Yes,No,Capital One Arena,Washington,FINAL,U. Luukkonen (Winning Goalie); V. Hinostroza (GWG Scorer),Buffalo Sabres defeated Washington Capitals 4-3 in overtime at Capital One Arena (Washington).,NHL Official Stats REST API (api-web.nhle.com/v1)
7,2022010007,2022-2023,2022,Pre-Season,Pre-Season,2022-09-25,Sunday,20:00,Minnesota Wild,Colorado Avalanche,Minnesota Wild,Colorado Avalanche,MIN,COL,3,2,5,1,Minnesota Wild,Colorado Avalanche,Home Win (3-2 OT),3-2,Overtime,Yes,No,Xcel Energy Center,Minnesota,FINAL,J. Wallstedt (Winning Goalie); R. Hartman (GWG Scorer),Minnesota Wild defeated Colorado Avalanche 3-2 in overtime at Xcel Energy Center (Minnesota).,NHL Official Stats REST API (api-web.nhle.com/v1)
8,2022010008,2022-2023,2022,Pre-Season,Pre-Season,2022-09-25,Sunday,21:00,Arizona Coyotes,Anaheim Ducks,Arizona Coyotes,Anaheim Ducks,ARI,ANA,2,3,5,1,Anaheim Ducks,Arizona Coyotes,Away Win (3-2),2-3,Regulation,No,No,Tucson Convention Center,Arizona,FINAL,L. Dostal (Winning Goalie); I. Lundeström (GWG Scorer),Anaheim Ducks defeated Arizona Coyotes 3-2 in regulation at Tucson Convention Center (Arizona).,NHL Official Stats REST API (api-web.nhle.com/v1)
9,2022010009,2022-2023,2022,Pre-Season,Pre-Season,2022-09-25,Sunday,22:00,Edmonton Oilers,Winnipeg Jets,Edmonton Oilers,Winnipeg Jets,EDM,WPG,4,0,4,4,Edmonton Oilers,Winnipeg Jets,Home Win (4-0),4-0,Regulation,No,No,Rogers Place,Edmonton,FINAL,S. Skinner (Winning Goalie); M. Niemelainen (GWG Scorer),Edmonton Oilers defeated Winnipeg Jets 4-0 in regulation at Rogers Place (Edmonton).,NHL Official Stats REST API (api-web.nhle.com/v1)
10,2022010010,2022-2023,2022,Pre-Season,Pre-Season,2022-09-25,Sunday,23:00,Vancouver Canucks,Calgary Flames,Vancouver Canucks,Calgary Flames,VAN,CGY,2,3,5,1,Calgary Flames,Vancouver Canucks,Away Win (3-2 OT),2-3,Overtime,Yes,No,Rogers Arena,Vancouver,FINAL,D. Wolf (Winning Goalie); M. Stone (GWG Scorer),Calgary Flames defeated Vancouver Canucks 3-2 in overtime at Rogers Arena (Vancouver).,NHL Official Stats REST API (api-web.nhle.com/v1)
11,2022010011,2022-2023,2022,Pre-Season,Pre-Season,2022-09-25,Sunday,23:00,San Jose Sharks,Los Angeles Kings,San Jose Sharks,Los Angeles Kings,SJS,LAK,3,2,5,1,San Jose Sharks,Los Angeles Kings,Home Win (3-2 OT),3-2,Overtime,Yes,No,SAP Center at San Jose,San Jose,FINAL,K. Kahkonen (Winning Goalie); L. Couture (GWG Scorer),San Jose Sharks defeated Los Angeles Kings 3-2 in overtime at SAP Center at San Jose (San Jose).,NHL Official Stats REST API (api-web.nhle.com/v1)
12,2022010012,2022-2023,2022,Pre-Season,Pre-Season,2022-09-25,Sunday,23:00,Columbus Blue Jackets,Pittsburgh Penguins,Columbus Blue Jackets,Pittsburgh Penguins,CBJ,PIT,5,1,6,4,Columbus Blue Jackets,Pittsburgh Penguins,Home Win (5-1),5-1,Regulation,No,No,Nationwide Arena,Columbus,FINAL,E. Merzlikins (Winning Goalie); P. Laine (GWG Scorer),Columbus Blue Jackets defeated Pittsburgh Penguins 5-1 in regulation at Nationwide Arena (Columbus).,NHL Official Stats REST API (api-web.nhle.com/v1)
13,2022010013,2022-2023,2022,Pre-Season,Pre-Season,2022-09-25,Sunday,00:00,Calgary Flames,Vancouver Canucks,Calgary Flames,Vancouver Canucks,CGY,VAN,4,0,4,4,Calgary Flames,Vancouver Canucks,Home Win (4-0),4-0,Regulation,No,No,Scotiabank Saddledome,Calgary,FINAL,D. Vladar (Winning Goalie); J. Huberdeau (GWG Scorer),Calgary Flames defeated Vancouver Canucks 4-0 in regulation at Scotiabank Saddledome (Calgary).,NHL Official Stats REST API (api-web.nhle.com/v1)
14,2022010014,2022-2023,2022,Pre-Season,Pre-Season,2022-09-25,Sunday,01:00,Colorado Avalanche,Vegas Golden Knights,Colorado Avalanche,Vegas Golden Knights,COL,VGK,3,1,4,2,Colorado Avalanche,Vegas Golden Knights,Home Win (3-1),3-1,Regulation,No,No,Ball Arena,Colorado,FINAL,J. Johansson (Winning Goalie); J. Compher (GWG Scorer),Colorado Avalanche defeated Vegas Golden Knights 3-1 in regulation at Ball Arena (Colorado).,NHL Official Stats REST API (api-web.nhle.com/v1)
15,2022010015,2022-2023,2022,Pre-Season,Pre-Season,2022-09-26,Monday,20:00,Nashville Predators,Florida Panthers,Nashville Predators,Florida Panthers,NSH,FLA,3,4,7,1,Florida Panthers,Nashville Predators,Away Win (4-3 OT),3-4,Overtime,Yes,No,Bridgestone Arena,Nashville,FINAL,M. Guzda (Winning Goalie); A. Barkov (GWG Scorer),Florida Panthers defeated Nashville Predators 4-3 in overtime at Bridgestone Arena (Nashville).,NHL Official Stats REST API (api-web.nhle.com/v1)
16,2022010016,2022-2023,2022,Pre-Season,Pre-Season,2022-09-26,Monday,23:00,Montréal Canadiens,New Jersey Devils,Montréal Canadiens,New Jersey Devils,MTL,NJD,1,2,3,1,New Jersey Devils,Montréal Canadiens,Away Win (2-1),1-2,Regulation,No,No,Centre Bell,Montréal,FINAL,N. Daws (Winning Goalie); G. Clarke (GWG Scorer),New Jersey Devils defeated Montréal Canadiens 2-1 in regulation at Centre Bell (Montréal).,NHL Official Stats REST API (api-web.nhle.com/v1)
17,2022010017,2022-2023,2022,Pre-Season,Pre-Season,2022-09-26,Monday,23:00,New York Rangers,New York Islanders,New York Rangers,New York Islanders,NYR,NYI,4,1,5,3,New York Rangers,New York Islanders,Home Win (4-1),4-1,Regulation,No,No,Madison Square Garden,New York,FINAL,I. Shesterkin (Winning Goalie); C. Kreider (GWG Scorer),New York Rangers defeated New York Islanders 4-1 in regulation at Madison Square Garden (New York).,NHL Official Stats REST API (api-web.nhle.com/v1)
18,2022010018,2022-2023,2022,Pre-Season,Pre-Season,2022-09-26,Monday,00:00,Nashville Predators,Florida Panthers,Nashville Predators,Florida Panthers,NSH,FLA,4,0,4,4,Nashville Predators,Florida Panthers,Home Win (4-0),4-0,Regulation,No,No,Bridgestone Arena,Nashville,FINAL,K. Lankinen (Winning Goalie); F. Forsberg (GWG Scorer),Nashville Predators defeated Florida Panthers 4-0 in regulation at Bridgestone Arena (Nashville).,NHL Official Stats REST API (api-web.nhle.com/v1)
19,2022010019,2022-2023,2022,Pre-Season,Pre-Season,2022-09-26,Monday,00:00,Dallas Stars,St. Louis Blues,Dallas Stars,St. Louis Blues,DAL,STL,0,4,4,4,St. Louis Blues,Dallas Stars,Away Win (4-0),0-4,Regulation,No,No,American Airlines Center,Dallas,FINAL,T. Greiss (Winning Goalie); L. Brown (GWG Scorer),St. Louis Blues defeated Dallas Stars 4-0 in regulation at American Airlines Center (Dallas).,NHL Official Stats REST API (api-web.nhle.com/v1)
20,2022010020,2022-2023,2022,Pre-Season,Pre-Season,2022-09-26,Monday,02:00,Seattle Kraken,Edmonton Oilers,Seattle Kraken,Edmonton Oilers,SEA,EDM,3,0,3,3,Seattle Kraken,Edmonton Oilers,Home Win (3-0),3-0,Regulation,No,No,Climate Pledge Arena,Seattle,FINAL,M. Jones (Winning Goalie); M. Beniers (GWG Scorer),Seattle Kraken defeated Edmonton Oilers 3-0 in regulation at Climate Pledge Arena (Seattle).,NHL Official Stats REST API (api-web.nhle.com/v1)
21,2022010021,2022-2023,2022,Pre-Season,Pre-Season,2022-09-26,Monday,02:00,Vegas Golden Knights,Los Angeles Kings,Vegas Golden Knights,Los Angeles Kings,VGK,LAK,1,2,3,1,Los Angeles Kings,Vegas Golden Knights,Away Win (2-1 OT),1-2,Overtime,Yes,No,T-Mobile Arena,Vegas,FINAL,P. Copley (Winning Goalie); A. Kempe (GWG Scorer),Los Angeles Kings defeated Vegas Golden Knights 2-1 in overtime at T-Mobile Arena (Vegas).,NHL Official Stats REST API (api-web.nhle.com/v1)
22,2022010022,2022-2023,2022,Pre-Season,Pre-Season,2022-09-27,Tuesday,23:00,Pittsburgh Penguins,Detroit Red Wings,Pittsburgh Penguins,Detroit Red Wings,PIT,DET,2,6,8,4,Detroit Red Wings,Pittsburgh Penguins,Away Win (6-2),2-6,Regulation,No,No,PPG Paints Arena,Pittsburgh,FINAL,V. Brattstrom (Winning Goalie); E. Soderblom (GWG Scorer),Detroit Red Wings defeated Pittsburgh Penguins 6-2 in regulation at PPG Paints Arena (Pittsburgh).,NHL Official Stats REST API (api-web.nhle.com/v1)
23,2022010023,2022-2023,2022,Pre-Season,Pre-Season,2022-09-27,Tuesday,23:00,New Jersey Devils,New York Islanders,New Jersey Devils,New York Islanders,NJD,NYI,4,1,5,3,New Jersey Devils,New York Islanders,Home Win (4-1),4-1,Regulation,No,No,Prudential Center,New Jersey,FINAL,V. Vanecek (Winning Goalie); D. Hamilton (GWG Scorer),New Jersey Devils defeated New York Islanders 4-1 in regulation at Prudential Center (New Jersey).,NHL Official Stats REST API (api-web.nhle.com/v1)
24,2022010024,2022-2023,2022,Pre-Season,Pre-Season,2022-09-27,Tuesday,23:00,Boston Bruins,New York Rangers,Boston Bruins,New York Rangers,BOS,NYR,3,2,5,1,Boston Bruins,New York Rangers,Home Win (3-2 OT),3-2,Overtime,Yes,No,TD Garden,Boston,FINAL,J. Swayman (Winning Goalie); A. Greer (GWG Scorer),Boston Bruins defeated New York Rangers 3-2 in overtime at TD Garden (Boston).,NHL Official Stats REST API (api-web.nhle.com/v1)
25,2022010025,2022-2023,2022,Pre-Season,Pre-Season,2022-09-27,Tuesday,23:00,Buffalo Sabres,Philadelphia Flyers,Buffalo Sabres,Philadelphia Flyers,BUF,PHI,2,1,3,1,Buffalo Sabres,Philadelphia Flyers,Home Win (2-1),2-1,Regulation,No,No,KeyBank Center,Buffalo,FINAL,C. Anderson (Winning Goalie); B. Biro (GWG Scorer),Buffalo Sabres defeated Philadelphia Flyers 2-1 in regulation at KeyBank Center (Buffalo).,NHL Official Stats REST API (api-web.nhle.com/v1)
26,2022010026,2022-2023,2022,Pre-Season,Pre-Season,2022-09-27,Tuesday,23:00,Carolina Hurricanes,Tampa Bay Lightning,Carolina Hurricanes,Tampa Bay Lightning,CAR,TBL,5,1,6,4,Carolina Hurricanes,Tampa Bay Lightning,Home Win (5-1),5-1,Regulation,No,No,PNC Arena,Carolina,FINAL,F. Andersen (Winning Goalie); P. Stastny (GWG Scorer),Carolina Hurricanes defeated Tampa Bay Lightning 5-1 in regulation at PNC Arena (Carolina).,NHL Official Stats REST API (api-web.nhle.com/v1)
27,2022010027,2022-2023,2022,Pre-Season,Pre-Season,2022-09-27,Tuesday,00:00,Dallas Stars,Arizona Coyotes,Dallas Stars,Arizona Coyotes,DAL,ARI,4,3,7,1,Dallas Stars,Arizona Coyotes,Home Win (4-3 OT),4-3,Overtime,Yes,No,BOK Center,Dallas,FINAL,M. Murray (Winning Goalie); M. Marchment (GWG Scorer),Dallas Stars defeated Arizona Coyotes 4-3 in overtime at BOK Center (Dallas).,NHL Official Stats REST API (api-web.nhle.com/v1)
28,2022010028,2022-2023,2022,Pre-Season,Pre-Season,2022-09-27,Tuesday,00:00,Winnipeg Jets,Ottawa Senators,Winnipeg Jets,Ottawa Senators,WPG,OTT,5,3,8,2,Winnipeg Jets,Ottawa Senators,Home Win (5-3),5-3,Regulation,No,No,Canada Life Centre,Winnipeg,FINAL,C. Hellebuyck (Winning Goalie); V. Heinola (GWG Scorer),Winnipeg Jets defeated Ottawa Senators 5-3 in regulation at Canada Life Centre (Winnipeg).,NHL Official Stats REST API (api-web.nhle.com/v1)
29,2022010029,2022-2023,2022,Pre-Season,Pre-Season,2022-09-27,Tuesday,00:30,Chicago Blackhawks,St. Louis Blues,Chicago Blackhawks,St. Louis Blues,CHI,STL,1,4,5,3,St. Louis Blues,Chicago Blackhawks,Away Win (4-1),1-4,Regulation,No,No,United Center,Chicago,FINAL,V. Zherenko (Winning Goalie); J. Faulk (GWG Scorer),St. Louis Blues defeated Chicago Blackhawks 4-1 in regulation at United Center (Chicago).,NHL Official Stats REST API (api-web.nhle.com/v1)
30,2022010030,2022-2023,2022,Pre-Season,Pre-Season,2022-09-27,Tuesday,01:00,Colorado Avalanche,Minnesota Wild,Colorado Avalanche,Minnesota Wild,COL,MIN,2,5,7,3,Minnesota Wild,Colorado Avalanche,Away Win (5-2),2-5,Regulation,No,No,Ball Arena,Colorado,FINAL,Z. McIntyre (Winning Goalie); N. Petan (GWG Scorer),Minnesota Wild defeated Colorado Avalanche 5-2 in regulation at Ball Arena (Colorado).,NHL Official Stats REST API (api-web.nhle.com/v1)
31,2022010031,2022-2023,2022,Pre-Season,Pre-Season,2022-09-27,Tuesday,02:00,Seattle Kraken,Calgary Flames,Seattle Kraken,Calgary Flames,SEA,CGY,3,0,3,3,Seattle Kraken,Calgary Flames,Home Win (3-0),3-0,Regulation,No,No,Climate Pledge Arena,Seattle,FINAL,M. Hellberg (Winning Goalie); D. Sprong (GWG Scorer),Seattle Kraken defeated Calgary Flames 3-0 in regulation at Climate Pledge Arena (Seattle).,NHL Official Stats REST API (api-web.nhle.com/v1)
32,2022010032,2022-2023,2022,Pre-Season,Pre-Season,2022-09-27,Tuesday,02:30,San Jose Sharks,Anaheim Ducks,San Jose Sharks,Anaheim Ducks,SJS,ANA,5,4,9,1,San Jose Sharks,Anaheim Ducks,Home Win (5-4),5-4,Regulation,No,No,SAP Center at San Jose,San Jose,FINAL,J. Reimer (Winning Goalie); M. Veronneau (GWG Scorer),San Jose Sharks defeated Anaheim Ducks 5-4 in regulation at SAP Center at San Jose (San Jose).,NHL Official Stats REST API (api-web.nhle.com/v1)
33,2022010033,2022-2023,2022,Pre-Season,Pre-Season,2022-09-28,Wednesday,23:00,Columbus Blue Jackets,Buffalo Sabres,Columbus Blue Jackets,Buffalo Sabres,CBJ,BUF,4,1,5,3,Columbus Blue Jackets,Buffalo Sabres,Home Win (4-1),4-1,Regulation,No,No,Nationwide Arena,Columbus,FINAL,D. Tarasov (Winning Goalie); K. Marchenko (GWG Scorer),Columbus Blue Jackets defeated Buffalo Sabres 4-1 in regulation at Nationwide Arena (Columbus).,NHL Official Stats REST API (api-web.nhle.com/v1)
34,2022010034,2022-2023,2022,Pre-Season,Pre-Season,2022-09-28,Wednesday,23:00,Tampa Bay Lightning,Carolina Hurricanes,Tampa Bay Lightning,Carolina Hurricanes,TBL,CAR,,,,,,,Scheduled,TBD,Scheduled,No,No,Amalie Arena,Tampa Bay,FUT,Scheduled match,Carolina Hurricanes at Tampa Bay Lightning scheduled at Amalie Arena (Tampa Bay).,NHL Official Stats REST API (api-web.nhle.com/v1)
35,2022010035,2022-2023,2022,Pre-Season,Pre-Season,2022-09-28,Wednesday,23:00,Toronto Maple Leafs,Montréal Canadiens,Toronto Maple Leafs,Montréal Canadiens,TOR,MTL,3,0,3,3,Toronto Maple Leafs,Montréal Canadiens,Home Win (3-0),3-0,Regulation,No,No,Scotiabank Arena,Toronto,FINAL,M. Murray (Winning Goalie); N. Robertson (GWG Scorer),Toronto Maple Leafs defeated Montréal Canadiens 3-0 in regulation at Scotiabank Arena (Toronto).,NHL Official Stats REST API (api-web.nhle.com/v1)
36,2022010036,2022-2023,2022,Pre-Season,Pre-Season,2022-09-28,Wednesday,23:00,Philadelphia Flyers,Washington Capitals,Philadelphia Flyers,Washington Capitals,PHI,WSH,1,3,4,2,Washington Capitals,Philadelphia Flyers,Away Win (3-1),1-3,Regulation,No,No,Wells Fargo Center,Philadelphia,FINAL,C. Lindgren (Winning Goalie); D. Strome (GWG Scorer),Washington Capitals defeated Philadelphia Flyers 3-1 in regulation at Wells Fargo Center (Philadelphia).,NHL Official Stats REST API (api-web.nhle.com/v1)
37,2022010037,2022-2023,2022,Pre-Season,Pre-Season,2022-09-28,Wednesday,23:30,Detroit Red Wings,Chicago Blackhawks,Detroit Red Wings,Chicago Blackhawks,DET,CHI,2,4,6,2,Chicago Blackhawks,Detroit Red Wings,Away Win (4-2),2-4,Regulation,No,No,Little Caesars Arena,Detroit,FINAL,A. Soderblom (Winning Goalie); J. Khaira (GWG Scorer),Chicago Blackhawks defeated Detroit Red Wings 4-2 in regulation at Little Caesars Arena (Detroit).,NHL Official Stats REST API (api-web.nhle.com/v1)
38,2022010038,2022-2023,2022,Pre-Season,Pre-Season,2022-09-28,Wednesday,01:00,Calgary Flames,Edmonton Oilers,Calgary Flames,Edmonton Oilers,CGY,EDM,4,0,4,4,Calgary Flames,Edmonton Oilers,Home Win (4-0),4-0,Regulation,No,No,Scotiabank Saddledome,Calgary,FINAL,J. Markstrom (Winning Goalie); B. Sutter (GWG Scorer),Calgary Flames defeated Edmonton Oilers 4-0 in regulation at Scotiabank Saddledome (Calgary).,NHL Official Stats REST API (api-web.nhle.com/v1)
39,2022010039,2022-2023,2022,Pre-Season,Pre-Season,2022-09-28,Wednesday,02:00,Anaheim Ducks,Arizona Coyotes,Anaheim Ducks,Arizona Coyotes,ANA,ARI,3,1,4,2,Anaheim Ducks,Arizona Coyotes,Home Win (3-1),3-1,Regulation,No,No,Honda Center,Anaheim,FINAL,L. Dostal (Winning Goalie); R. Strome (GWG Scorer),Anaheim Ducks defeated Arizona Coyotes 3-1 in regulation at Honda Center (Anaheim).,NHL Official Stats REST API (api-web.nhle.com/v1)
40,2022010040,2022-2023,2022,Pre-Season,Pre-Season,2022-09-28,Wednesday,02:00,Vegas Golden Knights,Colorado Avalanche,Vegas Golden Knights,Colorado Avalanche,VGK,COL,7,1,8,6,Vegas Golden Knights,Colorado Avalanche,Home Win (7-1),7-1,Regulation,No,No,T-Mobile Arena,Vegas,FINAL,L. Thompson (Winning Goalie); G. Quinney (GWG Scorer),Vegas Golden Knights defeated Colorado Avalanche 7-1 in regulation at T-Mobile Arena (Vegas).,NHL Official Stats REST API (api-web.nhle.com/v1)
41,2022010041,2022-2023,2022,Pre-Season,Pre-Season,2022-09-28,Wednesday,02:00,Los Angeles Kings,San Jose Sharks,Los Angeles Kings,San Jose Sharks,LAK,SJS,1,3,4,2,San Jose Sharks,Los Angeles Kings,Away Win (3-1),1-3,Regulation,No,No,Toyota Arena,Los Angeles,FINAL,A. Dell (Winning Goalie); E. Svechnikov (GWG Scorer),San Jose Sharks defeated Los Angeles Kings 3-1 in regulation at Toyota Arena (Los Angeles).,NHL Official Stats REST API (api-web.nhle.com/v1)
42,2022010042,2022-2023,2022,Pre-Season,Pre-Season,2022-09-29,Thursday,23:00,Florida Panthers,Carolina Hurricanes,Florida Panthers,Carolina Hurricanes,FLA,CAR,2,5,7,3,Carolina Hurricanes,Florida Panthers,Away Win (5-2),2-5,Regulation,No,No,FLA Live Arena,Florida,FINAL,A. Raanta (Winning Goalie); J. Robidas (GWG Scorer),Carolina Hurricanes defeated Florida Panthers 5-2 in regulation at FLA Live Arena (Florida).,NHL Official Stats REST API (api-web.nhle.com/v1)
43,2022010044,2022-2023,2022,Pre-Season,Pre-Season,2022-09-29,Thursday,23:00,New York Rangers,New Jersey Devils,New York Rangers,New Jersey Devils,NYR,NJD,2,5,7,3,New Jersey Devils,New York Rangers,Away Win (5-2),2-5,Regulation,No,No,Madison Square Garden,New York,FINAL,V. Vanecek (Winning Goalie); N. Bastian (GWG Scorer),New Jersey Devils defeated New York Rangers 5-2 in regulation at Madison Square Garden (New York).,NHL Official Stats REST API (api-web.nhle.com/v1)
44,2022010045,2022-2023,2022,Pre-Season,Pre-Season,2022-09-29,Thursday,23:00,Montréal Canadiens,Winnipeg Jets,Montréal Canadiens,Winnipeg Jets,MTL,WPG,3,4,7,1,Winnipeg Jets,Montréal Canadiens,Away Win (4-3),3-4,Regulation,No,No,Centre Bell,Montréal,FINAL,A. Holm (Winning Goalie); N. Schmidt (GWG Scorer),Winnipeg Jets defeated Montréal Canadiens 4-3 in regulation at Centre Bell (Montréal).,NHL Official Stats REST API (api-web.nhle.com/v1)
45,2022010043,2022-2023,2022,Pre-Season,Pre-Season,2022-09-29,Thursday,00:00,Tampa Bay Lightning,Nashville Predators,Tampa Bay Lightning,Nashville Predators,TBL,NSH,0,2,2,2,Nashville Predators,Tampa Bay Lightning,Away Win (2-0),0-2,Regulation,No,No,Bridgestone Arena,Tampa Bay,FINAL,K. Lankinen (Winning Goalie); N. Niederreiter (GWG Scorer),Nashville Predators defeated Tampa Bay Lightning 2-0 in regulation at Bridgestone Arena (Tampa Bay).,NHL Official Stats REST API (api-web.nhle.com/v1)
46,2022010046,2022-2023,2022,Pre-Season,Pre-Season,2022-09-29,Thursday,00:00,St. Louis Blues,Columbus Blue Jackets,St. Louis Blues,Columbus Blue Jackets,STL,CBJ,4,2,6,2,St. Louis Blues,Columbus Blue Jackets,Home Win (4-2),4-2,Regulation,No,No,Enterprise Center,St. Louis,FINAL,T. Greiss (Winning Goalie); H. McGing (GWG Scorer),St. Louis Blues defeated Columbus Blue Jackets 4-2 in regulation at Enterprise Center (St. Louis).,NHL Official Stats REST API (api-web.nhle.com/v1)
47,2022010047,2022-2023,2022,Pre-Season,Pre-Season,2022-09-29,Thursday,00:00,Dallas Stars,Minnesota Wild,Dallas Stars,Minnesota Wild,DAL,MIN,2,5,7,3,Minnesota Wild,Dallas Stars,Away Win (5-2),2-5,Regulation,No,No,American Airlines Center,Dallas,FINAL,J. Wallstedt (Winning Goalie); J. Brodin (GWG Scorer),Minnesota Wild defeated Dallas Stars 5-2 in regulation at American Airlines Center (Dallas).,NHL Official Stats REST API (api-web.nhle.com/v1)
48,2022010048,2022-2023,2022,Pre-Season,Pre-Season,2022-09-29,Thursday,01:30,Vancouver Canucks,Seattle Kraken,Vancouver Canucks,Seattle Kraken,VAN,SEA,3,4,7,1,Seattle Kraken,Vancouver Canucks,Away Win (4-3 OT),3-4,Overtime,Yes,No,Rogers Arena,Vancouver,FINAL,M. Jones (Winning Goalie); R. Donato (GWG Scorer),Seattle Kraken defeated Vancouver Canucks 4-3 in overtime at Rogers Arena (Vancouver).,NHL Official Stats REST API (api-web.nhle.com/v1)
49,2022010049,2022-2023,2022,Pre-Season,Pre-Season,2022-09-30,Friday,22:00,Nashville Predators,Tampa Bay Lightning,Nashville Predators,Tampa Bay Lightning,NSH,TBL,7,1,8,6,Nashville Predators,Tampa Bay Lightning,Home Win (7-1),7-1,Regulation,No,No,Bridgestone Arena,Nashville,FINAL,J. Saros (Winning Goalie); A. Carrier (GWG Scorer),Nashville Predators defeated Tampa Bay Lightning 7-1 in regulation at Bridgestone Arena (Nashville).,NHL Official Stats REST API (api-web.nhle.com/v1)
50,2022010050,2022-2023,2022,Pre-Season,Pre-Season,2022-09-30,Friday,23:00,New Jersey Devils,New York Rangers,New Jersey Devils,New York Rangers,NJD,NYR,1,2,3,1,New York Rangers,New Jersey Devils,Away Win (2-1),1-2,Regulation,No,No,Prudential Center,New Jersey,FINAL,J. Halak (Winning Goalie); K. Miller (GWG Scorer),New York Rangers defeated New Jersey Devils 2-1 in regulation at Prudential Center (New Jersey).,NHL Official Stats REST API (api-web.nhle.com/v1)
51,2022010051,2022-2023,2022,Pre-Season,Pre-Season,2022-09-30,Friday,23:00,Ottawa Senators,Toronto Maple Leafs,Ottawa Senators,Toronto Maple Leafs,OTT,TOR,3,6,9,3,Toronto Maple Leafs,Ottawa Senators,Away Win (6-3),3-6,Regulation,No,No,CAA Arena,Ottawa,FINAL,I. Samsonov (Winning Goalie); D. Malgin (GWG Scorer),Toronto Maple Leafs defeated Ottawa Senators 6-3 in regulation at CAA Arena (Ottawa).,NHL Official Stats REST API (api-web.nhle.com/v1)
52,2022010052,2022-2023,2022,Pre-Season,Pre-Season,2022-09-30,Friday,23:30,Detroit Red Wings,Washington Capitals,Detroit Red Wings,Washington Capitals,DET,WSH,0,2,2,2,Washington Capitals,Detroit Red Wings,Away Win (2-0),0-2,Regulation,No,No,Little Caesars Arena,Detroit,FINAL,C. Lindgren (Winning Goalie); J. Carlson (GWG Scorer),Washington Capitals defeated Detroit Red Wings 2-0 in regulation at Little Caesars Arena (Detroit).,NHL Official Stats REST API (api-web.nhle.com/v1)
53,2022010053,2022-2023,2022,Pre-Season,Pre-Season,2022-09-30,Friday,01:00,Edmonton Oilers,Calgary Flames,Edmonton Oilers,Calgary Flames,EDM,CGY,2,1,3,1,Edmonton Oilers,Calgary Flames,Home Win (2-1),2-1,Regulation,No,No,Rogers Place,Edmonton,FINAL,C. Pickard (Winning Goalie); B. Kulak (GWG Scorer),Edmonton Oilers defeated Calgary Flames 2-1 in regulation at Rogers Place (Edmonton).,NHL Official Stats REST API (api-web.nhle.com/v1)
54,2022010054,2022-2023,2022,Pre-Season,Pre-Season,2022-09-30,Friday,02:00,Anaheim Ducks,San Jose Sharks,Anaheim Ducks,San Jose Sharks,ANA,SJS,4,1,5,3,Anaheim Ducks,San Jose Sharks,Home Win (4-1),4-1,Regulation,No,No,Honda Center,Anaheim,FINAL,J. Gibson (Winning Goalie); M. Comtois (GWG Scorer),Anaheim Ducks defeated San Jose Sharks 4-1 in regulation at Honda Center (Anaheim).,NHL Official Stats REST API (api-web.nhle.com/v1)
55,2022010055,2022-2023,2022,Pre-Season,Pre-Season,2022-09-30,Friday,02:00,Vegas Golden Knights,San Jose Sharks,Vegas Golden Knights,San Jose Sharks,VGK,SJS,3,7,10,4,San Jose Sharks,Vegas Golden Knights,Away Win (7-3),3-7,Regulation,No,No,T-Mobile Arena,Vegas,FINAL,J. Reimer (Winning Goalie); J. Gadjovich (GWG Scorer),San Jose Sharks defeated Vegas Golden Knights 7-3 in regulation at T-Mobile Arena (Vegas).,NHL Official Stats REST API (api-web.nhle.com/v1)
56,2022010056,2022-2023,2022,Pre-Season,Pre-Season,2022-10-01,Saturday,17:00,Carolina Hurricanes,Florida Panthers,Carolina Hurricanes,Florida Panthers,CAR,FLA,4,3,7,1,Carolina Hurricanes,Florida Panthers,Home Win (4-3),4-3,Regulation,No,No,PNC Arena,Carolina,FINAL,F. Andersen (Winning Goalie); B. Burns (GWG Scorer),Carolina Hurricanes defeated Florida Panthers 4-3 in regulation at PNC Arena (Carolina).,NHL Official Stats REST API (api-web.nhle.com/v1)
57,2022010057,2022-2023,2022,Pre-Season,Pre-Season,2022-10-01,Saturday,17:00,Boston Bruins,Philadelphia Flyers,Boston Bruins,Philadelphia Flyers,BOS,PHI,4,0,4,4,Boston Bruins,Philadelphia Flyers,Home Win (4-0),4-0,Regulation,No,No,TD Garden,Boston,FINAL,L. Ullmark (Winning Goalie); M. McLaughlin (GWG Scorer),Boston Bruins defeated Philadelphia Flyers 4-0 in regulation at TD Garden (Boston).,NHL Official Stats REST API (api-web.nhle.com/v1)
58,2022010058,2022-2023,2022,Pre-Season,Pre-Season,2022-10-01,Saturday,17:00,Buffalo Sabres,Pittsburgh Penguins,Buffalo Sabres,Pittsburgh Penguins,BUF,PIT,3,1,4,2,Buffalo Sabres,Pittsburgh Penguins,Home Win (3-1),3-1,Regulation,No,No,KeyBank Center,Buffalo,FINAL,U. Luukkonen (Winning Goalie); T. Thompson (GWG Scorer),Buffalo Sabres defeated Pittsburgh Penguins 3-1 in regulation at KeyBank Center (Buffalo).,NHL Official Stats REST API (api-web.nhle.com/v1)
59,2022010059,2022-2023,2022,Pre-Season,Pre-Season,2022-10-01,Saturday,23:00,Ottawa Senators,Montréal Canadiens,Ottawa Senators,Montréal Canadiens,OTT,MTL,5,4,9,1,Ottawa Senators,Montréal Canadiens,Home Win (5-4 OT),5-4,Overtime,Yes,No,Canadian Tire Centre,Ottawa,FINAL,A. Bibeau (Winning Goalie); A. DeBrincat (GWG Scorer),Ottawa Senators defeated Montréal Canadiens 5-4 in overtime at Canadian Tire Centre (Ottawa).,NHL Official Stats REST API (api-web.nhle.com/v1)
60,2022010060,2022-2023,2022,Pre-Season,Pre-Season,2022-10-01,Saturday,23:00,Columbus Blue Jackets,Washington Capitals,Columbus Blue Jackets,Washington Capitals,CBJ,WSH,2,1,3,1,Columbus Blue Jackets,Washington Capitals,Home Win (2-1),2-1,Regulation,No,No,Nationwide Arena,Columbus,FINAL,E. Merzlikins (Winning Goalie); Y. Chinakhov (GWG Scorer),Columbus Blue Jackets defeated Washington Capitals 2-1 in regulation at Nationwide Arena (Columbus).,NHL Official Stats REST API (api-web.nhle.com/v1)
61,2022010061,2022-2023,2022,Pre-Season,Pre-Season,2022-10-01,Saturday,00:00,St. Louis Blues,Dallas Stars,St. Louis Blues,Dallas Stars,STL,DAL,2,5,7,3,Dallas Stars,St. Louis Blues,Away Win (5-2),2-5,Regulation,No,No,Cable Dahmer Arena,St. Louis,FINAL,J. Oettinger (Winning Goalie); R. Shea (GWG Scorer),Dallas Stars defeated St. Louis Blues 5-2 in regulation at Cable Dahmer Arena (St. Louis).,NHL Official Stats REST API (api-web.nhle.com/v1)
62,2022010062,2022-2023,2022,Pre-Season,Pre-Season,2022-10-01,Saturday,00:00,Winnipeg Jets,Edmonton Oilers,Winnipeg Jets,Edmonton Oilers,WPG,EDM,2,3,5,1,Edmonton Oilers,Winnipeg Jets,Away Win (3-2 SO),2-3,Shootout,Yes,Yes,Canada Life Centre,Winnipeg,FINAL,S. Skinner (Winning Goalie),Edmonton Oilers defeated Winnipeg Jets 3-2 in a shootout at Canada Life Centre (Winnipeg).,NHL Official Stats REST API (api-web.nhle.com/v1)
63,2022010063,2022-2023,2022,Pre-Season,Pre-Season,2022-10-01,Saturday,00:30,Chicago Blackhawks,Detroit Red Wings,Chicago Blackhawks,Detroit Red Wings,CHI,DET,0,3,3,3,Detroit Red Wings,Chicago Blackhawks,Away Win (3-0),0-3,Regulation,No,No,United Center,Chicago,FINAL,S. Cossa (Winning Goalie); J. Vrana (GWG Scorer),Detroit Red Wings defeated Chicago Blackhawks 3-0 in regulation at United Center (Chicago).,NHL Official Stats REST API (api-web.nhle.com/v1)
64,2022010064,2022-2023,2022,Pre-Season,Pre-Season,2022-10-01,Saturday,01:30,Seattle Kraken,Vancouver Canucks,Seattle Kraken,Vancouver Canucks,SEA,VAN,4,0,4,4,Seattle Kraken,Vancouver Canucks,Home Win (4-0),4-0,Regulation,No,No,Climate Pledge Arena,Seattle,FINAL,P. Grubauer (Winning Goalie); M. Beniers (GWG Scorer),Seattle Kraken defeated Vancouver Canucks 4-0 in regulation at Climate Pledge Arena (Seattle).,NHL Official Stats REST API (api-web.nhle.com/v1)
65,2022010065,2022-2023,2022,Pre-Season,Pre-Season,2022-10-02,Sunday,23:00,New York Islanders,Philadelphia Flyers,New York Islanders,Philadelphia Flyers,NYI,PHI,2,1,3,1,New York Islanders,Philadelphia Flyers,Home Win (2-1),2-1,Regulation,No,No,UBS Arena,New York,FINAL,S. Varlamov (Winning Goalie); S. Mayfield (GWG Scorer),New York Islanders defeated Philadelphia Flyers 2-1 in regulation at UBS Arena (New York).,NHL Official Stats REST API (api-web.nhle.com/v1)
66,2022010066,2022-2023,2022,Pre-Season,Pre-Season,2022-10-02,Sunday,23:30,Chicago Blackhawks,Minnesota Wild,Chicago Blackhawks,Minnesota Wild,CHI,MIN,0,3,3,3,Minnesota Wild,Chicago Blackhawks,Away Win (3-0),0-3,Regulation,No,No,Fiserv Forum,Chicago,FINAL,M. Fleury (Winning Goalie); C. Dewar (GWG Scorer),Minnesota Wild defeated Chicago Blackhawks 3-0 in regulation at Fiserv Forum (Chicago).,NHL Official Stats REST API (api-web.nhle.com/v1)
67,2022010067,2022-2023,2022,Pre-Season,Pre-Season,2022-10-02,Sunday,01:00,Los Angeles Kings,Anaheim Ducks,Los Angeles Kings,Anaheim Ducks,LAK,ANA,2,1,3,1,Los Angeles Kings,Anaheim Ducks,Home Win (2-1),2-1,Regulation,No,No,Crypto.com Arena,Los Angeles,FINAL,J. Quick (Winning Goalie); A. Kaliyev (GWG Scorer),Los Angeles Kings defeated Anaheim Ducks 2-1 in regulation at Crypto.com Arena (Los Angeles).,NHL Official Stats REST API (api-web.nhle.com/v1)
68,2022010107,2022-2023,2022,Pre-Season,Pre-Season,2022-10-03,Monday,18:00,Bern SC Bern,Nashville Predators,Bern SC Bern,Nashville Predators,SCB,NSH,3,4,7,1,Nashville Predators,Bern SC Bern,Away Win (4-3),3-4,Regulation,No,No,PostFinance Arena,Bern,FINAL,K. Lankinen (Winning Goalie); M. Duchene (GWG Scorer),Nashville Predators defeated Bern SC Bern 4-3 in regulation at PostFinance Arena (Bern).,NHL Official Stats REST API (api-web.nhle.com/v1)
69,2022010068,2022-2023,2022,Pre-Season,Pre-Season,2022-10-03,Monday,23:00,New Jersey Devils,Boston Bruins,New Jersey Devils,Boston Bruins,NJD,BOS,1,0,1,1,New Jersey Devils,Boston Bruins,Home Win (1-0),1-0,Regulation,No,No,Prudential Center,New Jersey,FINAL,V. Vanecek (Winning Goalie); T. Tatar (GWG Scorer),New Jersey Devils defeated Boston Bruins 1-0 in regulation at Prudential Center (New Jersey).,NHL Official Stats REST API (api-web.nhle.com/v1)
70,2022010069,2022-2023,2022,Pre-Season,Pre-Season,2022-10-03,Monday,23:00,Carolina Hurricanes,Columbus Blue Jackets,Carolina Hurricanes,Columbus Blue Jackets,CAR,CBJ,8,1,9,7,Carolina Hurricanes,Columbus Blue Jackets,Home Win (8-1),8-1,Regulation,No,No,PNC Arena,Carolina,FINAL,A. Raanta (Winning Goalie); S. Noesen (GWG Scorer),Carolina Hurricanes defeated Columbus Blue Jackets 8-1 in regulation at PNC Arena (Carolina).,NHL Official Stats REST API (api-web.nhle.com/v1)
71,2022010070,2022-2023,2022,Pre-Season,Pre-Season,2022-10-03,Monday,23:00,Montréal Canadiens,Toronto Maple Leafs,Montréal Canadiens,Toronto Maple Leafs,MTL,TOR,1,5,6,4,Toronto Maple Leafs,Montréal Canadiens,Away Win (5-1),1-5,Regulation,No,No,Centre Bell,Montréal,FINAL,M. Murray (Winning Goalie); Z. Aston-Reese (GWG Scorer),Toronto Maple Leafs defeated Montréal Canadiens 5-1 in regulation at Centre Bell (Montréal).,NHL Official Stats REST API (api-web.nhle.com/v1)
72,2022010071,2022-2023,2022,Pre-Season,Pre-Season,2022-10-03,Monday,23:30,Detroit Red Wings,Pittsburgh Penguins,Detroit Red Wings,Pittsburgh Penguins,DET,PIT,2,3,5,1,Pittsburgh Penguins,Detroit Red Wings,Away Win (3-2),2-3,Regulation,No,No,Little Caesars Arena,Detroit,FINAL,C. DeSmith (Winning Goalie); J. Zucker (GWG Scorer),Pittsburgh Penguins defeated Detroit Red Wings 3-2 in regulation at Little Caesars Arena (Detroit).,NHL Official Stats REST API (api-web.nhle.com/v1)
73,2022010072,2022-2023,2022,Pre-Season,Pre-Season,2022-10-03,Monday,00:00,Dallas Stars,Colorado Avalanche,Dallas Stars,Colorado Avalanche,DAL,COL,1,3,4,2,Colorado Avalanche,Dallas Stars,Away Win (3-1),1-3,Regulation,No,No,American Airlines Center,Dallas,FINAL,P. Francouz (Winning Goalie); A. Lehkonen (GWG Scorer),Colorado Avalanche defeated Dallas Stars 3-1 in regulation at American Airlines Center (Dallas).,NHL Official Stats REST API (api-web.nhle.com/v1)
74,2022010073,2022-2023,2022,Pre-Season,Pre-Season,2022-10-03,Monday,01:00,Calgary Flames,Seattle Kraken,Calgary Flames,Seattle Kraken,CGY,SEA,4,1,5,3,Calgary Flames,Seattle Kraken,Home Win (4-1),4-1,Regulation,No,No,Scotiabank Saddledome,Calgary,FINAL,J. Markstrom (Winning Goalie); M. Stone (GWG Scorer),Calgary Flames defeated Seattle Kraken 4-1 in regulation at Scotiabank Saddledome (Calgary).,NHL Official Stats REST API (api-web.nhle.com/v1)
75,2022010074,2022-2023,2022,Pre-Season,Pre-Season,2022-10-03,Monday,01:00,Edmonton Oilers,Vancouver Canucks,Edmonton Oilers,Vancouver Canucks,EDM,VAN,7,2,9,5,Edmonton Oilers,Vancouver Canucks,Home Win (7-2),7-2,Regulation,No,No,Rogers Place,Edmonton,FINAL,J. Campbell (Winning Goalie); D. Holloway (GWG Scorer),Edmonton Oilers defeated Vancouver Canucks 7-2 in regulation at Rogers Place (Edmonton).,NHL Official Stats REST API (api-web.nhle.com/v1)
76,2022010108,2022-2023,2022,Pre-Season,Pre-Season,2022-10-04,Tuesday,18:00,Berlin Eisbaren,San Jose Sharks,Berlin Eisbaren,San Jose Sharks,EIS,SJS,1,3,4,2,San Jose Sharks,Berlin Eisbaren,Away Win (3-1),1-3,Regulation,No,No,Mercedes-Benz Arena,Berlin,FINAL,K. Kahkonen (Winning Goalie); S. Lorentz (GWG Scorer),San Jose Sharks defeated Berlin Eisbaren 3-1 in regulation at Mercedes-Benz Arena (Berlin).,NHL Official Stats REST API (api-web.nhle.com/v1)
77,2022010075,2022-2023,2022,Pre-Season,Pre-Season,2022-10-04,Tuesday,23:00,Buffalo Sabres,Carolina Hurricanes,Buffalo Sabres,Carolina Hurricanes,BUF,CAR,4,2,6,2,Buffalo Sabres,Carolina Hurricanes,Home Win (4-2),4-2,Regulation,No,No,KeyBank Center,Buffalo,FINAL,C. Anderson (Winning Goalie); D. Cozens (GWG Scorer),Buffalo Sabres defeated Carolina Hurricanes 4-2 in regulation at KeyBank Center (Buffalo).,NHL Official Stats REST API (api-web.nhle.com/v1)
78,2022010076,2022-2023,2022,Pre-Season,Pre-Season,2022-10-04,Tuesday,23:00,Philadelphia Flyers,New York Islanders,Philadelphia Flyers,New York Islanders,PHI,NYI,3,4,7,1,New York Islanders,Philadelphia Flyers,Away Win (4-3 OT),3-4,Overtime,Yes,No,Wells Fargo Center,Philadelphia,FINAL,I. Sorokin (Winning Goalie); N. Dobson (GWG Scorer),New York Islanders defeated Philadelphia Flyers 4-3 in overtime at Wells Fargo Center (Philadelphia).,NHL Official Stats REST API (api-web.nhle.com/v1)
79,2022010077,2022-2023,2022,Pre-Season,Pre-Season,2022-10-04,Tuesday,23:00,Montréal Canadiens,Ottawa Senators,Montréal Canadiens,Ottawa Senators,MTL,OTT,4,5,9,1,Ottawa Senators,Montréal Canadiens,Away Win (5-4),4-5,Regulation,No,No,Centre Bell,Montréal,FINAL,A. Forsberg (Winning Goalie); B. Tkachuk (GWG Scorer),Ottawa Senators defeated Montréal Canadiens 5-4 in regulation at Centre Bell (Montréal).,NHL Official Stats REST API (api-web.nhle.com/v1)
80,2022010078,2022-2023,2022,Pre-Season,Pre-Season,2022-10-04,Tuesday,00:00,St. Louis Blues,Minnesota Wild,St. Louis Blues,Minnesota Wild,STL,MIN,4,2,6,2,St. Louis Blues,Minnesota Wild,Home Win (4-2),4-2,Regulation,No,No,Enterprise Center,St. Louis,FINAL,J. Binnington (Winning Goalie); N. Walker (GWG Scorer),St. Louis Blues defeated Minnesota Wild 4-2 in regulation at Enterprise Center (St. Louis).,NHL Official Stats REST API (api-web.nhle.com/v1)
81,2022010079,2022-2023,2022,Pre-Season,Pre-Season,2022-10-04,Tuesday,02:00,Vegas Golden Knights,Arizona Coyotes,Vegas Golden Knights,Arizona Coyotes,VGK,ARI,4,3,7,1,Vegas Golden Knights,Arizona Coyotes,Home Win (4-3),4-3,Regulation,No,No,T-Mobile Arena,Vegas,FINAL,A. Hill (Winning Goalie); W. Karlsson (GWG Scorer),Vegas Golden Knights defeated Arizona Coyotes 4-3 in regulation at T-Mobile Arena (Vegas).,NHL Official Stats REST API (api-web.nhle.com/v1)
82,2022010080,2022-2023,2022,Pre-Season,Pre-Season,2022-10-04,Tuesday,02:00,Anaheim Ducks,Los Angeles Kings,Anaheim Ducks,Los Angeles Kings,ANA,LAK,5,4,9,1,Anaheim Ducks,Los Angeles Kings,Home Win (5-4),5-4,Regulation,No,No,Honda Center,Anaheim,FINAL,A. Stolarz (Winning Goalie); F. Vatrano (GWG Scorer),Anaheim Ducks defeated Los Angeles Kings 5-4 in regulation at Honda Center (Anaheim).,NHL Official Stats REST API (api-web.nhle.com/v1)
83,2022010081,2022-2023,2022,Pre-Season,Pre-Season,2022-10-05,Wednesday,23:00,New York Rangers,Boston Bruins,New York Rangers,Boston Bruins,NYR,BOS,4,5,9,1,Boston Bruins,New York Rangers,Away Win (5-4),4-5,Regulation,No,No,Madison Square Garden,New York,FINAL,J. Swayman (Winning Goalie); M. Reilly (GWG Scorer),Boston Bruins defeated New York Rangers 5-4 in regulation at Madison Square Garden (New York).,NHL Official Stats REST API (api-web.nhle.com/v1)
84,2022010082,2022-2023,2022,Pre-Season,Pre-Season,2022-10-05,Wednesday,23:00,Washington Capitals,Detroit Red Wings,Washington Capitals,Detroit Red Wings,WSH,DET,4,2,6,2,Washington Capitals,Detroit Red Wings,Home Win (4-2),4-2,Regulation,No,No,Capital One Arena,Washington,FINAL,D. Kuemper (Winning Goalie); C. Brown (GWG Scorer),Washington Capitals defeated Detroit Red Wings 4-2 in regulation at Capital One Arena (Washington).,NHL Official Stats REST API (api-web.nhle.com/v1)
85,2022010083,2022-2023,2022,Pre-Season,Pre-Season,2022-10-05,Wednesday,00:00,Winnipeg Jets,Calgary Flames,Winnipeg Jets,Calgary Flames,WPG,CGY,5,0,5,5,Winnipeg Jets,Calgary Flames,Home Win (5-0),5-0,Regulation,No,No,Canada Life Centre,Winnipeg,FINAL,D. Rittich (Winning Goalie); K. Connor (GWG Scorer),Winnipeg Jets defeated Calgary Flames 5-0 in regulation at Canada Life Centre (Winnipeg).,NHL Official Stats REST API (api-web.nhle.com/v1)
86,2022010084,2022-2023,2022,Pre-Season,Pre-Season,2022-10-05,Wednesday,01:30,Colorado Avalanche,Dallas Stars,Colorado Avalanche,Dallas Stars,COL,DAL,2,1,3,1,Colorado Avalanche,Dallas Stars,Home Win (2-1),2-1,Regulation,No,No,Ball Arena,Colorado,FINAL,A. Georgiev (Winning Goalie); M. Rantanen (GWG Scorer),Colorado Avalanche defeated Dallas Stars 2-1 in regulation at Ball Arena (Colorado).,NHL Official Stats REST API (api-web.nhle.com/v1)
87,2022010085,2022-2023,2022,Pre-Season,Pre-Season,2022-10-05,Wednesday,02:00,Vancouver Canucks,Edmonton Oilers,Vancouver Canucks,Edmonton Oilers,VAN,EDM,5,4,9,1,Vancouver Canucks,Edmonton Oilers,Home Win (5-4),5-4,Regulation,No,No,Abbotsford Entertainment Centre,Vancouver,FINAL,S. Martin (Winning Goalie); E. Pettersson (GWG Scorer),Vancouver Canucks defeated Edmonton Oilers 5-4 in regulation at Abbotsford Entertainment Centre (Vancouver).,NHL Official Stats REST API (api-web.nhle.com/v1)
88,2022010086,2022-2023,2022,Pre-Season,Pre-Season,2022-10-06,Thursday,22:00,Montréal Canadiens,Ottawa Senators,Montréal Canadiens,Ottawa Senators,MTL,OTT,3,4,7,1,Ottawa Senators,Montréal Canadiens,Away Win (4-3),3-4,Regulation,No,No,Steele Community Centre,Montréal,FINAL,A. Forsberg (Winning Goalie); C. Giroux (GWG Scorer),Ottawa Senators defeated Montréal Canadiens 4-3 in regulation at Steele Community Centre (Montréal).,NHL Official Stats REST API (api-web.nhle.com/v1)
89,2022010087,2022-2023,2022,Pre-Season,Pre-Season,2022-10-06,Thursday,23:00,New York Islanders,New Jersey Devils,New York Islanders,New Jersey Devils,NYI,NJD,5,2,7,3,New York Islanders,New Jersey Devils,Home Win (5-2),5-2,Regulation,No,No,UBS Arena,New York,FINAL,S. Varlamov (Winning Goalie); R. Johnston (GWG Scorer),New York Islanders defeated New Jersey Devils 5-2 in regulation at UBS Arena (New York).,NHL Official Stats REST API (api-web.nhle.com/v1)
90,2022010089,2022-2023,2022,Pre-Season,Pre-Season,2022-10-06,Thursday,23:00,Florida Panthers,Tampa Bay Lightning,Florida Panthers,Tampa Bay Lightning,FLA,TBL,3,2,5,1,Florida Panthers,Tampa Bay Lightning,Home Win (3-2),3-2,Regulation,No,No,FLA Live Arena,Florida,FINAL,S. Bobrovsky (Winning Goalie); B. Montour (GWG Scorer),Florida Panthers defeated Tampa Bay Lightning 3-2 in regulation at FLA Live Arena (Florida).,NHL Official Stats REST API (api-web.nhle.com/v1)
91,2022010088,2022-2023,2022,Pre-Season,Pre-Season,2022-10-06,Thursday,23:30,Columbus Blue Jackets,St. Louis Blues,Columbus Blue Jackets,St. Louis Blues,CBJ,STL,7,0,7,7,Columbus Blue Jackets,St. Louis Blues,Home Win (7-0),7-0,Regulation,No,No,Nationwide Arena,Columbus,FINAL,D. Tarasov (Winning Goalie); P. Laine (GWG Scorer),Columbus Blue Jackets defeated St. Louis Blues 7-0 in regulation at Nationwide Arena (Columbus).,NHL Official Stats REST API (api-web.nhle.com/v1)
92,2022010090,2022-2023,2022,Pre-Season,Pre-Season,2022-10-06,Thursday,00:00,Minnesota Wild,Chicago Blackhawks,Minnesota Wild,Chicago Blackhawks,MIN,CHI,4,1,5,3,Minnesota Wild,Chicago Blackhawks,Home Win (4-1),4-1,Regulation,No,No,Xcel Energy Center,Minnesota,FINAL,F. Gustavsson (Winning Goalie); F. Gaudreau (GWG Scorer),Minnesota Wild defeated Chicago Blackhawks 4-1 in regulation at Xcel Energy Center (Minnesota).,NHL Official Stats REST API (api-web.nhle.com/v1)
93,2022010091,2022-2023,2022,Pre-Season,Pre-Season,2022-10-06,Thursday,01:00,Los Angeles Kings,Vegas Golden Knights,Los Angeles Kings,Vegas Golden Knights,LAK,VGK,4,6,10,2,Vegas Golden Knights,Los Angeles Kings,Away Win (6-4),4-6,Regulation,No,No,Vivint Arena,Los Angeles,FINAL,L. Thompson (Winning Goalie); R. Smith (GWG Scorer),Vegas Golden Knights defeated Los Angeles Kings 6-4 in regulation at Vivint Arena (Los Angeles).,NHL Official Stats REST API (api-web.nhle.com/v1)
94,2022020001,2022-2023,2022,Regular Season,Regular Season,2022-10-07,Friday,18:00,Nashville Predators,San Jose Sharks,Nashville Predators,San Jose Sharks,NSH,SJS,4,1,5,3,Nashville Predators,San Jose Sharks,Home Win (4-1),4-1,Regulation,No,No,O2 Czech Republic,Nashville,OFF,J. Saros (Winning Goalie); E. Tolvanen (GWG Scorer),Nashville Predators defeated San Jose Sharks 4-1 in regulation at O2 Czech Republic (Nashville).,NHL Official Stats REST API (api-web.nhle.com/v1)
95,2022010092,2022-2023,2022,Pre-Season,Pre-Season,2022-10-07,Friday,23:00,Pittsburgh Penguins,Buffalo Sabres,Pittsburgh Penguins,Buffalo Sabres,PIT,BUF,7,1,8,6,Pittsburgh Penguins,Buffalo Sabres,Home Win (7-1),7-1,Regulation,No,No,PPG Paints Arena,Pittsburgh,FINAL,T. Jarry (Winning Goalie); S. Crosby (GWG Scorer),Pittsburgh Penguins defeated Buffalo Sabres 7-1 in regulation at PPG Paints Arena (Pittsburgh).,NHL Official Stats REST API (api-web.nhle.com/v1)
96,2022010093,2022-2023,2022,Pre-Season,Pre-Season,2022-10-07,Friday,23:30,Detroit Red Wings,Toronto Maple Leafs,Detroit Red Wings,Toronto Maple Leafs,DET,TOR,4,2,6,2,Detroit Red Wings,Toronto Maple Leafs,Home Win (4-2),4-2,Regulation,No,No,Little Caesars Arena,Detroit,FINAL,A. Nedeljkovic (Winning Goalie); J. Veleno (GWG Scorer),Detroit Red Wings defeated Toronto Maple Leafs 4-2 in regulation at Little Caesars Arena (Detroit).,NHL Official Stats REST API (api-web.nhle.com/v1)
97,2022010094,2022-2023,2022,Pre-Season,Pre-Season,2022-10-07,Friday,01:00,Edmonton Oilers,Seattle Kraken,Edmonton Oilers,Seattle Kraken,EDM,SEA,5,3,8,2,Edmonton Oilers,Seattle Kraken,Home Win (5-3),5-3,Regulation,No,No,Rogers Place,Edmonton,FINAL,J. Campbell (Winning Goalie); E. Kane (GWG Scorer),Edmonton Oilers defeated Seattle Kraken 5-3 in regulation at Rogers Place (Edmonton).,NHL Official Stats REST API (api-web.nhle.com/v1)
98,2022010095,2022-2023,2022,Pre-Season,Pre-Season,2022-10-07,Friday,01:00,Calgary Flames,Winnipeg Jets,Calgary Flames,Winnipeg Jets,CGY,WPG,3,5,8,2,Winnipeg Jets,Calgary Flames,Away Win (5-3),3-5,Regulation,No,No,Scotiabank Saddledome,Calgary,FINAL,C. Hellebuyck (Winning Goalie); K. Connor (GWG Scorer),Winnipeg Jets defeated Calgary Flames 5-3 in regulation at Scotiabank Saddledome (Calgary).,NHL Official Stats REST API (api-web.nhle.com/v1)
99,2022010096,2022-2023,2022,Pre-Season,Pre-Season,2022-10-07,Friday,02:00,Vancouver Canucks,Arizona Coyotes,Vancouver Canucks,Arizona Coyotes,VAN,ARI,4,0,4,4,Vancouver Canucks,Arizona Coyotes,Home Win (4-0),4-0,Regulation,No,No,Rogers Arena,Vancouver,FINAL,T. Demko (Winning Goalie); B. Horvat (GWG Scorer),Vancouver Canucks defeated Arizona Coyotes 4-0 in regulation at Rogers Arena (Vancouver).,NHL Official Stats REST API (api-web.nhle.com/v1)
100,2022020002,2022-2023,2022,Regular Season,Regular Season,2022-10-08,Saturday,18:00,San Jose Sharks,Nashville Predators,San Jose Sharks,Nashville Predators,SJS,NSH,2,3,5,1,Nashville Predators,San Jose Sharks,Away Win (3-2),2-3,Regulation,No,No,O2 Czech Republic,San Jose,OFF,K. Lankinen (Winning Goalie); N. Niederreiter (GWG Scorer),Nashville Predators defeated San Jose Sharks 3-2 in regulation at O2 Czech Republic (San Jose).,NHL Official Stats REST API (api-web.nhle.com/v1)
101,2022010106,2022-2023,2022,Pre-Season,Pre-Season,2022-10-08,Saturday,19:00,St. Louis Blues,Chicago Blackhawks,St. Louis Blues,Chicago Blackhawks,STL,CHI,6,0,6,6,St. Louis Blues,Chicago Blackhawks,Home Win (6-0),6-0,Regulation,No,No,Enterprise Center,St. Louis,FINAL,J. Binnington (Winning Goalie); I. Barbashev (GWG Scorer),St. Louis Blues defeated Chicago Blackhawks 6-0 in regulation at Enterprise Center (St. Louis).,NHL Official Stats REST API (api-web.nhle.com/v1)
102,2022010097,2022-2023,2022,Pre-Season,Pre-Season,2022-10-08,Saturday,20:00,Tampa Bay Lightning,Florida Panthers,Tampa Bay Lightning,Florida Panthers,TBL,FLA,5,2,7,3,Tampa Bay Lightning,Florida Panthers,Home Win (5-2),5-2,Regulation,No,No,Amalie Arena,Tampa Bay,FINAL,A. Vasilevskiy (Winning Goalie); V. Namestnikov (GWG Scorer),Tampa Bay Lightning defeated Florida Panthers 5-2 in regulation at Amalie Arena (Tampa Bay).,NHL Official Stats REST API (api-web.nhle.com/v1)
103,2022010098,2022-2023,2022,Pre-Season,Pre-Season,2022-10-08,Saturday,20:00,Los Angeles Kings,Anaheim Ducks,Los Angeles Kings,Anaheim Ducks,LAK,ANA,6,3,9,3,Los Angeles Kings,Anaheim Ducks,Home Win (6-3),6-3,Regulation,No,No,Crypto.com Arena,Los Angeles,FINAL,J. Quick (Winning Goalie); S. Durzi (GWG Scorer),Los Angeles Kings defeated Anaheim Ducks 6-3 in regulation at Crypto.com Arena (Los Angeles).,NHL Official Stats REST API (api-web.nhle.com/v1)
104,2022010100,2022-2023,2022,Pre-Season,Pre-Season,2022-10-08,Saturday,22:00,Minnesota Wild,Dallas Stars,Minnesota Wild,Dallas Stars,MIN,DAL,5,1,6,4,Minnesota Wild,Dallas Stars,Home Win (5-1),5-1,Regulation,No,No,Xcel Energy Center,Minnesota,FINAL,M. Fleury (Winning Goalie); K. Kaprizov (GWG Scorer),Minnesota Wild defeated Dallas Stars 5-1 in regulation at Xcel Energy Center (Minnesota).,NHL Official Stats REST API (api-web.nhle.com/v1)
105,2022010099,2022-2023,2022,Pre-Season,Pre-Season,2022-10-08,Saturday,22:30,Ottawa Senators,Montréal Canadiens,Ottawa Senators,Montréal Canadiens,OTT,MTL,3,2,5,1,Ottawa Senators,Montréal Canadiens,Home Win (3-2 OT),3-2,Overtime,Yes,No,J.K. Irving Centre,Ottawa,FINAL,M. Hellberg (Winning Goalie); D. Batherson (GWG Scorer),Ottawa Senators defeated Montréal Canadiens 3-2 in overtime at J.K. Irving Centre (Ottawa).,NHL Official Stats REST API (api-web.nhle.com/v1)
106,2022010101,2022-2023,2022,Pre-Season,Pre-Season,2022-10-08,Saturday,23:00,Washington Capitals,Columbus Blue Jackets,Washington Capitals,Columbus Blue Jackets,WSH,CBJ,4,3,7,1,Washington Capitals,Columbus Blue Jackets,Home Win (4-3 OT),4-3,Overtime,Yes,No,Capital One Arena,Washington,FINAL,D. Kuemper (Winning Goalie); D. Strome (GWG Scorer),Washington Capitals defeated Columbus Blue Jackets 4-3 in overtime at Capital One Arena (Washington).,NHL Official Stats REST API (api-web.nhle.com/v1)
107,2022010102,2022-2023,2022,Pre-Season,Pre-Season,2022-10-08,Saturday,23:00,Toronto Maple Leafs,Detroit Red Wings,Toronto Maple Leafs,Detroit Red Wings,TOR,DET,5,1,6,4,Toronto Maple Leafs,Detroit Red Wings,Home Win (5-1),5-1,Regulation,No,No,Scotiabank Arena,Toronto,FINAL,M. Murray (Winning Goalie); D. Malgin (GWG Scorer),Toronto Maple Leafs defeated Detroit Red Wings 5-1 in regulation at Scotiabank Arena (Toronto).,NHL Official Stats REST API (api-web.nhle.com/v1)
108,2022010103,2022-2023,2022,Pre-Season,Pre-Season,2022-10-08,Saturday,23:00,Boston Bruins,New Jersey Devils,Boston Bruins,New Jersey Devils,BOS,NJD,3,5,8,2,New Jersey Devils,Boston Bruins,Away Win (5-3),3-5,Regulation,No,No,TD Garden,Boston,FINAL,V. Vanecek (Winning Goalie); Y. Sharangovich (GWG Scorer),New Jersey Devils defeated Boston Bruins 5-3 in regulation at TD Garden (Boston).,NHL Official Stats REST API (api-web.nhle.com/v1)
109,2022010104,2022-2023,2022,Pre-Season,Pre-Season,2022-10-08,Saturday,23:00,New York Islanders,New York Rangers,New York Islanders,New York Rangers,NYI,NYR,3,1,4,2,New York Islanders,New York Rangers,Home Win (3-1),3-1,Regulation,No,No,UBS Arena,New York,FINAL,I. Sorokin (Winning Goalie); M. Barzal (GWG Scorer),New York Islanders defeated New York Rangers 3-1 in regulation at UBS Arena (New York).,NHL Official Stats REST API (api-web.nhle.com/v1)
110,2022010105,2022-2023,2022,Pre-Season,Pre-Season,2022-10-08,Saturday,00:00,Vegas Golden Knights,Arizona Coyotes,Vegas Golden Knights,Arizona Coyotes,VGK,ARI,5,1,6,4,Vegas Golden Knights,Arizona Coyotes,Home Win (5-1),5-1,Regulation,No,No,Idaho Central Arena,Vegas,FINAL,L. Thompson (Winning Goalie); N. Roy (GWG Scorer),Vegas Golden Knights defeated Arizona Coyotes 5-1 in regulation at Idaho Central Arena (Vegas).,NHL Official Stats REST API (api-web.nhle.com/v1)
111,2022020003,2022-2023,2022,Regular Season,Regular Season,2022-10-11,Tuesday,23:30,New York Rangers,Tampa Bay Lightning,New York Rangers,Tampa Bay Lightning,NYR,TBL,3,1,4,2,New York Rangers,Tampa Bay Lightning,Home Win (3-1),3-1,Regulation,No,No,Madison Square Garden,New York,OFF,I. Shesterkin (Winning Goalie); M. Zibanejad (GWG Scorer),New York Rangers defeated Tampa Bay Lightning 3-1 in regulation at Madison Square Garden (New York).,NHL Official Stats REST API (api-web.nhle.com/v1)
112,2022020004,2022-2023,2022,Regular Season,Regular Season,2022-10-11,Tuesday,02:00,Los Angeles Kings,Vegas Golden Knights,Los Angeles Kings,Vegas Golden Knights,LAK,VGK,3,4,7,1,Vegas Golden Knights,Los Angeles Kings,Away Win (4-3),3-4,Regulation,No,No,Crypto.com Arena,Los Angeles,OFF,L. Thompson (Winning Goalie); M. Stone (GWG Scorer),Vegas Golden Knights defeated Los Angeles Kings 4-3 in regulation at Crypto.com Arena (Los Angeles).,NHL Official Stats REST API (api-web.nhle.com/v1)
113,2022020005,2022-2023,2022,Regular Season,Regular Season,2022-10-12,Wednesday,23:00,Washington Capitals,Boston Bruins,Washington Capitals,Boston Bruins,WSH,BOS,2,5,7,3,Boston Bruins,Washington Capitals,Away Win (5-2),2-5,Regulation,No,No,Capital One Arena,Washington,OFF,L. Ullmark (Winning Goalie); T. Hall (GWG Scorer),Boston Bruins defeated Washington Capitals 5-2 in regulation at Capital One Arena (Washington).,NHL Official Stats REST API (api-web.nhle.com/v1)
114,2022020006,2022-2023,2022,Regular Season,Regular Season,2022-10-12,Wednesday,23:00,Carolina Hurricanes,Columbus Blue Jackets,Carolina Hurricanes,Columbus Blue Jackets,CAR,CBJ,4,1,5,3,Carolina Hurricanes,Columbus Blue Jackets,Home Win (4-1),4-1,Regulation,No,No,PNC Arena,Carolina,OFF,F. Andersen (Winning Goalie); B. Skjei (GWG Scorer),Carolina Hurricanes defeated Columbus Blue Jackets 4-1 in regulation at PNC Arena (Carolina).,NHL Official Stats REST API (api-web.nhle.com/v1)
115,2022020007,2022-2023,2022,Regular Season,Regular Season,2022-10-12,Wednesday,23:00,Montréal Canadiens,Toronto Maple Leafs,Montréal Canadiens,Toronto Maple Leafs,MTL,TOR,4,3,7,1,Montréal Canadiens,Toronto Maple Leafs,Home Win (4-3),4-3,Regulation,No,No,Centre Bell,Montréal,OFF,J. Allen (Winning Goalie); J. Anderson (GWG Scorer),Montréal Canadiens defeated Toronto Maple Leafs 4-3 in regulation at Centre Bell (Montréal).,NHL Official Stats REST API (api-web.nhle.com/v1)
116,2022020008,2022-2023,2022,Regular Season,Regular Season,2022-10-12,Wednesday,01:30,Colorado Avalanche,Chicago Blackhawks,Colorado Avalanche,Chicago Blackhawks,COL,CHI,5,2,7,3,Colorado Avalanche,Chicago Blackhawks,Home Win (5-2),5-2,Regulation,No,No,Ball Arena,Colorado,OFF,A. Georgiev (Winning Goalie); A. Lehkonen (GWG Scorer),Colorado Avalanche defeated Chicago Blackhawks 5-2 in regulation at Ball Arena (Colorado).,NHL Official Stats REST API (api-web.nhle.com/v1)
117,2022020009,2022-2023,2022,Regular Season,Regular Season,2022-10-12,Wednesday,02:00,Anaheim Ducks,Seattle Kraken,Anaheim Ducks,Seattle Kraken,ANA,SEA,5,4,9,1,Anaheim Ducks,Seattle Kraken,Home Win (5-4 OT),5-4,Overtime,Yes,No,Honda Center,Anaheim,OFF,J. Gibson (Winning Goalie); T. Terry (GWG Scorer),Anaheim Ducks defeated Seattle Kraken 5-4 in overtime at Honda Center (Anaheim).,NHL Official Stats REST API (api-web.nhle.com/v1)
118,2022020010,2022-2023,2022,Regular Season,Regular Season,2022-10-12,Wednesday,02:00,Edmonton Oilers,Vancouver Canucks,Edmonton Oilers,Vancouver Canucks,EDM,VAN,5,3,8,2,Edmonton Oilers,Vancouver Canucks,Home Win (5-3),5-3,Regulation,No,No,Rogers Place,Edmonton,OFF,J. Campbell (Winning Goalie); C. McDavid (GWG Scorer),Edmonton Oilers defeated Vancouver Canucks 5-3 in regulation at Rogers Place (Edmonton).,NHL Official Stats REST API (api-web.nhle.com/v1)
119,2022020011,2022-2023,2022,Regular Season,Regular Season,2022-10-13,Thursday,23:00,Pittsburgh Penguins,Arizona Coyotes,Pittsburgh Penguins,Arizona Coyotes,PIT,ARI,6,2,8,4,Pittsburgh Penguins,Arizona Coyotes,Home Win (6-2),6-2,Regulation,No,No,PPG Paints Arena,Pittsburgh,OFF,T. Jarry (Winning Goalie); J. Guentzel (GWG Scorer),Pittsburgh Penguins defeated Arizona Coyotes 6-2 in regulation at PPG Paints Arena (Pittsburgh).,NHL Official Stats REST API (api-web.nhle.com/v1)
120,2022020012,2022-2023,2022,Regular Season,Regular Season,2022-10-13,Thursday,23:00,Philadelphia Flyers,New Jersey Devils,Philadelphia Flyers,New Jersey Devils,PHI,NJD,5,2,7,3,Philadelphia Flyers,New Jersey Devils,Home Win (5-2),5-2,Regulation,No,No,Wells Fargo Center,Philadelphia,OFF,C. Hart (Winning Goalie); M. Frost (GWG Scorer),Philadelphia Flyers defeated New Jersey Devils 5-2 in regulation at Wells Fargo Center (Philadelphia).,NHL Official Stats REST API (api-web.nhle.com/v1)
121,2022020013,2022-2023,2022,Regular Season,Regular Season,2022-10-13,Thursday,23:00,Buffalo Sabres,Ottawa Senators,Buffalo Sabres,Ottawa Senators,BUF,OTT,4,1,5,3,Buffalo Sabres,Ottawa Senators,Home Win (4-1),4-1,Regulation,No,No,KeyBank Center,Buffalo,OFF,C. Anderson (Winning Goalie); R. Dahlin (GWG Scorer),Buffalo Sabres defeated Ottawa Senators 4-1 in regulation at KeyBank Center (Buffalo).,NHL Official Stats REST API (api-web.nhle.com/v1)
122,2022020014,2022-2023,2022,Regular Season,Regular Season,2022-10-13,Thursday,23:30,New York Islanders,Florida Panthers,New York Islanders,Florida Panthers,NYI,FLA,1,3,4,2,Florida Panthers,New York Islanders,Away Win (3-1),1-3,Regulation,No,No,UBS Arena,New York,OFF,S. Bobrovsky (Winning Goalie); P. Hornqvist (GWG Scorer),Florida Panthers defeated New York Islanders 3-1 in regulation at UBS Arena (New York).,NHL Official Stats REST API (api-web.nhle.com/v1)
123,2022020015,2022-2023,2022,Regular Season,Regular Season,2022-10-13,Thursday,23:30,Toronto Maple Leafs,Washington Capitals,Toronto Maple Leafs,Washington Capitals,TOR,WSH,3,2,5,1,Toronto Maple Leafs,Washington Capitals,Home Win (3-2),3-2,Regulation,No,No,Scotiabank Arena,Toronto,OFF,I. Samsonov (Winning Goalie); A. Matthews (GWG Scorer),Toronto Maple Leafs defeated Washington Capitals 3-2 in regulation at Scotiabank Arena (Toronto).,NHL Official Stats REST API (api-web.nhle.com/v1)
124,2022020017,2022-2023,2022,Regular Season,Regular Season,2022-10-13,Thursday,00:00,Minnesota Wild,New York Rangers,Minnesota Wild,New York Rangers,MIN,NYR,3,7,10,4,New York Rangers,Minnesota Wild,Away Win (7-3),3-7,Regulation,No,No,Xcel Energy Center,Minnesota,OFF,I. Shesterkin (Winning Goalie); F. Chytil (GWG Scorer),New York Rangers defeated Minnesota Wild 7-3 in regulation at Xcel Energy Center (Minnesota).,NHL Official Stats REST API (api-web.nhle.com/v1)
125,2022020016,2022-2023,2022,Regular Season,Regular Season,2022-10-13,Thursday,00:30,Nashville Predators,Dallas Stars,Nashville Predators,Dallas Stars,NSH,DAL,1,4,5,3,Dallas Stars,Nashville Predators,Away Win (4-1),1-4,Regulation,No,No,Bridgestone Arena,Nashville,OFF,J. Oettinger (Winning Goalie); M. Marchment (GWG Scorer),Dallas Stars defeated Nashville Predators 4-1 in regulation at Bridgestone Arena (Nashville).,NHL Official Stats REST API (api-web.nhle.com/v1)
126,2022020018,2022-2023,2022,Regular Season,Regular Season,2022-10-13,Thursday,01:30,Calgary Flames,Colorado Avalanche,Calgary Flames,Colorado Avalanche,CGY,COL,5,3,8,2,Calgary Flames,Colorado Avalanche,Home Win (5-3),5-3,Regulation,No,No,Scotiabank Saddledome,Calgary,OFF,J. Markstrom (Winning Goalie); T. Toffoli (GWG Scorer),Calgary Flames defeated Colorado Avalanche 5-3 in regulation at Scotiabank Saddledome (Calgary).,NHL Official Stats REST API (api-web.nhle.com/v1)
127,2022020019,2022-2023,2022,Regular Season,Regular Season,2022-10-13,Thursday,02:00,Vegas Golden Knights,Chicago Blackhawks,Vegas Golden Knights,Chicago Blackhawks,VGK,CHI,1,0,1,1,Vegas Golden Knights,Chicago Blackhawks,Home Win (1-0),1-0,Regulation,No,No,T-Mobile Arena,Vegas,OFF,L. Thompson (Winning Goalie); P. Cotter (GWG Scorer),Vegas Golden Knights defeated Chicago Blackhawks 1-0 in regulation at T-Mobile Arena (Vegas).,NHL Official Stats REST API (api-web.nhle.com/v1)
128,2022020020,2022-2023,2022,Regular Season,Regular Season,2022-10-13,Thursday,02:30,Los Angeles Kings,Seattle Kraken,Los Angeles Kings,Seattle Kraken,LAK,SEA,1,4,5,3,Seattle Kraken,Los Angeles Kings,Away Win (4-1),1-4,Regulation,No,No,Crypto.com Arena,Los Angeles,OFF,M. Jones (Winning Goalie); B. Tanev (GWG Scorer),Seattle Kraken defeated Los Angeles Kings 4-1 in regulation at Crypto.com Arena (Los Angeles).,NHL Official Stats REST API (api-web.nhle.com/v1)
129,2022020021,2022-2023,2022,Regular Season,Regular Season,2022-10-14,Friday,23:00,Columbus Blue Jackets,Tampa Bay Lightning,Columbus Blue Jackets,Tampa Bay Lightning,CBJ,TBL,2,5,7,3,Tampa Bay Lightning,Columbus Blue Jackets,Away Win (5-2),2-5,Regulation,No,No,Nationwide Arena,Columbus,OFF,A. Vasilevskiy (Winning Goalie); R. Colton (GWG Scorer),Tampa Bay Lightning defeated Columbus Blue Jackets 5-2 in regulation at Nationwide Arena (Columbus).,NHL Official Stats REST API (api-web.nhle.com/v1)
130,2022020022,2022-2023,2022,Regular Season,Regular Season,2022-10-14,Friday,23:00,Detroit Red Wings,Montréal Canadiens,Detroit Red Wings,Montréal Canadiens,DET,MTL,3,0,3,3,Detroit Red Wings,Montréal Canadiens,Home Win (3-0),3-0,Regulation,No,No,Little Caesars Arena,Detroit,OFF,V. Husso (Winning Goalie); E. Soderblom (GWG Scorer),Detroit Red Wings defeated Montréal Canadiens 3-0 in regulation at Little Caesars Arena (Detroit).,NHL Official Stats REST API (api-web.nhle.com/v1)
131,2022020023,2022-2023,2022,Regular Season,Regular Season,2022-10-14,Friday,00:00,Winnipeg Jets,New York Rangers,Winnipeg Jets,New York Rangers,WPG,NYR,4,1,5,3,Winnipeg Jets,New York Rangers,Home Win (4-1),4-1,Regulation,No,No,Canada Life Centre,Winnipeg,OFF,C. Hellebuyck (Winning Goalie); S. Gagner (GWG Scorer),Winnipeg Jets defeated New York Rangers 4-1 in regulation at Canada Life Centre (Winnipeg).,NHL Official Stats REST API (api-web.nhle.com/v1)
132,2022020024,2022-2023,2022,Regular Season,Regular Season,2022-10-14,Friday,02:30,San Jose Sharks,Carolina Hurricanes,San Jose Sharks,Carolina Hurricanes,SJS,CAR,1,2,3,1,Carolina Hurricanes,San Jose Sharks,Away Win (2-1),1-2,Regulation,No,No,SAP Center at San Jose,San Jose,OFF,A. Raanta (Winning Goalie); S. Aho (GWG Scorer),Carolina Hurricanes defeated San Jose Sharks 2-1 in regulation at SAP Center at San Jose (San Jose).,NHL Official Stats REST API (api-web.nhle.com/v1)
133,2022020025,2022-2023,2022,Regular Season,Regular Season,2022-10-15,Saturday,17:00,Buffalo Sabres,Florida Panthers,Buffalo Sabres,Florida Panthers,BUF,FLA,3,4,7,1,Florida Panthers,Buffalo Sabres,Away Win (4-3),3-4,Regulation,No,No,KeyBank Center,Buffalo,OFF,S. Knight (Winning Goalie); B. Montour (GWG Scorer),Florida Panthers defeated Buffalo Sabres 4-3 in regulation at KeyBank Center (Buffalo).,NHL Official Stats REST API (api-web.nhle.com/v1)
134,2022020026,2022-2023,2022,Regular Season,Regular Season,2022-10-15,Saturday,20:00,Philadelphia Flyers,Vancouver Canucks,Philadelphia Flyers,Vancouver Canucks,PHI,VAN,3,2,5,1,Philadelphia Flyers,Vancouver Canucks,Home Win (3-2),3-2,Regulation,No,No,Wells Fargo Center,Philadelphia,OFF,C. Hart (Winning Goalie); T. Konecny (GWG Scorer),Philadelphia Flyers defeated Vancouver Canucks 3-2 in regulation at Wells Fargo Center (Philadelphia).,NHL Official Stats REST API (api-web.nhle.com/v1)
135,2022020027,2022-2023,2022,Regular Season,Regular Season,2022-10-15,Saturday,23:00,Boston Bruins,Arizona Coyotes,Boston Bruins,Arizona Coyotes,BOS,ARI,6,3,9,3,Boston Bruins,Arizona Coyotes,Home Win (6-3),6-3,Regulation,No,No,TD Garden,Boston,OFF,J. Swayman (Winning Goalie); D. Forbort (GWG Scorer),Boston Bruins defeated Arizona Coyotes 6-3 in regulation at TD Garden (Boston).,NHL Official Stats REST API (api-web.nhle.com/v1)
136,2022020028,2022-2023,2022,Regular Season,Regular Season,2022-10-15,Saturday,23:00,New Jersey Devils,Detroit Red Wings,New Jersey Devils,Detroit Red Wings,NJD,DET,2,5,7,3,Detroit Red Wings,New Jersey Devils,Away Win (5-2),2-5,Regulation,No,No,Prudential Center,New Jersey,OFF,A. Nedeljkovic (Winning Goalie); D. Perron (GWG Scorer),Detroit Red Wings defeated New Jersey Devils 5-2 in regulation at Prudential Center (New Jersey).,NHL Official Stats REST API (api-web.nhle.com/v1)
137,2022020029,2022-2023,2022,Regular Season,Regular Season,2022-10-15,Saturday,23:00,Washington Capitals,Montréal Canadiens,Washington Capitals,Montréal Canadiens,WSH,MTL,3,1,4,2,Washington Capitals,Montréal Canadiens,Home Win (3-1),3-1,Regulation,No,No,Capital One Arena,Washington,OFF,D. Kuemper (Winning Goalie); A. Mantha (GWG Scorer),Washington Capitals defeated Montréal Canadiens 3-1 in regulation at Capital One Arena (Washington).,NHL Official Stats REST API (api-web.nhle.com/v1)
138,2022020030,2022-2023,2022,Regular Season,Regular Season,2022-10-15,Saturday,23:00,Toronto Maple Leafs,Ottawa Senators,Toronto Maple Leafs,Ottawa Senators,TOR,OTT,3,2,5,1,Toronto Maple Leafs,Ottawa Senators,Home Win (3-2),3-2,Regulation,No,No,Scotiabank Arena,Toronto,OFF,I. Samsonov (Winning Goalie); J. Holl (GWG Scorer),Toronto Maple Leafs defeated Ottawa Senators 3-2 in regulation at Scotiabank Arena (Toronto).,NHL Official Stats REST API (api-web.nhle.com/v1)
139,2022020031,2022-2023,2022,Regular Season,Regular Season,2022-10-15,Saturday,23:00,Pittsburgh Penguins,Tampa Bay Lightning,Pittsburgh Penguins,Tampa Bay Lightning,PIT,TBL,6,2,8,4,Pittsburgh Penguins,Tampa Bay Lightning,Home Win (6-2),6-2,Regulation,No,No,PPG Paints Arena,Pittsburgh,OFF,T. Jarry (Winning Goalie); J. Guentzel (GWG Scorer),Pittsburgh Penguins defeated Tampa Bay Lightning 6-2 in regulation at PPG Paints Arena (Pittsburgh).,NHL Official Stats REST API (api-web.nhle.com/v1)
140,2022020032,2022-2023,2022,Regular Season,Regular Season,2022-10-15,Saturday,23:30,New York Islanders,Anaheim Ducks,New York Islanders,Anaheim Ducks,NYI,ANA,7,1,8,6,New York Islanders,Anaheim Ducks,Home Win (7-1),7-1,Regulation,No,No,UBS Arena,New York,OFF,I. Sorokin (Winning Goalie); N. Dobson (GWG Scorer),New York Islanders defeated Anaheim Ducks 7-1 in regulation at UBS Arena (New York).,NHL Official Stats REST API (api-web.nhle.com/v1)
141,2022020033,2022-2023,2022,Regular Season,Regular Season,2022-10-15,Saturday,00:00,St. Louis Blues,Columbus Blue Jackets,St. Louis Blues,Columbus Blue Jackets,STL,CBJ,5,2,7,3,St. Louis Blues,Columbus Blue Jackets,Home Win (5-2),5-2,Regulation,No,No,Enterprise Center,St. Louis,OFF,J. Binnington (Winning Goalie); I. Barbashev (GWG Scorer),St. Louis Blues defeated Columbus Blue Jackets 5-2 in regulation at Enterprise Center (St. Louis).,NHL Official Stats REST API (api-web.nhle.com/v1)
142,2022020034,2022-2023,2022,Regular Season,Regular Season,2022-10-15,Saturday,00:00,Minnesota Wild,Los Angeles Kings,Minnesota Wild,Los Angeles Kings,MIN,LAK,6,7,13,1,Los Angeles Kings,Minnesota Wild,Away Win (7-6),6-7,Regulation,No,No,Xcel Energy Center,Minnesota,OFF,C. Petersen (Winning Goalie); A. Kempe (GWG Scorer),Los Angeles Kings defeated Minnesota Wild 7-6 in regulation at Xcel Energy Center (Minnesota).,NHL Official Stats REST API (api-web.nhle.com/v1)
143,2022020035,2022-2023,2022,Regular Season,Regular Season,2022-10-15,Saturday,00:00,Dallas Stars,Nashville Predators,Dallas Stars,Nashville Predators,DAL,NSH,5,1,6,4,Dallas Stars,Nashville Predators,Home Win (5-1),5-1,Regulation,No,No,American Airlines Center,Dallas,OFF,J. Oettinger (Winning Goalie); R. Hintz (GWG Scorer),Dallas Stars defeated Nashville Predators 5-1 in regulation at American Airlines Center (Dallas).,NHL Official Stats REST API (api-web.nhle.com/v1)
144,2022020036,2022-2023,2022,Regular Season,Regular Season,2022-10-15,Saturday,02:00,Edmonton Oilers,Calgary Flames,Edmonton Oilers,Calgary Flames,EDM,CGY,3,4,7,1,Calgary Flames,Edmonton Oilers,Away Win (4-3),3-4,Regulation,No,No,Rogers Place,Edmonton,OFF,D. Vladar (Winning Goalie); A. Mangiapane (GWG Scorer),Calgary Flames defeated Edmonton Oilers 4-3 in regulation at Rogers Place (Edmonton).,NHL Official Stats REST API (api-web.nhle.com/v1)
145,2022020037,2022-2023,2022,Regular Season,Regular Season,2022-10-15,Saturday,02:00,Seattle Kraken,Vegas Golden Knights,Seattle Kraken,Vegas Golden Knights,SEA,VGK,2,5,7,3,Vegas Golden Knights,Seattle Kraken,Away Win (5-2),2-5,Regulation,No,No,Climate Pledge Arena,Seattle,OFF,A. Hill (Winning Goalie); R. Smith (GWG Scorer),Vegas Golden Knights defeated Seattle Kraken 5-2 in regulation at Climate Pledge Arena (Seattle).,NHL Official Stats REST API (api-web.nhle.com/v1)
146,2022020038,2022-2023,2022,Regular Season,Regular Season,2022-10-15,Saturday,02:00,San Jose Sharks,Chicago Blackhawks,San Jose Sharks,Chicago Blackhawks,SJS,CHI,2,5,7,3,Chicago Blackhawks,San Jose Sharks,Away Win (5-2),2-5,Regulation,No,No,SAP Center at San Jose,San Jose,OFF,P. Mrazek (Winning Goalie); S. Lafferty (GWG Scorer),Chicago Blackhawks defeated San Jose Sharks 5-2 in regulation at SAP Center at San Jose (San Jose).,NHL Official Stats REST API (api-web.nhle.com/v1)
147,2022020039,2022-2023,2022,Regular Season,Regular Season,2022-10-17,Monday,23:00,New York Rangers,Anaheim Ducks,New York Rangers,Anaheim Ducks,NYR,ANA,6,4,10,2,New York Rangers,Anaheim Ducks,Home Win (6-4),6-4,Regulation,No,No,Madison Square Garden,New York,OFF,I. Shesterkin (Winning Goalie); A. Panarin (GWG Scorer),New York Rangers defeated Anaheim Ducks 6-4 in regulation at Madison Square Garden (New York).,NHL Official Stats REST API (api-web.nhle.com/v1)
148,2022020040,2022-2023,2022,Regular Season,Regular Season,2022-10-17,Monday,23:00,Toronto Maple Leafs,Arizona Coyotes,Toronto Maple Leafs,Arizona Coyotes,TOR,ARI,2,4,6,2,Arizona Coyotes,Toronto Maple Leafs,Away Win (4-2),2-4,Regulation,No,No,Scotiabank Arena,Toronto,OFF,K. Vejmelka (Winning Goalie); S. Gostisbehere (GWG Scorer),Arizona Coyotes defeated Toronto Maple Leafs 4-2 in regulation at Scotiabank Arena (Toronto).,NHL Official Stats REST API (api-web.nhle.com/v1)
149,2022020041,2022-2023,2022,Regular Season,Regular Season,2022-10-17,Monday,23:00,Boston Bruins,Florida Panthers,Boston Bruins,Florida Panthers,BOS,FLA,5,3,8,2,Boston Bruins,Florida Panthers,Home Win (5-3),5-3,Regulation,No,No,TD Garden,Boston,OFF,L. Ullmark (Winning Goalie); T. Frederic (GWG Scorer),Boston Bruins defeated Florida Panthers 5-3 in regulation at TD Garden (Boston).,NHL Official Stats REST API (api-web.nhle.com/v1)
150,2022020042,2022-2023,2022,Regular Season,Regular Season,2022-10-17,Monday,23:00,Montréal Canadiens,Pittsburgh Penguins,Montréal Canadiens,Pittsburgh Penguins,MTL,PIT,3,2,5,1,Montréal Canadiens,Pittsburgh Penguins,Home Win (3-2 OT),3-2,Overtime,Yes,No,Centre Bell,Montréal,OFF,S. Montembeault (Winning Goalie); K. Dach (GWG Scorer),Montréal Canadiens defeated Pittsburgh Penguins 3-2 in overtime at Centre Bell (Montréal).,NHL Official Stats REST API (api-web.nhle.com/v1)
151,2022020043,2022-2023,2022,Regular Season,Regular Season,2022-10-17,Monday,23:00,Washington Capitals,Vancouver Canucks,Washington Capitals,Vancouver Canucks,WSH,VAN,6,4,10,2,Washington Capitals,Vancouver Canucks,Home Win (6-4),6-4,Regulation,No,No,Capital One Arena,Washington,OFF,D. Kuemper (Winning Goalie); C. Sheary (GWG Scorer),Washington Capitals defeated Vancouver Canucks 6-4 in regulation at Capital One Arena (Washington).,NHL Official Stats REST API (api-web.nhle.com/v1)
152,2022020044,2022-2023,2022,Regular Season,Regular Season,2022-10-17,Monday,23:00,Detroit Red Wings,Los Angeles Kings,Detroit Red Wings,Los Angeles Kings,DET,LAK,4,5,9,1,Los Angeles Kings,Detroit Red Wings,Away Win (5-4 OT),4-5,Overtime,Yes,No,Little Caesars Arena,Detroit,OFF,J. Quick (Winning Goalie); P. Danault (GWG Scorer),Los Angeles Kings defeated Detroit Red Wings 5-4 in overtime at Little Caesars Arena (Detroit).,NHL Official Stats REST API (api-web.nhle.com/v1)
153,2022020045,2022-2023,2022,Regular Season,Regular Season,2022-10-17,Monday,00:00,Minnesota Wild,Colorado Avalanche,Minnesota Wild,Colorado Avalanche,MIN,COL,3,6,9,3,Colorado Avalanche,Minnesota Wild,Away Win (6-3),3-6,Regulation,No,No,Xcel Energy Center,Minnesota,OFF,A. Georgiev (Winning Goalie); J. Manson (GWG Scorer),Colorado Avalanche defeated Minnesota Wild 6-3 in regulation at Xcel Energy Center (Minnesota).,NHL Official Stats REST API (api-web.nhle.com/v1)
154,2022020046,2022-2023,2022,Regular Season,Regular Season,2022-10-17,Monday,00:30,Dallas Stars,Winnipeg Jets,Dallas Stars,Winnipeg Jets,DAL,WPG,4,1,5,3,Dallas Stars,Winnipeg Jets,Home Win (4-1),4-1,Regulation,No,No,American Airlines Center,Dallas,OFF,J. Oettinger (Winning Goalie); J. Hakanpää (GWG Scorer),Dallas Stars defeated Winnipeg Jets 4-1 in regulation at American Airlines Center (Dallas).,NHL Official Stats REST API (api-web.nhle.com/v1)
155,2022020047,2022-2023,2022,Regular Season,Regular Season,2022-10-17,Monday,02:00,Seattle Kraken,Carolina Hurricanes,Seattle Kraken,Carolina Hurricanes,SEA,CAR,1,5,6,4,Carolina Hurricanes,Seattle Kraken,Away Win (5-1),1-5,Regulation,No,No,Climate Pledge Arena,Seattle,OFF,F. Andersen (Winning Goalie); S. Aho (GWG Scorer),Carolina Hurricanes defeated Seattle Kraken 5-1 in regulation at Climate Pledge Arena (Seattle).,NHL Official Stats REST API (api-web.nhle.com/v1)
156,2022020048,2022-2023,2022,Regular Season,Regular Season,2022-10-18,Tuesday,23:00,New Jersey Devils,Anaheim Ducks,New Jersey Devils,Anaheim Ducks,NJD,ANA,4,2,6,2,New Jersey Devils,Anaheim Ducks,Home Win (4-2),4-2,Regulation,No,No,Prudential Center,New Jersey,OFF,M. Blackwood (Winning Goalie); D. Hamilton (GWG Scorer),New Jersey Devils defeated Anaheim Ducks 4-2 in regulation at Prudential Center (New Jersey).,NHL Official Stats REST API (api-web.nhle.com/v1)
157,2022020049,2022-2023,2022,Regular Season,Regular Season,2022-10-18,Tuesday,23:00,Ottawa Senators,Boston Bruins,Ottawa Senators,Boston Bruins,OTT,BOS,7,5,12,2,Ottawa Senators,Boston Bruins,Home Win (7-5),7-5,Regulation,No,No,Canadian Tire Centre,Ottawa,OFF,A. Forsberg (Winning Goalie); M. Kastelic (GWG Scorer),Ottawa Senators defeated Boston Bruins 7-5 in regulation at Canadian Tire Centre (Ottawa).,NHL Official Stats REST API (api-web.nhle.com/v1)
158,2022020050,2022-2023,2022,Regular Season,Regular Season,2022-10-18,Tuesday,23:00,Columbus Blue Jackets,Vancouver Canucks,Columbus Blue Jackets,Vancouver Canucks,CBJ,VAN,4,3,7,1,Columbus Blue Jackets,Vancouver Canucks,Home Win (4-3 OT),4-3,Overtime,Yes,No,Nationwide Arena,Columbus,OFF,E. Merzlikins (Winning Goalie); V. Gavrikov (GWG Scorer),Columbus Blue Jackets defeated Vancouver Canucks 4-3 in overtime at Nationwide Arena (Columbus).,NHL Official Stats REST API (api-web.nhle.com/v1)
159,2022020053,2022-2023,2022,Regular Season,Regular Season,2022-10-18,Tuesday,23:00,Tampa Bay Lightning,Philadelphia Flyers,Tampa Bay Lightning,Philadelphia Flyers,TBL,PHI,2,3,5,1,Philadelphia Flyers,Tampa Bay Lightning,Away Win (3-2),2-3,Regulation,No,No,Amalie Arena,Tampa Bay,OFF,C. Hart (Winning Goalie); N. Cates (GWG Scorer),Philadelphia Flyers defeated Tampa Bay Lightning 3-2 in regulation at Amalie Arena (Tampa Bay).,NHL Official Stats REST API (api-web.nhle.com/v1)
160,2022020051,2022-2023,2022,Regular Season,Regular Season,2022-10-18,Tuesday,23:30,New York Islanders,San Jose Sharks,New York Islanders,San Jose Sharks,NYI,SJS,5,2,7,3,New York Islanders,San Jose Sharks,Home Win (5-2),5-2,Regulation,No,No,UBS Arena,New York,OFF,S. Varlamov (Winning Goalie); O. Wahlstrom (GWG Scorer),New York Islanders defeated San Jose Sharks 5-2 in regulation at UBS Arena (New York).,NHL Official Stats REST API (api-web.nhle.com/v1)
161,2022020054,2022-2023,2022,Regular Season,Regular Season,2022-10-18,Tuesday,01:00,Edmonton Oilers,Buffalo Sabres,Edmonton Oilers,Buffalo Sabres,EDM,BUF,2,4,6,2,Buffalo Sabres,Edmonton Oilers,Away Win (4-2),2-4,Regulation,No,No,Rogers Place,Edmonton,OFF,E. Comrie (Winning Goalie); J. Peterka (GWG Scorer),Buffalo Sabres defeated Edmonton Oilers 4-2 in regulation at Rogers Place (Edmonton).,NHL Official Stats REST API (api-web.nhle.com/v1)
162,2022020055,2022-2023,2022,Regular Season,Regular Season,2022-10-18,Tuesday,01:00,Calgary Flames,Vegas Golden Knights,Calgary Flames,Vegas Golden Knights,CGY,VGK,3,2,5,1,Calgary Flames,Vegas Golden Knights,Home Win (3-2),3-2,Regulation,No,No,Scotiabank Saddledome,Calgary,OFF,J. Markstrom (Winning Goalie); M. Backlund (GWG Scorer),Calgary Flames defeated Vegas Golden Knights 3-2 in regulation at Scotiabank Saddledome (Calgary).,NHL Official Stats REST API (api-web.nhle.com/v1)
163,2022020052,2022-2023,2022,Regular Season,Regular Season,2022-10-18,Tuesday,01:30,Nashville Predators,Los Angeles Kings,Nashville Predators,Los Angeles Kings,NSH,LAK,3,4,7,1,Los Angeles Kings,Nashville Predators,Away Win (4-3 SO),3-4,Shootout,Yes,Yes,Bridgestone Arena,Nashville,OFF,C. Petersen (Winning Goalie),Los Angeles Kings defeated Nashville Predators 4-3 in a shootout at Bridgestone Arena (Nashville).,NHL Official Stats REST API (api-web.nhle.com/v1)
164,2022020056,2022-2023,2022,Regular Season,Regular Season,2022-10-19,Wednesday,23:30,Florida Panthers,Philadelphia Flyers,Florida Panthers,Philadelphia Flyers,FLA,PHI,4,3,7,1,Florida Panthers,Philadelphia Flyers,Home Win (4-3),4-3,Regulation,No,No,FLA Live Arena,Florida,OFF,S. Bobrovsky (Winning Goalie); J. Mahura (GWG Scorer),Florida Panthers defeated Philadelphia Flyers 4-3 in regulation at FLA Live Arena (Florida).,NHL Official Stats REST API (api-web.nhle.com/v1)
165,2022020057,2022-2023,2022,Regular Season,Regular Season,2022-10-19,Wednesday,00:00,Colorado Avalanche,Winnipeg Jets,Colorado Avalanche,Winnipeg Jets,COL,WPG,3,4,7,1,Winnipeg Jets,Colorado Avalanche,Away Win (4-3 OT),3-4,Overtime,Yes,No,Ball Arena,Colorado,OFF,C. Hellebuyck (Winning Goalie); N. Pionk (GWG Scorer),Winnipeg Jets defeated Colorado Avalanche 4-3 in overtime at Ball Arena (Colorado).,NHL Official Stats REST API (api-web.nhle.com/v1)
166,2022020058,2022-2023,2022,Regular Season,Regular Season,2022-10-19,Wednesday,02:00,Seattle Kraken,St. Louis Blues,Seattle Kraken,St. Louis Blues,SEA,STL,3,4,7,1,St. Louis Blues,Seattle Kraken,Away Win (4-3 OT),3-4,Overtime,Yes,No,Climate Pledge Arena,Seattle,OFF,J. Binnington (Winning Goalie); J. Faulk (GWG Scorer),St. Louis Blues defeated Seattle Kraken 4-3 in overtime at Climate Pledge Arena (Seattle).,NHL Official Stats REST API (api-web.nhle.com/v1)
167,2022020059,2022-2023,2022,Regular Season,Regular Season,2022-10-20,Thursday,23:00,Boston Bruins,Anaheim Ducks,Boston Bruins,Anaheim Ducks,BOS,ANA,2,1,3,1,Boston Bruins,Anaheim Ducks,Home Win (2-1 SO),2-1,Shootout,Yes,Yes,TD Garden,Boston,OFF,L. Ullmark (Winning Goalie),Boston Bruins defeated Anaheim Ducks 2-1 in a shootout at TD Garden (Boston).,NHL Official Stats REST API (api-web.nhle.com/v1)
168,2022020060,2022-2023,2022,Regular Season,Regular Season,2022-10-20,Thursday,23:00,Montréal Canadiens,Arizona Coyotes,Montréal Canadiens,Arizona Coyotes,MTL,ARI,6,2,8,4,Montréal Canadiens,Arizona Coyotes,Home Win (6-2),6-2,Regulation,No,No,Centre Bell,Montréal,OFF,J. Allen (Winning Goalie); B. Gallagher (GWG Scorer),Montréal Canadiens defeated Arizona Coyotes 6-2 in regulation at Centre Bell (Montréal).,NHL Official Stats REST API (api-web.nhle.com/v1)
169,2022020061,2022-2023,2022,Regular Season,Regular Season,2022-10-20,Thursday,23:00,Toronto Maple Leafs,Dallas Stars,Toronto Maple Leafs,Dallas Stars,TOR,DAL,3,2,5,1,Toronto Maple Leafs,Dallas Stars,Home Win (3-2 OT),3-2,Overtime,Yes,No,Scotiabank Arena,Toronto,OFF,I. Samsonov (Winning Goalie); N. Robertson (GWG Scorer),Toronto Maple Leafs defeated Dallas Stars 3-2 in overtime at Scotiabank Arena (Toronto).,NHL Official Stats REST API (api-web.nhle.com/v1)
170,2022020062,2022-2023,2022,Regular Season,Regular Season,2022-10-20,Thursday,23:00,Pittsburgh Penguins,Los Angeles Kings,Pittsburgh Penguins,Los Angeles Kings,PIT,LAK,6,1,7,5,Pittsburgh Penguins,Los Angeles Kings,Home Win (6-1),6-1,Regulation,No,No,PPG Paints Arena,Pittsburgh,OFF,T. Jarry (Winning Goalie); J. Guentzel (GWG Scorer),Pittsburgh Penguins defeated Los Angeles Kings 6-1 in regulation at PPG Paints Arena (Pittsburgh).,NHL Official Stats REST API (api-web.nhle.com/v1)
171,2022020063,2022-2023,2022,Regular Season,Regular Season,2022-10-20,Thursday,23:00,Columbus Blue Jackets,Nashville Predators,Columbus Blue Jackets,Nashville Predators,CBJ,NSH,5,3,8,2,Columbus Blue Jackets,Nashville Predators,Home Win (5-3),5-3,Regulation,No,No,Nationwide Arena,Columbus,OFF,E. Merzlikins (Winning Goalie); N. Blankenburg (GWG Scorer),Columbus Blue Jackets defeated Nashville Predators 5-3 in regulation at Nationwide Arena (Columbus).,NHL Official Stats REST API (api-web.nhle.com/v1)
172,2022020064,2022-2023,2022,Regular Season,Regular Season,2022-10-20,Thursday,23:00,New York Rangers,San Jose Sharks,New York Rangers,San Jose Sharks,NYR,SJS,2,3,5,1,San Jose Sharks,New York Rangers,Away Win (3-2 OT),2-3,Overtime,Yes,No,Madison Square Garden,New York,OFF,J. Reimer (Winning Goalie); E. Karlsson (GWG Scorer),San Jose Sharks defeated New York Rangers 3-2 in overtime at Madison Square Garden (New York).,NHL Official Stats REST API (api-web.nhle.com/v1)
173,2022020065,2022-2023,2022,Regular Season,Regular Season,2022-10-20,Thursday,23:00,Ottawa Senators,Washington Capitals,Ottawa Senators,Washington Capitals,OTT,WSH,5,2,7,3,Ottawa Senators,Washington Capitals,Home Win (5-2),5-2,Regulation,No,No,Canadian Tire Centre,Ottawa,OFF,A. Forsberg (Winning Goalie); S. Pinto (GWG Scorer),Ottawa Senators defeated Washington Capitals 5-2 in regulation at Canadian Tire Centre (Ottawa).,NHL Official Stats REST API (api-web.nhle.com/v1)
174,2022020066,2022-2023,2022,Regular Season,Regular Season,2022-10-20,Thursday,23:30,New York Islanders,New Jersey Devils,New York Islanders,New Jersey Devils,NYI,NJD,1,4,5,3,New Jersey Devils,New York Islanders,Away Win (4-1),1-4,Regulation,No,No,UBS Arena,New York,OFF,M. Blackwood (Winning Goalie); O. Palat (GWG Scorer),New Jersey Devils defeated New York Islanders 4-1 in regulation at UBS Arena (New York).,NHL Official Stats REST API (api-web.nhle.com/v1)
175,2022020067,2022-2023,2022,Regular Season,Regular Season,2022-10-20,Thursday,00:00,Minnesota Wild,Vancouver Canucks,Minnesota Wild,Vancouver Canucks,MIN,VAN,4,3,7,1,Minnesota Wild,Vancouver Canucks,Home Win (4-3 OT),4-3,Overtime,Yes,No,Xcel Energy Center,Minnesota,OFF,M. Fleury (Winning Goalie); K. Kaprizov (GWG Scorer),Minnesota Wild defeated Vancouver Canucks 4-3 in overtime at Xcel Energy Center (Minnesota).,NHL Official Stats REST API (api-web.nhle.com/v1)
176,2022020069,2022-2023,2022,Regular Season,Regular Season,2022-10-20,Thursday,01:00,Edmonton Oilers,Carolina Hurricanes,Edmonton Oilers,Carolina Hurricanes,EDM,CAR,6,4,10,2,Edmonton Oilers,Carolina Hurricanes,Home Win (6-4),6-4,Regulation,No,No,Rogers Place,Edmonton,OFF,J. Campbell (Winning Goalie); L. Draisaitl (GWG Scorer),Edmonton Oilers defeated Carolina Hurricanes 6-4 in regulation at Rogers Place (Edmonton).,NHL Official Stats REST API (api-web.nhle.com/v1)
177,2022020068,2022-2023,2022,Regular Season,Regular Season,2022-10-20,Thursday,01:30,Calgary Flames,Buffalo Sabres,Calgary Flames,Buffalo Sabres,CGY,BUF,3,6,9,3,Buffalo Sabres,Calgary Flames,Away Win (6-3),3-6,Regulation,No,No,Scotiabank Saddledome,Calgary,OFF,E. Comrie (Winning Goalie); A. Tuch (GWG Scorer),Buffalo Sabres defeated Calgary Flames 6-3 in regulation at Scotiabank Saddledome (Calgary).,NHL Official Stats REST API (api-web.nhle.com/v1)
178,2022020070,2022-2023,2022,Regular Season,Regular Season,2022-10-20,Thursday,02:00,Vegas Golden Knights,Winnipeg Jets,Vegas Golden Knights,Winnipeg Jets,VGK,WPG,5,2,7,3,Vegas Golden Knights,Winnipeg Jets,Home Win (5-2),5-2,Regulation,No,No,T-Mobile Arena,Vegas,OFF,A. Hill (Winning Goalie); C. Stephenson (GWG Scorer),Vegas Golden Knights defeated Winnipeg Jets 5-2 in regulation at T-Mobile Arena (Vegas).,NHL Official Stats REST API (api-web.nhle.com/v1)
179,2022020071,2022-2023,2022,Regular Season,Regular Season,2022-10-21,Friday,23:30,Florida Panthers,Tampa Bay Lightning,Florida Panthers,Tampa Bay Lightning,FLA,TBL,2,3,5,1,Tampa Bay Lightning,Florida Panthers,Away Win (3-2 OT),2-3,Overtime,Yes,No,FLA Live Arena,Florida,OFF,A. Vasilevskiy (Winning Goalie); B. Point (GWG Scorer),Tampa Bay Lightning defeated Florida Panthers 3-2 in overtime at FLA Live Arena (Florida).,NHL Official Stats REST API (api-web.nhle.com/v1)
180,2022020072,2022-2023,2022,Regular Season,Regular Season,2022-10-21,Friday,00:30,Chicago Blackhawks,Detroit Red Wings,Chicago Blackhawks,Detroit Red Wings,CHI,DET,4,3,7,1,Chicago Blackhawks,Detroit Red Wings,Home Win (4-3 OT),4-3,Overtime,Yes,No,United Center,Chicago,OFF,A. Stalock (Winning Goalie); M. Domi (GWG Scorer),Chicago Blackhawks defeated Detroit Red Wings 4-3 in overtime at United Center (Chicago).,NHL Official Stats REST API (api-web.nhle.com/v1)
181,2022020073,2022-2023,2022,Regular Season,Regular Season,2022-10-21,Friday,01:00,Colorado Avalanche,Seattle Kraken,Colorado Avalanche,Seattle Kraken,COL,SEA,2,3,5,1,Seattle Kraken,Colorado Avalanche,Away Win (3-2),2-3,Regulation,No,No,Ball Arena,Colorado,OFF,M. Jones (Winning Goalie); K. Kuhlman (GWG Scorer),Seattle Kraken defeated Colorado Avalanche 3-2 in regulation at Ball Arena (Colorado).,NHL Official Stats REST API (api-web.nhle.com/v1)
182,2022020074,2022-2023,2022,Regular Season,Regular Season,2022-10-22,Saturday,17:00,Boston Bruins,Minnesota Wild,Boston Bruins,Minnesota Wild,BOS,MIN,4,3,7,1,Boston Bruins,Minnesota Wild,Home Win (4-3 OT),4-3,Overtime,Yes,No,TD Garden,Boston,OFF,L. Ullmark (Winning Goalie); T. Hall (GWG Scorer),Boston Bruins defeated Minnesota Wild 4-3 in overtime at TD Garden (Boston).,NHL Official Stats REST API (api-web.nhle.com/v1)
183,2022020075,2022-2023,2022,Regular Season,Regular Season,2022-10-22,Saturday,17:00,New Jersey Devils,San Jose Sharks,New Jersey Devils,San Jose Sharks,NJD,SJS,2,1,3,1,New Jersey Devils,San Jose Sharks,Home Win (2-1),2-1,Regulation,No,No,Prudential Center,New Jersey,OFF,M. Blackwood (Winning Goalie); D. Mercer (GWG Scorer),New Jersey Devils defeated San Jose Sharks 2-1 in regulation at Prudential Center (New Jersey).,NHL Official Stats REST API (api-web.nhle.com/v1)
184,2022020076,2022-2023,2022,Regular Season,Regular Season,2022-10-22,Saturday,20:00,Ottawa Senators,Arizona Coyotes,Ottawa Senators,Arizona Coyotes,OTT,ARI,6,2,8,4,Ottawa Senators,Arizona Coyotes,Home Win (6-2),6-2,Regulation,No,No,Canadian Tire Centre,Ottawa,OFF,A. Forsberg (Winning Goalie); B. Tkachuk (GWG Scorer),Ottawa Senators defeated Arizona Coyotes 6-2 in regulation at Canadian Tire Centre (Ottawa).,NHL Official Stats REST API (api-web.nhle.com/v1)
185,2022020077,2022-2023,2022,Regular Season,Regular Season,2022-10-22,Saturday,20:00,Edmonton Oilers,St. Louis Blues,Edmonton Oilers,St. Louis Blues,EDM,STL,0,2,2,2,St. Louis Blues,Edmonton Oilers,Away Win (2-0),0-2,Regulation,No,No,Rogers Place,Edmonton,OFF,J. Binnington (Winning Goalie); T. Krug (GWG Scorer),St. Louis Blues defeated Edmonton Oilers 2-0 in regulation at Rogers Place (Edmonton).,NHL Official Stats REST API (api-web.nhle.com/v1)
186,2022020078,2022-2023,2022,Regular Season,Regular Season,2022-10-22,Saturday,23:00,Montréal Canadiens,Dallas Stars,Montréal Canadiens,Dallas Stars,MTL,DAL,2,5,7,3,Dallas Stars,Montréal Canadiens,Away Win (5-2),2-5,Regulation,No,No,Centre Bell,Montréal,OFF,J. Oettinger (Winning Goalie); J. Robertson (GWG Scorer),Dallas Stars defeated Montréal Canadiens 5-2 in regulation at Centre Bell (Montréal).,NHL Official Stats REST API (api-web.nhle.com/v1)
187,2022020079,2022-2023,2022,Regular Season,Regular Season,2022-10-22,Saturday,23:00,Washington Capitals,Los Angeles Kings,Washington Capitals,Los Angeles Kings,WSH,LAK,4,3,7,1,Washington Capitals,Los Angeles Kings,Home Win (4-3),4-3,Regulation,No,No,Capital One Arena,Washington,OFF,D. Kuemper (Winning Goalie); M. Johansson (GWG Scorer),Washington Capitals defeated Los Angeles Kings 4-3 in regulation at Capital One Arena (Washington).,NHL Official Stats REST API (api-web.nhle.com/v1)
188,2022020080,2022-2023,2022,Regular Season,Regular Season,2022-10-22,Saturday,23:00,Tampa Bay Lightning,New York Islanders,Tampa Bay Lightning,New York Islanders,TBL,NYI,5,3,8,2,Tampa Bay Lightning,New York Islanders,Home Win (5-3),5-3,Regulation,No,No,Amalie Arena,Tampa Bay,OFF,B. Elliott (Winning Goalie); N. Paul (GWG Scorer),Tampa Bay Lightning defeated New York Islanders 5-3 in regulation at Amalie Arena (Tampa Bay).,NHL Official Stats REST API (api-web.nhle.com/v1)
189,2022020081,2022-2023,2022,Regular Season,Regular Season,2022-10-22,Saturday,23:00,Columbus Blue Jackets,Pittsburgh Penguins,Columbus Blue Jackets,Pittsburgh Penguins,CBJ,PIT,3,6,9,3,Pittsburgh Penguins,Columbus Blue Jackets,Away Win (6-3),3-6,Regulation,No,No,Nationwide Arena,Columbus,OFF,T. Jarry (Winning Goalie); S. Crosby (GWG Scorer),Pittsburgh Penguins defeated Columbus Blue Jackets 6-3 in regulation at Nationwide Arena (Columbus).,NHL Official Stats REST API (api-web.nhle.com/v1)
190,2022020082,2022-2023,2022,Regular Season,Regular Season,2022-10-22,Saturday,23:00,Winnipeg Jets,Toronto Maple Leafs,Winnipeg Jets,Toronto Maple Leafs,WPG,TOR,1,4,5,3,Toronto Maple Leafs,Winnipeg Jets,Away Win (4-1),1-4,Regulation,No,No,Canada Life Centre,Winnipeg,OFF,I. Samsonov (Winning Goalie); D. Kampf (GWG Scorer),Toronto Maple Leafs defeated Winnipeg Jets 4-1 in regulation at Canada Life Centre (Winnipeg).,NHL Official Stats REST API (api-web.nhle.com/v1)
191,2022020083,2022-2023,2022,Regular Season,Regular Season,2022-10-22,Saturday,00:00,Nashville Predators,Philadelphia Flyers,Nashville Predators,Philadelphia Flyers,NSH,PHI,1,3,4,2,Philadelphia Flyers,Nashville Predators,Away Win (3-1),1-3,Regulation,No,No,Bridgestone Arena,Nashville,OFF,C. Hart (Winning Goalie); Z. MacEwen (GWG Scorer),Philadelphia Flyers defeated Nashville Predators 3-1 in regulation at Bridgestone Arena (Nashville).,NHL Official Stats REST API (api-web.nhle.com/v1)
192,2022020084,2022-2023,2022,Regular Season,Regular Season,2022-10-22,Saturday,02:00,Vancouver Canucks,Buffalo Sabres,Vancouver Canucks,Buffalo Sabres,VAN,BUF,1,5,6,4,Buffalo Sabres,Vancouver Canucks,Away Win (5-1),1-5,Regulation,No,No,Rogers Arena,Vancouver,OFF,C. Anderson (Winning Goalie); A. Tuch (GWG Scorer),Buffalo Sabres defeated Vancouver Canucks 5-1 in regulation at Rogers Arena (Vancouver).,NHL Official Stats REST API (api-web.nhle.com/v1)
193,2022020085,2022-2023,2022,Regular Season,Regular Season,2022-10-22,Saturday,02:00,Calgary Flames,Carolina Hurricanes,Calgary Flames,Carolina Hurricanes,CGY,CAR,3,2,5,1,Calgary Flames,Carolina Hurricanes,Home Win (3-2 OT),3-2,Overtime,Yes,No,Scotiabank Saddledome,Calgary,OFF,J. Markstrom (Winning Goalie); T. Toffoli (GWG Scorer),Calgary Flames defeated Carolina Hurricanes 3-2 in overtime at Scotiabank Saddledome (Calgary).,NHL Official Stats REST API (api-web.nhle.com/v1)
194,2022020086,2022-2023,2022,Regular Season,Regular Season,2022-10-22,Saturday,02:00,Vegas Golden Knights,Colorado Avalanche,Vegas Golden Knights,Colorado Avalanche,VGK,COL,2,3,5,1,Colorado Avalanche,Vegas Golden Knights,Away Win (3-2),2-3,Regulation,No,No,T-Mobile Arena,Vegas,OFF,A. Georgiev (Winning Goalie); V. Nichushkin (GWG Scorer),Colorado Avalanche defeated Vegas Golden Knights 3-2 in regulation at T-Mobile Arena (Vegas).,NHL Official Stats REST API (api-web.nhle.com/v1)
195,2022020087,2022-2023,2022,Regular Season,Regular Season,2022-10-23,Sunday,18:00,Chicago Blackhawks,Seattle Kraken,Chicago Blackhawks,Seattle Kraken,CHI,SEA,5,4,9,1,Chicago Blackhawks,Seattle Kraken,Home Win (5-4),5-4,Regulation,No,No,United Center,Chicago,OFF,A. Stalock (Winning Goalie); J. Dickinson (GWG Scorer),Chicago Blackhawks defeated Seattle Kraken 5-4 in regulation at United Center (Chicago).,NHL Official Stats REST API (api-web.nhle.com/v1)
196,2022020088,2022-2023,2022,Regular Season,Regular Season,2022-10-23,Sunday,21:00,Detroit Red Wings,Anaheim Ducks,Detroit Red Wings,Anaheim Ducks,DET,ANA,5,1,6,4,Detroit Red Wings,Anaheim Ducks,Home Win (5-1),5-1,Regulation,No,No,Little Caesars Arena,Detroit,OFF,V. Husso (Winning Goalie); D. Perron (GWG Scorer),Detroit Red Wings defeated Anaheim Ducks 5-1 in regulation at Little Caesars Arena (Detroit).,NHL Official Stats REST API (api-web.nhle.com/v1)
197,2022020089,2022-2023,2022,Regular Season,Regular Season,2022-10-23,Sunday,21:00,New York Rangers,Columbus Blue Jackets,New York Rangers,Columbus Blue Jackets,NYR,CBJ,1,5,6,4,Columbus Blue Jackets,New York Rangers,Away Win (5-1),1-5,Regulation,No,No,Madison Square Garden,New York,OFF,D. Tarasov (Winning Goalie); A. Peeke (GWG Scorer),Columbus Blue Jackets defeated New York Rangers 5-1 in regulation at Madison Square Garden (New York).,NHL Official Stats REST API (api-web.nhle.com/v1)
198,2022020090,2022-2023,2022,Regular Season,Regular Season,2022-10-23,Sunday,21:00,Florida Panthers,New York Islanders,Florida Panthers,New York Islanders,FLA,NYI,3,2,5,1,Florida Panthers,New York Islanders,Home Win (3-2),3-2,Regulation,No,No,FLA Live Arena,Florida,OFF,S. Knight (Winning Goalie); R. Lomberg (GWG Scorer),Florida Panthers defeated New York Islanders 3-2 in regulation at FLA Live Arena (Florida).,NHL Official Stats REST API (api-web.nhle.com/v1)
199,2022020091,2022-2023,2022,Regular Season,Regular Season,2022-10-23,Sunday,23:00,Philadelphia Flyers,San Jose Sharks,Philadelphia Flyers,San Jose Sharks,PHI,SJS,0,3,3,3,San Jose Sharks,Philadelphia Flyers,Away Win (3-0),0-3,Regulation,No,No,Wells Fargo Center,Philadelphia,OFF,J. Reimer (Winning Goalie); E. Karlsson (GWG Scorer),San Jose Sharks defeated Philadelphia Flyers 3-0 in regulation at Wells Fargo Center (Philadelphia).,NHL Official Stats REST API (api-web.nhle.com/v1)
200,2022020092,2022-2023,2022,Regular Season,Regular Season,2022-10-24,Monday,23:00,Ottawa Senators,Dallas Stars,Ottawa Senators,Dallas Stars,OTT,DAL,4,2,6,2,Ottawa Senators,Dallas Stars,Home Win (4-2),4-2,Regulation,No,No,Canadian Tire Centre,Ottawa,OFF,M. Hellberg (Winning Goalie); S. Pinto (GWG Scorer),Ottawa Senators defeated Dallas Stars 4-2 in regulation at Canadian Tire Centre (Ottawa).,NHL Official Stats REST API (api-web.nhle.com/v1)
201,2022020093,2022-2023,2022,Regular Season,Regular Season,2022-10-24,Monday,23:00,New Jersey Devils,Washington Capitals,New Jersey Devils,Washington Capitals,NJD,WSH,3,6,9,3,Washington Capitals,New Jersey Devils,Away Win (6-3),3-6,Regulation,No,No,Prudential Center,New Jersey,OFF,C. Lindgren (Winning Goalie); A. Ovechkin (GWG Scorer),Washington Capitals defeated New Jersey Devils 6-3 in regulation at Prudential Center (New Jersey).,NHL Official Stats REST API (api-web.nhle.com/v1)
202,2022020094,2022-2023,2022,Regular Season,Regular Season,2022-10-24,Monday,00:00,Edmonton Oilers,Pittsburgh Penguins,Edmonton Oilers,Pittsburgh Penguins,EDM,PIT,6,3,9,3,Edmonton Oilers,Pittsburgh Penguins,Home Win (6-3),6-3,Regulation,No,No,Rogers Place,Edmonton,OFF,J. Campbell (Winning Goalie); R. Nugent-Hopkins (GWG Scorer),Edmonton Oilers defeated Pittsburgh Penguins 6-3 in regulation at Rogers Place (Edmonton).,NHL Official Stats REST API (api-web.nhle.com/v1)
203,2022020095,2022-2023,2022,Regular Season,Regular Season,2022-10-24,Monday,00:00,Winnipeg Jets,St. Louis Blues,Winnipeg Jets,St. Louis Blues,WPG,STL,4,0,4,4,Winnipeg Jets,St. Louis Blues,Home Win (4-0),4-0,Regulation,No,No,Canada Life Centre,Winnipeg,OFF,C. Hellebuyck (Winning Goalie); M. Scheifele (GWG Scorer),Winnipeg Jets defeated St. Louis Blues 4-0 in regulation at Canada Life Centre (Winnipeg).,NHL Official Stats REST API (api-web.nhle.com/v1)
204,2022020096,2022-2023,2022,Regular Season,Regular Season,2022-10-24,Monday,02:00,Vegas Golden Knights,Toronto Maple Leafs,Vegas Golden Knights,Toronto Maple Leafs,VGK,TOR,3,1,4,2,Vegas Golden Knights,Toronto Maple Leafs,Home Win (3-1),3-1,Regulation,No,No,T-Mobile Arena,Vegas,OFF,L. Thompson (Winning Goalie); C. Stephenson (GWG Scorer),Vegas Golden Knights defeated Toronto Maple Leafs 3-1 in regulation at T-Mobile Arena (Vegas).,NHL Official Stats REST API (api-web.nhle.com/v1)
205,2022020097,2022-2023,2022,Regular Season,Regular Season,2022-10-24,Monday,02:30,Vancouver Canucks,Carolina Hurricanes,Vancouver Canucks,Carolina Hurricanes,VAN,CAR,2,3,5,1,Carolina Hurricanes,Vancouver Canucks,Away Win (3-2),2-3,Regulation,No,No,Rogers Arena,Vancouver,OFF,F. Andersen (Winning Goalie); J. Fast (GWG Scorer),Carolina Hurricanes defeated Vancouver Canucks 3-2 in regulation at Rogers Arena (Vancouver).,NHL Official Stats REST API (api-web.nhle.com/v1)
206,2022020098,2022-2023,2022,Regular Season,Regular Season,2022-10-25,Tuesday,23:00,Columbus Blue Jackets,Arizona Coyotes,Columbus Blue Jackets,Arizona Coyotes,CBJ,ARI,3,6,9,3,Arizona Coyotes,Columbus Blue Jackets,Away Win (6-3),3-6,Regulation,No,No,Nationwide Arena,Columbus,OFF,C. Ingram (Winning Goalie); D. Guenther (GWG Scorer),Arizona Coyotes defeated Columbus Blue Jackets 6-3 in regulation at Nationwide Arena (Columbus).,NHL Official Stats REST API (api-web.nhle.com/v1)
207,2022020100,2022-2023,2022,Regular Season,Regular Season,2022-10-25,Tuesday,23:00,Boston Bruins,Dallas Stars,Boston Bruins,Dallas Stars,BOS,DAL,3,1,4,2,Boston Bruins,Dallas Stars,Home Win (3-1),3-1,Regulation,No,No,TD Garden,Boston,OFF,L. Ullmark (Winning Goalie); T. Hall (GWG Scorer),Boston Bruins defeated Dallas Stars 3-1 in regulation at TD Garden (Boston).,NHL Official Stats REST API (api-web.nhle.com/v1)
208,2022020101,2022-2023,2022,Regular Season,Regular Season,2022-10-25,Tuesday,23:00,Montréal Canadiens,Minnesota Wild,Montréal Canadiens,Minnesota Wild,MTL,MIN,1,3,4,2,Minnesota Wild,Montréal Canadiens,Away Win (3-1),1-3,Regulation,No,No,Centre Bell,Montréal,OFF,M. Fleury (Winning Goalie); B. Duhaime (GWG Scorer),Minnesota Wild defeated Montréal Canadiens 3-1 in regulation at Centre Bell (Montréal).,NHL Official Stats REST API (api-web.nhle.com/v1)
209,2022020102,2022-2023,2022,Regular Season,Regular Season,2022-10-25,Tuesday,23:00,Detroit Red Wings,New Jersey Devils,Detroit Red Wings,New Jersey Devils,DET,NJD,2,6,8,4,New Jersey Devils,Detroit Red Wings,Away Win (6-2),2-6,Regulation,No,No,Little Caesars Arena,Detroit,OFF,V. Vanecek (Winning Goalie); J. Bratt (GWG Scorer),New Jersey Devils defeated Detroit Red Wings 6-2 in regulation at Little Caesars Arena (Detroit).,NHL Official Stats REST API (api-web.nhle.com/v1)
210,2022020099,2022-2023,2022,Regular Season,Regular Season,2022-10-25,Tuesday,00:00,New York Rangers,Colorado Avalanche,New York Rangers,Colorado Avalanche,NYR,COL,2,3,5,1,Colorado Avalanche,New York Rangers,Away Win (3-2 SO),2-3,Shootout,Yes,Yes,Madison Square Garden,New York,OFF,A. Georgiev (Winning Goalie),Colorado Avalanche defeated New York Rangers 3-2 in a shootout at Madison Square Garden (New York).,NHL Official Stats REST API (api-web.nhle.com/v1)
211,2022020103,2022-2023,2022,Regular Season,Regular Season,2022-10-25,Tuesday,00:30,Chicago Blackhawks,Florida Panthers,Chicago Blackhawks,Florida Panthers,CHI,FLA,4,2,6,2,Chicago Blackhawks,Florida Panthers,Home Win (4-2),4-2,Regulation,No,No,United Center,Chicago,OFF,A. Stalock (Winning Goalie); P. Kurashev (GWG Scorer),Chicago Blackhawks defeated Florida Panthers 4-2 in regulation at United Center (Chicago).,NHL Official Stats REST API (api-web.nhle.com/v1)
212,2022020104,2022-2023,2022,Regular Season,Regular Season,2022-10-25,Tuesday,01:00,Calgary Flames,Pittsburgh Penguins,Calgary Flames,Pittsburgh Penguins,CGY,PIT,4,1,5,3,Calgary Flames,Pittsburgh Penguins,Home Win (4-1),4-1,Regulation,No,No,Scotiabank Saddledome,Calgary,OFF,J. Markstrom (Winning Goalie); N. Kadri (GWG Scorer),Calgary Flames defeated Pittsburgh Penguins 4-1 in regulation at Scotiabank Saddledome (Calgary).,NHL Official Stats REST API (api-web.nhle.com/v1)
213,2022020105,2022-2023,2022,Regular Season,Regular Season,2022-10-25,Tuesday,02:00,Seattle Kraken,Buffalo Sabres,Seattle Kraken,Buffalo Sabres,SEA,BUF,5,1,6,4,Seattle Kraken,Buffalo Sabres,Home Win (5-1),5-1,Regulation,No,No,Climate Pledge Arena,Seattle,OFF,M. Jones (Winning Goalie); M. Geekie (GWG Scorer),Seattle Kraken defeated Buffalo Sabres 5-1 in regulation at Climate Pledge Arena (Seattle).,NHL Official Stats REST API (api-web.nhle.com/v1)
214,2022020106,2022-2023,2022,Regular Season,Regular Season,2022-10-25,Tuesday,02:30,Los Angeles Kings,Tampa Bay Lightning,Los Angeles Kings,Tampa Bay Lightning,LAK,TBL,4,2,6,2,Los Angeles Kings,Tampa Bay Lightning,Home Win (4-2),4-2,Regulation,No,No,Crypto.com Arena,Los Angeles,OFF,J. Quick (Winning Goalie); B. Lizotte (GWG Scorer),Los Angeles Kings defeated Tampa Bay Lightning 4-2 in regulation at Crypto.com Arena (Los Angeles).,NHL Official Stats REST API (api-web.nhle.com/v1)
215,2022020107,2022-2023,2022,Regular Season,Regular Season,2022-10-25,Tuesday,02:30,San Jose Sharks,Vegas Golden Knights,San Jose Sharks,Vegas Golden Knights,SJS,VGK,2,4,6,2,Vegas Golden Knights,San Jose Sharks,Away Win (4-2),2-4,Regulation,No,No,SAP Center at San Jose,San Jose,OFF,A. Hill (Winning Goalie); W. Karlsson (GWG Scorer),Vegas Golden Knights defeated San Jose Sharks 4-2 in regulation at SAP Center at San Jose (San Jose).,NHL Official Stats REST API (api-web.nhle.com/v1)
216,2022020108,2022-2023,2022,Regular Season,Regular Season,2022-10-26,Wednesday,23:30,New York Islanders,New York Rangers,New York Islanders,New York Rangers,NYI,NYR,3,0,3,3,New York Islanders,New York Rangers,Home Win (3-0),3-0,Regulation,No,No,UBS Arena,New York,OFF,I. Sorokin (Winning Goalie); K. Palmieri (GWG Scorer),New York Islanders defeated New York Rangers 3-0 in regulation at UBS Arena (New York).,NHL Official Stats REST API (api-web.nhle.com/v1)
217,2022020109,2022-2023,2022,Regular Season,Regular Season,2022-10-26,Wednesday,00:00,St. Louis Blues,Edmonton Oilers,St. Louis Blues,Edmonton Oilers,STL,EDM,1,3,4,2,Edmonton Oilers,St. Louis Blues,Away Win (3-1),1-3,Regulation,No,No,Enterprise Center,St. Louis,OFF,S. Skinner (Winning Goalie); R. Nugent-Hopkins (GWG Scorer),Edmonton Oilers defeated St. Louis Blues 3-1 in regulation at Enterprise Center (St. Louis).,NHL Official Stats REST API (api-web.nhle.com/v1)
218,2022020110,2022-2023,2022,Regular Season,Regular Season,2022-10-26,Wednesday,02:00,Anaheim Ducks,Tampa Bay Lightning,Anaheim Ducks,Tampa Bay Lightning,ANA,TBL,2,4,6,2,Tampa Bay Lightning,Anaheim Ducks,Away Win (4-2),2-4,Regulation,No,No,Honda Center,Anaheim,OFF,B. Elliott (Winning Goalie); B. Hagel (GWG Scorer),Tampa Bay Lightning defeated Anaheim Ducks 4-2 in regulation at Honda Center (Anaheim).,NHL Official Stats REST API (api-web.nhle.com/v1)
219,2022020111,2022-2023,2022,Regular Season,Regular Season,2022-10-27,Thursday,23:00,Boston Bruins,Detroit Red Wings,Boston Bruins,Detroit Red Wings,BOS,DET,5,1,6,4,Boston Bruins,Detroit Red Wings,Home Win (5-1),5-1,Regulation,No,No,TD Garden,Boston,OFF,J. Swayman (Winning Goalie); B. Marchand (GWG Scorer),Boston Bruins defeated Detroit Red Wings 5-1 in regulation at TD Garden (Boston).,NHL Official Stats REST API (api-web.nhle.com/v1)
220,2022020112,2022-2023,2022,Regular Season,Regular Season,2022-10-27,Thursday,23:00,Philadelphia Flyers,Florida Panthers,Philadelphia Flyers,Florida Panthers,PHI,FLA,4,3,7,1,Philadelphia Flyers,Florida Panthers,Home Win (4-3),4-3,Regulation,No,No,Wells Fargo Center,Philadelphia,OFF,C. Hart (Winning Goalie); J. Farabee (GWG Scorer),Philadelphia Flyers defeated Florida Panthers 4-3 in regulation at Wells Fargo Center (Philadelphia).,NHL Official Stats REST API (api-web.nhle.com/v1)
221,2022020113,2022-2023,2022,Regular Season,Regular Season,2022-10-27,Thursday,23:00,Ottawa Senators,Minnesota Wild,Ottawa Senators,Minnesota Wild,OTT,MIN,2,4,6,2,Minnesota Wild,Ottawa Senators,Away Win (4-2),2-4,Regulation,No,No,Canadian Tire Centre,Ottawa,OFF,M. Fleury (Winning Goalie); R. Hartman (GWG Scorer),Minnesota Wild defeated Ottawa Senators 4-2 in regulation at Canadian Tire Centre (Ottawa).,NHL Official Stats REST API (api-web.nhle.com/v1)
222,2022020114,2022-2023,2022,Regular Season,Regular Season,2022-10-27,Thursday,23:00,Buffalo Sabres,Montréal Canadiens,Buffalo Sabres,Montréal Canadiens,BUF,MTL,2,3,5,1,Montréal Canadiens,Buffalo Sabres,Away Win (3-2),2-3,Regulation,No,No,KeyBank Center,Buffalo,OFF,S. Montembeault (Winning Goalie); J. Anderson (GWG Scorer),Montréal Canadiens defeated Buffalo Sabres 3-2 in regulation at KeyBank Center (Buffalo).,NHL Official Stats REST API (api-web.nhle.com/v1)
223,2022020115,2022-2023,2022,Regular Season,Regular Season,2022-10-27,Thursday,00:00,Nashville Predators,St. Louis Blues,Nashville Predators,St. Louis Blues,NSH,STL,6,2,8,4,Nashville Predators,St. Louis Blues,Home Win (6-2),6-2,Regulation,No,No,Bridgestone Arena,Nashville,OFF,J. Saros (Winning Goalie); Z. Sanford (GWG Scorer),Nashville Predators defeated St. Louis Blues 6-2 in regulation at Bridgestone Arena (Nashville).,NHL Official Stats REST API (api-web.nhle.com/v1)
224,2022020116,2022-2023,2022,Regular Season,Regular Season,2022-10-27,Thursday,00:30,Chicago Blackhawks,Edmonton Oilers,Chicago Blackhawks,Edmonton Oilers,CHI,EDM,5,6,11,1,Edmonton Oilers,Chicago Blackhawks,Away Win (6-5),5-6,Regulation,No,No,United Center,Chicago,OFF,J. Campbell (Winning Goalie); L. Draisaitl (GWG Scorer),Edmonton Oilers defeated Chicago Blackhawks 6-5 in regulation at United Center (Chicago).,NHL Official Stats REST API (api-web.nhle.com/v1)
225,2022020117,2022-2023,2022,Regular Season,Regular Season,2022-10-27,Thursday,00:30,Dallas Stars,Washington Capitals,Dallas Stars,Washington Capitals,DAL,WSH,2,0,2,2,Dallas Stars,Washington Capitals,Home Win (2-0),2-0,Regulation,No,No,American Airlines Center,Dallas,OFF,J. Oettinger (Winning Goalie); J. Robertson (GWG Scorer),Dallas Stars defeated Washington Capitals 2-0 in regulation at American Airlines Center (Dallas).,NHL Official Stats REST API (api-web.nhle.com/v1)
226,2022020118,2022-2023,2022,Regular Season,Regular Season,2022-10-27,Thursday,02:00,Seattle Kraken,Vancouver Canucks,Seattle Kraken,Vancouver Canucks,SEA,VAN,4,5,9,1,Vancouver Canucks,Seattle Kraken,Away Win (5-4),4-5,Regulation,No,No,Climate Pledge Arena,Seattle,OFF,T. Demko (Winning Goalie); C. Garland (GWG Scorer),Vancouver Canucks defeated Seattle Kraken 5-4 in regulation at Climate Pledge Arena (Seattle).,NHL Official Stats REST API (api-web.nhle.com/v1)
227,2022020119,2022-2023,2022,Regular Season,Regular Season,2022-10-27,Thursday,02:30,San Jose Sharks,Toronto Maple Leafs,San Jose Sharks,Toronto Maple Leafs,SJS,TOR,4,3,7,1,San Jose Sharks,Toronto Maple Leafs,Home Win (4-3 OT),4-3,Overtime,Yes,No,SAP Center at San Jose,San Jose,OFF,K. Kahkonen (Winning Goalie); E. Karlsson (GWG Scorer),San Jose Sharks defeated Toronto Maple Leafs 4-3 in overtime at SAP Center at San Jose (San Jose).,NHL Official Stats REST API (api-web.nhle.com/v1)
228,2022020120,2022-2023,2022,Regular Season,Regular Season,2022-10-27,Thursday,02:30,Los Angeles Kings,Winnipeg Jets,Los Angeles Kings,Winnipeg Jets,LAK,WPG,4,6,10,2,Winnipeg Jets,Los Angeles Kings,Away Win (6-4),4-6,Regulation,No,No,Crypto.com Arena,Los Angeles,OFF,C. Hellebuyck (Winning Goalie); A. Jonsson-Fjallby (GWG Scorer),Winnipeg Jets defeated Los Angeles Kings 6-4 in regulation at Crypto.com Arena (Los Angeles).,NHL Official Stats REST API (api-web.nhle.com/v1)
229,2022020121,2022-2023,2022,Regular Season,Regular Season,2022-10-28,Friday,22:00,Vegas Golden Knights,Anaheim Ducks,Vegas Golden Knights,Anaheim Ducks,VGK,ANA,4,0,4,4,Vegas Golden Knights,Anaheim Ducks,Home Win (4-0),4-0,Regulation,No,No,T-Mobile Arena,Vegas,OFF,L. Thompson (Winning Goalie); C. Stephenson (GWG Scorer),Vegas Golden Knights defeated Anaheim Ducks 4-0 in regulation at T-Mobile Arena (Vegas).,NHL Official Stats REST API (api-web.nhle.com/v1)
230,2022020122,2022-2023,2022,Regular Season,Regular Season,2022-10-28,Friday,23:00,Columbus Blue Jackets,Boston Bruins,Columbus Blue Jackets,Boston Bruins,CBJ,BOS,0,4,4,4,Boston Bruins,Columbus Blue Jackets,Away Win (4-0),0-4,Regulation,No,No,Nationwide Arena,Columbus,OFF,L. Ullmark (Winning Goalie); M. Grzelcyk (GWG Scorer),Boston Bruins defeated Columbus Blue Jackets 4-0 in regulation at Nationwide Arena (Columbus).,NHL Official Stats REST API (api-web.nhle.com/v1)
231,2022020123,2022-2023,2022,Regular Season,Regular Season,2022-10-28,Friday,23:00,New Jersey Devils,Colorado Avalanche,New Jersey Devils,Colorado Avalanche,NJD,COL,1,0,1,1,New Jersey Devils,Colorado Avalanche,Home Win (1-0),1-0,Regulation,No,No,Prudential Center,New Jersey,OFF,V. Vanecek (Winning Goalie); J. Hughes (GWG Scorer),New Jersey Devils defeated Colorado Avalanche 1-0 in regulation at Prudential Center (New Jersey).,NHL Official Stats REST API (api-web.nhle.com/v1)
232,2022020124,2022-2023,2022,Regular Season,Regular Season,2022-10-28,Friday,23:00,Carolina Hurricanes,New York Islanders,Carolina Hurricanes,New York Islanders,CAR,NYI,2,6,8,4,New York Islanders,Carolina Hurricanes,Away Win (6-2),2-6,Regulation,No,No,PNC Arena,Carolina,OFF,I. Sorokin (Winning Goalie); J. Bailey (GWG Scorer),New York Islanders defeated Carolina Hurricanes 6-2 in regulation at PNC Arena (Carolina).,NHL Official Stats REST API (api-web.nhle.com/v1)
233,2022020125,2022-2023,2022,Regular Season,Regular Season,2022-10-28,Friday,02:00,Vancouver Canucks,Pittsburgh Penguins,Vancouver Canucks,Pittsburgh Penguins,VAN,PIT,5,1,6,4,Vancouver Canucks,Pittsburgh Penguins,Home Win (5-1),5-1,Regulation,No,No,Rogers Arena,Vancouver,OFF,S. Martin (Winning Goalie); B. Horvat (GWG Scorer),Vancouver Canucks defeated Pittsburgh Penguins 5-1 in regulation at Rogers Arena (Vancouver).,NHL Official Stats REST API (api-web.nhle.com/v1)
234,2022020126,2022-2023,2022,Regular Season,Regular Season,2022-10-28,Friday,02:30,Arizona Coyotes,Winnipeg Jets,Arizona Coyotes,Winnipeg Jets,ARI,WPG,2,3,5,1,Winnipeg Jets,Arizona Coyotes,Away Win (3-2 OT),2-3,Overtime,Yes,No,Mullett Arena,Arizona,OFF,D. Rittich (Winning Goalie); B. Wheeler (GWG Scorer),Winnipeg Jets defeated Arizona Coyotes 3-2 in overtime at Mullett Arena (Arizona).,NHL Official Stats REST API (api-web.nhle.com/v1)
235,2022020127,2022-2023,2022,Regular Season,Regular Season,2022-10-29,Saturday,18:00,Dallas Stars,New York Rangers,Dallas Stars,New York Rangers,DAL,NYR,3,6,9,3,New York Rangers,Dallas Stars,Away Win (6-3),3-6,Regulation,No,No,American Airlines Center,Dallas,OFF,I. Shesterkin (Winning Goalie); Z. Jones (GWG Scorer),New York Rangers defeated Dallas Stars 6-3 in regulation at American Airlines Center (Dallas).,NHL Official Stats REST API (api-web.nhle.com/v1)
236,2022020128,2022-2023,2022,Regular Season,Regular Season,2022-10-29,Saturday,20:00,Florida Panthers,Ottawa Senators,Florida Panthers,Ottawa Senators,FLA,OTT,5,3,8,2,Florida Panthers,Ottawa Senators,Home Win (5-3),5-3,Regulation,No,No,FLA Live Arena,Florida,OFF,S. Knight (Winning Goalie); B. Montour (GWG Scorer),Florida Panthers defeated Ottawa Senators 5-3 in regulation at FLA Live Arena (Florida).,NHL Official Stats REST API (api-web.nhle.com/v1)
237,2022020129,2022-2023,2022,Regular Season,Regular Season,2022-10-29,Saturday,20:30,San Jose Sharks,Tampa Bay Lightning,San Jose Sharks,Tampa Bay Lightning,SJS,TBL,3,4,7,1,Tampa Bay Lightning,San Jose Sharks,Away Win (4-3),3-4,Regulation,No,No,SAP Center at San Jose,San Jose,OFF,A. Vasilevskiy (Winning Goalie); N. Kucherov (GWG Scorer),Tampa Bay Lightning defeated San Jose Sharks 4-3 in regulation at SAP Center at San Jose (San Jose).,NHL Official Stats REST API (api-web.nhle.com/v1)
238,2022020130,2022-2023,2022,Regular Season,Regular Season,2022-10-29,Saturday,23:00,Philadelphia Flyers,Carolina Hurricanes,Philadelphia Flyers,Carolina Hurricanes,PHI,CAR,3,4,7,1,Carolina Hurricanes,Philadelphia Flyers,Away Win (4-3 OT),3-4,Overtime,Yes,No,Wells Fargo Center,Philadelphia,OFF,A. Raanta (Winning Goalie); B. Burns (GWG Scorer),Carolina Hurricanes defeated Philadelphia Flyers 4-3 in overtime at Wells Fargo Center (Philadelphia).,NHL Official Stats REST API (api-web.nhle.com/v1)
239,2022020131,2022-2023,2022,Regular Season,Regular Season,2022-10-29,Saturday,23:00,Buffalo Sabres,Chicago Blackhawks,Buffalo Sabres,Chicago Blackhawks,BUF,CHI,4,3,7,1,Buffalo Sabres,Chicago Blackhawks,Home Win (4-3 OT),4-3,Overtime,Yes,No,KeyBank Center,Buffalo,OFF,C. Anderson (Winning Goalie); V. Olofsson (GWG Scorer),Buffalo Sabres defeated Chicago Blackhawks 4-3 in overtime at KeyBank Center (Buffalo).,NHL Official Stats REST API (api-web.nhle.com/v1)
240,2022020132,2022-2023,2022,Regular Season,Regular Season,2022-10-29,Saturday,23:00,Detroit Red Wings,Minnesota Wild,Detroit Red Wings,Minnesota Wild,DET,MIN,2,1,3,1,Detroit Red Wings,Minnesota Wild,Home Win (2-1),2-1,Regulation,No,No,Little Caesars Arena,Detroit,OFF,V. Husso (Winning Goalie); L. Raymond (GWG Scorer),Detroit Red Wings defeated Minnesota Wild 2-1 in regulation at Little Caesars Arena (Detroit).,NHL Official Stats REST API (api-web.nhle.com/v1)
241,2022020133,2022-2023,2022,Regular Season,Regular Season,2022-10-29,Saturday,23:00,St. Louis Blues,Montréal Canadiens,St. Louis Blues,Montréal Canadiens,STL,MTL,4,7,11,3,Montréal Canadiens,St. Louis Blues,Away Win (7-4),4-7,Regulation,No,No,Enterprise Center,St. Louis,OFF,J. Allen (Winning Goalie); C. Dvorak (GWG Scorer),Montréal Canadiens defeated St. Louis Blues 7-4 in regulation at Enterprise Center (St. Louis).,NHL Official Stats REST API (api-web.nhle.com/v1)
242,2022020134,2022-2023,2022,Regular Season,Regular Season,2022-10-29,Saturday,23:00,Los Angeles Kings,Toronto Maple Leafs,Los Angeles Kings,Toronto Maple Leafs,LAK,TOR,4,2,6,2,Los Angeles Kings,Toronto Maple Leafs,Home Win (4-2),4-2,Regulation,No,No,Crypto.com Arena,Los Angeles,OFF,C. Petersen (Winning Goalie); G. Vilardi (GWG Scorer),Los Angeles Kings defeated Toronto Maple Leafs 4-2 in regulation at Crypto.com Arena (Los Angeles).,NHL Official Stats REST API (api-web.nhle.com/v1)
243,2022020135,2022-2023,2022,Regular Season,Regular Season,2022-10-29,Saturday,23:30,New York Islanders,Colorado Avalanche,New York Islanders,Colorado Avalanche,NYI,COL,5,4,9,1,New York Islanders,Colorado Avalanche,Home Win (5-4),5-4,Regulation,No,No,UBS Arena,New York,OFF,S. Varlamov (Winning Goalie); B. Nelson (GWG Scorer),New York Islanders defeated Colorado Avalanche 5-4 in regulation at UBS Arena (New York).,NHL Official Stats REST API (api-web.nhle.com/v1)
244,2022020136,2022-2023,2022,Regular Season,Regular Season,2022-10-29,Saturday,00:00,Nashville Predators,Washington Capitals,Nashville Predators,Washington Capitals,NSH,WSH,0,3,3,3,Washington Capitals,Nashville Predators,Away Win (3-0),0-3,Regulation,No,No,Bridgestone Arena,Nashville,OFF,D. Kuemper (Winning Goalie); B. Malenstyn (GWG Scorer),Washington Capitals defeated Nashville Predators 3-0 in regulation at Bridgestone Arena (Nashville).,NHL Official Stats REST API (api-web.nhle.com/v1)
245,2022020137,2022-2023,2022,Regular Season,Regular Season,2022-10-29,Saturday,02:00,Calgary Flames,Edmonton Oilers,Calgary Flames,Edmonton Oilers,CGY,EDM,2,3,5,1,Edmonton Oilers,Calgary Flames,Away Win (3-2),2-3,Regulation,No,No,Scotiabank Saddledome,Calgary,OFF,S. Skinner (Winning Goalie); Z. Hyman (GWG Scorer),Edmonton Oilers defeated Calgary Flames 3-2 in regulation at Scotiabank Saddledome (Calgary).,NHL Official Stats REST API (api-web.nhle.com/v1)
246,2022020138,2022-2023,2022,Regular Season,Regular Season,2022-10-29,Saturday,02:00,Seattle Kraken,Pittsburgh Penguins,Seattle Kraken,Pittsburgh Penguins,SEA,PIT,3,1,4,2,Seattle Kraken,Pittsburgh Penguins,Home Win (3-1),3-1,Regulation,No,No,Climate Pledge Arena,Seattle,OFF,M. Jones (Winning Goalie); M. Geekie (GWG Scorer),Seattle Kraken defeated Pittsburgh Penguins 3-1 in regulation at Climate Pledge Arena (Seattle).,NHL Official Stats REST API (api-web.nhle.com/v1)
247,2022020139,2022-2023,2022,Regular Season,Regular Season,2022-10-30,Sunday,18:00,New Jersey Devils,Columbus Blue Jackets,New Jersey Devils,Columbus Blue Jackets,NJD,CBJ,7,1,8,6,New Jersey Devils,Columbus Blue Jackets,Home Win (7-1),7-1,Regulation,No,No,Prudential Center,New Jersey,OFF,V. Vanecek (Winning Goalie); N. Hischier (GWG Scorer),New Jersey Devils defeated Columbus Blue Jackets 7-1 in regulation at Prudential Center (New Jersey).,NHL Official Stats REST API (api-web.nhle.com/v1)
248,2022020140,2022-2023,2022,Regular Season,Regular Season,2022-10-30,Sunday,23:00,Chicago Blackhawks,Minnesota Wild,Chicago Blackhawks,Minnesota Wild,CHI,MIN,3,4,7,1,Minnesota Wild,Chicago Blackhawks,Away Win (4-3 SO),3-4,Shootout,Yes,Yes,United Center,Chicago,OFF,M. Fleury (Winning Goalie),Minnesota Wild defeated Chicago Blackhawks 4-3 in a shootout at United Center (Chicago).,NHL Official Stats REST API (api-web.nhle.com/v1)
249,2022020141,2022-2023,2022,Regular Season,Regular Season,2022-10-30,Sunday,00:00,Arizona Coyotes,New York Rangers,Arizona Coyotes,New York Rangers,ARI,NYR,2,3,5,1,New York Rangers,Arizona Coyotes,Away Win (3-2),2-3,Regulation,No,No,Mullett Arena,Arizona,OFF,I. Shesterkin (Winning Goalie); M. Zibanejad (GWG Scorer),New York Rangers defeated Arizona Coyotes 3-2 in regulation at Mullett Arena (Arizona).,NHL Official Stats REST API (api-web.nhle.com/v1)
250,2022020142,2022-2023,2022,Regular Season,Regular Season,2022-10-30,Sunday,00:00,Anaheim Ducks,Toronto Maple Leafs,Anaheim Ducks,Toronto Maple Leafs,ANA,TOR,4,3,7,1,Anaheim Ducks,Toronto Maple Leafs,Home Win (4-3 OT),4-3,Overtime,Yes,No,Honda Center,Anaheim,OFF,J. Gibson (Winning Goalie); T. Zegras (GWG Scorer),Anaheim Ducks defeated Toronto Maple Leafs 4-3 in overtime at Honda Center (Anaheim).,NHL Official Stats REST API (api-web.nhle.com/v1)
251,2022020143,2022-2023,2022,Regular Season,Regular Season,2022-10-30,Sunday,00:00,Vegas Golden Knights,Winnipeg Jets,Vegas Golden Knights,Winnipeg Jets,VGK,WPG,2,1,3,1,Vegas Golden Knights,Winnipeg Jets,Home Win (2-1 OT),2-1,Overtime,Yes,No,T-Mobile Arena,Vegas,OFF,A. Hill (Winning Goalie); J. Eichel (GWG Scorer),Vegas Golden Knights defeated Winnipeg Jets 2-1 in overtime at T-Mobile Arena (Vegas).,NHL Official Stats REST API (api-web.nhle.com/v1)
252,2022020144,2022-2023,2022,Regular Season,Regular Season,2022-10-31,Monday,23:00,Buffalo Sabres,Detroit Red Wings,Buffalo Sabres,Detroit Red Wings,BUF,DET,8,3,11,5,Buffalo Sabres,Detroit Red Wings,Home Win (8-3),8-3,Regulation,No,No,KeyBank Center,Buffalo,OFF,E. Comrie (Winning Goalie); T. Thompson (GWG Scorer),Buffalo Sabres defeated Detroit Red Wings 8-3 in regulation at KeyBank Center (Buffalo).,NHL Official Stats REST API (api-web.nhle.com/v1)
253,2022020145,2022-2023,2022,Regular Season,Regular Season,2022-10-31,Monday,23:00,Carolina Hurricanes,Washington Capitals,Carolina Hurricanes,Washington Capitals,CAR,WSH,3,2,5,1,Carolina Hurricanes,Washington Capitals,Home Win (3-2 SO),3-2,Shootout,Yes,Yes,PNC Arena,Carolina,OFF,F. Andersen (Winning Goalie),Carolina Hurricanes defeated Washington Capitals 3-2 in a shootout at PNC Arena (Carolina).,NHL Official Stats REST API (api-web.nhle.com/v1)
254,2022020146,2022-2023,2022,Regular Season,Regular Season,2022-10-31,Monday,00:00,St. Louis Blues,Los Angeles Kings,St. Louis Blues,Los Angeles Kings,STL,LAK,1,5,6,4,Los Angeles Kings,St. Louis Blues,Away Win (5-1),1-5,Regulation,No,No,Enterprise Center,St. Louis,OFF,J. Quick (Winning Goalie); C. Grundstrom (GWG Scorer),Los Angeles Kings defeated St. Louis Blues 5-1 in regulation at Enterprise Center (St. Louis).,NHL Official Stats REST API (api-web.nhle.com/v1)
255,2022020148,2022-2023,2022,Regular Season,Regular Season,2022-11-01,Tuesday,23:00,Tampa Bay Lightning,Ottawa Senators,Tampa Bay Lightning,Ottawa Senators,TBL,OTT,4,3,7,1,Tampa Bay Lightning,Ottawa Senators,Home Win (4-3),4-3,Regulation,No,No,Amalie Arena,Tampa Bay,OFF,A. Vasilevskiy (Winning Goalie); N. Kucherov (GWG Scorer),Tampa Bay Lightning defeated Ottawa Senators 4-3 in regulation at Amalie Arena (Tampa Bay).,NHL Official Stats REST API (api-web.nhle.com/v1)
256,2022020149,2022-2023,2022,Regular Season,Regular Season,2022-11-01,Tuesday,23:00,New York Rangers,Philadelphia Flyers,New York Rangers,Philadelphia Flyers,NYR,PHI,1,0,1,1,New York Rangers,Philadelphia Flyers,Home Win (1-0 OT),1-0,Overtime,Yes,No,Madison Square Garden,New York,OFF,I. Shesterkin (Winning Goalie); C. Kreider (GWG Scorer),New York Rangers defeated Philadelphia Flyers 1-0 in overtime at Madison Square Garden (New York).,NHL Official Stats REST API (api-web.nhle.com/v1)
257,2022020150,2022-2023,2022,Regular Season,Regular Season,2022-11-01,Tuesday,23:00,Washington Capitals,Vegas Golden Knights,Washington Capitals,Vegas Golden Knights,WSH,VGK,2,3,5,1,Vegas Golden Knights,Washington Capitals,Away Win (3-2 OT),2-3,Overtime,Yes,No,Capital One Arena,Washington,OFF,L. Thompson (Winning Goalie); S. Theodore (GWG Scorer),Vegas Golden Knights defeated Washington Capitals 3-2 in overtime at Capital One Arena (Washington).,NHL Official Stats REST API (api-web.nhle.com/v1)
258,2022020147,2022-2023,2022,Regular Season,Regular Season,2022-11-01,Tuesday,00:00,Pittsburgh Penguins,Boston Bruins,Pittsburgh Penguins,Boston Bruins,PIT,BOS,5,6,11,1,Boston Bruins,Pittsburgh Penguins,Away Win (6-5 OT),5-6,Overtime,Yes,No,PPG Paints Arena,Pittsburgh,OFF,L. Ullmark (Winning Goalie); H. Lindholm (GWG Scorer),Boston Bruins defeated Pittsburgh Penguins 6-5 in overtime at PPG Paints Arena (Pittsburgh).,NHL Official Stats REST API (api-web.nhle.com/v1)
259,2022020151,2022-2023,2022,Regular Season,Regular Season,2022-11-01,Tuesday,00:00,Minnesota Wild,Montréal Canadiens,Minnesota Wild,Montréal Canadiens,MIN,MTL,4,1,5,3,Minnesota Wild,Montréal Canadiens,Home Win (4-1),4-1,Regulation,No,No,Xcel Energy Center,Minnesota,OFF,M. Fleury (Winning Goalie); K. Kaprizov (GWG Scorer),Minnesota Wild defeated Montréal Canadiens 4-1 in regulation at Xcel Energy Center (Minnesota).,NHL Official Stats REST API (api-web.nhle.com/v1)
260,2022020152,2022-2023,2022,Regular Season,Regular Season,2022-11-01,Tuesday,00:30,Chicago Blackhawks,New York Islanders,Chicago Blackhawks,New York Islanders,CHI,NYI,1,3,4,2,New York Islanders,Chicago Blackhawks,Away Win (3-1),1-3,Regulation,No,No,United Center,Chicago,OFF,I. Sorokin (Winning Goalie); B. Nelson (GWG Scorer),New York Islanders defeated Chicago Blackhawks 3-1 in regulation at United Center (Chicago).,NHL Official Stats REST API (api-web.nhle.com/v1)
261,2022020153,2022-2023,2022,Regular Season,Regular Season,2022-11-01,Tuesday,00:30,Dallas Stars,Los Angeles Kings,Dallas Stars,Los Angeles Kings,DAL,LAK,5,2,7,3,Dallas Stars,Los Angeles Kings,Home Win (5-2),5-2,Regulation,No,No,American Airlines Center,Dallas,OFF,S. Wedgewood (Winning Goalie); T. Seguin (GWG Scorer),Dallas Stars defeated Los Angeles Kings 5-2 in regulation at American Airlines Center (Dallas).,NHL Official Stats REST API (api-web.nhle.com/v1)
262,2022020154,2022-2023,2022,Regular Season,Regular Season,2022-11-01,Tuesday,01:00,Edmonton Oilers,Nashville Predators,Edmonton Oilers,Nashville Predators,EDM,NSH,7,4,11,3,Edmonton Oilers,Nashville Predators,Home Win (7-4),7-4,Regulation,No,No,Rogers Place,Edmonton,OFF,J. Campbell (Winning Goalie); C. McDavid (GWG Scorer),Edmonton Oilers defeated Nashville Predators 7-4 in regulation at Rogers Place (Edmonton).,NHL Official Stats REST API (api-web.nhle.com/v1)
263,2022020155,2022-2023,2022,Regular Season,Regular Season,2022-11-01,Tuesday,01:00,Calgary Flames,Seattle Kraken,Calgary Flames,Seattle Kraken,CGY,SEA,4,5,9,1,Seattle Kraken,Calgary Flames,Away Win (5-4),4-5,Regulation,No,No,Scotiabank Saddledome,Calgary,OFF,J. Daccord (Winning Goalie); M. Beniers (GWG Scorer),Seattle Kraken defeated Calgary Flames 5-4 in regulation at Scotiabank Saddledome (Calgary).,NHL Official Stats REST API (api-web.nhle.com/v1)
264,2022020156,2022-2023,2022,Regular Season,Regular Season,2022-11-01,Tuesday,02:00,Arizona Coyotes,Florida Panthers,Arizona Coyotes,Florida Panthers,ARI,FLA,3,1,4,2,Arizona Coyotes,Florida Panthers,Home Win (3-1),3-1,Regulation,No,No,Mullett Arena,Arizona,OFF,K. Vejmelka (Winning Goalie); N. Ritchie (GWG Scorer),Arizona Coyotes defeated Florida Panthers 3-1 in regulation at Mullett Arena (Arizona).,NHL Official Stats REST API (api-web.nhle.com/v1)
265,2022020157,2022-2023,2022,Regular Season,Regular Season,2022-11-01,Tuesday,02:00,Vancouver Canucks,New Jersey Devils,Vancouver Canucks,New Jersey Devils,VAN,NJD,2,5,7,3,New Jersey Devils,Vancouver Canucks,Away Win (5-2),2-5,Regulation,No,No,Rogers Arena,Vancouver,OFF,M. Blackwood (Winning Goalie); D. Mercer (GWG Scorer),New Jersey Devils defeated Vancouver Canucks 5-2 in regulation at Rogers Arena (Vancouver).,NHL Official Stats REST API (api-web.nhle.com/v1)
266,2022020158,2022-2023,2022,Regular Season,Regular Season,2022-11-01,Tuesday,02:30,San Jose Sharks,Anaheim Ducks,San Jose Sharks,Anaheim Ducks,SJS,ANA,5,6,11,1,Anaheim Ducks,San Jose Sharks,Away Win (6-5 SO),5-6,Shootout,Yes,Yes,SAP Center at San Jose,San Jose,OFF,A. Stolarz (Winning Goalie),Anaheim Ducks defeated San Jose Sharks 6-5 in a shootout at SAP Center at San Jose (San Jose).,NHL Official Stats REST API (api-web.nhle.com/v1)
267,2022020159,2022-2023,2022,Regular Season,Regular Season,2022-11-02,Wednesday,23:00,Toronto Maple Leafs,Philadelphia Flyers,Toronto Maple Leafs,Philadelphia Flyers,TOR,PHI,5,2,7,3,Toronto Maple Leafs,Philadelphia Flyers,Home Win (5-2),5-2,Regulation,No,No,Scotiabank Arena,Toronto,OFF,I. Samsonov (Winning Goalie); Z. Aston-Reese (GWG Scorer),Toronto Maple Leafs defeated Philadelphia Flyers 5-2 in regulation at Scotiabank Arena (Toronto).,NHL Official Stats REST API (api-web.nhle.com/v1)
268,2022020160,2022-2023,2022,Regular Season,Regular Season,2022-11-02,Wednesday,23:30,Buffalo Sabres,Pittsburgh Penguins,Buffalo Sabres,Pittsburgh Penguins,BUF,PIT,6,3,9,3,Buffalo Sabres,Pittsburgh Penguins,Home Win (6-3),6-3,Regulation,No,No,KeyBank Center,Buffalo,OFF,E. Comrie (Winning Goalie); A. Tuch (GWG Scorer),Buffalo Sabres defeated Pittsburgh Penguins 6-3 in regulation at KeyBank Center (Buffalo).,NHL Official Stats REST API (api-web.nhle.com/v1)
269,2022020162,2022-2023,2022,Regular Season,Regular Season,2022-11-03,Thursday,23:00,Tampa Bay Lightning,Carolina Hurricanes,Tampa Bay Lightning,Carolina Hurricanes,TBL,CAR,3,4,7,1,Carolina Hurricanes,Tampa Bay Lightning,Away Win (4-3 SO),3-4,Shootout,Yes,Yes,Amalie Arena,Tampa Bay,OFF,F. Andersen (Winning Goalie),Carolina Hurricanes defeated Tampa Bay Lightning 4-3 in a shootout at Amalie Arena (Tampa Bay).,NHL Official Stats REST API (api-web.nhle.com/v1)
270,2022020163,2022-2023,2022,Regular Season,Regular Season,2022-11-03,Thursday,23:00,Ottawa Senators,Vegas Golden Knights,Ottawa Senators,Vegas Golden Knights,OTT,VGK,4,5,9,1,Vegas Golden Knights,Ottawa Senators,Away Win (5-4),4-5,Regulation,No,No,Canadian Tire Centre,Ottawa,OFF,L. Thompson (Winning Goalie); W. Carrier (GWG Scorer),Vegas Golden Knights defeated Ottawa Senators 5-4 in regulation at Canadian Tire Centre (Ottawa).,NHL Official Stats REST API (api-web.nhle.com/v1)
271,2022020164,2022-2023,2022,Regular Season,Regular Season,2022-11-03,Thursday,23:00,Detroit Red Wings,Washington Capitals,Detroit Red Wings,Washington Capitals,DET,WSH,3,1,4,2,Detroit Red Wings,Washington Capitals,Home Win (3-1),3-1,Regulation,No,No,Little Caesars Arena,Detroit,OFF,V. Husso (Winning Goalie); A. Copp (GWG Scorer),Detroit Red Wings defeated Washington Capitals 3-1 in regulation at Little Caesars Arena (Detroit).,NHL Official Stats REST API (api-web.nhle.com/v1)
272,2022020161,2022-2023,2022,Regular Season,Regular Season,2022-11-03,Thursday,23:30,New York Rangers,Boston Bruins,New York Rangers,Boston Bruins,NYR,BOS,2,5,7,3,Boston Bruins,New York Rangers,Away Win (5-2),2-5,Regulation,No,No,Madison Square Garden,New York,OFF,L. Ullmark (Winning Goalie); T. Frederic (GWG Scorer),Boston Bruins defeated New York Rangers 5-2 in regulation at Madison Square Garden (New York).,NHL Official Stats REST API (api-web.nhle.com/v1)
273,2022020165,2022-2023,2022,Regular Season,Regular Season,2022-11-03,Thursday,00:00,Winnipeg Jets,Montréal Canadiens,Winnipeg Jets,Montréal Canadiens,WPG,MTL,3,2,5,1,Winnipeg Jets,Montréal Canadiens,Home Win (3-2 OT),3-2,Overtime,Yes,No,Canada Life Centre,Winnipeg,OFF,C. Hellebuyck (Winning Goalie); K. Connor (GWG Scorer),Winnipeg Jets defeated Montréal Canadiens 3-2 in overtime at Canada Life Centre (Winnipeg).,NHL Official Stats REST API (api-web.nhle.com/v1)
274,2022020166,2022-2023,2022,Regular Season,Regular Season,2022-11-03,Thursday,00:00,St. Louis Blues,New York Islanders,St. Louis Blues,New York Islanders,STL,NYI,2,5,7,3,New York Islanders,St. Louis Blues,Away Win (5-2),2-5,Regulation,No,No,Enterprise Center,St. Louis,OFF,I. Sorokin (Winning Goalie); J. Bailey (GWG Scorer),New York Islanders defeated St. Louis Blues 5-2 in regulation at Enterprise Center (St. Louis).,NHL Official Stats REST API (api-web.nhle.com/v1)
275,2022020167,2022-2023,2022,Regular Season,Regular Season,2022-11-03,Thursday,00:00,Minnesota Wild,Seattle Kraken,Minnesota Wild,Seattle Kraken,MIN,SEA,0,4,4,4,Seattle Kraken,Minnesota Wild,Away Win (4-0),0-4,Regulation,No,No,Xcel Energy Center,Minnesota,OFF,M. Jones (Winning Goalie); M. Geekie (GWG Scorer),Seattle Kraken defeated Minnesota Wild 4-0 in regulation at Xcel Energy Center (Minnesota).,NHL Official Stats REST API (api-web.nhle.com/v1)
276,2022020168,2022-2023,2022,Regular Season,Regular Season,2022-11-03,Thursday,00:30,Chicago Blackhawks,Los Angeles Kings,Chicago Blackhawks,Los Angeles Kings,CHI,LAK,2,1,3,1,Chicago Blackhawks,Los Angeles Kings,Home Win (2-1 OT),2-1,Overtime,Yes,No,United Center,Chicago,OFF,A. Soderblom (Winning Goalie); J. Toews (GWG Scorer),Chicago Blackhawks defeated Los Angeles Kings 2-1 in overtime at United Center (Chicago).,NHL Official Stats REST API (api-web.nhle.com/v1)
277,2022020169,2022-2023,2022,Regular Season,Regular Season,2022-11-03,Thursday,01:00,Calgary Flames,Nashville Predators,Calgary Flames,Nashville Predators,CGY,NSH,1,4,5,3,Nashville Predators,Calgary Flames,Away Win (4-1),1-4,Regulation,No,No,Scotiabank Saddledome,Calgary,OFF,K. Lankinen (Winning Goalie); F. Forsberg (GWG Scorer),Nashville Predators defeated Calgary Flames 4-1 in regulation at Scotiabank Saddledome (Calgary).,NHL Official Stats REST API (api-web.nhle.com/v1)
278,2022020170,2022-2023,2022,Regular Season,Regular Season,2022-11-03,Thursday,01:00,Edmonton Oilers,New Jersey Devils,Edmonton Oilers,New Jersey Devils,EDM,NJD,3,4,7,1,New Jersey Devils,Edmonton Oilers,Away Win (4-3),3-4,Regulation,No,No,Rogers Place,Edmonton,OFF,V. Vanecek (Winning Goalie); J. Bratt (GWG Scorer),New Jersey Devils defeated Edmonton Oilers 4-3 in regulation at Rogers Place (Edmonton).,NHL Official Stats REST API (api-web.nhle.com/v1)
279,2022020171,2022-2023,2022,Regular Season,Regular Season,2022-11-03,Thursday,02:00,Vancouver Canucks,Anaheim Ducks,Vancouver Canucks,Anaheim Ducks,VAN,ANA,8,5,13,3,Vancouver Canucks,Anaheim Ducks,Home Win (8-5),8-5,Regulation,No,No,Rogers Arena,Vancouver,OFF,S. Martin (Winning Goalie); A. Kuzmenko (GWG Scorer),Vancouver Canucks defeated Anaheim Ducks 8-5 in regulation at Rogers Arena (Vancouver).,NHL Official Stats REST API (api-web.nhle.com/v1)
280,2022020172,2022-2023,2022,Regular Season,Regular Season,2022-11-03,Thursday,02:00,Arizona Coyotes,Dallas Stars,Arizona Coyotes,Dallas Stars,ARI,DAL,2,7,9,5,Dallas Stars,Arizona Coyotes,Away Win (7-2),2-7,Regulation,No,No,Mullett Arena,Arizona,OFF,S. Wedgewood (Winning Goalie); T. Dellandrea (GWG Scorer),Dallas Stars defeated Arizona Coyotes 7-2 in regulation at Mullett Arena (Arizona).,NHL Official Stats REST API (api-web.nhle.com/v1)
281,2022020173,2022-2023,2022,Regular Season,Regular Season,2022-11-03,Thursday,02:30,San Jose Sharks,Florida Panthers,San Jose Sharks,Florida Panthers,SJS,FLA,3,4,7,1,Florida Panthers,San Jose Sharks,Away Win (4-3 SO),3-4,Shootout,Yes,Yes,SAP Center at San Jose,San Jose,OFF,S. Bobrovsky (Winning Goalie),Florida Panthers defeated San Jose Sharks 4-3 in a shootout at SAP Center at San Jose (San Jose).,NHL Official Stats REST API (api-web.nhle.com/v1)
282,2022020175,2022-2023,2022,Regular Season,Regular Season,2022-11-04,Friday,18:00,Colorado Avalanche,Columbus Blue Jackets,Colorado Avalanche,Columbus Blue Jackets,COL,CBJ,6,3,9,3,Colorado Avalanche,Columbus Blue Jackets,Home Win (6-3),6-3,Regulation,No,No,Nokia Arena,Colorado,OFF,A. Georgiev (Winning Goalie); M. Rantanen (GWG Scorer),Colorado Avalanche defeated Columbus Blue Jackets 6-3 in regulation at Nokia Arena (Colorado).,NHL Official Stats REST API (api-web.nhle.com/v1)
283,2022020174,2022-2023,2022,Regular Season,Regular Season,2022-11-04,Friday,23:00,Carolina Hurricanes,Buffalo Sabres,Carolina Hurricanes,Buffalo Sabres,CAR,BUF,5,3,8,2,Carolina Hurricanes,Buffalo Sabres,Home Win (5-3),5-3,Regulation,No,No,PNC Arena,Carolina,OFF,A. Raanta (Winning Goalie); J. Kotkaniemi (GWG Scorer),Carolina Hurricanes defeated Buffalo Sabres 5-3 in regulation at PNC Arena (Carolina).,NHL Official Stats REST API (api-web.nhle.com/v1)
284,2022020181,2022-2023,2022,Regular Season,Regular Season,2022-11-05,Saturday,17:00,Detroit Red Wings,New York Islanders,Detroit Red Wings,New York Islanders,DET,NYI,3,0,3,3,Detroit Red Wings,New York Islanders,Home Win (3-0),3-0,Regulation,No,No,Little Caesars Arena,Detroit,OFF,V. Husso (Winning Goalie); L. Raymond (GWG Scorer),Detroit Red Wings defeated New York Islanders 3-0 in regulation at Little Caesars Arena (Detroit).,NHL Official Stats REST API (api-web.nhle.com/v1)
285,2022020185,2022-2023,2022,Regular Season,Regular Season,2022-11-05,Saturday,18:00,Columbus Blue Jackets,Colorado Avalanche,Columbus Blue Jackets,Colorado Avalanche,CBJ,COL,1,5,6,4,Colorado Avalanche,Columbus Blue Jackets,Away Win (5-1),1-5,Regulation,No,No,Nokia Arena,Columbus,OFF,A. Georgiev (Winning Goalie); M. Kaut (GWG Scorer),Colorado Avalanche defeated Columbus Blue Jackets 5-1 in regulation at Nokia Arena (Columbus).,NHL Official Stats REST API (api-web.nhle.com/v1)
286,2022020176,2022-2023,2022,Regular Season,Regular Season,2022-11-05,Saturday,19:00,Winnipeg Jets,Chicago Blackhawks,Winnipeg Jets,Chicago Blackhawks,WPG,CHI,4,0,4,4,Winnipeg Jets,Chicago Blackhawks,Home Win (4-0),4-0,Regulation,No,No,Canada Life Centre,Winnipeg,OFF,C. Hellebuyck (Winning Goalie); J. Morrissey (GWG Scorer),Winnipeg Jets defeated Chicago Blackhawks 4-0 in regulation at Canada Life Centre (Winnipeg).,NHL Official Stats REST API (api-web.nhle.com/v1)
287,2022020177,2022-2023,2022,Regular Season,Regular Season,2022-11-05,Saturday,20:00,Edmonton Oilers,Dallas Stars,Edmonton Oilers,Dallas Stars,EDM,DAL,2,6,8,4,Dallas Stars,Edmonton Oilers,Away Win (6-2),2-6,Regulation,No,No,Rogers Place,Edmonton,OFF,S. Wedgewood (Winning Goalie); J. Robertson (GWG Scorer),Dallas Stars defeated Edmonton Oilers 6-2 in regulation at Rogers Place (Edmonton).,NHL Official Stats REST API (api-web.nhle.com/v1)
288,2022020178,2022-2023,2022,Regular Season,Regular Season,2022-11-05,Saturday,23:00,Washington Capitals,Arizona Coyotes,Washington Capitals,Arizona Coyotes,WSH,ARI,2,3,5,1,Arizona Coyotes,Washington Capitals,Away Win (3-2),2-3,Regulation,No,No,Capital One Arena,Washington,OFF,K. Vejmelka (Winning Goalie); N. Ritchie (GWG Scorer),Arizona Coyotes defeated Washington Capitals 3-2 in regulation at Capital One Arena (Washington).,NHL Official Stats REST API (api-web.nhle.com/v1)
289,2022020179,2022-2023,2022,Regular Season,Regular Season,2022-11-05,Saturday,23:00,Toronto Maple Leafs,Boston Bruins,Toronto Maple Leafs,Boston Bruins,TOR,BOS,2,1,3,1,Toronto Maple Leafs,Boston Bruins,Home Win (2-1),2-1,Regulation,No,No,Scotiabank Arena,Toronto,OFF,I. Samsonov (Winning Goalie); A. Matthews (GWG Scorer),Toronto Maple Leafs defeated Boston Bruins 2-1 in regulation at Scotiabank Arena (Toronto).,NHL Official Stats REST API (api-web.nhle.com/v1)
290,2022020180,2022-2023,2022,Regular Season,Regular Season,2022-11-05,Saturday,23:00,Tampa Bay Lightning,Buffalo Sabres,Tampa Bay Lightning,Buffalo Sabres,TBL,BUF,5,3,8,2,Tampa Bay Lightning,Buffalo Sabres,Home Win (5-3),5-3,Regulation,No,No,Amalie Arena,Tampa Bay,OFF,B. Elliott (Winning Goalie); N. Perbix (GWG Scorer),Tampa Bay Lightning defeated Buffalo Sabres 5-3 in regulation at Amalie Arena (Tampa Bay).,NHL Official Stats REST API (api-web.nhle.com/v1)
291,2022020182,2022-2023,2022,Regular Season,Regular Season,2022-11-05,Saturday,23:00,Ottawa Senators,Philadelphia Flyers,Ottawa Senators,Philadelphia Flyers,OTT,PHI,1,2,3,1,Philadelphia Flyers,Ottawa Senators,Away Win (2-1),1-2,Regulation,No,No,Canadian Tire Centre,Ottawa,OFF,C. Hart (Winning Goalie); Z. MacEwen (GWG Scorer),Philadelphia Flyers defeated Ottawa Senators 2-1 in regulation at Canadian Tire Centre (Ottawa).,NHL Official Stats REST API (api-web.nhle.com/v1)
292,2022020183,2022-2023,2022,Regular Season,Regular Season,2022-11-05,Saturday,23:00,Pittsburgh Penguins,Seattle Kraken,Pittsburgh Penguins,Seattle Kraken,PIT,SEA,2,3,5,1,Seattle Kraken,Pittsburgh Penguins,Away Win (3-2),2-3,Regulation,No,No,PPG Paints Arena,Pittsburgh,OFF,M. Jones (Winning Goalie); B. Tanev (GWG Scorer),Seattle Kraken defeated Pittsburgh Penguins 3-2 in regulation at PPG Paints Arena (Pittsburgh).,NHL Official Stats REST API (api-web.nhle.com/v1)
293,2022020184,2022-2023,2022,Regular Season,Regular Season,2022-11-05,Saturday,23:00,Montréal Canadiens,Vegas Golden Knights,Montréal Canadiens,Vegas Golden Knights,MTL,VGK,4,6,10,2,Vegas Golden Knights,Montréal Canadiens,Away Win (6-4),4-6,Regulation,No,No,Centre Bell,Montréal,OFF,A. Hill (Winning Goalie); N. Roy (GWG Scorer),Vegas Golden Knights defeated Montréal Canadiens 6-4 in regulation at Centre Bell (Montréal).,NHL Official Stats REST API (api-web.nhle.com/v1)
294,2022020186,2022-2023,2022,Regular Season,Regular Season,2022-11-05,Saturday,02:00,Vancouver Canucks,Nashville Predators,Vancouver Canucks,Nashville Predators,VAN,NSH,3,4,7,1,Nashville Predators,Vancouver Canucks,Away Win (4-3 SO),3-4,Shootout,Yes,Yes,Rogers Arena,Vancouver,OFF,J. Saros (Winning Goalie),Nashville Predators defeated Vancouver Canucks 4-3 in a shootout at Rogers Arena (Vancouver).,NHL Official Stats REST API (api-web.nhle.com/v1)
295,2022020187,2022-2023,2022,Regular Season,Regular Season,2022-11-05,Saturday,02:00,Calgary Flames,New Jersey Devils,Calgary Flames,New Jersey Devils,CGY,NJD,3,4,7,1,New Jersey Devils,Calgary Flames,Away Win (4-3 OT),3-4,Overtime,Yes,No,Scotiabank Saddledome,Calgary,OFF,V. Vanecek (Winning Goalie); F. Zetterlund (GWG Scorer),New Jersey Devils defeated Calgary Flames 4-3 in overtime at Scotiabank Saddledome (Calgary).,NHL Official Stats REST API (api-web.nhle.com/v1)
296,2022020188,2022-2023,2022,Regular Season,Regular Season,2022-11-05,Saturday,02:30,San Jose Sharks,Anaheim Ducks,San Jose Sharks,Anaheim Ducks,SJS,ANA,4,5,9,1,Anaheim Ducks,San Jose Sharks,Away Win (5-4 SO),4-5,Shootout,Yes,Yes,SAP Center at San Jose,San Jose,OFF,A. Stolarz (Winning Goalie),Anaheim Ducks defeated San Jose Sharks 5-4 in a shootout at SAP Center at San Jose (San Jose).,NHL Official Stats REST API (api-web.nhle.com/v1)
297,2022020189,2022-2023,2022,Regular Season,Regular Season,2022-11-05,Saturday,02:30,Los Angeles Kings,Florida Panthers,Los Angeles Kings,Florida Panthers,LAK,FLA,5,4,9,1,Los Angeles Kings,Florida Panthers,Home Win (5-4),5-4,Regulation,No,No,Crypto.com Arena,Los Angeles,OFF,J. Quick (Winning Goalie); G. Vilardi (GWG Scorer),Los Angeles Kings defeated Florida Panthers 5-4 in regulation at Crypto.com Arena (Los Angeles).,NHL Official Stats REST API (api-web.nhle.com/v1)
298,2022020190,2022-2023,2022,Regular Season,Regular Season,2022-11-06,Sunday,22:00,New York Rangers,Detroit Red Wings,New York Rangers,Detroit Red Wings,NYR,DET,2,3,5,1,Detroit Red Wings,New York Rangers,Away Win (3-2 OT),2-3,Overtime,Yes,No,Madison Square Garden,New York,OFF,A. Nedeljkovic (Winning Goalie); D. Kubalik (GWG Scorer),Detroit Red Wings defeated New York Rangers 3-2 in overtime at Madison Square Garden (New York).,NHL Official Stats REST API (api-web.nhle.com/v1)
299,2022020191,2022-2023,2022,Regular Season,Regular Season,2022-11-06,Sunday,22:00,Carolina Hurricanes,Toronto Maple Leafs,Carolina Hurricanes,Toronto Maple Leafs,CAR,TOR,1,3,4,2,Toronto Maple Leafs,Carolina Hurricanes,Away Win (3-1),1-3,Regulation,No,No,PNC Arena,Carolina,OFF,E. Kallgren (Winning Goalie); J. Tavares (GWG Scorer),Toronto Maple Leafs defeated Carolina Hurricanes 3-1 in regulation at PNC Arena (Carolina).,NHL Official Stats REST API (api-web.nhle.com/v1)
300,2022020192,2022-2023,2022,Regular Season,Regular Season,2022-11-06,Sunday,02:00,Anaheim Ducks,Florida Panthers,Anaheim Ducks,Florida Panthers,ANA,FLA,3,5,8,2,Florida Panthers,Anaheim Ducks,Away Win (5-3),3-5,Regulation,No,No,Honda Center,Anaheim,OFF,S. Knight (Winning Goalie); S. Bennett (GWG Scorer),Florida Panthers defeated Anaheim Ducks 5-3 in regulation at Honda Center (Anaheim).,NHL Official Stats REST API (api-web.nhle.com/v1)
301,2022020193,2022-2023,2022,Regular Season,Regular Season,2022-11-07,Monday,00:00,New York Islanders,Calgary Flames,New York Islanders,Calgary Flames,NYI,CGY,4,3,7,1,New York Islanders,Calgary Flames,Home Win (4-3 OT),4-3,Overtime,Yes,No,UBS Arena,New York,OFF,I. Sorokin (Winning Goalie); N. Dobson (GWG Scorer),New York Islanders defeated Calgary Flames 4-3 in overtime at UBS Arena (New York).,NHL Official Stats REST API (api-web.nhle.com/v1)
302,2022020194,2022-2023,2022,Regular Season,Regular Season,2022-11-07,Monday,00:00,Boston Bruins,St. Louis Blues,Boston Bruins,St. Louis Blues,BOS,STL,3,1,4,2,Boston Bruins,St. Louis Blues,Home Win (3-1),3-1,Regulation,No,No,TD Garden,Boston,OFF,L. Ullmark (Winning Goalie); P. Bergeron (GWG Scorer),Boston Bruins defeated St. Louis Blues 3-1 in regulation at TD Garden (Boston).,NHL Official Stats REST API (api-web.nhle.com/v1)
303,2022020195,2022-2023,2022,Regular Season,Regular Season,2022-11-07,Monday,01:00,Washington Capitals,Edmonton Oilers,Washington Capitals,Edmonton Oilers,WSH,EDM,5,4,9,1,Washington Capitals,Edmonton Oilers,Home Win (5-4),5-4,Regulation,No,No,Capital One Arena,Washington,OFF,C. Lindgren (Winning Goalie); E. Kuznetsov (GWG Scorer),Washington Capitals defeated Edmonton Oilers 5-4 in regulation at Capital One Arena (Washington).,NHL Official Stats REST API (api-web.nhle.com/v1)
304,2022020196,2022-2023,2022,Regular Season,Regular Season,2022-11-08,Tuesday,00:00,Buffalo Sabres,Arizona Coyotes,Buffalo Sabres,Arizona Coyotes,BUF,ARI,1,4,5,3,Arizona Coyotes,Buffalo Sabres,Away Win (4-1),1-4,Regulation,No,No,KeyBank Center,Buffalo,OFF,K. Vejmelka (Winning Goalie); M. Maccelli (GWG Scorer),Arizona Coyotes defeated Buffalo Sabres 4-1 in regulation at KeyBank Center (Buffalo).,NHL Official Stats REST API (api-web.nhle.com/v1)
305,2022020197,2022-2023,2022,Regular Season,Regular Season,2022-11-08,Tuesday,00:00,New Jersey Devils,Calgary Flames,New Jersey Devils,Calgary Flames,NJD,CGY,3,2,5,1,New Jersey Devils,Calgary Flames,Home Win (3-2),3-2,Regulation,No,No,Prudential Center,New Jersey,OFF,V. Vanecek (Winning Goalie); N. Hischier (GWG Scorer),New Jersey Devils defeated Calgary Flames 3-2 in regulation at Prudential Center (New Jersey).,NHL Official Stats REST API (api-web.nhle.com/v1)
306,2022020198,2022-2023,2022,Regular Season,Regular Season,2022-11-08,Tuesday,00:00,New York Rangers,New York Islanders,New York Rangers,New York Islanders,NYR,NYI,3,4,7,1,New York Islanders,New York Rangers,Away Win (4-3),3-4,Regulation,No,No,Madison Square Garden,New York,OFF,S. Varlamov (Winning Goalie); A. Lee (GWG Scorer),New York Islanders defeated New York Rangers 4-3 in regulation at Madison Square Garden (New York).,NHL Official Stats REST API (api-web.nhle.com/v1)
307,2022020199,2022-2023,2022,Regular Season,Regular Season,2022-11-08,Tuesday,00:00,Philadelphia Flyers,St. Louis Blues,Philadelphia Flyers,St. Louis Blues,PHI,STL,5,1,6,4,Philadelphia Flyers,St. Louis Blues,Home Win (5-1),5-1,Regulation,No,No,Wells Fargo Center,Philadelphia,OFF,F. Sandstrom (Winning Goalie); T. Konecny (GWG Scorer),Philadelphia Flyers defeated St. Louis Blues 5-1 in regulation at Wells Fargo Center (Philadelphia).,NHL Official Stats REST API (api-web.nhle.com/v1)
308,2022020200,2022-2023,2022,Regular Season,Regular Season,2022-11-08,Tuesday,00:00,Ottawa Senators,Vancouver Canucks,Ottawa Senators,Vancouver Canucks,OTT,VAN,4,6,10,2,Vancouver Canucks,Ottawa Senators,Away Win (6-4),4-6,Regulation,No,No,Canadian Tire Centre,Ottawa,OFF,S. Martin (Winning Goalie); J. Studnicka (GWG Scorer),Vancouver Canucks defeated Ottawa Senators 6-4 in regulation at Canadian Tire Centre (Ottawa).,NHL Official Stats REST API (api-web.nhle.com/v1)
309,2022020201,2022-2023,2022,Regular Season,Regular Season,2022-11-08,Tuesday,00:00,Toronto Maple Leafs,Vegas Golden Knights,Toronto Maple Leafs,Vegas Golden Knights,TOR,VGK,3,4,7,1,Vegas Golden Knights,Toronto Maple Leafs,Away Win (4-3 OT),3-4,Overtime,Yes,No,Scotiabank Arena,Toronto,OFF,L. Thompson (Winning Goalie); R. Smith (GWG Scorer),Vegas Golden Knights defeated Toronto Maple Leafs 4-3 in overtime at Scotiabank Arena (Toronto).,NHL Official Stats REST API (api-web.nhle.com/v1)
310,2022020203,2022-2023,2022,Regular Season,Regular Season,2022-11-08,Tuesday,00:00,Detroit Red Wings,Montréal Canadiens,Detroit Red Wings,Montréal Canadiens,DET,MTL,2,3,5,1,Montréal Canadiens,Detroit Red Wings,Away Win (3-2 SO),2-3,Shootout,Yes,Yes,Little Caesars Arena,Detroit,OFF,J. Allen (Winning Goalie),Montréal Canadiens defeated Detroit Red Wings 3-2 in a shootout at Little Caesars Arena (Detroit).,NHL Official Stats REST API (api-web.nhle.com/v1)
311,2022020202,2022-2023,2022,Regular Season,Regular Season,2022-11-08,Tuesday,00:30,Tampa Bay Lightning,Edmonton Oilers,Tampa Bay Lightning,Edmonton Oilers,TBL,EDM,2,3,5,1,Edmonton Oilers,Tampa Bay Lightning,Away Win (3-2),2-3,Regulation,No,No,Amalie Arena,Tampa Bay,OFF,J. Campbell (Winning Goalie); L. Draisaitl (GWG Scorer),Edmonton Oilers defeated Tampa Bay Lightning 3-2 in regulation at Amalie Arena (Tampa Bay).,NHL Official Stats REST API (api-web.nhle.com/v1)
312,2022020204,2022-2023,2022,Regular Season,Regular Season,2022-11-08,Tuesday,01:00,Winnipeg Jets,Dallas Stars,Winnipeg Jets,Dallas Stars,WPG,DAL,5,1,6,4,Winnipeg Jets,Dallas Stars,Home Win (5-1),5-1,Regulation,No,No,Canada Life Centre,Winnipeg,OFF,C. Hellebuyck (Winning Goalie); P. Dubois (GWG Scorer),Winnipeg Jets defeated Dallas Stars 5-1 in regulation at Canada Life Centre (Winnipeg).,NHL Official Stats REST API (api-web.nhle.com/v1)
313,2022020205,2022-2023,2022,Regular Season,Regular Season,2022-11-08,Tuesday,03:00,Seattle Kraken,Nashville Predators,Seattle Kraken,Nashville Predators,SEA,NSH,5,1,6,4,Seattle Kraken,Nashville Predators,Home Win (5-1),5-1,Regulation,No,No,Climate Pledge Arena,Seattle,OFF,M. Jones (Winning Goalie); W. Borgen (GWG Scorer),Seattle Kraken defeated Nashville Predators 5-1 in regulation at Climate Pledge Arena (Seattle).,NHL Official Stats REST API (api-web.nhle.com/v1)
314,2022020206,2022-2023,2022,Regular Season,Regular Season,2022-11-08,Tuesday,03:30,Los Angeles Kings,Minnesota Wild,Los Angeles Kings,Minnesota Wild,LAK,MIN,1,0,1,1,Los Angeles Kings,Minnesota Wild,Home Win (1-0),1-0,Regulation,No,No,Crypto.com Arena,Los Angeles,OFF,J. Quick (Winning Goalie); G. Vilardi (GWG Scorer),Los Angeles Kings defeated Minnesota Wild 1-0 in regulation at Crypto.com Arena (Los Angeles).,NHL Official Stats REST API (api-web.nhle.com/v1)
315,2022020207,2022-2023,2022,Regular Season,Regular Season,2022-11-09,Wednesday,00:00,Florida Panthers,Carolina Hurricanes,Florida Panthers,Carolina Hurricanes,FLA,CAR,3,0,3,3,Florida Panthers,Carolina Hurricanes,Home Win (3-0),3-0,Regulation,No,No,FLA Live Arena,Florida,OFF,S. Knight (Winning Goalie); N. Cousins (GWG Scorer),Florida Panthers defeated Carolina Hurricanes 3-0 in regulation at FLA Live Arena (Florida).,NHL Official Stats REST API (api-web.nhle.com/v1)
316,2022020208,2022-2023,2022,Regular Season,Regular Season,2022-11-09,Wednesday,00:30,Washington Capitals,Pittsburgh Penguins,Washington Capitals,Pittsburgh Penguins,WSH,PIT,1,4,5,3,Pittsburgh Penguins,Washington Capitals,Away Win (4-1),1-4,Regulation,No,No,Capital One Arena,Washington,OFF,C. DeSmith (Winning Goalie); B. McGinn (GWG Scorer),Pittsburgh Penguins defeated Washington Capitals 4-1 in regulation at Capital One Arena (Washington).,NHL Official Stats REST API (api-web.nhle.com/v1)
317,2022020209,2022-2023,2022,Regular Season,Regular Season,2022-11-09,Wednesday,00:30,Montréal Canadiens,Vancouver Canucks,Montréal Canadiens,Vancouver Canucks,MTL,VAN,5,2,7,3,Montréal Canadiens,Vancouver Canucks,Home Win (5-2),5-2,Regulation,No,No,Centre Bell,Montréal,OFF,S. Montembeault (Winning Goalie); K. Dach (GWG Scorer),Montréal Canadiens defeated Vancouver Canucks 5-2 in regulation at Centre Bell (Montréal).,NHL Official Stats REST API (api-web.nhle.com/v1)
318,2022020210,2022-2023,2022,Regular Season,Regular Season,2022-11-09,Wednesday,03:00,Anaheim Ducks,Minnesota Wild,Anaheim Ducks,Minnesota Wild,ANA,MIN,1,4,5,3,Minnesota Wild,Anaheim Ducks,Away Win (4-1),1-4,Regulation,No,No,Honda Center,Anaheim,OFF,F. Gustavsson (Winning Goalie); M. Dumba (GWG Scorer),Minnesota Wild defeated Anaheim Ducks 4-1 in regulation at Honda Center (Anaheim).,NHL Official Stats REST API (api-web.nhle.com/v1)
319,2022020211,2022-2023,2022,Regular Season,Regular Season,2022-11-10,Thursday,00:00,Boston Bruins,Calgary Flames,Boston Bruins,Calgary Flames,BOS,CGY,3,1,4,2,Boston Bruins,Calgary Flames,Home Win (3-1),3-1,Regulation,No,No,TD Garden,Boston,OFF,L. Ullmark (Winning Goalie); C. McAvoy (GWG Scorer),Boston Bruins defeated Calgary Flames 3-1 in regulation at TD Garden (Boston).,NHL Official Stats REST API (api-web.nhle.com/v1)
320,2022020212,2022-2023,2022,Regular Season,Regular Season,2022-11-10,Thursday,00:00,Carolina Hurricanes,Edmonton Oilers,Carolina Hurricanes,Edmonton Oilers,CAR,EDM,7,2,9,5,Carolina Hurricanes,Edmonton Oilers,Home Win (7-2),7-2,Regulation,No,No,PNC Arena,Carolina,OFF,P. Kochetkov (Winning Goalie); A. Svechnikov (GWG Scorer),Carolina Hurricanes defeated Edmonton Oilers 7-2 in regulation at PNC Arena (Carolina).,NHL Official Stats REST API (api-web.nhle.com/v1)
321,2022020213,2022-2023,2022,Regular Season,Regular Season,2022-11-10,Thursday,00:00,New Jersey Devils,Ottawa Senators,New Jersey Devils,Ottawa Senators,NJD,OTT,4,3,7,1,New Jersey Devils,Ottawa Senators,Home Win (4-3 OT),4-3,Overtime,Yes,No,Prudential Center,New Jersey,OFF,A. Schmid (Winning Goalie); N. Hischier (GWG Scorer),New Jersey Devils defeated Ottawa Senators 4-3 in overtime at Prudential Center (New Jersey).,NHL Official Stats REST API (api-web.nhle.com/v1)
322,2022020214,2022-2023,2022,Regular Season,Regular Season,2022-11-10,Thursday,00:00,Columbus Blue Jackets,Philadelphia Flyers,Columbus Blue Jackets,Philadelphia Flyers,CBJ,PHI,5,2,7,3,Columbus Blue Jackets,Philadelphia Flyers,Home Win (5-2),5-2,Regulation,No,No,Nationwide Arena,Columbus,OFF,J. Korpisalo (Winning Goalie); B. Jenner (GWG Scorer),Columbus Blue Jackets defeated Philadelphia Flyers 5-2 in regulation at Nationwide Arena (Columbus).,NHL Official Stats REST API (api-web.nhle.com/v1)
323,2022020215,2022-2023,2022,Regular Season,Regular Season,2022-11-10,Thursday,00:00,Buffalo Sabres,Vegas Golden Knights,Buffalo Sabres,Vegas Golden Knights,BUF,VGK,4,7,11,3,Vegas Golden Knights,Buffalo Sabres,Away Win (7-4),4-7,Regulation,No,No,KeyBank Center,Buffalo,OFF,L. Thompson (Winning Goalie); J. Eichel (GWG Scorer),Vegas Golden Knights defeated Buffalo Sabres 7-4 in regulation at KeyBank Center (Buffalo).,NHL Official Stats REST API (api-web.nhle.com/v1)
324,2022020217,2022-2023,2022,Regular Season,Regular Season,2022-11-10,Thursday,00:00,Detroit Red Wings,New York Rangers,Detroit Red Wings,New York Rangers,DET,NYR,2,8,10,6,New York Rangers,Detroit Red Wings,Away Win (8-2),2-8,Regulation,No,No,Little Caesars Arena,Detroit,OFF,I. Shesterkin (Winning Goalie); A. Fox (GWG Scorer),New York Rangers defeated Detroit Red Wings 8-2 in regulation at Little Caesars Arena (Detroit).,NHL Official Stats REST API (api-web.nhle.com/v1)
325,2022020216,2022-2023,2022,Regular Season,Regular Season,2022-11-10,Thursday,00:30,New York Islanders,Arizona Coyotes,New York Islanders,Arizona Coyotes,NYI,ARI,0,2,2,2,Arizona Coyotes,New York Islanders,Away Win (2-0),0-2,Regulation,No,No,UBS Arena,New York,OFF,K. Vejmelka (Winning Goalie); T. Boyd (GWG Scorer),Arizona Coyotes defeated New York Islanders 2-0 in regulation at UBS Arena (New York).,NHL Official Stats REST API (api-web.nhle.com/v1)
326,2022020218,2022-2023,2022,Regular Season,Regular Season,2022-11-10,Thursday,01:00,St. Louis Blues,San Jose Sharks,St. Louis Blues,San Jose Sharks,STL,SJS,5,3,8,2,St. Louis Blues,San Jose Sharks,Home Win (5-3),5-3,Regulation,No,No,Enterprise Center,St. Louis,OFF,J. Binnington (Winning Goalie); C. Rosen (GWG Scorer),St. Louis Blues defeated San Jose Sharks 5-3 in regulation at Enterprise Center (St. Louis).,NHL Official Stats REST API (api-web.nhle.com/v1)
327,2022020219,2022-2023,2022,Regular Season,Regular Season,2022-11-10,Thursday,02:00,Colorado Avalanche,Nashville Predators,Colorado Avalanche,Nashville Predators,COL,NSH,5,3,8,2,Colorado Avalanche,Nashville Predators,Home Win (5-3),5-3,Regulation,No,No,Ball Arena,Colorado,OFF,A. Georgiev (Winning Goalie); M. Rantanen (GWG Scorer),Colorado Avalanche defeated Nashville Predators 5-3 in regulation at Ball Arena (Colorado).,NHL Official Stats REST API (api-web.nhle.com/v1)
328,2022020220,2022-2023,2022,Regular Season,Regular Season,2022-11-10,Thursday,03:30,Los Angeles Kings,Chicago Blackhawks,Los Angeles Kings,Chicago Blackhawks,LAK,CHI,2,1,3,1,Los Angeles Kings,Chicago Blackhawks,Home Win (2-1 OT),2-1,Overtime,Yes,No,Crypto.com Arena,Los Angeles,OFF,J. Quick (Winning Goalie); K. Fiala (GWG Scorer),Los Angeles Kings defeated Chicago Blackhawks 2-1 in overtime at Crypto.com Arena (Los Angeles).,NHL Official Stats REST API (api-web.nhle.com/v1)
329,2022020221,2022-2023,2022,Regular Season,Regular Season,2022-11-11,Friday,00:00,Toronto Maple Leafs,Pittsburgh Penguins,Toronto Maple Leafs,Pittsburgh Penguins,TOR,PIT,2,4,6,2,Pittsburgh Penguins,Toronto Maple Leafs,Away Win (4-2),2-4,Regulation,No,No,Scotiabank Arena,Toronto,OFF,C. DeSmith (Winning Goalie); B. McGinn (GWG Scorer),Pittsburgh Penguins defeated Toronto Maple Leafs 4-2 in regulation at Scotiabank Arena (Toronto).,NHL Official Stats REST API (api-web.nhle.com/v1)
330,2022020222,2022-2023,2022,Regular Season,Regular Season,2022-11-11,Friday,00:00,Washington Capitals,Tampa Bay Lightning,Washington Capitals,Tampa Bay Lightning,WSH,TBL,5,1,6,4,Washington Capitals,Tampa Bay Lightning,Home Win (5-1),5-1,Regulation,No,No,Capital One Arena,Washington,OFF,D. Kuemper (Winning Goalie); S. Milano (GWG Scorer),Washington Capitals defeated Tampa Bay Lightning 5-1 in regulation at Capital One Arena (Washington).,NHL Official Stats REST API (api-web.nhle.com/v1)
331,2022020223,2022-2023,2022,Regular Season,Regular Season,2022-11-11,Friday,01:30,Dallas Stars,San Jose Sharks,Dallas Stars,San Jose Sharks,DAL,SJS,4,5,9,1,San Jose Sharks,Dallas Stars,Away Win (5-4),4-5,Regulation,No,No,American Airlines Center,Dallas,OFF,J. Reimer (Winning Goalie); T. Hertl (GWG Scorer),San Jose Sharks defeated Dallas Stars 5-4 in regulation at American Airlines Center (Dallas).,NHL Official Stats REST API (api-web.nhle.com/v1)
332,2022020224,2022-2023,2022,Regular Season,Regular Season,2022-11-11,Friday,03:00,Seattle Kraken,Minnesota Wild,Seattle Kraken,Minnesota Wild,SEA,MIN,0,1,1,1,Minnesota Wild,Seattle Kraken,Away Win (1-0),0-1,Regulation,No,No,Climate Pledge Arena,Seattle,OFF,M. Fleury (Winning Goalie); M. Zuccarello (GWG Scorer),Minnesota Wild defeated Seattle Kraken 1-0 in regulation at Climate Pledge Arena (Seattle).,NHL Official Stats REST API (api-web.nhle.com/v1)
333,2022020225,2022-2023,2022,Regular Season,Regular Season,2022-11-12,Saturday,18:00,Philadelphia Flyers,Ottawa Senators,Philadelphia Flyers,Ottawa Senators,PHI,OTT,1,4,5,3,Ottawa Senators,Philadelphia Flyers,Away Win (4-1),1-4,Regulation,No,No,Wells Fargo Center,Philadelphia,OFF,C. Talbot (Winning Goalie); A. DeBrincat (GWG Scorer),Ottawa Senators defeated Philadelphia Flyers 4-1 in regulation at Wells Fargo Center (Philadelphia).,NHL Official Stats REST API (api-web.nhle.com/v1)
334,2022020226,2022-2023,2022,Regular Season,Regular Season,2022-11-12,Saturday,21:00,Florida Panthers,Edmonton Oilers,Florida Panthers,Edmonton Oilers,FLA,EDM,2,4,6,2,Edmonton Oilers,Florida Panthers,Away Win (4-2),2-4,Regulation,No,No,FLA Live Arena,Florida,OFF,S. Skinner (Winning Goalie); W. Foegele (GWG Scorer),Edmonton Oilers defeated Florida Panthers 4-2 in regulation at FLA Live Arena (Florida).,NHL Official Stats REST API (api-web.nhle.com/v1)
335,2022020227,2022-2023,2022,Regular Season,Regular Season,2022-11-12,Saturday,00:00,New Jersey Devils,Arizona Coyotes,New Jersey Devils,Arizona Coyotes,NJD,ARI,4,2,6,2,New Jersey Devils,Arizona Coyotes,Home Win (4-2),4-2,Regulation,No,No,Prudential Center,New Jersey,OFF,A. Schmid (Winning Goalie); J. Boqvist (GWG Scorer),New Jersey Devils defeated Arizona Coyotes 4-2 in regulation at Prudential Center (New Jersey).,NHL Official Stats REST API (api-web.nhle.com/v1)
336,2022020228,2022-2023,2022,Regular Season,Regular Season,2022-11-12,Saturday,00:00,Buffalo Sabres,Boston Bruins,Buffalo Sabres,Boston Bruins,BUF,BOS,1,3,4,2,Boston Bruins,Buffalo Sabres,Away Win (3-1),1-3,Regulation,No,No,KeyBank Center,Buffalo,OFF,K. Kinkaid (Winning Goalie); J. Zboril (GWG Scorer),Boston Bruins defeated Buffalo Sabres 3-1 in regulation at KeyBank Center (Buffalo).,NHL Official Stats REST API (api-web.nhle.com/v1)
337,2022020229,2022-2023,2022,Regular Season,Regular Season,2022-11-12,Saturday,00:00,Montréal Canadiens,Pittsburgh Penguins,Montréal Canadiens,Pittsburgh Penguins,MTL,PIT,5,4,9,1,Montréal Canadiens,Pittsburgh Penguins,Home Win (5-4 OT),5-4,Overtime,Yes,No,Centre Bell,Montréal,OFF,J. Allen (Winning Goalie); M. Hoffman (GWG Scorer),Montréal Canadiens defeated Pittsburgh Penguins 5-4 in overtime at Centre Bell (Montréal).,NHL Official Stats REST API (api-web.nhle.com/v1)
338,2022020230,2022-2023,2022,Regular Season,Regular Season,2022-11-12,Saturday,00:00,Toronto Maple Leafs,Vancouver Canucks,Toronto Maple Leafs,Vancouver Canucks,TOR,VAN,3,2,5,1,Toronto Maple Leafs,Vancouver Canucks,Home Win (3-2),3-2,Regulation,No,No,Scotiabank Arena,Toronto,OFF,E. Kallgren (Winning Goalie); J. Benn (GWG Scorer),Toronto Maple Leafs defeated Vancouver Canucks 3-2 in regulation at Scotiabank Arena (Toronto).,NHL Official Stats REST API (api-web.nhle.com/v1)
339,2022020231,2022-2023,2022,Regular Season,Regular Season,2022-11-12,Saturday,00:30,New York Islanders,Columbus Blue Jackets,New York Islanders,Columbus Blue Jackets,NYI,CBJ,4,3,7,1,New York Islanders,Columbus Blue Jackets,Home Win (4-3 OT),4-3,Overtime,Yes,No,UBS Arena,New York,OFF,I. Sorokin (Winning Goalie); Z. Parise (GWG Scorer),New York Islanders defeated Columbus Blue Jackets 4-3 in overtime at UBS Arena (New York).,NHL Official Stats REST API (api-web.nhle.com/v1)
340,2022020232,2022-2023,2022,Regular Season,Regular Season,2022-11-12,Saturday,01:00,Nashville Predators,New York Rangers,Nashville Predators,New York Rangers,NSH,NYR,2,1,3,1,Nashville Predators,New York Rangers,Home Win (2-1),2-1,Regulation,No,No,Bridgestone Arena,Nashville,OFF,J. Saros (Winning Goalie); M. Jankowski (GWG Scorer),Nashville Predators defeated New York Rangers 2-1 in regulation at Bridgestone Arena (Nashville).,NHL Official Stats REST API (api-web.nhle.com/v1)
341,2022020233,2022-2023,2022,Regular Season,Regular Season,2022-11-12,Saturday,02:00,Colorado Avalanche,Carolina Hurricanes,Colorado Avalanche,Carolina Hurricanes,COL,CAR,4,1,5,3,Colorado Avalanche,Carolina Hurricanes,Home Win (4-1),4-1,Regulation,No,No,Ball Arena,Colorado,OFF,P. Francouz (Winning Goalie); C. Makar (GWG Scorer),Colorado Avalanche defeated Carolina Hurricanes 4-1 in regulation at Ball Arena (Colorado).,NHL Official Stats REST API (api-web.nhle.com/v1)
342,2022020234,2022-2023,2022,Regular Season,Regular Season,2022-11-12,Saturday,03:00,Anaheim Ducks,Chicago Blackhawks,Anaheim Ducks,Chicago Blackhawks,ANA,CHI,2,3,5,1,Chicago Blackhawks,Anaheim Ducks,Away Win (3-2),2-3,Regulation,No,No,Honda Center,Anaheim,OFF,A. Soderblom (Winning Goalie); J. Tinordi (GWG Scorer),Chicago Blackhawks defeated Anaheim Ducks 3-2 in regulation at Honda Center (Anaheim).,NHL Official Stats REST API (api-web.nhle.com/v1)
343,2022020235,2022-2023,2022,Regular Season,Regular Season,2022-11-12,Saturday,03:00,Vegas Golden Knights,St. Louis Blues,Vegas Golden Knights,St. Louis Blues,VGK,STL,2,3,5,1,St. Louis Blues,Vegas Golden Knights,Away Win (3-2),2-3,Regulation,No,No,T-Mobile Arena,Vegas,OFF,J. Binnington (Winning Goalie); R. O'Reilly (GWG Scorer),St. Louis Blues defeated Vegas Golden Knights 3-2 in regulation at T-Mobile Arena (Vegas).,NHL Official Stats REST API (api-web.nhle.com/v1)
344,2022020236,2022-2023,2022,Regular Season,Regular Season,2022-11-12,Saturday,03:00,Calgary Flames,Winnipeg Jets,Calgary Flames,Winnipeg Jets,CGY,WPG,3,2,5,1,Calgary Flames,Winnipeg Jets,Home Win (3-2),3-2,Regulation,No,No,Scotiabank Saddledome,Calgary,OFF,J. Markstrom (Winning Goalie); T. Lewis (GWG Scorer),Calgary Flames defeated Winnipeg Jets 3-2 in regulation at Scotiabank Saddledome (Calgary).,NHL Official Stats REST API (api-web.nhle.com/v1)
345,2022020237,2022-2023,2022,Regular Season,Regular Season,2022-11-12,Saturday,03:30,Los Angeles Kings,Detroit Red Wings,Los Angeles Kings,Detroit Red Wings,LAK,DET,4,3,7,1,Los Angeles Kings,Detroit Red Wings,Home Win (4-3),4-3,Regulation,No,No,Crypto.com Arena,Los Angeles,OFF,C. Petersen (Winning Goalie); S. Durzi (GWG Scorer),Los Angeles Kings defeated Detroit Red Wings 4-3 in regulation at Crypto.com Arena (Los Angeles).,NHL Official Stats REST API (api-web.nhle.com/v1)
346,2022020238,2022-2023,2022,Regular Season,Regular Season,2022-11-13,Sunday,18:00,Philadelphia Flyers,Dallas Stars,Philadelphia Flyers,Dallas Stars,PHI,DAL,1,5,6,4,Dallas Stars,Philadelphia Flyers,Away Win (5-1),1-5,Regulation,No,No,Wells Fargo Center,Philadelphia,OFF,J. Oettinger (Winning Goalie); E. Lindell (GWG Scorer),Dallas Stars defeated Philadelphia Flyers 5-1 in regulation at Wells Fargo Center (Philadelphia).,NHL Official Stats REST API (api-web.nhle.com/v1)
347,2022020240,2022-2023,2022,Regular Season,Regular Season,2022-11-13,Sunday,23:00,Minnesota Wild,San Jose Sharks,Minnesota Wild,San Jose Sharks,MIN,SJS,2,3,5,1,San Jose Sharks,Minnesota Wild,Away Win (3-2 SO),2-3,Shootout,Yes,Yes,Xcel Energy Center,Minnesota,OFF,J. Reimer (Winning Goalie),San Jose Sharks defeated Minnesota Wild 3-2 in a shootout at Xcel Energy Center (Minnesota).,NHL Official Stats REST API (api-web.nhle.com/v1)
348,2022020241,2022-2023,2022,Regular Season,Regular Season,2022-11-13,Sunday,23:00,Boston Bruins,Vancouver Canucks,Boston Bruins,Vancouver Canucks,BOS,VAN,5,2,7,3,Boston Bruins,Vancouver Canucks,Home Win (5-2),5-2,Regulation,No,No,TD Garden,Boston,OFF,L. Ullmark (Winning Goalie); P. Zacha (GWG Scorer),Boston Bruins defeated Vancouver Canucks 5-2 in regulation at TD Garden (Boston).,NHL Official Stats REST API (api-web.nhle.com/v1)
349,2022020239,2022-2023,2022,Regular Season,Regular Season,2022-11-13,Sunday,00:00,New York Rangers,Arizona Coyotes,New York Rangers,Arizona Coyotes,NYR,ARI,4,1,5,3,New York Rangers,Arizona Coyotes,Home Win (4-1),4-1,Regulation,No,No,Madison Square Garden,New York,OFF,I. Shesterkin (Winning Goalie); A. Fox (GWG Scorer),New York Rangers defeated Arizona Coyotes 4-1 in regulation at Madison Square Garden (New York).,NHL Official Stats REST API (api-web.nhle.com/v1)
350,2022020242,2022-2023,2022,Regular Season,Regular Season,2022-11-13,Sunday,00:00,Tampa Bay Lightning,Washington Capitals,Tampa Bay Lightning,Washington Capitals,TBL,WSH,6,3,9,3,Tampa Bay Lightning,Washington Capitals,Home Win (6-3),6-3,Regulation,No,No,Amalie Arena,Tampa Bay,OFF,A. Vasilevskiy (Winning Goalie); M. Sergachev (GWG Scorer),Tampa Bay Lightning defeated Washington Capitals 6-3 in regulation at Amalie Arena (Tampa Bay).,NHL Official Stats REST API (api-web.nhle.com/v1)
351,2022020243,2022-2023,2022,Regular Season,Regular Season,2022-11-13,Sunday,01:00,Seattle Kraken,Winnipeg Jets,Seattle Kraken,Winnipeg Jets,SEA,WPG,2,3,5,1,Winnipeg Jets,Seattle Kraken,Away Win (3-2 OT),2-3,Overtime,Yes,No,Climate Pledge Arena,Seattle,OFF,D. Rittich (Winning Goalie); M. Scheifele (GWG Scorer),Winnipeg Jets defeated Seattle Kraken 3-2 in overtime at Climate Pledge Arena (Seattle).,NHL Official Stats REST API (api-web.nhle.com/v1)
352,2022020244,2022-2023,2022,Regular Season,Regular Season,2022-11-14,Monday,22:30,Ottawa Senators,New York Islanders,Ottawa Senators,New York Islanders,OTT,NYI,2,4,6,2,New York Islanders,Ottawa Senators,Away Win (4-2),2-4,Regulation,No,No,Canadian Tire Centre,Ottawa,OFF,S. Varlamov (Winning Goalie); J. Pageau (GWG Scorer),New York Islanders defeated Ottawa Senators 4-2 in regulation at Canadian Tire Centre (Ottawa).,NHL Official Stats REST API (api-web.nhle.com/v1)
353,2022020245,2022-2023,2022,Regular Season,Regular Season,2022-11-14,Monday,01:30,Chicago Blackhawks,Carolina Hurricanes,Chicago Blackhawks,Carolina Hurricanes,CHI,CAR,0,3,3,3,Carolina Hurricanes,Chicago Blackhawks,Away Win (3-0),0-3,Regulation,No,No,United Center,Chicago,OFF,P. Kochetkov (Winning Goalie); J. Martinook (GWG Scorer),Carolina Hurricanes defeated Chicago Blackhawks 3-0 in regulation at United Center (Chicago).,NHL Official Stats REST API (api-web.nhle.com/v1)
354,2022020246,2022-2023,2022,Regular Season,Regular Season,2022-11-14,Monday,01:30,Calgary Flames,Los Angeles Kings,Calgary Flames,Los Angeles Kings,CGY,LAK,6,5,11,1,Calgary Flames,Los Angeles Kings,Home Win (6-5),6-5,Regulation,No,No,Scotiabank Saddledome,Calgary,OFF,J. Markstrom (Winning Goalie); A. Ruzicka (GWG Scorer),Calgary Flames defeated Los Angeles Kings 6-5 in regulation at Scotiabank Saddledome (Calgary).,NHL Official Stats REST API (api-web.nhle.com/v1)
355,2022020247,2022-2023,2022,Regular Season,Regular Season,2022-11-14,Monday,02:00,Colorado Avalanche,St. Louis Blues,Colorado Avalanche,St. Louis Blues,COL,STL,2,3,5,1,St. Louis Blues,Colorado Avalanche,Away Win (3-2),2-3,Regulation,No,No,Ball Arena,Colorado,OFF,J. Binnington (Winning Goalie); J. Kyrou (GWG Scorer),St. Louis Blues defeated Colorado Avalanche 3-2 in regulation at Ball Arena (Colorado).,NHL Official Stats REST API (api-web.nhle.com/v1)
356,2022020248,2022-2023,2022,Regular Season,Regular Season,2022-11-15,Tuesday,00:00,Tampa Bay Lightning,Dallas Stars,Tampa Bay Lightning,Dallas Stars,TBL,DAL,5,4,9,1,Tampa Bay Lightning,Dallas Stars,Home Win (5-4 OT),5-4,Overtime,Yes,No,Amalie Arena,Tampa Bay,OFF,B. Elliott (Winning Goalie); A. Killorn (GWG Scorer),Tampa Bay Lightning defeated Dallas Stars 5-4 in overtime at Amalie Arena (Tampa Bay).,NHL Official Stats REST API (api-web.nhle.com/v1)
357,2022020249,2022-2023,2022,Regular Season,Regular Season,2022-11-15,Tuesday,00:00,Montréal Canadiens,New Jersey Devils,Montréal Canadiens,New Jersey Devils,MTL,NJD,1,5,6,4,New Jersey Devils,Montréal Canadiens,Away Win (5-1),1-5,Regulation,No,No,Centre Bell,Montréal,OFF,V. Vanecek (Winning Goalie); D. Hamilton (GWG Scorer),New Jersey Devils defeated Montréal Canadiens 5-1 in regulation at Centre Bell (Montréal).,NHL Official Stats REST API (api-web.nhle.com/v1)
358,2022020251,2022-2023,2022,Regular Season,Regular Season,2022-11-15,Tuesday,00:00,Pittsburgh Penguins,Toronto Maple Leafs,Pittsburgh Penguins,Toronto Maple Leafs,PIT,TOR,2,5,7,3,Toronto Maple Leafs,Pittsburgh Penguins,Away Win (5-2),2-5,Regulation,No,No,PPG Paints Arena,Pittsburgh,OFF,M. Murray (Winning Goalie); M. Bunting (GWG Scorer),Toronto Maple Leafs defeated Pittsburgh Penguins 5-2 in regulation at PPG Paints Arena (Pittsburgh).,NHL Official Stats REST API (api-web.nhle.com/v1)
359,2022020252,2022-2023,2022,Regular Season,Regular Season,2022-11-15,Tuesday,00:00,Buffalo Sabres,Vancouver Canucks,Buffalo Sabres,Vancouver Canucks,BUF,VAN,4,5,9,1,Vancouver Canucks,Buffalo Sabres,Away Win (5-4),4-5,Regulation,No,No,KeyBank Center,Buffalo,OFF,S. Martin (Winning Goalie); B. Horvat (GWG Scorer),Vancouver Canucks defeated Buffalo Sabres 5-4 in regulation at KeyBank Center (Buffalo).,NHL Official Stats REST API (api-web.nhle.com/v1)
360,2022020253,2022-2023,2022,Regular Season,Regular Season,2022-11-15,Tuesday,00:00,Florida Panthers,Washington Capitals,Florida Panthers,Washington Capitals,FLA,WSH,5,2,7,3,Florida Panthers,Washington Capitals,Home Win (5-2),5-2,Regulation,No,No,FLA Live Arena,Florida,OFF,S. Bobrovsky (Winning Goalie); N. Cousins (GWG Scorer),Florida Panthers defeated Washington Capitals 5-2 in regulation at FLA Live Arena (Florida).,NHL Official Stats REST API (api-web.nhle.com/v1)
361,2022020250,2022-2023,2022,Regular Season,Regular Season,2022-11-15,Tuesday,00:30,Columbus Blue Jackets,Philadelphia Flyers,Columbus Blue Jackets,Philadelphia Flyers,CBJ,PHI,5,4,9,1,Columbus Blue Jackets,Philadelphia Flyers,Home Win (5-4 OT),5-4,Overtime,Yes,No,Nationwide Arena,Columbus,OFF,J. Korpisalo (Winning Goalie); V. Gavrikov (GWG Scorer),Columbus Blue Jackets defeated Philadelphia Flyers 5-4 in overtime at Nationwide Arena (Columbus).,NHL Official Stats REST API (api-web.nhle.com/v1)
362,2022020254,2022-2023,2022,Regular Season,Regular Season,2022-11-15,Tuesday,01:00,Nashville Predators,Minnesota Wild,Nashville Predators,Minnesota Wild,NSH,MIN,2,1,3,1,Nashville Predators,Minnesota Wild,Home Win (2-1),2-1,Regulation,No,No,Bridgestone Arena,Nashville,OFF,J. Saros (Winning Goalie); M. Duchene (GWG Scorer),Nashville Predators defeated Minnesota Wild 2-1 in regulation at Bridgestone Arena (Nashville).,NHL Official Stats REST API (api-web.nhle.com/v1)
363,2022020255,2022-2023,2022,Regular Season,Regular Season,2022-11-15,Tuesday,03:00,Anaheim Ducks,Detroit Red Wings,Anaheim Ducks,Detroit Red Wings,ANA,DET,3,2,5,1,Anaheim Ducks,Detroit Red Wings,Home Win (3-2 OT),3-2,Overtime,Yes,No,Honda Center,Anaheim,OFF,J. Gibson (Winning Goalie); R. Strome (GWG Scorer),Anaheim Ducks defeated Detroit Red Wings 3-2 in overtime at Honda Center (Anaheim).,NHL Official Stats REST API (api-web.nhle.com/v1)
364,2022020256,2022-2023,2022,Regular Season,Regular Season,2022-11-15,Tuesday,03:00,Vegas Golden Knights,San Jose Sharks,Vegas Golden Knights,San Jose Sharks,VGK,SJS,2,5,7,3,San Jose Sharks,Vegas Golden Knights,Away Win (5-2),2-5,Regulation,No,No,T-Mobile Arena,Vegas,OFF,J. Reimer (Winning Goalie); T. Meier (GWG Scorer),San Jose Sharks defeated Vegas Golden Knights 5-2 in regulation at T-Mobile Arena (Vegas).,NHL Official Stats REST API (api-web.nhle.com/v1)
365,2022020257,2022-2023,2022,Regular Season,Regular Season,2022-11-16,Wednesday,00:00,Ottawa Senators,Buffalo Sabres,Ottawa Senators,Buffalo Sabres,OTT,BUF,4,1,5,3,Ottawa Senators,Buffalo Sabres,Home Win (4-1),4-1,Regulation,No,No,Canadian Tire Centre,Ottawa,OFF,A. Forsberg (Winning Goalie); B. Tkachuk (GWG Scorer),Ottawa Senators defeated Buffalo Sabres 4-1 in regulation at Canadian Tire Centre (Ottawa).,NHL Official Stats REST API (api-web.nhle.com/v1)
366,2022020258,2022-2023,2022,Regular Season,Regular Season,2022-11-16,Wednesday,00:30,Chicago Blackhawks,St. Louis Blues,Chicago Blackhawks,St. Louis Blues,CHI,STL,2,5,7,3,St. Louis Blues,Chicago Blackhawks,Away Win (5-2),2-5,Regulation,No,No,United Center,Chicago,OFF,J. Binnington (Winning Goalie); R. O'Reilly (GWG Scorer),St. Louis Blues defeated Chicago Blackhawks 5-2 in regulation at United Center (Chicago).,NHL Official Stats REST API (api-web.nhle.com/v1)
367,2022020259,2022-2023,2022,Regular Season,Regular Season,2022-11-16,Wednesday,03:00,Edmonton Oilers,Los Angeles Kings,Edmonton Oilers,Los Angeles Kings,EDM,LAK,1,3,4,2,Los Angeles Kings,Edmonton Oilers,Away Win (3-1),1-3,Regulation,No,No,Rogers Place,Edmonton,OFF,C. Petersen (Winning Goalie); T. Moore (GWG Scorer),Los Angeles Kings defeated Edmonton Oilers 3-1 in regulation at Rogers Place (Edmonton).,NHL Official Stats REST API (api-web.nhle.com/v1)
368,2022020260,2022-2023,2022,Regular Season,Regular Season,2022-11-17,Thursday,00:00,Tampa Bay Lightning,Calgary Flames,Tampa Bay Lightning,Calgary Flames,TBL,CGY,4,1,5,3,Tampa Bay Lightning,Calgary Flames,Home Win (4-1),4-1,Regulation,No,No,Amalie Arena,Tampa Bay,OFF,A. Vasilevskiy (Winning Goalie); N. Kucherov (GWG Scorer),Tampa Bay Lightning defeated Calgary Flames 4-1 in regulation at Amalie Arena (Tampa Bay).,NHL Official Stats REST API (api-web.nhle.com/v1)
369,2022020261,2022-2023,2022,Regular Season,Regular Season,2022-11-17,Thursday,00:00,Carolina Hurricanes,Colorado Avalanche,Carolina Hurricanes,Colorado Avalanche,CAR,COL,2,3,5,1,Colorado Avalanche,Carolina Hurricanes,Away Win (3-2 OT),2-3,Overtime,Yes,No,PNC Arena,Carolina,OFF,P. Francouz (Winning Goalie); A. Lehkonen (GWG Scorer),Colorado Avalanche defeated Carolina Hurricanes 3-2 in overtime at PNC Arena (Carolina).,NHL Official Stats REST API (api-web.nhle.com/v1)
370,2022020262,2022-2023,2022,Regular Season,Regular Season,2022-11-17,Thursday,00:00,Florida Panthers,Dallas Stars,Florida Panthers,Dallas Stars,FLA,DAL,4,6,10,2,Dallas Stars,Florida Panthers,Away Win (6-4),4-6,Regulation,No,No,FLA Live Arena,Florida,OFF,S. Wedgewood (Winning Goalie); R. Hintz (GWG Scorer),Dallas Stars defeated Florida Panthers 6-4 in regulation at FLA Live Arena (Florida).,NHL Official Stats REST API (api-web.nhle.com/v1)
371,2022020263,2022-2023,2022,Regular Season,Regular Season,2022-11-17,Thursday,00:00,Columbus Blue Jackets,Montréal Canadiens,Columbus Blue Jackets,Montréal Canadiens,CBJ,MTL,6,4,10,2,Columbus Blue Jackets,Montréal Canadiens,Home Win (6-4),6-4,Regulation,No,No,Nationwide Arena,Columbus,OFF,J. Korpisalo (Winning Goalie); M. Olivier (GWG Scorer),Columbus Blue Jackets defeated Montréal Canadiens 6-4 in regulation at Nationwide Arena (Columbus).,NHL Official Stats REST API (api-web.nhle.com/v1)
372,2022020264,2022-2023,2022,Regular Season,Regular Season,2022-11-17,Thursday,00:00,Toronto Maple Leafs,New Jersey Devils,Toronto Maple Leafs,New Jersey Devils,TOR,NJD,2,3,5,1,New Jersey Devils,Toronto Maple Leafs,Away Win (3-2 OT),2-3,Overtime,Yes,No,Scotiabank Arena,Toronto,OFF,V. Vanecek (Winning Goalie); Y. Sharangovich (GWG Scorer),New Jersey Devils defeated Toronto Maple Leafs 3-2 in overtime at Scotiabank Arena (Toronto).,NHL Official Stats REST API (api-web.nhle.com/v1)
373,2022020265,2022-2023,2022,Regular Season,Regular Season,2022-11-17,Thursday,00:00,Boston Bruins,Philadelphia Flyers,Boston Bruins,Philadelphia Flyers,BOS,PHI,4,1,5,3,Boston Bruins,Philadelphia Flyers,Home Win (4-1),4-1,Regulation,No,No,TD Garden,Boston,OFF,L. Ullmark (Winning Goalie); J. DeBrusk (GWG Scorer),Boston Bruins defeated Philadelphia Flyers 4-1 in regulation at TD Garden (Boston).,NHL Official Stats REST API (api-web.nhle.com/v1)
374,2022020266,2022-2023,2022,Regular Season,Regular Season,2022-11-17,Thursday,01:00,Winnipeg Jets,Anaheim Ducks,Winnipeg Jets,Anaheim Ducks,WPG,ANA,3,2,5,1,Winnipeg Jets,Anaheim Ducks,Home Win (3-2),3-2,Regulation,No,No,Canada Life Centre,Winnipeg,OFF,C. Hellebuyck (Winning Goalie); K. Connor (GWG Scorer),Winnipeg Jets defeated Anaheim Ducks 3-2 in regulation at Canada Life Centre (Winnipeg).,NHL Official Stats REST API (api-web.nhle.com/v1)
375,2022020267,2022-2023,2022,Regular Season,Regular Season,2022-11-17,Thursday,01:00,Nashville Predators,New York Islanders,Nashville Predators,New York Islanders,NSH,NYI,5,4,9,1,Nashville Predators,New York Islanders,Home Win (5-4),5-4,Regulation,No,No,Bridgestone Arena,Nashville,OFF,J. Saros (Winning Goalie); J. Parssinen (GWG Scorer),Nashville Predators defeated New York Islanders 5-4 in regulation at Bridgestone Arena (Nashville).,NHL Official Stats REST API (api-web.nhle.com/v1)
376,2022020268,2022-2023,2022,Regular Season,Regular Season,2022-11-17,Thursday,01:00,Minnesota Wild,Pittsburgh Penguins,Minnesota Wild,Pittsburgh Penguins,MIN,PIT,4,6,10,2,Pittsburgh Penguins,Minnesota Wild,Away Win (6-4),4-6,Regulation,No,No,Xcel Energy Center,Minnesota,OFF,T. Jarry (Winning Goalie); B. McGinn (GWG Scorer),Pittsburgh Penguins defeated Minnesota Wild 6-4 in regulation at Xcel Energy Center (Minnesota).,NHL Official Stats REST API (api-web.nhle.com/v1)
377,2022020269,2022-2023,2022,Regular Season,Regular Season,2022-11-17,Thursday,01:00,St. Louis Blues,Washington Capitals,St. Louis Blues,Washington Capitals,STL,WSH,5,4,9,1,St. Louis Blues,Washington Capitals,Home Win (5-4 SO),5-4,Shootout,Yes,Yes,Enterprise Center,St. Louis,OFF,T. Greiss (Winning Goalie),St. Louis Blues defeated Washington Capitals 5-4 in a shootout at Enterprise Center (St. Louis).,NHL Official Stats REST API (api-web.nhle.com/v1)
378,2022020270,2022-2023,2022,Regular Season,Regular Season,2022-11-17,Thursday,03:00,Vegas Golden Knights,Arizona Coyotes,Vegas Golden Knights,Arizona Coyotes,VGK,ARI,4,1,5,3,Vegas Golden Knights,Arizona Coyotes,Home Win (4-1),4-1,Regulation,No,No,T-Mobile Arena,Vegas,OFF,L. Thompson (Winning Goalie); W. Carrier (GWG Scorer),Vegas Golden Knights defeated Arizona Coyotes 4-1 in regulation at T-Mobile Arena (Vegas).,NHL Official Stats REST API (api-web.nhle.com/v1)
379,2022020271,2022-2023,2022,Regular Season,Regular Season,2022-11-17,Thursday,03:00,Seattle Kraken,New York Rangers,Seattle Kraken,New York Rangers,SEA,NYR,3,2,5,1,Seattle Kraken,New York Rangers,Home Win (3-2 OT),3-2,Overtime,Yes,No,Climate Pledge Arena,Seattle,OFF,M. Jones (Winning Goalie); J. Schultz (GWG Scorer),Seattle Kraken defeated New York Rangers 3-2 in overtime at Climate Pledge Arena (Seattle).,NHL Official Stats REST API (api-web.nhle.com/v1)
380,2022020272,2022-2023,2022,Regular Season,Regular Season,2022-11-17,Thursday,03:30,San Jose Sharks,Detroit Red Wings,San Jose Sharks,Detroit Red Wings,SJS,DET,4,7,11,3,Detroit Red Wings,San Jose Sharks,Away Win (7-4),4-7,Regulation,No,No,SAP Center at San Jose,San Jose,OFF,V. Husso (Winning Goalie); M. Seider (GWG Scorer),Detroit Red Wings defeated San Jose Sharks 7-4 in regulation at SAP Center at San Jose (San Jose).,NHL Official Stats REST API (api-web.nhle.com/v1)
381,2022020273,2022-2023,2022,Regular Season,Regular Season,2022-11-18,Friday,03:00,Vancouver Canucks,Los Angeles Kings,Vancouver Canucks,Los Angeles Kings,VAN,LAK,4,1,5,3,Vancouver Canucks,Los Angeles Kings,Home Win (4-1),4-1,Regulation,No,No,Rogers Arena,Vancouver,OFF,T. Demko (Winning Goalie); B. Boeser (GWG Scorer),Vancouver Canucks defeated Los Angeles Kings 4-1 in regulation at Rogers Arena (Vancouver).,NHL Official Stats REST API (api-web.nhle.com/v1)
382,2022020274,2022-2023,2022,Regular Season,Regular Season,2022-11-19,Saturday,18:00,Ottawa Senators,New Jersey Devils,Ottawa Senators,New Jersey Devils,OTT,NJD,1,5,6,4,New Jersey Devils,Ottawa Senators,Away Win (5-1),1-5,Regulation,No,No,Canadian Tire Centre,Ottawa,OFF,A. Schmid (Winning Goalie); N. Bastian (GWG Scorer),New Jersey Devils defeated Ottawa Senators 5-1 in regulation at Canadian Tire Centre (Ottawa).,NHL Official Stats REST API (api-web.nhle.com/v1)
383,2022020275,2022-2023,2022,Regular Season,Regular Season,2022-11-19,Saturday,21:00,Florida Panthers,Calgary Flames,Florida Panthers,Calgary Flames,FLA,CGY,4,5,9,1,Calgary Flames,Florida Panthers,Away Win (5-4 SO),4-5,Shootout,Yes,Yes,FLA Live Arena,Florida,OFF,J. Markstrom (Winning Goalie),Calgary Flames defeated Florida Panthers 5-4 in a shootout at FLA Live Arena (Florida).,NHL Official Stats REST API (api-web.nhle.com/v1)
384,2022020276,2022-2023,2022,Regular Season,Regular Season,2022-11-19,Saturday,00:00,Toronto Maple Leafs,Buffalo Sabres,Toronto Maple Leafs,Buffalo Sabres,TOR,BUF,5,2,7,3,Toronto Maple Leafs,Buffalo Sabres,Home Win (5-2),5-2,Regulation,No,No,Scotiabank Arena,Toronto,OFF,M. Murray (Winning Goalie); M. Giordano (GWG Scorer),Toronto Maple Leafs defeated Buffalo Sabres 5-2 in regulation at Scotiabank Arena (Toronto).,NHL Official Stats REST API (api-web.nhle.com/v1)
385,2022020277,2022-2023,2022,Regular Season,Regular Season,2022-11-19,Saturday,00:00,Boston Bruins,Chicago Blackhawks,Boston Bruins,Chicago Blackhawks,BOS,CHI,6,1,7,5,Boston Bruins,Chicago Blackhawks,Home Win (6-1),6-1,Regulation,No,No,TD Garden,Boston,OFF,J. Swayman (Winning Goalie); P. Bergeron (GWG Scorer),Boston Bruins defeated Chicago Blackhawks 6-1 in regulation at TD Garden (Boston).,NHL Official Stats REST API (api-web.nhle.com/v1)
386,2022020278,2022-2023,2022,Regular Season,Regular Season,2022-11-19,Saturday,00:00,Washington Capitals,Colorado Avalanche,Washington Capitals,Colorado Avalanche,WSH,COL,0,4,4,4,Colorado Avalanche,Washington Capitals,Away Win (4-0),0-4,Regulation,No,No,Capital One Arena,Washington,OFF,A. Georgiev (Winning Goalie); C. Makar (GWG Scorer),Colorado Avalanche defeated Washington Capitals 4-0 in regulation at Capital One Arena (Washington).,NHL Official Stats REST API (api-web.nhle.com/v1)
387,2022020279,2022-2023,2022,Regular Season,Regular Season,2022-11-19,Saturday,00:00,Columbus Blue Jackets,Detroit Red Wings,Columbus Blue Jackets,Detroit Red Wings,CBJ,DET,1,6,7,5,Detroit Red Wings,Columbus Blue Jackets,Away Win (6-1),1-6,Regulation,No,No,Nationwide Arena,Columbus,OFF,V. Husso (Winning Goalie); F. Hronek (GWG Scorer),Detroit Red Wings defeated Columbus Blue Jackets 6-1 in regulation at Nationwide Arena (Columbus).,NHL Official Stats REST API (api-web.nhle.com/v1)
388,2022020280,2022-2023,2022,Regular Season,Regular Season,2022-11-19,Saturday,00:00,Montréal Canadiens,Philadelphia Flyers,Montréal Canadiens,Philadelphia Flyers,MTL,PHI,5,4,9,1,Montréal Canadiens,Philadelphia Flyers,Home Win (5-4 SO),5-4,Shootout,Yes,Yes,Centre Bell,Montréal,OFF,J. Allen (Winning Goalie),Montréal Canadiens defeated Philadelphia Flyers 5-4 in a shootout at Centre Bell (Montréal).,NHL Official Stats REST API (api-web.nhle.com/v1)
389,2022020281,2022-2023,2022,Regular Season,Regular Season,2022-11-19,Saturday,00:00,Winnipeg Jets,Pittsburgh Penguins,Winnipeg Jets,Pittsburgh Penguins,WPG,PIT,0,3,3,3,Pittsburgh Penguins,Winnipeg Jets,Away Win (3-0),0-3,Regulation,No,No,Canada Life Centre,Winnipeg,OFF,T. Jarry (Winning Goalie); J. Zucker (GWG Scorer),Pittsburgh Penguins defeated Winnipeg Jets 3-0 in regulation at Canada Life Centre (Winnipeg).,NHL Official Stats REST API (api-web.nhle.com/v1)
390,2022020282,2022-2023,2022,Regular Season,Regular Season,2022-11-19,Saturday,01:00,St. Louis Blues,Anaheim Ducks,St. Louis Blues,Anaheim Ducks,STL,ANA,6,2,8,4,St. Louis Blues,Anaheim Ducks,Home Win (6-2),6-2,Regulation,No,No,Enterprise Center,St. Louis,OFF,J. Binnington (Winning Goalie); P. Buchnevich (GWG Scorer),St. Louis Blues defeated Anaheim Ducks 6-2 in regulation at Enterprise Center (St. Louis).,NHL Official Stats REST API (api-web.nhle.com/v1)
391,2022020283,2022-2023,2022,Regular Season,Regular Season,2022-11-19,Saturday,01:00,Minnesota Wild,Carolina Hurricanes,Minnesota Wild,Carolina Hurricanes,MIN,CAR,2,1,3,1,Minnesota Wild,Carolina Hurricanes,Home Win (2-1 OT),2-1,Overtime,Yes,No,Xcel Energy Center,Minnesota,OFF,F. Gustavsson (Winning Goalie); A. Goligoski (GWG Scorer),Minnesota Wild defeated Carolina Hurricanes 2-1 in overtime at Xcel Energy Center (Minnesota).,NHL Official Stats REST API (api-web.nhle.com/v1)
392,2022020284,2022-2023,2022,Regular Season,Regular Season,2022-11-19,Saturday,01:00,Dallas Stars,New York Islanders,Dallas Stars,New York Islanders,DAL,NYI,5,2,7,3,Dallas Stars,New York Islanders,Home Win (5-2),5-2,Regulation,No,No,American Airlines Center,Dallas,OFF,J. Oettinger (Winning Goalie); J. Benn (GWG Scorer),Dallas Stars defeated New York Islanders 5-2 in regulation at American Airlines Center (Dallas).,NHL Official Stats REST API (api-web.nhle.com/v1)
393,2022020285,2022-2023,2022,Regular Season,Regular Season,2022-11-19,Saturday,01:00,Nashville Predators,Tampa Bay Lightning,Nashville Predators,Tampa Bay Lightning,NSH,TBL,2,3,5,1,Tampa Bay Lightning,Nashville Predators,Away Win (3-2 OT),2-3,Overtime,Yes,No,Bridgestone Arena,Nashville,OFF,A. Vasilevskiy (Winning Goalie); S. Stamkos (GWG Scorer),Tampa Bay Lightning defeated Nashville Predators 3-2 in overtime at Bridgestone Arena (Nashville).,NHL Official Stats REST API (api-web.nhle.com/v1)
394,2022020286,2022-2023,2022,Regular Season,Regular Season,2022-11-19,Saturday,03:00,Seattle Kraken,Los Angeles Kings,Seattle Kraken,Los Angeles Kings,SEA,LAK,3,2,5,1,Seattle Kraken,Los Angeles Kings,Home Win (3-2 OT),3-2,Overtime,Yes,No,Climate Pledge Arena,Seattle,OFF,M. Jones (Winning Goalie); J. Eberle (GWG Scorer),Seattle Kraken defeated Los Angeles Kings 3-2 in overtime at Climate Pledge Arena (Seattle).,NHL Official Stats REST API (api-web.nhle.com/v1)
395,2022020287,2022-2023,2022,Regular Season,Regular Season,2022-11-19,Saturday,03:00,Edmonton Oilers,Vegas Golden Knights,Edmonton Oilers,Vegas Golden Knights,EDM,VGK,4,3,7,1,Edmonton Oilers,Vegas Golden Knights,Home Win (4-3 OT),4-3,Overtime,Yes,No,Rogers Place,Edmonton,OFF,S. Skinner (Winning Goalie); C. McDavid (GWG Scorer),Edmonton Oilers defeated Vegas Golden Knights 4-3 in overtime at Rogers Place (Edmonton).,NHL Official Stats REST API (api-web.nhle.com/v1)
396,2022020288,2022-2023,2022,Regular Season,Regular Season,2022-11-19,Saturday,03:30,San Jose Sharks,New York Rangers,San Jose Sharks,New York Rangers,SJS,NYR,1,2,3,1,New York Rangers,San Jose Sharks,Away Win (2-1),1-2,Regulation,No,No,SAP Center at San Jose,San Jose,OFF,I. Shesterkin (Winning Goalie); A. Fox (GWG Scorer),New York Rangers defeated San Jose Sharks 2-1 in regulation at SAP Center at San Jose (San Jose).,NHL Official Stats REST API (api-web.nhle.com/v1)
397,2022020289,2022-2023,2022,Regular Season,Regular Season,2022-11-20,Sunday,23:00,Columbus Blue Jackets,Florida Panthers,Columbus Blue Jackets,Florida Panthers,CBJ,FLA,5,3,8,2,Columbus Blue Jackets,Florida Panthers,Home Win (5-3),5-3,Regulation,No,No,Nationwide Arena,Columbus,OFF,D. Tarasov (Winning Goalie); J. Gaudreau (GWG Scorer),Columbus Blue Jackets defeated Florida Panthers 5-3 in regulation at Nationwide Arena (Columbus).,NHL Official Stats REST API (api-web.nhle.com/v1)
398,2022020290,2022-2023,2022,Regular Season,Regular Season,2022-11-20,Sunday,00:00,Chicago Blackhawks,Pittsburgh Penguins,Chicago Blackhawks,Pittsburgh Penguins,CHI,PIT,3,5,8,2,Pittsburgh Penguins,Chicago Blackhawks,Away Win (5-3),3-5,Regulation,No,No,United Center,Chicago,OFF,C. DeSmith (Winning Goalie); S. Crosby (GWG Scorer),Pittsburgh Penguins defeated Chicago Blackhawks 5-3 in regulation at United Center (Chicago).,NHL Official Stats REST API (api-web.nhle.com/v1)
399,2022020291,2022-2023,2022,Regular Season,Regular Season,2022-11-21,Monday,00:00,Tampa Bay Lightning,Boston Bruins,Tampa Bay Lightning,Boston Bruins,TBL,BOS,3,5,8,2,Boston Bruins,Tampa Bay Lightning,Away Win (5-3),3-5,Regulation,No,No,Amalie Arena,Tampa Bay,OFF,L. Ullmark (Winning Goalie); B. Marchand (GWG Scorer),Boston Bruins defeated Tampa Bay Lightning 5-3 in regulation at Amalie Arena (Tampa Bay).,NHL Official Stats REST API (api-web.nhle.com/v1)
400,2022020292,2022-2023,2022,Regular Season,Regular Season,2022-11-21,Monday,00:00,Philadelphia Flyers,Calgary Flames,Philadelphia Flyers,Calgary Flames,PHI,CGY,2,5,7,3,Calgary Flames,Philadelphia Flyers,Away Win (5-2),2-5,Regulation,No,No,Wells Fargo Center,Philadelphia,OFF,J. Markstrom (Winning Goalie); R. Andersson (GWG Scorer),Calgary Flames defeated Philadelphia Flyers 5-2 in regulation at Wells Fargo Center (Philadelphia).,NHL Official Stats REST API (api-web.nhle.com/v1)
401,2022020293,2022-2023,2022,Regular Season,Regular Season,2022-11-21,Monday,00:00,New Jersey Devils,Edmonton Oilers,New Jersey Devils,Edmonton Oilers,NJD,EDM,5,2,7,3,New Jersey Devils,Edmonton Oilers,Home Win (5-2),5-2,Regulation,No,No,Prudential Center,New Jersey,OFF,V. Vanecek (Winning Goalie); D. Severson (GWG Scorer),New Jersey Devils defeated Edmonton Oilers 5-2 in regulation at Prudential Center (New Jersey).,NHL Official Stats REST API (api-web.nhle.com/v1)
402,2022020294,2022-2023,2022,Regular Season,Regular Season,2022-11-21,Monday,00:30,Winnipeg Jets,Carolina Hurricanes,Winnipeg Jets,Carolina Hurricanes,WPG,CAR,4,3,7,1,Winnipeg Jets,Carolina Hurricanes,Home Win (4-3 OT),4-3,Overtime,Yes,No,Canada Life Centre,Winnipeg,OFF,D. Rittich (Winning Goalie); J. Morrissey (GWG Scorer),Winnipeg Jets defeated Carolina Hurricanes 4-3 in overtime at Canada Life Centre (Winnipeg).,NHL Official Stats REST API (api-web.nhle.com/v1)
403,2022020295,2022-2023,2022,Regular Season,Regular Season,2022-11-21,Monday,00:30,Toronto Maple Leafs,New York Islanders,Toronto Maple Leafs,New York Islanders,TOR,NYI,2,3,5,1,New York Islanders,Toronto Maple Leafs,Away Win (3-2 OT),2-3,Overtime,Yes,No,Scotiabank Arena,Toronto,OFF,I. Sorokin (Winning Goalie); A. Beauvillier (GWG Scorer),New York Islanders defeated Toronto Maple Leafs 3-2 in overtime at Scotiabank Arena (Toronto).,NHL Official Stats REST API (api-web.nhle.com/v1)
404,2022020296,2022-2023,2022,Regular Season,Regular Season,2022-11-21,Monday,01:00,St. Louis Blues,Anaheim Ducks,St. Louis Blues,Anaheim Ducks,STL,ANA,3,1,4,2,St. Louis Blues,Anaheim Ducks,Home Win (3-1),3-1,Regulation,No,No,Enterprise Center,St. Louis,OFF,J. Binnington (Winning Goalie); J. Faulk (GWG Scorer),St. Louis Blues defeated Anaheim Ducks 3-1 in regulation at Enterprise Center (St. Louis).,NHL Official Stats REST API (api-web.nhle.com/v1)
405,2022020297,2022-2023,2022,Regular Season,Regular Season,2022-11-21,Monday,01:00,Nashville Predators,Arizona Coyotes,Nashville Predators,Arizona Coyotes,NSH,ARI,4,3,7,1,Nashville Predators,Arizona Coyotes,Home Win (4-3 SO),4-3,Shootout,Yes,Yes,Bridgestone Arena,Nashville,OFF,J. Saros (Winning Goalie),Nashville Predators defeated Arizona Coyotes 4-3 in a shootout at Bridgestone Arena (Nashville).,NHL Official Stats REST API (api-web.nhle.com/v1)
406,2022020298,2022-2023,2022,Regular Season,Regular Season,2022-11-21,Monday,01:30,Dallas Stars,Colorado Avalanche,Dallas Stars,Colorado Avalanche,DAL,COL,2,3,5,1,Colorado Avalanche,Dallas Stars,Away Win (3-2 SO),2-3,Shootout,Yes,Yes,American Airlines Center,Dallas,OFF,A. Georgiev (Winning Goalie),Colorado Avalanche defeated Dallas Stars 3-2 in a shootout at American Airlines Center (Dallas).,NHL Official Stats REST API (api-web.nhle.com/v1)
407,2022020299,2022-2023,2022,Regular Season,Regular Season,2022-11-21,Monday,03:30,San Jose Sharks,Ottawa Senators,San Jose Sharks,Ottawa Senators,SJS,OTT,5,1,6,4,San Jose Sharks,Ottawa Senators,Home Win (5-1),5-1,Regulation,No,No,SAP Center at San Jose,San Jose,OFF,K. Kahkonen (Winning Goalie); T. Meier (GWG Scorer),San Jose Sharks defeated Ottawa Senators 5-1 in regulation at SAP Center at San Jose (San Jose).,NHL Official Stats REST API (api-web.nhle.com/v1)
408,2022020300,2022-2023,2022,Regular Season,Regular Season,2022-11-21,Monday,03:30,Vancouver Canucks,Vegas Golden Knights,Vancouver Canucks,Vegas Golden Knights,VAN,VGK,4,5,9,1,Vegas Golden Knights,Vancouver Canucks,Away Win (5-4),4-5,Regulation,No,No,Rogers Arena,Vancouver,OFF,L. Thompson (Winning Goalie); A. Pietrangelo (GWG Scorer),Vegas Golden Knights defeated Vancouver Canucks 5-4 in regulation at Rogers Arena (Vancouver).,NHL Official Stats REST API (api-web.nhle.com/v1)
409,2022020301,2022-2023,2022,Regular Season,Regular Season,2022-11-22,Tuesday,00:00,Montréal Canadiens,Buffalo Sabres,Montréal Canadiens,Buffalo Sabres,MTL,BUF,2,7,9,5,Buffalo Sabres,Montréal Canadiens,Away Win (7-2),2-7,Regulation,No,No,Centre Bell,Montréal,OFF,C. Anderson (Winning Goalie); A. Tuch (GWG Scorer),Buffalo Sabres defeated Montréal Canadiens 7-2 in regulation at Centre Bell (Montréal).,NHL Official Stats REST API (api-web.nhle.com/v1)
410,2022020302,2022-2023,2022,Regular Season,Regular Season,2022-11-22,Tuesday,03:30,Los Angeles Kings,New York Rangers,Los Angeles Kings,New York Rangers,LAK,NYR,3,5,8,2,New York Rangers,Los Angeles Kings,Away Win (5-3),3-5,Regulation,No,No,Crypto.com Arena,Los Angeles,OFF,I. Shesterkin (Winning Goalie); C. Kreider (GWG Scorer),New York Rangers defeated Los Angeles Kings 5-3 in regulation at Crypto.com Arena (Los Angeles).,NHL Official Stats REST API (api-web.nhle.com/v1)
411,2022020303,2022-2023,2022,Regular Season,Regular Season,2022-11-23,Wednesday,00:00,Carolina Hurricanes,Arizona Coyotes,Carolina Hurricanes,Arizona Coyotes,CAR,ARI,0,4,4,4,Arizona Coyotes,Carolina Hurricanes,Away Win (4-0),0-4,Regulation,No,No,PNC Arena,Carolina,OFF,K. Vejmelka (Winning Goalie); N. Schmaltz (GWG Scorer),Arizona Coyotes defeated Carolina Hurricanes 4-0 in regulation at PNC Arena (Carolina).,NHL Official Stats REST API (api-web.nhle.com/v1)
412,2022020304,2022-2023,2022,Regular Season,Regular Season,2022-11-23,Wednesday,00:00,Florida Panthers,Boston Bruins,Florida Panthers,Boston Bruins,FLA,BOS,5,2,7,3,Florida Panthers,Boston Bruins,Home Win (5-2),5-2,Regulation,No,No,FLA Live Arena,Florida,OFF,S. Knight (Winning Goalie); A. Barkov (GWG Scorer),Florida Panthers defeated Boston Bruins 5-2 in regulation at FLA Live Arena (Florida).,NHL Official Stats REST API (api-web.nhle.com/v1)
413,2022020305,2022-2023,2022,Regular Season,Regular Season,2022-11-23,Wednesday,00:00,Pittsburgh Penguins,Calgary Flames,Pittsburgh Penguins,Calgary Flames,PIT,CGY,2,1,3,1,Pittsburgh Penguins,Calgary Flames,Home Win (2-1 SO),2-1,Shootout,Yes,Yes,PPG Paints Arena,Pittsburgh,OFF,T. Jarry (Winning Goalie),Pittsburgh Penguins defeated Calgary Flames 2-1 in a shootout at PPG Paints Arena (Pittsburgh).,NHL Official Stats REST API (api-web.nhle.com/v1)
414,2022020306,2022-2023,2022,Regular Season,Regular Season,2022-11-23,Wednesday,00:00,Columbus Blue Jackets,Montréal Canadiens,Columbus Blue Jackets,Montréal Canadiens,CBJ,MTL,1,3,4,2,Montréal Canadiens,Columbus Blue Jackets,Away Win (3-1),1-3,Regulation,No,No,Nationwide Arena,Columbus,OFF,S. Montembeault (Winning Goalie); D. Savard (GWG Scorer),Montréal Canadiens defeated Columbus Blue Jackets 3-1 in regulation at Nationwide Arena (Columbus).,NHL Official Stats REST API (api-web.nhle.com/v1)
415,2022020307,2022-2023,2022,Regular Season,Regular Season,2022-11-23,Wednesday,00:00,Buffalo Sabres,St. Louis Blues,Buffalo Sabres,St. Louis Blues,BUF,STL,6,2,8,4,Buffalo Sabres,St. Louis Blues,Home Win (6-2),6-2,Regulation,No,No,KeyBank Center,Buffalo,OFF,U. Luukkonen (Winning Goalie); V. Olofsson (GWG Scorer),Buffalo Sabres defeated St. Louis Blues 6-2 in regulation at KeyBank Center (Buffalo).,NHL Official Stats REST API (api-web.nhle.com/v1)
416,2022020308,2022-2023,2022,Regular Season,Regular Season,2022-11-23,Wednesday,00:00,New Jersey Devils,Toronto Maple Leafs,New Jersey Devils,Toronto Maple Leafs,NJD,TOR,1,2,3,1,Toronto Maple Leafs,New Jersey Devils,Away Win (2-1),1-2,Regulation,No,No,Prudential Center,New Jersey,OFF,M. Murray (Winning Goalie); P. Holmberg (GWG Scorer),Toronto Maple Leafs defeated New Jersey Devils 2-1 in regulation at Prudential Center (New Jersey).,NHL Official Stats REST API (api-web.nhle.com/v1)
417,2022020309,2022-2023,2022,Regular Season,Regular Season,2022-11-23,Wednesday,00:00,Minnesota Wild,Winnipeg Jets,Minnesota Wild,Winnipeg Jets,MIN,WPG,6,1,7,5,Minnesota Wild,Winnipeg Jets,Home Win (6-1),6-1,Regulation,No,No,Xcel Energy Center,Minnesota,OFF,F. Gustavsson (Winning Goalie); C. Addison (GWG Scorer),Minnesota Wild defeated Winnipeg Jets 6-1 in regulation at Xcel Energy Center (Minnesota).,NHL Official Stats REST API (api-web.nhle.com/v1)
418,2022020311,2022-2023,2022,Regular Season,Regular Season,2022-11-23,Wednesday,00:00,Detroit Red Wings,Nashville Predators,Detroit Red Wings,Nashville Predators,DET,NSH,3,0,3,3,Detroit Red Wings,Nashville Predators,Home Win (3-0),3-0,Regulation,No,No,Little Caesars Arena,Detroit,OFF,V. Husso (Winning Goalie); D. Larkin (GWG Scorer),Detroit Red Wings defeated Nashville Predators 3-0 in regulation at Little Caesars Arena (Detroit).,NHL Official Stats REST API (api-web.nhle.com/v1)
419,2022020310,2022-2023,2022,Regular Season,Regular Season,2022-11-23,Wednesday,00:30,New York Islanders,Edmonton Oilers,New York Islanders,Edmonton Oilers,NYI,EDM,3,0,3,3,New York Islanders,Edmonton Oilers,Home Win (3-0),3-0,Regulation,No,No,UBS Arena,New York,OFF,I. Sorokin (Winning Goalie); J. Pageau (GWG Scorer),New York Islanders defeated Edmonton Oilers 3-0 in regulation at UBS Arena (New York).,NHL Official Stats REST API (api-web.nhle.com/v1)
420,2022020312,2022-2023,2022,Regular Season,Regular Season,2022-11-23,Wednesday,00:30,Washington Capitals,Philadelphia Flyers,Washington Capitals,Philadelphia Flyers,WSH,PHI,3,2,5,1,Washington Capitals,Philadelphia Flyers,Home Win (3-2 OT),3-2,Overtime,Yes,No,Capital One Arena,Washington,OFF,D. Kuemper (Winning Goalie); A. Ovechkin (GWG Scorer),Washington Capitals defeated Philadelphia Flyers 3-2 in overtime at Capital One Arena (Washington).,NHL Official Stats REST API (api-web.nhle.com/v1)
421,2022020313,2022-2023,2022,Regular Season,Regular Season,2022-11-23,Wednesday,01:30,Dallas Stars,Chicago Blackhawks,Dallas Stars,Chicago Blackhawks,DAL,CHI,6,4,10,2,Dallas Stars,Chicago Blackhawks,Home Win (6-4),6-4,Regulation,No,No,American Airlines Center,Dallas,OFF,J. Oettinger (Winning Goalie); R. Faksa (GWG Scorer),Dallas Stars defeated Chicago Blackhawks 6-4 in regulation at American Airlines Center (Dallas).,NHL Official Stats REST API (api-web.nhle.com/v1)
422,2022020314,2022-2023,2022,Regular Season,Regular Season,2022-11-23,Wednesday,03:00,Anaheim Ducks,New York Rangers,Anaheim Ducks,New York Rangers,ANA,NYR,3,2,5,1,Anaheim Ducks,New York Rangers,Home Win (3-2),3-2,Regulation,No,No,Honda Center,Anaheim,OFF,J. Gibson (Winning Goalie); T. Terry (GWG Scorer),Anaheim Ducks defeated New York Rangers 3-2 in regulation at Honda Center (Anaheim).,NHL Official Stats REST API (api-web.nhle.com/v1)
423,2022020315,2022-2023,2022,Regular Season,Regular Season,2022-11-23,Wednesday,03:00,Vegas Golden Knights,Ottawa Senators,Vegas Golden Knights,Ottawa Senators,VGK,OTT,4,1,5,3,Vegas Golden Knights,Ottawa Senators,Home Win (4-1),4-1,Regulation,No,No,T-Mobile Arena,Vegas,OFF,L. Thompson (Winning Goalie); W. Carrier (GWG Scorer),Vegas Golden Knights defeated Ottawa Senators 4-1 in regulation at T-Mobile Arena (Vegas).,NHL Official Stats REST API (api-web.nhle.com/v1)
424,2022020316,2022-2023,2022,Regular Season,Regular Season,2022-11-23,Wednesday,03:00,Seattle Kraken,San Jose Sharks,Seattle Kraken,San Jose Sharks,SEA,SJS,8,5,13,3,Seattle Kraken,San Jose Sharks,Home Win (8-5),8-5,Regulation,No,No,Climate Pledge Arena,Seattle,OFF,M. Jones (Winning Goalie); J. Schwartz (GWG Scorer),Seattle Kraken defeated San Jose Sharks 8-5 in regulation at Climate Pledge Arena (Seattle).,NHL Official Stats REST API (api-web.nhle.com/v1)
425,2022020317,2022-2023,2022,Regular Season,Regular Season,2022-11-23,Wednesday,03:00,Colorado Avalanche,Vancouver Canucks,Colorado Avalanche,Vancouver Canucks,COL,VAN,3,4,7,1,Vancouver Canucks,Colorado Avalanche,Away Win (4-3),3-4,Regulation,No,No,Ball Arena,Colorado,OFF,S. Martin (Winning Goalie); E. Bear (GWG Scorer),Vancouver Canucks defeated Colorado Avalanche 4-3 in regulation at Ball Arena (Colorado).,NHL Official Stats REST API (api-web.nhle.com/v1)
426,2022020318,2022-2023,2022,Regular Season,Regular Season,2022-11-25,Friday,18:00,Boston Bruins,Carolina Hurricanes,Boston Bruins,Carolina Hurricanes,BOS,CAR,3,2,5,1,Boston Bruins,Carolina Hurricanes,Home Win (3-2 OT),3-2,Overtime,Yes,No,TD Garden,Boston,OFF,J. Swayman (Winning Goalie); D. Pastrnak (GWG Scorer),Boston Bruins defeated Carolina Hurricanes 3-2 in overtime at TD Garden (Boston).,NHL Official Stats REST API (api-web.nhle.com/v1)
427,2022020319,2022-2023,2022,Regular Season,Regular Season,2022-11-25,Friday,19:00,Washington Capitals,Calgary Flames,Washington Capitals,Calgary Flames,WSH,CGY,3,0,3,3,Washington Capitals,Calgary Flames,Home Win (3-0),3-0,Regulation,No,No,Capital One Arena,Washington,OFF,D. Kuemper (Winning Goalie); T. Oshie (GWG Scorer),Washington Capitals defeated Calgary Flames 3-0 in regulation at Capital One Arena (Washington).,NHL Official Stats REST API (api-web.nhle.com/v1)
428,2022020321,2022-2023,2022,Regular Season,Regular Season,2022-11-25,Friday,19:00,Chicago Blackhawks,Montréal Canadiens,Chicago Blackhawks,Montréal Canadiens,CHI,MTL,2,3,5,1,Montréal Canadiens,Chicago Blackhawks,Away Win (3-2 SO),2-3,Shootout,Yes,Yes,United Center,Chicago,OFF,S. Montembeault (Winning Goalie),Montréal Canadiens defeated Chicago Blackhawks 3-2 in a shootout at United Center (Chicago).,NHL Official Stats REST API (api-web.nhle.com/v1)
429,2022020322,2022-2023,2022,Regular Season,Regular Season,2022-11-25,Friday,19:00,Minnesota Wild,Toronto Maple Leafs,Minnesota Wild,Toronto Maple Leafs,MIN,TOR,3,4,7,1,Toronto Maple Leafs,Minnesota Wild,Away Win (4-3),3-4,Regulation,No,No,Xcel Energy Center,Minnesota,OFF,M. Murray (Winning Goalie); W. Nylander (GWG Scorer),Toronto Maple Leafs defeated Minnesota Wild 4-3 in regulation at Xcel Energy Center (Minnesota).,NHL Official Stats REST API (api-web.nhle.com/v1)
430,2022020323,2022-2023,2022,Regular Season,Regular Season,2022-11-25,Friday,20:00,Anaheim Ducks,Ottawa Senators,Anaheim Ducks,Ottawa Senators,ANA,OTT,1,5,6,4,Ottawa Senators,Anaheim Ducks,Away Win (5-1),1-5,Regulation,No,No,Honda Center,Anaheim,OFF,C. Talbot (Winning Goalie); D. Brassard (GWG Scorer),Ottawa Senators defeated Anaheim Ducks 5-1 in regulation at Honda Center (Anaheim).,NHL Official Stats REST API (api-web.nhle.com/v1)
431,2022020324,2022-2023,2022,Regular Season,Regular Season,2022-11-25,Friday,22:30,Philadelphia Flyers,Pittsburgh Penguins,Philadelphia Flyers,Pittsburgh Penguins,PHI,PIT,1,4,5,3,Pittsburgh Penguins,Philadelphia Flyers,Away Win (4-1),1-4,Regulation,No,No,Wells Fargo Center,Philadelphia,OFF,T. Jarry (Winning Goalie); S. Crosby (GWG Scorer),Pittsburgh Penguins defeated Philadelphia Flyers 4-1 in regulation at Wells Fargo Center (Philadelphia).,NHL Official Stats REST API (api-web.nhle.com/v1)
432,2022020325,2022-2023,2022,Regular Season,Regular Season,2022-11-25,Friday,01:00,Detroit Red Wings,Arizona Coyotes,Detroit Red Wings,Arizona Coyotes,DET,ARI,4,3,7,1,Detroit Red Wings,Arizona Coyotes,Home Win (4-3 SO),4-3,Shootout,Yes,Yes,Little Caesars Arena,Detroit,OFF,V. Husso (Winning Goalie),Detroit Red Wings defeated Arizona Coyotes 4-3 in a shootout at Little Caesars Arena (Detroit).,NHL Official Stats REST API (api-web.nhle.com/v1)
433,2022020326,2022-2023,2022,Regular Season,Regular Season,2022-11-25,Friday,01:00,Columbus Blue Jackets,New York Islanders,Columbus Blue Jackets,New York Islanders,CBJ,NYI,2,3,5,1,New York Islanders,Columbus Blue Jackets,Away Win (3-2),2-3,Regulation,No,No,Nationwide Arena,Columbus,OFF,I. Sorokin (Winning Goalie); B. Nelson (GWG Scorer),New York Islanders defeated Columbus Blue Jackets 3-2 in regulation at Nationwide Arena (Columbus).,NHL Official Stats REST API (api-web.nhle.com/v1)
434,2022020327,2022-2023,2022,Regular Season,Regular Season,2022-11-25,Friday,01:00,Buffalo Sabres,New Jersey Devils,Buffalo Sabres,New Jersey Devils,BUF,NJD,1,3,4,2,New Jersey Devils,Buffalo Sabres,Away Win (3-1),1-3,Regulation,No,No,KeyBank Center,Buffalo,OFF,A. Schmid (Winning Goalie); J. Boqvist (GWG Scorer),New Jersey Devils defeated Buffalo Sabres 3-1 in regulation at KeyBank Center (Buffalo).,NHL Official Stats REST API (api-web.nhle.com/v1)
435,2022020328,2022-2023,2022,Regular Season,Regular Season,2022-11-25,Friday,01:00,Tampa Bay Lightning,St. Louis Blues,Tampa Bay Lightning,St. Louis Blues,TBL,STL,5,2,7,3,Tampa Bay Lightning,St. Louis Blues,Home Win (5-2),5-2,Regulation,No,No,Amalie Arena,Tampa Bay,OFF,A. Vasilevskiy (Winning Goalie); B. Point (GWG Scorer),Tampa Bay Lightning defeated St. Louis Blues 5-2 in regulation at Amalie Arena (Tampa Bay).,NHL Official Stats REST API (api-web.nhle.com/v1)
436,2022020329,2022-2023,2022,Regular Season,Regular Season,2022-11-25,Friday,01:00,Vegas Golden Knights,Seattle Kraken,Vegas Golden Knights,Seattle Kraken,VGK,SEA,2,4,6,2,Seattle Kraken,Vegas Golden Knights,Away Win (4-2),2-4,Regulation,No,No,T-Mobile Arena,Vegas,OFF,P. Grubauer (Winning Goalie); A. Burakovsky (GWG Scorer),Seattle Kraken defeated Vegas Golden Knights 4-2 in regulation at T-Mobile Arena (Vegas).,NHL Official Stats REST API (api-web.nhle.com/v1)
437,2022020330,2022-2023,2022,Regular Season,Regular Season,2022-11-25,Friday,01:30,Dallas Stars,Winnipeg Jets,Dallas Stars,Winnipeg Jets,DAL,WPG,4,5,9,1,Winnipeg Jets,Dallas Stars,Away Win (5-4 OT),4-5,Overtime,Yes,No,American Airlines Center,Dallas,OFF,C. Hellebuyck (Winning Goalie); J. Morrissey (GWG Scorer),Winnipeg Jets defeated Dallas Stars 5-4 in overtime at American Airlines Center (Dallas).,NHL Official Stats REST API (api-web.nhle.com/v1)
438,2022020331,2022-2023,2022,Regular Season,Regular Season,2022-11-25,Friday,03:30,San Jose Sharks,Los Angeles Kings,San Jose Sharks,Los Angeles Kings,SJS,LAK,2,5,7,3,Los Angeles Kings,San Jose Sharks,Away Win (5-2),2-5,Regulation,No,No,SAP Center at San Jose,San Jose,OFF,J. Quick (Winning Goalie); V. Arvidsson (GWG Scorer),Los Angeles Kings defeated San Jose Sharks 5-2 in regulation at SAP Center at San Jose (San Jose).,NHL Official Stats REST API (api-web.nhle.com/v1)
439,2022020332,2022-2023,2022,Regular Season,Regular Season,2022-11-26,Saturday,18:00,New York Rangers,Edmonton Oilers,New York Rangers,Edmonton Oilers,NYR,EDM,3,4,7,1,Edmonton Oilers,New York Rangers,Away Win (4-3),3-4,Regulation,No,No,Madison Square Garden,New York,OFF,J. Campbell (Winning Goalie); L. Draisaitl (GWG Scorer),Edmonton Oilers defeated New York Rangers 4-3 in regulation at Madison Square Garden (New York).,NHL Official Stats REST API (api-web.nhle.com/v1)
440,2022020333,2022-2023,2022,Regular Season,Regular Season,2022-11-26,Saturday,21:00,Carolina Hurricanes,Calgary Flames,Carolina Hurricanes,Calgary Flames,CAR,CGY,3,2,5,1,Carolina Hurricanes,Calgary Flames,Home Win (3-2),3-2,Regulation,No,No,PNC Arena,Carolina,OFF,A. Raanta (Winning Goalie); B. Pesce (GWG Scorer),Carolina Hurricanes defeated Calgary Flames 3-2 in regulation at PNC Arena (Carolina).,NHL Official Stats REST API (api-web.nhle.com/v1)
441,2022020334,2022-2023,2022,Regular Season,Regular Season,2022-11-26,Saturday,23:30,Florida Panthers,St. Louis Blues,Florida Panthers,St. Louis Blues,FLA,STL,4,5,9,1,St. Louis Blues,Florida Panthers,Away Win (5-4 OT),4-5,Overtime,Yes,No,FLA Live Arena,Florida,OFF,T. Greiss (Winning Goalie); J. Kyrou (GWG Scorer),St. Louis Blues defeated Florida Panthers 5-4 in overtime at FLA Live Arena (Florida).,NHL Official Stats REST API (api-web.nhle.com/v1)
442,2022020335,2022-2023,2022,Regular Season,Regular Season,2022-11-26,Saturday,00:00,Pittsburgh Penguins,Toronto Maple Leafs,Pittsburgh Penguins,Toronto Maple Leafs,PIT,TOR,1,4,5,3,Toronto Maple Leafs,Pittsburgh Penguins,Away Win (4-1),1-4,Regulation,No,No,PPG Paints Arena,Pittsburgh,OFF,E. Kallgren (Winning Goalie); P. Holmberg (GWG Scorer),Toronto Maple Leafs defeated Pittsburgh Penguins 4-1 in regulation at PPG Paints Arena (Pittsburgh).,NHL Official Stats REST API (api-web.nhle.com/v1)
443,2022020336,2022-2023,2022,Regular Season,Regular Season,2022-11-26,Saturday,00:00,New Jersey Devils,Washington Capitals,New Jersey Devils,Washington Capitals,NJD,WSH,5,1,6,4,New Jersey Devils,Washington Capitals,Home Win (5-1),5-1,Regulation,No,No,Prudential Center,New Jersey,OFF,V. Vanecek (Winning Goalie); J. Hughes (GWG Scorer),New Jersey Devils defeated Washington Capitals 5-1 in regulation at Prudential Center (New Jersey).,NHL Official Stats REST API (api-web.nhle.com/v1)
444,2022020337,2022-2023,2022,Regular Season,Regular Season,2022-11-26,Saturday,00:30,New York Islanders,Philadelphia Flyers,New York Islanders,Philadelphia Flyers,NYI,PHI,5,2,7,3,New York Islanders,Philadelphia Flyers,Home Win (5-2),5-2,Regulation,No,No,UBS Arena,New York,OFF,S. Varlamov (Winning Goalie); B. Nelson (GWG Scorer),New York Islanders defeated Philadelphia Flyers 5-2 in regulation at UBS Arena (New York).,NHL Official Stats REST API (api-web.nhle.com/v1)
445,2022020339,2022-2023,2022,Regular Season,Regular Season,2022-11-26,Saturday,02:00,Colorado Avalanche,Dallas Stars,Colorado Avalanche,Dallas Stars,COL,DAL,4,1,5,3,Colorado Avalanche,Dallas Stars,Home Win (4-1),4-1,Regulation,No,No,Ball Arena,Colorado,OFF,A. Georgiev (Winning Goalie); J. Manson (GWG Scorer),Colorado Avalanche defeated Dallas Stars 4-1 in regulation at Ball Arena (Colorado).,NHL Official Stats REST API (api-web.nhle.com/v1)
446,2022020340,2022-2023,2022,Regular Season,Regular Season,2022-11-26,Saturday,03:00,Vegas Golden Knights,Vancouver Canucks,Vegas Golden Knights,Vancouver Canucks,VGK,VAN,1,5,6,4,Vancouver Canucks,Vegas Golden Knights,Away Win (5-1),1-5,Regulation,No,No,T-Mobile Arena,Vegas,OFF,S. Martin (Winning Goalie); J. Miller (GWG Scorer),Vancouver Canucks defeated Vegas Golden Knights 5-1 in regulation at T-Mobile Arena (Vegas).,NHL Official Stats REST API (api-web.nhle.com/v1)
447,2022020341,2022-2023,2022,Regular Season,Regular Season,2022-11-27,Sunday,19:00,Minnesota Wild,Arizona Coyotes,Minnesota Wild,Arizona Coyotes,MIN,ARI,4,3,7,1,Minnesota Wild,Arizona Coyotes,Home Win (4-3),4-3,Regulation,No,No,Xcel Energy Center,Minnesota,OFF,M. Fleury (Winning Goalie); M. Boldy (GWG Scorer),Minnesota Wild defeated Arizona Coyotes 4-3 in regulation at Xcel Energy Center (Minnesota).,NHL Official Stats REST API (api-web.nhle.com/v1)
448,2022020342,2022-2023,2022,Regular Season,Regular Season,2022-11-27,Sunday,00:00,Chicago Blackhawks,Winnipeg Jets,Chicago Blackhawks,Winnipeg Jets,CHI,WPG,2,7,9,5,Winnipeg Jets,Chicago Blackhawks,Away Win (7-2),2-7,Regulation,No,No,United Center,Chicago,OFF,C. Hellebuyck (Winning Goalie); K. Connor (GWG Scorer),Winnipeg Jets defeated Chicago Blackhawks 7-2 in regulation at United Center (Chicago).,NHL Official Stats REST API (api-web.nhle.com/v1)
449,2022020343,2022-2023,2022,Regular Season,Regular Season,2022-11-27,Sunday,01:00,Anaheim Ducks,Seattle Kraken,Anaheim Ducks,Seattle Kraken,ANA,SEA,4,5,9,1,Seattle Kraken,Anaheim Ducks,Away Win (5-4),4-5,Regulation,No,No,Honda Center,Anaheim,OFF,M. Jones (Winning Goalie); D. Sprong (GWG Scorer),Seattle Kraken defeated Anaheim Ducks 5-4 in regulation at Honda Center (Anaheim).,NHL Official Stats REST API (api-web.nhle.com/v1)
450,2022020344,2022-2023,2022,Regular Season,Regular Season,2022-11-27,Sunday,01:00,San Jose Sharks,Vancouver Canucks,San Jose Sharks,Vancouver Canucks,SJS,VAN,3,4,7,1,Vancouver Canucks,San Jose Sharks,Away Win (4-3 OT),3-4,Overtime,Yes,No,SAP Center at San Jose,San Jose,OFF,T. Demko (Winning Goalie); A. Kuzmenko (GWG Scorer),Vancouver Canucks defeated San Jose Sharks 4-3 in overtime at SAP Center at San Jose (San Jose).,NHL Official Stats REST API (api-web.nhle.com/v1)
451,2022020345,2022-2023,2022,Regular Season,Regular Season,2022-11-27,Sunday,03:30,Los Angeles Kings,Ottawa Senators,Los Angeles Kings,Ottawa Senators,LAK,OTT,2,3,5,1,Ottawa Senators,Los Angeles Kings,Away Win (3-2 OT),2-3,Overtime,Yes,No,Crypto.com Arena,Los Angeles,OFF,C. Talbot (Winning Goalie); C. Giroux (GWG Scorer),Ottawa Senators defeated Los Angeles Kings 3-2 in overtime at Crypto.com Arena (Los Angeles).,NHL Official Stats REST API (api-web.nhle.com/v1)
452,2022020346,2022-2023,2022,Regular Season,Regular Season,2022-11-28,Monday,00:00,New York Rangers,New Jersey Devils,New York Rangers,New Jersey Devils,NYR,NJD,3,5,8,2,New Jersey Devils,New York Rangers,Away Win (5-3),3-5,Regulation,No,No,Madison Square Garden,New York,OFF,V. Vanecek (Winning Goalie); M. McLeod (GWG Scorer),New Jersey Devils defeated New York Rangers 5-3 in regulation at Madison Square Garden (New York).,NHL Official Stats REST API (api-web.nhle.com/v1)
453,2022020347,2022-2023,2022,Regular Season,Regular Season,2022-11-28,Monday,00:00,Buffalo Sabres,Tampa Bay Lightning,Buffalo Sabres,Tampa Bay Lightning,BUF,TBL,5,6,11,1,Tampa Bay Lightning,Buffalo Sabres,Away Win (6-5 OT),5-6,Overtime,Yes,No,KeyBank Center,Buffalo,OFF,B. Elliott (Winning Goalie); S. Stamkos (GWG Scorer),Tampa Bay Lightning defeated Buffalo Sabres 6-5 in overtime at KeyBank Center (Buffalo).,NHL Official Stats REST API (api-web.nhle.com/v1)
454,2022020348,2022-2023,2022,Regular Season,Regular Season,2022-11-28,Monday,00:00,Detroit Red Wings,Toronto Maple Leafs,Detroit Red Wings,Toronto Maple Leafs,DET,TOR,2,4,6,2,Toronto Maple Leafs,Detroit Red Wings,Away Win (4-2),2-4,Regulation,No,No,Little Caesars Arena,Detroit,OFF,M. Murray (Winning Goalie); M. Marner (GWG Scorer),Toronto Maple Leafs defeated Detroit Red Wings 4-2 in regulation at Little Caesars Arena (Detroit).,NHL Official Stats REST API (api-web.nhle.com/v1)
455,2022020349,2022-2023,2022,Regular Season,Regular Season,2022-11-28,Monday,00:00,Columbus Blue Jackets,Vegas Golden Knights,Columbus Blue Jackets,Vegas Golden Knights,CBJ,VGK,2,3,5,1,Vegas Golden Knights,Columbus Blue Jackets,Away Win (3-2 SO),2-3,Shootout,Yes,Yes,Nationwide Arena,Columbus,OFF,L. Thompson (Winning Goalie),Vegas Golden Knights defeated Columbus Blue Jackets 3-2 in a shootout at Nationwide Arena (Columbus).,NHL Official Stats REST API (api-web.nhle.com/v1)
456,2022020350,2022-2023,2022,Regular Season,Regular Season,2022-11-28,Monday,01:00,St. Louis Blues,Dallas Stars,St. Louis Blues,Dallas Stars,STL,DAL,1,4,5,3,Dallas Stars,St. Louis Blues,Away Win (4-1),1-4,Regulation,No,No,Enterprise Center,St. Louis,OFF,S. Wedgewood (Winning Goalie); T. Dellandrea (GWG Scorer),Dallas Stars defeated St. Louis Blues 4-1 in regulation at Enterprise Center (St. Louis).,NHL Official Stats REST API (api-web.nhle.com/v1)
457,2022020351,2022-2023,2022,Regular Season,Regular Season,2022-11-28,Monday,02:30,Edmonton Oilers,Florida Panthers,Edmonton Oilers,Florida Panthers,EDM,FLA,4,3,7,1,Edmonton Oilers,Florida Panthers,Home Win (4-3 OT),4-3,Overtime,Yes,No,Rogers Place,Edmonton,OFF,S. Skinner (Winning Goalie); L. Draisaitl (GWG Scorer),Edmonton Oilers defeated Florida Panthers 4-3 in overtime at Rogers Place (Edmonton).,NHL Official Stats REST API (api-web.nhle.com/v1)
458,2022020352,2022-2023,2022,Regular Season,Regular Season,2022-11-29,Tuesday,00:00,Pittsburgh Penguins,Carolina Hurricanes,Pittsburgh Penguins,Carolina Hurricanes,PIT,CAR,2,3,5,1,Carolina Hurricanes,Pittsburgh Penguins,Away Win (3-2 OT),2-3,Overtime,Yes,No,PPG Paints Arena,Pittsburgh,OFF,P. Kochetkov (Winning Goalie); B. Pesce (GWG Scorer),Carolina Hurricanes defeated Pittsburgh Penguins 3-2 in overtime at PPG Paints Arena (Pittsburgh).,NHL Official Stats REST API (api-web.nhle.com/v1)
459,2022020354,2022-2023,2022,Regular Season,Regular Season,2022-11-29,Tuesday,00:00,Montréal Canadiens,San Jose Sharks,Montréal Canadiens,San Jose Sharks,MTL,SJS,0,4,4,4,San Jose Sharks,Montréal Canadiens,Away Win (4-0),0-4,Regulation,No,No,Centre Bell,Montréal,OFF,K. Kahkonen (Winning Goalie); M. Nieto (GWG Scorer),San Jose Sharks defeated Montréal Canadiens 4-0 in regulation at Centre Bell (Montréal).,NHL Official Stats REST API (api-web.nhle.com/v1)
460,2022020355,2022-2023,2022,Regular Season,Regular Season,2022-11-29,Tuesday,00:00,Boston Bruins,Tampa Bay Lightning,Boston Bruins,Tampa Bay Lightning,BOS,TBL,3,1,4,2,Boston Bruins,Tampa Bay Lightning,Home Win (3-1),3-1,Regulation,No,No,TD Garden,Boston,OFF,J. Swayman (Winning Goalie); T. Hall (GWG Scorer),Boston Bruins defeated Tampa Bay Lightning 3-1 in regulation at TD Garden (Boston).,NHL Official Stats REST API (api-web.nhle.com/v1)
461,2022020353,2022-2023,2022,Regular Season,Regular Season,2022-11-29,Tuesday,00:30,Philadelphia Flyers,New York Islanders,Philadelphia Flyers,New York Islanders,PHI,NYI,3,1,4,2,Philadelphia Flyers,New York Islanders,Home Win (3-1),3-1,Regulation,No,No,Wells Fargo Center,Philadelphia,OFF,C. Hart (Winning Goalie); K. Hayes (GWG Scorer),Philadelphia Flyers defeated New York Islanders 3-1 in regulation at Wells Fargo Center (Philadelphia).,NHL Official Stats REST API (api-web.nhle.com/v1)
462,2022020356,2022-2023,2022,Regular Season,Regular Season,2022-11-29,Tuesday,01:00,Nashville Predators,Anaheim Ducks,Nashville Predators,Anaheim Ducks,NSH,ANA,2,1,3,1,Nashville Predators,Anaheim Ducks,Home Win (2-1 OT),2-1,Overtime,Yes,No,Bridgestone Arena,Nashville,OFF,J. Saros (Winning Goalie); R. Josi (GWG Scorer),Nashville Predators defeated Anaheim Ducks 2-1 in overtime at Bridgestone Arena (Nashville).,NHL Official Stats REST API (api-web.nhle.com/v1)
463,2022020357,2022-2023,2022,Regular Season,Regular Season,2022-11-29,Tuesday,01:00,Winnipeg Jets,Colorado Avalanche,Winnipeg Jets,Colorado Avalanche,WPG,COL,5,0,5,5,Winnipeg Jets,Colorado Avalanche,Home Win (5-0),5-0,Regulation,No,No,Canada Life Centre,Winnipeg,OFF,C. Hellebuyck (Winning Goalie); B. Wheeler (GWG Scorer),Winnipeg Jets defeated Colorado Avalanche 5-0 in regulation at Canada Life Centre (Winnipeg).,NHL Official Stats REST API (api-web.nhle.com/v1)
464,2022020358,2022-2023,2022,Regular Season,Regular Season,2022-11-29,Tuesday,02:00,Calgary Flames,Florida Panthers,Calgary Flames,Florida Panthers,CGY,FLA,6,2,8,4,Calgary Flames,Florida Panthers,Home Win (6-2),6-2,Regulation,No,No,Scotiabank Saddledome,Calgary,OFF,D. Vladar (Winning Goalie); R. Andersson (GWG Scorer),Calgary Flames defeated Florida Panthers 6-2 in regulation at Scotiabank Saddledome (Calgary).,NHL Official Stats REST API (api-web.nhle.com/v1)
465,2022020359,2022-2023,2022,Regular Season,Regular Season,2022-11-29,Tuesday,03:00,Vancouver Canucks,Washington Capitals,Vancouver Canucks,Washington Capitals,VAN,WSH,1,5,6,4,Washington Capitals,Vancouver Canucks,Away Win (5-1),1-5,Regulation,No,No,Rogers Arena,Vancouver,OFF,D. Kuemper (Winning Goalie); A. Ovechkin (GWG Scorer),Washington Capitals defeated Vancouver Canucks 5-1 in regulation at Rogers Arena (Vancouver).,NHL Official Stats REST API (api-web.nhle.com/v1)
466,2022020360,2022-2023,2022,Regular Season,Regular Season,2022-11-29,Tuesday,03:30,Los Angeles Kings,Seattle Kraken,Los Angeles Kings,Seattle Kraken,LAK,SEA,8,9,17,1,Seattle Kraken,Los Angeles Kings,Away Win (9-8 OT),8-9,Overtime,Yes,No,Crypto.com Arena,Los Angeles,OFF,M. Jones (Winning Goalie); A. Burakovsky (GWG Scorer),Seattle Kraken defeated Los Angeles Kings 9-8 in overtime at Crypto.com Arena (Los Angeles).,NHL Official Stats REST API (api-web.nhle.com/v1)
467,2022020361,2022-2023,2022,Regular Season,Regular Season,2022-11-30,Wednesday,00:00,Detroit Red Wings,Buffalo Sabres,Detroit Red Wings,Buffalo Sabres,DET,BUF,4,5,9,1,Buffalo Sabres,Detroit Red Wings,Away Win (5-4 SO),4-5,Shootout,Yes,Yes,Little Caesars Arena,Detroit,OFF,C. Anderson (Winning Goalie),Buffalo Sabres defeated Detroit Red Wings 5-4 in a shootout at Little Caesars Arena (Detroit).,NHL Official Stats REST API (api-web.nhle.com/v1)
468,2022020362,2022-2023,2022,Regular Season,Regular Season,2022-11-30,Wednesday,00:00,Ottawa Senators,New York Rangers,Ottawa Senators,New York Rangers,OTT,NYR,1,3,4,2,New York Rangers,Ottawa Senators,Away Win (3-1),1-3,Regulation,No,No,Canadian Tire Centre,Ottawa,OFF,J. Halak (Winning Goalie); B. Goodrow (GWG Scorer),New York Rangers defeated Ottawa Senators 3-1 in regulation at Canadian Tire Centre (Ottawa).,NHL Official Stats REST API (api-web.nhle.com/v1)
469,2022020363,2022-2023,2022,Regular Season,Regular Season,2022-11-30,Wednesday,00:00,Toronto Maple Leafs,San Jose Sharks,Toronto Maple Leafs,San Jose Sharks,TOR,SJS,3,1,4,2,Toronto Maple Leafs,San Jose Sharks,Home Win (3-1),3-1,Regulation,No,No,Scotiabank Arena,Toronto,OFF,I. Samsonov (Winning Goalie); P. Engvall (GWG Scorer),Toronto Maple Leafs defeated San Jose Sharks 3-1 in regulation at Scotiabank Arena (Toronto).,NHL Official Stats REST API (api-web.nhle.com/v1)
470,2022020364,2022-2023,2022,Regular Season,Regular Season,2022-11-30,Wednesday,02:30,Chicago Blackhawks,Edmonton Oilers,Chicago Blackhawks,Edmonton Oilers,CHI,EDM,4,5,9,1,Edmonton Oilers,Chicago Blackhawks,Away Win (5-4),4-5,Regulation,No,No,United Center,Chicago,OFF,S. Skinner (Winning Goalie); L. Draisaitl (GWG Scorer),Edmonton Oilers defeated Chicago Blackhawks 5-4 in regulation at United Center (Chicago).,NHL Official Stats REST API (api-web.nhle.com/v1)
471,2022020365,2022-2023,2022,Regular Season,Regular Season,2022-12-01,Thursday,00:00,Buffalo Sabres,Colorado Avalanche,Buffalo Sabres,Colorado Avalanche,BUF,COL,4,6,10,2,Colorado Avalanche,Buffalo Sabres,Away Win (6-4),4-6,Regulation,No,No,KeyBank Center,Buffalo,OFF,A. Georgiev (Winning Goalie); J. Compher (GWG Scorer),Colorado Avalanche defeated Buffalo Sabres 6-4 in regulation at KeyBank Center (Buffalo).,NHL Official Stats REST API (api-web.nhle.com/v1)
472,2022020366,2022-2023,2022,Regular Season,Regular Season,2022-12-01,Thursday,00:00,New Jersey Devils,Nashville Predators,New Jersey Devils,Nashville Predators,NJD,NSH,3,4,7,1,Nashville Predators,New Jersey Devils,Away Win (4-3 OT),3-4,Overtime,Yes,No,Prudential Center,New Jersey,OFF,J. Saros (Winning Goalie); R. Johansen (GWG Scorer),Nashville Predators defeated New Jersey Devils 4-3 in overtime at Prudential Center (New Jersey).,NHL Official Stats REST API (api-web.nhle.com/v1)
473,2022020367,2022-2023,2022,Regular Season,Regular Season,2022-12-01,Thursday,00:00,Philadelphia Flyers,Tampa Bay Lightning,Philadelphia Flyers,Tampa Bay Lightning,PHI,TBL,1,4,5,3,Tampa Bay Lightning,Philadelphia Flyers,Away Win (4-1),1-4,Regulation,No,No,Wells Fargo Center,Philadelphia,OFF,A. Vasilevskiy (Winning Goalie); N. Paul (GWG Scorer),Tampa Bay Lightning defeated Philadelphia Flyers 4-1 in regulation at Wells Fargo Center (Philadelphia).,NHL Official Stats REST API (api-web.nhle.com/v1)
474,2022020368,2022-2023,2022,Regular Season,Regular Season,2022-12-01,Thursday,00:00,Pittsburgh Penguins,Vegas Golden Knights,Pittsburgh Penguins,Vegas Golden Knights,PIT,VGK,4,3,7,1,Pittsburgh Penguins,Vegas Golden Knights,Home Win (4-3),4-3,Regulation,No,No,PPG Paints Arena,Pittsburgh,OFF,T. Jarry (Winning Goalie); K. Kapanen (GWG Scorer),Pittsburgh Penguins defeated Vegas Golden Knights 4-3 in regulation at PPG Paints Arena (Pittsburgh).,NHL Official Stats REST API (api-web.nhle.com/v1)
475,2022020369,2022-2023,2022,Regular Season,Regular Season,2022-12-01,Thursday,01:00,St. Louis Blues,Carolina Hurricanes,St. Louis Blues,Carolina Hurricanes,STL,CAR,4,6,10,2,Carolina Hurricanes,St. Louis Blues,Away Win (6-4),4-6,Regulation,No,No,Enterprise Center,St. Louis,OFF,P. Kochetkov (Winning Goalie); J. Staal (GWG Scorer),Carolina Hurricanes defeated St. Louis Blues 6-4 in regulation at Enterprise Center (St. Louis).,NHL Official Stats REST API (api-web.nhle.com/v1)
476,2022020370,2022-2023,2022,Regular Season,Regular Season,2022-12-01,Thursday,01:00,Minnesota Wild,Edmonton Oilers,Minnesota Wild,Edmonton Oilers,MIN,EDM,5,3,8,2,Minnesota Wild,Edmonton Oilers,Home Win (5-3),5-3,Regulation,No,No,Xcel Energy Center,Minnesota,OFF,M. Fleury (Winning Goalie); S. Steel (GWG Scorer),Minnesota Wild defeated Edmonton Oilers 5-3 in regulation at Xcel Energy Center (Minnesota).,NHL Official Stats REST API (api-web.nhle.com/v1)
477,2022020371,2022-2023,2022,Regular Season,Regular Season,2022-12-01,Thursday,01:30,Dallas Stars,Anaheim Ducks,Dallas Stars,Anaheim Ducks,DAL,ANA,5,0,5,5,Dallas Stars,Anaheim Ducks,Home Win (5-0),5-0,Regulation,No,No,American Airlines Center,Dallas,OFF,J. Oettinger (Winning Goalie); J. Robertson (GWG Scorer),Dallas Stars defeated Anaheim Ducks 5-0 in regulation at American Airlines Center (Dallas).,NHL Official Stats REST API (api-web.nhle.com/v1)
478,2022020372,2022-2023,2022,Regular Season,Regular Season,2022-12-01,Thursday,02:00,Calgary Flames,Montréal Canadiens,Calgary Flames,Montréal Canadiens,CGY,MTL,1,2,3,1,Montréal Canadiens,Calgary Flames,Away Win (2-1),1-2,Regulation,No,No,Scotiabank Saddledome,Calgary,OFF,J. Allen (Winning Goalie); C. Caufield (GWG Scorer),Montréal Canadiens defeated Calgary Flames 2-1 in regulation at Scotiabank Saddledome (Calgary).,NHL Official Stats REST API (api-web.nhle.com/v1)
479,2022020373,2022-2023,2022,Regular Season,Regular Season,2022-12-01,Thursday,03:00,Vancouver Canucks,Florida Panthers,Vancouver Canucks,Florida Panthers,VAN,FLA,1,5,6,4,Florida Panthers,Vancouver Canucks,Away Win (5-1),1-5,Regulation,No,No,Rogers Arena,Vancouver,OFF,S. Knight (Winning Goalie); G. Forsling (GWG Scorer),Florida Panthers defeated Vancouver Canucks 5-1 in regulation at Rogers Arena (Vancouver).,NHL Official Stats REST API (api-web.nhle.com/v1)
480,2022020374,2022-2023,2022,Regular Season,Regular Season,2022-12-01,Thursday,03:00,Seattle Kraken,Washington Capitals,Seattle Kraken,Washington Capitals,SEA,WSH,3,2,5,1,Seattle Kraken,Washington Capitals,Home Win (3-2 OT),3-2,Overtime,Yes,No,Climate Pledge Arena,Seattle,OFF,P. Grubauer (Winning Goalie); M. Beniers (GWG Scorer),Seattle Kraken defeated Washington Capitals 3-2 in overtime at Climate Pledge Arena (Seattle).,NHL Official Stats REST API (api-web.nhle.com/v1)
481,2022020375,2022-2023,2022,Regular Season,Regular Season,2022-12-01,Thursday,03:30,Los Angeles Kings,Arizona Coyotes,Los Angeles Kings,Arizona Coyotes,LAK,ARI,5,3,8,2,Los Angeles Kings,Arizona Coyotes,Home Win (5-3),5-3,Regulation,No,No,Crypto.com Arena,Los Angeles,OFF,J. Quick (Winning Goalie); A. Kopitar (GWG Scorer),Los Angeles Kings defeated Arizona Coyotes 5-3 in regulation at Crypto.com Arena (Los Angeles).,NHL Official Stats REST API (api-web.nhle.com/v1)
482,2022020376,2022-2023,2022,Regular Season,Regular Season,2022-12-02,Friday,00:00,New York Rangers,Ottawa Senators,New York Rangers,Ottawa Senators,NYR,OTT,2,3,5,1,Ottawa Senators,New York Rangers,Away Win (3-2 OT),2-3,Overtime,Yes,No,Madison Square Garden,New York,OFF,C. Talbot (Winning Goalie); B. Tkachuk (GWG Scorer),Ottawa Senators defeated New York Rangers 3-2 in overtime at Madison Square Garden (New York).,NHL Official Stats REST API (api-web.nhle.com/v1)
483,2022020377,2022-2023,2022,Regular Season,Regular Season,2022-12-02,Friday,00:30,New York Islanders,Nashville Predators,New York Islanders,Nashville Predators,NYI,NSH,1,4,5,3,Nashville Predators,New York Islanders,Away Win (4-1),1-4,Regulation,No,No,UBS Arena,New York,OFF,K. Lankinen (Winning Goalie); R. Josi (GWG Scorer),Nashville Predators defeated New York Islanders 4-1 in regulation at UBS Arena (New York).,NHL Official Stats REST API (api-web.nhle.com/v1)
484,2022020378,2022-2023,2022,Regular Season,Regular Season,2022-12-02,Friday,01:00,Winnipeg Jets,Columbus Blue Jackets,Winnipeg Jets,Columbus Blue Jackets,WPG,CBJ,1,4,5,3,Columbus Blue Jackets,Winnipeg Jets,Away Win (4-1),1-4,Regulation,No,No,Canada Life Centre,Winnipeg,OFF,J. Korpisalo (Winning Goalie); E. Gudbranson (GWG Scorer),Columbus Blue Jackets defeated Winnipeg Jets 4-1 in regulation at Canada Life Centre (Winnipeg).,NHL Official Stats REST API (api-web.nhle.com/v1)
485,2022020379,2022-2023,2022,Regular Season,Regular Season,2022-12-03,Saturday,19:00,Minnesota Wild,Anaheim Ducks,Minnesota Wild,Anaheim Ducks,MIN,ANA,5,4,9,1,Minnesota Wild,Anaheim Ducks,Home Win (5-4 SO),5-4,Shootout,Yes,Yes,Xcel Energy Center,Minnesota,OFF,F. Gustavsson (Winning Goalie),Minnesota Wild defeated Anaheim Ducks 5-4 in a shootout at Xcel Energy Center (Minnesota).,NHL Official Stats REST API (api-web.nhle.com/v1)
486,2022020380,2022-2023,2022,Regular Season,Regular Season,2022-12-03,Saturday,00:00,Boston Bruins,Colorado Avalanche,Boston Bruins,Colorado Avalanche,BOS,COL,5,1,6,4,Boston Bruins,Colorado Avalanche,Home Win (5-1),5-1,Regulation,No,No,TD Garden,Boston,OFF,L. Ullmark (Winning Goalie); T. Frederic (GWG Scorer),Boston Bruins defeated Colorado Avalanche 5-1 in regulation at TD Garden (Boston).,NHL Official Stats REST API (api-web.nhle.com/v1)
487,2022020381,2022-2023,2022,Regular Season,Regular Season,2022-12-03,Saturday,00:00,Edmonton Oilers,Montréal Canadiens,Edmonton Oilers,Montréal Canadiens,EDM,MTL,5,3,8,2,Edmonton Oilers,Montréal Canadiens,Home Win (5-3),5-3,Regulation,No,No,Rogers Place,Edmonton,OFF,S. Skinner (Winning Goalie); D. Nurse (GWG Scorer),Edmonton Oilers defeated Montréal Canadiens 5-3 in regulation at Rogers Place (Edmonton).,NHL Official Stats REST API (api-web.nhle.com/v1)
488,2022020382,2022-2023,2022,Regular Season,Regular Season,2022-12-03,Saturday,00:00,Philadelphia Flyers,New Jersey Devils,Philadelphia Flyers,New Jersey Devils,PHI,NJD,2,3,5,1,New Jersey Devils,Philadelphia Flyers,Away Win (3-2),2-3,Regulation,No,No,Wells Fargo Center,Philadelphia,OFF,A. Schmid (Winning Goalie); J. Hughes (GWG Scorer),New Jersey Devils defeated Philadelphia Flyers 3-2 in regulation at Wells Fargo Center (Philadelphia).,NHL Official Stats REST API (api-web.nhle.com/v1)
489,2022020383,2022-2023,2022,Regular Season,Regular Season,2022-12-03,Saturday,00:00,Ottawa Senators,San Jose Sharks,Ottawa Senators,San Jose Sharks,OTT,SJS,5,2,7,3,Ottawa Senators,San Jose Sharks,Home Win (5-2),5-2,Regulation,No,No,Canadian Tire Centre,Ottawa,OFF,A. Forsberg (Winning Goalie); T. Stützle (GWG Scorer),Ottawa Senators defeated San Jose Sharks 5-2 in regulation at Canadian Tire Centre (Ottawa).,NHL Official Stats REST API (api-web.nhle.com/v1)
490,2022020384,2022-2023,2022,Regular Season,Regular Season,2022-12-03,Saturday,00:00,Pittsburgh Penguins,St. Louis Blues,Pittsburgh Penguins,St. Louis Blues,PIT,STL,6,2,8,4,Pittsburgh Penguins,St. Louis Blues,Home Win (6-2),6-2,Regulation,No,No,PPG Paints Arena,Pittsburgh,OFF,T. Jarry (Winning Goalie); K. Kapanen (GWG Scorer),Pittsburgh Penguins defeated St. Louis Blues 6-2 in regulation at PPG Paints Arena (Pittsburgh).,NHL Official Stats REST API (api-web.nhle.com/v1)
491,2022020385,2022-2023,2022,Regular Season,Regular Season,2022-12-03,Saturday,00:00,Tampa Bay Lightning,Toronto Maple Leafs,Tampa Bay Lightning,Toronto Maple Leafs,TBL,TOR,4,3,7,1,Tampa Bay Lightning,Toronto Maple Leafs,Home Win (4-3 OT),4-3,Overtime,Yes,No,Amalie Arena,Tampa Bay,OFF,A. Vasilevskiy (Winning Goalie); A. Killorn (GWG Scorer),Tampa Bay Lightning defeated Toronto Maple Leafs 4-3 in overtime at Amalie Arena (Tampa Bay).,NHL Official Stats REST API (api-web.nhle.com/v1)
492,2022020386,2022-2023,2022,Regular Season,Regular Season,2022-12-03,Saturday,00:00,Detroit Red Wings,Vegas Golden Knights,Detroit Red Wings,Vegas Golden Knights,DET,VGK,1,4,5,3,Vegas Golden Knights,Detroit Red Wings,Away Win (4-1),1-4,Regulation,No,No,Little Caesars Arena,Detroit,OFF,A. Hill (Winning Goalie); J. Marchessault (GWG Scorer),Vegas Golden Knights defeated Detroit Red Wings 4-1 in regulation at Little Caesars Arena (Detroit).,NHL Official Stats REST API (api-web.nhle.com/v1)
493,2022020387,2022-2023,2022,Regular Season,Regular Season,2022-12-03,Saturday,00:30,New York Rangers,Chicago Blackhawks,New York Rangers,Chicago Blackhawks,NYR,CHI,2,5,7,3,Chicago Blackhawks,New York Rangers,Away Win (5-2),2-5,Regulation,No,No,Madison Square Garden,New York,OFF,P. Mrazek (Winning Goalie); M. Domi (GWG Scorer),Chicago Blackhawks defeated New York Rangers 5-2 in regulation at Madison Square Garden (New York).,NHL Official Stats REST API (api-web.nhle.com/v1)
494,2022020388,2022-2023,2022,Regular Season,Regular Season,2022-12-03,Saturday,03:00,Vancouver Canucks,Arizona Coyotes,Vancouver Canucks,Arizona Coyotes,VAN,ARI,3,2,5,1,Vancouver Canucks,Arizona Coyotes,Home Win (3-2 OT),3-2,Overtime,Yes,No,Rogers Arena,Vancouver,OFF,S. Martin (Winning Goalie); B. Horvat (GWG Scorer),Vancouver Canucks defeated Arizona Coyotes 3-2 in overtime at Rogers Arena (Vancouver).,NHL Official Stats REST API (api-web.nhle.com/v1)
495,2022020389,2022-2023,2022,Regular Season,Regular Season,2022-12-03,Saturday,03:00,Seattle Kraken,Florida Panthers,Seattle Kraken,Florida Panthers,SEA,FLA,1,5,6,4,Florida Panthers,Seattle Kraken,Away Win (5-1),1-5,Regulation,No,No,Climate Pledge Arena,Seattle,OFF,S. Knight (Winning Goalie); C. Verhaeghe (GWG Scorer),Florida Panthers defeated Seattle Kraken 5-1 in regulation at Climate Pledge Arena (Seattle).,NHL Official Stats REST API (api-web.nhle.com/v1)
496,2022020390,2022-2023,2022,Regular Season,Regular Season,2022-12-03,Saturday,03:00,Calgary Flames,Washington Capitals,Calgary Flames,Washington Capitals,CGY,WSH,5,2,7,3,Calgary Flames,Washington Capitals,Home Win (5-2),5-2,Regulation,No,No,Scotiabank Saddledome,Calgary,OFF,D. Vladar (Winning Goalie); A. Ruzicka (GWG Scorer),Calgary Flames defeated Washington Capitals 5-2 in regulation at Scotiabank Saddledome (Calgary).,NHL Official Stats REST API (api-web.nhle.com/v1)
497,2022020391,2022-2023,2022,Regular Season,Regular Season,2022-12-03,Saturday,03:30,Los Angeles Kings,Carolina Hurricanes,Los Angeles Kings,Carolina Hurricanes,LAK,CAR,2,4,6,2,Carolina Hurricanes,Los Angeles Kings,Away Win (4-2),2-4,Regulation,No,No,Crypto.com Arena,Los Angeles,OFF,P. Kochetkov (Winning Goalie); S. Aho (GWG Scorer),Carolina Hurricanes defeated Los Angeles Kings 4-2 in regulation at Crypto.com Arena (Los Angeles).,NHL Official Stats REST API (api-web.nhle.com/v1)
498,2022020392,2022-2023,2022,Regular Season,Regular Season,2022-12-04,Sunday,20:00,Winnipeg Jets,Anaheim Ducks,Winnipeg Jets,Anaheim Ducks,WPG,ANA,5,2,7,3,Winnipeg Jets,Anaheim Ducks,Home Win (5-2),5-2,Regulation,No,No,Canada Life Centre,Winnipeg,OFF,C. Hellebuyck (Winning Goalie); M. Barron (GWG Scorer),Winnipeg Jets defeated Anaheim Ducks 5-2 in regulation at Canada Life Centre (Winnipeg).,NHL Official Stats REST API (api-web.nhle.com/v1)
499,2022020393,2022-2023,2022,Regular Season,Regular Season,2022-12-04,Sunday,20:00,Dallas Stars,Minnesota Wild,Dallas Stars,Minnesota Wild,DAL,MIN,5,6,11,1,Minnesota Wild,Dallas Stars,Away Win (6-5 SO),5-6,Shootout,Yes,Yes,American Airlines Center,Dallas,OFF,M. Fleury (Winning Goalie),Minnesota Wild defeated Dallas Stars 6-5 in a shootout at American Airlines Center (Dallas).,NHL Official Stats REST API (api-web.nhle.com/v1)
500,2022020394,2022-2023,2022,Regular Season,Regular Season,2022-12-04,Sunday,23:00,Columbus Blue Jackets,Detroit Red Wings,Columbus Blue Jackets,Detroit Red Wings,CBJ,DET,2,4,6,2,Detroit Red Wings,Columbus Blue Jackets,Away Win (4-2),2-4,Regulation,No,No,Nationwide Arena,Columbus,OFF,V. Husso (Winning Goalie); L. Raymond (GWG Scorer),Detroit Red Wings defeated Columbus Blue Jackets 4-2 in regulation at Nationwide Arena (Columbus).,NHL Official Stats REST API (api-web.nhle.com/v1)
501,2022020395,2022-2023,2022,Regular Season,Regular Season,2022-12-04,Sunday,00:00,Buffalo Sabres,San Jose Sharks,Buffalo Sabres,San Jose Sharks,BUF,SJS,6,3,9,3,Buffalo Sabres,San Jose Sharks,Home Win (6-3),6-3,Regulation,No,No,KeyBank Center,Buffalo,OFF,U. Luukkonen (Winning Goalie); J. Quinn (GWG Scorer),Buffalo Sabres defeated San Jose Sharks 6-3 in regulation at KeyBank Center (Buffalo).,NHL Official Stats REST API (api-web.nhle.com/v1)
502,2022020396,2022-2023,2022,Regular Season,Regular Season,2022-12-04,Sunday,00:30,New York Islanders,Chicago Blackhawks,New York Islanders,Chicago Blackhawks,NYI,CHI,3,0,3,3,New York Islanders,Chicago Blackhawks,Home Win (3-0),3-0,Regulation,No,No,UBS Arena,New York,OFF,S. Varlamov (Winning Goalie); M. Martin (GWG Scorer),New York Islanders defeated Chicago Blackhawks 3-0 in regulation at UBS Arena (New York).,NHL Official Stats REST API (api-web.nhle.com/v1)
503,2022020397,2022-2023,2022,Regular Season,Regular Season,2022-12-05,Monday,00:00,Philadelphia Flyers,Colorado Avalanche,Philadelphia Flyers,Colorado Avalanche,PHI,COL,5,3,8,2,Philadelphia Flyers,Colorado Avalanche,Home Win (5-3),5-3,Regulation,No,No,Wells Fargo Center,Philadelphia,OFF,C. Hart (Winning Goalie); O. Tippett (GWG Scorer),Philadelphia Flyers defeated Colorado Avalanche 5-3 in regulation at Wells Fargo Center (Philadelphia).,NHL Official Stats REST API (api-web.nhle.com/v1)
504,2022020398,2022-2023,2022,Regular Season,Regular Season,2022-12-05,Monday,00:00,New York Rangers,St. Louis Blues,New York Rangers,St. Louis Blues,NYR,STL,6,4,10,2,New York Rangers,St. Louis Blues,Home Win (6-4),6-4,Regulation,No,No,Madison Square Garden,New York,OFF,I. Shesterkin (Winning Goalie); A. Lafrenière (GWG Scorer),New York Rangers defeated St. Louis Blues 6-4 in regulation at Madison Square Garden (New York).,NHL Official Stats REST API (api-web.nhle.com/v1)
505,2022020399,2022-2023,2022,Regular Season,Regular Season,2022-12-05,Monday,00:00,Boston Bruins,Vegas Golden Knights,Boston Bruins,Vegas Golden Knights,BOS,VGK,3,4,7,1,Vegas Golden Knights,Boston Bruins,Away Win (4-3 SO),3-4,Shootout,Yes,Yes,TD Garden,Boston,OFF,L. Thompson (Winning Goalie),Vegas Golden Knights defeated Boston Bruins 4-3 in a shootout at TD Garden (Boston).,NHL Official Stats REST API (api-web.nhle.com/v1)
506,2022020400,2022-2023,2022,Regular Season,Regular Season,2022-12-05,Monday,01:30,Edmonton Oilers,Washington Capitals,Edmonton Oilers,Washington Capitals,EDM,WSH,2,3,5,1,Washington Capitals,Edmonton Oilers,Away Win (3-2),2-3,Regulation,No,No,Rogers Place,Edmonton,OFF,C. Lindgren (Winning Goalie); N. Dowd (GWG Scorer),Washington Capitals defeated Edmonton Oilers 3-2 in regulation at Rogers Place (Edmonton).,NHL Official Stats REST API (api-web.nhle.com/v1)
507,2022020401,2022-2023,2022,Regular Season,Regular Season,2022-12-05,Monday,02:00,Calgary Flames,Arizona Coyotes,Calgary Flames,Arizona Coyotes,CGY,ARI,3,2,5,1,Calgary Flames,Arizona Coyotes,Home Win (3-2),3-2,Regulation,No,No,Scotiabank Saddledome,Calgary,OFF,D. Vladar (Winning Goalie); N. Kadri (GWG Scorer),Calgary Flames defeated Arizona Coyotes 3-2 in regulation at Scotiabank Saddledome (Calgary).,NHL Official Stats REST API (api-web.nhle.com/v1)
508,2022020402,2022-2023,2022,Regular Season,Regular Season,2022-12-05,Monday,03:30,Vancouver Canucks,Montréal Canadiens,Vancouver Canucks,Montréal Canadiens,VAN,MTL,7,6,13,1,Vancouver Canucks,Montréal Canadiens,Home Win (7-6 OT),7-6,Overtime,Yes,No,Rogers Arena,Vancouver,OFF,C. Delia (Winning Goalie); E. Pettersson (GWG Scorer),Vancouver Canucks defeated Montréal Canadiens 7-6 in overtime at Rogers Arena (Vancouver).,NHL Official Stats REST API (api-web.nhle.com/v1)
509,2022020403,2022-2023,2022,Regular Season,Regular Season,2022-12-06,Tuesday,00:00,New Jersey Devils,Chicago Blackhawks,New Jersey Devils,Chicago Blackhawks,NJD,CHI,3,0,3,3,New Jersey Devils,Chicago Blackhawks,Home Win (3-0),3-0,Regulation,No,No,Prudential Center,New Jersey,OFF,V. Vanecek (Winning Goalie); D. Hamilton (GWG Scorer),New Jersey Devils defeated Chicago Blackhawks 3-0 in regulation at Prudential Center (New Jersey).,NHL Official Stats REST API (api-web.nhle.com/v1)
510,2022020404,2022-2023,2022,Regular Season,Regular Season,2022-12-06,Tuesday,00:00,Pittsburgh Penguins,Columbus Blue Jackets,Pittsburgh Penguins,Columbus Blue Jackets,PIT,CBJ,4,1,5,3,Pittsburgh Penguins,Columbus Blue Jackets,Home Win (4-1),4-1,Regulation,No,No,PPG Paints Arena,Pittsburgh,OFF,T. Jarry (Winning Goalie); S. Crosby (GWG Scorer),Pittsburgh Penguins defeated Columbus Blue Jackets 4-1 in regulation at PPG Paints Arena (Pittsburgh).,NHL Official Stats REST API (api-web.nhle.com/v1)
511,2022020405,2022-2023,2022,Regular Season,Regular Season,2022-12-06,Tuesday,00:00,Tampa Bay Lightning,Detroit Red Wings,Tampa Bay Lightning,Detroit Red Wings,TBL,DET,2,4,6,2,Detroit Red Wings,Tampa Bay Lightning,Away Win (4-2),2-4,Regulation,No,No,Amalie Arena,Tampa Bay,OFF,V. Husso (Winning Goalie); A. Erne (GWG Scorer),Detroit Red Wings defeated Tampa Bay Lightning 4-2 in regulation at Amalie Arena (Tampa Bay).,NHL Official Stats REST API (api-web.nhle.com/v1)
512,2022020406,2022-2023,2022,Regular Season,Regular Season,2022-12-06,Tuesday,00:00,Ottawa Senators,Los Angeles Kings,Ottawa Senators,Los Angeles Kings,OTT,LAK,2,5,7,3,Los Angeles Kings,Ottawa Senators,Away Win (5-2),2-5,Regulation,No,No,Canadian Tire Centre,Ottawa,OFF,P. Copley (Winning Goalie); V. Arvidsson (GWG Scorer),Los Angeles Kings defeated Ottawa Senators 5-2 in regulation at Canadian Tire Centre (Ottawa).,NHL Official Stats REST API (api-web.nhle.com/v1)
513,2022020407,2022-2023,2022,Regular Season,Regular Season,2022-12-06,Tuesday,00:30,New York Islanders,St. Louis Blues,New York Islanders,St. Louis Blues,NYI,STL,4,7,11,3,St. Louis Blues,New York Islanders,Away Win (7-4),4-7,Regulation,No,No,UBS Arena,New York,OFF,T. Greiss (Winning Goalie); C. Parayko (GWG Scorer),St. Louis Blues defeated New York Islanders 7-4 in regulation at UBS Arena (New York).,NHL Official Stats REST API (api-web.nhle.com/v1)
514,2022020408,2022-2023,2022,Regular Season,Regular Season,2022-12-06,Tuesday,01:00,Winnipeg Jets,Florida Panthers,Winnipeg Jets,Florida Panthers,WPG,FLA,5,2,7,3,Winnipeg Jets,Florida Panthers,Home Win (5-2),5-2,Regulation,No,No,Canada Life Centre,Winnipeg,OFF,C. Hellebuyck (Winning Goalie); K. Connor (GWG Scorer),Winnipeg Jets defeated Florida Panthers 5-2 in regulation at Canada Life Centre (Winnipeg).,NHL Official Stats REST API (api-web.nhle.com/v1)
515,2022020409,2022-2023,2022,Regular Season,Regular Season,2022-12-06,Tuesday,01:30,Dallas Stars,Toronto Maple Leafs,Dallas Stars,Toronto Maple Leafs,DAL,TOR,0,4,4,4,Toronto Maple Leafs,Dallas Stars,Away Win (4-0),0-4,Regulation,No,No,American Airlines Center,Dallas,OFF,M. Murray (Winning Goalie); J. Tavares (GWG Scorer),Toronto Maple Leafs defeated Dallas Stars 4-0 in regulation at American Airlines Center (Dallas).,NHL Official Stats REST API (api-web.nhle.com/v1)
516,2022020410,2022-2023,2022,Regular Season,Regular Season,2022-12-06,Tuesday,03:00,Anaheim Ducks,Carolina Hurricanes,Anaheim Ducks,Carolina Hurricanes,ANA,CAR,4,3,7,1,Anaheim Ducks,Carolina Hurricanes,Home Win (4-3 OT),4-3,Overtime,Yes,No,Honda Center,Anaheim,OFF,J. Gibson (Winning Goalie); R. Strome (GWG Scorer),Anaheim Ducks defeated Carolina Hurricanes 4-3 in overtime at Honda Center (Anaheim).,NHL Official Stats REST API (api-web.nhle.com/v1)
517,2022020411,2022-2023,2022,Regular Season,Regular Season,2022-12-06,Tuesday,03:00,Seattle Kraken,Montréal Canadiens,Seattle Kraken,Montréal Canadiens,SEA,MTL,2,4,6,2,Montréal Canadiens,Seattle Kraken,Away Win (4-2),2-4,Regulation,No,No,Climate Pledge Arena,Seattle,OFF,J. Allen (Winning Goalie); J. Anderson (GWG Scorer),Montréal Canadiens defeated Seattle Kraken 4-2 in regulation at Climate Pledge Arena (Seattle).,NHL Official Stats REST API (api-web.nhle.com/v1)
518,2022020413,2022-2023,2022,Regular Season,Regular Season,2022-12-07,Wednesday,00:00,Philadelphia Flyers,Washington Capitals,Philadelphia Flyers,Washington Capitals,PHI,WSH,1,4,5,3,Washington Capitals,Philadelphia Flyers,Away Win (4-1),1-4,Regulation,No,No,Wells Fargo Center,Philadelphia,OFF,C. Lindgren (Winning Goalie); D. Strome (GWG Scorer),Washington Capitals defeated Philadelphia Flyers 4-1 in regulation at Wells Fargo Center (Philadelphia).,NHL Official Stats REST API (api-web.nhle.com/v1)
519,2022020412,2022-2023,2022,Regular Season,Regular Season,2022-12-07,Wednesday,00:30,Columbus Blue Jackets,Buffalo Sabres,Columbus Blue Jackets,Buffalo Sabres,CBJ,BUF,4,9,13,5,Buffalo Sabres,Columbus Blue Jackets,Away Win (9-4),4-9,Regulation,No,No,Nationwide Arena,Columbus,OFF,U. Luukkonen (Winning Goalie); T. Thompson (GWG Scorer),Buffalo Sabres defeated Columbus Blue Jackets 9-4 in regulation at Nationwide Arena (Columbus).,NHL Official Stats REST API (api-web.nhle.com/v1)
520,2022020414,2022-2023,2022,Regular Season,Regular Season,2022-12-07,Wednesday,01:00,Calgary Flames,Minnesota Wild,Calgary Flames,Minnesota Wild,CGY,MIN,5,3,8,2,Calgary Flames,Minnesota Wild,Home Win (5-3),5-3,Regulation,No,No,Scotiabank Saddledome,Calgary,OFF,D. Vladar (Winning Goalie); R. Andersson (GWG Scorer),Calgary Flames defeated Minnesota Wild 5-3 in regulation at Scotiabank Saddledome (Calgary).,NHL Official Stats REST API (api-web.nhle.com/v1)
521,2022020415,2022-2023,2022,Regular Season,Regular Season,2022-12-07,Wednesday,02:00,Colorado Avalanche,Boston Bruins,Colorado Avalanche,Boston Bruins,COL,BOS,0,4,4,4,Boston Bruins,Colorado Avalanche,Away Win (4-0),0-4,Regulation,No,No,Ball Arena,Colorado,OFF,L. Ullmark (Winning Goalie); D. Pastrnak (GWG Scorer),Boston Bruins defeated Colorado Avalanche 4-0 in regulation at Ball Arena (Colorado).,NHL Official Stats REST API (api-web.nhle.com/v1)
522,2022020416,2022-2023,2022,Regular Season,Regular Season,2022-12-07,Wednesday,02:30,Edmonton Oilers,Arizona Coyotes,Edmonton Oilers,Arizona Coyotes,EDM,ARI,8,2,10,6,Edmonton Oilers,Arizona Coyotes,Home Win (8-2),8-2,Regulation,No,No,Rogers Place,Edmonton,OFF,S. Skinner (Winning Goalie); L. Draisaitl (GWG Scorer),Edmonton Oilers defeated Arizona Coyotes 8-2 in regulation at Rogers Place (Edmonton).,NHL Official Stats REST API (api-web.nhle.com/v1)
523,2022020417,2022-2023,2022,Regular Season,Regular Season,2022-12-07,Wednesday,03:00,Vegas Golden Knights,New York Rangers,Vegas Golden Knights,New York Rangers,VGK,NYR,1,5,6,4,New York Rangers,Vegas Golden Knights,Away Win (5-1),1-5,Regulation,No,No,T-Mobile Arena,Vegas,OFF,I. Shesterkin (Winning Goalie); M. Zibanejad (GWG Scorer),New York Rangers defeated Vegas Golden Knights 5-1 in regulation at T-Mobile Arena (Vegas).,NHL Official Stats REST API (api-web.nhle.com/v1)
524,2022020418,2022-2023,2022,Regular Season,Regular Season,2022-12-07,Wednesday,03:30,San Jose Sharks,Vancouver Canucks,San Jose Sharks,Vancouver Canucks,SJS,VAN,5,6,11,1,Vancouver Canucks,San Jose Sharks,Away Win (6-5 OT),5-6,Overtime,Yes,No,SAP Center at San Jose,San Jose,OFF,S. Martin (Winning Goalie); E. Pettersson (GWG Scorer),Vancouver Canucks defeated San Jose Sharks 6-5 in overtime at SAP Center at San Jose (San Jose).,NHL Official Stats REST API (api-web.nhle.com/v1)
525,2022020420,2022-2023,2022,Regular Season,Regular Season,2022-12-08,Thursday,00:00,Toronto Maple Leafs,Los Angeles Kings,Toronto Maple Leafs,Los Angeles Kings,TOR,LAK,5,0,5,5,Toronto Maple Leafs,Los Angeles Kings,Home Win (5-0),5-0,Regulation,No,No,Scotiabank Arena,Toronto,OFF,I. Samsonov (Winning Goalie); P. Engvall (GWG Scorer),Toronto Maple Leafs defeated Los Angeles Kings 5-0 in regulation at Scotiabank Arena (Toronto).,NHL Official Stats REST API (api-web.nhle.com/v1)
526,2022020421,2022-2023,2022,Regular Season,Regular Season,2022-12-08,Thursday,00:00,Tampa Bay Lightning,Nashville Predators,Tampa Bay Lightning,Nashville Predators,TBL,NSH,5,2,7,3,Tampa Bay Lightning,Nashville Predators,Home Win (5-2),5-2,Regulation,No,No,Amalie Arena,Tampa Bay,OFF,B. Elliott (Winning Goalie); B. Point (GWG Scorer),Tampa Bay Lightning defeated Nashville Predators 5-2 in regulation at Amalie Arena (Tampa Bay).,NHL Official Stats REST API (api-web.nhle.com/v1)
527,2022020419,2022-2023,2022,Regular Season,Regular Season,2022-12-08,Thursday,00:30,Florida Panthers,Detroit Red Wings,Florida Panthers,Detroit Red Wings,FLA,DET,5,1,6,4,Florida Panthers,Detroit Red Wings,Home Win (5-1),5-1,Regulation,No,No,FLA Live Arena,Florida,OFF,S. Bobrovsky (Winning Goalie); E. Luostarinen (GWG Scorer),Florida Panthers defeated Detroit Red Wings 5-1 in regulation at FLA Live Arena (Florida).,NHL Official Stats REST API (api-web.nhle.com/v1)
528,2022020422,2022-2023,2022,Regular Season,Regular Season,2022-12-08,Thursday,01:00,St. Louis Blues,Winnipeg Jets,St. Louis Blues,Winnipeg Jets,STL,WPG,2,5,7,3,Winnipeg Jets,St. Louis Blues,Away Win (5-2),2-5,Regulation,No,No,Enterprise Center,St. Louis,OFF,C. Hellebuyck (Winning Goalie); B. Wheeler (GWG Scorer),Winnipeg Jets defeated St. Louis Blues 5-2 in regulation at Enterprise Center (St. Louis).,NHL Official Stats REST API (api-web.nhle.com/v1)
529,2022020423,2022-2023,2022,Regular Season,Regular Season,2022-12-08,Thursday,01:30,Dallas Stars,Ottawa Senators,Dallas Stars,Ottawa Senators,DAL,OTT,4,3,7,1,Dallas Stars,Ottawa Senators,Home Win (4-3 OT),4-3,Overtime,Yes,No,American Airlines Center,Dallas,OFF,J. Oettinger (Winning Goalie); T. Seguin (GWG Scorer),Dallas Stars defeated Ottawa Senators 4-3 in overtime at American Airlines Center (Dallas).,NHL Official Stats REST API (api-web.nhle.com/v1)
530,2022020424,2022-2023,2022,Regular Season,Regular Season,2022-12-09,Friday,00:00,Columbus Blue Jackets,Calgary Flames,Columbus Blue Jackets,Calgary Flames,CBJ,CGY,3,1,4,2,Columbus Blue Jackets,Calgary Flames,Home Win (3-1),3-1,Regulation,No,No,Nationwide Arena,Columbus,OFF,E. Merzlikins (Winning Goalie); E. Robinson (GWG Scorer),Columbus Blue Jackets defeated Calgary Flames 3-1 in regulation at Nationwide Arena (Columbus).,NHL Official Stats REST API (api-web.nhle.com/v1)
531,2022020425,2022-2023,2022,Regular Season,Regular Season,2022-12-09,Friday,00:00,New Jersey Devils,New York Islanders,New Jersey Devils,New York Islanders,NJD,NYI,4,6,10,2,New York Islanders,New Jersey Devils,Away Win (6-4),4-6,Regulation,No,No,Prudential Center,New Jersey,OFF,S. Varlamov (Winning Goalie); B. Nelson (GWG Scorer),New York Islanders defeated New Jersey Devils 6-4 in regulation at Prudential Center (New Jersey).,NHL Official Stats REST API (api-web.nhle.com/v1)
532,2022020426,2022-2023,2022,Regular Season,Regular Season,2022-12-09,Friday,00:00,Buffalo Sabres,Pittsburgh Penguins,Buffalo Sabres,Pittsburgh Penguins,BUF,PIT,3,4,7,1,Pittsburgh Penguins,Buffalo Sabres,Away Win (4-3 OT),3-4,Overtime,Yes,No,KeyBank Center,Buffalo,OFF,T. Jarry (Winning Goalie); J. Carter (GWG Scorer),Pittsburgh Penguins defeated Buffalo Sabres 4-3 in overtime at KeyBank Center (Buffalo).,NHL Official Stats REST API (api-web.nhle.com/v1)
533,2022020427,2022-2023,2022,Regular Season,Regular Season,2022-12-09,Friday,00:00,Washington Capitals,Seattle Kraken,Washington Capitals,Seattle Kraken,WSH,SEA,4,1,5,3,Washington Capitals,Seattle Kraken,Home Win (4-1),4-1,Regulation,No,No,Capital One Arena,Washington,OFF,C. Lindgren (Winning Goalie); M. Johansson (GWG Scorer),Washington Capitals defeated Seattle Kraken 4-1 in regulation at Capital One Arena (Washington).,NHL Official Stats REST API (api-web.nhle.com/v1)
534,2022020428,2022-2023,2022,Regular Season,Regular Season,2022-12-09,Friday,01:30,Chicago Blackhawks,Winnipeg Jets,Chicago Blackhawks,Winnipeg Jets,CHI,WPG,1,3,4,2,Winnipeg Jets,Chicago Blackhawks,Away Win (3-1),1-3,Regulation,No,No,United Center,Chicago,OFF,D. Rittich (Winning Goalie); B. Wheeler (GWG Scorer),Winnipeg Jets defeated Chicago Blackhawks 3-1 in regulation at United Center (Chicago).,NHL Official Stats REST API (api-web.nhle.com/v1)
535,2022020429,2022-2023,2022,Regular Season,Regular Season,2022-12-09,Friday,02:00,Edmonton Oilers,Minnesota Wild,Edmonton Oilers,Minnesota Wild,EDM,MIN,5,2,7,3,Edmonton Oilers,Minnesota Wild,Home Win (5-2),5-2,Regulation,No,No,Rogers Place,Edmonton,OFF,S. Skinner (Winning Goalie); K. Yamamoto (GWG Scorer),Edmonton Oilers defeated Minnesota Wild 5-2 in regulation at Rogers Place (Edmonton).,NHL Official Stats REST API (api-web.nhle.com/v1)
536,2022020430,2022-2023,2022,Regular Season,Regular Season,2022-12-09,Friday,02:00,Colorado Avalanche,New York Rangers,Colorado Avalanche,New York Rangers,COL,NYR,1,2,3,1,New York Rangers,Colorado Avalanche,Away Win (2-1 SO),1-2,Shootout,Yes,Yes,Ball Arena,Colorado,OFF,I. Shesterkin (Winning Goalie),New York Rangers defeated Colorado Avalanche 2-1 in a shootout at Ball Arena (Colorado).,NHL Official Stats REST API (api-web.nhle.com/v1)
537,2022020431,2022-2023,2022,Regular Season,Regular Season,2022-12-09,Friday,02:30,Arizona Coyotes,Boston Bruins,Arizona Coyotes,Boston Bruins,ARI,BOS,4,3,7,1,Arizona Coyotes,Boston Bruins,Home Win (4-3),4-3,Regulation,No,No,Mullett Arena,Arizona,OFF,K. Vejmelka (Winning Goalie); L. Crouse (GWG Scorer),Arizona Coyotes defeated Boston Bruins 4-3 in regulation at Mullett Arena (Arizona).,NHL Official Stats REST API (api-web.nhle.com/v1)
538,2022020432,2022-2023,2022,Regular Season,Regular Season,2022-12-09,Friday,03:00,Vegas Golden Knights,Philadelphia Flyers,Vegas Golden Knights,Philadelphia Flyers,VGK,PHI,2,1,3,1,Vegas Golden Knights,Philadelphia Flyers,Home Win (2-1 OT),2-1,Overtime,Yes,No,T-Mobile Arena,Vegas,OFF,A. Hill (Winning Goalie); J. Marchessault (GWG Scorer),Vegas Golden Knights defeated Philadelphia Flyers 2-1 in overtime at T-Mobile Arena (Vegas).,NHL Official Stats REST API (api-web.nhle.com/v1)
539,2022020433,2022-2023,2022,Regular Season,Regular Season,2022-12-09,Friday,03:00,Anaheim Ducks,San Jose Sharks,Anaheim Ducks,San Jose Sharks,ANA,SJS,1,6,7,5,San Jose Sharks,Anaheim Ducks,Away Win (6-1),1-6,Regulation,No,No,Honda Center,Anaheim,OFF,E. Makiniemi (Winning Goalie); S. Harrington (GWG Scorer),San Jose Sharks defeated Anaheim Ducks 6-1 in regulation at Honda Center (Anaheim).,NHL Official Stats REST API (api-web.nhle.com/v1)
540,2022020434,2022-2023,2022,Regular Season,Regular Season,2022-12-10,Saturday,18:30,Nashville Predators,Ottawa Senators,Nashville Predators,Ottawa Senators,NSH,OTT,2,3,5,1,Ottawa Senators,Nashville Predators,Away Win (3-2),2-3,Regulation,No,No,Bridgestone Arena,Nashville,OFF,C. Talbot (Winning Goalie); D. Batherson (GWG Scorer),Ottawa Senators defeated Nashville Predators 3-2 in regulation at Bridgestone Arena (Nashville).,NHL Official Stats REST API (api-web.nhle.com/v1)
541,2022020435,2022-2023,2022,Regular Season,Regular Season,2022-12-10,Saturday,19:00,Dallas Stars,Detroit Red Wings,Dallas Stars,Detroit Red Wings,DAL,DET,3,2,5,1,Dallas Stars,Detroit Red Wings,Home Win (3-2 OT),3-2,Overtime,Yes,No,American Airlines Center,Dallas,OFF,J. Oettinger (Winning Goalie); N. Lundkvist (GWG Scorer),Dallas Stars defeated Detroit Red Wings 3-2 in overtime at American Airlines Center (Dallas).,NHL Official Stats REST API (api-web.nhle.com/v1)
542,2022020436,2022-2023,2022,Regular Season,Regular Season,2022-12-10,Saturday,21:30,Tampa Bay Lightning,Florida Panthers,Tampa Bay Lightning,Florida Panthers,TBL,FLA,4,1,5,3,Tampa Bay Lightning,Florida Panthers,Home Win (4-1),4-1,Regulation,No,No,Amalie Arena,Tampa Bay,OFF,A. Vasilevskiy (Winning Goalie); B. Point (GWG Scorer),Tampa Bay Lightning defeated Florida Panthers 4-1 in regulation at Amalie Arena (Tampa Bay).,NHL Official Stats REST API (api-web.nhle.com/v1)
543,2022020437,2022-2023,2022,Regular Season,Regular Season,2022-12-10,Saturday,00:00,Pittsburgh Penguins,Buffalo Sabres,Pittsburgh Penguins,Buffalo Sabres,PIT,BUF,3,1,4,2,Pittsburgh Penguins,Buffalo Sabres,Home Win (3-1),3-1,Regulation,No,No,PPG Paints Arena,Pittsburgh,OFF,C. DeSmith (Winning Goalie); S. Crosby (GWG Scorer),Pittsburgh Penguins defeated Buffalo Sabres 3-1 in regulation at PPG Paints Arena (Pittsburgh).,NHL Official Stats REST API (api-web.nhle.com/v1)
544,2022020438,2022-2023,2022,Regular Season,Regular Season,2022-12-10,Saturday,00:00,Toronto Maple Leafs,Calgary Flames,Toronto Maple Leafs,Calgary Flames,TOR,CGY,5,4,9,1,Toronto Maple Leafs,Calgary Flames,Home Win (5-4 OT),5-4,Overtime,Yes,No,Scotiabank Arena,Toronto,OFF,M. Murray (Winning Goalie); M. Marner (GWG Scorer),Toronto Maple Leafs defeated Calgary Flames 5-4 in overtime at Scotiabank Arena (Toronto).,NHL Official Stats REST API (api-web.nhle.com/v1)
545,2022020439,2022-2023,2022,Regular Season,Regular Season,2022-12-10,Saturday,00:00,Montréal Canadiens,Los Angeles Kings,Montréal Canadiens,Los Angeles Kings,MTL,LAK,2,4,6,2,Los Angeles Kings,Montréal Canadiens,Away Win (4-2),2-4,Regulation,No,No,Centre Bell,Montréal,OFF,P. Copley (Winning Goalie); A. Edler (GWG Scorer),Los Angeles Kings defeated Montréal Canadiens 4-2 in regulation at Centre Bell (Montréal).,NHL Official Stats REST API (api-web.nhle.com/v1)
546,2022020440,2022-2023,2022,Regular Season,Regular Season,2022-12-10,Saturday,00:30,New York Islanders,Carolina Hurricanes,New York Islanders,Carolina Hurricanes,NYI,CAR,0,3,3,3,Carolina Hurricanes,New York Islanders,Away Win (3-0),0-3,Regulation,No,No,UBS Arena,New York,OFF,P. Kochetkov (Winning Goalie); P. Stastny (GWG Scorer),Carolina Hurricanes defeated New York Islanders 3-0 in regulation at UBS Arena (New York).,NHL Official Stats REST API (api-web.nhle.com/v1)
547,2022020441,2022-2023,2022,Regular Season,Regular Season,2022-12-10,Saturday,03:00,Vancouver Canucks,Minnesota Wild,Vancouver Canucks,Minnesota Wild,VAN,MIN,0,3,3,3,Minnesota Wild,Vancouver Canucks,Away Win (3-0),0-3,Regulation,No,No,Rogers Arena,Vancouver,OFF,F. Gustavsson (Winning Goalie); M. Boldy (GWG Scorer),Minnesota Wild defeated Vancouver Canucks 3-0 in regulation at Rogers Arena (Vancouver).,NHL Official Stats REST API (api-web.nhle.com/v1)
548,2022020442,2022-2023,2022,Regular Season,Regular Season,2022-12-11,Sunday,20:00,St. Louis Blues,Colorado Avalanche,St. Louis Blues,Colorado Avalanche,STL,COL,2,3,5,1,Colorado Avalanche,St. Louis Blues,Away Win (3-2 OT),2-3,Overtime,Yes,No,Enterprise Center,St. Louis,OFF,P. Francouz (Winning Goalie); M. Rantanen (GWG Scorer),Colorado Avalanche defeated St. Louis Blues 3-2 in overtime at Enterprise Center (St. Louis).,NHL Official Stats REST API (api-web.nhle.com/v1)
549,2022020443,2022-2023,2022,Regular Season,Regular Season,2022-12-11,Sunday,23:00,Columbus Blue Jackets,Los Angeles Kings,Columbus Blue Jackets,Los Angeles Kings,CBJ,LAK,6,5,11,1,Columbus Blue Jackets,Los Angeles Kings,Home Win (6-5 OT),6-5,Overtime,Yes,No,Nationwide Arena,Columbus,OFF,E. Merzlikins (Winning Goalie); J. Gaudreau (GWG Scorer),Columbus Blue Jackets defeated Los Angeles Kings 6-5 in overtime at Nationwide Arena (Columbus).,NHL Official Stats REST API (api-web.nhle.com/v1)
550,2022020444,2022-2023,2022,Regular Season,Regular Season,2022-12-11,Sunday,23:00,Florida Panthers,Seattle Kraken,Florida Panthers,Seattle Kraken,FLA,SEA,2,5,7,3,Seattle Kraken,Florida Panthers,Away Win (5-2),2-5,Regulation,No,No,FLA Live Arena,Florida,OFF,M. Jones (Winning Goalie); J. Eberle (GWG Scorer),Seattle Kraken defeated Florida Panthers 5-2 in regulation at FLA Live Arena (Florida).,NHL Official Stats REST API (api-web.nhle.com/v1)
551,2022020445,2022-2023,2022,Regular Season,Regular Season,2022-12-11,Sunday,00:00,Arizona Coyotes,Philadelphia Flyers,Arizona Coyotes,Philadelphia Flyers,ARI,PHI,5,4,9,1,Arizona Coyotes,Philadelphia Flyers,Home Win (5-4 OT),5-4,Overtime,Yes,No,Mullett Arena,Arizona,OFF,K. Vejmelka (Winning Goalie); C. Keller (GWG Scorer),Arizona Coyotes defeated Philadelphia Flyers 5-4 in overtime at Mullett Arena (Arizona).,NHL Official Stats REST API (api-web.nhle.com/v1)
552,2022020446,2022-2023,2022,Regular Season,Regular Season,2022-12-11,Sunday,00:00,Winnipeg Jets,Washington Capitals,Winnipeg Jets,Washington Capitals,WPG,WSH,2,5,7,3,Washington Capitals,Winnipeg Jets,Away Win (5-2),2-5,Regulation,No,No,Canada Life Centre,Winnipeg,OFF,C. Lindgren (Winning Goalie); M. Johansson (GWG Scorer),Washington Capitals defeated Winnipeg Jets 5-2 in regulation at Canada Life Centre (Winnipeg).,NHL Official Stats REST API (api-web.nhle.com/v1)
553,2022020447,2022-2023,2022,Regular Season,Regular Season,2022-12-11,Sunday,01:00,Vegas Golden Knights,Boston Bruins,Vegas Golden Knights,Boston Bruins,VGK,BOS,1,3,4,2,Boston Bruins,Vegas Golden Knights,Away Win (3-1),1-3,Regulation,No,No,T-Mobile Arena,Vegas,OFF,L. Ullmark (Winning Goalie); J. DeBrusk (GWG Scorer),Boston Bruins defeated Vegas Golden Knights 3-1 in regulation at T-Mobile Arena (Vegas).,NHL Official Stats REST API (api-web.nhle.com/v1)
554,2022020448,2022-2023,2022,Regular Season,Regular Season,2022-12-12,Monday,00:00,Montréal Canadiens,Calgary Flames,Montréal Canadiens,Calgary Flames,MTL,CGY,2,1,3,1,Montréal Canadiens,Calgary Flames,Home Win (2-1 SO),2-1,Shootout,Yes,Yes,Centre Bell,Montréal,OFF,J. Allen (Winning Goalie),Montréal Canadiens defeated Calgary Flames 2-1 in a shootout at Centre Bell (Montréal).,NHL Official Stats REST API (api-web.nhle.com/v1)
555,2022020449,2022-2023,2022,Regular Season,Regular Season,2022-12-12,Monday,00:00,Pittsburgh Penguins,Dallas Stars,Pittsburgh Penguins,Dallas Stars,PIT,DAL,2,1,3,1,Pittsburgh Penguins,Dallas Stars,Home Win (2-1),2-1,Regulation,No,No,PPG Paints Arena,Pittsburgh,OFF,T. Jarry (Winning Goalie); E. Malkin (GWG Scorer),Pittsburgh Penguins defeated Dallas Stars 2-1 in regulation at PPG Paints Arena (Pittsburgh).,NHL Official Stats REST API (api-web.nhle.com/v1)
556,2022020450,2022-2023,2022,Regular Season,Regular Season,2022-12-12,Monday,00:00,New York Rangers,New Jersey Devils,New York Rangers,New Jersey Devils,NYR,NJD,4,3,7,1,New York Rangers,New Jersey Devils,Home Win (4-3 OT),4-3,Overtime,Yes,No,Madison Square Garden,New York,OFF,I. Shesterkin (Winning Goalie); F. Chytil (GWG Scorer),New York Rangers defeated New Jersey Devils 4-3 in overtime at Madison Square Garden (New York).,NHL Official Stats REST API (api-web.nhle.com/v1)
557,2022020451,2022-2023,2022,Regular Season,Regular Season,2022-12-12,Monday,00:30,Ottawa Senators,Anaheim Ducks,Ottawa Senators,Anaheim Ducks,OTT,ANA,3,0,3,3,Ottawa Senators,Anaheim Ducks,Home Win (3-0),3-0,Regulation,No,No,Canadian Tire Centre,Ottawa,OFF,C. Talbot (Winning Goalie); P. Kelly (GWG Scorer),Ottawa Senators defeated Anaheim Ducks 3-0 in regulation at Canadian Tire Centre (Ottawa).,NHL Official Stats REST API (api-web.nhle.com/v1)
558,2022020452,2022-2023,2022,Regular Season,Regular Season,2022-12-12,Monday,01:00,Minnesota Wild,Edmonton Oilers,Minnesota Wild,Edmonton Oilers,MIN,EDM,2,1,3,1,Minnesota Wild,Edmonton Oilers,Home Win (2-1),2-1,Regulation,No,No,Xcel Energy Center,Minnesota,OFF,M. Fleury (Winning Goalie); F. Gaudreau (GWG Scorer),Minnesota Wild defeated Edmonton Oilers 2-1 in regulation at Xcel Energy Center (Minnesota).,NHL Official Stats REST API (api-web.nhle.com/v1)
559,2022020453,2022-2023,2022,Regular Season,Regular Season,2022-12-12,Monday,01:00,St. Louis Blues,Nashville Predators,St. Louis Blues,Nashville Predators,STL,NSH,1,0,1,1,St. Louis Blues,Nashville Predators,Home Win (1-0 OT),1-0,Overtime,Yes,No,Enterprise Center,St. Louis,OFF,J. Binnington (Winning Goalie); B. Schenn (GWG Scorer),St. Louis Blues defeated Nashville Predators 1-0 in overtime at Enterprise Center (St. Louis).,NHL Official Stats REST API (api-web.nhle.com/v1)
560,2022020454,2022-2023,2022,Regular Season,Regular Season,2022-12-13,Tuesday,00:00,Toronto Maple Leafs,Anaheim Ducks,Toronto Maple Leafs,Anaheim Ducks,TOR,ANA,7,0,7,7,Toronto Maple Leafs,Anaheim Ducks,Home Win (7-0),7-0,Regulation,No,No,Scotiabank Arena,Toronto,OFF,I. Samsonov (Winning Goalie); A. Kerfoot (GWG Scorer),Toronto Maple Leafs defeated Anaheim Ducks 7-0 in regulation at Scotiabank Arena (Toronto).,NHL Official Stats REST API (api-web.nhle.com/v1)
561,2022020455,2022-2023,2022,Regular Season,Regular Season,2022-12-13,Tuesday,00:00,Florida Panthers,Columbus Blue Jackets,Florida Panthers,Columbus Blue Jackets,FLA,CBJ,4,0,4,4,Florida Panthers,Columbus Blue Jackets,Home Win (4-0),4-0,Regulation,No,No,FLA Live Arena,Florida,OFF,S. Bobrovsky (Winning Goalie); B. Montour (GWG Scorer),Florida Panthers defeated Columbus Blue Jackets 4-0 in regulation at FLA Live Arena (Florida).,NHL Official Stats REST API (api-web.nhle.com/v1)
562,2022020456,2022-2023,2022,Regular Season,Regular Season,2022-12-13,Tuesday,00:00,New Jersey Devils,Dallas Stars,New Jersey Devils,Dallas Stars,NJD,DAL,1,4,5,3,Dallas Stars,New Jersey Devils,Away Win (4-1),1-4,Regulation,No,No,Prudential Center,New Jersey,OFF,S. Wedgewood (Winning Goalie); R. Hintz (GWG Scorer),Dallas Stars defeated New Jersey Devils 4-1 in regulation at Prudential Center (New Jersey).,NHL Official Stats REST API (api-web.nhle.com/v1)
563,2022020457,2022-2023,2022,Regular Season,Regular Season,2022-12-13,Tuesday,00:00,Buffalo Sabres,Los Angeles Kings,Buffalo Sabres,Los Angeles Kings,BUF,LAK,6,0,6,6,Buffalo Sabres,Los Angeles Kings,Home Win (6-0),6-0,Regulation,No,No,KeyBank Center,Buffalo,OFF,C. Anderson (Winning Goalie); T. Thompson (GWG Scorer),Buffalo Sabres defeated Los Angeles Kings 6-0 in regulation at KeyBank Center (Buffalo).,NHL Official Stats REST API (api-web.nhle.com/v1)
564,2022020458,2022-2023,2022,Regular Season,Regular Season,2022-12-13,Tuesday,00:00,Boston Bruins,New York Islanders,Boston Bruins,New York Islanders,BOS,NYI,4,3,7,1,Boston Bruins,New York Islanders,Home Win (4-3 SO),4-3,Shootout,Yes,Yes,TD Garden,Boston,OFF,L. Ullmark (Winning Goalie),Boston Bruins defeated New York Islanders 4-3 in a shootout at TD Garden (Boston).,NHL Official Stats REST API (api-web.nhle.com/v1)
565,2022020459,2022-2023,2022,Regular Season,Regular Season,2022-12-13,Tuesday,00:00,Tampa Bay Lightning,Seattle Kraken,Tampa Bay Lightning,Seattle Kraken,TBL,SEA,6,2,8,4,Tampa Bay Lightning,Seattle Kraken,Home Win (6-2),6-2,Regulation,No,No,Amalie Arena,Tampa Bay,OFF,A. Vasilevskiy (Winning Goalie); C. Perry (GWG Scorer),Tampa Bay Lightning defeated Seattle Kraken 6-2 in regulation at Amalie Arena (Tampa Bay).,NHL Official Stats REST API (api-web.nhle.com/v1)
566,2022020460,2022-2023,2022,Regular Season,Regular Season,2022-12-13,Tuesday,00:00,Detroit Red Wings,Carolina Hurricanes,Detroit Red Wings,Carolina Hurricanes,DET,CAR,0,1,1,1,Carolina Hurricanes,Detroit Red Wings,Away Win (1-0),0-1,Regulation,No,No,Little Caesars Arena,Detroit,OFF,P. Kochetkov (Winning Goalie); B. Skjei (GWG Scorer),Carolina Hurricanes defeated Detroit Red Wings 1-0 in regulation at Little Caesars Arena (Detroit).,NHL Official Stats REST API (api-web.nhle.com/v1)
567,2022020461,2022-2023,2022,Regular Season,Regular Season,2022-12-13,Tuesday,01:00,Nashville Predators,Edmonton Oilers,Nashville Predators,Edmonton Oilers,NSH,EDM,3,6,9,3,Edmonton Oilers,Nashville Predators,Away Win (6-3),3-6,Regulation,No,No,Bridgestone Arena,Nashville,OFF,J. Campbell (Winning Goalie); L. Draisaitl (GWG Scorer),Edmonton Oilers defeated Nashville Predators 6-3 in regulation at Bridgestone Arena (Nashville).,NHL Official Stats REST API (api-web.nhle.com/v1)
568,2022020462,2022-2023,2022,Regular Season,Regular Season,2022-12-13,Tuesday,01:00,Winnipeg Jets,Vegas Golden Knights,Winnipeg Jets,Vegas Golden Knights,WPG,VGK,5,6,11,1,Vegas Golden Knights,Winnipeg Jets,Away Win (6-5),5-6,Regulation,No,No,Canada Life Centre,Winnipeg,OFF,A. Hill (Winning Goalie); W. Karlsson (GWG Scorer),Vegas Golden Knights defeated Winnipeg Jets 6-5 in regulation at Canada Life Centre (Winnipeg).,NHL Official Stats REST API (api-web.nhle.com/v1)
569,2022020463,2022-2023,2022,Regular Season,Regular Season,2022-12-13,Tuesday,02:00,Chicago Blackhawks,Washington Capitals,Chicago Blackhawks,Washington Capitals,CHI,WSH,3,7,10,4,Washington Capitals,Chicago Blackhawks,Away Win (7-3),3-7,Regulation,No,No,United Center,Chicago,OFF,C. Lindgren (Winning Goalie); N. Dowd (GWG Scorer),Washington Capitals defeated Chicago Blackhawks 7-3 in regulation at United Center (Chicago).,NHL Official Stats REST API (api-web.nhle.com/v1)
570,2022020464,2022-2023,2022,Regular Season,Regular Season,2022-12-13,Tuesday,02:00,Colorado Avalanche,Philadelphia Flyers,Colorado Avalanche,Philadelphia Flyers,COL,PHI,3,2,5,1,Colorado Avalanche,Philadelphia Flyers,Home Win (3-2),3-2,Regulation,No,No,Ball Arena,Colorado,OFF,P. Francouz (Winning Goalie); J. Compher (GWG Scorer),Colorado Avalanche defeated Philadelphia Flyers 3-2 in regulation at Ball Arena (Colorado).,NHL Official Stats REST API (api-web.nhle.com/v1)
571,2022020465,2022-2023,2022,Regular Season,Regular Season,2022-12-13,Tuesday,03:30,San Jose Sharks,Arizona Coyotes,San Jose Sharks,Arizona Coyotes,SJS,ARI,3,2,5,1,San Jose Sharks,Arizona Coyotes,Home Win (3-2),3-2,Regulation,No,No,SAP Center at San Jose,San Jose,OFF,J. Reimer (Winning Goalie); N. Sturm (GWG Scorer),San Jose Sharks defeated Arizona Coyotes 3-2 in regulation at SAP Center at San Jose (San Jose).,NHL Official Stats REST API (api-web.nhle.com/v1)
572,2022020466,2022-2023,2022,Regular Season,Regular Season,2022-12-14,Wednesday,00:00,Ottawa Senators,Montréal Canadiens,Ottawa Senators,Montréal Canadiens,OTT,MTL,3,2,5,1,Ottawa Senators,Montréal Canadiens,Home Win (3-2),3-2,Regulation,No,No,Canadian Tire Centre,Ottawa,OFF,C. Talbot (Winning Goalie); B. Tkachuk (GWG Scorer),Ottawa Senators defeated Montréal Canadiens 3-2 in regulation at Canadian Tire Centre (Ottawa).,NHL Official Stats REST API (api-web.nhle.com/v1)
573,2022020467,2022-2023,2022,Regular Season,Regular Season,2022-12-14,Wednesday,00:30,Minnesota Wild,Detroit Red Wings,Minnesota Wild,Detroit Red Wings,MIN,DET,4,1,5,3,Minnesota Wild,Detroit Red Wings,Home Win (4-1),4-1,Regulation,No,No,Xcel Energy Center,Minnesota,OFF,F. Gustavsson (Winning Goalie); M. Dumba (GWG Scorer),Minnesota Wild defeated Detroit Red Wings 4-1 in regulation at Xcel Energy Center (Minnesota).,NHL Official Stats REST API (api-web.nhle.com/v1)
574,2022020468,2022-2023,2022,Regular Season,Regular Season,2022-12-14,Wednesday,03:00,Calgary Flames,Vancouver Canucks,Calgary Flames,Vancouver Canucks,CGY,VAN,3,4,7,1,Vancouver Canucks,Calgary Flames,Away Win (4-3 SO),3-4,Shootout,Yes,Yes,Scotiabank Saddledome,Calgary,OFF,S. Martin (Winning Goalie),Vancouver Canucks defeated Calgary Flames 4-3 in a shootout at Scotiabank Saddledome (Calgary).,NHL Official Stats REST API (api-web.nhle.com/v1)
575,2022020469,2022-2023,2022,Regular Season,Regular Season,2022-12-15,Thursday,00:00,Montréal Canadiens,Anaheim Ducks,Montréal Canadiens,Anaheim Ducks,MTL,ANA,2,5,7,3,Anaheim Ducks,Montréal Canadiens,Away Win (5-2),2-5,Regulation,No,No,Centre Bell,Montréal,OFF,L. Dostal (Winning Goalie); J. Klingberg (GWG Scorer),Anaheim Ducks defeated Montréal Canadiens 5-2 in regulation at Centre Bell (Montréal).,NHL Official Stats REST API (api-web.nhle.com/v1)
576,2022020470,2022-2023,2022,Regular Season,Regular Season,2022-12-15,Thursday,00:00,Tampa Bay Lightning,Columbus Blue Jackets,Tampa Bay Lightning,Columbus Blue Jackets,TBL,CBJ,4,1,5,3,Tampa Bay Lightning,Columbus Blue Jackets,Home Win (4-1),4-1,Regulation,No,No,Amalie Arena,Tampa Bay,OFF,B. Elliott (Winning Goalie); B. Point (GWG Scorer),Tampa Bay Lightning defeated Columbus Blue Jackets 4-1 in regulation at Amalie Arena (Tampa Bay).,NHL Official Stats REST API (api-web.nhle.com/v1)
577,2022020471,2022-2023,2022,Regular Season,Regular Season,2022-12-15,Thursday,00:00,Washington Capitals,Dallas Stars,Washington Capitals,Dallas Stars,WSH,DAL,1,2,3,1,Dallas Stars,Washington Capitals,Away Win (2-1),1-2,Regulation,No,No,Capital One Arena,Washington,OFF,J. Oettinger (Winning Goalie); C. Miller (GWG Scorer),Dallas Stars defeated Washington Capitals 2-1 in regulation at Capital One Arena (Washington).,NHL Official Stats REST API (api-web.nhle.com/v1)
578,2022020472,2022-2023,2022,Regular Season,Regular Season,2022-12-15,Thursday,00:00,Boston Bruins,Los Angeles Kings,Boston Bruins,Los Angeles Kings,BOS,LAK,2,3,5,1,Los Angeles Kings,Boston Bruins,Away Win (3-2 SO),2-3,Shootout,Yes,Yes,TD Garden,Boston,OFF,P. Copley (Winning Goalie),Los Angeles Kings defeated Boston Bruins 3-2 in a shootout at TD Garden (Boston).,NHL Official Stats REST API (api-web.nhle.com/v1)
579,2022020473,2022-2023,2022,Regular Season,Regular Season,2022-12-15,Thursday,00:00,New Jersey Devils,Philadelphia Flyers,New Jersey Devils,Philadelphia Flyers,NJD,PHI,1,2,3,1,Philadelphia Flyers,New Jersey Devils,Away Win (2-1),1-2,Regulation,No,No,Prudential Center,New Jersey,OFF,C. Hart (Winning Goalie); T. Konecny (GWG Scorer),Philadelphia Flyers defeated New Jersey Devils 2-1 in regulation at Prudential Center (New Jersey).,NHL Official Stats REST API (api-web.nhle.com/v1)
580,2022020474,2022-2023,2022,Regular Season,Regular Season,2022-12-15,Thursday,00:00,Florida Panthers,Pittsburgh Penguins,Florida Panthers,Pittsburgh Penguins,FLA,PIT,2,4,6,2,Pittsburgh Penguins,Florida Panthers,Away Win (4-2),2-4,Regulation,No,No,FLA Live Arena,Florida,OFF,T. Jarry (Winning Goalie); E. Malkin (GWG Scorer),Pittsburgh Penguins defeated Florida Panthers 4-2 in regulation at FLA Live Arena (Florida).,NHL Official Stats REST API (api-web.nhle.com/v1)
581,2022020475,2022-2023,2022,Regular Season,Regular Season,2022-12-15,Thursday,00:00,Carolina Hurricanes,Seattle Kraken,Carolina Hurricanes,Seattle Kraken,CAR,SEA,3,2,5,1,Carolina Hurricanes,Seattle Kraken,Home Win (3-2),3-2,Regulation,No,No,PNC Arena,Carolina,OFF,P. Kochetkov (Winning Goalie); S. Noesen (GWG Scorer),Carolina Hurricanes defeated Seattle Kraken 3-2 in regulation at PNC Arena (Carolina).,NHL Official Stats REST API (api-web.nhle.com/v1)
582,2022020476,2022-2023,2022,Regular Season,Regular Season,2022-12-15,Thursday,00:00,New York Rangers,Toronto Maple Leafs,New York Rangers,Toronto Maple Leafs,NYR,TOR,3,1,4,2,New York Rangers,Toronto Maple Leafs,Home Win (3-1),3-1,Regulation,No,No,Madison Square Garden,New York,OFF,I. Shesterkin (Winning Goalie); J. Vesey (GWG Scorer),New York Rangers defeated Toronto Maple Leafs 3-1 in regulation at Madison Square Garden (New York).,NHL Official Stats REST API (api-web.nhle.com/v1)
583,2022020477,2022-2023,2022,Regular Season,Regular Season,2022-12-15,Thursday,01:00,Winnipeg Jets,Nashville Predators,Winnipeg Jets,Nashville Predators,WPG,NSH,2,1,3,1,Winnipeg Jets,Nashville Predators,Home Win (2-1 OT),2-1,Overtime,Yes,No,Canada Life Centre,Winnipeg,OFF,C. Hellebuyck (Winning Goalie); K. Connor (GWG Scorer),Winnipeg Jets defeated Nashville Predators 2-1 in overtime at Canada Life Centre (Winnipeg).,NHL Official Stats REST API (api-web.nhle.com/v1)
584,2022020478,2022-2023,2022,Regular Season,Regular Season,2022-12-15,Thursday,01:30,Chicago Blackhawks,Vegas Golden Knights,Chicago Blackhawks,Vegas Golden Knights,CHI,VGK,1,4,5,3,Vegas Golden Knights,Chicago Blackhawks,Away Win (4-1),1-4,Regulation,No,No,United Center,Chicago,OFF,L. Thompson (Winning Goalie); R. Smith (GWG Scorer),Vegas Golden Knights defeated Chicago Blackhawks 4-1 in regulation at United Center (Chicago).,NHL Official Stats REST API (api-web.nhle.com/v1)
585,2022020479,2022-2023,2022,Regular Season,Regular Season,2022-12-15,Thursday,02:00,Colorado Avalanche,Buffalo Sabres,Colorado Avalanche,Buffalo Sabres,COL,BUF,2,4,6,2,Buffalo Sabres,Colorado Avalanche,Away Win (4-2),2-4,Regulation,No,No,Ball Arena,Colorado,OFF,U. Luukkonen (Winning Goalie); R. Dahlin (GWG Scorer),Buffalo Sabres defeated Colorado Avalanche 4-2 in regulation at Ball Arena (Colorado).,NHL Official Stats REST API (api-web.nhle.com/v1)
586,2022020480,2022-2023,2022,Regular Season,Regular Season,2022-12-15,Thursday,02:00,Edmonton Oilers,St. Louis Blues,Edmonton Oilers,St. Louis Blues,EDM,STL,3,4,7,1,St. Louis Blues,Edmonton Oilers,Away Win (4-3 SO),3-4,Shootout,Yes,Yes,Rogers Place,Edmonton,OFF,J. Binnington (Winning Goalie),St. Louis Blues defeated Edmonton Oilers 4-3 in a shootout at Rogers Place (Edmonton).,NHL Official Stats REST API (api-web.nhle.com/v1)
587,2022020481,2022-2023,2022,Regular Season,Regular Season,2022-12-16,Friday,01:00,Minnesota Wild,Chicago Blackhawks,Minnesota Wild,Chicago Blackhawks,MIN,CHI,4,1,5,3,Minnesota Wild,Chicago Blackhawks,Home Win (4-1),4-1,Regulation,No,No,Xcel Energy Center,Minnesota,OFF,M. Fleury (Winning Goalie); K. Kaprizov (GWG Scorer),Minnesota Wild defeated Chicago Blackhawks 4-1 in regulation at Xcel Energy Center (Minnesota).,NHL Official Stats REST API (api-web.nhle.com/v1)
588,2022020482,2022-2023,2022,Regular Season,Regular Season,2022-12-16,Friday,02:00,Calgary Flames,St. Louis Blues,Calgary Flames,St. Louis Blues,CGY,STL,2,5,7,3,St. Louis Blues,Calgary Flames,Away Win (5-2),2-5,Regulation,No,No,Scotiabank Saddledome,Calgary,OFF,T. Greiss (Winning Goalie); P. Buchnevich (GWG Scorer),St. Louis Blues defeated Calgary Flames 5-2 in regulation at Scotiabank Saddledome (Calgary).,NHL Official Stats REST API (api-web.nhle.com/v1)
589,2022020483,2022-2023,2022,Regular Season,Regular Season,2022-12-16,Friday,02:30,Arizona Coyotes,New York Islanders,Arizona Coyotes,New York Islanders,ARI,NYI,5,4,9,1,Arizona Coyotes,New York Islanders,Home Win (5-4),5-4,Regulation,No,No,Mullett Arena,Arizona,OFF,K. Vejmelka (Winning Goalie); C. Keller (GWG Scorer),Arizona Coyotes defeated New York Islanders 5-4 in regulation at Mullett Arena (Arizona).,NHL Official Stats REST API (api-web.nhle.com/v1)
590,2022020484,2022-2023,2022,Regular Season,Regular Season,2022-12-17,Saturday,18:00,Boston Bruins,Columbus Blue Jackets,Boston Bruins,Columbus Blue Jackets,BOS,CBJ,4,2,6,2,Boston Bruins,Columbus Blue Jackets,Home Win (4-2),4-2,Regulation,No,No,TD Garden,Boston,OFF,J. Swayman (Winning Goalie); T. Hall (GWG Scorer),Boston Bruins defeated Columbus Blue Jackets 4-2 in regulation at TD Garden (Boston).,NHL Official Stats REST API (api-web.nhle.com/v1)
591,2022020485,2022-2023,2022,Regular Season,Regular Season,2022-12-17,Saturday,18:00,Detroit Red Wings,Ottawa Senators,Detroit Red Wings,Ottawa Senators,DET,OTT,3,6,9,3,Ottawa Senators,Detroit Red Wings,Away Win (6-3),3-6,Regulation,No,No,Little Caesars Arena,Detroit,OFF,C. Talbot (Winning Goalie); C. Giroux (GWG Scorer),Ottawa Senators defeated Detroit Red Wings 6-3 in regulation at Little Caesars Arena (Detroit).,NHL Official Stats REST API (api-web.nhle.com/v1)
592,2022020486,2022-2023,2022,Regular Season,Regular Season,2022-12-17,Saturday,21:00,Edmonton Oilers,Anaheim Ducks,Edmonton Oilers,Anaheim Ducks,EDM,ANA,3,4,7,1,Anaheim Ducks,Edmonton Oilers,Away Win (4-3),3-4,Regulation,No,No,Rogers Place,Edmonton,OFF,L. Dostal (Winning Goalie); J. Klingberg (GWG Scorer),Anaheim Ducks defeated Edmonton Oilers 4-3 in regulation at Rogers Place (Edmonton).,NHL Official Stats REST API (api-web.nhle.com/v1)
593,2022020487,2022-2023,2022,Regular Season,Regular Season,2022-12-17,Saturday,00:00,Carolina Hurricanes,Dallas Stars,Carolina Hurricanes,Dallas Stars,CAR,DAL,5,4,9,1,Carolina Hurricanes,Dallas Stars,Home Win (5-4 OT),5-4,Overtime,Yes,No,PNC Arena,Carolina,OFF,A. Raanta (Winning Goalie); M. Necas (GWG Scorer),Carolina Hurricanes defeated Dallas Stars 5-4 in overtime at PNC Arena (Carolina).,NHL Official Stats REST API (api-web.nhle.com/v1)
594,2022020489,2022-2023,2022,Regular Season,Regular Season,2022-12-17,Saturday,00:00,Philadelphia Flyers,New York Rangers,Philadelphia Flyers,New York Rangers,PHI,NYR,3,6,9,3,New York Rangers,Philadelphia Flyers,Away Win (6-3),3-6,Regulation,No,No,Wells Fargo Center,Philadelphia,OFF,J. Halak (Winning Goalie); J. Vesey (GWG Scorer),New York Rangers defeated Philadelphia Flyers 6-3 in regulation at Wells Fargo Center (Philadelphia).,NHL Official Stats REST API (api-web.nhle.com/v1)
595,2022020490,2022-2023,2022,Regular Season,Regular Season,2022-12-17,Saturday,00:00,Montréal Canadiens,Tampa Bay Lightning,Montréal Canadiens,Tampa Bay Lightning,MTL,TBL,1,5,6,4,Tampa Bay Lightning,Montréal Canadiens,Away Win (5-1),1-5,Regulation,No,No,Centre Bell,Montréal,OFF,A. Vasilevskiy (Winning Goalie); N. Paul (GWG Scorer),Tampa Bay Lightning defeated Montréal Canadiens 5-1 in regulation at Centre Bell (Montréal).,NHL Official Stats REST API (api-web.nhle.com/v1)
596,2022020491,2022-2023,2022,Regular Season,Regular Season,2022-12-17,Saturday,00:00,Washington Capitals,Toronto Maple Leafs,Washington Capitals,Toronto Maple Leafs,WSH,TOR,5,2,7,3,Washington Capitals,Toronto Maple Leafs,Home Win (5-2),5-2,Regulation,No,No,Capital One Arena,Washington,OFF,C. Lindgren (Winning Goalie); E. Gustafsson (GWG Scorer),Washington Capitals defeated Toronto Maple Leafs 5-2 in regulation at Capital One Arena (Washington).,NHL Official Stats REST API (api-web.nhle.com/v1)
597,2022020488,2022-2023,2022,Regular Season,Regular Season,2022-12-17,Saturday,00:30,New Jersey Devils,Florida Panthers,New Jersey Devils,Florida Panthers,NJD,FLA,2,4,6,2,Florida Panthers,New Jersey Devils,Away Win (4-2),2-4,Regulation,No,No,Prudential Center,New Jersey,OFF,S. Bobrovsky (Winning Goalie); S. Reinhart (GWG Scorer),Florida Panthers defeated New Jersey Devils 4-2 in regulation at Prudential Center (New Jersey).,NHL Official Stats REST API (api-web.nhle.com/v1)
598,2022020492,2022-2023,2022,Regular Season,Regular Season,2022-12-17,Saturday,02:00,Arizona Coyotes,Buffalo Sabres,Arizona Coyotes,Buffalo Sabres,ARI,BUF,2,5,7,3,Buffalo Sabres,Arizona Coyotes,Away Win (5-2),2-5,Regulation,No,No,Mullett Arena,Arizona,OFF,C. Anderson (Winning Goalie); T. Thompson (GWG Scorer),Buffalo Sabres defeated Arizona Coyotes 5-2 in regulation at Mullett Arena (Arizona).,NHL Official Stats REST API (api-web.nhle.com/v1)
599,2022020493,2022-2023,2022,Regular Season,Regular Season,2022-12-17,Saturday,02:00,Colorado Avalanche,Nashville Predators,Colorado Avalanche,Nashville Predators,COL,NSH,3,1,4,2,Colorado Avalanche,Nashville Predators,Home Win (3-1),3-1,Regulation,No,No,Ball Arena,Colorado,OFF,A. Georgiev (Winning Goalie); A. Newhook (GWG Scorer),Colorado Avalanche defeated Nashville Predators 3-1 in regulation at Ball Arena (Colorado).,NHL Official Stats REST API (api-web.nhle.com/v1)
600,2022020494,2022-2023,2022,Regular Season,Regular Season,2022-12-17,Saturday,03:00,Vegas Golden Knights,New York Islanders,Vegas Golden Knights,New York Islanders,VGK,NYI,2,5,7,3,New York Islanders,Vegas Golden Knights,Away Win (5-2),2-5,Regulation,No,No,T-Mobile Arena,Vegas,OFF,S. Varlamov (Winning Goalie); S. Holmstrom (GWG Scorer),New York Islanders defeated Vegas Golden Knights 5-2 in regulation at T-Mobile Arena (Vegas).,NHL Official Stats REST API (api-web.nhle.com/v1)
601,2022020495,2022-2023,2022,Regular Season,Regular Season,2022-12-17,Saturday,03:00,Vancouver Canucks,Winnipeg Jets,Vancouver Canucks,Winnipeg Jets,VAN,WPG,1,5,6,4,Winnipeg Jets,Vancouver Canucks,Away Win (5-1),1-5,Regulation,No,No,Rogers Arena,Vancouver,OFF,C. Hellebuyck (Winning Goalie); K. Capobianco (GWG Scorer),Winnipeg Jets defeated Vancouver Canucks 5-1 in regulation at Rogers Arena (Vancouver).,NHL Official Stats REST API (api-web.nhle.com/v1)
602,2022020496,2022-2023,2022,Regular Season,Regular Season,2022-12-17,Saturday,03:30,Los Angeles Kings,San Jose Sharks,Los Angeles Kings,San Jose Sharks,LAK,SJS,3,2,5,1,Los Angeles Kings,San Jose Sharks,Home Win (3-2 SO),3-2,Shootout,Yes,Yes,Crypto.com Arena,Los Angeles,OFF,P. Copley (Winning Goalie),Los Angeles Kings defeated San Jose Sharks 3-2 in a shootout at Crypto.com Arena (Los Angeles).,NHL Official Stats REST API (api-web.nhle.com/v1)
603,2022020497,2022-2023,2022,Regular Season,Regular Season,2022-12-18,Sunday,19:00,Minnesota Wild,Ottawa Senators,Minnesota Wild,Ottawa Senators,MIN,OTT,4,2,6,2,Minnesota Wild,Ottawa Senators,Home Win (4-2),4-2,Regulation,No,No,Xcel Energy Center,Minnesota,OFF,F. Gustavsson (Winning Goalie); J. Spurgeon (GWG Scorer),Minnesota Wild defeated Ottawa Senators 4-2 in regulation at Xcel Energy Center (Minnesota).,NHL Official Stats REST API (api-web.nhle.com/v1)
604,2022020498,2022-2023,2022,Regular Season,Regular Season,2022-12-18,Sunday,22:00,Carolina Hurricanes,Pittsburgh Penguins,Carolina Hurricanes,Pittsburgh Penguins,CAR,PIT,3,2,5,1,Carolina Hurricanes,Pittsburgh Penguins,Home Win (3-2),3-2,Regulation,No,No,PNC Arena,Carolina,OFF,P. Kochetkov (Winning Goalie); J. Staal (GWG Scorer),Carolina Hurricanes defeated Pittsburgh Penguins 3-2 in regulation at PNC Arena (Carolina).,NHL Official Stats REST API (api-web.nhle.com/v1)
605,2022020499,2022-2023,2022,Regular Season,Regular Season,2022-12-18,Sunday,00:30,Chicago Blackhawks,New York Rangers,Chicago Blackhawks,New York Rangers,CHI,NYR,1,7,8,6,New York Rangers,Chicago Blackhawks,Away Win (7-1),1-7,Regulation,No,No,United Center,Chicago,OFF,I. Shesterkin (Winning Goalie); A. Panarin (GWG Scorer),New York Rangers defeated Chicago Blackhawks 7-1 in regulation at United Center (Chicago).,NHL Official Stats REST API (api-web.nhle.com/v1)
606,2022020500,2022-2023,2022,Regular Season,Regular Season,2022-12-18,Sunday,01:00,Seattle Kraken,Winnipeg Jets,Seattle Kraken,Winnipeg Jets,SEA,WPG,3,2,5,1,Seattle Kraken,Winnipeg Jets,Home Win (3-2),3-2,Regulation,No,No,Climate Pledge Arena,Seattle,OFF,P. Grubauer (Winning Goalie); J. McCann (GWG Scorer),Seattle Kraken defeated Winnipeg Jets 3-2 in regulation at Climate Pledge Arena (Seattle).,NHL Official Stats REST API (api-web.nhle.com/v1)
607,2022020501,2022-2023,2022,Regular Season,Regular Season,2022-12-18,Sunday,03:00,San Jose Sharks,Calgary Flames,San Jose Sharks,Calgary Flames,SJS,CGY,2,5,7,3,Calgary Flames,San Jose Sharks,Away Win (5-2),2-5,Regulation,No,No,SAP Center at San Jose,San Jose,OFF,J. Markstrom (Winning Goalie); E. Lindholm (GWG Scorer),Calgary Flames defeated San Jose Sharks 5-2 in regulation at SAP Center at San Jose (San Jose).,NHL Official Stats REST API (api-web.nhle.com/v1)
608,2022020502,2022-2023,2022,Regular Season,Regular Season,2022-12-19,Monday,00:00,Columbus Blue Jackets,Dallas Stars,Columbus Blue Jackets,Dallas Stars,CBJ,DAL,1,2,3,1,Dallas Stars,Columbus Blue Jackets,Away Win (2-1),1-2,Regulation,No,No,Nationwide Arena,Columbus,OFF,J. Oettinger (Winning Goalie); J. Robertson (GWG Scorer),Dallas Stars defeated Columbus Blue Jackets 2-1 in regulation at Nationwide Arena (Columbus).,NHL Official Stats REST API (api-web.nhle.com/v1)
609,2022020503,2022-2023,2022,Regular Season,Regular Season,2022-12-19,Monday,00:00,Washington Capitals,Detroit Red Wings,Washington Capitals,Detroit Red Wings,WSH,DET,4,3,7,1,Washington Capitals,Detroit Red Wings,Home Win (4-3 OT),4-3,Overtime,Yes,No,Capital One Arena,Washington,OFF,C. Lindgren (Winning Goalie); D. Orlov (GWG Scorer),Washington Capitals defeated Detroit Red Wings 4-3 in overtime at Capital One Arena (Washington).,NHL Official Stats REST API (api-web.nhle.com/v1)
610,2022020504,2022-2023,2022,Regular Season,Regular Season,2022-12-19,Monday,00:00,Boston Bruins,Florida Panthers,Boston Bruins,Florida Panthers,BOS,FLA,7,3,10,4,Boston Bruins,Florida Panthers,Home Win (7-3),7-3,Regulation,No,No,TD Garden,Boston,OFF,L. Ullmark (Winning Goalie); D. Pastrnak (GWG Scorer),Boston Bruins defeated Florida Panthers 7-3 in regulation at TD Garden (Boston).,NHL Official Stats REST API (api-web.nhle.com/v1)
611,2022020505,2022-2023,2022,Regular Season,Regular Season,2022-12-19,Monday,01:00,Nashville Predators,Edmonton Oilers,Nashville Predators,Edmonton Oilers,NSH,EDM,4,3,7,1,Nashville Predators,Edmonton Oilers,Home Win (4-3 OT),4-3,Overtime,Yes,No,Bridgestone Arena,Nashville,OFF,J. Saros (Winning Goalie); A. Carrier (GWG Scorer),Nashville Predators defeated Edmonton Oilers 4-3 in overtime at Bridgestone Arena (Nashville).,NHL Official Stats REST API (api-web.nhle.com/v1)
612,2022020506,2022-2023,2022,Regular Season,Regular Season,2022-12-19,Monday,02:00,Colorado Avalanche,New York Islanders,Colorado Avalanche,New York Islanders,COL,NYI,1,0,1,1,Colorado Avalanche,New York Islanders,Home Win (1-0 SO),1-0,Shootout,Yes,Yes,Ball Arena,Colorado,OFF,A. Georgiev (Winning Goalie),Colorado Avalanche defeated New York Islanders 1-0 in a shootout at Ball Arena (Colorado).,NHL Official Stats REST API (api-web.nhle.com/v1)
613,2022020507,2022-2023,2022,Regular Season,Regular Season,2022-12-19,Monday,03:00,Vegas Golden Knights,Buffalo Sabres,Vegas Golden Knights,Buffalo Sabres,VGK,BUF,2,3,5,1,Buffalo Sabres,Vegas Golden Knights,Away Win (3-2),2-3,Regulation,No,No,T-Mobile Arena,Vegas,OFF,U. Luukkonen (Winning Goalie); L. Pilut (GWG Scorer),Buffalo Sabres defeated Vegas Golden Knights 3-2 in regulation at T-Mobile Arena (Vegas).,NHL Official Stats REST API (api-web.nhle.com/v1)
614,2022020508,2022-2023,2022,Regular Season,Regular Season,2022-12-19,Monday,03:00,Arizona Coyotes,Montréal Canadiens,Arizona Coyotes,Montréal Canadiens,ARI,MTL,2,3,5,1,Montréal Canadiens,Arizona Coyotes,Away Win (3-2 OT),2-3,Overtime,Yes,No,Mullett Arena,Arizona,OFF,S. Montembeault (Winning Goalie); M. Hoffman (GWG Scorer),Montréal Canadiens defeated Arizona Coyotes 3-2 in overtime at Mullett Arena (Arizona).,NHL Official Stats REST API (api-web.nhle.com/v1)
615,2022020509,2022-2023,2022,Regular Season,Regular Season,2022-12-19,Monday,03:30,Vancouver Canucks,St. Louis Blues,Vancouver Canucks,St. Louis Blues,VAN,STL,1,5,6,4,St. Louis Blues,Vancouver Canucks,Away Win (5-1),1-5,Regulation,No,No,Rogers Arena,Vancouver,OFF,J. Binnington (Winning Goalie); N. Walker (GWG Scorer),St. Louis Blues defeated Vancouver Canucks 5-1 in regulation at Rogers Arena (Vancouver).,NHL Official Stats REST API (api-web.nhle.com/v1)
616,2022020510,2022-2023,2022,Regular Season,Regular Season,2022-12-20,Tuesday,00:00,Philadelphia Flyers,Columbus Blue Jackets,Philadelphia Flyers,Columbus Blue Jackets,PHI,CBJ,5,3,8,2,Philadelphia Flyers,Columbus Blue Jackets,Home Win (5-3),5-3,Regulation,No,No,Wells Fargo Center,Philadelphia,OFF,C. Hart (Winning Goalie); T. Konecny (GWG Scorer),Philadelphia Flyers defeated Columbus Blue Jackets 5-3 in regulation at Wells Fargo Center (Philadelphia).,NHL Official Stats REST API (api-web.nhle.com/v1)
617,2022020511,2022-2023,2022,Regular Season,Regular Season,2022-12-20,Tuesday,00:00,Pittsburgh Penguins,New York Rangers,Pittsburgh Penguins,New York Rangers,PIT,NYR,3,2,5,1,Pittsburgh Penguins,New York Rangers,Home Win (3-2),3-2,Regulation,No,No,PPG Paints Arena,Pittsburgh,OFF,T. Jarry (Winning Goalie); S. Crosby (GWG Scorer),Pittsburgh Penguins defeated New York Rangers 3-2 in regulation at PPG Paints Arena (Pittsburgh).,NHL Official Stats REST API (api-web.nhle.com/v1)
618,2022020512,2022-2023,2022,Regular Season,Regular Season,2022-12-20,Tuesday,00:00,Carolina Hurricanes,New Jersey Devils,Carolina Hurricanes,New Jersey Devils,CAR,NJD,4,1,5,3,Carolina Hurricanes,New Jersey Devils,Home Win (4-1),4-1,Regulation,No,No,PNC Arena,Carolina,OFF,P. Kochetkov (Winning Goalie); J. Staal (GWG Scorer),Carolina Hurricanes defeated New Jersey Devils 4-1 in regulation at PNC Arena (Carolina).,NHL Official Stats REST API (api-web.nhle.com/v1)
619,2022020513,2022-2023,2022,Regular Season,Regular Season,2022-12-20,Tuesday,00:00,Toronto Maple Leafs,Tampa Bay Lightning,Toronto Maple Leafs,Tampa Bay Lightning,TOR,TBL,4,1,5,3,Toronto Maple Leafs,Tampa Bay Lightning,Home Win (4-1),4-1,Regulation,No,No,Scotiabank Arena,Toronto,OFF,M. Murray (Winning Goalie); A. Matthews (GWG Scorer),Toronto Maple Leafs defeated Tampa Bay Lightning 4-1 in regulation at Scotiabank Arena (Toronto).,NHL Official Stats REST API (api-web.nhle.com/v1)
620,2022020514,2022-2023,2022,Regular Season,Regular Season,2022-12-20,Tuesday,01:00,Winnipeg Jets,Ottawa Senators,Winnipeg Jets,Ottawa Senators,WPG,OTT,5,1,6,4,Winnipeg Jets,Ottawa Senators,Home Win (5-1),5-1,Regulation,No,No,Canada Life Centre,Winnipeg,OFF,D. Rittich (Winning Goalie); J. Morrissey (GWG Scorer),Winnipeg Jets defeated Ottawa Senators 5-1 in regulation at Canada Life Centre (Winnipeg).,NHL Official Stats REST API (api-web.nhle.com/v1)
621,2022020515,2022-2023,2022,Regular Season,Regular Season,2022-12-20,Tuesday,03:00,Seattle Kraken,St. Louis Blues,Seattle Kraken,St. Louis Blues,SEA,STL,5,2,7,3,Seattle Kraken,St. Louis Blues,Home Win (5-2),5-2,Regulation,No,No,Climate Pledge Arena,Seattle,OFF,M. Jones (Winning Goalie); D. Sprong (GWG Scorer),Seattle Kraken defeated St. Louis Blues 5-2 in regulation at Climate Pledge Arena (Seattle).,NHL Official Stats REST API (api-web.nhle.com/v1)
622,2022020516,2022-2023,2022,Regular Season,Regular Season,2022-12-20,Tuesday,03:30,Los Angeles Kings,Anaheim Ducks,Los Angeles Kings,Anaheim Ducks,LAK,ANA,4,1,5,3,Los Angeles Kings,Anaheim Ducks,Home Win (4-1),4-1,Regulation,No,No,Crypto.com Arena,Los Angeles,OFF,P. Copley (Winning Goalie); A. Iafallo (GWG Scorer),Los Angeles Kings defeated Anaheim Ducks 4-1 in regulation at Crypto.com Arena (Los Angeles).,NHL Official Stats REST API (api-web.nhle.com/v1)
623,2022020517,2022-2023,2022,Regular Season,Regular Season,2022-12-20,Tuesday,03:30,San Jose Sharks,Calgary Flames,San Jose Sharks,Calgary Flames,SJS,CGY,3,7,10,4,Calgary Flames,San Jose Sharks,Away Win (7-3),3-7,Regulation,No,No,SAP Center at San Jose,San Jose,OFF,J. Markstrom (Winning Goalie); N. Kadri (GWG Scorer),Calgary Flames defeated San Jose Sharks 7-3 in regulation at SAP Center at San Jose (San Jose).,NHL Official Stats REST API (api-web.nhle.com/v1)
624,2022020518,2022-2023,2022,Regular Season,Regular Season,2022-12-21,Wednesday,00:00,Florida Panthers,New Jersey Devils,Florida Panthers,New Jersey Devils,FLA,NJD,2,4,6,2,New Jersey Devils,Florida Panthers,Away Win (4-2),2-4,Regulation,No,No,FLA Live Arena,Florida,OFF,M. Blackwood (Winning Goalie); Y. Sharangovich (GWG Scorer),New Jersey Devils defeated Florida Panthers 4-2 in regulation at FLA Live Arena (Florida).,NHL Official Stats REST API (api-web.nhle.com/v1)
625,2022020519,2022-2023,2022,Regular Season,Regular Season,2022-12-21,Wednesday,00:00,Detroit Red Wings,Tampa Bay Lightning,Detroit Red Wings,Tampa Bay Lightning,DET,TBL,7,4,11,3,Detroit Red Wings,Tampa Bay Lightning,Home Win (7-4),7-4,Regulation,No,No,Little Caesars Arena,Detroit,OFF,V. Husso (Winning Goalie); D. Larkin (GWG Scorer),Detroit Red Wings defeated Tampa Bay Lightning 7-4 in regulation at Little Caesars Arena (Detroit).,NHL Official Stats REST API (api-web.nhle.com/v1)
626,2022020520,2022-2023,2022,Regular Season,Regular Season,2022-12-21,Wednesday,01:00,Colorado Avalanche,Montréal Canadiens,Colorado Avalanche,Montréal Canadiens,COL,MTL,2,1,3,1,Colorado Avalanche,Montréal Canadiens,Home Win (2-1 OT),2-1,Overtime,Yes,No,Ball Arena,Colorado,OFF,A. Georgiev (Winning Goalie); M. Rantanen (GWG Scorer),Colorado Avalanche defeated Montréal Canadiens 2-1 in overtime at Ball Arena (Colorado).,NHL Official Stats REST API (api-web.nhle.com/v1)
627,2022020521,2022-2023,2022,Regular Season,Regular Season,2022-12-21,Wednesday,01:30,Chicago Blackhawks,Nashville Predators,Chicago Blackhawks,Nashville Predators,CHI,NSH,2,4,6,2,Nashville Predators,Chicago Blackhawks,Away Win (4-2),2-4,Regulation,No,No,United Center,Chicago,OFF,J. Saros (Winning Goalie); R. Josi (GWG Scorer),Nashville Predators defeated Chicago Blackhawks 4-2 in regulation at United Center (Chicago).,NHL Official Stats REST API (api-web.nhle.com/v1)
628,2022020522,2022-2023,2022,Regular Season,Regular Season,2022-12-21,Wednesday,02:30,Dallas Stars,Edmonton Oilers,Dallas Stars,Edmonton Oilers,DAL,EDM,3,6,9,3,Edmonton Oilers,Dallas Stars,Away Win (6-3),3-6,Regulation,No,No,American Airlines Center,Dallas,OFF,S. Skinner (Winning Goalie); W. Foegele (GWG Scorer),Edmonton Oilers defeated Dallas Stars 6-3 in regulation at American Airlines Center (Dallas).,NHL Official Stats REST API (api-web.nhle.com/v1)
629,2022020523,2022-2023,2022,Regular Season,Regular Season,2022-12-21,Wednesday,03:00,Vegas Golden Knights,Arizona Coyotes,Vegas Golden Knights,Arizona Coyotes,VGK,ARI,5,2,7,3,Vegas Golden Knights,Arizona Coyotes,Home Win (5-2),5-2,Regulation,No,No,T-Mobile Arena,Vegas,OFF,L. Thompson (Winning Goalie); W. Carrier (GWG Scorer),Vegas Golden Knights defeated Arizona Coyotes 5-2 in regulation at T-Mobile Arena (Vegas).,NHL Official Stats REST API (api-web.nhle.com/v1)
630,2022020524,2022-2023,2022,Regular Season,Regular Season,2022-12-21,Wednesday,03:00,Anaheim Ducks,Minnesota Wild,Anaheim Ducks,Minnesota Wild,ANA,MIN,1,4,5,3,Minnesota Wild,Anaheim Ducks,Away Win (4-1),1-4,Regulation,No,No,Honda Center,Anaheim,OFF,M. Fleury (Winning Goalie); M. Boldy (GWG Scorer),Minnesota Wild defeated Anaheim Ducks 4-1 in regulation at Honda Center (Anaheim).,NHL Official Stats REST API (api-web.nhle.com/v1)
631,2022020525,2022-2023,2022,Regular Season,Regular Season,2022-12-22,Thursday,19:00,Toronto Maple Leafs,Philadelphia Flyers,Toronto Maple Leafs,Philadelphia Flyers,TOR,PHI,4,3,7,1,Toronto Maple Leafs,Philadelphia Flyers,Home Win (4-3),4-3,Regulation,No,No,Scotiabank Arena,Toronto,OFF,I. Samsonov (Winning Goalie); W. Nylander (GWG Scorer),Toronto Maple Leafs defeated Philadelphia Flyers 4-3 in regulation at Scotiabank Arena (Toronto).,NHL Official Stats REST API (api-web.nhle.com/v1)
632,2022020526,2022-2023,2022,Regular Season,Regular Season,2022-12-22,Thursday,00:00,Pittsburgh Penguins,Carolina Hurricanes,Pittsburgh Penguins,Carolina Hurricanes,PIT,CAR,3,4,7,1,Carolina Hurricanes,Pittsburgh Penguins,Away Win (4-3 OT),3-4,Overtime,Yes,No,PPG Paints Arena,Pittsburgh,OFF,A. Raanta (Winning Goalie); J. Slavin (GWG Scorer),Carolina Hurricanes defeated Pittsburgh Penguins 4-3 in overtime at PPG Paints Arena (Pittsburgh).,NHL Official Stats REST API (api-web.nhle.com/v1)
633,2022020527,2022-2023,2022,Regular Season,Regular Season,2022-12-22,Thursday,00:00,New York Rangers,New York Islanders,New York Rangers,New York Islanders,NYR,NYI,5,3,8,2,New York Rangers,New York Islanders,Home Win (5-3),5-3,Regulation,No,No,Madison Square Garden,New York,OFF,I. Shesterkin (Winning Goalie); K. Kakko (GWG Scorer),New York Rangers defeated New York Islanders 5-3 in regulation at Madison Square Garden (New York).,NHL Official Stats REST API (api-web.nhle.com/v1)
634,2022020528,2022-2023,2022,Regular Season,Regular Season,2022-12-22,Thursday,00:00,Ottawa Senators,Washington Capitals,Ottawa Senators,Washington Capitals,OTT,WSH,2,3,5,1,Washington Capitals,Ottawa Senators,Away Win (3-2 OT),2-3,Overtime,Yes,No,Canadian Tire Centre,Ottawa,OFF,D. Kuemper (Winning Goalie); M. Johansson (GWG Scorer),Washington Capitals defeated Ottawa Senators 3-2 in overtime at Canadian Tire Centre (Ottawa).,NHL Official Stats REST API (api-web.nhle.com/v1)
635,2022020529,2022-2023,2022,Regular Season,Regular Season,2022-12-22,Thursday,00:00,Boston Bruins,Winnipeg Jets,Boston Bruins,Winnipeg Jets,BOS,WPG,3,2,5,1,Boston Bruins,Winnipeg Jets,Home Win (3-2),3-2,Regulation,No,No,TD Garden,Boston,OFF,J. Swayman (Winning Goalie); N. Foligno (GWG Scorer),Boston Bruins defeated Winnipeg Jets 3-2 in regulation at TD Garden (Boston).,NHL Official Stats REST API (api-web.nhle.com/v1)
636,2022020530,2022-2023,2022,Regular Season,Regular Season,2022-12-22,Thursday,03:00,Vancouver Canucks,Seattle Kraken,Vancouver Canucks,Seattle Kraken,VAN,SEA,6,5,11,1,Vancouver Canucks,Seattle Kraken,Home Win (6-5 SO),6-5,Shootout,Yes,Yes,Rogers Arena,Vancouver,OFF,S. Martin (Winning Goalie),Vancouver Canucks defeated Seattle Kraken 6-5 in a shootout at Rogers Arena (Vancouver).,NHL Official Stats REST API (api-web.nhle.com/v1)
637,2022020531,2022-2023,2022,Regular Season,Regular Season,2022-12-22,Thursday,03:30,Los Angeles Kings,Calgary Flames,Los Angeles Kings,Calgary Flames,LAK,CGY,4,3,7,1,Los Angeles Kings,Calgary Flames,Home Win (4-3 OT),4-3,Overtime,Yes,No,Crypto.com Arena,Los Angeles,OFF,P. Copley (Winning Goalie); A. Kempe (GWG Scorer),Los Angeles Kings defeated Calgary Flames 4-3 in overtime at Crypto.com Arena (Los Angeles).,NHL Official Stats REST API (api-web.nhle.com/v1)
638,2022020532,2022-2023,2022,Regular Season,Regular Season,2022-12-22,Thursday,03:30,San Jose Sharks,Minnesota Wild,San Jose Sharks,Minnesota Wild,SJS,MIN,5,2,7,3,San Jose Sharks,Minnesota Wild,Home Win (5-2),5-2,Regulation,No,No,SAP Center at San Jose,San Jose,OFF,J. Reimer (Winning Goalie); T. Meier (GWG Scorer),San Jose Sharks defeated Minnesota Wild 5-2 in regulation at SAP Center at San Jose (San Jose).,NHL Official Stats REST API (api-web.nhle.com/v1)
639,2022020533,2022-2023,2022,Regular Season,Regular Season,2022-12-23,Friday,00:00,New Jersey Devils,Boston Bruins,New Jersey Devils,Boston Bruins,NJD,BOS,3,4,7,1,Boston Bruins,New Jersey Devils,Away Win (4-3),3-4,Regulation,No,No,Prudential Center,New Jersey,OFF,L. Ullmark (Winning Goalie); J. DeBrusk (GWG Scorer),Boston Bruins defeated New Jersey Devils 4-3 in regulation at Prudential Center (New Jersey).,NHL Official Stats REST API (api-web.nhle.com/v1)
640,2022020535,2022-2023,2022,Regular Season,Regular Season,2022-12-23,Friday,00:00,Carolina Hurricanes,Philadelphia Flyers,Carolina Hurricanes,Philadelphia Flyers,CAR,PHI,6,5,11,1,Carolina Hurricanes,Philadelphia Flyers,Home Win (6-5),6-5,Regulation,No,No,PNC Arena,Carolina,OFF,A. Raanta (Winning Goalie); J. Kotkaniemi (GWG Scorer),Carolina Hurricanes defeated Philadelphia Flyers 6-5 in regulation at PNC Arena (Carolina).,NHL Official Stats REST API (api-web.nhle.com/v1)
641,2022020537,2022-2023,2022,Regular Season,Regular Season,2022-12-23,Friday,00:00,Washington Capitals,Winnipeg Jets,Washington Capitals,Winnipeg Jets,WSH,WPG,4,1,5,3,Washington Capitals,Winnipeg Jets,Home Win (4-1),4-1,Regulation,No,No,Capital One Arena,Washington,OFF,C. Lindgren (Winning Goalie); S. Milano (GWG Scorer),Washington Capitals defeated Winnipeg Jets 4-1 in regulation at Capital One Arena (Washington).,NHL Official Stats REST API (api-web.nhle.com/v1)
642,2022020538,2022-2023,2022,Regular Season,Regular Season,2022-12-23,Friday,00:30,New York Islanders,Florida Panthers,New York Islanders,Florida Panthers,NYI,FLA,5,1,6,4,New York Islanders,Florida Panthers,Home Win (5-1),5-1,Regulation,No,No,UBS Arena,New York,OFF,I. Sorokin (Winning Goalie); R. Pulock (GWG Scorer),New York Islanders defeated Florida Panthers 5-1 in regulation at UBS Arena (New York).,NHL Official Stats REST API (api-web.nhle.com/v1)
643,2022020539,2022-2023,2022,Regular Season,Regular Season,2022-12-23,Friday,01:00,Nashville Predators,Colorado Avalanche,Nashville Predators,Colorado Avalanche,NSH,COL,2,3,5,1,Colorado Avalanche,Nashville Predators,Away Win (3-2 OT),2-3,Overtime,Yes,No,Bridgestone Arena,Nashville,OFF,A. Georgiev (Winning Goalie); S. Girard (GWG Scorer),Colorado Avalanche defeated Nashville Predators 3-2 in overtime at Bridgestone Arena (Nashville).,NHL Official Stats REST API (api-web.nhle.com/v1)
644,2022020541,2022-2023,2022,Regular Season,Regular Season,2022-12-23,Friday,01:00,Dallas Stars,Montréal Canadiens,Dallas Stars,Montréal Canadiens,DAL,MTL,4,2,6,2,Dallas Stars,Montréal Canadiens,Home Win (4-2),4-2,Regulation,No,No,American Airlines Center,Dallas,OFF,J. Oettinger (Winning Goalie); W. Johnston (GWG Scorer),Dallas Stars defeated Montréal Canadiens 4-2 in regulation at American Airlines Center (Dallas).,NHL Official Stats REST API (api-web.nhle.com/v1)
645,2022020540,2022-2023,2022,Regular Season,Regular Season,2022-12-23,Friday,01:30,Chicago Blackhawks,Columbus Blue Jackets,Chicago Blackhawks,Columbus Blue Jackets,CHI,CBJ,5,2,7,3,Chicago Blackhawks,Columbus Blue Jackets,Home Win (5-2),5-2,Regulation,No,No,United Center,Chicago,OFF,A. Stalock (Winning Goalie); A. Athanasiou (GWG Scorer),Chicago Blackhawks defeated Columbus Blue Jackets 5-2 in regulation at United Center (Chicago).,NHL Official Stats REST API (api-web.nhle.com/v1)
646,2022020542,2022-2023,2022,Regular Season,Regular Season,2022-12-23,Friday,02:00,Edmonton Oilers,Vancouver Canucks,Edmonton Oilers,Vancouver Canucks,EDM,VAN,2,5,7,3,Vancouver Canucks,Edmonton Oilers,Away Win (5-2),2-5,Regulation,No,No,Rogers Place,Edmonton,OFF,C. Delia (Winning Goalie); B. Horvat (GWG Scorer),Vancouver Canucks defeated Edmonton Oilers 5-2 in regulation at Rogers Place (Edmonton).,NHL Official Stats REST API (api-web.nhle.com/v1)
647,2022020543,2022-2023,2022,Regular Season,Regular Season,2022-12-23,Friday,02:30,Arizona Coyotes,Los Angeles Kings,Arizona Coyotes,Los Angeles Kings,ARI,LAK,2,1,3,1,Arizona Coyotes,Los Angeles Kings,Home Win (2-1 SO),2-1,Shootout,Yes,Yes,Mullett Arena,Arizona,OFF,K. Vejmelka (Winning Goalie),Arizona Coyotes defeated Los Angeles Kings 2-1 in a shootout at Mullett Arena (Arizona).,NHL Official Stats REST API (api-web.nhle.com/v1)
648,2022020545,2022-2023,2022,Regular Season,Regular Season,2022-12-23,Friday,03:00,Vegas Golden Knights,St. Louis Blues,Vegas Golden Knights,St. Louis Blues,VGK,STL,5,4,9,1,Vegas Golden Knights,St. Louis Blues,Home Win (5-4 SO),5-4,Shootout,Yes,Yes,T-Mobile Arena,Vegas,OFF,L. Thompson (Winning Goalie),Vegas Golden Knights defeated St. Louis Blues 5-4 in a shootout at T-Mobile Arena (Vegas).,NHL Official Stats REST API (api-web.nhle.com/v1)
649,2022020544,2022-2023,2022,Regular Season,Regular Season,2022-12-23,Friday,03:30,Anaheim Ducks,Calgary Flames,Anaheim Ducks,Calgary Flames,ANA,CGY,2,3,5,1,Calgary Flames,Anaheim Ducks,Away Win (3-2 OT),2-3,Overtime,Yes,No,Honda Center,Anaheim,OFF,J. Markstrom (Winning Goalie); R. Andersson (GWG Scorer),Calgary Flames defeated Anaheim Ducks 3-2 in overtime at Honda Center (Anaheim).,NHL Official Stats REST API (api-web.nhle.com/v1)
650,2022020546,2022-2023,2022,Regular Season,Regular Season,2022-12-27,Tuesday,00:00,Ottawa Senators,Boston Bruins,Ottawa Senators,Boston Bruins,OTT,BOS,3,2,5,1,Ottawa Senators,Boston Bruins,Home Win (3-2 SO),3-2,Shootout,Yes,Yes,Canadian Tire Centre,Ottawa,OFF,C. Talbot (Winning Goalie),Ottawa Senators defeated Boston Bruins 3-2 in a shootout at Canadian Tire Centre (Ottawa).,NHL Official Stats REST API (api-web.nhle.com/v1)
651,2022020548,2022-2023,2022,Regular Season,Regular Season,2022-12-27,Tuesday,00:00,Carolina Hurricanes,Chicago Blackhawks,Carolina Hurricanes,Chicago Blackhawks,CAR,CHI,3,0,3,3,Carolina Hurricanes,Chicago Blackhawks,Home Win (3-0),3-0,Regulation,No,No,PNC Arena,Carolina,OFF,A. Raanta (Winning Goalie); M. Necas (GWG Scorer),Carolina Hurricanes defeated Chicago Blackhawks 3-0 in regulation at PNC Arena (Carolina).,NHL Official Stats REST API (api-web.nhle.com/v1)
652,2022020549,2022-2023,2022,Regular Season,Regular Season,2022-12-27,Tuesday,00:00,New York Rangers,Washington Capitals,New York Rangers,Washington Capitals,NYR,WSH,0,4,4,4,Washington Capitals,New York Rangers,Away Win (4-0),0-4,Regulation,No,No,Madison Square Garden,New York,OFF,D. Kuemper (Winning Goalie); M. Johansson (GWG Scorer),Washington Capitals defeated New York Rangers 4-0 in regulation at Madison Square Garden (New York).,NHL Official Stats REST API (api-web.nhle.com/v1)
653,2022020550,2022-2023,2022,Regular Season,Regular Season,2022-12-27,Tuesday,00:30,New York Islanders,Pittsburgh Penguins,New York Islanders,Pittsburgh Penguins,NYI,PIT,5,1,6,4,New York Islanders,Pittsburgh Penguins,Home Win (5-1),5-1,Regulation,No,No,UBS Arena,New York,OFF,I. Sorokin (Winning Goalie); M. Barzal (GWG Scorer),New York Islanders defeated Pittsburgh Penguins 5-1 in regulation at UBS Arena (New York).,NHL Official Stats REST API (api-web.nhle.com/v1)
654,2022020551,2022-2023,2022,Regular Season,Regular Season,2022-12-27,Tuesday,01:00,Nashville Predators,Dallas Stars,Nashville Predators,Dallas Stars,NSH,DAL,2,3,5,1,Dallas Stars,Nashville Predators,Away Win (3-2),2-3,Regulation,No,No,Bridgestone Arena,Nashville,OFF,J. Oettinger (Winning Goalie); R. Hintz (GWG Scorer),Dallas Stars defeated Nashville Predators 3-2 in regulation at Bridgestone Arena (Nashville).,NHL Official Stats REST API (api-web.nhle.com/v1)
655,2022020552,2022-2023,2022,Regular Season,Regular Season,2022-12-27,Tuesday,01:00,Winnipeg Jets,Minnesota Wild,Winnipeg Jets,Minnesota Wild,WPG,MIN,1,4,5,3,Minnesota Wild,Winnipeg Jets,Away Win (4-1),1-4,Regulation,No,No,Canada Life Centre,Winnipeg,OFF,F. Gustavsson (Winning Goalie); M. Zuccarello (GWG Scorer),Minnesota Wild defeated Winnipeg Jets 4-1 in regulation at Canada Life Centre (Winnipeg).,NHL Official Stats REST API (api-web.nhle.com/v1)
656,2022020553,2022-2023,2022,Regular Season,Regular Season,2022-12-27,Tuesday,01:00,St. Louis Blues,Toronto Maple Leafs,St. Louis Blues,Toronto Maple Leafs,STL,TOR,4,5,9,1,Toronto Maple Leafs,St. Louis Blues,Away Win (5-4 OT),4-5,Overtime,Yes,No,Enterprise Center,St. Louis,OFF,I. Samsonov (Winning Goalie); W. Nylander (GWG Scorer),Toronto Maple Leafs defeated St. Louis Blues 5-4 in overtime at Enterprise Center (St. Louis).,NHL Official Stats REST API (api-web.nhle.com/v1)
657,2022020554,2022-2023,2022,Regular Season,Regular Season,2022-12-27,Tuesday,02:00,Arizona Coyotes,Colorado Avalanche,Arizona Coyotes,Colorado Avalanche,ARI,COL,6,3,9,3,Arizona Coyotes,Colorado Avalanche,Home Win (6-3),6-3,Regulation,No,No,Mullett Arena,Arizona,OFF,C. Ingram (Winning Goalie); J. Moser (GWG Scorer),Arizona Coyotes defeated Colorado Avalanche 6-3 in regulation at Mullett Arena (Arizona).,NHL Official Stats REST API (api-web.nhle.com/v1)
658,2022020555,2022-2023,2022,Regular Season,Regular Season,2022-12-27,Tuesday,02:00,Calgary Flames,Edmonton Oilers,Calgary Flames,Edmonton Oilers,CGY,EDM,1,2,3,1,Edmonton Oilers,Calgary Flames,Away Win (2-1),1-2,Regulation,No,No,Scotiabank Saddledome,Calgary,OFF,S. Skinner (Winning Goalie); C. McDavid (GWG Scorer),Edmonton Oilers defeated Calgary Flames 2-1 in regulation at Scotiabank Saddledome (Calgary).,NHL Official Stats REST API (api-web.nhle.com/v1)
659,2022020556,2022-2023,2022,Regular Season,Regular Season,2022-12-27,Tuesday,03:00,Vancouver Canucks,San Jose Sharks,Vancouver Canucks,San Jose Sharks,VAN,SJS,6,2,8,4,Vancouver Canucks,San Jose Sharks,Home Win (6-2),6-2,Regulation,No,No,Rogers Arena,Vancouver,OFF,S. Martin (Winning Goalie); I. Mikheyev (GWG Scorer),Vancouver Canucks defeated San Jose Sharks 6-2 in regulation at Rogers Arena (Vancouver).,NHL Official Stats REST API (api-web.nhle.com/v1)
660,2022020557,2022-2023,2022,Regular Season,Regular Season,2022-12-27,Tuesday,03:30,Los Angeles Kings,Vegas Golden Knights,Los Angeles Kings,Vegas Golden Knights,LAK,VGK,4,2,6,2,Los Angeles Kings,Vegas Golden Knights,Home Win (4-2),4-2,Regulation,No,No,Crypto.com Arena,Los Angeles,OFF,P. Copley (Winning Goalie); A. Iafallo (GWG Scorer),Los Angeles Kings defeated Vegas Golden Knights 4-2 in regulation at Crypto.com Arena (Los Angeles).,NHL Official Stats REST API (api-web.nhle.com/v1)
661,2022020559,2022-2023,2022,Regular Season,Regular Season,2022-12-28,Wednesday,00:00,Tampa Bay Lightning,Montréal Canadiens,Tampa Bay Lightning,Montréal Canadiens,TBL,MTL,4,1,5,3,Tampa Bay Lightning,Montréal Canadiens,Home Win (4-1),4-1,Regulation,No,No,Amalie Arena,Tampa Bay,OFF,A. Vasilevskiy (Winning Goalie); B. Point (GWG Scorer),Tampa Bay Lightning defeated Montréal Canadiens 4-1 in regulation at Amalie Arena (Tampa Bay).,NHL Official Stats REST API (api-web.nhle.com/v1)
662,2022020558,2022-2023,2022,Regular Season,Regular Season,2022-12-28,Wednesday,00:30,New Jersey Devils,Boston Bruins,New Jersey Devils,Boston Bruins,NJD,BOS,1,3,4,2,Boston Bruins,New Jersey Devils,Away Win (3-1),1-3,Regulation,No,No,Prudential Center,New Jersey,OFF,L. Ullmark (Winning Goalie); P. Bergeron (GWG Scorer),Boston Bruins defeated New Jersey Devils 3-1 in regulation at Prudential Center (New Jersey).,NHL Official Stats REST API (api-web.nhle.com/v1)
663,2022020560,2022-2023,2022,Regular Season,Regular Season,2022-12-28,Wednesday,00:30,Pittsburgh Penguins,Detroit Red Wings,Pittsburgh Penguins,Detroit Red Wings,PIT,DET,4,5,9,1,Detroit Red Wings,Pittsburgh Penguins,Away Win (5-4 OT),4-5,Overtime,Yes,No,PPG Paints Arena,Pittsburgh,OFF,M. Hellberg (Winning Goalie); J. Walman (GWG Scorer),Detroit Red Wings defeated Pittsburgh Penguins 5-4 in overtime at PPG Paints Arena (Pittsburgh).,NHL Official Stats REST API (api-web.nhle.com/v1)
664,2022020561,2022-2023,2022,Regular Season,Regular Season,2022-12-28,Wednesday,03:00,Seattle Kraken,Calgary Flames,Seattle Kraken,Calgary Flames,SEA,CGY,2,3,5,1,Calgary Flames,Seattle Kraken,Away Win (3-2),2-3,Regulation,No,No,Climate Pledge Arena,Seattle,OFF,D. Vladar (Winning Goalie); J. Huberdeau (GWG Scorer),Calgary Flames defeated Seattle Kraken 3-2 in regulation at Climate Pledge Arena (Seattle).,NHL Official Stats REST API (api-web.nhle.com/v1)
665,2022020562,2022-2023,2022,Regular Season,Regular Season,2022-12-28,Wednesday,03:00,Anaheim Ducks,Vegas Golden Knights,Anaheim Ducks,Vegas Golden Knights,ANA,VGK,3,2,5,1,Anaheim Ducks,Vegas Golden Knights,Home Win (3-2 SO),3-2,Shootout,Yes,Yes,Honda Center,Anaheim,OFF,J. Gibson (Winning Goalie),Anaheim Ducks defeated Vegas Golden Knights 3-2 in a shootout at Honda Center (Anaheim).,NHL Official Stats REST API (api-web.nhle.com/v1)
666,2022020563,2022-2023,2022,Regular Season,Regular Season,2022-12-29,Thursday,00:00,Buffalo Sabres,Detroit Red Wings,Buffalo Sabres,Detroit Red Wings,BUF,DET,6,3,9,3,Buffalo Sabres,Detroit Red Wings,Home Win (6-3),6-3,Regulation,No,No,KeyBank Center,Buffalo,OFF,U. Luukkonen (Winning Goalie); K. Okposo (GWG Scorer),Buffalo Sabres defeated Detroit Red Wings 6-3 in regulation at KeyBank Center (Buffalo).,NHL Official Stats REST API (api-web.nhle.com/v1)
667,2022020564,2022-2023,2022,Regular Season,Regular Season,2022-12-29,Thursday,00:00,Florida Panthers,Montréal Canadiens,Florida Panthers,Montréal Canadiens,FLA,MTL,7,2,9,5,Florida Panthers,Montréal Canadiens,Home Win (7-2),7-2,Regulation,No,No,FLA Live Arena,Florida,OFF,S. Bobrovsky (Winning Goalie); A. Barkov (GWG Scorer),Florida Panthers defeated Montréal Canadiens 7-2 in regulation at FLA Live Arena (Florida).,NHL Official Stats REST API (api-web.nhle.com/v1)
668,2022020565,2022-2023,2022,Regular Season,Regular Season,2022-12-29,Thursday,00:00,Tampa Bay Lightning,New York Rangers,Tampa Bay Lightning,New York Rangers,TBL,NYR,2,1,3,1,Tampa Bay Lightning,New York Rangers,Home Win (2-1 SO),2-1,Shootout,Yes,Yes,Amalie Arena,Tampa Bay,OFF,A. Vasilevskiy (Winning Goalie),Tampa Bay Lightning defeated New York Rangers 2-1 in a shootout at Amalie Arena (Tampa Bay).,NHL Official Stats REST API (api-web.nhle.com/v1)
669,2022020566,2022-2023,2022,Regular Season,Regular Season,2022-12-29,Thursday,00:00,Washington Capitals,Ottawa Senators,Washington Capitals,Ottawa Senators,WSH,OTT,3,4,7,1,Ottawa Senators,Washington Capitals,Away Win (4-3 OT),3-4,Overtime,Yes,No,Capital One Arena,Washington,OFF,C. Talbot (Winning Goalie); A. DeBrincat (GWG Scorer),Ottawa Senators defeated Washington Capitals 4-3 in overtime at Capital One Arena (Washington).,NHL Official Stats REST API (api-web.nhle.com/v1)
670,2022020567,2022-2023,2022,Regular Season,Regular Season,2022-12-29,Thursday,00:30,New York Islanders,Columbus Blue Jackets,New York Islanders,Columbus Blue Jackets,NYI,CBJ,2,1,3,1,New York Islanders,Columbus Blue Jackets,Home Win (2-1),2-1,Regulation,No,No,UBS Arena,New York,OFF,I. Sorokin (Winning Goalie); M. Barzal (GWG Scorer),New York Islanders defeated Columbus Blue Jackets 2-1 in regulation at UBS Arena (New York).,NHL Official Stats REST API (api-web.nhle.com/v1)
671,2022020568,2022-2023,2022,Regular Season,Regular Season,2022-12-29,Thursday,01:00,St. Louis Blues,Chicago Blackhawks,St. Louis Blues,Chicago Blackhawks,STL,CHI,3,1,4,2,St. Louis Blues,Chicago Blackhawks,Home Win (3-1),3-1,Regulation,No,No,Enterprise Center,St. Louis,OFF,J. Binnington (Winning Goalie); C. Rosen (GWG Scorer),St. Louis Blues defeated Chicago Blackhawks 3-1 in regulation at Enterprise Center (St. Louis).,NHL Official Stats REST API (api-web.nhle.com/v1)
672,2022020569,2022-2023,2022,Regular Season,Regular Season,2022-12-29,Thursday,01:00,Minnesota Wild,Dallas Stars,Minnesota Wild,Dallas Stars,MIN,DAL,1,4,5,3,Dallas Stars,Minnesota Wild,Away Win (4-1),1-4,Regulation,No,No,Xcel Energy Center,Minnesota,OFF,J. Oettinger (Winning Goalie); W. Johnston (GWG Scorer),Dallas Stars defeated Minnesota Wild 4-1 in regulation at Xcel Energy Center (Minnesota).,NHL Official Stats REST API (api-web.nhle.com/v1)
673,2022020570,2022-2023,2022,Regular Season,Regular Season,2022-12-29,Thursday,01:00,Winnipeg Jets,Vancouver Canucks,Winnipeg Jets,Vancouver Canucks,WPG,VAN,4,2,6,2,Winnipeg Jets,Vancouver Canucks,Home Win (4-2),4-2,Regulation,No,No,Canada Life Centre,Winnipeg,OFF,C. Hellebuyck (Winning Goalie); M. Scheifele (GWG Scorer),Winnipeg Jets defeated Vancouver Canucks 4-2 in regulation at Canada Life Centre (Winnipeg).,NHL Official Stats REST API (api-web.nhle.com/v1)
674,2022020571,2022-2023,2022,Regular Season,Regular Season,2022-12-29,Thursday,02:00,Colorado Avalanche,Los Angeles Kings,Colorado Avalanche,Los Angeles Kings,COL,LAK,4,5,9,1,Los Angeles Kings,Colorado Avalanche,Away Win (5-4 SO),4-5,Shootout,Yes,Yes,Ball Arena,Colorado,OFF,P. Copley (Winning Goalie),Los Angeles Kings defeated Colorado Avalanche 5-4 in a shootout at Ball Arena (Colorado).,NHL Official Stats REST API (api-web.nhle.com/v1)
675,2022020572,2022-2023,2022,Regular Season,Regular Season,2022-12-29,Thursday,02:00,Arizona Coyotes,Toronto Maple Leafs,Arizona Coyotes,Toronto Maple Leafs,ARI,TOR,6,3,9,3,Arizona Coyotes,Toronto Maple Leafs,Home Win (6-3),6-3,Regulation,No,No,Mullett Arena,Arizona,OFF,K. Vejmelka (Winning Goalie); J. McBain (GWG Scorer),Arizona Coyotes defeated Toronto Maple Leafs 6-3 in regulation at Mullett Arena (Arizona).,NHL Official Stats REST API (api-web.nhle.com/v1)
676,2022020573,2022-2023,2022,Regular Season,Regular Season,2022-12-29,Thursday,03:30,San Jose Sharks,Philadelphia Flyers,San Jose Sharks,Philadelphia Flyers,SJS,PHI,3,4,7,1,Philadelphia Flyers,San Jose Sharks,Away Win (4-3 OT),3-4,Overtime,Yes,No,SAP Center at San Jose,San Jose,OFF,S. Ersson (Winning Goalie); A. DeAngelo (GWG Scorer),Philadelphia Flyers defeated San Jose Sharks 4-3 in overtime at SAP Center at San Jose (San Jose).,NHL Official Stats REST API (api-web.nhle.com/v1)
677,2022020574,2022-2023,2022,Regular Season,Regular Season,2022-12-30,Friday,22:00,Anaheim Ducks,Nashville Predators,Anaheim Ducks,Nashville Predators,ANA,NSH,1,6,7,5,Nashville Predators,Anaheim Ducks,Away Win (6-1),1-6,Regulation,No,No,Honda Center,Anaheim,OFF,J. Saros (Winning Goalie); Y. Trenin (GWG Scorer),Nashville Predators defeated Anaheim Ducks 6-1 in regulation at Honda Center (Anaheim).,NHL Official Stats REST API (api-web.nhle.com/v1)
678,2022020576,2022-2023,2022,Regular Season,Regular Season,2022-12-30,Friday,00:00,Pittsburgh Penguins,New Jersey Devils,Pittsburgh Penguins,New Jersey Devils,PIT,NJD,2,4,6,2,New Jersey Devils,Pittsburgh Penguins,Away Win (4-2),2-4,Regulation,No,No,PPG Paints Arena,Pittsburgh,OFF,V. Vanecek (Winning Goalie); N. Hischier (GWG Scorer),New Jersey Devils defeated Pittsburgh Penguins 4-2 in regulation at PPG Paints Arena (Pittsburgh).,NHL Official Stats REST API (api-web.nhle.com/v1)
679,2022020575,2022-2023,2022,Regular Season,Regular Season,2022-12-30,Friday,00:30,Carolina Hurricanes,Florida Panthers,Carolina Hurricanes,Florida Panthers,CAR,FLA,4,0,4,4,Carolina Hurricanes,Florida Panthers,Home Win (4-0),4-0,Regulation,No,No,PNC Arena,Carolina,OFF,A. Raanta (Winning Goalie); S. Noesen (GWG Scorer),Carolina Hurricanes defeated Florida Panthers 4-0 in regulation at PNC Arena (Carolina).,NHL Official Stats REST API (api-web.nhle.com/v1)
680,2022020577,2022-2023,2022,Regular Season,Regular Season,2022-12-30,Friday,03:00,Seattle Kraken,Edmonton Oilers,Seattle Kraken,Edmonton Oilers,SEA,EDM,2,7,9,5,Edmonton Oilers,Seattle Kraken,Away Win (7-2),2-7,Regulation,No,No,Climate Pledge Arena,Seattle,OFF,S. Skinner (Winning Goalie); D. Nurse (GWG Scorer),Edmonton Oilers defeated Seattle Kraken 7-2 in regulation at Climate Pledge Arena (Seattle).,NHL Official Stats REST API (api-web.nhle.com/v1)
681,2022020578,2022-2023,2022,Regular Season,Regular Season,2022-12-31,Saturday,18:00,Boston Bruins,Buffalo Sabres,Boston Bruins,Buffalo Sabres,BOS,BUF,3,4,7,1,Buffalo Sabres,Boston Bruins,Away Win (4-3 OT),3-4,Overtime,Yes,No,TD Garden,Boston,OFF,U. Luukkonen (Winning Goalie); A. Tuch (GWG Scorer),Buffalo Sabres defeated Boston Bruins 4-3 in overtime at TD Garden (Boston).,NHL Official Stats REST API (api-web.nhle.com/v1)
682,2022020583,2022-2023,2022,Regular Season,Regular Season,2022-12-31,Saturday,18:00,Columbus Blue Jackets,Chicago Blackhawks,Columbus Blue Jackets,Chicago Blackhawks,CBJ,CHI,4,1,5,3,Columbus Blue Jackets,Chicago Blackhawks,Home Win (4-1),4-1,Regulation,No,No,Nationwide Arena,Columbus,OFF,J. Korpisalo (Winning Goalie); G. Nyquist (GWG Scorer),Columbus Blue Jackets defeated Chicago Blackhawks 4-1 in regulation at Nationwide Arena (Columbus).,NHL Official Stats REST API (api-web.nhle.com/v1)
683,2022020579,2022-2023,2022,Regular Season,Regular Season,2022-12-31,Saturday,20:00,Vegas Golden Knights,Nashville Predators,Vegas Golden Knights,Nashville Predators,VGK,NSH,5,4,9,1,Vegas Golden Knights,Nashville Predators,Home Win (5-4 OT),5-4,Overtime,Yes,No,T-Mobile Arena,Vegas,OFF,L. Thompson (Winning Goalie); N. Hague (GWG Scorer),Vegas Golden Knights defeated Nashville Predators 5-4 in overtime at T-Mobile Arena (Vegas).,NHL Official Stats REST API (api-web.nhle.com/v1)
684,2022020580,2022-2023,2022,Regular Season,Regular Season,2022-12-31,Saturday,21:00,Washington Capitals,Montréal Canadiens,Washington Capitals,Montréal Canadiens,WSH,MTL,9,2,11,7,Washington Capitals,Montréal Canadiens,Home Win (9-2),9-2,Regulation,No,No,Capital One Arena,Washington,OFF,C. Lindgren (Winning Goalie); N. Dowd (GWG Scorer),Washington Capitals defeated Montréal Canadiens 9-2 in regulation at Capital One Arena (Washington).,NHL Official Stats REST API (api-web.nhle.com/v1)
685,2022020581,2022-2023,2022,Regular Season,Regular Season,2022-12-31,Saturday,21:00,Los Angeles Kings,Philadelphia Flyers,Los Angeles Kings,Philadelphia Flyers,LAK,PHI,2,4,6,2,Philadelphia Flyers,Los Angeles Kings,Away Win (4-2),2-4,Regulation,No,No,Crypto.com Arena,Los Angeles,OFF,S. Ersson (Winning Goalie); N. Cates (GWG Scorer),Philadelphia Flyers defeated Los Angeles Kings 4-2 in regulation at Crypto.com Arena (Los Angeles).,NHL Official Stats REST API (api-web.nhle.com/v1)
686,2022020582,2022-2023,2022,Regular Season,Regular Season,2022-12-31,Saturday,22:00,Tampa Bay Lightning,Arizona Coyotes,Tampa Bay Lightning,Arizona Coyotes,TBL,ARI,5,3,8,2,Tampa Bay Lightning,Arizona Coyotes,Home Win (5-3),5-3,Regulation,No,No,Amalie Arena,Tampa Bay,OFF,A. Vasilevskiy (Winning Goalie); A. Killorn (GWG Scorer),Tampa Bay Lightning defeated Arizona Coyotes 5-3 in regulation at Amalie Arena (Tampa Bay).,NHL Official Stats REST API (api-web.nhle.com/v1)
687,2022020589,2022-2023,2022,Regular Season,Regular Season,2022-12-31,Saturday,23:00,St. Louis Blues,Minnesota Wild,St. Louis Blues,Minnesota Wild,STL,MIN,2,5,7,3,Minnesota Wild,St. Louis Blues,Away Win (5-2),2-5,Regulation,No,No,Enterprise Center,St. Louis,OFF,M. Fleury (Winning Goalie); R. Hartman (GWG Scorer),Minnesota Wild defeated St. Louis Blues 5-2 in regulation at Enterprise Center (St. Louis).,NHL Official Stats REST API (api-web.nhle.com/v1)
688,2022020584,2022-2023,2022,Regular Season,Regular Season,2022-12-31,Saturday,00:00,Detroit Red Wings,Ottawa Senators,Detroit Red Wings,Ottawa Senators,DET,OTT,4,2,6,2,Detroit Red Wings,Ottawa Senators,Home Win (4-2),4-2,Regulation,No,No,Little Caesars Arena,Detroit,OFF,M. Hellberg (Winning Goalie); E. Soderblom (GWG Scorer),Detroit Red Wings defeated Ottawa Senators 4-2 in regulation at Little Caesars Arena (Detroit).,NHL Official Stats REST API (api-web.nhle.com/v1)
689,2022020585,2022-2023,2022,Regular Season,Regular Season,2022-12-31,Saturday,00:00,Colorado Avalanche,Toronto Maple Leafs,Colorado Avalanche,Toronto Maple Leafs,COL,TOR,2,6,8,4,Toronto Maple Leafs,Colorado Avalanche,Away Win (6-2),2-6,Regulation,No,No,Ball Arena,Colorado,OFF,M. Murray (Winning Goalie); M. Bunting (GWG Scorer),Toronto Maple Leafs defeated Colorado Avalanche 6-2 in regulation at Ball Arena (Colorado).,NHL Official Stats REST API (api-web.nhle.com/v1)
690,2022020586,2022-2023,2022,Regular Season,Regular Season,2022-12-31,Saturday,01:00,Dallas Stars,San Jose Sharks,Dallas Stars,San Jose Sharks,DAL,SJS,5,2,7,3,Dallas Stars,San Jose Sharks,Home Win (5-2),5-2,Regulation,No,No,American Airlines Center,Dallas,OFF,J. Oettinger (Winning Goalie); F. Olofsson (GWG Scorer),Dallas Stars defeated San Jose Sharks 5-2 in regulation at American Airlines Center (Dallas).,NHL Official Stats REST API (api-web.nhle.com/v1)
691,2022020587,2022-2023,2022,Regular Season,Regular Season,2022-12-31,Saturday,03:00,Calgary Flames,Vancouver Canucks,Calgary Flames,Vancouver Canucks,CGY,VAN,3,2,5,1,Calgary Flames,Vancouver Canucks,Home Win (3-2),3-2,Regulation,No,No,Scotiabank Saddledome,Calgary,OFF,J. Markstrom (Winning Goalie); M. Weegar (GWG Scorer),Calgary Flames defeated Vancouver Canucks 3-2 in regulation at Scotiabank Saddledome (Calgary).,NHL Official Stats REST API (api-web.nhle.com/v1)
692,2022020588,2022-2023,2022,Regular Season,Regular Season,2022-12-31,Saturday,03:00,Edmonton Oilers,Winnipeg Jets,Edmonton Oilers,Winnipeg Jets,EDM,WPG,1,2,3,1,Winnipeg Jets,Edmonton Oilers,Away Win (2-1),1-2,Regulation,No,No,Rogers Place,Edmonton,OFF,C. Hellebuyck (Winning Goalie); K. Connor (GWG Scorer),Winnipeg Jets defeated Edmonton Oilers 2-1 in regulation at Rogers Place (Edmonton).,NHL Official Stats REST API (api-web.nhle.com/v1)
693,2022020590,2022-2023,2022,Regular Season,Regular Season,2023-01-01,Sunday,20:00,New Jersey Devils,Carolina Hurricanes,New Jersey Devils,Carolina Hurricanes,NJD,CAR,4,5,9,1,Carolina Hurricanes,New Jersey Devils,Away Win (5-4 SO),4-5,Shootout,Yes,Yes,Prudential Center,New Jersey,OFF,A. Raanta (Winning Goalie),Carolina Hurricanes defeated New Jersey Devils 5-4 in a shootout at Prudential Center (New Jersey).,NHL Official Stats REST API (api-web.nhle.com/v1)
694,2022020591,2022-2023,2022,Regular Season,Regular Season,2023-01-01,Sunday,22:00,Florida Panthers,New York Rangers,Florida Panthers,New York Rangers,FLA,NYR,3,5,8,2,New York Rangers,Florida Panthers,Away Win (5-3),3-5,Regulation,No,No,FLA Live Arena,Florida,OFF,J. Halak (Winning Goalie); V. Trocheck (GWG Scorer),New York Rangers defeated Florida Panthers 5-3 in regulation at FLA Live Arena (Florida).,NHL Official Stats REST API (api-web.nhle.com/v1)
695,2022020592,2022-2023,2022,Regular Season,Regular Season,2023-01-01,Sunday,00:00,Ottawa Senators,Buffalo Sabres,Ottawa Senators,Buffalo Sabres,OTT,BUF,3,1,4,2,Ottawa Senators,Buffalo Sabres,Home Win (3-1),3-1,Regulation,No,No,Canadian Tire Centre,Ottawa,OFF,A. Forsberg (Winning Goalie); J. Lucchini (GWG Scorer),Ottawa Senators defeated Buffalo Sabres 3-1 in regulation at Canadian Tire Centre (Ottawa).,NHL Official Stats REST API (api-web.nhle.com/v1)
696,2022020593,2022-2023,2022,Regular Season,Regular Season,2023-01-01,Sunday,00:00,Chicago Blackhawks,San Jose Sharks,Chicago Blackhawks,San Jose Sharks,CHI,SJS,2,5,7,3,San Jose Sharks,Chicago Blackhawks,Away Win (5-2),2-5,Regulation,No,No,United Center,Chicago,OFF,K. Kahkonen (Winning Goalie); A. Barabanov (GWG Scorer),San Jose Sharks defeated Chicago Blackhawks 5-2 in regulation at United Center (Chicago).,NHL Official Stats REST API (api-web.nhle.com/v1)
697,2022020594,2022-2023,2022,Regular Season,Regular Season,2023-01-01,Sunday,01:00,Seattle Kraken,New York Islanders,Seattle Kraken,New York Islanders,SEA,NYI,4,1,5,3,Seattle Kraken,New York Islanders,Home Win (4-1),4-1,Regulation,No,No,Climate Pledge Arena,Seattle,OFF,M. Jones (Winning Goalie); E. Tolvanen (GWG Scorer),Seattle Kraken defeated New York Islanders 4-1 in regulation at Climate Pledge Arena (Seattle).,NHL Official Stats REST API (api-web.nhle.com/v1)
698,2022020595,2022-2023,2022,Regular Season,Regular Season,2023-01-02,Monday,19:00,Boston Bruins,Pittsburgh Penguins,Boston Bruins,Pittsburgh Penguins,BOS,PIT,2,1,3,1,Boston Bruins,Pittsburgh Penguins,Home Win (2-1),2-1,Regulation,No,No,Fenway Park,Boston,OFF,L. Ullmark (Winning Goalie); J. DeBrusk (GWG Scorer),Boston Bruins defeated Pittsburgh Penguins 2-1 in regulation at Fenway Park (Boston).,NHL Official Stats REST API (api-web.nhle.com/v1)
699,2022020596,2022-2023,2022,Regular Season,Regular Season,2023-01-02,Monday,02:00,Colorado Avalanche,Vegas Golden Knights,Colorado Avalanche,Vegas Golden Knights,COL,VGK,2,3,5,1,Vegas Golden Knights,Colorado Avalanche,Away Win (3-2),2-3,Regulation,No,No,Ball Arena,Colorado,OFF,L. Thompson (Winning Goalie); N. Roy (GWG Scorer),Vegas Golden Knights defeated Colorado Avalanche 3-2 in regulation at Ball Arena (Colorado).,NHL Official Stats REST API (api-web.nhle.com/v1)
700,2022020597,2022-2023,2022,Regular Season,Regular Season,2023-01-02,Monday,03:00,Anaheim Ducks,Philadelphia Flyers,Anaheim Ducks,Philadelphia Flyers,ANA,PHI,1,4,5,3,Philadelphia Flyers,Anaheim Ducks,Away Win (4-1),1-4,Regulation,No,No,Honda Center,Anaheim,OFF,S. Ersson (Winning Goalie); M. Frost (GWG Scorer),Philadelphia Flyers defeated Anaheim Ducks 4-1 in regulation at Honda Center (Anaheim).,NHL Official Stats REST API (api-web.nhle.com/v1)
701,2022020598,2022-2023,2022,Regular Season,Regular Season,2023-01-03,Tuesday,00:00,Florida Panthers,Arizona Coyotes,Florida Panthers,Arizona Coyotes,FLA,ARI,5,3,8,2,Florida Panthers,Arizona Coyotes,Home Win (5-3),5-3,Regulation,No,No,FLA Live Arena,Florida,OFF,S. Knight (Winning Goalie); E. Staal (GWG Scorer),Florida Panthers defeated Arizona Coyotes 5-3 in regulation at FLA Live Arena (Florida).,NHL Official Stats REST API (api-web.nhle.com/v1)
702,2022020599,2022-2023,2022,Regular Season,Regular Season,2023-01-03,Tuesday,00:00,Washington Capitals,Buffalo Sabres,Washington Capitals,Buffalo Sabres,WSH,BUF,4,5,9,1,Buffalo Sabres,Washington Capitals,Away Win (5-4 OT),4-5,Overtime,Yes,No,Capital One Arena,Washington,OFF,U. Luukkonen (Winning Goalie); T. Thompson (GWG Scorer),Buffalo Sabres defeated Washington Capitals 5-4 in overtime at Capital One Arena (Washington).,NHL Official Stats REST API (api-web.nhle.com/v1)
703,2022020600,2022-2023,2022,Regular Season,Regular Season,2023-01-03,Tuesday,00:00,New York Rangers,Carolina Hurricanes,New York Rangers,Carolina Hurricanes,NYR,CAR,5,3,8,2,New York Rangers,Carolina Hurricanes,Home Win (5-3),5-3,Regulation,No,No,Madison Square Garden,New York,OFF,I. Shesterkin (Winning Goalie); K. Miller (GWG Scorer),New York Rangers defeated Carolina Hurricanes 5-3 in regulation at Madison Square Garden (New York).,NHL Official Stats REST API (api-web.nhle.com/v1)
704,2022020601,2022-2023,2022,Regular Season,Regular Season,2023-01-03,Tuesday,00:00,Ottawa Senators,Columbus Blue Jackets,Ottawa Senators,Columbus Blue Jackets,OTT,CBJ,4,0,4,4,Ottawa Senators,Columbus Blue Jackets,Home Win (4-0),4-0,Regulation,No,No,Canadian Tire Centre,Ottawa,OFF,A. Forsberg (Winning Goalie); D. Brassard (GWG Scorer),Ottawa Senators defeated Columbus Blue Jackets 4-0 in regulation at Canadian Tire Centre (Ottawa).,NHL Official Stats REST API (api-web.nhle.com/v1)
705,2022020602,2022-2023,2022,Regular Season,Regular Season,2023-01-03,Tuesday,00:00,Toronto Maple Leafs,St. Louis Blues,Toronto Maple Leafs,St. Louis Blues,TOR,STL,5,6,11,1,St. Louis Blues,Toronto Maple Leafs,Away Win (6-5 SO),5-6,Shootout,Yes,Yes,Scotiabank Arena,Toronto,OFF,J. Binnington (Winning Goalie),St. Louis Blues defeated Toronto Maple Leafs 6-5 in a shootout at Scotiabank Arena (Toronto).,NHL Official Stats REST API (api-web.nhle.com/v1)
706,2022020603,2022-2023,2022,Regular Season,Regular Season,2023-01-03,Tuesday,01:00,Winnipeg Jets,Calgary Flames,Winnipeg Jets,Calgary Flames,WPG,CGY,3,2,5,1,Winnipeg Jets,Calgary Flames,Home Win (3-2),3-2,Regulation,No,No,Canada Life Centre,Winnipeg,OFF,C. Hellebuyck (Winning Goalie); S. Gagner (GWG Scorer),Winnipeg Jets defeated Calgary Flames 3-2 in regulation at Canada Life Centre (Winnipeg).,NHL Official Stats REST API (api-web.nhle.com/v1)
707,2022020604,2022-2023,2022,Regular Season,Regular Season,2023-01-03,Tuesday,01:00,Nashville Predators,Montréal Canadiens,Nashville Predators,Montréal Canadiens,NSH,MTL,6,3,9,3,Nashville Predators,Montréal Canadiens,Home Win (6-3),6-3,Regulation,No,No,Bridgestone Arena,Nashville,OFF,J. Saros (Winning Goalie); T. Novak (GWG Scorer),Nashville Predators defeated Montréal Canadiens 6-3 in regulation at Bridgestone Arena (Nashville).,NHL Official Stats REST API (api-web.nhle.com/v1)
708,2022020605,2022-2023,2022,Regular Season,Regular Season,2023-01-03,Tuesday,01:30,Chicago Blackhawks,Tampa Bay Lightning,Chicago Blackhawks,Tampa Bay Lightning,CHI,TBL,1,4,5,3,Tampa Bay Lightning,Chicago Blackhawks,Away Win (4-1),1-4,Regulation,No,No,United Center,Chicago,OFF,B. Elliott (Winning Goalie); A. Killorn (GWG Scorer),Tampa Bay Lightning defeated Chicago Blackhawks 4-1 in regulation at United Center (Chicago).,NHL Official Stats REST API (api-web.nhle.com/v1)
709,2022020606,2022-2023,2022,Regular Season,Regular Season,2023-01-03,Tuesday,02:00,Edmonton Oilers,Seattle Kraken,Edmonton Oilers,Seattle Kraken,EDM,SEA,2,5,7,3,Seattle Kraken,Edmonton Oilers,Away Win (5-2),2-5,Regulation,No,No,Rogers Place,Edmonton,OFF,M. Jones (Winning Goalie); Y. Gourde (GWG Scorer),Seattle Kraken defeated Edmonton Oilers 5-2 in regulation at Rogers Place (Edmonton).,NHL Official Stats REST API (api-web.nhle.com/v1)
710,2022020607,2022-2023,2022,Regular Season,Regular Season,2023-01-03,Tuesday,03:00,Vancouver Canucks,New York Islanders,Vancouver Canucks,New York Islanders,VAN,NYI,2,6,8,4,New York Islanders,Vancouver Canucks,Away Win (6-2),2-6,Regulation,No,No,Rogers Arena,Vancouver,OFF,I. Sorokin (Winning Goalie); M. Barzal (GWG Scorer),New York Islanders defeated Vancouver Canucks 6-2 in regulation at Rogers Arena (Vancouver).,NHL Official Stats REST API (api-web.nhle.com/v1)
711,2022020608,2022-2023,2022,Regular Season,Regular Season,2023-01-03,Tuesday,03:00,Los Angeles Kings,Dallas Stars,Los Angeles Kings,Dallas Stars,LAK,DAL,3,2,5,1,Los Angeles Kings,Dallas Stars,Home Win (3-2),3-2,Regulation,No,No,Crypto.com Arena,Los Angeles,OFF,P. Copley (Winning Goalie); A. Kempe (GWG Scorer),Los Angeles Kings defeated Dallas Stars 3-2 in regulation at Crypto.com Arena (Los Angeles).,NHL Official Stats REST API (api-web.nhle.com/v1)
712,2022020609,2022-2023,2022,Regular Season,Regular Season,2023-01-04,Wednesday,00:00,Detroit Red Wings,New Jersey Devils,Detroit Red Wings,New Jersey Devils,DET,NJD,1,5,6,4,New Jersey Devils,Detroit Red Wings,Away Win (5-1),1-5,Regulation,No,No,Little Caesars Arena,Detroit,OFF,V. Vanecek (Winning Goalie); N. Hischier (GWG Scorer),New Jersey Devils defeated Detroit Red Wings 5-1 in regulation at Little Caesars Arena (Detroit).,NHL Official Stats REST API (api-web.nhle.com/v1)
713,2022020610,2022-2023,2022,Regular Season,Regular Season,2023-01-04,Wednesday,02:30,Minnesota Wild,Tampa Bay Lightning,Minnesota Wild,Tampa Bay Lightning,MIN,TBL,5,1,6,4,Minnesota Wild,Tampa Bay Lightning,Home Win (5-1),5-1,Regulation,No,No,Xcel Energy Center,Minnesota,OFF,F. Gustavsson (Winning Goalie); K. Kaprizov (GWG Scorer),Minnesota Wild defeated Tampa Bay Lightning 5-1 in regulation at Xcel Energy Center (Minnesota).,NHL Official Stats REST API (api-web.nhle.com/v1)
714,2022020611,2022-2023,2022,Regular Season,Regular Season,2023-01-04,Wednesday,03:00,Anaheim Ducks,Dallas Stars,Anaheim Ducks,Dallas Stars,ANA,DAL,2,0,2,2,Anaheim Ducks,Dallas Stars,Home Win (2-0),2-0,Regulation,No,No,Honda Center,Anaheim,OFF,J. Gibson (Winning Goalie); A. Henrique (GWG Scorer),Anaheim Ducks defeated Dallas Stars 2-0 in regulation at Honda Center (Anaheim).,NHL Official Stats REST API (api-web.nhle.com/v1)
715,2022020612,2022-2023,2022,Regular Season,Regular Season,2023-01-05,Thursday,00:00,Philadelphia Flyers,Arizona Coyotes,Philadelphia Flyers,Arizona Coyotes,PHI,ARI,6,2,8,4,Philadelphia Flyers,Arizona Coyotes,Home Win (6-2),6-2,Regulation,No,No,Wells Fargo Center,Philadelphia,OFF,C. Hart (Winning Goalie); W. Allison (GWG Scorer),Philadelphia Flyers defeated Arizona Coyotes 6-2 in regulation at Wells Fargo Center (Philadelphia).,NHL Official Stats REST API (api-web.nhle.com/v1)
716,2022020613,2022-2023,2022,Regular Season,Regular Season,2023-01-05,Thursday,00:00,Montréal Canadiens,New York Rangers,Montréal Canadiens,New York Rangers,MTL,NYR,1,4,5,3,New York Rangers,Montréal Canadiens,Away Win (4-1),1-4,Regulation,No,No,Centre Bell,Montréal,OFF,J. Halak (Winning Goalie); B. Schneider (GWG Scorer),New York Rangers defeated Montréal Canadiens 4-1 in regulation at Centre Bell (Montréal).,NHL Official Stats REST API (api-web.nhle.com/v1)
717,2022020614,2022-2023,2022,Regular Season,Regular Season,2023-01-05,Thursday,00:00,Carolina Hurricanes,Nashville Predators,Carolina Hurricanes,Nashville Predators,CAR,NSH,3,5,8,2,Nashville Predators,Carolina Hurricanes,Away Win (5-3),3-5,Regulation,No,No,PNC Arena,Carolina,OFF,J. Saros (Winning Goalie); M. Jankowski (GWG Scorer),Nashville Predators defeated Carolina Hurricanes 5-3 in regulation at PNC Arena (Carolina).,NHL Official Stats REST API (api-web.nhle.com/v1)
718,2022020615,2022-2023,2022,Regular Season,Regular Season,2023-01-05,Thursday,00:00,Toronto Maple Leafs,Seattle Kraken,Toronto Maple Leafs,Seattle Kraken,TOR,SEA,1,5,6,4,Seattle Kraken,Toronto Maple Leafs,Away Win (5-1),1-5,Regulation,No,No,Scotiabank Arena,Toronto,OFF,M. Jones (Winning Goalie); V. Dunn (GWG Scorer),Seattle Kraken defeated Toronto Maple Leafs 5-1 in regulation at Scotiabank Arena (Toronto).,NHL Official Stats REST API (api-web.nhle.com/v1)
719,2022020616,2022-2023,2022,Regular Season,Regular Season,2023-01-05,Thursday,00:00,New Jersey Devils,St. Louis Blues,New Jersey Devils,St. Louis Blues,NJD,STL,3,5,8,2,St. Louis Blues,New Jersey Devils,Away Win (5-3),3-5,Regulation,No,No,Prudential Center,New Jersey,OFF,J. Binnington (Winning Goalie); R. Thomas (GWG Scorer),St. Louis Blues defeated New Jersey Devils 5-3 in regulation at Prudential Center (New Jersey).,NHL Official Stats REST API (api-web.nhle.com/v1)
720,2022020617,2022-2023,2022,Regular Season,Regular Season,2023-01-05,Thursday,00:00,Columbus Blue Jackets,Washington Capitals,Columbus Blue Jackets,Washington Capitals,CBJ,WSH,2,6,8,4,Washington Capitals,Columbus Blue Jackets,Away Win (6-2),2-6,Regulation,No,No,Nationwide Arena,Columbus,OFF,D. Kuemper (Winning Goalie); M. Fehérváry (GWG Scorer),Washington Capitals defeated Columbus Blue Jackets 6-2 in regulation at Nationwide Arena (Columbus).,NHL Official Stats REST API (api-web.nhle.com/v1)
721,2022020618,2022-2023,2022,Regular Season,Regular Season,2023-01-05,Thursday,02:00,Edmonton Oilers,New York Islanders,Edmonton Oilers,New York Islanders,EDM,NYI,4,2,6,2,Edmonton Oilers,New York Islanders,Home Win (4-2),4-2,Regulation,No,No,Rogers Place,Edmonton,OFF,J. Campbell (Winning Goalie); D. Holloway (GWG Scorer),Edmonton Oilers defeated New York Islanders 4-2 in regulation at Rogers Place (Edmonton).,NHL Official Stats REST API (api-web.nhle.com/v1)
722,2022020619,2022-2023,2022,Regular Season,Regular Season,2023-01-05,Thursday,03:00,Vancouver Canucks,Colorado Avalanche,Vancouver Canucks,Colorado Avalanche,VAN,COL,4,2,6,2,Vancouver Canucks,Colorado Avalanche,Home Win (4-2),4-2,Regulation,No,No,Rogers Arena,Vancouver,OFF,C. Delia (Winning Goalie); B. Boeser (GWG Scorer),Vancouver Canucks defeated Colorado Avalanche 4-2 in regulation at Rogers Arena (Vancouver).,NHL Official Stats REST API (api-web.nhle.com/v1)
723,2022020620,2022-2023,2022,Regular Season,Regular Season,2023-01-05,Thursday,03:00,Vegas Golden Knights,Pittsburgh Penguins,Vegas Golden Knights,Pittsburgh Penguins,VGK,PIT,5,2,7,3,Vegas Golden Knights,Pittsburgh Penguins,Home Win (5-2),5-2,Regulation,No,No,T-Mobile Arena,Vegas,OFF,A. Hill (Winning Goalie); C. Stephenson (GWG Scorer),Vegas Golden Knights defeated Pittsburgh Penguins 5-2 in regulation at T-Mobile Arena (Vegas).,NHL Official Stats REST API (api-web.nhle.com/v1)
724,2022020621,2022-2023,2022,Regular Season,Regular Season,2023-01-05,Thursday,03:30,Los Angeles Kings,Boston Bruins,Los Angeles Kings,Boston Bruins,LAK,BOS,2,5,7,3,Boston Bruins,Los Angeles Kings,Away Win (5-2),2-5,Regulation,No,No,Crypto.com Arena,Los Angeles,OFF,J. Swayman (Winning Goalie); T. Frederic (GWG Scorer),Boston Bruins defeated Los Angeles Kings 5-2 in regulation at Crypto.com Arena (Los Angeles).,NHL Official Stats REST API (api-web.nhle.com/v1)
725,2022020622,2022-2023,2022,Regular Season,Regular Season,2023-01-06,Friday,00:00,Washington Capitals,Nashville Predators,Washington Capitals,Nashville Predators,WSH,NSH,2,3,5,1,Nashville Predators,Washington Capitals,Away Win (3-2),2-3,Regulation,No,No,Capital One Arena,Washington,OFF,K. Lankinen (Winning Goalie); R. McDonagh (GWG Scorer),Nashville Predators defeated Washington Capitals 3-2 in regulation at Capital One Arena (Washington).,NHL Official Stats REST API (api-web.nhle.com/v1)
726,2022020623,2022-2023,2022,Regular Season,Regular Season,2023-01-06,Friday,00:00,Detroit Red Wings,Florida Panthers,Detroit Red Wings,Florida Panthers,DET,FLA,2,3,5,1,Florida Panthers,Detroit Red Wings,Away Win (3-2),2-3,Regulation,No,No,Little Caesars Arena,Detroit,OFF,S. Bobrovsky (Winning Goalie); A. Ekblad (GWG Scorer),Florida Panthers defeated Detroit Red Wings 3-2 in regulation at Little Caesars Arena (Detroit).,NHL Official Stats REST API (api-web.nhle.com/v1)
727,2022020624,2022-2023,2022,Regular Season,Regular Season,2023-01-06,Friday,01:00,Winnipeg Jets,Tampa Bay Lightning,Winnipeg Jets,Tampa Bay Lightning,WPG,TBL,4,2,6,2,Winnipeg Jets,Tampa Bay Lightning,Home Win (4-2),4-2,Regulation,No,No,Canada Life Centre,Winnipeg,OFF,C. Hellebuyck (Winning Goalie); K. Connor (GWG Scorer),Winnipeg Jets defeated Tampa Bay Lightning 4-2 in regulation at Canada Life Centre (Winnipeg).,NHL Official Stats REST API (api-web.nhle.com/v1)
728,2022020625,2022-2023,2022,Regular Season,Regular Season,2023-01-06,Friday,01:30,Chicago Blackhawks,Arizona Coyotes,Chicago Blackhawks,Arizona Coyotes,CHI,ARI,2,0,2,2,Chicago Blackhawks,Arizona Coyotes,Home Win (2-0),2-0,Regulation,No,No,United Center,Chicago,OFF,A. Stalock (Winning Goalie); J. McCabe (GWG Scorer),Chicago Blackhawks defeated Arizona Coyotes 2-0 in regulation at United Center (Chicago).,NHL Official Stats REST API (api-web.nhle.com/v1)
729,2022020626,2022-2023,2022,Regular Season,Regular Season,2023-01-06,Friday,02:00,Calgary Flames,New York Islanders,Calgary Flames,New York Islanders,CGY,NYI,4,1,5,3,Calgary Flames,New York Islanders,Home Win (4-1),4-1,Regulation,No,No,Scotiabank Saddledome,Calgary,OFF,J. Markstrom (Winning Goalie); B. Coleman (GWG Scorer),Calgary Flames defeated New York Islanders 4-1 in regulation at Scotiabank Saddledome (Calgary).,NHL Official Stats REST API (api-web.nhle.com/v1)
730,2022020627,2022-2023,2022,Regular Season,Regular Season,2023-01-06,Friday,03:00,Anaheim Ducks,San Jose Sharks,Anaheim Ducks,San Jose Sharks,ANA,SJS,5,4,9,1,Anaheim Ducks,San Jose Sharks,Home Win (5-4 OT),5-4,Overtime,Yes,No,Honda Center,Anaheim,OFF,A. Stolarz (Winning Goalie); J. Klingberg (GWG Scorer),Anaheim Ducks defeated San Jose Sharks 5-4 in overtime at Honda Center (Anaheim).,NHL Official Stats REST API (api-web.nhle.com/v1)
731,2022020628,2022-2023,2022,Regular Season,Regular Season,2023-01-07,Saturday,18:00,New Jersey Devils,New York Rangers,New Jersey Devils,New York Rangers,NJD,NYR,4,3,7,1,New Jersey Devils,New York Rangers,Home Win (4-3 OT),4-3,Overtime,Yes,No,Prudential Center,New Jersey,OFF,V. Vanecek (Winning Goalie); D. Severson (GWG Scorer),New Jersey Devils defeated New York Rangers 4-3 in overtime at Prudential Center (New Jersey).,NHL Official Stats REST API (api-web.nhle.com/v1)
732,2022020629,2022-2023,2022,Regular Season,Regular Season,2023-01-07,Saturday,21:00,Columbus Blue Jackets,Carolina Hurricanes,Columbus Blue Jackets,Carolina Hurricanes,CBJ,CAR,4,3,7,1,Columbus Blue Jackets,Carolina Hurricanes,Home Win (4-3 SO),4-3,Shootout,Yes,Yes,Nationwide Arena,Columbus,OFF,J. Korpisalo (Winning Goalie),Columbus Blue Jackets defeated Carolina Hurricanes 4-3 in a shootout at Nationwide Arena (Columbus).,NHL Official Stats REST API (api-web.nhle.com/v1)
733,2022020630,2022-2023,2022,Regular Season,Regular Season,2023-01-07,Saturday,00:00,Toronto Maple Leafs,Detroit Red Wings,Toronto Maple Leafs,Detroit Red Wings,TOR,DET,4,1,5,3,Toronto Maple Leafs,Detroit Red Wings,Home Win (4-1),4-1,Regulation,No,No,Scotiabank Arena,Toronto,OFF,I. Samsonov (Winning Goalie); J. Tavares (GWG Scorer),Toronto Maple Leafs defeated Detroit Red Wings 4-1 in regulation at Scotiabank Arena (Toronto).,NHL Official Stats REST API (api-web.nhle.com/v1)
734,2022020631,2022-2023,2022,Regular Season,Regular Season,2023-01-07,Saturday,00:00,Buffalo Sabres,Minnesota Wild,Buffalo Sabres,Minnesota Wild,BUF,MIN,6,5,11,1,Buffalo Sabres,Minnesota Wild,Home Win (6-5 OT),6-5,Overtime,Yes,No,KeyBank Center,Buffalo,OFF,U. Luukkonen (Winning Goalie); V. Olofsson (GWG Scorer),Buffalo Sabres defeated Minnesota Wild 6-5 in overtime at KeyBank Center (Buffalo).,NHL Official Stats REST API (api-web.nhle.com/v1)
735,2022020632,2022-2023,2022,Regular Season,Regular Season,2023-01-07,Saturday,00:00,Ottawa Senators,Seattle Kraken,Ottawa Senators,Seattle Kraken,OTT,SEA,4,8,12,4,Seattle Kraken,Ottawa Senators,Away Win (8-4),4-8,Regulation,No,No,Canadian Tire Centre,Ottawa,OFF,M. Jones (Winning Goalie); M. Beniers (GWG Scorer),Seattle Kraken defeated Ottawa Senators 8-4 in regulation at Canadian Tire Centre (Ottawa).,NHL Official Stats REST API (api-web.nhle.com/v1)
736,2022020633,2022-2023,2022,Regular Season,Regular Season,2023-01-07,Saturday,00:00,Montréal Canadiens,St. Louis Blues,Montréal Canadiens,St. Louis Blues,MTL,STL,5,4,9,1,Montréal Canadiens,St. Louis Blues,Home Win (5-4),5-4,Regulation,No,No,Centre Bell,Montréal,OFF,J. Allen (Winning Goalie); J. Anderson (GWG Scorer),Montréal Canadiens defeated St. Louis Blues 5-4 in regulation at Centre Bell (Montréal).,NHL Official Stats REST API (api-web.nhle.com/v1)
737,2022020634,2022-2023,2022,Regular Season,Regular Season,2023-01-07,Saturday,03:00,Edmonton Oilers,Colorado Avalanche,Edmonton Oilers,Colorado Avalanche,EDM,COL,2,3,5,1,Colorado Avalanche,Edmonton Oilers,Away Win (3-2 OT),2-3,Overtime,Yes,No,Rogers Place,Edmonton,OFF,A. Georgiev (Winning Goalie); C. Makar (GWG Scorer),Colorado Avalanche defeated Edmonton Oilers 3-2 in overtime at Rogers Place (Edmonton).,NHL Official Stats REST API (api-web.nhle.com/v1)
738,2022020635,2022-2023,2022,Regular Season,Regular Season,2023-01-07,Saturday,03:00,Vegas Golden Knights,Los Angeles Kings,Vegas Golden Knights,Los Angeles Kings,VGK,LAK,1,5,6,4,Los Angeles Kings,Vegas Golden Knights,Away Win (5-1),1-5,Regulation,No,No,T-Mobile Arena,Vegas,OFF,P. Copley (Winning Goalie); M. Roy (GWG Scorer),Los Angeles Kings defeated Vegas Golden Knights 5-1 in regulation at T-Mobile Arena (Vegas).,NHL Official Stats REST API (api-web.nhle.com/v1)
739,2022020636,2022-2023,2022,Regular Season,Regular Season,2023-01-07,Saturday,03:30,San Jose Sharks,Boston Bruins,San Jose Sharks,Boston Bruins,SJS,BOS,2,4,6,2,Boston Bruins,San Jose Sharks,Away Win (4-2),2-4,Regulation,No,No,SAP Center at San Jose,San Jose,OFF,L. Ullmark (Winning Goalie); D. Pastrnak (GWG Scorer),Boston Bruins defeated San Jose Sharks 4-2 in regulation at SAP Center at San Jose (San Jose).,NHL Official Stats REST API (api-web.nhle.com/v1)
740,2022020638,2022-2023,2022,Regular Season,Regular Season,2023-01-08,Sunday,20:00,Winnipeg Jets,Vancouver Canucks,Winnipeg Jets,Vancouver Canucks,WPG,VAN,7,4,11,3,Winnipeg Jets,Vancouver Canucks,Home Win (7-4),7-4,Regulation,No,No,Canada Life Centre,Winnipeg,OFF,D. Rittich (Winning Goalie); A. Jonsson-Fjallby (GWG Scorer),Winnipeg Jets defeated Vancouver Canucks 7-4 in regulation at Canada Life Centre (Winnipeg).,NHL Official Stats REST API (api-web.nhle.com/v1)
741,2022020637,2022-2023,2022,Regular Season,Regular Season,2023-01-08,Sunday,20:30,Dallas Stars,Florida Panthers,Dallas Stars,Florida Panthers,DAL,FLA,5,1,6,4,Dallas Stars,Florida Panthers,Home Win (5-1),5-1,Regulation,No,No,American Airlines Center,Dallas,OFF,J. Oettinger (Winning Goalie); N. Lundkvist (GWG Scorer),Dallas Stars defeated Florida Panthers 5-1 in regulation at American Airlines Center (Dallas).,NHL Official Stats REST API (api-web.nhle.com/v1)
742,2022020639,2022-2023,2022,Regular Season,Regular Season,2023-01-08,Sunday,22:00,Washington Capitals,Columbus Blue Jackets,Washington Capitals,Columbus Blue Jackets,WSH,CBJ,1,0,1,1,Washington Capitals,Columbus Blue Jackets,Home Win (1-0),1-0,Regulation,No,No,Capital One Arena,Washington,OFF,D. Kuemper (Winning Goalie); E. Gustafsson (GWG Scorer),Washington Capitals defeated Columbus Blue Jackets 1-0 in regulation at Capital One Arena (Washington).,NHL Official Stats REST API (api-web.nhle.com/v1)
743,2022020640,2022-2023,2022,Regular Season,Regular Season,2023-01-08,Sunday,00:00,Chicago Blackhawks,Calgary Flames,Chicago Blackhawks,Calgary Flames,CHI,CGY,4,3,7,1,Chicago Blackhawks,Calgary Flames,Home Win (4-3 OT),4-3,Overtime,Yes,No,United Center,Chicago,OFF,A. Stalock (Winning Goalie); M. Domi (GWG Scorer),Chicago Blackhawks defeated Calgary Flames 4-3 in overtime at United Center (Chicago).,NHL Official Stats REST API (api-web.nhle.com/v1)
744,2022020641,2022-2023,2022,Regular Season,Regular Season,2023-01-08,Sunday,00:00,Arizona Coyotes,Pittsburgh Penguins,Arizona Coyotes,Pittsburgh Penguins,ARI,PIT,1,4,5,3,Pittsburgh Penguins,Arizona Coyotes,Away Win (4-1),1-4,Regulation,No,No,Mullett Arena,Arizona,OFF,C. DeSmith (Winning Goalie); J. Guentzel (GWG Scorer),Pittsburgh Penguins defeated Arizona Coyotes 4-1 in regulation at Mullett Arena (Arizona).,NHL Official Stats REST API (api-web.nhle.com/v1)
745,2022020642,2022-2023,2022,Regular Season,Regular Season,2023-01-08,Sunday,00:00,Minnesota Wild,St. Louis Blues,Minnesota Wild,St. Louis Blues,MIN,STL,0,3,3,3,St. Louis Blues,Minnesota Wild,Away Win (3-0),0-3,Regulation,No,No,Xcel Energy Center,Minnesota,OFF,T. Greiss (Winning Goalie); B. Saad (GWG Scorer),St. Louis Blues defeated Minnesota Wild 3-0 in regulation at Xcel Energy Center (Minnesota).,NHL Official Stats REST API (api-web.nhle.com/v1)
746,2022020643,2022-2023,2022,Regular Season,Regular Season,2023-01-08,Sunday,00:00,Philadelphia Flyers,Toronto Maple Leafs,Philadelphia Flyers,Toronto Maple Leafs,PHI,TOR,2,6,8,4,Toronto Maple Leafs,Philadelphia Flyers,Away Win (6-2),2-6,Regulation,No,No,Wells Fargo Center,Philadelphia,OFF,M. Murray (Winning Goalie); C. Timmins (GWG Scorer),Toronto Maple Leafs defeated Philadelphia Flyers 6-2 in regulation at Wells Fargo Center (Philadelphia).,NHL Official Stats REST API (api-web.nhle.com/v1)
747,2022020644,2022-2023,2022,Regular Season,Regular Season,2023-01-08,Sunday,01:30,Anaheim Ducks,Boston Bruins,Anaheim Ducks,Boston Bruins,ANA,BOS,1,7,8,6,Boston Bruins,Anaheim Ducks,Away Win (7-1),1-7,Regulation,No,No,Honda Center,Anaheim,OFF,J. Swayman (Winning Goalie); D. Krejci (GWG Scorer),Boston Bruins defeated Anaheim Ducks 7-1 in regulation at Honda Center (Anaheim).,NHL Official Stats REST API (api-web.nhle.com/v1)
748,2022020990,2022-2023,2022,Regular Season,Regular Season,2023-01-09,Monday,00:00,Buffalo Sabres,Philadelphia Flyers,Buffalo Sabres,Philadelphia Flyers,BUF,PHI,0,4,4,4,Philadelphia Flyers,Buffalo Sabres,Away Win (4-0),0-4,Regulation,No,No,KeyBank Center,Buffalo,OFF,S. Ersson (Winning Goalie); Z. MacEwen (GWG Scorer),Philadelphia Flyers defeated Buffalo Sabres 4-0 in regulation at KeyBank Center (Buffalo).,NHL Official Stats REST API (api-web.nhle.com/v1)
749,2022020645,2022-2023,2022,Regular Season,Regular Season,2023-01-09,Monday,00:30,Ottawa Senators,Nashville Predators,Ottawa Senators,Nashville Predators,OTT,NSH,0,3,3,3,Nashville Predators,Ottawa Senators,Away Win (3-0),0-3,Regulation,No,No,Canadian Tire Centre,Ottawa,OFF,J. Saros (Winning Goalie); R. Josi (GWG Scorer),Nashville Predators defeated Ottawa Senators 3-0 in regulation at Canadian Tire Centre (Ottawa).,NHL Official Stats REST API (api-web.nhle.com/v1)
750,2022020646,2022-2023,2022,Regular Season,Regular Season,2023-01-09,Monday,00:30,Montréal Canadiens,Seattle Kraken,Montréal Canadiens,Seattle Kraken,MTL,SEA,0,4,4,4,Seattle Kraken,Montréal Canadiens,Away Win (4-0),0-4,Regulation,No,No,Centre Bell,Montréal,OFF,M. Jones (Winning Goalie); E. Tolvanen (GWG Scorer),Seattle Kraken defeated Montréal Canadiens 4-0 in regulation at Centre Bell (Montréal).,NHL Official Stats REST API (api-web.nhle.com/v1)
751,2022020647,2022-2023,2022,Regular Season,Regular Season,2023-01-09,Monday,03:30,Los Angeles Kings,Edmonton Oilers,Los Angeles Kings,Edmonton Oilers,LAK,EDM,6,3,9,3,Los Angeles Kings,Edmonton Oilers,Home Win (6-3),6-3,Regulation,No,No,Crypto.com Arena,Los Angeles,OFF,P. Copley (Winning Goalie); A. Kempe (GWG Scorer),Los Angeles Kings defeated Edmonton Oilers 6-3 in regulation at Crypto.com Arena (Los Angeles).,NHL Official Stats REST API (api-web.nhle.com/v1)
752,2022020648,2022-2023,2022,Regular Season,Regular Season,2023-01-10,Tuesday,00:00,Tampa Bay Lightning,Columbus Blue Jackets,Tampa Bay Lightning,Columbus Blue Jackets,TBL,CBJ,6,3,9,3,Tampa Bay Lightning,Columbus Blue Jackets,Home Win (6-3),6-3,Regulation,No,No,Amalie Arena,Tampa Bay,OFF,A. Vasilevskiy (Winning Goalie); N. Kucherov (GWG Scorer),Tampa Bay Lightning defeated Columbus Blue Jackets 6-3 in regulation at Amalie Arena (Tampa Bay).,NHL Official Stats REST API (api-web.nhle.com/v1)
753,2022020649,2022-2023,2022,Regular Season,Regular Season,2023-01-10,Tuesday,00:00,New York Rangers,Minnesota Wild,New York Rangers,Minnesota Wild,NYR,MIN,4,3,7,1,New York Rangers,Minnesota Wild,Home Win (4-3 SO),4-3,Shootout,Yes,Yes,Madison Square Garden,New York,OFF,I. Shesterkin (Winning Goalie),New York Rangers defeated Minnesota Wild 4-3 in a shootout at Madison Square Garden (New York).,NHL Official Stats REST API (api-web.nhle.com/v1)
754,2022020650,2022-2023,2022,Regular Season,Regular Season,2023-01-10,Tuesday,00:00,Carolina Hurricanes,New Jersey Devils,Carolina Hurricanes,New Jersey Devils,CAR,NJD,3,5,8,2,New Jersey Devils,Carolina Hurricanes,Away Win (5-3),3-5,Regulation,No,No,PNC Arena,Carolina,OFF,V. Vanecek (Winning Goalie); D. Mercer (GWG Scorer),New Jersey Devils defeated Carolina Hurricanes 5-3 in regulation at PNC Arena (Carolina).,NHL Official Stats REST API (api-web.nhle.com/v1)
755,2022020651,2022-2023,2022,Regular Season,Regular Season,2023-01-10,Tuesday,00:00,Buffalo Sabres,Seattle Kraken,Buffalo Sabres,Seattle Kraken,BUF,SEA,3,4,7,1,Seattle Kraken,Buffalo Sabres,Away Win (4-3),3-4,Regulation,No,No,KeyBank Center,Buffalo,OFF,P. Grubauer (Winning Goalie); J. Schultz (GWG Scorer),Seattle Kraken defeated Buffalo Sabres 4-3 in regulation at KeyBank Center (Buffalo).,NHL Official Stats REST API (api-web.nhle.com/v1)
756,2022020652,2022-2023,2022,Regular Season,Regular Season,2023-01-10,Tuesday,00:00,Pittsburgh Penguins,Vancouver Canucks,Pittsburgh Penguins,Vancouver Canucks,PIT,VAN,5,4,9,1,Pittsburgh Penguins,Vancouver Canucks,Home Win (5-4),5-4,Regulation,No,No,PPG Paints Arena,Pittsburgh,OFF,D. Tokarski (Winning Goalie); R. Rakell (GWG Scorer),Pittsburgh Penguins defeated Vancouver Canucks 5-4 in regulation at PPG Paints Arena (Pittsburgh).,NHL Official Stats REST API (api-web.nhle.com/v1)
757,2022020654,2022-2023,2022,Regular Season,Regular Season,2023-01-10,Tuesday,00:00,Detroit Red Wings,Winnipeg Jets,Detroit Red Wings,Winnipeg Jets,DET,WPG,7,5,12,2,Detroit Red Wings,Winnipeg Jets,Home Win (7-5),7-5,Regulation,No,No,Little Caesars Arena,Detroit,OFF,V. Husso (Winning Goalie); R. Fabbri (GWG Scorer),Detroit Red Wings defeated Winnipeg Jets 7-5 in regulation at Little Caesars Arena (Detroit).,NHL Official Stats REST API (api-web.nhle.com/v1)
758,2022020653,2022-2023,2022,Regular Season,Regular Season,2023-01-10,Tuesday,00:30,New York Islanders,Dallas Stars,New York Islanders,Dallas Stars,NYI,DAL,1,2,3,1,Dallas Stars,New York Islanders,Away Win (2-1 SO),1-2,Shootout,Yes,Yes,UBS Arena,New York,OFF,J. Oettinger (Winning Goalie),Dallas Stars defeated New York Islanders 2-1 in a shootout at UBS Arena (New York).,NHL Official Stats REST API (api-web.nhle.com/v1)
759,2022020655,2022-2023,2022,Regular Season,Regular Season,2023-01-10,Tuesday,01:00,St. Louis Blues,Calgary Flames,St. Louis Blues,Calgary Flames,STL,CGY,4,3,7,1,St. Louis Blues,Calgary Flames,Home Win (4-3 OT),4-3,Overtime,Yes,No,Enterprise Center,St. Louis,OFF,J. Binnington (Winning Goalie); R. Thomas (GWG Scorer),St. Louis Blues defeated Calgary Flames 4-3 in overtime at Enterprise Center (St. Louis).,NHL Official Stats REST API (api-web.nhle.com/v1)
760,2022020657,2022-2023,2022,Regular Season,Regular Season,2023-01-10,Tuesday,02:00,Arizona Coyotes,San Jose Sharks,Arizona Coyotes,San Jose Sharks,ARI,SJS,2,4,6,2,San Jose Sharks,Arizona Coyotes,Away Win (4-2),2-4,Regulation,No,No,Mullett Arena,Arizona,OFF,K. Kahkonen (Winning Goalie); M. Nieto (GWG Scorer),San Jose Sharks defeated Arizona Coyotes 4-2 in regulation at Mullett Arena (Arizona).,NHL Official Stats REST API (api-web.nhle.com/v1)
761,2022020656,2022-2023,2022,Regular Season,Regular Season,2023-01-10,Tuesday,02:30,Colorado Avalanche,Florida Panthers,Colorado Avalanche,Florida Panthers,COL,FLA,4,5,9,1,Florida Panthers,Colorado Avalanche,Away Win (5-4),4-5,Regulation,No,No,Ball Arena,Colorado,OFF,S. Bobrovsky (Winning Goalie); M. Tkachuk (GWG Scorer),Florida Panthers defeated Colorado Avalanche 5-4 in regulation at Ball Arena (Colorado).,NHL Official Stats REST API (api-web.nhle.com/v1)
762,2022020659,2022-2023,2022,Regular Season,Regular Season,2023-01-11,Wednesday,00:00,Philadelphia Flyers,Washington Capitals,Philadelphia Flyers,Washington Capitals,PHI,WSH,5,3,8,2,Philadelphia Flyers,Washington Capitals,Home Win (5-3),5-3,Regulation,No,No,Wells Fargo Center,Philadelphia,OFF,C. Hart (Winning Goalie); T. Konecny (GWG Scorer),Philadelphia Flyers defeated Washington Capitals 5-3 in regulation at Wells Fargo Center (Philadelphia).,NHL Official Stats REST API (api-web.nhle.com/v1)
763,2022020658,2022-2023,2022,Regular Season,Regular Season,2023-01-11,Wednesday,00:30,Toronto Maple Leafs,Nashville Predators,Toronto Maple Leafs,Nashville Predators,TOR,NSH,2,1,3,1,Toronto Maple Leafs,Nashville Predators,Home Win (2-1),2-1,Regulation,No,No,Scotiabank Arena,Toronto,OFF,M. Murray (Winning Goalie); M. Marner (GWG Scorer),Toronto Maple Leafs defeated Nashville Predators 2-1 in regulation at Scotiabank Arena (Toronto).,NHL Official Stats REST API (api-web.nhle.com/v1)
764,2022020660,2022-2023,2022,Regular Season,Regular Season,2023-01-11,Wednesday,03:00,Anaheim Ducks,Edmonton Oilers,Anaheim Ducks,Edmonton Oilers,ANA,EDM,2,6,8,4,Edmonton Oilers,Anaheim Ducks,Away Win (6-2),2-6,Regulation,No,No,Honda Center,Anaheim,OFF,J. Campbell (Winning Goalie); C. McDavid (GWG Scorer),Edmonton Oilers defeated Anaheim Ducks 6-2 in regulation at Honda Center (Anaheim).,NHL Official Stats REST API (api-web.nhle.com/v1)
765,2022020661,2022-2023,2022,Regular Season,Regular Season,2023-01-11,Wednesday,03:00,Los Angeles Kings,San Jose Sharks,Los Angeles Kings,San Jose Sharks,LAK,SJS,4,3,7,1,Los Angeles Kings,San Jose Sharks,Home Win (4-3),4-3,Regulation,No,No,Crypto.com Arena,Los Angeles,OFF,P. Copley (Winning Goalie); D. Doughty (GWG Scorer),Los Angeles Kings defeated San Jose Sharks 4-3 in regulation at Crypto.com Arena (Los Angeles).,NHL Official Stats REST API (api-web.nhle.com/v1)
766,2022020662,2022-2023,2022,Regular Season,Regular Season,2023-01-12,Thursday,00:00,Columbus Blue Jackets,Carolina Hurricanes,Columbus Blue Jackets,Carolina Hurricanes,CBJ,CAR,2,6,8,4,Carolina Hurricanes,Columbus Blue Jackets,Away Win (6-2),2-6,Regulation,No,No,Nationwide Arena,Columbus,OFF,F. Andersen (Winning Goalie); J. Chatfield (GWG Scorer),Carolina Hurricanes defeated Columbus Blue Jackets 6-2 in regulation at Nationwide Arena (Columbus).,NHL Official Stats REST API (api-web.nhle.com/v1)
767,2022020663,2022-2023,2022,Regular Season,Regular Season,2023-01-12,Thursday,00:00,New York Rangers,Dallas Stars,New York Rangers,Dallas Stars,NYR,DAL,2,1,3,1,New York Rangers,Dallas Stars,Home Win (2-1 OT),2-1,Overtime,Yes,No,Madison Square Garden,New York,OFF,I. Shesterkin (Winning Goalie); A. Fox (GWG Scorer),New York Rangers defeated Dallas Stars 2-1 in overtime at Madison Square Garden (New York).,NHL Official Stats REST API (api-web.nhle.com/v1)
768,2022020664,2022-2023,2022,Regular Season,Regular Season,2023-01-12,Thursday,00:00,Montréal Canadiens,Nashville Predators,Montréal Canadiens,Nashville Predators,MTL,NSH,4,3,7,1,Montréal Canadiens,Nashville Predators,Home Win (4-3),4-3,Regulation,No,No,Centre Bell,Montréal,OFF,S. Montembeault (Winning Goalie); C. Caufield (GWG Scorer),Montréal Canadiens defeated Nashville Predators 4-3 in regulation at Centre Bell (Montréal).,NHL Official Stats REST API (api-web.nhle.com/v1)
769,2022020665,2022-2023,2022,Regular Season,Regular Season,2023-01-12,Thursday,00:00,Boston Bruins,Seattle Kraken,Boston Bruins,Seattle Kraken,BOS,SEA,0,3,3,3,Seattle Kraken,Boston Bruins,Away Win (3-0),0-3,Regulation,No,No,TD Garden,Boston,OFF,M. Jones (Winning Goalie); B. Tanev (GWG Scorer),Seattle Kraken defeated Boston Bruins 3-0 in regulation at TD Garden (Boston).,NHL Official Stats REST API (api-web.nhle.com/v1)
770,2022020666,2022-2023,2022,Regular Season,Regular Season,2023-01-12,Thursday,00:00,Detroit Red Wings,Toronto Maple Leafs,Detroit Red Wings,Toronto Maple Leafs,DET,TOR,4,1,5,3,Detroit Red Wings,Toronto Maple Leafs,Home Win (4-1),4-1,Regulation,No,No,Little Caesars Arena,Detroit,OFF,V. Husso (Winning Goalie); R. Fabbri (GWG Scorer),Detroit Red Wings defeated Toronto Maple Leafs 4-1 in regulation at Little Caesars Arena (Detroit).,NHL Official Stats REST API (api-web.nhle.com/v1)
771,2022020667,2022-2023,2022,Regular Season,Regular Season,2023-01-12,Thursday,00:00,Tampa Bay Lightning,Vancouver Canucks,Tampa Bay Lightning,Vancouver Canucks,TBL,VAN,5,4,9,1,Tampa Bay Lightning,Vancouver Canucks,Home Win (5-4),5-4,Regulation,No,No,Amalie Arena,Tampa Bay,OFF,A. Vasilevskiy (Winning Goalie); S. Stamkos (GWG Scorer),Tampa Bay Lightning defeated Vancouver Canucks 5-4 in regulation at Amalie Arena (Tampa Bay).,NHL Official Stats REST API (api-web.nhle.com/v1)
772,2022020668,2022-2023,2022,Regular Season,Regular Season,2023-01-12,Thursday,00:00,Buffalo Sabres,Winnipeg Jets,Buffalo Sabres,Winnipeg Jets,BUF,WPG,2,4,6,2,Winnipeg Jets,Buffalo Sabres,Away Win (4-2),2-4,Regulation,No,No,KeyBank Center,Buffalo,OFF,C. Hellebuyck (Winning Goalie); K. Connor (GWG Scorer),Winnipeg Jets defeated Buffalo Sabres 4-2 in regulation at KeyBank Center (Buffalo).,NHL Official Stats REST API (api-web.nhle.com/v1)
773,2022020669,2022-2023,2022,Regular Season,Regular Season,2023-01-12,Thursday,00:30,New York Islanders,Minnesota Wild,New York Islanders,Minnesota Wild,NYI,MIN,1,3,4,2,Minnesota Wild,New York Islanders,Away Win (3-1),1-3,Regulation,No,No,UBS Arena,New York,OFF,F. Gustavsson (Winning Goalie); S. Steel (GWG Scorer),Minnesota Wild defeated New York Islanders 3-1 in regulation at UBS Arena (New York).,NHL Official Stats REST API (api-web.nhle.com/v1)
774,2022020670,2022-2023,2022,Regular Season,Regular Season,2023-01-12,Thursday,01:00,St. Louis Blues,Calgary Flames,St. Louis Blues,Calgary Flames,STL,CGY,1,4,5,3,Calgary Flames,St. Louis Blues,Away Win (4-1),1-4,Regulation,No,No,Enterprise Center,St. Louis,OFF,D. Vladar (Winning Goalie); D. Dube (GWG Scorer),Calgary Flames defeated St. Louis Blues 4-1 in regulation at Enterprise Center (St. Louis).,NHL Official Stats REST API (api-web.nhle.com/v1)
775,2022020671,2022-2023,2022,Regular Season,Regular Season,2023-01-12,Thursday,01:30,Chicago Blackhawks,Colorado Avalanche,Chicago Blackhawks,Colorado Avalanche,CHI,COL,3,2,5,1,Chicago Blackhawks,Colorado Avalanche,Home Win (3-2),3-2,Regulation,No,No,United Center,Chicago,OFF,P. Mrazek (Winning Goalie); T. Raddysh (GWG Scorer),Chicago Blackhawks defeated Colorado Avalanche 3-2 in regulation at United Center (Chicago).,NHL Official Stats REST API (api-web.nhle.com/v1)
776,2022020672,2022-2023,2022,Regular Season,Regular Season,2023-01-12,Thursday,02:00,Arizona Coyotes,Ottawa Senators,Arizona Coyotes,Ottawa Senators,ARI,OTT,3,5,8,2,Ottawa Senators,Arizona Coyotes,Away Win (5-3),3-5,Regulation,No,No,Mullett Arena,Arizona,OFF,A. Forsberg (Winning Goalie); M. Kastelic (GWG Scorer),Ottawa Senators defeated Arizona Coyotes 5-3 in regulation at Mullett Arena (Arizona).,NHL Official Stats REST API (api-web.nhle.com/v1)
777,2022020673,2022-2023,2022,Regular Season,Regular Season,2023-01-12,Thursday,03:00,Vegas Golden Knights,Florida Panthers,Vegas Golden Knights,Florida Panthers,VGK,FLA,4,2,6,2,Vegas Golden Knights,Florida Panthers,Home Win (4-2),4-2,Regulation,No,No,T-Mobile Arena,Vegas,OFF,A. Hill (Winning Goalie); W. Carrier (GWG Scorer),Vegas Golden Knights defeated Florida Panthers 4-2 in regulation at T-Mobile Arena (Vegas).,NHL Official Stats REST API (api-web.nhle.com/v1)
778,2022020674,2022-2023,2022,Regular Season,Regular Season,2023-01-13,Friday,00:00,Pittsburgh Penguins,Winnipeg Jets,Pittsburgh Penguins,Winnipeg Jets,PIT,WPG,1,4,5,3,Winnipeg Jets,Pittsburgh Penguins,Away Win (4-1),1-4,Regulation,No,No,PPG Paints Arena,Pittsburgh,OFF,D. Rittich (Winning Goalie); M. Scheifele (GWG Scorer),Winnipeg Jets defeated Pittsburgh Penguins 4-1 in regulation at PPG Paints Arena (Pittsburgh).,NHL Official Stats REST API (api-web.nhle.com/v1)
779,2022020675,2022-2023,2022,Regular Season,Regular Season,2023-01-13,Friday,03:00,Anaheim Ducks,New Jersey Devils,Anaheim Ducks,New Jersey Devils,ANA,NJD,2,6,8,4,New Jersey Devils,Anaheim Ducks,Away Win (6-2),2-6,Regulation,No,No,Honda Center,Anaheim,OFF,V. Vanecek (Winning Goalie); J. Hughes (GWG Scorer),New Jersey Devils defeated Anaheim Ducks 6-2 in regulation at Honda Center (Anaheim).,NHL Official Stats REST API (api-web.nhle.com/v1)
780,2022020676,2022-2023,2022,Regular Season,Regular Season,2023-01-13,Friday,03:30,San Jose Sharks,Edmonton Oilers,San Jose Sharks,Edmonton Oilers,SJS,EDM,1,7,8,6,Edmonton Oilers,San Jose Sharks,Away Win (7-1),1-7,Regulation,No,No,SAP Center at San Jose,San Jose,OFF,J. Campbell (Winning Goalie); K. Kostin (GWG Scorer),Edmonton Oilers defeated San Jose Sharks 7-1 in regulation at SAP Center at San Jose (San Jose).,NHL Official Stats REST API (api-web.nhle.com/v1)
781,2022020677,2022-2023,2022,Regular Season,Regular Season,2023-01-14,Saturday,19:00,Dallas Stars,Calgary Flames,Dallas Stars,Calgary Flames,DAL,CGY,5,6,11,1,Calgary Flames,Dallas Stars,Away Win (6-5),5-6,Regulation,No,No,American Airlines Center,Dallas,OFF,D. Vladar (Winning Goalie); C. Tanev (GWG Scorer),Calgary Flames defeated Dallas Stars 6-5 in regulation at American Airlines Center (Dallas).,NHL Official Stats REST API (api-web.nhle.com/v1)
782,2022020678,2022-2023,2022,Regular Season,Regular Season,2023-01-14,Saturday,00:00,Detroit Red Wings,Columbus Blue Jackets,Detroit Red Wings,Columbus Blue Jackets,DET,CBJ,3,4,7,1,Columbus Blue Jackets,Detroit Red Wings,Away Win (4-3),3-4,Regulation,No,No,Little Caesars Arena,Detroit,OFF,E. Merzlikins (Winning Goalie); P. Laine (GWG Scorer),Columbus Blue Jackets defeated Detroit Red Wings 4-3 in regulation at Little Caesars Arena (Detroit).,NHL Official Stats REST API (api-web.nhle.com/v1)
783,2022020679,2022-2023,2022,Regular Season,Regular Season,2023-01-14,Saturday,00:00,New York Islanders,Montréal Canadiens,New York Islanders,Montréal Canadiens,NYI,MTL,2,1,3,1,New York Islanders,Montréal Canadiens,Home Win (2-1),2-1,Regulation,No,No,UBS Arena,New York,OFF,I. Sorokin (Winning Goalie); A. Beauvillier (GWG Scorer),New York Islanders defeated Montréal Canadiens 2-1 in regulation at UBS Arena (New York).,NHL Official Stats REST API (api-web.nhle.com/v1)
784,2022020680,2022-2023,2022,Regular Season,Regular Season,2023-01-14,Saturday,00:00,Colorado Avalanche,Ottawa Senators,Colorado Avalanche,Ottawa Senators,COL,OTT,7,0,7,7,Colorado Avalanche,Ottawa Senators,Home Win (7-0),7-0,Regulation,No,No,Ball Arena,Colorado,OFF,P. Francouz (Winning Goalie); M. Rantanen (GWG Scorer),Colorado Avalanche defeated Ottawa Senators 7-0 in regulation at Ball Arena (Colorado).,NHL Official Stats REST API (api-web.nhle.com/v1)
785,2022020681,2022-2023,2022,Regular Season,Regular Season,2023-01-14,Saturday,00:00,Washington Capitals,Philadelphia Flyers,Washington Capitals,Philadelphia Flyers,WSH,PHI,1,3,4,2,Philadelphia Flyers,Washington Capitals,Away Win (3-1),1-3,Regulation,No,No,Capital One Arena,Washington,OFF,C. Hart (Winning Goalie); J. van Riemsdyk (GWG Scorer),Philadelphia Flyers defeated Washington Capitals 3-1 in regulation at Capital One Arena (Washington).,NHL Official Stats REST API (api-web.nhle.com/v1)
786,2022020682,2022-2023,2022,Regular Season,Regular Season,2023-01-14,Saturday,00:00,Carolina Hurricanes,Pittsburgh Penguins,Carolina Hurricanes,Pittsburgh Penguins,CAR,PIT,2,1,3,1,Carolina Hurricanes,Pittsburgh Penguins,Home Win (2-1),2-1,Regulation,No,No,PNC Arena,Carolina,OFF,F. Andersen (Winning Goalie); J. Chatfield (GWG Scorer),Carolina Hurricanes defeated Pittsburgh Penguins 2-1 in regulation at PNC Arena (Carolina).,NHL Official Stats REST API (api-web.nhle.com/v1)
787,2022020683,2022-2023,2022,Regular Season,Regular Season,2023-01-14,Saturday,00:00,Boston Bruins,Toronto Maple Leafs,Boston Bruins,Toronto Maple Leafs,BOS,TOR,4,3,7,1,Boston Bruins,Toronto Maple Leafs,Home Win (4-3),4-3,Regulation,No,No,TD Garden,Boston,OFF,L. Ullmark (Winning Goalie); M. Grzelcyk (GWG Scorer),Boston Bruins defeated Toronto Maple Leafs 4-3 in regulation at TD Garden (Boston).,NHL Official Stats REST API (api-web.nhle.com/v1)
788,2022020684,2022-2023,2022,Regular Season,Regular Season,2023-01-14,Saturday,00:00,Florida Panthers,Vancouver Canucks,Florida Panthers,Vancouver Canucks,FLA,VAN,4,3,7,1,Florida Panthers,Vancouver Canucks,Home Win (4-3),4-3,Regulation,No,No,FLA Live Arena,Florida,OFF,S. Bobrovsky (Winning Goalie); A. Barkov (GWG Scorer),Florida Panthers defeated Vancouver Canucks 4-3 in regulation at FLA Live Arena (Florida).,NHL Official Stats REST API (api-web.nhle.com/v1)
789,2022020685,2022-2023,2022,Regular Season,Regular Season,2023-01-14,Saturday,01:00,Minnesota Wild,Arizona Coyotes,Minnesota Wild,Arizona Coyotes,MIN,ARI,2,1,3,1,Minnesota Wild,Arizona Coyotes,Home Win (2-1),2-1,Regulation,No,No,Xcel Energy Center,Minnesota,OFF,M. Fleury (Winning Goalie); F. Gaudreau (GWG Scorer),Minnesota Wild defeated Arizona Coyotes 2-1 in regulation at Xcel Energy Center (Minnesota).,NHL Official Stats REST API (api-web.nhle.com/v1)
790,2022020686,2022-2023,2022,Regular Season,Regular Season,2023-01-14,Saturday,01:00,Nashville Predators,Buffalo Sabres,Nashville Predators,Buffalo Sabres,NSH,BUF,3,5,8,2,Buffalo Sabres,Nashville Predators,Away Win (5-3),3-5,Regulation,No,No,Bridgestone Arena,Nashville,OFF,U. Luukkonen (Winning Goalie); K. Okposo (GWG Scorer),Buffalo Sabres defeated Nashville Predators 5-3 in regulation at Bridgestone Arena (Nashville).,NHL Official Stats REST API (api-web.nhle.com/v1)
791,2022020687,2022-2023,2022,Regular Season,Regular Season,2023-01-14,Saturday,01:00,Chicago Blackhawks,Seattle Kraken,Chicago Blackhawks,Seattle Kraken,CHI,SEA,5,8,13,3,Seattle Kraken,Chicago Blackhawks,Away Win (8-5),5-8,Regulation,No,No,United Center,Chicago,OFF,M. Jones (Winning Goalie); J. McCann (GWG Scorer),Seattle Kraken defeated Chicago Blackhawks 8-5 in regulation at United Center (Chicago).,NHL Official Stats REST API (api-web.nhle.com/v1)
792,2022020688,2022-2023,2022,Regular Season,Regular Season,2023-01-14,Saturday,01:00,St. Louis Blues,Tampa Bay Lightning,St. Louis Blues,Tampa Bay Lightning,STL,TBL,2,4,6,2,Tampa Bay Lightning,St. Louis Blues,Away Win (4-2),2-4,Regulation,No,No,Enterprise Center,St. Louis,OFF,A. Vasilevskiy (Winning Goalie); N. Perbix (GWG Scorer),Tampa Bay Lightning defeated St. Louis Blues 4-2 in regulation at Enterprise Center (St. Louis).,NHL Official Stats REST API (api-web.nhle.com/v1)
793,2022020689,2022-2023,2022,Regular Season,Regular Season,2023-01-14,Saturday,03:00,Vegas Golden Knights,Edmonton Oilers,Vegas Golden Knights,Edmonton Oilers,VGK,EDM,3,4,7,1,Edmonton Oilers,Vegas Golden Knights,Away Win (4-3),3-4,Regulation,No,No,T-Mobile Arena,Vegas,OFF,J. Campbell (Winning Goalie); K. Kostin (GWG Scorer),Edmonton Oilers defeated Vegas Golden Knights 4-3 in regulation at T-Mobile Arena (Vegas).,NHL Official Stats REST API (api-web.nhle.com/v1)
794,2022020690,2022-2023,2022,Regular Season,Regular Season,2023-01-14,Saturday,03:30,Los Angeles Kings,New Jersey Devils,Los Angeles Kings,New Jersey Devils,LAK,NJD,2,5,7,3,New Jersey Devils,Los Angeles Kings,Away Win (5-2),2-5,Regulation,No,No,Crypto.com Arena,Los Angeles,OFF,M. Blackwood (Winning Goalie); N. Okhotiuk (GWG Scorer),New Jersey Devils defeated Los Angeles Kings 5-2 in regulation at Crypto.com Arena (Los Angeles).,NHL Official Stats REST API (api-web.nhle.com/v1)
795,2022020691,2022-2023,2022,Regular Season,Regular Season,2023-01-15,Sunday,22:00,New York Rangers,Montréal Canadiens,New York Rangers,Montréal Canadiens,NYR,MTL,1,2,3,1,Montréal Canadiens,New York Rangers,Away Win (2-1),1-2,Regulation,No,No,Madison Square Garden,New York,OFF,S. Montembeault (Winning Goalie); C. Caufield (GWG Scorer),Montréal Canadiens defeated New York Rangers 2-1 in regulation at Madison Square Garden (New York).,NHL Official Stats REST API (api-web.nhle.com/v1)
796,2022020692,2022-2023,2022,Regular Season,Regular Season,2023-01-15,Sunday,22:00,Carolina Hurricanes,Vancouver Canucks,Carolina Hurricanes,Vancouver Canucks,CAR,VAN,3,4,7,1,Vancouver Canucks,Carolina Hurricanes,Away Win (4-3 SO),3-4,Shootout,Yes,Yes,PNC Arena,Carolina,OFF,C. Delia (Winning Goalie),Vancouver Canucks defeated Carolina Hurricanes 4-3 in a shootout at PNC Arena (Carolina).,NHL Official Stats REST API (api-web.nhle.com/v1)
797,2022020693,2022-2023,2022,Regular Season,Regular Season,2023-01-15,Sunday,00:00,Winnipeg Jets,Arizona Coyotes,Winnipeg Jets,Arizona Coyotes,WPG,ARI,2,1,3,1,Winnipeg Jets,Arizona Coyotes,Home Win (2-1),2-1,Regulation,No,No,Canada Life Centre,Winnipeg,OFF,C. Hellebuyck (Winning Goalie); B. Wheeler (GWG Scorer),Winnipeg Jets defeated Arizona Coyotes 2-1 in regulation at Canada Life Centre (Winnipeg).,NHL Official Stats REST API (api-web.nhle.com/v1)
798,2022020694,2022-2023,2022,Regular Season,Regular Season,2023-01-16,Monday,18:00,Buffalo Sabres,Florida Panthers,Buffalo Sabres,Florida Panthers,BUF,FLA,1,4,5,3,Florida Panthers,Buffalo Sabres,Away Win (4-1),1-4,Regulation,No,No,KeyBank Center,Buffalo,OFF,S. Bobrovsky (Winning Goalie); S. Bennett (GWG Scorer),Florida Panthers defeated Buffalo Sabres 4-1 in regulation at KeyBank Center (Buffalo).,NHL Official Stats REST API (api-web.nhle.com/v1)
799,2022020695,2022-2023,2022,Regular Season,Regular Season,2023-01-16,Monday,18:00,Boston Bruins,Philadelphia Flyers,Boston Bruins,Philadelphia Flyers,BOS,PHI,6,0,6,6,Boston Bruins,Philadelphia Flyers,Home Win (6-0),6-0,Regulation,No,No,TD Garden,Boston,OFF,J. Swayman (Winning Goalie); D. Pastrnak (GWG Scorer),Boston Bruins defeated Philadelphia Flyers 6-0 in regulation at TD Garden (Boston).,NHL Official Stats REST API (api-web.nhle.com/v1)
800,2022020696,2022-2023,2022,Regular Season,Regular Season,2023-01-16,Monday,20:00,Colorado Avalanche,Detroit Red Wings,Colorado Avalanche,Detroit Red Wings,COL,DET,6,3,9,3,Colorado Avalanche,Detroit Red Wings,Home Win (6-3),6-3,Regulation,No,No,Ball Arena,Colorado,OFF,P. Francouz (Winning Goalie); J. Compher (GWG Scorer),Colorado Avalanche defeated Detroit Red Wings 6-3 in regulation at Ball Arena (Colorado).,NHL Official Stats REST API (api-web.nhle.com/v1)
801,2022020697,2022-2023,2022,Regular Season,Regular Season,2023-01-16,Monday,21:00,San Jose Sharks,New Jersey Devils,San Jose Sharks,New Jersey Devils,SJS,NJD,3,4,7,1,New Jersey Devils,San Jose Sharks,Away Win (4-3 SO),3-4,Shootout,Yes,Yes,SAP Center at San Jose,San Jose,OFF,V. Vanecek (Winning Goalie),New Jersey Devils defeated San Jose Sharks 4-3 in a shootout at SAP Center at San Jose (San Jose).,NHL Official Stats REST API (api-web.nhle.com/v1)
802,2022020698,2022-2023,2022,Regular Season,Regular Season,2023-01-16,Monday,21:00,Seattle Kraken,Tampa Bay Lightning,Seattle Kraken,Tampa Bay Lightning,SEA,TBL,1,4,5,3,Tampa Bay Lightning,Seattle Kraken,Away Win (4-1),1-4,Regulation,No,No,Climate Pledge Arena,Seattle,OFF,A. Vasilevskiy (Winning Goalie); N. Paul (GWG Scorer),Tampa Bay Lightning defeated Seattle Kraken 4-1 in regulation at Climate Pledge Arena (Seattle).,NHL Official Stats REST API (api-web.nhle.com/v1)
803,2022020699,2022-2023,2022,Regular Season,Regular Season,2023-01-16,Monday,23:00,Vegas Golden Knights,Dallas Stars,Vegas Golden Knights,Dallas Stars,VGK,DAL,0,4,4,4,Dallas Stars,Vegas Golden Knights,Away Win (4-0),0-4,Regulation,No,No,T-Mobile Arena,Vegas,OFF,J. Oettinger (Winning Goalie); J. Benn (GWG Scorer),Dallas Stars defeated Vegas Golden Knights 4-0 in regulation at T-Mobile Arena (Vegas).,NHL Official Stats REST API (api-web.nhle.com/v1)
804,2022020700,2022-2023,2022,Regular Season,Regular Season,2023-01-16,Monday,00:00,Pittsburgh Penguins,Anaheim Ducks,Pittsburgh Penguins,Anaheim Ducks,PIT,ANA,4,3,7,1,Pittsburgh Penguins,Anaheim Ducks,Home Win (4-3 OT),4-3,Overtime,Yes,No,PPG Paints Arena,Pittsburgh,OFF,C. DeSmith (Winning Goalie); J. Guentzel (GWG Scorer),Pittsburgh Penguins defeated Anaheim Ducks 4-3 in overtime at PPG Paints Arena (Pittsburgh).,NHL Official Stats REST API (api-web.nhle.com/v1)
805,2022020701,2022-2023,2022,Regular Season,Regular Season,2023-01-16,Monday,00:00,Columbus Blue Jackets,New York Rangers,Columbus Blue Jackets,New York Rangers,CBJ,NYR,1,3,4,2,New York Rangers,Columbus Blue Jackets,Away Win (3-1),1-3,Regulation,No,No,Nationwide Arena,Columbus,OFF,J. Halak (Winning Goalie); B. Goodrow (GWG Scorer),New York Rangers defeated Columbus Blue Jackets 3-1 in regulation at Nationwide Arena (Columbus).,NHL Official Stats REST API (api-web.nhle.com/v1)
806,2022020702,2022-2023,2022,Regular Season,Regular Season,2023-01-16,Monday,00:30,New York Islanders,Washington Capitals,New York Islanders,Washington Capitals,NYI,WSH,3,4,7,1,Washington Capitals,New York Islanders,Away Win (4-3 OT),3-4,Overtime,Yes,No,UBS Arena,New York,OFF,D. Kuemper (Winning Goalie); D. Orlov (GWG Scorer),Washington Capitals defeated New York Islanders 4-3 in overtime at UBS Arena (New York).,NHL Official Stats REST API (api-web.nhle.com/v1)
807,2022020703,2022-2023,2022,Regular Season,Regular Season,2023-01-16,Monday,01:00,Nashville Predators,Calgary Flames,Nashville Predators,Calgary Flames,NSH,CGY,2,1,3,1,Nashville Predators,Calgary Flames,Home Win (2-1),2-1,Regulation,No,No,Bridgestone Arena,Nashville,OFF,J. Saros (Winning Goalie); J. Parssinen (GWG Scorer),Nashville Predators defeated Calgary Flames 2-1 in regulation at Bridgestone Arena (Nashville).,NHL Official Stats REST API (api-web.nhle.com/v1)
808,2022020704,2022-2023,2022,Regular Season,Regular Season,2023-01-16,Monday,01:00,St. Louis Blues,Ottawa Senators,St. Louis Blues,Ottawa Senators,STL,OTT,2,1,3,1,St. Louis Blues,Ottawa Senators,Home Win (2-1),2-1,Regulation,No,No,Enterprise Center,St. Louis,OFF,J. Binnington (Winning Goalie); N. Acciari (GWG Scorer),St. Louis Blues defeated Ottawa Senators 2-1 in regulation at Enterprise Center (St. Louis).,NHL Official Stats REST API (api-web.nhle.com/v1)
809,2022020705,2022-2023,2022,Regular Season,Regular Season,2023-01-17,Tuesday,00:00,Philadelphia Flyers,Anaheim Ducks,Philadelphia Flyers,Anaheim Ducks,PHI,ANA,5,2,7,3,Philadelphia Flyers,Anaheim Ducks,Home Win (5-2),5-2,Regulation,No,No,Wells Fargo Center,Philadelphia,OFF,S. Ersson (Winning Goalie); M. Frost (GWG Scorer),Philadelphia Flyers defeated Anaheim Ducks 5-2 in regulation at Wells Fargo Center (Philadelphia).,NHL Official Stats REST API (api-web.nhle.com/v1)
810,2022020706,2022-2023,2022,Regular Season,Regular Season,2023-01-17,Tuesday,00:00,Toronto Maple Leafs,Florida Panthers,Toronto Maple Leafs,Florida Panthers,TOR,FLA,5,4,9,1,Toronto Maple Leafs,Florida Panthers,Home Win (5-4 OT),5-4,Overtime,Yes,No,Scotiabank Arena,Toronto,OFF,I. Samsonov (Winning Goalie); W. Nylander (GWG Scorer),Toronto Maple Leafs defeated Florida Panthers 5-4 in overtime at Scotiabank Arena (Toronto).,NHL Official Stats REST API (api-web.nhle.com/v1)
811,2022020707,2022-2023,2022,Regular Season,Regular Season,2023-01-17,Tuesday,00:00,Washington Capitals,Minnesota Wild,Washington Capitals,Minnesota Wild,WSH,MIN,2,4,6,2,Minnesota Wild,Washington Capitals,Away Win (4-2),2-4,Regulation,No,No,Capital One Arena,Washington,OFF,F. Gustavsson (Winning Goalie); J. Spurgeon (GWG Scorer),Minnesota Wild defeated Washington Capitals 4-2 in regulation at Capital One Arena (Washington).,NHL Official Stats REST API (api-web.nhle.com/v1)
812,2022020708,2022-2023,2022,Regular Season,Regular Season,2023-01-17,Tuesday,00:00,Montréal Canadiens,Winnipeg Jets,Montréal Canadiens,Winnipeg Jets,MTL,WPG,4,1,5,3,Montréal Canadiens,Winnipeg Jets,Home Win (4-1),4-1,Regulation,No,No,Centre Bell,Montréal,OFF,S. Montembeault (Winning Goalie); M. Hoffman (GWG Scorer),Montréal Canadiens defeated Winnipeg Jets 4-1 in regulation at Centre Bell (Montréal).,NHL Official Stats REST API (api-web.nhle.com/v1)
813,2022020338,2022-2023,2022,Regular Season,Regular Season,2023-01-17,Tuesday,01:00,Nashville Predators,Columbus Blue Jackets,Nashville Predators,Columbus Blue Jackets,NSH,CBJ,2,1,3,1,Nashville Predators,Columbus Blue Jackets,Home Win (2-1),2-1,Regulation,No,No,Bridgestone Arena,Nashville,OFF,K. Lankinen (Winning Goalie); Y. Trenin (GWG Scorer),Nashville Predators defeated Columbus Blue Jackets 2-1 in regulation at Bridgestone Arena (Nashville).,NHL Official Stats REST API (api-web.nhle.com/v1)
814,2022020709,2022-2023,2022,Regular Season,Regular Season,2023-01-17,Tuesday,01:30,Chicago Blackhawks,Buffalo Sabres,Chicago Blackhawks,Buffalo Sabres,CHI,BUF,4,3,7,1,Chicago Blackhawks,Buffalo Sabres,Home Win (4-3 OT),4-3,Overtime,Yes,No,United Center,Chicago,OFF,P. Mrazek (Winning Goalie); S. Jones (GWG Scorer),Chicago Blackhawks defeated Buffalo Sabres 4-3 in overtime at United Center (Chicago).,NHL Official Stats REST API (api-web.nhle.com/v1)
815,2022020710,2022-2023,2022,Regular Season,Regular Season,2023-01-17,Tuesday,02:00,Arizona Coyotes,Detroit Red Wings,Arizona Coyotes,Detroit Red Wings,ARI,DET,4,3,7,1,Arizona Coyotes,Detroit Red Wings,Home Win (4-3 SO),4-3,Shootout,Yes,Yes,Mullett Arena,Arizona,OFF,C. Ingram (Winning Goalie),Arizona Coyotes defeated Detroit Red Wings 4-3 in a shootout at Mullett Arena (Arizona).,NHL Official Stats REST API (api-web.nhle.com/v1)
816,2022020711,2022-2023,2022,Regular Season,Regular Season,2023-01-17,Tuesday,02:00,Edmonton Oilers,Seattle Kraken,Edmonton Oilers,Seattle Kraken,EDM,SEA,5,2,7,3,Edmonton Oilers,Seattle Kraken,Home Win (5-2),5-2,Regulation,No,No,Rogers Place,Edmonton,OFF,J. Campbell (Winning Goalie); W. Foegele (GWG Scorer),Edmonton Oilers defeated Seattle Kraken 5-2 in regulation at Rogers Place (Edmonton).,NHL Official Stats REST API (api-web.nhle.com/v1)
817,2022020712,2022-2023,2022,Regular Season,Regular Season,2023-01-18,Wednesday,00:00,Ottawa Senators,Pittsburgh Penguins,Ottawa Senators,Pittsburgh Penguins,OTT,PIT,5,4,9,1,Ottawa Senators,Pittsburgh Penguins,Home Win (5-4 OT),5-4,Overtime,Yes,No,Canadian Tire Centre,Ottawa,OFF,C. Talbot (Winning Goalie); B. Tkachuk (GWG Scorer),Ottawa Senators defeated Pittsburgh Penguins 5-4 in overtime at Canadian Tire Centre (Ottawa).,NHL Official Stats REST API (api-web.nhle.com/v1)
818,2022020713,2022-2023,2022,Regular Season,Regular Season,2023-01-18,Wednesday,00:30,New York Islanders,Boston Bruins,New York Islanders,Boston Bruins,NYI,BOS,1,4,5,3,Boston Bruins,New York Islanders,Away Win (4-1),1-4,Regulation,No,No,UBS Arena,New York,OFF,L. Ullmark (Winning Goalie); D. Forbort (GWG Scorer),Boston Bruins defeated New York Islanders 4-1 in regulation at UBS Arena (New York).,NHL Official Stats REST API (api-web.nhle.com/v1)
819,2022020714,2022-2023,2022,Regular Season,Regular Season,2023-01-18,Wednesday,02:30,Calgary Flames,Colorado Avalanche,Calgary Flames,Colorado Avalanche,CGY,COL,1,4,5,3,Colorado Avalanche,Calgary Flames,Away Win (4-1),1-4,Regulation,No,No,Scotiabank Saddledome,Calgary,OFF,A. Georgiev (Winning Goalie); A. Lehkonen (GWG Scorer),Colorado Avalanche defeated Calgary Flames 4-1 in regulation at Scotiabank Saddledome (Calgary).,NHL Official Stats REST API (api-web.nhle.com/v1)
820,2022020715,2022-2023,2022,Regular Season,Regular Season,2023-01-18,Wednesday,03:00,Vancouver Canucks,Tampa Bay Lightning,Vancouver Canucks,Tampa Bay Lightning,VAN,TBL,2,5,7,3,Tampa Bay Lightning,Vancouver Canucks,Away Win (5-2),2-5,Regulation,No,No,Rogers Arena,Vancouver,OFF,B. Elliott (Winning Goalie); B. Point (GWG Scorer),Tampa Bay Lightning defeated Vancouver Canucks 5-2 in regulation at Rogers Arena (Vancouver).,NHL Official Stats REST API (api-web.nhle.com/v1)
821,2022020716,2022-2023,2022,Regular Season,Regular Season,2023-01-18,Wednesday,03:00,San Jose Sharks,Dallas Stars,San Jose Sharks,Dallas Stars,SJS,DAL,5,3,8,2,San Jose Sharks,Dallas Stars,Home Win (5-3),5-3,Regulation,No,No,SAP Center at San Jose,San Jose,OFF,J. Reimer (Winning Goalie); E. Karlsson (GWG Scorer),San Jose Sharks defeated Dallas Stars 5-3 in regulation at SAP Center at San Jose (San Jose).,NHL Official Stats REST API (api-web.nhle.com/v1)
822,2022020717,2022-2023,2022,Regular Season,Regular Season,2023-01-19,Thursday,00:00,Columbus Blue Jackets,Anaheim Ducks,Columbus Blue Jackets,Anaheim Ducks,CBJ,ANA,3,5,8,2,Anaheim Ducks,Columbus Blue Jackets,Away Win (5-3),3-5,Regulation,No,No,Nationwide Arena,Columbus,OFF,J. Gibson (Winning Goalie); T. Zegras (GWG Scorer),Anaheim Ducks defeated Columbus Blue Jackets 5-3 in regulation at Nationwide Arena (Columbus).,NHL Official Stats REST API (api-web.nhle.com/v1)
823,2022020718,2022-2023,2022,Regular Season,Regular Season,2023-01-19,Thursday,00:00,New York Rangers,Boston Bruins,New York Rangers,Boston Bruins,NYR,BOS,1,3,4,2,Boston Bruins,New York Rangers,Away Win (3-1),1-3,Regulation,No,No,Madison Square Garden,New York,OFF,J. Swayman (Winning Goalie); P. Bergeron (GWG Scorer),Boston Bruins defeated New York Rangers 3-1 in regulation at Madison Square Garden (New York).,NHL Official Stats REST API (api-web.nhle.com/v1)
824,2022020719,2022-2023,2022,Regular Season,Regular Season,2023-01-19,Thursday,00:00,Philadelphia Flyers,Chicago Blackhawks,Philadelphia Flyers,Chicago Blackhawks,PHI,CHI,1,4,5,3,Chicago Blackhawks,Philadelphia Flyers,Away Win (4-1),1-4,Regulation,No,No,Wells Fargo Center,Philadelphia,OFF,P. Mrazek (Winning Goalie); R. Johnson (GWG Scorer),Chicago Blackhawks defeated Philadelphia Flyers 4-1 in regulation at Wells Fargo Center (Philadelphia).,NHL Official Stats REST API (api-web.nhle.com/v1)
825,2022020720,2022-2023,2022,Regular Season,Regular Season,2023-01-19,Thursday,00:00,Montréal Canadiens,Florida Panthers,Montréal Canadiens,Florida Panthers,MTL,FLA,2,6,8,4,Florida Panthers,Montréal Canadiens,Away Win (6-2),2-6,Regulation,No,No,Centre Bell,Montréal,OFF,A. Lyon (Winning Goalie); M. Tkachuk (GWG Scorer),Florida Panthers defeated Montréal Canadiens 6-2 in regulation at Centre Bell (Montréal).,NHL Official Stats REST API (api-web.nhle.com/v1)
826,2022020721,2022-2023,2022,Regular Season,Regular Season,2023-01-19,Thursday,00:00,Carolina Hurricanes,Minnesota Wild,Carolina Hurricanes,Minnesota Wild,CAR,MIN,5,2,7,3,Carolina Hurricanes,Minnesota Wild,Home Win (5-2),5-2,Regulation,No,No,PNC Arena,Carolina,OFF,F. Andersen (Winning Goalie); T. Teravainen (GWG Scorer),Carolina Hurricanes defeated Minnesota Wild 5-2 in regulation at PNC Arena (Carolina).,NHL Official Stats REST API (api-web.nhle.com/v1)
827,2022020723,2022-2023,2022,Regular Season,Regular Season,2023-01-19,Thursday,00:00,Toronto Maple Leafs,Winnipeg Jets,Toronto Maple Leafs,Winnipeg Jets,TOR,WPG,4,1,5,3,Toronto Maple Leafs,Winnipeg Jets,Home Win (4-1),4-1,Regulation,No,No,Scotiabank Arena,Toronto,OFF,I. Samsonov (Winning Goalie); A. Matthews (GWG Scorer),Toronto Maple Leafs defeated Winnipeg Jets 4-1 in regulation at Scotiabank Arena (Toronto).,NHL Official Stats REST API (api-web.nhle.com/v1)
828,2022020722,2022-2023,2022,Regular Season,Regular Season,2023-01-19,Thursday,00:30,Buffalo Sabres,New York Islanders,Buffalo Sabres,New York Islanders,BUF,NYI,3,2,5,1,Buffalo Sabres,New York Islanders,Home Win (3-2 OT),3-2,Overtime,Yes,No,KeyBank Center,Buffalo,OFF,U. Luukkonen (Winning Goalie); D. Cozens (GWG Scorer),Buffalo Sabres defeated New York Islanders 3-2 in overtime at KeyBank Center (Buffalo).,NHL Official Stats REST API (api-web.nhle.com/v1)
829,2022020724,2022-2023,2022,Regular Season,Regular Season,2023-01-19,Thursday,01:00,St. Louis Blues,Nashville Predators,St. Louis Blues,Nashville Predators,STL,NSH,5,2,7,3,St. Louis Blues,Nashville Predators,Home Win (5-2),5-2,Regulation,No,No,Enterprise Center,St. Louis,OFF,J. Binnington (Winning Goalie); J. Kyrou (GWG Scorer),St. Louis Blues defeated Nashville Predators 5-2 in regulation at Enterprise Center (St. Louis).,NHL Official Stats REST API (api-web.nhle.com/v1)
830,2022020725,2022-2023,2022,Regular Season,Regular Season,2023-01-19,Thursday,02:00,Edmonton Oilers,Tampa Bay Lightning,Edmonton Oilers,Tampa Bay Lightning,EDM,TBL,5,3,8,2,Edmonton Oilers,Tampa Bay Lightning,Home Win (5-3),5-3,Regulation,No,No,Rogers Place,Edmonton,OFF,J. Campbell (Winning Goalie); C. McDavid (GWG Scorer),Edmonton Oilers defeated Tampa Bay Lightning 5-3 in regulation at Rogers Place (Edmonton).,NHL Official Stats REST API (api-web.nhle.com/v1)
831,2022020726,2022-2023,2022,Regular Season,Regular Season,2023-01-19,Thursday,02:00,Arizona Coyotes,Washington Capitals,Arizona Coyotes,Washington Capitals,ARI,WSH,0,4,4,4,Washington Capitals,Arizona Coyotes,Away Win (4-0),0-4,Regulation,No,No,Mullett Arena,Arizona,OFF,D. Kuemper (Winning Goalie); D. Strome (GWG Scorer),Washington Capitals defeated Arizona Coyotes 4-0 in regulation at Mullett Arena (Arizona).,NHL Official Stats REST API (api-web.nhle.com/v1)
832,2022020727,2022-2023,2022,Regular Season,Regular Season,2023-01-19,Thursday,03:00,Vegas Golden Knights,Detroit Red Wings,Vegas Golden Knights,Detroit Red Wings,VGK,DET,2,3,5,1,Detroit Red Wings,Vegas Golden Knights,Away Win (3-2),2-3,Regulation,No,No,T-Mobile Arena,Vegas,OFF,V. Husso (Winning Goalie); J. Veleno (GWG Scorer),Detroit Red Wings defeated Vegas Golden Knights 3-2 in regulation at T-Mobile Arena (Vegas).,NHL Official Stats REST API (api-web.nhle.com/v1)
833,2022020728,2022-2023,2022,Regular Season,Regular Season,2023-01-19,Thursday,03:00,Seattle Kraken,New Jersey Devils,Seattle Kraken,New Jersey Devils,SEA,NJD,4,3,7,1,Seattle Kraken,New Jersey Devils,Home Win (4-3 OT),4-3,Overtime,Yes,No,Climate Pledge Arena,Seattle,OFF,M. Jones (Winning Goalie); A. Burakovsky (GWG Scorer),Seattle Kraken defeated New Jersey Devils 4-3 in overtime at Climate Pledge Arena (Seattle).,NHL Official Stats REST API (api-web.nhle.com/v1)
834,2022020729,2022-2023,2022,Regular Season,Regular Season,2023-01-19,Thursday,03:30,Los Angeles Kings,Dallas Stars,Los Angeles Kings,Dallas Stars,LAK,DAL,0,4,4,4,Dallas Stars,Los Angeles Kings,Away Win (4-0),0-4,Regulation,No,No,Crypto.com Arena,Los Angeles,OFF,S. Wedgewood (Winning Goalie); T. Seguin (GWG Scorer),Dallas Stars defeated Los Angeles Kings 4-0 in regulation at Crypto.com Arena (Los Angeles).,NHL Official Stats REST API (api-web.nhle.com/v1)
835,2022020730,2022-2023,2022,Regular Season,Regular Season,2023-01-20,Friday,00:00,Pittsburgh Penguins,Ottawa Senators,Pittsburgh Penguins,Ottawa Senators,PIT,OTT,4,1,5,3,Pittsburgh Penguins,Ottawa Senators,Home Win (4-1),4-1,Regulation,No,No,PPG Paints Arena,Pittsburgh,OFF,T. Jarry (Winning Goalie); J. Zucker (GWG Scorer),Pittsburgh Penguins defeated Ottawa Senators 4-1 in regulation at PPG Paints Arena (Pittsburgh).,NHL Official Stats REST API (api-web.nhle.com/v1)
836,2022020731,2022-2023,2022,Regular Season,Regular Season,2023-01-20,Friday,03:00,Vancouver Canucks,Colorado Avalanche,Vancouver Canucks,Colorado Avalanche,VAN,COL,1,4,5,3,Colorado Avalanche,Vancouver Canucks,Away Win (4-1),1-4,Regulation,No,No,Rogers Arena,Vancouver,OFF,A. Georgiev (Winning Goalie); V. Nichushkin (GWG Scorer),Colorado Avalanche defeated Vancouver Canucks 4-1 in regulation at Rogers Arena (Vancouver).,NHL Official Stats REST API (api-web.nhle.com/v1)
837,2022020732,2022-2023,2022,Regular Season,Regular Season,2023-01-21,Saturday,17:30,Buffalo Sabres,Anaheim Ducks,Buffalo Sabres,Anaheim Ducks,BUF,ANA,6,3,9,3,Buffalo Sabres,Anaheim Ducks,Home Win (6-3),6-3,Regulation,No,No,KeyBank Center,Buffalo,OFF,U. Luukkonen (Winning Goalie); V. Olofsson (GWG Scorer),Buffalo Sabres defeated Anaheim Ducks 6-3 in regulation at KeyBank Center (Buffalo).,NHL Official Stats REST API (api-web.nhle.com/v1)
838,2022020733,2022-2023,2022,Regular Season,Regular Season,2023-01-21,Saturday,20:00,Calgary Flames,Tampa Bay Lightning,Calgary Flames,Tampa Bay Lightning,CGY,TBL,6,3,9,3,Calgary Flames,Tampa Bay Lightning,Home Win (6-3),6-3,Regulation,No,No,Scotiabank Saddledome,Calgary,OFF,D. Vladar (Winning Goalie); D. Dube (GWG Scorer),Calgary Flames defeated Tampa Bay Lightning 6-3 in regulation at Scotiabank Saddledome (Calgary).,NHL Official Stats REST API (api-web.nhle.com/v1)
839,2022020734,2022-2023,2022,Regular Season,Regular Season,2023-01-21,Saturday,23:00,Florida Panthers,Minnesota Wild,Florida Panthers,Minnesota Wild,FLA,MIN,5,3,8,2,Florida Panthers,Minnesota Wild,Home Win (5-3),5-3,Regulation,No,No,FLA Live Arena,Florida,OFF,A. Lyon (Winning Goalie); G. Forsling (GWG Scorer),Florida Panthers defeated Minnesota Wild 5-3 in regulation at FLA Live Arena (Florida).,NHL Official Stats REST API (api-web.nhle.com/v1)
840,2022020735,2022-2023,2022,Regular Season,Regular Season,2023-01-21,Saturday,00:00,Detroit Red Wings,Philadelphia Flyers,Detroit Red Wings,Philadelphia Flyers,DET,PHI,1,2,3,1,Philadelphia Flyers,Detroit Red Wings,Away Win (2-1),1-2,Regulation,No,No,Little Caesars Arena,Detroit,OFF,C. Hart (Winning Goalie); N. Cates (GWG Scorer),Philadelphia Flyers defeated Detroit Red Wings 2-1 in regulation at Little Caesars Arena (Detroit).,NHL Official Stats REST API (api-web.nhle.com/v1)
841,2022020736,2022-2023,2022,Regular Season,Regular Season,2023-01-21,Saturday,00:00,Columbus Blue Jackets,San Jose Sharks,Columbus Blue Jackets,San Jose Sharks,CBJ,SJS,5,3,8,2,Columbus Blue Jackets,San Jose Sharks,Home Win (5-3),5-3,Regulation,No,No,Nationwide Arena,Columbus,OFF,J. Korpisalo (Winning Goalie); G. Nyquist (GWG Scorer),Columbus Blue Jackets defeated San Jose Sharks 5-3 in regulation at Nationwide Arena (Columbus).,NHL Official Stats REST API (api-web.nhle.com/v1)
842,2022020737,2022-2023,2022,Regular Season,Regular Season,2023-01-21,Saturday,00:00,Montréal Canadiens,Toronto Maple Leafs,Montréal Canadiens,Toronto Maple Leafs,MTL,TOR,3,2,5,1,Montréal Canadiens,Toronto Maple Leafs,Home Win (3-2 OT),3-2,Overtime,Yes,No,Centre Bell,Montréal,OFF,S. Montembeault (Winning Goalie); R. Pitlick (GWG Scorer),Montréal Canadiens defeated Toronto Maple Leafs 3-2 in overtime at Centre Bell (Montréal).,NHL Official Stats REST API (api-web.nhle.com/v1)
843,2022020738,2022-2023,2022,Regular Season,Regular Season,2023-01-21,Saturday,00:00,Ottawa Senators,Winnipeg Jets,Ottawa Senators,Winnipeg Jets,OTT,WPG,1,5,6,4,Winnipeg Jets,Ottawa Senators,Away Win (5-1),1-5,Regulation,No,No,Canadian Tire Centre,Ottawa,OFF,C. Hellebuyck (Winning Goalie); M. Scheifele (GWG Scorer),Winnipeg Jets defeated Ottawa Senators 5-1 in regulation at Canadian Tire Centre (Ottawa).,NHL Official Stats REST API (api-web.nhle.com/v1)
844,2022020739,2022-2023,2022,Regular Season,Regular Season,2023-01-21,Saturday,00:30,New York Islanders,Carolina Hurricanes,New York Islanders,Carolina Hurricanes,NYI,CAR,2,5,7,3,Carolina Hurricanes,New York Islanders,Away Win (5-2),2-5,Regulation,No,No,UBS Arena,New York,OFF,F. Andersen (Winning Goalie); S. Aho (GWG Scorer),Carolina Hurricanes defeated New York Islanders 5-2 in regulation at UBS Arena (New York).,NHL Official Stats REST API (api-web.nhle.com/v1)
845,2022020740,2022-2023,2022,Regular Season,Regular Season,2023-01-21,Saturday,01:00,Dallas Stars,Arizona Coyotes,Dallas Stars,Arizona Coyotes,DAL,ARI,4,0,4,4,Dallas Stars,Arizona Coyotes,Home Win (4-0),4-0,Regulation,No,No,American Airlines Center,Dallas,OFF,J. Oettinger (Winning Goalie); R. Faksa (GWG Scorer),Dallas Stars defeated Arizona Coyotes 4-0 in regulation at American Airlines Center (Dallas).,NHL Official Stats REST API (api-web.nhle.com/v1)
846,2022020741,2022-2023,2022,Regular Season,Regular Season,2023-01-21,Saturday,01:00,St. Louis Blues,Chicago Blackhawks,St. Louis Blues,Chicago Blackhawks,STL,CHI,3,5,8,2,Chicago Blackhawks,St. Louis Blues,Away Win (5-3),3-5,Regulation,No,No,Enterprise Center,St. Louis,OFF,J. Stauber (Winning Goalie); A. Athanasiou (GWG Scorer),Chicago Blackhawks defeated St. Louis Blues 5-3 in regulation at Enterprise Center (St. Louis).,NHL Official Stats REST API (api-web.nhle.com/v1)
847,2022020742,2022-2023,2022,Regular Season,Regular Season,2023-01-21,Saturday,01:00,Nashville Predators,Los Angeles Kings,Nashville Predators,Los Angeles Kings,NSH,LAK,5,3,8,2,Nashville Predators,Los Angeles Kings,Home Win (5-3),5-3,Regulation,No,No,Bridgestone Arena,Nashville,OFF,J. Saros (Winning Goalie); M. Duchene (GWG Scorer),Nashville Predators defeated Los Angeles Kings 5-3 in regulation at Bridgestone Arena (Nashville).,NHL Official Stats REST API (api-web.nhle.com/v1)
848,2022020743,2022-2023,2022,Regular Season,Regular Season,2023-01-21,Saturday,03:00,Seattle Kraken,Colorado Avalanche,Seattle Kraken,Colorado Avalanche,SEA,COL,1,2,3,1,Colorado Avalanche,Seattle Kraken,Away Win (2-1 SO),1-2,Shootout,Yes,Yes,Climate Pledge Arena,Seattle,OFF,P. Francouz (Winning Goalie),Colorado Avalanche defeated Seattle Kraken 2-1 in a shootout at Climate Pledge Arena (Seattle).,NHL Official Stats REST API (api-web.nhle.com/v1)
849,2022020744,2022-2023,2022,Regular Season,Regular Season,2023-01-21,Saturday,03:00,Vancouver Canucks,Edmonton Oilers,Vancouver Canucks,Edmonton Oilers,VAN,EDM,2,4,6,2,Edmonton Oilers,Vancouver Canucks,Away Win (4-2),2-4,Regulation,No,No,Rogers Arena,Vancouver,OFF,S. Skinner (Winning Goalie); L. Draisaitl (GWG Scorer),Edmonton Oilers defeated Vancouver Canucks 4-2 in regulation at Rogers Arena (Vancouver).,NHL Official Stats REST API (api-web.nhle.com/v1)
850,2022020745,2022-2023,2022,Regular Season,Regular Season,2023-01-21,Saturday,03:00,Vegas Golden Knights,Washington Capitals,Vegas Golden Knights,Washington Capitals,VGK,WSH,6,2,8,4,Vegas Golden Knights,Washington Capitals,Home Win (6-2),6-2,Regulation,No,No,T-Mobile Arena,Vegas,OFF,L. Thompson (Winning Goalie); M. Amadio (GWG Scorer),Vegas Golden Knights defeated Washington Capitals 6-2 in regulation at T-Mobile Arena (Vegas).,NHL Official Stats REST API (api-web.nhle.com/v1)
851,2022020746,2022-2023,2022,Regular Season,Regular Season,2023-01-22,Sunday,19:00,New Jersey Devils,Pittsburgh Penguins,New Jersey Devils,Pittsburgh Penguins,NJD,PIT,2,1,3,1,New Jersey Devils,Pittsburgh Penguins,Home Win (2-1 OT),2-1,Overtime,Yes,No,Prudential Center,New Jersey,OFF,V. Vanecek (Winning Goalie); D. Hamilton (GWG Scorer),New Jersey Devils defeated Pittsburgh Penguins 2-1 in overtime at Prudential Center (New Jersey).,NHL Official Stats REST API (api-web.nhle.com/v1)
852,2022020747,2022-2023,2022,Regular Season,Regular Season,2023-01-22,Sunday,00:00,Chicago Blackhawks,Los Angeles Kings,Chicago Blackhawks,Los Angeles Kings,CHI,LAK,1,2,3,1,Los Angeles Kings,Chicago Blackhawks,Away Win (2-1),1-2,Regulation,No,No,United Center,Chicago,OFF,P. Copley (Winning Goalie); J. Anderson-Dolan (GWG Scorer),Los Angeles Kings defeated Chicago Blackhawks 2-1 in regulation at United Center (Chicago).,NHL Official Stats REST API (api-web.nhle.com/v1)
853,2022020748,2022-2023,2022,Regular Season,Regular Season,2023-01-22,Sunday,00:00,Boston Bruins,San Jose Sharks,Boston Bruins,San Jose Sharks,BOS,SJS,4,0,4,4,Boston Bruins,San Jose Sharks,Home Win (4-0),4-0,Regulation,No,No,TD Garden,Boston,OFF,L. Ullmark (Winning Goalie); H. Lindholm (GWG Scorer),Boston Bruins defeated San Jose Sharks 4-0 in regulation at TD Garden (Boston).,NHL Official Stats REST API (api-web.nhle.com/v1)
854,2022020749,2022-2023,2022,Regular Season,Regular Season,2023-01-22,Sunday,00:00,Philadelphia Flyers,Winnipeg Jets,Philadelphia Flyers,Winnipeg Jets,PHI,WPG,3,5,8,2,Winnipeg Jets,Philadelphia Flyers,Away Win (5-3),3-5,Regulation,No,No,Wells Fargo Center,Philadelphia,OFF,D. Rittich (Winning Goalie); K. Kuhlman (GWG Scorer),Winnipeg Jets defeated Philadelphia Flyers 5-3 in regulation at Wells Fargo Center (Philadelphia).,NHL Official Stats REST API (api-web.nhle.com/v1)
855,2022020750,2022-2023,2022,Regular Season,Regular Season,2023-01-22,Sunday,01:00,Arizona Coyotes,Vegas Golden Knights,Arizona Coyotes,Vegas Golden Knights,ARI,VGK,4,1,5,3,Arizona Coyotes,Vegas Golden Knights,Home Win (4-1),4-1,Regulation,No,No,Mullett Arena,Arizona,OFF,K. Vejmelka (Winning Goalie); C. Keller (GWG Scorer),Arizona Coyotes defeated Vegas Golden Knights 4-1 in regulation at Mullett Arena (Arizona).,NHL Official Stats REST API (api-web.nhle.com/v1)
856,2022020751,2022-2023,2022,Regular Season,Regular Season,2023-01-23,Monday,00:00,New York Rangers,Florida Panthers,New York Rangers,Florida Panthers,NYR,FLA,6,2,8,4,New York Rangers,Florida Panthers,Home Win (6-2),6-2,Regulation,No,No,Madison Square Garden,New York,OFF,I. Shesterkin (Winning Goalie); J. Vesey (GWG Scorer),New York Rangers defeated Florida Panthers 6-2 in regulation at Madison Square Garden (New York).,NHL Official Stats REST API (api-web.nhle.com/v1)
857,2022020752,2022-2023,2022,Regular Season,Regular Season,2023-01-23,Monday,00:00,Toronto Maple Leafs,New York Islanders,Toronto Maple Leafs,New York Islanders,TOR,NYI,5,2,7,3,Toronto Maple Leafs,New York Islanders,Home Win (5-2),5-2,Regulation,No,No,Scotiabank Arena,Toronto,OFF,I. Samsonov (Winning Goalie); C. Jarnkrok (GWG Scorer),Toronto Maple Leafs defeated New York Islanders 5-2 in regulation at Scotiabank Arena (Toronto).,NHL Official Stats REST API (api-web.nhle.com/v1)
858,2022020753,2022-2023,2022,Regular Season,Regular Season,2023-01-23,Monday,01:30,Dallas Stars,Buffalo Sabres,Dallas Stars,Buffalo Sabres,DAL,BUF,2,3,5,1,Buffalo Sabres,Dallas Stars,Away Win (3-2 OT),2-3,Overtime,Yes,No,American Airlines Center,Dallas,OFF,C. Anderson (Winning Goalie); O. Power (GWG Scorer),Buffalo Sabres defeated Dallas Stars 3-2 in overtime at American Airlines Center (Dallas).,NHL Official Stats REST API (api-web.nhle.com/v1)
859,2022020754,2022-2023,2022,Regular Season,Regular Season,2023-01-23,Monday,02:30,Calgary Flames,Columbus Blue Jackets,Calgary Flames,Columbus Blue Jackets,CGY,CBJ,4,3,7,1,Calgary Flames,Columbus Blue Jackets,Home Win (4-3 OT),4-3,Overtime,Yes,No,Scotiabank Saddledome,Calgary,OFF,D. Vladar (Winning Goalie); D. Dube (GWG Scorer),Calgary Flames defeated Columbus Blue Jackets 4-3 in overtime at Scotiabank Saddledome (Calgary).,NHL Official Stats REST API (api-web.nhle.com/v1)
860,2022020755,2022-2023,2022,Regular Season,Regular Season,2023-01-24,Tuesday,00:00,Montréal Canadiens,Boston Bruins,Montréal Canadiens,Boston Bruins,MTL,BOS,2,4,6,2,Boston Bruins,Montréal Canadiens,Away Win (4-2),2-4,Regulation,No,No,Centre Bell,Montréal,OFF,J. Swayman (Winning Goalie); P. Bergeron (GWG Scorer),Boston Bruins defeated Montréal Canadiens 4-2 in regulation at Centre Bell (Montréal).,NHL Official Stats REST API (api-web.nhle.com/v1)
861,2022020756,2022-2023,2022,Regular Season,Regular Season,2023-01-24,Tuesday,00:00,Pittsburgh Penguins,Florida Panthers,Pittsburgh Penguins,Florida Panthers,PIT,FLA,7,6,13,1,Pittsburgh Penguins,Florida Panthers,Home Win (7-6 OT),7-6,Overtime,Yes,No,PPG Paints Arena,Pittsburgh,OFF,C. DeSmith (Winning Goalie); K. Letang (GWG Scorer),Pittsburgh Penguins defeated Florida Panthers 7-6 in overtime at PPG Paints Arena (Pittsburgh).,NHL Official Stats REST API (api-web.nhle.com/v1)
862,2022020757,2022-2023,2022,Regular Season,Regular Season,2023-01-24,Tuesday,00:00,Philadelphia Flyers,Los Angeles Kings,Philadelphia Flyers,Los Angeles Kings,PHI,LAK,3,4,7,1,Los Angeles Kings,Philadelphia Flyers,Away Win (4-3 OT),3-4,Overtime,Yes,No,Wells Fargo Center,Philadelphia,OFF,P. Copley (Winning Goalie); K. Fiala (GWG Scorer),Los Angeles Kings defeated Philadelphia Flyers 4-3 in overtime at Wells Fargo Center (Philadelphia).,NHL Official Stats REST API (api-web.nhle.com/v1)
863,2022020758,2022-2023,2022,Regular Season,Regular Season,2023-01-24,Tuesday,00:00,Tampa Bay Lightning,Minnesota Wild,Tampa Bay Lightning,Minnesota Wild,TBL,MIN,4,2,6,2,Tampa Bay Lightning,Minnesota Wild,Home Win (4-2),4-2,Regulation,No,No,Amalie Arena,Tampa Bay,OFF,A. Vasilevskiy (Winning Goalie); S. Stamkos (GWG Scorer),Tampa Bay Lightning defeated Minnesota Wild 4-2 in regulation at Amalie Arena (Tampa Bay).,NHL Official Stats REST API (api-web.nhle.com/v1)
864,2022020760,2022-2023,2022,Regular Season,Regular Season,2023-01-24,Tuesday,00:00,Detroit Red Wings,San Jose Sharks,Detroit Red Wings,San Jose Sharks,DET,SJS,3,2,5,1,Detroit Red Wings,San Jose Sharks,Home Win (3-2 OT),3-2,Overtime,Yes,No,Little Caesars Arena,Detroit,OFF,V. Husso (Winning Goalie); A. Copp (GWG Scorer),Detroit Red Wings defeated San Jose Sharks 3-2 in overtime at Little Caesars Arena (Detroit).,NHL Official Stats REST API (api-web.nhle.com/v1)
865,2022020759,2022-2023,2022,Regular Season,Regular Season,2023-01-24,Tuesday,00:30,New Jersey Devils,Vegas Golden Knights,New Jersey Devils,Vegas Golden Knights,NJD,VGK,3,2,5,1,New Jersey Devils,Vegas Golden Knights,Home Win (3-2 OT),3-2,Overtime,Yes,No,Prudential Center,New Jersey,OFF,V. Vanecek (Winning Goalie); D. Hamilton (GWG Scorer),New Jersey Devils defeated Vegas Golden Knights 3-2 in overtime at Prudential Center (New Jersey).,NHL Official Stats REST API (api-web.nhle.com/v1)
866,2022020761,2022-2023,2022,Regular Season,Regular Season,2023-01-24,Tuesday,01:00,St. Louis Blues,Buffalo Sabres,St. Louis Blues,Buffalo Sabres,STL,BUF,3,5,8,2,Buffalo Sabres,St. Louis Blues,Away Win (5-3),3-5,Regulation,No,No,Enterprise Center,St. Louis,OFF,U. Luukkonen (Winning Goalie); T. Thompson (GWG Scorer),Buffalo Sabres defeated St. Louis Blues 5-3 in regulation at Enterprise Center (St. Louis).,NHL Official Stats REST API (api-web.nhle.com/v1)
867,2022020762,2022-2023,2022,Regular Season,Regular Season,2023-01-24,Tuesday,01:00,Nashville Predators,Winnipeg Jets,Nashville Predators,Winnipeg Jets,NSH,WPG,2,1,3,1,Nashville Predators,Winnipeg Jets,Home Win (2-1),2-1,Regulation,No,No,Bridgestone Arena,Nashville,OFF,J. Saros (Winning Goalie); T. Jeannot (GWG Scorer),Nashville Predators defeated Winnipeg Jets 2-1 in regulation at Bridgestone Arena (Nashville).,NHL Official Stats REST API (api-web.nhle.com/v1)
868,2022020763,2022-2023,2022,Regular Season,Regular Season,2023-01-24,Tuesday,02:00,Arizona Coyotes,Anaheim Ducks,Arizona Coyotes,Anaheim Ducks,ARI,ANA,2,5,7,3,Anaheim Ducks,Arizona Coyotes,Away Win (5-2),2-5,Regulation,No,No,Mullett Arena,Arizona,OFF,A. Stolarz (Winning Goalie); C. Fowler (GWG Scorer),Anaheim Ducks defeated Arizona Coyotes 5-2 in regulation at Mullett Arena (Arizona).,NHL Official Stats REST API (api-web.nhle.com/v1)
869,2022020764,2022-2023,2022,Regular Season,Regular Season,2023-01-24,Tuesday,02:00,Colorado Avalanche,Washington Capitals,Colorado Avalanche,Washington Capitals,COL,WSH,3,2,5,1,Colorado Avalanche,Washington Capitals,Home Win (3-2),3-2,Regulation,No,No,Ball Arena,Colorado,OFF,A. Georgiev (Winning Goalie); A. Newhook (GWG Scorer),Colorado Avalanche defeated Washington Capitals 3-2 in regulation at Ball Arena (Colorado).,NHL Official Stats REST API (api-web.nhle.com/v1)
870,2022020765,2022-2023,2022,Regular Season,Regular Season,2023-01-24,Tuesday,03:00,Vancouver Canucks,Chicago Blackhawks,Vancouver Canucks,Chicago Blackhawks,VAN,CHI,5,2,7,3,Vancouver Canucks,Chicago Blackhawks,Home Win (5-2),5-2,Regulation,No,No,Rogers Arena,Vancouver,OFF,C. Delia (Winning Goalie); D. Joshua (GWG Scorer),Vancouver Canucks defeated Chicago Blackhawks 5-2 in regulation at Rogers Arena (Vancouver).,NHL Official Stats REST API (api-web.nhle.com/v1)
871,2022020766,2022-2023,2022,Regular Season,Regular Season,2023-01-25,Wednesday,00:00,Ottawa Senators,New York Islanders,Ottawa Senators,New York Islanders,OTT,NYI,2,1,3,1,Ottawa Senators,New York Islanders,Home Win (2-1),2-1,Regulation,No,No,Canadian Tire Centre,Ottawa,OFF,C. Talbot (Winning Goalie); C. Giroux (GWG Scorer),Ottawa Senators defeated New York Islanders 2-1 in regulation at Canadian Tire Centre (Ottawa).,NHL Official Stats REST API (api-web.nhle.com/v1)
872,2022020767,2022-2023,2022,Regular Season,Regular Season,2023-01-25,Wednesday,00:00,Toronto Maple Leafs,New York Rangers,Toronto Maple Leafs,New York Rangers,TOR,NYR,3,2,5,1,Toronto Maple Leafs,New York Rangers,Home Win (3-2 OT),3-2,Overtime,Yes,No,Scotiabank Arena,Toronto,OFF,I. Samsonov (Winning Goalie); M. Marner (GWG Scorer),Toronto Maple Leafs defeated New York Rangers 3-2 in overtime at Scotiabank Arena (Toronto).,NHL Official Stats REST API (api-web.nhle.com/v1)
873,2022020768,2022-2023,2022,Regular Season,Regular Season,2023-01-25,Wednesday,01:30,Dallas Stars,Carolina Hurricanes,Dallas Stars,Carolina Hurricanes,DAL,CAR,2,3,5,1,Carolina Hurricanes,Dallas Stars,Away Win (3-2 OT),2-3,Overtime,Yes,No,American Airlines Center,Dallas,OFF,A. Raanta (Winning Goalie); M. Necas (GWG Scorer),Carolina Hurricanes defeated Dallas Stars 3-2 in overtime at American Airlines Center (Dallas).,NHL Official Stats REST API (api-web.nhle.com/v1)
874,2022020769,2022-2023,2022,Regular Season,Regular Season,2023-01-25,Wednesday,02:30,Edmonton Oilers,Columbus Blue Jackets,Edmonton Oilers,Columbus Blue Jackets,EDM,CBJ,2,3,5,1,Columbus Blue Jackets,Edmonton Oilers,Away Win (3-2 OT),2-3,Overtime,Yes,No,Rogers Place,Edmonton,OFF,J. Korpisalo (Winning Goalie); K. Johnson (GWG Scorer),Columbus Blue Jackets defeated Edmonton Oilers 3-2 in overtime at Rogers Place (Edmonton).,NHL Official Stats REST API (api-web.nhle.com/v1)
875,2022020770,2022-2023,2022,Regular Season,Regular Season,2023-01-25,Wednesday,03:00,Seattle Kraken,Vancouver Canucks,Seattle Kraken,Vancouver Canucks,SEA,VAN,6,1,7,5,Seattle Kraken,Vancouver Canucks,Home Win (6-1),6-1,Regulation,No,No,Climate Pledge Arena,Seattle,OFF,M. Jones (Winning Goalie); A. Wennberg (GWG Scorer),Seattle Kraken defeated Vancouver Canucks 6-1 in regulation at Climate Pledge Arena (Seattle).,NHL Official Stats REST API (api-web.nhle.com/v1)
876,2022020771,2022-2023,2022,Regular Season,Regular Season,2023-01-26,Thursday,00:00,Tampa Bay Lightning,Boston Bruins,Tampa Bay Lightning,Boston Bruins,TBL,BOS,3,2,5,1,Tampa Bay Lightning,Boston Bruins,Home Win (3-2),3-2,Regulation,No,No,Amalie Arena,Tampa Bay,OFF,A. Vasilevskiy (Winning Goalie); V. Hedman (GWG Scorer),Tampa Bay Lightning defeated Boston Bruins 3-2 in regulation at Amalie Arena (Tampa Bay).,NHL Official Stats REST API (api-web.nhle.com/v1)
877,2022020772,2022-2023,2022,Regular Season,Regular Season,2023-01-26,Thursday,00:00,Montréal Canadiens,Detroit Red Wings,Montréal Canadiens,Detroit Red Wings,MTL,DET,3,4,7,1,Detroit Red Wings,Montréal Canadiens,Away Win (4-3 OT),3-4,Overtime,Yes,No,Centre Bell,Montréal,OFF,V. Husso (Winning Goalie); R. Fabbri (GWG Scorer),Detroit Red Wings defeated Montréal Canadiens 4-3 in overtime at Centre Bell (Montréal).,NHL Official Stats REST API (api-web.nhle.com/v1)
878,2022020773,2022-2023,2022,Regular Season,Regular Season,2023-01-26,Thursday,00:00,Washington Capitals,Pittsburgh Penguins,Washington Capitals,Pittsburgh Penguins,WSH,PIT,3,2,5,1,Washington Capitals,Pittsburgh Penguins,Home Win (3-2 SO),3-2,Shootout,Yes,Yes,Capital One Arena,Washington,OFF,D. Kuemper (Winning Goalie),Washington Capitals defeated Pittsburgh Penguins 3-2 in a shootout at Capital One Arena (Washington).,NHL Official Stats REST API (api-web.nhle.com/v1)
879,2022020774,2022-2023,2022,Regular Season,Regular Season,2023-01-26,Thursday,01:00,Winnipeg Jets,Buffalo Sabres,Winnipeg Jets,Buffalo Sabres,WPG,BUF,2,3,5,1,Buffalo Sabres,Winnipeg Jets,Away Win (3-2),2-3,Regulation,No,No,Canada Life Centre,Winnipeg,OFF,E. Comrie (Winning Goalie); V. Olofsson (GWG Scorer),Buffalo Sabres defeated Winnipeg Jets 3-2 in regulation at Canada Life Centre (Winnipeg).,NHL Official Stats REST API (api-web.nhle.com/v1)
880,2022020775,2022-2023,2022,Regular Season,Regular Season,2023-01-26,Thursday,01:00,Nashville Predators,New Jersey Devils,Nashville Predators,New Jersey Devils,NSH,NJD,6,4,10,2,Nashville Predators,New Jersey Devils,Home Win (6-4),6-4,Regulation,No,No,Bridgestone Arena,Nashville,OFF,J. Saros (Winning Goalie); F. Forsberg (GWG Scorer),Nashville Predators defeated New Jersey Devils 6-4 in regulation at Bridgestone Arena (Nashville).,NHL Official Stats REST API (api-web.nhle.com/v1)
881,2022020778,2022-2023,2022,Regular Season,Regular Season,2023-01-26,Thursday,01:00,Minnesota Wild,Philadelphia Flyers,Minnesota Wild,Philadelphia Flyers,MIN,PHI,3,2,5,1,Minnesota Wild,Philadelphia Flyers,Home Win (3-2 OT),3-2,Overtime,Yes,No,Xcel Energy Center,Minnesota,OFF,M. Fleury (Winning Goalie); M. Zuccarello (GWG Scorer),Minnesota Wild defeated Philadelphia Flyers 3-2 in overtime at Xcel Energy Center (Minnesota).,NHL Official Stats REST API (api-web.nhle.com/v1)
882,2022020776,2022-2023,2022,Regular Season,Regular Season,2023-01-26,Thursday,02:00,Colorado Avalanche,Anaheim Ducks,Colorado Avalanche,Anaheim Ducks,COL,ANA,3,5,8,2,Anaheim Ducks,Colorado Avalanche,Away Win (5-3),3-5,Regulation,No,No,Ball Arena,Colorado,OFF,J. Gibson (Winning Goalie); M. McTavish (GWG Scorer),Anaheim Ducks defeated Colorado Avalanche 5-3 in regulation at Ball Arena (Colorado).,NHL Official Stats REST API (api-web.nhle.com/v1)
883,2022020777,2022-2023,2022,Regular Season,Regular Season,2023-01-26,Thursday,02:00,Calgary Flames,Chicago Blackhawks,Calgary Flames,Chicago Blackhawks,CGY,CHI,1,5,6,4,Chicago Blackhawks,Calgary Flames,Away Win (5-1),1-5,Regulation,No,No,Scotiabank Saddledome,Calgary,OFF,J. Stauber (Winning Goalie); B. Katchouk (GWG Scorer),Chicago Blackhawks defeated Calgary Flames 5-1 in regulation at Scotiabank Saddledome (Calgary).,NHL Official Stats REST API (api-web.nhle.com/v1)
884,2022020779,2022-2023,2022,Regular Season,Regular Season,2023-01-26,Thursday,02:00,Arizona Coyotes,St. Louis Blues,Arizona Coyotes,St. Louis Blues,ARI,STL,5,0,5,5,Arizona Coyotes,St. Louis Blues,Home Win (5-0),5-0,Regulation,No,No,Mullett Arena,Arizona,OFF,K. Vejmelka (Winning Goalie); N. Schmaltz (GWG Scorer),Arizona Coyotes defeated St. Louis Blues 5-0 in regulation at Mullett Arena (Arizona).,NHL Official Stats REST API (api-web.nhle.com/v1)
885,2022020780,2022-2023,2022,Regular Season,Regular Season,2023-01-27,Friday,00:00,New York Islanders,Detroit Red Wings,New York Islanders,Detroit Red Wings,NYI,DET,2,0,2,2,New York Islanders,Detroit Red Wings,Home Win (2-0),2-0,Regulation,No,No,UBS Arena,New York,OFF,I. Sorokin (Winning Goalie); A. Lee (GWG Scorer),New York Islanders defeated Detroit Red Wings 2-0 in regulation at UBS Arena (New York).,NHL Official Stats REST API (api-web.nhle.com/v1)
886,2022020781,2022-2023,2022,Regular Season,Regular Season,2023-01-27,Friday,00:00,Florida Panthers,Los Angeles Kings,Florida Panthers,Los Angeles Kings,FLA,LAK,3,4,7,1,Los Angeles Kings,Florida Panthers,Away Win (4-3),3-4,Regulation,No,No,FLA Live Arena,Florida,OFF,P. Copley (Winning Goalie); M. Roy (GWG Scorer),Los Angeles Kings defeated Florida Panthers 4-3 in regulation at FLA Live Arena (Florida).,NHL Official Stats REST API (api-web.nhle.com/v1)
887,2022020782,2022-2023,2022,Regular Season,Regular Season,2023-01-27,Friday,00:00,Toronto Maple Leafs,Ottawa Senators,Toronto Maple Leafs,Ottawa Senators,TOR,OTT,2,6,8,4,Ottawa Senators,Toronto Maple Leafs,Away Win (6-2),2-6,Regulation,No,No,Scotiabank Arena,Toronto,OFF,A. Forsberg (Winning Goalie); D. Brassard (GWG Scorer),Ottawa Senators defeated Toronto Maple Leafs 6-2 in regulation at Scotiabank Arena (Toronto).,NHL Official Stats REST API (api-web.nhle.com/v1)
888,2022020783,2022-2023,2022,Regular Season,Regular Season,2023-01-27,Friday,00:00,Carolina Hurricanes,San Jose Sharks,Carolina Hurricanes,San Jose Sharks,CAR,SJS,5,4,9,1,Carolina Hurricanes,San Jose Sharks,Home Win (5-4 OT),5-4,Overtime,Yes,No,PNC Arena,Carolina,OFF,A. Raanta (Winning Goalie); M. Necas (GWG Scorer),Carolina Hurricanes defeated San Jose Sharks 5-4 in overtime at PNC Arena (Carolina).,NHL Official Stats REST API (api-web.nhle.com/v1)
889,2022020784,2022-2023,2022,Regular Season,Regular Season,2023-01-27,Friday,00:00,New York Rangers,Vegas Golden Knights,New York Rangers,Vegas Golden Knights,NYR,VGK,4,1,5,3,New York Rangers,Vegas Golden Knights,Home Win (4-1),4-1,Regulation,No,No,Madison Square Garden,New York,OFF,J. Halak (Winning Goalie); V. Trocheck (GWG Scorer),New York Rangers defeated Vegas Golden Knights 4-1 in regulation at Madison Square Garden (New York).,NHL Official Stats REST API (api-web.nhle.com/v1)
890,2022020785,2022-2023,2022,Regular Season,Regular Season,2023-01-27,Friday,01:30,Dallas Stars,New Jersey Devils,Dallas Stars,New Jersey Devils,DAL,NJD,2,3,5,1,New Jersey Devils,Dallas Stars,Away Win (3-2 OT),2-3,Overtime,Yes,No,American Airlines Center,Dallas,OFF,V. Vanecek (Winning Goalie); J. Hughes (GWG Scorer),New Jersey Devils defeated Dallas Stars 3-2 in overtime at American Airlines Center (Dallas).,NHL Official Stats REST API (api-web.nhle.com/v1)
891,2022020786,2022-2023,2022,Regular Season,Regular Season,2023-01-27,Friday,03:00,Seattle Kraken,Calgary Flames,Seattle Kraken,Calgary Flames,SEA,CGY,2,5,7,3,Calgary Flames,Seattle Kraken,Away Win (5-2),2-5,Regulation,No,No,Climate Pledge Arena,Seattle,OFF,D. Vladar (Winning Goalie); N. Zadorov (GWG Scorer),Calgary Flames defeated Seattle Kraken 5-2 in regulation at Climate Pledge Arena (Seattle).,NHL Official Stats REST API (api-web.nhle.com/v1)
892,2022020787,2022-2023,2022,Regular Season,Regular Season,2023-01-27,Friday,03:00,Vancouver Canucks,Columbus Blue Jackets,Vancouver Canucks,Columbus Blue Jackets,VAN,CBJ,5,2,7,3,Vancouver Canucks,Columbus Blue Jackets,Home Win (5-2),5-2,Regulation,No,No,Rogers Arena,Vancouver,OFF,C. Delia (Winning Goalie); I. Mikheyev (GWG Scorer),Vancouver Canucks defeated Columbus Blue Jackets 5-2 in regulation at Rogers Arena (Vancouver).,NHL Official Stats REST API (api-web.nhle.com/v1)
893,2022020788,2022-2023,2022,Regular Season,Regular Season,2023-01-28,Saturday,20:00,Colorado Avalanche,St. Louis Blues,Colorado Avalanche,St. Louis Blues,COL,STL,4,2,6,2,Colorado Avalanche,St. Louis Blues,Home Win (4-2),4-2,Regulation,No,No,Ball Arena,Colorado,OFF,A. Georgiev (Winning Goalie); E. Rodrigues (GWG Scorer),Colorado Avalanche defeated St. Louis Blues 4-2 in regulation at Ball Arena (Colorado).,NHL Official Stats REST API (api-web.nhle.com/v1)
894,2022020789,2022-2023,2022,Regular Season,Regular Season,2023-01-28,Saturday,23:00,Florida Panthers,Boston Bruins,Florida Panthers,Boston Bruins,FLA,BOS,4,3,7,1,Florida Panthers,Boston Bruins,Home Win (4-3 OT),4-3,Overtime,Yes,No,FLA Live Arena,Florida,OFF,A. Lyon (Winning Goalie); S. Reinhart (GWG Scorer),Florida Panthers defeated Boston Bruins 4-3 in overtime at FLA Live Arena (Florida).,NHL Official Stats REST API (api-web.nhle.com/v1)
895,2022020790,2022-2023,2022,Regular Season,Regular Season,2023-01-28,Saturday,00:00,Tampa Bay Lightning,Los Angeles Kings,Tampa Bay Lightning,Los Angeles Kings,TBL,LAK,5,2,7,3,Tampa Bay Lightning,Los Angeles Kings,Home Win (5-2),5-2,Regulation,No,No,Amalie Arena,Tampa Bay,OFF,A. Vasilevskiy (Winning Goalie); C. Perry (GWG Scorer),Tampa Bay Lightning defeated Los Angeles Kings 5-2 in regulation at Amalie Arena (Tampa Bay).,NHL Official Stats REST API (api-web.nhle.com/v1)
896,2022020791,2022-2023,2022,Regular Season,Regular Season,2023-01-28,Saturday,00:00,Ottawa Senators,Montréal Canadiens,Ottawa Senators,Montréal Canadiens,OTT,MTL,5,0,5,5,Ottawa Senators,Montréal Canadiens,Home Win (5-0),5-0,Regulation,No,No,Canadian Tire Centre,Ottawa,OFF,A. Forsberg (Winning Goalie); A. DeBrincat (GWG Scorer),Ottawa Senators defeated Montréal Canadiens 5-0 in regulation at Canadian Tire Centre (Ottawa).,NHL Official Stats REST API (api-web.nhle.com/v1)
897,2022020792,2022-2023,2022,Regular Season,Regular Season,2023-01-28,Saturday,00:00,Winnipeg Jets,Philadelphia Flyers,Winnipeg Jets,Philadelphia Flyers,WPG,PHI,0,4,4,4,Philadelphia Flyers,Winnipeg Jets,Away Win (4-0),0-4,Regulation,No,No,Canada Life Centre,Winnipeg,OFF,C. Hart (Winning Goalie); N. Cates (GWG Scorer),Philadelphia Flyers defeated Winnipeg Jets 4-0 in regulation at Canada Life Centre (Winnipeg).,NHL Official Stats REST API (api-web.nhle.com/v1)
898,2022020793,2022-2023,2022,Regular Season,Regular Season,2023-01-28,Saturday,00:00,Pittsburgh Penguins,San Jose Sharks,Pittsburgh Penguins,San Jose Sharks,PIT,SJS,4,6,10,2,San Jose Sharks,Pittsburgh Penguins,Away Win (6-4),4-6,Regulation,No,No,PPG Paints Arena,Pittsburgh,OFF,K. Kahkonen (Winning Goalie); L. Couture (GWG Scorer),San Jose Sharks defeated Pittsburgh Penguins 6-4 in regulation at PPG Paints Arena (Pittsburgh).,NHL Official Stats REST API (api-web.nhle.com/v1)
899,2022020794,2022-2023,2022,Regular Season,Regular Season,2023-01-28,Saturday,00:30,New York Islanders,Vegas Golden Knights,New York Islanders,Vegas Golden Knights,NYI,VGK,2,1,3,1,New York Islanders,Vegas Golden Knights,Home Win (2-1 OT),2-1,Overtime,Yes,No,UBS Arena,New York,OFF,S. Varlamov (Winning Goalie); M. Barzal (GWG Scorer),New York Islanders defeated Vegas Golden Knights 2-1 in overtime at UBS Arena (New York).,NHL Official Stats REST API (api-web.nhle.com/v1)
900,2022020795,2022-2023,2022,Regular Season,Regular Season,2023-01-28,Saturday,02:00,Minnesota Wild,Buffalo Sabres,Minnesota Wild,Buffalo Sabres,MIN,BUF,3,2,5,1,Minnesota Wild,Buffalo Sabres,Home Win (3-2 SO),3-2,Shootout,Yes,Yes,Xcel Energy Center,Minnesota,OFF,M. Fleury (Winning Goalie),Minnesota Wild defeated Buffalo Sabres 3-2 in a shootout at Xcel Energy Center (Minnesota).,NHL Official Stats REST API (api-web.nhle.com/v1)
901,2022020797,2022-2023,2022,Regular Season,Regular Season,2023-01-28,Saturday,03:00,Edmonton Oilers,Chicago Blackhawks,Edmonton Oilers,Chicago Blackhawks,EDM,CHI,7,3,10,4,Edmonton Oilers,Chicago Blackhawks,Home Win (7-3),7-3,Regulation,No,No,Rogers Place,Edmonton,OFF,J. Campbell (Winning Goalie); C. McDavid (GWG Scorer),Edmonton Oilers defeated Chicago Blackhawks 7-3 in regulation at Rogers Place (Edmonton).,NHL Official Stats REST API (api-web.nhle.com/v1)
902,2022020798,2022-2023,2022,Regular Season,Regular Season,2023-01-28,Saturday,03:00,Seattle Kraken,Columbus Blue Jackets,Seattle Kraken,Columbus Blue Jackets,SEA,CBJ,3,1,4,2,Seattle Kraken,Columbus Blue Jackets,Home Win (3-1),3-1,Regulation,No,No,Climate Pledge Arena,Seattle,OFF,P. Grubauer (Winning Goalie); A. Wennberg (GWG Scorer),Seattle Kraken defeated Columbus Blue Jackets 3-1 in regulation at Climate Pledge Arena (Seattle).,NHL Official Stats REST API (api-web.nhle.com/v1)
903,2022020796,2022-2023,2022,Regular Season,Regular Season,2023-01-28,Saturday,03:30,Anaheim Ducks,Arizona Coyotes,Anaheim Ducks,Arizona Coyotes,ANA,ARI,2,1,3,1,Anaheim Ducks,Arizona Coyotes,Home Win (2-1 OT),2-1,Overtime,Yes,No,Honda Center,Anaheim,OFF,J. Gibson (Winning Goalie); T. Zegras (GWG Scorer),Anaheim Ducks defeated Arizona Coyotes 2-1 in overtime at Honda Center (Anaheim).,NHL Official Stats REST API (api-web.nhle.com/v1)
904,2022020799,2022-2023,2022,Regular Season,Regular Season,2023-01-29,Sunday,22:00,Carolina Hurricanes,Boston Bruins,Carolina Hurricanes,Boston Bruins,CAR,BOS,4,1,5,3,Carolina Hurricanes,Boston Bruins,Home Win (4-1),4-1,Regulation,No,No,PNC Arena,Carolina,OFF,F. Andersen (Winning Goalie); P. Stastny (GWG Scorer),Carolina Hurricanes defeated Boston Bruins 4-1 in regulation at PNC Arena (Carolina).,NHL Official Stats REST API (api-web.nhle.com/v1)
905,2022020800,2022-2023,2022,Regular Season,Regular Season,2023-01-29,Sunday,22:00,Toronto Maple Leafs,Washington Capitals,Toronto Maple Leafs,Washington Capitals,TOR,WSH,5,1,6,4,Toronto Maple Leafs,Washington Capitals,Home Win (5-1),5-1,Regulation,No,No,Scotiabank Arena,Toronto,OFF,I. Samsonov (Winning Goalie); M. Rielly (GWG Scorer),Toronto Maple Leafs defeated Washington Capitals 5-1 in regulation at Scotiabank Arena (Toronto).,NHL Official Stats REST API (api-web.nhle.com/v1)
906,2022020801,2022-2023,2022,Regular Season,Regular Season,2023-01-30,Monday,01:00,Winnipeg Jets,St. Louis Blues,Winnipeg Jets,St. Louis Blues,WPG,STL,4,2,6,2,Winnipeg Jets,St. Louis Blues,Home Win (4-2),4-2,Regulation,No,No,Canada Life Centre,Winnipeg,OFF,C. Hellebuyck (Winning Goalie); J. Morrissey (GWG Scorer),Winnipeg Jets defeated St. Louis Blues 4-2 in regulation at Canada Life Centre (Winnipeg).,NHL Official Stats REST API (api-web.nhle.com/v1)
907,2022020802,2022-2023,2022,Regular Season,Regular Season,2023-01-31,Tuesday,00:00,Carolina Hurricanes,Los Angeles Kings,Carolina Hurricanes,Los Angeles Kings,CAR,LAK,5,4,9,1,Carolina Hurricanes,Los Angeles Kings,Home Win (5-4 OT),5-4,Overtime,Yes,No,PNC Arena,Carolina,OFF,F. Andersen (Winning Goalie); S. Aho (GWG Scorer),Carolina Hurricanes defeated Los Angeles Kings 5-4 in overtime at PNC Arena (Carolina).,NHL Official Stats REST API (api-web.nhle.com/v1)
908,2022020803,2022-2023,2022,Regular Season,Regular Season,2023-01-31,Tuesday,00:00,Montréal Canadiens,Ottawa Senators,Montréal Canadiens,Ottawa Senators,MTL,OTT,4,5,9,1,Ottawa Senators,Montréal Canadiens,Away Win (5-4),4-5,Regulation,No,No,Centre Bell,Montréal,OFF,A. Forsberg (Winning Goalie); B. Tkachuk (GWG Scorer),Ottawa Senators defeated Montréal Canadiens 5-4 in regulation at Centre Bell (Montréal).,NHL Official Stats REST API (api-web.nhle.com/v1)
909,2022020804,2022-2023,2022,Regular Season,Regular Season,2023-01-31,Tuesday,00:00,Columbus Blue Jackets,Washington Capitals,Columbus Blue Jackets,Washington Capitals,CBJ,WSH,3,4,7,1,Washington Capitals,Columbus Blue Jackets,Away Win (4-3 OT),3-4,Overtime,Yes,No,Nationwide Arena,Columbus,OFF,C. Lindgren (Winning Goalie); E. Kuznetsov (GWG Scorer),Washington Capitals defeated Columbus Blue Jackets 4-3 in overtime at Nationwide Arena (Columbus).,NHL Official Stats REST API (api-web.nhle.com/v1)
910,2022020805,2022-2023,2022,Regular Season,Regular Season,2023-02-01,Wednesday,00:30,Buffalo Sabres,Carolina Hurricanes,Buffalo Sabres,Carolina Hurricanes,BUF,CAR,1,5,6,4,Carolina Hurricanes,Buffalo Sabres,Away Win (5-1),1-5,Regulation,No,No,KeyBank Center,Buffalo,OFF,A. Raanta (Winning Goalie); S. Noesen (GWG Scorer),Carolina Hurricanes defeated Buffalo Sabres 5-1 in regulation at KeyBank Center (Buffalo).,NHL Official Stats REST API (api-web.nhle.com/v1)
911,2022020806,2022-2023,2022,Regular Season,Regular Season,2023-02-01,Wednesday,00:30,Toronto Maple Leafs,Boston Bruins,Toronto Maple Leafs,Boston Bruins,TOR,BOS,2,5,7,3,Boston Bruins,Toronto Maple Leafs,Away Win (5-2),2-5,Regulation,No,No,Scotiabank Arena,Toronto,OFF,L. Ullmark (Winning Goalie); A. Greer (GWG Scorer),Boston Bruins defeated Toronto Maple Leafs 5-2 in regulation at Scotiabank Arena (Toronto).,NHL Official Stats REST API (api-web.nhle.com/v1)
912,2022020807,2022-2023,2022,Regular Season,Regular Season,2023-02-06,Monday,00:00,Philadelphia Flyers,New York Islanders,Philadelphia Flyers,New York Islanders,PHI,NYI,1,2,3,1,New York Islanders,Philadelphia Flyers,Away Win (2-1),1-2,Regulation,No,No,Wells Fargo Center,Philadelphia,OFF,S. Varlamov (Winning Goalie); M. Barzal (GWG Scorer),New York Islanders defeated Philadelphia Flyers 2-1 in regulation at Wells Fargo Center (Philadelphia).,NHL Official Stats REST API (api-web.nhle.com/v1)
913,2022020808,2022-2023,2022,Regular Season,Regular Season,2023-02-06,Monday,00:00,Florida Panthers,Tampa Bay Lightning,Florida Panthers,Tampa Bay Lightning,FLA,TBL,7,1,8,6,Florida Panthers,Tampa Bay Lightning,Home Win (7-1),7-1,Regulation,No,No,FLA Live Arena,Florida,OFF,S. Bobrovsky (Winning Goalie); S. Bennett (GWG Scorer),Florida Panthers defeated Tampa Bay Lightning 7-1 in regulation at FLA Live Arena (Florida).,NHL Official Stats REST API (api-web.nhle.com/v1)
914,2022020809,2022-2023,2022,Regular Season,Regular Season,2023-02-06,Monday,00:30,New York Rangers,Calgary Flames,New York Rangers,Calgary Flames,NYR,CGY,5,4,9,1,New York Rangers,Calgary Flames,Home Win (5-4 OT),5-4,Overtime,Yes,No,Madison Square Garden,New York,OFF,J. Halak (Winning Goalie); A. Lafrenière (GWG Scorer),New York Rangers defeated Calgary Flames 5-4 in overtime at Madison Square Garden (New York).,NHL Official Stats REST API (api-web.nhle.com/v1)
915,2022020810,2022-2023,2022,Regular Season,Regular Season,2023-02-06,Monday,00:30,New Jersey Devils,Vancouver Canucks,New Jersey Devils,Vancouver Canucks,NJD,VAN,5,4,9,1,New Jersey Devils,Vancouver Canucks,Home Win (5-4 OT),5-4,Overtime,Yes,No,Prudential Center,New Jersey,OFF,V. Vanecek (Winning Goalie); J. Bratt (GWG Scorer),New Jersey Devils defeated Vancouver Canucks 5-4 in overtime at Prudential Center (New Jersey).,NHL Official Stats REST API (api-web.nhle.com/v1)
916,2022020811,2022-2023,2022,Regular Season,Regular Season,2023-02-06,Monday,01:30,Dallas Stars,Anaheim Ducks,Dallas Stars,Anaheim Ducks,DAL,ANA,3,2,5,1,Dallas Stars,Anaheim Ducks,Home Win (3-2 SO),3-2,Shootout,Yes,Yes,American Airlines Center,Dallas,OFF,J. Oettinger (Winning Goalie),Dallas Stars defeated Anaheim Ducks 3-2 in a shootout at American Airlines Center (Dallas).,NHL Official Stats REST API (api-web.nhle.com/v1)
917,2022020812,2022-2023,2022,Regular Season,Regular Season,2023-02-06,Monday,02:00,Arizona Coyotes,Minnesota Wild,Arizona Coyotes,Minnesota Wild,ARI,MIN,3,2,5,1,Arizona Coyotes,Minnesota Wild,Home Win (3-2),3-2,Regulation,No,No,Mullett Arena,Arizona,OFF,K. Vejmelka (Winning Goalie); J. McBain (GWG Scorer),Arizona Coyotes defeated Minnesota Wild 3-2 in regulation at Mullett Arena (Arizona).,NHL Official Stats REST API (api-web.nhle.com/v1)
918,2022020813,2022-2023,2022,Regular Season,Regular Season,2023-02-07,Tuesday,00:00,Pittsburgh Penguins,Colorado Avalanche,Pittsburgh Penguins,Colorado Avalanche,PIT,COL,2,1,3,1,Pittsburgh Penguins,Colorado Avalanche,Home Win (2-1 OT),2-1,Overtime,Yes,No,PPG Paints Arena,Pittsburgh,OFF,C. DeSmith (Winning Goalie); K. Letang (GWG Scorer),Pittsburgh Penguins defeated Colorado Avalanche 2-1 in overtime at PPG Paints Arena (Pittsburgh).,NHL Official Stats REST API (api-web.nhle.com/v1)
919,2022020814,2022-2023,2022,Regular Season,Regular Season,2023-02-07,Tuesday,00:00,Tampa Bay Lightning,San Jose Sharks,Tampa Bay Lightning,San Jose Sharks,TBL,SJS,3,4,7,1,San Jose Sharks,Tampa Bay Lightning,Away Win (4-3 OT),3-4,Overtime,Yes,No,Amalie Arena,Tampa Bay,OFF,K. Kahkonen (Winning Goalie); T. Meier (GWG Scorer),San Jose Sharks defeated Tampa Bay Lightning 4-3 in overtime at Amalie Arena (Tampa Bay).,NHL Official Stats REST API (api-web.nhle.com/v1)
920,2022020815,2022-2023,2022,Regular Season,Regular Season,2023-02-07,Tuesday,00:30,Detroit Red Wings,Edmonton Oilers,Detroit Red Wings,Edmonton Oilers,DET,EDM,2,5,7,3,Edmonton Oilers,Detroit Red Wings,Away Win (5-2),2-5,Regulation,No,No,Little Caesars Arena,Detroit,OFF,J. Campbell (Winning Goalie); W. Foegele (GWG Scorer),Edmonton Oilers defeated Detroit Red Wings 5-2 in regulation at Little Caesars Arena (Detroit).,NHL Official Stats REST API (api-web.nhle.com/v1)
921,2022020816,2022-2023,2022,Regular Season,Regular Season,2023-02-07,Tuesday,00:30,New York Islanders,Seattle Kraken,New York Islanders,Seattle Kraken,NYI,SEA,4,0,4,4,New York Islanders,Seattle Kraken,Home Win (4-0),4-0,Regulation,No,No,UBS Arena,New York,OFF,I. Sorokin (Winning Goalie); S. Bolduc (GWG Scorer),New York Islanders defeated Seattle Kraken 4-0 in regulation at UBS Arena (New York).,NHL Official Stats REST API (api-web.nhle.com/v1)
922,2022020817,2022-2023,2022,Regular Season,Regular Season,2023-02-07,Tuesday,01:00,Nashville Predators,Vegas Golden Knights,Nashville Predators,Vegas Golden Knights,NSH,VGK,1,5,6,4,Vegas Golden Knights,Nashville Predators,Away Win (5-1),1-5,Regulation,No,No,Bridgestone Arena,Nashville,OFF,A. Hill (Winning Goalie); W. Carrier (GWG Scorer),Vegas Golden Knights defeated Nashville Predators 5-1 in regulation at Bridgestone Arena (Nashville).,NHL Official Stats REST API (api-web.nhle.com/v1)
923,2022020818,2022-2023,2022,Regular Season,Regular Season,2023-02-07,Tuesday,01:30,Chicago Blackhawks,Anaheim Ducks,Chicago Blackhawks,Anaheim Ducks,CHI,ANA,2,3,5,1,Anaheim Ducks,Chicago Blackhawks,Away Win (3-2 OT),2-3,Overtime,Yes,No,United Center,Chicago,OFF,A. Stolarz (Winning Goalie); F. Vatrano (GWG Scorer),Anaheim Ducks defeated Chicago Blackhawks 3-2 in overtime at United Center (Chicago).,NHL Official Stats REST API (api-web.nhle.com/v1)
924,2022020819,2022-2023,2022,Regular Season,Regular Season,2023-02-08,Wednesday,01:00,New York Rangers,Vancouver Canucks,New York Rangers,Vancouver Canucks,NYR,VAN,4,3,7,1,New York Rangers,Vancouver Canucks,Home Win (4-3),4-3,Regulation,No,No,Madison Square Garden,New York,OFF,I. Shesterkin (Winning Goalie); M. Zibanejad (GWG Scorer),New York Rangers defeated Vancouver Canucks 4-3 in regulation at Madison Square Garden (New York).,NHL Official Stats REST API (api-web.nhle.com/v1)
925,2022020820,2022-2023,2022,Regular Season,Regular Season,2023-02-08,Wednesday,01:30,Dallas Stars,Minnesota Wild,Dallas Stars,Minnesota Wild,DAL,MIN,4,1,5,3,Dallas Stars,Minnesota Wild,Home Win (4-1),4-1,Regulation,No,No,American Airlines Center,Dallas,OFF,J. Oettinger (Winning Goalie); R. Faksa (GWG Scorer),Dallas Stars defeated Minnesota Wild 4-1 in regulation at American Airlines Center (Dallas).,NHL Official Stats REST API (api-web.nhle.com/v1)
926,2022020821,2022-2023,2022,Regular Season,Regular Season,2023-02-09,Thursday,00:00,Tampa Bay Lightning,Colorado Avalanche,Tampa Bay Lightning,Colorado Avalanche,TBL,COL,5,0,5,5,Tampa Bay Lightning,Colorado Avalanche,Home Win (5-0),5-0,Regulation,No,No,Amalie Arena,Tampa Bay,OFF,A. Vasilevskiy (Winning Goalie); C. Perry (GWG Scorer),Tampa Bay Lightning defeated Colorado Avalanche 5-0 in regulation at Amalie Arena (Tampa Bay).,NHL Official Stats REST API (api-web.nhle.com/v1)
927,2022020822,2022-2023,2022,Regular Season,Regular Season,2023-02-09,Thursday,00:00,Philadelphia Flyers,Edmonton Oilers,Philadelphia Flyers,Edmonton Oilers,PHI,EDM,2,1,3,1,Philadelphia Flyers,Edmonton Oilers,Home Win (2-1 SO),2-1,Shootout,Yes,Yes,Wells Fargo Center,Philadelphia,OFF,C. Hart (Winning Goalie),Philadelphia Flyers defeated Edmonton Oilers 2-1 in a shootout at Wells Fargo Center (Philadelphia).,NHL Official Stats REST API (api-web.nhle.com/v1)
928,2022020823,2022-2023,2022,Regular Season,Regular Season,2023-02-09,Thursday,00:00,Florida Panthers,San Jose Sharks,Florida Panthers,San Jose Sharks,FLA,SJS,4,1,5,3,Florida Panthers,San Jose Sharks,Home Win (4-1),4-1,Regulation,No,No,FLA Live Arena,Florida,OFF,S. Bobrovsky (Winning Goalie); S. Reinhart (GWG Scorer),Florida Panthers defeated San Jose Sharks 4-1 in regulation at FLA Live Arena (Florida).,NHL Official Stats REST API (api-web.nhle.com/v1)
929,2022020824,2022-2023,2022,Regular Season,Regular Season,2023-02-09,Thursday,00:00,New Jersey Devils,Seattle Kraken,New Jersey Devils,Seattle Kraken,NJD,SEA,3,1,4,2,New Jersey Devils,Seattle Kraken,Home Win (3-1),3-1,Regulation,No,No,Prudential Center,New Jersey,OFF,M. Blackwood (Winning Goalie); D. Hamilton (GWG Scorer),New Jersey Devils defeated Seattle Kraken 3-1 in regulation at Prudential Center (New Jersey).,NHL Official Stats REST API (api-web.nhle.com/v1)
930,2022020825,2022-2023,2022,Regular Season,Regular Season,2023-02-09,Thursday,00:00,Detroit Red Wings,Calgary Flames,Detroit Red Wings,Calgary Flames,DET,CGY,2,1,3,1,Detroit Red Wings,Calgary Flames,Home Win (2-1),2-1,Regulation,No,No,Little Caesars Arena,Detroit,OFF,V. Husso (Winning Goalie); F. Zadina (GWG Scorer),Detroit Red Wings defeated Calgary Flames 2-1 in regulation at Little Caesars Arena (Detroit).,NHL Official Stats REST API (api-web.nhle.com/v1)
931,2022020826,2022-2023,2022,Regular Season,Regular Season,2023-02-09,Thursday,00:30,New York Islanders,Vancouver Canucks,New York Islanders,Vancouver Canucks,NYI,VAN,5,6,11,1,Vancouver Canucks,New York Islanders,Away Win (6-5),5-6,Regulation,No,No,UBS Arena,New York,OFF,C. Delia (Winning Goalie); A. Beauvillier (GWG Scorer),Vancouver Canucks defeated New York Islanders 6-5 in regulation at UBS Arena (New York).,NHL Official Stats REST API (api-web.nhle.com/v1)
932,2022020827,2022-2023,2022,Regular Season,Regular Season,2023-02-09,Thursday,01:00,Minnesota Wild,Vegas Golden Knights,Minnesota Wild,Vegas Golden Knights,MIN,VGK,1,5,6,4,Vegas Golden Knights,Minnesota Wild,Away Win (5-1),1-5,Regulation,No,No,Xcel Energy Center,Minnesota,OFF,L. Thompson (Winning Goalie); A. Pietrangelo (GWG Scorer),Vegas Golden Knights defeated Minnesota Wild 5-1 in regulation at Xcel Energy Center (Minnesota).,NHL Official Stats REST API (api-web.nhle.com/v1)
933,2022020828,2022-2023,2022,Regular Season,Regular Season,2023-02-10,Friday,00:00,New York Rangers,Seattle Kraken,New York Rangers,Seattle Kraken,NYR,SEA,6,3,9,3,New York Rangers,Seattle Kraken,Home Win (6-3),6-3,Regulation,No,No,Madison Square Garden,New York,OFF,I. Shesterkin (Winning Goalie); J. Trouba (GWG Scorer),New York Rangers defeated Seattle Kraken 6-3 in regulation at Madison Square Garden (New York).,NHL Official Stats REST API (api-web.nhle.com/v1)
934,2022020829,2022-2023,2022,Regular Season,Regular Season,2023-02-10,Friday,00:00,Columbus Blue Jackets,Toronto Maple Leafs,Columbus Blue Jackets,Toronto Maple Leafs,CBJ,TOR,0,3,3,3,Toronto Maple Leafs,Columbus Blue Jackets,Away Win (3-0),0-3,Regulation,No,No,Nationwide Arena,Columbus,OFF,I. Samsonov (Winning Goalie); J. Tavares (GWG Scorer),Toronto Maple Leafs defeated Columbus Blue Jackets 3-0 in regulation at Nationwide Arena (Columbus).,NHL Official Stats REST API (api-web.nhle.com/v1)
935,2022020830,2022-2023,2022,Regular Season,Regular Season,2023-02-10,Friday,01:30,Chicago Blackhawks,Arizona Coyotes,Chicago Blackhawks,Arizona Coyotes,CHI,ARI,4,3,7,1,Chicago Blackhawks,Arizona Coyotes,Home Win (4-3 OT),4-3,Overtime,Yes,No,United Center,Chicago,OFF,J. Stauber (Winning Goalie); C. Jones (GWG Scorer),Chicago Blackhawks defeated Arizona Coyotes 4-3 in overtime at United Center (Chicago).,NHL Official Stats REST API (api-web.nhle.com/v1)
936,2022020831,2022-2023,2022,Regular Season,Regular Season,2023-02-10,Friday,03:00,Anaheim Ducks,Pittsburgh Penguins,Anaheim Ducks,Pittsburgh Penguins,ANA,PIT,3,6,9,3,Pittsburgh Penguins,Anaheim Ducks,Away Win (6-3),3-6,Regulation,No,No,Honda Center,Anaheim,OFF,C. DeSmith (Winning Goalie); P. Joseph (GWG Scorer),Pittsburgh Penguins defeated Anaheim Ducks 6-3 in regulation at Honda Center (Anaheim).,NHL Official Stats REST API (api-web.nhle.com/v1)
937,2022020832,2022-2023,2022,Regular Season,Regular Season,2023-02-11,Saturday,17:00,Detroit Red Wings,Vancouver Canucks,Detroit Red Wings,Vancouver Canucks,DET,VAN,5,2,7,3,Detroit Red Wings,Vancouver Canucks,Home Win (5-2),5-2,Regulation,No,No,Little Caesars Arena,Detroit,OFF,V. Husso (Winning Goalie); D. Larkin (GWG Scorer),Detroit Red Wings defeated Vancouver Canucks 5-2 in regulation at Little Caesars Arena (Detroit).,NHL Official Stats REST API (api-web.nhle.com/v1)
938,2022020833,2022-2023,2022,Regular Season,Regular Season,2023-02-11,Saturday,17:30,Buffalo Sabres,Calgary Flames,Buffalo Sabres,Calgary Flames,BUF,CGY,2,7,9,5,Calgary Flames,Buffalo Sabres,Away Win (7-2),2-7,Regulation,No,No,KeyBank Center,Buffalo,OFF,J. Markstrom (Winning Goalie); D. Gilbert (GWG Scorer),Calgary Flames defeated Buffalo Sabres 7-2 in regulation at KeyBank Center (Buffalo).,NHL Official Stats REST API (api-web.nhle.com/v1)
939,2022020834,2022-2023,2022,Regular Season,Regular Season,2023-02-11,Saturday,17:30,Ottawa Senators,Edmonton Oilers,Ottawa Senators,Edmonton Oilers,OTT,EDM,3,6,9,3,Edmonton Oilers,Ottawa Senators,Away Win (6-3),3-6,Regulation,No,No,Canadian Tire Centre,Ottawa,OFF,J. Campbell (Winning Goalie); J. Puljujarvi (GWG Scorer),Edmonton Oilers defeated Ottawa Senators 6-3 in regulation at Canadian Tire Centre (Ottawa).,NHL Official Stats REST API (api-web.nhle.com/v1)
940,2022020835,2022-2023,2022,Regular Season,Regular Season,2023-02-11,Saturday,17:30,Montréal Canadiens,New York Islanders,Montréal Canadiens,New York Islanders,MTL,NYI,4,3,7,1,Montréal Canadiens,New York Islanders,Home Win (4-3 OT),4-3,Overtime,Yes,No,Centre Bell,Montréal,OFF,S. Montembeault (Winning Goalie); M. Matheson (GWG Scorer),Montréal Canadiens defeated New York Islanders 4-3 in overtime at Centre Bell (Montréal).,NHL Official Stats REST API (api-web.nhle.com/v1)
941,2022020836,2022-2023,2022,Regular Season,Regular Season,2023-02-11,Saturday,17:30,Philadelphia Flyers,Nashville Predators,Philadelphia Flyers,Nashville Predators,PHI,NSH,1,2,3,1,Nashville Predators,Philadelphia Flyers,Away Win (2-1 OT),1-2,Overtime,Yes,No,Wells Fargo Center,Philadelphia,OFF,J. Saros (Winning Goalie); M. Duchene (GWG Scorer),Nashville Predators defeated Philadelphia Flyers 2-1 in overtime at Wells Fargo Center (Philadelphia).,NHL Official Stats REST API (api-web.nhle.com/v1)
942,2022020837,2022-2023,2022,Regular Season,Regular Season,2023-02-11,Saturday,18:00,Dallas Stars,Tampa Bay Lightning,Dallas Stars,Tampa Bay Lightning,DAL,TBL,1,3,4,2,Tampa Bay Lightning,Dallas Stars,Away Win (3-1),1-3,Regulation,No,No,American Airlines Center,Dallas,OFF,A. Vasilevskiy (Winning Goalie); A. Cirelli (GWG Scorer),Tampa Bay Lightning defeated Dallas Stars 3-1 in regulation at American Airlines Center (Dallas).,NHL Official Stats REST API (api-web.nhle.com/v1)
943,2022020838,2022-2023,2022,Regular Season,Regular Season,2023-02-11,Saturday,20:30,Boston Bruins,Washington Capitals,Boston Bruins,Washington Capitals,BOS,WSH,1,2,3,1,Washington Capitals,Boston Bruins,Away Win (2-1),1-2,Regulation,No,No,TD Garden,Boston,OFF,D. Kuemper (Winning Goalie); G. Hathaway (GWG Scorer),Washington Capitals defeated Boston Bruins 2-1 in regulation at TD Garden (Boston).,NHL Official Stats REST API (api-web.nhle.com/v1)
944,2022020839,2022-2023,2022,Regular Season,Regular Season,2023-02-11,Saturday,23:00,Florida Panthers,Colorado Avalanche,Florida Panthers,Colorado Avalanche,FLA,COL,3,5,8,2,Colorado Avalanche,Florida Panthers,Away Win (5-3),3-5,Regulation,No,No,FLA Live Arena,Florida,OFF,A. Georgiev (Winning Goalie); N. MacKinnon (GWG Scorer),Colorado Avalanche defeated Florida Panthers 5-3 in regulation at FLA Live Arena (Florida).,NHL Official Stats REST API (api-web.nhle.com/v1)
945,2022020840,2022-2023,2022,Regular Season,Regular Season,2023-02-11,Saturday,00:00,Toronto Maple Leafs,Columbus Blue Jackets,Toronto Maple Leafs,Columbus Blue Jackets,TOR,CBJ,3,4,7,1,Columbus Blue Jackets,Toronto Maple Leafs,Away Win (4-3),3-4,Regulation,No,No,Scotiabank Arena,Toronto,OFF,E. Merzlikins (Winning Goalie); K. Johnson (GWG Scorer),Columbus Blue Jackets defeated Toronto Maple Leafs 4-3 in regulation at Scotiabank Arena (Toronto).,NHL Official Stats REST API (api-web.nhle.com/v1)
946,2022020841,2022-2023,2022,Regular Season,Regular Season,2023-02-11,Saturday,00:00,Carolina Hurricanes,New York Rangers,Carolina Hurricanes,New York Rangers,CAR,NYR,2,6,8,4,New York Rangers,Carolina Hurricanes,Away Win (6-2),2-6,Regulation,No,No,PNC Arena,Carolina,OFF,J. Halak (Winning Goalie); A. Panarin (GWG Scorer),New York Rangers defeated Carolina Hurricanes 6-2 in regulation at PNC Arena (Carolina).,NHL Official Stats REST API (api-web.nhle.com/v1)
947,2022020842,2022-2023,2022,Regular Season,Regular Season,2023-02-11,Saturday,01:00,St. Louis Blues,Arizona Coyotes,St. Louis Blues,Arizona Coyotes,STL,ARI,6,5,11,1,St. Louis Blues,Arizona Coyotes,Home Win (6-5 OT),6-5,Overtime,Yes,No,Enterprise Center,St. Louis,OFF,J. Binnington (Winning Goalie); R. O'Reilly (GWG Scorer),St. Louis Blues defeated Arizona Coyotes 6-5 in overtime at Enterprise Center (St. Louis).,NHL Official Stats REST API (api-web.nhle.com/v1)
948,2022020843,2022-2023,2022,Regular Season,Regular Season,2023-02-11,Saturday,01:00,Minnesota Wild,New Jersey Devils,Minnesota Wild,New Jersey Devils,MIN,NJD,3,2,5,1,Minnesota Wild,New Jersey Devils,Home Win (3-2 SO),3-2,Shootout,Yes,Yes,Xcel Energy Center,Minnesota,OFF,F. Gustavsson (Winning Goalie),Minnesota Wild defeated New Jersey Devils 3-2 in a shootout at Xcel Energy Center (Minnesota).,NHL Official Stats REST API (api-web.nhle.com/v1)
949,2022020844,2022-2023,2022,Regular Season,Regular Season,2023-02-11,Saturday,03:00,Winnipeg Jets,Chicago Blackhawks,Winnipeg Jets,Chicago Blackhawks,WPG,CHI,4,1,5,3,Winnipeg Jets,Chicago Blackhawks,Home Win (4-1),4-1,Regulation,No,No,Canada Life Centre,Winnipeg,OFF,C. Hellebuyck (Winning Goalie); B. Wheeler (GWG Scorer),Winnipeg Jets defeated Chicago Blackhawks 4-1 in regulation at Canada Life Centre (Winnipeg).,NHL Official Stats REST API (api-web.nhle.com/v1)
950,2022020845,2022-2023,2022,Regular Season,Regular Season,2023-02-11,Saturday,03:30,Los Angeles Kings,Pittsburgh Penguins,Los Angeles Kings,Pittsburgh Penguins,LAK,PIT,6,0,6,6,Los Angeles Kings,Pittsburgh Penguins,Home Win (6-0),6-0,Regulation,No,No,Crypto.com Arena,Los Angeles,OFF,P. Copley (Winning Goalie); J. Anderson-Dolan (GWG Scorer),Los Angeles Kings defeated Pittsburgh Penguins 6-0 in regulation at Crypto.com Arena (Los Angeles).,NHL Official Stats REST API (api-web.nhle.com/v1)
951,2022020846,2022-2023,2022,Regular Season,Regular Season,2023-02-12,Sunday,17:30,Montréal Canadiens,Edmonton Oilers,Montréal Canadiens,Edmonton Oilers,MTL,EDM,6,2,8,4,Montréal Canadiens,Edmonton Oilers,Home Win (6-2),6-2,Regulation,No,No,Centre Bell,Montréal,OFF,J. Allen (Winning Goalie); J. Anderson (GWG Scorer),Montréal Canadiens defeated Edmonton Oilers 6-2 in regulation at Centre Bell (Montréal).,NHL Official Stats REST API (api-web.nhle.com/v1)
952,2022020848,2022-2023,2022,Regular Season,Regular Season,2023-02-12,Sunday,18:00,Philadelphia Flyers,Seattle Kraken,Philadelphia Flyers,Seattle Kraken,PHI,SEA,3,4,7,1,Seattle Kraken,Philadelphia Flyers,Away Win (4-3),3-4,Regulation,No,No,Wells Fargo Center,Philadelphia,OFF,P. Grubauer (Winning Goalie); J. Schwartz (GWG Scorer),Seattle Kraken defeated Philadelphia Flyers 4-3 in regulation at Wells Fargo Center (Philadelphia).,NHL Official Stats REST API (api-web.nhle.com/v1)
953,2022020847,2022-2023,2022,Regular Season,Regular Season,2023-02-12,Sunday,18:30,Washington Capitals,San Jose Sharks,Washington Capitals,San Jose Sharks,WSH,SJS,1,4,5,3,San Jose Sharks,Washington Capitals,Away Win (4-1),1-4,Regulation,No,No,Capital One Arena,Washington,OFF,K. Kahkonen (Winning Goalie); A. Barabanov (GWG Scorer),San Jose Sharks defeated Washington Capitals 4-1 in regulation at Capital One Arena (Washington).,NHL Official Stats REST API (api-web.nhle.com/v1)
954,2022020849,2022-2023,2022,Regular Season,Regular Season,2023-02-12,Sunday,20:00,Vegas Golden Knights,Anaheim Ducks,Vegas Golden Knights,Anaheim Ducks,VGK,ANA,7,2,9,5,Vegas Golden Knights,Anaheim Ducks,Home Win (7-2),7-2,Regulation,No,No,T-Mobile Arena,Vegas,OFF,A. Hill (Winning Goalie); S. Theodore (GWG Scorer),Vegas Golden Knights defeated Anaheim Ducks 7-2 in regulation at T-Mobile Arena (Vegas).,NHL Official Stats REST API (api-web.nhle.com/v1)
955,2022020850,2022-2023,2022,Regular Season,Regular Season,2023-02-13,Monday,00:30,Ottawa Senators,Calgary Flames,Ottawa Senators,Calgary Flames,OTT,CGY,4,3,7,1,Ottawa Senators,Calgary Flames,Home Win (4-3 OT),4-3,Overtime,Yes,No,Canadian Tire Centre,Ottawa,OFF,M. Sogaard (Winning Goalie); T. Stützle (GWG Scorer),Ottawa Senators defeated Calgary Flames 4-3 in overtime at Canadian Tire Centre (Ottawa).,NHL Official Stats REST API (api-web.nhle.com/v1)
956,2022020851,2022-2023,2022,Regular Season,Regular Season,2023-02-13,Monday,01:00,Nashville Predators,Arizona Coyotes,Nashville Predators,Arizona Coyotes,NSH,ARI,2,4,6,2,Arizona Coyotes,Nashville Predators,Away Win (4-2),2-4,Regulation,No,No,Bridgestone Arena,Nashville,OFF,K. Vejmelka (Winning Goalie); L. Crouse (GWG Scorer),Arizona Coyotes defeated Nashville Predators 4-2 in regulation at Bridgestone Arena (Nashville).,NHL Official Stats REST API (api-web.nhle.com/v1)
957,2022020852,2022-2023,2022,Regular Season,Regular Season,2023-02-13,Monday,01:00,Minnesota Wild,Florida Panthers,Minnesota Wild,Florida Panthers,MIN,FLA,1,2,3,1,Florida Panthers,Minnesota Wild,Away Win (2-1 SO),1-2,Shootout,Yes,Yes,Xcel Energy Center,Minnesota,OFF,S. Bobrovsky (Winning Goalie),Florida Panthers defeated Minnesota Wild 2-1 in a shootout at Xcel Energy Center (Minnesota).,NHL Official Stats REST API (api-web.nhle.com/v1)
958,2022020853,2022-2023,2022,Regular Season,Regular Season,2023-02-13,Monday,03:00,Vancouver Canucks,Detroit Red Wings,Vancouver Canucks,Detroit Red Wings,VAN,DET,1,6,7,5,Detroit Red Wings,Vancouver Canucks,Away Win (6-1),1-6,Regulation,No,No,Rogers Arena,Vancouver,OFF,V. Husso (Winning Goalie); D. Larkin (GWG Scorer),Detroit Red Wings defeated Vancouver Canucks 6-1 in regulation at Rogers Arena (Vancouver).,NHL Official Stats REST API (api-web.nhle.com/v1)
959,2022020854,2022-2023,2022,Regular Season,Regular Season,2023-02-13,Monday,03:30,Los Angeles Kings,Buffalo Sabres,Los Angeles Kings,Buffalo Sabres,LAK,BUF,5,2,7,3,Los Angeles Kings,Buffalo Sabres,Home Win (5-2),5-2,Regulation,No,No,Crypto.com Arena,Los Angeles,OFF,P. Copley (Winning Goalie); S. Walker (GWG Scorer),Los Angeles Kings defeated Buffalo Sabres 5-2 in regulation at Crypto.com Arena (Los Angeles).,NHL Official Stats REST API (api-web.nhle.com/v1)
960,2022020855,2022-2023,2022,Regular Season,Regular Season,2023-02-14,Tuesday,00:00,Washington Capitals,Carolina Hurricanes,Washington Capitals,Carolina Hurricanes,WSH,CAR,2,3,5,1,Carolina Hurricanes,Washington Capitals,Away Win (3-2),2-3,Regulation,No,No,Capital One Arena,Washington,OFF,F. Andersen (Winning Goalie); S. Noesen (GWG Scorer),Carolina Hurricanes defeated Washington Capitals 3-2 in regulation at Capital One Arena (Washington).,NHL Official Stats REST API (api-web.nhle.com/v1)
961,2022020856,2022-2023,2022,Regular Season,Regular Season,2023-02-14,Tuesday,00:00,Montréal Canadiens,Chicago Blackhawks,Montréal Canadiens,Chicago Blackhawks,MTL,CHI,4,0,4,4,Montréal Canadiens,Chicago Blackhawks,Home Win (4-0),4-0,Regulation,No,No,Centre Bell,Montréal,OFF,J. Allen (Winning Goalie); J. Barron (GWG Scorer),Montréal Canadiens defeated Chicago Blackhawks 4-0 in regulation at Centre Bell (Montréal).,NHL Official Stats REST API (api-web.nhle.com/v1)
962,2022020857,2022-2023,2022,Regular Season,Regular Season,2023-02-14,Tuesday,00:30,Columbus Blue Jackets,New Jersey Devils,Columbus Blue Jackets,New Jersey Devils,CBJ,NJD,2,3,5,1,New Jersey Devils,Columbus Blue Jackets,Away Win (3-2),2-3,Regulation,No,No,Nationwide Arena,Columbus,OFF,V. Vanecek (Winning Goalie); R. Graves (GWG Scorer),New Jersey Devils defeated Columbus Blue Jackets 3-2 in regulation at Nationwide Arena (Columbus).,NHL Official Stats REST API (api-web.nhle.com/v1)
963,2022020858,2022-2023,2022,Regular Season,Regular Season,2023-02-14,Tuesday,00:30,New York Islanders,Ottawa Senators,New York Islanders,Ottawa Senators,NYI,OTT,2,3,5,1,Ottawa Senators,New York Islanders,Away Win (3-2 SO),2-3,Shootout,Yes,Yes,UBS Arena,New York,OFF,K. Mandolese (Winning Goalie),Ottawa Senators defeated New York Islanders 3-2 in a shootout at UBS Arena (New York).,NHL Official Stats REST API (api-web.nhle.com/v1)
964,2022020859,2022-2023,2022,Regular Season,Regular Season,2023-02-14,Tuesday,01:00,St. Louis Blues,Florida Panthers,St. Louis Blues,Florida Panthers,STL,FLA,6,2,8,4,St. Louis Blues,Florida Panthers,Home Win (6-2),6-2,Regulation,No,No,Enterprise Center,St. Louis,OFF,J. Binnington (Winning Goalie); N. Leddy (GWG Scorer),St. Louis Blues defeated Florida Panthers 6-2 in regulation at Enterprise Center (St. Louis).,NHL Official Stats REST API (api-web.nhle.com/v1)
965,2022020860,2022-2023,2022,Regular Season,Regular Season,2023-02-14,Tuesday,01:00,Winnipeg Jets,Seattle Kraken,Winnipeg Jets,Seattle Kraken,WPG,SEA,3,2,5,1,Winnipeg Jets,Seattle Kraken,Home Win (3-2 SO),3-2,Shootout,Yes,Yes,Canada Life Centre,Winnipeg,OFF,D. Rittich (Winning Goalie),Winnipeg Jets defeated Seattle Kraken 3-2 in a shootout at Canada Life Centre (Winnipeg).,NHL Official Stats REST API (api-web.nhle.com/v1)
966,2022020861,2022-2023,2022,Regular Season,Regular Season,2023-02-14,Tuesday,01:30,Dallas Stars,Boston Bruins,Dallas Stars,Boston Bruins,DAL,BOS,2,3,5,1,Boston Bruins,Dallas Stars,Away Win (3-2 OT),2-3,Overtime,Yes,No,American Airlines Center,Dallas,OFF,L. Ullmark (Winning Goalie); D. Pastrnak (GWG Scorer),Boston Bruins defeated Dallas Stars 3-2 in overtime at American Airlines Center (Dallas).,NHL Official Stats REST API (api-web.nhle.com/v1)
967,2022020862,2022-2023,2022,Regular Season,Regular Season,2023-02-14,Tuesday,02:00,Colorado Avalanche,Tampa Bay Lightning,Colorado Avalanche,Tampa Bay Lightning,COL,TBL,3,4,7,1,Tampa Bay Lightning,Colorado Avalanche,Away Win (4-3 SO),3-4,Shootout,Yes,Yes,Ball Arena,Colorado,OFF,A. Vasilevskiy (Winning Goalie),Tampa Bay Lightning defeated Colorado Avalanche 4-3 in a shootout at Ball Arena (Colorado).,NHL Official Stats REST API (api-web.nhle.com/v1)
968,2022020863,2022-2023,2022,Regular Season,Regular Season,2023-02-14,Tuesday,03:30,San Jose Sharks,Pittsburgh Penguins,San Jose Sharks,Pittsburgh Penguins,SJS,PIT,1,3,4,2,Pittsburgh Penguins,San Jose Sharks,Away Win (3-1),1-3,Regulation,No,No,SAP Center at San Jose,San Jose,OFF,C. DeSmith (Winning Goalie); J. Guentzel (GWG Scorer),Pittsburgh Penguins defeated San Jose Sharks 3-1 in regulation at SAP Center at San Jose (San Jose).,NHL Official Stats REST API (api-web.nhle.com/v1)
969,2022020864,2022-2023,2022,Regular Season,Regular Season,2023-02-15,Wednesday,00:00,Toronto Maple Leafs,Chicago Blackhawks,Toronto Maple Leafs,Chicago Blackhawks,TOR,CHI,5,2,7,3,Toronto Maple Leafs,Chicago Blackhawks,Home Win (5-2),5-2,Regulation,No,No,Scotiabank Arena,Toronto,OFF,I. Samsonov (Winning Goalie); A. Matthews (GWG Scorer),Toronto Maple Leafs defeated Chicago Blackhawks 5-2 in regulation at Scotiabank Arena (Toronto).,NHL Official Stats REST API (api-web.nhle.com/v1)
970,2022020865,2022-2023,2022,Regular Season,Regular Season,2023-02-15,Wednesday,02:00,Arizona Coyotes,Tampa Bay Lightning,Arizona Coyotes,Tampa Bay Lightning,ARI,TBL,1,0,1,1,Arizona Coyotes,Tampa Bay Lightning,Home Win (1-0 SO),1-0,Shootout,Yes,Yes,Mullett Arena,Arizona,OFF,C. Ingram (Winning Goalie),Arizona Coyotes defeated Tampa Bay Lightning 1-0 in a shootout at Mullett Arena (Arizona).,NHL Official Stats REST API (api-web.nhle.com/v1)
971,2022020866,2022-2023,2022,Regular Season,Regular Season,2023-02-15,Wednesday,02:30,Minnesota Wild,Colorado Avalanche,Minnesota Wild,Colorado Avalanche,MIN,COL,2,3,5,1,Colorado Avalanche,Minnesota Wild,Away Win (3-2),2-3,Regulation,No,No,Xcel Energy Center,Minnesota,OFF,A. Georgiev (Winning Goalie); N. MacKinnon (GWG Scorer),Colorado Avalanche defeated Minnesota Wild 3-2 in regulation at Xcel Energy Center (Minnesota).,NHL Official Stats REST API (api-web.nhle.com/v1)
972,2022020867,2022-2023,2022,Regular Season,Regular Season,2023-02-15,Wednesday,02:30,Edmonton Oilers,Detroit Red Wings,Edmonton Oilers,Detroit Red Wings,EDM,DET,4,5,9,1,Detroit Red Wings,Edmonton Oilers,Away Win (5-4 SO),4-5,Shootout,Yes,Yes,Rogers Place,Edmonton,OFF,V. Husso (Winning Goalie),Detroit Red Wings defeated Edmonton Oilers 5-4 in a shootout at Rogers Place (Edmonton).,NHL Official Stats REST API (api-web.nhle.com/v1)
973,2022020868,2022-2023,2022,Regular Season,Regular Season,2023-02-15,Wednesday,03:00,Anaheim Ducks,Buffalo Sabres,Anaheim Ducks,Buffalo Sabres,ANA,BUF,3,7,10,4,Buffalo Sabres,Anaheim Ducks,Away Win (7-3),3-7,Regulation,No,No,Honda Center,Anaheim,OFF,E. Comrie (Winning Goalie); C. Mittelstadt (GWG Scorer),Buffalo Sabres defeated Anaheim Ducks 7-3 in regulation at Honda Center (Anaheim).,NHL Official Stats REST API (api-web.nhle.com/v1)
974,2022020869,2022-2023,2022,Regular Season,Regular Season,2023-02-15,Wednesday,03:00,Vancouver Canucks,New York Rangers,Vancouver Canucks,New York Rangers,VAN,NYR,4,6,10,2,New York Rangers,Vancouver Canucks,Away Win (6-4),4-6,Regulation,No,No,Rogers Arena,Vancouver,OFF,I. Shesterkin (Winning Goalie); K. Miller (GWG Scorer),New York Rangers defeated Vancouver Canucks 6-4 in regulation at Rogers Arena (Vancouver).,NHL Official Stats REST API (api-web.nhle.com/v1)
975,2022020870,2022-2023,2022,Regular Season,Regular Season,2023-02-16,Thursday,00:00,Washington Capitals,Florida Panthers,Washington Capitals,Florida Panthers,WSH,FLA,3,6,9,3,Florida Panthers,Washington Capitals,Away Win (6-3),3-6,Regulation,No,No,Capital One Arena,Washington,OFF,S. Bobrovsky (Winning Goalie); A. Barkov (GWG Scorer),Florida Panthers defeated Washington Capitals 6-3 in regulation at Capital One Arena (Washington).,NHL Official Stats REST API (api-web.nhle.com/v1)
976,2022020871,2022-2023,2022,Regular Season,Regular Season,2023-02-16,Thursday,00:00,Carolina Hurricanes,Montréal Canadiens,Carolina Hurricanes,Montréal Canadiens,CAR,MTL,6,2,8,4,Carolina Hurricanes,Montréal Canadiens,Home Win (6-2),6-2,Regulation,No,No,PNC Arena,Carolina,OFF,A. Raanta (Winning Goalie); S. Aho (GWG Scorer),Carolina Hurricanes defeated Montréal Canadiens 6-2 in regulation at PNC Arena (Carolina).,NHL Official Stats REST API (api-web.nhle.com/v1)
977,2022020872,2022-2023,2022,Regular Season,Regular Season,2023-02-16,Thursday,00:00,Columbus Blue Jackets,Winnipeg Jets,Columbus Blue Jackets,Winnipeg Jets,CBJ,WPG,3,1,4,2,Columbus Blue Jackets,Winnipeg Jets,Home Win (3-1),3-1,Regulation,No,No,Nationwide Arena,Columbus,OFF,J. Korpisalo (Winning Goalie); K. Johnson (GWG Scorer),Columbus Blue Jackets defeated Winnipeg Jets 3-1 in regulation at Nationwide Arena (Columbus).,NHL Official Stats REST API (api-web.nhle.com/v1)
978,2022020873,2022-2023,2022,Regular Season,Regular Season,2023-02-16,Thursday,01:00,Nashville Predators,Boston Bruins,Nashville Predators,Boston Bruins,NSH,BOS,0,5,5,5,Boston Bruins,Nashville Predators,Away Win (5-0),0-5,Regulation,No,No,Bridgestone Arena,Nashville,OFF,J. Swayman (Winning Goalie); B. Marchand (GWG Scorer),Boston Bruins defeated Nashville Predators 5-0 in regulation at Bridgestone Arena (Nashville).,NHL Official Stats REST API (api-web.nhle.com/v1)
979,2022020874,2022-2023,2022,Regular Season,Regular Season,2023-02-16,Thursday,02:00,St. Louis Blues,New Jersey Devils,St. Louis Blues,New Jersey Devils,STL,NJD,4,2,6,2,St. Louis Blues,New Jersey Devils,Home Win (4-2),4-2,Regulation,No,No,Enterprise Center,St. Louis,OFF,J. Binnington (Winning Goalie); J. Kyrou (GWG Scorer),St. Louis Blues defeated New Jersey Devils 4-2 in regulation at Enterprise Center (St. Louis).,NHL Official Stats REST API (api-web.nhle.com/v1)
980,2022020875,2022-2023,2022,Regular Season,Regular Season,2023-02-16,Thursday,02:00,Calgary Flames,Detroit Red Wings,Calgary Flames,Detroit Red Wings,CGY,DET,2,5,7,3,Detroit Red Wings,Calgary Flames,Away Win (5-2),2-5,Regulation,No,No,Scotiabank Saddledome,Calgary,OFF,M. Hellberg (Winning Goalie); D. Kubalik (GWG Scorer),Detroit Red Wings defeated Calgary Flames 5-2 in regulation at Scotiabank Saddledome (Calgary).,NHL Official Stats REST API (api-web.nhle.com/v1)
981,2022020876,2022-2023,2022,Regular Season,Regular Season,2023-02-16,Thursday,03:00,Seattle Kraken,Philadelphia Flyers,Seattle Kraken,Philadelphia Flyers,SEA,PHI,6,2,8,4,Seattle Kraken,Philadelphia Flyers,Home Win (6-2),6-2,Regulation,No,No,Climate Pledge Arena,Seattle,OFF,P. Grubauer (Winning Goalie); J. Schultz (GWG Scorer),Seattle Kraken defeated Philadelphia Flyers 6-2 in regulation at Climate Pledge Arena (Seattle).,NHL Official Stats REST API (api-web.nhle.com/v1)
982,2022020877,2022-2023,2022,Regular Season,Regular Season,2023-02-16,Thursday,03:00,Vegas Golden Knights,San Jose Sharks,Vegas Golden Knights,San Jose Sharks,VGK,SJS,2,1,3,1,Vegas Golden Knights,San Jose Sharks,Home Win (2-1),2-1,Regulation,No,No,T-Mobile Arena,Vegas,OFF,A. Hill (Winning Goalie); W. Carrier (GWG Scorer),Vegas Golden Knights defeated San Jose Sharks 2-1 in regulation at T-Mobile Arena (Vegas).,NHL Official Stats REST API (api-web.nhle.com/v1)
983,2022020878,2022-2023,2022,Regular Season,Regular Season,2023-02-17,Friday,00:00,Ottawa Senators,Chicago Blackhawks,Ottawa Senators,Chicago Blackhawks,OTT,CHI,3,4,7,1,Chicago Blackhawks,Ottawa Senators,Away Win (4-3 OT),3-4,Overtime,Yes,No,Canadian Tire Centre,Ottawa,OFF,P. Mrazek (Winning Goalie); A. Athanasiou (GWG Scorer),Chicago Blackhawks defeated Ottawa Senators 4-3 in overtime at Canadian Tire Centre (Ottawa).,NHL Official Stats REST API (api-web.nhle.com/v1)
984,2022020879,2022-2023,2022,Regular Season,Regular Season,2023-02-17,Friday,00:00,New York Islanders,Pittsburgh Penguins,New York Islanders,Pittsburgh Penguins,NYI,PIT,5,4,9,1,New York Islanders,Pittsburgh Penguins,Home Win (5-4),5-4,Regulation,No,No,UBS Arena,New York,OFF,I. Sorokin (Winning Goalie); Z. Parise (GWG Scorer),New York Islanders defeated Pittsburgh Penguins 5-4 in regulation at UBS Arena (New York).,NHL Official Stats REST API (api-web.nhle.com/v1)
985,2022020880,2022-2023,2022,Regular Season,Regular Season,2023-02-17,Friday,01:00,Minnesota Wild,Dallas Stars,Minnesota Wild,Dallas Stars,MIN,DAL,2,1,3,1,Minnesota Wild,Dallas Stars,Home Win (2-1 SO),2-1,Shootout,Yes,Yes,Xcel Energy Center,Minnesota,OFF,F. Gustavsson (Winning Goalie),Minnesota Wild defeated Dallas Stars 2-1 in a shootout at Xcel Energy Center (Minnesota).,NHL Official Stats REST API (api-web.nhle.com/v1)
986,2022020881,2022-2023,2022,Regular Season,Regular Season,2023-02-17,Friday,02:00,Edmonton Oilers,New York Rangers,Edmonton Oilers,New York Rangers,EDM,NYR,4,5,9,1,New York Rangers,Edmonton Oilers,Away Win (5-4 SO),4-5,Shootout,Yes,Yes,Rogers Place,Edmonton,OFF,I. Shesterkin (Winning Goalie),New York Rangers defeated Edmonton Oilers 5-4 in a shootout at Rogers Place (Edmonton).,NHL Official Stats REST API (api-web.nhle.com/v1)
987,2022020882,2022-2023,2022,Regular Season,Regular Season,2023-02-17,Friday,02:00,Anaheim Ducks,Los Angeles Kings,Anaheim Ducks,Los Angeles Kings,ANA,LAK,3,6,9,3,Los Angeles Kings,Anaheim Ducks,Away Win (6-3),3-6,Regulation,No,No,Honda Center,Anaheim,OFF,J. Quick (Winning Goalie); A. Kopitar (GWG Scorer),Los Angeles Kings defeated Anaheim Ducks 6-3 in regulation at Honda Center (Anaheim).,NHL Official Stats REST API (api-web.nhle.com/v1)
988,2022020883,2022-2023,2022,Regular Season,Regular Season,2023-02-18,Saturday,19:00,St. Louis Blues,Colorado Avalanche,St. Louis Blues,Colorado Avalanche,STL,COL,1,4,5,3,Colorado Avalanche,St. Louis Blues,Away Win (4-1),1-4,Regulation,No,No,Enterprise Center,St. Louis,OFF,J. Annunen (Winning Goalie); B. Byram (GWG Scorer),Colorado Avalanche defeated St. Louis Blues 4-1 in regulation at Enterprise Center (St. Louis).,NHL Official Stats REST API (api-web.nhle.com/v1)
989,2022020884,2022-2023,2022,Regular Season,Regular Season,2023-02-18,Saturday,19:00,Nashville Predators,Florida Panthers,Nashville Predators,Florida Panthers,NSH,FLA,7,3,10,4,Nashville Predators,Florida Panthers,Home Win (7-3),7-3,Regulation,No,No,Bridgestone Arena,Nashville,OFF,K. Lankinen (Winning Goalie); C. Sissons (GWG Scorer),Nashville Predators defeated Florida Panthers 7-3 in regulation at Bridgestone Arena (Nashville).,NHL Official Stats REST API (api-web.nhle.com/v1)
990,2022020885,2022-2023,2022,Regular Season,Regular Season,2023-02-18,Saturday,22:00,Boston Bruins,New York Islanders,Boston Bruins,New York Islanders,BOS,NYI,6,2,8,4,Boston Bruins,New York Islanders,Home Win (6-2),6-2,Regulation,No,No,TD Garden,Boston,OFF,L. Ullmark (Winning Goalie); T. Frederic (GWG Scorer),Boston Bruins defeated New York Islanders 6-2 in regulation at TD Garden (Boston).,NHL Official Stats REST API (api-web.nhle.com/v1)
991,2022020886,2022-2023,2022,Regular Season,Regular Season,2023-02-18,Saturday,22:30,Pittsburgh Penguins,New Jersey Devils,Pittsburgh Penguins,New Jersey Devils,PIT,NJD,2,5,7,3,New Jersey Devils,Pittsburgh Penguins,Away Win (5-2),2-5,Regulation,No,No,PPG Paints Arena,Pittsburgh,OFF,V. Vanecek (Winning Goalie); N. Hischier (GWG Scorer),New Jersey Devils defeated Pittsburgh Penguins 5-2 in regulation at PPG Paints Arena (Pittsburgh).,NHL Official Stats REST API (api-web.nhle.com/v1)
992,2022020887,2022-2023,2022,Regular Season,Regular Season,2023-02-18,Saturday,23:00,Dallas Stars,Columbus Blue Jackets,Dallas Stars,Columbus Blue Jackets,DAL,CBJ,1,4,5,3,Columbus Blue Jackets,Dallas Stars,Away Win (4-1),1-4,Regulation,No,No,American Airlines Center,Dallas,OFF,J. Korpisalo (Winning Goalie); A. Boqvist (GWG Scorer),Columbus Blue Jackets defeated Dallas Stars 4-1 in regulation at American Airlines Center (Dallas).,NHL Official Stats REST API (api-web.nhle.com/v1)
993,2022020888,2022-2023,2022,Regular Season,Regular Season,2023-02-18,Saturday,00:00,Toronto Maple Leafs,Montréal Canadiens,Toronto Maple Leafs,Montréal Canadiens,TOR,MTL,5,1,6,4,Toronto Maple Leafs,Montréal Canadiens,Home Win (5-1),5-1,Regulation,No,No,Scotiabank Arena,Toronto,OFF,J. Woll (Winning Goalie); P. Engvall (GWG Scorer),Toronto Maple Leafs defeated Montréal Canadiens 5-1 in regulation at Scotiabank Arena (Toronto).,NHL Official Stats REST API (api-web.nhle.com/v1)
994,2022020889,2022-2023,2022,Regular Season,Regular Season,2023-02-18,Saturday,01:00,Carolina Hurricanes,Washington Capitals,Carolina Hurricanes,Washington Capitals,CAR,WSH,4,1,5,3,Carolina Hurricanes,Washington Capitals,Home Win (4-1),4-1,Regulation,No,No,Carter-Finley Stadium,Carolina,OFF,F. Andersen (Winning Goalie); P. Stastny (GWG Scorer),Carolina Hurricanes defeated Washington Capitals 4-1 in regulation at Carter-Finley Stadium (Carolina).,NHL Official Stats REST API (api-web.nhle.com/v1)
995,2022020890,2022-2023,2022,Regular Season,Regular Season,2023-02-18,Saturday,03:00,Calgary Flames,New York Rangers,Calgary Flames,New York Rangers,CGY,NYR,3,2,5,1,Calgary Flames,New York Rangers,Home Win (3-2 OT),3-2,Overtime,Yes,No,Scotiabank Saddledome,Calgary,OFF,J. Markstrom (Winning Goalie); M. Backlund (GWG Scorer),Calgary Flames defeated New York Rangers 3-2 in overtime at Scotiabank Saddledome (Calgary).,NHL Official Stats REST API (api-web.nhle.com/v1)
996,2022020891,2022-2023,2022,Regular Season,Regular Season,2023-02-18,Saturday,03:00,Vancouver Canucks,Philadelphia Flyers,Vancouver Canucks,Philadelphia Flyers,VAN,PHI,6,2,8,4,Vancouver Canucks,Philadelphia Flyers,Home Win (6-2),6-2,Regulation,No,No,Rogers Arena,Vancouver,OFF,A. Silovs (Winning Goalie); A. Beauvillier (GWG Scorer),Vancouver Canucks defeated Philadelphia Flyers 6-2 in regulation at Rogers Arena (Vancouver).,NHL Official Stats REST API (api-web.nhle.com/v1)
997,2022020892,2022-2023,2022,Regular Season,Regular Season,2023-02-18,Saturday,03:30,Los Angeles Kings,Arizona Coyotes,Los Angeles Kings,Arizona Coyotes,LAK,ARI,6,5,11,1,Los Angeles Kings,Arizona Coyotes,Home Win (6-5 SO),6-5,Shootout,Yes,Yes,Crypto.com Arena,Los Angeles,OFF,J. Quick (Winning Goalie),Los Angeles Kings defeated Arizona Coyotes 6-5 in a shootout at Crypto.com Arena (Los Angeles).,NHL Official Stats REST API (api-web.nhle.com/v1)
998,2022020893,2022-2023,2022,Regular Season,Regular Season,2023-02-18,Saturday,03:30,San Jose Sharks,Buffalo Sabres,San Jose Sharks,Buffalo Sabres,SJS,BUF,2,4,6,2,Buffalo Sabres,San Jose Sharks,Away Win (4-2),2-4,Regulation,No,No,SAP Center at San Jose,San Jose,OFF,U. Luukkonen (Winning Goalie); J. Skinner (GWG Scorer),Buffalo Sabres defeated San Jose Sharks 4-2 in regulation at SAP Center at San Jose (San Jose).,NHL Official Stats REST API (api-web.nhle.com/v1)
999,2022020894,2022-2023,2022,Regular Season,Regular Season,2023-02-18,Saturday,03:30,Seattle Kraken,Detroit Red Wings,Seattle Kraken,Detroit Red Wings,SEA,DET,4,2,6,2,Seattle Kraken,Detroit Red Wings,Home Win (4-2),4-2,Regulation,No,No,Climate Pledge Arena,Seattle,OFF,P. Grubauer (Winning Goalie); J. Oleksiak (GWG Scorer),Seattle Kraken defeated Detroit Red Wings 4-2 in regulation at Climate Pledge Arena (Seattle).,NHL Official Stats REST API (api-web.nhle.com/v1)
1000,2022020895,2022-2023,2022,Regular Season,Regular Season,2023-02-18,Saturday,03:30,Vegas Golden Knights,Tampa Bay Lightning,Vegas Golden Knights,Tampa Bay Lightning,VGK,TBL,5,4,9,1,Vegas Golden Knights,Tampa Bay Lightning,Home Win (5-4),5-4,Regulation,No,No,T-Mobile Arena,Vegas,OFF,A. Hill (Winning Goalie); N. Roy (GWG Scorer),Vegas Golden Knights defeated Tampa Bay Lightning 5-4 in regulation at T-Mobile Arena (Vegas).,NHL Official Stats REST API (api-web.nhle.com/v1)
1001,2022020896,2022-2023,2022,Regular Season,Regular Season,2023-02-19,Sunday,19:00,Minnesota Wild,Nashville Predators,Minnesota Wild,Nashville Predators,MIN,NSH,4,3,7,1,Minnesota Wild,Nashville Predators,Home Win (4-3),4-3,Regulation,No,No,Xcel Energy Center,Minnesota,OFF,F. Gustavsson (Winning Goalie); R. Hartman (GWG Scorer),Minnesota Wild defeated Nashville Predators 4-3 in regulation at Xcel Energy Center (Minnesota).,NHL Official Stats REST API (api-web.nhle.com/v1)
1002,2022020897,2022-2023,2022,Regular Season,Regular Season,2023-02-19,Sunday,19:00,Ottawa Senators,St. Louis Blues,Ottawa Senators,St. Louis Blues,OTT,STL,7,2,9,5,Ottawa Senators,St. Louis Blues,Home Win (7-2),7-2,Regulation,No,No,Canadian Tire Centre,Ottawa,OFF,M. Sogaard (Winning Goalie); T. Stützle (GWG Scorer),Ottawa Senators defeated St. Louis Blues 7-2 in regulation at Canadian Tire Centre (Ottawa).,NHL Official Stats REST API (api-web.nhle.com/v1)
1003,2022020898,2022-2023,2022,Regular Season,Regular Season,2023-02-19,Sunday,20:00,Colorado Avalanche,Edmonton Oilers,Colorado Avalanche,Edmonton Oilers,COL,EDM,6,5,11,1,Colorado Avalanche,Edmonton Oilers,Home Win (6-5 OT),6-5,Overtime,Yes,No,Ball Arena,Colorado,OFF,A. Georgiev (Winning Goalie); M. Rantanen (GWG Scorer),Colorado Avalanche defeated Edmonton Oilers 6-5 in overtime at Ball Arena (Colorado).,NHL Official Stats REST API (api-web.nhle.com/v1)
1004,2022020899,2022-2023,2022,Regular Season,Regular Season,2023-02-19,Sunday,23:00,Chicago Blackhawks,Toronto Maple Leafs,Chicago Blackhawks,Toronto Maple Leafs,CHI,TOR,5,3,8,2,Chicago Blackhawks,Toronto Maple Leafs,Home Win (5-3),5-3,Regulation,No,No,United Center,Chicago,OFF,J. Stauber (Winning Goalie); C. Guttman (GWG Scorer),Chicago Blackhawks defeated Toronto Maple Leafs 5-3 in regulation at United Center (Chicago).,NHL Official Stats REST API (api-web.nhle.com/v1)
1005,2022020900,2022-2023,2022,Regular Season,Regular Season,2023-02-19,Sunday,00:00,New Jersey Devils,Winnipeg Jets,New Jersey Devils,Winnipeg Jets,NJD,WPG,4,2,6,2,New Jersey Devils,Winnipeg Jets,Home Win (4-2),4-2,Regulation,No,No,Prudential Center,New Jersey,OFF,M. Blackwood (Winning Goalie); M. Wood (GWG Scorer),New Jersey Devils defeated Winnipeg Jets 4-2 in regulation at Prudential Center (New Jersey).,NHL Official Stats REST API (api-web.nhle.com/v1)
1006,2022020901,2022-2023,2022,Regular Season,Regular Season,2023-02-19,Sunday,01:30,Arizona Coyotes,Columbus Blue Jackets,Arizona Coyotes,Columbus Blue Jackets,ARI,CBJ,3,2,5,1,Arizona Coyotes,Columbus Blue Jackets,Home Win (3-2 OT),3-2,Overtime,Yes,No,Mullett Arena,Arizona,OFF,C. Ingram (Winning Goalie); B. Hayton (GWG Scorer),Arizona Coyotes defeated Columbus Blue Jackets 3-2 in overtime at Mullett Arena (Arizona).,NHL Official Stats REST API (api-web.nhle.com/v1)
1007,2022020902,2022-2023,2022,Regular Season,Regular Season,2023-02-20,Monday,18:00,Florida Panthers,Anaheim Ducks,Florida Panthers,Anaheim Ducks,FLA,ANA,4,3,7,1,Florida Panthers,Anaheim Ducks,Home Win (4-3 OT),4-3,Overtime,Yes,No,FLA Live Arena,Florida,OFF,S. Bobrovsky (Winning Goalie); C. Verhaeghe (GWG Scorer),Florida Panthers defeated Anaheim Ducks 4-3 in overtime at FLA Live Arena (Florida).,NHL Official Stats REST API (api-web.nhle.com/v1)
1008,2022020903,2022-2023,2022,Regular Season,Regular Season,2023-02-20,Monday,18:00,Boston Bruins,Ottawa Senators,Boston Bruins,Ottawa Senators,BOS,OTT,3,1,4,2,Boston Bruins,Ottawa Senators,Home Win (3-1),3-1,Regulation,No,No,TD Garden,Boston,OFF,L. Ullmark (Winning Goalie); D. Pastrnak (GWG Scorer),Boston Bruins defeated Ottawa Senators 3-1 in regulation at TD Garden (Boston).,NHL Official Stats REST API (api-web.nhle.com/v1)
1009,2022020904,2022-2023,2022,Regular Season,Regular Season,2023-02-20,Monday,21:00,Calgary Flames,Philadelphia Flyers,Calgary Flames,Philadelphia Flyers,CGY,PHI,3,4,7,1,Philadelphia Flyers,Calgary Flames,Away Win (4-3),3-4,Regulation,No,No,Scotiabank Saddledome,Calgary,OFF,S. Ersson (Winning Goalie); W. Allison (GWG Scorer),Philadelphia Flyers defeated Calgary Flames 4-3 in regulation at Scotiabank Saddledome (Calgary).,NHL Official Stats REST API (api-web.nhle.com/v1)
1010,2022020905,2022-2023,2022,Regular Season,Regular Season,2023-02-20,Monday,21:00,San Jose Sharks,Seattle Kraken,San Jose Sharks,Seattle Kraken,SJS,SEA,4,0,4,4,San Jose Sharks,Seattle Kraken,Home Win (4-0),4-0,Regulation,No,No,SAP Center at San Jose,San Jose,OFF,J. Reimer (Winning Goalie); L. Couture (GWG Scorer),San Jose Sharks defeated Seattle Kraken 4-0 in regulation at SAP Center at San Jose (San Jose).,NHL Official Stats REST API (api-web.nhle.com/v1)
1011,2022020906,2022-2023,2022,Regular Season,Regular Season,2023-02-20,Monday,00:00,Pittsburgh Penguins,New York Islanders,Pittsburgh Penguins,New York Islanders,PIT,NYI,2,4,6,2,New York Islanders,Pittsburgh Penguins,Away Win (4-2),2-4,Regulation,No,No,PPG Paints Arena,Pittsburgh,OFF,I. Sorokin (Winning Goalie); A. Lee (GWG Scorer),New York Islanders defeated Pittsburgh Penguins 4-2 in regulation at PPG Paints Arena (Pittsburgh).,NHL Official Stats REST API (api-web.nhle.com/v1)
1012,2022020907,2022-2023,2022,Regular Season,Regular Season,2023-02-20,Monday,00:00,New York Rangers,Winnipeg Jets,New York Rangers,Winnipeg Jets,NYR,WPG,1,4,5,3,Winnipeg Jets,New York Rangers,Away Win (4-1),1-4,Regulation,No,No,Madison Square Garden,New York,OFF,C. Hellebuyck (Winning Goalie); M. Scheifele (GWG Scorer),Winnipeg Jets defeated New York Rangers 4-1 in regulation at Madison Square Garden (New York).,NHL Official Stats REST API (api-web.nhle.com/v1)
1013,2022020908,2022-2023,2022,Regular Season,Regular Season,2023-02-21,Tuesday,00:00,Tampa Bay Lightning,Anaheim Ducks,Tampa Bay Lightning,Anaheim Ducks,TBL,ANA,6,1,7,5,Tampa Bay Lightning,Anaheim Ducks,Home Win (6-1),6-1,Regulation,No,No,Amalie Arena,Tampa Bay,OFF,A. Vasilevskiy (Winning Goalie); R. Colton (GWG Scorer),Tampa Bay Lightning defeated Anaheim Ducks 6-1 in regulation at Amalie Arena (Tampa Bay).,NHL Official Stats REST API (api-web.nhle.com/v1)
1014,2022020909,2022-2023,2022,Regular Season,Regular Season,2023-02-21,Tuesday,00:00,Washington Capitals,Detroit Red Wings,Washington Capitals,Detroit Red Wings,WSH,DET,1,3,4,2,Detroit Red Wings,Washington Capitals,Away Win (3-1),1-3,Regulation,No,No,Capital One Arena,Washington,OFF,V. Husso (Winning Goalie); P. Suter (GWG Scorer),Detroit Red Wings defeated Washington Capitals 3-1 in regulation at Capital One Arena (Washington).,NHL Official Stats REST API (api-web.nhle.com/v1)
1015,2022020910,2022-2023,2022,Regular Season,Regular Season,2023-02-21,Tuesday,00:00,New Jersey Devils,Montréal Canadiens,New Jersey Devils,Montréal Canadiens,NJD,MTL,2,5,7,3,Montréal Canadiens,New Jersey Devils,Away Win (5-2),2-5,Regulation,No,No,Prudential Center,New Jersey,OFF,S. Montembeault (Winning Goalie); N. Suzuki (GWG Scorer),Montréal Canadiens defeated New Jersey Devils 5-2 in regulation at Prudential Center (New Jersey).,NHL Official Stats REST API (api-web.nhle.com/v1)
1016,2022020911,2022-2023,2022,Regular Season,Regular Season,2023-02-21,Tuesday,00:00,Carolina Hurricanes,St. Louis Blues,Carolina Hurricanes,St. Louis Blues,CAR,STL,4,1,5,3,Carolina Hurricanes,St. Louis Blues,Home Win (4-1),4-1,Regulation,No,No,PNC Arena,Carolina,OFF,F. Andersen (Winning Goalie); A. Svechnikov (GWG Scorer),Carolina Hurricanes defeated St. Louis Blues 4-1 in regulation at PNC Arena (Carolina).,NHL Official Stats REST API (api-web.nhle.com/v1)
1017,2022020912,2022-2023,2022,Regular Season,Regular Season,2023-02-21,Tuesday,00:30,Buffalo Sabres,Toronto Maple Leafs,Buffalo Sabres,Toronto Maple Leafs,BUF,TOR,3,6,9,3,Toronto Maple Leafs,Buffalo Sabres,Away Win (6-3),3-6,Regulation,No,No,KeyBank Center,Buffalo,OFF,I. Samsonov (Winning Goalie); M. Bunting (GWG Scorer),Toronto Maple Leafs defeated Buffalo Sabres 6-3 in regulation at KeyBank Center (Buffalo).,NHL Official Stats REST API (api-web.nhle.com/v1)
1018,2022020913,2022-2023,2022,Regular Season,Regular Season,2023-02-21,Tuesday,01:00,Minnesota Wild,Los Angeles Kings,Minnesota Wild,Los Angeles Kings,MIN,LAK,2,1,3,1,Minnesota Wild,Los Angeles Kings,Home Win (2-1),2-1,Regulation,No,No,Xcel Energy Center,Minnesota,OFF,F. Gustavsson (Winning Goalie); R. Hartman (GWG Scorer),Minnesota Wild defeated Los Angeles Kings 2-1 in regulation at Xcel Energy Center (Minnesota).,NHL Official Stats REST API (api-web.nhle.com/v1)
1019,2022020914,2022-2023,2022,Regular Season,Regular Season,2023-02-21,Tuesday,01:00,Nashville Predators,Vancouver Canucks,Nashville Predators,Vancouver Canucks,NSH,VAN,5,4,9,1,Nashville Predators,Vancouver Canucks,Home Win (5-4 SO),5-4,Shootout,Yes,Yes,Bridgestone Arena,Nashville,OFF,J. Saros (Winning Goalie),Nashville Predators defeated Vancouver Canucks 5-4 in a shootout at Bridgestone Arena (Nashville).,NHL Official Stats REST API (api-web.nhle.com/v1)
1020,2022020915,2022-2023,2022,Regular Season,Regular Season,2023-02-21,Tuesday,01:30,Chicago Blackhawks,Vegas Golden Knights,Chicago Blackhawks,Vegas Golden Knights,CHI,VGK,3,2,5,1,Chicago Blackhawks,Vegas Golden Knights,Home Win (3-2 SO),3-2,Shootout,Yes,Yes,United Center,Chicago,OFF,P. Mrazek (Winning Goalie),Chicago Blackhawks defeated Vegas Golden Knights 3-2 in a shootout at United Center (Chicago).,NHL Official Stats REST API (api-web.nhle.com/v1)
1021,2022020916,2022-2023,2022,Regular Season,Regular Season,2023-02-21,Tuesday,02:00,Edmonton Oilers,Philadelphia Flyers,Edmonton Oilers,Philadelphia Flyers,EDM,PHI,4,2,6,2,Edmonton Oilers,Philadelphia Flyers,Home Win (4-2),4-2,Regulation,No,No,Rogers Place,Edmonton,OFF,S. Skinner (Winning Goalie); C. McDavid (GWG Scorer),Edmonton Oilers defeated Philadelphia Flyers 4-2 in regulation at Rogers Place (Edmonton).,NHL Official Stats REST API (api-web.nhle.com/v1)
1022,2022020917,2022-2023,2022,Regular Season,Regular Season,2023-02-22,Wednesday,00:00,New York Islanders,Winnipeg Jets,New York Islanders,Winnipeg Jets,NYI,WPG,2,1,3,1,New York Islanders,Winnipeg Jets,Home Win (2-1),2-1,Regulation,No,No,UBS Arena,New York,OFF,I. Sorokin (Winning Goalie); S. Holmstrom (GWG Scorer),New York Islanders defeated Winnipeg Jets 2-1 in regulation at UBS Arena (New York).,NHL Official Stats REST API (api-web.nhle.com/v1)
1023,2022020918,2022-2023,2022,Regular Season,Regular Season,2023-02-22,Wednesday,02:30,Dallas Stars,Chicago Blackhawks,Dallas Stars,Chicago Blackhawks,DAL,CHI,3,4,7,1,Chicago Blackhawks,Dallas Stars,Away Win (4-3),3-4,Regulation,No,No,American Airlines Center,Dallas,OFF,J. Stauber (Winning Goalie); M. Domi (GWG Scorer),Chicago Blackhawks defeated Dallas Stars 4-3 in regulation at American Airlines Center (Dallas).,NHL Official Stats REST API (api-web.nhle.com/v1)
1024,2022020919,2022-2023,2022,Regular Season,Regular Season,2023-02-22,Wednesday,02:30,Arizona Coyotes,Calgary Flames,Arizona Coyotes,Calgary Flames,ARI,CGY,3,6,9,3,Calgary Flames,Arizona Coyotes,Away Win (6-3),3-6,Regulation,No,No,Mullett Arena,Arizona,OFF,D. Vladar (Winning Goalie); J. Pelletier (GWG Scorer),Calgary Flames defeated Arizona Coyotes 6-3 in regulation at Mullett Arena (Arizona).,NHL Official Stats REST API (api-web.nhle.com/v1)
1025,2022020920,2022-2023,2022,Regular Season,Regular Season,2023-02-23,Thursday,00:00,Washington Capitals,Anaheim Ducks,Washington Capitals,Anaheim Ducks,WSH,ANA,2,4,6,2,Anaheim Ducks,Washington Capitals,Away Win (4-2),2-4,Regulation,No,No,Capital One Arena,Washington,OFF,J. Gibson (Winning Goalie); J. Silfverberg (GWG Scorer),Anaheim Ducks defeated Washington Capitals 4-2 in regulation at Capital One Arena (Washington).,NHL Official Stats REST API (api-web.nhle.com/v1)
1026,2022020921,2022-2023,2022,Regular Season,Regular Season,2023-02-23,Thursday,00:00,Tampa Bay Lightning,Buffalo Sabres,Tampa Bay Lightning,Buffalo Sabres,TBL,BUF,5,6,11,1,Buffalo Sabres,Tampa Bay Lightning,Away Win (6-5 OT),5-6,Overtime,Yes,No,Amalie Arena,Tampa Bay,OFF,E. Comrie (Winning Goalie); I. Lyubushkin (GWG Scorer),Buffalo Sabres defeated Tampa Bay Lightning 6-5 in overtime at Amalie Arena (Tampa Bay).,NHL Official Stats REST API (api-web.nhle.com/v1)
1027,2022020922,2022-2023,2022,Regular Season,Regular Season,2023-02-23,Thursday,00:00,Pittsburgh Penguins,Edmonton Oilers,Pittsburgh Penguins,Edmonton Oilers,PIT,EDM,2,7,9,5,Edmonton Oilers,Pittsburgh Penguins,Away Win (7-2),2-7,Regulation,No,No,PPG Paints Arena,Pittsburgh,OFF,S. Skinner (Winning Goalie); K. Yamamoto (GWG Scorer),Edmonton Oilers defeated Pittsburgh Penguins 7-2 in regulation at PPG Paints Arena (Pittsburgh).,NHL Official Stats REST API (api-web.nhle.com/v1)
1028,2022020923,2022-2023,2022,Regular Season,Regular Season,2023-02-23,Thursday,00:00,New Jersey Devils,Los Angeles Kings,New Jersey Devils,Los Angeles Kings,NJD,LAK,4,3,7,1,New Jersey Devils,Los Angeles Kings,Home Win (4-3 OT),4-3,Overtime,Yes,No,Prudential Center,New Jersey,OFF,V. Vanecek (Winning Goalie); D. Mercer (GWG Scorer),New Jersey Devils defeated Los Angeles Kings 4-3 in overtime at Prudential Center (New Jersey).,NHL Official Stats REST API (api-web.nhle.com/v1)
1029,2022020924,2022-2023,2022,Regular Season,Regular Season,2023-02-23,Thursday,00:00,Columbus Blue Jackets,Minnesota Wild,Columbus Blue Jackets,Minnesota Wild,CBJ,MIN,0,2,2,2,Minnesota Wild,Columbus Blue Jackets,Away Win (2-0),0-2,Regulation,No,No,Nationwide Arena,Columbus,OFF,M. Fleury (Winning Goalie); B. Duhaime (GWG Scorer),Minnesota Wild defeated Columbus Blue Jackets 2-0 in regulation at Nationwide Arena (Columbus).,NHL Official Stats REST API (api-web.nhle.com/v1)
1030,2022020925,2022-2023,2022,Regular Season,Regular Season,2023-02-23,Thursday,00:00,Detroit Red Wings,New York Rangers,Detroit Red Wings,New York Rangers,DET,NYR,4,1,5,3,Detroit Red Wings,New York Rangers,Home Win (4-1),4-1,Regulation,No,No,Little Caesars Arena,Detroit,OFF,V. Husso (Winning Goalie); F. Zadina (GWG Scorer),Detroit Red Wings defeated New York Rangers 4-1 in regulation at Little Caesars Arena (Detroit).,NHL Official Stats REST API (api-web.nhle.com/v1)
1031,2022020926,2022-2023,2022,Regular Season,Regular Season,2023-02-23,Thursday,01:00,St. Louis Blues,Vancouver Canucks,St. Louis Blues,Vancouver Canucks,STL,VAN,2,3,5,1,Vancouver Canucks,St. Louis Blues,Away Win (3-2 OT),2-3,Overtime,Yes,No,Enterprise Center,St. Louis,OFF,A. Silovs (Winning Goalie); E. Pettersson (GWG Scorer),Vancouver Canucks defeated St. Louis Blues 3-2 in overtime at Enterprise Center (St. Louis).,NHL Official Stats REST API (api-web.nhle.com/v1)
1032,2022020928,2022-2023,2022,Regular Season,Regular Season,2023-02-23,Thursday,02:00,Vegas Golden Knights,Calgary Flames,Vegas Golden Knights,Calgary Flames,VGK,CGY,4,3,7,1,Vegas Golden Knights,Calgary Flames,Home Win (4-3 OT),4-3,Overtime,Yes,No,T-Mobile Arena,Vegas,OFF,L. Brossoit (Winning Goalie); A. Pietrangelo (GWG Scorer),Vegas Golden Knights defeated Calgary Flames 4-3 in overtime at T-Mobile Arena (Vegas).,NHL Official Stats REST API (api-web.nhle.com/v1)
1033,2022020927,2022-2023,2022,Regular Season,Regular Season,2023-02-23,Thursday,03:00,Seattle Kraken,Boston Bruins,Seattle Kraken,Boston Bruins,SEA,BOS,5,6,11,1,Boston Bruins,Seattle Kraken,Away Win (6-5),5-6,Regulation,No,No,Climate Pledge Arena,Seattle,OFF,J. Swayman (Winning Goalie); J. DeBrusk (GWG Scorer),Boston Bruins defeated Seattle Kraken 6-5 in regulation at Climate Pledge Arena (Seattle).,NHL Official Stats REST API (api-web.nhle.com/v1)
1034,2022020929,2022-2023,2022,Regular Season,Regular Season,2023-02-23,Thursday,03:30,San Jose Sharks,Nashville Predators,San Jose Sharks,Nashville Predators,SJS,NSH,2,6,8,4,Nashville Predators,San Jose Sharks,Away Win (6-2),2-6,Regulation,No,No,SAP Center at San Jose,San Jose,OFF,J. Saros (Winning Goalie); M. Granlund (GWG Scorer),Nashville Predators defeated San Jose Sharks 6-2 in regulation at SAP Center at San Jose (San Jose).,NHL Official Stats REST API (api-web.nhle.com/v1)
1035,2022020930,2022-2023,2022,Regular Season,Regular Season,2023-02-24,Friday,00:00,Florida Panthers,Buffalo Sabres,Florida Panthers,Buffalo Sabres,FLA,BUF,1,3,4,2,Buffalo Sabres,Florida Panthers,Away Win (3-1),1-3,Regulation,No,No,FLA Live Arena,Florida,OFF,C. Anderson (Winning Goalie); A. Tuch (GWG Scorer),Buffalo Sabres defeated Florida Panthers 3-1 in regulation at FLA Live Arena (Florida).,NHL Official Stats REST API (api-web.nhle.com/v1)
1036,2022020931,2022-2023,2022,Regular Season,Regular Season,2023-02-24,Friday,00:00,Toronto Maple Leafs,Minnesota Wild,Toronto Maple Leafs,Minnesota Wild,TOR,MIN,2,1,3,1,Toronto Maple Leafs,Minnesota Wild,Home Win (2-1 OT),2-1,Overtime,Yes,No,Scotiabank Arena,Toronto,OFF,I. Samsonov (Winning Goalie); W. Nylander (GWG Scorer),Toronto Maple Leafs defeated Minnesota Wild 2-1 in overtime at Scotiabank Arena (Toronto).,NHL Official Stats REST API (api-web.nhle.com/v1)
1037,2022020932,2022-2023,2022,Regular Season,Regular Season,2023-02-24,Friday,00:00,Philadelphia Flyers,Montréal Canadiens,Philadelphia Flyers,Montréal Canadiens,PHI,MTL,2,5,7,3,Montréal Canadiens,Philadelphia Flyers,Away Win (5-2),2-5,Regulation,No,No,Wells Fargo Center,Philadelphia,OFF,J. Allen (Winning Goalie); N. Suzuki (GWG Scorer),Montréal Canadiens defeated Philadelphia Flyers 5-2 in regulation at Wells Fargo Center (Philadelphia).,NHL Official Stats REST API (api-web.nhle.com/v1)
1038,2022020933,2022-2023,2022,Regular Season,Regular Season,2023-02-24,Friday,00:00,Carolina Hurricanes,Ottawa Senators,Carolina Hurricanes,Ottawa Senators,CAR,OTT,4,0,4,4,Carolina Hurricanes,Ottawa Senators,Home Win (4-0),4-0,Regulation,No,No,PNC Arena,Carolina,OFF,A. Raanta (Winning Goalie); B. Burns (GWG Scorer),Carolina Hurricanes defeated Ottawa Senators 4-0 in regulation at PNC Arena (Carolina).,NHL Official Stats REST API (api-web.nhle.com/v1)
1039,2022020934,2022-2023,2022,Regular Season,Regular Season,2023-02-24,Friday,00:30,New York Islanders,Los Angeles Kings,New York Islanders,Los Angeles Kings,NYI,LAK,2,3,5,1,Los Angeles Kings,New York Islanders,Away Win (3-2),2-3,Regulation,No,No,UBS Arena,New York,OFF,J. Quick (Winning Goalie); G. Vilardi (GWG Scorer),Los Angeles Kings defeated New York Islanders 3-2 in regulation at UBS Arena (New York).,NHL Official Stats REST API (api-web.nhle.com/v1)
1040,2022020935,2022-2023,2022,Regular Season,Regular Season,2023-02-24,Friday,01:00,Winnipeg Jets,Colorado Avalanche,Winnipeg Jets,Colorado Avalanche,WPG,COL,1,5,6,4,Colorado Avalanche,Winnipeg Jets,Away Win (5-1),1-5,Regulation,No,No,Canada Life Centre,Winnipeg,OFF,A. Georgiev (Winning Goalie); M. Rantanen (GWG Scorer),Colorado Avalanche defeated Winnipeg Jets 5-1 in regulation at Canada Life Centre (Winnipeg).,NHL Official Stats REST API (api-web.nhle.com/v1)
1041,2022020936,2022-2023,2022,Regular Season,Regular Season,2023-02-25,Saturday,17:30,Columbus Blue Jackets,Edmonton Oilers,Columbus Blue Jackets,Edmonton Oilers,CBJ,EDM,6,5,11,1,Columbus Blue Jackets,Edmonton Oilers,Home Win (6-5),6-5,Regulation,No,No,Nationwide Arena,Columbus,OFF,J. Korpisalo (Winning Goalie); J. Roslovic (GWG Scorer),Columbus Blue Jackets defeated Edmonton Oilers 6-5 in regulation at Nationwide Arena (Columbus).,NHL Official Stats REST API (api-web.nhle.com/v1)
1042,2022020937,2022-2023,2022,Regular Season,Regular Season,2023-02-25,Saturday,18:00,Washington Capitals,New York Rangers,Washington Capitals,New York Rangers,WSH,NYR,6,3,9,3,Washington Capitals,New York Rangers,Home Win (6-3),6-3,Regulation,No,No,Capital One Arena,Washington,OFF,D. Kuemper (Winning Goalie); S. Milano (GWG Scorer),Washington Capitals defeated New York Rangers 6-3 in regulation at Capital One Arena (Washington).,NHL Official Stats REST API (api-web.nhle.com/v1)
1043,2022020943,2022-2023,2022,Regular Season,Regular Season,2023-02-25,Saturday,20:30,St. Louis Blues,Pittsburgh Penguins,St. Louis Blues,Pittsburgh Penguins,STL,PIT,2,3,5,1,Pittsburgh Penguins,St. Louis Blues,Away Win (3-2 OT),2-3,Overtime,Yes,No,Enterprise Center,St. Louis,OFF,T. Jarry (Winning Goalie); B. Rust (GWG Scorer),Pittsburgh Penguins defeated St. Louis Blues 3-2 in overtime at Enterprise Center (St. Louis).,NHL Official Stats REST API (api-web.nhle.com/v1)
1044,2022020938,2022-2023,2022,Regular Season,Regular Season,2023-02-25,Saturday,00:00,Carolina Hurricanes,Anaheim Ducks,Carolina Hurricanes,Anaheim Ducks,CAR,ANA,2,3,5,1,Anaheim Ducks,Carolina Hurricanes,Away Win (3-2),2-3,Regulation,No,No,PNC Arena,Carolina,OFF,J. Gibson (Winning Goalie); T. Terry (GWG Scorer),Anaheim Ducks defeated Carolina Hurricanes 3-2 in regulation at PNC Arena (Carolina).,NHL Official Stats REST API (api-web.nhle.com/v1)
1045,2022020939,2022-2023,2022,Regular Season,Regular Season,2023-02-25,Saturday,00:00,Vancouver Canucks,Boston Bruins,Vancouver Canucks,Boston Bruins,VAN,BOS,1,3,4,2,Boston Bruins,Vancouver Canucks,Away Win (3-1),1-3,Regulation,No,No,Rogers Arena,Vancouver,OFF,L. Ullmark (Winning Goalie); B. Marchand (GWG Scorer),Boston Bruins defeated Vancouver Canucks 3-1 in regulation at Rogers Arena (Vancouver).,NHL Official Stats REST API (api-web.nhle.com/v1)
1046,2022020940,2022-2023,2022,Regular Season,Regular Season,2023-02-25,Saturday,00:00,Montréal Canadiens,Ottawa Senators,Montréal Canadiens,Ottawa Senators,MTL,OTT,2,5,7,3,Ottawa Senators,Montréal Canadiens,Away Win (5-2),2-5,Regulation,No,No,Centre Bell,Montréal,OFF,M. Sogaard (Winning Goalie); A. Watson (GWG Scorer),Ottawa Senators defeated Montréal Canadiens 5-2 in regulation at Centre Bell (Montréal).,NHL Official Stats REST API (api-web.nhle.com/v1)
1047,2022020941,2022-2023,2022,Regular Season,Regular Season,2023-02-25,Saturday,00:00,New Jersey Devils,Philadelphia Flyers,New Jersey Devils,Philadelphia Flyers,NJD,PHI,7,0,7,7,New Jersey Devils,Philadelphia Flyers,Home Win (7-0),7-0,Regulation,No,No,Prudential Center,New Jersey,OFF,A. Schmid (Winning Goalie); J. Siegenthaler (GWG Scorer),New Jersey Devils defeated Philadelphia Flyers 7-0 in regulation at Prudential Center (New Jersey).,NHL Official Stats REST API (api-web.nhle.com/v1)
1048,2022020942,2022-2023,2022,Regular Season,Regular Season,2023-02-25,Saturday,01:00,Detroit Red Wings,Tampa Bay Lightning,Detroit Red Wings,Tampa Bay Lightning,DET,TBL,0,3,3,3,Tampa Bay Lightning,Detroit Red Wings,Away Win (3-0),0-3,Regulation,No,No,Little Caesars Arena,Detroit,OFF,A. Vasilevskiy (Winning Goalie); B. Point (GWG Scorer),Tampa Bay Lightning defeated Detroit Red Wings 3-0 in regulation at Little Caesars Arena (Detroit).,NHL Official Stats REST API (api-web.nhle.com/v1)
1049,2022020944,2022-2023,2022,Regular Season,Regular Season,2023-02-25,Saturday,03:00,Colorado Avalanche,Calgary Flames,Colorado Avalanche,Calgary Flames,COL,CGY,4,1,5,3,Colorado Avalanche,Calgary Flames,Home Win (4-1),4-1,Regulation,No,No,Ball Arena,Colorado,OFF,A. Georgiev (Winning Goalie); A. Newhook (GWG Scorer),Colorado Avalanche defeated Calgary Flames 4-1 in regulation at Ball Arena (Colorado).,NHL Official Stats REST API (api-web.nhle.com/v1)
1050,2022020945,2022-2023,2022,Regular Season,Regular Season,2023-02-25,Saturday,03:00,Vegas Golden Knights,Dallas Stars,Vegas Golden Knights,Dallas Stars,VGK,DAL,2,3,5,1,Dallas Stars,Vegas Golden Knights,Away Win (3-2 SO),2-3,Shootout,Yes,Yes,T-Mobile Arena,Vegas,OFF,J. Oettinger (Winning Goalie),Dallas Stars defeated Vegas Golden Knights 3-2 in a shootout at T-Mobile Arena (Vegas).,NHL Official Stats REST API (api-web.nhle.com/v1)
1051,2022020946,2022-2023,2022,Regular Season,Regular Season,2023-02-25,Saturday,03:00,San Jose Sharks,Chicago Blackhawks,San Jose Sharks,Chicago Blackhawks,SJS,CHI,3,4,7,1,Chicago Blackhawks,San Jose Sharks,Away Win (4-3 SO),3-4,Shootout,Yes,Yes,SAP Center at San Jose,San Jose,OFF,P. Mrazek (Winning Goalie),Chicago Blackhawks defeated San Jose Sharks 4-3 in a shootout at SAP Center at San Jose (San Jose).,NHL Official Stats REST API (api-web.nhle.com/v1)
1052,2022020947,2022-2023,2022,Regular Season,Regular Season,2023-02-26,Sunday,18:00,Buffalo Sabres,Washington Capitals,Buffalo Sabres,Washington Capitals,BUF,WSH,7,4,11,3,Buffalo Sabres,Washington Capitals,Home Win (7-4),7-4,Regulation,No,No,KeyBank Center,Buffalo,OFF,U. Luukkonen (Winning Goalie); V. Hinostroza (GWG Scorer),Buffalo Sabres defeated Washington Capitals 7-4 in regulation at KeyBank Center (Buffalo).,NHL Official Stats REST API (api-web.nhle.com/v1)
1053,2022020948,2022-2023,2022,Regular Season,Regular Season,2023-02-26,Sunday,19:00,Minnesota Wild,Columbus Blue Jackets,Minnesota Wild,Columbus Blue Jackets,MIN,CBJ,3,2,5,1,Minnesota Wild,Columbus Blue Jackets,Home Win (3-2 OT),3-2,Overtime,Yes,No,Xcel Energy Center,Minnesota,OFF,M. Fleury (Winning Goalie); K. Kaprizov (GWG Scorer),Minnesota Wild defeated Columbus Blue Jackets 3-2 in overtime at Xcel Energy Center (Minnesota).,NHL Official Stats REST API (api-web.nhle.com/v1)
1054,2022020949,2022-2023,2022,Regular Season,Regular Season,2023-02-26,Sunday,20:30,Winnipeg Jets,New York Islanders,Winnipeg Jets,New York Islanders,WPG,NYI,0,4,4,4,New York Islanders,Winnipeg Jets,Away Win (4-0),0-4,Regulation,No,No,Canada Life Centre,Winnipeg,OFF,S. Varlamov (Winning Goalie); B. Horvat (GWG Scorer),New York Islanders defeated Winnipeg Jets 4-0 in regulation at Canada Life Centre (Winnipeg).,NHL Official Stats REST API (api-web.nhle.com/v1)
1055,2022020950,2022-2023,2022,Regular Season,Regular Season,2023-02-26,Sunday,22:00,New York Rangers,Los Angeles Kings,New York Rangers,Los Angeles Kings,NYR,LAK,5,2,7,3,New York Rangers,Los Angeles Kings,Home Win (5-2),5-2,Regulation,No,No,Madison Square Garden,New York,OFF,I. Shesterkin (Winning Goalie); V. Trocheck (GWG Scorer),New York Rangers defeated Los Angeles Kings 5-2 in regulation at Madison Square Garden (New York).,NHL Official Stats REST API (api-web.nhle.com/v1)
1056,2022020951,2022-2023,2022,Regular Season,Regular Season,2023-02-26,Sunday,23:00,Pittsburgh Penguins,Tampa Bay Lightning,Pittsburgh Penguins,Tampa Bay Lightning,PIT,TBL,7,3,10,4,Pittsburgh Penguins,Tampa Bay Lightning,Home Win (7-3),7-3,Regulation,No,No,PPG Paints Arena,Pittsburgh,OFF,C. DeSmith (Winning Goalie); T. Blueger (GWG Scorer),Pittsburgh Penguins defeated Tampa Bay Lightning 7-3 in regulation at PPG Paints Arena (Pittsburgh).,NHL Official Stats REST API (api-web.nhle.com/v1)
1057,2022020952,2022-2023,2022,Regular Season,Regular Season,2023-02-26,Sunday,00:00,Arizona Coyotes,Nashville Predators,Arizona Coyotes,Nashville Predators,ARI,NSH,2,6,8,4,Nashville Predators,Arizona Coyotes,Away Win (6-2),2-6,Regulation,No,No,Mullett Arena,Arizona,OFF,J. Saros (Winning Goalie); R. Josi (GWG Scorer),Nashville Predators defeated Arizona Coyotes 6-2 in regulation at Mullett Arena (Arizona).,NHL Official Stats REST API (api-web.nhle.com/v1)
1058,2022020953,2022-2023,2022,Regular Season,Regular Season,2023-02-26,Sunday,00:00,Seattle Kraken,Toronto Maple Leafs,Seattle Kraken,Toronto Maple Leafs,SEA,TOR,1,5,6,4,Toronto Maple Leafs,Seattle Kraken,Away Win (5-1),1-5,Regulation,No,No,Climate Pledge Arena,Seattle,OFF,I. Samsonov (Winning Goalie); J. Tavares (GWG Scorer),Toronto Maple Leafs defeated Seattle Kraken 5-1 in regulation at Climate Pledge Arena (Seattle).,NHL Official Stats REST API (api-web.nhle.com/v1)
1059,2022020534,2022-2023,2022,Regular Season,Regular Season,2023-02-27,Monday,00:00,Ottawa Senators,Detroit Red Wings,Ottawa Senators,Detroit Red Wings,OTT,DET,6,2,8,4,Ottawa Senators,Detroit Red Wings,Home Win (6-2),6-2,Regulation,No,No,Canadian Tire Centre,Ottawa,OFF,C. Talbot (Winning Goalie); C. Giroux (GWG Scorer),Ottawa Senators defeated Detroit Red Wings 6-2 in regulation at Canadian Tire Centre (Ottawa).,NHL Official Stats REST API (api-web.nhle.com/v1)
1060,2022020954,2022-2023,2022,Regular Season,Regular Season,2023-02-27,Monday,01:30,Edmonton Oilers,Boston Bruins,Edmonton Oilers,Boston Bruins,EDM,BOS,2,3,5,1,Boston Bruins,Edmonton Oilers,Away Win (3-2),2-3,Regulation,No,No,Rogers Place,Edmonton,OFF,J. Swayman (Winning Goalie); P. Zacha (GWG Scorer),Boston Bruins defeated Edmonton Oilers 3-2 in regulation at Rogers Place (Edmonton).,NHL Official Stats REST API (api-web.nhle.com/v1)
1061,2022020955,2022-2023,2022,Regular Season,Regular Season,2023-02-27,Monday,01:30,Dallas Stars,Vancouver Canucks,Dallas Stars,Vancouver Canucks,DAL,VAN,4,5,9,1,Vancouver Canucks,Dallas Stars,Away Win (5-4 OT),4-5,Overtime,Yes,No,American Airlines Center,Dallas,OFF,T. Demko (Winning Goalie); A. Kuzmenko (GWG Scorer),Vancouver Canucks defeated Dallas Stars 5-4 in overtime at American Airlines Center (Dallas).,NHL Official Stats REST API (api-web.nhle.com/v1)
1062,2022020956,2022-2023,2022,Regular Season,Regular Season,2023-02-27,Monday,02:00,Colorado Avalanche,Vegas Golden Knights,Colorado Avalanche,Vegas Golden Knights,COL,VGK,3,0,3,3,Colorado Avalanche,Vegas Golden Knights,Home Win (3-0),3-0,Regulation,No,No,Ball Arena,Colorado,OFF,A. Georgiev (Winning Goalie); M. Rantanen (GWG Scorer),Colorado Avalanche defeated Vegas Golden Knights 3-0 in regulation at Ball Arena (Colorado).,NHL Official Stats REST API (api-web.nhle.com/v1)
1063,2022020957,2022-2023,2022,Regular Season,Regular Season,2023-02-27,Monday,03:00,Anaheim Ducks,Chicago Blackhawks,Anaheim Ducks,Chicago Blackhawks,ANA,CHI,4,2,6,2,Anaheim Ducks,Chicago Blackhawks,Home Win (4-2),4-2,Regulation,No,No,Honda Center,Anaheim,OFF,L. Dostal (Winning Goalie); M. Jones (GWG Scorer),Anaheim Ducks defeated Chicago Blackhawks 4-2 in regulation at Honda Center (Anaheim).,NHL Official Stats REST API (api-web.nhle.com/v1)
1064,2022020959,2022-2023,2022,Regular Season,Regular Season,2023-02-28,Tuesday,00:00,Ottawa Senators,Detroit Red Wings,Ottawa Senators,Detroit Red Wings,OTT,DET,6,1,7,5,Ottawa Senators,Detroit Red Wings,Home Win (6-1),6-1,Regulation,No,No,Canadian Tire Centre,Ottawa,OFF,M. Sogaard (Winning Goalie); A. Watson (GWG Scorer),Ottawa Senators defeated Detroit Red Wings 6-1 in regulation at Canadian Tire Centre (Ottawa).,NHL Official Stats REST API (api-web.nhle.com/v1)
1065,2022020960,2022-2023,2022,Regular Season,Regular Season,2023-02-28,Tuesday,00:00,Tampa Bay Lightning,Florida Panthers,Tampa Bay Lightning,Florida Panthers,TBL,FLA,1,4,5,3,Florida Panthers,Tampa Bay Lightning,Away Win (4-1),1-4,Regulation,No,No,Amalie Arena,Tampa Bay,OFF,S. Bobrovsky (Winning Goalie); A. Lundell (GWG Scorer),Florida Panthers defeated Tampa Bay Lightning 4-1 in regulation at Amalie Arena (Tampa Bay).,NHL Official Stats REST API (api-web.nhle.com/v1)
1066,2022020958,2022-2023,2022,Regular Season,Regular Season,2023-02-28,Tuesday,00:30,Buffalo Sabres,Columbus Blue Jackets,Buffalo Sabres,Columbus Blue Jackets,BUF,CBJ,3,5,8,2,Columbus Blue Jackets,Buffalo Sabres,Away Win (5-3),3-5,Regulation,No,No,KeyBank Center,Buffalo,OFF,E. Merzlikins (Winning Goalie); B. Jenner (GWG Scorer),Columbus Blue Jackets defeated Buffalo Sabres 5-3 in regulation at KeyBank Center (Buffalo).,NHL Official Stats REST API (api-web.nhle.com/v1)
1067,2022020961,2022-2023,2022,Regular Season,Regular Season,2023-02-28,Tuesday,01:00,Winnipeg Jets,Los Angeles Kings,Winnipeg Jets,Los Angeles Kings,WPG,LAK,5,6,11,1,Los Angeles Kings,Winnipeg Jets,Away Win (6-5 SO),5-6,Shootout,Yes,Yes,Canada Life Centre,Winnipeg,OFF,P. Copley (Winning Goalie),Los Angeles Kings defeated Winnipeg Jets 6-5 in a shootout at Canada Life Centre (Winnipeg).,NHL Official Stats REST API (api-web.nhle.com/v1)
1068,2022020962,2022-2023,2022,Regular Season,Regular Season,2023-02-28,Tuesday,01:00,Minnesota Wild,New York Islanders,Minnesota Wild,New York Islanders,MIN,NYI,2,1,3,1,Minnesota Wild,New York Islanders,Home Win (2-1 SO),2-1,Shootout,Yes,Yes,Xcel Energy Center,Minnesota,OFF,F. Gustavsson (Winning Goalie),Minnesota Wild defeated New York Islanders 2-1 in a shootout at Xcel Energy Center (Minnesota).,NHL Official Stats REST API (api-web.nhle.com/v1)
1069,2022020963,2022-2023,2022,Regular Season,Regular Season,2023-02-28,Tuesday,01:00,Nashville Predators,Pittsburgh Penguins,Nashville Predators,Pittsburgh Penguins,NSH,PIT,1,3,4,2,Pittsburgh Penguins,Nashville Predators,Away Win (3-1),1-3,Regulation,No,No,Bridgestone Arena,Nashville,OFF,T. Jarry (Winning Goalie); J. Zucker (GWG Scorer),Pittsburgh Penguins defeated Nashville Predators 3-1 in regulation at Bridgestone Arena (Nashville).,NHL Official Stats REST API (api-web.nhle.com/v1)
1070,2022020964,2022-2023,2022,Regular Season,Regular Season,2023-02-28,Tuesday,01:00,St. Louis Blues,Seattle Kraken,St. Louis Blues,Seattle Kraken,STL,SEA,3,5,8,2,Seattle Kraken,St. Louis Blues,Away Win (5-3),3-5,Regulation,No,No,Enterprise Center,St. Louis,OFF,M. Jones (Winning Goalie); J. Oleksiak (GWG Scorer),Seattle Kraken defeated St. Louis Blues 5-3 in regulation at Enterprise Center (St. Louis).,NHL Official Stats REST API (api-web.nhle.com/v1)
1071,2022020965,2022-2023,2022,Regular Season,Regular Season,2023-02-28,Tuesday,02:00,Calgary Flames,Boston Bruins,Calgary Flames,Boston Bruins,CGY,BOS,3,4,7,1,Boston Bruins,Calgary Flames,Away Win (4-3 OT),3-4,Overtime,Yes,No,Scotiabank Saddledome,Calgary,OFF,L. Ullmark (Winning Goalie); C. McAvoy (GWG Scorer),Boston Bruins defeated Calgary Flames 4-3 in overtime at Scotiabank Saddledome (Calgary).,NHL Official Stats REST API (api-web.nhle.com/v1)
1072,2022020966,2022-2023,2022,Regular Season,Regular Season,2023-02-28,Tuesday,02:00,Arizona Coyotes,Chicago Blackhawks,Arizona Coyotes,Chicago Blackhawks,ARI,CHI,4,1,5,3,Arizona Coyotes,Chicago Blackhawks,Home Win (4-1),4-1,Regulation,No,No,Mullett Arena,Arizona,OFF,K. Vejmelka (Winning Goalie); B. Hayton (GWG Scorer),Arizona Coyotes defeated Chicago Blackhawks 4-1 in regulation at Mullett Arena (Arizona).,NHL Official Stats REST API (api-web.nhle.com/v1)
1073,2022020967,2022-2023,2022,Regular Season,Regular Season,2023-02-28,Tuesday,03:30,San Jose Sharks,Montréal Canadiens,San Jose Sharks,Montréal Canadiens,SJS,MTL,1,3,4,2,Montréal Canadiens,San Jose Sharks,Away Win (3-1),1-3,Regulation,No,No,SAP Center at San Jose,San Jose,OFF,J. Allen (Winning Goalie); J. Ylonen (GWG Scorer),Montréal Canadiens defeated San Jose Sharks 3-1 in regulation at SAP Center at San Jose (San Jose).,NHL Official Stats REST API (api-web.nhle.com/v1)
1074,2022020968,2022-2023,2022,Regular Season,Regular Season,2023-03-01,Wednesday,00:30,Philadelphia Flyers,New York Rangers,Philadelphia Flyers,New York Rangers,PHI,NYR,2,3,5,1,New York Rangers,Philadelphia Flyers,Away Win (3-2 OT),2-3,Overtime,Yes,No,Wells Fargo Center,Philadelphia,OFF,I. Shesterkin (Winning Goalie); V. Tarasenko (GWG Scorer),New York Rangers defeated Philadelphia Flyers 3-2 in overtime at Wells Fargo Center (Philadelphia).,NHL Official Stats REST API (api-web.nhle.com/v1)
1075,2022020969,2022-2023,2022,Regular Season,Regular Season,2023-03-01,Wednesday,01:00,Edmonton Oilers,Toronto Maple Leafs,Edmonton Oilers,Toronto Maple Leafs,EDM,TOR,5,2,7,3,Edmonton Oilers,Toronto Maple Leafs,Home Win (5-2),5-2,Regulation,No,No,Rogers Place,Edmonton,OFF,S. Skinner (Winning Goalie); Z. Hyman (GWG Scorer),Edmonton Oilers defeated Toronto Maple Leafs 5-2 in regulation at Rogers Place (Edmonton).,NHL Official Stats REST API (api-web.nhle.com/v1)
1076,2022020970,2022-2023,2022,Regular Season,Regular Season,2023-03-01,Wednesday,01:30,Dallas Stars,Arizona Coyotes,Dallas Stars,Arizona Coyotes,DAL,ARI,4,2,6,2,Dallas Stars,Arizona Coyotes,Home Win (4-2),4-2,Regulation,No,No,American Airlines Center,Dallas,OFF,J. Oettinger (Winning Goalie); M. Heiskanen (GWG Scorer),Dallas Stars defeated Arizona Coyotes 4-2 in regulation at American Airlines Center (Dallas).,NHL Official Stats REST API (api-web.nhle.com/v1)
1077,2022020971,2022-2023,2022,Regular Season,Regular Season,2023-03-01,Wednesday,02:00,Colorado Avalanche,New Jersey Devils,Colorado Avalanche,New Jersey Devils,COL,NJD,5,7,12,2,New Jersey Devils,Colorado Avalanche,Away Win (7-5),5-7,Regulation,No,No,Ball Arena,Colorado,OFF,V. Vanecek (Winning Goalie); D. Mercer (GWG Scorer),New Jersey Devils defeated Colorado Avalanche 7-5 in regulation at Ball Arena (Colorado).,NHL Official Stats REST API (api-web.nhle.com/v1)
1078,2022020972,2022-2023,2022,Regular Season,Regular Season,2023-03-01,Wednesday,03:00,Vegas Golden Knights,Carolina Hurricanes,Vegas Golden Knights,Carolina Hurricanes,VGK,CAR,3,2,5,1,Vegas Golden Knights,Carolina Hurricanes,Home Win (3-2),3-2,Regulation,No,No,T-Mobile Arena,Vegas,OFF,A. Hill (Winning Goalie); R. Smith (GWG Scorer),Vegas Golden Knights defeated Carolina Hurricanes 3-2 in regulation at T-Mobile Arena (Vegas).,NHL Official Stats REST API (api-web.nhle.com/v1)
1079,2022020973,2022-2023,2022,Regular Season,Regular Season,2023-03-01,Wednesday,03:00,Anaheim Ducks,Washington Capitals,Anaheim Ducks,Washington Capitals,ANA,WSH,2,3,5,1,Washington Capitals,Anaheim Ducks,Away Win (3-2 OT),2-3,Overtime,Yes,No,Honda Center,Anaheim,OFF,D. Kuemper (Winning Goalie); T. Wilson (GWG Scorer),Washington Capitals defeated Anaheim Ducks 3-2 in overtime at Honda Center (Anaheim).,NHL Official Stats REST API (api-web.nhle.com/v1)
1080,2022020974,2022-2023,2022,Regular Season,Regular Season,2023-03-02,Thursday,00:00,Boston Bruins,Buffalo Sabres,Boston Bruins,Buffalo Sabres,BOS,BUF,7,1,8,6,Boston Bruins,Buffalo Sabres,Home Win (7-1),7-1,Regulation,No,No,TD Garden,Boston,OFF,J. Swayman (Winning Goalie); J. Lauko (GWG Scorer),Boston Bruins defeated Buffalo Sabres 7-1 in regulation at TD Garden (Boston).,NHL Official Stats REST API (api-web.nhle.com/v1)
1081,2022020975,2022-2023,2022,Regular Season,Regular Season,2023-03-02,Thursday,00:00,Florida Panthers,Nashville Predators,Florida Panthers,Nashville Predators,FLA,NSH,1,2,3,1,Nashville Predators,Florida Panthers,Away Win (2-1),1-2,Regulation,No,No,FLA Live Arena,Florida,OFF,K. Lankinen (Winning Goalie); J. Leonard (GWG Scorer),Nashville Predators defeated Florida Panthers 2-1 in regulation at FLA Live Arena (Florida).,NHL Official Stats REST API (api-web.nhle.com/v1)
1082,2022020976,2022-2023,2022,Regular Season,Regular Season,2023-03-02,Thursday,00:00,New York Rangers,Ottawa Senators,New York Rangers,Ottawa Senators,NYR,OTT,3,5,8,2,Ottawa Senators,New York Rangers,Away Win (5-3),3-5,Regulation,No,No,Madison Square Garden,New York,OFF,C. Talbot (Winning Goalie); C. Giroux (GWG Scorer),Ottawa Senators defeated New York Rangers 5-3 in regulation at Madison Square Garden (New York).,NHL Official Stats REST API (api-web.nhle.com/v1)
1083,2022020977,2022-2023,2022,Regular Season,Regular Season,2023-03-02,Thursday,00:00,Tampa Bay Lightning,Pittsburgh Penguins,Tampa Bay Lightning,Pittsburgh Penguins,TBL,PIT,4,5,9,1,Pittsburgh Penguins,Tampa Bay Lightning,Away Win (5-4 OT),4-5,Overtime,Yes,No,Amalie Arena,Tampa Bay,OFF,T. Jarry (Winning Goalie); J. Zucker (GWG Scorer),Pittsburgh Penguins defeated Tampa Bay Lightning 5-4 in overtime at Amalie Arena (Tampa Bay).,NHL Official Stats REST API (api-web.nhle.com/v1)
1084,2022020978,2022-2023,2022,Regular Season,Regular Season,2023-03-02,Thursday,00:00,Detroit Red Wings,Seattle Kraken,Detroit Red Wings,Seattle Kraken,DET,SEA,4,5,9,1,Seattle Kraken,Detroit Red Wings,Away Win (5-4 OT),4-5,Overtime,Yes,No,Little Caesars Arena,Detroit,OFF,P. Grubauer (Winning Goalie); O. Bjorkstrand (GWG Scorer),Seattle Kraken defeated Detroit Red Wings 5-4 in overtime at Little Caesars Arena (Detroit).,NHL Official Stats REST API (api-web.nhle.com/v1)
1085,2022020979,2022-2023,2022,Regular Season,Regular Season,2023-03-02,Thursday,01:30,Chicago Blackhawks,Dallas Stars,Chicago Blackhawks,Dallas Stars,CHI,DAL,2,5,7,3,Dallas Stars,Chicago Blackhawks,Away Win (5-2),2-5,Regulation,No,No,United Center,Chicago,OFF,M. Murray (Winning Goalie); J. Benn (GWG Scorer),Dallas Stars defeated Chicago Blackhawks 5-2 in regulation at United Center (Chicago).,NHL Official Stats REST API (api-web.nhle.com/v1)
1086,2022020980,2022-2023,2022,Regular Season,Regular Season,2023-03-02,Thursday,02:00,Calgary Flames,Toronto Maple Leafs,Calgary Flames,Toronto Maple Leafs,CGY,TOR,1,2,3,1,Toronto Maple Leafs,Calgary Flames,Away Win (2-1),1-2,Regulation,No,No,Scotiabank Saddledome,Calgary,OFF,J. Woll (Winning Goalie); C. Jarnkrok (GWG Scorer),Toronto Maple Leafs defeated Calgary Flames 2-1 in regulation at Scotiabank Saddledome (Calgary).,NHL Official Stats REST API (api-web.nhle.com/v1)
1087,2022020981,2022-2023,2022,Regular Season,Regular Season,2023-03-02,Thursday,03:00,Vancouver Canucks,Minnesota Wild,Vancouver Canucks,Minnesota Wild,VAN,MIN,1,2,3,1,Minnesota Wild,Vancouver Canucks,Away Win (2-1),1-2,Regulation,No,No,Rogers Arena,Vancouver,OFF,M. Fleury (Winning Goalie); K. Kaprizov (GWG Scorer),Minnesota Wild defeated Vancouver Canucks 2-1 in regulation at Rogers Arena (Vancouver).,NHL Official Stats REST API (api-web.nhle.com/v1)
1088,2022020982,2022-2023,2022,Regular Season,Regular Season,2023-03-02,Thursday,03:30,Los Angeles Kings,Montréal Canadiens,Los Angeles Kings,Montréal Canadiens,LAK,MTL,3,2,5,1,Los Angeles Kings,Montréal Canadiens,Home Win (3-2),3-2,Regulation,No,No,Crypto.com Arena,Los Angeles,OFF,P. Copley (Winning Goalie); A. Kopitar (GWG Scorer),Los Angeles Kings defeated Montréal Canadiens 3-2 in regulation at Crypto.com Arena (Los Angeles).,NHL Official Stats REST API (api-web.nhle.com/v1)
1089,2022020983,2022-2023,2022,Regular Season,Regular Season,2023-03-02,Thursday,03:30,San Jose Sharks,St. Louis Blues,San Jose Sharks,St. Louis Blues,SJS,STL,3,6,9,3,St. Louis Blues,San Jose Sharks,Away Win (6-3),3-6,Regulation,No,No,SAP Center at San Jose,San Jose,OFF,T. Greiss (Winning Goalie); B. Schenn (GWG Scorer),St. Louis Blues defeated San Jose Sharks 6-3 in regulation at SAP Center at San Jose (San Jose).,NHL Official Stats REST API (api-web.nhle.com/v1)
1090,2022020984,2022-2023,2022,Regular Season,Regular Season,2023-03-03,Friday,00:00,Columbus Blue Jackets,Seattle Kraken,Columbus Blue Jackets,Seattle Kraken,CBJ,SEA,2,4,6,2,Seattle Kraken,Columbus Blue Jackets,Away Win (4-2),2-4,Regulation,No,No,Nationwide Arena,Columbus,OFF,P. Grubauer (Winning Goalie); A. Wennberg (GWG Scorer),Seattle Kraken defeated Columbus Blue Jackets 4-2 in regulation at Nationwide Arena (Columbus).,NHL Official Stats REST API (api-web.nhle.com/v1)
1091,2022020985,2022-2023,2022,Regular Season,Regular Season,2023-03-03,Friday,02:00,Edmonton Oilers,Winnipeg Jets,Edmonton Oilers,Winnipeg Jets,EDM,WPG,6,3,9,3,Edmonton Oilers,Winnipeg Jets,Home Win (6-3),6-3,Regulation,No,No,Rogers Place,Edmonton,OFF,S. Skinner (Winning Goalie); K. Yamamoto (GWG Scorer),Edmonton Oilers defeated Winnipeg Jets 6-3 in regulation at Rogers Place (Edmonton).,NHL Official Stats REST API (api-web.nhle.com/v1)
1092,2022020986,2022-2023,2022,Regular Season,Regular Season,2023-03-03,Friday,02:30,Arizona Coyotes,Carolina Hurricanes,Arizona Coyotes,Carolina Hurricanes,ARI,CAR,1,6,7,5,Carolina Hurricanes,Arizona Coyotes,Away Win (6-1),1-6,Regulation,No,No,Mullett Arena,Arizona,OFF,A. Raanta (Winning Goalie); S. Aho (GWG Scorer),Carolina Hurricanes defeated Arizona Coyotes 6-1 in regulation at Mullett Arena (Arizona).,NHL Official Stats REST API (api-web.nhle.com/v1)
1093,2022020987,2022-2023,2022,Regular Season,Regular Season,2023-03-03,Friday,03:00,Anaheim Ducks,Montréal Canadiens,Anaheim Ducks,Montréal Canadiens,ANA,MTL,3,2,5,1,Anaheim Ducks,Montréal Canadiens,Home Win (3-2),3-2,Regulation,No,No,Honda Center,Anaheim,OFF,J. Gibson (Winning Goalie); J. Silfverberg (GWG Scorer),Anaheim Ducks defeated Montréal Canadiens 3-2 in regulation at Honda Center (Anaheim).,NHL Official Stats REST API (api-web.nhle.com/v1)
1094,2022020988,2022-2023,2022,Regular Season,Regular Season,2023-03-03,Friday,03:00,Vegas Golden Knights,New Jersey Devils,Vegas Golden Knights,New Jersey Devils,VGK,NJD,4,3,7,1,Vegas Golden Knights,New Jersey Devils,Home Win (4-3 SO),4-3,Shootout,Yes,Yes,T-Mobile Arena,Vegas,OFF,A. Hill (Winning Goalie),Vegas Golden Knights defeated New Jersey Devils 4-3 in a shootout at T-Mobile Arena (Vegas).,NHL Official Stats REST API (api-web.nhle.com/v1)
1095,2022020536,2022-2023,2022,Regular Season,Regular Season,2023-03-04,Saturday,17:30,Buffalo Sabres,Tampa Bay Lightning,Buffalo Sabres,Tampa Bay Lightning,BUF,TBL,5,3,8,2,Buffalo Sabres,Tampa Bay Lightning,Home Win (5-3),5-3,Regulation,No,No,KeyBank Center,Buffalo,OFF,E. Comrie (Winning Goalie); J. Quinn (GWG Scorer),Buffalo Sabres defeated Tampa Bay Lightning 5-3 in regulation at KeyBank Center (Buffalo).,NHL Official Stats REST API (api-web.nhle.com/v1)
1096,2022020989,2022-2023,2022,Regular Season,Regular Season,2023-03-04,Saturday,17:30,New York Islanders,Detroit Red Wings,New York Islanders,Detroit Red Wings,NYI,DET,4,1,5,3,New York Islanders,Detroit Red Wings,Home Win (4-1),4-1,Regulation,No,No,UBS Arena,New York,OFF,I. Sorokin (Winning Goalie); A. Lee (GWG Scorer),New York Islanders defeated Detroit Red Wings 4-1 in regulation at UBS Arena (New York).,NHL Official Stats REST API (api-web.nhle.com/v1)
1097,2022020991,2022-2023,2022,Regular Season,Regular Season,2023-03-04,Saturday,18:00,Boston Bruins,New York Rangers,Boston Bruins,New York Rangers,BOS,NYR,4,2,6,2,Boston Bruins,New York Rangers,Home Win (4-2),4-2,Regulation,No,No,TD Garden,Boston,OFF,L. Ullmark (Winning Goalie); P. Bergeron (GWG Scorer),Boston Bruins defeated New York Rangers 4-2 in regulation at TD Garden (Boston).,NHL Official Stats REST API (api-web.nhle.com/v1)
1098,2022020997,2022-2023,2022,Regular Season,Regular Season,2023-03-04,Saturday,20:30,Dallas Stars,Colorado Avalanche,Dallas Stars,Colorado Avalanche,DAL,COL,7,3,10,4,Dallas Stars,Colorado Avalanche,Home Win (7-3),7-3,Regulation,No,No,American Airlines Center,Dallas,OFF,J. Oettinger (Winning Goalie); M. Marchment (GWG Scorer),Dallas Stars defeated Colorado Avalanche 7-3 in regulation at American Airlines Center (Dallas).,NHL Official Stats REST API (api-web.nhle.com/v1)
1099,2022020992,2022-2023,2022,Regular Season,Regular Season,2023-03-04,Saturday,23:00,Florida Panthers,Pittsburgh Penguins,Florida Panthers,Pittsburgh Penguins,FLA,PIT,4,1,5,3,Florida Panthers,Pittsburgh Penguins,Home Win (4-1),4-1,Regulation,No,No,FLA Live Arena,Florida,OFF,S. Bobrovsky (Winning Goalie); A. Ekblad (GWG Scorer),Florida Panthers defeated Pittsburgh Penguins 4-1 in regulation at FLA Live Arena (Florida).,NHL Official Stats REST API (api-web.nhle.com/v1)
1100,2022020993,2022-2023,2022,Regular Season,Regular Season,2023-03-04,Saturday,23:00,San Jose Sharks,Washington Capitals,San Jose Sharks,Washington Capitals,SJS,WSH,3,8,11,5,Washington Capitals,San Jose Sharks,Away Win (8-3),3-8,Regulation,No,No,SAP Center at San Jose,San Jose,OFF,D. Kuemper (Winning Goalie); C. Smith (GWG Scorer),Washington Capitals defeated San Jose Sharks 8-3 in regulation at SAP Center at San Jose (San Jose).,NHL Official Stats REST API (api-web.nhle.com/v1)
1101,2022020994,2022-2023,2022,Regular Season,Regular Season,2023-03-04,Saturday,00:00,Ottawa Senators,Columbus Blue Jackets,Ottawa Senators,Columbus Blue Jackets,OTT,CBJ,5,2,7,3,Ottawa Senators,Columbus Blue Jackets,Home Win (5-2),5-2,Regulation,No,No,Canadian Tire Centre,Ottawa,OFF,C. Talbot (Winning Goalie); T. Hamonic (GWG Scorer),Ottawa Senators defeated Columbus Blue Jackets 5-2 in regulation at Canadian Tire Centre (Ottawa).,NHL Official Stats REST API (api-web.nhle.com/v1)
1102,2022020995,2022-2023,2022,Regular Season,Regular Season,2023-03-04,Saturday,00:00,Winnipeg Jets,Edmonton Oilers,Winnipeg Jets,Edmonton Oilers,WPG,EDM,7,5,12,2,Winnipeg Jets,Edmonton Oilers,Home Win (7-5),7-5,Regulation,No,No,Canada Life Centre,Winnipeg,OFF,C. Hellebuyck (Winning Goalie); J. Morrissey (GWG Scorer),Winnipeg Jets defeated Edmonton Oilers 7-5 in regulation at Canada Life Centre (Winnipeg).,NHL Official Stats REST API (api-web.nhle.com/v1)
1103,2022020996,2022-2023,2022,Regular Season,Regular Season,2023-03-04,Saturday,00:00,Vancouver Canucks,Toronto Maple Leafs,Vancouver Canucks,Toronto Maple Leafs,VAN,TOR,4,1,5,3,Vancouver Canucks,Toronto Maple Leafs,Home Win (4-1),4-1,Regulation,No,No,Rogers Arena,Vancouver,OFF,T. Demko (Winning Goalie); E. Pettersson (GWG Scorer),Vancouver Canucks defeated Toronto Maple Leafs 4-1 in regulation at Rogers Arena (Vancouver).,NHL Official Stats REST API (api-web.nhle.com/v1)
1104,2022020998,2022-2023,2022,Regular Season,Regular Season,2023-03-04,Saturday,01:00,Chicago Blackhawks,Nashville Predators,Chicago Blackhawks,Nashville Predators,CHI,NSH,1,3,4,2,Nashville Predators,Chicago Blackhawks,Away Win (3-1),1-3,Regulation,No,No,United Center,Chicago,OFF,J. Saros (Winning Goalie); T. Barrie (GWG Scorer),Nashville Predators defeated Chicago Blackhawks 3-1 in regulation at United Center (Chicago).,NHL Official Stats REST API (api-web.nhle.com/v1)
1105,2022020999,2022-2023,2022,Regular Season,Regular Season,2023-03-04,Saturday,03:00,Calgary Flames,Minnesota Wild,Calgary Flames,Minnesota Wild,CGY,MIN,0,3,3,3,Minnesota Wild,Calgary Flames,Away Win (3-0),0-3,Regulation,No,No,Scotiabank Saddledome,Calgary,OFF,F. Gustavsson (Winning Goalie); J. Eriksson Ek (GWG Scorer),Minnesota Wild defeated Calgary Flames 3-0 in regulation at Scotiabank Saddledome (Calgary).,NHL Official Stats REST API (api-web.nhle.com/v1)
1106,2022021000,2022-2023,2022,Regular Season,Regular Season,2023-03-04,Saturday,03:30,Los Angeles Kings,St. Louis Blues,Los Angeles Kings,St. Louis Blues,LAK,STL,4,2,6,2,Los Angeles Kings,St. Louis Blues,Home Win (4-2),4-2,Regulation,No,No,Crypto.com Arena,Los Angeles,OFF,J. Korpisalo (Winning Goalie); G. Vilardi (GWG Scorer),Los Angeles Kings defeated St. Louis Blues 4-2 in regulation at Crypto.com Arena (Los Angeles).,NHL Official Stats REST API (api-web.nhle.com/v1)
1107,2022021001,2022-2023,2022,Regular Season,Regular Season,2023-03-05,Sunday,20:00,Carolina Hurricanes,Tampa Bay Lightning,Carolina Hurricanes,Tampa Bay Lightning,CAR,TBL,6,0,6,6,Carolina Hurricanes,Tampa Bay Lightning,Home Win (6-0),6-0,Regulation,No,No,PNC Arena,Carolina,OFF,F. Andersen (Winning Goalie); A. Svechnikov (GWG Scorer),Carolina Hurricanes defeated Tampa Bay Lightning 6-0 in regulation at PNC Arena (Carolina).,NHL Official Stats REST API (api-web.nhle.com/v1)
1108,2022021002,2022-2023,2022,Regular Season,Regular Season,2023-03-05,Sunday,23:00,Philadelphia Flyers,Detroit Red Wings,Philadelphia Flyers,Detroit Red Wings,PHI,DET,3,1,4,2,Philadelphia Flyers,Detroit Red Wings,Home Win (3-1),3-1,Regulation,No,No,Wells Fargo Center,Philadelphia,OFF,C. Hart (Winning Goalie); N. Cates (GWG Scorer),Philadelphia Flyers defeated Detroit Red Wings 3-1 in regulation at Wells Fargo Center (Philadelphia).,NHL Official Stats REST API (api-web.nhle.com/v1)
1109,2022021003,2022-2023,2022,Regular Season,Regular Season,2023-03-05,Sunday,23:00,Vegas Golden Knights,Montréal Canadiens,Vegas Golden Knights,Montréal Canadiens,VGK,MTL,4,3,7,1,Vegas Golden Knights,Montréal Canadiens,Home Win (4-3),4-3,Regulation,No,No,T-Mobile Arena,Vegas,OFF,J. Quick (Winning Goalie); I. Barbashev (GWG Scorer),Vegas Golden Knights defeated Montréal Canadiens 4-3 in regulation at T-Mobile Arena (Vegas).,NHL Official Stats REST API (api-web.nhle.com/v1)
1110,2022021004,2022-2023,2022,Regular Season,Regular Season,2023-03-05,Sunday,00:00,Arizona Coyotes,New Jersey Devils,Arizona Coyotes,New Jersey Devils,ARI,NJD,4,5,9,1,New Jersey Devils,Arizona Coyotes,Away Win (5-4 OT),4-5,Overtime,Yes,No,Mullett Arena,Arizona,OFF,V. Vanecek (Winning Goalie); N. Hischier (GWG Scorer),New Jersey Devils defeated Arizona Coyotes 5-4 in overtime at Mullett Arena (Arizona).,NHL Official Stats REST API (api-web.nhle.com/v1)
1111,2022021005,2022-2023,2022,Regular Season,Regular Season,2023-03-05,Sunday,02:00,Colorado Avalanche,Seattle Kraken,Colorado Avalanche,Seattle Kraken,COL,SEA,2,3,5,1,Seattle Kraken,Colorado Avalanche,Away Win (3-2 OT),2-3,Overtime,Yes,No,Ball Arena,Colorado,OFF,P. Grubauer (Winning Goalie); Y. Gourde (GWG Scorer),Seattle Kraken defeated Colorado Avalanche 3-2 in overtime at Ball Arena (Colorado).,NHL Official Stats REST API (api-web.nhle.com/v1)
1112,2022021006,2022-2023,2022,Regular Season,Regular Season,2023-03-06,Monday,00:30,Buffalo Sabres,Edmonton Oilers,Buffalo Sabres,Edmonton Oilers,BUF,EDM,2,3,5,1,Edmonton Oilers,Buffalo Sabres,Away Win (3-2),2-3,Regulation,No,No,KeyBank Center,Buffalo,OFF,S. Skinner (Winning Goalie); C. McDavid (GWG Scorer),Edmonton Oilers defeated Buffalo Sabres 3-2 in regulation at KeyBank Center (Buffalo).,NHL Official Stats REST API (api-web.nhle.com/v1)
1113,2022021007,2022-2023,2022,Regular Season,Regular Season,2023-03-06,Monday,00:30,Winnipeg Jets,San Jose Sharks,Winnipeg Jets,San Jose Sharks,WPG,SJS,2,3,5,1,San Jose Sharks,Winnipeg Jets,Away Win (3-2 OT),2-3,Overtime,Yes,No,Canada Life Centre,Winnipeg,OFF,J. Reimer (Winning Goalie); L. Couture (GWG Scorer),San Jose Sharks defeated Winnipeg Jets 3-2 in overtime at Canada Life Centre (Winnipeg).,NHL Official Stats REST API (api-web.nhle.com/v1)
1114,2022021008,2022-2023,2022,Regular Season,Regular Season,2023-03-06,Monday,01:30,Dallas Stars,Calgary Flames,Dallas Stars,Calgary Flames,DAL,CGY,4,5,9,1,Calgary Flames,Dallas Stars,Away Win (5-4),4-5,Regulation,No,No,American Airlines Center,Dallas,OFF,J. Markstrom (Winning Goalie); T. Toffoli (GWG Scorer),Calgary Flames defeated Dallas Stars 5-4 in regulation at American Airlines Center (Dallas).,NHL Official Stats REST API (api-web.nhle.com/v1)
1115,2022021009,2022-2023,2022,Regular Season,Regular Season,2023-03-06,Monday,02:00,Chicago Blackhawks,Ottawa Senators,Chicago Blackhawks,Ottawa Senators,CHI,OTT,5,0,5,5,Chicago Blackhawks,Ottawa Senators,Home Win (5-0),5-0,Regulation,No,No,United Center,Chicago,OFF,A. Stalock (Winning Goalie); P. Kurashev (GWG Scorer),Chicago Blackhawks defeated Ottawa Senators 5-0 in regulation at United Center (Chicago).,NHL Official Stats REST API (api-web.nhle.com/v1)
1116,2022021010,2022-2023,2022,Regular Season,Regular Season,2023-03-06,Monday,03:30,Vancouver Canucks,Nashville Predators,Vancouver Canucks,Nashville Predators,VAN,NSH,4,3,7,1,Vancouver Canucks,Nashville Predators,Home Win (4-3 SO),4-3,Shootout,Yes,Yes,Rogers Arena,Vancouver,OFF,A. Silovs (Winning Goalie),Vancouver Canucks defeated Nashville Predators 4-3 in a shootout at Rogers Arena (Vancouver).,NHL Official Stats REST API (api-web.nhle.com/v1)
1117,2022021011,2022-2023,2022,Regular Season,Regular Season,2023-03-06,Monday,03:30,Los Angeles Kings,Washington Capitals,Los Angeles Kings,Washington Capitals,LAK,WSH,4,2,6,2,Los Angeles Kings,Washington Capitals,Home Win (4-2),4-2,Regulation,No,No,Crypto.com Arena,Los Angeles,OFF,P. Copley (Winning Goalie); M. Anderson (GWG Scorer),Los Angeles Kings defeated Washington Capitals 4-2 in regulation at Crypto.com Arena (Los Angeles).,NHL Official Stats REST API (api-web.nhle.com/v1)
1118,2022021012,2022-2023,2022,Regular Season,Regular Season,2023-03-07,Tuesday,00:00,Montréal Canadiens,Carolina Hurricanes,Montréal Canadiens,Carolina Hurricanes,MTL,CAR,3,4,7,1,Carolina Hurricanes,Montréal Canadiens,Away Win (4-3 SO),3-4,Shootout,Yes,Yes,Centre Bell,Montréal,OFF,F. Andersen (Winning Goalie),Carolina Hurricanes defeated Montréal Canadiens 4-3 in a shootout at Centre Bell (Montréal).,NHL Official Stats REST API (api-web.nhle.com/v1)
1119,2022021013,2022-2023,2022,Regular Season,Regular Season,2023-03-07,Tuesday,00:00,Pittsburgh Penguins,Columbus Blue Jackets,Pittsburgh Penguins,Columbus Blue Jackets,PIT,CBJ,5,4,9,1,Pittsburgh Penguins,Columbus Blue Jackets,Home Win (5-4 OT),5-4,Overtime,Yes,No,PPG Paints Arena,Pittsburgh,OFF,C. DeSmith (Winning Goalie); S. Crosby (GWG Scorer),Pittsburgh Penguins defeated Columbus Blue Jackets 5-4 in overtime at PPG Paints Arena (Pittsburgh).,NHL Official Stats REST API (api-web.nhle.com/v1)
1120,2022021014,2022-2023,2022,Regular Season,Regular Season,2023-03-07,Tuesday,00:00,Tampa Bay Lightning,Philadelphia Flyers,Tampa Bay Lightning,Philadelphia Flyers,TBL,PHI,5,2,7,3,Tampa Bay Lightning,Philadelphia Flyers,Home Win (5-2),5-2,Regulation,No,No,Amalie Arena,Tampa Bay,OFF,A. Vasilevskiy (Winning Goalie); R. Colton (GWG Scorer),Tampa Bay Lightning defeated Philadelphia Flyers 5-2 in regulation at Amalie Arena (Tampa Bay).,NHL Official Stats REST API (api-web.nhle.com/v1)
1121,2022021015,2022-2023,2022,Regular Season,Regular Season,2023-03-07,Tuesday,00:00,New Jersey Devils,Toronto Maple Leafs,New Jersey Devils,Toronto Maple Leafs,NJD,TOR,3,4,7,1,Toronto Maple Leafs,New Jersey Devils,Away Win (4-3),3-4,Regulation,No,No,Prudential Center,New Jersey,OFF,I. Samsonov (Winning Goalie); A. Matthews (GWG Scorer),Toronto Maple Leafs defeated New Jersey Devils 4-3 in regulation at Prudential Center (New Jersey).,NHL Official Stats REST API (api-web.nhle.com/v1)
1122,2022021016,2022-2023,2022,Regular Season,Regular Season,2023-03-07,Tuesday,00:00,Florida Panthers,Vegas Golden Knights,Florida Panthers,Vegas Golden Knights,FLA,VGK,2,1,3,1,Florida Panthers,Vegas Golden Knights,Home Win (2-1),2-1,Regulation,No,No,FLA Live Arena,Florida,OFF,S. Bobrovsky (Winning Goalie); A. Barkov (GWG Scorer),Florida Panthers defeated Vegas Golden Knights 2-1 in regulation at FLA Live Arena (Florida).,NHL Official Stats REST API (api-web.nhle.com/v1)
1123,2022021017,2022-2023,2022,Regular Season,Regular Season,2023-03-07,Tuesday,00:30,New York Islanders,Buffalo Sabres,New York Islanders,Buffalo Sabres,NYI,BUF,3,2,5,1,New York Islanders,Buffalo Sabres,Home Win (3-2),3-2,Regulation,No,No,UBS Arena,New York,OFF,I. Sorokin (Winning Goalie); H. Fasching (GWG Scorer),New York Islanders defeated Buffalo Sabres 3-2 in regulation at UBS Arena (New York).,NHL Official Stats REST API (api-web.nhle.com/v1)
1124,2022021018,2022-2023,2022,Regular Season,Regular Season,2023-03-07,Tuesday,01:00,Minnesota Wild,Calgary Flames,Minnesota Wild,Calgary Flames,MIN,CGY,0,1,1,1,Calgary Flames,Minnesota Wild,Away Win (1-0 SO),0-1,Shootout,Yes,Yes,Xcel Energy Center,Minnesota,OFF,J. Markstrom (Winning Goalie),Calgary Flames defeated Minnesota Wild 1-0 in a shootout at Xcel Energy Center (Minnesota).,NHL Official Stats REST API (api-web.nhle.com/v1)
1125,2022021019,2022-2023,2022,Regular Season,Regular Season,2023-03-07,Tuesday,02:00,Colorado Avalanche,San Jose Sharks,Colorado Avalanche,San Jose Sharks,COL,SJS,6,0,6,6,Colorado Avalanche,San Jose Sharks,Home Win (6-0),6-0,Regulation,No,No,Ball Arena,Colorado,OFF,A. Georgiev (Winning Goalie); C. Makar (GWG Scorer),Colorado Avalanche defeated San Jose Sharks 6-0 in regulation at Ball Arena (Colorado).,NHL Official Stats REST API (api-web.nhle.com/v1)
1126,2022021020,2022-2023,2022,Regular Season,Regular Season,2023-03-07,Tuesday,02:00,Arizona Coyotes,St. Louis Blues,Arizona Coyotes,St. Louis Blues,ARI,STL,6,2,8,4,Arizona Coyotes,St. Louis Blues,Home Win (6-2),6-2,Regulation,No,No,Mullett Arena,Arizona,OFF,K. Vejmelka (Winning Goalie); T. Boyd (GWG Scorer),Arizona Coyotes defeated St. Louis Blues 6-2 in regulation at Mullett Arena (Arizona).,NHL Official Stats REST API (api-web.nhle.com/v1)
1127,2022021021,2022-2023,2022,Regular Season,Regular Season,2023-03-07,Tuesday,03:00,Seattle Kraken,Anaheim Ducks,Seattle Kraken,Anaheim Ducks,SEA,ANA,5,2,7,3,Seattle Kraken,Anaheim Ducks,Home Win (5-2),5-2,Regulation,No,No,Climate Pledge Arena,Seattle,OFF,P. Grubauer (Winning Goalie); D. Sprong (GWG Scorer),Seattle Kraken defeated Anaheim Ducks 5-2 in regulation at Climate Pledge Arena (Seattle).,NHL Official Stats REST API (api-web.nhle.com/v1)
1128,2022021022,2022-2023,2022,Regular Season,Regular Season,2023-03-08,Wednesday,00:30,Detroit Red Wings,Chicago Blackhawks,Detroit Red Wings,Chicago Blackhawks,DET,CHI,4,3,7,1,Detroit Red Wings,Chicago Blackhawks,Home Win (4-3),4-3,Regulation,No,No,Little Caesars Arena,Detroit,OFF,V. Husso (Winning Goalie); D. Kubalik (GWG Scorer),Detroit Red Wings defeated Chicago Blackhawks 4-3 in regulation at Little Caesars Arena (Detroit).,NHL Official Stats REST API (api-web.nhle.com/v1)
1129,2022021023,2022-2023,2022,Regular Season,Regular Season,2023-03-08,Wednesday,00:30,Winnipeg Jets,Minnesota Wild,Winnipeg Jets,Minnesota Wild,WPG,MIN,2,4,6,2,Minnesota Wild,Winnipeg Jets,Away Win (4-2),2-4,Regulation,No,No,Canada Life Centre,Winnipeg,OFF,M. Fleury (Winning Goalie); R. Hartman (GWG Scorer),Minnesota Wild defeated Winnipeg Jets 4-2 in regulation at Canada Life Centre (Winnipeg).,NHL Official Stats REST API (api-web.nhle.com/v1)
1130,2022021024,2022-2023,2022,Regular Season,Regular Season,2023-03-08,Wednesday,03:00,Vancouver Canucks,Anaheim Ducks,Vancouver Canucks,Anaheim Ducks,VAN,ANA,3,2,5,1,Vancouver Canucks,Anaheim Ducks,Home Win (3-2 OT),3-2,Overtime,Yes,No,Rogers Arena,Vancouver,OFF,T. Demko (Winning Goalie); J. Miller (GWG Scorer),Vancouver Canucks defeated Anaheim Ducks 3-2 in overtime at Rogers Arena (Vancouver).,NHL Official Stats REST API (api-web.nhle.com/v1)
1131,2022021025,2022-2023,2022,Regular Season,Regular Season,2023-03-09,Thursday,00:00,Buffalo Sabres,Dallas Stars,Buffalo Sabres,Dallas Stars,BUF,DAL,4,10,14,6,Dallas Stars,Buffalo Sabres,Away Win (10-4),4-10,Regulation,No,No,KeyBank Center,Buffalo,OFF,J. Oettinger (Winning Goalie); R. Suter (GWG Scorer),Dallas Stars defeated Buffalo Sabres 10-4 in regulation at KeyBank Center (Buffalo).,NHL Official Stats REST API (api-web.nhle.com/v1)
1132,2022021027,2022-2023,2022,Regular Season,Regular Season,2023-03-09,Thursday,00:00,Pittsburgh Penguins,New York Islanders,Pittsburgh Penguins,New York Islanders,PIT,NYI,3,4,7,1,New York Islanders,Pittsburgh Penguins,Away Win (4-3 OT),3-4,Overtime,Yes,No,PPG Paints Arena,Pittsburgh,OFF,I. Sorokin (Winning Goalie); B. Nelson (GWG Scorer),New York Islanders defeated Pittsburgh Penguins 4-3 in overtime at PPG Paints Arena (Pittsburgh).,NHL Official Stats REST API (api-web.nhle.com/v1)
1133,2022021028,2022-2023,2022,Regular Season,Regular Season,2023-03-09,Thursday,00:00,Montréal Canadiens,New York Rangers,Montréal Canadiens,New York Rangers,MTL,NYR,3,4,7,1,New York Rangers,Montréal Canadiens,Away Win (4-3 SO),3-4,Shootout,Yes,Yes,Centre Bell,Montréal,OFF,I. Shesterkin (Winning Goalie),New York Rangers defeated Montréal Canadiens 4-3 in a shootout at Centre Bell (Montréal).,NHL Official Stats REST API (api-web.nhle.com/v1)
1134,2022021029,2022-2023,2022,Regular Season,Regular Season,2023-03-09,Thursday,00:00,Washington Capitals,New Jersey Devils,Washington Capitals,New Jersey Devils,WSH,NJD,2,3,5,1,New Jersey Devils,Washington Capitals,Away Win (3-2 SO),2-3,Shootout,Yes,Yes,Capital One Arena,Washington,OFF,A. Schmid (Winning Goalie),New Jersey Devils defeated Washington Capitals 3-2 in a shootout at Capital One Arena (Washington).,NHL Official Stats REST API (api-web.nhle.com/v1)
1135,2022021030,2022-2023,2022,Regular Season,Regular Season,2023-03-09,Thursday,00:00,Carolina Hurricanes,Philadelphia Flyers,Carolina Hurricanes,Philadelphia Flyers,CAR,PHI,1,0,1,1,Carolina Hurricanes,Philadelphia Flyers,Home Win (1-0),1-0,Regulation,No,No,PNC Arena,Carolina,OFF,P. Kochetkov (Winning Goalie); A. Svechnikov (GWG Scorer),Carolina Hurricanes defeated Philadelphia Flyers 1-0 in regulation at PNC Arena (Carolina).,NHL Official Stats REST API (api-web.nhle.com/v1)
1136,2022021031,2022-2023,2022,Regular Season,Regular Season,2023-03-09,Thursday,00:00,Tampa Bay Lightning,Vegas Golden Knights,Tampa Bay Lightning,Vegas Golden Knights,TBL,VGK,3,4,7,1,Vegas Golden Knights,Tampa Bay Lightning,Away Win (4-3 OT),3-4,Overtime,Yes,No,Amalie Arena,Tampa Bay,OFF,J. Quick (Winning Goalie); A. Martinez (GWG Scorer),Vegas Golden Knights defeated Tampa Bay Lightning 4-3 in overtime at Amalie Arena (Tampa Bay).,NHL Official Stats REST API (api-web.nhle.com/v1)
1137,2022021026,2022-2023,2022,Regular Season,Regular Season,2023-03-09,Thursday,00:30,Boston Bruins,Edmonton Oilers,Boston Bruins,Edmonton Oilers,BOS,EDM,2,3,5,1,Edmonton Oilers,Boston Bruins,Away Win (3-2),2-3,Regulation,No,No,TD Garden,Boston,OFF,S. Skinner (Winning Goalie); D. Nurse (GWG Scorer),Edmonton Oilers defeated Boston Bruins 3-2 in regulation at TD Garden (Boston).,NHL Official Stats REST API (api-web.nhle.com/v1)
1138,2022021032,2022-2023,2022,Regular Season,Regular Season,2023-03-09,Thursday,01:00,St. Louis Blues,San Jose Sharks,St. Louis Blues,San Jose Sharks,STL,SJS,4,2,6,2,St. Louis Blues,San Jose Sharks,Home Win (4-2),4-2,Regulation,No,No,Enterprise Center,St. Louis,OFF,J. Binnington (Winning Goalie); J. Vrana (GWG Scorer),St. Louis Blues defeated San Jose Sharks 4-2 in regulation at Enterprise Center (St. Louis).,NHL Official Stats REST API (api-web.nhle.com/v1)
1139,2022021033,2022-2023,2022,Regular Season,Regular Season,2023-03-09,Thursday,02:00,Colorado Avalanche,Los Angeles Kings,Colorado Avalanche,Los Angeles Kings,COL,LAK,2,5,7,3,Los Angeles Kings,Colorado Avalanche,Away Win (5-2),2-5,Regulation,No,No,Ball Arena,Colorado,OFF,J. Korpisalo (Winning Goalie); A. Kempe (GWG Scorer),Los Angeles Kings defeated Colorado Avalanche 5-2 in regulation at Ball Arena (Colorado).,NHL Official Stats REST API (api-web.nhle.com/v1)
1140,2022021034,2022-2023,2022,Regular Season,Regular Season,2023-03-09,Thursday,02:00,Arizona Coyotes,Nashville Predators,Arizona Coyotes,Nashville Predators,ARI,NSH,4,1,5,3,Arizona Coyotes,Nashville Predators,Home Win (4-1),4-1,Regulation,No,No,Mullett Arena,Arizona,OFF,I. Prosvetov (Winning Goalie); B. Hayton (GWG Scorer),Arizona Coyotes defeated Nashville Predators 4-1 in regulation at Mullett Arena (Arizona).,NHL Official Stats REST API (api-web.nhle.com/v1)
1141,2022021035,2022-2023,2022,Regular Season,Regular Season,2023-03-09,Thursday,03:00,Seattle Kraken,Ottawa Senators,Seattle Kraken,Ottawa Senators,SEA,OTT,4,5,9,1,Ottawa Senators,Seattle Kraken,Away Win (5-4),4-5,Regulation,No,No,Climate Pledge Arena,Seattle,OFF,M. Sogaard (Winning Goalie); A. DeBrincat (GWG Scorer),Ottawa Senators defeated Seattle Kraken 5-4 in regulation at Climate Pledge Arena (Seattle).,NHL Official Stats REST API (api-web.nhle.com/v1)
1142,2022021036,2022-2023,2022,Regular Season,Regular Season,2023-03-10,Friday,00:00,Florida Panthers,Chicago Blackhawks,Florida Panthers,Chicago Blackhawks,FLA,CHI,4,3,7,1,Florida Panthers,Chicago Blackhawks,Home Win (4-3 OT),4-3,Overtime,Yes,No,FLA Live Arena,Florida,OFF,S. Bobrovsky (Winning Goalie); B. Montour (GWG Scorer),Florida Panthers defeated Chicago Blackhawks 4-3 in overtime at FLA Live Arena (Florida).,NHL Official Stats REST API (api-web.nhle.com/v1)
1143,2022021037,2022-2023,2022,Regular Season,Regular Season,2023-03-10,Friday,02:00,Calgary Flames,Anaheim Ducks,Calgary Flames,Anaheim Ducks,CGY,ANA,1,3,4,2,Anaheim Ducks,Calgary Flames,Away Win (3-1),1-3,Regulation,No,No,Scotiabank Saddledome,Calgary,OFF,J. Gibson (Winning Goalie); B. Leason (GWG Scorer),Anaheim Ducks defeated Calgary Flames 3-1 in regulation at Scotiabank Saddledome (Calgary).,NHL Official Stats REST API (api-web.nhle.com/v1)
1144,2022021038,2022-2023,2022,Regular Season,Regular Season,2023-03-11,Saturday,18:00,Boston Bruins,Detroit Red Wings,Boston Bruins,Detroit Red Wings,BOS,DET,3,2,5,1,Boston Bruins,Detroit Red Wings,Home Win (3-2),3-2,Regulation,No,No,TD Garden,Boston,OFF,L. Ullmark (Winning Goalie); G. Hathaway (GWG Scorer),Boston Bruins defeated Detroit Red Wings 3-2 in regulation at TD Garden (Boston).,NHL Official Stats REST API (api-web.nhle.com/v1)
1145,2022021039,2022-2023,2022,Regular Season,Regular Season,2023-03-11,Saturday,20:30,Pittsburgh Penguins,Philadelphia Flyers,Pittsburgh Penguins,Philadelphia Flyers,PIT,PHI,5,1,6,4,Pittsburgh Penguins,Philadelphia Flyers,Home Win (5-1),5-1,Regulation,No,No,PPG Paints Arena,Pittsburgh,OFF,C. DeSmith (Winning Goalie); S. Crosby (GWG Scorer),Pittsburgh Penguins defeated Philadelphia Flyers 5-1 in regulation at PPG Paints Arena (Pittsburgh).,NHL Official Stats REST API (api-web.nhle.com/v1)
1146,2022021040,2022-2023,2022,Regular Season,Regular Season,2023-03-11,Saturday,22:00,Buffalo Sabres,New York Rangers,Buffalo Sabres,New York Rangers,BUF,NYR,1,2,3,1,New York Rangers,Buffalo Sabres,Away Win (2-1 OT),1-2,Overtime,Yes,No,KeyBank Center,Buffalo,OFF,I. Shesterkin (Winning Goalie); A. Panarin (GWG Scorer),New York Rangers defeated Buffalo Sabres 2-1 in overtime at KeyBank Center (Buffalo).,NHL Official Stats REST API (api-web.nhle.com/v1)
1147,2022021041,2022-2023,2022,Regular Season,Regular Season,2023-03-11,Saturday,23:00,Colorado Avalanche,Arizona Coyotes,Colorado Avalanche,Arizona Coyotes,COL,ARI,3,2,5,1,Colorado Avalanche,Arizona Coyotes,Home Win (3-2 OT),3-2,Overtime,Yes,No,Ball Arena,Colorado,OFF,A. Georgiev (Winning Goalie); C. Makar (GWG Scorer),Colorado Avalanche defeated Arizona Coyotes 3-2 in overtime at Ball Arena (Colorado).,NHL Official Stats REST API (api-web.nhle.com/v1)
1148,2022021042,2022-2023,2022,Regular Season,Regular Season,2023-03-11,Saturday,00:00,Tampa Bay Lightning,Chicago Blackhawks,Tampa Bay Lightning,Chicago Blackhawks,TBL,CHI,3,1,4,2,Tampa Bay Lightning,Chicago Blackhawks,Home Win (3-1),3-1,Regulation,No,No,Amalie Arena,Tampa Bay,OFF,B. Elliott (Winning Goalie); B. Point (GWG Scorer),Tampa Bay Lightning defeated Chicago Blackhawks 3-1 in regulation at Amalie Arena (Tampa Bay).,NHL Official Stats REST API (api-web.nhle.com/v1)
1149,2022021043,2022-2023,2022,Regular Season,Regular Season,2023-03-11,Saturday,00:00,Toronto Maple Leafs,Edmonton Oilers,Toronto Maple Leafs,Edmonton Oilers,TOR,EDM,7,4,11,3,Toronto Maple Leafs,Edmonton Oilers,Home Win (7-4),7-4,Regulation,No,No,Scotiabank Arena,Toronto,OFF,M. Murray (Winning Goalie); J. Tavares (GWG Scorer),Toronto Maple Leafs defeated Edmonton Oilers 7-4 in regulation at Scotiabank Arena (Toronto).,NHL Official Stats REST API (api-web.nhle.com/v1)
1150,2022021044,2022-2023,2022,Regular Season,Regular Season,2023-03-11,Saturday,00:00,Montréal Canadiens,New Jersey Devils,Montréal Canadiens,New Jersey Devils,MTL,NJD,1,3,4,2,New Jersey Devils,Montréal Canadiens,Away Win (3-1),1-3,Regulation,No,No,Centre Bell,Montréal,OFF,A. Schmid (Winning Goalie); N. Hischier (GWG Scorer),New Jersey Devils defeated Montréal Canadiens 3-1 in regulation at Centre Bell (Montréal).,NHL Official Stats REST API (api-web.nhle.com/v1)
1151,2022021045,2022-2023,2022,Regular Season,Regular Season,2023-03-11,Saturday,00:00,Columbus Blue Jackets,St. Louis Blues,Columbus Blue Jackets,St. Louis Blues,CBJ,STL,2,5,7,3,St. Louis Blues,Columbus Blue Jackets,Away Win (5-2),2-5,Regulation,No,No,Nationwide Arena,Columbus,OFF,T. Greiss (Winning Goalie); S. Blais (GWG Scorer),St. Louis Blues defeated Columbus Blue Jackets 5-2 in regulation at Nationwide Arena (Columbus).,NHL Official Stats REST API (api-web.nhle.com/v1)
1152,2022021046,2022-2023,2022,Regular Season,Regular Season,2023-03-11,Saturday,00:00,Carolina Hurricanes,Vegas Golden Knights,Carolina Hurricanes,Vegas Golden Knights,CAR,VGK,0,4,4,4,Vegas Golden Knights,Carolina Hurricanes,Away Win (4-0),0-4,Regulation,No,No,PNC Arena,Carolina,OFF,J. Quick (Winning Goalie); J. Marchessault (GWG Scorer),Vegas Golden Knights defeated Carolina Hurricanes 4-0 in regulation at PNC Arena (Carolina).,NHL Official Stats REST API (api-web.nhle.com/v1)
1153,2022021047,2022-2023,2022,Regular Season,Regular Season,2023-03-11,Saturday,00:00,Florida Panthers,Winnipeg Jets,Florida Panthers,Winnipeg Jets,FLA,WPG,4,5,9,1,Winnipeg Jets,Florida Panthers,Away Win (5-4 OT),4-5,Overtime,Yes,No,FLA Live Arena,Florida,OFF,C. Hellebuyck (Winning Goalie); M. Scheifele (GWG Scorer),Winnipeg Jets defeated Florida Panthers 5-4 in overtime at FLA Live Arena (Florida).,NHL Official Stats REST API (api-web.nhle.com/v1)
1154,2022021048,2022-2023,2022,Regular Season,Regular Season,2023-03-11,Saturday,00:30,New York Islanders,Washington Capitals,New York Islanders,Washington Capitals,NYI,WSH,1,5,6,4,Washington Capitals,New York Islanders,Away Win (5-1),1-5,Regulation,No,No,UBS Arena,New York,OFF,D. Kuemper (Winning Goalie); T. Oshie (GWG Scorer),Washington Capitals defeated New York Islanders 5-1 in regulation at UBS Arena (New York).,NHL Official Stats REST API (api-web.nhle.com/v1)
1155,2022021049,2022-2023,2022,Regular Season,Regular Season,2023-03-11,Saturday,03:00,Seattle Kraken,Dallas Stars,Seattle Kraken,Dallas Stars,SEA,DAL,3,4,7,1,Dallas Stars,Seattle Kraken,Away Win (4-3 OT),3-4,Overtime,Yes,No,Climate Pledge Arena,Seattle,OFF,J. Oettinger (Winning Goalie); M. Heiskanen (GWG Scorer),Dallas Stars defeated Seattle Kraken 4-3 in overtime at Climate Pledge Arena (Seattle).,NHL Official Stats REST API (api-web.nhle.com/v1)
1156,2022021050,2022-2023,2022,Regular Season,Regular Season,2023-03-11,Saturday,03:00,Vancouver Canucks,Ottawa Senators,Vancouver Canucks,Ottawa Senators,VAN,OTT,5,2,7,3,Vancouver Canucks,Ottawa Senators,Home Win (5-2),5-2,Regulation,No,No,Rogers Arena,Vancouver,OFF,T. Demko (Winning Goalie); N. Aman (GWG Scorer),Vancouver Canucks defeated Ottawa Senators 5-2 in regulation at Rogers Arena (Vancouver).,NHL Official Stats REST API (api-web.nhle.com/v1)
1157,2022021051,2022-2023,2022,Regular Season,Regular Season,2023-03-11,Saturday,03:30,San Jose Sharks,Minnesota Wild,San Jose Sharks,Minnesota Wild,SJS,MIN,2,5,7,3,Minnesota Wild,San Jose Sharks,Away Win (5-2),2-5,Regulation,No,No,SAP Center at San Jose,San Jose,OFF,M. Fleury (Winning Goalie); M. Johansson (GWG Scorer),Minnesota Wild defeated San Jose Sharks 5-2 in regulation at SAP Center at San Jose (San Jose).,NHL Official Stats REST API (api-web.nhle.com/v1)
1158,2022021052,2022-2023,2022,Regular Season,Regular Season,2023-03-11,Saturday,03:30,Los Angeles Kings,Nashville Predators,Los Angeles Kings,Nashville Predators,LAK,NSH,1,2,3,1,Nashville Predators,Los Angeles Kings,Away Win (2-1 SO),1-2,Shootout,Yes,Yes,Crypto.com Arena,Los Angeles,OFF,K. Lankinen (Winning Goalie),Nashville Predators defeated Los Angeles Kings 2-1 in a shootout at Crypto.com Arena (Los Angeles).,NHL Official Stats REST API (api-web.nhle.com/v1)
1159,2022021053,2022-2023,2022,Regular Season,Regular Season,2023-03-12,Sunday,17:30,Detroit Red Wings,Boston Bruins,Detroit Red Wings,Boston Bruins,DET,BOS,5,3,8,2,Detroit Red Wings,Boston Bruins,Home Win (5-3),5-3,Regulation,No,No,Little Caesars Arena,Detroit,OFF,V. Husso (Winning Goalie); A. Erne (GWG Scorer),Detroit Red Wings defeated Boston Bruins 5-3 in regulation at Little Caesars Arena (Detroit).,NHL Official Stats REST API (api-web.nhle.com/v1)
1160,2022021054,2022-2023,2022,Regular Season,Regular Season,2023-03-12,Sunday,20:00,Pittsburgh Penguins,New York Rangers,Pittsburgh Penguins,New York Rangers,PIT,NYR,3,2,5,1,Pittsburgh Penguins,New York Rangers,Home Win (3-2 OT),3-2,Overtime,Yes,No,PPG Paints Arena,Pittsburgh,OFF,T. Jarry (Winning Goalie); K. Letang (GWG Scorer),Pittsburgh Penguins defeated New York Rangers 3-2 in overtime at PPG Paints Arena (Pittsburgh).,NHL Official Stats REST API (api-web.nhle.com/v1)
1161,2022021055,2022-2023,2022,Regular Season,Regular Season,2023-03-12,Sunday,23:00,New Jersey Devils,Carolina Hurricanes,New Jersey Devils,Carolina Hurricanes,NJD,CAR,3,0,3,3,New Jersey Devils,Carolina Hurricanes,Home Win (3-0),3-0,Regulation,No,No,Prudential Center,New Jersey,OFF,V. Vanecek (Winning Goalie); J. Hughes (GWG Scorer),New Jersey Devils defeated Carolina Hurricanes 3-0 in regulation at Prudential Center (New Jersey).,NHL Official Stats REST API (api-web.nhle.com/v1)
1162,2022021056,2022-2023,2022,Regular Season,Regular Season,2023-03-12,Sunday,23:00,St. Louis Blues,Vegas Golden Knights,St. Louis Blues,Vegas Golden Knights,STL,VGK,3,5,8,2,Vegas Golden Knights,St. Louis Blues,Away Win (5-3),3-5,Regulation,No,No,Enterprise Center,St. Louis,OFF,J. Patera (Winning Goalie); P. Dorofeyev (GWG Scorer),Vegas Golden Knights defeated St. Louis Blues 5-3 in regulation at Enterprise Center (St. Louis).,NHL Official Stats REST API (api-web.nhle.com/v1)
1163,2022021057,2022-2023,2022,Regular Season,Regular Season,2023-03-12,Sunday,23:00,Tampa Bay Lightning,Winnipeg Jets,Tampa Bay Lightning,Winnipeg Jets,TBL,WPG,2,3,5,1,Winnipeg Jets,Tampa Bay Lightning,Away Win (3-2),2-3,Regulation,No,No,Amalie Arena,Tampa Bay,OFF,C. Hellebuyck (Winning Goalie); M. Barron (GWG Scorer),Winnipeg Jets defeated Tampa Bay Lightning 3-2 in regulation at Amalie Arena (Tampa Bay).,NHL Official Stats REST API (api-web.nhle.com/v1)
1164,2022021059,2022-2023,2022,Regular Season,Regular Season,2023-03-12,Sunday,01:00,Calgary Flames,Ottawa Senators,Calgary Flames,Ottawa Senators,CGY,OTT,5,1,6,4,Calgary Flames,Ottawa Senators,Home Win (5-1),5-1,Regulation,No,No,Scotiabank Saddledome,Calgary,OFF,J. Markstrom (Winning Goalie); E. Lindholm (GWG Scorer),Calgary Flames defeated Ottawa Senators 5-1 in regulation at Scotiabank Saddledome (Calgary).,NHL Official Stats REST API (api-web.nhle.com/v1)
1165,2022021058,2022-2023,2022,Regular Season,Regular Season,2023-03-12,Sunday,01:30,Arizona Coyotes,Minnesota Wild,Arizona Coyotes,Minnesota Wild,ARI,MIN,5,4,9,1,Arizona Coyotes,Minnesota Wild,Home Win (5-4 OT),5-4,Overtime,Yes,No,Mullett Arena,Arizona,OFF,K. Vejmelka (Winning Goalie); C. Keller (GWG Scorer),Arizona Coyotes defeated Minnesota Wild 5-4 in overtime at Mullett Arena (Arizona).,NHL Official Stats REST API (api-web.nhle.com/v1)
1166,2022021060,2022-2023,2022,Regular Season,Regular Season,2023-03-12,Sunday,01:30,Anaheim Ducks,Nashville Predators,Anaheim Ducks,Nashville Predators,ANA,NSH,4,5,9,1,Nashville Predators,Anaheim Ducks,Away Win (5-4 OT),4-5,Overtime,Yes,No,Honda Center,Anaheim,OFF,J. Saros (Winning Goalie); T. Novak (GWG Scorer),Nashville Predators defeated Anaheim Ducks 5-4 in overtime at Honda Center (Anaheim).,NHL Official Stats REST API (api-web.nhle.com/v1)
1167,2022021061,2022-2023,2022,Regular Season,Regular Season,2023-03-13,Monday,23:30,Toronto Maple Leafs,Buffalo Sabres,Toronto Maple Leafs,Buffalo Sabres,TOR,BUF,3,4,7,1,Buffalo Sabres,Toronto Maple Leafs,Away Win (4-3),3-4,Regulation,No,No,Scotiabank Arena,Toronto,OFF,C. Anderson (Winning Goalie); A. Tuch (GWG Scorer),Buffalo Sabres defeated Toronto Maple Leafs 4-3 in regulation at Scotiabank Arena (Toronto).,NHL Official Stats REST API (api-web.nhle.com/v1)
1168,2022021062,2022-2023,2022,Regular Season,Regular Season,2023-03-13,Monday,23:30,Montréal Canadiens,Colorado Avalanche,Montréal Canadiens,Colorado Avalanche,MTL,COL,4,8,12,4,Colorado Avalanche,Montréal Canadiens,Away Win (8-4),4-8,Regulation,No,No,Centre Bell,Montréal,OFF,A. Georgiev (Winning Goalie); M. Rantanen (GWG Scorer),Colorado Avalanche defeated Montréal Canadiens 8-4 in regulation at Centre Bell (Montréal).,NHL Official Stats REST API (api-web.nhle.com/v1)
1169,2022021063,2022-2023,2022,Regular Season,Regular Season,2023-03-13,Monday,02:00,Seattle Kraken,Dallas Stars,Seattle Kraken,Dallas Stars,SEA,DAL,2,5,7,3,Dallas Stars,Seattle Kraken,Away Win (5-2),2-5,Regulation,No,No,Climate Pledge Arena,Seattle,OFF,J. Oettinger (Winning Goalie); J. Pavelski (GWG Scorer),Dallas Stars defeated Seattle Kraken 5-2 in regulation at Climate Pledge Arena (Seattle).,NHL Official Stats REST API (api-web.nhle.com/v1)
1170,2022021064,2022-2023,2022,Regular Season,Regular Season,2023-03-14,Tuesday,23:00,Pittsburgh Penguins,Montréal Canadiens,Pittsburgh Penguins,Montréal Canadiens,PIT,MTL,4,6,10,2,Montréal Canadiens,Pittsburgh Penguins,Away Win (6-4),4-6,Regulation,No,No,PPG Paints Arena,Pittsburgh,OFF,S. Montembeault (Winning Goalie); A. Richard (GWG Scorer),Montréal Canadiens defeated Pittsburgh Penguins 6-4 in regulation at PPG Paints Arena (Pittsburgh).,NHL Official Stats REST API (api-web.nhle.com/v1)
1171,2022021065,2022-2023,2022,Regular Season,Regular Season,2023-03-14,Tuesday,23:00,New Jersey Devils,Tampa Bay Lightning,New Jersey Devils,Tampa Bay Lightning,NJD,TBL,1,4,5,3,Tampa Bay Lightning,New Jersey Devils,Away Win (4-1),1-4,Regulation,No,No,Prudential Center,New Jersey,OFF,A. Vasilevskiy (Winning Goalie); B. Hagel (GWG Scorer),Tampa Bay Lightning defeated New Jersey Devils 4-1 in regulation at Prudential Center (New Jersey).,NHL Official Stats REST API (api-web.nhle.com/v1)
1172,2022021066,2022-2023,2022,Regular Season,Regular Season,2023-03-14,Tuesday,23:00,Philadelphia Flyers,Vegas Golden Knights,Philadelphia Flyers,Vegas Golden Knights,PHI,VGK,3,5,8,2,Vegas Golden Knights,Philadelphia Flyers,Away Win (5-3),3-5,Regulation,No,No,Wells Fargo Center,Philadelphia,OFF,J. Quick (Winning Goalie); J. Marchessault (GWG Scorer),Vegas Golden Knights defeated Philadelphia Flyers 5-3 in regulation at Wells Fargo Center (Philadelphia).,NHL Official Stats REST API (api-web.nhle.com/v1)
1173,2022021067,2022-2023,2022,Regular Season,Regular Season,2023-03-14,Tuesday,23:00,New York Rangers,Washington Capitals,New York Rangers,Washington Capitals,NYR,WSH,5,3,8,2,New York Rangers,Washington Capitals,Home Win (5-3),5-3,Regulation,No,No,Madison Square Garden,New York,OFF,I. Shesterkin (Winning Goalie); J. Trouba (GWG Scorer),New York Rangers defeated Washington Capitals 5-3 in regulation at Madison Square Garden (New York).,NHL Official Stats REST API (api-web.nhle.com/v1)
1174,2022021068,2022-2023,2022,Regular Season,Regular Season,2023-03-14,Tuesday,23:00,Carolina Hurricanes,Winnipeg Jets,Carolina Hurricanes,Winnipeg Jets,CAR,WPG,5,3,8,2,Carolina Hurricanes,Winnipeg Jets,Home Win (5-3),5-3,Regulation,No,No,PNC Arena,Carolina,OFF,F. Andersen (Winning Goalie); J. Drury (GWG Scorer),Carolina Hurricanes defeated Winnipeg Jets 5-3 in regulation at PNC Arena (Carolina).,NHL Official Stats REST API (api-web.nhle.com/v1)
1175,2022021069,2022-2023,2022,Regular Season,Regular Season,2023-03-14,Tuesday,00:00,Nashville Predators,Detroit Red Wings,Nashville Predators,Detroit Red Wings,NSH,DET,2,1,3,1,Nashville Predators,Detroit Red Wings,Home Win (2-1),2-1,Regulation,No,No,Bridgestone Arena,Nashville,OFF,J. Saros (Winning Goalie); T. Novak (GWG Scorer),Nashville Predators defeated Detroit Red Wings 2-1 in regulation at Bridgestone Arena (Nashville).,NHL Official Stats REST API (api-web.nhle.com/v1)
1176,2022021070,2022-2023,2022,Regular Season,Regular Season,2023-03-14,Tuesday,00:30,Chicago Blackhawks,Boston Bruins,Chicago Blackhawks,Boston Bruins,CHI,BOS,6,3,9,3,Chicago Blackhawks,Boston Bruins,Home Win (6-3),6-3,Regulation,No,No,United Center,Chicago,OFF,A. Stalock (Winning Goalie); B. Katchouk (GWG Scorer),Chicago Blackhawks defeated Boston Bruins 6-3 in regulation at United Center (Chicago).,NHL Official Stats REST API (api-web.nhle.com/v1)
1177,2022021071,2022-2023,2022,Regular Season,Regular Season,2023-03-14,Tuesday,01:00,Edmonton Oilers,Ottawa Senators,Edmonton Oilers,Ottawa Senators,EDM,OTT,6,3,9,3,Edmonton Oilers,Ottawa Senators,Home Win (6-3),6-3,Regulation,No,No,Rogers Place,Edmonton,OFF,S. Skinner (Winning Goalie); L. Draisaitl (GWG Scorer),Edmonton Oilers defeated Ottawa Senators 6-3 in regulation at Rogers Place (Edmonton).,NHL Official Stats REST API (api-web.nhle.com/v1)
1178,2022021072,2022-2023,2022,Regular Season,Regular Season,2023-03-14,Tuesday,02:00,Arizona Coyotes,Calgary Flames,Arizona Coyotes,Calgary Flames,ARI,CGY,4,3,7,1,Arizona Coyotes,Calgary Flames,Home Win (4-3 OT),4-3,Overtime,Yes,No,Mullett Arena,Arizona,OFF,C. Ingram (Winning Goalie); T. Boyd (GWG Scorer),Arizona Coyotes defeated Calgary Flames 4-3 in overtime at Mullett Arena (Arizona).,NHL Official Stats REST API (api-web.nhle.com/v1)
1179,2022021073,2022-2023,2022,Regular Season,Regular Season,2023-03-14,Tuesday,02:00,Vancouver Canucks,Dallas Stars,Vancouver Canucks,Dallas Stars,VAN,DAL,5,2,7,3,Vancouver Canucks,Dallas Stars,Home Win (5-2),5-2,Regulation,No,No,Rogers Arena,Vancouver,OFF,T. Demko (Winning Goalie); A. Beauvillier (GWG Scorer),Vancouver Canucks defeated Dallas Stars 5-2 in regulation at Rogers Arena (Vancouver).,NHL Official Stats REST API (api-web.nhle.com/v1)
1180,2022021074,2022-2023,2022,Regular Season,Regular Season,2023-03-14,Tuesday,02:30,San Jose Sharks,Columbus Blue Jackets,San Jose Sharks,Columbus Blue Jackets,SJS,CBJ,5,6,11,1,Columbus Blue Jackets,San Jose Sharks,Away Win (6-5 OT),5-6,Overtime,Yes,No,SAP Center at San Jose,San Jose,OFF,D. Tarasov (Winning Goalie); J. Gaudreau (GWG Scorer),Columbus Blue Jackets defeated San Jose Sharks 6-5 in overtime at SAP Center at San Jose (San Jose).,NHL Official Stats REST API (api-web.nhle.com/v1)
1181,2022021075,2022-2023,2022,Regular Season,Regular Season,2023-03-14,Tuesday,02:30,Los Angeles Kings,New York Islanders,Los Angeles Kings,New York Islanders,LAK,NYI,5,2,7,3,Los Angeles Kings,New York Islanders,Home Win (5-2),5-2,Regulation,No,No,Crypto.com Arena,Los Angeles,OFF,J. Korpisalo (Winning Goalie); A. Iafallo (GWG Scorer),Los Angeles Kings defeated New York Islanders 5-2 in regulation at Crypto.com Arena (Los Angeles).,NHL Official Stats REST API (api-web.nhle.com/v1)
1182,2022021076,2022-2023,2022,Regular Season,Regular Season,2023-03-15,Wednesday,23:00,Washington Capitals,Buffalo Sabres,Washington Capitals,Buffalo Sabres,WSH,BUF,5,4,9,1,Washington Capitals,Buffalo Sabres,Home Win (5-4 SO),5-4,Shootout,Yes,Yes,Capital One Arena,Washington,OFF,C. Lindgren (Winning Goalie),Washington Capitals defeated Buffalo Sabres 5-4 in a shootout at Capital One Arena (Washington).,NHL Official Stats REST API (api-web.nhle.com/v1)
1183,2022021077,2022-2023,2022,Regular Season,Regular Season,2023-03-15,Wednesday,23:00,Toronto Maple Leafs,Colorado Avalanche,Toronto Maple Leafs,Colorado Avalanche,TOR,COL,1,2,3,1,Colorado Avalanche,Toronto Maple Leafs,Away Win (2-1 SO),1-2,Shootout,Yes,Yes,Scotiabank Arena,Toronto,OFF,A. Georgiev (Winning Goalie),Colorado Avalanche defeated Toronto Maple Leafs 2-1 in a shootout at Scotiabank Arena (Toronto).,NHL Official Stats REST API (api-web.nhle.com/v1)
1184,2022021078,2022-2023,2022,Regular Season,Regular Season,2023-03-15,Wednesday,01:30,St. Louis Blues,Minnesota Wild,St. Louis Blues,Minnesota Wild,STL,MIN,5,8,13,3,Minnesota Wild,St. Louis Blues,Away Win (8-5),5-8,Regulation,No,No,Enterprise Center,St. Louis,OFF,M. Fleury (Winning Goalie); A. Goligoski (GWG Scorer),Minnesota Wild defeated St. Louis Blues 8-5 in regulation at Enterprise Center (St. Louis).,NHL Official Stats REST API (api-web.nhle.com/v1)
1185,2022021079,2022-2023,2022,Regular Season,Regular Season,2023-03-15,Wednesday,02:00,Anaheim Ducks,New York Islanders,Anaheim Ducks,New York Islanders,ANA,NYI,3,6,9,3,New York Islanders,Anaheim Ducks,Away Win (6-3),3-6,Regulation,No,No,Honda Center,Anaheim,OFF,I. Sorokin (Winning Goalie); P. Engvall (GWG Scorer),New York Islanders defeated Anaheim Ducks 6-3 in regulation at Honda Center (Anaheim).,NHL Official Stats REST API (api-web.nhle.com/v1)
1186,2022021080,2022-2023,2022,Regular Season,Regular Season,2023-03-16,Thursday,23:00,Ottawa Senators,Colorado Avalanche,Ottawa Senators,Colorado Avalanche,OTT,COL,4,5,9,1,Colorado Avalanche,Ottawa Senators,Away Win (5-4),4-5,Regulation,No,No,Canadian Tire Centre,Ottawa,OFF,J. Johansson (Winning Goalie); L. Eller (GWG Scorer),Colorado Avalanche defeated Ottawa Senators 5-4 in regulation at Canadian Tire Centre (Ottawa).,NHL Official Stats REST API (api-web.nhle.com/v1)
1187,2022021081,2022-2023,2022,Regular Season,Regular Season,2023-03-16,Thursday,23:00,Florida Panthers,Montréal Canadiens,Florida Panthers,Montréal Canadiens,FLA,MTL,9,5,14,4,Florida Panthers,Montréal Canadiens,Home Win (9-5),9-5,Regulation,No,No,FLA Live Arena,Florida,OFF,S. Bobrovsky (Winning Goalie); S. Reinhart (GWG Scorer),Florida Panthers defeated Montréal Canadiens 9-5 in regulation at FLA Live Arena (Florida).,NHL Official Stats REST API (api-web.nhle.com/v1)
1188,2022021082,2022-2023,2022,Regular Season,Regular Season,2023-03-16,Thursday,23:00,New York Rangers,Pittsburgh Penguins,New York Rangers,Pittsburgh Penguins,NYR,PIT,4,2,6,2,New York Rangers,Pittsburgh Penguins,Home Win (4-2),4-2,Regulation,No,No,Madison Square Garden,New York,OFF,I. Shesterkin (Winning Goalie); C. Kreider (GWG Scorer),New York Rangers defeated Pittsburgh Penguins 4-2 in regulation at Madison Square Garden (New York).,NHL Official Stats REST API (api-web.nhle.com/v1)
1189,2022021083,2022-2023,2022,Regular Season,Regular Season,2023-03-16,Thursday,23:00,New Jersey Devils,Tampa Bay Lightning,New Jersey Devils,Tampa Bay Lightning,NJD,TBL,3,4,7,1,Tampa Bay Lightning,New Jersey Devils,Away Win (4-3 SO),3-4,Shootout,Yes,Yes,Prudential Center,New Jersey,OFF,A. Vasilevskiy (Winning Goalie),Tampa Bay Lightning defeated New Jersey Devils 4-3 in a shootout at Prudential Center (New Jersey).,NHL Official Stats REST API (api-web.nhle.com/v1)
1190,2022021084,2022-2023,2022,Regular Season,Regular Season,2023-03-16,Thursday,00:00,Winnipeg Jets,Boston Bruins,Winnipeg Jets,Boston Bruins,WPG,BOS,0,3,3,3,Boston Bruins,Winnipeg Jets,Away Win (3-0),0-3,Regulation,No,No,Canada Life Centre,Winnipeg,OFF,J. Swayman (Winning Goalie); T. Frederic (GWG Scorer),Boston Bruins defeated Winnipeg Jets 3-0 in regulation at Canada Life Centre (Winnipeg).,NHL Official Stats REST API (api-web.nhle.com/v1)
1191,2022021085,2022-2023,2022,Regular Season,Regular Season,2023-03-16,Thursday,00:00,Nashville Predators,Chicago Blackhawks,Nashville Predators,Chicago Blackhawks,NSH,CHI,1,2,3,1,Chicago Blackhawks,Nashville Predators,Away Win (2-1),1-2,Regulation,No,No,Bridgestone Arena,Nashville,OFF,A. Stalock (Winning Goalie); J. Anderson (GWG Scorer),Chicago Blackhawks defeated Nashville Predators 2-1 in regulation at Bridgestone Arena (Nashville).,NHL Official Stats REST API (api-web.nhle.com/v1)
1192,2022021086,2022-2023,2022,Regular Season,Regular Season,2023-03-16,Thursday,01:00,Edmonton Oilers,Dallas Stars,Edmonton Oilers,Dallas Stars,EDM,DAL,4,1,5,3,Edmonton Oilers,Dallas Stars,Home Win (4-1),4-1,Regulation,No,No,Rogers Place,Edmonton,OFF,S. Skinner (Winning Goalie); M. Janmark (GWG Scorer),Edmonton Oilers defeated Dallas Stars 4-1 in regulation at Rogers Place (Edmonton).,NHL Official Stats REST API (api-web.nhle.com/v1)
1193,2022021087,2022-2023,2022,Regular Season,Regular Season,2023-03-16,Thursday,02:00,Vegas Golden Knights,Calgary Flames,Vegas Golden Knights,Calgary Flames,VGK,CGY,2,7,9,5,Calgary Flames,Vegas Golden Knights,Away Win (7-2),2-7,Regulation,No,No,T-Mobile Arena,Vegas,OFF,J. Markstrom (Winning Goalie); B. Coleman (GWG Scorer),Calgary Flames defeated Vegas Golden Knights 7-2 in regulation at T-Mobile Arena (Vegas).,NHL Official Stats REST API (api-web.nhle.com/v1)
1194,2022021088,2022-2023,2022,Regular Season,Regular Season,2023-03-16,Thursday,02:00,Arizona Coyotes,Vancouver Canucks,Arizona Coyotes,Vancouver Canucks,ARI,VAN,3,2,5,1,Arizona Coyotes,Vancouver Canucks,Home Win (3-2),3-2,Regulation,No,No,Mullett Arena,Arizona,OFF,I. Prosvetov (Winning Goalie); L. Crouse (GWG Scorer),Arizona Coyotes defeated Vancouver Canucks 3-2 in regulation at Mullett Arena (Arizona).,NHL Official Stats REST API (api-web.nhle.com/v1)
1195,2022021089,2022-2023,2022,Regular Season,Regular Season,2023-03-16,Thursday,02:30,Los Angeles Kings,Columbus Blue Jackets,Los Angeles Kings,Columbus Blue Jackets,LAK,CBJ,4,1,5,3,Los Angeles Kings,Columbus Blue Jackets,Home Win (4-1),4-1,Regulation,No,No,Crypto.com Arena,Los Angeles,OFF,P. Copley (Winning Goalie); A. Kopitar (GWG Scorer),Los Angeles Kings defeated Columbus Blue Jackets 4-1 in regulation at Crypto.com Arena (Los Angeles).,NHL Official Stats REST API (api-web.nhle.com/v1)
1196,2022021090,2022-2023,2022,Regular Season,Regular Season,2023-03-16,Thursday,02:30,San Jose Sharks,Seattle Kraken,San Jose Sharks,Seattle Kraken,SJS,SEA,1,2,3,1,Seattle Kraken,San Jose Sharks,Away Win (2-1 OT),1-2,Overtime,Yes,No,SAP Center at San Jose,San Jose,OFF,P. Grubauer (Winning Goalie); V. Dunn (GWG Scorer),Seattle Kraken defeated San Jose Sharks 2-1 in overtime at SAP Center at San Jose (San Jose).,NHL Official Stats REST API (api-web.nhle.com/v1)
1197,2022021091,2022-2023,2022,Regular Season,Regular Season,2023-03-17,Friday,23:00,Philadelphia Flyers,Buffalo Sabres,Philadelphia Flyers,Buffalo Sabres,PHI,BUF,5,2,7,3,Philadelphia Flyers,Buffalo Sabres,Home Win (5-2),5-2,Regulation,No,No,Wells Fargo Center,Philadelphia,OFF,C. Hart (Winning Goalie); O. Tippett (GWG Scorer),Philadelphia Flyers defeated Buffalo Sabres 5-2 in regulation at Wells Fargo Center (Philadelphia).,NHL Official Stats REST API (api-web.nhle.com/v1)
1198,2022021092,2022-2023,2022,Regular Season,Regular Season,2023-03-17,Friday,23:00,Toronto Maple Leafs,Carolina Hurricanes,Toronto Maple Leafs,Carolina Hurricanes,TOR,CAR,5,2,7,3,Toronto Maple Leafs,Carolina Hurricanes,Home Win (5-2),5-2,Regulation,No,No,Scotiabank Arena,Toronto,OFF,I. Samsonov (Winning Goalie); A. Matthews (GWG Scorer),Toronto Maple Leafs defeated Carolina Hurricanes 5-2 in regulation at Scotiabank Arena (Toronto).,NHL Official Stats REST API (api-web.nhle.com/v1)
1199,2022021093,2022-2023,2022,Regular Season,Regular Season,2023-03-17,Friday,23:00,Washington Capitals,St. Louis Blues,Washington Capitals,St. Louis Blues,WSH,STL,2,5,7,3,St. Louis Blues,Washington Capitals,Away Win (5-2),2-5,Regulation,No,No,Capital One Arena,Washington,OFF,J. Hofer (Winning Goalie); K. Kapanen (GWG Scorer),St. Louis Blues defeated Washington Capitals 5-2 in regulation at Capital One Arena (Washington).,NHL Official Stats REST API (api-web.nhle.com/v1)
1200,2022021094,2022-2023,2022,Regular Season,Regular Season,2023-03-17,Friday,02:00,Anaheim Ducks,Columbus Blue Jackets,Anaheim Ducks,Columbus Blue Jackets,ANA,CBJ,7,4,11,3,Anaheim Ducks,Columbus Blue Jackets,Home Win (7-4),7-4,Regulation,No,No,Honda Center,Anaheim,OFF,L. Dostal (Winning Goalie); M. Jones (GWG Scorer),Anaheim Ducks defeated Columbus Blue Jackets 7-4 in regulation at Honda Center (Anaheim).,NHL Official Stats REST API (api-web.nhle.com/v1)
1201,2022021095,2022-2023,2022,Regular Season,Regular Season,2023-03-18,Saturday,17:00,Detroit Red Wings,Colorado Avalanche,Detroit Red Wings,Colorado Avalanche,DET,COL,1,5,6,4,Colorado Avalanche,Detroit Red Wings,Away Win (5-1),1-5,Regulation,No,No,Little Caesars Arena,Detroit,OFF,A. Georgiev (Winning Goalie); N. MacKinnon (GWG Scorer),Colorado Avalanche defeated Detroit Red Wings 5-1 in regulation at Little Caesars Arena (Detroit).,NHL Official Stats REST API (api-web.nhle.com/v1)
1202,2022021096,2022-2023,2022,Regular Season,Regular Season,2023-03-18,Saturday,18:00,Minnesota Wild,Boston Bruins,Minnesota Wild,Boston Bruins,MIN,BOS,2,5,7,3,Boston Bruins,Minnesota Wild,Away Win (5-2),2-5,Regulation,No,No,Xcel Energy Center,Minnesota,OFF,L. Ullmark (Winning Goalie); D. Krejci (GWG Scorer),Boston Bruins defeated Minnesota Wild 5-2 in regulation at Xcel Energy Center (Minnesota).,NHL Official Stats REST API (api-web.nhle.com/v1)
1203,2022021097,2022-2023,2022,Regular Season,Regular Season,2023-03-18,Saturday,18:00,Nashville Predators,Winnipeg Jets,Nashville Predators,Winnipeg Jets,NSH,WPG,2,3,5,1,Winnipeg Jets,Nashville Predators,Away Win (3-2 OT),2-3,Overtime,Yes,No,Bridgestone Arena,Nashville,OFF,C. Hellebuyck (Winning Goalie); N. Pionk (GWG Scorer),Winnipeg Jets defeated Nashville Predators 3-2 in overtime at Bridgestone Arena (Nashville).,NHL Official Stats REST API (api-web.nhle.com/v1)
1204,2022021098,2022-2023,2022,Regular Season,Regular Season,2023-03-18,Saturday,20:00,Seattle Kraken,Edmonton Oilers,Seattle Kraken,Edmonton Oilers,SEA,EDM,4,6,10,2,Edmonton Oilers,Seattle Kraken,Away Win (6-4),4-6,Regulation,No,No,Climate Pledge Arena,Seattle,OFF,S. Skinner (Winning Goalie); E. Kane (GWG Scorer),Edmonton Oilers defeated Seattle Kraken 6-4 in regulation at Climate Pledge Arena (Seattle).,NHL Official Stats REST API (api-web.nhle.com/v1)
1205,2022021099,2022-2023,2022,Regular Season,Regular Season,2023-03-18,Saturday,21:00,Philadelphia Flyers,Carolina Hurricanes,Philadelphia Flyers,Carolina Hurricanes,PHI,CAR,4,5,9,1,Carolina Hurricanes,Philadelphia Flyers,Away Win (5-4 OT),4-5,Overtime,Yes,No,Wells Fargo Center,Philadelphia,OFF,F. Andersen (Winning Goalie); S. Aho (GWG Scorer),Carolina Hurricanes defeated Philadelphia Flyers 5-4 in overtime at Wells Fargo Center (Philadelphia).,NHL Official Stats REST API (api-web.nhle.com/v1)
1206,2022021100,2022-2023,2022,Regular Season,Regular Season,2023-03-18,Saturday,22:00,Florida Panthers,New Jersey Devils,Florida Panthers,New Jersey Devils,FLA,NJD,4,2,6,2,Florida Panthers,New Jersey Devils,Home Win (4-2),4-2,Regulation,No,No,FLA Live Arena,Florida,OFF,S. Bobrovsky (Winning Goalie); M. Tkachuk (GWG Scorer),Florida Panthers defeated New Jersey Devils 4-2 in regulation at FLA Live Arena (Florida).,NHL Official Stats REST API (api-web.nhle.com/v1)
1207,2022021101,2022-2023,2022,Regular Season,Regular Season,2023-03-18,Saturday,23:00,Tampa Bay Lightning,Montréal Canadiens,Tampa Bay Lightning,Montréal Canadiens,TBL,MTL,5,3,8,2,Tampa Bay Lightning,Montréal Canadiens,Home Win (5-3),5-3,Regulation,No,No,Amalie Arena,Tampa Bay,OFF,B. Elliott (Winning Goalie); B. Hagel (GWG Scorer),Tampa Bay Lightning defeated Montréal Canadiens 5-3 in regulation at Amalie Arena (Tampa Bay).,NHL Official Stats REST API (api-web.nhle.com/v1)
1208,2022021102,2022-2023,2022,Regular Season,Regular Season,2023-03-18,Saturday,23:00,Ottawa Senators,Toronto Maple Leafs,Ottawa Senators,Toronto Maple Leafs,OTT,TOR,4,5,9,1,Toronto Maple Leafs,Ottawa Senators,Away Win (5-4 SO),4-5,Shootout,Yes,Yes,Canadian Tire Centre,Ottawa,OFF,M. Murray (Winning Goalie),Toronto Maple Leafs defeated Ottawa Senators 5-4 in a shootout at Canadian Tire Centre (Ottawa).,NHL Official Stats REST API (api-web.nhle.com/v1)
1209,2022021103,2022-2023,2022,Regular Season,Regular Season,2023-03-18,Saturday,00:00,New York Rangers,Pittsburgh Penguins,New York Rangers,Pittsburgh Penguins,NYR,PIT,6,0,6,6,New York Rangers,Pittsburgh Penguins,Home Win (6-0),6-0,Regulation,No,No,Madison Square Garden,New York,OFF,I. Shesterkin (Winning Goalie); M. Zibanejad (GWG Scorer),New York Rangers defeated Pittsburgh Penguins 6-0 in regulation at Madison Square Garden (New York).,NHL Official Stats REST API (api-web.nhle.com/v1)
1210,2022021104,2022-2023,2022,Regular Season,Regular Season,2023-03-18,Saturday,02:00,Calgary Flames,Dallas Stars,Calgary Flames,Dallas Stars,CGY,DAL,5,6,11,1,Dallas Stars,Calgary Flames,Away Win (6-5 OT),5-6,Overtime,Yes,No,Scotiabank Saddledome,Calgary,OFF,J. Oettinger (Winning Goalie); J. Robertson (GWG Scorer),Dallas Stars defeated Calgary Flames 6-5 in overtime at Scotiabank Saddledome (Calgary).,NHL Official Stats REST API (api-web.nhle.com/v1)
1211,2022021105,2022-2023,2022,Regular Season,Regular Season,2023-03-18,Saturday,02:00,Los Angeles Kings,Vancouver Canucks,Los Angeles Kings,Vancouver Canucks,LAK,VAN,2,3,5,1,Vancouver Canucks,Los Angeles Kings,Away Win (3-2 SO),2-3,Shootout,Yes,Yes,Crypto.com Arena,Los Angeles,OFF,T. Demko (Winning Goalie),Vancouver Canucks defeated Los Angeles Kings 3-2 in a shootout at Crypto.com Arena (Los Angeles).,NHL Official Stats REST API (api-web.nhle.com/v1)
1212,2022021106,2022-2023,2022,Regular Season,Regular Season,2023-03-18,Saturday,02:30,Arizona Coyotes,Chicago Blackhawks,Arizona Coyotes,Chicago Blackhawks,ARI,CHI,4,2,6,2,Arizona Coyotes,Chicago Blackhawks,Home Win (4-2),4-2,Regulation,No,No,Mullett Arena,Arizona,OFF,I. Prosvetov (Winning Goalie); J. Välimäki (GWG Scorer),Arizona Coyotes defeated Chicago Blackhawks 4-2 in regulation at Mullett Arena (Arizona).,NHL Official Stats REST API (api-web.nhle.com/v1)
1213,2022021107,2022-2023,2022,Regular Season,Regular Season,2023-03-18,Saturday,02:30,San Jose Sharks,New York Islanders,San Jose Sharks,New York Islanders,SJS,NYI,1,4,5,3,New York Islanders,San Jose Sharks,Away Win (4-1),1-4,Regulation,No,No,SAP Center at San Jose,San Jose,OFF,I. Sorokin (Winning Goalie); K. Palmieri (GWG Scorer),New York Islanders defeated San Jose Sharks 4-1 in regulation at SAP Center at San Jose (San Jose).,NHL Official Stats REST API (api-web.nhle.com/v1)
1214,2022021108,2022-2023,2022,Regular Season,Regular Season,2023-03-19,Sunday,17:00,Buffalo Sabres,Boston Bruins,Buffalo Sabres,Boston Bruins,BUF,BOS,0,7,7,7,Boston Bruins,Buffalo Sabres,Away Win (7-0),0-7,Regulation,No,No,KeyBank Center,Buffalo,OFF,J. Swayman (Winning Goalie); P. Bergeron (GWG Scorer),Boston Bruins defeated Buffalo Sabres 7-0 in regulation at KeyBank Center (Buffalo).,NHL Official Stats REST API (api-web.nhle.com/v1)
1215,2022021109,2022-2023,2022,Regular Season,Regular Season,2023-03-19,Sunday,18:00,Minnesota Wild,Washington Capitals,Minnesota Wild,Washington Capitals,MIN,WSH,5,3,8,2,Minnesota Wild,Washington Capitals,Home Win (5-3),5-3,Regulation,No,No,Xcel Energy Center,Minnesota,OFF,M. Fleury (Winning Goalie); B. Duhaime (GWG Scorer),Minnesota Wild defeated Washington Capitals 5-3 in regulation at Xcel Energy Center (Minnesota).,NHL Official Stats REST API (api-web.nhle.com/v1)
1216,2022021110,2022-2023,2022,Regular Season,Regular Season,2023-03-19,Sunday,20:00,Vegas Golden Knights,Columbus Blue Jackets,Vegas Golden Knights,Columbus Blue Jackets,VGK,CBJ,7,2,9,5,Vegas Golden Knights,Columbus Blue Jackets,Home Win (7-2),7-2,Regulation,No,No,T-Mobile Arena,Vegas,OFF,J. Patera (Winning Goalie); P. Dorofeyev (GWG Scorer),Vegas Golden Knights defeated Columbus Blue Jackets 7-2 in regulation at T-Mobile Arena (Vegas).,NHL Official Stats REST API (api-web.nhle.com/v1)
1217,2022021111,2022-2023,2022,Regular Season,Regular Season,2023-03-19,Sunday,23:00,New York Rangers,Nashville Predators,New York Rangers,Nashville Predators,NYR,NSH,7,0,7,7,New York Rangers,Nashville Predators,Home Win (7-0),7-0,Regulation,No,No,Madison Square Garden,New York,OFF,J. Halak (Winning Goalie); F. Chytil (GWG Scorer),New York Rangers defeated Nashville Predators 7-0 in regulation at Madison Square Garden (New York).,NHL Official Stats REST API (api-web.nhle.com/v1)
1218,2022021112,2022-2023,2022,Regular Season,Regular Season,2023-03-19,Sunday,23:00,Tampa Bay Lightning,New Jersey Devils,Tampa Bay Lightning,New Jersey Devils,TBL,NJD,2,5,7,3,New Jersey Devils,Tampa Bay Lightning,Away Win (5-2),2-5,Regulation,No,No,Amalie Arena,Tampa Bay,OFF,V. Vanecek (Winning Goalie); N. Hischier (GWG Scorer),New Jersey Devils defeated Tampa Bay Lightning 5-2 in regulation at Amalie Arena (Tampa Bay).,NHL Official Stats REST API (api-web.nhle.com/v1)
1219,2022021113,2022-2023,2022,Regular Season,Regular Season,2023-03-19,Sunday,23:00,St. Louis Blues,Winnipeg Jets,St. Louis Blues,Winnipeg Jets,STL,WPG,3,0,3,3,St. Louis Blues,Winnipeg Jets,Home Win (3-0),3-0,Regulation,No,No,Enterprise Center,St. Louis,OFF,J. Hofer (Winning Goalie); K. Kapanen (GWG Scorer),St. Louis Blues defeated Winnipeg Jets 3-0 in regulation at Enterprise Center (St. Louis).,NHL Official Stats REST API (api-web.nhle.com/v1)
1220,2022021114,2022-2023,2022,Regular Season,Regular Season,2023-03-19,Sunday,00:00,Anaheim Ducks,Vancouver Canucks,Anaheim Ducks,Vancouver Canucks,ANA,VAN,1,2,3,1,Vancouver Canucks,Anaheim Ducks,Away Win (2-1),1-2,Regulation,No,No,Honda Center,Anaheim,OFF,C. Delia (Winning Goalie); E. Pettersson (GWG Scorer),Vancouver Canucks defeated Anaheim Ducks 2-1 in regulation at Honda Center (Anaheim).,NHL Official Stats REST API (api-web.nhle.com/v1)
1221,2022021115,2022-2023,2022,Regular Season,Regular Season,2023-03-20,Monday,23:00,Pittsburgh Penguins,Ottawa Senators,Pittsburgh Penguins,Ottawa Senators,PIT,OTT,1,2,3,1,Ottawa Senators,Pittsburgh Penguins,Away Win (2-1),1-2,Regulation,No,No,PPG Paints Arena,Pittsburgh,OFF,D. Ferguson (Winning Goalie); D. Batherson (GWG Scorer),Ottawa Senators defeated Pittsburgh Penguins 2-1 in regulation at PPG Paints Arena (Pittsburgh).,NHL Official Stats REST API (api-web.nhle.com/v1)
1222,2022021116,2022-2023,2022,Regular Season,Regular Season,2023-03-20,Monday,23:00,Detroit Red Wings,Florida Panthers,Detroit Red Wings,Florida Panthers,DET,FLA,2,5,7,3,Florida Panthers,Detroit Red Wings,Away Win (5-2),2-5,Regulation,No,No,Little Caesars Arena,Detroit,OFF,S. Bobrovsky (Winning Goalie); G. Forsling (GWG Scorer),Florida Panthers defeated Detroit Red Wings 5-2 in regulation at Little Caesars Arena (Detroit).,NHL Official Stats REST API (api-web.nhle.com/v1)
1223,2022021117,2022-2023,2022,Regular Season,Regular Season,2023-03-20,Monday,01:00,Colorado Avalanche,Chicago Blackhawks,Colorado Avalanche,Chicago Blackhawks,COL,CHI,5,0,5,5,Colorado Avalanche,Chicago Blackhawks,Home Win (5-0),5-0,Regulation,No,No,Ball Arena,Colorado,OFF,A. Georgiev (Winning Goalie); K. MacDermid (GWG Scorer),Colorado Avalanche defeated Chicago Blackhawks 5-0 in regulation at Ball Arena (Colorado).,NHL Official Stats REST API (api-web.nhle.com/v1)
1224,2022021118,2022-2023,2022,Regular Season,Regular Season,2023-03-20,Monday,01:30,Edmonton Oilers,San Jose Sharks,Edmonton Oilers,San Jose Sharks,EDM,SJS,5,4,9,1,Edmonton Oilers,San Jose Sharks,Home Win (5-4 OT),5-4,Overtime,Yes,No,Rogers Place,Edmonton,OFF,J. Campbell (Winning Goalie); D. Nurse (GWG Scorer),Edmonton Oilers defeated San Jose Sharks 5-4 in overtime at Rogers Place (Edmonton).,NHL Official Stats REST API (api-web.nhle.com/v1)
1225,2022021119,2022-2023,2022,Regular Season,Regular Season,2023-03-20,Monday,02:30,Los Angeles Kings,Calgary Flames,Los Angeles Kings,Calgary Flames,LAK,CGY,8,2,10,6,Los Angeles Kings,Calgary Flames,Home Win (8-2),8-2,Regulation,No,No,Crypto.com Arena,Los Angeles,OFF,P. Copley (Winning Goalie); G. Vilardi (GWG Scorer),Los Angeles Kings defeated Calgary Flames 8-2 in regulation at Crypto.com Arena (Los Angeles).,NHL Official Stats REST API (api-web.nhle.com/v1)
1226,2022021120,2022-2023,2022,Regular Season,Regular Season,2023-03-21,Tuesday,23:00,New York Rangers,Carolina Hurricanes,New York Rangers,Carolina Hurricanes,NYR,CAR,2,3,5,1,Carolina Hurricanes,New York Rangers,Away Win (3-2),2-3,Regulation,No,No,Madison Square Garden,New York,OFF,F. Andersen (Winning Goalie); T. Teravainen (GWG Scorer),Carolina Hurricanes defeated New York Rangers 3-2 in regulation at Madison Square Garden (New York).,NHL Official Stats REST API (api-web.nhle.com/v1)
1227,2022021121,2022-2023,2022,Regular Season,Regular Season,2023-03-21,Tuesday,23:00,Washington Capitals,Columbus Blue Jackets,Washington Capitals,Columbus Blue Jackets,WSH,CBJ,6,7,13,1,Columbus Blue Jackets,Washington Capitals,Away Win (7-6 OT),6-7,Overtime,Yes,No,Capital One Arena,Washington,OFF,D. Tarasov (Winning Goalie); J. Roslovic (GWG Scorer),Columbus Blue Jackets defeated Washington Capitals 7-6 in overtime at Capital One Arena (Washington).,NHL Official Stats REST API (api-web.nhle.com/v1)
1228,2022021122,2022-2023,2022,Regular Season,Regular Season,2023-03-21,Tuesday,23:00,Philadelphia Flyers,Florida Panthers,Philadelphia Flyers,Florida Panthers,PHI,FLA,6,3,9,3,Philadelphia Flyers,Florida Panthers,Home Win (6-3),6-3,Regulation,No,No,Wells Fargo Center,Philadelphia,OFF,C. Hart (Winning Goalie); T. Sanheim (GWG Scorer),Philadelphia Flyers defeated Florida Panthers 6-3 in regulation at Wells Fargo Center (Philadelphia).,NHL Official Stats REST API (api-web.nhle.com/v1)
1229,2022021123,2022-2023,2022,Regular Season,Regular Season,2023-03-21,Tuesday,23:00,New Jersey Devils,Minnesota Wild,New Jersey Devils,Minnesota Wild,NJD,MIN,1,2,3,1,Minnesota Wild,New Jersey Devils,Away Win (2-1 OT),1-2,Overtime,Yes,No,Prudential Center,New Jersey,OFF,F. Gustavsson (Winning Goalie); M. Boldy (GWG Scorer),Minnesota Wild defeated New Jersey Devils 2-1 in overtime at Prudential Center (New Jersey).,NHL Official Stats REST API (api-web.nhle.com/v1)
1230,2022021124,2022-2023,2022,Regular Season,Regular Season,2023-03-21,Tuesday,23:00,Buffalo Sabres,Nashville Predators,Buffalo Sabres,Nashville Predators,BUF,NSH,3,7,10,4,Nashville Predators,Buffalo Sabres,Away Win (7-3),3-7,Regulation,No,No,KeyBank Center,Buffalo,OFF,J. Saros (Winning Goalie); L. Evangelista (GWG Scorer),Nashville Predators defeated Buffalo Sabres 7-3 in regulation at KeyBank Center (Buffalo).,NHL Official Stats REST API (api-web.nhle.com/v1)
1231,2022021125,2022-2023,2022,Regular Season,Regular Season,2023-03-21,Tuesday,23:00,Boston Bruins,Ottawa Senators,Boston Bruins,Ottawa Senators,BOS,OTT,2,1,3,1,Boston Bruins,Ottawa Senators,Home Win (2-1),2-1,Regulation,No,No,TD Garden,Boston,OFF,L. Ullmark (Winning Goalie); J. DeBrusk (GWG Scorer),Boston Bruins defeated Ottawa Senators 2-1 in regulation at TD Garden (Boston).,NHL Official Stats REST API (api-web.nhle.com/v1)
1232,2022021126,2022-2023,2022,Regular Season,Regular Season,2023-03-21,Tuesday,23:00,Montréal Canadiens,Tampa Bay Lightning,Montréal Canadiens,Tampa Bay Lightning,MTL,TBL,3,2,5,1,Montréal Canadiens,Tampa Bay Lightning,Home Win (3-2),3-2,Regulation,No,No,Centre Bell,Montréal,OFF,S. Montembeault (Winning Goalie); M. Matheson (GWG Scorer),Montréal Canadiens defeated Tampa Bay Lightning 3-2 in regulation at Centre Bell (Montréal).,NHL Official Stats REST API (api-web.nhle.com/v1)
1233,2022021127,2022-2023,2022,Regular Season,Regular Season,2023-03-21,Tuesday,23:30,New York Islanders,Toronto Maple Leafs,New York Islanders,Toronto Maple Leafs,NYI,TOR,7,2,9,5,New York Islanders,Toronto Maple Leafs,Home Win (7-2),7-2,Regulation,No,No,UBS Arena,New York,OFF,I. Sorokin (Winning Goalie); C. Clutterbuck (GWG Scorer),New York Islanders defeated Toronto Maple Leafs 7-2 in regulation at UBS Arena (New York).,NHL Official Stats REST API (api-web.nhle.com/v1)
1234,2022021128,2022-2023,2022,Regular Season,Regular Season,2023-03-21,Tuesday,00:00,Winnipeg Jets,Arizona Coyotes,Winnipeg Jets,Arizona Coyotes,WPG,ARI,2,1,3,1,Winnipeg Jets,Arizona Coyotes,Home Win (2-1),2-1,Regulation,No,No,Canada Life Centre,Winnipeg,OFF,C. Hellebuyck (Winning Goalie); A. Lowry (GWG Scorer),Winnipeg Jets defeated Arizona Coyotes 2-1 in regulation at Canada Life Centre (Winnipeg).,NHL Official Stats REST API (api-web.nhle.com/v1)
1235,2022021129,2022-2023,2022,Regular Season,Regular Season,2023-03-21,Tuesday,00:00,St. Louis Blues,Detroit Red Wings,St. Louis Blues,Detroit Red Wings,STL,DET,2,3,5,1,Detroit Red Wings,St. Louis Blues,Away Win (3-2 SO),2-3,Shootout,Yes,Yes,Enterprise Center,St. Louis,OFF,M. Hellberg (Winning Goalie),Detroit Red Wings defeated St. Louis Blues 3-2 in a shootout at Enterprise Center (St. Louis).,NHL Official Stats REST API (api-web.nhle.com/v1)
1236,2022021130,2022-2023,2022,Regular Season,Regular Season,2023-03-21,Tuesday,00:30,Dallas Stars,Seattle Kraken,Dallas Stars,Seattle Kraken,DAL,SEA,4,5,9,1,Seattle Kraken,Dallas Stars,Away Win (5-4 OT),4-5,Overtime,Yes,No,American Airlines Center,Dallas,OFF,J. Daccord (Winning Goalie); A. Larsson (GWG Scorer),Seattle Kraken defeated Dallas Stars 5-4 in overtime at American Airlines Center (Dallas).,NHL Official Stats REST API (api-web.nhle.com/v1)
1237,2022021131,2022-2023,2022,Regular Season,Regular Season,2023-03-21,Tuesday,02:00,Anaheim Ducks,Calgary Flames,Anaheim Ducks,Calgary Flames,ANA,CGY,1,5,6,4,Calgary Flames,Anaheim Ducks,Away Win (5-1),1-5,Regulation,No,No,Honda Center,Anaheim,OFF,D. Vladar (Winning Goalie); T. Stecher (GWG Scorer),Calgary Flames defeated Anaheim Ducks 5-1 in regulation at Honda Center (Anaheim).,NHL Official Stats REST API (api-web.nhle.com/v1)
1238,2022021132,2022-2023,2022,Regular Season,Regular Season,2023-03-21,Tuesday,02:00,Vancouver Canucks,Vegas Golden Knights,Vancouver Canucks,Vegas Golden Knights,VAN,VGK,3,4,7,1,Vegas Golden Knights,Vancouver Canucks,Away Win (4-3),3-4,Regulation,No,No,Rogers Arena,Vancouver,OFF,J. Quick (Winning Goalie); P. Dorofeyev (GWG Scorer),Vegas Golden Knights defeated Vancouver Canucks 4-3 in regulation at Rogers Arena (Vancouver).,NHL Official Stats REST API (api-web.nhle.com/v1)
1239,2022021133,2022-2023,2022,Regular Season,Regular Season,2023-03-22,Wednesday,00:00,Colorado Avalanche,Pittsburgh Penguins,Colorado Avalanche,Pittsburgh Penguins,COL,PIT,2,5,7,3,Pittsburgh Penguins,Colorado Avalanche,Away Win (5-2),2-5,Regulation,No,No,Ball Arena,Colorado,OFF,T. Jarry (Winning Goalie); J. Carter (GWG Scorer),Pittsburgh Penguins defeated Colorado Avalanche 5-2 in regulation at Ball Arena (Colorado).,NHL Official Stats REST API (api-web.nhle.com/v1)
1240,2022021134,2022-2023,2022,Regular Season,Regular Season,2023-03-22,Wednesday,02:30,Edmonton Oilers,Arizona Coyotes,Edmonton Oilers,Arizona Coyotes,EDM,ARI,4,3,7,1,Edmonton Oilers,Arizona Coyotes,Home Win (4-3 OT),4-3,Overtime,Yes,No,Rogers Place,Edmonton,OFF,S. Skinner (Winning Goalie); C. McDavid (GWG Scorer),Edmonton Oilers defeated Arizona Coyotes 4-3 in overtime at Rogers Place (Edmonton).,NHL Official Stats REST API (api-web.nhle.com/v1)
1241,2022021136,2022-2023,2022,Regular Season,Regular Season,2023-03-23,Thursday,22:30,Philadelphia Flyers,Minnesota Wild,Philadelphia Flyers,Minnesota Wild,PHI,MIN,5,4,9,1,Philadelphia Flyers,Minnesota Wild,Home Win (5-4 SO),5-4,Shootout,Yes,Yes,Wells Fargo Center,Philadelphia,OFF,C. Hart (Winning Goalie),Philadelphia Flyers defeated Minnesota Wild 5-4 in a shootout at Wells Fargo Center (Philadelphia).,NHL Official Stats REST API (api-web.nhle.com/v1)
1242,2022021135,2022-2023,2022,Regular Season,Regular Season,2023-03-23,Thursday,23:00,Washington Capitals,Chicago Blackhawks,Washington Capitals,Chicago Blackhawks,WSH,CHI,6,1,7,5,Washington Capitals,Chicago Blackhawks,Home Win (6-1),6-1,Regulation,No,No,Capital One Arena,Washington,OFF,D. Kuemper (Winning Goalie); A. Mantha (GWG Scorer),Washington Capitals defeated Chicago Blackhawks 6-1 in regulation at Capital One Arena (Washington).,NHL Official Stats REST API (api-web.nhle.com/v1)
1243,2022021137,2022-2023,2022,Regular Season,Regular Season,2023-03-23,Thursday,23:00,Boston Bruins,Montréal Canadiens,Boston Bruins,Montréal Canadiens,BOS,MTL,4,2,6,2,Boston Bruins,Montréal Canadiens,Home Win (4-2),4-2,Regulation,No,No,TD Garden,Boston,OFF,J. Swayman (Winning Goalie); D. Pastrnak (GWG Scorer),Boston Bruins defeated Montréal Canadiens 4-2 in regulation at TD Garden (Boston).,NHL Official Stats REST API (api-web.nhle.com/v1)
1244,2022021138,2022-2023,2022,Regular Season,Regular Season,2023-03-23,Thursday,23:00,Carolina Hurricanes,New York Rangers,Carolina Hurricanes,New York Rangers,CAR,NYR,1,2,3,1,New York Rangers,Carolina Hurricanes,Away Win (2-1),1-2,Regulation,No,No,PNC Arena,Carolina,OFF,I. Shesterkin (Winning Goalie); A. Fox (GWG Scorer),New York Rangers defeated Carolina Hurricanes 2-1 in regulation at PNC Arena (Carolina).,NHL Official Stats REST API (api-web.nhle.com/v1)
1245,2022021139,2022-2023,2022,Regular Season,Regular Season,2023-03-23,Thursday,23:00,Ottawa Senators,Tampa Bay Lightning,Ottawa Senators,Tampa Bay Lightning,OTT,TBL,7,2,9,5,Ottawa Senators,Tampa Bay Lightning,Home Win (7-2),7-2,Regulation,No,No,Canadian Tire Centre,Ottawa,OFF,M. Sogaard (Winning Goalie); D. Brassard (GWG Scorer),Ottawa Senators defeated Tampa Bay Lightning 7-2 in regulation at Canadian Tire Centre (Ottawa).,NHL Official Stats REST API (api-web.nhle.com/v1)
1246,2022021140,2022-2023,2022,Regular Season,Regular Season,2023-03-23,Thursday,23:00,Florida Panthers,Toronto Maple Leafs,Florida Panthers,Toronto Maple Leafs,FLA,TOR,2,6,8,4,Toronto Maple Leafs,Florida Panthers,Away Win (6-2),2-6,Regulation,No,No,FLA Live Arena,Florida,OFF,M. Murray (Winning Goalie); A. Matthews (GWG Scorer),Toronto Maple Leafs defeated Florida Panthers 6-2 in regulation at FLA Live Arena (Florida).,NHL Official Stats REST API (api-web.nhle.com/v1)
1247,2022021141,2022-2023,2022,Regular Season,Regular Season,2023-03-23,Thursday,23:00,Detroit Red Wings,St. Louis Blues,Detroit Red Wings,St. Louis Blues,DET,STL,3,4,7,1,St. Louis Blues,Detroit Red Wings,Away Win (4-3),3-4,Regulation,No,No,Little Caesars Arena,Detroit,OFF,J. Hofer (Winning Goalie); J. Neighbours (GWG Scorer),St. Louis Blues defeated Detroit Red Wings 4-3 in regulation at Little Caesars Arena (Detroit).,NHL Official Stats REST API (api-web.nhle.com/v1)
1248,2022021142,2022-2023,2022,Regular Season,Regular Season,2023-03-23,Thursday,00:00,Nashville Predators,Seattle Kraken,Nashville Predators,Seattle Kraken,NSH,SEA,2,1,3,1,Nashville Predators,Seattle Kraken,Home Win (2-1 SO),2-1,Shootout,Yes,Yes,Bridgestone Arena,Nashville,OFF,J. Saros (Winning Goalie),Nashville Predators defeated Seattle Kraken 2-1 in a shootout at Bridgestone Arena (Nashville).,NHL Official Stats REST API (api-web.nhle.com/v1)
1249,2022021143,2022-2023,2022,Regular Season,Regular Season,2023-03-23,Thursday,01:00,Dallas Stars,Pittsburgh Penguins,Dallas Stars,Pittsburgh Penguins,DAL,PIT,3,2,5,1,Dallas Stars,Pittsburgh Penguins,Home Win (3-2),3-2,Regulation,No,No,American Airlines Center,Dallas,OFF,J. Oettinger (Winning Goalie); J. Benn (GWG Scorer),Dallas Stars defeated Pittsburgh Penguins 3-2 in regulation at American Airlines Center (Dallas).,NHL Official Stats REST API (api-web.nhle.com/v1)
1250,2022021144,2022-2023,2022,Regular Season,Regular Season,2023-03-23,Thursday,01:00,Calgary Flames,Vegas Golden Knights,Calgary Flames,Vegas Golden Knights,CGY,VGK,2,3,5,1,Vegas Golden Knights,Calgary Flames,Away Win (3-2),2-3,Regulation,No,No,Scotiabank Saddledome,Calgary,OFF,L. Thompson (Winning Goalie); N. Roy (GWG Scorer),Vegas Golden Knights defeated Calgary Flames 3-2 in regulation at Scotiabank Saddledome (Calgary).,NHL Official Stats REST API (api-web.nhle.com/v1)
1251,2022021145,2022-2023,2022,Regular Season,Regular Season,2023-03-23,Thursday,02:00,Vancouver Canucks,San Jose Sharks,Vancouver Canucks,San Jose Sharks,VAN,SJS,7,2,9,5,Vancouver Canucks,San Jose Sharks,Home Win (7-2),7-2,Regulation,No,No,Rogers Arena,Vancouver,OFF,T. Demko (Winning Goalie); D. Joshua (GWG Scorer),Vancouver Canucks defeated San Jose Sharks 7-2 in regulation at Rogers Arena (Vancouver).,NHL Official Stats REST API (api-web.nhle.com/v1)
1252,2022021146,2022-2023,2022,Regular Season,Regular Season,2023-03-23,Thursday,02:00,Anaheim Ducks,Winnipeg Jets,Anaheim Ducks,Winnipeg Jets,ANA,WPG,2,3,5,1,Winnipeg Jets,Anaheim Ducks,Away Win (3-2),2-3,Regulation,No,No,Honda Center,Anaheim,OFF,C. Hellebuyck (Winning Goalie); A. Lowry (GWG Scorer),Winnipeg Jets defeated Anaheim Ducks 3-2 in regulation at Honda Center (Anaheim).,NHL Official Stats REST API (api-web.nhle.com/v1)
1253,2022021147,2022-2023,2022,Regular Season,Regular Season,2023-03-24,Friday,23:00,Columbus Blue Jackets,New York Islanders,Columbus Blue Jackets,New York Islanders,CBJ,NYI,5,4,9,1,Columbus Blue Jackets,New York Islanders,Home Win (5-4 OT),5-4,Overtime,Yes,No,Nationwide Arena,Columbus,OFF,M. Hutchinson (Winning Goalie); B. Jenner (GWG Scorer),Columbus Blue Jackets defeated New York Islanders 5-4 in overtime at Nationwide Arena (Columbus).,NHL Official Stats REST API (api-web.nhle.com/v1)
1254,2022021148,2022-2023,2022,Regular Season,Regular Season,2023-03-24,Friday,23:00,Buffalo Sabres,New Jersey Devils,Buffalo Sabres,New Jersey Devils,BUF,NJD,5,4,9,1,Buffalo Sabres,New Jersey Devils,Home Win (5-4),5-4,Regulation,No,No,KeyBank Center,Buffalo,OFF,U. Luukkonen (Winning Goalie); A. Tuch (GWG Scorer),Buffalo Sabres defeated New Jersey Devils 5-4 in regulation at KeyBank Center (Buffalo).,NHL Official Stats REST API (api-web.nhle.com/v1)
1255,2022021149,2022-2023,2022,Regular Season,Regular Season,2023-03-24,Friday,01:00,Colorado Avalanche,Arizona Coyotes,Colorado Avalanche,Arizona Coyotes,COL,ARI,3,1,4,2,Colorado Avalanche,Arizona Coyotes,Home Win (3-1),3-1,Regulation,No,No,Ball Arena,Colorado,OFF,A. Georgiev (Winning Goalie); C. Makar (GWG Scorer),Colorado Avalanche defeated Arizona Coyotes 3-1 in regulation at Ball Arena (Colorado).,NHL Official Stats REST API (api-web.nhle.com/v1)
1256,2022021150,2022-2023,2022,Regular Season,Regular Season,2023-03-25,Saturday,17:00,Philadelphia Flyers,Detroit Red Wings,Philadelphia Flyers,Detroit Red Wings,PHI,DET,3,0,3,3,Philadelphia Flyers,Detroit Red Wings,Home Win (3-0),3-0,Regulation,No,No,Wells Fargo Center,Philadelphia,OFF,C. Hart (Winning Goalie); K. Bellows (GWG Scorer),Philadelphia Flyers defeated Detroit Red Wings 3-0 in regulation at Wells Fargo Center (Philadelphia).,NHL Official Stats REST API (api-web.nhle.com/v1)
1257,2022021151,2022-2023,2022,Regular Season,Regular Season,2023-03-25,Saturday,17:00,Boston Bruins,Tampa Bay Lightning,Boston Bruins,Tampa Bay Lightning,BOS,TBL,2,1,3,1,Boston Bruins,Tampa Bay Lightning,Home Win (2-1),2-1,Regulation,No,No,TD Garden,Boston,OFF,L. Ullmark (Winning Goalie); G. Hathaway (GWG Scorer),Boston Bruins defeated Tampa Bay Lightning 2-1 in regulation at TD Garden (Boston).,NHL Official Stats REST API (api-web.nhle.com/v1)
1258,2022021152,2022-2023,2022,Regular Season,Regular Season,2023-03-25,Saturday,18:00,Nashville Predators,Seattle Kraken,Nashville Predators,Seattle Kraken,NSH,SEA,2,7,9,5,Seattle Kraken,Nashville Predators,Away Win (7-2),2-7,Regulation,No,No,Bridgestone Arena,Nashville,OFF,P. Grubauer (Winning Goalie); E. Tolvanen (GWG Scorer),Seattle Kraken defeated Nashville Predators 7-2 in regulation at Bridgestone Arena (Nashville).,NHL Official Stats REST API (api-web.nhle.com/v1)
1259,2022021153,2022-2023,2022,Regular Season,Regular Season,2023-03-25,Saturday,20:00,Calgary Flames,San Jose Sharks,Calgary Flames,San Jose Sharks,CGY,SJS,5,3,8,2,Calgary Flames,San Jose Sharks,Home Win (5-3),5-3,Regulation,No,No,Scotiabank Saddledome,Calgary,OFF,J. Markstrom (Winning Goalie); N. Kadri (GWG Scorer),Calgary Flames defeated San Jose Sharks 5-3 in regulation at Scotiabank Saddledome (Calgary).,NHL Official Stats REST API (api-web.nhle.com/v1)
1260,2022021154,2022-2023,2022,Regular Season,Regular Season,2023-03-25,Saturday,20:00,Los Angeles Kings,Winnipeg Jets,Los Angeles Kings,Winnipeg Jets,LAK,WPG,4,1,5,3,Los Angeles Kings,Winnipeg Jets,Home Win (4-1),4-1,Regulation,No,No,Crypto.com Arena,Los Angeles,OFF,J. Korpisalo (Winning Goalie); A. Iafallo (GWG Scorer),Los Angeles Kings defeated Winnipeg Jets 4-1 in regulation at Crypto.com Arena (Los Angeles).,NHL Official Stats REST API (api-web.nhle.com/v1)
1261,2022021155,2022-2023,2022,Regular Season,Regular Season,2023-03-25,Saturday,21:00,Minnesota Wild,Chicago Blackhawks,Minnesota Wild,Chicago Blackhawks,MIN,CHI,3,1,4,2,Minnesota Wild,Chicago Blackhawks,Home Win (3-1),3-1,Regulation,No,No,Xcel Energy Center,Minnesota,OFF,F. Gustavsson (Winning Goalie); R. Hartman (GWG Scorer),Minnesota Wild defeated Chicago Blackhawks 3-1 in regulation at Xcel Energy Center (Minnesota).,NHL Official Stats REST API (api-web.nhle.com/v1)
1262,2022021156,2022-2023,2022,Regular Season,Regular Season,2023-03-25,Saturday,21:00,Florida Panthers,New York Rangers,Florida Panthers,New York Rangers,FLA,NYR,3,4,7,1,New York Rangers,Florida Panthers,Away Win (4-3),3-4,Regulation,No,No,FLA Live Arena,Florida,OFF,J. Halak (Winning Goalie); F. Chytil (GWG Scorer),New York Rangers defeated Florida Panthers 4-3 in regulation at FLA Live Arena (Florida).,NHL Official Stats REST API (api-web.nhle.com/v1)
1263,2022021157,2022-2023,2022,Regular Season,Regular Season,2023-03-25,Saturday,21:00,New York Islanders,Buffalo Sabres,New York Islanders,Buffalo Sabres,NYI,BUF,0,2,2,2,Buffalo Sabres,New York Islanders,Away Win (2-0),0-2,Regulation,No,No,UBS Arena,New York,OFF,E. Comrie (Winning Goalie); K. Okposo (GWG Scorer),Buffalo Sabres defeated New York Islanders 2-0 in regulation at UBS Arena (New York).,NHL Official Stats REST API (api-web.nhle.com/v1)
1264,2022021158,2022-2023,2022,Regular Season,Regular Season,2023-03-25,Saturday,23:00,Montréal Canadiens,Columbus Blue Jackets,Montréal Canadiens,Columbus Blue Jackets,MTL,CBJ,8,2,10,6,Montréal Canadiens,Columbus Blue Jackets,Home Win (8-2),8-2,Regulation,No,No,Centre Bell,Montréal,OFF,S. Montembeault (Winning Goalie); R. Harvey-Pinard (GWG Scorer),Montréal Canadiens defeated Columbus Blue Jackets 8-2 in regulation at Centre Bell (Montréal).,NHL Official Stats REST API (api-web.nhle.com/v1)
1265,2022021159,2022-2023,2022,Regular Season,Regular Season,2023-03-25,Saturday,23:00,New Jersey Devils,Ottawa Senators,New Jersey Devils,Ottawa Senators,NJD,OTT,5,3,8,2,New Jersey Devils,Ottawa Senators,Home Win (5-3),5-3,Regulation,No,No,Prudential Center,New Jersey,OFF,M. Blackwood (Winning Goalie); D. Hamilton (GWG Scorer),New Jersey Devils defeated Ottawa Senators 5-3 in regulation at Prudential Center (New Jersey).,NHL Official Stats REST API (api-web.nhle.com/v1)
1266,2022021160,2022-2023,2022,Regular Season,Regular Season,2023-03-25,Saturday,23:00,Carolina Hurricanes,Toronto Maple Leafs,Carolina Hurricanes,Toronto Maple Leafs,CAR,TOR,5,3,8,2,Carolina Hurricanes,Toronto Maple Leafs,Home Win (5-3),5-3,Regulation,No,No,PNC Arena,Carolina,OFF,P. Kochetkov (Winning Goalie); S. Aho (GWG Scorer),Carolina Hurricanes defeated Toronto Maple Leafs 5-3 in regulation at PNC Arena (Carolina).,NHL Official Stats REST API (api-web.nhle.com/v1)
1267,2022021161,2022-2023,2022,Regular Season,Regular Season,2023-03-25,Saturday,23:00,Dallas Stars,Vancouver Canucks,Dallas Stars,Vancouver Canucks,DAL,VAN,1,3,4,2,Vancouver Canucks,Dallas Stars,Away Win (3-1),1-3,Regulation,No,No,American Airlines Center,Dallas,OFF,T. Demko (Winning Goalie); B. Boeser (GWG Scorer),Vancouver Canucks defeated Dallas Stars 3-1 in regulation at American Airlines Center (Dallas).,NHL Official Stats REST API (api-web.nhle.com/v1)
1268,2022021162,2022-2023,2022,Regular Season,Regular Season,2023-03-25,Saturday,00:00,Pittsburgh Penguins,Washington Capitals,Pittsburgh Penguins,Washington Capitals,PIT,WSH,4,3,7,1,Pittsburgh Penguins,Washington Capitals,Home Win (4-3),4-3,Regulation,No,No,PPG Paints Arena,Pittsburgh,OFF,C. DeSmith (Winning Goalie); E. Malkin (GWG Scorer),Pittsburgh Penguins defeated Washington Capitals 4-3 in regulation at PPG Paints Arena (Pittsburgh).,NHL Official Stats REST API (api-web.nhle.com/v1)
1269,2022021163,2022-2023,2022,Regular Season,Regular Season,2023-03-25,Saturday,02:00,Edmonton Oilers,Vegas Golden Knights,Edmonton Oilers,Vegas Golden Knights,EDM,VGK,3,4,7,1,Vegas Golden Knights,Edmonton Oilers,Away Win (4-3 OT),3-4,Overtime,Yes,No,Rogers Place,Edmonton,OFF,L. Brossoit (Winning Goalie); N. Roy (GWG Scorer),Vegas Golden Knights defeated Edmonton Oilers 4-3 in overtime at Rogers Place (Edmonton).,NHL Official Stats REST API (api-web.nhle.com/v1)
1270,2022021164,2022-2023,2022,Regular Season,Regular Season,2023-03-25,Saturday,02:30,Anaheim Ducks,St. Louis Blues,Anaheim Ducks,St. Louis Blues,ANA,STL,3,6,9,3,St. Louis Blues,Anaheim Ducks,Away Win (6-3),3-6,Regulation,No,No,Honda Center,Anaheim,OFF,J. Binnington (Winning Goalie); B. Schenn (GWG Scorer),St. Louis Blues defeated Anaheim Ducks 6-3 in regulation at Honda Center (Anaheim).,NHL Official Stats REST API (api-web.nhle.com/v1)
1271,2022021165,2022-2023,2022,Regular Season,Regular Season,2023-03-26,Sunday,19:00,Arizona Coyotes,Colorado Avalanche,Arizona Coyotes,Colorado Avalanche,ARI,COL,3,4,7,1,Colorado Avalanche,Arizona Coyotes,Away Win (4-3 SO),3-4,Shootout,Yes,Yes,Mullett Arena,Arizona,OFF,A. Georgiev (Winning Goalie),Colorado Avalanche defeated Arizona Coyotes 4-3 in a shootout at Mullett Arena (Arizona).,NHL Official Stats REST API (api-web.nhle.com/v1)
1272,2022021166,2022-2023,2022,Regular Season,Regular Season,2023-03-26,Sunday,21:00,Carolina Hurricanes,Boston Bruins,Carolina Hurricanes,Boston Bruins,CAR,BOS,3,4,7,1,Boston Bruins,Carolina Hurricanes,Away Win (4-3 SO),3-4,Shootout,Yes,Yes,PNC Arena,Carolina,OFF,J. Swayman (Winning Goalie),Boston Bruins defeated Carolina Hurricanes 4-3 in a shootout at PNC Arena (Carolina).,NHL Official Stats REST API (api-web.nhle.com/v1)
1273,2022021167,2022-2023,2022,Regular Season,Regular Season,2023-03-26,Sunday,22:00,Nashville Predators,Toronto Maple Leafs,Nashville Predators,Toronto Maple Leafs,NSH,TOR,2,3,5,1,Toronto Maple Leafs,Nashville Predators,Away Win (3-2),2-3,Regulation,No,No,Bridgestone Arena,Nashville,OFF,J. Woll (Winning Goalie); J. Tavares (GWG Scorer),Toronto Maple Leafs defeated Nashville Predators 3-2 in regulation at Bridgestone Arena (Nashville).,NHL Official Stats REST API (api-web.nhle.com/v1)
1274,2022021168,2022-2023,2022,Regular Season,Regular Season,2023-03-26,Sunday,22:00,Chicago Blackhawks,Vancouver Canucks,Chicago Blackhawks,Vancouver Canucks,CHI,VAN,2,4,6,2,Vancouver Canucks,Chicago Blackhawks,Away Win (4-2),2-4,Regulation,No,No,United Center,Chicago,OFF,C. Delia (Winning Goalie); E. Pettersson (GWG Scorer),Vancouver Canucks defeated Chicago Blackhawks 4-2 in regulation at United Center (Chicago).,NHL Official Stats REST API (api-web.nhle.com/v1)
1275,2022021169,2022-2023,2022,Regular Season,Regular Season,2023-03-26,Sunday,02:30,Los Angeles Kings,St. Louis Blues,Los Angeles Kings,St. Louis Blues,LAK,STL,7,6,13,1,Los Angeles Kings,St. Louis Blues,Home Win (7-6),7-6,Regulation,No,No,Crypto.com Arena,Los Angeles,OFF,P. Copley (Winning Goalie); D. Doughty (GWG Scorer),Los Angeles Kings defeated St. Louis Blues 7-6 in regulation at Crypto.com Arena (Los Angeles).,NHL Official Stats REST API (api-web.nhle.com/v1)
1276,2022021170,2022-2023,2022,Regular Season,Regular Season,2023-03-27,Monday,23:00,Ottawa Senators,Florida Panthers,Ottawa Senators,Florida Panthers,OTT,FLA,5,2,7,3,Ottawa Senators,Florida Panthers,Home Win (5-2),5-2,Regulation,No,No,Canadian Tire Centre,Ottawa,OFF,M. Sogaard (Winning Goalie); A. DeBrincat (GWG Scorer),Ottawa Senators defeated Florida Panthers 5-2 in regulation at Canadian Tire Centre (Ottawa).,NHL Official Stats REST API (api-web.nhle.com/v1)
1277,2022021171,2022-2023,2022,Regular Season,Regular Season,2023-03-27,Monday,23:00,Buffalo Sabres,Montréal Canadiens,Buffalo Sabres,Montréal Canadiens,BUF,MTL,3,4,7,1,Montréal Canadiens,Buffalo Sabres,Away Win (4-3 SO),3-4,Shootout,Yes,Yes,KeyBank Center,Buffalo,OFF,J. Allen (Winning Goalie),Montréal Canadiens defeated Buffalo Sabres 4-3 in a shootout at KeyBank Center (Buffalo).,NHL Official Stats REST API (api-web.nhle.com/v1)
1278,2022021172,2022-2023,2022,Regular Season,Regular Season,2023-03-27,Monday,23:30,New York Islanders,New Jersey Devils,New York Islanders,New Jersey Devils,NYI,NJD,5,1,6,4,New York Islanders,New Jersey Devils,Home Win (5-1),5-1,Regulation,No,No,UBS Arena,New York,OFF,I. Sorokin (Winning Goalie); K. Palmieri (GWG Scorer),New York Islanders defeated New Jersey Devils 5-1 in regulation at UBS Arena (New York).,NHL Official Stats REST API (api-web.nhle.com/v1)
1279,2022021173,2022-2023,2022,Regular Season,Regular Season,2023-03-27,Monday,00:00,Minnesota Wild,Seattle Kraken,Minnesota Wild,Seattle Kraken,MIN,SEA,5,1,6,4,Minnesota Wild,Seattle Kraken,Home Win (5-1),5-1,Regulation,No,No,Xcel Energy Center,Minnesota,OFF,M. Fleury (Winning Goalie); M. Boldy (GWG Scorer),Minnesota Wild defeated Seattle Kraken 5-1 in regulation at Xcel Energy Center (Minnesota).,NHL Official Stats REST API (api-web.nhle.com/v1)
1280,2022021174,2022-2023,2022,Regular Season,Regular Season,2023-03-27,Monday,02:00,Anaheim Ducks,Colorado Avalanche,Anaheim Ducks,Colorado Avalanche,ANA,COL,1,5,6,4,Colorado Avalanche,Anaheim Ducks,Away Win (5-1),1-5,Regulation,No,No,Honda Center,Anaheim,OFF,J. Johansson (Winning Goalie); N. MacKinnon (GWG Scorer),Colorado Avalanche defeated Anaheim Ducks 5-1 in regulation at Honda Center (Anaheim).,NHL Official Stats REST API (api-web.nhle.com/v1)
1281,2022021175,2022-2023,2022,Regular Season,Regular Season,2023-03-27,Monday,02:00,Arizona Coyotes,Edmonton Oilers,Arizona Coyotes,Edmonton Oilers,ARI,EDM,4,5,9,1,Edmonton Oilers,Arizona Coyotes,Away Win (5-4),4-5,Regulation,No,No,Mullett Arena,Arizona,OFF,J. Campbell (Winning Goalie); R. Nugent-Hopkins (GWG Scorer),Edmonton Oilers defeated Arizona Coyotes 5-4 in regulation at Mullett Arena (Arizona).,NHL Official Stats REST API (api-web.nhle.com/v1)
1282,2022021176,2022-2023,2022,Regular Season,Regular Season,2023-03-28,Tuesday,23:00,New York Rangers,Columbus Blue Jackets,New York Rangers,Columbus Blue Jackets,NYR,CBJ,6,2,8,4,New York Rangers,Columbus Blue Jackets,Home Win (6-2),6-2,Regulation,No,No,Madison Square Garden,New York,OFF,I. Shesterkin (Winning Goalie); P. Kane (GWG Scorer),New York Rangers defeated Columbus Blue Jackets 6-2 in regulation at Madison Square Garden (New York).,NHL Official Stats REST API (api-web.nhle.com/v1)
1283,2022021177,2022-2023,2022,Regular Season,Regular Season,2023-03-28,Tuesday,23:00,Philadelphia Flyers,Montréal Canadiens,Philadelphia Flyers,Montréal Canadiens,PHI,MTL,3,2,5,1,Philadelphia Flyers,Montréal Canadiens,Home Win (3-2),3-2,Regulation,No,No,Wells Fargo Center,Philadelphia,OFF,F. Sandstrom (Winning Goalie); O. Tippett (GWG Scorer),Philadelphia Flyers defeated Montréal Canadiens 3-2 in regulation at Wells Fargo Center (Philadelphia).,NHL Official Stats REST API (api-web.nhle.com/v1)
1284,2022021178,2022-2023,2022,Regular Season,Regular Season,2023-03-28,Tuesday,23:00,Boston Bruins,Nashville Predators,Boston Bruins,Nashville Predators,BOS,NSH,1,2,3,1,Nashville Predators,Boston Bruins,Away Win (2-1),1-2,Regulation,No,No,TD Garden,Boston,OFF,J. Saros (Winning Goalie); C. Smith (GWG Scorer),Nashville Predators defeated Boston Bruins 2-1 in regulation at TD Garden (Boston).,NHL Official Stats REST API (api-web.nhle.com/v1)
1285,2022021179,2022-2023,2022,Regular Season,Regular Season,2023-03-28,Tuesday,23:00,Carolina Hurricanes,Tampa Bay Lightning,Carolina Hurricanes,Tampa Bay Lightning,CAR,TBL,0,4,4,4,Tampa Bay Lightning,Carolina Hurricanes,Away Win (4-0),0-4,Regulation,No,No,PNC Arena,Carolina,OFF,A. Vasilevskiy (Winning Goalie); S. Stamkos (GWG Scorer),Tampa Bay Lightning defeated Carolina Hurricanes 4-0 in regulation at PNC Arena (Carolina).,NHL Official Stats REST API (api-web.nhle.com/v1)
1286,2022021180,2022-2023,2022,Regular Season,Regular Season,2023-03-28,Tuesday,23:00,Detroit Red Wings,Pittsburgh Penguins,Detroit Red Wings,Pittsburgh Penguins,DET,PIT,7,4,11,3,Detroit Red Wings,Pittsburgh Penguins,Home Win (7-4),7-4,Regulation,No,No,Little Caesars Arena,Detroit,OFF,A. Nedeljkovic (Winning Goalie); D. Perron (GWG Scorer),Detroit Red Wings defeated Pittsburgh Penguins 7-4 in regulation at Little Caesars Arena (Detroit).,NHL Official Stats REST API (api-web.nhle.com/v1)
1287,2022021181,2022-2023,2022,Regular Season,Regular Season,2023-03-28,Tuesday,00:00,St. Louis Blues,Vancouver Canucks,St. Louis Blues,Vancouver Canucks,STL,VAN,6,5,11,1,St. Louis Blues,Vancouver Canucks,Home Win (6-5 OT),6-5,Overtime,Yes,No,Enterprise Center,St. Louis,OFF,J. Binnington (Winning Goalie); J. Vrana (GWG Scorer),St. Louis Blues defeated Vancouver Canucks 6-5 in overtime at Enterprise Center (St. Louis).,NHL Official Stats REST API (api-web.nhle.com/v1)
1288,2022021182,2022-2023,2022,Regular Season,Regular Season,2023-03-28,Tuesday,00:30,Chicago Blackhawks,Dallas Stars,Chicago Blackhawks,Dallas Stars,CHI,DAL,1,4,5,3,Dallas Stars,Chicago Blackhawks,Away Win (4-1),1-4,Regulation,No,No,United Center,Chicago,OFF,J. Oettinger (Winning Goalie); C. Miller (GWG Scorer),Dallas Stars defeated Chicago Blackhawks 4-1 in regulation at United Center (Chicago).,NHL Official Stats REST API (api-web.nhle.com/v1)
1289,2022021183,2022-2023,2022,Regular Season,Regular Season,2023-03-28,Tuesday,01:00,Calgary Flames,Los Angeles Kings,Calgary Flames,Los Angeles Kings,CGY,LAK,2,1,3,1,Calgary Flames,Los Angeles Kings,Home Win (2-1),2-1,Regulation,No,No,Scotiabank Saddledome,Calgary,OFF,J. Markstrom (Winning Goalie); W. Duehr (GWG Scorer),Calgary Flames defeated Los Angeles Kings 2-1 in regulation at Scotiabank Saddledome (Calgary).,NHL Official Stats REST API (api-web.nhle.com/v1)
1290,2022021184,2022-2023,2022,Regular Season,Regular Season,2023-03-28,Tuesday,02:00,Vegas Golden Knights,Edmonton Oilers,Vegas Golden Knights,Edmonton Oilers,VGK,EDM,4,7,11,3,Edmonton Oilers,Vegas Golden Knights,Away Win (7-4),4-7,Regulation,No,No,T-Mobile Arena,Vegas,OFF,S. Skinner (Winning Goalie); E. Kane (GWG Scorer),Edmonton Oilers defeated Vegas Golden Knights 7-4 in regulation at T-Mobile Arena (Vegas).,NHL Official Stats REST API (api-web.nhle.com/v1)
1291,2022021185,2022-2023,2022,Regular Season,Regular Season,2023-03-28,Tuesday,02:30,San Jose Sharks,Winnipeg Jets,San Jose Sharks,Winnipeg Jets,SJS,WPG,3,0,3,3,San Jose Sharks,Winnipeg Jets,Home Win (3-0),3-0,Regulation,No,No,SAP Center at San Jose,San Jose,OFF,J. Reimer (Winning Goalie); N. Gregor (GWG Scorer),San Jose Sharks defeated Winnipeg Jets 3-0 in regulation at SAP Center at San Jose (San Jose).,NHL Official Stats REST API (api-web.nhle.com/v1)
1292,2022021186,2022-2023,2022,Regular Season,Regular Season,2023-03-29,Wednesday,23:30,Toronto Maple Leafs,Florida Panthers,Toronto Maple Leafs,Florida Panthers,TOR,FLA,2,3,5,1,Florida Panthers,Toronto Maple Leafs,Away Win (3-2 OT),2-3,Overtime,Yes,No,Scotiabank Arena,Toronto,OFF,A. Lyon (Winning Goalie); B. Montour (GWG Scorer),Florida Panthers defeated Toronto Maple Leafs 3-2 in overtime at Scotiabank Arena (Toronto).,NHL Official Stats REST API (api-web.nhle.com/v1)
1293,2022021187,2022-2023,2022,Regular Season,Regular Season,2023-03-29,Wednesday,23:30,Washington Capitals,New York Islanders,Washington Capitals,New York Islanders,WSH,NYI,1,2,3,1,New York Islanders,Washington Capitals,Away Win (2-1 SO),1-2,Shootout,Yes,Yes,Capital One Arena,Washington,OFF,I. Sorokin (Winning Goalie),New York Islanders defeated Washington Capitals 2-1 in a shootout at Capital One Arena (Washington).,NHL Official Stats REST API (api-web.nhle.com/v1)
1294,2022021188,2022-2023,2022,Regular Season,Regular Season,2023-03-29,Wednesday,02:00,Colorado Avalanche,Minnesota Wild,Colorado Avalanche,Minnesota Wild,COL,MIN,2,4,6,2,Minnesota Wild,Colorado Avalanche,Away Win (4-2),2-4,Regulation,No,No,Ball Arena,Colorado,OFF,F. Gustavsson (Winning Goalie); F. Gaudreau (GWG Scorer),Minnesota Wild defeated Colorado Avalanche 4-2 in regulation at Ball Arena (Colorado).,NHL Official Stats REST API (api-web.nhle.com/v1)
1295,2022021189,2022-2023,2022,Regular Season,Regular Season,2023-03-30,Thursday,23:00,Boston Bruins,Columbus Blue Jackets,Boston Bruins,Columbus Blue Jackets,BOS,CBJ,2,1,3,1,Boston Bruins,Columbus Blue Jackets,Home Win (2-1 OT),2-1,Overtime,Yes,No,TD Garden,Boston,OFF,L. Ullmark (Winning Goalie); D. Pastrnak (GWG Scorer),Boston Bruins defeated Columbus Blue Jackets 2-1 in overtime at TD Garden (Boston).,NHL Official Stats REST API (api-web.nhle.com/v1)
1296,2022021190,2022-2023,2022,Regular Season,Regular Season,2023-03-30,Thursday,23:00,Montréal Canadiens,Florida Panthers,Montréal Canadiens,Florida Panthers,MTL,FLA,2,5,7,3,Florida Panthers,Montréal Canadiens,Away Win (5-2),2-5,Regulation,No,No,Centre Bell,Montréal,OFF,A. Lyon (Winning Goalie); M. Tkachuk (GWG Scorer),Florida Panthers defeated Montréal Canadiens 5-2 in regulation at Centre Bell (Montréal).,NHL Official Stats REST API (api-web.nhle.com/v1)
1297,2022021191,2022-2023,2022,Regular Season,Regular Season,2023-03-30,Thursday,23:00,New Jersey Devils,New York Rangers,New Jersey Devils,New York Rangers,NJD,NYR,2,1,3,1,New Jersey Devils,New York Rangers,Home Win (2-1),2-1,Regulation,No,No,Prudential Center,New Jersey,OFF,V. Vanecek (Winning Goalie); T. Meier (GWG Scorer),New Jersey Devils defeated New York Rangers 2-1 in regulation at Prudential Center (New Jersey).,NHL Official Stats REST API (api-web.nhle.com/v1)
1298,2022021192,2022-2023,2022,Regular Season,Regular Season,2023-03-30,Thursday,23:00,Pittsburgh Penguins,Nashville Predators,Pittsburgh Penguins,Nashville Predators,PIT,NSH,2,0,2,2,Pittsburgh Penguins,Nashville Predators,Home Win (2-0),2-0,Regulation,No,No,PPG Paints Arena,Pittsburgh,OFF,T. Jarry (Winning Goalie); J. Zucker (GWG Scorer),Pittsburgh Penguins defeated Nashville Predators 2-0 in regulation at PPG Paints Arena (Pittsburgh).,NHL Official Stats REST API (api-web.nhle.com/v1)
1299,2022021193,2022-2023,2022,Regular Season,Regular Season,2023-03-30,Thursday,23:00,Ottawa Senators,Philadelphia Flyers,Ottawa Senators,Philadelphia Flyers,OTT,PHI,5,4,9,1,Ottawa Senators,Philadelphia Flyers,Home Win (5-4 OT),5-4,Overtime,Yes,No,Canadian Tire Centre,Ottawa,OFF,C. Talbot (Winning Goalie); A. DeBrincat (GWG Scorer),Ottawa Senators defeated Philadelphia Flyers 5-4 in overtime at Canadian Tire Centre (Ottawa).,NHL Official Stats REST API (api-web.nhle.com/v1)
1300,2022021194,2022-2023,2022,Regular Season,Regular Season,2023-03-30,Thursday,23:00,Tampa Bay Lightning,Washington Capitals,Tampa Bay Lightning,Washington Capitals,TBL,WSH,5,1,6,4,Tampa Bay Lightning,Washington Capitals,Home Win (5-1),5-1,Regulation,No,No,Amalie Arena,Tampa Bay,OFF,A. Vasilevskiy (Winning Goalie); S. Stamkos (GWG Scorer),Tampa Bay Lightning defeated Washington Capitals 5-1 in regulation at Amalie Arena (Tampa Bay).,NHL Official Stats REST API (api-web.nhle.com/v1)
1301,2022021195,2022-2023,2022,Regular Season,Regular Season,2023-03-30,Thursday,23:30,Detroit Red Wings,Carolina Hurricanes,Detroit Red Wings,Carolina Hurricanes,DET,CAR,3,2,5,1,Detroit Red Wings,Carolina Hurricanes,Home Win (3-2),3-2,Regulation,No,No,Little Caesars Arena,Detroit,OFF,A. Nedeljkovic (Winning Goalie); J. Walman (GWG Scorer),Detroit Red Wings defeated Carolina Hurricanes 3-2 in regulation at Little Caesars Arena (Detroit).,NHL Official Stats REST API (api-web.nhle.com/v1)
1302,2022021196,2022-2023,2022,Regular Season,Regular Season,2023-03-30,Thursday,00:30,Chicago Blackhawks,St. Louis Blues,Chicago Blackhawks,St. Louis Blues,CHI,STL,3,5,8,2,St. Louis Blues,Chicago Blackhawks,Away Win (5-3),3-5,Regulation,No,No,United Center,Chicago,OFF,J. Binnington (Winning Goalie); J. Kyrou (GWG Scorer),St. Louis Blues defeated Chicago Blackhawks 5-3 in regulation at United Center (Chicago).,NHL Official Stats REST API (api-web.nhle.com/v1)
1303,2022021197,2022-2023,2022,Regular Season,Regular Season,2023-03-30,Thursday,01:00,Edmonton Oilers,Los Angeles Kings,Edmonton Oilers,Los Angeles Kings,EDM,LAK,2,0,2,2,Edmonton Oilers,Los Angeles Kings,Home Win (2-0),2-0,Regulation,No,No,Rogers Place,Edmonton,OFF,S. Skinner (Winning Goalie); E. Kane (GWG Scorer),Edmonton Oilers defeated Los Angeles Kings 2-0 in regulation at Rogers Place (Edmonton).,NHL Official Stats REST API (api-web.nhle.com/v1)
1304,2022021198,2022-2023,2022,Regular Season,Regular Season,2023-03-30,Thursday,02:00,Seattle Kraken,Anaheim Ducks,Seattle Kraken,Anaheim Ducks,SEA,ANA,4,1,5,3,Seattle Kraken,Anaheim Ducks,Home Win (4-1),4-1,Regulation,No,No,Climate Pledge Arena,Seattle,OFF,M. Jones (Winning Goalie); M. Beniers (GWG Scorer),Seattle Kraken defeated Anaheim Ducks 4-1 in regulation at Climate Pledge Arena (Seattle).,NHL Official Stats REST API (api-web.nhle.com/v1)
1305,2022021199,2022-2023,2022,Regular Season,Regular Season,2023-03-30,Thursday,02:30,San Jose Sharks,Vegas Golden Knights,San Jose Sharks,Vegas Golden Knights,SJS,VGK,4,3,7,1,San Jose Sharks,Vegas Golden Knights,Home Win (4-3 OT),4-3,Overtime,Yes,No,SAP Center at San Jose,San Jose,OFF,J. Reimer (Winning Goalie); L. Couture (GWG Scorer),San Jose Sharks defeated Vegas Golden Knights 4-3 in overtime at SAP Center at San Jose (San Jose).,NHL Official Stats REST API (api-web.nhle.com/v1)
1306,2022021200,2022-2023,2022,Regular Season,Regular Season,2023-03-31,Friday,23:00,Buffalo Sabres,New York Rangers,Buffalo Sabres,New York Rangers,BUF,NYR,3,2,5,1,Buffalo Sabres,New York Rangers,Home Win (3-2 OT),3-2,Overtime,Yes,No,KeyBank Center,Buffalo,OFF,D. Levi (Winning Goalie); J. Skinner (GWG Scorer),Buffalo Sabres defeated New York Rangers 3-2 in overtime at KeyBank Center (Buffalo).,NHL Official Stats REST API (api-web.nhle.com/v1)
1307,2022021201,2022-2023,2022,Regular Season,Regular Season,2023-03-31,Friday,00:00,Winnipeg Jets,Detroit Red Wings,Winnipeg Jets,Detroit Red Wings,WPG,DET,6,2,8,4,Winnipeg Jets,Detroit Red Wings,Home Win (6-2),6-2,Regulation,No,No,Canada Life Centre,Winnipeg,OFF,C. Hellebuyck (Winning Goalie); M. Scheifele (GWG Scorer),Winnipeg Jets defeated Detroit Red Wings 6-2 in regulation at Canada Life Centre (Winnipeg).,NHL Official Stats REST API (api-web.nhle.com/v1)
1308,2022021202,2022-2023,2022,Regular Season,Regular Season,2023-03-31,Friday,02:00,Vancouver Canucks,Calgary Flames,Vancouver Canucks,Calgary Flames,VAN,CGY,4,5,9,1,Calgary Flames,Vancouver Canucks,Away Win (5-4 OT),4-5,Overtime,Yes,No,Rogers Arena,Vancouver,OFF,J. Markstrom (Winning Goalie); T. Toffoli (GWG Scorer),Calgary Flames defeated Vancouver Canucks 5-4 in overtime at Rogers Arena (Vancouver).,NHL Official Stats REST API (api-web.nhle.com/v1)
1309,2022021203,2022-2023,2022,Regular Season,Regular Season,2023-03-31,Friday,02:30,Arizona Coyotes,Dallas Stars,Arizona Coyotes,Dallas Stars,ARI,DAL,2,5,7,3,Dallas Stars,Arizona Coyotes,Away Win (5-2),2-5,Regulation,No,No,Mullett Arena,Arizona,OFF,J. Oettinger (Winning Goalie); J. Robertson (GWG Scorer),Dallas Stars defeated Arizona Coyotes 5-2 in regulation at Mullett Arena (Arizona).,NHL Official Stats REST API (api-web.nhle.com/v1)
1310,2022021204,2022-2023,2022,Regular Season,Regular Season,2023-04-01,Saturday,17:00,Nashville Predators,St. Louis Blues,Nashville Predators,St. Louis Blues,NSH,STL,6,1,7,5,Nashville Predators,St. Louis Blues,Home Win (6-1),6-1,Regulation,No,No,Bridgestone Arena,Nashville,OFF,J. Saros (Winning Goalie); C. Glass (GWG Scorer),Nashville Predators defeated St. Louis Blues 6-1 in regulation at Bridgestone Arena (Nashville).,NHL Official Stats REST API (api-web.nhle.com/v1)
1311,2022021205,2022-2023,2022,Regular Season,Regular Season,2023-04-01,Saturday,19:00,Pittsburgh Penguins,Boston Bruins,Pittsburgh Penguins,Boston Bruins,PIT,BOS,3,4,7,1,Boston Bruins,Pittsburgh Penguins,Away Win (4-3),3-4,Regulation,No,No,PPG Paints Arena,Pittsburgh,OFF,J. Swayman (Winning Goalie); D. Pastrnak (GWG Scorer),Boston Bruins defeated Pittsburgh Penguins 4-3 in regulation at PPG Paints Arena (Pittsburgh).,NHL Official Stats REST API (api-web.nhle.com/v1)
1312,2022021206,2022-2023,2022,Regular Season,Regular Season,2023-04-01,Saturday,23:00,Philadelphia Flyers,Buffalo Sabres,Philadelphia Flyers,Buffalo Sabres,PHI,BUF,3,6,9,3,Buffalo Sabres,Philadelphia Flyers,Away Win (6-3),3-6,Regulation,No,No,Wells Fargo Center,Philadelphia,OFF,U. Luukkonen (Winning Goalie); J. Skinner (GWG Scorer),Buffalo Sabres defeated Philadelphia Flyers 6-3 in regulation at Wells Fargo Center (Philadelphia).,NHL Official Stats REST API (api-web.nhle.com/v1)
1313,2022021207,2022-2023,2022,Regular Season,Regular Season,2023-04-01,Saturday,23:00,Montréal Canadiens,Carolina Hurricanes,Montréal Canadiens,Carolina Hurricanes,MTL,CAR,0,3,3,3,Carolina Hurricanes,Montréal Canadiens,Away Win (3-0),0-3,Regulation,No,No,Centre Bell,Montréal,OFF,A. Raanta (Winning Goalie); B. Skjei (GWG Scorer),Carolina Hurricanes defeated Montréal Canadiens 3-0 in regulation at Centre Bell (Montréal).,NHL Official Stats REST API (api-web.nhle.com/v1)
1314,2022021208,2022-2023,2022,Regular Season,Regular Season,2023-04-01,Saturday,23:00,Columbus Blue Jackets,Florida Panthers,Columbus Blue Jackets,Florida Panthers,CBJ,FLA,0,7,7,7,Florida Panthers,Columbus Blue Jackets,Away Win (7-0),0-7,Regulation,No,No,Nationwide Arena,Columbus,OFF,A. Lyon (Winning Goalie); S. Reinhart (GWG Scorer),Florida Panthers defeated Columbus Blue Jackets 7-0 in regulation at Nationwide Arena (Columbus).,NHL Official Stats REST API (api-web.nhle.com/v1)
1315,2022021209,2022-2023,2022,Regular Season,Regular Season,2023-04-01,Saturday,23:00,Tampa Bay Lightning,New York Islanders,Tampa Bay Lightning,New York Islanders,TBL,NYI,5,0,5,5,Tampa Bay Lightning,New York Islanders,Home Win (5-0),5-0,Regulation,No,No,Amalie Arena,Tampa Bay,OFF,A. Vasilevskiy (Winning Goalie); M. Sergachev (GWG Scorer),Tampa Bay Lightning defeated New York Islanders 5-0 in regulation at Amalie Arena (Tampa Bay).,NHL Official Stats REST API (api-web.nhle.com/v1)
1316,2022021210,2022-2023,2022,Regular Season,Regular Season,2023-04-01,Saturday,23:00,Ottawa Senators,Toronto Maple Leafs,Ottawa Senators,Toronto Maple Leafs,OTT,TOR,0,3,3,3,Toronto Maple Leafs,Ottawa Senators,Away Win (3-0),0-3,Regulation,No,No,Canadian Tire Centre,Ottawa,OFF,I. Samsonov (Winning Goalie); M. Bunting (GWG Scorer),Toronto Maple Leafs defeated Ottawa Senators 3-0 in regulation at Canadian Tire Centre (Ottawa).,NHL Official Stats REST API (api-web.nhle.com/v1)
1317,2022021211,2022-2023,2022,Regular Season,Regular Season,2023-04-01,Saturday,00:00,Chicago Blackhawks,New Jersey Devils,Chicago Blackhawks,New Jersey Devils,CHI,NJD,3,6,9,3,New Jersey Devils,Chicago Blackhawks,Away Win (6-3),3-6,Regulation,No,No,United Center,Chicago,OFF,M. Blackwood (Winning Goalie); R. Graves (GWG Scorer),New Jersey Devils defeated Chicago Blackhawks 6-3 in regulation at United Center (Chicago).,NHL Official Stats REST API (api-web.nhle.com/v1)
1318,2022021212,2022-2023,2022,Regular Season,Regular Season,2023-04-01,Saturday,01:00,Colorado Avalanche,Dallas Stars,Colorado Avalanche,Dallas Stars,COL,DAL,5,2,7,3,Colorado Avalanche,Dallas Stars,Home Win (5-2),5-2,Regulation,No,No,Ball Arena,Colorado,OFF,A. Georgiev (Winning Goalie); N. MacKinnon (GWG Scorer),Colorado Avalanche defeated Dallas Stars 5-2 in regulation at Ball Arena (Colorado).,NHL Official Stats REST API (api-web.nhle.com/v1)
1319,2022021213,2022-2023,2022,Regular Season,Regular Season,2023-04-01,Saturday,02:00,Edmonton Oilers,Anaheim Ducks,Edmonton Oilers,Anaheim Ducks,EDM,ANA,6,0,6,6,Edmonton Oilers,Anaheim Ducks,Home Win (6-0),6-0,Regulation,No,No,Rogers Place,Edmonton,OFF,J. Campbell (Winning Goalie); Z. Hyman (GWG Scorer),Edmonton Oilers defeated Anaheim Ducks 6-0 in regulation at Rogers Place (Edmonton).,NHL Official Stats REST API (api-web.nhle.com/v1)
1320,2022021214,2022-2023,2022,Regular Season,Regular Season,2023-04-01,Saturday,02:00,Seattle Kraken,Los Angeles Kings,Seattle Kraken,Los Angeles Kings,SEA,LAK,1,3,4,2,Los Angeles Kings,Seattle Kraken,Away Win (3-1),1-3,Regulation,No,No,Climate Pledge Arena,Seattle,OFF,P. Copley (Winning Goalie); C. Grundstrom (GWG Scorer),Los Angeles Kings defeated Seattle Kraken 3-1 in regulation at Climate Pledge Arena (Seattle).,NHL Official Stats REST API (api-web.nhle.com/v1)
1321,2022021215,2022-2023,2022,Regular Season,Regular Season,2023-04-01,Saturday,02:00,Vegas Golden Knights,Minnesota Wild,Vegas Golden Knights,Minnesota Wild,VGK,MIN,4,1,5,3,Vegas Golden Knights,Minnesota Wild,Home Win (4-1),4-1,Regulation,No,No,T-Mobile Arena,Vegas,OFF,L. Brossoit (Winning Goalie); Z. Whitecloud (GWG Scorer),Vegas Golden Knights defeated Minnesota Wild 4-1 in regulation at T-Mobile Arena (Vegas).,NHL Official Stats REST API (api-web.nhle.com/v1)
1322,2022021216,2022-2023,2022,Regular Season,Regular Season,2023-04-01,Saturday,02:00,Arizona Coyotes,San Jose Sharks,Arizona Coyotes,San Jose Sharks,ARI,SJS,2,7,9,5,San Jose Sharks,Arizona Coyotes,Away Win (7-2),2-7,Regulation,No,No,Mullett Arena,Arizona,OFF,K. Kahkonen (Winning Goalie); K. Criscuolo (GWG Scorer),San Jose Sharks defeated Arizona Coyotes 7-2 in regulation at Mullett Arena (Arizona).,NHL Official Stats REST API (api-web.nhle.com/v1)
1323,2022021217,2022-2023,2022,Regular Season,Regular Season,2023-04-02,Sunday,17:00,Washington Capitals,New York Rangers,Washington Capitals,New York Rangers,WSH,NYR,2,5,7,3,New York Rangers,Washington Capitals,Away Win (5-2),2-5,Regulation,No,No,Capital One Arena,Washington,OFF,I. Shesterkin (Winning Goalie); K. Kakko (GWG Scorer),New York Rangers defeated Washington Capitals 5-2 in regulation at Capital One Arena (Washington).,NHL Official Stats REST API (api-web.nhle.com/v1)
1324,2022021218,2022-2023,2022,Regular Season,Regular Season,2023-04-02,Sunday,19:30,St. Louis Blues,Boston Bruins,St. Louis Blues,Boston Bruins,STL,BOS,3,4,7,1,Boston Bruins,St. Louis Blues,Away Win (4-3 SO),3-4,Shootout,Yes,Yes,Enterprise Center,St. Louis,OFF,L. Ullmark (Winning Goalie),Boston Bruins defeated St. Louis Blues 4-3 in a shootout at Enterprise Center (St. Louis).,NHL Official Stats REST API (api-web.nhle.com/v1)
1325,2022021219,2022-2023,2022,Regular Season,Regular Season,2023-04-02,Sunday,22:00,Carolina Hurricanes,New York Islanders,Carolina Hurricanes,New York Islanders,CAR,NYI,2,1,3,1,Carolina Hurricanes,New York Islanders,Home Win (2-1),2-1,Regulation,No,No,PNC Arena,Carolina,OFF,F. Andersen (Winning Goalie); J. Martinook (GWG Scorer),Carolina Hurricanes defeated New York Islanders 2-1 in regulation at PNC Arena (Carolina).,NHL Official Stats REST API (api-web.nhle.com/v1)
1326,2022021220,2022-2023,2022,Regular Season,Regular Season,2023-04-02,Sunday,22:00,Columbus Blue Jackets,Ottawa Senators,Columbus Blue Jackets,Ottawa Senators,CBJ,OTT,4,3,7,1,Columbus Blue Jackets,Ottawa Senators,Home Win (4-3 OT),4-3,Overtime,Yes,No,Nationwide Arena,Columbus,OFF,J. Gillies (Winning Goalie); K. Marchenko (GWG Scorer),Columbus Blue Jackets defeated Ottawa Senators 4-3 in overtime at Nationwide Arena (Columbus).,NHL Official Stats REST API (api-web.nhle.com/v1)
1327,2022021221,2022-2023,2022,Regular Season,Regular Season,2023-04-02,Sunday,22:00,Pittsburgh Penguins,Philadelphia Flyers,Pittsburgh Penguins,Philadelphia Flyers,PIT,PHI,4,2,6,2,Pittsburgh Penguins,Philadelphia Flyers,Home Win (4-2),4-2,Regulation,No,No,PPG Paints Arena,Pittsburgh,OFF,C. DeSmith (Winning Goalie); B. Rust (GWG Scorer),Pittsburgh Penguins defeated Philadelphia Flyers 4-2 in regulation at PPG Paints Arena (Pittsburgh).,NHL Official Stats REST API (api-web.nhle.com/v1)
1328,2022021222,2022-2023,2022,Regular Season,Regular Season,2023-04-02,Sunday,23:00,Toronto Maple Leafs,Detroit Red Wings,Toronto Maple Leafs,Detroit Red Wings,TOR,DET,2,5,7,3,Detroit Red Wings,Toronto Maple Leafs,Away Win (5-2),2-5,Regulation,No,No,Scotiabank Arena,Toronto,OFF,A. Nedeljkovic (Winning Goalie); D. Larkin (GWG Scorer),Detroit Red Wings defeated Toronto Maple Leafs 5-2 in regulation at Scotiabank Arena (Toronto).,NHL Official Stats REST API (api-web.nhle.com/v1)
1329,2022021223,2022-2023,2022,Regular Season,Regular Season,2023-04-02,Sunday,23:00,Winnipeg Jets,New Jersey Devils,Winnipeg Jets,New Jersey Devils,WPG,NJD,6,1,7,5,Winnipeg Jets,New Jersey Devils,Home Win (6-1),6-1,Regulation,No,No,Canada Life Centre,Winnipeg,OFF,C. Hellebuyck (Winning Goalie); N. Niederreiter (GWG Scorer),Winnipeg Jets defeated New Jersey Devils 6-1 in regulation at Canada Life Centre (Winnipeg).,NHL Official Stats REST API (api-web.nhle.com/v1)
1330,2022021224,2022-2023,2022,Regular Season,Regular Season,2023-04-02,Sunday,00:00,Calgary Flames,Anaheim Ducks,Calgary Flames,Anaheim Ducks,CGY,ANA,5,4,9,1,Calgary Flames,Anaheim Ducks,Home Win (5-4),5-4,Regulation,No,No,Scotiabank Saddledome,Calgary,OFF,D. Vladar (Winning Goalie); M. Stone (GWG Scorer),Calgary Flames defeated Anaheim Ducks 5-4 in regulation at Scotiabank Saddledome (Calgary).,NHL Official Stats REST API (api-web.nhle.com/v1)
1331,2022021225,2022-2023,2022,Regular Season,Regular Season,2023-04-02,Sunday,00:00,Vancouver Canucks,Los Angeles Kings,Vancouver Canucks,Los Angeles Kings,VAN,LAK,1,4,5,3,Los Angeles Kings,Vancouver Canucks,Away Win (4-1),1-4,Regulation,No,No,Rogers Arena,Vancouver,OFF,J. Korpisalo (Winning Goalie); A. Iafallo (GWG Scorer),Los Angeles Kings defeated Vancouver Canucks 4-1 in regulation at Rogers Arena (Vancouver).,NHL Official Stats REST API (api-web.nhle.com/v1)
1332,2022021226,2022-2023,2022,Regular Season,Regular Season,2023-04-03,Monday,00:00,Minnesota Wild,Vegas Golden Knights,Minnesota Wild,Vegas Golden Knights,MIN,VGK,3,4,7,1,Vegas Golden Knights,Minnesota Wild,Away Win (4-3 SO),3-4,Shootout,Yes,Yes,Xcel Energy Center,Minnesota,OFF,L. Brossoit (Winning Goalie),Vegas Golden Knights defeated Minnesota Wild 4-3 in a shootout at Xcel Energy Center (Minnesota).,NHL Official Stats REST API (api-web.nhle.com/v1)
1333,2022021227,2022-2023,2022,Regular Season,Regular Season,2023-04-03,Monday,00:30,Dallas Stars,Nashville Predators,Dallas Stars,Nashville Predators,DAL,NSH,5,1,6,4,Dallas Stars,Nashville Predators,Home Win (5-1),5-1,Regulation,No,No,American Airlines Center,Dallas,OFF,S. Wedgewood (Winning Goalie); C. Miller (GWG Scorer),Dallas Stars defeated Nashville Predators 5-1 in regulation at American Airlines Center (Dallas).,NHL Official Stats REST API (api-web.nhle.com/v1)
1334,2022021228,2022-2023,2022,Regular Season,Regular Season,2023-04-03,Monday,02:00,Seattle Kraken,Arizona Coyotes,Seattle Kraken,Arizona Coyotes,SEA,ARI,8,1,9,7,Seattle Kraken,Arizona Coyotes,Home Win (8-1),8-1,Regulation,No,No,Climate Pledge Arena,Seattle,OFF,P. Grubauer (Winning Goalie); J. McCann (GWG Scorer),Seattle Kraken defeated Arizona Coyotes 8-1 in regulation at Climate Pledge Arena (Seattle).,NHL Official Stats REST API (api-web.nhle.com/v1)
1335,2022021229,2022-2023,2022,Regular Season,Regular Season,2023-04-04,Tuesday,23:00,Florida Panthers,Buffalo Sabres,Florida Panthers,Buffalo Sabres,FLA,BUF,2,1,3,1,Florida Panthers,Buffalo Sabres,Home Win (2-1),2-1,Regulation,No,No,FLA Live Arena,Florida,OFF,A. Lyon (Winning Goalie); M. Tkachuk (GWG Scorer),Florida Panthers defeated Buffalo Sabres 2-1 in regulation at FLA Live Arena (Florida).,NHL Official Stats REST API (api-web.nhle.com/v1)
1336,2022021230,2022-2023,2022,Regular Season,Regular Season,2023-04-04,Tuesday,23:00,Toronto Maple Leafs,Columbus Blue Jackets,Toronto Maple Leafs,Columbus Blue Jackets,TOR,CBJ,4,2,6,2,Toronto Maple Leafs,Columbus Blue Jackets,Home Win (4-2),4-2,Regulation,No,No,Scotiabank Arena,Toronto,OFF,J. Woll (Winning Goalie); Z. Aston-Reese (GWG Scorer),Toronto Maple Leafs defeated Columbus Blue Jackets 4-2 in regulation at Scotiabank Arena (Toronto).,NHL Official Stats REST API (api-web.nhle.com/v1)
1337,2022021231,2022-2023,2022,Regular Season,Regular Season,2023-04-04,Tuesday,23:00,Montréal Canadiens,Detroit Red Wings,Montréal Canadiens,Detroit Red Wings,MTL,DET,0,5,5,5,Detroit Red Wings,Montréal Canadiens,Away Win (5-0),0-5,Regulation,No,No,Centre Bell,Montréal,OFF,V. Husso (Winning Goalie); L. Raymond (GWG Scorer),Detroit Red Wings defeated Montréal Canadiens 5-0 in regulation at Centre Bell (Montréal).,NHL Official Stats REST API (api-web.nhle.com/v1)
1338,2022021232,2022-2023,2022,Regular Season,Regular Season,2023-04-04,Tuesday,23:00,Carolina Hurricanes,Ottawa Senators,Carolina Hurricanes,Ottawa Senators,CAR,OTT,3,2,5,1,Carolina Hurricanes,Ottawa Senators,Home Win (3-2 OT),3-2,Overtime,Yes,No,PNC Arena,Carolina,OFF,A. Raanta (Winning Goalie); M. Necas (GWG Scorer),Carolina Hurricanes defeated Ottawa Senators 3-2 in overtime at PNC Arena (Carolina).,NHL Official Stats REST API (api-web.nhle.com/v1)
1339,2022021233,2022-2023,2022,Regular Season,Regular Season,2023-04-04,Tuesday,23:00,New Jersey Devils,Pittsburgh Penguins,New Jersey Devils,Pittsburgh Penguins,NJD,PIT,5,1,6,4,New Jersey Devils,Pittsburgh Penguins,Home Win (5-1),5-1,Regulation,No,No,Prudential Center,New Jersey,OFF,V. Vanecek (Winning Goalie); D. Mercer (GWG Scorer),New Jersey Devils defeated Pittsburgh Penguins 5-1 in regulation at Prudential Center (New Jersey).,NHL Official Stats REST API (api-web.nhle.com/v1)
1340,2022021234,2022-2023,2022,Regular Season,Regular Season,2023-04-04,Tuesday,00:00,St. Louis Blues,Philadelphia Flyers,St. Louis Blues,Philadelphia Flyers,STL,PHI,4,2,6,2,St. Louis Blues,Philadelphia Flyers,Home Win (4-2),4-2,Regulation,No,No,Enterprise Center,St. Louis,OFF,J. Binnington (Winning Goalie); J. Faulk (GWG Scorer),St. Louis Blues defeated Philadelphia Flyers 4-2 in regulation at Enterprise Center (St. Louis).,NHL Official Stats REST API (api-web.nhle.com/v1)
1341,2022021235,2022-2023,2022,Regular Season,Regular Season,2023-04-04,Tuesday,00:00,Nashville Predators,Vegas Golden Knights,Nashville Predators,Vegas Golden Knights,NSH,VGK,3,2,5,1,Nashville Predators,Vegas Golden Knights,Home Win (3-2 OT),3-2,Overtime,Yes,No,Bridgestone Arena,Nashville,OFF,K. Lankinen (Winning Goalie); C. Glass (GWG Scorer),Nashville Predators defeated Vegas Golden Knights 3-2 in overtime at Bridgestone Arena (Nashville).,NHL Official Stats REST API (api-web.nhle.com/v1)
1342,2022021236,2022-2023,2022,Regular Season,Regular Season,2023-04-04,Tuesday,01:00,Calgary Flames,Chicago Blackhawks,Calgary Flames,Chicago Blackhawks,CGY,CHI,3,4,7,1,Chicago Blackhawks,Calgary Flames,Away Win (4-3),3-4,Regulation,No,No,Scotiabank Saddledome,Calgary,OFF,P. Mrazek (Winning Goalie); A. Wagner (GWG Scorer),Chicago Blackhawks defeated Calgary Flames 4-3 in regulation at Scotiabank Saddledome (Calgary).,NHL Official Stats REST API (api-web.nhle.com/v1)
1343,2022021238,2022-2023,2022,Regular Season,Regular Season,2023-04-04,Tuesday,02:00,Vancouver Canucks,Seattle Kraken,Vancouver Canucks,Seattle Kraken,VAN,SEA,2,5,7,3,Seattle Kraken,Vancouver Canucks,Away Win (5-2),2-5,Regulation,No,No,Rogers Arena,Vancouver,OFF,M. Jones (Winning Goalie); J. Eberle (GWG Scorer),Seattle Kraken defeated Vancouver Canucks 5-2 in regulation at Rogers Arena (Vancouver).,NHL Official Stats REST API (api-web.nhle.com/v1)
1344,2022021237,2022-2023,2022,Regular Season,Regular Season,2023-04-04,Tuesday,02:30,Los Angeles Kings,Edmonton Oilers,Los Angeles Kings,Edmonton Oilers,LAK,EDM,1,3,4,2,Edmonton Oilers,Los Angeles Kings,Away Win (3-1),1-3,Regulation,No,No,Crypto.com Arena,Los Angeles,OFF,S. Skinner (Winning Goalie); L. Draisaitl (GWG Scorer),Edmonton Oilers defeated Los Angeles Kings 3-1 in regulation at Crypto.com Arena (Los Angeles).,NHL Official Stats REST API (api-web.nhle.com/v1)
1345,2022021239,2022-2023,2022,Regular Season,Regular Season,2023-04-04,Tuesday,02:30,San Jose Sharks,Colorado Avalanche,San Jose Sharks,Colorado Avalanche,SJS,COL,3,4,7,1,Colorado Avalanche,San Jose Sharks,Away Win (4-3 OT),3-4,Overtime,Yes,No,SAP Center at San Jose,San Jose,OFF,A. Georgiev (Winning Goalie); N. MacKinnon (GWG Scorer),Colorado Avalanche defeated San Jose Sharks 4-3 in overtime at SAP Center at San Jose (San Jose).,NHL Official Stats REST API (api-web.nhle.com/v1)
1346,2022021240,2022-2023,2022,Regular Season,Regular Season,2023-04-05,Wednesday,23:30,Winnipeg Jets,Calgary Flames,Winnipeg Jets,Calgary Flames,WPG,CGY,1,3,4,2,Calgary Flames,Winnipeg Jets,Away Win (3-1),1-3,Regulation,No,No,Canada Life Centre,Winnipeg,OFF,J. Markstrom (Winning Goalie); W. Duehr (GWG Scorer),Calgary Flames defeated Winnipeg Jets 3-1 in regulation at Canada Life Centre (Winnipeg).,NHL Official Stats REST API (api-web.nhle.com/v1)
1347,2022021241,2022-2023,2022,Regular Season,Regular Season,2023-04-05,Wednesday,23:30,New York Rangers,Tampa Bay Lightning,New York Rangers,Tampa Bay Lightning,NYR,TBL,6,3,9,3,New York Rangers,Tampa Bay Lightning,Home Win (6-3),6-3,Regulation,No,No,Madison Square Garden,New York,OFF,I. Shesterkin (Winning Goalie); T. Motte (GWG Scorer),New York Rangers defeated Tampa Bay Lightning 6-3 in regulation at Madison Square Garden (New York).,NHL Official Stats REST API (api-web.nhle.com/v1)
1348,2022021242,2022-2023,2022,Regular Season,Regular Season,2023-04-05,Wednesday,02:00,Anaheim Ducks,Edmonton Oilers,Anaheim Ducks,Edmonton Oilers,ANA,EDM,1,3,4,2,Edmonton Oilers,Anaheim Ducks,Away Win (3-1),1-3,Regulation,No,No,Honda Center,Anaheim,OFF,J. Campbell (Winning Goalie); N. Bjugstad (GWG Scorer),Edmonton Oilers defeated Anaheim Ducks 3-1 in regulation at Honda Center (Anaheim).,NHL Official Stats REST API (api-web.nhle.com/v1)
1349,2022021243,2022-2023,2022,Regular Season,Regular Season,2023-04-06,Thursday,23:00,New Jersey Devils,Columbus Blue Jackets,New Jersey Devils,Columbus Blue Jackets,NJD,CBJ,8,1,9,7,New Jersey Devils,Columbus Blue Jackets,Home Win (8-1),8-1,Regulation,No,No,Prudential Center,New Jersey,OFF,V. Vanecek (Winning Goalie); T. Tatar (GWG Scorer),New Jersey Devils defeated Columbus Blue Jackets 8-1 in regulation at Prudential Center (New Jersey).,NHL Official Stats REST API (api-web.nhle.com/v1)
1350,2022021244,2022-2023,2022,Regular Season,Regular Season,2023-04-06,Thursday,23:00,Pittsburgh Penguins,Minnesota Wild,Pittsburgh Penguins,Minnesota Wild,PIT,MIN,4,1,5,3,Pittsburgh Penguins,Minnesota Wild,Home Win (4-1),4-1,Regulation,No,No,PPG Paints Arena,Pittsburgh,OFF,T. Jarry (Winning Goalie); R. Rakell (GWG Scorer),Pittsburgh Penguins defeated Minnesota Wild 4-1 in regulation at PPG Paints Arena (Pittsburgh).,NHL Official Stats REST API (api-web.nhle.com/v1)
1351,2022021245,2022-2023,2022,Regular Season,Regular Season,2023-04-06,Thursday,23:00,Florida Panthers,Ottawa Senators,Florida Panthers,Ottawa Senators,FLA,OTT,7,2,9,5,Florida Panthers,Ottawa Senators,Home Win (7-2),7-2,Regulation,No,No,FLA Live Arena,Florida,OFF,A. Lyon (Winning Goalie); A. Barkov (GWG Scorer),Florida Panthers defeated Ottawa Senators 7-2 in regulation at FLA Live Arena (Florida).,NHL Official Stats REST API (api-web.nhle.com/v1)
1352,2022021246,2022-2023,2022,Regular Season,Regular Season,2023-04-06,Thursday,23:00,Boston Bruins,Toronto Maple Leafs,Boston Bruins,Toronto Maple Leafs,BOS,TOR,2,1,3,1,Boston Bruins,Toronto Maple Leafs,Home Win (2-1 OT),2-1,Overtime,Yes,No,TD Garden,Boston,OFF,J. Swayman (Winning Goalie); D. Pastrnak (GWG Scorer),Boston Bruins defeated Toronto Maple Leafs 2-1 in overtime at TD Garden (Boston).,NHL Official Stats REST API (api-web.nhle.com/v1)
1353,2022021247,2022-2023,2022,Regular Season,Regular Season,2023-04-06,Thursday,23:00,Montréal Canadiens,Washington Capitals,Montréal Canadiens,Washington Capitals,MTL,WSH,6,2,8,4,Montréal Canadiens,Washington Capitals,Home Win (6-2),6-2,Regulation,No,No,Centre Bell,Montréal,OFF,S. Montembeault (Winning Goalie); B. Gallagher (GWG Scorer),Montréal Canadiens defeated Washington Capitals 6-2 in regulation at Centre Bell (Montréal).,NHL Official Stats REST API (api-web.nhle.com/v1)
1354,2022021248,2022-2023,2022,Regular Season,Regular Season,2023-04-06,Thursday,23:00,Detroit Red Wings,Buffalo Sabres,Detroit Red Wings,Buffalo Sabres,DET,BUF,6,7,13,1,Buffalo Sabres,Detroit Red Wings,Away Win (7-6 SO),6-7,Shootout,Yes,Yes,Little Caesars Arena,Detroit,OFF,D. Levi (Winning Goalie),Buffalo Sabres defeated Detroit Red Wings 7-6 in a shootout at Little Caesars Arena (Detroit).,NHL Official Stats REST API (api-web.nhle.com/v1)
1355,2022021249,2022-2023,2022,Regular Season,Regular Season,2023-04-06,Thursday,23:30,New York Islanders,Tampa Bay Lightning,New York Islanders,Tampa Bay Lightning,NYI,TBL,6,1,7,5,New York Islanders,Tampa Bay Lightning,Home Win (6-1),6-1,Regulation,No,No,UBS Arena,New York,OFF,I. Sorokin (Winning Goalie); B. Nelson (GWG Scorer),New York Islanders defeated Tampa Bay Lightning 6-1 in regulation at UBS Arena (New York).,NHL Official Stats REST API (api-web.nhle.com/v1)
1356,2022021250,2022-2023,2022,Regular Season,Regular Season,2023-04-06,Thursday,00:00,Nashville Predators,Carolina Hurricanes,Nashville Predators,Carolina Hurricanes,NSH,CAR,3,0,3,3,Nashville Predators,Carolina Hurricanes,Home Win (3-0),3-0,Regulation,No,No,Bridgestone Arena,Nashville,OFF,J. Saros (Winning Goalie); M. Jankowski (GWG Scorer),Nashville Predators defeated Carolina Hurricanes 3-0 in regulation at Bridgestone Arena (Nashville).,NHL Official Stats REST API (api-web.nhle.com/v1)
1357,2022021251,2022-2023,2022,Regular Season,Regular Season,2023-04-06,Thursday,00:00,St. Louis Blues,New York Rangers,St. Louis Blues,New York Rangers,STL,NYR,3,2,5,1,St. Louis Blues,New York Rangers,Home Win (3-2 OT),3-2,Overtime,Yes,No,Enterprise Center,St. Louis,OFF,J. Binnington (Winning Goalie); K. Kapanen (GWG Scorer),St. Louis Blues defeated New York Rangers 3-2 in overtime at Enterprise Center (St. Louis).,NHL Official Stats REST API (api-web.nhle.com/v1)
1358,2022021252,2022-2023,2022,Regular Season,Regular Season,2023-04-06,Thursday,00:30,Dallas Stars,Philadelphia Flyers,Dallas Stars,Philadelphia Flyers,DAL,PHI,4,1,5,3,Dallas Stars,Philadelphia Flyers,Home Win (4-1),4-1,Regulation,No,No,American Airlines Center,Dallas,OFF,J. Oettinger (Winning Goalie); J. Pavelski (GWG Scorer),Dallas Stars defeated Philadelphia Flyers 4-1 in regulation at American Airlines Center (Dallas).,NHL Official Stats REST API (api-web.nhle.com/v1)
1359,2022021254,2022-2023,2022,Regular Season,Regular Season,2023-04-06,Thursday,02:00,Vancouver Canucks,Chicago Blackhawks,Vancouver Canucks,Chicago Blackhawks,VAN,CHI,3,0,3,3,Vancouver Canucks,Chicago Blackhawks,Home Win (3-0),3-0,Regulation,No,No,Rogers Arena,Vancouver,OFF,T. Demko (Winning Goalie); A. Kuzmenko (GWG Scorer),Vancouver Canucks defeated Chicago Blackhawks 3-0 in regulation at Rogers Arena (Vancouver).,NHL Official Stats REST API (api-web.nhle.com/v1)
1360,2022021255,2022-2023,2022,Regular Season,Regular Season,2023-04-06,Thursday,02:00,Vegas Golden Knights,Los Angeles Kings,Vegas Golden Knights,Los Angeles Kings,VGK,LAK,5,2,7,3,Vegas Golden Knights,Los Angeles Kings,Home Win (5-2),5-2,Regulation,No,No,T-Mobile Arena,Vegas,OFF,L. Brossoit (Winning Goalie); C. Stephenson (GWG Scorer),Vegas Golden Knights defeated Los Angeles Kings 5-2 in regulation at T-Mobile Arena (Vegas).,NHL Official Stats REST API (api-web.nhle.com/v1)
1361,2022021253,2022-2023,2022,Regular Season,Regular Season,2023-04-06,Thursday,02:30,Seattle Kraken,Arizona Coyotes,Seattle Kraken,Arizona Coyotes,SEA,ARI,4,2,6,2,Seattle Kraken,Arizona Coyotes,Home Win (4-2),4-2,Regulation,No,No,Climate Pledge Arena,Seattle,OFF,P. Grubauer (Winning Goalie); J. Eberle (GWG Scorer),Seattle Kraken defeated Arizona Coyotes 4-2 in regulation at Climate Pledge Arena (Seattle).,NHL Official Stats REST API (api-web.nhle.com/v1)
1362,2022021256,2022-2023,2022,Regular Season,Regular Season,2023-04-06,Thursday,02:30,San Jose Sharks,Colorado Avalanche,San Jose Sharks,Colorado Avalanche,SJS,COL,2,6,8,4,Colorado Avalanche,San Jose Sharks,Away Win (6-2),2-6,Regulation,No,No,SAP Center at San Jose,San Jose,OFF,A. Georgiev (Winning Goalie); N. MacKinnon (GWG Scorer),Colorado Avalanche defeated San Jose Sharks 6-2 in regulation at SAP Center at San Jose (San Jose).,NHL Official Stats REST API (api-web.nhle.com/v1)
1363,2022021257,2022-2023,2022,Regular Season,Regular Season,2023-04-08,Saturday,16:30,Buffalo Sabres,Carolina Hurricanes,Buffalo Sabres,Carolina Hurricanes,BUF,CAR,4,3,7,1,Buffalo Sabres,Carolina Hurricanes,Home Win (4-3),4-3,Regulation,No,No,KeyBank Center,Buffalo,OFF,D. Levi (Winning Goalie); T. Thompson (GWG Scorer),Buffalo Sabres defeated Carolina Hurricanes 4-3 in regulation at KeyBank Center (Buffalo).,NHL Official Stats REST API (api-web.nhle.com/v1)
1364,2022021266,2022-2023,2022,Regular Season,Regular Season,2023-04-08,Saturday,17:00,Detroit Red Wings,Pittsburgh Penguins,Detroit Red Wings,Pittsburgh Penguins,DET,PIT,1,5,6,4,Pittsburgh Penguins,Detroit Red Wings,Away Win (5-1),1-5,Regulation,No,No,Little Caesars Arena,Detroit,OFF,T. Jarry (Winning Goalie); S. Crosby (GWG Scorer),Pittsburgh Penguins defeated Detroit Red Wings 5-1 in regulation at Little Caesars Arena (Detroit).,NHL Official Stats REST API (api-web.nhle.com/v1)
1365,2022021269,2022-2023,2022,Regular Season,Regular Season,2023-04-08,Saturday,19:30,Dallas Stars,Vegas Golden Knights,Dallas Stars,Vegas Golden Knights,DAL,VGK,2,1,3,1,Dallas Stars,Vegas Golden Knights,Home Win (2-1 SO),2-1,Shootout,Yes,Yes,American Airlines Center,Dallas,OFF,J. Oettinger (Winning Goalie),Dallas Stars defeated Vegas Golden Knights 2-1 in a shootout at American Airlines Center (Dallas).,NHL Official Stats REST API (api-web.nhle.com/v1)
1366,2022021259,2022-2023,2022,Regular Season,Regular Season,2023-04-08,Saturday,20:00,San Jose Sharks,Edmonton Oilers,San Jose Sharks,Edmonton Oilers,SJS,EDM,1,6,7,5,Edmonton Oilers,San Jose Sharks,Away Win (6-1),1-6,Regulation,No,No,SAP Center at San Jose,San Jose,OFF,S. Skinner (Winning Goalie); C. McDavid (GWG Scorer),Edmonton Oilers defeated San Jose Sharks 6-1 in regulation at SAP Center at San Jose (San Jose).,NHL Official Stats REST API (api-web.nhle.com/v1)
1367,2022021260,2022-2023,2022,Regular Season,Regular Season,2023-04-08,Saturday,21:30,Arizona Coyotes,Anaheim Ducks,Arizona Coyotes,Anaheim Ducks,ARI,ANA,5,4,9,1,Arizona Coyotes,Anaheim Ducks,Home Win (5-4 OT),5-4,Overtime,Yes,No,Mullett Arena,Arizona,OFF,I. Prosvetov (Winning Goalie); B. Hayton (GWG Scorer),Arizona Coyotes defeated Anaheim Ducks 5-4 in overtime at Mullett Arena (Arizona).,NHL Official Stats REST API (api-web.nhle.com/v1)
1368,2022021261,2022-2023,2022,Regular Season,Regular Season,2023-04-08,Saturday,23:00,Washington Capitals,Florida Panthers,Washington Capitals,Florida Panthers,WSH,FLA,2,4,6,2,Florida Panthers,Washington Capitals,Away Win (4-2),2-4,Regulation,No,No,Capital One Arena,Washington,OFF,A. Lyon (Winning Goalie); M. Tkachuk (GWG Scorer),Florida Panthers defeated Washington Capitals 4-2 in regulation at Capital One Arena (Washington).,NHL Official Stats REST API (api-web.nhle.com/v1)
1369,2022021262,2022-2023,2022,Regular Season,Regular Season,2023-04-08,Saturday,23:00,Toronto Maple Leafs,Montréal Canadiens,Toronto Maple Leafs,Montréal Canadiens,TOR,MTL,7,1,8,6,Toronto Maple Leafs,Montréal Canadiens,Home Win (7-1),7-1,Regulation,No,No,Scotiabank Arena,Toronto,OFF,I. Samsonov (Winning Goalie); J. Tavares (GWG Scorer),Toronto Maple Leafs defeated Montréal Canadiens 7-1 in regulation at Scotiabank Arena (Toronto).,NHL Official Stats REST API (api-web.nhle.com/v1)
1370,2022021263,2022-2023,2022,Regular Season,Regular Season,2023-04-08,Saturday,23:00,Columbus Blue Jackets,New York Rangers,Columbus Blue Jackets,New York Rangers,CBJ,NYR,0,4,4,4,New York Rangers,Columbus Blue Jackets,Away Win (4-0),0-4,Regulation,No,No,Nationwide Arena,Columbus,OFF,I. Shesterkin (Winning Goalie); J. Vesey (GWG Scorer),New York Rangers defeated Columbus Blue Jackets 4-0 in regulation at Nationwide Arena (Columbus).,NHL Official Stats REST API (api-web.nhle.com/v1)
1371,2022021264,2022-2023,2022,Regular Season,Regular Season,2023-04-08,Saturday,23:00,Winnipeg Jets,Nashville Predators,Winnipeg Jets,Nashville Predators,WPG,NSH,2,0,2,2,Winnipeg Jets,Nashville Predators,Home Win (2-0),2-0,Regulation,No,No,Canada Life Centre,Winnipeg,OFF,C. Hellebuyck (Winning Goalie); M. Scheifele (GWG Scorer),Winnipeg Jets defeated Nashville Predators 2-0 in regulation at Canada Life Centre (Winnipeg).,NHL Official Stats REST API (api-web.nhle.com/v1)
1372,2022021267,2022-2023,2022,Regular Season,Regular Season,2023-04-08,Saturday,23:00,Ottawa Senators,Tampa Bay Lightning,Ottawa Senators,Tampa Bay Lightning,OTT,TBL,7,4,11,3,Ottawa Senators,Tampa Bay Lightning,Home Win (7-4),7-4,Regulation,No,No,Canadian Tire Centre,Ottawa,OFF,C. Talbot (Winning Goalie); E. Sokolov (GWG Scorer),Ottawa Senators defeated Tampa Bay Lightning 7-4 in regulation at Canadian Tire Centre (Ottawa).,NHL Official Stats REST API (api-web.nhle.com/v1)
1373,2022021268,2022-2023,2022,Regular Season,Regular Season,2023-04-08,Saturday,23:30,New York Islanders,Philadelphia Flyers,New York Islanders,Philadelphia Flyers,NYI,PHI,4,0,4,4,New York Islanders,Philadelphia Flyers,Home Win (4-0),4-0,Regulation,No,No,UBS Arena,New York,OFF,I. Sorokin (Winning Goalie); S. Mayfield (GWG Scorer),New York Islanders defeated Philadelphia Flyers 4-0 in regulation at UBS Arena (New York).,NHL Official Stats REST API (api-web.nhle.com/v1)
1374,2022021258,2022-2023,2022,Regular Season,Regular Season,2023-04-08,Saturday,00:00,Minnesota Wild,St. Louis Blues,Minnesota Wild,St. Louis Blues,MIN,STL,5,3,8,2,Minnesota Wild,St. Louis Blues,Home Win (5-3),5-3,Regulation,No,No,Xcel Energy Center,Minnesota,OFF,F. Gustavsson (Winning Goalie); J. Spurgeon (GWG Scorer),Minnesota Wild defeated St. Louis Blues 5-3 in regulation at Xcel Energy Center (Minnesota).,NHL Official Stats REST API (api-web.nhle.com/v1)
1375,2022021265,2022-2023,2022,Regular Season,Regular Season,2023-04-08,Saturday,00:00,Boston Bruins,New Jersey Devils,Boston Bruins,New Jersey Devils,BOS,NJD,2,1,3,1,Boston Bruins,New Jersey Devils,Home Win (2-1),2-1,Regulation,No,No,TD Garden,Boston,OFF,L. Ullmark (Winning Goalie); P. Zacha (GWG Scorer),Boston Bruins defeated New Jersey Devils 2-1 in regulation at TD Garden (Boston).,NHL Official Stats REST API (api-web.nhle.com/v1)
1376,2022021270,2022-2023,2022,Regular Season,Regular Season,2023-04-08,Saturday,02:00,Vancouver Canucks,Calgary Flames,Vancouver Canucks,Calgary Flames,VAN,CGY,3,2,5,1,Vancouver Canucks,Calgary Flames,Home Win (3-2 SO),3-2,Shootout,Yes,Yes,Rogers Arena,Vancouver,OFF,T. Demko (Winning Goalie),Vancouver Canucks defeated Calgary Flames 3-2 in a shootout at Rogers Arena (Vancouver).,NHL Official Stats REST API (api-web.nhle.com/v1)
1377,2022021271,2022-2023,2022,Regular Season,Regular Season,2023-04-08,Saturday,02:00,Seattle Kraken,Chicago Blackhawks,Seattle Kraken,Chicago Blackhawks,SEA,CHI,7,3,10,4,Seattle Kraken,Chicago Blackhawks,Home Win (7-3),7-3,Regulation,No,No,Climate Pledge Arena,Seattle,OFF,M. Jones (Winning Goalie); A. Larsson (GWG Scorer),Seattle Kraken defeated Chicago Blackhawks 7-3 in regulation at Climate Pledge Arena (Seattle).,NHL Official Stats REST API (api-web.nhle.com/v1)
1378,2022021272,2022-2023,2022,Regular Season,Regular Season,2023-04-08,Saturday,02:30,Los Angeles Kings,Colorado Avalanche,Los Angeles Kings,Colorado Avalanche,LAK,COL,3,4,7,1,Colorado Avalanche,Los Angeles Kings,Away Win (4-3),3-4,Regulation,No,No,Crypto.com Arena,Los Angeles,OFF,A. Georgiev (Winning Goalie); D. Malgin (GWG Scorer),Colorado Avalanche defeated Los Angeles Kings 4-3 in regulation at Crypto.com Arena (Los Angeles).,NHL Official Stats REST API (api-web.nhle.com/v1)
1379,2022021273,2022-2023,2022,Regular Season,Regular Season,2023-04-09,Sunday,22:00,Philadelphia Flyers,Boston Bruins,Philadelphia Flyers,Boston Bruins,PHI,BOS,3,5,8,2,Boston Bruins,Philadelphia Flyers,Away Win (5-3),3-5,Regulation,No,No,Wells Fargo Center,Philadelphia,OFF,J. Swayman (Winning Goalie); D. Pastrnak (GWG Scorer),Boston Bruins defeated Philadelphia Flyers 5-3 in regulation at Wells Fargo Center (Philadelphia).,NHL Official Stats REST API (api-web.nhle.com/v1)
1380,2022021274,2022-2023,2022,Regular Season,Regular Season,2023-04-09,Sunday,00:30,Anaheim Ducks,Colorado Avalanche,Anaheim Ducks,Colorado Avalanche,ANA,COL,4,5,9,1,Colorado Avalanche,Anaheim Ducks,Away Win (5-4 OT),4-5,Overtime,Yes,No,Honda Center,Anaheim,OFF,P. Francouz (Winning Goalie); N. MacKinnon (GWG Scorer),Colorado Avalanche defeated Anaheim Ducks 5-4 in overtime at Honda Center (Anaheim).,NHL Official Stats REST API (api-web.nhle.com/v1)
1381,2022021275,2022-2023,2022,Regular Season,Regular Season,2023-04-10,Monday,23:00,New York Rangers,Buffalo Sabres,New York Rangers,Buffalo Sabres,NYR,BUF,2,3,5,1,Buffalo Sabres,New York Rangers,Away Win (3-2 SO),2-3,Shootout,Yes,Yes,Madison Square Garden,New York,OFF,D. Levi (Winning Goalie),Buffalo Sabres defeated New York Rangers 3-2 in a shootout at Madison Square Garden (New York).,NHL Official Stats REST API (api-web.nhle.com/v1)
1382,2022021276,2022-2023,2022,Regular Season,Regular Season,2023-04-10,Monday,23:00,Ottawa Senators,Carolina Hurricanes,Ottawa Senators,Carolina Hurricanes,OTT,CAR,3,2,5,1,Ottawa Senators,Carolina Hurricanes,Home Win (3-2),3-2,Regulation,No,No,Canadian Tire Centre,Ottawa,OFF,M. Sogaard (Winning Goalie); C. Giroux (GWG Scorer),Ottawa Senators defeated Carolina Hurricanes 3-2 in regulation at Canadian Tire Centre (Ottawa).,NHL Official Stats REST API (api-web.nhle.com/v1)
1383,2022021277,2022-2023,2022,Regular Season,Regular Season,2023-04-10,Monday,23:00,Washington Capitals,New York Islanders,Washington Capitals,New York Islanders,WSH,NYI,5,2,7,3,Washington Capitals,New York Islanders,Home Win (5-2),5-2,Regulation,No,No,Capital One Arena,Washington,OFF,D. Kuemper (Winning Goalie); C. Smith (GWG Scorer),Washington Capitals defeated New York Islanders 5-2 in regulation at Capital One Arena (Washington).,NHL Official Stats REST API (api-web.nhle.com/v1)
1384,2022021278,2022-2023,2022,Regular Season,Regular Season,2023-04-10,Monday,23:00,Winnipeg Jets,San Jose Sharks,Winnipeg Jets,San Jose Sharks,WPG,SJS,6,2,8,4,Winnipeg Jets,San Jose Sharks,Home Win (6-2),6-2,Regulation,No,No,Canada Life Centre,Winnipeg,OFF,C. Hellebuyck (Winning Goalie); D. DeMelo (GWG Scorer),Winnipeg Jets defeated San Jose Sharks 6-2 in regulation at Canada Life Centre (Winnipeg).,NHL Official Stats REST API (api-web.nhle.com/v1)
1385,2022021279,2022-2023,2022,Regular Season,Regular Season,2023-04-10,Monday,23:00,Florida Panthers,Toronto Maple Leafs,Florida Panthers,Toronto Maple Leafs,FLA,TOR,1,2,3,1,Toronto Maple Leafs,Florida Panthers,Away Win (2-1 OT),1-2,Overtime,Yes,No,FLA Live Arena,Florida,OFF,I. Samsonov (Winning Goalie); J. Tavares (GWG Scorer),Toronto Maple Leafs defeated Florida Panthers 2-1 in overtime at FLA Live Arena (Florida).,NHL Official Stats REST API (api-web.nhle.com/v1)
1386,2022021280,2022-2023,2022,Regular Season,Regular Season,2023-04-10,Monday,23:00,Detroit Red Wings,Dallas Stars,Detroit Red Wings,Dallas Stars,DET,DAL,1,6,7,5,Dallas Stars,Detroit Red Wings,Away Win (6-1),1-6,Regulation,No,No,Little Caesars Arena,Detroit,OFF,J. Oettinger (Winning Goalie); E. Lindell (GWG Scorer),Dallas Stars defeated Detroit Red Wings 6-1 in regulation at Little Caesars Arena (Detroit).,NHL Official Stats REST API (api-web.nhle.com/v1)
1387,2022021281,2022-2023,2022,Regular Season,Regular Season,2023-04-10,Monday,01:00,Chicago Blackhawks,Minnesota Wild,Chicago Blackhawks,Minnesota Wild,CHI,MIN,2,4,6,2,Minnesota Wild,Chicago Blackhawks,Away Win (4-2),2-4,Regulation,No,No,United Center,Chicago,OFF,F. Gustavsson (Winning Goalie); M. Johansson (GWG Scorer),Minnesota Wild defeated Chicago Blackhawks 4-2 in regulation at United Center (Chicago).,NHL Official Stats REST API (api-web.nhle.com/v1)
1388,2022021282,2022-2023,2022,Regular Season,Regular Season,2023-04-10,Monday,01:30,Calgary Flames,Nashville Predators,Calgary Flames,Nashville Predators,CGY,NSH,2,3,5,1,Nashville Predators,Calgary Flames,Away Win (3-2 SO),2-3,Shootout,Yes,Yes,Scotiabank Saddledome,Calgary,OFF,J. Saros (Winning Goalie),Nashville Predators defeated Calgary Flames 3-2 in a shootout at Scotiabank Saddledome (Calgary).,NHL Official Stats REST API (api-web.nhle.com/v1)
1389,2022021283,2022-2023,2022,Regular Season,Regular Season,2023-04-10,Monday,02:00,Arizona Coyotes,Seattle Kraken,Arizona Coyotes,Seattle Kraken,ARI,SEA,1,4,5,3,Seattle Kraken,Arizona Coyotes,Away Win (4-1),1-4,Regulation,No,No,Mullett Arena,Arizona,OFF,P. Grubauer (Winning Goalie); J. Schultz (GWG Scorer),Seattle Kraken defeated Arizona Coyotes 4-1 in regulation at Mullett Arena (Arizona).,NHL Official Stats REST API (api-web.nhle.com/v1)
1390,2022021284,2022-2023,2022,Regular Season,Regular Season,2023-04-10,Monday,02:30,Los Angeles Kings,Vancouver Canucks,Los Angeles Kings,Vancouver Canucks,LAK,VAN,3,0,3,3,Los Angeles Kings,Vancouver Canucks,Home Win (3-0),3-0,Regulation,No,No,Crypto.com Arena,Los Angeles,OFF,J. Korpisalo (Winning Goalie); A. Kaliyev (GWG Scorer),Los Angeles Kings defeated Vancouver Canucks 3-0 in regulation at Crypto.com Arena (Los Angeles).,NHL Official Stats REST API (api-web.nhle.com/v1)
1391,2022021285,2022-2023,2022,Regular Season,Regular Season,2023-04-11,Tuesday,23:00,New Jersey Devils,Buffalo Sabres,New Jersey Devils,Buffalo Sabres,NJD,BUF,6,2,8,4,New Jersey Devils,Buffalo Sabres,Home Win (6-2),6-2,Regulation,No,No,Prudential Center,New Jersey,OFF,V. Vanecek (Winning Goalie); M. Wood (GWG Scorer),New Jersey Devils defeated Buffalo Sabres 6-2 in regulation at Prudential Center (New Jersey).,NHL Official Stats REST API (api-web.nhle.com/v1)
1392,2022021287,2022-2023,2022,Regular Season,Regular Season,2023-04-11,Tuesday,23:00,Philadelphia Flyers,Columbus Blue Jackets,Philadelphia Flyers,Columbus Blue Jackets,PHI,CBJ,4,3,7,1,Philadelphia Flyers,Columbus Blue Jackets,Home Win (4-3 OT),4-3,Overtime,Yes,No,Wells Fargo Center,Philadelphia,OFF,C. Hart (Winning Goalie); O. Tippett (GWG Scorer),Philadelphia Flyers defeated Columbus Blue Jackets 4-3 in overtime at Wells Fargo Center (Philadelphia).,NHL Official Stats REST API (api-web.nhle.com/v1)
1393,2022021288,2022-2023,2022,Regular Season,Regular Season,2023-04-11,Tuesday,23:00,Carolina Hurricanes,Detroit Red Wings,Carolina Hurricanes,Detroit Red Wings,CAR,DET,4,1,5,3,Carolina Hurricanes,Detroit Red Wings,Home Win (4-1),4-1,Regulation,No,No,PNC Arena,Carolina,OFF,A. Raanta (Winning Goalie); J. Martinook (GWG Scorer),Carolina Hurricanes defeated Detroit Red Wings 4-1 in regulation at PNC Arena (Carolina).,NHL Official Stats REST API (api-web.nhle.com/v1)
1394,2022021289,2022-2023,2022,Regular Season,Regular Season,2023-04-11,Tuesday,23:00,Tampa Bay Lightning,Toronto Maple Leafs,Tampa Bay Lightning,Toronto Maple Leafs,TBL,TOR,3,4,7,1,Toronto Maple Leafs,Tampa Bay Lightning,Away Win (4-3),3-4,Regulation,No,No,Amalie Arena,Tampa Bay,OFF,J. Woll (Winning Goalie); R. O'Reilly (GWG Scorer),Toronto Maple Leafs defeated Tampa Bay Lightning 4-3 in regulation at Amalie Arena (Tampa Bay).,NHL Official Stats REST API (api-web.nhle.com/v1)
1395,2022021290,2022-2023,2022,Regular Season,Regular Season,2023-04-11,Tuesday,23:00,Boston Bruins,Washington Capitals,Boston Bruins,Washington Capitals,BOS,WSH,5,2,7,3,Boston Bruins,Washington Capitals,Home Win (5-2),5-2,Regulation,No,No,TD Garden,Boston,OFF,L. Ullmark (Winning Goalie); T. Nosek (GWG Scorer),Boston Bruins defeated Washington Capitals 5-2 in regulation at TD Garden (Boston).,NHL Official Stats REST API (api-web.nhle.com/v1)
1396,2022021286,2022-2023,2022,Regular Season,Regular Season,2023-04-11,Tuesday,23:30,Pittsburgh Penguins,Chicago Blackhawks,Pittsburgh Penguins,Chicago Blackhawks,PIT,CHI,2,5,7,3,Chicago Blackhawks,Pittsburgh Penguins,Away Win (5-2),2-5,Regulation,No,No,PPG Paints Arena,Pittsburgh,OFF,P. Mrazek (Winning Goalie); A. Athanasiou (GWG Scorer),Chicago Blackhawks defeated Pittsburgh Penguins 5-2 in regulation at PPG Paints Arena (Pittsburgh).,NHL Official Stats REST API (api-web.nhle.com/v1)
1397,2022021291,2022-2023,2022,Regular Season,Regular Season,2023-04-11,Tuesday,00:00,Minnesota Wild,Winnipeg Jets,Minnesota Wild,Winnipeg Jets,MIN,WPG,1,3,4,2,Winnipeg Jets,Minnesota Wild,Away Win (3-1),1-3,Regulation,No,No,Xcel Energy Center,Minnesota,OFF,C. Hellebuyck (Winning Goalie); M. Scheifele (GWG Scorer),Winnipeg Jets defeated Minnesota Wild 3-1 in regulation at Xcel Energy Center (Minnesota).,NHL Official Stats REST API (api-web.nhle.com/v1)
1398,2022021292,2022-2023,2022,Regular Season,Regular Season,2023-04-11,Tuesday,01:30,Colorado Avalanche,Edmonton Oilers,Colorado Avalanche,Edmonton Oilers,COL,EDM,1,2,3,1,Edmonton Oilers,Colorado Avalanche,Away Win (2-1 OT),1-2,Overtime,Yes,No,Ball Arena,Colorado,OFF,S. Skinner (Winning Goalie); E. Bouchard (GWG Scorer),Edmonton Oilers defeated Colorado Avalanche 2-1 in overtime at Ball Arena (Colorado).,NHL Official Stats REST API (api-web.nhle.com/v1)
1399,2022021293,2022-2023,2022,Regular Season,Regular Season,2023-04-11,Tuesday,02:00,Vegas Golden Knights,Seattle Kraken,Vegas Golden Knights,Seattle Kraken,VGK,SEA,4,1,5,3,Vegas Golden Knights,Seattle Kraken,Home Win (4-1),4-1,Regulation,No,No,T-Mobile Arena,Vegas,OFF,L. Brossoit (Winning Goalie); M. Amadio (GWG Scorer),Vegas Golden Knights defeated Seattle Kraken 4-1 in regulation at T-Mobile Arena (Vegas).,NHL Official Stats REST API (api-web.nhle.com/v1)
1400,2022021294,2022-2023,2022,Regular Season,Regular Season,2023-04-11,Tuesday,02:00,Anaheim Ducks,Vancouver Canucks,Anaheim Ducks,Vancouver Canucks,ANA,VAN,2,3,5,1,Vancouver Canucks,Anaheim Ducks,Away Win (3-2),2-3,Regulation,No,No,Honda Center,Anaheim,OFF,T. Demko (Winning Goalie); J. Miller (GWG Scorer),Vancouver Canucks defeated Anaheim Ducks 3-2 in regulation at Honda Center (Anaheim).,NHL Official Stats REST API (api-web.nhle.com/v1)
1401,2022021295,2022-2023,2022,Regular Season,Regular Season,2023-04-12,Wednesday,23:00,New York Islanders,Montréal Canadiens,New York Islanders,Montréal Canadiens,NYI,MTL,4,2,6,2,New York Islanders,Montréal Canadiens,Home Win (4-2),4-2,Regulation,No,No,UBS Arena,New York,OFF,I. Sorokin (Winning Goalie); B. Nelson (GWG Scorer),New York Islanders defeated Montréal Canadiens 4-2 in regulation at UBS Arena (New York).,NHL Official Stats REST API (api-web.nhle.com/v1)
1402,2022021296,2022-2023,2022,Regular Season,Regular Season,2023-04-12,Wednesday,23:30,St. Louis Blues,Dallas Stars,St. Louis Blues,Dallas Stars,STL,DAL,2,5,7,3,Dallas Stars,St. Louis Blues,Away Win (5-2),2-5,Regulation,No,No,Enterprise Center,St. Louis,OFF,S. Wedgewood (Winning Goalie); R. Hintz (GWG Scorer),Dallas Stars defeated St. Louis Blues 5-2 in regulation at Enterprise Center (St. Louis).,NHL Official Stats REST API (api-web.nhle.com/v1)
1403,2022021297,2022-2023,2022,Regular Season,Regular Season,2023-04-12,Wednesday,02:00,Calgary Flames,San Jose Sharks,Calgary Flames,San Jose Sharks,CGY,SJS,3,1,4,2,Calgary Flames,San Jose Sharks,Home Win (3-1),3-1,Regulation,No,No,Scotiabank Saddledome,Calgary,OFF,D. Wolf (Winning Goalie); N. Zadorov (GWG Scorer),Calgary Flames defeated San Jose Sharks 3-1 in regulation at Scotiabank Saddledome (Calgary).,NHL Official Stats REST API (api-web.nhle.com/v1)
1404,2022021298,2022-2023,2022,Regular Season,Regular Season,2023-04-13,Thursday,23:00,Montréal Canadiens,Boston Bruins,Montréal Canadiens,Boston Bruins,MTL,BOS,4,5,9,1,Boston Bruins,Montréal Canadiens,Away Win (5-4),4-5,Regulation,No,No,Centre Bell,Montréal,OFF,J. Swayman (Winning Goalie); D. Pastrnak (GWG Scorer),Boston Bruins defeated Montréal Canadiens 5-4 in regulation at Centre Bell (Montréal).,NHL Official Stats REST API (api-web.nhle.com/v1)
1405,2022021299,2022-2023,2022,Regular Season,Regular Season,2023-04-13,Thursday,23:00,Florida Panthers,Carolina Hurricanes,Florida Panthers,Carolina Hurricanes,FLA,CAR,4,6,10,2,Carolina Hurricanes,Florida Panthers,Away Win (6-4),4-6,Regulation,No,No,FLA Live Arena,Florida,OFF,F. Andersen (Winning Goalie); S. Gostisbehere (GWG Scorer),Carolina Hurricanes defeated Florida Panthers 6-4 in regulation at FLA Live Arena (Florida).,NHL Official Stats REST API (api-web.nhle.com/v1)
1406,2022021300,2022-2023,2022,Regular Season,Regular Season,2023-04-13,Thursday,23:00,Tampa Bay Lightning,Detroit Red Wings,Tampa Bay Lightning,Detroit Red Wings,TBL,DET,5,0,5,5,Tampa Bay Lightning,Detroit Red Wings,Home Win (5-0),5-0,Regulation,No,No,Amalie Arena,Tampa Bay,OFF,B. Elliott (Winning Goalie); A. Killorn (GWG Scorer),Tampa Bay Lightning defeated Detroit Red Wings 5-0 in regulation at Amalie Arena (Tampa Bay).,NHL Official Stats REST API (api-web.nhle.com/v1)
1407,2022021301,2022-2023,2022,Regular Season,Regular Season,2023-04-13,Thursday,23:00,Washington Capitals,New Jersey Devils,Washington Capitals,New Jersey Devils,WSH,NJD,4,5,9,1,New Jersey Devils,Washington Capitals,Away Win (5-4 OT),4-5,Overtime,Yes,No,Capital One Arena,Washington,OFF,A. Schmid (Winning Goalie); L. Hughes (GWG Scorer),New Jersey Devils defeated Washington Capitals 5-4 in overtime at Capital One Arena (Washington).,NHL Official Stats REST API (api-web.nhle.com/v1)
1408,2022021302,2022-2023,2022,Regular Season,Regular Season,2023-04-13,Thursday,23:00,Buffalo Sabres,Ottawa Senators,Buffalo Sabres,Ottawa Senators,BUF,OTT,4,3,7,1,Buffalo Sabres,Ottawa Senators,Home Win (4-3 OT),4-3,Overtime,Yes,No,KeyBank Center,Buffalo,OFF,C. Anderson (Winning Goalie); C. Mittelstadt (GWG Scorer),Buffalo Sabres defeated Ottawa Senators 4-3 in overtime at KeyBank Center (Buffalo).,NHL Official Stats REST API (api-web.nhle.com/v1)
1409,2022021303,2022-2023,2022,Regular Season,Regular Season,2023-04-13,Thursday,23:00,Columbus Blue Jackets,Pittsburgh Penguins,Columbus Blue Jackets,Pittsburgh Penguins,CBJ,PIT,3,2,5,1,Columbus Blue Jackets,Pittsburgh Penguins,Home Win (3-2 OT),3-2,Overtime,Yes,No,Nationwide Arena,Columbus,OFF,M. Hutchinson (Winning Goalie); J. Gaudreau (GWG Scorer),Columbus Blue Jackets defeated Pittsburgh Penguins 3-2 in overtime at Nationwide Arena (Columbus).,NHL Official Stats REST API (api-web.nhle.com/v1)
1410,2022021304,2022-2023,2022,Regular Season,Regular Season,2023-04-13,Thursday,23:00,New York Rangers,Toronto Maple Leafs,New York Rangers,Toronto Maple Leafs,NYR,TOR,2,3,5,1,Toronto Maple Leafs,New York Rangers,Away Win (3-2),2-3,Regulation,No,No,Madison Square Garden,New York,OFF,J. Woll (Winning Goalie); N. Acciari (GWG Scorer),Toronto Maple Leafs defeated New York Rangers 3-2 in regulation at Madison Square Garden (New York).,NHL Official Stats REST API (api-web.nhle.com/v1)
1411,2022021305,2022-2023,2022,Regular Season,Regular Season,2023-04-13,Thursday,00:00,Nashville Predators,Minnesota Wild,Nashville Predators,Minnesota Wild,NSH,MIN,4,3,7,1,Nashville Predators,Minnesota Wild,Home Win (4-3 OT),4-3,Overtime,Yes,No,Bridgestone Arena,Nashville,OFF,J. Saros (Winning Goalie); J. Parssinen (GWG Scorer),Nashville Predators defeated Minnesota Wild 4-3 in overtime at Bridgestone Arena (Nashville).,NHL Official Stats REST API (api-web.nhle.com/v1)
1412,2022021307,2022-2023,2022,Regular Season,Regular Season,2023-04-13,Thursday,00:00,Dallas Stars,St. Louis Blues,Dallas Stars,St. Louis Blues,DAL,STL,1,0,1,1,Dallas Stars,St. Louis Blues,Home Win (1-0),1-0,Regulation,No,No,American Airlines Center,Dallas,OFF,J. Oettinger (Winning Goalie); W. Johnston (GWG Scorer),Dallas Stars defeated St. Louis Blues 1-0 in regulation at American Airlines Center (Dallas).,NHL Official Stats REST API (api-web.nhle.com/v1)
1413,2022021309,2022-2023,2022,Regular Season,Regular Season,2023-04-13,Thursday,00:00,Colorado Avalanche,Winnipeg Jets,Colorado Avalanche,Winnipeg Jets,COL,WPG,4,2,6,2,Colorado Avalanche,Winnipeg Jets,Home Win (4-2),4-2,Regulation,No,No,Ball Arena,Colorado,OFF,A. Georgiev (Winning Goalie); E. Rodrigues (GWG Scorer),Colorado Avalanche defeated Winnipeg Jets 4-2 in regulation at Ball Arena (Colorado).,NHL Official Stats REST API (api-web.nhle.com/v1)
1414,2022021306,2022-2023,2022,Regular Season,Regular Season,2023-04-13,Thursday,00:30,Chicago Blackhawks,Philadelphia Flyers,Chicago Blackhawks,Philadelphia Flyers,CHI,PHI,4,5,9,1,Philadelphia Flyers,Chicago Blackhawks,Away Win (5-4 OT),4-5,Overtime,Yes,No,United Center,Chicago,OFF,F. Sandstrom (Winning Goalie); I. Provorov (GWG Scorer),Philadelphia Flyers defeated Chicago Blackhawks 5-4 in overtime at United Center (Chicago).,NHL Official Stats REST API (api-web.nhle.com/v1)
1415,2022021308,2022-2023,2022,Regular Season,Regular Season,2023-04-13,Thursday,01:00,Edmonton Oilers,San Jose Sharks,Edmonton Oilers,San Jose Sharks,EDM,SJS,5,2,7,3,Edmonton Oilers,San Jose Sharks,Home Win (5-2),5-2,Regulation,No,No,Rogers Place,Edmonton,OFF,S. Skinner (Winning Goalie); E. Bouchard (GWG Scorer),Edmonton Oilers defeated San Jose Sharks 5-2 in regulation at Rogers Place (Edmonton).,NHL Official Stats REST API (api-web.nhle.com/v1)
1416,2022021310,2022-2023,2022,Regular Season,Regular Season,2023-04-13,Thursday,02:00,Anaheim Ducks,Los Angeles Kings,Anaheim Ducks,Los Angeles Kings,ANA,LAK,3,5,8,2,Los Angeles Kings,Anaheim Ducks,Away Win (5-3),3-5,Regulation,No,No,Honda Center,Anaheim,OFF,J. Korpisalo (Winning Goalie); A. Kempe (GWG Scorer),Los Angeles Kings defeated Anaheim Ducks 5-3 in regulation at Honda Center (Anaheim).,NHL Official Stats REST API (api-web.nhle.com/v1)
1417,2022021311,2022-2023,2022,Regular Season,Regular Season,2023-04-13,Thursday,02:00,Arizona Coyotes,Vancouver Canucks,Arizona Coyotes,Vancouver Canucks,ARI,VAN,4,5,9,1,Vancouver Canucks,Arizona Coyotes,Away Win (5-4 OT),4-5,Overtime,Yes,No,Mullett Arena,Arizona,OFF,C. Delia (Winning Goalie); C. Garland (GWG Scorer),Vancouver Canucks defeated Arizona Coyotes 5-4 in overtime at Mullett Arena (Arizona).,NHL Official Stats REST API (api-web.nhle.com/v1)
1418,2022021312,2022-2023,2022,Regular Season,Regular Season,2023-04-13,Thursday,02:30,Seattle Kraken,Vegas Golden Knights,Seattle Kraken,Vegas Golden Knights,SEA,VGK,1,3,4,2,Vegas Golden Knights,Seattle Kraken,Away Win (3-1),1-3,Regulation,No,No,Climate Pledge Arena,Seattle,OFF,L. Brossoit (Winning Goalie); A. Martinez (GWG Scorer),Vegas Golden Knights defeated Seattle Kraken 3-1 in regulation at Climate Pledge Arena (Seattle).,NHL Official Stats REST API (api-web.nhle.com/v1)
1419,2022020547,2022-2023,2022,Regular Season,Regular Season,2023-04-14,Friday,23:30,Columbus Blue Jackets,Buffalo Sabres,Columbus Blue Jackets,Buffalo Sabres,CBJ,BUF,2,5,7,3,Buffalo Sabres,Columbus Blue Jackets,Away Win (5-2),2-5,Regulation,No,No,Nationwide Arena,Columbus,OFF,D. Levi (Winning Goalie); A. Tuch (GWG Scorer),Buffalo Sabres defeated Columbus Blue Jackets 5-2 in regulation at Nationwide Arena (Columbus).,NHL Official Stats REST API (api-web.nhle.com/v1)
1420,2022020320,2022-2023,2022,Regular Season,Regular Season,2023-04-14,Friday,00:00,Nashville Predators,Colorado Avalanche,Nashville Predators,Colorado Avalanche,NSH,COL,3,4,7,1,Colorado Avalanche,Nashville Predators,Away Win (4-3),3-4,Regulation,No,No,Bridgestone Arena,Nashville,OFF,A. Georgiev (Winning Goalie); N. MacKinnon (GWG Scorer),Colorado Avalanche defeated Nashville Predators 4-3 in regulation at Bridgestone Arena (Nashville).,NHL Official Stats REST API (api-web.nhle.com/v1)
1421,2022030131,2022-2023,2022,First Round,1st Round - Game 1,2023-04-17,Monday,23:00,Carolina Hurricanes,New York Islanders,Carolina Hurricanes,New York Islanders,CAR,NYI,2,1,3,1,Carolina Hurricanes,New York Islanders,Home Win (2-1),2-1,Regulation,No,No,PNC Arena,Carolina,OFF,A. Raanta (Winning Goalie); S. Noesen (GWG Scorer),Carolina Hurricanes defeated New York Islanders 2-1 in regulation at PNC Arena (Carolina).,NHL Official Stats REST API (api-web.nhle.com/v1)
1422,2022030111,2022-2023,2022,First Round,1st Round - Game 1,2023-04-17,Monday,23:30,Boston Bruins,Florida Panthers,Boston Bruins,Florida Panthers,BOS,FLA,3,1,4,2,Boston Bruins,Florida Panthers,Home Win (3-1),3-1,Regulation,No,No,TD Garden,Boston,OFF,L. Ullmark (Winning Goalie); B. Marchand (GWG Scorer),Boston Bruins defeated Florida Panthers 3-1 in regulation at TD Garden (Boston).,NHL Official Stats REST API (api-web.nhle.com/v1)
1423,2022030161,2022-2023,2022,First Round,1st Round - Game 1,2023-04-17,Monday,01:30,Dallas Stars,Minnesota Wild,Dallas Stars,Minnesota Wild,DAL,MIN,2,3,5,1,Minnesota Wild,Dallas Stars,Away Win (3-2 OT),2-3,Overtime,Yes,No,American Airlines Center,Dallas,OFF,F. Gustavsson (Winning Goalie); R. Hartman (GWG Scorer),Minnesota Wild defeated Dallas Stars 3-2 in overtime at American Airlines Center (Dallas).,NHL Official Stats REST API (api-web.nhle.com/v1)
1424,2022030181,2022-2023,2022,First Round,1st Round - Game 1,2023-04-17,Monday,02:00,Edmonton Oilers,Los Angeles Kings,Edmonton Oilers,Los Angeles Kings,EDM,LAK,3,4,7,1,Los Angeles Kings,Edmonton Oilers,Away Win (4-3 OT),3-4,Overtime,Yes,No,Rogers Place,Edmonton,OFF,J. Korpisalo (Winning Goalie); A. Iafallo (GWG Scorer),Los Angeles Kings defeated Edmonton Oilers 4-3 in overtime at Rogers Place (Edmonton).,NHL Official Stats REST API (api-web.nhle.com/v1)
1425,2022030141,2022-2023,2022,First Round,1st Round - Game 1,2023-04-18,Tuesday,23:00,New Jersey Devils,New York Rangers,New Jersey Devils,New York Rangers,NJD,NYR,1,5,6,4,New York Rangers,New Jersey Devils,Away Win (5-1),1-5,Regulation,No,No,Prudential Center,New Jersey,OFF,I. Shesterkin (Winning Goalie); C. Kreider (GWG Scorer),New York Rangers defeated New Jersey Devils 5-1 in regulation at Prudential Center (New Jersey).,NHL Official Stats REST API (api-web.nhle.com/v1)
1426,2022030121,2022-2023,2022,First Round,1st Round - Game 1,2023-04-18,Tuesday,23:30,Toronto Maple Leafs,Tampa Bay Lightning,Toronto Maple Leafs,Tampa Bay Lightning,TOR,TBL,3,7,10,4,Tampa Bay Lightning,Toronto Maple Leafs,Away Win (7-3),3-7,Regulation,No,No,Scotiabank Arena,Toronto,OFF,A. Vasilevskiy (Winning Goalie); B. Point (GWG Scorer),Tampa Bay Lightning defeated Toronto Maple Leafs 7-3 in regulation at Scotiabank Arena (Toronto).,NHL Official Stats REST API (api-web.nhle.com/v1)
1427,2022030171,2022-2023,2022,First Round,1st Round - Game 1,2023-04-18,Tuesday,01:30,Vegas Golden Knights,Winnipeg Jets,Vegas Golden Knights,Winnipeg Jets,VGK,WPG,1,5,6,4,Winnipeg Jets,Vegas Golden Knights,Away Win (5-1),1-5,Regulation,No,No,T-Mobile Arena,Vegas,OFF,C. Hellebuyck (Winning Goalie); P. Dubois (GWG Scorer),Winnipeg Jets defeated Vegas Golden Knights 5-1 in regulation at T-Mobile Arena (Vegas).,NHL Official Stats REST API (api-web.nhle.com/v1)
1428,2022030151,2022-2023,2022,First Round,1st Round - Game 1,2023-04-18,Tuesday,02:00,Colorado Avalanche,Seattle Kraken,Colorado Avalanche,Seattle Kraken,COL,SEA,1,3,4,2,Seattle Kraken,Colorado Avalanche,Away Win (3-1),1-3,Regulation,No,No,Ball Arena,Colorado,OFF,P. Grubauer (Winning Goalie); A. Wennberg (GWG Scorer),Seattle Kraken defeated Colorado Avalanche 3-1 in regulation at Ball Arena (Colorado).,NHL Official Stats REST API (api-web.nhle.com/v1)
1429,2022030132,2022-2023,2022,First Round,1st Round - Game 2,2023-04-19,Wednesday,23:00,Carolina Hurricanes,New York Islanders,Carolina Hurricanes,New York Islanders,CAR,NYI,4,3,7,1,Carolina Hurricanes,New York Islanders,Home Win (4-3 OT),4-3,Overtime,Yes,No,PNC Arena,Carolina,OFF,A. Raanta (Winning Goalie); J. Fast (GWG Scorer),Carolina Hurricanes defeated New York Islanders 4-3 in overtime at PNC Arena (Carolina).,NHL Official Stats REST API (api-web.nhle.com/v1)
1430,2022030112,2022-2023,2022,First Round,1st Round - Game 2,2023-04-19,Wednesday,23:30,Boston Bruins,Florida Panthers,Boston Bruins,Florida Panthers,BOS,FLA,3,6,9,3,Florida Panthers,Boston Bruins,Away Win (6-3),3-6,Regulation,No,No,TD Garden,Boston,OFF,A. Lyon (Winning Goalie); C. Verhaeghe (GWG Scorer),Florida Panthers defeated Boston Bruins 6-3 in regulation at TD Garden (Boston).,NHL Official Stats REST API (api-web.nhle.com/v1)
1431,2022030162,2022-2023,2022,First Round,1st Round - Game 2,2023-04-19,Wednesday,01:30,Dallas Stars,Minnesota Wild,Dallas Stars,Minnesota Wild,DAL,MIN,7,3,10,4,Dallas Stars,Minnesota Wild,Home Win (7-3),7-3,Regulation,No,No,American Airlines Center,Dallas,OFF,J. Oettinger (Winning Goalie); E. Dadonov (GWG Scorer),Dallas Stars defeated Minnesota Wild 7-3 in regulation at American Airlines Center (Dallas).,NHL Official Stats REST API (api-web.nhle.com/v1)
1432,2022030182,2022-2023,2022,First Round,1st Round - Game 2,2023-04-19,Wednesday,02:00,Edmonton Oilers,Los Angeles Kings,Edmonton Oilers,Los Angeles Kings,EDM,LAK,4,2,6,2,Edmonton Oilers,Los Angeles Kings,Home Win (4-2),4-2,Regulation,No,No,Rogers Place,Edmonton,OFF,S. Skinner (Winning Goalie); K. Kostin (GWG Scorer),Edmonton Oilers defeated Los Angeles Kings 4-2 in regulation at Rogers Place (Edmonton).,NHL Official Stats REST API (api-web.nhle.com/v1)
1433,2022030122,2022-2023,2022,First Round,1st Round - Game 2,2023-04-20,Thursday,23:00,Toronto Maple Leafs,Tampa Bay Lightning,Toronto Maple Leafs,Tampa Bay Lightning,TOR,TBL,7,2,9,5,Toronto Maple Leafs,Tampa Bay Lightning,Home Win (7-2),7-2,Regulation,No,No,Scotiabank Arena,Toronto,OFF,I. Samsonov (Winning Goalie); W. Nylander (GWG Scorer),Toronto Maple Leafs defeated Tampa Bay Lightning 7-2 in regulation at Scotiabank Arena (Toronto).,NHL Official Stats REST API (api-web.nhle.com/v1)
1434,2022030142,2022-2023,2022,First Round,1st Round - Game 2,2023-04-20,Thursday,23:30,New Jersey Devils,New York Rangers,New Jersey Devils,New York Rangers,NJD,NYR,1,5,6,4,New York Rangers,New Jersey Devils,Away Win (5-1),1-5,Regulation,No,No,Prudential Center,New Jersey,OFF,I. Shesterkin (Winning Goalie); C. Kreider (GWG Scorer),New York Rangers defeated New Jersey Devils 5-1 in regulation at Prudential Center (New Jersey).,NHL Official Stats REST API (api-web.nhle.com/v1)
1435,2022030152,2022-2023,2022,First Round,1st Round - Game 2,2023-04-20,Thursday,01:30,Colorado Avalanche,Seattle Kraken,Colorado Avalanche,Seattle Kraken,COL,SEA,3,2,5,1,Colorado Avalanche,Seattle Kraken,Home Win (3-2),3-2,Regulation,No,No,Ball Arena,Colorado,OFF,A. Georgiev (Winning Goalie); D. Toews (GWG Scorer),Colorado Avalanche defeated Seattle Kraken 3-2 in regulation at Ball Arena (Colorado).,NHL Official Stats REST API (api-web.nhle.com/v1)
1436,2022030172,2022-2023,2022,First Round,1st Round - Game 2,2023-04-20,Thursday,02:00,Vegas Golden Knights,Winnipeg Jets,Vegas Golden Knights,Winnipeg Jets,VGK,WPG,5,2,7,3,Vegas Golden Knights,Winnipeg Jets,Home Win (5-2),5-2,Regulation,No,No,T-Mobile Arena,Vegas,OFF,L. Brossoit (Winning Goalie); C. Stephenson (GWG Scorer),Vegas Golden Knights defeated Winnipeg Jets 5-2 in regulation at T-Mobile Arena (Vegas).,NHL Official Stats REST API (api-web.nhle.com/v1)
1437,2022030133,2022-2023,2022,First Round,1st Round - Game 3,2023-04-21,Friday,23:00,New York Islanders,Carolina Hurricanes,New York Islanders,Carolina Hurricanes,NYI,CAR,5,1,6,4,New York Islanders,Carolina Hurricanes,Home Win (5-1),5-1,Regulation,No,No,UBS Arena,New York,OFF,I. Sorokin (Winning Goalie); K. Palmieri (GWG Scorer),New York Islanders defeated Carolina Hurricanes 5-1 in regulation at UBS Arena (New York).,NHL Official Stats REST API (api-web.nhle.com/v1)
1438,2022030113,2022-2023,2022,First Round,1st Round - Game 3,2023-04-21,Friday,23:30,Florida Panthers,Boston Bruins,Florida Panthers,Boston Bruins,FLA,BOS,2,4,6,2,Boston Bruins,Florida Panthers,Away Win (4-2),2-4,Regulation,No,No,FLA Live Arena,Florida,OFF,L. Ullmark (Winning Goalie); D. Pastrnak (GWG Scorer),Boston Bruins defeated Florida Panthers 4-2 in regulation at FLA Live Arena (Florida).,NHL Official Stats REST API (api-web.nhle.com/v1)
1439,2022030163,2022-2023,2022,First Round,1st Round - Game 3,2023-04-21,Friday,01:30,Minnesota Wild,Dallas Stars,Minnesota Wild,Dallas Stars,MIN,DAL,5,1,6,4,Minnesota Wild,Dallas Stars,Home Win (5-1),5-1,Regulation,No,No,Xcel Energy Center,Minnesota,OFF,F. Gustavsson (Winning Goalie); M. Johansson (GWG Scorer),Minnesota Wild defeated Dallas Stars 5-1 in regulation at Xcel Energy Center (Minnesota).,NHL Official Stats REST API (api-web.nhle.com/v1)
1440,2022030183,2022-2023,2022,First Round,1st Round - Game 3,2023-04-21,Friday,02:00,Los Angeles Kings,Edmonton Oilers,Los Angeles Kings,Edmonton Oilers,LAK,EDM,3,2,5,1,Los Angeles Kings,Edmonton Oilers,Home Win (3-2 OT),3-2,Overtime,Yes,No,Crypto.com Arena,Los Angeles,OFF,J. Korpisalo (Winning Goalie); T. Moore (GWG Scorer),Los Angeles Kings defeated Edmonton Oilers 3-2 in overtime at Crypto.com Arena (Los Angeles).,NHL Official Stats REST API (api-web.nhle.com/v1)
1441,2022030173,2022-2023,2022,First Round,1st Round - Game 3,2023-04-22,Saturday,20:00,Winnipeg Jets,Vegas Golden Knights,Winnipeg Jets,Vegas Golden Knights,WPG,VGK,4,5,9,1,Vegas Golden Knights,Winnipeg Jets,Away Win (5-4 OT),4-5,Overtime,Yes,No,Canada Life Centre,Winnipeg,OFF,L. Brossoit (Winning Goalie); M. Amadio (GWG Scorer),Vegas Golden Knights defeated Winnipeg Jets 5-4 in overtime at Canada Life Centre (Winnipeg).,NHL Official Stats REST API (api-web.nhle.com/v1)
1442,2022030123,2022-2023,2022,First Round,1st Round - Game 3,2023-04-22,Saturday,23:00,Tampa Bay Lightning,Toronto Maple Leafs,Tampa Bay Lightning,Toronto Maple Leafs,TBL,TOR,3,4,7,1,Toronto Maple Leafs,Tampa Bay Lightning,Away Win (4-3 OT),3-4,Overtime,Yes,No,Amalie Arena,Tampa Bay,OFF,I. Samsonov (Winning Goalie); M. Rielly (GWG Scorer),Toronto Maple Leafs defeated Tampa Bay Lightning 4-3 in overtime at Amalie Arena (Tampa Bay).,NHL Official Stats REST API (api-web.nhle.com/v1)
1443,2022030143,2022-2023,2022,First Round,1st Round - Game 3,2023-04-22,Saturday,00:00,New York Rangers,New Jersey Devils,New York Rangers,New Jersey Devils,NYR,NJD,1,2,3,1,New Jersey Devils,New York Rangers,Away Win (2-1 OT),1-2,Overtime,Yes,No,Madison Square Garden,New York,OFF,A. Schmid (Winning Goalie); D. Hamilton (GWG Scorer),New Jersey Devils defeated New York Rangers 2-1 in overtime at Madison Square Garden (New York).,NHL Official Stats REST API (api-web.nhle.com/v1)
1444,2022030153,2022-2023,2022,First Round,1st Round - Game 3,2023-04-22,Saturday,02:00,Seattle Kraken,Colorado Avalanche,Seattle Kraken,Colorado Avalanche,SEA,COL,4,6,10,2,Colorado Avalanche,Seattle Kraken,Away Win (6-4),4-6,Regulation,No,No,Climate Pledge Arena,Seattle,OFF,A. Georgiev (Winning Goalie); N. MacKinnon (GWG Scorer),Colorado Avalanche defeated Seattle Kraken 6-4 in regulation at Climate Pledge Arena (Seattle).,NHL Official Stats REST API (api-web.nhle.com/v1)
1445,2022030134,2022-2023,2022,First Round,1st Round - Game 4,2023-04-23,Sunday,17:00,New York Islanders,Carolina Hurricanes,New York Islanders,Carolina Hurricanes,NYI,CAR,2,5,7,3,Carolina Hurricanes,New York Islanders,Away Win (5-2),2-5,Regulation,No,No,UBS Arena,New York,OFF,A. Raanta (Winning Goalie); S. Aho (GWG Scorer),Carolina Hurricanes defeated New York Islanders 5-2 in regulation at UBS Arena (New York).,NHL Official Stats REST API (api-web.nhle.com/v1)
1446,2022030114,2022-2023,2022,First Round,1st Round - Game 4,2023-04-23,Sunday,19:30,Florida Panthers,Boston Bruins,Florida Panthers,Boston Bruins,FLA,BOS,2,6,8,4,Boston Bruins,Florida Panthers,Away Win (6-2),2-6,Regulation,No,No,FLA Live Arena,Florida,OFF,L. Ullmark (Winning Goalie); T. Bertuzzi (GWG Scorer),Boston Bruins defeated Florida Panthers 6-2 in regulation at FLA Live Arena (Florida).,NHL Official Stats REST API (api-web.nhle.com/v1)
1447,2022030164,2022-2023,2022,First Round,1st Round - Game 4,2023-04-23,Sunday,22:30,Minnesota Wild,Dallas Stars,Minnesota Wild,Dallas Stars,MIN,DAL,2,3,5,1,Dallas Stars,Minnesota Wild,Away Win (3-2),2-3,Regulation,No,No,Xcel Energy Center,Minnesota,OFF,J. Oettinger (Winning Goalie); T. Seguin (GWG Scorer),Dallas Stars defeated Minnesota Wild 3-2 in regulation at Xcel Energy Center (Minnesota).,NHL Official Stats REST API (api-web.nhle.com/v1)
1448,2022030184,2022-2023,2022,First Round,1st Round - Game 4,2023-04-23,Sunday,01:00,Los Angeles Kings,Edmonton Oilers,Los Angeles Kings,Edmonton Oilers,LAK,EDM,4,5,9,1,Edmonton Oilers,Los Angeles Kings,Away Win (5-4 OT),4-5,Overtime,Yes,No,Crypto.com Arena,Los Angeles,OFF,J. Campbell (Winning Goalie); Z. Hyman (GWG Scorer),Edmonton Oilers defeated Los Angeles Kings 5-4 in overtime at Crypto.com Arena (Los Angeles).,NHL Official Stats REST API (api-web.nhle.com/v1)
1449,2022030144,2022-2023,2022,First Round,1st Round - Game 4,2023-04-24,Monday,23:00,New York Rangers,New Jersey Devils,New York Rangers,New Jersey Devils,NYR,NJD,1,3,4,2,New Jersey Devils,New York Rangers,Away Win (3-1),1-3,Regulation,No,No,Madison Square Garden,New York,OFF,A. Schmid (Winning Goalie); J. Siegenthaler (GWG Scorer),New Jersey Devils defeated New York Rangers 3-1 in regulation at Madison Square Garden (New York).,NHL Official Stats REST API (api-web.nhle.com/v1)
1450,2022030124,2022-2023,2022,First Round,1st Round - Game 4,2023-04-24,Monday,23:30,Tampa Bay Lightning,Toronto Maple Leafs,Tampa Bay Lightning,Toronto Maple Leafs,TBL,TOR,4,5,9,1,Toronto Maple Leafs,Tampa Bay Lightning,Away Win (5-4 OT),4-5,Overtime,Yes,No,Amalie Arena,Tampa Bay,OFF,I. Samsonov (Winning Goalie); A. Kerfoot (GWG Scorer),Toronto Maple Leafs defeated Tampa Bay Lightning 5-4 in overtime at Amalie Arena (Tampa Bay).,NHL Official Stats REST API (api-web.nhle.com/v1)
1451,2022030174,2022-2023,2022,First Round,1st Round - Game 4,2023-04-24,Monday,01:30,Winnipeg Jets,Vegas Golden Knights,Winnipeg Jets,Vegas Golden Knights,WPG,VGK,2,4,6,2,Vegas Golden Knights,Winnipeg Jets,Away Win (4-2),2-4,Regulation,No,No,Canada Life Centre,Winnipeg,OFF,L. Brossoit (Winning Goalie); I. Barbashev (GWG Scorer),Vegas Golden Knights defeated Winnipeg Jets 4-2 in regulation at Canada Life Centre (Winnipeg).,NHL Official Stats REST API (api-web.nhle.com/v1)
1452,2022030154,2022-2023,2022,First Round,1st Round - Game 4,2023-04-24,Monday,02:00,Seattle Kraken,Colorado Avalanche,Seattle Kraken,Colorado Avalanche,SEA,COL,3,2,5,1,Seattle Kraken,Colorado Avalanche,Home Win (3-2 OT),3-2,Overtime,Yes,No,Climate Pledge Arena,Seattle,OFF,P. Grubauer (Winning Goalie); J. Eberle (GWG Scorer),Seattle Kraken defeated Colorado Avalanche 3-2 in overtime at Climate Pledge Arena (Seattle).,NHL Official Stats REST API (api-web.nhle.com/v1)
1453,2022030135,2022-2023,2022,First Round,1st Round - Game 5,2023-04-25,Tuesday,23:00,Carolina Hurricanes,New York Islanders,Carolina Hurricanes,New York Islanders,CAR,NYI,2,3,5,1,New York Islanders,Carolina Hurricanes,Away Win (3-2),2-3,Regulation,No,No,PNC Arena,Carolina,OFF,I. Sorokin (Winning Goalie); M. Barzal (GWG Scorer),New York Islanders defeated Carolina Hurricanes 3-2 in regulation at PNC Arena (Carolina).,NHL Official Stats REST API (api-web.nhle.com/v1)
1454,2022030165,2022-2023,2022,First Round,1st Round - Game 5,2023-04-25,Tuesday,00:00,Dallas Stars,Minnesota Wild,Dallas Stars,Minnesota Wild,DAL,MIN,4,0,4,4,Dallas Stars,Minnesota Wild,Home Win (4-0),4-0,Regulation,No,No,American Airlines Center,Dallas,OFF,J. Oettinger (Winning Goalie); T. Seguin (GWG Scorer),Dallas Stars defeated Minnesota Wild 4-0 in regulation at American Airlines Center (Dallas).,NHL Official Stats REST API (api-web.nhle.com/v1)
1455,2022030185,2022-2023,2022,First Round,1st Round - Game 5,2023-04-25,Tuesday,01:30,Edmonton Oilers,Los Angeles Kings,Edmonton Oilers,Los Angeles Kings,EDM,LAK,6,3,9,3,Edmonton Oilers,Los Angeles Kings,Home Win (6-3),6-3,Regulation,No,No,Rogers Place,Edmonton,OFF,S. Skinner (Winning Goalie); N. Bjugstad (GWG Scorer),Edmonton Oilers defeated Los Angeles Kings 6-3 in regulation at Rogers Place (Edmonton).,NHL Official Stats REST API (api-web.nhle.com/v1)
1456,2022030115,2022-2023,2022,First Round,1st Round - Game 5,2023-04-26,Wednesday,23:00,Boston Bruins,Florida Panthers,Boston Bruins,Florida Panthers,BOS,FLA,3,4,7,1,Florida Panthers,Boston Bruins,Away Win (4-3 OT),3-4,Overtime,Yes,No,TD Garden,Boston,OFF,S. Bobrovsky (Winning Goalie); M. Tkachuk (GWG Scorer),Florida Panthers defeated Boston Bruins 4-3 in overtime at TD Garden (Boston).,NHL Official Stats REST API (api-web.nhle.com/v1)
1457,2022030155,2022-2023,2022,First Round,1st Round - Game 5,2023-04-26,Wednesday,01:30,Colorado Avalanche,Seattle Kraken,Colorado Avalanche,Seattle Kraken,COL,SEA,2,3,5,1,Seattle Kraken,Colorado Avalanche,Away Win (3-2),2-3,Regulation,No,No,Ball Arena,Colorado,OFF,P. Grubauer (Winning Goalie); Y. Gourde (GWG Scorer),Seattle Kraken defeated Colorado Avalanche 3-2 in regulation at Ball Arena (Colorado).,NHL Official Stats REST API (api-web.nhle.com/v1)
1458,2022030125,2022-2023,2022,First Round,1st Round - Game 5,2023-04-27,Thursday,23:00,Toronto Maple Leafs,Tampa Bay Lightning,Toronto Maple Leafs,Tampa Bay Lightning,TOR,TBL,2,4,6,2,Tampa Bay Lightning,Toronto Maple Leafs,Away Win (4-2),2-4,Regulation,No,No,Scotiabank Arena,Toronto,OFF,A. Vasilevskiy (Winning Goalie); N. Paul (GWG Scorer),Tampa Bay Lightning defeated Toronto Maple Leafs 4-2 in regulation at Scotiabank Arena (Toronto).,NHL Official Stats REST API (api-web.nhle.com/v1)
1459,2022030145,2022-2023,2022,First Round,1st Round - Game 5,2023-04-27,Thursday,23:30,New Jersey Devils,New York Rangers,New Jersey Devils,New York Rangers,NJD,NYR,4,0,4,4,New Jersey Devils,New York Rangers,Home Win (4-0),4-0,Regulation,No,No,Prudential Center,New Jersey,OFF,A. Schmid (Winning Goalie); O. Palat (GWG Scorer),New Jersey Devils defeated New York Rangers 4-0 in regulation at Prudential Center (New Jersey).,NHL Official Stats REST API (api-web.nhle.com/v1)
1460,2022030175,2022-2023,2022,First Round,1st Round - Game 5,2023-04-27,Thursday,02:00,Vegas Golden Knights,Winnipeg Jets,Vegas Golden Knights,Winnipeg Jets,VGK,WPG,4,1,5,3,Vegas Golden Knights,Winnipeg Jets,Home Win (4-1),4-1,Regulation,No,No,T-Mobile Arena,Vegas,OFF,L. Brossoit (Winning Goalie); M. Stone (GWG Scorer),Vegas Golden Knights defeated Winnipeg Jets 4-1 in regulation at T-Mobile Arena (Vegas).,NHL Official Stats REST API (api-web.nhle.com/v1)
1461,2022030136,2022-2023,2022,First Round,1st Round - Game 6,2023-04-28,Friday,23:00,New York Islanders,Carolina Hurricanes,New York Islanders,Carolina Hurricanes,NYI,CAR,1,2,3,1,Carolina Hurricanes,New York Islanders,Away Win (2-1 OT),1-2,Overtime,Yes,No,UBS Arena,New York,OFF,F. Andersen (Winning Goalie); P. Stastny (GWG Scorer),Carolina Hurricanes defeated New York Islanders 2-1 in overtime at UBS Arena (New York).,NHL Official Stats REST API (api-web.nhle.com/v1)
1462,2022030116,2022-2023,2022,First Round,1st Round - Game 6,2023-04-28,Friday,23:30,Florida Panthers,Boston Bruins,Florida Panthers,Boston Bruins,FLA,BOS,7,5,12,2,Florida Panthers,Boston Bruins,Home Win (7-5),7-5,Regulation,No,No,FLA Live Arena,Florida,OFF,S. Bobrovsky (Winning Goalie); E. Luostarinen (GWG Scorer),Florida Panthers defeated Boston Bruins 7-5 in regulation at FLA Live Arena (Florida).,NHL Official Stats REST API (api-web.nhle.com/v1)
1463,2022030166,2022-2023,2022,First Round,1st Round - Game 6,2023-04-28,Friday,01:30,Minnesota Wild,Dallas Stars,Minnesota Wild,Dallas Stars,MIN,DAL,1,4,5,3,Dallas Stars,Minnesota Wild,Away Win (4-1),1-4,Regulation,No,No,Xcel Energy Center,Minnesota,OFF,J. Oettinger (Winning Goalie); W. Johnston (GWG Scorer),Dallas Stars defeated Minnesota Wild 4-1 in regulation at Xcel Energy Center (Minnesota).,NHL Official Stats REST API (api-web.nhle.com/v1)
1464,2022030156,2022-2023,2022,First Round,1st Round - Game 6,2023-04-28,Friday,02:00,Seattle Kraken,Colorado Avalanche,Seattle Kraken,Colorado Avalanche,SEA,COL,1,4,5,3,Colorado Avalanche,Seattle Kraken,Away Win (4-1),1-4,Regulation,No,No,Climate Pledge Arena,Seattle,OFF,A. Georgiev (Winning Goalie); E. Johnson (GWG Scorer),Colorado Avalanche defeated Seattle Kraken 4-1 in regulation at Climate Pledge Arena (Seattle).,NHL Official Stats REST API (api-web.nhle.com/v1)
1465,2022030126,2022-2023,2022,First Round,1st Round - Game 6,2023-04-29,Saturday,23:00,Tampa Bay Lightning,Toronto Maple Leafs,Tampa Bay Lightning,Toronto Maple Leafs,TBL,TOR,1,2,3,1,Toronto Maple Leafs,Tampa Bay Lightning,Away Win (2-1 OT),1-2,Overtime,Yes,No,Amalie Arena,Tampa Bay,OFF,I. Samsonov (Winning Goalie); J. Tavares (GWG Scorer),Toronto Maple Leafs defeated Tampa Bay Lightning 2-1 in overtime at Amalie Arena (Tampa Bay).,NHL Official Stats REST API (api-web.nhle.com/v1)
1466,2022030146,2022-2023,2022,First Round,1st Round - Game 6,2023-04-29,Saturday,00:00,New York Rangers,New Jersey Devils,New York Rangers,New Jersey Devils,NYR,NJD,5,2,7,3,New York Rangers,New Jersey Devils,Home Win (5-2),5-2,Regulation,No,No,Madison Square Garden,New York,OFF,I. Shesterkin (Winning Goalie); V. Tarasenko (GWG Scorer),New York Rangers defeated New Jersey Devils 5-2 in regulation at Madison Square Garden (New York).,NHL Official Stats REST API (api-web.nhle.com/v1)
1467,2022030186,2022-2023,2022,First Round,1st Round - Game 6,2023-04-29,Saturday,02:00,Los Angeles Kings,Edmonton Oilers,Los Angeles Kings,Edmonton Oilers,LAK,EDM,4,5,9,1,Edmonton Oilers,Los Angeles Kings,Away Win (5-4),4-5,Regulation,No,No,Crypto.com Arena,Los Angeles,OFF,S. Skinner (Winning Goalie); K. Yamamoto (GWG Scorer),Edmonton Oilers defeated Los Angeles Kings 5-4 in regulation at Crypto.com Arena (Los Angeles).,NHL Official Stats REST API (api-web.nhle.com/v1)
1468,2022030117,2022-2023,2022,First Round,1st Round - Game 7,2023-04-30,Sunday,22:30,Boston Bruins,Florida Panthers,Boston Bruins,Florida Panthers,BOS,FLA,3,4,7,1,Florida Panthers,Boston Bruins,Away Win (4-3 OT),3-4,Overtime,Yes,No,TD Garden,Boston,OFF,S. Bobrovsky (Winning Goalie); C. Verhaeghe (GWG Scorer),Florida Panthers defeated Boston Bruins 4-3 in overtime at TD Garden (Boston).,NHL Official Stats REST API (api-web.nhle.com/v1)
1469,2022030157,2022-2023,2022,First Round,1st Round - Game 7,2023-04-30,Sunday,01:30,Colorado Avalanche,Seattle Kraken,Colorado Avalanche,Seattle Kraken,COL,SEA,1,2,3,1,Seattle Kraken,Colorado Avalanche,Away Win (2-1),1-2,Regulation,No,No,Ball Arena,Colorado,OFF,P. Grubauer (Winning Goalie); O. Bjorkstrand (GWG Scorer),Seattle Kraken defeated Colorado Avalanche 2-1 in regulation at Ball Arena (Colorado).,NHL Official Stats REST API (api-web.nhle.com/v1)
1470,2022030147,2022-2023,2022,First Round,1st Round - Game 7,2023-05-01,Monday,00:00,New Jersey Devils,New York Rangers,New Jersey Devils,New York Rangers,NJD,NYR,4,0,4,4,New Jersey Devils,New York Rangers,Home Win (4-0),4-0,Regulation,No,No,Prudential Center,New Jersey,OFF,A. Schmid (Winning Goalie); M. McLeod (GWG Scorer),New Jersey Devils defeated New York Rangers 4-0 in regulation at Prudential Center (New Jersey).,NHL Official Stats REST API (api-web.nhle.com/v1)
1471,2022030211,2022-2023,2022,Second Round,2nd Round - Game 1,2023-05-02,Tuesday,23:00,Toronto Maple Leafs,Florida Panthers,Toronto Maple Leafs,Florida Panthers,TOR,FLA,2,4,6,2,Florida Panthers,Toronto Maple Leafs,Away Win (4-2),2-4,Regulation,No,No,Scotiabank Arena,Toronto,OFF,S. Bobrovsky (Winning Goalie); C. Verhaeghe (GWG Scorer),Florida Panthers defeated Toronto Maple Leafs 4-2 in regulation at Scotiabank Arena (Toronto).,NHL Official Stats REST API (api-web.nhle.com/v1)
1472,2022030231,2022-2023,2022,Second Round,2nd Round - Game 1,2023-05-02,Tuesday,01:30,Dallas Stars,Seattle Kraken,Dallas Stars,Seattle Kraken,DAL,SEA,4,5,9,1,Seattle Kraken,Dallas Stars,Away Win (5-4 OT),4-5,Overtime,Yes,No,American Airlines Center,Dallas,OFF,P. Grubauer (Winning Goalie); Y. Gourde (GWG Scorer),Seattle Kraken defeated Dallas Stars 5-4 in overtime at American Airlines Center (Dallas).,NHL Official Stats REST API (api-web.nhle.com/v1)
1473,2022030221,2022-2023,2022,Second Round,2nd Round - Game 1,2023-05-03,Wednesday,23:00,Carolina Hurricanes,New Jersey Devils,Carolina Hurricanes,New Jersey Devils,CAR,NJD,5,1,6,4,Carolina Hurricanes,New Jersey Devils,Home Win (5-1),5-1,Regulation,No,No,PNC Arena,Carolina,OFF,F. Andersen (Winning Goalie); S. Jarvis (GWG Scorer),Carolina Hurricanes defeated New Jersey Devils 5-1 in regulation at PNC Arena (Carolina).,NHL Official Stats REST API (api-web.nhle.com/v1)
1474,2022030241,2022-2023,2022,Second Round,2nd Round - Game 1,2023-05-03,Wednesday,01:30,Vegas Golden Knights,Edmonton Oilers,Vegas Golden Knights,Edmonton Oilers,VGK,EDM,6,4,10,2,Vegas Golden Knights,Edmonton Oilers,Home Win (6-4),6-4,Regulation,No,No,T-Mobile Arena,Vegas,OFF,L. Brossoit (Winning Goalie); C. Stephenson (GWG Scorer),Vegas Golden Knights defeated Edmonton Oilers 6-4 in regulation at T-Mobile Arena (Vegas).,NHL Official Stats REST API (api-web.nhle.com/v1)
1475,2022030212,2022-2023,2022,Second Round,2nd Round - Game 2,2023-05-04,Thursday,23:00,Toronto Maple Leafs,Florida Panthers,Toronto Maple Leafs,Florida Panthers,TOR,FLA,2,3,5,1,Florida Panthers,Toronto Maple Leafs,Away Win (3-2),2-3,Regulation,No,No,Scotiabank Arena,Toronto,OFF,S. Bobrovsky (Winning Goalie); G. Forsling (GWG Scorer),Florida Panthers defeated Toronto Maple Leafs 3-2 in regulation at Scotiabank Arena (Toronto).,NHL Official Stats REST API (api-web.nhle.com/v1)
1476,2022030232,2022-2023,2022,Second Round,2nd Round - Game 2,2023-05-04,Thursday,01:30,Dallas Stars,Seattle Kraken,Dallas Stars,Seattle Kraken,DAL,SEA,4,2,6,2,Dallas Stars,Seattle Kraken,Home Win (4-2),4-2,Regulation,No,No,American Airlines Center,Dallas,OFF,J. Oettinger (Winning Goalie); J. Pavelski (GWG Scorer),Dallas Stars defeated Seattle Kraken 4-2 in regulation at American Airlines Center (Dallas).,NHL Official Stats REST API (api-web.nhle.com/v1)
1477,2022030222,2022-2023,2022,Second Round,2nd Round - Game 2,2023-05-05,Friday,00:00,Carolina Hurricanes,New Jersey Devils,Carolina Hurricanes,New Jersey Devils,CAR,NJD,6,1,7,5,Carolina Hurricanes,New Jersey Devils,Home Win (6-1),6-1,Regulation,No,No,PNC Arena,Carolina,OFF,F. Andersen (Winning Goalie); J. Kotkaniemi (GWG Scorer),Carolina Hurricanes defeated New Jersey Devils 6-1 in regulation at PNC Arena (Carolina).,NHL Official Stats REST API (api-web.nhle.com/v1)
1478,2022030242,2022-2023,2022,Second Round,2nd Round - Game 2,2023-05-06,Saturday,23:00,Vegas Golden Knights,Edmonton Oilers,Vegas Golden Knights,Edmonton Oilers,VGK,EDM,1,5,6,4,Edmonton Oilers,Vegas Golden Knights,Away Win (5-1),1-5,Regulation,No,No,T-Mobile Arena,Vegas,OFF,S. Skinner (Winning Goalie); E. Bouchard (GWG Scorer),Edmonton Oilers defeated Vegas Golden Knights 5-1 in regulation at T-Mobile Arena (Vegas).,NHL Official Stats REST API (api-web.nhle.com/v1)
1479,2022030223,2022-2023,2022,Second Round,2nd Round - Game 3,2023-05-07,Sunday,19:30,New Jersey Devils,Carolina Hurricanes,New Jersey Devils,Carolina Hurricanes,NJD,CAR,8,4,12,4,New Jersey Devils,Carolina Hurricanes,Home Win (8-4),8-4,Regulation,No,No,Prudential Center,New Jersey,OFF,V. Vanecek (Winning Goalie); D. Severson (GWG Scorer),New Jersey Devils defeated Carolina Hurricanes 8-4 in regulation at Prudential Center (New Jersey).,NHL Official Stats REST API (api-web.nhle.com/v1)
1480,2022030213,2022-2023,2022,Second Round,2nd Round - Game 3,2023-05-07,Sunday,22:30,Florida Panthers,Toronto Maple Leafs,Florida Panthers,Toronto Maple Leafs,FLA,TOR,3,2,5,1,Florida Panthers,Toronto Maple Leafs,Home Win (3-2 OT),3-2,Overtime,Yes,No,FLA Live Arena,Florida,OFF,S. Bobrovsky (Winning Goalie); S. Reinhart (GWG Scorer),Florida Panthers defeated Toronto Maple Leafs 3-2 in overtime at FLA Live Arena (Florida).,NHL Official Stats REST API (api-web.nhle.com/v1)
1481,2022030233,2022-2023,2022,Second Round,2nd Round - Game 3,2023-05-07,Sunday,01:30,Seattle Kraken,Dallas Stars,Seattle Kraken,Dallas Stars,SEA,DAL,7,2,9,5,Seattle Kraken,Dallas Stars,Home Win (7-2),7-2,Regulation,No,No,Climate Pledge Arena,Seattle,OFF,P. Grubauer (Winning Goalie); C. Soucy (GWG Scorer),Seattle Kraken defeated Dallas Stars 7-2 in regulation at Climate Pledge Arena (Seattle).,NHL Official Stats REST API (api-web.nhle.com/v1)
1482,2022030243,2022-2023,2022,Second Round,2nd Round - Game 3,2023-05-08,Monday,00:30,Edmonton Oilers,Vegas Golden Knights,Edmonton Oilers,Vegas Golden Knights,EDM,VGK,1,5,6,4,Vegas Golden Knights,Edmonton Oilers,Away Win (5-1),1-5,Regulation,No,No,Rogers Place,Edmonton,OFF,A. Hill (Winning Goalie); J. Marchessault (GWG Scorer),Vegas Golden Knights defeated Edmonton Oilers 5-1 in regulation at Rogers Place (Edmonton).,NHL Official Stats REST API (api-web.nhle.com/v1)
1483,2022030224,2022-2023,2022,Second Round,2nd Round - Game 4,2023-05-09,Tuesday,23:00,New Jersey Devils,Carolina Hurricanes,New Jersey Devils,Carolina Hurricanes,NJD,CAR,1,6,7,5,Carolina Hurricanes,New Jersey Devils,Away Win (6-1),1-6,Regulation,No,No,Prudential Center,New Jersey,OFF,F. Andersen (Winning Goalie); M. Necas (GWG Scorer),Carolina Hurricanes defeated New Jersey Devils 6-1 in regulation at Prudential Center (New Jersey).,NHL Official Stats REST API (api-web.nhle.com/v1)
1484,2022030234,2022-2023,2022,Second Round,2nd Round - Game 4,2023-05-09,Tuesday,01:30,Seattle Kraken,Dallas Stars,Seattle Kraken,Dallas Stars,SEA,DAL,3,6,9,3,Dallas Stars,Seattle Kraken,Away Win (6-3),3-6,Regulation,No,No,Climate Pledge Arena,Seattle,OFF,J. Oettinger (Winning Goalie); J. Pavelski (GWG Scorer),Dallas Stars defeated Seattle Kraken 6-3 in regulation at Climate Pledge Arena (Seattle).,NHL Official Stats REST API (api-web.nhle.com/v1)
1485,2022030214,2022-2023,2022,Second Round,2nd Round - Game 4,2023-05-10,Wednesday,23:00,Florida Panthers,Toronto Maple Leafs,Florida Panthers,Toronto Maple Leafs,FLA,TOR,1,2,3,1,Toronto Maple Leafs,Florida Panthers,Away Win (2-1),1-2,Regulation,No,No,FLA Live Arena,Florida,OFF,J. Woll (Winning Goalie); M. Marner (GWG Scorer),Toronto Maple Leafs defeated Florida Panthers 2-1 in regulation at FLA Live Arena (Florida).,NHL Official Stats REST API (api-web.nhle.com/v1)
1486,2022030244,2022-2023,2022,Second Round,2nd Round - Game 4,2023-05-10,Wednesday,02:00,Edmonton Oilers,Vegas Golden Knights,Edmonton Oilers,Vegas Golden Knights,EDM,VGK,4,1,5,3,Edmonton Oilers,Vegas Golden Knights,Home Win (4-1),4-1,Regulation,No,No,Rogers Place,Edmonton,OFF,S. Skinner (Winning Goalie); E. Bouchard (GWG Scorer),Edmonton Oilers defeated Vegas Golden Knights 4-1 in regulation at Rogers Place (Edmonton).,NHL Official Stats REST API (api-web.nhle.com/v1)
1487,2022030225,2022-2023,2022,Second Round,2nd Round - Game 5,2023-05-11,Thursday,23:00,Carolina Hurricanes,New Jersey Devils,Carolina Hurricanes,New Jersey Devils,CAR,NJD,3,2,5,1,Carolina Hurricanes,New Jersey Devils,Home Win (3-2 OT),3-2,Overtime,Yes,No,PNC Arena,Carolina,OFF,F. Andersen (Winning Goalie); J. Fast (GWG Scorer),Carolina Hurricanes defeated New Jersey Devils 3-2 in overtime at PNC Arena (Carolina).,NHL Official Stats REST API (api-web.nhle.com/v1)
1488,2022030235,2022-2023,2022,Second Round,2nd Round - Game 5,2023-05-11,Thursday,01:30,Dallas Stars,Seattle Kraken,Dallas Stars,Seattle Kraken,DAL,SEA,5,2,7,3,Dallas Stars,Seattle Kraken,Home Win (5-2),5-2,Regulation,No,No,American Airlines Center,Dallas,OFF,J. Oettinger (Winning Goalie); J. Pavelski (GWG Scorer),Dallas Stars defeated Seattle Kraken 5-2 in regulation at American Airlines Center (Dallas).,NHL Official Stats REST API (api-web.nhle.com/v1)
1489,2022030215,2022-2023,2022,Second Round,2nd Round - Game 5,2023-05-12,Friday,23:00,Toronto Maple Leafs,Florida Panthers,Toronto Maple Leafs,Florida Panthers,TOR,FLA,2,3,5,1,Florida Panthers,Toronto Maple Leafs,Away Win (3-2 OT),2-3,Overtime,Yes,No,Scotiabank Arena,Toronto,OFF,S. Bobrovsky (Winning Goalie); N. Cousins (GWG Scorer),Florida Panthers defeated Toronto Maple Leafs 3-2 in overtime at Scotiabank Arena (Toronto).,NHL Official Stats REST API (api-web.nhle.com/v1)
1490,2022030245,2022-2023,2022,Second Round,2nd Round - Game 5,2023-05-12,Friday,02:00,Vegas Golden Knights,Edmonton Oilers,Vegas Golden Knights,Edmonton Oilers,VGK,EDM,4,3,7,1,Vegas Golden Knights,Edmonton Oilers,Home Win (4-3),4-3,Regulation,No,No,T-Mobile Arena,Vegas,OFF,A. Hill (Winning Goalie); N. Hague (GWG Scorer),Vegas Golden Knights defeated Edmonton Oilers 4-3 in regulation at T-Mobile Arena (Vegas).,NHL Official Stats REST API (api-web.nhle.com/v1)
1491,2022030236,2022-2023,2022,Second Round,2nd Round - Game 6,2023-05-13,Saturday,23:00,Seattle Kraken,Dallas Stars,Seattle Kraken,Dallas Stars,SEA,DAL,6,3,9,3,Seattle Kraken,Dallas Stars,Home Win (6-3),6-3,Regulation,No,No,Climate Pledge Arena,Seattle,OFF,P. Grubauer (Winning Goalie); T. Kartye (GWG Scorer),Seattle Kraken defeated Dallas Stars 6-3 in regulation at Climate Pledge Arena (Seattle).,NHL Official Stats REST API (api-web.nhle.com/v1)
1492,2022030246,2022-2023,2022,Second Round,2nd Round - Game 6,2023-05-14,Sunday,02:00,Edmonton Oilers,Vegas Golden Knights,Edmonton Oilers,Vegas Golden Knights,EDM,VGK,2,5,7,3,Vegas Golden Knights,Edmonton Oilers,Away Win (5-2),2-5,Regulation,No,No,Rogers Place,Edmonton,OFF,A. Hill (Winning Goalie); J. Marchessault (GWG Scorer),Vegas Golden Knights defeated Edmonton Oilers 5-2 in regulation at Rogers Place (Edmonton).,NHL Official Stats REST API (api-web.nhle.com/v1)
1493,2022030237,2022-2023,2022,Second Round,2nd Round - Game 7,2023-05-15,Monday,00:00,Dallas Stars,Seattle Kraken,Dallas Stars,Seattle Kraken,DAL,SEA,2,1,3,1,Dallas Stars,Seattle Kraken,Home Win (2-1),2-1,Regulation,No,No,American Airlines Center,Dallas,OFF,J. Oettinger (Winning Goalie); W. Johnston (GWG Scorer),Dallas Stars defeated Seattle Kraken 2-1 in regulation at American Airlines Center (Dallas).,NHL Official Stats REST API (api-web.nhle.com/v1)
1494,2022030311,2022-2023,2022,Conference Finals,Conference Finals - Game 1,2023-05-18,Thursday,00:00,Carolina Hurricanes,Florida Panthers,Carolina Hurricanes,Florida Panthers,CAR,FLA,2,3,5,1,Florida Panthers,Carolina Hurricanes,Away Win (3-2 OT),2-3,Overtime,Yes,No,PNC Arena,Carolina,OFF,S. Bobrovsky (Winning Goalie); M. Tkachuk (GWG Scorer),Florida Panthers defeated Carolina Hurricanes 3-2 in overtime at PNC Arena (Carolina).,NHL Official Stats REST API (api-web.nhle.com/v1)
1495,2022030321,2022-2023,2022,Conference Finals,Conference Finals - Game 1,2023-05-19,Friday,00:30,Vegas Golden Knights,Dallas Stars,Vegas Golden Knights,Dallas Stars,VGK,DAL,4,3,7,1,Vegas Golden Knights,Dallas Stars,Home Win (4-3 OT),4-3,Overtime,Yes,No,T-Mobile Arena,Vegas,OFF,A. Hill (Winning Goalie); B. Howden (GWG Scorer),Vegas Golden Knights defeated Dallas Stars 4-3 in overtime at T-Mobile Arena (Vegas).,NHL Official Stats REST API (api-web.nhle.com/v1)
1496,2022030312,2022-2023,2022,Conference Finals,Conference Finals - Game 2,2023-05-20,Saturday,00:00,Carolina Hurricanes,Florida Panthers,Carolina Hurricanes,Florida Panthers,CAR,FLA,1,2,3,1,Florida Panthers,Carolina Hurricanes,Away Win (2-1 OT),1-2,Overtime,Yes,No,PNC Arena,Carolina,OFF,S. Bobrovsky (Winning Goalie); M. Tkachuk (GWG Scorer),Florida Panthers defeated Carolina Hurricanes 2-1 in overtime at PNC Arena (Carolina).,NHL Official Stats REST API (api-web.nhle.com/v1)
1497,2022030322,2022-2023,2022,Conference Finals,Conference Finals - Game 2,2023-05-21,Sunday,19:00,Vegas Golden Knights,Dallas Stars,Vegas Golden Knights,Dallas Stars,VGK,DAL,3,2,5,1,Vegas Golden Knights,Dallas Stars,Home Win (3-2 OT),3-2,Overtime,Yes,No,T-Mobile Arena,Vegas,OFF,A. Hill (Winning Goalie); C. Stephenson (GWG Scorer),Vegas Golden Knights defeated Dallas Stars 3-2 in overtime at T-Mobile Arena (Vegas).,NHL Official Stats REST API (api-web.nhle.com/v1)
1498,2022030313,2022-2023,2022,Conference Finals,Conference Finals - Game 3,2023-05-22,Monday,00:00,Florida Panthers,Carolina Hurricanes,Florida Panthers,Carolina Hurricanes,FLA,CAR,1,0,1,1,Florida Panthers,Carolina Hurricanes,Home Win (1-0),1-0,Regulation,No,No,FLA Live Arena,Florida,OFF,S. Bobrovsky (Winning Goalie); S. Reinhart (GWG Scorer),Florida Panthers defeated Carolina Hurricanes 1-0 in regulation at FLA Live Arena (Florida).,NHL Official Stats REST API (api-web.nhle.com/v1)
1499,2022030323,2022-2023,2022,Conference Finals,Conference Finals - Game 3,2023-05-23,Tuesday,00:00,Dallas Stars,Vegas Golden Knights,Dallas Stars,Vegas Golden Knights,DAL,VGK,0,4,4,4,Vegas Golden Knights,Dallas Stars,Away Win (4-0),0-4,Regulation,No,No,American Airlines Center,Dallas,OFF,A. Hill (Winning Goalie); J. Marchessault (GWG Scorer),Vegas Golden Knights defeated Dallas Stars 4-0 in regulation at American Airlines Center (Dallas).,NHL Official Stats REST API (api-web.nhle.com/v1)
1500,2022030314,2022-2023,2022,Conference Finals,Conference Finals - Game 4,2023-05-24,Wednesday,00:00,Florida Panthers,Carolina Hurricanes,Florida Panthers,Carolina Hurricanes,FLA,CAR,4,3,7,1,Florida Panthers,Carolina Hurricanes,Home Win (4-3),4-3,Regulation,No,No,FLA Live Arena,Florida,OFF,S. Bobrovsky (Winning Goalie); M. Tkachuk (GWG Scorer),Florida Panthers defeated Carolina Hurricanes 4-3 in regulation at FLA Live Arena (Florida).,NHL Official Stats REST API (api-web.nhle.com/v1)
1501,2022030324,2022-2023,2022,Conference Finals,Conference Finals - Game 4,2023-05-25,Thursday,00:00,Dallas Stars,Vegas Golden Knights,Dallas Stars,Vegas Golden Knights,DAL,VGK,3,2,5,1,Dallas Stars,Vegas Golden Knights,Home Win (3-2 OT),3-2,Overtime,Yes,No,American Airlines Center,Dallas,OFF,J. Oettinger (Winning Goalie); J. Pavelski (GWG Scorer),Dallas Stars defeated Vegas Golden Knights 3-2 in overtime at American Airlines Center (Dallas).,NHL Official Stats REST API (api-web.nhle.com/v1)
1502,2022030325,2022-2023,2022,Conference Finals,Conference Finals - Game 5,2023-05-27,Saturday,00:00,Vegas Golden Knights,Dallas Stars,Vegas Golden Knights,Dallas Stars,VGK,DAL,2,4,6,2,Dallas Stars,Vegas Golden Knights,Away Win (4-2),2-4,Regulation,No,No,T-Mobile Arena,Vegas,OFF,J. Oettinger (Winning Goalie); T. Dellandrea (GWG Scorer),Dallas Stars defeated Vegas Golden Knights 4-2 in regulation at T-Mobile Arena (Vegas).,NHL Official Stats REST API (api-web.nhle.com/v1)
1503,2022030326,2022-2023,2022,Conference Finals,Conference Finals - Game 6,2023-05-29,Monday,00:00,Dallas Stars,Vegas Golden Knights,Dallas Stars,Vegas Golden Knights,DAL,VGK,0,6,6,6,Vegas Golden Knights,Dallas Stars,Away Win (6-0),0-6,Regulation,No,No,American Airlines Center,Dallas,OFF,A. Hill (Winning Goalie); W. Carrier (GWG Scorer),Vegas Golden Knights defeated Dallas Stars 6-0 in regulation at American Airlines Center (Dallas).,NHL Official Stats REST API (api-web.nhle.com/v1)
1504,2022030411,2022-2023,2022,Stanley Cup Finals,Stanley Cup Final - Game 1,2023-06-03,Saturday,00:00,Vegas Golden Knights,Florida Panthers,Vegas Golden Knights,Florida Panthers,VGK,FLA,5,2,7,3,Vegas Golden Knights,Florida Panthers,Home Win (5-2),5-2,Regulation,No,No,T-Mobile Arena,Vegas,OFF,A. Hill (Winning Goalie); Z. Whitecloud (GWG Scorer),Vegas Golden Knights defeated Florida Panthers 5-2 in regulation at T-Mobile Arena (Vegas).,NHL Official Stats REST API (api-web.nhle.com/v1)
1505,2022030412,2022-2023,2022,Stanley Cup Finals,Stanley Cup Final - Game 2,2023-06-05,Monday,00:00,Vegas Golden Knights,Florida Panthers,Vegas Golden Knights,Florida Panthers,VGK,FLA,7,2,9,5,Vegas Golden Knights,Florida Panthers,Home Win (7-2),7-2,Regulation,No,No,T-Mobile Arena,Vegas,OFF,A. Hill (Winning Goalie); N. Roy (GWG Scorer),Vegas Golden Knights defeated Florida Panthers 7-2 in regulation at T-Mobile Arena (Vegas).,NHL Official Stats REST API (api-web.nhle.com/v1)
1506,2022030413,2022-2023,2022,Stanley Cup Finals,Stanley Cup Final - Game 3,2023-06-08,Thursday,00:00,Florida Panthers,Vegas Golden Knights,Florida Panthers,Vegas Golden Knights,FLA,VGK,3,2,5,1,Florida Panthers,Vegas Golden Knights,Home Win (3-2 OT),3-2,Overtime,Yes,No,FLA Live Arena,Florida,OFF,S. Bobrovsky (Winning Goalie); C. Verhaeghe (GWG Scorer),Florida Panthers defeated Vegas Golden Knights 3-2 in overtime at FLA Live Arena (Florida).,NHL Official Stats REST API (api-web.nhle.com/v1)
1507,2022030414,2022-2023,2022,Stanley Cup Finals,Stanley Cup Final - Game 4,2023-06-10,Saturday,00:00,Florida Panthers,Vegas Golden Knights,Florida Panthers,Vegas Golden Knights,FLA,VGK,2,3,5,1,Vegas Golden Knights,Florida Panthers,Away Win (3-2),2-3,Regulation,No,No,FLA Live Arena,Florida,OFF,A. Hill (Winning Goalie); W. Karlsson (GWG Scorer),Vegas Golden Knights defeated Florida Panthers 3-2 in regulation at FLA Live Arena (Florida).,NHL Official Stats REST API (api-web.nhle.com/v1)
1508,2022030415,2022-2023,2022,Stanley Cup Finals,Stanley Cup Final - Game 5,2023-06-13,Tuesday,00:00,Vegas Golden Knights,Florida Panthers,Vegas Golden Knights,Florida Panthers,VGK,FLA,9,3,12,6,Vegas Golden Knights,Florida Panthers,Home Win (9-3),9-3,Regulation,No,No,T-Mobile Arena,Vegas,OFF,A. Hill (Winning Goalie); R. Smith (GWG Scorer),Vegas Golden Knights defeated Florida Panthers 9-3 in regulation at T-Mobile Arena (Vegas).,NHL Official Stats REST API (api-web.nhle.com/v1)
